date,open,high,low,close,volume,amount
2016-09-13,14.76,14.76,14.76,14.76,334,0.0
2016-09-16,14.7199,14.7199,14.7,14.7,1514,0.0
2016-09-19,14.82,14.85,14.816,14.84,651,0.0
2016-09-20,14.97,14.97,14.97,14.97,261,0.0
2016-09-22,15.38,15.39,15.29,15.3196,4005,0.0
2016-09-23,15.33,15.33,15.24,15.27,9542,0.0
2016-09-26,15.15,15.15,15.0308,15.0308,2935,0.0
2016-09-27,15.17,16.68,15.1168,15.21,3550,0.0
2016-09-28,15.29,15.31,15.21,15.31,2975,0.0
2016-09-29,15.31,15.31,15.25,15.26,3868,0.0
2016-09-30,15.28,15.31,15.2,15.31,4098,0.0
2016-10-03,15.36,15.36,15.19,15.2567,3592,0.0
2016-10-04,15.39,15.39,15.25,15.25,10857,0.0
2016-10-05,15.38,15.41,15.38,15.3902,1464,0.0
2016-10-06,15.4,15.4,15.3051,15.34,3831,0.0
2016-10-07,15.35,15.36,15.3,15.35,8760,0.0
2016-10-10,15.44,15.45,15.4156,15.422,10963,0.0
2016-10-11,15.46,15.46,15.3,15.3,6171,0.0
2016-10-12,15.31,15.31,15.1875,15.24,5485,0.0
2016-10-13,15.08,15.12,15.0,15.12,6408,0.0
2016-10-14,15.17,15.1795,15.12,15.12,3166,0.0
2016-10-17,15.18,15.21,15.15,15.17,10736,0.0
2016-10-18,15.37,15.37,15.2807,15.29,3488,0.0
2016-10-19,15.36,15.36,15.25,15.26,6345,0.0
2016-10-20,15.26,15.3,15.25,15.3,8914,0.0
2016-10-21,15.2829,15.2999,15.2829,15.2999,500,0.0
2016-10-24,15.44,15.44,15.28,15.3,12517,0.0
2016-10-25,15.25,15.25,15.15,15.17,15068,0.0
2016-10-26,15.1569,15.18,15.1301,15.17,4079,0.0
2016-10-27,15.1,15.1,15.0,15.0,22094,0.0
2016-10-28,15.06,15.09,15.02,15.06,3555,0.0
2016-10-31,15.1,15.1,15.02,15.02,2603,0.0
2016-11-01,15.04,15.04,14.95,14.95,5667,0.0
2016-11-02,14.91,14.91,14.81,14.81,10223,0.0
2016-11-03,14.99,14.99,14.8308,14.87,3223,0.0
2016-11-04,14.89,14.89,14.74,14.82,7178,0.0
2016-11-07,15.07,15.07,14.9748,14.98,5811,0.0
2016-11-08,14.99,15.06,14.97,15.05,3162,0.0
2016-11-09,14.8,15.08,14.8,15.06,14842,0.0
2016-11-10,15.2,15.25,15.08,15.19,2262,0.0
2016-11-11,15.17,15.19,15.1493,15.17,4869,0.0
2016-11-14,15.16,15.23,15.1501,15.23,5502,0.0
2016-11-15,15.18,15.27,15.18,15.27,3112,0.0
2016-11-16,15.1663,15.1663,15.0864,15.0935,2048,0.0
2016-11-17,15.26,15.35,15.1971,15.35,4511,0.0
2016-11-18,15.26,15.26,15.124,15.13,7295,0.0
2016-11-21,15.1872,15.22,15.13,15.1848,13358,0.0
2016-11-22,15.22,15.22,15.1361,15.159,2452,0.0
2016-11-23,15.16,15.19,15.0508,15.19,11053,0.0
2016-11-25,15.2,15.21,15.15,15.2,5890,0.0
2016-11-28,15.26,15.26,15.15,15.19,13568,0.0
2016-11-29,15.15,15.224,15.1399,15.2,9532,0.0
2016-11-30,15.15,15.2,15.0454,15.08,10163,0.0
2016-12-01,15.11,15.11,14.8966,14.9,8306,0.0
2016-12-02,14.82,14.83,14.6901,14.83,8532,0.0
2016-12-05,14.94,15.03,14.94,14.9965,8810,0.0
2016-12-06,14.98,14.99,14.8859,14.961,5895,0.0
2016-12-07,15.01,15.17,14.951,15.13,8927,0.0
2016-12-08,15.24,15.24,15.1283,15.22,9072,0.0
2016-12-09,15.24,15.24,15.13,15.2,9898,0.0
2016-12-12,15.19,15.19,15.03,15.04,17310,0.0
2016-12-13,15.16,15.179,15.1256,15.15,10938,0.0
2016-12-14,15.14,15.14,14.9,14.9,15229,0.0
2016-12-15,14.9,14.93,14.89,14.93,5035,0.0
2016-12-16,14.94,14.94,14.837,14.85,11925,0.0
2016-12-19,14.85,14.97,14.85,14.95,6263,0.0
2016-12-20,15.01,15.01,14.94,14.97,11079,0.0
2016-12-21,15.0,15.0,14.91,14.95,10431,0.0
2016-12-22,14.97,14.97,14.9001,14.9108,3682,0.0
2016-12-23,15.07,15.0891,14.9001,14.9476,7577,0.0
2016-12-27,14.98,14.98,14.9276,14.9468,19608,0.0
2016-12-28,15.07,15.08,14.941,14.99,21695,0.0
2016-12-29,14.98,14.98,14.92,14.928,9343,0.0
2016-12-30,14.9,15.06,14.9,15.0,7738,0.0
2017-01-03,15.11,15.11,15.01,15.1,7995,0.0
2017-01-04,15.27,15.32,15.2,15.32,17253,0.0
2017-01-05,15.42,15.5166,15.33,15.35,22771,0.0
2017-01-06,15.39,15.4,15.33,15.37,28653,0.0
2017-01-09,15.45,15.45,15.307,15.33,34194,0.0
2017-01-10,15.41,15.41,15.35,15.39,14135,0.0
2017-01-11,15.47,15.5,15.41,15.5,17863,0.0
2017-01-12,15.59,15.59,15.45,15.54,12629,0.0
2017-01-13,15.6,15.64,15.55,15.63,47709,0.0
2017-01-17,15.69,15.69,15.5,15.52,36320,0.0
2017-01-18,15.52,15.55,15.411,15.51,20829,0.0
2017-01-19,15.66,15.71,15.5,15.58,21431,0.0
2017-01-20,15.81,15.81,15.66,15.66,26524,0.0
2017-01-23,15.79,15.79,15.69,15.7792,32151,0.0
2017-01-24,15.92,16.0,15.8001,16.0,41798,0.0
2017-01-25,16.33,16.38,16.245,16.37,76431,0.0
2017-01-26,16.55,16.55,16.37,16.39,65815,0.0
2017-01-27,16.45,16.45,16.3032,16.3312,50598,0.0
2017-01-30,16.33,16.33,16.1298,16.27,26235,0.0
2017-01-31,16.35,16.35,16.2168,16.315,18280,0.0
2017-02-01,16.54,16.54,16.39,16.47,40569,0.0
2017-02-02,16.41,16.41,16.3,16.39,35178,0.0
2017-02-03,16.47,16.47,16.4,16.44,40415,0.0
2017-02-06,16.41,16.41,16.24,16.35,59885,0.0
2017-02-07,16.45,16.45,16.35,16.36,96829,0.0
2017-02-08,16.44,16.44,16.34,16.36,40900,0.0
2017-02-09,16.45,16.45,16.27,16.32,106696,0.0
2017-02-10,16.53,16.53,16.4,16.43,64266,0.0
2017-02-13,16.68,16.68,16.5337,16.6,53785,0.0
2017-02-14,16.59,16.62,16.45,16.62,52820,0.0
2017-02-15,16.62,16.6396,16.51,16.61,59292,0.0
2017-02-16,16.65,16.657,16.538,16.6,50100,0.0
2017-02-17,16.62,16.7,16.6,16.7,23464,0.0
2017-02-21,16.76,16.7786,16.72,16.745,98778,0.0
2017-02-22,16.74,16.74,16.6608,16.7,62617,0.0
2017-02-23,16.86,16.86,16.711,16.765,47360,0.0
2017-02-24,16.75,16.75,16.55,16.6,66938,0.0
2017-02-27,16.65,16.66,16.52,16.62,42870,0.0
2017-02-28,16.66,16.676,16.59,16.59,96755,0.0
2017-03-01,16.77,16.88,16.75,16.8593,87757,0.0
2017-03-02,16.83,16.83,16.7,16.73,35856,0.0
2017-03-03,16.79,16.79,16.645,16.7147,52194,0.0
2017-03-06,16.67,16.73,16.5903,16.64,49627,0.0
2017-03-07,16.61,16.61,16.5401,16.578,79301,0.0
2017-03-08,16.62,16.65,16.57,16.59,58762,0.0
2017-03-09,16.63,16.63,16.55,16.5748,73675,0.0
2017-03-10,16.63,16.7651,16.63,16.73,60929,0.0
2017-03-13,17.0,17.0399,16.96,16.99,112196,0.0
2017-03-14,17.0,17.0,16.874,16.91,107674,0.0
2017-03-15,16.98,17.1153,16.9001,17.06,76981,0.0
2017-03-16,17.23,17.255,17.115,17.12,109555,0.0
2017-03-17,17.26,17.29,17.1935,17.27,190263,0.0
2017-03-20,17.34,17.34,17.2531,17.2906,156455,0.0
2017-03-21,17.41,17.42,17.13,17.13,67492,0.0
2017-03-22,17.13,17.15,17.03,17.13,64382,0.0
2017-03-23,17.16,17.2819,17.14,17.23,53881,0.0
2017-03-24,17.28,17.3499,17.23,17.2966,174926,0.0
2017-03-27,17.26,17.36,17.2,17.32,170983,0.0
2017-03-28,17.44,17.479,17.37,17.43,148550,0.0
2017-03-29,17.45,17.45,17.37,17.435,83715,0.0
2017-03-30,17.45,17.45,17.37,17.38,80554,0.0
2017-03-31,17.35,17.3699,17.26,17.3628,67911,0.0
2017-04-03,17.37,17.37,17.25,17.3229,70203,0.0
2017-04-04,17.27,17.27,17.1732,17.2292,53044,0.0
2017-04-05,17.33,17.3699,17.23,17.23,106016,0.0
2017-04-06,17.16,17.16,17.1,17.11,78427,0.0
2017-04-07,17.16,17.22,17.1301,17.2,81484,0.0
2017-04-10,17.17,17.2,17.1,17.12,101914,0.0
2017-04-11,17.1,17.1,17.0,17.08,73147,0.0
2017-04-12,17.08,17.08,16.961,17.0,56890,0.0
2017-04-13,17.0,17.0,16.9,16.92,45082,0.0
2017-04-17,17.0,17.03,16.93,17.03,76829,0.0
2017-04-18,16.98,16.99,16.9,16.95,80470,0.0
2017-04-19,17.01,17.2,17.01,17.2,110050,0.0
2017-04-20,17.26,17.31,17.2,17.27,127899,0.0
2017-04-21,17.27,17.27,17.2,17.23,50477,0.0
2017-04-24,17.45,17.56,17.36,17.56,74185,0.0
2017-04-25,17.56,17.56,17.5,17.5436,124058,0.0
2017-04-26,17.59,17.7,17.59,17.7,108339,0.0
2017-04-27,17.77,17.78,17.75,17.7737,118244,0.0
2017-04-28,17.85,17.96,17.77,17.96,320011,0.0
2017-05-01,17.98,18.0267,17.9221,17.99,221271,0.0
2017-05-02,18.02,18.02,17.93,17.96,92768,0.0
2017-05-03,17.91,17.95,17.83,17.9499,133018,0.0
2017-05-04,17.97,18.01,17.9148,17.99,70191,0.0
2017-05-05,18.07,18.14,18.0,18.14,97375,0.0
2017-05-08,18.2,18.2,18.14,18.17,228035,0.0
2017-05-09,18.19,18.19,18.07,18.1126,321425,0.0
2017-05-10,18.18,18.18,18.0501,18.1,107817,0.0
2017-05-11,18.12,18.12,17.97,18.02,188533,0.0
2017-05-12,18.1,18.12,18.045,18.09,118339,0.0
2017-05-15,18.19,18.23,18.1328,18.18,254774,0.0
2017-05-16,18.3,18.3,18.2,18.25,226308,0.0
2017-05-17,18.23,18.23,18.0,18.01,165433,0.0
2017-05-18,17.99,17.99,17.84,17.97,161881,0.0
2017-05-19,18.16,18.27,18.138,18.23,163534,0.0
2017-05-22,18.29,18.43,18.29,18.42,262238,0.0
2017-05-23,18.46,18.46,18.39,18.43,254113,0.0
2017-05-24,18.43,18.43,18.36,18.38,113813,0.0
2017-05-25,18.55,18.55,18.48,18.52,147666,0.0
2017-05-26,18.51,18.51,18.4301,18.5,97544,0.0
2017-05-30,18.55,18.59,18.5,18.59,123903,0.0
2017-05-31,18.68,18.68,18.5442,18.61,278185,0.0
2017-06-01,18.73,18.89,18.67,18.89,269397,0.0
2017-06-02,18.99,19.11,18.965,19.11,467586,0.0
2017-06-05,19.16,19.16,19.11,19.16,297662,0.0
2017-06-06,19.09,19.16,19.0199,19.06,414655,0.0
2017-06-07,19.14,19.14,19.0402,19.1,184831,0.0
2017-06-08,19.1,19.1,19.0,19.09,151058,0.0
2017-06-09,19.1,19.1014,18.86,18.94,373606,0.0
2017-06-12,18.8,18.8,18.61,18.74,247199,0.0
2017-06-13,18.79,18.8454,18.76,18.83,185763,0.0
2017-06-14,18.87,18.88,18.7401,18.8,230902,0.0
2017-06-15,18.515,18.56,18.4401,18.54,152205,0.0
2017-06-16,18.56,18.64,18.5314,18.63,126399,0.0
2017-06-19,18.74,18.85,18.74,18.85,248508,0.0
2017-06-20,18.91,18.94,18.82,18.85,224576,0.0
2017-06-21,18.91,18.94,18.86,18.92,202782,0.0
2017-06-22,18.95,18.95,18.88,18.92,150426,0.0
2017-06-23,18.99,18.99,18.9163,18.94,160207,0.0
2017-06-26,19.03,19.07,18.94,18.945,313616,0.0
2017-06-27,18.97,18.97,18.8226,18.84,131895,0.0
2017-06-28,18.8,18.89,18.73,18.86,159553,0.0
2017-06-29,18.86,18.86,18.5601,18.64,242924,0.0
2017-06-30,18.72,18.72,18.62,18.6587,131070,0.0
2017-07-03,18.75,18.75,18.57,18.57,101013,0.0
2017-07-05,18.58,18.58,18.49,18.55,200248,0.0
2017-07-06,18.51,18.53,18.4114,18.46,115279,0.0
2017-07-07,18.49,18.64,18.49,18.63,91061,0.0
2017-07-10,18.66,18.75,18.65,18.73,123570,0.0
2017-07-11,18.81,18.87,18.76,18.87,143656,0.0
2017-07-12,19.01,19.1,18.9798,19.09,228497,0.0
2017-07-13,19.15,19.15,19.03,19.08,917444,0.0
2017-07-14,19.17,19.26,19.12,19.26,202326,0.0
2017-07-17,19.33,19.33,19.1835,19.205,154174,0.0
2017-07-18,19.22,19.29,19.2,19.28,163966,0.0
2017-07-19,19.33,19.35,19.28,19.32,191780,0.0
2017-07-20,19.32,19.45,19.295,19.43,3040563,0.0
2017-07-21,19.56,19.59,19.5,19.58,379678,0.0
2017-07-24,19.595,19.599,19.49,19.57,321816,0.0
2017-07-25,19.61,19.62,19.55,19.6,567860,0.0
2017-07-26,19.71,19.7212,19.65,19.71,847949,0.0
2017-07-27,19.83,19.9,19.7,19.79,960845,0.0
2017-07-28,19.79,19.91,19.75,19.91,550101,0.0
2017-07-31,19.95,19.95,19.8,19.88,716035,0.0
2017-08-01,19.96,19.98,19.9,19.94,430894,0.0
2017-08-02,20.08,20.08,19.95,20.05,441629,0.0
2017-08-03,20.0,20.07,20.0,20.02,564670,0.0
2017-08-04,19.98,20.0386,19.93,20.02,337183,0.0
2017-08-07,20.01,20.11,19.98,20.1,305437,0.0
2017-08-08,20.14,20.14,20.02,20.07,416379,0.0
2017-08-09,20.0,20.09,19.9442,20.09,501772,0.0
2017-08-10,20.01,20.02,19.74,19.75,562326,0.0
2017-08-11,19.7,19.74,19.63,19.705,372509,0.0
2017-08-14,19.89,20.0,19.8674,20.0,336492,0.0
2017-08-15,20.04,20.05,19.95,20.01,376772,0.0
2017-08-16,20.03,20.1,20.03,20.1,536179,0.0
2017-08-17,20.2,20.24,20.03,20.07,422702,0.0
2017-08-18,20.07,20.1399,19.9801,20.05,268766,0.0
2017-08-21,20.1,20.1,19.97,20.02,196836,0.0
2017-08-22,20.15,20.27,20.12,20.27,486030,0.0
2017-08-23,20.27,20.31,20.25,20.31,362726,0.0
2017-08-24,20.3,20.315,20.21,20.25,447328,0.0
2017-08-25,20.24,20.26,20.18,20.18,313660,0.0
2017-08-28,20.27,20.28,20.22,20.28,244521,0.0
2017-08-29,20.25,20.31,20.2386,20.31,530394,0.0
2017-08-30,20.29,20.38,20.28,20.37,472061,0.0
2017-08-31,20.38,20.51,20.37,20.5,419996,0.0
2017-09-01,20.63,20.66,20.55,20.62,447071,0.0
2017-09-05,20.5,20.5899,20.41,20.53,1556245,0.0
2017-09-06,20.63,20.63,20.55,20.59,540359,0.0
2017-09-07,20.7,20.75,20.66,20.75,602460,0.0
2017-09-08,20.87,20.8999,20.8,20.87,478626,0.0
2017-09-11,21.1,21.16,21.08,21.14,758875,0.0
2017-09-12,21.27,21.28,21.2,21.28,979711,0.0
2017-09-13,21.28,21.28,21.18,21.2,977854,0.0
2017-09-14,21.2,21.28,21.12,21.28,693604,0.0
2017-09-15,21.34,21.43,21.309,21.43,839908,0.0
2017-09-18,21.53,21.6399,21.5,21.62,1521011,0.0
2017-09-19,21.73,21.74,21.635,21.74,970506,0.0
2017-09-20,21.86,21.88,21.71,21.86,1100079,0.0
2017-09-21,21.66,21.66,21.42,21.5,1616748,0.0
2017-09-22,21.5,21.5025,21.42,21.45,615892,0.0
2017-09-25,21.53,21.55,21.36,21.43,741952,0.0
2017-09-26,21.34,21.39,21.2,21.22,735327,0.0
2017-09-27,21.31,21.43,21.29,21.43,830525,0.0
2017-09-28,21.45,21.58,21.42,21.58,710839,0.0
2017-09-29,21.68,21.76,21.65,21.75,993481,0.0
2017-10-02,21.88,21.92,21.84,21.92,1050176,0.0
2017-10-03,22.0,22.08,21.97,22.08,930165,0.0
2017-10-04,22.11,22.15,22.06,22.14,946169,0.0
2017-10-05,22.1,22.1,22.0,22.08,792447,0.0
2017-10-06,21.93,21.97,21.88,21.95,924536,0.0
2017-10-09,22.09,22.1,22.0,22.07,526368,0.0
2017-10-10,22.18,22.21,22.1,22.18,692704,0.0
2017-10-11,22.24,22.3,22.21,22.3,743288,0.0
2017-10-12,22.41,22.49,22.37,22.45,1075805,0.0
2017-10-13,22.71,22.81,22.7,22.79,1777377,0.0
2017-10-16,22.87,22.9,22.85,22.88,1809500,0.0
2017-10-17,22.93,23.08,22.9,23.08,3379901,0.0
2017-10-18,23.01,23.08,22.95,23.08,1678469,0.0
2017-10-19,22.88,22.95,22.75,22.95,1488959,0.0
2017-10-20,23.07,23.1398,23.01,23.1,2975750,0.0
2017-10-23,23.36,23.45,23.32,23.39,2586880,0.0
2017-10-24,23.37,23.66,23.34,23.65,2869975,0.0
2017-10-25,23.67,23.67,23.3,23.46,2826072,0.0
2017-10-26,23.44,23.47,22.66,22.94,4159404,0.0
2017-10-27,22.92,23.07,22.8,23.06,1755117,0.0
2017-10-30,23.27,23.3,23.2,23.29,1411316,0.0
2017-10-31,23.44,23.62,23.44,23.6,1705304,0.0
2017-11-01,23.78,23.78,23.6,23.65,1533952,0.0
2017-11-02,23.6,23.62,23.35,23.56,1097043,0.0
2017-11-03,23.54,23.64,23.5189,23.64,1134691,0.0
2017-11-06,23.8,23.84,23.65,23.81,1270492,0.0
2017-11-07,24.01,24.1,23.96,24.1,1617194,0.0
2017-11-08,24.36,24.36,24.21,24.3,1957076,0.0
2017-11-09,24.08,24.17,23.75,23.97,2801650,0.0
2017-11-10,24.0,24.09,23.96,24.06,1464023,0.0
2017-11-13,23.81,23.89,23.7,23.89,1428768,0.0
2017-11-14,23.81,23.89,23.76,23.83,943275,0.0
2017-11-15,23.54,23.59,23.37,23.54,1336967,0.0
2017-11-16,23.88,24.08,23.851,24.05,1217035,0.0
2017-11-17,24.09,24.15,24.06,24.07,849337,0.0
2017-11-20,24.18,24.3,24.1521,24.25,1274190,0.0
2017-11-21,24.5,24.6,24.5,24.6,1619621,0.0
2017-11-22,24.79,24.87,24.635,24.73,1854399,0.0
2017-11-24,24.95,24.97,24.85,24.89,1502542,0.0
2017-11-27,24.85,24.89,24.8,24.81,2017406,0.0
2017-11-28,24.71,24.74,24.605,24.69,1329330,0.0
2017-11-29,24.62,24.66,24.11,24.19,2253357,0.0
2017-11-30,24.0,24.02,23.78,23.91,2490592,0.0
2017-12-01,23.96,23.96,23.55,23.84,1456496,0.0
2017-12-04,23.85,23.91,23.33,23.36,1877486,0.0
2017-12-05,23.38,23.45,23.21,23.27,1447817,0.0
2017-12-06,23.13,23.27,23.1,23.23,949625,0.0
2017-12-07,23.3,23.53,23.3,23.51,1322524,0.0
2017-12-08,23.66,23.68,23.5,23.59,2715630,0.0
2017-12-11,23.5,23.53,23.41,23.48,1036235,0.0
2017-12-12,23.33,23.39,23.28,23.33,1231963,0.0
2017-12-13,23.15,23.2,23.08,23.13,1140740,0.0
2017-12-14,23.2,23.21,23.0207,23.03,702721,0.0
2017-12-15,23.2,23.345,23.18,23.31,857694,0.0
2017-12-18,23.65,23.75,23.65,23.74,2133669,0.0
2017-12-19,23.71,23.71,23.53,23.55,744896,0.0
2017-12-20,23.69,23.7,23.56,23.61,700836,0.0
2017-12-21,23.62,23.72,23.62,23.68,720810,0.0
2017-12-22,23.74,23.78,23.64,23.77,661136,0.0
2017-12-26,23.7,23.9,23.7,23.88,700154,0.0
2017-12-27,23.86,23.96,23.812,23.92,787134,0.0
2017-12-28,23.92,23.92,23.8,23.85,739711,0.0
2017-12-29,23.92,23.92,23.7,23.7,916979,0.0
2018-01-02,23.86,24.0,23.81,24.0,1217673,0.0
2018-01-03,24.1,24.49,24.1,24.49,2335692,0.0
2018-01-04,24.9,24.92,24.8,24.84,3069391,0.0
2018-01-05,25.03,25.14,24.97,25.12,1988352,0.0
2018-01-08,25.16,25.35,25.14,25.3,2934240,0.0
2018-01-09,25.36,25.45,25.3,25.38,3103883,0.0
2018-01-10,25.38,25.57,25.35,25.54,1893521,0.0
2018-01-11,25.63,25.77,25.615,25.77,2079570,0.0
2018-01-12,25.96,26.19,25.9,26.18,2489475,0.0
2018-01-16,26.75,26.92,26.5441,26.61,4708411,0.0
2018-01-17,26.79,27.03,26.69,26.99,3447402,0.0
2018-01-18,26.88,26.95,26.82,26.92,4043020,0.0
2018-01-19,27.15,27.26,27.15,27.26,2883454,0.0
2018-01-22,27.15,27.3,27.08,27.3,3225028,0.0
2018-01-23,27.24,27.42,27.24,27.38,2813862,0.0
2018-01-24,27.34,27.34,26.97,27.14,3350394,0.0
2018-01-25,27.1,27.14,26.9,26.99,2248623,0.0
2018-01-26,27.1,27.28,27.02,27.28,1800507,0.0
2018-01-29,27.15,27.17,27.0,27.1,2126284,0.0
2018-01-30,26.63,26.71,26.41,26.52,2979232,0.0
2018-01-31,26.6,26.66,26.44,26.47,3034372,0.0
2018-02-01,26.53,26.76,26.5,26.67,1503958,0.0
2018-02-02,26.36,26.36,25.935,25.95,2925549,0.0
2018-02-05,25.3,25.49,24.0,24.41,7218132,0.0
2018-02-06,24.1,25.039,23.56,24.99,5456867,0.0
2018-02-07,24.87,25.19,24.8,24.87,3454048,0.0
2018-02-08,24.76,24.79,23.8,23.81,2961432,0.0
2018-02-09,24.2,24.2,23.19,23.91,3222074,0.0
2018-02-12,24.21,24.47,24.02,24.36,2156553,0.0
2018-02-13,23.95,24.1,23.78,24.07,1534523,0.0
2018-02-14,23.68,24.42,23.66,24.41,2549380,0.0
2018-02-15,24.71,24.8,24.481,24.79,2043821,0.0
2018-02-16,24.81,24.95,24.705,24.79,1960874,0.0
2018-02-20,24.65,24.86,24.5607,24.66,1104575,0.0
2018-02-21,24.91,25.07,24.67,24.68,2584182,0.0
2018-02-22,24.76,24.93,24.69,24.72,1177532,0.0
2018-02-23,24.88,25.01,24.7801,25.0,1024949,0.0
2018-02-26,25.15,25.24,25.0,25.23,2441845,0.0
2018-02-27,25.28,25.35,25.02,25.03,1406845,0.0
2018-02-28,25.02,25.04,24.64,24.64,1622780,0.0
2018-03-01,24.47,24.49,23.81,23.96,2692040,0.0
2018-03-02,23.8,24.26,23.63,24.22,1835706,0.0
2018-03-05,23.91,24.31,23.88,24.24,1376282,0.0
2018-03-06,24.68,24.75,24.56,24.7,1655152,0.0
2018-03-07,24.3,24.4,24.16,24.38,3047640,0.0
2018-03-08,24.51,24.56,24.425,24.55,1388255,0.0
2018-03-09,24.73,24.9,24.66,24.89,1501160,0.0
2018-03-12,25.0,25.13,24.99,25.06,1875872,0.0
2018-03-13,25.22,25.29,24.89,24.94,1992873,0.0
2018-03-14,25.22,25.23,25.0,25.1,1048370,0.0
2018-03-15,25.25,25.32,25.13,25.21,1404376,0.0
2018-03-16,25.05,25.1,24.95,24.99,1300728,0.0
2018-03-19,24.74,24.83,24.3,24.5,1386382,0.0
2018-03-20,24.36,24.5184,24.321,24.45,774007,0.0
2018-03-21,24.4,24.615,24.3542,24.43,1681130,0.0
2018-03-22,24.51,24.5801,24.13,24.14,1637510,0.0
2018-03-23,23.89,23.949,23.35,23.36,1838955,0.0
2018-03-26,23.82,24.03,23.59,24.03,961216,0.0
2018-03-27,24.28,24.34,23.55,23.67,1876765,0.0
2018-03-28,23.77,23.83,23.5,23.68,1607902,0.0
2018-03-29,23.82,24.335,23.81,24.19,1149003,0.0
2018-04-02,24.01,24.13,23.43,23.61,1459647,0.0
2018-04-03,23.67,23.77,23.5,23.74,874277,0.0
2018-04-04,23.02,23.4169,22.92,23.38,1597572,0.0
2018-04-05,23.52,23.56,23.3618,23.5,839122,0.0
2018-04-06,23.23,23.325,22.87,22.95,1833614,0.0
2018-04-09,23.0,23.175,22.9,22.9,867776,0.0
2018-04-10,23.36,23.61,23.3431,23.55,1456231,0.0
2018-04-11,23.62,23.866,23.61,23.71,980508,0.0
2018-04-12,23.68,23.87,23.65,23.79,1197875,0.0
2018-04-13,23.9,23.93,23.69,23.77,706787,0.0
2018-04-16,23.84,23.88,23.7619,23.82,464563,0.0
2018-04-17,23.94,24.14,23.87,24.11,705858,0.0
2018-04-18,24.32,24.535,24.2934,24.47,2243836,0.0
2018-04-19,24.48,24.48,24.22,24.3,712758,0.0
2018-04-20,24.13,24.14,24.0,24.06,523358,0.0
2018-04-23,24.04,24.09,23.8,23.86,567093,0.0
2018-04-24,24.01,24.09,23.5414,23.67,1175150,0.0
2018-04-25,23.4,23.43,23.1616,23.32,1293723,0.0
2018-04-26,23.51,23.53,23.36,23.46,742786,0.0
2018-04-27,23.35,23.3954,23.18,23.2,712204,0.0
2018-04-30,23.21,23.34,23.1,23.1,841917,0.0
2018-05-01,23.03,23.06,22.87,23.04,755720,0.0
2018-05-02,23.03,23.1,22.9334,22.97,543659,0.0
2018-05-03,22.9,23.06,22.7,23.02,1185457,0.0
2018-05-04,22.94,23.27,22.88,23.23,683045,0.0
2018-05-07,23.29,23.47,23.27,23.39,714249,0.0
2018-05-08,23.46,23.58,23.4,23.56,600119,0.0
2018-05-09,23.54,23.64,23.47,23.58,894898,0.0
2018-05-10,23.75,23.81,23.73,23.8,865340,0.0
2018-05-11,23.87,24.0,23.855,23.91,734711,0.0
2018-05-14,23.92,24.05,23.92,23.97,628714,0.0
2018-05-15,23.68,23.7,23.445,23.49,789902,0.0
2018-05-16,23.47,23.57,23.43,23.49,767639,0.0
2018-05-17,23.48,23.59,23.45,23.49,640151,0.0
2018-05-18,23.69,23.69,23.58,23.59,754871,0.0
2018-05-21,23.78,23.88,23.725,23.8,587117,0.0
2018-05-22,23.99,24.0,23.78,23.81,945852,0.0
2018-05-23,23.57,23.74,23.51,23.72,1304754,0.0
2018-05-24,23.47,23.52,23.29,23.5,934188,0.0
2018-05-25,23.44,23.5,23.4,23.45,915508,0.0
2018-05-29,23.27,23.35,23.15,23.23,1188194,0.0
2018-05-30,23.17,23.4,23.17,23.35,631297,0.0
2018-05-31,23.34,23.35,23.2,23.24,1084551,0.0
2018-06-01,23.25,23.52,23.25,23.46,852876,0.0
2018-06-04,23.56,23.65,23.55,23.62,666081,0.0
2018-06-05,23.61,23.65,23.5417,23.63,756252,0.0
2018-06-06,23.46,23.56,23.41,23.55,762614,0.0
2018-06-07,23.61,23.63,23.355,23.46,1099641,0.0
2018-06-08,23.42,23.51,23.3938,23.5,616507,0.0
2018-06-11,23.51,23.705,23.51,23.68,879015,0.0
2018-06-12,23.64,23.68,23.56,23.6,470010,0.0
2018-06-13,23.64,23.64,23.41,23.47,1054365,0.0
2018-06-14,23.42,23.47,23.27,23.39,1113897,0.0
2018-06-15,23.15,23.2,23.04,23.11,642391,0.0
2018-06-18,22.83,22.85,22.7278,22.82,1327467,0.0
2018-06-19,22.56,22.56,22.36,22.5,1419343,0.0
2018-06-20,22.72,22.78,22.68,22.73,775446,0.0
2018-06-21,22.84,22.84,22.62,22.67,775778,0.0
2018-06-22,22.82,22.87,22.68,22.69,978461,0.0
2018-06-25,22.41,22.45,22.0347,22.15,1175377,0.0
2018-06-26,22.24,22.37,22.175,22.28,748083,0.0
2018-06-27,22.2,22.34,21.96,21.96,1181130,0.0
2018-06-28,21.9,22.1,21.835,22.06,971978,0.0
2018-06-29,22.1,22.17,22.0,22.01,450531,0.0
2018-07-02,21.72,21.94,21.66,21.92,908759,0.0
2018-07-03,21.96,22.04,21.89,21.91,497826,0.0
2018-07-05,21.57,21.67,21.47,21.67,1357685,0.0
2018-07-06,21.75,21.94,21.73,21.89,749420,0.0
2018-07-09,22.01,22.11,22.0,22.11,705396,0.0
2018-07-10,22.28,22.4,22.27,22.4,748657,0.0
2018-07-11,22.05,22.16,21.95,21.96,731268,0.0
2018-07-12,22.07,22.18,22.01,22.18,609800,0.0
2018-07-13,22.14,22.2,22.1,22.15,624655,0.0
2018-07-16,22.15,22.24,22.11,22.12,642224,0.0
2018-07-17,21.71,21.92,21.71,21.91,892692,0.0
2018-07-18,21.9,21.97,21.85,21.97,882186,0.0
2018-07-19,22.02,22.09,21.97,22.08,615033,0.0
2018-07-20,21.98,22.05,21.95,21.96,415910,0.0
2018-07-23,21.85,21.91,21.765,21.83,886873,0.0
2018-07-24,22.2,22.24,21.98,22.04,769175,0.0
2018-07-25,22.14,22.42,22.02,22.41,705612,0.0
2018-07-26,22.405,22.655,22.39,22.64,640938,0.0
2018-07-27,22.79,22.86,22.5941,22.66,659212,0.0
2018-07-30,22.57,22.63,22.29,22.3,440437,0.0
2018-07-31,22.26,22.42,22.23,22.31,523873,0.0
2018-08-01,22.36,22.3999,22.2201,22.3,605278,0.0
2018-08-02,22.04,22.23,22.02,22.22,565462,0.0
2018-08-03,22.21,22.25,22.17,22.22,449700,0.0
2018-08-06,22.16,22.16,22.09,22.14,447042,0.0
2018-08-07,22.3,22.3,22.1,22.13,831408,0.0
2018-08-08,22.29,22.38,22.2,22.35,1642772,0.0
2018-08-09,22.4,22.55,22.4,22.48,552503,0.0
2018-08-10,22.21,22.29,22.155,22.22,444763,0.0
2018-08-13,22.05,22.13,21.9,21.92,651338,0.0
2018-08-14,21.9,22.0,21.8764,21.96,415546,0.0
2018-08-15,21.62,21.68,21.385,21.55,713392,0.0
2018-08-16,21.69,21.77,21.65,21.7,530578,0.0
2018-08-17,21.79,21.9,21.6632,21.82,585912,0.0
2018-08-20,21.84,21.9,21.7901,21.88,403457,0.0
2018-08-21,21.97,22.13,21.93,22.08,586539,0.0
2018-08-22,22.14,22.335,22.14,22.29,1103295,0.0
2018-08-23,22.17,22.29,22.17,22.21,373663,0.0
2018-08-24,22.18,22.275,22.18,22.27,446805,0.0
2018-08-27,22.49,22.68,22.49,22.67,707629,0.0
2018-08-28,22.92,22.96,22.87,22.93,669210,0.0
2018-08-29,22.93,23.08,22.92,23.08,610387,0.0
2018-08-30,22.96,23.065,22.945,22.98,386828,0.0
2018-08-31,22.97,23.07,22.97,23.05,509737,0.0
2018-09-04,22.74,22.79,22.66,22.74,520013,0.0
2018-09-05,22.54,22.5652,22.285,22.43,553935,0.0
2018-09-06,22.43,22.5331,22.26,22.36,925615,0.0
2018-09-07,22.01,22.19,21.9438,22.06,907808,0.0
2018-09-10,22.2,22.235,22.11,22.21,746828,0.0
2018-09-11,22.05,22.15,21.9401,22.08,471720,0.0
2018-09-12,21.98,22.02,21.8301,21.97,420871,0.0
2018-09-13,22.11,22.2,22.055,22.16,483936,0.0
2018-09-14,22.54,22.66,22.5,22.66,783180,0.0
2018-09-17,22.69,22.73,22.6001,22.64,827699,0.0
2018-09-18,22.7,22.95,22.7,22.94,496478,0.0
2018-09-19,22.99,23.099,22.99,23.02,574712,0.0
2018-09-20,23.12,23.14,22.99,23.07,2099439,0.0
2018-09-21,23.15,23.24,23.06,23.07,373411,0.0
2018-09-24,23.12,23.12,22.97,23.07,556047,0.0
2018-09-25,23.03,23.03,22.895,22.97,435020,0.0
2018-09-26,22.94,23.07,22.89,22.91,369563,0.0
2018-09-27,22.73,22.84,22.69,22.77,1481476,0.0
2018-09-28,22.73,22.93,22.73,22.88,344642,0.0
2018-10-01,23.12,23.22,23.07,23.1,490735,0.0
2018-10-02,23.0,23.05,22.9115,22.96,1545717,0.0
2018-10-03,22.92,22.92,22.77,22.78,648605,0.0
2018-10-04,22.78,22.78,22.32,22.41,557803,0.0
2018-10-05,22.3,22.4252,21.96,22.1,681445,0.0
2018-10-08,21.9,21.95,21.64,21.86,626809,0.0
2018-10-09,21.51,21.6434,21.451,21.53,643697,0.0
2018-10-10,21.23,21.23,20.45,20.45,2997342,0.0
2018-10-11,20.36,20.6,19.97,20.07,1993181,0.0
2018-10-12,20.52,20.66,20.28,20.58,1018141,0.0
2018-10-15,20.57,20.6,20.325,20.45,1050265,0.0
2018-10-16,20.77,21.14,20.75,21.1,1177618,0.0
2018-10-17,21.25,21.25,20.9802,21.11,744957,0.0
2018-10-18,20.8,20.81,20.32,20.41,694775,0.0
2018-10-19,20.49,20.57,20.18,20.2,669654,0.0
2018-10-22,20.28,20.37,20.16,20.29,467743,0.0
2018-10-23,19.75,20.05,19.54,19.92,1130685,0.0
2018-10-24,19.64,19.75,18.88,18.88,1380314,0.0
2018-10-25,18.99,19.25,18.9101,19.15,1640610,0.0
2018-10-26,18.71,18.995,18.44,18.77,1861593,0.0
2018-10-29,18.94,19.03,18.2,18.42,1271933,0.0
2018-10-30,18.57,19.16,18.57,19.16,1102928,0.0
2018-10-31,19.73,19.85,19.6,19.72,1515841,0.0
2018-11-01,19.83,19.95,19.55,19.94,550446,0.0
2018-11-02,20.5,20.6566,20.265,20.43,756893,0.0
2018-11-05,20.4,20.415,20.1732,20.34,638897,0.0
2018-11-06,20.29,20.43,20.2801,20.4,812565,0.0
2018-11-07,20.52,20.72,20.454,20.71,958583,0.0
2018-11-08,20.445,20.48,20.28,20.34,825001,0.0
2018-11-09,20.04,20.08,19.81,19.95,864754,0.0
2018-11-12,19.93,19.94,19.49,19.5,493535,0.0
2018-11-13,19.6,19.8332,19.495,19.58,849974,0.0
2018-11-14,19.75,19.81,19.4,19.55,1314421,0.0
2018-11-15,19.41,19.7881,19.32,19.74,694588,0.0
2018-11-16,19.27,19.49,19.18,19.41,622727,0.0
2018-11-19,19.495,19.58,19.0516,19.06,825407,0.0
2018-11-20,18.6,18.905,18.5201,18.65,1276885,0.0
2018-11-21,18.98,19.13,18.94,19.01,601612,0.0
2018-11-23,18.75,18.95,18.75,18.8,343575,0.0
2018-11-26,19.15,19.35,19.13,19.35,1554492,0.0
2018-11-27,19.26,19.31,19.1508,19.23,410415,0.0
2018-11-28,19.49,19.86,19.375,19.85,522012,0.0
2018-11-29,19.76,19.89,19.645,19.75,742892,0.0
2018-11-30,19.7,19.74,19.59,19.71,371322,0.0
2018-12-03,20.13,20.155,19.99,20.1,664794,0.0
2018-12-04,19.86,19.89,19.07,19.07,1059781,0.0
2018-12-06,18.51,18.695,18.201,18.68,1451108,0.0
2018-12-07,18.61,18.68,18.145,18.22,1223854,0.0
2018-12-10,18.09,18.215,17.8133,18.13,910676,0.0
2018-12-11,18.13,18.17,17.745,17.87,2049503,0.0
2018-12-12,18.19,18.43,18.07,18.21,1110038,0.0
2018-12-13,18.28,18.375,18.08,18.1,634594,0.0
2018-12-14,17.8,17.8599,17.63,17.66,2313621,0.0
2018-12-17,17.52,17.565,17.17,17.28,1120604,0.0
2018-12-18,17.46,17.6,17.335,17.4,3834204,0.0
2018-12-19,17.53,17.65,17.06,17.18,1230522,0.0
2018-12-20,17.04,17.14,16.71,16.86,2345041,0.0
2018-12-21,16.73,16.82,16.38,16.39,1558185,0.0
2018-12-24,16.16,16.31,16.01,16.06,1601032,0.0
2018-12-26,16.29,16.8,16.1917,16.78,1555668,0.0
2018-12-27,16.6,16.85,16.34,16.85,1257665,0.0
2018-12-28,16.75,16.89,16.6062,16.73,1315679,0.0
2018-12-31,16.79,16.842,16.66,16.74,1326281,0.0
2019-01-02,16.57,16.8795,16.5,16.82,350282,0.0
2019-01-03,16.66,16.7,16.29,16.37,1243896,0.0
2019-01-04,16.41,16.93,16.41,16.89,1102608,0.0
2019-01-07,17.01,17.3,17.01,17.17,1206726,0.0
2019-01-08,17.45,17.49,17.195,17.4,870331,0.0
2019-01-09,17.49,17.69,17.48,17.65,616123,0.0
2019-01-10,17.45,17.65,17.4,17.65,691130,0.0
2019-01-11,17.49,17.5,17.4019,17.48,298311,0.0
2019-01-14,17.42,17.455,17.3,17.37,500149,0.0
2019-01-15,17.75,17.85,17.67,17.76,892388,0.0
2019-01-16,17.88,18.02,17.855,17.91,773093,0.0
2019-01-17,17.71,18.05,17.61,18.0,431295,0.0
2019-01-18,18.24,18.41,18.183,18.4,606037,0.0
2019-01-22,18.07,18.0701,17.735,17.79,908224,0.0
2019-01-23,17.91,18.0,17.67,17.79,727949,0.0
2019-01-24,17.93,18.13,17.89,18.09,376750,0.0
2019-01-25,18.39,18.52,18.37,18.51,662429,0.0
2019-01-28,18.24,18.26,18.12,18.19,640686,0.0
2019-01-29,18.05,18.09,17.915,17.93,1883931,0.0
2019-01-30,18.07,18.3299,17.98,18.28,463661,0.0
2019-01-31,18.36,18.535,18.29,18.46,718708,0.0
2019-02-01,18.56,18.6,18.465,18.51,548375,0.0
2019-02-04,18.58,18.68,18.5,18.68,309552,0.0
2019-02-05,18.84,18.9081,18.7932,18.88,522758,0.0
2019-02-06,18.88,18.96,18.855,18.92,562817,0.0
2019-02-07,18.9,18.9,18.6053,18.69,558498,0.0
2019-02-08,18.4,18.52,18.22,18.51,383869,0.0
2019-02-11,18.52,18.6,18.5,18.58,411927,0.0
2019-02-12,19.0,19.23,18.9701,19.23,1048184,0.0
2019-02-13,19.34,19.4264,19.315,19.37,740928,0.0
2019-02-14,19.26,19.3767,19.16,19.31,611694,0.0
2019-02-15,19.46,19.63,19.4373,19.63,747928,0.0
2019-02-19,19.63,19.77,19.54,19.67,2148523,0.0
2019-02-20,19.71,19.83,19.69,19.81,796747,0.0
2019-02-21,19.76,19.77,19.64,19.7,514486,0.0
2019-02-22,19.86,19.94,19.86,19.93,1637371,0.0
2019-02-25,20.15,20.21,20.1001,20.12,2701608,0.0
2019-02-26,20.07,20.1182,20.01,20.04,843259,0.0
2019-02-27,19.84,19.9271,19.73,19.84,689419,0.0
2019-02-28,19.66,19.66,19.52,19.52,1218758,0.0
2019-03-01,19.66,19.77,19.63,19.77,566570,0.0
2019-03-04,19.92,19.9458,19.64,19.76,1208789,0.0
2019-03-05,19.75,19.82,19.7,19.7,880398,0.0
2019-03-06,19.74,19.76,19.52,19.52,416897,0.0
2019-03-07,19.25,19.3,19.03,19.05,1020788,0.0
2019-03-08,18.85,19.01,18.72,19.005,2345895,0.0
2019-03-11,19.1,19.41,19.1,19.39,500170,0.0
2019-03-12,19.48,19.64,19.48,19.58,799672,0.0
2019-03-13,19.53,19.77,19.53,19.71,488449,0.0
2019-03-14,19.66,19.66,19.53,19.58,1298082,0.0
2019-03-15,19.73,19.819,19.7201,19.75,416446,0.0
2019-03-18,19.79,19.91,19.79,19.91,698879,0.0
2019-03-19,20.05,20.08,19.9301,20.0,455336,0.0
2019-03-20,19.97,20.125,19.86,19.97,318341,0.0
2019-03-21,19.87,20.16,19.86,20.15,430636,0.0
2019-03-22,20.18,20.18,19.77,19.77,655155,0.0
2019-03-25,19.71,19.84,19.63,19.78,864167,0.0
2019-03-26,20.01,20.1,19.89,20.0,490578,0.0
2019-03-27,19.99,20.05,19.66,19.82,559519,0.0
2019-03-28,19.88,19.99,19.82,19.99,449239,0.0
2019-03-29,20.01,20.09,19.9799,20.08,621048,0.0
2019-04-01,20.32,20.48,20.3,20.48,626601,0.0
2019-04-02,20.6,20.63,20.53,20.61,524580,0.0
2019-04-03,20.96,21.08,20.9,20.98,656922,0.0
2019-04-04,20.99,21.05,20.9113,21.03,528744,0.0
2019-04-05,21.13,21.22,21.1101,21.22,496912,0.0
2019-04-08,21.18,21.21,21.06,21.21,488279,0.0
2019-04-09,21.19,21.21,21.13,21.13,704958,0.0
2019-04-10,21.18,21.29,21.1702,21.29,469451,0.0
2019-04-11,21.29,21.3,21.195,21.22,996218,0.0
2019-04-12,21.44,21.45,21.34,21.42,727255,0.0
2019-04-15,21.51,21.56,21.42,21.44,938628,0.0
2019-04-16,21.71,21.74,21.64,21.69,752389,0.0
2019-04-17,21.96,21.99,21.72,21.75,671209,0.0
2019-04-18,21.73,21.815,21.68,21.77,827780,0.0
2019-04-22,21.66,21.67,21.57,21.62,799463,0.0
2019-04-23,21.57,21.72,21.51,21.71,1265491,0.0
2019-04-24,21.45,21.51,21.35,21.36,1439734,0.0
2019-04-25,21.3,21.33,21.17,21.21,971854,0.0
2019-04-26,21.21,21.32,21.09,21.32,463650,0.0
2019-04-29,21.29,21.44,21.29,21.42,583395,0.0
2019-04-30,21.37,21.53,21.37,21.51,527535,0.0
2019-05-01,21.55,21.64,21.36,21.36,344077,0.0
2019-05-02,21.37,21.45,21.215,21.35,574855,0.0
2019-05-03,21.49,21.76,21.47,21.76,1260668,0.0
2019-05-06,21.19,21.46,21.06,21.41,730247,0.0
2019-05-07,21.02,21.02,20.63,20.7,1236350,0.0
2019-05-08,20.65,20.81,20.62,20.67,441003,0.0
2019-05-09,20.32,20.4999,20.1538,20.44,908060,0.0
2019-05-10,20.38,20.6,20.21,20.6,659342,0.0
2019-05-13,20.0,20.01,19.66,19.66,2915478,0.0
2019-05-14,19.86,20.12,19.85,20.05,915255,0.0
2019-05-15,19.86,20.19,19.84,20.16,596554,0.0
2019-05-16,20.15,20.35,20.13,20.26,451607,0.0
2019-05-17,20.06,20.1774,19.8999,19.91,545934,0.0
2019-05-20,19.42,19.58,19.38,19.41,1265204,0.0
2019-05-21,19.54,19.605,19.51,19.6,713145,0.0
2019-05-22,19.59,19.59,19.44,19.46,341917,0.0
2019-05-23,19.18,19.18,18.89,18.95,1242935,0.0
2019-05-24,19.2,19.25,19.11,19.2,413580,0.0
2019-05-28,19.27,19.27,18.99,18.99,1103525,0.0
2019-05-29,18.95,19.0,18.84,18.94,796298,0.0
2019-05-30,19.13,19.233,19.11,19.23,461147,0.0
2019-05-31,18.96,18.96,18.8,18.8,487924,0.0
2019-06-03,18.73,18.8,18.63,18.71,735032,0.0
2019-06-04,18.92,19.36,18.92,19.34,613724,0.0
2019-06-05,19.58,19.58,19.34,19.46,398623,0.0
2019-06-06,19.37,19.43,19.25,19.35,320110,0.0
2019-06-07,19.5,19.75,19.49,19.75,426500,0.0
2019-06-10,19.91,20.04,19.91,19.96,616081,0.0
2019-06-11,20.21,20.29,20.04,20.11,338327,0.0
2019-06-12,20.04,20.06,19.8,19.8,489163,0.0
2019-06-13,19.89,19.9334,19.8271,19.93,562655,0.0
2019-06-14,19.79,19.79,19.51,19.51,1083402,0.0
2019-06-17,19.65,19.73,19.64,19.72,311132,0.0
2019-06-18,19.82,20.01,19.7421,20.0,702530,0.0
2019-06-19,20.2,20.35,20.135,20.32,628757,0.0
2019-06-20,20.6,20.66,20.461,20.63,533551,0.0
2019-06-21,20.55,20.61,20.45,20.5,619656,0.0
2019-06-24,20.57,20.59,20.47,20.47,308430,0.0
2019-06-25,20.53,20.58,20.35,20.35,412038,0.0
2019-06-26,20.46,20.53,20.37,20.4,1146310,0.0
2019-06-27,20.49,20.56,20.44,20.55,667895,0.0
2019-06-28,20.58,20.76,20.58,20.75,533963,0.0
2019-07-01,21.17,21.2351,20.9801,21.09,620220,0.0
2019-07-02,21.12,21.15,20.95,20.99,394876,0.0
2019-07-03,20.95,21.1,20.905,21.1,2163103,0.0
2019-07-05,20.83,20.83,20.58,20.77,442019,0.0
2019-07-08,20.66,20.68,20.545,20.56,478968,0.0
2019-07-09,20.33,20.33,20.13,20.18,2523325,0.0
2019-07-10,20.27,20.36,20.2,20.29,1640132,0.0
2019-07-11,20.3,20.3,20.1501,20.18,730728,0.0
2019-07-12,20.12,20.12,20.01,20.07,525521,0.0
2019-07-15,20.12,20.18,20.01,20.02,535571,0.0
2019-07-16,20.02,20.02,19.86,19.89,431789,0.0
2019-07-17,20.06,20.06,19.93,19.98,394202,0.0
2019-07-18,19.79,19.945,19.72,19.92,406494,0.0
2019-07-19,20.06,20.1457,19.955,20.02,429078,0.0
2019-07-22,20.06,20.17,20.06,20.17,346723,0.0
2019-07-23,20.33,20.42,20.28,20.42,346321,0.0
2019-07-24,20.33,20.5,20.28,20.5,380892,0.0
2019-07-25,20.44,20.49,20.16,20.17,752942,0.0
2019-07-26,20.16,20.17,20.01,20.03,354751,0.0
2019-07-29,20.0,20.0,19.8301,19.9,517724,0.0
2019-07-30,19.91,19.92,19.78,19.91,415112,0.0
2019-07-31,19.91,19.98,19.47,19.62,487758,0.0
2019-08-01,19.64,19.85,19.23,19.27,1329244,0.0
2019-08-02,19.15,19.25,18.8,18.9,2595309,0.0
2019-08-05,18.43,18.52,17.92,18.02,1396387,0.0
2019-08-06,18.34,18.535,18.29,18.51,2641920,0.0
2019-08-07,18.38,18.52,18.15,18.46,1016066,0.0
2019-08-08,18.58,18.94,18.58,18.94,527894,0.0
2019-08-09,18.68,18.69,18.4,18.48,617413,0.0
2019-08-12,18.5,18.515,18.24,18.28,779175,0.0
2019-08-13,18.4,18.87,18.36,18.8,661068,0.0
2019-08-14,18.34,18.37,18.07,18.07,1071938,0.0
2019-08-15,18.23,18.28,18.04,18.17,530876,0.0
2019-08-16,18.33,18.52,18.26,18.49,670799,0.0
2019-08-19,18.63,18.71,18.6,18.65,498323,0.0
2019-08-20,18.6,18.71,18.54,18.56,461428,0.0
2019-08-21,18.77,18.8671,18.7375,18.81,422964,0.0
2019-08-22,18.79,18.82,18.63,18.71,316676,0.0
2019-08-23,18.62,18.71,18.14,18.15,1569477,0.0
2019-08-26,18.46,18.52,18.3,18.42,1488988,0.0
2019-08-27,18.45,18.491,18.24,18.25,693881,0.0
2019-08-28,18.14,18.31,18.09,18.27,732734,0.0
2019-08-29,18.5,18.6099,18.48,18.6,483883,0.0
2019-08-30,18.75,18.83,18.66,18.8,1376065,0.0
2019-09-03,18.59,18.6183,18.46,18.51,392227,0.0
2019-09-04,18.64,18.865,18.64,18.83,1149648,0.0
2019-09-05,19.13,19.36,19.03,19.34,584996,0.0
2019-09-06,19.37,19.46,19.33,19.42,406807,0.0
2019-09-09,19.57,19.66,19.54,19.65,366693,0.0
2019-09-10,19.64,19.87,19.57,19.85,473994,0.0
2019-09-11,19.98,20.19,19.94,20.19,587520,0.0
2019-09-12,20.33,20.48,20.22,20.46,479831,0.0
2019-09-13,20.46,20.54,20.42,20.48,507134,0.0
2019-09-16,20.36,20.405,20.27,20.33,280593,0.0
2019-09-17,20.2,20.28,20.12,20.27,361630,0.0
2019-09-18,20.29,20.32,20.09,20.31,275822,0.0
2019-09-19,20.32,20.43,20.2336,20.25,323092,0.0
2019-09-20,20.15,20.22,19.99,20.0,371325,0.0
2019-09-23,19.91,20.0,19.87,19.96,316297,0.0
2019-09-24,20.12,20.16,19.7849,19.84,530410,0.0
2019-09-25,19.68,19.95,19.595,19.95,522554,0.0
2019-09-26,19.94,19.96,19.84,19.93,376901,0.0
2019-09-27,19.98,20.02,19.69,19.75,796075,0.0
2019-09-30,19.88,20.04,19.87,20.02,345276,0.0
2019-10-01,20.09,20.185,19.79,19.8,428544,0.0
2019-10-02,19.5,19.52,19.16,19.24,731541,0.0
2019-10-03,19.32,19.55,19.14,19.55,353709,0.0
2019-10-04,19.56,19.75,19.5099,19.75,551031,0.0
2019-10-07,19.68,19.8,19.63,19.65,475506,0.0
2019-10-08,19.49,19.49,19.27,19.28,493539,0.0
2019-10-09,19.39,19.5367,19.37,19.5,339282,0.0
2019-10-10,19.27,19.47,19.2,19.34,1031686,0.0
2019-10-11,19.61,19.93,19.5708,19.83,609729,0.0
2019-10-14,19.72,19.79,19.67,19.74,229233,0.0
2019-10-15,19.86,20.19,19.86,20.15,406877,0.0
2019-10-16,20.09,20.255,20.07,20.17,261949,0.0
2019-10-17,20.2,20.325,20.12,20.23,286297,0.0
2019-10-18,20.26,20.34,20.155,20.3,396743,0.0
2019-10-21,20.35,20.45,20.35,20.43,170938,0.0
2019-10-22,20.42,20.44,20.27,20.28,254078,0.0
2019-10-23,20.26,20.425,20.2,20.4,712559,0.0
2019-10-24,20.47,20.5267,20.405,20.52,391380,0.0
2019-10-25,20.51,20.75,20.5,20.71,727877,0.0
2019-10-28,20.86,21.04,20.8,21.03,440252,0.0
2019-10-29,21.05,21.15,20.96,21.01,343252,0.0
2019-10-30,20.93,20.95,20.7,20.91,257735,0.0
2019-10-31,20.84,20.84,20.66,20.79,516475,0.0
2019-11-01,21.09,21.31,21.09,21.31,614123,0.0
2019-11-04,21.49,21.61,21.47,21.61,867815,0.0
2019-11-05,21.58,21.7,21.57,21.68,488629,0.0
2019-11-06,21.58,21.6,21.4195,21.48,427334,0.0
2019-11-07,21.63,21.85,21.57,21.74,760049,0.0
2019-11-08,21.62,21.66,21.51,21.6,510048,0.0
2019-11-11,21.32,21.49,21.32,21.45,380625,0.0
2019-11-12,21.54,21.65,21.49,21.56,359898,0.0
2019-11-13,21.35,21.49,21.33,21.37,406623,0.0
2019-11-14,21.31,21.39,21.27,21.38,385024,0.0
2019-11-15,21.41,21.5,21.37,21.47,346195,0.0
2019-11-18,21.34,21.46,21.32,21.44,297884,0.0
2019-11-19,21.31,21.36,21.17,21.24,366682,0.0
2019-11-20,21.18,21.3,21.07,21.15,412413,0.0
2019-11-21,21.12,21.1378,21.02,21.07,237564,0.0
2019-11-22,21.2,21.25,21.0933,21.18,412057,0.0
2019-11-25,21.33,21.59,21.33,21.59,584755,0.0
2019-11-26,21.6,21.67,21.55,21.59,324843,0.0
2019-11-27,21.68,21.7,21.62,21.69,324478,0.0
2019-11-29,21.53,21.53,21.43,21.45,228631,0.0
2019-12-02,21.52,21.55,21.16,21.18,637520,0.0
2019-12-03,21.02,21.27,20.9544,21.27,552078,0.0
2019-12-04,21.43,21.55,21.43,21.48,322118,0.0
2019-12-05,21.53,21.55,21.43,21.47,266352,0.0
2019-12-06,21.69,21.81,21.64,21.8,566158,0.0
2019-12-09,21.75,21.79,21.65,21.65,275422,0.0
2019-12-10,21.56,21.73,21.56,21.66,255765,0.0
2019-12-11,21.62,21.76,21.6,21.76,310353,0.0
2019-12-12,21.73,22.09,21.7,22.09,899183,0.0
2019-12-13,22.12,22.4,22.118,22.28,581195,0.0
2019-12-16,22.32,22.4196,22.2901,22.33,490377,0.0
2019-12-17,22.22,22.33,22.2,22.29,361197,0.0
2019-12-18,22.11,22.14,22.04,22.05,368230,0.0
2019-12-19,22.06,22.16,22.03,22.15,382243,0.0
2019-12-20,22.16,22.2,22.05,22.05,363252,0.0
2019-12-23,22.05,22.13,22.0234,22.1,297601,0.0
2019-12-24,22.12,22.15,22.0931,22.12,139699,0.0
2019-12-26,22.15,22.278,22.14,22.27,364423,0.0
2019-12-27,22.27,22.28,22.12,22.12,333995,0.0
2019-12-30,22.09,22.12,21.86,21.86,380584,0.0
2019-12-31,21.81,21.92,21.73,21.87,308363,0.0
2020-01-02,22.11,22.25,22.0694,22.25,359472,0.0
2020-01-03,22.0,22.0654,21.86,21.93,441839,0.0
2020-01-06,21.98,22.2,21.95,22.2,650784,0.0
2020-01-07,22.2,22.21,22.05,22.09,233937,0.0
2020-01-08,22.05,22.28,22.04,22.27,473514,0.0
2020-01-09,22.34,22.43,22.29,22.41,417178,0.0
2020-01-10,22.49,22.61,22.37,22.37,452788,0.0
2020-01-13,22.44,22.6,22.4,22.6,419154,0.0
2020-01-14,22.6,22.69,22.48,22.63,281113,0.0
2020-01-15,22.62,22.62,22.42,22.43,298149,0.0
2020-01-16,22.49,22.56,22.41,22.52,380805,0.0
2020-01-17,22.58,22.62,22.49,22.54,237684,0.0
2020-01-21,22.44,22.46,22.27,22.27,600953,0.0
2020-01-22,22.45,22.5,22.3834,22.4,379983,0.0
2020-01-23,22.42,22.58,22.31,22.58,439067,0.0
2020-01-24,22.63,22.68,22.31,22.36,537224,0.0
2020-01-27,21.7,21.83,21.6,21.7,782357,0.0
2020-01-28,21.8,22.01,21.73,21.98,443999,0.0
2020-01-29,22.23,22.23,21.96,22.01,367700,0.0
2020-01-30,21.86,22.0,21.7,22.0,380196,0.0
2020-01-31,21.77,21.77,21.37,21.41,1050996,0.0
2020-02-03,21.6,21.75,21.54,21.71,544145,0.0
2020-02-04,21.98,22.18,21.97,22.18,962308,0.0
2020-02-05,22.47,22.495,22.31,22.45,470451,0.0
2020-02-06,22.5,22.55,22.36,22.54,284309,0.0
2020-02-07,22.36,22.44,22.24,22.24,426555,0.0
2020-02-10,22.27,22.58,22.27,22.58,414628,0.0
2020-02-11,22.62,22.95,22.62,22.93,1473860,0.0
2020-02-12,23.0,23.0699,22.9501,23.06,482785,0.0
2020-02-13,22.84,22.9466,22.8,22.82,365930,0.0
2020-02-14,22.88,22.939,22.803,22.86,564670,0.0
2020-02-18,22.61,22.7,22.5,22.59,439139,0.0
2020-02-19,22.59,22.849,22.59,22.77,749152,0.0
2020-02-20,22.74,22.85,22.36,22.68,778742,0.0
2020-02-21,22.52,22.57,22.185,22.24,729578,0.0
2020-02-24,21.2,21.41,21.07,21.13,1552351,0.0
2020-02-25,21.42,21.5,20.645,20.72,2050269,0.0
2020-02-26,20.93,21.265,20.81,20.88,1553993,0.0
2020-02-27,20.32,20.71,19.95,19.96,2294561,0.0
2020-02-28,19.42,20.28,19.339,20.27,1720872,0.0
2020-03-02,20.3,20.56,19.85,20.56,1263011,0.0
2020-03-03,20.6,20.88,19.9,20.13,1120143,0.0
2020-03-04,20.49,20.97,20.34,20.97,880242,0.0
2020-03-05,20.31,20.56,20.09,20.2,1068758,0.0
2020-03-06,19.74,19.99,19.5,19.77,922853,0.0
2020-03-09,18.58,18.7,17.953,18.04,1680014,0.0
2020-03-10,18.857,18.95,18.055,18.88,1699551,0.0
2020-03-11,18.49,18.53,17.78,17.92,1336580,0.0
2020-03-12,16.5,16.5056,15.81,15.83,2018371,0.0
2020-03-13,16.93,17.25,16.0,17.25,1250319,0.0
2020-03-16,15.47,16.26,15.02,15.11,1509982,0.0
2020-03-17,15.67,16.31,15.271,16.19,1559141,0.0
2020-03-18,15.28,15.75,14.77,15.62,1301115,0.0
2020-03-19,15.28,16.0001,15.1,15.73,935911,0.0
2020-03-20,15.97,16.37,15.41,15.55,2291633,0.0
2020-03-23,15.56,15.78,15.2,15.465,1309222,0.0
2020-03-24,16.65,17.44,16.65,17.44,1395145,0.0
2020-03-25,17.53,18.09,17.03,17.76,918012,0.0
2020-03-26,17.97,18.75,17.92,18.72,1043860,0.0
2020-03-27,18.0,18.64,18.0,18.17,796059,0.0
2020-03-30,18.2,18.48,18.002,18.47,675652,0.0
2020-03-31,18.06,18.555,18.021,18.14,614192,0.0
2020-04-01,17.51,17.58,17.07,17.07,987983,0.0
2020-04-02,17.08,17.5,17.025,17.45,615357,0.0
2020-04-03,17.21,17.37,16.78,16.92,543108,0.0
2020-04-06,17.6,18.3,17.5,18.22,719923,0.0
2020-04-07,18.98,19.045,18.1,18.1,398997,0.0
2020-04-08,18.25,18.525,17.99,18.49,696221,0.0
2020-04-09,18.77,19.01,18.61,18.8,548405,0.0
2020-04-13,18.72,18.75,18.5,18.65,430664,0.0
2020-04-14,19.1,19.44,19.04,19.39,798665,0.0
2020-04-15,18.93,18.97,18.7101,18.81,703053,0.0
2020-04-16,18.85,18.97,18.64,18.94,802313,0.0
2020-04-17,19.28,19.3433,19.0,19.29,570596,0.0
2020-04-20,19.05,19.36,19.0,19.0,591451,0.0
2020-04-21,18.86,18.94,18.49,18.51,896312,0.0
2020-04-22,18.92,19.26,18.91,19.21,756450,0.0
2020-04-23,19.34,19.53,19.16,19.22,538725,0.0
2020-04-24,19.42,19.53,19.22,19.5,530745,0.0
2020-04-27,19.8,20.09,19.7,20.04,1282734,0.0
2020-04-28,20.48,20.5999,20.18,20.28,586191,0.0
2020-04-29,20.66,21.055,20.6224,20.98,1099975,0.0
2020-04-30,20.67,20.71,20.39,20.42,857687,0.0
2020-05-01,20.01,20.13,19.8,19.84,674784,0.0
2020-05-04,19.68,20.0,19.66,20.0,550392,0.0
2020-05-05,20.24,20.385,20.13,20.21,374613,0.0
2020-05-06,20.36,20.4293,20.1533,20.16,373802,0.0
2020-05-07,20.71,20.9,20.65,20.85,604978,0.0
2020-05-08,21.14,21.18,20.96,21.18,688653,0.0
2020-05-11,21.08,21.46,21.08,21.42,545483,0.0
2020-05-12,21.46,21.47,20.93,20.93,651146,0.0
2020-05-13,21.23,21.35,20.78,21.01,744201,0.0
2020-05-14,20.55,20.81,20.27,20.76,720287,0.0
2020-05-15,20.74,21.17,20.71,21.17,615451,0.0
2020-05-18,21.6,22.1,21.5,22.04,1161760,0.0
2020-05-19,21.96,22.25,21.9,21.95,905596,0.0
2020-05-20,22.42,22.69,22.42,22.55,1125970,0.0
2020-05-21,22.54,22.57,22.22,22.25,635824,0.0
2020-05-22,22.25,22.63,22.205,22.62,684861,0.0
2020-05-26,23.13,23.25,23.0,23.08,1268216,0.0
2020-05-27,23.24,23.25,22.615,23.11,765106,0.0
2020-05-28,23.29,23.65,23.211,23.24,1779792,0.0
2020-05-29,23.07,23.22,22.8101,23.18,1537397,0.0
2020-06-01,23.41,23.63,23.21,23.61,928525,0.0
2020-06-02,23.65,23.68,23.45,23.62,813853,0.0
2020-06-03,23.67,23.89,23.63,23.83,936002,0.0
2020-06-04,23.71,23.85,23.5582,23.61,817126,0.0
2020-06-05,23.84,24.19,23.84,24.01,1594752,0.0
2020-06-08,23.92,24.05,23.72,24.05,937697,0.0
2020-06-09,23.81,24.115,23.72,24.02,578636,0.0
2020-06-10,24.15,24.22,23.96,24.05,606432,0.0
2020-06-11,23.54,23.63,22.68,22.68,1891842,0.0
2020-06-12,23.3,23.59,22.71,23.14,1290305,0.0
2020-06-15,22.65,23.28,22.41,23.23,914643,0.0
2020-06-16,23.79,23.92,23.25,23.66,1136921,0.0
2020-06-17,23.84,24.04,22.65,23.87,885258,0.0
2020-06-18,23.8,23.8,23.6,23.69,567322,0.0
2020-06-19,24.0,24.1,23.65,23.66,930434,0.0
2020-06-22,23.77,24.03,23.67,24.03,578477,0.0
2020-06-23,24.22,24.3,24.035,24.06,757490,0.0
2020-06-24,24.04,24.08,23.44,23.58,989313,0.0
2020-06-25,23.74,24.08,23.58,24.06,807842,0.0
2020-06-26,23.92,23.92,23.5,23.56,829515,0.0
2020-06-29,23.54,23.79,23.42,23.76,721819,0.0
2020-06-30,23.75,23.98,23.6471,23.87,555598,0.0
2020-07-01,23.97,24.07,23.89,24.01,1693137,0.0
2020-07-02,24.05,24.18,24.01,24.03,677005,0.0
2020-07-06,24.5,24.69,24.5,24.63,1213163,0.0
2020-07-07,24.59,24.735,24.39,24.45,749083,0.0
2020-07-08,24.48,24.69,24.37,24.69,530037,0.0
2020-07-09,24.74,24.8,24.37,24.58,635804,0.0
2020-07-10,24.79,24.92,24.685,24.92,1198465,0.0
2020-07-13,24.89,25.0,24.3,24.39,1313152,0.0
2020-07-14,24.33,24.78,24.265,24.77,930807,0.0
2020-07-15,25.2,25.37,25.07,25.25,883526,0.0
2020-07-16,24.91,24.98,24.8001,24.82,741951,0.0
2020-07-17,24.97,25.23,24.95,25.23,615096,0.0
2020-07-20,25.23,25.51,25.12,25.49,636850,0.0
2020-07-21,25.59,25.69,25.52,25.54,602626,0.0
2020-07-22,25.56,25.7399,25.53,25.67,604936,0.0
2020-07-23,25.68,25.95,25.465,25.63,837612,0.0
2020-07-24,25.43,25.5199,25.25,25.36,666686,0.0
2020-07-27,25.63,25.98,25.63,25.91,979449,0.0
2020-07-28,25.78,25.89,25.55,25.58,684082,0.0
2020-07-29,25.58,25.86,25.58,25.83,545954,0.0
2020-07-30,25.41,25.73,25.2,25.66,614476,0.0
2020-07-31,25.51,25.54,25.115,25.32,716544,0.0
2020-08-03,25.52,25.9,25.44,25.89,994354,0.0
2020-08-04,25.76,26.04,25.73,26.04,603594,0.0
2020-08-05,26.25,26.3928,26.1,26.31,799268,0.0
2020-08-06,26.33,26.385,26.16,26.37,712345,0.0
2020-08-07,26.26,26.36,26.06,26.27,604767,0.0
2020-08-10,26.26,26.3399,26.11,26.3,671787,0.0
2020-08-11,26.7,26.72,26.305,26.36,1217364,0.0
2020-08-12,26.74,27.07,26.73,27.06,1273063,0.0
2020-08-13,27.04,27.09,26.9,26.97,774049,0.0
2020-08-14,26.97,27.035,26.855,26.93,441955,0.0
2020-08-17,27.1,27.41,27.1,27.41,965947,0.0
2020-08-18,27.44,27.5,27.22,27.31,704739,0.0
2020-08-19,27.34,27.34,27.04,27.04,693046,0.0
2020-08-20,26.83,26.9699,26.66,26.92,680952,0.0
2020-08-21,26.65,26.8,26.6,26.8,545361,0.0
2020-08-24,27.2,27.27,26.925,27.06,1170480,0.0
2020-08-25,27.04,27.13,26.93,27.06,526729,0.0
2020-08-26,27.06,27.19,27.04,27.15,628146,0.0
2020-08-27,27.15,27.152,26.73,26.84,946298,0.0
2020-08-28,26.9,27.18,26.9,27.15,717091,0.0
2020-08-31,27.09,27.21,26.9499,27.1,944456,0.0
2020-09-01,27.2,27.49,27.1091,27.49,910799,0.0
2020-09-02,27.94,28.13,27.747,28.13,1182431,0.0
2020-09-03,27.84,27.84,26.84,27.01,3905698,0.0
2020-09-04,27.03,27.19,26.02,26.92,2041667,0.0
2020-09-08,26.385,26.88,26.34,26.54,1294509,0.0
2020-09-09,26.975,27.21,26.85,27.13,1355430,0.0
2020-09-10,27.25,27.36,26.76,26.81,1258966,0.0
2020-09-11,27.1,27.21,26.75,26.88,1117106,0.0
2020-09-14,27.34,27.55,27.27,27.46,1040691,0.0
2020-09-15,27.78,27.88,27.67,27.77,882383,0.0
2020-09-16,27.84,27.93,27.64,27.68,777348,0.0
2020-09-17,27.27,27.587,27.27,27.56,889633,0.0
2020-09-18,27.72,27.72,27.2,27.37,862216,0.0
2020-09-21,26.82,26.905,26.49,26.85,1307118,0.0
2020-09-22,26.86,27.09,26.655,27.07,963277,0.0
2020-09-23,27.2,27.32,26.785,26.83,877652,0.0
2020-09-24,26.66,27.04,26.53,26.78,647651,0.0
2020-09-25,26.69,27.17,26.65,27.16,730467,0.0
2020-09-28,27.4,27.56,27.3501,27.56,952539,0.0
2020-09-29,27.79,28.07,27.79,27.9,1710158,0.0
2020-09-30,27.86,28.1,27.8,27.87,948458,0.0
2020-10-01,28.13,28.29,28.03,28.24,911529,0.0
2020-10-02,27.68,28.05,27.63,27.98,1156568,0.0
2020-10-05,27.98,28.28,27.98,28.27,1113331,0.0
2020-10-06,28.32,28.59,28.08,28.19,1289809,0.0
2020-10-07,28.45,28.685,28.45,28.66,1806821,0.0
2020-10-08,28.88,28.9,28.7,28.75,758094,0.0
2020-10-09,28.83,29.06,28.83,29.03,1075352,0.0
2020-10-12,29.23,29.2977,29.1,29.27,1240458,0.0
2020-10-13,29.26,29.359,29.1697,29.27,589154,0.0
2020-10-14,29.37,29.47,29.17,29.24,733397,0.0
2020-10-15,28.67,28.93,28.61,28.89,1083238,0.0
2020-10-16,28.89,29.09,28.875,28.9,710234,0.0
2020-10-19,29.05,29.255,28.79,28.86,945086,0.0
2020-10-20,29.04,29.29,29.035,29.13,3627859,0.0
2020-10-21,29.24,29.24,28.96,28.97,827444,0.0
2020-10-22,29.01,29.08,28.78,29.04,1035662,0.0
2020-10-23,29.1,29.14,28.875,29.04,689251,0.0
2020-10-26,28.75,28.77,28.24,28.42,2435190,0.0
2020-10-27,28.57,28.65,28.47,28.52,705087,0.0
2020-10-28,28.01,28.17,27.7,27.72,2211499,0.0
2020-10-29,27.98,28.24,27.9299,28.09,2190272,0.0
2020-10-30,27.89,27.99,27.53,27.71,1524194,0.0
2020-11-02,28.0,28.05,27.74,27.95,1132481,0.0
2020-11-03,28.38,28.77,28.34,28.65,1160399,0.0
2020-11-04,28.96,29.32,28.72,29.12,1244348,0.0
2020-11-05,29.69,29.95,29.65,29.93,1345833,0.0
2020-11-06,29.76,29.965,29.58,29.86,983111,0.0
2020-11-09,30.965,31.0,30.3,30.6,1443683,0.0
2020-11-10,29.94,30.019,29.6,29.77,1250853,0.0
2020-11-11,30.11,30.35,30.0913,30.22,930027,0.0
2020-11-12,30.3,30.31,29.93,30.0,581214,0.0
2020-11-13,30.29,30.5,30.185,30.5,736111,0.0
2020-11-16,30.86,31.08,30.79,31.08,995303,0.0
2020-11-17,30.8,30.91,30.55,30.84,772201,0.0
2020-11-18,31.1,31.19,30.79,30.79,684739,0.0
2020-11-19,30.69,30.95,30.61,30.95,649435,0.0
2020-11-20,30.98,31.15,30.94,31.06,560764,0.0
2020-11-23,31.31,31.35,30.98,31.16,958379,0.0
2020-11-24,31.47,31.58,31.25,31.57,990677,0.0
2020-11-25,31.57,31.6621,31.365,31.56,998782,0.0
2020-11-27,31.81,32.0,31.7635,32.0,919792,0.0
2020-11-30,32.05,32.08,31.65,31.65,1394624,0.0
2020-12-01,32.276,32.46,32.12,32.4,1042406,0.0
2020-12-02,32.37,32.41,32.2098,32.35,847953,0.0
2020-12-03,32.36,32.47,32.27,32.35,524552,0.0
2020-12-04,32.29,32.7,32.28,32.7,1057880,0.0
2020-12-07,32.35,32.41,32.12,32.2,811941,0.0
2020-12-08,32.2,32.385,32.13,32.35,622650,0.0
2020-12-09,32.665,32.665,31.96,32.15,696941,0.0
2020-12-10,31.92,32.245,31.81,32.15,965256,0.0
2020-12-11,32.0,32.1,31.8,32.03,531915,0.0
2020-12-14,32.4,32.509,32.2,32.26,742950,0.0
2020-12-15,32.33,32.6,32.31,32.6,1067575,0.0
2020-12-16,32.6,32.67,32.34,32.5,680907,0.0
2020-12-17,32.8,32.92,32.74,32.92,899486,0.0
2020-12-18,32.99,33.0,32.715,32.8,915680,0.0
2020-12-21,32.17,32.6899,32.07,32.62,893185,0.0
2020-12-22,32.7,32.865,32.6,32.83,934646,0.0
2020-12-23,33.04,33.19,33.02,33.08,703088,0.0
2020-12-24,33.11,33.11,32.9299,32.96,266568,0.0
2020-12-28,33.24,33.2811,33.06,33.13,554079,0.0
2020-12-29,33.457,33.5,33.145,33.25,573212,0.0
2020-12-30,33.38,33.6,33.3358,33.39,817857,0.0
2020-12-31,33.37,33.37,33.07,33.135,739337,0.0
2021-01-04,33.49,33.52,32.8101,33.0,1379565,0.0
2021-01-05,33.13,33.67,33.12,33.59,1043195,0.0
2021-01-06,33.45,33.86,33.34,33.64,1455129,0.0
2021-01-07,33.846,34.175,33.765,34.15,1163933,0.0
2021-01-08,34.48,34.62,33.95,34.38,1202157,0.0
2021-01-11,34.01,34.325,33.8888,34.18,1307760,0.0
2021-01-12,34.25,34.375,34.06,34.37,983305,0.0
2021-01-13,34.4,34.5281,34.28,34.4,640174,0.0
2021-01-14,34.81,35.35,34.81,35.26,1073269,0.0
2021-01-15,34.86,34.86,34.28,34.52,1208538,0.0
2021-01-19,34.92,35.12,34.76,35.1,1132632,0.0
2021-01-20,35.35,35.65,35.3,35.62,1617383,0.0
2021-01-21,35.74,35.74,35.345,35.61,1058179,0.0
2021-01-22,35.5175,35.519,35.2101,35.42,689973,0.0
2021-01-25,35.53,36.01,35.25,35.59,945400,0.0
2021-01-26,35.62,35.64,35.241,35.45,915497,0.0
2021-01-27,35.06,35.33,34.71,34.94,1391016,0.0
2021-01-28,34.81,35.0799,34.7601,34.78,1159950,0.0
2021-01-29,34.42,34.57,33.74,33.85,1367991,0.0
2021-02-01,34.49,34.64,34.21,34.58,689738,0.0
2021-02-02,34.86,35.07,34.6401,35.07,1118527,0.0
2021-02-03,35.008,35.14,34.789,34.87,752161,0.0
2021-02-04,34.64,34.82,34.54,34.81,1431652,0.0
2021-02-05,34.98,35.0699,34.82,35.06,580941,0.0
2021-02-08,35.28,35.63,35.2575,35.63,896708,0.0
2021-02-09,35.84,36.11,35.81,36.11,888293,0.0
2021-02-10,36.09,36.32,35.671,36.08,1302724,0.0
2021-02-11,36.28,36.41,36.01,36.34,680578,0.0
2021-02-12,36.18,36.46,36.02,36.46,597975,0.0
2021-02-16,36.77,36.86,36.27,36.37,1227187,0.0
2021-02-17,36.21,36.21,35.47,35.76,987977,0.0
2021-02-18,35.31,35.46,34.95,35.41,1410329,0.0
2021-02-19,35.6,35.97,35.6,35.8,723635,0.0
2021-02-22,35.401,35.47,35.0,35.0,895612,0.0
2021-02-23,34.55,34.7,33.54,34.56,1821000,0.0
2021-02-24,34.1,34.66,33.82,34.64,1357221,0.0
2021-02-25,34.56,34.75,33.41,33.56,1307742,0.0
2021-02-26,33.52,33.89,33.08,33.62,1696745,0.0
2021-03-01,34.0,34.43,34.0,34.43,735257,0.0
2021-03-02,34.7,34.7,34.12,34.13,1923980,0.0
2021-03-03,33.81,33.86,33.15,33.15,1510014,0.0
2021-03-04,33.05,33.14,31.79,32.15,3032414,0.0
2021-03-05,32.48,32.62,31.24,32.52,1609505,0.0
2021-03-08,32.08,32.35,31.5101,31.53,2039906,0.0
2021-03-09,32.01,32.51,31.975,32.37,1658150,0.0
2021-03-10,32.67,33.0201,32.621,32.74,847974,0.0
2021-03-11,33.2,33.42,32.97,33.38,666624,0.0
2021-03-12,33.25,33.495,33.15,33.49,1124695,0.0
2021-03-15,33.5,33.75,33.35,33.75,509571,0.0
2021-03-16,33.91,33.9489,33.45,33.6,550360,0.0
2021-03-17,33.3,33.88,33.225,33.83,672778,0.0
2021-03-18,33.7,33.91,33.12,33.13,881107,0.0
2021-03-19,33.13,33.475,32.96,33.4,594931,0.0
2021-03-22,33.23,33.6,33.12,33.43,620327,0.0
2021-03-23,33.26,33.26,32.35,32.44,824290,0.0
2021-03-24,32.587,32.64,31.93,31.93,1013241,0.0
2021-03-25,31.7,32.54,31.7,32.49,894183,0.0
2021-03-26,32.62,33.15,32.58,33.15,645792,0.0
2021-03-29,33.042,33.13,32.72,32.75,473015,0.0
2021-03-30,32.63,32.94,32.47,32.86,470490,0.0
2021-03-31,32.76,33.2581,32.76,33.14,1149222,0.0
2021-04-01,33.42,34.05,33.42,34.05,587388,0.0
2021-04-05,34.36,34.7411,34.3445,34.7,1087989,0.0
2021-04-06,34.496,34.7,34.42,34.47,906765,0.0
2021-04-07,34.47,34.47,34.09,34.15,551975,0.0
2021-04-08,34.53,34.59,34.41,34.59,498985,0.0
2021-04-09,34.64,34.71,34.53,34.71,323707,0.0
2021-04-12,34.37,34.475,34.09,34.45,370998,0.0
2021-04-13,34.45,34.75,34.45,34.75,364536,0.0
2021-04-14,34.75,34.89,34.54,34.61,514825,0.0
2021-04-15,34.94,35.17,34.7453,35.14,723178,0.0
2021-04-16,35.28,35.44,35.12,35.42,684430,0.0
2021-04-19,35.4,35.4,34.67,34.88,665452,0.0
2021-04-20,34.53,34.63,33.99,34.16,702204,0.0
2021-04-21,33.99,34.78,33.93,34.78,460255,0.0
2021-04-22,34.96,35.14,34.63,34.75,733215,0.0
2021-04-23,34.8,35.24,34.755,35.12,556048,0.0
2021-04-26,35.13,35.4236,35.125,35.4,491694,0.0
2021-04-27,35.29,35.29,34.97,35.02,604731,0.0
2021-04-28,35.1,35.185,34.87,35.06,664922,0.0
2021-04-29,35.25,35.26,34.49,34.83,625982,0.0
2021-04-30,34.51,34.63,34.255,34.34,444511,0.0
2021-05-03,34.6,34.62,34.22,34.27,929118,0.0
2021-05-04,33.88,33.88,32.95,33.31,1234778,0.0
2021-05-05,33.74,33.79,33.48,33.71,1214628,0.0
2021-05-06,33.65,33.8,33.38,33.78,848525,0.0
2021-05-07,33.9,34.31,33.9,34.27,435416,0.0
2021-05-10,34.26,34.26,33.38,33.38,669048,0.0
2021-05-11,32.565,33.12,32.32,33.0,943239,0.0
2021-05-12,32.3,32.4,31.6,31.65,876788,0.0
2021-05-13,31.77,32.14,31.65,32.01,582855,0.0
2021-05-14,32.33,32.92,32.26,32.85,614210,0.0
2021-05-17,32.431,32.47,32.12,32.35,769402,0.0
2021-05-18,32.68,32.933,32.55,32.56,461004,0.0
2021-05-19,32.08,32.435,31.91,32.36,532105,0.0
2021-05-20,32.69,33.08,32.6739,32.97,481506,0.0
2021-05-21,33.3,33.3501,32.99,33.14,583845,0.0
2021-05-24,33.3,33.565,33.2324,33.48,339976,0.0
2021-05-25,33.61,33.62,33.28,33.37,319086,0.0
2021-05-26,33.5,33.69,33.44,33.67,318960,0.0
2021-05-27,33.68,33.92,33.6319,33.89,386311,0.0
2021-05-28,34.13,34.4,34.1151,34.25,390958,0.0
2021-06-01,34.49,34.49,34.145,34.26,387893,0.0
2021-06-02,34.32,34.51,34.21,34.45,289823,0.0
2021-06-03,34.21,34.469,34.09,34.32,309717,0.0
2021-06-04,34.58,34.98,34.5779,34.93,537975,0.0
2021-06-07,34.943,35.09,34.85,35.06,630217,0.0
2021-06-08,35.02,35.03,34.74,34.92,304721,0.0
2021-06-09,34.99,34.99,34.5,34.52,393619,0.0
2021-06-10,34.55,34.7483,34.45,34.67,416755,0.0
2021-06-11,34.87,34.92,34.68,34.92,302802,0.0
2021-06-14,34.97,35.2132,34.96,35.19,371123,0.0
2021-06-15,35.22,35.239,35.02,35.15,380941,0.0
2021-06-16,35.16,35.32,34.8,35.04,894283,0.0
2021-06-17,34.855,35.13,34.81,35.08,393919,0.0
2021-06-18,34.79,34.815,34.4,34.4,458776,0.0
2021-06-21,34.5,34.79,34.23,34.77,795727,0.0
2021-06-22,34.92,34.975,34.51,34.89,301937,0.0
2021-06-23,34.92,34.96,34.67,34.73,326324,0.0
2021-06-24,34.94,35.195,34.93,35.18,610777,0.0
2021-06-25,35.41,35.425,35.2,35.22,249871,0.0
2021-06-28,35.19,35.395,35.19,35.39,285223,0.0
2021-06-29,35.28,35.42,35.17,35.25,200333,0.0
2021-06-30,35.09,35.09,34.765,34.95,304955,0.0
2021-07-01,34.98,35.005,34.53,34.71,315180,0.0
2021-07-02,34.95,35.11,34.67,34.84,389911,0.0
2021-07-06,34.95,34.99,34.59,34.85,493414,0.0
2021-07-07,35.14,35.14,34.43,34.53,423695,0.0
2021-07-08,33.93,34.37,33.76,34.18,614784,0.0
2021-07-09,34.542,34.78,34.45,34.78,455760,0.0
2021-07-12,34.83,35.16,34.82,35.15,343285,0.0
2021-07-13,35.08,35.08,34.61,34.61,502829,0.0
2021-07-14,34.81,34.81,34.21,34.22,475342,0.0
2021-07-15,34.06,34.06,33.465,33.74,593535,0.0
2021-07-16,33.76,33.87,33.265,33.37,349992,0.0
2021-07-19,32.62,32.875,32.5,32.76,1579423,0.0
2021-07-20,32.83,33.43,32.68,33.34,425103,0.0
2021-07-21,33.55,33.88,33.4,33.87,472850,0.0
2021-07-22,34.01,34.04,33.71,33.8,282266,0.0
2021-07-23,33.97,33.97,33.68,33.86,229277,0.0
2021-07-26,33.75,33.94,33.6885,33.88,297448,0.0
2021-07-27,33.73,33.73,33.14,33.48,623107,0.0
2021-07-28,33.54,34.05,33.54,33.92,725933,0.0
2021-07-29,34.21,34.35,34.17,34.22,495547,0.0
2021-07-30,34.07,34.28,33.96,34.01,352661,0.0
2021-08-02,34.27,34.5,34.27,34.39,364395,0.0
2021-08-03,34.53,34.6,34.251,34.59,308649,0.0
2021-08-04,34.31,34.57,34.31,34.42,354065,0.0
2021-08-05,34.6,34.825,34.48,34.8,338079,0.0
2021-08-06,34.58,34.595,34.27,34.36,254899,0.0
2021-08-09,34.24,34.6665,34.24,34.57,259225,0.0
2021-08-10,34.8,34.81,34.46,34.48,235658,0.0
2021-08-11,35.15,35.184,34.77,35.14,607650,0.0
2021-08-12,34.98,35.38,34.98,35.27,457395,0.0
2021-08-13,35.1,35.43,35.1,35.43,345166,0.0
2021-08-16,34.97,35.06,34.65,35.0,676674,0.0
2021-08-17,34.39,34.775,34.32,34.69,1252145,0.0
2021-08-18,34.61,35.0,34.56,34.69,455985,0.0
2021-08-19,34.385,34.8473,34.25,34.5,588712,0.0
2021-08-20,34.47,34.78,34.4506,34.7,397640,0.0
2021-08-23,35.26,35.775,35.22,35.74,502556,0.0
2021-08-24,35.84,36.55,35.84,36.44,501067,0.0
2021-08-25,36.3,36.4162,36.18,36.25,446322,0.0
2021-08-26,36.23,36.42,35.99,36.19,648531,0.0
2021-08-27,36.12,36.8,36.12,36.8,395974,0.0
2021-08-30,36.8,36.895,36.565,36.6,401339,0.0
2021-08-31,36.81,36.8484,36.605,36.67,410449,0.0
2021-09-01,36.99,37.36,36.99,37.3,752858,0.0
2021-09-02,37.55,37.8999,37.48,37.71,564779,0.0
2021-09-03,38.09,38.48,38.08,38.46,834989,0.0
2021-09-07,38.75,39.015,38.51,38.91,1744641,0.0
2021-09-08,38.8,38.87,38.22,38.5,691101,0.0
2021-09-09,38.72,39.0,38.62,38.91,456480,0.0
2021-09-10,39.18,39.285,38.44,38.44,805372,0.0
2021-09-13,39.03,39.03,38.43,38.85,657945,0.0
2021-09-14,38.9,39.045,38.53,38.61,500041,0.0
2021-09-15,38.81,39.15,38.65,39.15,575051,0.0
2021-09-16,38.84,39.035,38.6299,39.0,369094,0.0
2021-09-17,39.03,39.1277,38.7301,39.0,405805,0.0
2021-09-20,38.0,38.43,37.77,38.14,895507,0.0
2021-09-21,38.53,38.91,38.35,38.69,627582,0.0
2021-09-22,38.7,38.89,38.48,38.7,433793,0.0
2021-09-23,38.96,39.445,38.91,39.39,607751,0.0
2021-09-24,38.89,38.93,38.66,38.77,945158,0.0
2021-09-27,38.32,38.545,37.932,38.32,566957,0.0
2021-09-28,37.51,37.62,36.9168,36.96,730826,0.0
2021-09-29,37.14,37.24,36.67,36.72,428278,0.0
2021-09-30,36.88,37.06,36.52,36.57,504900,0.0
2021-10-01,36.32,36.39,35.54,36.12,1375290,0.0
2021-10-04,35.63,35.64,34.6,34.77,1399843,0.0
2021-10-05,35.09,35.42,34.88,35.25,776487,0.0
2021-10-06,34.56,35.25,34.37,35.22,1023406,0.0
2021-10-07,35.6,35.995,35.58,35.64,472838,0.0
2021-10-08,35.78,35.89,35.39,35.43,893623,0.0
2021-10-11,35.51,35.72,35.2,35.2,374062,0.0
2021-10-12,35.3,35.55,35.17,35.44,652141,0.0
2021-10-13,35.68,35.9,35.48,35.9,466074,0.0
2021-10-14,36.48,36.98,36.37,36.98,673809,0.0
2021-10-15,37.51,37.7473,37.38,37.55,456747,0.0
2021-10-18,37.1,37.43,36.77,37.33,484282,0.0
2021-10-19,37.63,37.8886,37.53,37.61,398901,0.0
2021-10-20,37.5,37.6,37.24,37.43,670956,0.0
2021-10-21,37.13,37.375,37.0,37.12,496143,0.0
2021-10-22,37.37,37.37,36.98,37.11,511900,0.0
2021-10-25,37.14,37.625,37.02,37.53,521250,0.0
2021-10-26,37.71,37.95,37.04,37.22,1128522,0.0
2021-10-27,36.91,37.0751,36.59,36.6,706521,0.0
2021-10-28,36.97,37.49,36.95,37.48,616564,0.0
2021-10-29,37.4,37.69,37.4,37.68,339363,0.0
2021-11-01,38.06,38.49,38.04,38.48,656152,0.0
2021-11-02,38.51,38.65,38.4,38.65,468328,0.0
2021-11-03,38.7,39.0,38.4675,38.98,545970,0.0
2021-11-04,39.39,39.99,39.359,39.77,675018,0.0
2021-11-05,39.97,39.985,39.46,39.75,611955,0.0
2021-11-08,39.75,39.89,39.55,39.83,430560,0.0
2021-11-09,39.94,39.99,39.31,39.43,472406,0.0
2021-11-10,38.052,38.6574,37.605,37.81,1062871,0.0
2021-11-11,38.36,38.37,37.86,37.89,368223,0.0
2021-11-12,37.99,38.47,37.95,38.47,418409,0.0
2021-11-15,38.72,38.76,37.92,38.06,607999,0.0
2021-11-16,37.93,38.27,37.84,38.22,417076,0.0
2021-11-17,38.31,38.38,38.06,38.12,547440,0.0
2021-11-18,38.66,38.8,38.165,38.39,777575,0.0
2021-11-19,38.47,38.579,38.27,38.32,412607,0.0
2021-11-22,38.38,38.49,37.47,37.47,580458,0.0
2021-11-23,37.37,37.48,36.62,37.01,581508,0.0
2021-11-24,36.51,37.24,36.33,37.21,414783,0.0
2021-11-26,36.45,36.68,36.12,36.32,575830,0.0
2021-11-29,36.78,37.05,36.4,36.87,599397,0.0
2021-11-30,36.66,37.0,35.911,36.2,556683,0.0
2021-12-01,37.01,37.01,35.41,35.41,630808,0.0
2021-12-02,35.66,36.17,35.42,36.05,595529,0.0
2021-12-03,36.305,36.305,35.02,35.48,645741,0.0
2021-12-06,35.46,35.79,34.79,35.72,534430,0.0
2021-12-07,36.52,37.12,36.44,37.03,456992,0.0
2021-12-08,37.16,37.395,36.83,37.26,485641,0.0
2021-12-09,36.88,37.14,36.21,36.21,713421,0.0
2021-12-10,36.75,36.75,36.06,36.17,335061,0.0
2021-12-13,36.22,36.31,35.58,35.59,485610,0.0
2021-12-14,35.22,35.36,34.7199,35.05,554523,0.0
2021-12-15,35.11,35.98,34.835,35.98,687942,0.0
2021-12-16,36.41,36.44,35.19,35.29,563105,0.0
2021-12-17,34.87,35.43,34.685,35.05,441358,0.0
2021-12-20,34.52,34.74,34.38,34.68,509046,0.0
2021-12-21,35.02,35.7,34.92,35.69,456689,0.0
2021-12-22,35.51,36.0,35.36,35.96,305831,0.0
2021-12-23,36.06,36.4298,35.9499,36.33,620285,0.0
2021-12-27,36.43,36.855,36.385,36.8,528807,0.0
2021-12-28,36.8,36.8699,36.36,36.38,385170,0.0
2021-12-29,36.3,36.36,35.82,35.99,454597,0.0
2021-12-30,35.92,36.36,35.92,36.1,273866,0.0
2021-12-31,36.09,36.22,35.94,35.94,232308,0.0
2022-01-03,36.15,36.23,35.82,36.09,295592,0.0
2022-01-04,36.26,36.3,35.53,35.87,549737,0.0
2022-01-05,35.8,36.07,34.8,34.8,730580,0.0
2022-01-06,34.51,34.785,34.09,34.47,827348,0.0
2022-01-07,34.15,34.39,33.71,33.9,569144,0.0
2022-01-10,33.39,33.45,32.69,33.43,1029875,0.0
2022-01-11,33.075,33.68,32.82,33.63,942787,0.0
2022-01-12,34.09,34.26,33.78,33.98,460777,0.0
2022-01-13,33.8,33.8,32.675,32.74,1025003,0.0
2022-01-14,32.37,32.52,31.84,32.18,827788,0.0
2022-01-18,31.72,31.72,31.16,31.23,867355,0.0
2022-01-19,31.34,31.47,30.78,30.8,775579,0.0
2022-01-20,31.05,31.55,30.5299,30.55,773834,0.0
2022-01-21,30.18,30.3,29.475,29.49,1233263,0.0
2022-01-24,28.68,29.3568,27.84,29.3,1530217,0.0
2022-01-25,28.77,29.21,28.46,28.81,868484,0.0
2022-01-26,29.46,29.81,28.535,28.75,1574268,0.0
2022-01-27,28.89,28.99,27.98,28.08,1111392,0.0
2022-01-28,27.87,28.39,27.45,28.39,939831,0.0
2022-01-31,28.63,29.7,28.5,29.7,649145,0.0
2022-02-01,30.1,30.175,29.55,30.15,695796,0.0
2022-02-02,30.7,30.7,30.05,30.32,764052,0.0
2022-02-03,29.47,29.625,28.94,28.97,802558,0.0
2022-02-04,29.0,29.35,28.73,29.16,410687,0.0
2022-02-07,29.2,29.49,29.04,29.16,308399,0.0
2022-02-08,29.12,29.51,28.94,29.47,423543,0.0
2022-02-09,30.0,30.48,29.93,30.48,652028,0.0
2022-02-10,29.84,30.625,29.71,29.81,716688,0.0
2022-02-11,29.73,29.9,28.82,28.94,674440,0.0
2022-02-14,28.8,29.19,28.61,28.86,594338,0.0
2022-02-15,29.54,30.02,29.4,30.02,673133,0.0
2022-02-16,30.16,30.545,29.87,30.47,770364,0.0
2022-02-17,30.1737,30.2021,29.44,29.46,487087,0.0
2022-02-18,29.21,29.28,28.54,28.71,634465,0.0
2022-02-22,28.52,29.01,28.185,28.45,753596,0.0
2022-02-23,28.81,28.81,27.61,27.69,503921,0.0
2022-02-24,26.71,28.439,26.59,28.4,1335167,0.0
2022-02-25,28.85,29.3,28.47,29.3,680554,0.0
2022-02-28,28.98,29.8,28.98,29.57,824188,0.0
2022-03-01,29.64,29.7863,28.77,29.02,535907,0.0
2022-03-02,29.44,29.81,29.04,29.74,728504,0.0
2022-03-03,29.69,29.69,28.975,29.14,689242,0.0
2022-03-04,28.59,28.72,27.81,28.09,938003,0.0
2022-03-07,27.62,27.715,26.62,26.62,806010,0.0
2022-03-08,26.82,27.47,26.3503,26.71,690740,0.0
2022-03-09,27.5,27.94,27.33,27.81,527938,0.0
2022-03-10,27.42,27.51,27.011,27.33,606433,0.0
2022-03-11,27.51,27.55,26.53,26.53,597851,0.0
2022-03-14,26.58,26.82,26.015,26.13,523936,0.0
2022-03-15,26.01,26.565,25.81,26.54,530320,0.0
2022-03-16,27.15,27.86,26.92,27.86,791574,0.0
2022-03-17,27.99,28.75,27.99,28.75,571102,0.0
2022-03-18,28.63,29.615,28.57,29.56,603339,0.0
2022-03-21,29.59,29.76,29.15,29.39,774831,0.0
2022-03-22,29.12,29.5254,29.05,29.46,426945,0.0
2022-03-23,29.2,29.295,28.75,28.75,521633,0.0
2022-03-24,29.0,29.41,28.8,29.41,664948,0.0
2022-03-25,29.3,29.31,28.729,29.0,465699,0.0
2022-03-28,28.81,29.08,28.53,29.08,372221,0.0
2022-03-29,29.57,29.97,29.531,29.96,521374,0.0
2022-03-30,29.77,29.95,29.355,29.5,523981,0.0
2022-03-31,29.52,29.64,29.0,29.01,443095,0.0
2022-04-01,29.18,29.21,28.82,29.11,335367,0.0
2022-04-04,29.11,29.39,29.06,29.37,416159,0.0
2022-04-05,29.35,29.35,28.405,28.51,350274,0.0
2022-04-06,28.01,28.01,27.375,27.66,804593,0.0
2022-04-07,27.55,27.8,27.255,27.62,409522,0.0
2022-04-08,27.39,27.54,27.18,27.23,490344,0.0
2022-04-11,26.62,26.64,26.27,26.32,782638,0.0
2022-04-12,26.39,26.67,25.825,25.91,794435,0.0
2022-04-13,26.06,26.62,26.01,26.57,617253,0.0
2022-04-14,26.7,26.72,26.07,26.07,450625,0.0
2022-04-18,25.76,25.98,25.6,25.8,657249,0.0
2022-04-19,25.84,26.36,25.77,26.33,533367,0.0
2022-04-20,26.52,26.579,26.11,26.17,567833,0.0
2022-04-21,26.74,26.92,25.65,25.73,401828,0.0
2022-04-22,25.5,25.54,24.75,24.79,612768,0.0
2022-04-25,24.49,24.94,24.44,24.92,694554,0.0
2022-04-26,24.72,24.72,23.83,23.83,1289501,0.0
2022-04-27,24.0,24.24,23.67,23.71,862752,0.0
2022-04-28,23.95,24.48,23.57,24.35,784849,0.0
2022-04-29,24.33,24.74,23.825,23.85,624998,0.0
2022-05-02,23.65,24.12,23.49,24.12,503064,0.0
2022-05-03,24.06,24.2398,23.81,24.1,828426,0.0
2022-05-04,24.18,24.985,23.83,24.96,1013544,0.0
2022-05-05,24.67,24.67,23.525,23.79,1102028,0.0
2022-05-06,23.54,23.58,22.95,23.22,1207254,0.0
2022-05-09,22.73,22.73,21.885,21.97,1244792,0.0
2022-05-10,21.98,22.079,21.35,21.69,1925456,0.0
2022-05-11,21.59,21.98,21.19,21.22,1060200,0.0
2022-05-12,21.0,21.62,20.88,21.29,2501651,0.0
2022-05-13,21.79,22.5,21.79,22.46,762085,0.0
2022-05-16,22.33,22.565,22.17,22.29,603402,0.0
2022-05-17,22.78,23.015,22.57,23.0,705663,0.0
2022-05-18,22.73,23.06,22.29,22.37,647028,0.0
2022-05-19,22.45,23.035,22.42,22.8,879399,0.0
2022-05-20,23.0,23.03,22.055,22.58,705148,0.0
2022-05-23,22.8,22.9399,22.59,22.85,516595,0.0
2022-05-24,22.66,22.6886,22.23,22.45,616977,0.0
2022-05-25,22.25,22.86,22.25,22.73,469029,0.0
2022-05-26,22.52,23.27,22.505,23.18,635864,0.0
2022-05-27,23.27,23.78,23.27,23.78,472327,0.0
2022-05-31,24.048,24.08,23.69,23.85,528362,0.0
2022-06-01,24.03,24.155,23.33,23.44,496023,0.0
2022-06-02,23.58,24.41,23.56,24.41,669688,0.0
2022-06-03,23.98,24.085,23.675,23.74,371776,0.0
2022-06-06,24.16,24.19,23.7,23.79,408094,0.0
2022-06-07,23.5,23.995,23.42,23.98,370456,0.0
2022-06-08,23.71,24.02,23.65,23.7,398880,0.0
2022-06-09,23.6,23.7,23.11,23.11,329176,0.0
2022-06-10,22.67,22.76,22.29,22.31,586648,0.0
2022-06-13,21.38,21.52,20.97,21.03,1232811,0.0
2022-06-14,21.06,21.14,20.675,20.9,532102,0.0
2022-06-15,21.03,21.51,20.77,21.29,730748,0.0
2022-06-16,20.7,20.77,20.385,20.54,806342,0.0
2022-06-17,20.63,20.92,20.47,20.72,439465,0.0
2022-06-21,20.98,21.19,20.94,20.96,495345,0.0
2022-06-22,20.63,21.13,20.5901,20.91,455869,0.0
2022-06-23,20.99,20.99,20.6,20.9,458305,0.0
2022-06-24,21.13,21.59,21.11,21.59,421973,0.0
2022-06-27,21.67,21.71,21.34,21.47,575854,0.0
2022-06-28,21.53,21.68,20.98,20.99,343222,0.0
2022-06-29,20.83,20.835,20.47,20.6,434761,0.0
2022-06-30,20.26,20.485,19.955,20.32,583354,0.0
2022-07-01,20.29,20.57,20.18,20.57,452802,0.0
2022-07-05,20.11,20.71,20.01,20.71,493341,0.0
2022-07-06,20.78,20.91,20.59,20.69,351330,0.0
2022-07-07,20.96,21.33,20.86,21.32,491546,0.0
2022-07-08,21.2,21.42,21.03,21.25,278125,0.0
2022-07-11,20.97,21.06,20.63,20.66,378979,0.0
2022-07-12,20.46,20.665,20.155,20.23,368274,0.0
2022-07-13,19.95,20.315,19.81,20.14,442625,0.0
2022-07-14,19.97,20.155,19.72,20.08,270594,0.0
2022-07-15,20.32,20.52,20.155,20.52,335807,0.0
2022-07-18,20.84,21.03,20.515,20.57,469124,0.0
2022-07-19,21.03,21.3121,20.88,21.3,446213,0.0
2022-07-20,21.48,22.025,21.41,21.95,1932956,0.0
2022-07-21,22.0,22.37,21.945,22.37,517807,0.0
2022-07-22,22.31,22.41,21.735,21.88,464413,0.0
2022-07-25,21.71,21.71,21.5,21.64,432529,0.0
2022-07-26,21.45,21.468,21.12,21.14,589548,0.0
2022-07-27,21.48,22.04,21.41,21.96,462900,0.0
2022-07-28,21.96,22.225,21.7094,22.19,1115220,0.0
2022-07-29,22.25,22.54,22.1,22.52,346528,0.0
2022-08-01,22.62,22.89,22.5,22.77,322425,0.0
2022-08-02,22.5,22.995,22.43,22.65,332013,0.0
2022-08-03,22.69,23.11,22.63,23.04,607000,0.0
2022-08-04,23.13,23.2352,22.96,23.23,517174,0.0
2022-08-05,22.81,23.145,22.772,23.08,494984,0.0
2022-08-08,23.06,23.31,22.91,22.98,517542,0.0
2022-08-09,22.78,22.78,22.31,22.39,578198,0.0
2022-08-10,23.08,23.4,23.045,23.39,891468,0.0
2022-08-11,23.59,23.775,23.16,23.24,1575083,0.0
2022-08-12,23.44,23.76,23.38,23.76,558217,0.0
2022-08-15,23.7,23.825,23.59,23.8,376971,0.0
2022-08-16,23.55,23.68,23.28,23.55,354091,0.0
2022-08-17,23.26,23.26,22.93,23.05,492524,0.0
2022-08-18,23.06,23.13,22.94,23.05,310107,0.0
2022-08-19,22.78,22.78,22.265,22.32,671068,0.0
2022-08-22,21.94,21.972,21.58,21.61,558034,0.0
2022-08-23,21.61,21.925,21.575,21.6,380243,0.0
2022-08-24,21.61,21.905,21.58,21.77,247308,0.0
2022-08-25,21.8,22.12,21.73,22.12,350622,0.0
2022-08-26,22.11,22.11,21.2125,21.22,514784,0.0
2022-08-29,20.96,21.145,20.9,20.92,731725,0.0
2022-08-30,21.08,21.19,20.6,20.72,419060,0.0
2022-08-31,20.83,20.935,20.58,20.6,290439,0.0
2022-09-01,20.21,20.22,19.785,20.14,662860,0.0
2022-09-02,20.34,20.39,19.85,19.94,575918,0.0
2022-09-06,20.01,20.05,19.74,19.84,356376,0.0
2022-09-07,19.58,20.1,19.53,20.09,456458,0.0
2022-09-08,19.97,20.41,19.87,20.41,262666,0.0
2022-09-09,20.72,21.03,20.72,21.01,326233,0.0
2022-09-12,21.21,21.305,21.105,21.25,379016,0.0
2022-09-13,20.52,20.62,20.05,20.07,539397,0.0
2022-09-14,20.05,20.125,19.86,20.05,409158,0.0
2022-09-15,19.87,20.18,19.755,19.79,656207,0.0
2022-09-16,19.63,19.63,19.2826,19.43,592875,0.0
2022-09-19,19.23,19.47,19.22,19.46,253393,0.0
2022-09-20,19.25,19.41,19.13,19.25,302915,0.0
2022-09-21,19.33,19.6696,19.03,19.03,466145,0.0
2022-09-22,19.04,19.055,18.57,18.65,542937,0.0
2022-09-23,18.39,18.475,18.1,18.32,493839,0.0
2022-09-26,18.29,18.6,18.14,18.21,458505,0.0
2022-09-27,18.43,18.54,18.0927,18.23,430719,0.0
2022-09-28,18.3,18.765,18.21,18.7,517809,0.0
2022-09-29,18.32,18.4,18.0,18.2,868735,0.0
2022-09-30,18.14,18.55,18.08,18.08,420630,0.0
2022-10-03,18.34,18.72,18.18,18.62,463401,0.0
2022-10-04,19.06,19.53,19.06,19.53,423483,0.0
2022-10-05,19.17,19.455,18.99,19.33,481692,0.0
2022-10-06,19.28,19.5136,19.15,19.18,404942,0.0
2022-10-07,18.93,19.0,18.5,18.56,397313,0.0
2022-10-10,18.56,18.58,18.16,18.28,644916,0.0
2022-10-11,18.17,18.36,17.83,18.04,476271,0.0
2022-10-12,18.1,18.12,17.87,18.01,321884,0.0
2022-10-13,17.54,18.41,17.33,18.32,555335,0.0
2022-10-14,18.34,18.42,17.66,17.67,401254,0.0
2022-10-17,18.04,18.4,18.04,18.32,430579,0.0
2022-10-18,18.76,18.9,18.39,18.57,363815,0.0
2022-10-19,18.54,18.74,18.3,18.41,293702,0.0
2022-10-20,18.4,18.79,18.315,18.33,349397,0.0
2022-10-21,18.25,18.75,18.05,18.73,455938,0.0
2022-10-24,18.64,18.815,18.445,18.76,231334,0.0
2022-10-25,18.95,19.59,18.88,19.58,520324,0.0
2022-10-26,19.48,20.02,19.45,19.6,393804,0.0
2022-10-27,19.68,19.87,19.5,19.52,424000,0.0
2022-10-28,19.4,19.78,19.32,19.78,426139,0.0
2022-10-31,19.64,19.75,19.53,19.62,345473,0.0
2022-11-01,20.24,20.26,19.76,19.8,245750,0.0
2022-11-02,19.64,19.79,18.95,18.95,489861,0.0
2022-11-03,18.68,19.09,18.65,18.87,471974,0.0
2022-11-04,19.38,19.54,19.085,19.43,746763,0.0
2022-11-07,19.6,19.73,19.44,19.68,422371,0.0
2022-11-08,19.94,20.19,19.685,19.94,434170,0.0
2022-11-09,19.71,19.7704,19.4,19.42,280473,0.0
2022-11-10,20.35,20.97,20.35,20.97,533733,0.0
2022-11-11,21.28,21.805,21.25,21.76,1072016,0.0
2022-11-14,21.52,21.6083,21.27,21.35,330118,0.0
2022-11-15,21.77,21.9,21.44,21.67,827370,0.0
2022-11-16,21.48,21.565,21.17,21.22,804770,0.0
2022-11-17,20.85,21.08,20.8,20.99,373113,0.0
2022-11-18,21.17,21.19,20.77,20.91,397268,0.0
2022-11-21,20.68,20.82,20.63,20.68,525645,0.0
2022-11-22,20.74,20.97,20.62,20.97,325364,0.0
2022-11-23,21.0,21.33,21.0,21.29,312777,0.0
2022-11-25,21.26,21.37,21.2139,21.37,134336,0.0
2022-11-28,21.23,21.24,20.9,20.94,517119,0.0
2022-11-29,20.84,20.96,20.66,20.68,673283,0.0
2022-11-30,20.72,21.43,20.6209,21.43,581813,0.0
2022-12-01,21.72,21.78,21.43,21.74,465472,0.0
2022-12-02,21.36,21.77,21.25,21.72,395732,0.0
2022-12-05,21.58,21.668,21.24,21.29,428801,0.0
2022-12-06,21.27,21.29,20.765,20.87,416598,0.0
2022-12-07,20.81,21.02,20.74,20.84,400041,0.0
2022-12-08,20.91,21.24,20.7783,21.21,625193,0.0
2022-12-09,21.21,21.455,21.15,21.15,380566,0.0
2022-12-12,21.18,21.49,21.175,21.49,510411,0.0
2022-12-13,21.92,22.38,21.76,21.95,632386,0.0
2022-12-14,21.88,22.09,21.49,21.8,595640,0.0
2022-12-15,21.49,21.5494,20.9,20.93,625486,0.0
2022-12-16,20.84,21.165,20.8,20.96,330756,0.0
2022-12-19,21.01,21.02,20.685,20.73,353285,0.0
2022-12-20,20.62,20.9014,20.6,20.75,351655,0.0
2022-12-21,20.84,21.1,20.7825,21.04,774494,0.0
2022-12-22,20.76,20.76,20.23,20.52,481360,0.0
2022-12-23,20.49,20.59,20.35,20.52,433770,0.0
2022-12-27,20.56,20.598,20.24,20.28,446301,0.0
2022-12-28,20.29,20.41,20.02,20.05,709626,0.0
2022-12-29,20.46,20.77,20.21,20.72,681414,0.0
2022-12-30,20.51,20.59,20.38,20.55,589619,0.0
2023-01-03,20.91,21.05,20.5,20.65,276861,0.0
2023-01-04,20.87,21.01,20.69,20.96,451134,0.0
2023-01-05,20.78,20.8138,20.585,20.65,257277,0.0
2023-01-06,20.92,21.29,20.62,21.24,484714,0.0
2023-01-09,21.577,21.89,21.44,21.57,1319069,0.0
2023-01-10,21.53,21.71,21.45,21.71,524725,0.0
2023-01-11,21.94,22.15,21.87,22.14,455334,0.0
2023-01-12,22.38,22.44,21.87,22.44,481937,0.0
2023-01-13,22.18,22.5,22.1,22.49,883266,0.0
2023-01-17,22.7,22.84,22.53,22.84,561195,0.0
2023-01-18,23.15,23.24,22.65,22.65,444874,0.0
2023-01-19,22.51,22.61,22.33,22.4,604628,0.0
2023-01-20,22.56,22.87,22.34,22.87,1465395,0.0
2023-01-23,22.93,23.32,22.815,23.29,869079,0.0
2023-01-24,23.2,23.365,23.105,23.22,759733,0.0
2023-01-25,22.96,23.3,22.8,23.25,477072,0.0
2023-01-26,23.42,23.5,23.135,23.48,418477,0.0
2023-01-27,23.41,23.875,23.41,23.77,479994,0.0
2023-01-30,23.74,23.835,23.45,23.45,547281,0.0
2023-01-31,23.55,23.8,23.3704,23.8,441036,0.0
2023-02-01,23.8,24.6975,23.8,24.58,901156,0.0
2023-02-02,24.99,25.105,24.6399,24.95,1063860,0.0
2023-02-03,24.63,24.88,24.41,24.55,482030,0.0
2023-02-06,24.2,24.3949,24.09,24.18,708317,0.0
2023-02-07,24.33,24.7,24.105,24.66,551428,0.0
2023-02-08,24.64,24.68,24.25,24.28,620521,0.0
2023-02-09,24.66,24.73,23.995,24.02,735948,0.0
2023-02-10,23.95,24.03,23.731,23.87,511245,0.0
2023-02-13,23.91,24.08,23.74,24.0,428814,0.0
2023-02-14,23.93,24.31,23.66,24.25,635545,0.0
2023-02-15,24.02,24.32,23.91,24.28,844085,0.0
2023-02-16,24.0,24.22,23.82,23.95,392908,0.0
2023-02-17,23.66,23.7095,23.3934,23.58,380133,0.0
2023-02-21,23.34,23.4,22.93,22.93,664372,0.0
2023-02-22,22.92,23.11,22.79,22.91,435923,0.0
2023-02-23,23.45,23.59,23.16,23.46,550441,0.0
2023-02-24,23.24,23.27,23.0603,23.24,576931,0.0
2023-02-27,23.64,23.72,23.51,23.55,528548,0.0
2023-02-28,23.59,23.73,23.51,23.54,435378,0.0
2023-03-01,23.75,23.81,23.53,23.6,354034,0.0
2023-03-02,23.38,23.72,23.3,23.67,384965,0.0
2023-03-03,23.79,24.46,23.76,24.41,1047592,0.0
2023-03-06,24.61,24.61,24.29,24.3,2283317,0.0
2023-03-07,24.34,24.39,23.8925,23.91,479491,0.0
2023-03-08,24.1,24.2,23.95,24.2,365526,0.0
2023-03-09,24.36,24.454,23.78,23.8,518203,0.0
2023-03-10,23.85,23.85,23.22,23.29,834759,0.0
2023-03-13,22.96,23.56,22.88,23.31,1073423,0.0
2023-03-14,23.67,23.76,23.44,23.71,425874,0.0
2023-03-15,23.14,23.46,22.8,23.16,909116,0.0
2023-03-16,23.28,24.0,23.28,23.99,1058786,0.0
2023-03-17,23.84,24.02,23.655,23.76,886682,0.0
2023-03-20,23.87,24.095,23.825,24.05,714546,0.0
2023-03-21,24.28,24.555,24.16,24.51,823122,0.0
2023-03-22,24.66,24.855,24.215,24.23,674774,0.0
2023-03-23,24.53,24.755,24.265,24.45,861299,0.0
2023-03-24,24.37,24.38,24.136,24.36,1264499,0.0
2023-03-27,24.5,24.58,24.355,24.48,478632,0.0
2023-03-28,24.47,24.5,24.255,24.36,347868,0.0
2023-03-29,24.64,24.83,24.56,24.83,654699,0.0
2023-03-30,25.06,25.085,24.92,25.03,725354,0.0
2023-03-31,25.16,25.51,25.05,25.5,735886,0.0
2023-04-03,25.41,25.46,25.19,25.46,521815,0.0
2023-04-04,25.47,25.48,25.0,25.07,1358241,0.0
2023-04-05,24.833,24.86,24.44,24.59,612949,0.0
2023-04-06,24.41,24.585,24.255,24.5,480490,0.0
2023-04-10,24.39,24.69,24.27,24.69,404899,0.0
2023-04-11,24.77,24.84,24.63,24.73,455134,0.0
2023-04-12,25.0,25.05,24.62,24.64,348553,0.0
2023-04-13,24.89,25.0958,24.78,25.05,1111855,0.0
2023-04-14,24.96,25.1,24.692,24.89,415189,0.0
2023-04-17,25.0,25.05,24.78,24.98,1105154,0.0
2023-04-18,25.2,25.2,25.0,25.1,515735,0.0
2023-04-19,24.99,25.15,24.985,25.12,503146,0.0
2023-04-20,24.98,25.19,24.9,25.0,656633,0.0
2023-04-21,25.12,25.21,24.9219,25.2,353095,0.0
2023-04-24,25.08,25.22,24.985,25.11,441914,0.0
2023-04-25,25.0,25.0338,24.62,24.62,492230,0.0
2023-04-26,24.8,24.8,24.48,24.53,410060,0.0
2023-04-27,24.72,25.0,24.69,25.0,1309577,0.0
2023-04-28,24.77,24.95,24.625,24.91,430639,0.0
2023-05-01,25.06,25.2,25.0,25.12,631833,0.0
2023-05-02,25.05,25.12,24.645,24.78,1351869,0.0
2023-05-03,24.79,25.11,24.74,24.86,500504,0.0
2023-05-04,24.87,24.985,24.79,24.92,730082,0.0
2023-05-05,25.14,25.355,25.03,25.3,522394,0.0
2023-05-08,25.37,25.37,25.08,25.32,546342,0.0
2023-05-09,25.2,25.33,25.16,25.28,326987,0.0
2023-05-10,25.5,25.65,25.326,25.57,713318,0.0
2023-05-11,25.65,25.65,25.335,25.48,582414,0.0
2023-05-12,25.58,25.59,25.21,25.36,567739,0.0
2023-05-15,25.51,25.74,25.33,25.73,617852,0.0
2023-05-16,25.64,25.75,25.5,25.65,617548,0.0
2023-05-17,25.69,25.92,25.5,25.9,1169607,0.0
2023-05-18,26.0,26.45,26.0,26.43,2033710,0.0
2023-05-19,26.67,26.675,26.5,26.58,1946517,0.0
2023-05-22,26.58,26.93,26.38,26.84,2095750,0.0
2023-05-23,26.58,26.6899,26.22,26.22,897905,0.0
2023-05-24,26.1,26.24,25.96,26.14,763843,0.0
2023-05-25,27.07,27.14,26.69,26.93,2200408,0.0
2023-05-26,27.03,27.46,26.89,27.39,3338973,0.0
2023-05-30,27.84,27.9958,27.545,27.78,4376120,0.0
2023-05-31,27.51,27.54,27.0646,27.28,1326979,0.0
2023-06-01,27.3,27.91,27.15,27.82,1852219,0.0
2023-06-02,28.29,28.39,28.07,28.22,1796793,0.0
2023-06-05,28.37,28.56,28.205,28.44,2455937,0.0
2023-06-06,28.5,28.7,28.3,28.68,1590183,0.0
2023-06-07,28.62,28.6768,28.0,28.0,1882466,0.0
2023-06-08,27.94,28.23,27.815,28.21,1209984,0.0
2023-06-09,28.42,28.605,28.195,28.34,1401621,0.0
2023-06-12,28.62,28.83,28.53,28.81,1584114,0.0
2023-06-13,29.18,29.38,28.95,29.3,2639924,0.0
2023-06-14,29.34,29.51,29.0301,29.42,1746741,0.0
2023-06-15,29.33,29.82,29.18,29.72,2239086,0.0
2023-06-16,29.99,30.0,29.57,29.59,1784844,0.0
2023-06-20,29.45,29.45,29.03,29.28,1722810,0.0
2023-06-21,29.28,29.28,28.75,28.94,1921214,0.0
2023-06-22,28.58,28.8201,28.45,28.7,1487072,0.0
2023-06-23,28.11,28.19,27.865,27.94,2040926,0.0
2023-06-26,28.01,28.215,27.73,27.76,1473447,0.0
2023-06-27,27.91,28.23,27.715,28.18,1437631,0.0
2023-06-28,28.114,28.51,28.1,28.41,1010490,0.0
2023-06-29,28.37,28.4199,28.1815,28.3,891607,0.0
2023-06-30,28.62,28.91,28.61,28.74,1913675,0.0
2023-07-03,28.92,28.95,28.78,28.87,897341,0.0
2023-07-05,28.59,28.68,28.44,28.53,1160535,0.0
2023-07-06,28.18,28.18,27.64,27.95,1339258,0.0
2023-07-07,27.95,28.49,27.9,28.21,1205539,0.0
2023-07-10,28.08,28.57,28.08,28.57,1340703,0.0
2023-07-11,28.75,28.9,28.63,28.89,1334419,0.0
2023-07-12,29.1,29.307,29.06,29.25,1531082,0.0
2023-07-13,29.65,29.92,29.53,29.87,1894357,0.0
2023-07-14,29.81,29.87,29.33,29.41,1431700,0.0
2023-07-17,29.5,29.84,29.3301,29.78,2017300,0.0
2023-07-18,29.96,30.2,29.715,30.13,1990533,0.0
2023-07-19,30.26,30.26,29.85,29.94,2254352,0.0
2023-07-20,29.73,29.73,29.05,29.13,2583224,0.0
2023-07-21,29.21,29.35,28.91,28.94,2585002,0.0
2023-07-24,29.09,29.1,28.68,28.72,1697054,0.0
2023-07-25,28.84,29.21,28.755,29.06,1321142,0.0
2023-07-26,29.08,29.385,28.9199,29.25,1139111,0.0
2023-07-27,29.73,29.78,28.89,28.97,1651394,0.0
2023-07-28,29.27,29.27,28.95,29.07,2381315,0.0
2023-07-31,29.02,29.15,28.86,29.14,2328878,0.0
2023-08-01,28.88,28.9,28.442,28.73,1141061,0.0
2023-08-02,28.27,28.28,27.51,27.71,2190654,0.0
2023-08-03,27.44,27.72,27.25,27.56,2413233,0.0
2023-08-04,27.87,27.94,27.485,27.53,1326677,0.0
2023-08-07,27.73,27.73,27.4,27.61,854179,0.0
2023-08-08,27.32,27.32,26.95,27.12,1142315,0.0
2023-08-09,26.975,26.99,26.41,26.52,1390801,0.0
2023-08-10,26.76,27.03,26.48,26.57,1082243,0.0
2023-08-11,26.37,26.45,26.2,26.29,1180094,0.0
2023-08-14,26.16,26.59,26.02,26.59,1071236,0.0
2023-08-15,26.48,26.64,26.28,26.29,670959,0.0
2023-08-16,26.19,26.22,25.81,25.81,1145562,0.0
2023-08-17,25.88,25.93,25.32,25.38,1633814,0.0
2023-08-18,25.11,25.5,25.1,25.42,1667784,0.0
2023-08-21,25.46,25.75,25.32,25.7,1139457,0.0
2023-08-22,25.97,25.97,25.52,25.57,763737,0.0
2023-08-23,25.75,26.1709,25.705,26.11,998657,0.0
2023-08-24,26.39,26.39,25.63,25.65,3276597,0.0
2023-08-25,25.74,26.0,25.415,25.78,1028294,0.0
2023-08-28,26.01,26.175,25.875,26.13,853619,0.0
2023-08-29,26.01,26.6365,25.91,26.61,1103198,0.0
2023-08-30,26.71,26.92,26.61,26.83,1084905,0.0
2023-08-31,26.89,26.96,26.67,26.73,1316200,0.0
2023-09-01,27.0,27.05,26.65,26.73,747873,0.0
2023-09-05,26.7,26.7,26.4552,26.58,643938,0.0
2023-09-06,26.53,26.7,26.305,26.46,770054,0.0
2023-09-07,26.21,26.21,25.89,26.15,922310,0.0
2023-09-08,26.09,26.14,25.84,25.87,831363,0.0
2023-09-11,26.06,26.06,25.75,25.96,474088,0.0
2023-09-12,25.74,26.0,25.65,25.79,489494,0.0
2023-09-13,25.66,25.76,25.55,25.63,1063206,0.0
2023-09-14,25.88,25.939,25.64,25.79,972021,0.0
2023-09-15,25.75,25.79,25.34,25.42,1022522,0.0
2023-09-18,25.3,25.5807,25.3,25.51,572900,0.0
2023-09-19,25.46,25.46,25.2,25.37,932599,0.0
2023-09-20,25.57,25.67,25.065,25.09,605159,0.0
2023-09-21,24.75,24.75,24.45,24.46,1542604,0.0
2023-09-22,24.65,24.75,24.5,24.57,693986,0.0
2023-09-25,24.41,24.62,24.33,24.62,949805,0.0
2023-09-26,24.3,24.42,24.09,24.12,913183,0.0
2023-09-27,24.36,24.51,24.145,24.41,762434,0.0
2023-09-28,24.55,24.82,24.39,24.71,499466,0.0
2023-09-29,25.03,25.055,24.655,24.72,568477,0.0
2023-10-02,24.8,24.9,24.605,24.7,690617,0.0
2023-10-03,24.41,24.54,24.03,24.14,1638556,0.0
2023-10-04,24.24,24.3736,24.02,24.35,958146,0.0
2023-10-05,24.38,24.49,24.2076,24.43,651570,0.0
2023-10-06,24.18,24.77,24.13,24.73,894278,0.0
2023-10-09,24.53,24.68,24.325,24.6,1868928,0.0
2023-10-10,24.66,25.05,24.66,24.9,1043308,0.0
2023-10-11,24.93,25.0,24.585,24.76,1960743,0.0
2023-10-12,24.93,25.0,24.4936,24.53,1042960,0.0
2023-10-13,24.53,24.65,24.21,24.29,699982,0.0
2023-10-16,24.21,24.54,24.18,24.5,543831,0.0
2023-10-17,24.22,24.67,24.12,24.48,799506,0.0
2023-10-18,24.13,24.16,23.685,23.71,1383362,0.0
2023-10-19,23.74,23.895,23.47,23.52,1156959,0.0
2023-10-20,23.3,23.35,22.98,23.05,896398,0.0
2023-10-23,22.87,23.36,22.78,23.15,885816,0.0
2023-10-24,23.2,23.39,23.14,23.33,677389,0.0
2023-10-25,23.25,23.33,22.74,22.74,1076782,0.0
2023-10-26,22.62,22.8,22.2764,22.41,1376869,0.0
2023-10-27,22.63,22.63,22.2601,22.34,863040,0.0
2023-10-30,22.61,22.701,22.4,22.53,913924,0.0
2023-10-31,22.56,22.82,22.47,22.77,1068125,0.0
2023-11-01,22.82,23.11,22.7718,23.1,784926,0.0
2023-11-02,23.56,23.88,23.55,23.85,804883,0.0
2023-11-03,24.21,24.51,24.11,24.45,638645,0.0
2023-11-06,24.73,24.73,24.285,24.43,425039,0.0
2023-11-07,24.27,24.5,24.2299,24.39,468810,0.0
2023-11-08,24.3,24.43,24.1899,24.31,571967,0.0
2023-11-09,24.62,24.74,24.16,24.19,560195,0.0
2023-11-10,24.32,24.57,24.16,24.57,504068,0.0
2023-11-13,24.49,24.665,24.37,24.61,721400,0.0
2023-11-14,25.3,25.55,25.211,25.53,1080803,0.0
2023-11-15,25.73,25.915,25.5538,25.64,2442827,0.0
2023-11-16,25.54,25.69,25.455,25.68,1066791,0.0
2023-11-17,25.79,25.91,25.75,25.85,1531354,0.0
2023-11-20,25.98,26.32,25.926,26.23,1837243,0.0
2023-11-21,26.23,26.35,26.15,26.26,1914746,0.0
2023-11-22,26.4,26.48,26.07,26.25,1508040,0.0
2023-11-24,26.2,26.29,26.14,26.24,266050,0.0
2023-11-27,26.19,26.2875,26.09,26.25,423549,0.0
2023-11-28,26.14,26.29,26.06,26.16,694733,0.0
2023-11-29,26.44,26.69,26.44,26.53,2271175,0.0
2023-11-30,26.71,26.71,26.36,26.43,910361,0.0
2023-12-01,26.38,27.035,26.32,27.03,1087681,0.0
2023-12-04,26.69,26.87,26.4832,26.72,1501431,0.0
2023-12-05,26.56,26.65,26.39,26.57,848133,0.0
2023-12-06,26.8,26.85,26.35,26.36,990124,0.0
2023-12-07,26.4,26.5574,26.24,26.55,832300,0.0
2023-12-08,26.51,26.77,26.38,26.72,1092472,0.0
2023-12-11,26.73,26.875,26.67,26.84,1008293,0.0
2023-12-12,26.8,26.98,26.68,26.98,623983,0.0
2023-12-13,27.01,27.49,26.735,27.44,1364153,0.0
2023-12-14,27.71,28.03,27.62,27.92,2201335,0.0
2023-12-15,28.24,28.44,28.13,28.19,1021236,0.0
2023-12-18,28.21,28.325,28.07,28.25,806936,0.0
2023-12-19,28.43,28.6,28.4,28.59,1098457,0.0
2023-12-20,28.63,28.64,27.9,27.91,855645,0.0
2023-12-21,28.34,28.5,28.185,28.5,1357094,0.0
2023-12-22,28.61,28.61,28.255,28.39,567182,0.0
2023-12-26,28.47,28.6599,28.4,28.61,653326,0.0
2023-12-27,28.72,28.72,28.54,28.69,912219,0.0
2023-12-28,28.76,28.8499,28.68,28.72,607112,0.0
2023-12-29,28.74,28.77,28.39,28.5,706870,0.0
2024-01-02,28.22,28.22,27.625,27.71,2393156,0.0
2024-01-03,27.32,27.37,26.9,26.93,3850836,0.0
2024-01-04,26.88,27.055,26.74,26.87,5300481,0.0
2024-01-05,26.76,27.0774,26.69,26.84,847825,0.0
2024-01-08,26.99,27.72,26.97,27.7,1135146,0.0
2024-01-09,27.65,27.91,27.48,27.73,618284,0.0
2024-01-10,28.12,28.465,28.12,28.41,1283545,0.0
2024-01-11,28.69,28.78,28.29,28.68,1097292,0.0
2024-01-12,28.93,29.095,28.75,28.79,775109,0.0
2024-01-16,28.66,28.78,28.461,28.59,2329699,0.0
2024-01-17,28.21,28.21,27.8,28.14,1264371,0.0
2024-01-18,28.45,28.46,28.145,28.45,1134873,0.0
2024-01-19,28.49,28.72,28.22,28.71,1162996,0.0
2024-01-22,28.96,29.2399,28.96,29.07,1392234,0.0
2024-01-23,29.15,29.18,28.885,29.05,954000,0.0
2024-01-24,29.27,29.3,28.845,28.86,1187842,0.0
2024-01-25,29.09,29.24,28.8823,29.0,908257,0.0
2024-01-26,29.05,29.325,29.04,29.2,1184076,0.0
2024-01-29,29.07,29.56,28.99,29.56,831935,0.0
2024-01-30,29.46,29.47,29.1998,29.23,798784,0.0
2024-01-31,29.01,29.14,28.57,28.58,1465421,0.0
2024-02-01,28.83,29.14,28.705,29.13,961406,0.0
2024-02-02,29.03,29.42,28.9,29.39,1053098,0.0
2024-02-05,29.31,29.38,29.0,29.3,919943,0.0
2024-02-06,29.2,29.2,28.765,29.07,939213,0.0
2024-02-07,29.11,29.35,29.0,29.32,1016459,0.0
2024-02-08,29.32,29.47,29.13,29.37,889893,0.0
2024-02-09,29.59,29.95,29.53,29.91,1376185,0.0
2024-02-12,30.0,30.32,29.86,29.99,1432907,0.0
2024-02-13,29.23,29.63,28.85,29.28,1571502,0.0
2024-02-14,29.7,29.9,29.51,29.89,1066900,0.0
2024-02-15,30.13,30.24,30.015,30.14,1385234,0.0
2024-02-16,30.3,30.3,29.84,29.97,1193942,0.0
2024-02-20,30.07,30.08,29.555,29.82,1614146,0.0
2024-02-21,29.67,29.67,29.24,29.46,1638724,0.0
2024-02-22,30.58,30.8,30.38,30.76,1719945,0.0
2024-02-23,30.97,31.14,30.61,30.73,1434419,0.0
2024-02-26,31.18,31.18,30.88,31.01,1403079,0.0
2024-02-27,31.33,31.34,30.97,31.14,1229693,0.0
2024-02-28,31.0,31.02,30.69,30.81,978540,0.0
2024-02-29,31.1,31.3379,30.98,31.18,1183157,0.0
2024-03-01,31.38,31.7613,31.1301,31.74,1313872,0.0
2024-03-04,32.03,32.265,31.88,31.97,1610233,0.0
2024-03-05,31.97,32.045,31.51,31.7,1034975,0.0
2024-03-06,32.26,32.58,32.04,32.35,1615758,0.0
2024-03-07,32.69,32.92,32.51,32.89,1872021,0.0
2024-03-08,33.26,33.595,32.27,32.38,2274313,0.0
2024-03-11,32.16,32.16,31.78,31.84,1290174,0.0
2024-03-12,31.98,32.35,31.6,32.35,1079636,0.0
2024-03-13,32.175,32.21,31.9401,32.08,1360323,0.0
2024-03-14,32.11,32.11,31.3301,31.56,954911,0.0
2024-03-15,31.52,31.79,31.455,31.65,837870,0.0
2024-03-18,32.09,32.19,31.82,31.87,942985,0.0
2024-03-19,31.61,31.95,31.365,31.89,1275223,0.0
2024-03-20,31.98,32.32,31.795,32.27,1098404,0.0
2024-03-21,32.48,32.51,32.22,32.24,1318807,0.0
2024-03-22,32.19,32.2,31.9501,32.14,1377414,0.0
2024-03-25,31.87,32.075,31.78,31.94,571374,0.0
2024-03-26,32.19,32.2,31.9,31.92,578939,0.0
2024-03-27,32.02,32.03,31.55,31.82,920281,0.0
2024-03-28,31.81,31.9484,31.77,31.81,572699,0.0
2024-04-01,31.84,31.99,31.54,31.63,915041,0.0
2024-04-02,31.16,31.16,30.875,31.05,951406,0.0
2024-04-03,30.91,31.225,30.7752,31.09,629465,0.0
2024-04-04,31.3,31.359,30.57,30.57,831325,0.0
2024-04-05,30.51,30.84,30.38,30.7,1381805,0.0
2024-04-08,30.84,30.888,30.665,30.77,1188310,0.0
2024-04-09,31.02,31.07,30.705,31.02,1434650,0.0
2024-04-10,30.49,30.73,30.4114,30.55,732331,0.0
2024-04-11,30.67,30.92,30.47,30.89,619821,0.0
2024-04-12,30.59,30.59,29.98,30.09,834580,0.0
2024-04-15,30.34,30.4,29.45,29.51,1029044,0.0
2024-04-16,29.37,29.6,29.19,29.41,947311,0.0
2024-04-17,29.45,29.55,29.01,29.08,1026859,0.0
2024-04-18,29.31,29.54,29.1019,29.24,1109671,0.0
2024-04-19,29.09,29.2,28.575,28.65,747338,0.0
2024-04-22,28.98,29.24,28.7501,29.11,698499,0.0
2024-04-23,29.16,29.71,29.16,29.64,465590,0.0
2024-04-24,29.82,29.91,29.4043,29.56,675028,0.0
2024-04-25,28.95,29.4071,28.91,29.34,635902,0.0
2024-04-26,29.71,30.1451,29.71,30.08,990880,0.0
2024-04-29,30.2,30.34,30.105,30.27,487657,0.0
2024-04-30,30.17,30.35,29.88,29.88,607060,0.0
2024-05-01,29.78,30.49,29.65,29.82,660916,0.0
2024-05-02,30.26,30.4699,29.9,30.4,538761,0.0
2024-05-03,30.81,31.0,30.64,30.92,782559,0.0
2024-05-06,31.03,31.38,31.0147,31.38,526121,0.0
2024-05-07,31.31,31.545,31.26,31.4,391698,0.0
2024-05-08,31.11,31.23,30.94,31.2,579035,0.0
2024-05-09,31.2,31.4,31.08,31.34,374500,0.0
2024-05-10,31.46,31.51,31.2034,31.27,531356,0.0
2024-05-13,31.39,31.48,31.29,31.32,389072,0.0
2024-05-14,31.29,31.51,31.25,31.49,400846,0.0
2024-05-15,31.58,31.96,31.5,31.95,566493,0.0
2024-05-16,31.99,32.06,31.76,31.76,360030,0.0
2024-05-17,31.79,31.795,31.515,31.6,376975,0.0
2024-05-20,31.8,31.935,31.65,31.92,422108,0.0
2024-05-21,31.6,31.62,31.48,31.57,654610,0.0
2024-05-22,31.47,31.4825,31.09,31.21,420610,0.0
2024-05-23,31.87,31.899,31.11,31.25,717546,0.0
2024-05-24,31.36,31.5799,31.2701,31.53,575462,0.0
2024-05-28,31.56,31.65,31.38,31.55,498729,0.0
2024-05-29,31.12,31.17,30.95,31.05,701830,0.0
2024-05-30,30.87,30.99,30.63,30.74,467170,0.0
2024-05-31,30.9,31.02,30.345,30.78,496555,0.0
2024-06-03,31.16,31.31,30.865,31.12,574281,0.0
2024-06-04,31.18,31.24,30.9997,31.13,425801,0.0
2024-06-05,31.26,31.64,31.1311,31.64,518579,0.0
2024-06-06,31.635,31.635,31.3,31.47,394234,0.0
2024-06-07,31.18,31.26,31.01,31.06,402997,0.0
2024-06-10,31.0,31.32,30.86,31.29,462925,0.0
2024-06-11,31.15,31.21,30.92,31.13,486705,0.0
2024-06-12,31.7,32.1137,31.67,31.82,690877,0.0
2024-06-13,31.83,31.9,31.4727,31.62,453605,0.0
2024-06-14,31.375,31.41,31.22,31.4,556424,0.0
2024-06-17,31.2,31.5065,31.13,31.45,393444,0.0
2024-06-18,31.45,31.65,31.37,31.63,509231,0.0
2024-06-20,31.62,31.62,30.955,31.06,758301,0.0
2024-06-21,30.85,30.87,30.57,30.76,598656,0.0
2024-06-24,30.73,30.84,30.46,30.46,715884,0.0
2024-06-25,30.56,30.858,30.48,30.83,458850,0.0
2024-06-26,30.76,30.9021,30.675,30.8,532068,0.0
2024-06-27,30.57,30.78,30.54,30.78,624279,0.0
2024-06-28,30.83,31.08,30.695,30.85,432774,0.0
2024-07-01,30.87,30.945,30.68,30.72,331806,0.0
2024-07-02,30.56,30.805,30.52,30.79,446025,0.0
2024-07-03,30.79,31.1251,30.775,31.09,274153,0.0
2024-07-05,31.24,31.26,31.04,31.21,419507,0.0
2024-07-08,31.24,31.49,31.23,31.36,1498561,0.0
2024-07-09,31.44,31.525,31.235,31.35,472639,0.0
2024-07-10,31.44,31.71,31.39,31.69,524362,0.0
2024-07-11,31.9,32.11,31.645,31.67,723739,0.0
2024-07-12,31.97,32.38,31.97,32.21,801368,0.0
2024-07-15,32.23,32.3,31.94,32.03,607630,0.0
2024-07-16,32.05,32.25,31.99,32.23,417514,0.0
2024-07-17,31.72,31.88,31.32,31.42,844068,0.0
2024-07-18,31.4,31.49,30.65,30.81,959266,0.0
2024-07-19,30.94,31.055,30.71,30.85,369883,0.0
2024-07-22,31.07,31.25,30.96,31.24,511971,0.0
2024-07-23,30.98,31.26,30.75,31.12,450498,0.0
2024-07-24,30.71,30.94,30.19,30.21,796869,0.0
2024-07-25,29.94,30.42,29.48,29.81,637063,0.0
2024-07-26,30.38,30.49,30.23,30.39,482963,0.0
2024-07-29,30.48,30.52,30.07,30.17,691746,0.0
2024-07-30,30.2,30.43,29.61,29.78,453393,0.0
2024-07-31,30.72,31.06,30.55,30.8,667543,0.0
2024-08-01,30.53,30.53,29.18,29.46,913690,0.0
2024-08-02,28.72,28.72,28.13,28.6,963957,0.0
2024-08-05,26.81,28.07,26.6,27.68,2918249,0.0
2024-08-06,27.71,28.59,27.71,28.19,1084837,0.0
2024-08-07,28.95,29.21,28.26,28.27,1068596,0.0
2024-08-08,28.63,29.17,28.42,29.06,518861,0.0
2024-08-09,28.87,29.11,28.7594,29.03,465438,0.0
2024-08-12,29.04,29.36,28.98,29.18,432942,0.0
2024-08-13,29.45,29.905,29.45,29.89,430207,0.0
2024-08-14,29.98,30.07,29.74,29.92,285456,0.0
2024-08-15,30.01,30.35,30.01,30.28,1186906,0.0
2024-08-16,30.29,30.5551,30.29,30.5,351361,0.0
2024-08-19,30.55,31.07,30.5,31.07,663602,0.0
2024-08-20,31.16,31.26,30.86,30.9,432157,0.0
2024-08-21,31.25,31.706,31.25,31.64,506689,0.0
2024-08-22,31.75,31.7999,31.075,31.13,379219,0.0
2024-08-23,31.53,31.9,31.5079,31.87,486993,0.0
2024-08-26,31.74,31.8625,31.45,31.49,250435,0.0
2024-08-27,31.42,31.7738,31.325,31.69,303993,0.0
2024-08-28,31.58,31.72,31.16,31.31,402436,0.0
2024-08-29,31.4,31.81,31.37,31.4,473405,0.0
2024-08-30,31.54,31.74,31.3101,31.56,639606,0.0
2024-09-03,31.15,31.1702,30.04,30.17,1076540,0.0
2024-09-04,29.76,30.3,29.76,29.97,799972,0.0
2024-09-05,29.77,30.0168,29.64,29.93,697801,0.0
2024-09-06,29.65,29.78,28.825,29.0,602029,0.0
2024-09-09,29.39,29.67,29.38,29.45,381027,0.0
2024-09-10,29.42,29.4405,29.04,29.41,375102,0.0
2024-09-11,29.31,30.04,29.09,30.0,439916,0.0
2024-09-12,30.07,30.5366,29.97,30.45,522205,0.0
2024-09-13,30.41,30.69,30.41,30.54,275944,0.0
2024-09-16,30.43,30.61,30.385,30.52,326658,0.0
2024-09-17,30.66,30.7364,30.35,30.47,300433,0.0
2024-09-18,30.43,30.94,30.24,30.36,491841,0.0
2024-09-19,31.02,31.18,30.91,31.05,648903,0.0
2024-09-20,31.05,31.14,30.75,30.99,301816,0.0
2024-09-23,31.05,31.235,31.01,31.14,311048,0.0
2024-09-24,31.06,31.355,30.94,31.33,280276,0.0
2024-09-25,31.59,31.78,31.48,31.56,351719,0.0
2024-09-26,32.39,32.42,31.91,32.27,541037,0.0
2024-09-27,32.2,32.42,31.85,32.0,379758,0.0
2024-09-30,31.98,32.2899,31.8901,32.15,379079,0.0
2024-10-01,32.21,32.26,31.495,31.65,479667,0.0
2024-10-02,31.6,31.855,31.42,31.76,392786,0.0
2024-10-03,31.54,31.7422,31.455,31.56,235376,0.0
2024-10-04,31.91,32.08,31.71,32.07,394994,0.0
2024-10-07,31.85,32.045,31.76,31.84,323599,0.0
2024-10-08,31.79,31.965,31.71,31.95,804979,0.0
2024-10-09,31.87,32.01,31.821,32.0,619551,0.0
2024-10-10,31.67,31.9999,31.57,31.99,391852,0.0
2024-10-11,31.87,32.23,31.87,32.2,424688,0.0
2024-10-14,32.21,32.45,32.21,32.4,455957,0.0
2024-10-15,32.27,32.338,31.55,31.59,487587,0.0
2024-10-16,31.5,31.6201,31.33,31.56,541132,0.0
2024-10-17,31.82,31.94,31.4601,31.49,403412,0.0
2024-10-18,31.87,32.1,31.82,32.05,315123,0.0
2024-10-21,32.0,32.2199,31.83,32.06,316478,0.0
2024-10-22,31.67,31.78,31.61,31.68,275083,0.0
2024-10-23,31.42,31.42,30.88,31.11,423810,0.0
2024-10-24,31.37,31.52,31.19,31.46,623936,0.0
2024-10-25,31.67,31.93,31.565,31.63,725349,0.0
2024-10-28,32.06,32.175,32.0402,32.12,344008,0.0
2024-10-29,32.17,32.45,31.95,32.4,544751,0.0
2024-10-30,32.34,32.65,32.31,32.38,329381,0.0
2024-10-31,32.33,32.365,31.6994,31.76,374958,0.0
2024-11-01,31.9,32.2,31.86,32.0,242138,0.0
2024-11-04,32.08,32.38,32.03,32.11,247291,0.0
2024-11-05,32.27,32.85,32.27,32.82,428195,0.0
2024-11-06,33.19,33.3057,32.83,33.26,747584,0.0
2024-11-07,33.2,33.565,33.1722,33.54,512625,0.0
2024-11-08,33.5,33.745,33.45,33.73,290447,0.0
2024-11-11,33.8,33.97,33.6601,33.81,537993,0.0
2024-11-12,33.42,33.57,33.03,33.28,931406,0.0
2024-11-13,33.24,33.24,32.91,32.94,438342,0.0
2024-11-14,33.12,33.12,32.54,32.59,368755,0.0
2024-11-15,32.36,32.4768,32.0,32.11,399423,0.0
2024-11-18,32.11,32.35,31.96,32.22,275121,0.0
2024-11-19,32.24,32.86,32.0715,32.82,404093,0.0
2024-11-20,32.82,32.89,32.36,32.72,813748,0.0
2024-11-21,32.89,33.31,32.7,33.19,622962,0.0
2024-11-22,33.11,33.44,33.07,33.41,321134,0.0
2024-11-25,33.78,33.9,33.28,33.41,487430,0.0
2024-11-26,33.33,33.41,33.16,33.27,296746,0.0
2024-11-27,33.05,33.15,32.66,32.94,402100,0.0
2024-11-29,33.05,33.4,33.03,33.37,234145,0.0
2024-12-02,33.47,33.49,33.29,33.4,449990,0.0
2024-12-03,33.46,33.605,33.3716,33.58,280845,0.0
2024-12-04,33.7,34.165,33.69,34.15,741612,0.0
2024-12-05,34.1,34.21,33.9,33.9,575388,0.0
2024-12-06,34.21,34.265,34.08,34.18,538101,0.0
2024-12-09,34.06,34.195,33.68,33.81,548017,0.0
2024-12-10,33.75,33.9452,33.34,33.39,418513,0.0
2024-12-11,33.74,33.8073,33.51,33.73,339447,0.0
2024-12-12,33.38,33.64,33.3401,33.36,365823,0.0
2024-12-13,33.25,33.28,32.85,33.02,371007,0.0
2024-12-16,33.11,33.32,32.92,33.25,623881,0.0
2024-12-17,33.06,33.185,32.845,33.12,343646,0.0
2024-12-18,33.34,33.5456,31.97,32.06,933354,0.0
2024-12-19,32.23,32.4,31.645,31.8,1211768,0.0
2024-12-20,31.63,32.47,31.5101,32.29,457956,0.0
2024-12-23,32.19,32.42,32.01,32.38,406005,0.0
2024-12-24,32.3,32.65,32.3,32.64,181460,0.0
2024-12-26,32.39,32.97,32.34,32.92,323400,0.0
2024-12-27,32.75,32.82,32.28,32.52,446839,0.0
2024-12-30,32.37,32.44,31.93,32.22,901498,0.0
2024-12-31,32.26,32.36,31.86,31.95,584692,0.0
2025-01-02,32.28,32.61,32.09,32.33,632322,0.0
2025-01-03,32.39,33.0,32.39,32.95,578561,0.0
2025-01-06,33.29,33.479,33.11,33.18,1299831,0.0
2025-01-07,33.49,33.5,32.4526,32.56,959960,0.0
2025-01-08,32.5,32.5,32.0948,32.39,524597,0.0
2025-01-10,32.0,32.21,31.51,31.79,1047504,0.0
2025-01-13,31.2,31.485,31.08,31.46,478653,0.0
2025-01-14,31.69,31.83,31.28,31.49,436325,0.0
2025-01-15,32.24,32.51,32.11,32.39,429433,0.0
2025-01-16,32.67,32.72,32.48,32.59,299375,0.0
2025-01-17,33.18,33.18,32.97,33.03,458321,0.0
2025-01-21,33.49,33.995,33.32,33.98,994431,0.0
2025-01-22,34.32,34.49,34.2,34.38,1368250,0.0
2025-01-23,34.12,34.54,34.02,34.53,1124483,0.0
2025-01-24,34.67,34.8559,34.47,34.49,558938,0.0
2025-01-27,33.35,33.56,32.7944,33.01,1299489,0.0
2025-01-28,33.3,33.8199,32.97,33.78,813483,0.0
2025-01-29,33.7,33.72,33.095,33.33,465072,0.0
2025-01-30,33.42,33.52,33.14,33.45,756657,0.0
2025-01-31,33.46,33.88,33.1357,33.18,499167,0.0
2025-02-03,32.305,32.84,32.11,32.62,710899,0.0
2025-02-04,32.85,33.249,32.79,33.14,421093,0.0
2025-02-05,33.17,33.61,33.17,33.61,399413,0.0
2025-02-06,33.74,33.78,33.4,33.55,577877,0.0
2025-02-07,33.76,34.08,33.49,33.56,779828,0.0
2025-02-10,33.91,34.29,33.91,34.27,547879,0.0
2025-02-11,34.2,34.25,33.91,34.02,449037,0.0
2025-02-12,33.61,34.189,33.61,34.14,430290,0.0
2025-02-13,34.04,34.1,33.69,33.96,440612,0.0
2025-02-14,33.89,33.97,33.665,33.82,367293,0.0
2025-02-18,34.33,34.51,34.285,34.49,937638,0.0
2025-02-19,34.435,34.5198,34.22,34.33,593669,0.0
2025-02-20,34.48,34.48,33.95,34.32,510395,0.0
2025-02-21,34.54,34.54,33.58,33.63,533520,0.0
2025-02-24,33.55,33.615,32.91,33.02,1011352,0.0
2025-02-25,33.25,33.28,32.555,32.98,860433,0.0
2025-02-26,33.13,33.6,33.1,33.23,468558,0.0
2025-02-27,33.33,33.36,32.18,32.22,736483,0.0
2025-02-28,31.65,32.085,31.5,32.07,637536,0.0
2025-03-03,32.415,32.44,31.05,31.28,659436,0.0
2025-03-04,30.87,31.73,30.48,31.23,787309,0.0
2025-03-05,31.4,31.9399,31.29,31.89,568507,0.0
2025-03-06,31.465,31.72,30.89,30.96,722918,0.0
2025-03-07,31.02,31.31,30.51,31.24,305610,0.0
2025-03-10,30.63,30.71,29.7,29.99,1045631,0.0
2025-03-11,30.08,30.5,29.845,30.18,798868,0.0
2025-03-12,30.78,30.92,30.324,30.6,388223,0.0
2025-03-13,30.27,30.27,29.6668,29.75,701630,0.0
2025-03-14,30.305,30.685,30.25,30.66,571906,0.0
2025-03-17,30.63,31.03,30.6101,30.88,409912,0.0
2025-03-18,30.65,30.8,30.34,30.5,485559,0.0
2025-03-19,30.58,31.045,30.5,30.83,471259,0.0
2025-03-20,30.4,30.766,30.32,30.53,315945,0.0
2025-03-21,30.07,30.35,29.955,30.34,434980,0.0
2025-03-24,30.48,30.7,30.479,30.68,462226,0.0
2025-03-25,30.71,30.75,30.6,30.74,272098,0.0
2025-03-26,30.61,30.61,29.95,30.04,506410,0.0
2025-03-27,30.0,30.14,29.76,29.86,440417,0.0
2025-03-28,29.33,29.415,28.81,28.95,699836,0.0
2025-03-31,28.29,28.56,27.965,28.46,1444511,0.0
2025-04-01,28.33,28.66,28.08,28.63,545675,0.0
2025-04-02,28.32,29.07,28.23,28.93,810519,0.0
2025-04-03,27.585,27.79,27.215,27.24,1463210,0.0
2025-04-04,26.16,26.298,25.08,25.38,1761891,0.0
2025-04-07,24.02,25.79,23.815,24.8,1607382,0.0
2025-04-08,26.0,26.0599,24.17,24.51,1561341,0.0
2025-04-09,24.52,27.6,24.48,27.49,1231772,0.0
2025-04-10,26.79,26.84,25.65,26.33,1062386,0.0
2025-04-11,26.44,26.88,26.15,26.87,821653,0.0
2025-04-14,27.43,27.43,26.74,27.04,584677,0.0
2025-04-15,27.08,27.3,27.0012,27.1,361613,0.0
2025-04-16,26.67,26.84,26.23,26.51,539842,0.0
2025-04-17,26.76,26.8654,26.53,26.62,636376,0.0
2025-04-21,26.47,26.51,25.915,26.17,517268,0.0
2025-04-22,26.635,26.85,26.42,26.68,344504,0.0
2025-04-23,27.77,28.155,27.42,27.49,717836,0.0
2025-04-24,27.58,28.16,27.5234,28.15,427664,0.0
2025-04-25,28.29,28.6336,28.17,28.59,392777,0.0
2025-04-28,28.52,28.58,28.21,28.51,453756,0.0
2025-04-29,28.49,28.76,28.48,28.64,514932,0.0
2025-04-30,28.18,28.62,27.97,28.56,375326,0.0
2025-05-01,28.97,29.01,28.68,28.71,432442,0.0
2025-05-02,29.26,29.44,29.25,29.28,742437,0.0
2025-05-05,29.25,29.43,29.21,29.27,655102,0.0
2025-05-06,29.095,29.34,28.91,29.24,393327,0.0
2025-05-07,29.02,29.215,28.87,29.12,391961,0.0
2025-05-08,29.4,29.71,29.34,29.49,501561,0.0
2025-05-09,29.47,29.56,29.24,29.34,424128,0.0
2025-05-12,30.36,30.61,30.1699,30.61,644185,0.0
2025-05-13,30.715,31.19,30.7,31.03,728881,0.0
2025-05-14,31.245,31.3698,30.97,31.09,448257,0.0
2025-05-15,31.12,31.14,30.7555,31.05,279835,0.0
2025-05-16,31.22,31.235,30.985,31.205,370330,0.0
2025-05-19,30.6,30.99,30.57,30.99,382335,0.0
2025-05-20,31.15,31.205,31.02,31.19,532103,0.0
2025-05-21,31.0,31.3,30.58,30.66,693180,0.0
2025-05-22,30.59,30.8968,30.45,30.75,397193,0.0
2025-05-23,30.32,30.7399,30.12,30.57,574255,0.0
2025-05-27,31.21,31.54,31.101,31.51,695166,0.0
2025-05-28,31.235,31.26,31.05,31.08,535939,0.0
2025-05-29,31.59,31.6,31.22,31.31,483313,0.0
2025-05-30,31.24,31.3,30.56,30.9,551519,0.0
2025-06-02,30.82,30.97,30.54,30.97,525486,0.0
2025-06-03,30.98,31.35,30.92,31.3,597986,0.0
2025-06-04,31.33,31.48,31.2,31.4,676545,0.0
2025-06-05,31.46,31.635,31.1576,31.28,968407,0.0
2025-06-06,31.43,31.565,31.35,31.4,407985,0.0
2025-06-09,31.385,31.5,31.2,31.4,538722,0.0
2025-06-10,31.58,31.6499,31.38,31.6,622646,0.0
2025-06-11,31.8,31.8,31.46,31.53,589391,0.0
2025-06-12,31.46,31.6,31.35,31.41,379194,0.0
2025-06-13,30.9,31.185,30.8,30.91,495308,0.0
2025-06-16,31.16,31.38,31.1,31.27,425373,0.0
2025-06-17,31.0,31.11,30.75,30.79,539447,0.0
2025-06-18,30.89,31.23,30.84,31.04,698441,0.0
2025-06-20,30.92,30.94,30.4,30.45,901177,0.0
2025-06-23,30.4,30.745,30.215,30.74,513451,0.0
2025-06-24,31.145,31.4763,31.09,31.44,541640,0.0
2025-06-25,31.59,31.68,31.4707,31.54,843542,0.0
2025-06-26,31.82,32.28,31.75,32.28,830426,0.0
2025-06-27,32.52,32.68,32.3,32.52,932187,0.0
2025-06-30,32.605,32.7,32.485,32.65,758760,0.0
2025-07-01,32.29,32.37,31.98,32.14,718890,0.0
2025-07-02,32.0,32.5,31.9,32.49,715788,0.0
2025-07-03,32.62,32.8692,32.55,32.79,377124,0.0
2025-07-07,32.27,32.355,32.04,32.16,624128,0.0
2025-07-08,32.315,32.4953,32.26,32.36,529329,0.0
2025-07-09,32.64,32.775,32.4235,32.77,476387,0.0
2025-07-10,32.7,32.7,32.31,32.54,619053,0.0
2025-07-11,32.45,32.59,32.27,32.27,432033,0.0
2025-07-14,32.065,32.34,31.87,32.28,471232,0.0
2025-07-15,32.62,32.6473,32.32,32.33,436882,0.0
2025-07-16,32.42,32.5898,32.08,32.56,693519,0.0
2025-07-17,32.79,33.27,32.78,33.22,864752,0.0
2025-07-18,33.31,33.33,33.05,33.16,628462,0.0
2025-07-21,33.44,33.5,33.01,33.01,723100,0.0
2025-07-22,32.935,32.96,32.48,32.88,833681,0.0
2025-07-23,33.9,34.545,33.9,34.53,1215923,0.0
2025-07-24,34.655,34.71,34.4,34.49,784530,0.0
2025-07-25,34.3,34.3575,34.01,34.33,636070,0.0
2025-07-28,34.41,34.44,34.1625,34.26,648595,0.0
2025-07-29,34.33,34.35,33.82,33.86,569575,0.0
2025-07-30,33.87,34.0,33.5284,33.7,509545,0.0
2025-07-31,34.01,34.0676,33.4,33.47,706572,0.0
2025-08-01,33.01,33.3097,32.67,33.12,846731,0.0
2025-08-04,33.615,33.98,33.57,33.97,733230,0.0
2025-08-05,34.06,34.19,33.7499,33.93,628987,0.0
2025-08-06,33.82,33.85,33.535,33.6,902668,0.0
2025-08-07,33.84,33.91,33.21,33.43,903984,0.0
2025-08-08,33.74,33.77,33.56,33.6,519645,0.0
2025-08-11,33.47,33.555,33.24,33.31,411689,0.0
2025-08-12,33.5,33.88,33.385,33.88,573275,0.0
2025-08-13,33.995,34.275,33.87,34.27,772454,0.0
2025-08-14,33.97,33.99,33.665,33.91,562708,0.0
2025-08-15,34.12,34.12,33.92,34.08,364418,0.0
2025-08-18,33.84,34.1,33.84,34.07,426636,0.0
2025-08-19,34.0,34.04,33.41,33.48,462395,0.0
2025-08-20,33.15,33.25,32.77,33.18,536031,0.0
2025-08-21,32.98,33.16,32.79,32.87,520367,0.0
2025-08-22,32.94,33.9,32.94,33.81,771869,0.0
2025-08-25,33.805,33.95,33.67,33.67,439037,0.0
2025-08-26,33.65,33.86,33.57,33.8,547548,0.0
2025-08-27,33.61,33.865,33.512,33.8,347192,0.0
2025-08-28,33.9,34.155,33.82,34.07,469466,0.0
2025-08-29,33.92,33.92,33.43,33.55,437526,0.0
2025-09-02,33.2,33.41,32.9,33.3,474247,0.0
2025-09-03,33.41,33.49,33.035,33.17,361206,0.0
2025-09-04,33.0,33.26,32.87,33.25,334496,0.0
2025-09-05,33.52,33.7,33.18,33.58,593959,0.0
2025-09-08,33.85,34.185,33.83,34.11,540424,0.0
2025-09-09,33.94,33.94,33.56,33.82,465609,0.0
2025-09-10,34.05,34.08,33.6332,33.73,640775,0.0
2025-09-11,33.87,34.325,33.87,34.21,528371,0.0
2025-09-12,34.23,34.23,33.995,34.04,346142,0.0
2025-09-15,34.1,34.41,34.08,34.41,425831,0.0
2025-09-16,34.51,34.51,34.19,34.46,700581,0.0
2025-09-17,34.38,34.64,34.03,34.37,640445,0.0
2025-09-18,34.76,35.0767,34.57,35.03,1001438,0.0
2025-09-19,34.855,35.05,34.75,35.0,694298,0.0
2025-09-22,35.21,36.0,35.14,35.96,998716,0.0
2025-09-23,35.965,36.07,35.61,35.66,969613,0.0
2025-09-24,35.545,35.545,35.11,35.11,527634,0.0
2025-09-25,34.82,34.96,34.47,34.89,650805,0.0
2025-09-26,34.92,34.92,34.57,34.85,451232,0.0
2025-09-29,35.05,35.21,35.0,35.08,544214,0.0
2025-09-30,35.24,35.465,35.21,35.43,482725,0.0
2025-10-01,35.44,35.735,35.44,35.71,526568,0.0
2025-10-02,36.095,36.36,35.96,36.31,538442,0.0
2025-10-03,36.675,37.015,36.52,36.75,996226,0.0
2025-10-06,37.41,37.5501,37.205,37.4,705859,0.0
2025-10-07,37.35,37.37,36.56,36.81,745703,0.0
2025-10-08,36.9,37.255,36.84,37.24,573085,0.0
2025-10-09,37.51,37.51,37.1136,37.3,550688,0.0
2025-10-10,37.35,37.4376,35.62,35.65,1066361,0.0
2025-10-13,36.435,36.86,36.28,36.75,1038286,0.0
2025-10-14,36.17,36.745,35.65,36.47,747171,0.0
2025-10-15,37.2,37.3,36.4,36.86,778535,0.0
2025-10-16,37.07,37.08,36.29,36.49,470515,0.0
2025-10-17,36.075,36.29,35.74,36.05,490516,0.0
2025-10-20,36.76,37.13,36.726,37.06,586665,0.0
2025-10-21,36.82,37.1,36.48,36.88,515064,0.0
2025-10-22,37.32,37.39,36.3899,36.83,1080006,0.0
2025-10-23,36.87,37.4356,36.85,37.36,488650,0.0
2025-10-24,37.765,37.92,37.68,37.73,1382316,0.0
2025-10-27,38.25,38.25,38.04,38.18,763772,0.0
2025-10-28,38.1,38.25,37.937,38.06,715582,0.0
2025-10-29,38.31,38.34,37.76,38.16,973600,0.0
2025-10-30,37.605,37.8099,37.38,37.405,780890,0.0
2025-10-31,37.78,37.9,37.49,37.83,596174,0.0
2025-11-03,38.18,38.3486,37.735,38.25,1060813,0.0
2025-11-04,37.6,37.82,37.28,37.32,1880972,0.0
2025-11-05,36.91,37.2,36.68,37.0,793682,0.0
2025-11-06,36.855,36.88,35.78,35.98,1088765,0.0
2025-11-07,35.465,36.0,35.13,36.0,1309769,0.0
2025-11-10,36.61,36.645,36.15,36.57,818989,0.0
2025-11-11,36.43,36.43,36.1,36.29,406530,0.0
2025-11-12,36.465,36.48,36.06,36.19,584615,0.0
2025-11-13,35.872,35.97,35.12,35.3,1012719,0.0
2025-11-14,34.73,35.4856,34.67,35.15,2125993,0.0
2025-11-17,34.75,34.9,34.102,34.32,1388275,0.0
2025-11-18,33.61,33.95,33.4,33.7,1875255,0.0
2025-11-19,33.81,34.13,33.59,33.84,827786,0.0
2025-11-20,34.48,34.58,33.04,33.08,1002015,0.0
2025-11-21,33.14,33.715,32.73,33.49,1071672,0.0
2025-11-24,33.64,34.1265,33.53,34.07,535434,0.0
2025-11-25,34.12,34.595,33.7844,34.55,602616,0.0
2025-11-26,34.71,35.0,34.645,34.87,558100,0.0
2025-11-28,35.11,35.2565,35.08,35.17,277910,0.0
2025-12-01,35.1,35.5122,35.1,35.25,679638,0.0
2025-12-02,35.48,35.57,35.09,35.15,547945,0.0
2025-12-03,35.08,35.515,34.97,35.51,640778,0.0
2025-12-04,36.44,36.9352,36.39,36.88,1537937,0.0
2025-12-05,36.8,36.91,36.55,36.77,642105,0.0
2025-12-08,36.905,37.02,36.655,36.89,692063,0.0
2025-12-09,36.94,37.095,36.775,36.88,512590,0.0
2025-12-10,36.88,37.135,36.59,37.03,659335,0.0
2025-12-11,36.85,36.965,36.48,36.93,459708,0.0
2025-12-12,37.1,37.12,36.21,36.38,782906,0.0
2025-12-15,36.65,36.65,36.09,36.14,591795,0.0
2025-12-16,35.705,35.93,35.571,35.79,650110,0.0
2025-12-17,35.7,35.84,35.0,35.0,509708,0.0
2025-12-18,35.46,35.645,35.28,35.36,867023,0.0
2025-12-19,35.69,35.99,35.57,35.96,455731,0.0
2025-12-22,36.4,36.62,36.332,36.56,633132,0.0
2025-12-23,36.57,36.73,36.3301,36.69,708788,0.0
2025-12-24,36.7,36.75,36.54,36.68,202287,0.0
2025-12-26,36.64,36.6499,36.4203,36.59,334488,0.0
2025-12-29,36.61,36.95,36.58,36.75,845400,0.0
2025-12-30,36.93,36.95,36.56,36.58,335100,0.0
2025-12-31,36.53,36.54,36.22,36.23,352200,0.0
2026-01-02,36.65,36.77,36.35,36.71,696100,0.0
2026-01-05,37.05,37.666,36.99,37.61,1216700,0.0
2026-01-06,37.45,37.966,37.42,37.93,774300,0.0
2026-01-07,38.12,38.3,37.97,38.16,1178700,0.0
2026-01-08,37.96,37.99,37.65,37.73,887700,0.0
2026-01-09,38.19,38.42,38.03,38.23,1434200,0.0
2026-01-12,38.37,38.525,38.19,38.44,901800,0.0
2026-01-13,38.44,38.44,37.73,37.85,953100,0.0
2026-01-14,37.95,38.02,37.69,38.0,923400,0.0
2026-01-15,38.5,38.61,38.29,38.34,1222600,0.0
2026-01-16,38.405,38.53,38.189,38.35,737200,0.0
2026-01-20,37.59,37.87,37.09,37.17,1314900,0.0
2026-01-21,37.58,37.89,37.16,37.71,1215900,0.0
2026-01-22,37.9,38.0,37.635,37.88,511800,0.0
2026-01-23,37.9,37.931,37.655,37.77,644900,0.0
2026-01-26,38.05,38.28,37.95,37.96,895900,0.0
2026-01-27,38.28,38.329,38.03,38.26,674400,0.0
2026-01-28,38.32,38.34,37.84,37.99,746300,0.0
2026-01-29,38.33,38.36,37.271,37.96,1059800,0.0
2026-01-30,37.64,37.92,37.2,37.32,1062200,0.0
2026-02-02,36.915,37.089,36.685,36.87,1018500,0.0
2026-02-03,37.2,37.25,36.345,36.88,1149500,0.0
2026-02-04,37.145,37.27,36.18,36.61,1049900,0.0
2026-02-05,36.02,36.41,35.731,35.77,894200,0.0
2026-02-06,36.37,37.57,36.32,37.48,1179400,0.0
2026-02-09,37.43,38.28,37.35,38.14,816700,0.0
2026-02-10,38.4,38.63,38.25,38.36,762300,0.0
2026-02-11,38.6,38.66,37.81,38.12,820600,0.0
2026-02-12,38.47,38.78,37.79,37.96,814200,0.0
2026-02-13,38.1,38.605,37.831,38.34,895200,0.0
2026-02-17,38.27,38.75,37.94,38.62,775100,0.0
2026-02-18,38.45,38.7,38.225,38.36,697400,0.0
2026-02-19,38.38,38.64,38.25,38.64,866200,0.0
2026-02-20,38.485,39.22,38.42,39.02,1097700,0.0
2026-02-23,38.68,38.85,38.281,38.58,971300,0.0
2026-02-24,38.57,39.1,38.38,39.01,769800,0.0
2026-02-25,39.58,39.778,39.483,39.66,774800,0.0
2026-02-26,39.69,39.69,39.06,39.5,1089000,0.0
2026-02-27,39.12,39.21,38.92,39.02,1287700,0.0
2026-03-02,37.85,38.42,37.59,38.19,1393800,0.0
2026-03-03,36.38,37.18,35.81,36.9,3335500,0.0
2026-03-04,36.95,37.315,36.64,37.13,1377400,0.0
2026-03-05,36.89,37.11,36.07,36.58,904700,0.0
2026-03-06,35.94,36.34,35.85,36.09,847300,0.0
2026-03-09,35.19,36.19,34.782,36.09,1025687,0.0
2026-03-10,36.56,37.0,36.15,36.28,634359,0.0
2026-03-11,36.18,36.47,35.97,36.3,551300,0.0
2026-03-12,36.035,36.14,35.48,35.59,606200,0.0
2026-03-13,35.57,35.83,34.725,34.83,1047200,0.0
2026-03-16,35.34,35.59,35.22,35.39,686500,0.0
2026-03-17,35.49,35.61,35.23,35.38,449800,0.0
2026-03-18,35.355,35.44,34.84,34.85,874200,0.0
2026-03-19,34.32,35.07,34.16,34.88,970000,0.0
2026-03-20,34.46,34.51,33.385,33.6,1149000,0.0
2026-03-23,34.195,34.595,33.95,34.24,1333300,0.0
2026-03-24,33.765,34.08,33.65,33.82,677000,0.0
2026-03-25,34.4,34.565,34.13,34.38,887500,0.0
2026-03-26,33.7,33.94,33.245,33.29,947800,0.0
2026-03-27,32.97,32.97,32.36,32.46,1384900,0.0
2026-03-30,32.58,32.7,31.875,31.99,967400,0.0
2026-03-31,32.26,33.265,32.26,33.22,1057300,0.0
2026-04-01,33.92,34.235,33.82,33.9,661400,0.0
2026-04-02,32.91,33.62,32.66,33.4,701900,0.0
2026-04-06,33.5,33.73,33.37,33.59,486400,0.0
2026-04-07,33.19,33.425,32.74,33.39,580300,0.0
2026-04-08,35.43,35.58,34.92,35.12,1146200,0.0
2026-04-09,34.81,35.065,34.52,34.92,696600,0.0
2026-04-10,35.505,35.59,35.29,35.43,573600,0.0
2026-04-13,35.19,35.98,35.159,35.97,466300,0.0
2026-04-14,36.14,36.61,36.14,36.59,722600,0.0
2026-04-15,36.45,36.735,36.35,36.73,550800,0.0
2026-04-16,36.91,36.98,36.52,36.71,576900,0.0
2026-04-17,37.35,37.74,37.28,37.41,872400,0.0
2026-04-20,37.41,37.53,37.22,37.5,563000,0.0
2026-04-21,37.43,37.52,36.69,36.74,577300,0.0
2026-04-22,37.23,37.41,37.15,37.37,658200,0.0
2026-04-23,37.105,37.13,36.23,36.66,859900,0.0
2026-04-24,36.9,37.37,36.775,37.36,777600,0.0
2026-04-27,38.45,38.64,38.24,38.49,1137900,0.0
2026-04-28,37.805,37.895,37.43,37.66,860100,0.0
2026-04-29,37.61,37.64,37.12,37.33,2240600,0.0
2026-04-30,37.83,38.48,37.79,38.45,1007800,0.0
2026-05-01,38.51,38.71,38.43,38.6,840900,0.0
2026-05-04,38.515,38.815,38.14,38.38,1885900,0.0
2026-05-05,38.62,38.83,38.56,38.75,639800,0.0
2026-05-06,39.26,39.9,39.235,39.88,839500,0.0
2026-05-07,40.25,40.425,39.8,39.83,1160100,0.0
2026-05-08,41.245,41.49,41.075,41.45,1479500,0.0
2026-05-11,41.29,41.515,41.2,41.31,1060100,0.0
2026-05-12,40.865,40.94,40.25,40.72,896400,0.0
2026-05-13,41.27,41.71,41.065,41.63,1463700,0.0
2026-05-14,41.1,41.28,40.92,41.12,1164200,0.0
2026-05-15,40.45,40.545,40.135,40.23,774600,0.0
2026-05-18,40.16,40.17,39.48,39.83,1054400,0.0
2026-05-19,38.93,39.106,38.52,38.89,1543100,0.0
2026-05-20,38.68,39.265,38.43,39.25,943000,0.0
2026-05-21,39.16,39.79,39.14,39.65,887000,0.0
2026-05-22,40.21,40.58,40.15,40.29,976500,0.0
2026-05-26,40.91,41.04,40.76,40.9,1106900,0.0
2026-05-27,40.44,40.44,39.905,40.07,1529200,0.0
2026-05-28,39.91,40.44,39.72,40.28,862200,0.0
2026-05-29,40.26,40.37,39.96,40.15,865800,0.0
2026-06-01,40.32,40.735,40.17,40.6,1277900,0.0
2026-06-02,40.59,40.825,40.43,40.64,787200,0.0
2026-06-03,40.68,40.69,40.16,40.27,691300,0.0
2026-06-04,39.99,40.18,39.8,40.08,988700,0.0
2026-06-05,39.48,39.48,37.855,37.98,1448400,0.0
2026-06-08,38.475,38.63,38.245,38.32,937100,0.0
2026-06-09,38.24,38.46,36.763,37.62,1659900,0.0
2026-06-10,36.81,37.13,36.21,36.24,1401100,0.0
2026-06-11,36.49,37.315,36.21,37.26,1216900,0.0
2026-06-12,37.23,37.31,36.85,37.12,765400,0.0
2026-06-15,38.225,38.39,38.15,38.25,611700,0.0
2026-06-16,38.19,38.31,37.86,37.88,496200,0.0
2026-06-17,38.17,38.33,37.57,37.59,1034900,0.0
2026-06-18,38.26,38.45,38.07,38.37,1677700,0.0
2026-06-22,38.42,38.63,38.251,38.33,1060900,0.0
2026-06-23,36.62,36.98,36.5,36.64,1185300,0.0
2026-06-24,36.59,36.87,36.39,36.58,702300,0.0
2026-06-25,36.88,36.94,36.3,36.61,969900,0.0
2026-06-26,35.9,36.36,35.8,36.01,599267,0.0
2026-06-29,36.38,36.89,36.21,36.86,1351900,0.0
2026-06-30,37.5,38.03,37.435,37.94,966200,0.0
2026-07-01,37.9,38.43,37.87,38.06,670500,0.0
2026-07-02,37.97,38.13,37.1,37.39,845400,0.0
2026-07-06,37.79,38.43,37.75,38.25,874200,0.0
2026-07-07,37.29,37.29,36.51,36.59,1334100,0.0
2026-07-08,35.83,36.025,35.555,35.99,1170500,0.0
2026-07-09,36.49,36.7,36.245,36.63,542800,0.0
2026-07-10,36.88,37.0,36.55,36.91,671100,0.0
2026-07-13,36.24,36.32,35.78,35.87,975900,0.0
2026-07-14,36.0,36.22,35.801,35.88,476700,0.0
2026-07-15,36.27,36.335,35.695,36.03,578400,0.0
2026-07-16,35.69,35.79,35.385,35.53,679200,0.0
2026-07-17,34.205,34.595,33.935,34.4,1189000,0.0
2026-07-20,34.56,34.67,34.21,34.25,657900,0.0
2026-07-21,34.72,34.995,34.63,34.89,703700,0.0
2026-07-22,34.9,35.12,34.87,34.89,591500,0.0
2026-07-23,34.55,34.685,34.1,34.31,718500,0.0
2026-07-24,34.18,34.23,33.775,33.83,1202000,0.0
2026-07-27,34.48,34.63,34.07,34.34,548300,0.0
2026-07-28,33.69,34.075,33.484,33.98,1076000,0.0
2026-07-29,34.18,34.495,33.61,33.68,1062100,0.0
2026-07-30,34.21,34.9,34.125,34.9,875500,0.0
2026-07-31,35.38,35.53,34.82,35.22,905900,0.0
2026-08-03,35.155,35.96,35.07,35.93,827700,0.0
2026-08-04,36.58,37.16,36.42,37.09,1011500,0.0
2026-08-05,37.755,37.765,37.28,37.3,698900,0.0
2026-08-06,37.15,37.24,36.8,36.94,798000,0.0
2026-08-07,37.38,37.65,37.21,37.61,685100,0.0
2026-08-10,37.61,37.65,37.335,37.42,468300,0.0
2026-08-11,37.56,37.715,37.38,37.48,396800,0.0
2026-08-12,38.11,38.15,37.75,37.81,409600,0.0
2026-08-13,37.695,37.9,37.63,37.82,729702,0.0
