date,open,high,low,close,volume,amount
2011-09-19,25.11,25.11,25.11,25.11,151,0.0
2011-09-20,25.2683,25.57,25.2683,25.57,200,0.0
2011-09-21,24.58,24.73,24.56,24.73,650,0.0
2011-09-22,23.98,24.23,23.76,23.76,2300,0.0
2011-09-23,23.33,23.33,23.33,23.33,193,0.0
2011-09-26,23.42,23.42,23.42,23.42,1000,0.0
2011-09-27,23.91,23.91,23.72,23.72,1600,0.0
2011-09-28,23.78,23.78,23.5,23.5,400,0.0
2011-09-29,24.29,25.16,24.29,25.16,1500,0.0
2011-09-30,24.3652,24.3652,24.3652,24.3652,2000,0.0
2011-10-05,23.47,23.47,23.47,23.47,100,0.0
2011-10-07,24.15,24.15,24.15,24.15,100,0.0
2011-10-11,24.51,24.51,24.51,24.51,200,0.0
2011-10-14,25.99,26.43,25.99,26.24,425,0.0
2011-10-17,26.17,26.31,26.17,26.31,200,0.0
2011-10-19,26.25,26.25,25.58,25.58,400,0.0
2011-10-21,25.51,25.51,25.0924,25.0924,400,0.0
2011-10-24,25.35,25.35,25.35,25.35,200,0.0
2011-10-26,25.28,25.28,25.28,25.28,200,0.0
2011-10-27,25.52,25.52,25.52,25.52,100,0.0
2011-10-28,25.52,25.59,25.4,25.4,1026,0.0
2011-10-31,25.06,25.06,25.06,25.06,100,0.0
2011-11-01,24.77,24.96,24.62,24.62,300,0.0
2011-11-02,24.58,24.88,24.54,24.64,1673,0.0
2011-11-08,24.8116,25.16,24.8116,25.16,350,0.0
2011-11-09,24.7,24.7,24.7,24.7,100,0.0
2011-11-10,24.78,24.78,24.69,24.69,600,0.0
2011-11-14,24.29,24.29,24.061,24.061,400,0.0
2011-11-16,24.04,24.05,24.04,24.05,305,0.0
2011-11-18,23.67,23.67,23.67,23.67,100,0.0
2011-11-21,23.88,23.88,23.88,23.88,200,0.0
2011-11-25,22.86,22.86,22.86,22.86,400,0.0
2011-11-29,23.0,23.21,23.0,23.21,1100,0.0
2011-11-30,23.44,23.44,23.42,23.42,400,0.0
2011-12-02,23.39,23.39,23.24,23.24,600,0.0
2011-12-05,23.57,23.57,23.57,23.57,100,0.0
2011-12-07,23.61,23.61,22.89,22.89,4093,0.0
2011-12-08,23.4,23.66,23.4,23.66,600,0.0
2011-12-12,22.96,23.68,22.8,23.68,1150,0.0
2011-12-13,23.08,23.08,23.0,23.0,550,0.0
2011-12-14,22.47,22.55,22.47,22.55,500,0.0
2011-12-16,22.77,22.77,22.77,22.77,100,0.0
2011-12-19,22.9,22.946,22.83,22.946,400,0.0
2011-12-21,22.95,22.95,22.95,22.95,200,0.0
2011-12-23,23.36,23.36,23.16,23.16,500,0.0
2011-12-27,23.3388,23.3388,23.3388,23.3388,860,0.0
2011-12-28,23.31,23.33,22.85,22.85,1400,0.0
2011-12-29,22.98,22.98,22.98,22.98,100,0.0
2011-12-30,22.93,22.93,22.93,22.93,100,0.0
2012-01-03,23.68,23.81,23.68,23.81,200,0.0
2012-01-04,23.93,24.33,23.93,24.33,752,0.0
2012-01-05,23.5,23.52,22.6,22.84,1000,0.0
2012-01-06,22.75,22.85,22.75,22.85,400,0.0
2012-01-09,22.65,23.01,22.6,23.0,1400,0.0
2012-01-11,23.3,23.3,23.3,23.3,200,0.0
2012-01-12,23.1,23.1,23.04,23.04,200,0.0
2012-01-13,22.95,22.95,22.95,22.95,900,0.0
2012-01-17,23.44,23.44,23.19,23.21,800,0.0
2012-01-19,23.6,23.62,23.54,23.62,1100,0.0
2012-01-20,23.55,23.69,23.5,23.67,900,0.0
2012-01-23,23.97,23.98,23.97,23.98,200,0.0
2012-01-24,23.97,23.98,23.91,23.91,1000,0.0
2012-01-25,23.8,23.811,23.75,23.8,1550,0.0
2012-01-26,23.87,23.87,23.82,23.82,200,0.0
2012-01-27,23.52,23.52,23.441,23.441,800,0.0
2012-01-30,23.27,23.27,23.22,23.22,500,0.0
2012-01-31,23.17,23.17,23.17,23.17,200,0.0
2012-02-01,22.94,22.94,22.94,22.94,100,0.0
2012-02-02,22.96,23.12,22.85,22.86,2700,0.0
2012-02-03,23.21,23.21,23.12,23.13,1380,0.0
2012-02-07,23.37,23.37,23.36,23.36,1900,0.0
2012-02-08,23.45,23.45,23.45,23.45,823,0.0
2012-02-10,23.5,23.5,23.5,23.5,300,0.0
2012-02-14,23.0,23.02,22.91,23.02,2100,0.0
2012-02-15,23.12,23.12,23.12,23.12,500,0.0
2012-02-16,23.39,23.39,23.39,23.39,200,0.0
2012-02-17,23.3,23.3,23.3,23.3,200,0.0
2012-02-21,23.62,23.62,23.62,23.62,200,0.0
2012-02-24,24.2,24.26,24.19,24.26,999,0.0
2012-02-27,24.49,24.93,24.49,24.66,1650,0.0
2012-02-28,24.54,24.59,24.54,24.59,1220,0.0
2012-02-29,24.3,24.31,23.364,23.364,700,0.0
2012-03-01,24.2,24.2,24.2,24.2,400,0.0
2012-03-02,24.26,24.5499,24.26,24.5499,800,0.0
2012-03-06,23.59,23.59,23.46,23.46,200,0.0
2012-03-08,23.22,23.22,23.08,23.08,400,0.0
2012-03-09,22.84,23.32,22.84,23.32,1000,0.0
2012-03-12,22.69,22.69,22.69,22.69,100,0.0
2012-03-13,23.05,23.27,23.05,23.27,200,0.0
2012-03-20,24.16,24.16,24.16,24.16,100,0.0
2012-03-26,24.14,24.14,23.2901,23.62,55925,0.0
2012-03-27,23.57,23.57,23.44,23.44,1500,0.0
2012-03-29,23.54,23.54,23.44,23.44,2000,0.0
2012-03-30,23.68,23.81,23.68,23.79,1600,0.0
2012-04-03,23.55,23.57,23.51,23.54,2400,0.0
2012-04-04,23.629,23.629,23.629,23.629,1000,0.0
2012-04-05,23.79,23.79,23.77,23.78,2000,0.0
2012-04-09,23.91,23.95,23.883,23.95,1200,0.0
2012-04-12,23.46,23.46,23.46,23.46,200,0.0
2012-04-13,23.02,23.02,23.02,23.02,300,0.0
2012-04-16,22.51,22.51,22.4,22.4,3000,0.0
2012-04-17,22.76,22.77,22.76,22.77,300,0.0
2012-04-19,22.21,22.21,21.951,21.951,2630,0.0
2012-04-23,21.725,21.725,21.725,21.725,1500,0.0
2012-04-24,21.64,21.64,21.64,21.64,100,0.0
2012-04-25,24.5,24.5,21.8,21.8,1201,0.0
2012-04-27,21.33,21.33,21.327,21.327,2300,0.0
2012-04-30,21.38,21.39,21.12,21.12,2070,0.0
2012-05-01,20.98,20.98,20.98,20.98,2000,0.0
2012-05-02,20.95,21.09,20.89,21.09,500,0.0
2012-05-07,20.873,20.873,20.7501,20.7501,2450,0.0
2012-05-08,20.73,20.73,20.094,20.573,2500,0.0
2012-05-10,20.395,20.395,20.395,20.395,1600,0.0
2012-05-15,20.6499,20.6499,20.6499,20.6499,400,0.0
2012-05-18,20.379,20.4,20.379,20.4,3700,0.0
2012-05-22,20.0,20.0,19.8999,19.8999,950,0.0
2012-05-23,19.6,19.6,19.6,19.6,100,0.0
2012-05-25,19.62,19.62,19.62,19.62,1600,0.0
2012-05-29,19.592,19.592,19.592,19.592,250,0.0
2012-05-30,19.38,19.44,19.38,19.41,1599,0.0
2012-05-31,19.248,19.248,19.248,19.248,175,0.0
2012-06-01,18.8916,19.56,18.8916,19.01,1700,0.0
2012-06-04,19.004,19.004,19.004,19.004,1400,0.0
2012-06-06,19.34,21.51,19.324,21.51,2602,0.0
2012-06-07,19.286,19.286,19.286,19.286,3000,0.0
2012-06-11,19.33,19.33,19.3,19.3,600,0.0
2012-06-12,19.19,19.19,19.15,19.15,5100,0.0
2012-06-14,19.01,19.05,18.63,18.63,7000,0.0
2012-06-15,18.99,19.75,18.4,19.1899,14300,0.0
2012-06-19,19.18,19.48,19.18,19.48,2400,0.0
2012-06-21,19.65,19.69,19.0201,19.0201,11000,0.0
2012-06-22,19.33,19.33,18.69,18.77,3685,0.0
2012-06-25,18.7,18.8,18.69,18.8,1250,0.0
2012-06-26,18.83,18.83,18.83,18.83,500,0.0
2012-06-28,19.47,19.47,18.86,19.18,3703,0.0
2012-07-02,19.47,19.48,19.47,19.47,1300,0.0
2012-07-03,19.6601,19.84,19.66,19.84,1030,0.0
2012-07-05,19.98,20.18,19.98,20.0,4900,0.0
2012-07-06,20.13,20.1599,19.9701,19.9989,2400,0.0
2012-07-09,20.47,20.85,20.4501,20.82,3777,0.0
2012-07-10,20.79,21.16,20.67,20.7,6013,0.0
2012-07-11,20.81,21.0,20.64,21.0,9167,0.0
2012-07-12,20.5799,21.08,20.4,20.41,5300,0.0
2012-07-13,20.63,20.8875,20.57,20.76,22944,0.0
2012-07-16,20.46,20.68,20.31,20.68,2700,0.0
2012-07-17,20.6,20.76,20.6,20.69,1500,0.0
2012-07-18,20.74,20.8,20.71,20.72,1000,0.0
2012-07-19,20.75,20.82,20.487,20.78,4074,0.0
2012-07-20,20.7,21.09,20.7,21.02,9058,0.0
2012-07-23,20.98,21.03,20.84,21.02,2127,0.0
2012-07-24,21.01,21.01,20.7801,20.7801,1407,0.0
2012-07-25,20.83,20.83,20.83,20.83,200,0.0
2012-07-26,20.48,21.08,19.7502,19.875,5300,0.0
2012-07-27,20.23,20.54,20.23,20.5389,4240,0.0
2012-07-30,20.54,20.56,20.54,20.56,1800,0.0
2012-08-01,20.46,20.46,20.34,20.34,33603,0.0
2012-08-02,20.23,20.23,19.97,20.07,8400,0.0
2012-08-03,20.07,20.07,20.0,20.0,200,0.0
2012-08-06,20.0,20.0,19.55,19.763,11137,0.0
2012-08-07,19.5801,19.6,19.58,19.6,515,0.0
2012-08-08,19.55,19.55,19.41,19.41,1810,0.0
2012-08-09,19.25,19.32,19.14,19.23,3220,0.0
2012-08-13,19.05,19.05,19.0,19.0,300,0.0
2012-08-14,18.93,18.935,18.82,18.82,400,0.0
2012-08-15,18.98,19.06,18.98,19.02,800,0.0
2012-08-16,18.97,19.048,18.8001,18.8001,1400,0.0
2012-08-17,18.95,19.2,18.95,19.2,4305,0.0
2012-08-20,19.16,19.16,19.16,19.16,600,0.0
2012-08-21,18.86,18.86,18.53,18.53,765,0.0
2012-08-22,18.6501,18.7099,18.6501,18.7099,788,0.0
2012-08-23,18.71,18.7599,18.53,18.7599,2493,0.0
2012-08-24,18.54,18.659,18.4,18.659,2739,0.0
2012-08-27,18.5499,18.62,18.37,18.37,1500,0.0
2012-08-28,18.6899,18.6899,18.6899,18.6899,100,0.0
2012-08-29,18.71,18.71,18.55,18.55,4692,0.0
2012-08-30,18.75,18.8299,18.65,18.8299,1355,0.0
2012-08-31,18.56,18.7799,18.56,18.7692,955,0.0
2012-09-04,18.74,18.74,18.4,18.4,3549,0.0
2012-09-05,18.3,18.3,18.26,18.26,1600,0.0
2012-09-06,18.05,18.11,17.96,17.96,2900,0.0
2012-09-07,18.15,18.34,18.15,18.33,1150,0.0
2012-09-11,18.43,18.43,18.2669,18.2669,1000,0.0
2012-09-12,18.7,18.7,18.55,18.55,6022,0.0
2012-09-13,18.64,18.76,18.63,18.7,700,0.0
2012-09-14,18.9699,18.9699,18.87,18.87,3499,0.0
2012-09-17,18.9,18.9,18.8361,18.8361,700,0.0
2012-09-18,18.42,18.42,18.32,18.32,1225,0.0
2012-09-19,18.39,18.39,18.0,18.0,6965,0.0
2012-09-20,18.0,18.03,18.0,18.03,300,0.0
2012-09-21,18.4184,18.48,18.0317,18.35,4902,0.0
2012-09-25,18.7699,19.455,18.66,18.85,19803,0.0
2012-09-26,18.67,18.67,18.4,18.44,13900,0.0
2012-09-27,18.36,18.56,18.32,18.5299,6650,0.0
2012-09-28,18.44,18.44,18.41,18.41,1400,0.0
2012-10-01,18.98,19.2099,18.84,19.0344,7318,0.0
2012-10-02,19.148,19.5599,19.14,19.5599,29381,0.0
2012-10-03,19.13,19.58,19.1,19.5,4667,0.0
2012-10-04,19.46,19.55,19.0117,19.48,46760,0.0
2012-10-05,19.2,19.3901,19.04,19.3901,3800,0.0
2012-10-08,19.16,19.3852,19.12,19.25,5670,0.0
2012-10-09,19.34,19.37,19.1301,19.21,14175,0.0
2012-10-10,19.0701,19.19,18.92,18.93,51960,0.0
2012-10-11,18.67,18.76,18.35,18.44,28273,0.0
2012-10-12,18.21,18.23,17.95,18.21,19750,0.0
2012-10-15,18.11,18.11,17.42,17.86,23200,0.0
2012-10-16,17.96,18.1399,17.94,18.1399,3698,0.0
2012-10-17,18.08,18.09,18.08,18.09,400,0.0
2012-10-18,17.87,17.95,17.78,17.949,8766,0.0
2012-10-19,17.93,18.49,17.93,18.17,54300,0.0
2012-10-22,17.97,17.97,17.71,17.74,14600,0.0
2012-10-23,17.7036,17.7036,17.5769,17.64,6900,0.0
2012-10-24,17.56,17.73,17.56,17.67,3300,0.0
2012-10-25,17.53,17.59,17.5,17.58,3000,0.0
2012-10-26,17.46,17.51,17.34,17.51,24774,0.0
2012-10-31,17.72,17.7499,17.33,17.55,9100,0.0
2012-11-01,17.46,17.51,17.46,17.49,8700,0.0
2012-11-02,17.51,17.7199,17.5,17.62,16450,0.0
2012-11-05,17.46,17.55,17.4101,17.52,24101,0.0
2012-11-06,17.77,17.88,17.72,17.77,43260,0.0
2012-11-07,17.68,17.68,17.33,17.3899,16511,0.0
2012-11-08,17.18,17.3,17.13,17.21,10962,0.0
2012-11-09,17.45,17.48,17.37,17.39,32003,0.0
2012-11-12,17.43,17.6481,17.43,17.49,28050,0.0
2012-11-13,17.7,17.7599,17.5201,17.61,25350,0.0
2012-11-14,17.56,17.58,17.2,17.4599,1603,0.0
2012-11-15,17.29,17.35,17.29,17.34,3300,0.0
2012-11-16,17.27,17.42,17.26,17.37,7182,0.0
2012-11-19,17.886,17.931,17.862,17.91,44400,0.0
2012-11-20,17.8205,17.98,17.8205,17.83,21477,0.0
2012-11-21,17.71,17.75,17.66,17.68,25976,0.0
2012-11-23,17.41,17.44,17.32,17.39,15200,0.0
2012-11-26,17.45,17.45,17.43,17.43,3100,0.0
2012-11-27,17.54,17.56,17.43,17.47,12168,0.0
2012-11-28,17.37,17.51,17.35,17.43,8836,0.0
2012-11-29,17.52,17.541,17.5,17.53,4250,0.0
2012-11-30,17.5061,17.55,17.4999,17.53,20403,0.0
2012-12-03,17.83,17.95,17.75,17.814,26672,0.0
2012-12-04,17.8,17.89,17.47,17.6,18340,0.0
2012-12-05,17.56,17.73,17.5,17.71,11400,0.0
2012-12-06,17.63,17.68,17.57,17.6,37885,0.0
2012-12-07,17.54,17.6,17.49,17.55,34500,0.0
2012-12-10,17.4,17.42,17.2,17.2397,21350,0.0
2012-12-11,17.2001,17.37,17.2001,17.28,53400,0.0
2012-12-12,17.2,17.2,17.0201,17.06,17421,0.0
2012-12-13,16.96,17.12,16.9001,17.07,16958,0.0
2012-12-14,17.09,17.44,17.09,17.388,17479,0.0
2012-12-17,17.56,17.73,17.52,17.64,14950,0.0
2012-12-18,17.52,17.78,17.48,17.67,30350,0.0
2012-12-19,17.63,17.67,17.56,17.63,59147,0.0
2012-12-20,17.41,17.639,17.41,17.63,10383,0.0
2012-12-21,17.64,17.69,17.55,17.55,33935,0.0
2012-12-24,17.51,17.5101,17.51,17.5101,700,0.0
2012-12-26,17.58,17.58,17.55,17.55,800,0.0
2012-12-27,17.69,17.8386,17.69,17.8386,850,0.0
2012-12-28,17.79,17.79,17.6901,17.7001,2225,0.0
2012-12-31,17.84,17.86,17.63,17.84,4350,0.0
2013-01-02,17.9499,17.964,17.88,17.892,15800,0.0
2013-01-03,17.62,17.63,17.38,17.47,22279,0.0
2013-01-04,17.28,17.41,17.27,17.36,79400,0.0
2013-01-07,17.4201,17.48,17.27,17.45,35800,0.0
2013-01-08,17.37,17.43,17.28,17.282,19200,0.0
2013-01-09,17.27,17.45,17.21,17.43,24865,0.0
2013-01-10,17.4,17.6,17.4,17.57,26050,0.0
2013-01-11,17.56,17.68,17.56,17.67,8645,0.0
2013-01-14,17.52,17.54,17.49,17.49,6700,0.0
2013-01-15,17.46,17.49,17.35,17.38,13325,0.0
2013-01-16,17.22,17.25,17.11,17.22,16917,0.0
2013-01-17,17.14,17.1598,17.04,17.04,7585,0.0
2013-01-18,17.09,17.104,17.03,17.06,3083,0.0
2013-01-22,17.0,17.0,16.742,16.7601,2873,0.0
2013-01-23,16.944,16.944,16.944,16.944,500,0.0
2013-01-24,16.7901,17.04,16.7901,17.04,1220,0.0
2013-01-25,16.89,16.99,16.86,16.98,3948,0.0
2013-01-28,17.22,17.22,17.1636,17.22,3653,0.0
2013-01-29,16.98,17.0,16.97,16.97,1039,0.0
2013-01-30,17.18,17.25,16.95,17.23,1100,0.0
2013-01-31,17.22,17.31,17.1901,17.31,1000,0.0
2013-02-01,17.31,17.36,17.18,17.23,40400,0.0
2013-02-05,17.17,17.17,17.0605,17.0605,455,0.0
2013-02-07,16.76,16.78,16.74,16.74,1700,0.0
2013-02-08,16.7,16.8,16.6799,16.8,3040,0.0
2013-02-12,16.68,16.68,16.56,16.56,18798,0.0
2013-02-13,16.73,16.7301,16.5901,16.66,2400,0.0
2013-02-14,16.44,16.49,16.32,16.3465,20710,0.0
2013-02-15,16.25,16.25,16.21,16.21,4200,0.0
2013-02-19,16.42,16.42,16.3,16.34,12905,0.0
2013-02-20,16.59,16.61,16.4801,16.54,17811,0.0
2013-02-21,16.484,16.484,16.44,16.48,3600,0.0
2013-02-22,16.69,16.72,16.64,16.69,9625,0.0
2013-02-25,16.7,16.7,16.48,16.48,3970,0.0
2013-02-26,16.546,16.63,16.546,16.56,1000,0.0
2013-02-27,16.6,16.69,16.59,16.59,4400,0.0
2013-02-28,16.66,16.66,16.66,16.66,760,0.0
2013-03-01,16.51,16.51,16.51,16.51,1425,0.0
2013-03-04,16.56,16.56,16.56,16.56,150,0.0
2013-03-05,16.5301,16.62,16.5301,16.57,685,0.0
2013-03-06,16.62,16.62,16.5,16.51,14200,0.0
2013-03-07,16.72,16.91,16.72,16.8901,6668,0.0
2013-03-08,17.0199,17.0199,16.7401,16.7401,9190,0.0
2013-03-11,17.0299,17.05,16.95,17.0,2993,0.0
2013-03-12,16.85,17.0099,16.6501,17.0099,1363,0.0
2013-03-14,17.06,17.06,17.06,17.06,100,0.0
2013-03-15,16.96,17.0,16.96,17.0,1436,0.0
2013-03-18,16.72,16.75,16.537,16.66,5471,0.0
2013-03-19,16.76,16.8,16.72,16.76,640,0.0
2013-03-20,16.76,16.76,16.76,16.76,1000,0.0
2013-03-22,16.6699,16.6699,16.596,16.596,600,0.0
2013-03-25,16.5,16.5,16.34,16.34,1700,0.0
2013-03-26,16.36,16.38,16.26,16.28,1903,0.0
2013-03-27,16.25,16.32,16.22,16.2601,1855,0.0
2013-03-28,16.22,16.22,16.0901,16.0901,2991,0.0
2013-04-01,16.12,16.12,16.12,16.12,100,0.0
2013-04-03,16.0601,16.1099,16.0,16.0,1399,0.0
2013-04-04,16.01,16.02,16.01,16.02,800,0.0
2013-04-05,16.11,16.11,15.9,16.03,1368,0.0
2013-04-08,15.9707,15.9707,15.9707,15.9707,100,0.0
2013-04-09,16.1099,16.11,16.1099,16.11,513,0.0
2013-04-10,16.11,16.1999,16.11,16.1301,1500,0.0
2013-04-11,16.1299,16.1299,16.1299,16.1299,240,0.0
2013-04-12,16.16,16.19,16.16,16.1799,550,0.0
2013-04-15,15.95,15.95,15.9,15.94,590,0.0
2013-04-16,16.16,16.16,16.07,16.07,440,0.0
2013-04-17,16.07,16.07,15.98,15.98,476,0.0
2013-04-18,15.91,15.94,15.91,15.94,200,0.0
2013-04-19,16.14,16.1876,16.06,16.1876,2149,0.0
2013-04-24,15.95,15.95,15.777,15.777,1000,0.0
2013-04-25,15.79,15.79,15.75,15.79,1477,0.0
2013-04-26,15.8,15.8024,15.8,15.8024,450,0.0
2013-04-29,15.7201,15.8899,15.7201,15.8899,388,0.0
2013-05-01,15.97,15.97,15.81,15.81,215,0.0
2013-05-02,15.89,15.9,15.89,15.9,275,0.0
2013-05-03,15.95,15.99,15.94,15.99,353,0.0
2013-05-06,16.03,16.17,16.03,16.06,1625,0.0
2013-05-07,15.99,15.99,15.99,15.99,400,0.0
2013-05-09,16.59,16.59,15.901,15.901,637,0.0
2013-05-10,15.85,15.851,15.81,15.81,500,0.0
2013-05-13,15.5,15.8279,15.07,15.76,1685,0.0
2013-05-15,15.49,15.49,15.43,15.4401,2600,0.0
2013-05-16,15.6,15.6,15.37,15.38,4399,0.0
2013-05-17,15.17,15.3999,15.17,15.3999,1979,0.0
2013-05-20,15.3205,15.3205,15.3205,15.3205,324,0.0
2013-05-22,15.4076,15.4076,15.181,15.181,450,0.0
2013-05-23,15.36,15.4,15.2801,15.2801,4013,0.0
2013-05-28,15.3771,15.3771,15.26,15.26,4306,0.0
2013-05-30,15.1276,15.1276,15.1276,15.1276,324,0.0
2013-05-31,15.08,15.1099,15.08,15.1099,1203,0.0
2013-06-03,15.0,15.009,14.98,14.98,1000,0.0
2013-06-04,14.9399,14.9399,14.9399,14.9399,208,0.0
2013-06-05,14.91,14.91,14.83,14.8899,1968,0.0
2013-06-07,14.94,14.96,14.8995,14.921,4021,0.0
2013-06-10,15.95,15.95,14.9199,14.9199,1231,0.0
2013-06-13,14.7601,14.7867,14.7601,14.7867,1656,0.0
2013-06-14,14.9784,14.99,14.9784,14.9805,700,0.0
2013-06-17,15.26,15.3,15.0214,15.12,8658,0.0
2013-06-18,15.15,15.15,15.0052,15.0052,1356,0.0
2013-06-20,14.81,14.81,14.6855,14.6855,676,0.0
2013-06-21,14.8001,14.9399,14.7801,14.9399,787,0.0
2013-06-24,14.99,15.0486,14.99,15.0486,1400,0.0
2013-06-25,15.2282,15.2282,15.08,15.08,650,0.0
2013-06-26,15.09,15.1674,15.09,15.1674,477,0.0
2013-06-27,15.0304,15.0304,14.91,14.91,277,0.0
2013-06-28,14.91,14.92,14.91,14.92,965,0.0
2013-07-01,14.85,14.85,14.85,14.85,200,0.0
2013-07-02,14.64,14.64,14.6,14.62,700,0.0
2013-07-05,14.36,14.3783,14.36,14.3783,600,0.0
2013-07-09,14.4,14.4,14.3501,14.3501,400,0.0
2013-07-10,14.52,14.52,14.3397,14.3397,900,0.0
2013-07-11,14.2599,14.2599,14.22,14.2295,1300,0.0
2013-07-16,14.27,14.27,14.27,14.27,200,0.0
2013-07-17,14.1,14.18,14.1,14.16,1200,0.0
2013-07-18,14.31,14.31,14.29,14.29,1300,0.0
2013-07-19,14.22,14.269,14.2,14.269,800,0.0
2013-07-25,14.2,14.2555,14.2,14.2555,268,0.0
2013-07-30,14.5301,14.5301,14.53,14.53,300,0.0
2013-07-31,14.49,14.53,14.49,14.53,425,0.0
2013-08-01,14.5399,14.5399,14.5399,14.5399,2150,0.0
2013-08-06,14.43,14.43,14.43,14.43,100,0.0
2013-08-07,14.627,14.627,14.627,14.627,100,0.0
2013-08-12,14.6399,14.6399,14.6399,14.6399,200,0.0
2013-08-15,14.68,14.8199,14.654,14.73,2073,0.0
2013-08-16,14.6699,14.6699,14.6699,14.6699,300,0.0
2013-08-19,14.3581,14.3581,14.33,14.33,2150,0.0
2013-08-20,14.399,14.49,14.25,14.352,9800,0.0
2013-08-21,14.15,14.21,14.15,14.18,1700,0.0
2013-08-22,14.05,14.13,14.05,14.13,1740,0.0
2013-08-26,14.28,14.33,14.28,14.33,3760,0.0
2013-08-27,14.63,14.63,14.16,14.23,3730,0.0
2013-08-28,14.1999,14.2399,14.1999,14.2399,321,0.0
2013-08-30,14.1899,14.1899,14.1899,14.1899,100,0.0
2013-09-04,14.24,14.32,14.2,14.2,16061,0.0
2013-09-05,14.3625,14.3699,14.3625,14.369,2140,0.0
2013-09-06,14.51,14.51,14.3802,14.3802,800,0.0
2013-09-10,14.6394,14.8004,14.6394,14.8004,761,0.0
2013-09-11,15.0,15.0,14.7581,14.79,3150,0.0
2013-09-12,14.96,14.96,14.8433,14.8433,2000,0.0
2013-09-13,14.5201,14.83,14.5201,14.79,2600,0.0
2013-09-16,14.8,14.885,14.3,14.71,3680,0.0
2013-09-17,14.7975,14.7975,14.55,14.63,2750,0.0
2013-09-18,14.79,14.79,14.61,14.6999,2310,0.0
2013-09-19,14.88,14.94,14.82,14.939,2794,0.0
2013-09-20,14.949,14.949,14.89,14.89,400,0.0
2013-09-23,14.8605,14.8605,14.8605,14.8605,300,0.0
2013-09-24,15.0,15.05,15.0,15.05,2250,0.0
2013-09-25,15.16,15.16,15.16,15.16,100,0.0
2013-09-26,15.21,15.22,15.21,15.22,380,0.0
2013-09-30,15.14,15.2099,15.14,15.1899,1050,0.0
2013-10-01,15.18,15.2422,15.18,15.2422,1240,0.0
2013-10-02,15.3999,15.44,15.3999,15.44,4100,0.0
2013-10-03,15.51,15.56,15.48,15.56,2496,0.0
2013-10-04,14.168,15.412,14.168,15.4,720,0.0
2013-10-07,15.35,15.54,15.35,15.54,4100,0.0
2013-10-08,15.52,15.56,15.5101,15.5101,2200,0.0
2013-10-09,15.53,15.54,15.5299,15.5299,1156,0.0
2013-10-10,15.55,15.66,15.55,15.66,1625,0.0
2013-10-11,16.2637,16.2637,16.2637,16.2637,320,0.0
2013-10-14,15.8,15.86,15.75,15.86,2400,0.0
2013-10-15,15.65,15.65,15.6,15.6,300,0.0
2013-10-16,15.69,15.8,15.69,15.8,1555,0.0
2013-10-17,15.76,15.83,15.76,15.83,970,0.0
2013-10-18,15.91,16.0,15.88,16.0,2728,0.0
2013-10-21,15.9301,16.57,15.9301,16.57,8190,0.0
2013-10-22,15.9399,16.03,15.9399,16.03,1350,0.0
2013-10-23,15.98,15.98,15.85,15.85,6200,0.0
2013-10-24,15.76,15.76,15.68,15.71,1290,0.0
2013-10-25,15.79,15.79,15.7,15.71,646,0.0
2013-10-28,15.65,15.65,15.5501,15.5901,1400,0.0
2013-10-29,15.34,15.38,15.34,15.38,5100,0.0
2013-10-30,15.41,15.41,15.2855,15.3493,304,0.0
2013-10-31,15.2999,15.2999,15.23,15.23,2400,0.0
2013-11-01,15.21,15.21,15.2,15.21,2403,0.0
2013-11-04,15.21,15.21,15.21,15.21,200,0.0
2013-11-06,15.15,15.15,15.15,15.15,100,0.0
2013-11-07,15.06,15.08,15.02,15.03,900,0.0
2013-11-08,15.0,15.0,15.0,15.0,133,0.0
2013-11-11,14.51,14.95,14.51,14.95,700,0.0
2013-11-12,14.8342,14.9964,14.8301,14.9964,765,0.0
2013-11-14,14.7301,14.7301,14.7301,14.7301,200,0.0
2013-11-15,14.73,14.73,14.73,14.73,305,0.0
2013-11-19,14.83,14.83,14.83,14.83,600,0.0
2013-11-20,14.788,14.85,14.788,14.85,400,0.0
2013-11-21,14.85,14.85,14.85,14.85,737,0.0
2013-11-22,14.8,14.8,14.8,14.8,100,0.0
2013-11-25,14.74,14.74,14.74,14.74,100,0.0
2013-11-27,14.5,14.7,14.5,14.7,869,0.0
2013-12-02,14.48,14.55,14.48,14.55,500,0.0
2013-12-03,14.33,14.34,14.3,14.3132,6859,0.0
2013-12-04,14.32,14.32,14.26,14.32,1600,0.0
2013-12-05,14.28,14.28,14.2784,14.2784,200,0.0
2013-12-09,14.194,14.194,14.194,14.194,230,0.0
2013-12-10,14.316,14.316,13.8,13.97,1115,0.0
2013-12-19,13.63,13.75,13.61,13.75,1435,0.0
2013-12-23,13.96,13.96,13.8601,13.8601,416,0.0
2013-12-24,14.0,14.0,14.0,14.0,243,0.0
2013-12-26,14.1,14.1,13.76,13.76,570,0.0
2013-12-27,13.93,14.1,13.93,14.0924,1427,0.0
2013-12-30,14.15,14.15,13.981,14.006,1645,0.0
2013-12-31,14.14,14.14,14.05,14.0501,6202,0.0
2014-01-02,13.9,13.9,13.9,13.9,2800,0.0
2014-01-03,14.0799,14.0799,13.9,13.9,205,0.0
2014-01-06,13.98,13.98,13.75,13.75,1190,0.0
2014-01-08,13.7,13.7,13.7,13.7,150,0.0
2014-01-09,13.33,13.33,13.33,13.33,304,0.0
2014-01-10,13.28,13.41,13.28,13.4,6398,0.0
2014-01-13,13.39,13.39,13.3,13.3,988,0.0
2014-01-14,13.4099,13.6999,13.4099,13.6999,1896,0.0
2014-01-15,13.3,13.6,13.2,13.35,4030,0.0
2014-01-16,13.3675,13.5,13.3675,13.5,800,0.0
2014-01-17,13.28,13.3,13.2,13.25,1900,0.0
2014-01-21,13.15,13.24,13.14,13.2299,1448,0.0
2014-01-22,13.1,13.25,13.1,13.25,492,0.0
2014-01-23,13.2,13.2,13.13,13.17,1169,0.0
2014-01-27,13.0,13.02,12.93,12.94,1824,0.0
2014-01-28,13.0889,13.09,13.0701,13.0701,1272,0.0
2014-01-30,13.08,13.08,13.08,13.08,345,0.0
2014-01-31,13.42,13.65,13.42,13.4601,1370,0.0
2014-02-03,13.55,13.57,13.54,13.57,2115,0.0
2014-02-04,14.1,14.57,13.867,13.88,6322,0.0
2014-02-05,13.9601,13.9601,13.9601,13.9601,218,0.0
2014-02-06,13.73,13.86,13.72,13.7401,1253,0.0
2014-02-07,13.7301,13.775,13.7301,13.775,1113,0.0
2014-02-10,13.61,13.62,13.61,13.62,459,0.0
2014-02-11,13.59,14.5,13.5101,14.5,1582,0.0
2014-02-12,13.99,14.41,13.44,14.4035,4060,0.0
2014-02-13,13.76,13.9,13.672,13.9,5520,0.0
2014-02-14,13.01,13.316,13.01,13.316,360,0.0
2014-02-18,14.01,14.45,13.974,14.45,1300,0.0
2014-02-19,14.76,14.85,14.189,14.281,9265,0.0
2014-02-20,14.289,14.289,14.28,14.28,1417,0.0
2014-02-21,14.399,14.7,14.3559,14.5599,2920,0.0
2014-02-24,14.741,15.2,14.66,15.2,8887,0.0
2014-02-25,15.05,16.45,14.5,16.45,33269,0.0
2014-02-26,14.67,14.9001,14.5316,14.9001,7625,0.0
2014-02-27,14.99,15.99,14.99,15.75,4436,0.0
2014-02-28,14.91,15.049,14.64,14.722,6570,0.0
2014-03-03,15.01,15.12,14.99,15.0996,8168,0.0
2014-03-04,14.99,14.99,14.99,14.99,1050,0.0
2014-03-05,15.36,15.36,15.25,15.25,1395,0.0
2014-03-06,15.3,15.312,15.2001,15.2001,3675,0.0
2014-03-07,14.65,15.02,14.65,14.97,2191,0.0
2014-03-10,15.1,15.15,15.1,15.15,2586,0.0
2014-03-11,15.28,15.29,15.1201,15.25,5630,0.0
2014-03-12,15.22,15.225,15.06,15.06,2622,0.0
2014-03-13,14.92,15.07,14.65,14.69,8938,0.0
2014-03-14,14.43,14.78,14.43,14.6401,1560,0.0
2014-03-17,14.75,14.75,14.65,14.65,2042,0.0
2014-03-18,14.6,14.75,14.4101,14.71,26968,0.0
2014-03-19,14.775,15.08,14.775,15.08,1478,0.0
2014-03-20,14.7699,15.022,14.41,14.42,3163,0.0
2014-03-21,14.45,14.522,14.41,14.522,1815,0.0
2014-03-24,14.525,14.525,14.125,14.125,810,0.0
2014-03-25,14.6,14.64,14.297,14.64,2550,0.0
2014-03-26,15.0,15.0001,14.71,14.71,5800,0.0
2014-03-27,15.1853,15.35,14.15,14.15,14931,0.0
2014-03-28,15.23,15.3101,14.2,14.2,4177,0.0
2014-03-31,15.2,15.2305,15.09,15.22,1048,0.0
2014-04-01,15.1199,15.12,14.66,14.88,17870,0.0
2014-04-02,14.67,14.81,14.67,14.78,4620,0.0
2014-04-03,14.7,15.22,14.59,14.86,22740,0.0
2014-04-04,14.82,15.2769,14.7999,15.2769,6461,0.0
2014-04-07,14.9,14.9,14.82,14.82,1040,0.0
2014-04-08,14.9001,14.9001,14.404,14.404,4563,0.0
2014-04-09,14.8601,15.0399,14.815,15.0399,18769,0.0
2014-04-10,15.02,15.02,14.22,14.22,2200,0.0
2014-04-11,14.7,14.91,14.7,14.877,11198,0.0
2014-04-15,14.8899,14.91,14.74,14.82,46900,0.0
2014-04-16,14.99,15.15,14.99,15.14,13596,0.0
2014-04-17,14.67,15.6299,14.2652,14.77,4025,0.0
2014-04-21,14.74,14.74,14.74,14.74,345,0.0
2014-04-22,15.08,15.26,14.9,15.2595,23640,0.0
2014-04-23,15.2,15.2,15.1,15.1122,5296,0.0
2014-04-24,15.1,15.1,14.89,14.99,6560,0.0
2014-04-25,15.09,15.17,15.03,15.05,2062,0.0
2014-04-28,14.97,14.99,14.79,14.86,20461,0.0
2014-04-29,14.84,15.0,14.84,14.89,41642,0.0
2014-04-30,15.01,16.07,15.01,15.199,18669,0.0
2014-05-01,15.15,15.2599,15.1,15.2599,8397,0.0
2014-05-02,15.0,15.52,14.85,14.85,21256,0.0
2014-05-05,14.85,15.14,14.827,14.93,26057,0.0
2014-05-06,14.81,15.3,14.68,15.182,10545,0.0
2014-05-07,14.83,14.92,14.81,14.92,4400,0.0
2014-05-08,14.79,15.53,14.6804,15.5295,3093,0.0
2014-05-09,14.87,14.9,14.72,14.83,5764,0.0
2014-05-12,14.83,15.36,14.56,15.36,10969,0.0
2014-05-13,15.179,15.18,15.179,15.18,1077,0.0
2014-05-14,15.25,15.26,15.2,15.2,2333,0.0
2014-05-15,15.26,15.44,15.21,15.28,22402,0.0
2014-05-16,15.27,15.27,15.05,15.22,14801,0.0
2014-05-19,15.2,15.24,15.0,15.0,19377,0.0
2014-05-20,15.26,15.31,15.0,15.21,27353,0.0
2014-05-21,14.85,15.1,14.77,14.85,16179,0.0
2014-05-22,15.03,15.48,15.01,15.11,12400,0.0
2014-05-23,14.898,15.208,14.898,15.0,9181,0.0
2014-05-27,14.83,14.8399,14.6501,14.75,13378,0.0
2014-05-28,14.7001,14.86,14.5,14.51,17851,0.0
2014-05-29,14.93,14.98,14.86,14.98,5560,0.0
2014-06-03,14.9399,14.9399,14.65,14.65,580,0.0
2014-06-04,14.8,14.8,14.55,14.56,1790,0.0
2014-06-05,14.6125,14.6125,14.551,14.551,656,0.0
2014-06-06,14.55,14.69,14.55,14.69,3500,0.0
2014-06-09,14.66,14.74,14.6,14.68,5650,0.0
2014-06-10,14.7,14.7,14.62,14.62,1335,0.0
2014-06-11,14.62,14.62,14.51,14.51,728,0.0
2014-06-12,14.5,14.5,14.5,14.5,1390,0.0
2014-06-13,14.6499,14.75,14.63,14.75,1334,0.0
2014-06-16,14.86,14.86,14.8,14.8,2977,0.0
2014-06-18,14.89,14.89,14.88,14.89,710,0.0
2014-06-19,15.25,15.35,15.2225,15.3,3988,0.0
2014-06-20,15.39,15.39,15.3,15.39,940,0.0
2014-06-23,15.21,15.3,15.21,15.3,500,0.0
2014-06-24,15.274,15.37,15.274,15.36,1050,0.0
2014-06-25,15.2215,15.47,15.2215,15.45,6565,0.0
2014-06-26,15.2405,15.2405,15.2405,15.2405,463,0.0
2014-06-27,15.22,15.51,15.1823,15.5,21025,0.0
2014-06-30,14.96,15.1,14.92,15.1,1155,0.0
2014-07-01,15.0,15.0001,14.96,14.96,1053,0.0
2014-07-02,14.84,14.91,14.79,14.9,6105,0.0
2014-07-03,14.93,14.93,14.9,14.9,333,0.0
2014-07-07,14.79,14.85,14.5224,14.85,1935,0.0
2014-07-08,14.85,15.9999,14.62,14.62,2070,0.0
2014-07-09,14.72,14.72,14.5,14.5001,4225,0.0
2014-07-10,14.5701,14.75,14.5701,14.73,1000,0.0
2014-07-11,14.6751,14.6751,14.5001,14.51,4600,0.0
2014-07-14,14.61,14.69,14.61,14.69,454,0.0
2014-07-15,14.5103,14.5103,14.5103,14.5103,1200,0.0
2014-07-16,14.53,14.66,14.48,14.48,5665,0.0
2014-07-17,14.65,14.65,14.24,14.24,3935,0.0
2014-07-18,14.3,14.3,14.0,14.2,4344,0.0
2014-07-21,14.28,14.46,13.84,14.45,4867,0.0
2014-07-22,14.67,14.67,14.02,14.29,2661,0.0
2014-07-23,14.45,14.5,14.44,14.49,2900,0.0
2014-07-24,14.75,14.75,14.75,14.75,442,0.0
2014-07-25,15.0,15.0,14.85,14.85,720,0.0
2014-07-28,14.6999,14.7,14.6,14.7,1280,0.0
2014-07-29,14.525,14.525,14.5,14.5,600,0.0
2014-07-30,14.36,14.3659,14.36,14.3659,600,0.0
2014-07-31,14.2601,14.2601,14.1905,14.2,900,0.0
2014-08-01,14.21,14.21,14.15,14.2,1332,0.0
2014-08-04,14.27,14.4,14.27,14.4,274,0.0
2014-08-05,14.42,14.42,14.3332,14.4,5734,0.0
2014-08-06,14.35,14.3658,14.2685,14.2764,4539,0.0
2014-08-07,14.23,14.2799,14.172,14.172,1200,0.0
2014-08-08,14.0,14.18,14.0,14.16,1250,0.0
2014-08-11,14.16,14.32,14.0001,14.28,1825,0.0
2014-08-12,14.27,14.28,14.2,14.2001,8209,0.0
2014-08-13,14.09,14.56,14.03,14.269,39400,0.0
2014-08-14,14.0401,14.091,14.0401,14.091,204,0.0
2014-08-15,14.03,14.11,13.83,14.04,16503,0.0
2014-08-18,14.13,14.13,14.13,14.13,501,0.0
2014-08-19,13.86,13.86,13.608,13.608,4938,0.0
2014-08-20,13.8,13.95,13.77,13.95,5765,0.0
2014-08-21,14.1499,14.1499,14.117,14.117,500,0.0
2014-08-22,14.14,14.14,13.81,14.05,454,0.0
2014-08-25,13.89,14.0,13.8401,13.9999,1087,0.0
2014-08-26,14.05,14.05,13.94,13.94,550,0.0
2014-08-27,14.05,14.06,13.96,13.96,2090,0.0
2014-08-28,14.18,14.18,14.18,14.18,130,0.0
2014-08-29,14.0899,14.0899,14.0899,14.0899,404,0.0
2014-09-02,14.02,14.2699,14.02,14.07,1788,0.0
2014-09-03,13.98,14.08,13.9799,14.0,3884,0.0
2014-09-04,13.91,14.024,13.89,13.89,14121,0.0
2014-09-05,14.05,14.05,13.88,13.88,1330,0.0
2014-09-08,13.98,13.98,13.91,13.91,401,0.0
2014-09-09,13.88,13.88,13.88,13.88,601,0.0
2014-09-10,13.5,13.54,13.21,13.512,3451,0.0
2014-09-11,13.4925,13.4925,13.4925,13.4925,124,0.0
2014-09-12,13.39,13.4,13.2,13.2,6122,0.0
2014-09-15,13.2,13.2,13.01,13.12,2531,0.0
2014-09-16,13.18,13.65,13.013,13.65,3379,0.0
2014-09-17,13.04,13.4,12.9401,13.182,4847,0.0
2014-09-18,13.08,13.9799,12.9401,13.9799,5060,0.0
2014-09-19,13.0,13.0,12.7999,12.7999,6480,0.0
2014-09-22,12.6,12.71,12.6,12.65,4555,0.0
2014-09-23,12.76,12.9,12.64,12.64,1169,0.0
2014-09-24,12.7325,12.91,12.7325,12.84,3062,0.0
2014-09-25,13.01,13.06,12.82,12.99,1857,0.0
2014-09-26,12.99,13.106,12.9801,13.08,1953,0.0
2014-09-29,13.17,13.18,13.16,13.18,300,0.0
2014-09-30,13.15,13.15,13.15,13.15,200,0.0
2014-10-01,12.91,12.9425,12.91,12.9425,962,0.0
2014-10-02,12.92,12.92,12.9,12.9,2149,0.0
2014-10-03,13.0,13.0,13.0,13.0,1201,0.0
2014-10-06,13.2129,13.93,13.2129,13.93,1500,0.0
2014-10-07,13.51,13.51,13.51,13.51,662,0.0
2014-10-08,13.51,13.51,13.3,13.325,1802,0.0
2014-10-09,13.4101,13.45,13.41,13.45,1567,0.0
2014-10-10,13.262,13.7,13.25,13.7,1238,0.0
2014-10-13,13.326,13.75,13.326,13.37,13115,0.0
2014-10-14,13.38,13.38,13.35,13.35,1100,0.0
2014-10-16,13.25,13.37,13.2,13.2,841,0.0
2014-10-17,13.17,13.25,13.1401,13.1401,2286,0.0
2014-10-20,13.2,13.371,13.2,13.23,4297,0.0
2014-10-21,13.14,13.14,13.14,13.14,100,0.0
2014-10-23,13.14,13.2,13.0989,13.19,13708,0.0
2014-10-24,13.05,13.098,13.05,13.098,879,0.0
2014-10-27,13.05,13.05,13.05,13.05,972,0.0
2014-10-28,12.87,13.1,12.85,12.94,13219,0.0
2014-10-30,12.81,13.2699,12.81,12.8601,14875,0.0
2014-10-31,12.82,12.82,12.82,12.82,478,0.0
2014-11-03,12.84,14.19,12.82,13.18,4636,0.0
2014-11-04,12.91,13.1,12.76,12.8,8819,0.0
2014-11-05,12.75,12.75,12.6,12.6001,2801,0.0
2014-11-06,12.61,12.65,12.61,12.6101,1409,0.0
2014-11-07,12.75,12.8599,12.672,12.672,1780,0.0
2014-11-10,12.69,12.7,12.67,12.7,2314,0.0
2014-11-11,12.93,13.07,12.89,13.0699,5965,0.0
2014-11-12,13.07,13.2835,13.07,13.21,11992,0.0
2014-11-13,13.1,13.1,12.8346,12.97,5098,0.0
2014-11-14,12.9,12.9,12.9,12.9,207,0.0
2014-11-17,12.8,12.802,12.72,12.74,3073,0.0
2014-11-18,12.79,12.79,12.79,12.79,200,0.0
2014-11-19,12.9,14.45,12.89,12.97,13064,0.0
2014-11-20,13.0,13.07,12.94,13.0,4873,0.0
2014-11-21,12.9,13.15,12.86,13.12,3766,0.0
2014-11-24,12.97,12.97,12.85,12.85,818,0.0
2014-11-25,12.86,12.9864,12.78,12.9864,2450,0.0
2014-11-26,12.91,13.09,12.88,13.09,2488,0.0
2014-11-28,12.7,12.7,12.6,12.6,8321,0.0
2014-12-01,12.53,12.6599,12.51,12.583,1718,0.0
2014-12-02,12.5101,12.55,12.4,12.44,10736,0.0
2014-12-03,12.34,12.34,12.1535,12.1535,2452,0.0
2014-12-04,12.19,12.23,12.19,12.23,407,0.0
2014-12-05,12.21,12.26,12.21,12.26,800,0.0
2014-12-08,12.34,12.34,12.2886,12.305,673,0.0
2014-12-09,12.3058,12.48,12.3058,12.48,1192,0.0
2014-12-10,12.49,12.5,12.49,12.5,1530,0.0
2014-12-11,12.39,12.39,12.16,12.1601,1396,0.0
2014-12-12,12.201,12.21,12.0,12.001,2234,0.0
2014-12-15,12.3,12.3,12.0,12.05,1076,0.0
2014-12-16,12.01,12.03,11.79,11.95,5131,0.0
2014-12-17,11.95,11.98,11.8201,11.8201,1115,0.0
2014-12-18,11.945,11.961,11.945,11.961,668,0.0
2014-12-19,11.9635,12.35,11.9635,12.35,400,0.0
2014-12-22,12.162,12.19,12.0,12.15,8809,0.0
2014-12-23,12.0035,12.2,12.0035,12.2,1338,0.0
2014-12-24,11.9896,12.0,11.9728,12.0,950,0.0
2014-12-26,11.96,11.96,11.79,11.79,1090,0.0
2014-12-29,11.87,12.0,11.86,11.9999,2932,0.0
2014-12-30,11.929,11.93,11.801,11.801,3387,0.0
2014-12-31,11.7935,11.88,11.7901,11.8799,5202,0.0
2015-01-02,11.59,11.6,11.46,11.59,4637,0.0
2015-01-05,11.5999,11.5999,11.4501,11.4501,1695,0.0
2015-01-06,11.7,11.94,11.7,11.86,9753,0.0
2015-01-07,11.94,11.94,11.71,11.71,350,0.0
2015-01-08,12.0,12.08,11.8717,12.07,1974,0.0
2015-01-09,12.0899,12.0899,11.95,11.96,1342,0.0
2015-01-12,11.86,11.9,11.7648,11.7648,1885,0.0
2015-01-13,11.85,11.9,11.85,11.89,2285,0.0
2015-01-14,12.09,12.09,12.03,12.065,2613,0.0
2015-01-15,12.2,12.22,12.2,12.22,450,0.0
2015-01-20,12.2601,12.5356,12.23,12.5356,8564,0.0
2015-01-21,12.5588,13.03,12.55,12.69,16868,0.0
2015-01-22,12.68,12.82,12.5001,12.82,6470,0.0
2015-01-23,12.37,12.37,11.98,12.11,2149,0.0
2015-01-26,12.16,12.47,12.16,12.45,4198,0.0
2015-01-27,12.26,12.26,12.21,12.21,1150,0.0
2015-01-28,12.23,12.23,12.18,12.18,544,0.0
2015-01-29,11.871,12.17,11.871,11.99,4960,0.0
2015-01-30,12.28,12.339,11.9,12.049,24228,0.0
2015-02-02,11.99,11.99,11.572,11.572,5609,0.0
2015-02-03,11.93,11.93,11.66,11.77,9776,0.0
2015-02-04,11.8,11.87,11.58,11.7,8707,0.0
2015-02-05,11.742,11.98,11.5001,11.52,6025,0.0
2015-02-06,11.53,12.02,11.53,12.02,408,0.0
2015-02-09,11.8199,11.8199,11.5101,11.5101,546,0.0
2015-02-10,11.61,11.7,11.4501,11.5,4132,0.0
2015-02-11,11.46,11.55,11.46,11.501,4143,0.0
2015-02-12,11.7,11.7,11.7,11.7,345,0.0
2015-02-13,11.68,11.7999,11.68,11.7,600,0.0
2015-02-17,11.68,11.75,11.6,11.75,3049,0.0
2015-02-19,11.49,11.6,11.49,11.6,3970,0.0
2015-02-20,11.48,11.666,11.34,11.5,3886,0.0
2015-02-23,11.36,11.512,11.34,11.512,2725,0.0
2015-02-24,11.23,11.509,11.23,11.509,598,0.0
2015-02-25,11.2101,11.53,11.1,11.3196,12647,0.0
2015-02-26,11.3,11.3,11.1,11.2499,1777,0.0
2015-02-27,11.1,11.29,11.084,11.158,2284,0.0
2015-03-02,11.19,11.19,11.01,11.0199,1192,0.0
2015-03-03,10.96,10.96,10.44,10.836,2624,0.0
2015-03-04,10.79,10.79,10.79,10.79,200,0.0
2015-03-05,10.75,10.788,10.7,10.788,940,0.0
2015-03-06,10.775,10.8093,10.75,10.77,1161,0.0
2015-03-09,10.62,10.79,10.54,10.67,3359,0.0
2015-03-10,10.51,10.51,10.4,10.4,486,0.0
2015-03-11,10.31,10.62,10.31,10.45,3550,0.0
2015-03-12,10.41,10.42,10.41,10.41,1520,0.0
2015-03-13,10.41,10.41,10.2,10.41,1190,0.0
2015-03-16,10.1101,10.4054,10.1101,10.4054,2677,0.0
2015-03-17,10.5,10.5,10.14,10.15,3015,0.0
2015-03-18,10.2001,10.305,10.2,10.2,2240,0.0
2015-03-19,10.26,10.26,10.06,10.1,950,0.0
2015-03-20,10.29,10.2999,10.0201,10.19,4107,0.0
2015-03-23,10.25,10.25,10.18,10.18,2281,0.0
2015-03-24,10.19,10.19,10.19,10.19,268,0.0
2015-03-25,10.2,10.2,10.2,10.2,500,0.0
2015-03-26,10.01,10.146,10.01,10.146,992,0.0
2015-03-27,9.95,9.95,9.7601,9.91,1931,0.0
2015-03-30,9.8,9.8,9.79,9.79,1147,0.0
2015-03-31,9.63,9.63,9.6,9.6,706,0.0
2015-04-01,9.61,9.95,9.61,9.8001,2161,0.0
2015-04-02,9.9401,9.9401,9.9401,9.9401,210,0.0
2015-04-06,10.2,10.35,10.0,10.0,1554,0.0
2015-04-07,10.0,10.21,9.87,10.03,12223,0.0
2015-04-08,10.1001,10.1001,10.1001,10.1001,117,0.0
2015-04-09,10.0,10.0,10.0,10.0,3118,0.0
2015-04-10,10.0001,10.1001,10.0001,10.1001,1500,0.0
2015-04-13,10.21,10.21,10.21,10.21,223,0.0
2015-04-15,10.45,10.45,10.45,10.45,1150,0.0
2015-04-16,10.5,10.6,10.4399,10.4399,4126,0.0
2015-04-17,10.23,10.44,10.23,10.431,724,0.0
2015-04-20,10.31,10.31,10.03,10.0301,4397,0.0
2015-04-21,9.83,9.91,9.83,9.91,578,0.0
2015-04-22,9.85,9.91,9.85,9.91,821,0.0
2015-04-23,9.91,9.91,9.91,9.91,377,0.0
2015-04-24,9.9501,9.9501,9.9501,9.9501,527,0.0
2015-04-27,10.25,10.614,10.24,10.4101,5810,0.0
2015-04-29,9.96,10.2,9.95,10.2,1209,0.0
2015-04-30,10.32,10.32,10.32,10.32,1052,0.0
2015-05-01,9.95,9.95,9.95,9.95,601,0.0
2015-05-04,10.33,10.33,10.1,10.1,652,0.0
2015-05-05,10.3,10.3,10.3,10.3,1105,0.0
2015-05-06,9.99,9.99,9.99,9.99,1466,0.0
2015-05-07,10.3,10.3,10.1056,10.3,2911,0.0
2015-05-08,10.3,10.3,10.3,10.3,1604,0.0
2015-05-11,10.4,10.4,10.36,10.4,585,0.0
2015-05-13,10.57,10.93,10.18,10.882,2767,0.0
2015-05-14,10.53,10.76,9.99,10.02,92075,0.0
2015-05-15,10.14,10.47,10.0201,10.1,35022,0.0
2015-05-18,10.06,10.98,9.9,9.97,76065,0.0
2015-05-19,10.09,10.19,9.96,10.14,14975,0.0
2015-05-20,10.0,10.05,9.88,9.88,14285,0.0
2015-05-21,9.89,9.89,9.8,9.8001,7267,0.0
2015-05-22,9.8,9.8,9.61,9.61,7979,0.0
2015-05-26,9.6,9.6,9.5,9.51,12025,0.0
2015-05-27,9.5,9.5,9.4,9.41,6484,0.0
2015-05-28,9.42,9.5,9.418,9.5,3821,0.0
2015-05-29,9.4501,9.4501,8.5305,9.4,16313,0.0
2015-06-01,9.4,9.5,9.39,9.4901,5674,0.0
2015-06-02,9.53,9.65,9.52,9.55,7606,0.0
2015-06-03,9.5,9.57,9.496,9.57,918,0.0
2015-06-04,9.7,9.73,9.6,9.6,4425,0.0
2015-06-05,9.55,9.64,9.4801,9.4801,1051,0.0
2015-06-08,9.69,9.735,9.6,9.6,0,0.0
2015-06-09,9.57,9.632,9.43,9.47,0,0.0
2015-06-10,9.49,9.49,9.4201,9.4201,1700,0.0
2015-06-11,9.32,9.34,9.32,9.34,734,0.0
2015-06-12,9.0,9.29,9.0,9.29,1702,0.0
2015-06-15,9.02,9.155,9.0,9.155,3386,0.0
2015-06-16,9.16,9.16,9.04,9.047,4822,0.0
2015-06-17,8.82,9.4899,8.82,9.4899,774,0.0
2015-06-18,9.3,9.3799,9.2,9.2,4443,0.0
2015-06-22,9.34,9.36,9.28,9.35,5462,0.0
2015-06-23,9.39,9.39,9.222,9.24,3887,0.0
2015-06-24,9.4,9.47,9.39,9.4,5152,0.0
2015-06-25,9.4,9.4,9.2425,9.3,14935,0.0
2015-06-26,9.3,9.33,9.25,9.26,5743,0.0
2015-06-29,9.41,9.4599,9.25,9.38,9240,0.0
2015-06-30,9.31,9.4901,9.3,9.4901,4193,0.0
2015-07-01,9.55,9.59,9.4001,9.4292,8687,0.0
2015-07-02,9.439,9.439,9.42,9.42,4500,0.0
2015-07-06,9.44,9.6,9.44,9.507,3933,0.0
2015-07-07,9.5,9.5,9.231,9.4,6217,0.0
2015-07-08,9.2101,9.3291,9.2101,9.31,3500,0.0
2015-07-09,9.246,9.29,9.11,9.17,4999,0.0
2015-07-10,9.2001,9.51,9.14,9.5,8689,0.0
2015-07-13,9.4499,9.51,9.3,9.43,16156,0.0
2015-07-14,9.53,9.5799,9.52,9.5799,1847,0.0
2015-07-16,9.45,9.45,9.291,9.3501,2092,0.0
2015-07-17,9.18,9.264,9.18,9.24,2876,0.0
2015-07-20,9.06,9.13,8.96,9.03,6391,0.0
2015-07-21,9.06,9.06,9.0,9.04,3298,0.0
2015-07-22,8.89,9.05,8.843,8.936,4490,0.0
2015-07-23,8.94,8.94,8.85,8.85,1855,0.0
2015-07-24,8.7,8.79,8.7,8.76,5700,0.0
2015-07-27,8.72,8.78,8.7,8.78,1222,0.0
2015-07-28,8.799,8.799,8.6,8.6999,4320,0.0
2015-07-29,8.769,8.8199,8.74,8.77,6317,0.0
2015-07-30,8.76,8.76,8.6955,8.6955,1512,0.0
2015-07-31,8.64,8.67,8.6101,8.6699,1426,0.0
2015-08-03,8.54,8.55,8.37,8.37,8540,0.0
2015-08-04,8.36,8.5025,8.36,8.4915,5025,0.0
2015-08-05,8.3601,8.3825,8.36,8.373,4030,0.0
2015-08-06,8.3,8.3,7.44,8.2,10272,0.0
2015-08-07,8.37,8.37,8.22,8.22,1400,0.0
2015-08-10,8.22,8.2614,8.18,8.2614,2394,0.0
2015-08-11,8.23,8.3055,8.23,8.3055,728,0.0
2015-08-12,8.26,8.2946,8.2,8.2946,2266,0.0
2015-08-13,8.23,8.2799,8.14,8.2799,1954,0.0
2015-08-14,8.15,8.291,8.15,8.21,8255,0.0
2015-08-17,8.23,8.23,8.23,8.23,10052,0.0
2015-08-18,8.2,8.3892,8.1926,8.306,1900,0.0
2015-08-19,8.3,8.3,8.29,8.3,600,0.0
2015-08-20,8.1601,8.2899,8.1601,8.281,1988,0.0
2015-08-21,8.07,8.1,8.07,8.1,3610,0.0
2015-08-24,7.89,8.12,7.39,8.09,11221,0.0
2015-08-25,8.1112,8.1501,8.1112,8.1501,1295,0.0
2015-08-26,8.1,8.1,8.04,8.05,2050,0.0
2015-08-27,8.225,8.225,8.2,8.2,1200,0.0
2015-08-28,8.3,8.3,8.21,8.28,1976,0.0
2015-08-31,8.16,8.16,8.139,8.139,725,0.0
2015-09-01,8.1401,8.18,8.1401,8.18,451,0.0
2015-09-02,8.1783,8.1783,8.1783,8.1783,731,0.0
2015-09-03,8.57,8.57,8.51,8.51,2859,0.0
2015-09-04,8.65,8.65,8.4,8.5,11447,0.0
2015-09-08,8.4,8.4,7.6001,8.3,2208,0.0
2015-09-09,8.3508,8.54,8.3508,8.54,1140,0.0
2015-09-10,8.4101,8.4101,8.41,8.41,611,0.0
2015-09-11,8.51,8.51,8.45,8.45,1200,0.0
2015-09-14,8.4999,8.4999,8.4599,8.46,10005,0.0
2015-09-16,8.4,8.44,8.3801,8.3801,12111,0.0
2015-09-17,8.35,8.47,7.51,8.47,8360,0.0
2015-09-18,8.09,8.101,7.99,8.0333,3916,0.0
2015-09-21,8.0201,8.04,8.0201,8.04,642,0.0
2015-09-22,7.95,7.95,7.94,7.94,3220,0.0
2015-09-23,7.9001,7.95,7.9001,7.9299,688,0.0
2015-09-25,8.38,8.43,8.38,8.385,332,0.0
2015-09-28,8.42,8.43,8.3612,8.4,968,0.0
2015-09-29,8.49,8.49,8.4,8.4,264,0.0
2015-09-30,8.73,8.7797,8.689,8.7499,3646,0.0
2015-10-01,8.8544,8.88,8.8,8.83,4262,0.0
2015-10-02,8.9,9.0424,8.9,9.0424,5799,0.0
2015-10-05,9.02,9.14,9.0001,9.11,9644,0.0
2015-10-06,9.05,9.1022,9.05,9.1,3624,0.0
2015-10-07,9.21,9.2999,9.139,9.2,5378,0.0
2015-10-08,9.28,9.3099,9.24,9.29,10466,0.0
2015-10-09,9.46,9.71,9.3101,9.37,7015,0.0
2015-10-12,9.44,9.51,9.35,9.44,9509,0.0
2015-10-13,9.25,9.322,8.5,9.3074,9542,0.0
2015-10-14,9.28,9.4399,9.28,9.4,9511,0.0
2015-10-15,9.45,9.45,9.45,9.45,1040,0.0
2015-10-16,9.4501,9.4701,9.4501,9.4701,406,0.0
2015-10-19,9.47,9.47,9.47,9.47,4001,0.0
2015-10-20,9.5,9.5,9.38,9.38,11335,0.0
2015-10-21,9.39,9.5199,9.38,9.5199,3245,0.0
2015-10-22,9.52,9.5789,9.51,9.5789,433,0.0
2015-10-23,9.58,9.58,9.37,9.37,10648,0.0
2015-10-26,9.53,9.58,9.53,9.58,1446,0.0
2015-10-27,9.603,9.603,9.39,9.43,2796,0.0
2015-10-29,9.53,9.53,9.52,9.52,655,0.0
2015-11-02,9.6,9.88,9.05,9.88,11069,0.0
2015-11-03,9.94,10.02,9.92,9.98,13418,0.0
2015-11-04,9.82,9.82,9.6,9.645,3064,0.0
2015-11-05,9.6,9.6,9.6,9.6,1000,0.0
2015-11-06,9.435,9.6,9.4335,9.5228,2361,0.0
2015-11-09,9.3403,9.3403,9.2,9.24,13482,0.0
2015-11-10,9.5516,9.68,9.5516,9.68,1661,0.0
2015-11-11,9.79,9.81,9.62,9.62,23554,0.0
2015-11-12,9.68,9.79,9.68,9.7489,23658,0.0
2015-11-13,9.83,9.92,9.75,9.91,25011,0.0
2015-11-16,9.83,9.98,9.78,9.98,23363,0.0
2015-11-17,9.7,9.78,9.65,9.7,20639,0.0
2015-11-18,9.52,9.56,9.4135,9.4135,23873,0.0
2015-11-19,9.9,9.91,9.9,9.91,20754,0.0
2015-11-20,10.0,10.1,10.0,10.0367,24046,0.0
2015-11-23,10.09,10.09,9.8532,10.01,1367,0.0
2015-11-24,10.16,10.2771,9.8929,9.8999,3945,0.0
2015-11-25,9.73,9.73,9.72,9.7201,2050,0.0
2015-11-27,9.81,9.88,9.79,9.8633,9015,0.0
2015-11-30,9.7,9.765,9.58,9.765,31012,0.0
2015-12-01,9.95,10.14,9.92,10.14,40091,0.0
2015-12-02,10.04,10.04,9.8314,9.9001,18856,0.0
2015-12-03,9.98,10.12,9.945,10.078,91492,0.0
2015-12-04,10.16,10.28,10.04,10.0799,11791,0.0
2015-12-07,10.0,10.01,9.2569,9.9001,38651,0.0
2015-12-08,9.85,9.85,9.62,9.7824,46790,0.0
2015-12-09,9.74,9.8689,9.74,9.8689,64971,0.0
2015-12-10,9.72,9.72,9.4901,9.52,67116,0.0
2015-12-11,9.61,9.67,9.56,9.56,39376,0.0
2015-12-14,9.36,9.456,9.36,9.456,288,0.0
2015-12-15,9.68,9.68,9.5652,9.5652,866,0.0
2015-12-16,9.47,9.7,9.47,9.7,2540,0.0
2015-12-18,9.71,9.92,9.71,9.8507,1864,0.0
2015-12-21,9.7679,9.7679,9.7679,9.7679,217,0.0
2015-12-22,9.742,9.87,9.7201,9.7201,994,0.0
2015-12-28,9.7098,9.7098,9.7098,9.7098,251,0.0
2015-12-29,9.714,9.7426,9.65,9.7148,1160,0.0
2015-12-30,9.9,9.9,9.9,9.9,203,0.0
2015-12-31,10.0635,10.12,10.06,10.06,1942,0.0
2016-01-04,9.9,9.9,9.72,9.867,20998,0.0
2016-01-05,9.58,9.62,9.5711,9.62,710,0.0
2016-01-07,9.8,9.8,9.6301,9.6301,3149,0.0
2016-01-08,9.75,9.75,9.505,9.5401,2125,0.0
2016-01-11,9.43,9.44,9.29,9.37,9455,0.0
2016-01-12,9.3301,9.3301,9.33,9.33,628,0.0
2016-01-13,9.49,9.49,9.4699,9.4766,1141,0.0
2016-01-14,9.668,9.68,9.61,9.62,5224,0.0
2016-01-15,9.8045,9.8045,9.622,9.622,10541,0.0
2016-01-19,9.7,9.73,9.6,9.6657,13280,0.0
2016-01-20,9.4,9.495,9.33,9.33,5570,0.0
2016-01-21,9.55,9.56,9.55,9.55,949,0.0
2016-01-22,9.6,9.6,9.47,9.48,1880,0.0
2016-01-25,9.45,9.45,9.367,9.409,3057,0.0
2016-01-26,9.36,9.3606,9.3514,9.36,1200,0.0
2016-01-27,9.25,9.25,9.13,9.13,2805,0.0
2016-01-28,9.1,9.1,8.95,9.004,23042,0.0
2016-01-29,8.98,8.98,8.93,8.96,20065,0.0
2016-02-01,9.02,9.03,8.83,8.83,2547,0.0
2016-02-02,8.8,8.8229,8.7286,8.8229,21581,0.0
2016-02-03,8.75,8.819,8.69,8.7751,24620,0.0
2016-02-04,8.76,8.79,8.7445,8.7445,21721,0.0
2016-02-05,8.8,8.89,8.8,8.83,37703,0.0
2016-02-08,9.0,9.1,8.99,9.1,22283,0.0
2016-02-09,9.12,9.12,9.05,9.09,23846,0.0
2016-02-10,9.04,9.09,8.78,9.07,26827,0.0
2016-02-11,8.97,8.97,8.8368,8.95,12390,0.0
2016-02-16,8.9225,9.0,8.9225,9.0,540,0.0
2016-02-17,8.94,8.94,8.91,8.91,342,0.0
2016-02-19,8.668,8.7,8.668,8.69,2924,0.0
2016-02-22,8.65,8.844,8.65,8.844,1400,0.0
2016-02-23,9.13,9.31,9.13,9.31,1102,0.0
2016-02-24,9.39,9.416,9.37,9.404,1975,0.0
2016-02-25,9.41,9.5661,9.41,9.56,470,0.0
2016-02-26,9.56,9.56,9.47,9.47,4200,0.0
2016-02-29,9.52,9.5374,9.52,9.5374,861,0.0
2016-03-02,9.76,9.8755,9.76,9.8755,1500,0.0
2016-03-03,9.98,9.98,9.86,9.91,3916,0.0
2016-03-04,9.95,10.1199,9.9097,10.0099,5770,0.0
2016-03-07,10.05,10.05,10.0,10.0399,1116,0.0
2016-03-08,9.9931,10.08,9.96,10.08,6071,0.0
2016-03-09,10.04,10.04,9.977,9.977,10627,0.0
2016-03-10,9.98,10.19,9.98,10.08,22833,0.0
2016-03-11,10.24,10.4298,10.23,10.3599,24956,0.0
2016-03-14,10.39,10.4408,10.35,10.4408,26682,0.0
2016-03-15,10.4,10.418,10.33,10.34,23007,0.0
2016-03-16,10.31,10.5499,10.31,10.54,25534,0.0
2016-03-17,10.57,10.7899,10.57,10.71,35392,0.0
2016-03-18,10.794,10.94,10.794,10.86,29097,0.0
2016-03-21,10.883,11.0063,10.883,11.0041,31212,0.0
2016-03-22,11.0999,11.12,11.0101,11.0101,23896,0.0
2016-03-23,11.11,11.31,11.07,11.31,7236,0.0
2016-03-24,11.01,11.07,10.77,10.789,24655,0.0
2016-03-28,10.79,11.05,10.79,10.93,22755,0.0
2016-03-29,10.8,10.838,10.72,10.838,3271,0.0
2016-03-30,10.984,10.984,10.89,10.95,776,0.0
2016-03-31,10.92,10.93,10.5526,10.5526,4833,0.0
2016-04-01,10.35,10.45,10.35,10.391,2564,0.0
2016-04-04,10.17,10.21,10.13,10.13,9656,0.0
2016-04-05,10.09,10.17,10.09,10.143,9740,0.0
2016-04-06,10.14,10.14,10.14,10.14,1172,0.0
2016-04-07,10.1053,10.1053,9.9518,9.9518,951,0.0
2016-04-08,9.87,10.2761,9.869,10.2761,1829,0.0
2016-04-11,9.91,9.95,9.91,9.932,1617,0.0
2016-04-12,9.96,9.99,9.9499,9.9499,6278,0.0
2016-04-13,9.8689,9.8855,9.78,9.8364,2309,0.0
2016-04-14,9.93,9.979,9.88,9.9392,2591,0.0
2016-04-15,10.15,10.4299,10.02,10.3618,2968,0.0
2016-04-18,10.4124,10.671,10.4124,10.6199,1579,0.0
2016-04-19,10.6264,10.64,10.4512,10.4512,1752,0.0
2016-04-20,10.641,10.8299,10.641,10.8299,1835,0.0
2016-04-21,10.6894,10.6894,10.64,10.64,609,0.0
2016-04-22,10.5601,10.5689,10.5293,10.5293,1383,0.0
2016-04-25,10.8555,10.894,10.8101,10.8101,6909,0.0
2016-04-26,10.89,10.93,10.8201,10.93,1526,0.0
2016-04-27,10.8001,10.9,10.8,10.8992,3842,0.0
2016-04-28,10.83,10.83,10.67,10.7762,3298,0.0
2016-04-29,11.02,11.13,10.9901,11.12,7257,0.0
2016-05-02,11.05,11.09,11.0199,11.09,12043,0.0
2016-05-03,10.99,10.9915,10.93,10.9915,16669,0.0
2016-05-04,11.1555,11.25,11.1555,11.2499,1809,0.0
2016-05-05,11.28,11.28,10.74,10.83,8441,0.0
2016-05-06,10.9299,10.95,10.75,10.9132,5319,0.0
2016-05-09,10.9601,10.9601,10.9418,10.9599,577,0.0
2016-05-10,11.0,11.0,10.99,11.0,2109,0.0
2016-05-11,11.37,11.39,11.25,11.3401,3130,0.0
2016-05-12,11.29,11.35,11.2,11.32,5435,0.0
2016-05-13,11.24,11.3,11.24,11.3,533,0.0
2016-05-16,11.19,11.3799,11.161,11.3301,4521,0.0
2016-05-17,11.3,11.3301,11.27,11.2899,3553,0.0
2016-05-18,11.17,11.4099,11.17,11.4099,2210,0.0
2016-05-19,11.3,11.37,11.15,11.288,2237,0.0
2016-05-20,11.45,11.5489,11.45,11.45,2849,0.0
2016-05-23,11.3418,11.38,11.27,11.27,1876,0.0
2016-05-24,11.34,11.34,11.31,11.31,2331,0.0
2016-05-25,11.2422,11.53,11.211,11.4558,1881,0.0
2016-05-26,11.4901,11.595,11.4901,11.595,646,0.0
2016-05-27,11.6,11.6,11.6,11.6,250,0.0
2016-05-31,11.61,11.61,11.5,11.5,3477,0.0
2016-06-01,11.52,11.56,11.51,11.56,8459,0.0
2016-06-02,11.65,11.847,11.65,11.847,1236,0.0
2016-06-03,11.9499,12.13,11.94,12.1299,8386,0.0
2016-06-06,12.16,12.19,12.1101,12.17,2661,0.0
2016-06-07,12.296,12.35,12.296,12.33,2225,0.0
2016-06-08,12.4799,12.69,12.4799,12.6,17320,0.0
2016-06-09,12.7,12.7499,12.51,12.7299,8413,0.0
2016-06-10,12.53,12.685,12.4458,12.65,8516,0.0
2016-06-13,12.5503,12.659,12.55,12.659,3505,0.0
2016-06-14,12.468,12.468,12.35,12.4499,3416,0.0
2016-06-15,12.65,12.692,12.55,12.692,2429,0.0
2016-06-16,12.77,12.7958,12.57,12.6566,13257,0.0
2016-06-17,12.6601,12.6601,12.6601,12.6601,166,0.0
2016-06-20,12.69,12.69,12.6701,12.6701,2267,0.0
2016-06-21,12.63,12.65,12.6,12.65,2261,0.0
2016-06-22,12.5299,12.56,12.32,12.32,2868,0.0
2016-06-23,12.32,12.52,12.32,12.52,1699,0.0
2016-06-24,12.32,12.51,12.32,12.4201,1382,0.0
2016-06-27,12.51,12.7899,11.0,12.62,8751,0.0
2016-06-28,12.82,12.82,12.745,12.745,2863,0.0
2016-06-29,13.05,13.335,13.04,13.3299,9582,0.0
2016-06-30,13.07,13.07,12.9577,12.9577,1054,0.0
2016-07-01,13.2,13.2,13.0701,13.0701,23366,0.0
2016-07-05,13.21,13.2304,13.02,13.15,3534,0.0
2016-07-06,13.06,13.063,13.02,13.0608,5123,0.0
2016-07-07,13.039,13.039,12.66,12.66,13120,0.0
2016-07-08,12.9092,12.9092,12.9092,12.9092,122,0.0
2016-07-11,13.0,13.2199,12.97,13.21,5636,0.0
2016-07-12,13.04,13.04,12.7929,12.81,2511,0.0
2016-07-13,12.9,12.9,12.67,12.67,350,0.0
2016-07-14,13.035,13.09,12.8772,12.921,14165,0.0
2016-07-15,12.65,12.78,12.61,12.78,24097,0.0
2016-07-18,12.48,12.719,12.0,12.719,9795,0.0
2016-07-19,12.79,12.84,12.73,12.73,2215,0.0
2016-07-20,12.72,12.73,12.72,12.72,505,0.0
2016-07-21,12.89,12.89,12.89,12.89,300,0.0
2016-07-22,12.7,12.7,12.7,12.7,953,0.0
2016-07-25,12.87,13.01,12.87,13.0,7721,0.0
2016-07-26,12.759,12.759,12.66,12.7172,3457,0.0
2016-07-27,12.639,12.64,12.6,12.6,755,0.0
2016-07-28,12.52,12.52,12.52,12.52,101,0.0
2016-07-29,12.4501,12.67,12.4501,12.625,2707,0.0
2016-08-01,12.63,12.74,12.441,12.53,14705,0.0
2016-08-02,12.46,12.69,12.46,12.6203,4169,0.0
2016-08-03,12.56,12.6097,12.56,12.6097,743,0.0
2016-08-04,12.74,12.99,12.74,12.99,4163,0.0
2016-08-05,13.01,13.42,12.9901,13.4,10891,0.0
2016-08-08,13.48,13.52,13.42,13.446,4502,0.0
2016-08-09,13.5995,13.606,13.5995,13.606,2709,0.0
2016-08-10,13.2411,13.26,13.02,13.02,3188,0.0
2016-08-11,13.19,13.19,13.08,13.08,487,0.0
2016-08-12,13.1901,13.195,13.0701,13.13,2430,0.0
2016-08-15,13.13,13.274,13.035,13.274,5694,0.0
2016-08-16,13.48,13.5,13.3251,13.469,6626,0.0
2016-08-17,13.3,13.3,13.17,13.17,10197,0.0
2016-08-18,13.359,13.359,13.2801,13.35,4243,0.0
2016-08-19,13.1949,13.1949,13.1949,13.1949,172,0.0
2016-08-22,13.48,13.5899,13.45,13.5899,5953,0.0
2016-08-23,13.66,13.72,13.66,13.72,2308,0.0
2016-08-24,13.6287,13.6287,13.34,13.5295,3777,0.0
2016-08-25,13.6,13.6,13.5474,13.5474,1612,0.0
2016-08-26,13.55,13.7,13.54,13.6999,12889,0.0
2016-08-29,13.6596,13.75,13.6596,13.7185,3769,0.0
2016-08-30,13.6,13.62,13.55,13.62,8800,0.0
2016-08-31,13.425,13.425,13.3,13.3,20736,0.0
2016-09-01,13.1963,13.2328,13.08,13.1211,17944,0.0
2016-09-02,13.41,13.529,13.41,13.4708,14602,0.0
2016-09-06,13.33,13.4771,13.2994,13.4771,1404,0.0
2016-09-08,13.5501,13.5501,13.5501,13.5501,522,0.0
2016-09-09,13.55,13.55,13.4998,13.4998,2800,0.0
2016-09-12,13.45,13.6156,13.447,13.6,12932,0.0
2016-09-13,13.55,13.58,13.4977,13.58,1247,0.0
2016-09-14,13.55,13.55,13.525,13.525,222,0.0
2016-09-16,14.01,14.25,14.01,14.2337,14990,0.0
2016-09-19,14.5,14.5,14.3736,14.3736,3088,0.0
2016-09-20,14.36,14.5091,14.36,14.47,2210,0.0
2016-09-21,14.4834,14.52,14.3832,14.4252,2212,0.0
2016-09-22,14.78,14.85,14.341,14.3887,5313,0.0
2016-09-23,14.4362,14.55,14.4362,14.55,1485,0.0
2016-09-26,14.43,14.82,14.43,14.815,8045,0.0
2016-09-27,14.71,14.9514,14.6,14.9514,1109,0.0
2016-09-28,14.92,15.04,14.92,15.04,3167,0.0
2016-09-29,15.0,15.0,14.91,14.96,2662,0.0
2016-09-30,14.8272,14.8272,14.4801,14.4801,5360,0.0
2016-10-03,14.54,14.5746,14.4961,14.4961,17169,0.0
2016-10-04,14.71,14.8653,14.71,14.81,4326,0.0
2016-10-05,14.82,15.0199,14.82,15.0199,2341,0.0
2016-10-06,14.73,14.7414,14.71,14.7208,2286,0.0
2016-10-07,14.94,14.94,14.9187,14.9187,399,0.0
2016-10-10,14.75,14.8352,14.75,14.8352,3255,0.0
2016-10-11,14.8,14.92,14.63,14.89,18218,0.0
2016-10-12,14.73,14.979,14.73,14.979,8885,0.0
2016-10-13,14.9,14.9,14.9,14.9,205,0.0
2016-10-14,14.74,14.989,14.74,14.989,371,0.0
2016-10-17,14.8401,14.8401,14.8305,14.8305,657,0.0
2016-10-18,14.8,14.8,14.8,14.8,265,0.0
2016-10-19,14.85,14.85,14.7,14.74,44652,0.0
2016-10-20,14.64,14.64,14.571,14.6029,1495,0.0
2016-10-21,14.5291,14.65,14.49,14.64,5421,0.0
2016-10-24,14.9,14.91,14.9,14.909,3214,0.0
2016-10-25,14.88,14.88,14.73,14.7309,640,0.0
2016-10-26,14.7,14.73,14.65,14.65,2769,0.0
2016-10-27,14.5901,14.64,14.5901,14.621,2401,0.0
2016-10-28,14.35,14.42,14.3309,14.374,2401,0.0
2016-10-31,14.18,14.21,14.07,14.07,10177,0.0
2016-11-01,13.92,14.02,13.9172,13.9781,25869,0.0
2016-11-02,13.9109,14.14,13.89,14.1321,15033,0.0
2016-11-03,13.97,13.97,13.96,13.96,315,0.0
2016-11-04,14.02,14.1252,14.02,14.1252,2445,0.0
2016-11-07,14.33,14.36,14.33,14.3592,712,0.0
2016-11-08,14.22,14.22,14.12,14.12,687,0.0
2016-11-09,14.095,14.32,14.095,14.32,12784,0.0
2016-11-10,14.05,14.05,14.04,14.0492,7060,0.0
2016-11-11,13.8614,13.99,13.72,13.7701,10520,0.0
2016-11-14,13.9,13.9,13.74,13.7501,5933,0.0
2016-11-15,13.55,13.5897,13.5145,13.5897,10007,0.0
2016-11-16,13.41,13.41,13.03,13.28,5606,0.0
2016-11-17,13.29,13.32,13.11,13.1755,3728,0.0
2016-11-18,13.12,13.12,13.09,13.09,2179,0.0
2016-11-21,13.1109,13.2,13.1109,13.17,1385,0.0
2016-11-23,12.7944,12.8223,12.76,12.8,4650,0.0
2016-11-25,12.9,12.91,12.8158,12.8158,10101,0.0
2016-11-28,12.9,12.929,12.871,12.929,470,0.0
2016-11-29,12.9581,12.96,12.83,12.83,1345,0.0
2016-11-30,12.7,12.92,12.69,12.92,4614,0.0
2016-12-01,12.64,12.77,12.6201,12.72,19344,0.0
2016-12-02,12.52,12.7,12.52,12.7,9515,0.0
2016-12-05,12.57,12.57,12.44,12.458,4739,0.0
2016-12-06,12.6916,12.88,12.6916,12.7239,69285,0.0
2016-12-07,12.74,12.74,12.74,12.74,731,0.0
2016-12-08,12.74,12.81,12.7053,12.81,20777,0.0
2016-12-09,12.78,12.78,12.58,12.58,5559,0.0
2016-12-12,12.84,12.84,12.65,12.65,1169,0.0
2016-12-13,12.5,12.53,12.4583,12.5146,6198,0.0
2016-12-14,12.27,12.3,12.1791,12.23,4575,0.0
2016-12-15,12.19,12.25,12.179,12.2384,18523,0.0
2016-12-19,12.41,12.42,12.23,12.32,38225,0.0
2016-12-20,12.27,12.43,12.26,12.37,96538,0.0
2016-12-21,12.37,12.37,12.23,12.23,21620,0.0
2016-12-22,12.28,12.28,12.27,12.27,57643,0.0
2016-12-23,12.27,12.2784,12.2201,12.26,32483,0.0
2016-12-27,12.26,12.58,12.26,12.458,45101,0.0
2016-12-28,12.53,12.76,12.48,12.76,35809,0.0
2016-12-29,13.0,13.0,12.9056,12.96,2465,0.0
2016-12-30,12.95,12.9988,12.95,12.9988,571,0.0
2017-01-03,13.25,13.5,13.25,13.5,35585,0.0
2017-01-04,13.49,13.63,13.45,13.63,16427,0.0
2017-01-05,13.63,13.63,13.5501,13.5501,610,0.0
2017-01-06,13.55,13.55,13.55,13.55,500,0.0
2017-01-09,13.67,13.68,13.55,13.55,869,0.0
2017-01-10,13.51,13.65,13.51,13.6249,2557,0.0
2017-01-11,13.7,13.7,13.61,13.61,5051,0.0
2017-01-12,13.72,13.8,13.691,13.691,3656,0.0
2017-01-13,13.81,13.82,13.7608,13.77,10665,0.0
2017-01-17,13.87,13.87,13.767,13.767,13236,0.0
2017-01-18,13.86,13.87,13.73,13.86,19756,0.0
2017-01-19,13.991,14.0,13.49,13.5149,7937,0.0
2017-01-20,13.69,13.7,13.53,13.6301,18125,0.0
2017-01-23,13.74,13.8859,13.72,13.8859,21845,0.0
2017-01-24,13.96,13.96,13.95,13.95,695,0.0
2017-01-25,13.84,13.87,13.84,13.85,533,0.0
2017-01-27,13.77,13.7999,13.77,13.7999,785,0.0
2017-01-30,13.75,13.827,13.75,13.827,1417,0.0
2017-01-31,13.78,13.93,13.78,13.83,1760,0.0
2017-02-01,13.921,14.03,13.921,13.976,38955,0.0
2017-02-02,14.155,14.17,13.79,13.79,14334,0.0
2017-02-03,13.95,14.2008,13.8,14.2008,84044,0.0
2017-02-06,14.25,14.29,14.09,14.1,22172,0.0
2017-02-07,14.0575,14.0575,13.9728,13.9728,1383,0.0
2017-02-08,13.97,14.0799,13.97,14.0799,2671,0.0
2017-02-09,14.19,14.19,14.04,14.04,617,0.0
2017-02-10,13.88,13.88,13.75,13.8613,1333,0.0
2017-02-13,13.67,13.67,13.54,13.6287,1265,0.0
2017-02-14,13.8293,13.89,13.8293,13.8892,1200,0.0
2017-02-15,13.9925,13.9965,13.9891,13.9891,1208,0.0
2017-02-16,13.78,13.93,13.72,13.91,89377,0.0
2017-02-17,13.81,13.81,13.73,13.77,10215,0.0
2017-02-21,13.8578,14.12,13.8578,14.12,15537,0.0
2017-02-22,14.15,14.15,13.9709,14.08,4299,0.0
2017-02-23,13.7769,13.7769,13.65,13.73,2541,0.0
2017-02-24,13.5011,13.5454,13.5,13.53,3486,0.0
2017-02-27,13.29,13.29,13.1151,13.1151,2907,0.0
2017-02-28,13.17,13.17,13.15,13.16,16588,0.0
2017-03-01,13.16,13.39,13.13,13.39,9923,0.0
2017-03-02,13.29,13.34,13.21,13.34,18739,0.0
2017-03-06,13.31,13.31,13.0901,13.0901,18537,0.0
2017-03-07,12.816,12.816,12.77,12.77,21499,0.0
2017-03-08,12.81,12.839,12.61,12.839,258782,0.0
2017-03-09,12.7859,12.8215,12.5403,12.55,194087,0.0
2017-03-10,12.67,12.67,12.51,12.67,25964,0.0
2017-03-13,12.5,12.5799,12.5,12.5799,30220,0.0
2017-03-14,12.57,12.6,12.489,12.489,19076,0.0
2017-03-15,12.5,12.6199,12.5,12.51,9783,0.0
2017-03-16,12.6099,12.61,12.52,12.53,10185,0.0
2017-03-17,12.46,12.63,12.2401,12.63,44770,0.0
2017-03-20,12.3473,12.48,12.21,12.27,6624,0.0
2017-03-21,12.0541,12.1526,11.8601,11.92,3874,0.0
2017-03-22,11.965,11.965,11.965,11.965,312,0.0
2017-03-23,12.1073,12.1073,12.1073,12.1073,1101,0.0
2017-03-24,12.33,12.5,12.2101,12.2101,62972,0.0
2017-03-27,12.28,12.3132,12.17,12.3132,1146,0.0
2017-03-29,11.97,12.0341,11.95,11.96,4266,0.0
2017-03-30,11.94,11.96,11.9,11.9,317,0.0
2017-03-31,11.8,11.97,11.731,11.87,128803,0.0
2017-04-03,12.02,12.04,11.67,11.67,49713,0.0
2017-04-04,11.54,11.58,11.44,11.55,1444,0.0
2017-04-05,11.68,11.68,11.6,11.6,2477,0.0
2017-04-06,11.63,11.63,11.63,11.63,517,0.0
2017-04-07,11.7,11.71,11.66,11.67,4641,0.0
2017-04-10,11.69,11.69,11.5554,11.64,21793,0.0
2017-04-11,11.49,11.75,11.49,11.75,10753,0.0
2017-04-12,11.7011,11.7011,11.645,11.645,2439,0.0
2017-04-13,11.77,11.78,11.53,11.7,13356,0.0
2017-04-17,11.63,11.649,11.489,11.58,268362,0.0
2017-04-18,11.54,11.85,11.4,11.83,77349,0.0
2017-04-19,11.66,11.73,11.51,11.55,22235,0.0
2017-04-20,11.5536,11.56,11.38,11.49,9269,0.0
2017-04-21,11.58,11.59,11.47,11.5,7605,0.0
2017-04-24,11.3844,11.42,11.35,11.3981,2421,0.0
2017-04-25,11.42,11.441,11.38,11.38,3219,0.0
2017-04-26,11.3,11.35,10.91,10.98,67616,0.0
2017-04-27,11.0,11.0,10.76,10.78,61400,0.0
2017-04-28,11.06,11.25,11.05,11.22,20157,0.0
2017-05-01,11.23,11.29,11.09,11.29,6620,0.0
2017-05-02,11.1409,11.1409,11.12,11.12,1202,0.0
2017-05-03,10.9201,11.14,10.89,11.14,4015,0.0
2017-05-04,10.85,10.872,10.74,10.76,8574,0.0
2017-05-05,10.96,10.96,10.75,10.85,74978,0.0
2017-05-08,10.8386,10.9,10.8,10.9,6367,0.0
2017-05-09,10.98,10.98,10.8,10.92,9095,0.0
2017-05-10,10.9,11.12,10.9,11.12,11084,0.0
2017-05-11,10.95,11.06,10.95,11.06,3162,0.0
2017-05-12,10.93,10.95,10.8972,10.912,7281,0.0
2017-05-15,11.01,11.028,10.9072,10.9072,2733,0.0
2017-05-16,11.0,11.1799,11.0,11.17,50927,0.0
2017-05-17,11.25,11.33,11.096,11.33,25016,0.0
2017-05-18,10.98,11.149,10.9019,10.9762,33145,0.0
2017-05-19,11.08,11.255,11.08,11.1802,6823,0.0
2017-05-22,11.27,11.3,11.18,11.2034,169595,0.0
2017-05-23,11.1508,11.1508,10.934,10.934,19488,0.0
2017-05-24,10.83,10.9,10.709,10.88,55399,0.0
2017-05-25,10.85,10.9281,10.83,10.87,3162,0.0
2017-05-26,10.59,10.7,10.541,10.6,27572,0.0
2017-05-30,10.46,10.52,10.36,10.5,29407,0.0
2017-05-31,10.4992,10.4992,10.341,10.4,21029,0.0
2017-06-01,10.25,10.3063,10.0,10.04,19028,0.0
2017-06-02,10.01,10.08,9.7,9.749,25745,0.0
2017-06-05,9.81,9.97,9.75,9.8,33490,0.0
2017-06-06,9.75,9.9,9.7,9.8121,6260,0.0
2017-06-07,9.92,9.9699,9.75,9.9049,9374,0.0
2017-06-08,9.9,10.11,9.8701,10.09,6321,0.0
2017-06-09,10.014,10.05,9.975,10.0,6114,0.0
2017-06-12,10.12,10.129,9.89,9.91,153903,0.0
2017-06-13,9.82,9.87,9.75,9.76,55618,0.0
2017-06-14,9.67,9.73,9.5358,9.73,14013,0.0
2017-06-15,9.7,9.7,9.6059,9.63,8979,0.0
2017-06-16,9.6,9.6,9.5,9.58,20165,0.0
2017-06-19,9.43,9.64,9.43,9.64,10245,0.0
2017-06-20,9.61,9.6494,9.48,9.63,6233,0.0
2017-06-21,9.6,9.6,9.31,9.3228,7699,0.0
2017-06-22,9.23,9.32,9.2101,9.2101,8891,0.0
2017-06-23,9.12,9.33,9.12,9.33,18998,0.0
2017-06-26,9.2,9.2507,9.08,9.0811,6630,0.0
2017-06-27,9.1,9.14,9.06,9.108,5084,0.0
2017-06-28,9.13,9.154,9.0,9.0011,5002,0.0
2017-06-29,9.03,9.5389,9.03,9.45,22374,0.0
2017-06-30,9.64,9.74,9.52,9.6331,31062,0.0
2017-07-03,9.66,9.734,9.6,9.69,6607,0.0
2017-07-05,9.73,9.73,9.5,9.58,24484,0.0
2017-07-06,9.63,9.6899,9.52,9.68,25898,0.0
2017-07-07,9.57,9.939,9.57,9.865,18713,0.0
2017-07-10,9.87,9.87,9.46,9.4758,37128,0.0
2017-07-11,9.4,9.47,9.2828,9.47,22348,0.0
2017-07-12,9.52,9.52,9.37,9.4736,22607,0.0
2017-07-13,9.64,9.86,9.64,9.8104,13287,0.0
2017-07-14,9.79,9.92,9.76,9.9,4175,0.0
2017-07-17,9.95,9.95,9.74,9.8864,33808,0.0
2017-07-18,9.96,9.97,9.8,9.901,29888,0.0
2017-07-19,10.0,10.15,10.0,10.14,17024,0.0
2017-07-20,10.113,10.19,10.07,10.07,20485,0.0
2017-07-21,10.1263,10.22,10.08,10.08,3930,0.0
2017-07-24,10.2,10.2,10.1,10.13,8445,0.0
2017-07-25,10.14,10.14,9.88,9.92,27341,0.0
2017-07-26,9.9,10.11,9.895,10.0295,24397,0.0
2017-07-27,10.15,10.25,10.1187,10.1187,14418,0.0
2017-07-28,10.14,10.1888,10.08,10.095,10550,0.0
2017-07-31,10.25,10.4,10.25,10.4,24190,0.0
2017-08-01,10.4,10.4967,10.29,10.345,14995,0.0
2017-08-02,10.4045,10.4045,10.261,10.35,9004,0.0
2017-08-03,10.27,10.2799,10.0,10.095,22924,0.0
2017-08-04,9.95,9.95,9.95,9.95,22342,0.0
2017-08-07,9.91,9.91,9.78,9.87,26701,0.0
2017-08-08,9.93,9.93,9.81,9.8604,5074,0.0
2017-08-09,9.71,9.7975,9.71,9.76,3044,0.0
2017-08-10,9.7899,9.7899,9.6,9.6365,14454,0.0
2017-08-11,9.55,9.64,9.5,9.6389,158986,0.0
2017-08-14,9.46,9.7276,9.46,9.71,11500,0.0
2017-08-15,9.58,9.58,9.412,9.463,11878,0.0
2017-08-16,9.4,9.41,9.3,9.31,7002,0.0
2017-08-17,9.4,9.56,9.31,9.52,6179,0.0
2017-08-18,9.55,9.6,9.42,9.53,7292,0.0
2017-08-21,9.6299,9.67,9.56,9.63,12107,0.0
2017-08-22,9.54,9.65,9.49,9.65,12465,0.0
2017-08-23,9.6,9.74,9.5353,9.74,139427,0.0
2017-08-24,9.8,9.89,9.7,9.89,56629,0.0
2017-08-25,9.85,9.93,9.8,9.86,15165,0.0
2017-08-28,9.96,9.9854,9.85,9.98,21727,0.0
2017-08-29,9.99,9.99,9.7,9.75,65968,0.0
2017-08-30,9.7,9.84,9.7,9.808,3320,0.0
2017-08-31,9.9,10.03,9.9,9.99,72877,0.0
2017-09-01,9.8718,9.8802,9.69,9.7309,12793,0.0
2017-09-05,9.7056,9.8999,9.7,9.8815,15252,0.0
2017-09-06,9.8509,10.019,9.8509,9.98,4913,0.0
2017-09-07,9.89,9.9003,9.831,9.86,28497,0.0
2017-09-08,9.85,9.929,9.78,9.78,15649,0.0
2017-09-11,9.81,9.95,9.81,9.9,7715,0.0
2017-09-12,9.92,9.92,9.72,9.72,10102,0.0
2017-09-13,10.12,10.12,9.68,9.93,37962,0.0
2017-09-14,9.85,9.93,9.85,9.895,9794,0.0
2017-09-15,9.99,10.1,9.8958,10.05,9648,0.0
2017-09-18,9.99,10.03,9.806,9.84,25912,0.0
2017-09-19,9.86,9.8898,9.63,9.67,50404,0.0
2017-09-20,9.67,9.862,9.67,9.79,10551,0.0
2017-09-21,9.92,9.92,9.92,9.92,10595,0.0
2017-09-22,9.84,9.92,9.77,9.79,5951,0.0
2017-09-25,9.68,9.7642,9.56,9.71,13588,0.0
2017-09-26,9.47,9.47,9.31,9.41,27926,0.0
2017-09-27,9.3,9.35,9.21,9.329,33563,0.0
2017-09-28,9.34,9.42,9.28,9.384,108016,0.0
2017-09-29,9.274,9.49,9.26,9.48,40964,0.0
2017-10-02,9.31,9.64,9.31,9.53,54097,0.0
2017-10-03,9.51,9.51,9.369,9.419,6080,0.0
2017-10-04,9.4128,9.5,9.4128,9.475,3767,0.0
2017-10-05,9.5105,9.63,9.4985,9.57,17850,0.0
2017-10-06,9.4,9.4,9.285,9.35,7752,0.0
2017-10-09,9.3175,9.3812,9.2701,9.38,6679,0.0
2017-10-10,9.42,9.5,9.4198,9.4489,37385,0.0
2017-10-11,9.47,9.53,9.45,9.489,11025,0.0
2017-10-12,9.38,9.55,9.36,9.55,7442,0.0
2017-10-13,9.4657,9.58,9.4236,9.57,17209,0.0
2017-10-16,9.42,9.49,9.42,9.42,1669,0.0
2017-10-18,9.44,9.44,9.3875,9.3875,2275,0.0
2017-10-19,9.34,9.49,9.34,9.46,2721,0.0
2017-10-20,9.31,9.3439,9.29,9.296,12294,0.0
2017-10-23,9.2501,9.33,9.22,9.2813,17139,0.0
2017-10-24,9.38,9.46,9.3701,9.425,29201,0.0
2017-10-25,9.4,9.48,9.4,9.4,7938,0.0
2017-10-26,9.25,9.43,9.25,9.4,16508,0.0
2017-10-27,9.4,9.6201,9.4,9.59,25487,0.0
2017-10-30,9.65,9.7233,9.641,9.65,7786,0.0
2017-10-31,9.72,9.76,9.62,9.75,31236,0.0
2017-11-01,9.73,9.76,9.64,9.65,19800,0.0
2017-11-02,9.51,9.515,9.42,9.509,11912,0.0
2017-11-03,9.65,9.65,9.491,9.491,8249,0.0
2017-11-06,9.75,9.75,9.5,9.63,1270,0.0
2017-11-07,9.5301,9.692,9.5301,9.692,11603,0.0
2017-11-08,9.8,9.8,9.66,9.6901,6726,0.0
2017-11-09,9.77,9.84,9.61,9.78,16071,0.0
2017-11-10,9.8,9.82,9.4495,9.82,5952,0.0
2017-11-13,9.85,9.85,9.7645,9.8,2256,0.0
2017-11-14,9.84,9.84,9.7401,9.78,6007,0.0
2017-11-15,9.785,9.85,9.77,9.85,5131,0.0
2017-11-16,9.86,9.8999,9.821,9.8999,5255,0.0
2017-11-17,9.89,9.97,9.89,9.9,11897,0.0
2017-11-20,9.84,9.84,9.755,9.81,4692,0.0
2017-11-21,9.4974,9.7653,9.4872,9.74,6004,0.0
2017-11-22,9.81,9.93,9.4282,9.8922,18673,0.0
2017-11-24,9.91,9.98,9.88,9.9268,6138,0.0
2017-11-27,9.95,10.0,9.93,10.0,9770,0.0
2017-11-28,9.92,9.92,9.77,9.8201,41991,0.0
2017-11-29,9.9,9.92,9.76,9.82,6252,0.0
2017-11-30,9.811,9.9,9.75,9.82,4596,0.0
2017-12-01,9.82,9.87,9.711,9.78,2239,0.0
2017-12-04,9.75,9.84,9.75,9.84,1157,0.0
2017-12-05,9.75,9.75,9.6729,9.6729,829,0.0
2017-12-06,9.67,9.67,9.41,9.47,77098,0.0
2017-12-07,9.42,9.42,9.3,9.34,17370,0.0
2017-12-08,9.27,9.27,9.1602,9.2,35369,0.0
2017-12-11,9.14,9.175,9.0701,9.0999,4664,0.0
2017-12-12,9.07,9.07,8.95,9.01,97842,0.0
2017-12-13,8.93,8.98,8.93,8.94,19626,0.0
2017-12-14,8.9,9.0,8.9,8.9,13912,0.0
2017-12-15,8.94,8.94,8.84,8.88,2825,0.0
2017-12-18,8.85,9.0399,8.85,9.0,303565,0.0
2017-12-19,9.07,9.3,9.07,9.3,13972,0.0
2017-12-20,9.41,9.48,9.29,9.425,6946,0.0
2017-12-21,9.5,9.57,9.4,9.56,8312,0.0
2017-12-22,9.55,9.59,9.46,9.521,13957,0.0
2017-12-26,9.6,9.62,9.51,9.62,13220,0.0
2017-12-27,9.7,9.7,9.64,9.674,3496,0.0
2017-12-28,9.7,9.75,9.68,9.72,8089,0.0
2017-12-29,9.79,9.8,9.7432,9.78,8392,0.0
2018-01-02,9.8,9.89,9.8,9.888,3699,0.0
2018-01-03,9.8201,9.94,9.8201,9.94,3525,0.0
2018-01-04,9.83,9.9,9.83,9.86,8135,0.0
2018-01-05,9.84,9.86,9.81,9.83,4486,0.0
2018-01-08,9.67,9.69,9.56,9.65,6779,0.0
2018-01-09,9.6,9.7191,9.6,9.7191,16785,0.0
2018-01-10,9.65,9.6672,9.6,9.6353,6346,0.0
2018-01-11,9.48,9.49,9.4,9.4,9577,0.0
2018-01-12,9.3,9.4502,9.3,9.4502,4311,0.0
2018-01-16,9.3,9.3,9.11,9.12,10093,0.0
2018-01-17,9.12,9.12,8.9999,9.0299,41450,0.0
2018-01-18,9.02,9.02,8.77,8.8574,33440,0.0
2018-01-19,8.82,8.98,8.76,8.92,27409,0.0
2018-01-22,8.99,8.99,8.88,8.9,15667,0.0
2018-01-23,8.86,8.9206,8.83,8.9114,27011,0.0
2018-01-24,8.85,8.91,8.84,8.909,48713,0.0
2018-01-25,8.95,9.0,8.87,8.99,32519,0.0
2018-01-26,8.9742,9.06,8.971,9.02,19367,0.0
2018-01-29,9.17,9.2,9.07,9.15,36232,0.0
2018-01-30,9.14,9.22,9.09,9.22,17266,0.0
2018-01-31,9.16,9.16,8.925,8.982,30372,0.0
2018-02-01,8.9672,9.06,8.9301,9.04,23157,0.0
2018-02-02,9.04,9.15,9.03,9.08,9613,0.0
2018-02-05,9.04,9.1999,8.95,9.1236,54280,0.0
2018-02-06,9.18,9.279,9.16,9.19,38303,0.0
2018-02-07,9.26,9.28,9.2119,9.2508,11111,0.0
2018-02-08,9.28,9.28,9.03,9.03,29288,0.0
2018-02-09,9.02,9.0752,8.9742,9.04,8129,0.0
2018-02-12,9.01,9.06,8.93,9.06,32121,0.0
2018-02-13,8.91,8.95,8.8467,8.92,23127,0.0
2018-02-14,8.9,8.9,8.82,8.85,19165,0.0
2018-02-15,8.87,8.95,8.82,8.9,18007,0.0
2018-02-16,8.84,8.84,8.76,8.8,30949,0.0
2018-02-20,8.85,8.85,8.77,8.8,5996,0.0
2018-02-21,8.8,8.87,8.78,8.83,55332,0.0
2018-02-22,8.86,8.97,8.86,8.97,8603,0.0
2018-02-23,8.92,8.95,8.9,8.94,5760,0.0
2018-02-26,8.91,8.95,8.8301,8.8513,10487,0.0
2018-02-27,8.8,8.8,8.55,8.56,77049,0.0
2018-02-28,8.73,8.89,8.72,8.82,81791,0.0
2018-03-01,8.95,9.03,8.8904,8.98,22598,0.0
2018-03-02,9.05,9.055,8.82,8.92,11405,0.0
2018-03-05,8.8656,9.02,8.8501,9.02,5868,0.0
2018-03-06,9.01,9.01,8.9059,8.96,3164,0.0
2018-03-07,8.74,8.7758,8.55,8.59,101064,0.0
2018-03-08,8.65,8.65,8.58,8.64,10950,0.0
2018-03-09,8.62,8.64,8.521,8.62,70878,0.0
2018-03-12,8.52,8.64,8.52,8.615,7977,0.0
2018-03-13,8.58,8.58,8.42,8.5297,43151,0.0
2018-03-14,8.51,8.58,8.4667,8.58,47480,0.0
2018-03-15,8.52,8.5673,8.43,8.54,47537,0.0
2018-03-16,8.48,8.508,8.46,8.5,16757,0.0
2018-03-19,8.39,8.6,8.3011,8.58,77253,0.0
2018-03-20,8.51,8.54,8.411,8.411,25075,0.0
2018-03-21,8.495,8.52,8.46,8.5,10992,0.0
2018-03-22,8.5176,8.56,8.5176,8.5347,6294,0.0
2018-03-23,8.48,8.49,8.38,8.4322,9147,0.0
2018-03-26,8.4339,8.5299,8.38,8.42,48095,0.0
2018-03-27,8.4,8.45,8.3701,8.4,15055,0.0
2018-03-28,8.34,8.36,8.22,8.27,42720,0.0
2018-03-29,8.2744,8.31,8.25,8.31,17020,0.0
2018-04-02,8.37,8.395,8.33,8.34,22138,0.0
2018-04-03,8.34,8.36,8.25,8.36,38047,0.0
2018-04-04,8.25,8.26,8.22,8.26,6988,0.0
2018-04-05,8.2799,8.29,8.24,8.29,25208,0.0
2018-04-06,8.28,8.28,8.16,8.191,11519,0.0
2018-04-09,8.23,8.24,8.19,8.2,27871,0.0
2018-04-10,8.08,8.08,8.0,8.05,94783,0.0
2018-04-11,8.0,8.095,7.98,8.03,58508,0.0
2018-04-12,8.01,8.0597,8.01,8.0368,32302,0.0
2018-04-13,8.09,8.0992,8.03,8.0629,5799,0.0
2018-04-16,8.1273,8.14,8.02,8.02,45821,0.0
2018-04-17,7.94,7.94,7.8283,7.84,37027,0.0
2018-04-18,7.825,7.88,7.8196,7.88,14543,0.0
2018-04-19,7.8795,7.9314,7.848,7.9314,30257,0.0
2018-04-20,7.82,7.91,7.81,7.8799,74459,0.0
2018-04-23,7.81,7.81,7.55,7.5699,82714,0.0
2018-04-24,7.51,7.55,7.41,7.5368,121288,0.0
2018-04-25,7.32,7.42,7.3,7.4163,80087,0.0
2018-04-26,7.41,7.61,7.41,7.6,42151,0.0
2018-04-27,7.51,7.68,7.461,7.67,83286,0.0
2018-04-30,7.66,7.7,7.6,7.67,53743,0.0
2018-05-01,7.64,7.75,7.59,7.74,110375,0.0
2018-05-02,7.59,7.74,7.571,7.671,197542,0.0
2018-05-03,7.64,7.73,7.62,7.71,100157,0.0
2018-05-04,7.67,7.67,7.59,7.6198,77753,0.0
2018-05-07,7.61,7.61,7.52,7.56,68390,0.0
2018-05-08,7.55,7.6701,7.53,7.65,22662,0.0
2018-05-09,7.57,7.59,7.5,7.5461,54648,0.0
2018-05-10,7.51,7.53,7.45,7.51,24042,0.0
2018-05-11,7.46,7.46,7.42,7.46,18592,0.0
2018-05-14,7.41,7.46,7.4,7.45,56062,0.0
2018-05-15,7.41,7.55,7.4,7.53,43181,0.0
2018-05-16,7.47,7.55,7.46,7.55,76360,0.0
2018-05-17,7.54,7.59,7.49,7.51,48086,0.0
2018-05-18,7.5,7.56,7.47,7.5486,138848,0.0
2018-05-21,7.66,7.74,7.62,7.7,72009,0.0
2018-05-22,7.74,7.83,7.7,7.8,206607,0.0
2018-05-23,7.88,7.93,7.86,7.89,71395,0.0
2018-05-24,7.95,7.9999,7.84,7.88,132835,0.0
2018-05-25,7.89,7.95,7.839,7.95,32382,0.0
2018-05-29,8.0,8.0,7.8446,7.89,59071,0.0
2018-05-30,7.89,7.94,7.89,7.93,24834,0.0
2018-05-31,7.99,8.08,7.99,8.06,64293,0.0
2018-06-01,8.1,8.1,7.871,7.92,59238,0.0
2018-06-04,7.83,7.8578,7.6223,7.64,165501,0.0
2018-06-05,7.73,7.7526,7.65,7.73,34857,0.0
2018-06-06,7.76,7.78,7.73,7.76,33234,0.0
2018-06-07,7.61,7.61,7.51,7.54,136999,0.0
2018-06-08,7.58,7.77,7.56,7.73,155341,0.0
2018-06-11,7.78,7.875,7.76,7.81,56741,0.0
2018-06-12,7.8004,7.84,7.76,7.78,12823,0.0
2018-06-13,7.81,7.8469,7.78,7.81,4456,0.0
2018-06-14,7.7702,7.8101,7.72,7.73,15430,0.0
2018-06-15,7.73,7.73,7.58,7.63,36727,0.0
2018-06-18,7.6,7.65,7.59,7.61,29182,0.0
2018-06-19,7.5,7.56,7.43,7.56,92110,0.0
2018-06-20,7.575,7.67,7.53,7.53,21468,0.0
2018-06-21,7.57,7.6086,7.5331,7.55,28692,0.0
2018-06-22,7.64,7.6961,7.62,7.62,15256,0.0
2018-06-25,7.65,7.694,7.6,7.6,39226,0.0
2018-06-26,7.7,7.8,7.66,7.68,28214,0.0
2018-06-27,7.58,7.6,7.46,7.47,39002,0.0
2018-06-28,7.55,7.62,7.55,7.55,92678,0.0
2018-06-29,7.53,7.605,7.5,7.58,114226,0.0
2018-07-02,7.38,7.38,7.2777,7.29,143191,0.0
2018-07-03,7.28,7.28,7.13,7.2,91854,0.0
2018-07-05,7.14,7.19,7.0899,7.19,119058,0.0
2018-07-06,7.12,7.23,7.12,7.23,31710,0.0
2018-07-09,7.25,7.27,7.152,7.2,40170,0.0
2018-07-10,7.1782,7.22,7.14,7.19,14116,0.0
2018-07-11,7.18,7.18,7.11,7.13,31463,0.0
2018-07-12,7.08,7.08,6.9801,7.03,75922,0.0
2018-07-13,7.04,7.04,6.91,6.92,22716,0.0
2018-07-16,7.03,7.15,7.03,7.09,83584,0.0
2018-07-17,7.01,7.0499,6.95,7.0307,19943,0.0
2018-07-18,7.0001,7.011,6.986,6.99,49928,0.0
2018-07-19,6.94,6.99,6.94,6.94,35124,0.0
2018-07-20,7.0256,7.08,7.02,7.05,212339,0.0
2018-07-23,7.05,7.09,7.0,7.04,20075,0.0
2018-07-24,7.1,7.1198,7.0758,7.1,22468,0.0
2018-07-25,7.0858,7.15,7.0858,7.14,32042,0.0
2018-07-26,7.07,7.1107,6.98,7.08,97723,0.0
2018-07-27,7.05,7.0588,7.0,7.03,29945,0.0
2018-07-30,7.04,7.07,6.99,6.99,37254,0.0
2018-07-31,6.99,6.99,6.83,6.89,110101,0.0
2018-08-01,6.85,6.86,6.76,6.82,31996,0.0
2018-08-02,6.77,6.91,6.75,6.86,65217,0.0
2018-08-03,6.95,7.05,6.9435,6.99,201832,0.0
2018-08-06,7.04,7.0504,7.02,7.04,32078,0.0
2018-08-07,7.08,7.0832,7.0076,7.05,20698,0.0
2018-08-08,7.02,7.02,6.97,7.0,31952,0.0
2018-08-09,7.03,7.09,7.0201,7.06,40433,0.0
2018-08-10,6.94,6.94,6.8359,6.88,54275,0.0
2018-08-13,6.84,6.84,6.76,6.83,45207,0.0
2018-08-14,6.82,6.8557,6.74,6.75,24100,0.0
2018-08-15,6.78,6.78,6.67,6.7,91714,0.0
2018-08-16,6.73,6.77,6.68,6.68,23609,0.0
2018-08-17,6.7054,6.7054,6.6267,6.63,57921,0.0
2018-08-20,6.62,6.63,6.57,6.59,85269,0.0
2018-08-21,6.59,6.66,6.58,6.66,72609,0.0
2018-08-22,6.58,6.67,6.5115,6.66,114474,0.0
2018-08-23,6.59,6.64,6.57,6.59,50535,0.0
2018-08-24,6.66,6.735,6.6059,6.64,57400,0.0
2018-08-27,6.69,6.71,6.6633,6.7,57395,0.0
2018-08-28,6.64,6.68,6.61,6.625,45367,0.0
2018-08-29,6.6201,6.6459,6.58,6.62,33525,0.0
2018-08-30,6.67,6.75,6.61,6.71,168074,0.0
2018-08-31,6.78,6.7999,6.72,6.79,48013,0.0
2018-09-04,6.84,6.84,6.7164,6.8,28266,0.0
2018-09-05,6.835,6.94,6.835,6.93,46813,0.0
2018-09-06,6.93,6.93,6.86,6.87,29290,0.0
2018-09-07,6.95,6.99,6.92,6.99,29223,0.0
2018-09-10,7.05,7.1207,7.0489,7.1,62590,0.0
2018-09-11,7.1142,7.134,7.09,7.11,24507,0.0
2018-09-12,7.1905,7.29,7.18,7.25,165208,0.0
2018-09-13,7.31,7.35,7.25,7.32,81226,0.0
2018-09-14,7.19,7.19,7.0,7.0,294015,0.0
2018-09-17,7.0,7.0099,6.8841,6.89,49417,0.0
2018-09-18,6.87,6.87,6.765,6.81,10214,0.0
2018-09-19,6.88,6.96,6.88,6.89,10526,0.0
2018-09-20,6.9502,6.9544,6.86,6.86,22485,0.0
2018-09-21,6.9639,6.98,6.88,6.91,90529,0.0
2018-09-24,6.75,6.75,6.62,6.68,154579,0.0
2018-09-25,6.69,6.7,6.61,6.63,44326,0.0
2018-09-26,6.54,6.54,6.48,6.5,166076,0.0
2018-09-27,6.52,6.54,6.46,6.53,41020,0.0
2018-09-28,6.54,6.63,6.54,6.63,51552,0.0
2018-10-01,6.67,6.9373,6.6494,6.84,452737,0.0
2018-10-02,7.04,7.1838,7.03,7.17,456493,0.0
2018-10-03,7.27,7.29,7.13,7.21,45795,0.0
2018-10-04,7.22,7.3,7.15,7.3,90481,0.0
2018-10-05,7.35,7.46,7.35,7.4,391443,0.0
2018-10-08,7.55,7.6021,7.54,7.6,107518,0.0
2018-10-09,7.59,7.66,7.56,7.62,103635,0.0
2018-10-10,7.69,7.69,7.4469,7.54,133709,0.0
2018-10-11,7.58,7.6643,7.57,7.57,34618,0.0
2018-10-12,7.68,7.7468,7.65,7.68,35300,0.0
2018-10-15,7.75,7.87,7.75,7.85,170924,0.0
2018-10-16,7.81,7.8321,7.7128,7.75,32506,0.0
2018-10-17,7.84,7.97,7.84,7.97,39787,0.0
2018-10-18,7.97,8.05,7.935,8.03,44274,0.0
2018-10-19,8.03,8.08,7.9602,8.05,75617,0.0
2018-10-22,8.03,8.05,7.99,8.04,47403,0.0
2018-10-23,8.02,8.04,7.9777,8.04,18014,0.0
2018-10-24,8.14,8.1539,8.04,8.07,100745,0.0
2018-10-25,8.04,8.13,8.0,8.01,183727,0.0
2018-10-26,8.01,8.06,7.9301,7.94,110676,0.0
2018-10-29,7.95,7.95,7.79,7.82,89744,0.0
2018-10-30,7.75,7.79,7.68,7.78,80025,0.0
2018-10-31,7.7,7.7269,7.66,7.66,69331,0.0
2018-11-01,7.66,7.85,7.64,7.65,75243,0.0
2018-11-02,7.825,7.86,7.8,7.85,45657,0.0
2018-11-05,7.77,7.77,7.67,7.69,23432,0.0
2018-11-06,7.72,7.72,7.5642,7.6,14867,0.0
2018-11-07,7.63,7.65,7.58,7.62,12076,0.0
2018-11-08,7.61,7.61,7.505,7.54,28082,0.0
2018-11-09,7.4721,7.5099,7.44,7.4962,19823,0.0
2018-11-12,7.53,7.58,7.5,7.58,9188,0.0
2018-11-13,7.51,7.51,7.4,7.4048,28736,0.0
2018-11-14,7.45,7.4603,7.4,7.44,14935,0.0
2018-11-15,7.48,7.53,7.4,7.4,16720,0.0
2018-11-16,7.45,7.4586,7.41,7.41,12033,0.0
2018-11-19,7.4,7.4893,7.4,7.4799,9703,0.0
2018-11-20,7.41,7.41,7.29,7.29,54391,0.0
2018-11-21,7.29,7.46,7.29,7.39,32567,0.0
2018-11-23,7.33,7.33,7.29,7.29,10769,0.0
2018-11-26,7.3,7.33,7.2773,7.33,18939,0.0
2018-11-27,7.2788,7.2788,7.25,7.255,16827,0.0
2018-11-28,7.4,7.49,7.4,7.48,67263,0.0
2018-11-29,7.59,7.61,7.44,7.51,86906,0.0
2018-11-30,7.59,7.59,7.26,7.5164,37733,0.0
2018-12-03,7.59,7.63,7.52,7.5401,80451,0.0
2018-12-04,7.52,7.52,7.44,7.45,13742,0.0
2018-12-06,7.29,7.43,7.29,7.41,22879,0.0
2018-12-07,7.55,7.6054,7.5,7.52,41819,0.0
2018-12-10,7.46,7.47,7.3901,7.4495,24944,0.0
2018-12-11,7.48,7.5,7.4125,7.4786,6530,0.0
2018-12-12,7.4442,7.46,7.42,7.4491,12925,0.0
2018-12-13,7.39,7.46,7.27,7.43,28537,0.0
2018-12-14,7.43,7.4502,7.39,7.419,14377,0.0
2018-12-17,7.36,7.3785,7.3,7.3,57998,0.0
2018-12-18,7.3,7.3,7.2,7.205,35810,0.0
2018-12-19,7.14,7.42,6.67,7.26,51636,0.0
2018-12-20,7.06,7.29,7.06,7.288,17302,0.0
2018-12-21,7.26,7.26,7.1764,7.2134,27797,0.0
2018-12-24,7.21,7.29,7.21,7.2704,10564,0.0
2018-12-26,7.23,7.28,7.17,7.17,14445,0.0
2018-12-27,7.1959,7.2,7.15,7.189,18202,0.0
2018-12-28,7.14,7.2332,7.14,7.22,34982,0.0
2018-12-31,7.15,7.16,7.07,7.089,20937,0.0
2019-01-02,7.02,7.035,6.9,6.9,17454,0.0
2019-01-03,6.98,6.98,6.92,6.93,18167,0.0
2019-01-04,6.93,7.03,6.93,7.0202,28796,0.0
2019-01-07,7.17,7.41,7.17,7.4,124775,0.0
2019-01-08,7.49,7.53,7.43,7.52,108779,0.0
2019-01-09,7.58,7.58,7.5259,7.561,21391,0.0
2019-01-10,7.5,7.515,7.43,7.4305,38652,0.0
2019-01-11,7.51,7.5501,7.47,7.48,18654,0.0
2019-01-14,7.48,7.5185,7.46,7.48,30565,0.0
2019-01-15,7.56,7.69,7.55,7.66,41514,0.0
2019-01-16,7.7,7.749,7.66,7.71,44849,0.0
2019-01-17,7.64,7.6601,7.55,7.56,40184,0.0
2019-01-18,7.58,7.67,7.58,7.6599,18532,0.0
2019-01-22,7.58,7.63,7.575,7.605,43697,0.0
2019-01-23,7.6026,7.639,7.582,7.6,13028,0.0
2019-01-24,7.63,7.6559,7.6161,7.65,19258,0.0
2019-01-25,7.47,7.47,7.33,7.38,52315,0.0
2019-01-28,7.5,7.56,7.49,7.535,37598,0.0
2019-01-29,7.45,7.51,7.43,7.4815,13376,0.0
2019-01-30,7.43,7.4503,7.41,7.445,20284,0.0
2019-01-31,7.54,7.56,7.48,7.48,28541,0.0
2019-02-01,7.48,7.5,7.431,7.4502,16800,0.0
2019-02-04,7.45,7.54,7.41,7.53,27116,0.0
2019-02-05,7.53,7.5551,7.491,7.52,23658,0.0
2019-02-06,7.54,7.568,7.51,7.545,14197,0.0
2019-02-07,7.53,7.53,7.46,7.49,15995,0.0
2019-02-08,7.49,7.51,7.4409,7.46,4675,0.0
2019-02-11,7.41,7.41,7.34,7.38,28141,0.0
2019-02-12,7.43,7.48,7.4093,7.41,18624,0.0
2019-02-13,7.37,7.42,7.36,7.3811,7211,0.0
2019-02-14,7.32,7.3364,7.27,7.32,18033,0.0
2019-02-15,7.4,7.67,7.3997,7.665,49022,0.0
2019-02-19,7.68,7.77,7.6765,7.75,125443,0.0
2019-02-20,7.77,7.83,7.7239,7.805,48123,0.0
2019-02-21,7.83,7.83,7.7099,7.72,62480,0.0
2019-02-22,7.8015,7.82,7.775,7.7805,11796,0.0
2019-02-25,7.72,7.77,7.65,7.6519,60212,0.0
2019-02-26,7.64,7.67,7.54,7.5605,31464,0.0
2019-02-27,7.541,7.63,7.541,7.6291,17812,0.0
2019-02-28,7.59,7.59,7.47,7.5526,18193,0.0
2019-03-01,7.51,7.51,7.42,7.45,18855,0.0
2019-03-04,7.41,7.45,7.28,7.3,58155,0.0
2019-03-05,7.31,7.335,7.29,7.31,16314,0.0
2019-03-06,7.24,7.25,7.1601,7.17,55865,0.0
2019-03-07,7.2,7.2,7.15,7.175,27136,0.0
2019-03-08,7.16,7.18,7.13,7.16,14991,0.0
2019-03-11,7.2,7.3154,7.2,7.24,12584,0.0
2019-03-12,7.17,7.29,7.17,7.28,36898,0.0
2019-03-13,7.22,7.25,7.21,7.24,23095,0.0
2019-03-14,7.33,7.4,7.2601,7.271,14147,0.0
2019-03-15,7.24,7.37,7.21,7.35,20615,0.0
2019-03-18,7.28,7.53,7.28,7.5028,16400,0.0
2019-03-19,7.61,7.61,7.4301,7.4802,8659,0.0
2019-03-20,7.43,7.5,7.43,7.5,15427,0.0
2019-03-21,7.4,7.4,7.35,7.3762,11606,0.0
2019-03-22,7.37,7.4109,7.36,7.3753,3803,0.0
2019-03-25,7.3,7.3699,7.26,7.34,56568,0.0
2019-03-26,7.3,7.38,7.3,7.33,10496,0.0
2019-03-27,7.36,7.36,7.2801,7.2915,24346,0.0
2019-03-28,7.3,7.32,7.27,7.3183,15531,0.0
2019-03-29,7.32,7.32,7.2735,7.28,18143,0.0
2019-04-01,7.27,7.37,7.27,7.37,25222,0.0
2019-04-02,7.39,7.4,7.33,7.367,14331,0.0
2019-04-03,7.34,7.35,7.24,7.26,24797,0.0
2019-04-04,7.32,7.41,7.32,7.36,9327,0.0
2019-04-05,7.44,7.45,7.4089,7.425,15796,0.0
2019-04-08,7.34,7.34,7.305,7.32,27111,0.0
2019-04-09,7.39,7.45,7.34,7.4273,19038,0.0
2019-04-10,7.47,7.48,7.4475,7.475,14399,0.0
2019-04-11,7.48,7.48,7.4,7.41,15129,0.0
2019-04-12,7.4,7.45,7.4,7.44,36801,0.0
2019-04-15,7.46,7.46,7.385,7.4,65454,0.0
2019-04-16,7.31,7.3531,7.27,7.35,57176,0.0
2019-04-17,7.3,7.33,7.22,7.249,61483,0.0
2019-04-18,7.4,7.49,7.39,7.49,71187,0.0
2019-04-22,7.5,7.51,7.31,7.37,42077,0.0
2019-04-23,7.37,7.4363,7.34,7.4207,57971,0.0
2019-04-24,7.4169,7.46,7.41,7.435,49088,0.0
2019-04-25,7.45,7.45,7.3109,7.3543,50669,0.0
2019-04-26,7.27,7.33,7.27,7.315,21836,0.0
2019-04-29,7.27,7.27,7.16,7.1652,31308,0.0
2019-04-30,7.24,7.24,7.1801,7.2,9202,0.0
2019-05-01,7.12,7.1204,7.1,7.1,12024,0.0
2019-05-02,7.12,7.13,7.1,7.1098,66069,0.0
2019-05-03,7.09,7.09,7.0,7.01,79799,0.0
2019-05-06,7.0,7.02,6.962,6.98,21264,0.0
2019-05-07,6.96,6.9969,6.93,6.9902,80789,0.0
2019-05-08,6.97,6.97,6.842,6.8543,71015,0.0
2019-05-09,6.87,6.9,6.87,6.8905,56973,0.0
2019-05-10,6.92,7.01,6.8701,6.885,44334,0.0
2019-05-13,6.88,6.94,6.88,6.93,43440,0.0
2019-05-14,6.9249,6.98,6.9249,6.9605,6398,0.0
2019-05-15,6.98,6.98,6.9,6.93,19468,0.0
2019-05-16,6.91,6.9103,6.88,6.9,22181,0.0
2019-05-17,6.84,6.84,6.7729,6.79,90594,0.0
2019-05-20,6.85,6.86,6.82,6.83,6387,0.0
2019-05-21,6.82,6.9048,6.78,6.9048,22604,0.0
2019-05-22,6.96,6.96,6.8501,6.86,33330,0.0
2019-05-23,6.88,6.88,6.78,6.8398,28725,0.0
2019-05-24,6.87,6.9199,6.87,6.89,26501,0.0
2019-05-28,6.94,6.94,6.8534,6.88,18126,0.0
2019-05-29,6.99,7.0,6.9393,6.9393,110439,0.0
2019-05-30,6.97,6.988,6.92,6.925,6977,0.0
2019-05-31,6.88,7.06,6.88,7.0299,38731,0.0
2019-06-03,7.02,7.08,6.97,7.07,39296,0.0
2019-06-04,7.08,7.14,7.0546,7.14,33796,0.0
2019-06-05,7.18,7.18,7.0167,7.04,46965,0.0
2019-06-06,7.11,7.1499,7.11,7.1353,18551,0.0
2019-06-07,7.17,7.18,7.13,7.1778,33444,0.0
2019-06-10,7.14,7.14,7.11,7.115,9068,0.0
2019-06-11,7.07,7.18,7.07,7.17,25237,0.0
2019-06-12,7.13,7.16,7.13,7.1502,11540,0.0
2019-06-13,7.18,7.2199,7.175,7.18,39026,0.0
2019-06-14,7.19,7.2336,7.05,7.2197,21209,0.0
2019-06-17,7.18,7.19,7.1411,7.165,15445,0.0
2019-06-18,7.14,7.208,7.14,7.201,33211,0.0
2019-06-19,7.13,7.16,7.13,7.14,12089,0.0
2019-06-20,7.12,7.17,7.12,7.135,7719,0.0
2019-06-21,7.13,7.13,7.01,7.04,12241,0.0
2019-06-24,7.05,7.139,7.0363,7.04,12456,0.0
2019-06-25,7.07,7.11,7.05,7.0719,35179,0.0
2019-06-26,7.06,7.06,6.93,6.94,19251,0.0
2019-06-27,7.03,7.14,7.03,7.13,28275,0.0
2019-06-28,7.18,7.19,7.0822,7.09,15105,0.0
2019-07-01,7.09,7.1685,7.07,7.0704,20416,0.0
2019-07-02,7.0,7.0,6.95,6.98,23791,0.0
2019-07-03,6.96,7.09,6.96,7.0772,5316,0.0
2019-07-05,7.09,7.1001,7.0,7.0016,4600,0.0
2019-07-08,7.05,7.06,7.045,7.0456,2376,0.0
2019-07-09,7.0,7.0353,6.9723,7.0353,16564,0.0
2019-07-10,7.04,7.0849,7.01,7.07,2554,0.0
2019-07-11,7.08,7.08,7.0404,7.05,7518,0.0
2019-07-12,7.02,7.03,6.99,6.9947,11266,0.0
2019-07-15,6.93,6.93,6.87,6.92,36770,0.0
2019-07-16,6.92,6.92,6.86,6.9,8033,0.0
2019-07-17,6.86,6.86,6.7823,6.7963,47957,0.0
2019-07-18,6.78,6.78,6.7,6.715,87121,0.0
2019-07-19,6.71,6.71,6.671,6.695,19020,0.0
2019-07-22,6.7,6.7,6.655,6.655,57206,0.0
2019-07-23,6.66,6.86,6.62,6.855,96024,0.0
2019-07-24,6.94,6.9485,6.86,6.87,87285,0.0
2019-07-25,6.92,6.94,6.83,6.86,24610,0.0
2019-07-26,6.89,6.92,6.8601,6.89,18605,0.0
2019-07-29,6.91,6.94,6.8801,6.9,11880,0.0
2019-07-30,6.93,6.9921,6.92,6.94,33299,0.0
2019-07-31,6.9,6.96,6.9,6.9598,17543,0.0
2019-08-01,6.94,6.94,6.87,6.94,58473,0.0
2019-08-02,6.9,6.9,6.8622,6.8838,4528,0.0
2019-08-05,6.75,6.87,6.74,6.7998,21957,0.0
2019-08-06,6.8,6.8148,6.73,6.7451,15685,0.0
2019-08-07,6.72,6.73,6.6,6.6,38051,0.0
2019-08-08,6.65,6.68,6.63,6.68,6529,0.0
2019-08-09,6.74,6.87,6.74,6.87,14723,0.0
2019-08-12,6.78,6.79,6.67,6.7,24343,0.0
2019-08-13,6.63,6.79,6.63,6.75,23263,0.0
2019-08-14,6.73,6.73,6.6801,6.69,16799,0.0
2019-08-15,6.71,6.74,6.698,6.6995,1316,0.0
2019-08-16,6.71,6.735,6.691,6.7,2056,0.0
2019-08-19,6.66,6.66,6.6212,6.6283,11224,0.0
2019-08-20,6.6206,6.64,6.62,6.62,2818,0.0
2019-08-21,6.67,6.6752,6.61,6.63,24096,0.0
2019-08-22,6.63,6.7,6.63,6.69,7340,0.0
2019-08-23,6.66,6.66,6.6105,6.6105,2793,0.0
2019-08-26,6.65,6.65,6.5845,6.59,6215,0.0
2019-08-27,6.58,6.58,6.5,6.5452,16712,0.0
2019-08-28,6.5335,6.59,6.5335,6.59,1996,0.0
2019-08-29,6.585,6.585,6.5,6.5,11712,0.0
2019-08-30,6.52,6.533,6.46,6.49,49107,0.0
2019-09-03,6.52,6.5295,6.42,6.42,31448,0.0
2019-09-04,6.43,6.433,6.3901,6.405,17184,0.0
2019-09-05,6.38,6.38,6.3435,6.3645,21621,0.0
2019-09-06,6.33,6.39,6.33,6.375,10750,0.0
2019-09-09,6.4,6.4,6.3299,6.34,45900,0.0
2019-09-10,6.4,6.4,6.32,6.34,187234,0.0
2019-09-11,6.32,6.35,6.3,6.325,68211,0.0
2019-09-12,6.32,6.3274,6.2801,6.3,42001,0.0
2019-09-13,6.3233,6.3572,6.32,6.35,243848,0.0
2019-09-16,6.65,6.65,6.4741,6.4741,217121,0.0
2019-09-17,6.4697,6.48,6.42,6.46,55117,0.0
2019-09-18,6.45,6.45,6.4,6.4074,22703,0.0
2019-09-19,6.44,6.45,6.36,6.4,57371,0.0
2019-09-20,6.4,6.4,6.362,6.4,6537,0.0
2019-09-23,6.47,6.49,6.44,6.441,33998,0.0
2019-09-24,6.5,6.59,6.5,6.54,50792,0.0
2019-09-25,6.6,6.69,6.58,6.67,52398,0.0
2019-09-26,6.67,6.68,6.6201,6.65,28621,0.0
2019-09-27,6.6402,6.65,6.5848,6.65,11050,0.0
2019-09-30,6.6674,6.7336,6.6606,6.67,43313,0.0
2019-10-01,6.7009,6.76,6.7009,6.745,14729,0.0
2019-10-02,6.75,6.7897,6.75,6.78,54929,0.0
2019-10-03,6.74,6.75,6.66,6.72,50362,0.0
2019-10-04,6.78,6.78,6.71,6.74,27387,0.0
2019-10-07,6.75,6.75,6.5301,6.645,81793,0.0
2019-10-08,6.6238,6.65,6.5777,6.59,13804,0.0
2019-10-09,6.58,6.6,6.54,6.54,7684,0.0
2019-10-10,6.55,6.56,6.51,6.55,11377,0.0
2019-10-11,6.49,6.573,6.481,6.54,23387,0.0
2019-10-14,6.59,6.62,6.59,6.59,6320,0.0
2019-10-15,6.56,6.64,6.56,6.6305,12454,0.0
2019-10-16,6.58,6.58,6.49,6.5303,11420,0.0
2019-10-17,6.5617,6.57,6.4545,6.4603,13435,0.0
2019-10-18,6.45,6.5,6.45,6.49,18773,0.0
2019-10-21,6.49,6.5,6.45,6.495,9808,0.0
2019-10-22,6.43,6.45,6.41,6.4404,25030,0.0
2019-10-23,6.4016,6.45,6.4016,6.45,5949,0.0
2019-10-24,6.45,6.4909,6.442,6.48,29097,0.0
2019-10-25,6.4821,6.52,6.47,6.502,13330,0.0
2019-10-28,6.54,6.64,6.54,6.61,30180,0.0
2019-10-29,6.62,6.62,6.5237,6.56,192898,0.0
2019-10-30,6.53,6.59,6.52,6.57,25606,0.0
2019-10-31,6.55,6.6196,6.5369,6.61,63062,0.0
2019-11-01,6.6,6.61,6.5446,6.61,11064,0.0
2019-11-04,6.64,6.66,6.61,6.63,42419,0.0
2019-11-05,6.67,6.74,6.67,6.73,163691,0.0
2019-11-06,6.68,6.68,6.63,6.64,70004,0.0
2019-11-07,6.63,6.63,6.54,6.56,67419,0.0
2019-11-08,6.55,6.64,6.52,6.63,72904,0.0
2019-11-11,6.59,6.67,6.59,6.66,71920,0.0
2019-11-12,6.66,6.68,6.61,6.655,25383,0.0
2019-11-13,6.7024,6.76,6.7,6.73,48134,0.0
2019-11-14,6.75,6.76,6.7263,6.74,18263,0.0
2019-11-15,6.7314,6.75,6.68,6.69,21056,0.0
2019-11-18,6.69,6.74,6.69,6.7,25679,0.0
2019-11-19,6.68,6.7097,6.6601,6.6918,106523,0.0
2019-11-20,6.66,6.75,6.66,6.695,14923,0.0
2019-11-21,6.71,6.71,6.6207,6.66,8937,0.0
2019-11-22,6.7,6.74,6.6887,6.7203,25219,0.0
2019-11-25,6.72,6.72,6.68,6.68,10833,0.0
2019-11-26,6.64,6.68,6.64,6.665,7674,0.0
2019-11-27,6.66,6.68,6.65,6.665,6141,0.0
2019-11-29,6.71,6.76,6.71,6.7418,18276,0.0
2019-12-02,6.67,6.71,6.65,6.65,29570,0.0
2019-12-03,6.7,6.73,6.69,6.69,13926,0.0
2019-12-04,6.73,6.81,6.73,6.775,60232,0.0
2019-12-05,6.83,6.83,6.8,6.82,39530,0.0
2019-12-06,6.83,6.89,6.83,6.89,20850,0.0
2019-12-09,6.92,6.9792,6.91,6.93,30055,0.0
2019-12-10,6.95,7.0,6.95,7.0,27232,0.0
2019-12-11,6.98,7.0,6.9301,6.99,22479,0.0
2019-12-12,7.0,7.039,7.0,7.03,23498,0.0
2019-12-13,7.08,7.08,7.0001,7.02,20548,0.0
2019-12-16,6.96,6.99,6.91,6.95,23162,0.0
2019-12-17,6.91,6.99,6.91,6.93,49163,0.0
2019-12-18,6.96,7.02,6.96,7.0,44631,0.0
2019-12-19,7.04,7.07,7.03,7.05,27814,0.0
2019-12-20,7.03,7.07,7.024,7.06,21135,0.0
2019-12-23,7.03,7.038,6.9901,7.03,35483,0.0
2019-12-24,7.0,7.005,6.98,6.99,8660,0.0
2019-12-26,7.03,7.06,7.0,7.01,37077,0.0
2019-12-27,7.05,7.05,7.04,7.05,21476,0.0
2019-12-30,7.07,7.08,7.03,7.08,45260,0.0
2019-12-31,7.06,7.06,7.01,7.02,27382,0.0
2020-01-02,6.96,6.97,6.84,6.93,407969,0.0
2020-01-03,7.0,7.0,6.95,6.98,169588,0.0
2020-01-06,7.07,7.15,7.03,7.12,345093,0.0
2020-01-07,7.09,7.12,7.07,7.09,48074,0.0
2020-01-08,7.06,7.1,7.0,7.05,56715,0.0
2020-01-09,7.05,7.12,7.05,7.09,48675,0.0
2020-01-10,7.15,7.24,7.15,7.24,83426,0.0
2020-01-13,7.17,7.27,7.16,7.27,57057,0.0
2020-01-14,7.3,7.38,7.231,7.32,42643,0.0
2020-01-15,7.39,7.41,7.34,7.4,40860,0.0
2020-01-16,7.46,7.46,7.32,7.34,50426,0.0
2020-01-17,7.4,7.4,7.34,7.37,33946,0.0
2020-01-21,7.41,7.41,7.35,7.41,48000,0.0
2020-01-22,7.44,7.47,7.4,7.42,56400,0.0
2020-01-23,7.33,7.4,7.33,7.38,33200,0.0
2020-01-24,7.3,7.32,7.26,7.31,24500,0.0
2020-01-27,7.23,7.27,7.21,7.26,53400,0.0
2020-01-28,7.2,7.42,7.19,7.35,36800,0.0
2020-01-29,7.37,7.37,7.27,7.28,25900,0.0
2020-01-30,7.32,7.33,7.25,7.27,14000,0.0
2020-01-31,7.27,7.3,7.24,7.25,57600,0.0
2020-02-03,7.2,7.41,7.2,7.39,84800,0.0
2020-02-04,7.39,7.41,7.31,7.32,17900,0.0
2020-02-05,7.33,7.38,7.3,7.36,36200,0.0
2020-02-06,7.34,7.39,7.31,7.37,24400,0.0
2020-02-07,7.37,7.47,7.36,7.44,42900,0.0
2020-02-10,7.44,7.49,7.43,7.43,17100,0.0
2020-02-11,7.51,7.59,7.51,7.57,39900,0.0
2020-02-12,7.64,7.65,7.55,7.58,26200,0.0
2020-02-13,7.58,7.64,7.46,7.47,27500,0.0
2020-02-14,7.49,7.49,7.35,7.39,41900,0.0
2020-02-18,7.41,7.52,7.41,7.48,43900,0.0
2020-02-19,7.49,7.62,7.49,7.57,38500,0.0
2020-02-20,7.52,7.57,7.51,7.53,17500,0.0
2020-02-21,7.6,7.61,7.58,7.59,35900,0.0
2020-02-24,7.47,7.5,7.41,7.41,40400,0.0
2020-02-25,7.45,7.49,7.44,7.44,20700,0.0
2020-02-26,7.35,7.38,7.29,7.37,72000,0.0
2020-02-27,7.19,7.27,7.14,7.23,74200,0.0
2020-02-28,7.04,7.13,7.04,7.11,70600,0.0
2020-03-02,7.05,7.12,7.04,7.09,27300,0.0
2020-03-03,7.02,7.1,7.0,7.1,39700,0.0
2020-03-04,7.04,7.04,6.91,6.91,48200,0.0
2020-03-05,6.9,6.9,6.86,6.89,20000,0.0
2020-03-06,6.8,6.8,6.69,6.74,31800,0.0
2020-03-09,6.45,6.59,6.37,6.55,63000,0.0
2020-03-10,6.52,6.52,6.38,6.46,27100,0.0
2020-03-11,6.36,6.39,6.3,6.3,34000,0.0
2020-03-12,6.14,6.14,5.92,6.0,50600,0.0
2020-03-13,6.18,6.18,5.98,6.05,20000,0.0
2020-03-16,5.68,5.76,5.68,5.74,116800,0.0
2020-03-17,5.71,5.72,5.63,5.63,25000,0.0
2020-03-18,5.56,5.59,5.47,5.55,65500,0.0
2020-03-19,5.5,5.55,5.4,5.45,52600,0.0
2020-03-20,5.58,5.83,5.55,5.58,38800,0.0
2020-03-23,5.62,5.68,5.56,5.62,98600,0.0
2020-03-24,5.72,5.75,5.68,5.71,26800,0.0
2020-03-25,5.8,5.9,5.75,5.83,55300,0.0
2020-03-26,5.85,5.85,5.7,5.82,50700,0.0
2020-03-27,5.71,5.75,5.71,5.71,11100,0.0
2020-03-30,5.67,5.68,5.55,5.57,14500,0.0
2020-03-31,5.56,5.56,5.43,5.46,56400,0.0
2020-04-01,5.4,5.4,5.2,5.21,60400,0.0
2020-04-02,5.25,5.44,5.23,5.4,23000,0.0
2020-04-03,5.38,5.45,5.35,5.43,25300,0.0
2020-04-06,5.44,5.54,5.4,5.42,27200,0.0
2020-04-07,5.52,5.52,5.4,5.42,37900,0.0
2020-04-08,5.42,5.63,5.39,5.54,33300,0.0
2020-04-09,5.52,5.65,5.51,5.62,23600,0.0
2020-04-13,5.71,5.71,5.43,5.49,26000,0.0
2020-04-14,5.47,5.48,5.42,5.45,23000,0.0
2020-04-15,5.42,5.42,5.31,5.39,21000,0.0
2020-04-16,5.38,5.45,5.32,5.33,16400,0.0
2020-04-17,5.4464,5.58,5.4299,5.5538,32149,0.0
2020-04-20,5.45,5.45,5.35,5.35,42900,0.0
2020-04-21,5.38,5.38,5.27,5.36,121200,0.0
2020-04-22,5.47,5.485,5.3065,5.33,32483,0.0
2020-04-23,5.55,5.55,5.24,5.39,40900,0.0
2020-04-24,5.4,5.4,5.1,5.11,48500,0.0
2020-04-27,5.05,5.11,4.91,4.92,75900,0.0
2020-04-28,4.92,5.16,4.92,5.08,35500,0.0
2020-04-29,5.33,5.33,5.22,5.25,27400,0.0
2020-04-30,5.41,5.4427,5.286,5.405,39869,0.0
2020-05-01,5.4,5.63,5.3953,5.47,82932,0.0
2020-05-04,5.52,5.52,5.28,5.33,64400,0.0
2020-05-05,5.6,5.65,5.43,5.45,48300,0.0
2020-05-06,5.51,5.51,5.3101,5.5,21160,0.0
2020-05-07,5.44,5.44,5.26,5.26,14400,0.0
2020-05-08,5.35,5.35,5.22,5.27,22600,0.0
2020-05-11,5.25,5.27,5.18,5.19,34800,0.0
2020-05-12,5.23,5.29,5.22,5.22,11000,0.0
2020-05-13,5.2,5.22,5.15,5.17,19854,0.0
2020-05-14,5.23,5.29,5.21,5.28,55400,0.0
2020-05-15,5.3,5.34,5.21,5.28,36000,0.0
2020-05-18,5.34,5.48,5.34,5.46,48900,0.0
2020-05-19,5.51,5.51,5.4,5.4,27300,0.0
2020-05-20,5.5,5.56,5.47,5.51,59600,0.0
2020-05-21,5.56,5.56,5.39,5.47,51300,0.0
2020-05-22,5.4,5.45,5.37,5.44,19000,0.0
2020-05-26,5.53,5.55,5.4,5.45,42400,0.0
2020-05-27,5.44,5.47,5.39,5.43,22300,0.0
2020-05-28,5.41,5.48,5.4,5.41,10700,0.0
2020-05-29,5.4,5.49,5.38,5.47,39900,0.0
2020-06-01,5.47,5.65,5.47,5.47,88500,0.0
2020-06-02,5.53,5.6,5.5,5.59,28300,0.0
2020-06-03,5.62,5.81,5.6,5.76,84000,0.0
2020-06-04,5.77,5.83,5.7,5.82,61400,0.0
2020-06-05,5.9,5.96,5.83,5.95,66700,0.0
2020-06-08,5.97,5.99,5.84,5.85,63700,0.0
2020-06-09,5.87,5.98,5.86,5.95,43400,0.0
2020-06-10,5.96,6.0,5.9,5.94,59600,0.0
2020-06-11,5.93,5.93,5.82,5.84,61000,0.0
2020-06-12,5.83,5.88,5.78,5.79,21800,0.0
2020-06-15,5.69,5.79,5.64,5.77,24300,0.0
2020-06-16,5.85,5.88,5.79,5.83,21600,0.0
2020-06-17,5.83,5.84,5.77,5.8136,64087,0.0
2020-06-18,5.7,5.79,5.7,5.71,24300,0.0
2020-06-19,5.77,5.84,5.77,5.81,16400,0.0
2020-06-22,5.85,5.85,5.7698,5.825,9807,0.0
2020-06-23,5.85,5.85,5.78,5.7823,32563,0.0
2020-06-24,5.78,5.86,5.73,5.76,15900,0.0
2020-06-25,5.74,5.78,5.74,5.78,5900,0.0
2020-06-26,5.65,5.65,5.59,5.61,56961,0.0
2020-06-29,5.59,5.69,5.58,5.69,16800,0.0
2020-06-30,5.72,5.75,5.67,5.75,25200,0.0
2020-07-01,5.8,5.89,5.76,5.87,56000,0.0
2020-07-02,5.83,5.9,5.82,5.9,23900,0.0
2020-07-06,5.85,5.89,5.77,5.79,37100,0.0
2020-07-07,5.75,5.84,5.73,5.82,10400,0.0
2020-07-08,5.84,5.86,5.79,5.84,17400,0.0
2020-07-09,5.85,5.85,5.74,5.77,38500,0.0
2020-07-10,5.72,5.77,5.69,5.76,26200,0.0
2020-07-13,5.73,5.73,5.64,5.64,147800,0.0
2020-07-14,5.6,5.6,5.53,5.56,60000,0.0
2020-07-15,5.61,5.79,5.61,5.76,54100,0.0
2020-07-16,5.71,5.74,5.69,5.7,35800,0.0
2020-07-17,5.73,5.74,5.7,5.71,5900,0.0
2020-07-20,5.67,5.715,5.625,5.7,46611,0.0
2020-07-21,5.77,5.77,5.68,5.69,68883,0.0
2020-07-22,5.68,5.79,5.68,5.79,27200,0.0
2020-07-23,5.77,5.77,5.71,5.74,58600,0.0
2020-07-24,5.7,5.72,5.63,5.65,22500,0.0
2020-07-27,5.6,5.88,5.6,5.88,68200,0.0
2020-07-28,5.82,5.82,5.8,5.8,26400,0.0
2020-07-29,5.82,5.85,5.755,5.82,26180,0.0
2020-07-30,5.85,5.87,5.76,5.84,55000,0.0
2020-07-31,5.94,6.07,5.93,6.06,208900,0.0
2020-08-03,6.06,6.09,5.98,6.04,236500,0.0
2020-08-04,6.12,6.12,5.99,6.07,144800,0.0
2020-08-05,6.12,6.14,5.96,6.01,120200,0.0
2020-08-06,6.0,6.17,6.0,6.12,126677,0.0
2020-08-07,6.1,6.1,5.99,6.0,91600,0.0
2020-08-10,5.99,6.04,5.95,5.96,48500,0.0
2020-08-11,5.95,6.05,5.95,6.05,83900,0.0
2020-08-12,6.1,6.1,6.02,6.05,42600,0.0
2020-08-13,6.06,6.17,6.06,6.15,70900,0.0
2020-08-14,6.18,6.2,6.135,6.15,51352,0.0
2020-08-17,6.2,6.21,6.15,6.17,39200,0.0
2020-08-18,6.15,6.16,6.02,6.07,86500,0.0
2020-08-19,6.11,6.2,6.11,6.2,103200,0.0
2020-08-20,6.16,6.16,6.08,6.1,40577,0.0
2020-08-21,6.09,6.09,6.02,6.03,28700,0.0
2020-08-24,6.02,6.13,5.99,6.09,743200,0.0
2020-08-25,6.06,6.13,6.03,6.05,628100,0.0
2020-08-26,6.05,6.05,5.99,6.02,139000,0.0
2020-08-27,6.05,6.1,6.0,6.08,123300,0.0
2020-08-28,6.1,6.1,6.02,6.04,71100,0.0
2020-08-31,6.01,6.07,6.01,6.05,72100,0.0
2020-09-01,6.07,6.11,6.0,6.01,71000,0.0
2020-09-02,6.04,6.05,6.0,6.04,70400,0.0
2020-09-03,5.99,5.99,5.83,5.9,181900,0.0
2020-09-04,5.88,5.88,5.77,5.82,95800,0.0
2020-09-08,5.76,5.85,5.75,5.83,76600,0.0
2020-09-09,5.83,5.85,5.79,5.82,36600,0.0
2020-09-10,5.81,5.81,5.75,5.81,181400,0.0
2020-09-11,5.79,5.83,5.73,5.81,58100,0.0
2020-09-14,5.78,5.81,5.74,5.78,42200,0.0
2020-09-15,5.83,5.85,5.75,5.84,184800,0.0
2020-09-16,5.82,5.94,5.81,5.91,110100,0.0
2020-09-17,5.89,6.09,5.88,6.04,168500,0.0
2020-09-18,6.06,6.1,6.0,6.09,207700,0.0
2020-09-21,6.05,6.08,5.97,6.01,75200,0.0
2020-09-22,6.07,6.11,6.07,6.11,30100,0.0
2020-09-23,6.12,6.17,6.03,6.04,65200,0.0
2020-09-24,6.03,6.12,6.02,6.09,30700,0.0
2020-09-25,6.12,6.12,6.09,6.09,11100,0.0
2020-09-28,5.96,6.16,5.9,5.91,57300,0.0
2020-09-29,5.98,6.08,5.98,6.06,31100,0.0
2020-09-30,6.05,6.1,5.95,6.09,15300,0.0
2020-10-01,6.13,6.15,6.0601,6.12,21270,0.0
2020-10-02,6.02,6.16,6.02,6.11,10500,0.0
2020-10-05,6.14,6.19,6.14,6.16,31400,0.0
2020-10-06,6.17,6.26,6.17,6.24,33600,0.0
2020-10-07,6.27,6.34,6.27,6.3,204100,0.0
2020-10-08,6.32,6.33,6.3,6.3,30500,0.0
2020-10-09,6.26,6.34,6.25,6.33,59100,0.0
2020-10-12,6.35,6.38,6.14,6.19,41700,0.0
2020-10-13,6.23,6.27,6.19,6.21,24100,0.0
2020-10-14,6.21,6.32,6.21,6.31,24600,0.0
2020-10-15,6.26,6.36,6.25,6.28,25900,0.0
2020-10-16,6.27,6.32,6.27,6.31,13000,0.0
2020-10-19,6.36,6.42,6.35,6.36,40000,0.0
2020-10-20,6.36,6.37,6.33,6.35,15200,0.0
2020-10-21,6.33,6.35,6.25,6.34,5200,0.0
2020-10-22,6.41,6.46,6.41,6.45,19100,0.0
2020-10-23,6.51,6.52,6.35,6.38,30800,0.0
2020-10-26,6.21,6.38,6.21,6.38,36400,0.0
2020-10-27,6.25,6.42,6.25,6.32,60300,0.0
2020-10-28,6.25,6.3,6.24,6.27,13500,0.0
2020-10-29,6.17,6.18,6.11,6.15,227500,0.0
2020-10-30,6.17,6.17,6.06,6.11,29000,0.0
2020-11-02,6.14,6.32,6.14,6.27,130700,0.0
2020-11-03,6.23,6.25,6.19,6.22,14800,0.0
2020-11-04,6.22,6.24,6.15,6.22,52700,0.0
2020-11-05,6.28,6.3,6.16,6.21,34900,0.0
2020-11-06,6.33,6.44,6.33,6.41,52300,0.0
2020-11-09,6.4,6.45,6.34,6.4,56700,0.0
2020-11-10,6.37,6.4,6.31,6.4,7800,0.0
2020-11-11,6.36,6.36,6.31,6.33,25600,0.0
2020-11-12,6.4,6.45,6.38,6.42,33500,0.0
2020-11-13,6.43,6.45,6.36,6.3795,30479,0.0
2020-11-16,6.49,6.56,6.49,6.56,76000,0.0
2020-11-17,6.57,6.59,6.5,6.54,40600,0.0
2020-11-18,6.53,6.59,6.53,6.57,23700,0.0
2020-11-19,6.51,6.56,6.51,6.54,9800,0.0
2020-11-20,6.54,6.54,6.4,6.48,41000,0.0
2020-11-23,6.54,6.54,6.47,6.48,14600,0.0
2020-11-24,6.46,6.49,6.43,6.46,66300,0.0
2020-11-25,6.48,6.48,6.34,6.4,78100,0.0
2020-11-27,6.45,6.47,6.41,6.46,14700,0.0
2020-11-30,6.41,6.41,6.32,6.36,55500,0.0
2020-12-01,6.39,6.45,6.39,6.42,56000,0.0
2020-12-02,6.41,6.48,6.36,6.46,43700,0.0
2020-12-03,6.51,6.51,6.41,6.43,55400,0.0
2020-12-04,6.4,6.41,6.36,6.4,30000,0.0
2020-12-07,6.39,6.45,6.34,6.4,49900,0.0
2020-12-08,6.43,6.43,6.36,6.38,49600,0.0
2020-12-09,6.34,6.55,6.34,6.53,40200,0.0
2020-12-10,6.5,6.5,6.42,6.43,43500,0.0
2020-12-11,6.45,6.45,6.38,6.39,38600,0.0
2020-12-14,6.37,6.37,6.27,6.3,133300,0.0
2020-12-15,6.34,6.36,6.26,6.33,18000,0.0
2020-12-16,6.37,6.43,6.37,6.4,156200,0.0
2020-12-17,6.44,6.49,6.42,6.46,79400,0.0
2020-12-18,6.45,6.45,6.39,6.4299,34297,0.0
2020-12-21,6.44,6.47,6.39,6.44,79100,0.0
2020-12-22,6.46,6.46,6.38,6.41,34900,0.0
2020-12-23,6.44,6.52,6.43,6.47,54000,0.0
2020-12-24,6.49,6.54,6.47,6.53,32200,0.0
2020-12-28,6.53,6.57,6.49,6.56,34200,0.0
2020-12-29,6.52,6.61,6.5,6.61,32500,0.0
2020-12-30,6.6,6.71,6.58,6.68,40900,0.0
2020-12-31,6.71,6.75,6.65,6.75,59400,0.0
2021-01-04,6.86,6.91,6.76,6.85,114000,0.0
2021-01-05,6.82,6.91,6.77,6.87,85100,0.0
2021-01-06,6.94,6.95,6.88,6.95,56400,0.0
2021-01-07,6.91,6.93,6.77,6.8,103500,0.0
2021-01-08,6.79,6.86,6.75,6.77,97000,0.0
2021-01-11,6.71,6.79,6.71,6.76,33000,0.0
2021-01-12,6.76,6.78,6.7,6.77,136800,0.0
2021-01-13,6.82,6.89,6.82,6.82,153000,0.0
2021-01-14,6.92,7.14,6.92,7.13,130400,0.0
2021-01-15,7.03,7.13,6.98,7.11,118500,0.0
2021-01-19,7.04,7.04,6.93,6.96,137200,0.0
2021-01-20,6.99,7.1,6.99,7.04,151600,0.0
2021-01-21,7.0,7.0,6.85,6.97,53800,0.0
2021-01-22,6.9,6.92,6.83,6.9,102000,0.0
2021-01-25,6.91,6.95,6.89,6.91,54200,0.0
2021-01-26,6.9,6.95,6.88,6.95,23800,0.0
2021-01-27,6.98,6.98,6.89,6.91,100400,0.0
2021-01-28,6.95,6.99,6.86,6.88,48900,0.0
2021-01-29,6.86,6.95,6.86,6.91,27700,0.0
2021-02-01,6.96,7.03,6.96,7.015,174049,0.0
2021-02-02,7.01,7.05,6.9541,7.03,46362,0.0
2021-02-03,7.05,7.05,6.96,6.97,36400,0.0
2021-02-04,6.92,7.01,6.91,7.01,40900,0.0
2021-02-05,7.01,7.18,7.01,7.17,63900,0.0
2021-02-08,7.22,7.22,7.12,7.15,51200,0.0
2021-02-09,7.2,7.2,7.04,7.17,70100,0.0
2021-02-10,7.17,7.33,7.17,7.19,79700,0.0
2021-02-11,7.21,7.24,7.18,7.19,23500,0.0
2021-02-12,7.23,7.23,7.11,7.13,51800,0.0
2021-02-16,7.22,7.27,7.21,7.27,78800,0.0
2021-02-17,7.33,7.35,7.27,7.34,47500,0.0
2021-02-18,7.37,7.5,7.37,7.5,82900,0.0
2021-02-19,7.58,7.64,7.57,7.64,81300,0.0
2021-02-22,7.6,7.83,7.6,7.79,145300,0.0
2021-02-23,7.81,7.81,7.66,7.66,130800,0.0
2021-02-24,7.7,7.77,7.67,7.76,54400,0.0
2021-02-25,7.88,7.88,7.57,7.64,101200,0.0
2021-02-26,7.53,7.56,7.43,7.45,132600,0.0
2021-03-01,7.5,7.54,7.37,7.43,143400,0.0
2021-03-02,7.43,7.53,7.36,7.51,476800,0.0
2021-03-03,7.4,7.42,7.36,7.38,135000,0.0
2021-03-04,7.35,7.45,7.35,7.4,131200,0.0
2021-03-05,7.5,7.52,7.43,7.52,96900,0.0
2021-03-08,7.44,7.45,7.4,7.41,72000,0.0
2021-03-09,7.39,7.39,7.28,7.28,164700,0.0
2021-03-10,7.36,7.39,7.34,7.36,97800,0.0
2021-03-11,7.49,7.51,7.43,7.5,109800,0.0
2021-03-12,7.46,7.47,7.41,7.43,31400,0.0
2021-03-15,7.46,7.47,7.39,7.46,53600,0.0
2021-03-16,7.6,7.6,7.48,7.52,89500,0.0
2021-03-17,7.51,7.51,7.42,7.43,20000,0.0
2021-03-18,7.41,7.46,7.33,7.34,75000,0.0
2021-03-19,7.35,7.35,7.25,7.33,61400,0.0
2021-03-22,7.27,7.3,7.27,7.27,46500,0.0
2021-03-23,7.18,7.22,7.1,7.19,135800,0.0
2021-03-24,7.18,7.31,7.18,7.26,35400,0.0
2021-03-25,7.19,7.19,7.07,7.09,50400,0.0
2021-03-26,7.13,7.16,7.1,7.13,27200,0.0
2021-03-29,7.1,7.11,7.03,7.11,48800,0.0
2021-03-30,7.05,7.12,7.05,7.06,23300,0.0
2021-03-31,7.02,7.1,6.97,7.03,99100,0.0
2021-04-01,7.1,7.1,6.97,6.99,42300,0.0
2021-04-05,6.99,7.04,6.97,6.98,168278,0.0
2021-04-06,7.04,7.135,7.04,7.09,136072,0.0
2021-04-07,7.09,7.21,7.09,7.16,91500,0.0
2021-04-08,7.18,7.25,7.18,7.23,53000,0.0
2021-04-09,7.32,7.4,7.3,7.36,51500,0.0
2021-04-12,7.42,7.42,7.28,7.2848,70181,0.0
2021-04-13,7.35,7.42,7.35,7.36,30481,0.0
2021-04-14,7.41,7.54,7.41,7.52,74400,0.0
2021-04-15,7.56,7.71,7.56,7.65,73000,0.0
2021-04-16,7.73,7.8,7.7,7.8,70500,0.0
2021-04-19,7.79,7.79,7.65,7.66,61200,0.0
2021-04-20,7.8,7.91,7.77,7.86,97500,0.0
2021-04-21,7.79,7.94,7.79,7.94,68500,0.0
2021-04-22,7.96,8.0,7.92,7.97,56900,0.0
2021-04-23,8.02,8.02,7.93,7.98,54900,0.0
2021-04-26,8.01,8.1,7.94,8.1,102200,0.0
2021-04-27,8.07,8.36,8.03,8.36,162900,0.0
2021-04-28,8.14,8.14,8.0,8.07,233800,0.0
2021-04-29,8.07,8.08,7.74,8.0,142000,0.0
2021-04-30,7.9,8.04,7.9,7.99,36500,0.0
2021-05-03,8.11,8.15,7.96,7.96,103200,0.0
2021-05-04,8.09,8.14,8.02,8.12,207700,0.0
2021-05-05,8.15,8.27,8.12,8.24,85000,0.0
2021-05-06,8.25,8.34,8.18,8.3,145500,0.0
2021-05-07,8.31,8.32,8.25,8.3,112900,0.0
2021-05-10,8.4,8.4,8.221,8.3,70238,0.0
2021-05-11,8.36,8.53,8.36,8.5,141796,0.0
2021-05-12,8.52,8.52,8.37,8.42,141000,0.0
2021-05-13,8.26,8.3,8.07,8.15,196400,0.0
2021-05-14,8.27,8.27,8.07,8.1,81600,0.0
2021-05-17,8.1,8.19,8.1,8.14,64444,0.0
2021-05-18,8.09,8.28,8.09,8.22,72522,0.0
2021-05-19,8.2,8.2,8.12,8.17,47100,0.0
2021-05-20,8.13,8.22,8.13,8.13,44800,0.0
2021-05-21,8.02,8.05,7.98,8.05,103200,0.0
2021-05-24,8.0,8.1,8.0,8.061,37330,0.0
2021-05-25,8.15,8.24,8.09,8.1593,165040,0.0
2021-05-26,8.1,8.1,8.01,8.07,79780,0.0
2021-05-27,8.19,8.23,8.1,8.23,39000,0.0
2021-05-28,8.3,8.38,8.2,8.23,144900,0.0
2021-06-01,8.31,8.43,8.31,8.42,87013,0.0
2021-06-02,8.4,8.43,8.32,8.38,84200,0.0
2021-06-03,8.33,8.33,8.22,8.25,37500,0.0
2021-06-04,8.3,8.43,8.3,8.39,60300,0.0
2021-06-07,8.38,8.38,8.24,8.28,57500,0.0
2021-06-08,8.44,8.45,8.39,8.43,91300,0.0
2021-06-09,8.45,8.48,8.39,8.42,25100,0.0
2021-06-10,8.47,8.47,8.42,8.44,44000,0.0
2021-06-11,8.37,8.47,8.36,8.46,100500,0.0
2021-06-14,8.15,8.32,8.15,8.3,50100,0.0
2021-06-15,8.2,8.24,8.16,8.18,44000,0.0
2021-06-16,8.2,8.29,8.2,8.22,49900,0.0
2021-06-17,8.08,8.17,8.01,8.04,81900,0.0
2021-06-18,8.04,8.05,7.96,7.96,75800,0.0
2021-06-21,8.01,8.26,7.96,8.19,77800,0.0
2021-06-22,8.07,8.09,7.98,8.05,23200,0.0
2021-06-23,8.22,8.22,8.05,8.12,27200,0.0
2021-06-24,8.07,8.25,8.05,8.24,25900,0.0
2021-06-25,8.29,8.31,8.2,8.28,44300,0.0
2021-06-28,8.33,8.43,8.3,8.4,22400,0.0
2021-06-29,8.31,8.4,8.31,8.37,59600,0.0
2021-06-30,8.38,8.5,8.34,8.49,46400,0.0
2021-07-01,8.6,8.65,8.39,8.47,97900,0.0
2021-07-02,8.56,8.65,8.5,8.61,56100,0.0
2021-07-06,8.65,8.72,8.47,8.5,64000,0.0
2021-07-07,8.45,8.46,8.35,8.44,22800,0.0
2021-07-08,8.43,8.43,8.28,8.29,48500,0.0
2021-07-09,8.26,8.36,8.26,8.34,32900,0.0
2021-07-12,8.34,8.34,8.26,8.31,131000,0.0
2021-07-13,8.22,8.31,8.15,8.28,63600,0.0
2021-07-14,8.26,8.28,8.17,8.21,59900,0.0
2021-07-15,8.23,8.39,8.23,8.39,43400,0.0
2021-07-16,8.42,8.52,8.36,8.46,50300,0.0
2021-07-19,8.36,8.43,8.25,8.28,180200,0.0
2021-07-20,8.34,8.41,8.33,8.39,53700,0.0
2021-07-21,8.35,8.49,8.34,8.48,29100,0.0
2021-07-22,8.41,8.5,8.41,8.49,42600,0.0
2021-07-23,8.57,8.7,8.57,8.67,61600,0.0
2021-07-26,8.68,8.84,8.66,8.84,125800,0.0
2021-07-27,8.87,8.87,8.68,8.7,55700,0.0
2021-07-28,8.74,8.85,8.74,8.81,35900,0.0
2021-07-29,8.8,8.83,8.69,8.72,51200,0.0
2021-07-30,8.68,8.69,8.51,8.54,73700,0.0
2021-08-02,8.6,8.7,8.6,8.64,33200,0.0
2021-08-03,8.64,8.73,8.6,8.69,39400,0.0
2021-08-04,8.75,8.75,8.65,8.72,86900,0.0
2021-08-05,8.86,8.94,8.78,8.94,50400,0.0
2021-08-06,8.98,8.98,8.91,8.95,48200,0.0
2021-08-09,8.88,8.9,8.81,8.89,45153,0.0
2021-08-10,9.03,9.18,9.03,9.18,109938,0.0
2021-08-11,9.1,9.22,9.1,9.21,61500,0.0
2021-08-12,9.21,9.31,9.21,9.31,42600,0.0
2021-08-13,9.39,9.5,9.38,9.5,165900,0.0
2021-08-16,9.52,9.52,9.42,9.5,71400,0.0
2021-08-17,9.5,9.51,9.44,9.48,51400,0.0
2021-08-18,9.55,9.61,9.53,9.53,104200,0.0
2021-08-19,9.56,9.56,9.4,9.42,142700,0.0
2021-08-20,9.4,9.43,9.31,9.31,56900,0.0
2021-08-23,9.39,9.46,9.36,9.46,72100,0.0
2021-08-24,9.44,9.53,9.44,9.45,14800,0.0
2021-08-25,9.45,9.58,9.43,9.57,101800,0.0
2021-08-26,9.5,9.52,9.45,9.5,23500,0.0
2021-08-27,9.56,9.73,9.52,9.69,751700,0.0
2021-08-30,9.78,9.81,9.69,9.79,246400,0.0
2021-08-31,9.73,9.73,9.59,9.68,58500,0.0
2021-09-01,9.66,9.69,9.6,9.64,26700,0.0
2021-09-02,9.64,9.76,9.61,9.74,81800,0.0
2021-09-03,9.69,9.69,9.62,9.63,40200,0.0
2021-09-07,9.66,9.69,9.56,9.56,88500,0.0
2021-09-08,9.61,9.66,9.55,9.55,26000,0.0
2021-09-09,9.52,9.58,9.42,9.47,57600,0.0
2021-09-10,9.44,9.44,9.33,9.35,97700,0.0
2021-09-13,9.38,9.48,9.32,9.45,216800,0.0
2021-09-14,9.44,9.45,9.38,9.41,34100,0.0
2021-09-15,9.59,9.68,9.58,9.68,59000,0.0
2021-09-16,9.61,9.61,9.47,9.54,40600,0.0
2021-09-17,9.5,9.5,9.37,9.41,50900,0.0
2021-09-20,9.37,9.39,9.27,9.31,38212,0.0
2021-09-21,9.32,9.39,9.3,9.33,11874,0.0
2021-09-22,9.51,9.54,9.44,9.47,56000,0.0
2021-09-23,9.53,9.62,9.51,9.59,30300,0.0
2021-09-24,9.44,9.47,9.4,9.44,26700,0.0
2021-09-27,9.43,9.43,9.31,9.32,20199,0.0
2021-09-28,9.37,9.43,9.32,9.43,22458,0.0
2021-09-29,9.38,9.4,9.34,9.36,29700,0.0
2021-09-30,9.32,9.56,9.29,9.55,49600,0.0
2021-10-01,9.51,9.55,9.48,9.52,45700,0.0
2021-10-04,9.49,9.49,9.34,9.37,34700,0.0
2021-10-05,9.48,9.5,9.38,9.47,27200,0.0
2021-10-06,9.45,9.47,9.38,9.45,11100,0.0
2021-10-07,9.43,9.5,9.42,9.47,22600,0.0
2021-10-08,9.5,9.68,9.48,9.66,96500,0.0
2021-10-11,9.7,9.75,9.62,9.68,86800,0.0
2021-10-12,9.63,9.68,9.57,9.59,94000,0.0
2021-10-13,9.6,9.6,9.49,9.52,39100,0.0
2021-10-14,9.47,9.49,9.38,9.43,68600,0.0
2021-10-15,9.58,9.58,9.51,9.58,34200,0.0
2021-10-18,9.55,9.55,9.41,9.41,106200,0.0
2021-10-19,9.31,9.37,9.3,9.35,164200,0.0
2021-10-20,9.33,9.33,9.23,9.24,116700,0.0
2021-10-21,9.26,9.29,9.16,9.28,591500,0.0
2021-10-22,9.3,9.3,9.24,9.27,170000,0.0
2021-10-25,9.31,9.38,9.27,9.36,599100,0.0
2021-10-26,9.4,9.47,9.38,9.44,80200,0.0
2021-10-27,9.49,9.55,9.47,9.49,46000,0.0
2021-10-28,9.53,9.53,9.44,9.48,76200,0.0
2021-10-29,9.42,9.42,9.31,9.31,114800,0.0
2021-11-01,9.4,9.45,9.36,9.39,47600,0.0
2021-11-02,9.47,9.51,9.44,9.5,31700,0.0
2021-11-03,9.48,9.48,9.41,9.44,30700,0.0
2021-11-04,9.54,9.57,9.5,9.54,67400,0.0
2021-11-05,9.58,9.66,9.57,9.66,66900,0.0
2021-11-08,9.66,9.67,9.62,9.65,35600,0.0
2021-11-09,9.64,9.64,9.59,9.63,39900,0.0
2021-11-10,9.61,9.61,9.5,9.5,33600,0.0
2021-11-11,9.6,9.74,9.6,9.73,105600,0.0
2021-11-12,9.75,9.75,9.66,9.66,41500,0.0
2021-11-15,9.73,9.73,9.53,9.53,44600,0.0
2021-11-16,9.65,9.67,9.6,9.64,34600,0.0
2021-11-17,9.7,9.83,9.7,9.83,120700,0.0
2021-11-18,9.85,9.87,9.68,9.72,86000,0.0
2021-11-19,9.74,9.74,9.6,9.68,66800,0.0
2021-11-22,9.54,9.57,9.51,9.54,61500,0.0
2021-11-23,9.58,9.68,9.52,9.65,123100,0.0
2021-11-24,9.6,9.63,9.54,9.63,22500,0.0
2021-11-26,9.37,9.39,9.2,9.33,119700,0.0
2021-11-29,9.35,9.4,9.21,9.22,51500,0.0
2021-11-30,9.09,9.13,8.96,8.97,193400,0.0
2021-12-01,9.03,9.1,8.94,8.95,116800,0.0
2021-12-02,9.0,9.04,8.93,8.93,52100,0.0
2021-12-03,8.96,9.06,8.96,9.0,15600,0.0
2021-12-06,9.09,9.16,9.081,9.12,48180,0.0
2021-12-07,9.27,9.33,9.25,9.3,31030,0.0
2021-12-08,9.4,9.5,9.38,9.45,60300,0.0
2021-12-09,9.42,9.44,9.4,9.41,18600,0.0
2021-12-10,9.41,9.46,9.41,9.44,9300,0.0
2021-12-13,9.42,9.46,9.42,9.42,27800,0.0
2021-12-14,9.43,9.48,9.42,9.43,43800,0.0
2021-12-15,9.3,9.36,9.28,9.34,17900,0.0
2021-12-16,9.32,9.38,9.3,9.37,18800,0.0
2021-12-17,9.3,9.3,9.18,9.18,19800,0.0
2021-12-20,9.1,9.1,8.98,9.01,57400,0.0
2021-12-21,8.99,9.09,8.99,9.06,40800,0.0
2021-12-22,9.15,9.3,9.12,9.27,56300,0.0
2021-12-23,9.24,9.3,9.24,9.28,87000,0.0
2021-12-27,9.26,9.33,9.21,9.29,27500,0.0
2021-12-28,9.25,9.28,9.2,9.2,49100,0.0
2021-12-29,9.18,9.28,9.17,9.23,12200,0.0
2021-12-30,9.27,9.27,9.11,9.13,16300,0.0
2021-12-31,9.17,9.23,9.17,9.2,8400,0.0
2022-01-03,9.21,9.25,9.14,9.2,29500,0.0
2022-01-04,9.19,9.2,9.12,9.16,14800,0.0
2022-01-05,9.12,9.12,9.01,9.01,17100,0.0
2022-01-06,8.98,9.05,8.91,8.92,51200,0.0
2022-01-07,8.92,8.94,8.87,8.88,197900,0.0
2022-01-10,8.8,8.82,8.71,8.81,49300,0.0
2022-01-11,8.83,8.89,8.79,8.87,25700,0.0
2022-01-12,8.95,9.0,8.93,8.93,18400,0.0
2022-01-13,8.96,8.96,8.83,8.9,57000,0.0
2022-01-14,8.93,9.02,8.91,9.01,20200,0.0
2022-01-18,9.07,9.16,9.06,9.08,188600,0.0
2022-01-19,9.13,9.28,9.13,9.25,252900,0.0
2022-01-20,9.31,9.35,9.16,9.16,204000,0.0
2022-01-21,9.18,9.23,9.18,9.19,31600,0.0
2022-01-24,9.16,9.24,9.05,9.23,107663,0.0
2022-01-25,9.111,9.19,9.11,9.16,227507,0.0
2022-01-26,9.06,9.09,9.01,9.05,116000,0.0
2022-01-27,9.11,9.11,9.0,9.0,38600,0.0
2022-01-28,8.99,9.02,8.91,8.98,61900,0.0
2022-01-31,8.98,8.98,8.79,8.93,22400,0.0
2022-02-01,9.02,9.02,8.95,8.97,181400,0.0
2022-02-02,8.9,8.9,8.76,8.76,49800,0.0
2022-02-03,8.72,8.89,8.72,8.82,51300,0.0
2022-02-04,8.86,8.89,8.83,8.87,29000,0.0
2022-02-07,8.84,8.89,8.83,8.85,39900,0.0
2022-02-08,8.84,8.87,8.79,8.86,30300,0.0
2022-02-09,8.95,9.0,8.93,8.96,38000,0.0
2022-02-10,8.94,9.0,8.92,8.93,13800,0.0
2022-02-11,8.95,8.95,8.88,8.92,110200,0.0
2022-02-14,8.88,8.89,8.82,8.87,62200,0.0
2022-02-15,8.81,8.85,8.78,8.84,21200,0.0
2022-02-16,8.84,8.88,8.76,8.82,281700,0.0
2022-02-17,8.82,8.91,8.81,8.87,31800,0.0
2022-02-18,8.97,8.97,8.81,8.84,34700,0.0
2022-02-22,8.91,8.96,8.9,8.95,186400,0.0
2022-02-23,8.97,8.97,8.9,8.91,83100,0.0
2022-02-24,9.03,9.06,8.89,8.97,84200,0.0
2022-02-25,8.9,8.9,8.8,8.82,77600,0.0
2022-02-28,8.88,8.9,8.77,8.8,145900,0.0
2022-03-01,9.02,9.12,8.97,9.05,100100,0.0
2022-03-02,9.14,9.25,9.14,9.21,352300,0.0
2022-03-03,9.22,9.37,9.16,9.37,202200,0.0
2022-03-04,9.54,9.59,9.43,9.59,222800,0.0
2022-03-07,9.61,9.62,9.51,9.61,324800,0.0
2022-03-08,9.63,9.74,9.58,9.6,164900,0.0
2022-03-09,9.57,9.63,9.46,9.46,210100,0.0
2022-03-10,9.6,9.65,9.55,9.62,96100,0.0
2022-03-11,9.62,9.65,9.55,9.62,33500,0.0
2022-03-14,9.57,9.6,9.5,9.53,125400,0.0
2022-03-15,9.43,9.43,9.31,9.37,98700,0.0
2022-03-16,9.37,9.37,9.23,9.26,108300,0.0
2022-03-17,9.39,9.4,9.31,9.36,28200,0.0
2022-03-18,9.35,9.45,9.32,9.43,25400,0.0
2022-03-21,9.59,9.6,9.5,9.6,63800,0.0
2022-03-22,9.62,9.62,9.53,9.59,159600,0.0
2022-03-23,9.6,9.62,9.55,9.62,33100,0.0
2022-03-24,9.72,9.72,9.56,9.6,47200,0.0
2022-03-25,9.65,9.74,9.65,9.74,63500,0.0
2022-03-28,9.71,9.74,9.6,9.74,53000,0.0
2022-03-29,9.49,9.55,9.41,9.51,72700,0.0
2022-03-30,9.61,9.7,9.61,9.67,226400,0.0
2022-03-31,9.64,9.67,9.58,9.65,95100,0.0
2022-04-01,9.58,9.64,9.56,9.56,43900,0.0
2022-04-04,9.7,9.73,9.65,9.71,91300,0.0
2022-04-05,9.75,9.76,9.68,9.73,103300,0.0
2022-04-06,9.65,9.73,9.65,9.73,40100,0.0
2022-04-07,9.86,9.89,9.79,9.84,113600,0.0
2022-04-08,10.0,10.1,9.97,10.1,206400,0.0
2022-04-11,10.07,10.12,10.01,10.1,429700,0.0
2022-04-12,10.11,10.15,10.06,10.09,192900,0.0
2022-04-13,10.14,10.18,10.02,10.08,108600,0.0
2022-04-14,10.1,10.11,9.93,10.06,215700,0.0
2022-04-18,10.03,10.12,9.99,10.12,214900,0.0
2022-04-19,9.93,9.94,9.83,9.84,143000,0.0
2022-04-20,9.84,9.89,9.8,9.82,75400,0.0
2022-04-21,9.84,9.93,9.81,9.91,88700,0.0
2022-04-22,9.7,9.7,9.57,9.57,208200,0.0
2022-04-25,9.45,9.5,9.44,9.47,301900,0.0
2022-04-26,9.51,9.55,9.42,9.44,103600,0.0
2022-04-27,9.55,9.58,9.41,9.41,88500,0.0
2022-04-28,9.4,9.59,9.38,9.57,78000,0.0
2022-04-29,9.63,9.68,9.57,9.58,135400,0.0
2022-05-02,9.47,9.5,9.42,9.47,124400,0.0
2022-05-03,9.43,9.48,9.4,9.43,94200,0.0
2022-05-04,9.42,9.48,9.36,9.46,42300,0.0
2022-05-05,9.47,9.5,9.39,9.48,179200,0.0
2022-05-06,9.48,9.61,9.43,9.56,80700,0.0
2022-05-09,9.46,9.46,9.37,9.37,158574,0.0
2022-05-10,9.41,9.44,9.36,9.36,154035,0.0
2022-05-11,9.36,9.45,9.35,9.37,161500,0.0
2022-05-12,9.34,9.41,9.28,9.38,78300,0.0
2022-05-13,9.45,9.62,9.45,9.61,230000,0.0
2022-05-16,9.7,9.87,9.7,9.85,205500,0.0
2022-05-17,9.91,10.04,9.89,9.98,245200,0.0
2022-05-18,10.01,10.01,9.87,9.93,274900,0.0
2022-05-19,9.86,9.94,9.81,9.91,126600,0.0
2022-05-20,9.92,10.06,9.92,10.05,193700,0.0
2022-05-23,10.01,10.01,9.93,9.97,87900,0.0
2022-05-24,9.97,9.98,9.8,9.96,117400,0.0
2022-05-25,9.85,9.92,9.84,9.9,188200,0.0
2022-05-26,9.88,9.88,9.8,9.82,123900,0.0
2022-05-27,9.81,9.91,9.78,9.86,57900,0.0
2022-05-31,9.93,9.93,9.75,9.79,109400,0.0
2022-06-01,9.81,9.9,9.78,9.82,112400,0.0
2022-06-02,9.79,9.87,9.73,9.77,92600,0.0
2022-06-03,9.76,9.82,9.75,9.82,41900,0.0
2022-06-06,9.85,9.95,9.85,9.93,119900,0.0
2022-06-07,9.86,9.86,9.66,9.67,254100,0.0
2022-06-08,9.66,9.78,9.65,9.69,121300,0.0
2022-06-09,9.72,9.86,9.72,9.82,143000,0.0
2022-06-10,9.72,9.72,9.61,9.64,75100,0.0
2022-06-13,9.54,9.57,9.48,9.5,213500,0.0
2022-06-14,9.48,9.55,9.44,9.52,104000,0.0
2022-06-15,9.43,9.43,9.33,9.37,76700,0.0
2022-06-16,9.36,9.47,9.36,9.41,69700,0.0
2022-06-17,9.44,9.52,9.38,9.38,54400,0.0
2022-06-21,9.48,9.584,9.42,9.44,89781,0.0
2022-06-22,9.38,9.38,9.31,9.31,43200,0.0
2022-06-23,9.29,9.31,9.22,9.25,136300,0.0
2022-06-24,9.16,9.25,9.16,9.21,237600,0.0
2022-06-27,9.15,9.27,9.15,9.19,45400,0.0
2022-06-28,9.27,9.34,9.25,9.25,89900,0.0
2022-06-29,9.32,9.32,9.27,9.3,10900,0.0
2022-06-30,9.29,9.32,9.25,9.32,49200,0.0
2022-07-01,9.22,9.22,9.1,9.12,120800,0.0
2022-07-05,9.07,9.09,8.96,9.02,221200,0.0
2022-07-06,9.03,9.06,8.95,9.04,109200,0.0
2022-07-07,9.16,9.25,9.16,9.25,131700,0.0
2022-07-08,9.39,9.45,9.32,9.45,86200,0.0
2022-07-11,9.42,9.44,9.3,9.3,48800,0.0
2022-07-12,9.25,9.3,9.25,9.27,66300,0.0
2022-07-13,9.3,9.42,9.3,9.42,69100,0.0
2022-07-14,9.36,9.37,9.27,9.35,42300,0.0
2022-07-15,9.4,9.52,9.38,9.42,95300,0.0
2022-07-18,9.55,9.58,9.475,9.5,86856,0.0
2022-07-19,9.4,9.41,9.3,9.35,57015,0.0
2022-07-20,9.31,9.31,9.19,9.19,37000,0.0
2022-07-21,9.16,9.19,9.08,9.12,24200,0.0
2022-07-22,8.97,8.98,8.87,8.88,103500,0.0
2022-07-25,8.84,8.84,8.72,8.73,134100,0.0
2022-07-26,8.77,8.79,8.72,8.74,106900,0.0
2022-07-27,8.78,8.78,8.68,8.69,35400,0.0
2022-07-28,8.77,8.89,8.77,8.86,103300,0.0
2022-07-29,8.85,8.85,8.73,8.73,18100,0.0
2022-08-01,8.72,8.77,8.58,8.74,58849,0.0
2022-08-02,8.71,8.82,8.7,8.8,31135,0.0
2022-08-03,8.88,8.92,8.82,8.86,19900,0.0
2022-08-04,8.87,8.87,8.74,8.74,34600,0.0
2022-08-05,8.77,8.9,8.77,8.87,35700,0.0
2022-08-08,8.85,8.95,8.85,8.95,44600,0.0
2022-08-09,8.94,8.94,8.85,8.94,179400,0.0
2022-08-10,9.02,9.03,8.95,9.03,19300,0.0
2022-08-11,9.1,9.12,9.03,9.12,24800,0.0
2022-08-12,9.12,9.17,9.12,9.17,21500,0.0
2022-08-15,9.1,9.15,9.07,9.1,29200,0.0
2022-08-16,9.07,9.11,8.95,8.95,53800,0.0
2022-08-17,8.96,9.0,8.95,8.95,18500,0.0
2022-08-18,8.92,8.92,8.78,8.78,56700,0.0
2022-08-19,8.81,8.95,8.78,8.91,43000,0.0
2022-08-22,8.84,8.9,8.8,8.87,52000,0.0
2022-08-23,8.84,8.9,8.84,8.86,67100,0.0
2022-08-24,8.93,8.99,8.92,8.94,20500,0.0
2022-08-25,8.87,8.87,8.8,8.84,26500,0.0
2022-08-26,9.0,9.06,8.98,9.05,33600,0.0
2022-08-29,9.06,9.1,9.01,9.1,23000,0.0
2022-08-30,9.04,9.04,8.93,8.94,25600,0.0
2022-08-31,8.88,8.9,8.85,8.85,10300,0.0
2022-09-01,8.83,8.89,8.81,8.88,90500,0.0
2022-09-02,8.93,8.99,8.92,8.94,58200,0.0
2022-09-06,8.91,8.91,8.82,8.82,31400,0.0
2022-09-07,8.9,8.97,8.87,8.89,25400,0.0
2022-09-08,8.86,8.93,8.82,8.83,23600,0.0
2022-09-09,8.86,8.97,8.86,8.97,77200,0.0
2022-09-12,8.97,9.01,8.93,9.01,40200,0.0
2022-09-13,9.01,9.01,8.93,8.94,154200,0.0
2022-09-14,9.0,9.01,8.94,9.0,58400,0.0
2022-09-15,8.93,8.95,8.82,8.82,86100,0.0
2022-09-16,8.8,8.83,8.77,8.8,83200,0.0
2022-09-19,8.77,8.77,8.62,8.65,186400,0.0
2022-09-20,8.81,8.89,8.73,8.89,60100,0.0
2022-09-21,8.93,8.93,8.8,8.81,66100,0.0
2022-09-22,8.89,8.94,8.88,8.94,60900,0.0
2022-09-23,8.8,8.8,8.68,8.75,85100,0.0
2022-09-26,8.83,8.87,8.68,8.68,61300,0.0
2022-09-27,8.75,8.8,8.69,8.69,104800,0.0
2022-09-28,8.82,8.82,8.72,8.73,106800,0.0
2022-09-29,8.72,8.77,8.7,8.72,108600,0.0
2022-09-30,8.68,8.75,8.68,8.68,58100,0.0
2022-10-03,8.72,8.73,8.65,8.69,67500,0.0
2022-10-04,8.76,8.9,8.76,8.86,91200,0.0
2022-10-05,8.88,8.92,8.86,8.91,106500,0.0
2022-10-06,8.91,9.04,8.91,9.02,218700,0.0
2022-10-07,9.05,9.11,9.05,9.08,68600,0.0
2022-10-10,9.09,9.15,9.06,9.15,59100,0.0
2022-10-11,9.1,9.12,9.07,9.11,46400,0.0
2022-10-12,9.15,9.18,9.08,9.15,77300,0.0
2022-10-13,9.1,9.12,9.03,9.12,22800,0.0
2022-10-14,9.12,9.15,9.09,9.09,38100,0.0
2022-10-17,9.17,9.18,9.12,9.14,56600,0.0
2022-10-18,9.09,9.14,9.05,9.12,76300,0.0
2022-10-19,9.03,9.13,9.03,9.09,57900,0.0
2022-10-20,9.04,9.09,8.97,8.97,38900,0.0
2022-10-21,9.0,9.05,8.97,8.98,28600,0.0
2022-10-24,8.96,8.96,8.82,8.82,76500,0.0
2022-10-25,8.81,8.87,8.81,8.81,23500,0.0
2022-10-26,8.77,8.79,8.67,8.69,35100,0.0
2022-10-27,8.67,8.69,8.61,8.63,69400,0.0
2022-10-28,8.6,8.61,8.56,8.59,88600,0.0
2022-10-31,8.59,8.66,8.59,8.63,52500,0.0
2022-11-01,8.76,8.92,8.76,8.89,46100,0.0
2022-11-02,8.8,8.98,8.8,8.93,32400,0.0
2022-11-03,8.93,8.95,8.83,8.95,54200,0.0
2022-11-04,9.09,9.12,9.05,9.09,18600,0.0
2022-11-07,9.08,9.11,9.05,9.06,21900,0.0
2022-11-08,9.11,9.26,9.11,9.24,169100,0.0
2022-11-09,9.27,9.38,9.23,9.33,61200,0.0
2022-11-10,9.34,9.38,9.23,9.38,142500,0.0
2022-11-11,9.41,9.46,9.39,9.39,27100,0.0
2022-11-14,9.45,9.53,9.45,9.5,70500,0.0
2022-11-15,9.53,9.68,9.53,9.63,99000,0.0
2022-11-16,9.68,9.68,9.58,9.58,52300,0.0
2022-11-17,9.42,9.46,9.37,9.37,40900,0.0
2022-11-18,9.51,9.58,9.49,9.49,19500,0.0
2022-11-21,9.43,9.5,9.4,9.5,34300,0.0
2022-11-22,9.49,9.49,9.43,9.48,38100,0.0
2022-11-23,9.43,9.43,9.37,9.37,45100,0.0
2022-11-25,9.42,9.42,9.35,9.35,18200,0.0
2022-11-28,9.3,9.36,9.25,9.32,80100,0.0
2022-11-29,9.28,9.42,9.26,9.4,22000,0.0
2022-11-30,9.42,9.47,9.39,9.47,36400,0.0
2022-12-01,9.37,9.46,9.34,9.42,14500,0.0
2022-12-02,9.38,9.38,9.28,9.28,76000,0.0
2022-12-05,9.4,9.45,9.35,9.35,52400,0.0
2022-12-06,9.41,9.41,9.29,9.3,15000,0.0
2022-12-07,9.33,9.34,9.24,9.32,39300,0.0
2022-12-08,9.41,9.45,9.38,9.39,27800,0.0
2022-12-09,9.43,9.43,9.36,9.38,25300,0.0
2022-12-12,9.34,9.35,9.3,9.33,83700,0.0
2022-12-13,9.4,9.47,9.39,9.44,14800,0.0
2022-12-14,9.44,9.63,9.44,9.62,61600,0.0
2022-12-15,9.65,9.65,9.44,9.48,75800,0.0
2022-12-16,9.51,9.59,9.5,9.51,28100,0.0
2022-12-19,9.57,9.62,9.55,9.56,47200,0.0
2022-12-20,9.63,9.71,9.63,9.68,86600,0.0
2022-12-21,9.71,9.75,9.69,9.73,88800,0.0
2022-12-22,9.69,9.8,9.69,9.78,59400,0.0
2022-12-23,9.79,9.81,9.73,9.79,17800,0.0
2022-12-27,9.67,9.7,9.55,9.58,66500,0.0
2022-12-28,9.63,9.63,9.52,9.53,48900,0.0
2022-12-29,9.53,9.68,9.53,9.61,19800,0.0
2022-12-30,9.54,9.59,9.49,9.53,53600,0.0
2023-01-03,9.47,9.47,9.36,9.4,69600,0.0
2023-01-04,9.39,9.39,9.34,9.36,29100,0.0
2023-01-05,9.36,9.38,9.29,9.29,62600,0.0
2023-01-06,9.27,9.27,9.17,9.17,168000,0.0
2023-01-09,9.21,9.28,9.21,9.22,68000,0.0
2023-01-10,9.26,9.36,9.26,9.33,78900,0.0
2023-01-11,9.36,9.4,9.32,9.35,27100,0.0
2023-01-12,9.34,9.39,9.3,9.38,23500,0.0
2023-01-13,9.32,9.41,9.32,9.38,22100,0.0
2023-01-17,9.44,9.57,9.44,9.54,43000,0.0
2023-01-18,9.5,9.54,9.43,9.51,13900,0.0
2023-01-19,9.46,9.46,9.43,9.45,10300,0.0
2023-01-20,9.39,9.47,9.38,9.44,30400,0.0
2023-01-23,9.43,9.46,9.4,9.43,32300,0.0
2023-01-24,9.47,9.54,9.46,9.53,27900,0.0
2023-01-25,9.56,9.64,9.53,9.64,37100,0.0
2023-01-26,9.79,9.89,9.79,9.81,72600,0.0
2023-01-27,9.83,10.0,9.82,9.98,95700,0.0
2023-01-30,10.04,10.13,10.03,10.11,73000,0.0
2023-01-31,10.24,10.39,10.22,10.38,127400,0.0
2023-02-01,10.3,10.3,10.2,10.22,176800,0.0
2023-02-02,10.36,10.41,10.29,10.38,109200,0.0
2023-02-03,10.33,10.33,10.22,10.23,52300,0.0
2023-02-06,10.07,10.1,9.98,10.0,106900,0.0
2023-02-07,10.05,10.16,10.01,10.14,20100,0.0
2023-02-08,10.02,10.2,10.01,10.15,18000,0.0
2023-02-09,10.28,10.28,10.16,10.22,19700,0.0
2023-02-10,10.19,10.35,10.18,10.24,67800,0.0
2023-02-13,10.19,10.19,10.1,10.18,426900,0.0
2023-02-14,10.15,10.27,10.14,10.27,20900,0.0
2023-02-15,10.18,10.18,10.1,10.15,34100,0.0
2023-02-16,10.25,10.25,10.16,10.22,13600,0.0
2023-02-17,10.25,10.25,10.22,10.25,8700,0.0
2023-02-21,10.36,10.39,10.26,10.31,121200,0.0
2023-02-22,10.39,10.39,10.28,10.31,24000,0.0
2023-02-23,10.41,10.52,10.41,10.52,53500,0.0
2023-02-24,10.27,10.28,10.17,10.21,74900,0.0
2023-02-27,10.18,10.46,10.18,10.45,352100,0.0
2023-02-28,10.41,10.41,10.33,10.34,32400,0.0
2023-03-01,10.48,10.62,10.48,10.6,83200,0.0
2023-03-02,10.48,10.49,10.41,10.49,23200,0.0
2023-03-03,10.63,10.72,10.57,10.72,34400,0.0
2023-03-06,10.6,10.68,10.56,10.67,39200,0.0
2023-03-07,10.72,10.83,10.7,10.79,69500,0.0
2023-03-08,10.72,10.73,10.69,10.72,27300,0.0
2023-03-09,10.8,10.9,10.8,10.82,80200,0.0
2023-03-10,10.78,10.89,10.76,10.85,22300,0.0
2023-03-13,10.79,10.83,10.7,10.72,73600,0.0
2023-03-14,10.67,10.71,10.58,10.6,150300,0.0
2023-03-15,10.58,10.61,10.54,10.55,109100,0.0
2023-03-16,10.57,10.67,10.52,10.64,38200,0.0
2023-03-17,10.58,10.66,10.56,10.64,86700,0.0
2023-03-20,10.52,10.62,10.5,10.53,406159,0.0
2023-03-21,10.69,10.7,10.64,10.65,49296,0.0
2023-03-22,10.85,10.85,10.77,10.82,32000,0.0
2023-03-23,10.82,10.84,10.68,10.73,71400,0.0
2023-03-24,10.7,10.71,10.63,10.71,27100,0.0
2023-03-27,10.8,10.8,10.73,10.77,38700,0.0
2023-03-28,10.85,11.0,10.81,10.95,109700,0.0
2023-03-29,10.9,10.98,10.86,10.96,44300,0.0
2023-03-30,11.2,11.31,11.18,11.31,56400,0.0
2023-03-31,11.27,11.49,11.25,11.38,358800,0.0
2023-04-03,11.57,11.59,11.46,11.59,276500,0.0
2023-04-04,11.62,11.63,11.56,11.6,156200,0.0
2023-04-05,11.75,11.87,11.73,11.87,97700,0.0
2023-04-06,11.93,12.23,11.92,12.22,120600,0.0
2023-04-10,12.18,12.23,12.12,12.2,47900,0.0
2023-04-11,12.24,12.48,12.18,12.46,136500,0.0
2023-04-12,12.36,12.36,12.17,12.3,92300,0.0
2023-04-13,12.53,12.63,12.26,12.26,58400,0.0
2023-04-14,12.33,12.4,12.23,12.39,143200,0.0
2023-04-17,12.3,12.52,12.3,12.5,91700,0.0
2023-04-18,12.47,12.67,12.34,12.58,68900,0.0
2023-04-19,12.59,12.68,12.51,12.55,61300,0.0
2023-04-20,12.6,13.07,12.6,13.06,164900,0.0
2023-04-21,12.91,12.91,12.71,12.8,158200,0.0
2023-04-24,12.92,13.34,12.87,13.27,141600,0.0
2023-04-25,13.26,13.7,13.13,13.63,334700,0.0
2023-04-26,13.69,13.69,13.45,13.49,90700,0.0
2023-04-27,13.88,14.0,13.67,13.85,158400,0.0
2023-04-28,13.81,13.91,13.6,13.85,94400,0.0
2023-05-01,13.9,13.9,13.46,13.52,95423,0.0
2023-05-02,13.65,13.74,13.31,13.31,117124,0.0
2023-05-03,13.24,13.56,13.24,13.26,60900,0.0
2023-05-04,13.22,13.63,13.22,13.53,81500,0.0
2023-05-05,13.61,13.93,13.61,13.93,138300,0.0
2023-05-08,13.92,13.92,13.61,13.74,75000,0.0
2023-05-09,13.84,13.89,13.72,13.83,28700,0.0
2023-05-10,13.83,14.08,13.73,14.08,74800,0.0
2023-05-11,13.87,13.97,13.75,13.79,69800,0.0
2023-05-12,13.76,13.9,13.76,13.88,80400,0.0
2023-05-15,13.82,13.91,13.68,13.9,90575,0.0
2023-05-16,13.9,14.0032,13.74,13.77,45897,0.0
2023-05-17,13.79,13.79,13.65,13.74,48200,0.0
2023-05-18,13.6,13.62,13.52,13.6,152700,0.0
2023-05-19,13.65,13.74,13.62,13.66,125600,0.0
2023-05-22,13.63,13.75,13.63,13.71,39700,0.0
2023-05-23,13.79,13.82,13.65,13.65,37300,0.0
2023-05-24,13.65,13.74,13.56,13.58,51600,0.0
2023-05-25,13.45,13.45,13.23,13.41,234400,0.0
2023-05-26,13.45,13.73,13.45,13.65,114600,0.0
2023-05-30,13.56,13.64,13.5,13.54,46900,0.0
2023-05-31,13.5,13.63,13.42,13.43,33400,0.0
2023-06-01,13.54,13.58,13.35,13.46,60400,0.0
2023-06-02,13.35,13.52,13.35,13.47,56100,0.0
2023-06-05,13.36,13.51,13.32,13.36,200300,0.0
2023-06-06,13.39,13.49,13.38,13.46,63500,0.0
2023-06-07,13.47,13.5,13.38,13.41,30700,0.0
2023-06-08,13.63,13.92,13.63,13.91,97500,0.0
2023-06-09,13.85,14.0,13.69,13.74,48400,0.0
2023-06-12,13.86,13.9,13.76,13.8,21800,0.0
2023-06-13,13.74,13.78,13.62,13.64,305100,0.0
2023-06-14,13.69,13.9,13.69,13.9,26600,0.0
2023-06-15,14.02,14.09,13.86,14.02,76800,0.0
2023-06-16,14.03,14.22,13.97,14.12,97500,0.0
2023-06-20,14.22,14.23,14.09,14.22,179300,0.0
2023-06-21,14.19,14.23,14.12,14.14,65500,0.0
2023-06-22,13.94,14.01,13.78,13.84,50400,0.0
2023-06-23,13.73,13.73,13.48,13.56,85900,0.0
2023-06-26,13.56,13.67,13.17,13.18,185200,0.0
2023-06-27,12.99,13.02,12.8,12.93,148600,0.0
2023-06-28,12.75,12.75,12.59,12.6,70700,0.0
2023-06-29,12.59,12.6,12.35,12.5,168900,0.0
2023-06-30,12.65,12.81,12.63,12.76,74200,0.0
2023-07-03,12.83,13.08,12.8,12.96,34300,0.0
2023-07-05,13.01,13.05,12.91,12.96,178500,0.0
2023-07-06,12.94,12.95,12.79,12.82,14800,0.0
2023-07-07,13.0,13.05,12.93,12.93,29600,0.0
2023-07-10,12.9,12.93,12.815,12.93,10981,0.0
2023-07-11,12.88,13.0242,12.87,13.02,22265,0.0
2023-07-12,13.13,13.24,13.08,13.24,34400,0.0
2023-07-13,13.25,13.29,13.16,13.29,29500,0.0
2023-07-14,13.37,13.41,13.33,13.38,72400,0.0
2023-07-17,13.22,13.22,13.09,13.13,78600,0.0
2023-07-18,13.09,13.2,13.07,13.19,42400,0.0
2023-07-19,13.37,13.38,13.25,13.3,51900,0.0
2023-07-20,13.45,13.53,13.43,13.53,40000,0.0
2023-07-21,13.41,13.73,13.41,13.68,58600,0.0
2023-07-24,13.73,13.76,13.66,13.71,98200,0.0
2023-07-25,13.64,13.7,13.59,13.67,16700,0.0
2023-07-26,13.64,13.64,13.41,13.49,53500,0.0
2023-07-27,13.39,13.54,13.36,13.51,25000,0.0
2023-07-28,13.33,13.39,13.27,13.28,26300,0.0
2023-07-31,13.33,13.4,13.33,13.38,33500,0.0
2023-08-01,13.35,13.56,13.35,13.48,47700,0.0
2023-08-02,13.45,13.45,13.34,13.4,18800,0.0
2023-08-03,13.26,13.33,13.18,13.26,42300,0.0
2023-08-04,13.17,13.21,13.12,13.13,177500,0.0
2023-08-07,13.26,13.31,13.16,13.18,46300,0.0
2023-08-08,13.08,13.11,13.04,13.11,48700,0.0
2023-08-09,13.16,13.22,13.1,13.19,13800,0.0
2023-08-10,13.29,13.41,13.29,13.36,73000,0.0
2023-08-11,13.38,13.55,13.37,13.55,41100,0.0
2023-08-14,13.38,13.38,13.33,13.37,33800,0.0
2023-08-15,13.31,13.31,13.19,13.25,25600,0.0
2023-08-16,13.42,13.47,13.4,13.44,42200,0.0
2023-08-17,13.6,13.61,13.36,13.37,29300,0.0
2023-08-18,13.23,13.37,13.23,13.37,22200,0.0
2023-08-21,13.34,13.46,13.14,13.2,67100,0.0
2023-08-22,13.22,13.24,13.17,13.18,12200,0.0
2023-08-23,13.57,13.57,13.3,13.53,27500,0.0
2023-08-24,13.54,13.7,13.5,13.66,23400,0.0
2023-08-25,13.71,13.94,13.63,13.93,123100,0.0
2023-08-28,14.0,14.16,13.95,14.14,71100,0.0
2023-08-29,14.13,14.14,14.03,14.1,72400,0.0
2023-08-30,14.19,14.33,14.02,14.02,107800,0.0
2023-08-31,14.1,14.12,13.92,13.97,49400,0.0
2023-09-01,14.04,14.28,13.99,14.25,27300,0.0
2023-09-05,14.4,14.71,14.4,14.61,197801,0.0
2023-09-06,14.56,14.6,14.36,14.47,135300,0.0
2023-09-07,14.51,14.75,14.41,14.75,48900,0.0
2023-09-08,14.72,14.72,14.47,14.64,67700,0.0
2023-09-11,14.54,14.67,14.54,14.65,40800,0.0
2023-09-12,14.84,15.0,14.8,14.85,89800,0.0
2023-09-13,14.81,14.87,14.72,14.85,31100,0.0
2023-09-14,14.98,15.03,14.88,14.98,47500,0.0
2023-09-15,15.15,15.18,14.94,14.97,81700,0.0
2023-09-18,14.97,15.16,14.94,15.12,197500,0.0
2023-09-19,15.24,15.3,15.17,15.26,55900,0.0
2023-09-20,15.09,15.15,14.95,15.01,42900,0.0
2023-09-21,14.86,15.04,14.83,15.03,61500,0.0
2023-09-22,15.03,15.13,14.97,15.06,38900,0.0
2023-09-25,14.84,14.84,14.71,14.73,73300,0.0
2023-09-26,14.67,14.82,14.59,14.59,68000,0.0
2023-09-27,14.63,14.77,14.61,14.68,85300,0.0
2023-09-28,14.63,14.99,14.63,14.98,40500,0.0
2023-09-29,14.9,14.9,14.73,14.78,46700,0.0
2023-10-02,14.72,14.86,14.69,14.77,41700,0.0
2023-10-03,14.72,14.77,14.42,14.44,64300,0.0
2023-10-04,14.65,14.65,14.47,14.53,43500,0.0
2023-10-05,14.6,14.72,14.55,14.58,17700,0.0
2023-10-06,14.34,14.86,14.34,14.86,54700,0.0
2023-10-09,14.93,15.1,14.85,15.08,113400,0.0
2023-10-10,15.05,15.09,14.93,15.09,28700,0.0
2023-10-11,15.05,15.05,14.72,14.72,41200,0.0
2023-10-12,14.84,14.92,14.72,14.78,40200,0.0
2023-10-13,14.93,15.07,14.88,14.92,122000,0.0
2023-10-16,15.07,15.07,14.93,15.02,93800,0.0
2023-10-17,15.19,15.28,15.11,15.21,46600,0.0
2023-10-18,15.3,15.3,15.11,15.2,30200,0.0
2023-10-19,15.04,15.18,14.98,15.09,48600,0.0
2023-10-20,14.98,15.0,14.89,14.89,30300,0.0
2023-10-23,15.02,15.24,14.98,15.21,127200,0.0
2023-10-24,15.27,15.3,15.13,15.29,67700,0.0
2023-10-25,15.32,15.35,15.11,15.32,101100,0.0
2023-10-26,15.15,15.18,14.99,14.99,68500,0.0
2023-10-27,15.17,15.23,15.08,15.16,33200,0.0
2023-10-30,15.0,15.02,14.85,14.87,172500,0.0
2023-10-31,14.98,15.03,14.87,14.98,99800,0.0
2023-11-01,15.25,15.29,15.09,15.22,51900,0.0
2023-11-02,15.18,15.24,15.04,15.21,163900,0.0
2023-11-03,15.21,15.36,15.21,15.36,102600,0.0
2023-11-06,15.49,15.51,15.38,15.48,81300,0.0
2023-11-07,15.39,15.42,15.26,15.26,32000,0.0
2023-11-08,15.25,15.26,15.02,15.05,145400,0.0
2023-11-09,15.27,15.42,15.27,15.36,62000,0.0
2023-11-10,15.19,15.19,15.08,15.14,71100,0.0
2023-11-13,15.1,15.29,15.08,15.29,27500,0.0
2023-11-14,15.13,15.15,15.02,15.07,130600,0.0
2023-11-15,14.98,15.11,14.98,15.11,113300,0.0
2023-11-16,15.07,15.13,15.02,15.1,45900,0.0
2023-11-17,15.04,15.12,15.02,15.09,111800,0.0
2023-11-20,15.1,15.32,15.1,15.32,141900,0.0
2023-11-21,15.4,15.45,15.33,15.42,63100,0.0
2023-11-22,15.23,15.28,15.13,15.14,106600,0.0
2023-11-24,15.0,15.07,14.97,15.01,50700,0.0
2023-11-27,15.06,15.2,15.04,15.14,67600,0.0
2023-11-28,15.05,15.18,15.02,15.12,191400,0.0
2023-11-29,15.15,15.17,15.04,15.06,56700,0.0
2023-11-30,14.89,14.89,14.65,14.71,167800,0.0
2023-12-01,14.4,14.61,14.34,14.35,148900,0.0
2023-12-04,14.5,14.7,14.48,14.6,186900,0.0
2023-12-05,14.28,14.37,14.2,14.29,38200,0.0
2023-12-06,13.92,13.94,13.31,13.35,174300,0.0
2023-12-07,13.23,13.41,13.21,13.27,133900,0.0
2023-12-08,13.25,13.35,13.21,13.32,33900,0.0
2023-12-11,13.02,13.02,12.78,12.94,116500,0.0
2023-12-12,12.68,12.93,12.67,12.93,103600,0.0
2023-12-13,12.95,12.97,12.58,12.63,41400,0.0
2023-12-14,12.36,12.81,12.32,12.78,116800,0.0
2023-12-15,12.77,12.95,12.67,12.75,27200,0.0
2023-12-18,12.45,12.56,12.43,12.45,23600,0.0
2023-12-19,12.45,12.61,12.43,12.59,26000,0.0
2023-12-20,12.67,12.67,12.26,12.33,30500,0.0
2023-12-21,12.1,12.17,12.01,12.14,84800,0.0
2023-12-22,12.2,12.48,12.2,12.32,26900,0.0
2023-12-26,12.25,12.37,12.2,12.25,28200,0.0
2023-12-27,12.18,12.52,12.17,12.38,37500,0.0
2023-12-28,12.38,12.95,12.33,12.91,95200,0.0
2023-12-29,12.75,12.75,12.26,12.4,143200,0.0
2024-01-02,12.56,12.7,12.47,12.49,30100,0.0
2024-01-03,12.59,12.62,12.42,12.46,61900,0.0
2024-01-04,12.5,12.62,12.47,12.58,27700,0.0
2024-01-05,12.45,12.6,12.4,12.58,55500,0.0
2024-01-08,12.72,12.86,12.67,12.86,44000,0.0
2024-01-09,12.82,12.85,12.71,12.74,14300,0.0
2024-01-10,12.81,12.82,12.62,12.65,17800,0.0
2024-01-11,12.75,12.84,12.75,12.82,47200,0.0
2024-01-12,12.84,12.85,12.69,12.7,17600,0.0
2024-01-16,12.92,13.18,12.92,13.17,71400,0.0
2024-01-17,13.14,13.17,13.0,13.03,21300,0.0
2024-01-18,13.11,13.39,13.1,13.38,79700,0.0
2024-01-19,13.53,13.62,13.44,13.55,46700,0.0
2024-01-22,13.58,13.6,13.53,13.58,24300,0.0
2024-01-23,13.65,13.74,13.62,13.69,20700,0.0
2024-01-24,13.71,14.01,13.6,14.0,62500,0.0
2024-01-25,13.98,13.99,13.86,13.91,36000,0.0
2024-01-26,13.83,13.9,13.74,13.85,28100,0.0
2024-01-29,13.85,13.85,13.6401,13.7,63179,0.0
2024-01-30,13.73,13.91,13.66,13.9,34666,0.0
2024-01-31,13.91,13.93,13.82,13.9,39800,0.0
2024-02-01,13.88,13.88,13.69,13.72,17900,0.0
2024-02-02,13.74,13.89,13.74,13.88,34000,0.0
2024-02-05,13.87,13.87,13.7001,13.7444,26177,0.0
2024-02-06,13.77,13.81,13.61,13.7863,12635,0.0
2024-02-07,13.96,14.15,13.92,13.95,50400,0.0
2024-02-08,14.0,14.01,13.89,13.97,16400,0.0
2024-02-09,14.07,14.17,14.0,14.04,13700,0.0
2024-02-12,14.15,14.15,13.79,13.8,21300,0.0
2024-02-13,13.7,13.72,13.62,13.65,18200,0.0
2024-02-14,13.68,13.82,13.63,13.74,34600,0.0
2024-02-15,13.62,13.62,13.38,13.39,29400,0.0
2024-02-16,13.39,13.79,13.39,13.6,29600,0.0
2024-02-20,13.49,13.52,13.28,13.52,22700,0.0
2024-02-21,13.41,13.55,13.4,13.54,11600,0.0
2024-02-22,13.15,13.46,13.15,13.45,15600,0.0
2024-02-23,13.29,13.29,13.2,13.22,6300,0.0
2024-02-26,13.31,13.58,13.31,13.42,18100,0.0
2024-02-27,13.51,13.83,13.51,13.66,34600,0.0
2024-02-28,13.7,13.77,13.64,13.7,18000,0.0
2024-02-29,13.35,13.42,13.14,13.19,34800,0.0
2024-03-01,13.05,13.11,12.78,12.8,39300,0.0
2024-03-04,12.95,12.95,12.58,12.61,32402,0.0
2024-03-05,12.64,12.8,12.61,12.68,23534,0.0
2024-03-06,12.94,13.01,12.92,13.0,27400,0.0
2024-03-07,12.94,13.0,12.8,12.96,8800,0.0
2024-03-08,12.92,12.92,12.79,12.86,10000,0.0
2024-03-11,13.05,13.31,13.05,13.31,22600,0.0
2024-03-12,13.4,13.4,13.18,13.24,19700,0.0
2024-03-13,12.96,13.26,12.79,13.24,22900,0.0
2024-03-14,13.06,13.3,13.06,13.15,14700,0.0
2024-03-15,13.73,13.73,13.19,13.26,11700,0.0
2024-03-18,13.52,13.52,13.24,13.29,14400,0.0
2024-03-19,13.11,13.11,13.0,13.03,39700,0.0
2024-03-20,12.96,13.12,12.96,13.12,13700,0.0
2024-03-21,13.2,13.35,13.2,13.32,24100,0.0
2024-03-22,13.27,13.3,13.15,13.24,11800,0.0
2024-03-25,13.26,13.29,13.19,13.27,7400,0.0
2024-03-26,13.36,13.46,13.36,13.46,61200,0.0
2024-03-27,13.23,13.38,13.23,13.33,21200,0.0
2024-03-28,13.39,13.52,13.38,13.49,15800,0.0
2024-04-01,13.64,13.66,13.55,13.55,30100,0.0
2024-04-02,13.5,13.51,13.41,13.46,30500,0.0
2024-04-03,13.47,13.48,13.26,13.26,11400,0.0
2024-04-04,13.3,13.41,13.3,13.36,38900,0.0
2024-04-05,13.29,13.33,13.12,13.15,54000,0.0
2024-04-08,13.05,13.085,12.96,12.96,18841,0.0
2024-04-09,12.89,13.04,12.89,12.91,9074,0.0
2024-04-10,12.96,12.98,12.82,12.82,11300,0.0
2024-04-11,12.71,12.74,12.5,12.59,25000,0.0
2024-04-12,12.47,12.61,12.29,12.3,62100,0.0
2024-04-15,12.43,12.43,12.14,12.14,15800,0.0
2024-04-16,11.89,12.05,11.88,11.96,26000,0.0
2024-04-17,11.9,11.92,11.79,11.84,27300,0.0
2024-04-18,11.96,12.03,11.93,12.0,45400,0.0
2024-04-19,12.0,12.05,11.87,12.02,29800,0.0
2024-04-22,12.04,12.14,12.03,12.07,41200,0.0
2024-04-23,12.05,12.1,12.02,12.03,15100,0.0
2024-04-24,12.07,12.12,12.01,12.05,14200,0.0
2024-04-25,12.0,12.02,11.7,11.79,19800,0.0
2024-04-26,11.88,11.9,11.72,11.76,6100,0.0
2024-04-29,11.86,12.09,11.86,12.09,46600,0.0
2024-04-30,12.6,12.6,11.88,11.92,23200,0.0
2024-05-01,11.8,11.82,11.72,11.82,25000,0.0
2024-05-02,11.78,11.88,11.76,11.88,9400,0.0
2024-05-03,11.86,11.94,11.85,11.9,16900,0.0
2024-05-06,11.9,11.97,11.85,11.97,22625,0.0
2024-05-07,12.01,12.17,12.01,12.13,26729,0.0
2024-05-08,12.52,12.52,11.99,12.07,32300,0.0
2024-05-09,11.99,12.02,11.9,11.98,19900,0.0
2024-05-10,11.98,11.98,11.83,11.87,10100,0.0
2024-05-13,11.72,11.72,11.5,11.52,109500,0.0
2024-05-14,11.48,11.66,11.48,11.65,53200,0.0
2024-05-15,11.65,11.65,11.5,11.54,23700,0.0
2024-05-16,11.48,11.48,11.18,11.34,31900,0.0
2024-05-17,11.27,11.31,11.22,11.23,37300,0.0
2024-05-20,11.37,11.57,11.35,11.53,61900,0.0
2024-05-21,11.49,11.49,11.4,11.47,26500,0.0
2024-05-22,11.34,11.37,11.27,11.28,17400,0.0
2024-05-23,11.4,11.45,11.31,11.31,18600,0.0
2024-05-24,11.29,11.42,11.27,11.41,61600,0.0
2024-05-28,11.46,11.57,11.46,11.56,39700,0.0
2024-05-29,11.34,11.37,11.3,11.35,17000,0.0
2024-05-30,11.28,11.33,11.24,11.26,15100,0.0
2024-05-31,11.3,11.38,11.28,11.34,35200,0.0
2024-06-03,11.52,11.59,11.41,11.58,58800,0.0
2024-06-04,11.54,11.61,11.5,11.61,27900,0.0
2024-06-05,11.63,11.7,11.6,11.7,46300,0.0
2024-06-06,11.7,11.72,11.65,11.68,89800,0.0
2024-06-07,11.6,11.6,11.45,11.52,23200,0.0
2024-06-10,11.64,11.64,11.38,11.39,79700,0.0
2024-06-11,11.52,11.52,11.44,11.47,36000,0.0
2024-06-12,11.45,11.66,11.45,11.56,75600,0.0
2024-06-13,11.6,11.83,11.6,11.8,121100,0.0
2024-06-14,11.73,11.8,11.67,11.75,74700,0.0
2024-06-17,11.5,11.58,11.45,11.56,48900,0.0
2024-06-18,11.61,11.66,11.52,11.57,41200,0.0
2024-06-20,11.76,11.79,11.53,11.57,97300,0.0
2024-06-21,11.65,11.65,11.57,11.62,20900,0.0
2024-06-24,11.78,11.9,11.76,11.89,33000,0.0
2024-06-25,11.8,11.84,11.67,11.8,25700,0.0
2024-06-26,11.73,11.8,11.7,11.79,31800,0.0
2024-06-27,12.01,12.16,12.0,12.12,85000,0.0
2024-06-28,12.2,12.21,12.03,12.2,61100,0.0
2024-07-01,12.18,12.22,12.16,12.21,32700,0.0
2024-07-02,12.09,12.32,12.09,12.31,46400,0.0
2024-07-03,12.31,12.35,12.25,12.29,26800,0.0
2024-07-05,12.19,12.28,12.1,12.22,54300,0.0
2024-07-08,12.15,12.23,12.09,12.22,34000,0.0
2024-07-09,12.06,12.09,11.97,12.01,26100,0.0
2024-07-10,12.09,12.22,12.06,12.07,18500,0.0
2024-07-11,11.98,12.09,11.87,11.8893,31382,0.0
2024-07-12,11.86,11.89,11.76,11.76,24800,0.0
2024-07-15,11.91,12.03,11.8,12.0,21200,0.0
2024-07-16,11.99,12.02,11.92,12.0,15500,0.0
2024-07-17,11.97,11.97,11.82,11.85,25600,0.0
2024-07-18,11.75,11.8,11.61,11.67,32000,0.0
2024-07-19,11.53,11.53,11.44,11.47,27500,0.0
2024-07-22,11.33,11.34,11.26,11.31,52900,0.0
2024-07-23,11.28,11.28,11.19,11.25,24600,0.0
2024-07-24,11.21,11.21,11.05,11.07,24700,0.0
2024-07-25,11.29,11.43,11.29,11.37,26600,0.0
2024-07-26,11.31,11.32,11.26,11.32,6700,0.0
2024-07-29,11.53,11.59,11.51,11.56,22000,0.0
2024-07-30,11.61,11.66,11.51,11.66,17000,0.0
2024-07-31,11.6,11.66,11.54,11.66,18300,0.0
2024-08-01,11.45,11.46,11.31,11.39,25300,0.0
2024-08-02,11.3,11.3,11.12,11.19,35100,0.0
2024-08-05,11.13,11.23,11.09,11.11,29100,0.0
2024-08-06,11.08,11.1,10.97,11.01,20400,0.0
2024-08-07,10.99,11.19,10.99,11.09,20500,0.0
2024-08-08,11.37,11.47,11.31,11.32,17200,0.0
2024-08-09,11.44,11.5,11.24,11.4,65600,0.0
2024-08-12,11.33,11.3499,11.285,11.31,17278,0.0
2024-08-13,11.36,11.3697,11.285,11.3066,3735,0.0
2024-08-14,11.17,11.17,11.09,11.12,33400,0.0
2024-08-15,11.03,11.12,11.02,11.03,9200,0.0
2024-08-16,11.07,11.33,11.07,11.19,20000,0.0
2024-08-19,11.14,11.2,11.14,11.18,14400,0.0
2024-08-20,11.1,11.1,10.92,10.95,15100,0.0
2024-08-21,10.94,10.99,10.91,10.98,14000,0.0
2024-08-22,11.13,11.14,11.03,11.04,17400,0.0
2024-08-23,11.21,11.32,11.21,11.3,24100,0.0
2024-08-26,11.57,11.71,11.55,11.63,97700,0.0
2024-08-27,11.76,11.99,11.76,11.99,53800,0.0
2024-08-28,11.94,11.94,11.73,11.93,56300,0.0
2024-08-29,11.87,12.02,11.86,11.97,33000,0.0
2024-08-30,11.92,11.93,11.7,11.82,50900,0.0
2024-09-03,11.84,11.94,11.79,11.82,100313,0.0
2024-09-04,11.8,11.8,11.64,11.75,29000,0.0
2024-09-05,11.83,11.83,11.7,11.77,36400,0.0
2024-09-06,11.84,11.86,11.54,11.6,142600,0.0
2024-09-09,11.55,11.55,11.4,11.48,10500,0.0
2024-09-10,11.43,11.44,11.32,11.32,12500,0.0
2024-09-11,11.5,11.5,11.38,11.5,15500,0.0
2024-09-12,11.57,11.72,11.57,11.67,29000,0.0
2024-09-13,11.8,11.84,11.64,11.65,12300,0.0
2024-09-16,11.8,11.88,11.71,11.83,39500,0.0
2024-09-17,11.92,12.23,11.89,12.21,105200,0.0
2024-09-18,12.42,12.79,12.41,12.7,156500,0.0
2024-09-19,12.81,13.0,12.78,13.0,95300,0.0
2024-09-20,13.1,13.27,13.01,13.18,136800,0.0
2024-09-23,13.35,13.35,13.09,13.15,45900,0.0
2024-09-24,13.5,13.5,13.34,13.43,57800,0.0
2024-09-25,13.42,13.58,13.41,13.57,61800,0.0
2024-09-26,13.6,13.6,13.48,13.49,30600,0.0
2024-09-27,13.26,13.34,13.12,13.26,153800,0.0
2024-09-30,13.05,13.22,13.03,13.22,27300,0.0
2024-10-01,13.5,13.5,13.17,13.31,10100,0.0
2024-10-02,13.5,13.5,13.06,13.14,68200,0.0
2024-10-03,13.3,13.4,13.3,13.39,15300,0.0
2024-10-04,13.39,13.39,13.15,13.24,46000,0.0
2024-10-07,13.09,13.12,12.94,13.03,34700,0.0
2024-10-08,13.15,13.15,12.96,13.06,8100,0.0
2024-10-09,12.82,12.88,12.7,12.82,58700,0.0
2024-10-10,12.82,12.97,12.81,12.87,37000,0.0
2024-10-11,13.73,13.73,12.7,12.82,102600,0.0
2024-10-14,12.75,12.91,12.74,12.88,31595,0.0
2024-10-15,12.9,13.04,12.8761,13.04,42446,0.0
2024-10-16,12.95,12.95,12.72,12.72,70000,0.0
2024-10-17,12.85,12.87,12.62,12.78,119200,0.0
2024-10-18,12.88,12.93,12.75,12.78,36400,0.0
2024-10-21,12.74,12.83,12.56,12.675,68318,0.0
2024-10-22,12.78,12.78,12.6164,12.66,59265,0.0
2024-10-23,12.74,12.92,12.74,12.9,72300,0.0
2024-10-24,12.86,12.86,12.77,12.82,44000,0.0
2024-10-25,12.92,12.92,12.75,12.78,14300,0.0
2024-10-28,12.78,12.79,12.59,12.76,81400,0.0
2024-10-29,12.77,12.81,12.71,12.8,54200,0.0
2024-10-30,12.75,12.89,12.75,12.88,69500,0.0
2024-10-31,13.01,13.14,12.97,13.13,112700,0.0
2024-11-01,13.05,13.09,12.74,12.82,121800,0.0
2024-11-04,12.6,12.76,12.6,12.75,181300,0.0
2024-11-05,12.61,12.75,12.6,12.73,80500,0.0
2024-11-06,12.66,12.84,12.55,12.84,89500,0.0
2024-11-07,12.99,12.99,12.9,12.99,47300,0.0
2024-11-08,13.17,13.17,12.78,12.83,64400,0.0
2024-11-11,12.52,12.57,12.44,12.51,64100,0.0
2024-11-12,12.48,12.65,12.47,12.57,146800,0.0
2024-11-13,12.47,12.48,12.3,12.39,318100,0.0
2024-11-14,12.53,12.72,12.53,12.61,33700,0.0
2024-11-15,12.63,12.78,12.63,12.63,64300,0.0
2024-11-18,12.9,12.99,12.76,12.96,47000,0.0
2024-11-19,12.93,12.94,12.81,12.9,39200,0.0
2024-11-20,12.87,12.87,12.68,12.74,13800,0.0
2024-11-21,12.58,12.65,12.55,12.62,37800,0.0
2024-11-22,12.52,12.75,12.52,12.61,78500,0.0
2024-11-25,12.61,12.64,12.56,12.6,15824,0.0
2024-11-26,12.74,12.83,12.7101,12.83,40890,0.0
2024-11-27,12.86,12.86,12.75,12.81,12100,0.0
2024-11-29,12.39,12.51,12.34,12.51,20500,0.0
2024-12-02,12.66,12.66,12.28,12.5,37099,0.0
2024-12-03,12.6,12.64,12.5311,12.55,157786,0.0
2024-12-04,12.55,12.55,12.48,12.5,102900,0.0
2024-12-05,12.49,12.55,12.31,12.51,37100,0.0
2024-12-06,12.49,12.73,12.49,12.7,32900,0.0
2024-12-09,12.67,12.67,12.48,12.56,49600,0.0
2024-12-10,12.47,12.47,12.32,12.38,30900,0.0
2024-12-11,12.44,12.5,12.4,12.47,32500,0.0
2024-12-12,12.36,12.39,12.27,12.34,18200,0.0
2024-12-13,12.28,12.28,12.14,12.17,53900,0.0
2024-12-16,12.08,12.14,12.03,12.105,24103,0.0
2024-12-17,11.88,11.88,11.702,11.77,140445,0.0
2024-12-18,11.71,11.71,11.58,11.58,132000,0.0
2024-12-19,11.58,11.6,11.47,11.53,96700,0.0
2024-12-20,11.5,11.54,11.47,11.48,29800,0.0
2024-12-23,11.57,11.57,11.48,11.5127,23740,0.0
2024-12-24,11.46,11.64,11.46,11.5402,17099,0.0
2024-12-26,11.5,11.5,11.4,11.41,13600,0.0
2024-12-27,11.44,11.47,11.39,11.44,11200,0.0
2024-12-30,11.55,11.55,11.35,11.376,15338,0.0
2024-12-31,11.37,11.461,11.37,11.43,10891,0.0
2025-01-02,11.6,11.75,11.6,11.67,56200,0.0
2025-01-03,11.7,11.7,11.57,11.65,11000,0.0
2025-01-06,11.62,11.62,11.48,11.5,26300,0.0
2025-01-07,11.59,11.7,11.57,11.58,22400,0.0
2025-01-08,11.58,11.58,11.46,11.48,5400,0.0
2025-01-10,11.54,11.59,11.44,11.57,16900,0.0
2025-01-13,11.65,11.65,11.39,11.5,36400,0.0
2025-01-14,11.2,11.23,11.16,11.19,17000,0.0
2025-01-15,11.3,11.3,11.0,11.08,150100,0.0
2025-01-16,11.2,11.25,11.08,11.09,21900,0.0
2025-01-17,11.06,11.06,10.96,10.99,67500,0.0
2025-01-21,10.88,10.89,10.77,10.86,80900,0.0
2025-01-22,10.87,11.08,10.87,11.03,26900,0.0
2025-01-23,11.3,11.3,11.09,11.17,37800,0.0
2025-01-24,11.25,11.34,11.25,11.32,25600,0.0
2025-01-27,11.34,11.48,11.34,11.38,26800,0.0
2025-01-28,11.48,11.51,11.38,11.46,35400,0.0
2025-01-29,11.4,11.58,11.4,11.52,15600,0.0
2025-01-30,11.53,11.58,11.52,11.54,34600,0.0
2025-01-31,11.38,11.52,11.38,11.48,13500,0.0
2025-02-03,11.42,11.51,11.41,11.45,21000,0.0
2025-02-04,11.47,11.67,11.47,11.63,58900,0.0
2025-02-05,11.6,11.63,11.57,11.62,27300,0.0
2025-02-06,11.71,11.71,11.55,11.55,28400,0.0
2025-02-07,11.54,11.57,11.42,11.42,17700,0.0
2025-02-10,11.53,11.62,11.51,11.55,71900,0.0
2025-02-11,11.71,11.76,11.67,11.75,33300,0.0
2025-02-12,11.75,11.8,11.73,11.75,36100,0.0
2025-02-13,11.78,12.07,11.78,12.03,52800,0.0
2025-02-14,12.25,12.26,12.19,12.24,215300,0.0
2025-02-18,12.29,12.3,12.22,12.24,72100,0.0
2025-02-19,12.14,12.43,12.14,12.39,56500,0.0
2025-02-20,12.52,12.6,12.51,12.59,54300,0.0
2025-02-21,12.59,12.71,12.59,12.68,35900,0.0
2025-02-24,12.74,12.75,12.5,12.51,60700,0.0
2025-02-25,12.51,12.76,12.51,12.74,24700,0.0
2025-02-26,12.72,12.72,12.5,12.54,13900,0.0
2025-02-27,12.2,12.29,12.07,12.15,94000,0.0
2025-02-28,11.88,11.97,11.83,11.84,67400,0.0
2025-03-03,11.61,11.84,11.58,11.72,96300,0.0
2025-03-04,11.56,11.63,11.54,11.62,83200,0.0
2025-03-05,11.68,11.72,11.65,11.7,51100,0.0
2025-03-06,11.64,11.7,11.5,11.68,35600,0.0
2025-03-07,11.78,11.82,11.7,11.76,33900,0.0
2025-03-10,12.09,12.17,12.08,12.14,34800,0.0
2025-03-11,12.16,12.16,11.96,11.99,11600,0.0
2025-03-12,12.14,12.28,12.11,12.14,21100,0.0
2025-03-13,12.7,12.7,12.22,12.35,6200,0.0
2025-03-14,12.4,12.4,12.15,12.35,67300,0.0
2025-03-17,12.68,12.72,12.56,12.7,56100,0.0
2025-03-18,12.46,12.83,12.46,12.74,88400,0.0
2025-03-19,12.76,12.76,12.49,12.49,39600,0.0
2025-03-20,12.72,12.81,12.72,12.75,37500,0.0
2025-03-21,12.83,12.83,12.56,12.61,29500,0.0
2025-03-24,12.54,12.54,12.38,12.4,29300,0.0
2025-03-25,12.4,12.57,12.4,12.55,90800,0.0
2025-03-26,12.39,12.59,12.39,12.46,17500,0.0
2025-03-27,12.29,12.33,12.22,12.31,19000,0.0
2025-03-28,12.23,12.36,12.23,12.32,2400,0.0
2025-03-31,12.36,12.45,12.21,12.21,21500,0.0
2025-04-01,12.37,12.56,12.35,12.53,32400,0.0
2025-04-02,12.5,12.7,12.5,12.68,40600,0.0
2025-04-03,12.4,12.49,12.37,12.37,46600,0.0
2025-04-04,12.24,12.35,12.18,12.24,52800,0.0
2025-04-07,12.17,12.3,12.06,12.1,82800,0.0
2025-04-08,12.17,12.2,11.84,11.84,77000,0.0
2025-04-09,11.78,11.8,11.6,11.7,222100,0.0
2025-04-10,11.83,11.86,11.68,11.68,8200,0.0
2025-04-11,11.76,11.76,11.65,11.65,32200,0.0
2025-04-14,11.66,11.72,11.56,11.59,7882,0.0
2025-04-15,11.479,11.495,11.41,11.41,19530,0.0
2025-04-16,11.41,11.6,11.41,11.59,44100,0.0
2025-04-17,11.66,11.7,11.6,11.6,20700,0.0
2025-04-21,11.73,11.73,11.58,11.58,23900,0.0
2025-04-22,11.71,11.78,11.66,11.73,23400,0.0
2025-04-23,11.75,11.75,11.63,11.69,32200,0.0
2025-04-24,11.74,11.74,11.6,11.66,37600,0.0
2025-04-25,11.72,11.87,11.7,11.85,23700,0.0
2025-04-28,11.65,11.71,11.6,11.682,35085,0.0
2025-04-29,11.49,11.62,11.48,11.53,17900,0.0
2025-04-30,11.52,11.52,11.34,11.4,112600,0.0
2025-05-01,11.37,11.39,11.28,11.28,55200,0.0
2025-05-02,11.28,11.35,11.2,11.34,35200,0.0
2025-05-05,11.37,11.45,11.37,11.4,26500,0.0
2025-05-06,11.53,11.53,11.41,11.43,23500,0.0
2025-05-07,11.46,11.46,11.2,11.2,17500,0.0
2025-05-08,11.21,11.47,11.21,11.44,22000,0.0
2025-05-09,11.66,11.68,11.6,11.65,28600,0.0
2025-05-12,11.68,11.75,11.55,11.56,42800,0.0
2025-05-13,11.82,11.92,11.81,11.89,42600,0.0
2025-05-14,11.91,11.91,11.82,11.83,16200,0.0
2025-05-15,11.66,11.68,11.57,11.59,21200,0.0
2025-05-16,11.6,11.6,11.49,11.57,18500,0.0
2025-05-19,11.58,11.61,11.51,11.52,23600,0.0
2025-05-20,11.51,11.51,11.4,11.48,20600,0.0
2025-05-21,11.68,11.68,11.62,11.64,29200,0.0
2025-05-22,11.45,11.5,11.38,11.5,17800,0.0
2025-05-23,11.42,11.5,11.41,11.48,13300,0.0
2025-05-27,11.41,11.44,11.32,11.4153,31835,0.0
2025-05-28,11.35,11.35,11.25,11.28,15700,0.0
2025-05-29,11.28,11.34,11.27,11.33,14800,0.0
2025-05-30,11.32,11.39,11.32,11.34,22500,0.0
2025-06-02,11.46,11.46,11.23,11.23,128600,0.0
2025-06-03,11.18,11.3,11.17,11.29,13300,0.0
2025-06-04,11.29,11.3,11.2,11.21,5700,0.0
2025-06-05,11.22,11.22,11.16,11.17,8200,0.0
2025-06-06,11.06,11.16,11.05,11.15,17600,0.0
2025-06-09,11.22,11.23,11.12,11.22,16600,0.0
2025-06-10,11.25,11.25,11.12,11.14,24900,0.0
2025-06-11,11.2,11.2,11.12,11.13,13600,0.0
2025-06-12,11.05,11.09,11.02,11.07,17200,0.0
2025-06-13,11.06,11.12,10.94,10.94,31800,0.0
2025-06-16,10.94,11.27,10.92,11.26,44400,0.0
2025-06-17,11.0,11.01,10.94,10.94,97500,0.0
2025-06-18,10.97,11.01,10.87,10.91,33500,0.0
2025-06-20,11.02,11.02,10.95,10.99,16400,0.0
2025-06-23,10.99,11.02,10.99,11.01,25600,0.0
2025-06-24,10.98,11.04,10.92,10.93,19000,0.0
2025-06-25,11.0,11.09,11.0,11.06,29700,0.0
2025-06-26,10.94,11.04,10.89,10.96,17500,0.0
2025-06-27,11.12,11.2,11.1,11.16,38000,0.0
2025-06-30,11.0,11.02,10.9,10.955,39979,0.0
2025-07-01,10.73,10.75,10.62,10.69,138579,0.0
2025-07-02,10.7,10.7,10.53,10.6,70100,0.0
2025-07-03,10.87,11.02,10.87,11.02,39500,0.0
2025-07-07,11.04,11.04,10.86,10.94,23300,0.0
2025-07-08,10.93,10.93,10.85,10.89,17200,0.0
2025-07-09,11.07,11.1,11.03,11.07,47100,0.0
2025-07-10,10.97,10.97,10.9,10.91,14600,0.0
2025-07-11,10.93,11.05,10.93,11.04,37200,0.0
2025-07-14,10.97,11.02,10.93,10.96,32927,0.0
2025-07-15,10.97,11.05,10.95,11.025,28357,0.0
2025-07-16,11.0,11.1,10.98,11.05,86000,0.0
2025-07-17,11.2,11.2,11.05,11.14,333200,0.0
2025-07-18,11.24,11.25,11.12,11.15,125900,0.0
2025-07-21,11.04,11.04,10.93,10.93,112600,0.0
2025-07-22,10.88,10.88,10.79,10.84,62100,0.0
2025-07-23,10.83,10.89,10.81,10.88,38400,0.0
2025-07-24,10.95,11.04,10.91,10.97,118100,0.0
2025-07-25,11.0,11.0,10.85,10.87,48900,0.0
2025-07-28,10.88,10.96,10.86,10.93,31200,0.0
2025-07-29,11.01,11.08,10.98,10.99,24000,0.0
2025-07-30,10.92,11.01,10.92,10.93,12400,0.0
2025-07-31,10.9,11.03,10.88,10.91,26100,0.0
2025-08-01,10.88,10.9,10.79,10.83,28100,0.0
2025-08-04,10.95,10.96,10.85,10.88,28900,0.0
2025-08-05,10.75,10.86,10.71,10.8,42800,0.0
2025-08-06,10.76,10.8,10.75,10.77,11100,0.0
2025-08-07,10.82,10.82,10.75,10.78,14600,0.0
2025-08-08,10.88,10.95,10.88,10.91,25900,0.0
2025-08-11,10.95,11.03,10.94,11.01,34200,0.0
2025-08-12,11.14,11.27,11.14,11.25,109200,0.0
2025-08-13,11.27,11.31,11.23,11.23,47800,0.0
2025-08-14,11.16,11.16,11.08,11.13,76900,0.0
2025-08-15,11.01,11.07,10.99,11.04,20000,0.0
2025-08-18,11.04,11.04,10.92,10.94,40900,0.0
2025-08-19,11.0,11.0,10.93,10.95,14200,0.0
2025-08-20,11.07,11.11,11.05,11.1,24600,0.0
2025-08-21,11.06,11.06,10.99,11.01,30600,0.0
2025-08-22,10.97,11.03,10.95,10.99,34400,0.0
2025-08-25,10.98,11.07,10.98,10.9947,26691,0.0
2025-08-26,11.0,11.02,11.0,11.0037,5243,0.0
2025-08-27,10.99,11.01,10.99,10.9922,8492,0.0
2025-08-28,10.88,11.01,10.88,11.0,21500,0.0
2025-08-29,10.96,10.96,10.9,10.91,51600,0.0
2025-09-02,10.88,10.88,10.8,10.81,73600,0.0
2025-09-03,10.78,10.79,10.73,10.77,36500,0.0
2025-09-04,10.67,10.67,10.56,10.58,64900,0.0
2025-09-05,10.5,10.51,10.44,10.47,60900,0.0
2025-09-08,10.44,10.53,10.37,10.52,202100,0.0
2025-09-09,10.54,10.62,10.54,10.61,37400,0.0
2025-09-10,10.61,10.68,10.58,10.61,30300,0.0
2025-09-11,10.57,10.62,10.55,10.59,30000,0.0
2025-09-12,10.54,10.6,10.53,10.6,27800,0.0
2025-09-15,10.68,10.77,10.6683,10.705,36253,0.0
2025-09-16,10.68,10.68,10.61,10.61,26617,0.0
2025-09-17,10.56,10.56,10.44,10.44,45100,0.0
2025-09-18,10.33,10.37,10.24,10.35,90800,0.0
2025-09-19,10.37,10.37,10.3,10.37,27000,0.0
2025-09-22,10.31,10.31,10.19,10.21,40800,0.0
2025-09-23,10.22,10.34,10.21,10.33,27800,0.0
2025-09-24,10.37,10.41,10.33,10.35,25300,0.0
2025-09-25,10.32,10.42,10.28,10.39,38800,0.0
2025-09-26,10.44,10.5,10.43,10.46,20200,0.0
2025-09-29,10.415,10.53,10.406,10.47,52192,0.0
2025-09-30,10.47,10.62,10.46,10.6,52869,0.0
2025-10-01,10.36,10.37,10.3,10.36,70200,0.0
2025-10-02,10.51,10.52,10.43,10.49,26200,0.0
2025-10-03,10.49,10.53,10.48,10.51,26500,0.0
2025-10-06,10.6,10.71,10.6,10.6981,54056,0.0
2025-10-07,10.55,10.625,10.49,10.61,55202,0.0
2025-10-08,10.42,10.44,10.39,10.43,28500,0.0
2025-10-09,10.35,10.37,10.3,10.37,28000,0.0
2025-10-10,10.36,10.36,10.21,10.27,14800,0.0
2025-10-13,10.02,10.02,9.96,9.98,80200,0.0
2025-10-14,9.95,10.13,9.92,10.1,37800,0.0
2025-10-15,9.95,9.99,9.91,9.96,89200,0.0
2025-10-16,10.05,10.06,9.92,10.05,69400,0.0
2025-10-17,10.01,10.01,9.84,9.89,55200,0.0
2025-10-20,9.96,10.03,9.94,10.03,31800,0.0
2025-10-21,9.88,9.89,9.64,9.72,105000,0.0
2025-10-22,9.7,9.71,9.6,9.64,89700,0.0
2025-10-23,9.69,9.79,9.67,9.68,36200,0.0
2025-10-24,9.55,9.55,9.5,9.53,72200,0.0
2025-10-27,9.3,9.33,9.23,9.31,86100,0.0
2025-10-28,9.28,9.36,9.24,9.3,137800,0.0
2025-10-29,9.24,9.38,9.22,9.3,56300,0.0
2025-10-30,9.18,9.32,9.14,9.24,79800,0.0
2025-10-31,9.29,9.36,9.26,9.3,30000,0.0
2025-11-03,9.31,9.43,9.25,9.42,119200,0.0
2025-11-04,9.24,9.24,9.18,9.2,96900,0.0
2025-11-05,9.21,9.24,9.12,9.16,42700,0.0
2025-11-06,9.31,9.31,9.19,9.2,15000,0.0
2025-11-07,9.27,9.27,9.12,9.14,60600,0.0
2025-11-10,9.25,9.26,9.12,9.19,70500,0.0
2025-11-11,9.2,9.22,9.19,9.22,27900,0.0
2025-11-12,9.25,9.36,9.24,9.35,67100,0.0
2025-11-13,9.33,9.39,9.26,9.27,52700,0.0
2025-11-14,9.49,9.64,9.49,9.51,240900,0.0
2025-11-17,9.52,9.61,9.51,9.51,60000,0.0
2025-11-18,9.56,9.58,9.45,9.48,149600,0.0
2025-11-19,9.53,9.6,9.43,9.44,64900,0.0
2025-11-20,9.48,9.53,9.4,9.45,40000,0.0
2025-11-21,9.47,9.53,9.43,9.5,37900,0.0
2025-11-24,9.51,9.59,9.5,9.56,67800,0.0
2025-11-25,9.54,9.61,9.54,9.6,43600,0.0
2025-11-26,9.72,9.77,9.71,9.74,102200,0.0
2025-11-28,9.73,9.83,9.73,9.76,25100,0.0
2025-12-01,9.66,9.7,9.51,9.51,69400,0.0
2025-12-02,9.6,9.68,9.58,9.62,44600,0.0
2025-12-03,9.67,9.69,9.59,9.6,35000,0.0
2025-12-04,9.61,9.62,9.58,9.61,27200,0.0
2025-12-05,9.63,9.64,9.55,9.57,59500,0.0
2025-12-08,9.62,9.63,9.58,9.62,30678,0.0
2025-12-09,9.535,9.54,9.42,9.505,59479,0.0
2025-12-10,9.61,9.68,9.61,9.62,55200,0.0
2025-12-11,9.63,9.66,9.6,9.64,20400,0.0
2025-12-12,9.76,9.78,9.7,9.75,43700,0.0
2025-12-15,9.6,9.71,9.6,9.7,38400,0.0
2025-12-16,9.75,9.76,9.63,9.66,31600,0.0
2025-12-17,9.59,9.64,9.57,9.58,28200,0.0
2025-12-18,9.44,9.44,9.37,9.42,57700,0.0
2025-12-19,9.57,9.63,9.55,9.62,28400,0.0
2025-12-22,9.7,9.77,9.7,9.7,18600,0.0
2025-12-23,9.74,9.84,9.71,9.81,33400,0.0
2025-12-24,9.87,9.92,9.86,9.89,153900,0.0
2025-12-26,9.9,9.9,9.85,9.85,103100,0.0
2025-12-29,9.91,9.91,9.86,9.89,53900,0.0
2025-12-30,9.74,9.75,9.69,9.72,45600,0.0
2025-12-31,9.85,9.85,9.75,9.76,45500,0.0
2026-01-02,9.65,9.65,9.55,9.58,31100,0.0
2026-01-05,9.61,9.65,9.57,9.61,24200,0.0
2026-01-06,9.58,9.63,9.56,9.59,16900,0.0
2026-01-07,9.73,9.74,9.7,9.7,23400,0.0
2026-01-08,9.69,9.76,9.69,9.71,29900,0.0
2026-01-09,9.66,9.71,9.65,9.67,17700,0.0
2026-01-12,9.62,9.67,9.6,9.67,17100,0.0
2026-01-13,9.67,9.73,9.63,9.69,23000,0.0
2026-01-14,9.61,9.61,9.54,9.56,35300,0.0
2026-01-15,9.46,9.49,9.44,9.48,55600,0.0
2026-01-16,9.6,9.69,9.58,9.68,107800,0.0
2026-01-20,9.66,9.67,9.53,9.55,40200,0.0
2026-01-21,9.63,9.64,9.55,9.57,12300,0.0
2026-01-22,9.65,9.66,9.62,9.65,40000,0.0
2026-01-23,9.58,9.58,9.53,9.55,44000,0.0
2026-01-26,9.55,9.59,9.52,9.53,31200,0.0
2026-01-27,9.62,9.65,9.58,9.59,37000,0.0
2026-01-28,9.58,9.58,9.54,9.57,33100,0.0
2026-01-29,9.59,9.6,9.49,9.56,69400,0.0
2026-01-30,9.3,9.32,9.21,9.24,80100,0.0
2026-02-02,9.18,9.25,9.14,9.2098,26557,0.0
2026-02-03,9.39,9.47,9.3632,9.44,52333,0.0
2026-02-04,9.43,9.43,9.32,9.35,209600,0.0
2026-02-05,9.22,9.25,9.21,9.24,51400,0.0
2026-02-06,9.17,9.19,9.14,9.17,94200,0.0
2026-02-09,9.27,9.35,9.27,9.29,73600,0.0
2026-02-10,9.24,9.25,9.15,9.16,46400,0.0
2026-02-11,9.06,9.08,9.01,9.03,109400,0.0
2026-02-12,9.02,9.06,8.97,9.04,125500,0.0
2026-02-13,9.02,9.05,8.97,9.03,62400,0.0
2026-02-17,9.1,9.1,9.0,9.02,194300,0.0
2026-02-18,9.05,9.18,9.04,9.17,96000,0.0
2026-02-19,9.12,9.15,9.08,9.12,83300,0.0
2026-02-20,9.23,9.31,9.21,9.23,163200,0.0
2026-02-23,9.27,9.34,9.27,9.34,182753,0.0
2026-02-24,9.37,9.397,9.32,9.3254,118276,0.0
2026-02-25,9.3,9.33,9.27,9.33,156000,0.0
2026-02-26,9.42,9.44,9.29,9.32,158400,0.0
2026-02-27,9.22,9.29,9.19,9.29,191400,0.0
2026-03-02,9.41,9.41,9.27,9.28,126600,0.0
2026-03-03,9.31,9.33,9.26,9.29,164100,0.0
2026-03-04,9.28,9.28,9.19,9.2,89400,0.0
2026-03-05,9.23,9.27,9.14,9.23,167600,0.0
2026-03-06,9.34,9.51,9.34,9.47,299000,0.0
2026-03-09,9.73,9.82,9.68,9.81,666932,0.0
2026-03-10,9.7,9.74,9.64,9.66,534212,0.0
2026-03-11,9.71,9.71,9.58,9.61,188500,0.0
2026-03-12,9.67,9.79,9.65,9.74,264000,0.0
2026-03-13,9.77,9.78,9.68,9.76,369900,0.0
2026-03-16,9.65,9.65,9.6,9.63,286900,0.0
2026-03-17,9.75,9.79,9.74,9.78,135300,0.0
2026-03-18,9.78,9.98,9.78,9.98,323100,0.0
2026-03-19,10.18,10.33,10.15,10.3,946200,0.0
2026-03-20,10.37,10.55,10.34,10.45,723300,0.0
2026-03-23,10.48,10.51,10.41,10.45,823800,0.0
2026-03-24,10.57,10.66,10.54,10.66,748000,0.0
2026-03-25,10.4,10.5,10.39,10.46,626900,0.0
2026-03-26,10.57,10.7,10.57,10.63,567400,0.0
2026-03-27,10.56,10.63,10.55,10.62,725600,0.0
2026-03-30,10.6,10.61,10.47,10.48,1094000,0.0
2026-03-31,10.44,10.57,10.41,10.44,2061600,0.0
2026-04-01,10.25,10.34,10.14,10.28,2101200,0.0
2026-04-02,10.35,10.37,10.09,10.14,837400,0.0
2026-04-06,10.19,10.19,10.08,10.15,441000,0.0
2026-04-07,9.95,9.99,9.86,9.87,1341800,0.0
2026-04-08,9.73,9.81,9.68,9.7,666000,0.0
2026-04-09,9.57,9.57,9.45,9.46,2989200,0.0
2026-04-10,9.35,9.41,9.28,9.33,1020100,0.0
2026-04-13,9.36,9.36,9.25,9.26,453400,0.0
2026-04-14,9.3,9.47,9.22,9.46,554000,0.0
2026-04-15,9.25,9.27,9.17,9.17,337600,0.0
2026-04-16,9.25,9.3,9.22,9.28,242900,0.0
2026-04-17,9.1,9.1,9.0,9.07,491500,0.0
2026-04-20,9.06,9.19,9.03,9.13,265900,0.0
2026-04-21,9.24,9.28,9.19,9.22,303700,0.0
2026-04-22,9.33,9.34,9.24,9.28,223500,0.0
2026-04-23,9.36,9.36,9.28,9.34,742000,0.0
2026-04-24,9.44,9.49,9.38,9.46,668900,0.0
2026-04-27,9.49,9.52,9.37,9.39,778400,0.0
2026-04-28,9.54,9.59,9.52,9.56,427600,0.0
2026-04-29,9.67,9.92,9.67,9.91,1727800,0.0
2026-04-30,9.87,9.94,9.78,9.81,2098700,0.0
2026-05-01,10.02,10.07,9.97,10.05,529800,0.0
2026-05-04,10.1,10.26,10.08,10.25,1884700,0.0
2026-05-05,10.29,10.33,10.21,10.28,628600,0.0
2026-05-06,9.97,10.03,9.86,9.97,1102700,0.0
2026-05-07,9.79,9.83,9.71,9.8,717300,0.0
2026-05-08,9.79,9.9,9.74,9.86,555500,0.0
2026-05-11,10.0,10.06,9.95,10.05,494400,0.0
2026-05-12,10.02,10.11,9.98,10.07,374900,0.0
2026-05-13,10.16,10.28,10.15,10.28,369000,0.0
2026-05-14,10.05,10.14,10.03,10.1,511000,0.0
2026-05-15,9.94,9.99,9.89,9.98,709800,0.0
2026-05-18,9.88,9.97,9.87,9.93,290100,0.0
2026-05-19,10.0,10.15,10.0,10.1,613100,0.0
2026-05-20,10.12,10.13,9.915,9.98,543541,0.0
2026-05-21,10.09,10.09,10.01,10.05,646600,0.0
2026-05-22,9.87,9.92,9.86,9.9,197400,0.0
2026-05-26,9.86,9.9,9.8,9.8,291300,0.0
2026-05-27,9.67,9.67,9.57,9.59,747900,0.0
2026-05-28,9.46,9.51,9.43,9.47,513700,0.0
2026-05-29,9.6,9.61,9.53,9.56,621600,0.0
2026-06-01,9.74,9.87,9.74,9.76,433700,0.0
2026-06-02,9.74,9.8,9.7,9.78,265400,0.0
2026-06-03,9.78,9.78,9.68,9.68,330900,0.0
2026-06-04,9.65,9.72,9.63,9.7,146800,0.0
2026-06-05,9.68,9.71,9.63,9.64,360300,0.0
2026-06-08,9.64,9.69,9.62,9.64,189900,0.0
2026-06-09,9.55,9.61,9.5,9.58,287300,0.0
2026-06-10,9.51,9.52,9.45,9.46,172200,0.0
2026-06-11,9.43,9.48,9.4,9.44,291900,0.0
2026-06-12,9.51,9.54,9.37,9.39,372300,0.0
2026-06-15,9.36,9.4,9.32,9.32,318200,0.0
2026-06-16,9.32,9.45,9.32,9.43,165600,0.0
2026-06-17,9.41,9.535,9.4,9.5,166046,0.0
2026-06-18,9.42,9.42,9.34,9.35,201800,0.0
2026-06-22,9.28,9.28,9.14,9.19,283700,0.0
2026-06-23,9.16,9.29,9.16,9.24,491900,0.0
2026-06-24,9.27,9.36,9.23,9.3,363700,0.0
2026-06-25,9.35,9.38,9.27,9.34,185400,0.0
2026-06-26,9.61,9.7,9.61,9.62,255300,0.0
2026-06-29,9.79,9.84,9.74,9.79,224500,0.0
2026-06-30,9.81,9.83,9.78,9.79,194300,0.0
2026-07-01,9.83,9.91,9.83,9.85,569700,0.0
2026-07-02,9.93,9.95,9.77,9.77,201700,0.0
2026-07-06,9.88,9.96,9.86,9.94,249400,0.0
2026-07-07,9.94,9.99,9.9,9.94,151300,0.0
2026-07-08,9.94,10.04,9.92,9.94,140600,0.0
2026-07-09,9.89,10.0,9.89,9.97,121887,0.0
2026-07-10,9.89,9.89,9.74,9.81,168000,0.0
2026-07-13,9.8,9.8,9.67,9.75,359900,0.0
2026-07-14,9.78,9.88,9.76,9.84,246300,0.0
2026-07-15,9.8,9.81,9.73,9.81,129700,0.0
2026-07-16,9.6,9.6,9.53,9.53,262919,0.0
2026-07-17,9.67,9.83,9.67,9.74,165800,0.0
2026-07-20,9.75,9.8,9.73,9.77,103600,0.0
2026-07-21,9.78,9.86,9.75,9.8,103800,0.0
2026-07-22,9.73,9.77,9.69,9.72,108200,0.0
2026-07-23,9.728,9.7299,9.66,9.66,209462,0.0
2026-07-24,9.62,9.7071,9.62,9.705,68541,0.0
2026-07-27,9.6,9.64,9.58,9.61,216300,0.0
2026-07-28,9.57,9.6,9.55,9.57,96100,0.0
2026-07-29,9.65,9.67,9.55,9.55,74300,0.0
2026-07-30,9.52,9.59,9.52,9.53,172700,0.0
2026-07-31,9.63,9.72,9.62,9.62,212600,0.0
2026-08-03,9.82,9.87,9.74,9.84,192600,0.0
2026-08-04,9.91,9.94,9.87,9.91,286600,0.0
2026-08-05,9.98,10.02,9.95,9.97,842300,0.0
2026-08-06,10.02,10.2,9.99,10.2,262969,0.0
2026-08-07,10.31,10.65,10.31,10.65,628300,0.0
2026-08-10,10.7,10.73,10.58,10.7,286600,0.0
2026-08-11,10.74,10.84,10.74,10.83,213500,0.0
2026-08-12,10.87,10.925,10.59,10.69,426182,0.0
2026-08-13,10.69,10.86,10.69,10.84,176483,0.0
