date,open,high,low,close,volume,amount
2000-05-12,19.625,19.6875,19.625,19.6875,5300,0.0
2000-05-15,19.4375,19.4375,19.4375,19.4375,5000,0.0
2000-05-16,19.8125,19.8125,19.8125,19.8125,300,0.0
2000-05-17,19.4375,19.4375,19.4375,19.4375,400,0.0
2000-05-18,19.3125,19.3125,19.25,19.25,800,0.0
2000-05-19,19.3125,19.3125,19.3125,19.3125,18000,0.0
2000-05-22,17.9375,17.9375,17.4375,17.4375,70500,0.0
2000-05-23,17.9375,18.125,17.875,17.875,51300,0.0
2000-05-24,17.6875,17.6875,17.5625,17.6875,10600,0.0
2000-05-25,18.125,18.3125,17.875,17.875,44300,0.0
2000-05-26,16.9375,17.0625,16.9375,16.9375,21000,0.0
2000-05-30,18.125,18.125,17.9375,17.9375,32100,0.0
2000-05-31,19.125,19.25,19.125,19.25,55000,0.0
2000-06-01,19.3125,19.375,19.1875,19.1875,11500,0.0
2000-06-02,20.1875,20.5,20.1875,20.5,10400,0.0
2000-06-05,21.1875,21.1875,21.0,21.0,3100,0.0
2000-06-06,21.125,21.125,20.75,20.75,10200,0.0
2000-06-07,21.5,21.5,20.5,21.25,44100,0.0
2000-06-08,20.4375,20.4375,20.25,20.25,12000,0.0
2000-06-09,22.125,22.125,22.125,22.125,1300,0.0
2000-06-12,22.5625,22.5625,22.0,22.0,12100,0.0
2000-06-13,21.0,21.3125,21.0,21.125,14500,0.0
2000-06-14,21.5,22.375,21.3125,21.625,67500,0.0
2000-06-15,20.0,20.25,20.0,20.0,5300,0.0
2000-06-16,19.875,19.875,19.625,19.75,2400,0.0
2000-06-19,19.75,19.75,19.5,19.6875,3000,0.0
2000-06-20,20.75,20.75,20.625,20.625,3300,0.0
2000-06-21,20.75,20.75,20.25,20.375,22200,0.0
2000-06-22,20.375,20.5,20.125,20.125,17000,0.0
2000-06-23,20.125,20.25,20.125,20.25,2000,0.0
2000-06-26,20.625,20.875,20.625,20.75,27200,0.0
2000-06-27,20.8125,20.875,20.75,20.8125,30800,0.0
2000-06-28,21.0,21.25,21.0,21.1875,1100,0.0
2000-06-29,20.875,20.9375,20.875,20.9375,1600,0.0
2000-06-30,21.0,21.0,21.0,21.0,10000,0.0
2000-07-03,21.6875,21.6875,21.6875,21.6875,3000,0.0
2000-07-05,21.5,21.5,21.25,21.375,10700,0.0
2000-07-06,21.4375,21.4375,21.375,21.375,2700,0.0
2000-07-07,21.75,22.0,21.6875,22.0,24400,0.0
2000-07-10,21.75,21.75,21.75,21.75,3000,0.0
2000-07-11,21.375,21.375,21.0,21.0,1700,0.0
2000-07-12,21.25,21.625,21.25,21.5625,21300,0.0
2000-07-13,22.0,22.0,21.6875,21.9375,13300,0.0
2000-07-14,21.375,21.375,21.25,21.25,1600,0.0
2000-07-17,21.5,21.5,21.5,21.5,44000,0.0
2000-07-18,20.875,21.125,20.875,20.875,1600,0.0
2000-07-19,20.25,20.6875,20.25,20.6875,37400,0.0
2000-07-20,20.25,20.4375,20.25,20.375,11200,0.0
2000-07-21,20.25,20.5,20.25,20.5,11100,0.0
2000-07-24,19.25,19.5,19.1875,19.5,17200,0.0
2000-07-25,19.375,19.5625,19.375,19.5625,8500,0.0
2000-07-26,19.5,19.5625,19.4375,19.4375,10700,0.0
2000-07-27,18.75,19.0,18.625,19.0,4200,0.0
2000-07-28,18.0,18.25,17.9375,17.9375,18200,0.0
2000-07-31,18.5,18.5,18.25,18.4375,7500,0.0
2000-08-01,18.875,18.875,18.75,18.75,17000,0.0
2000-08-02,19.0,19.1875,18.875,18.875,36300,0.0
2000-08-03,18.75,18.875,18.75,18.875,2200,0.0
2000-08-04,18.75,18.75,18.25,18.625,28100,0.0
2000-08-07,17.875,18.0,17.625,18.0,11600,0.0
2000-08-08,17.5,17.5,17.375,17.375,2200,0.0
2000-08-09,18.5,18.5,18.4375,18.5,4200,0.0
2000-08-10,19.0,19.5,19.0,19.1875,3800,0.0
2000-08-11,18.875,18.875,18.75,18.875,1700,0.0
2000-08-14,18.9375,19.4375,18.9375,19.4375,9100,0.0
2000-08-15,19.3125,19.3125,19.1875,19.25,23200,0.0
2000-08-16,19.625,19.9375,19.625,19.9375,3500,0.0
2000-08-17,19.8125,20.3125,19.75,20.3125,7000,0.0
2000-08-18,19.5625,19.5625,19.0,19.0,5000,0.0
2000-08-21,19.5,19.5,19.0,19.0625,1800,0.0
2000-08-22,19.5,19.6875,19.5,19.5,1400,0.0
2000-08-23,19.125,19.125,18.8125,18.8125,300,0.0
2000-08-24,18.8125,19.125,18.8125,19.125,3000,0.0
2000-08-25,19.5625,19.5625,19.0,19.0,4200,0.0
2000-08-28,19.0,19.75,19.0,19.6875,12900,0.0
2000-08-29,19.75,19.875,19.25,19.8125,94700,0.0
2000-08-31,18.6875,18.75,18.625,18.75,1300,0.0
2000-09-01,18.875,18.875,18.8125,18.8125,11100,0.0
2000-09-05,18.25,18.5625,18.25,18.4375,16600,0.0
2000-09-06,18.25,18.3125,17.875,17.875,1900,0.0
2000-09-07,17.625,17.875,17.5,17.5,20400,0.0
2000-09-08,17.125,17.5,17.125,17.25,45500,0.0
2000-09-11,17.1875,17.625,17.1875,17.4375,2200,0.0
2000-09-12,17.5,17.5,17.25,17.5,5200,0.0
2000-09-13,17.375,17.375,17.25,17.25,400,0.0
2000-09-14,17.25,17.3125,17.1875,17.25,16600,0.0
2000-09-15,17.0,17.0,16.5625,16.875,1200,0.0
2000-09-18,14.8125,15.125,14.8125,15.0,6400,0.0
2000-09-19,14.875,15.25,14.8125,15.125,15100,0.0
2000-09-20,15.75,16.0,15.5,15.875,29500,0.0
2000-09-21,15.5,15.6875,15.375,15.375,6800,0.0
2000-09-22,14.4375,14.75,14.25,14.75,37500,0.0
2000-09-25,15.3125,15.375,15.25,15.25,5800,0.0
2000-09-26,15.5,15.5,15.5,15.5,600,0.0
2000-09-27,15.75,16.0,15.75,15.8125,13600,0.0
2000-09-28,15.9375,16.5,15.9375,16.5,3800,0.0
2000-09-29,16.3125,16.4375,16.0625,16.375,2800,0.0
2000-10-02,16.0,16.0,15.3125,15.3125,7800,0.0
2000-10-03,15.25,15.5,15.25,15.3125,1100,0.0
2000-10-04,15.8125,15.8125,15.75,15.75,1500,0.0
2000-10-05,15.8125,15.875,15.5,15.8125,10200,0.0
2000-10-06,16.25,16.25,15.875,15.875,900,0.0
2000-10-09,15.0625,15.0625,15.0,15.0,1600,0.0
2000-10-10,15.4375,15.4375,15.3125,15.3125,500,0.0
2000-10-11,14.5,14.5625,14.5,14.5625,5000,0.0
2000-10-12,14.0,14.0,13.5,13.75,2200,0.0
2000-10-13,13.6875,14.0,13.6875,14.0,71900,0.0
2000-10-16,14.0625,14.0625,14.0,14.0,700,0.0
2000-10-17,13.5,13.5,13.3125,13.3125,28800,0.0
2000-10-18,13.3125,13.4375,13.25,13.25,15800,0.0
2000-10-19,13.4375,13.6875,13.4375,13.6875,13300,0.0
2000-10-20,14.5,14.625,14.5,14.5625,5000,0.0
2000-10-23,14.4375,14.5,14.0,14.4375,6900,0.0
2000-10-24,14.25,14.4375,14.0625,14.4375,20700,0.0
2000-10-25,14.375,14.375,13.875,13.875,35700,0.0
2000-10-26,13.75,14.0,13.6875,13.6875,2800,0.0
2000-10-27,13.5625,13.625,13.25,13.5,5000,0.0
2000-10-30,13.6875,13.6875,13.1875,13.1875,20800,0.0
2000-10-31,13.625,13.75,13.5625,13.6875,4000,0.0
2000-11-01,14.375,14.6875,14.3125,14.3125,32800,0.0
2000-11-02,14.875,15.0,14.5625,14.9375,44200,0.0
2000-11-03,15.3125,15.3125,15.1875,15.1875,11400,0.0
2000-11-06,15.25,15.375,15.0,15.0,33300,0.0
2000-11-07,14.75,14.75,14.6875,14.75,1100,0.0
2000-11-08,14.5,14.9375,14.5,14.5,5300,0.0
2000-11-09,14.6875,14.875,14.6875,14.875,5200,0.0
2000-11-10,15.0,15.0,15.0,15.0,8000,0.0
2000-11-13,14.5,14.625,14.375,14.375,11400,0.0
2000-11-14,14.75,14.875,14.75,14.875,3000,0.0
2000-11-15,14.875,14.875,14.875,14.875,200,0.0
2000-11-16,14.75,14.75,14.75,14.75,6000,0.0
2000-11-17,14.5,14.75,14.5,14.75,3200,0.0
2000-11-20,14.25,14.25,14.0,14.125,4800,0.0
2000-11-21,13.5,13.5,13.5,13.5,15200,0.0
2000-11-22,13.5625,13.5625,13.5625,13.5625,100,0.0
2000-11-24,13.5,13.5,13.5,13.5,2000,0.0
2000-11-27,14.0,14.125,14.0,14.125,15100,0.0
2000-11-28,13.625,13.625,13.375,13.625,1700,0.0
2000-11-29,13.0,13.0,12.75,12.75,35900,0.0
2000-11-30,12.375,12.625,12.375,12.625,35500,0.0
2000-12-01,12.625,12.8125,12.625,12.8125,16400,0.0
2000-12-04,12.375,12.4375,12.375,12.4375,5700,0.0
2000-12-05,12.9375,13.25,12.875,13.25,77800,0.0
2000-12-06,13.125,13.125,12.875,12.875,55500,0.0
2000-12-07,13.25,13.3125,13.25,13.25,33200,0.0
2000-12-08,13.625,13.75,13.625,13.75,58000,0.0
2000-12-11,14.0,14.25,14.0,14.125,11100,0.0
2000-12-12,13.9375,13.9375,13.5,13.5,11700,0.0
2000-12-13,14.0625,14.125,13.875,14.0625,72600,0.0
2000-12-14,13.6875,13.75,13.5625,13.75,27500,0.0
2000-12-15,13.1875,13.5,13.1875,13.1875,10200,0.0
2000-12-18,13.5625,13.75,13.4375,13.75,18900,0.0
2000-12-19,13.5,13.5,13.25,13.25,17800,0.0
2000-12-20,12.875,12.875,12.875,12.875,3200,0.0
2000-12-21,12.6875,12.75,12.5625,12.75,3300,0.0
2000-12-22,12.4375,12.4375,12.1875,12.375,47900,0.0
2000-12-26,12.25,12.25,12.1875,12.25,40300,0.0
2000-12-27,12.0,12.25,12.0,12.0,1500,0.0
2000-12-28,12.3125,12.3125,12.0625,12.3125,14000,0.0
2000-12-29,12.1875,12.25,12.125,12.25,5100,0.0
2001-01-02,12.625,12.625,12.375,12.4375,27300,0.0
2001-01-03,12.6875,13.8125,12.625,13.8125,14900,0.0
2001-01-04,13.625,13.6875,13.4375,13.4375,69200,0.0
2001-01-05,14.125,14.1875,13.9375,13.9375,37500,0.0
2001-01-08,14.125,14.5,14.125,14.5,15600,0.0
2001-01-09,14.5,14.625,14.5,14.625,8000,0.0
2001-01-10,13.875,13.875,13.5,13.75,68600,0.0
2001-01-11,13.625,14.0,13.25,14.0,282700,0.0
2001-01-12,14.4375,14.875,14.25,14.5,42500,0.0
2001-01-16,14.375,14.375,14.125,14.1875,2500,0.0
2001-01-17,14.625,14.9375,14.625,14.75,25600,0.0
2001-01-18,14.8125,15.0,14.6875,15.0,94300,0.0
2001-01-19,15.375,15.375,15.0,15.25,82900,0.0
2001-01-22,15.25,15.4375,15.125,15.3125,10100,0.0
2001-01-23,15.9375,16.125,15.5,15.875,40800,0.0
2001-01-24,16.0,16.0,15.875,15.9375,10900,0.0
2001-01-25,15.9375,15.9375,15.5,15.5,3600,0.0
2001-01-26,14.4375,14.4375,14.125,14.1875,61900,0.0
2001-01-29,14.23,14.65,14.23,14.65,31800,0.0
2001-01-30,14.65,14.65,14.22,14.41,84100,0.0
2001-01-31,15.4,15.45,15.1,15.1,27000,0.0
2001-02-01,15.25,15.28,14.96,14.96,51600,0.0
2001-02-02,15.1,15.1,14.82,15.03,34200,0.0
2001-02-05,14.33,14.33,14.06,14.15,27800,0.0
2001-02-06,14.39,14.39,14.2,14.39,1000,0.0
2001-02-07,14.2,14.2,13.75,14.15,29800,0.0
2001-02-08,14.5,14.55,14.5,14.53,800,0.0
2001-02-09,14.64,14.64,14.4,14.64,23500,0.0
2001-02-12,14.6,14.74,14.55,14.69,33000,0.0
2001-02-13,14.87,14.87,14.57,14.57,3500,0.0
2001-02-14,15.05,15.08,14.92,15.04,45100,0.0
2001-02-15,15.17,15.27,15.15,15.27,8300,0.0
2001-02-16,15.13,15.17,14.65,14.65,17800,0.0
2001-02-20,15.45,15.48,15.1,15.1,26600,0.0
2001-02-21,14.98,14.98,14.72,14.72,4900,0.0
2001-02-22,14.51,14.51,14.28,14.3,1500,0.0
2001-02-23,14.35,14.35,14.25,14.25,21500,0.0
2001-02-26,14.59,14.6,14.54,14.58,11200,0.0
2001-02-27,14.22,14.22,14.2,14.2,300,0.0
2001-02-28,14.12,14.3,13.65,13.77,175300,0.0
2001-03-01,13.9,14.0,13.51,14.0,37400,0.0
2001-03-02,13.54,13.69,13.4,13.52,10500,0.0
2001-03-05,13.9,13.9,13.73,13.75,14800,0.0
2001-03-06,13.82,14.03,13.82,14.0,21000,0.0
2001-03-07,13.95,13.95,13.85,13.85,2100,0.0
2001-03-08,13.97,13.97,13.91,13.95,5600,0.0
2001-03-09,13.6,13.75,13.26,13.27,56300,0.0
2001-03-12,13.0,13.0,12.5,12.55,54000,0.0
2001-03-13,12.55,12.85,12.48,12.85,29600,0.0
2001-03-14,12.92,12.92,12.7,12.7,13800,0.0
2001-03-15,13.15,13.15,12.75,12.99,7200,0.0
2001-03-19,12.61,12.7,12.4,12.7,46900,0.0
2001-03-20,12.55,12.55,12.0,12.0,29800,0.0
2001-03-21,12.4,12.4,12.12,12.12,1900,0.0
2001-03-22,12.2,12.24,11.87,12.24,7000,0.0
2001-03-23,12.93,12.93,12.93,12.93,100,0.0
2001-03-26,12.9,13.04,12.9,12.97,8800,0.0
2001-03-27,12.6,12.9,12.59,12.73,11200,0.0
2001-03-28,12.45,12.45,12.2,12.2,3700,0.0
2001-03-29,12.28,12.4,12.28,12.29,1700,0.0
2001-03-30,12.25,12.25,11.96,12.24,15600,0.0
2001-04-02,12.0,12.0,11.5,11.85,1900,0.0
2001-04-03,11.33,11.35,11.13,11.31,3900,0.0
2001-04-04,11.15,11.17,11.01,11.01,10700,0.0
2001-04-05,11.2,11.6,11.16,11.6,2800,0.0
2001-04-06,11.6,11.65,11.55,11.6,14200,0.0
2001-04-09,11.35,11.41,11.31,11.41,10600,0.0
2001-04-10,11.41,11.74,11.41,11.55,51100,0.0
2001-04-11,11.62,11.99,11.62,11.99,36200,0.0
2001-04-12,12.12,12.34,12.12,12.34,3600,0.0
2001-04-16,11.85,11.85,11.85,11.85,1000,0.0
2001-04-17,12.18,12.43,12.15,12.43,49400,0.0
2001-04-18,12.98,14.0,12.98,13.81,51000,0.0
2001-04-19,13.81,14.0,13.7,13.8,21000,0.0
2001-04-20,13.43,13.43,13.27,13.27,1200,0.0
2001-04-23,13.33,13.34,13.1,13.1,3500,0.0
2001-04-24,13.25,13.6,13.25,13.5,3200,0.0
2001-04-25,13.6,13.86,13.6,13.85,20600,0.0
2001-04-26,13.7,13.7,13.6,13.6,2000,0.0
2001-04-27,13.37,13.38,13.11,13.16,12700,0.0
2001-04-30,13.9,14.07,13.9,14.01,28400,0.0
2001-05-01,14.0,14.45,14.0,14.27,66800,0.0
2001-05-02,14.27,14.29,14.27,14.29,400,0.0
2001-05-03,14.41,14.55,14.4,14.4,38700,0.0
2001-05-04,14.13,14.69,14.13,14.5,2800,0.0
2001-05-07,14.82,14.82,14.55,14.55,1200,0.0
2001-05-08,14.24,14.52,14.24,14.52,2800,0.0
2001-05-09,14.25,14.25,14.1,14.1,500,0.0
2001-05-10,14.24,14.25,14.1,14.1,22400,0.0
2001-05-11,14.34,14.34,14.25,14.28,5300,0.0
2001-05-14,14.09,14.3,14.07,14.1,5000,0.0
2001-05-15,13.87,13.87,13.87,13.87,100,0.0
2001-05-16,13.8,14.24,13.8,14.24,500,0.0
2001-05-17,14.62,14.67,14.62,14.66,2400,0.0
2001-05-18,14.54,14.73,14.54,14.63,53200,0.0
2001-05-21,14.9,15.36,14.9,15.36,326900,0.0
2001-05-22,15.15,15.19,15.0,15.0,30000,0.0
2001-05-23,15.37,15.37,15.0,15.24,4400,0.0
2001-05-24,15.15,15.3,15.15,15.29,13900,0.0
2001-05-25,15.26,15.26,15.05,15.05,24900,0.0
2001-05-29,15.33,15.44,15.2,15.27,19700,0.0
2001-05-30,15.25,15.39,14.85,14.85,34200,0.0
2001-05-31,15.08,15.08,15.03,15.07,4100,0.0
2001-06-01,15.0,15.0,14.82,14.82,14200,0.0
2001-06-04,14.98,14.98,14.7,14.91,6200,0.0
2001-06-05,14.29,14.69,14.29,14.54,14000,0.0
2001-06-06,14.54,15.05,14.48,14.5,38600,0.0
2001-06-07,14.56,14.78,14.56,14.78,2900,0.0
2001-06-08,15.25,15.25,14.92,15.07,6900,0.0
2001-06-11,14.85,14.87,14.79,14.79,4400,0.0
2001-06-12,14.56,14.56,14.56,14.56,400,0.0
2001-06-13,14.86,14.95,14.86,14.95,300,0.0
2001-06-14,14.8,14.8,14.45,14.45,1500,0.0
2001-06-15,14.7,14.85,14.7,14.82,4400,0.0
2001-06-18,14.51,14.67,14.51,14.61,1600,0.0
2001-06-19,14.52,14.68,14.15,14.15,11700,0.0
2001-06-20,14.31,14.31,14.21,14.25,7400,0.0
2001-06-21,14.3,14.4,14.3,14.3,2500,0.0
2001-06-22,14.39,14.39,14.2,14.2,10100,0.0
2001-06-25,13.98,14.2,13.98,14.2,300,0.0
2001-06-26,14.08,14.08,13.95,13.95,67900,0.0
2001-06-27,13.8,13.82,13.8,13.81,3000,0.0
2001-06-28,13.95,14.65,13.95,14.65,24400,0.0
2001-06-29,14.3,14.4,14.07,14.29,6500,0.0
2001-07-02,14.36,14.49,14.26,14.26,6500,0.0
2001-07-03,14.3,14.3,14.12,14.12,4600,0.0
2001-07-05,14.18,14.18,14.12,14.12,1100,0.0
2001-07-06,13.76,13.76,13.75,13.75,2900,0.0
2001-07-09,13.7,13.7,13.36,13.36,3300,0.0
2001-07-10,13.4,13.4,13.25,13.25,10600,0.0
2001-07-11,13.05,13.19,13.01,13.14,3900,0.0
2001-07-12,13.25,13.53,13.25,13.4,7800,0.0
2001-07-13,13.1,13.1,13.0,13.1,2400,0.0
2001-07-16,12.95,13.1,12.86,12.91,11800,0.0
2001-07-17,12.82,13.0,12.82,13.0,11300,0.0
2001-07-18,12.51,12.72,12.51,12.72,2000,0.0
2001-07-19,13.0,13.03,12.94,12.94,7100,0.0
2001-07-20,12.88,12.88,12.75,12.86,6300,0.0
2001-07-23,12.7,12.74,12.54,12.54,2400,0.0
2001-07-24,12.7,12.7,12.3,12.3,1200,0.0
2001-07-25,12.2,12.78,12.2,12.78,1000,0.0
2001-07-26,12.97,12.97,12.97,12.97,400,0.0
2001-07-27,12.95,13.18,12.95,13.18,900,0.0
2001-07-30,13.0,13.0,12.89,12.89,2900,0.0
2001-07-31,13.1,13.12,13.06,13.1,56400,0.0
2001-08-01,13.64,13.83,13.6,13.83,16300,0.0
2001-08-02,14.0,14.03,13.86,14.03,732700,0.0
2001-08-03,14.14,14.14,14.09,14.09,1300,0.0
2001-08-06,13.86,13.88,13.67,13.71,9500,0.0
2001-08-07,13.79,13.88,13.71,13.82,31700,0.0
2001-08-08,13.9,13.98,13.7,13.91,40300,0.0
2001-08-09,13.6,13.6,13.32,13.48,3000,0.0
2001-08-10,13.4,13.45,13.4,13.45,5200,0.0
2001-08-13,13.55,13.89,13.55,13.87,14400,0.0
2001-08-14,14.0,14.18,13.9,13.97,7400,0.0
2001-08-15,14.09,14.09,14.02,14.02,1100,0.0
2001-08-16,14.01,14.23,14.01,14.23,500,0.0
2001-08-17,14.13,14.13,13.84,13.84,1200,0.0
2001-08-20,13.94,13.94,13.74,13.94,18500,0.0
2001-08-21,13.98,13.98,13.61,13.61,36700,0.0
2001-08-22,13.73,14.04,13.73,13.94,16300,0.0
2001-08-23,13.7,14.0,13.7,13.8,17300,0.0
2001-08-24,13.85,13.89,13.85,13.89,1100,0.0
2001-08-27,14.3,14.3,13.96,13.96,362100,0.0
2001-08-28,13.96,14.04,13.76,14.03,3300,0.0
2001-08-29,13.58,13.58,13.58,13.58,1000,0.0
2001-08-30,13.57,13.57,13.54,13.54,3300,0.0
2001-08-31,13.4,13.4,13.2,13.2,3500,0.0
2001-09-04,13.8,13.88,13.4,13.4,69700,0.0
2001-09-05,13.44,13.44,13.18,13.43,2900,0.0
2001-09-06,13.3,13.35,13.2,13.2,22100,0.0
2001-09-07,13.3,13.54,13.2,13.21,4400,0.0
2001-09-10,13.55,13.57,13.36,13.53,107300,0.0
2001-09-17,11.25,11.66,11.05,11.3,60300,0.0
2001-09-18,11.74,11.74,11.53,11.53,7200,0.0
2001-09-19,11.75,11.75,11.2,11.56,12600,0.0
2001-09-20,11.27,11.3,10.81,10.81,11500,0.0
2001-09-21,10.45,10.95,10.32,10.95,13300,0.0
2001-09-24,11.1,11.5,11.1,11.49,2900,0.0
2001-09-25,11.0,11.14,10.92,10.95,10300,0.0
2001-09-26,11.0,11.0,10.91,10.96,3900,0.0
2001-09-27,10.97,11.07,10.75,10.85,24600,0.0
2001-09-28,11.25,11.29,11.0,11.01,14400,0.0
2001-10-01,11.03,11.1,11.03,11.07,4200,0.0
2001-10-02,11.12,11.24,11.01,11.13,6100,0.0
2001-10-03,11.23,11.5,11.23,11.5,17300,0.0
2001-10-04,11.5,11.75,11.43,11.73,15600,0.0
2001-10-05,11.66,11.66,11.36,11.59,9200,0.0
2001-10-08,11.48,11.67,11.44,11.44,9900,0.0
2001-10-09,11.7,11.79,11.61,11.61,43400,0.0
2001-10-10,11.64,11.8,11.22,11.8,9600,0.0
2001-10-11,12.36,12.36,12.3,12.3,1500,0.0
2001-10-12,12.25,12.25,12.25,12.25,400,0.0
2001-10-15,12.28,12.28,12.1,12.22,3200,0.0
2001-10-16,12.39,12.42,12.39,12.42,1100,0.0
2001-10-17,12.4,12.52,12.31,12.31,2700,0.0
2001-10-18,12.36,12.43,12.36,12.43,1000,0.0
2001-10-19,12.3,12.5,12.27,12.3,10000,0.0
2001-10-23,12.5,12.5,12.41,12.41,1500,0.0
2001-10-24,12.9,13.09,12.9,13.09,12700,0.0
2001-10-25,12.8,13.11,12.77,13.11,8600,0.0
2001-10-26,13.0,13.23,13.0,13.23,38000,0.0
2001-10-29,13.33,13.33,13.1,13.1,10900,0.0
2001-10-30,12.3,12.75,12.3,12.73,7700,0.0
2001-10-31,12.85,13.08,12.82,12.82,1400,0.0
2001-11-01,13.07,13.53,13.04,13.53,20000,0.0
2001-11-02,13.4,13.49,13.4,13.49,3300,0.0
2001-11-05,13.7,13.7,13.51,13.69,6200,0.0
2001-11-06,13.66,13.7,13.66,13.7,15200,0.0
2001-11-07,13.7,13.81,13.66,13.8,3000,0.0
2001-11-08,13.9,14.17,13.9,14.05,53700,0.0
2001-11-09,14.17,14.34,14.15,14.34,4800,0.0
2001-11-12,14.8,14.8,14.4,14.63,18600,0.0
2001-11-13,14.75,15.16,14.75,15.03,54100,0.0
2001-11-14,15.16,15.45,15.16,15.42,476300,0.0
2001-11-15,15.31,15.38,15.2,15.34,417400,0.0
2001-11-16,15.34,15.34,15.26,15.275,53100,0.0
2001-11-19,15.5,16.01,15.5,15.84,165600,0.0
2001-11-20,15.95,15.95,15.26,15.38,8300,0.0
2001-11-21,15.55,15.55,15.31,15.46,49900,0.0
2001-11-23,16.0,16.59,16.0,16.37,11000,0.0
2001-11-26,17.7,17.7,17.21,17.27,42400,0.0
2001-11-27,17.32,17.34,16.85,17.18,58400,0.0
2001-11-28,16.1,16.14,15.76,15.76,22400,0.0
2001-11-29,15.76,15.96,15.76,15.9,4800,0.0
2001-11-30,16.2,16.5,16.2,16.26,36000,0.0
2001-12-03,16.6,16.64,16.36,16.45,16600,0.0
2001-12-04,16.55,16.74,16.55,16.7,391400,0.0
2001-12-05,17.8,18.34,17.8,18.33,82300,0.0
2001-12-06,18.15,18.15,17.76,17.84,107500,0.0
2001-12-07,18.4,18.48,18.21,18.36,41100,0.0
2001-12-10,17.25,17.38,17.1,17.38,21700,0.0
2001-12-11,17.2,17.45,17.2,17.42,11400,0.0
2001-12-12,17.85,17.86,17.65,17.73,19400,0.0
2001-12-13,17.7,17.7,17.51,17.67,19100,0.0
2001-12-14,16.75,17.24,16.75,17.01,40100,0.0
2001-12-17,16.51,16.78,16.51,16.73,75300,0.0
2001-12-18,16.56,16.85,16.56,16.85,22000,0.0
2001-12-19,16.65,16.65,16.37,16.41,88200,0.0
2001-12-20,16.9,16.93,16.71,16.71,466800,0.0
2001-12-21,16.47,16.47,16.24,16.46,26600,0.0
2001-12-24,16.21,16.34,16.21,16.33,6200,0.0
2001-12-26,16.3,16.54,16.3,16.53,2900,0.0
2001-12-27,16.6,16.94,16.6,16.89,9400,0.0
2001-12-28,17.25,17.39,17.25,17.36,30100,0.0
2001-12-31,17.56,17.87,17.5,17.71,15500,0.0
2002-01-02,18.67,18.67,18.4,18.43,131500,0.0
2002-01-03,18.85,18.85,18.5,18.69,107400,0.0
2002-01-04,19.7,19.74,19.41,19.57,126400,0.0
2002-01-07,19.2,19.6,19.2,19.32,88200,0.0
2002-01-08,18.51,19.07,18.51,18.99,192200,0.0
2002-01-09,19.35,19.64,19.3,19.39,44500,0.0
2002-01-10,18.85,18.89,18.33,18.64,58000,0.0
2002-01-11,18.44,18.6,18.42,18.49,84700,0.0
2002-01-14,19.0,19.19,18.96,19.03,107600,0.0
2002-01-15,18.7,18.7,18.36,18.55,176500,0.0
2002-01-16,18.4,18.4,18.0,18.0,65600,0.0
2002-01-17,18.15,18.44,18.15,18.33,34300,0.0
2002-01-18,18.25,18.25,18.04,18.1,107100,0.0
2002-01-22,18.45,18.49,18.25,18.29,31100,0.0
2002-01-23,18.95,18.95,18.7,18.74,60500,0.0
2002-01-24,19.41,19.42,19.25,19.34,39100,0.0
2002-01-25,19.48,19.89,19.45,19.79,67900,0.0
2002-01-28,20.15,20.24,20.05,20.12,37800,0.0
2002-01-29,19.66,19.73,19.41,19.43,87800,0.0
2002-01-30,19.28,19.42,18.76,19.34,125300,0.0
2002-01-31,19.25,19.25,18.98,19.19,71200,0.0
2002-02-01,18.8,19.06,18.8,18.97,15600,0.0
2002-02-04,18.73,18.77,18.35,18.36,610100,0.0
2002-02-05,18.75,18.89,18.75,18.83,42700,0.0
2002-02-06,18.9,18.95,18.71,18.9,118500,0.0
2002-02-07,18.9,18.9,18.56,18.6,54000,0.0
2002-02-08,19.1,19.1,18.83,18.93,15000,0.0
2002-02-11,19.25,19.29,19.0,19.18,16000,0.0
2002-02-12,19.38,19.38,19.09,19.11,7600,0.0
2002-02-13,19.35,19.35,19.11,19.3,14700,0.0
2002-02-14,20.8,20.8,20.43,20.55,40400,0.0
2002-02-15,20.24,20.24,20.03,20.05,169200,0.0
2002-02-19,19.95,20.1,19.86,19.92,67400,0.0
2002-02-20,19.95,20.34,19.83,20.15,125700,0.0
2002-02-21,20.05,20.3,20.05,20.1,23400,0.0
2002-02-22,20.3,20.65,20.2,20.65,115100,0.0
2002-02-25,20.64,20.94,20.51,20.94,33500,0.0
2002-02-26,21.0,21.04,20.65,20.99,120500,0.0
2002-02-27,21.6,21.65,21.21,21.21,31700,0.0
2002-02-28,21.35,21.39,21.19,21.28,27800,0.0
2002-03-01,21.05,21.8,21.01,21.8,145500,0.0
2002-03-04,21.8,22.0,21.56,21.93,120700,0.0
2002-03-05,22.2,22.23,21.74,21.74,104500,0.0
2002-03-06,21.74,22.1,21.74,21.98,62900,0.0
2002-03-07,21.35,21.74,21.35,21.54,48400,0.0
2002-03-08,21.59,21.6,21.51,21.51,63100,0.0
2002-03-11,21.5,21.63,21.37,21.55,58700,0.0
2002-03-12,21.96,22.25,21.87,21.9,55900,0.0
2002-03-13,22.1,22.12,21.91,21.91,96800,0.0
2002-03-14,22.14,22.29,22.05,22.26,563100,0.0
2002-03-15,22.3,22.45,22.11,22.42,153200,0.0
2002-03-18,22.68,22.7,22.38,22.44,99600,0.0
2002-03-19,22.97,23.19,22.97,23.15,93400,0.0
2002-03-20,23.15,23.19,22.3,22.3,181200,0.0
2002-03-21,22.85,22.85,22.3,22.4,116200,0.0
2002-03-22,22.96,23.04,22.71,22.78,99300,0.0
2002-03-25,22.75,22.79,22.25,22.25,399900,0.0
2002-03-26,22.7,22.7,22.41,22.59,53100,0.0
2002-03-27,23.05,23.35,23.0,23.19,62600,0.0
2002-03-28,23.0,23.2,22.9,22.95,192100,0.0
2002-04-01,22.8,22.8,22.25,22.56,166100,0.0
2002-04-02,23.15,23.35,23.02,23.02,131400,0.0
2002-04-03,23.9,23.9,23.1,23.15,65500,0.0
2002-04-04,23.11,23.47,23.11,23.29,62000,0.0
2002-04-05,23.75,23.75,23.4,23.53,80000,0.0
2002-04-08,22.7,22.99,22.45,22.81,172600,0.0
2002-04-09,22.5,22.67,21.61,21.92,143500,0.0
2002-04-10,21.69,21.69,20.6,21.49,321100,0.0
2002-04-11,21.32,21.48,21.1,21.1,265400,0.0
2002-04-12,21.58,21.85,21.58,21.75,72800,0.0
2002-04-15,22.75,22.8,22.5,22.63,67800,0.0
2002-04-16,22.85,23.45,22.85,23.45,162500,0.0
2002-04-17,24.4,24.4,24.0,24.2,96100,0.0
2002-04-18,24.49,24.6,23.76,24.0,108300,0.0
2002-04-19,24.59,24.59,23.8,23.91,176700,0.0
2002-04-22,24.35,24.35,23.61,23.66,88000,0.0
2002-04-23,24.35,24.39,24.11,24.3,58800,0.0
2002-04-24,24.49,24.49,24.05,24.2,357900,0.0
2002-04-25,22.7,23.44,22.7,23.35,272200,0.0
2002-04-26,23.01,23.29,22.75,23.0,166700,0.0
2002-04-29,21.7,21.95,21.55,21.78,243800,0.0
2002-04-30,22.0,22.54,22.0,22.54,160900,0.0
2002-05-01,22.6,22.6,22.0,22.45,184300,0.0
2002-05-02,22.61,22.9,22.61,22.74,52200,0.0
2002-05-03,22.51,22.65,22.37,22.5,55800,0.0
2002-05-06,21.49,21.6,20.8,21.04,98300,0.0
2002-05-07,21.25,21.89,21.25,21.7,159400,0.0
2002-05-08,22.65,23.34,22.65,23.34,276400,0.0
2002-05-09,22.6,23.09,22.6,22.85,296500,0.0
2002-05-10,22.2,22.34,21.7,21.72,116600,0.0
2002-05-13,22.3,22.58,22.11,22.15,145100,0.0
2002-05-14,22.99,22.99,22.56,22.94,54800,0.0
2002-05-15,23.0,23.5,22.98,23.32,87700,0.0
2002-05-16,23.2,23.49,23.2,23.3,85900,0.0
2002-05-17,23.7,24.37,23.7,24.28,99800,0.0
2002-05-20,24.36,24.5,23.68,23.75,53100,0.0
2002-05-21,23.26,23.5,22.9,22.91,53000,0.0
2002-05-22,23.85,23.85,23.7,23.79,47600,0.0
2002-05-23,23.7,23.9,23.5,23.71,92500,0.0
2002-05-24,24.0,24.14,23.8,23.89,42000,0.0
2002-05-28,24.0,24.2,23.9,24.08,127700,0.0
2002-05-29,23.9,23.9,23.66,23.66,45800,0.0
2002-05-30,23.5,23.54,23.2,23.36,28900,0.0
2002-05-31,23.05,23.13,22.92,23.03,133900,0.0
2002-06-03,23.2,23.24,22.58,22.59,62000,0.0
2002-06-04,23.46,23.46,23.22,23.43,137900,0.0
2002-06-05,23.37,23.72,23.37,23.6,93500,0.0
2002-06-06,23.55,23.58,23.01,23.2,34800,0.0
2002-06-07,23.19,23.19,22.79,22.93,155800,0.0
2002-06-10,23.4,23.5,23.31,23.49,27900,0.0
2002-06-11,23.75,24.13,23.41,23.41,151400,0.0
2002-06-12,23.75,23.84,23.51,23.84,92300,0.0
2002-06-13,23.65,23.83,23.56,23.65,23900,0.0
2002-06-14,23.3,23.3,22.91,23.07,40900,0.0
2002-06-17,23.13,23.58,23.13,23.54,125700,0.0
2002-06-18,23.48,23.74,23.21,23.74,37400,0.0
2002-06-19,22.5,22.5,21.82,22.13,292300,0.0
2002-06-20,22.15,22.58,22.15,22.35,150700,0.0
2002-06-21,22.5,22.6,21.97,22.06,48600,0.0
2002-06-24,22.2,22.64,22.2,22.64,154200,0.0
2002-06-25,22.2,22.29,21.7,21.85,41700,0.0
2002-06-26,20.45,20.99,20.35,20.99,171200,0.0
2002-06-27,21.15,21.3,20.77,21.3,240400,0.0
2002-06-28,21.84,22.0,21.77,21.89,104600,0.0
2002-07-01,21.7,21.7,21.41,21.42,40200,0.0
2002-07-02,21.9,21.9,21.03,21.04,260500,0.0
2002-07-03,21.69,21.84,21.22,21.57,71600,0.0
2002-07-05,22.82,23.44,22.82,23.34,183200,0.0
2002-07-08,22.95,23.3,22.72,23.12,122700,0.0
2002-07-09,23.75,23.89,23.56,23.61,122400,0.0
2002-07-10,23.6,23.72,23.11,23.35,107900,0.0
2002-07-11,22.7,23.05,22.41,23.03,118000,0.0
2002-07-12,23.6,23.69,23.31,23.32,59100,0.0
2002-07-15,23.3,23.78,22.67,23.2,91900,0.0
2002-07-16,22.65,23.19,22.5,22.5,160400,0.0
2002-07-17,22.75,23.19,22.6,22.85,43300,0.0
2002-07-18,22.78,22.99,22.51,22.74,11800,0.0
2002-07-19,22.05,22.3,21.85,21.86,92300,0.0
2002-07-22,21.68,21.68,20.81,21.0,134600,0.0
2002-07-23,22.18,22.18,21.55,21.7,106900,0.0
2002-07-24,21.12,22.44,21.0,22.4,179000,0.0
2002-07-25,21.27,21.8,20.94,20.94,458300,0.0
2002-07-26,20.5,20.5,19.72,20.15,100900,0.0
2002-07-29,20.35,21.06,20.0,21.06,145900,0.0
2002-07-30,21.0,21.03,20.6,20.94,172200,0.0
2002-07-31,20.65,20.75,20.1,20.25,264700,0.0
2002-08-01,20.58,20.58,19.91,19.96,59300,0.0
2002-08-02,20.0,20.26,19.5,19.65,44200,0.0
2002-08-05,19.0,19.5,18.72,18.76,169700,0.0
2002-08-06,19.05,19.68,19.05,19.38,68700,0.0
2002-08-07,19.4,19.6,19.11,19.6,71400,0.0
2002-08-08,19.5,20.14,19.5,20.09,43000,0.0
2002-08-09,19.8,19.95,19.56,19.71,48700,0.0
2002-08-12,19.9,19.9,19.55,19.62,63900,0.0
2002-08-13,20.05,20.29,20.0,20.08,49900,0.0
2002-08-14,20.75,21.09,20.51,21.09,27100,0.0
2002-08-15,21.2,21.39,20.9,20.91,27400,0.0
2002-08-16,20.9,21.05,20.76,20.77,83800,0.0
2002-08-19,20.9,21.05,20.71,21.05,18500,0.0
2002-08-20,21.11,21.34,21.11,21.16,17500,0.0
2002-08-21,21.8,22.05,21.71,21.99,24600,0.0
2002-08-22,21.85,21.85,21.51,21.63,37200,0.0
2002-08-23,21.5,21.5,21.06,21.06,17400,0.0
2002-08-26,21.03,21.22,20.91,21.22,8500,0.0
2002-08-27,21.2,21.2,20.71,20.71,5800,0.0
2002-08-28,20.71,20.79,20.23,20.35,22700,0.0
2002-08-29,20.4,20.6,20.4,20.6,45200,0.0
2002-08-30,20.7,21.18,20.7,21.04,12300,0.0
2002-09-03,20.85,21.04,20.62,20.84,79600,0.0
2002-09-04,20.8,20.96,20.72,20.81,29100,0.0
2002-09-05,20.87,20.93,20.52,20.65,25200,0.0
2002-09-06,20.6,20.7,20.47,20.65,171200,0.0
2002-09-09,20.3,20.35,20.05,20.25,23800,0.0
2002-09-10,20.76,20.79,20.67,20.72,38700,0.0
2002-09-11,21.25,21.33,20.91,20.97,17400,0.0
2002-09-12,21.28,21.28,20.9,20.91,96400,0.0
2002-09-13,20.93,20.93,20.5,20.69,25000,0.0
2002-09-16,20.2,20.2,19.66,19.99,17900,0.0
2002-09-17,20.35,20.41,20.11,20.11,75500,0.0
2002-09-18,20.2,20.3,20.01,20.2,17000,0.0
2002-09-19,20.0,20.25,20.0,20.0,52600,0.0
2002-09-20,19.97,20.2,19.78,19.96,63500,0.0
2002-09-23,19.4,19.44,18.65,18.71,33800,0.0
2002-09-24,18.67,18.84,18.42,18.52,33300,0.0
2002-09-25,18.26,19.08,18.26,18.96,93400,0.0
2002-09-26,18.95,19.0,18.75,18.95,77000,0.0
2002-09-27,18.5,18.56,18.35,18.35,46700,0.0
2002-09-30,17.9,17.9,17.43,17.51,57500,0.0
2002-10-01,18.2,18.45,17.98,18.43,35600,0.0
2002-10-02,18.2,18.4,17.96,17.96,58000,0.0
2002-10-03,17.82,18.25,17.75,17.75,27000,0.0
2002-10-04,18.15,18.34,17.58,17.66,39200,0.0
2002-10-07,17.5,17.5,17.11,17.13,18600,0.0
2002-10-08,17.37,17.64,17.25,17.49,21000,0.0
2002-10-09,16.86,16.98,16.53,16.53,44000,0.0
2002-10-10,16.0,16.54,15.61,16.42,140800,0.0
2002-10-11,16.4,16.83,16.31,16.81,43200,0.0
2002-10-14,16.75,16.93,16.71,16.75,55800,0.0
2002-10-15,17.6,18.09,17.37,18.08,421500,0.0
2002-10-16,17.72,17.79,17.4,17.5,200600,0.0
2002-10-17,18.45,18.49,18.15,18.41,61900,0.0
2002-10-18,19.02,19.05,18.79,18.81,90200,0.0
2002-10-21,18.64,18.83,18.4,18.7,56800,0.0
2002-10-22,17.8,18.04,17.76,17.82,11500,0.0
2002-10-23,18.46,18.64,18.21,18.49,130500,0.0
2002-10-24,18.73,18.73,18.3,18.3,317900,0.0
2002-10-25,18.59,18.68,18.18,18.57,21000,0.0
2002-10-28,19.68,19.68,19.0,19.01,24100,0.0
2002-10-29,19.45,19.45,18.75,19.06,65700,0.0
2002-10-30,18.54,18.94,18.53,18.86,48700,0.0
2002-10-31,18.73,18.84,18.73,18.84,7800,0.0
2002-11-01,18.5,18.71,18.4,18.54,13500,0.0
2002-11-04,19.54,19.79,19.54,19.56,71500,0.0
2002-11-05,19.16,19.59,19.16,19.59,110300,0.0
2002-11-06,19.65,19.66,19.01,19.3,580200,0.0
2002-11-07,19.5,19.79,19.32,19.75,684500,0.0
2002-11-08,19.81,19.9,19.81,19.9,776900,0.0
2002-11-11,19.4,19.6,19.35,19.45,550100,0.0
2002-11-12,19.31,19.49,19.21,19.32,34000,0.0
2002-11-13,19.53,19.64,19.3,19.47,272600,0.0
2002-11-14,19.5,19.5,19.18,19.49,31100,0.0
2002-11-15,19.98,19.98,19.76,19.77,15200,0.0
2002-11-18,20.03,20.03,19.41,19.41,17500,0.0
2002-11-19,19.8,19.8,19.46,19.53,28600,0.0
2002-11-20,19.53,19.99,19.53,19.99,397400,0.0
2002-11-21,19.83,20.45,19.83,20.21,71300,0.0
2002-11-22,20.38,20.74,20.38,20.74,131400,0.0
2002-11-25,20.72,20.74,20.61,20.74,41700,0.0
2002-11-26,20.53,20.68,20.26,20.26,22000,0.0
2002-11-27,20.92,21.39,20.92,21.3,344800,0.0
2002-11-29,21.68,21.7,21.2,21.2,136700,0.0
2002-12-02,21.66,22.1,21.21,21.32,589600,0.0
2002-12-03,21.45,21.45,21.02,21.18,1012400,0.0
2002-12-04,20.58,20.79,20.04,20.05,659000,0.0
2002-12-05,20.68,20.68,20.11,20.34,186100,0.0
2002-12-06,20.1,20.3,20.1,20.3,170100,0.0
2002-12-09,20.23,20.25,19.66,19.7,78800,0.0
2002-12-10,19.89,20.08,19.65,20.08,112500,0.0
2002-12-11,19.9,20.19,19.9,19.94,46300,0.0
2002-12-12,20.25,20.46,20.15,20.31,23600,0.0
2002-12-13,20.18,20.29,20.1,20.28,260100,0.0
2002-12-16,19.72,20.26,19.72,20.26,88700,0.0
2002-12-17,20.24,20.4,20.09,20.33,134400,0.0
2002-12-18,20.16,20.4,20.0,20.09,43200,0.0
2002-12-19,20.1,20.3,20.04,20.11,104900,0.0
2002-12-20,20.3,20.39,20.15,20.29,28000,0.0
2002-12-23,19.9,20.0,19.55,19.79,26400,0.0
2002-12-24,19.45,19.45,19.1,19.2,31700,0.0
2002-12-26,18.92,19.15,18.92,19.02,21400,0.0
2002-12-27,18.77,18.85,18.01,18.33,60000,0.0
2002-12-30,18.0,18.4,17.73,18.38,234400,0.0
2002-12-31,18.22,18.54,18.15,18.35,50400,0.0
2003-01-02,18.69,18.99,18.46,18.78,32900,0.0
2003-01-03,19.5,19.74,19.11,19.65,290800,0.0
2003-01-06,19.81,20.19,19.62,20.19,40300,0.0
2003-01-07,19.48,19.63,19.1,19.45,81300,0.0
2003-01-08,19.35,19.35,19.15,19.15,65300,0.0
2003-01-09,18.99,19.15,18.81,19.15,73200,0.0
2003-01-10,18.82,18.84,18.45,18.77,94600,0.0
2003-01-13,19.06,19.59,19.06,19.38,65500,0.0
2003-01-14,19.42,19.73,19.37,19.69,22700,0.0
2003-01-15,19.48,19.49,19.08,19.1,157600,0.0
2003-01-16,19.21,19.49,19.11,19.32,38300,0.0
2003-01-17,18.5,18.85,18.5,18.68,459200,0.0
2003-01-21,18.61,18.9,18.5,18.78,63800,0.0
2003-01-22,18.6,18.75,18.25,18.4,173600,0.0
2003-01-23,18.62,19.01,18.45,19.01,85600,0.0
2003-01-24,18.2,18.21,17.8,17.81,259800,0.0
2003-01-27,17.8,17.8,17.41,17.5,375700,0.0
2003-01-28,17.61,18.24,17.61,18.24,84900,0.0
2003-01-29,17.5,17.78,17.32,17.6,177200,0.0
2003-01-30,17.98,18.04,17.36,17.36,267600,0.0
2003-01-31,17.45,17.63,17.42,17.63,75100,0.0
2003-02-03,17.6,18.07,17.6,18.07,69400,0.0
2003-02-04,17.71,17.89,17.64,17.66,5300,0.0
2003-02-05,17.89,18.19,17.67,17.8,152000,0.0
2003-02-06,17.58,17.58,17.15,17.4,117400,0.0
2003-02-07,17.2,17.2,16.85,16.97,19000,0.0
2003-02-10,17.02,17.31,16.82,16.99,59600,0.0
2003-02-11,16.8,16.87,16.51,16.58,101800,0.0
2003-02-12,16.92,17.17,16.81,16.92,115800,0.0
2003-02-13,16.57,16.8,16.57,16.6,150200,0.0
2003-02-14,16.74,17.01,16.62,17.01,10100,0.0
2003-02-18,17.56,17.97,17.56,17.61,37300,0.0
2003-02-19,17.94,17.94,17.44,17.51,67600,0.0
2003-02-20,17.67,17.86,17.67,17.8,6500,0.0
2003-02-21,17.89,18.1,17.77,17.89,33800,0.0
2003-02-24,18.26,18.26,17.91,17.93,47100,0.0
2003-02-25,17.27,17.6,17.26,17.6,92800,0.0
2003-02-26,17.25,17.44,17.22,17.24,21800,0.0
2003-02-27,17.32,17.4,17.29,17.34,51400,0.0
2003-02-28,17.24,17.24,16.81,16.99,61400,0.0
2003-03-03,17.22,17.6,17.2,17.36,35800,0.0
2003-03-04,17.0,17.0,16.71,16.8,120500,0.0
2003-03-05,16.12,16.5,16.12,16.37,84800,0.0
2003-03-06,16.0,16.09,15.9,16.0,150000,0.0
2003-03-07,15.72,16.0,15.62,15.99,34700,0.0
2003-03-10,15.51,15.65,15.42,15.43,41500,0.0
2003-03-11,15.11,15.41,15.07,15.07,54600,0.0
2003-03-12,15.14,15.3,14.81,15.07,83600,0.0
2003-03-13,15.49,15.85,15.24,15.85,37600,0.0
2003-03-14,15.51,15.63,15.5,15.53,37800,0.0
2003-03-17,14.74,15.39,14.7,15.39,78600,0.0
2003-03-18,15.7,15.7,15.27,15.57,34400,0.0
2003-03-19,15.36,15.59,15.35,15.59,146700,0.0
2003-03-20,16.19,16.5,16.13,16.5,70400,0.0
2003-03-21,17.0,17.14,16.68,16.95,66900,0.0
2003-03-24,16.16,16.44,15.86,16.05,94300,0.0
2003-03-25,15.61,16.23,15.61,15.95,48100,0.0
2003-03-26,16.03,16.19,15.92,16.04,29400,0.0
2003-03-27,15.51,15.78,15.51,15.77,19700,0.0
2003-03-28,15.66,15.79,15.66,15.78,23400,0.0
2003-03-31,15.19,15.2,14.86,15.02,61000,0.0
2003-04-01,15.02,15.35,15.02,15.26,31500,0.0
2003-04-02,15.47,15.63,15.4,15.62,336300,0.0
2003-04-03,15.54,15.54,15.11,15.35,338100,0.0
2003-04-04,15.52,15.73,15.49,15.69,43300,0.0
2003-04-07,16.74,16.74,16.25,16.26,117000,0.0
2003-04-08,16.3,16.64,16.14,16.14,98800,0.0
2003-04-09,16.08,16.09,15.75,15.8,56500,0.0
2003-04-10,16.85,16.85,16.3,16.41,96300,0.0
2003-04-11,16.41,16.71,16.41,16.65,199700,0.0
2003-04-14,17.18,17.23,17.0,17.18,37600,0.0
2003-04-15,17.4,17.6,17.3,17.52,268100,0.0
2003-04-16,17.77,18.07,17.7,17.8,36000,0.0
2003-04-17,17.7,18.2,17.7,18.0,83200,0.0
2003-04-21,18.0,18.2,18.0,18.14,12800,0.0
2003-04-22,17.56,17.78,17.26,17.6,50500,0.0
2003-04-23,17.39,17.44,17.1,17.35,23000,0.0
2003-04-24,17.0,17.0,16.4,16.75,133300,0.0
2003-04-25,16.09,16.58,15.89,16.06,184900,0.0
2003-04-28,16.06,16.7,16.06,16.61,869100,0.0
2003-04-29,17.39,17.42,17.06,17.2,596500,0.0
2003-04-30,17.25,17.32,17.14,17.27,67100,0.0
2003-05-01,17.25,17.5,17.02,17.29,61600,0.0
2003-05-02,17.33,17.49,17.12,17.46,56200,0.0
2003-05-05,17.84,17.84,17.27,17.45,70500,0.0
2003-05-06,17.61,17.9,17.61,17.87,167900,0.0
2003-05-07,17.87,18.43,17.87,18.15,110800,0.0
2003-05-08,17.85,18.15,17.7,18.05,131300,0.0
2003-05-09,18.43,18.45,18.2,18.4,62500,0.0
2003-05-12,18.56,18.99,18.56,18.92,113900,0.0
2003-05-13,18.28,18.3,17.95,18.08,141200,0.0
2003-05-14,18.08,18.08,17.8,17.8,34700,0.0
2003-05-15,18.01,18.34,18.01,18.34,48300,0.0
2003-05-16,18.09,18.17,17.81,17.86,32400,0.0
2003-05-19,17.51,17.59,17.27,17.3,59200,0.0
2003-05-20,17.47,17.72,17.37,17.62,70200,0.0
2003-05-21,17.42,17.68,17.42,17.44,37200,0.0
2003-05-22,17.46,17.65,17.36,17.65,42100,0.0
2003-05-23,17.82,17.89,17.79,17.85,26200,0.0
2003-05-27,17.66,18.24,17.66,18.19,82900,0.0
2003-05-28,18.48,18.48,18.3,18.33,150800,0.0
2003-05-29,18.32,18.56,18.15,18.34,104700,0.0
2003-05-30,18.3,18.59,18.2,18.5,205200,0.0
2003-06-02,18.99,19.24,18.9,18.91,230200,0.0
2003-06-03,18.45,18.7,18.45,18.62,89300,0.0
2003-06-04,18.51,19.25,18.51,19.0,52100,0.0
2003-06-05,19.0,19.07,18.68,19.07,89500,0.0
2003-06-06,19.08,19.3,19.08,19.12,52400,0.0
2003-06-09,19.16,19.2,18.75,18.99,46200,0.0
2003-06-10,19.07,19.49,19.07,19.48,69700,0.0
2003-06-11,19.41,19.6,19.31,19.59,159600,0.0
2003-06-12,19.55,19.74,19.55,19.68,48900,0.0
2003-06-13,19.99,19.99,19.48,19.52,68900,0.0
2003-06-16,19.6,19.98,19.49,19.96,96200,0.0
2003-06-17,20.47,20.47,20.05,20.05,97500,0.0
2003-06-18,20.33,20.34,20.14,20.33,43000,0.0
2003-06-19,20.58,20.68,20.31,20.6,132100,0.0
2003-06-20,20.46,20.69,20.38,20.38,56200,0.0
2003-06-23,19.85,19.87,19.55,19.8,248900,0.0
2003-06-24,19.42,19.89,19.42,19.73,150100,0.0
2003-06-25,20.33,20.35,19.9,19.95,153800,0.0
2003-06-26,20.05,20.49,20.05,20.48,53200,0.0
2003-06-27,20.31,20.33,20.02,20.19,176700,0.0
2003-06-30,20.03,20.24,19.96,19.99,64600,0.0
2003-07-01,20.04,20.34,20.03,20.2,267900,0.0
2003-07-02,20.51,20.9,20.51,20.76,118700,0.0
2003-07-03,20.75,20.94,20.51,20.91,62700,0.0
2003-07-07,21.3,21.75,21.25,21.25,198700,0.0
2003-07-08,21.89,21.99,21.49,21.99,338000,0.0
2003-07-09,21.6,21.93,21.55,21.9,142400,0.0
2003-07-10,21.75,21.75,21.17,21.27,208300,0.0
2003-07-11,21.41,21.84,21.41,21.61,216800,0.0
2003-07-14,22.5,22.73,22.0,22.5,886500,0.0
2003-07-15,21.71,22.26,21.71,21.81,62100,0.0
2003-07-16,22.1,22.24,21.81,22.0,55600,0.0
2003-07-17,21.42,21.42,21.1,21.3,492000,0.0
2003-07-18,21.1,21.4,21.01,21.4,105700,0.0
2003-07-21,21.38,21.38,20.77,20.81,41000,0.0
2003-07-22,21.16,21.45,21.16,21.45,280300,0.0
2003-07-23,20.96,21.24,20.96,21.13,86700,0.0
2003-07-24,21.5,21.75,21.35,21.53,30200,0.0
2003-07-25,21.7,22.1,21.62,21.95,69900,0.0
2003-07-28,22.12,22.29,21.79,22.0,185000,0.0
2003-07-29,22.31,22.31,21.9,22.3,60000,0.0
2003-07-30,22.1,22.13,21.84,22.13,62400,0.0
2003-07-31,21.67,22.23,21.67,21.7,90500,0.0
2003-08-01,22.21,22.21,21.96,22.13,385600,0.0
2003-08-04,22.19,22.19,21.84,21.95,252800,0.0
2003-08-05,21.86,21.9,21.78,21.78,119500,0.0
2003-08-06,21.26,21.69,21.26,21.48,308000,0.0
2003-08-07,21.64,21.83,21.51,21.61,112800,0.0
2003-08-08,21.79,21.79,21.34,21.34,130000,0.0
2003-08-11,21.64,21.68,21.39,21.41,174300,0.0
2003-08-12,21.31,21.4,21.05,21.05,57500,0.0
2003-08-13,21.79,21.79,21.46,21.48,30500,0.0
2003-08-14,22.48,22.48,21.79,22.25,437100,0.0
2003-08-15,22.1,22.4,22.1,22.4,16000,0.0
2003-08-18,22.27,22.51,22.27,22.5,84500,0.0
2003-08-19,22.72,22.72,22.51,22.7,62800,0.0
2003-08-20,22.72,22.83,22.53,22.79,169100,0.0
2003-08-21,23.58,23.75,23.31,23.65,131200,0.0
2003-08-22,23.99,23.99,23.35,23.35,114500,0.0
2003-08-25,23.74,23.74,23.12,23.29,32300,0.0
2003-08-26,23.01,23.27,22.71,23.27,447300,0.0
2003-08-27,23.27,23.27,23.03,23.23,125800,0.0
2003-08-28,22.98,23.05,22.75,23.05,38300,0.0
2003-08-29,23.21,23.39,23.03,23.39,92800,0.0
2003-09-02,23.46,23.75,23.46,23.75,166300,0.0
2003-09-03,23.79,23.9,23.55,23.56,141800,0.0
2003-09-04,23.59,23.73,23.39,23.69,5300,0.0
2003-09-05,23.59,23.59,23.33,23.54,89100,0.0
2003-09-08,23.8,23.88,23.63,23.84,35800,0.0
2003-09-09,23.8,23.93,23.3,23.3,161900,0.0
2003-09-10,24.1,24.1,22.9,23.05,466600,0.0
2003-09-11,22.86,23.6,22.86,23.5,93000,0.0
2003-09-12,23.6,23.6,22.87,23.02,123400,0.0
2003-09-15,23.0,23.0,22.76,22.86,236900,0.0
2003-09-16,23.51,23.94,23.47,23.59,72900,0.0
2003-09-17,23.86,23.86,23.51,23.51,144500,0.0
2003-09-18,23.06,23.69,23.06,23.49,85200,0.0
2003-09-19,23.29,23.3,22.75,22.95,154000,0.0
2003-09-22,22.58,22.58,21.86,22.01,257000,0.0
2003-09-23,22.01,22.49,22.01,22.35,241100,0.0
2003-09-24,22.36,22.5,21.89,21.92,302800,0.0
2003-09-25,22.1,22.2,21.7,21.79,287100,0.0
2003-09-26,21.51,21.74,21.36,21.54,51000,0.0
2003-09-29,21.72,21.73,21.39,21.67,60100,0.0
2003-09-30,21.71,21.72,21.15,21.35,161000,0.0
2003-10-01,21.55,22.29,21.55,22.29,153400,0.0
2003-10-02,22.54,22.74,22.4,22.7,195700,0.0
2003-10-03,23.14,23.26,22.89,23.21,126400,0.0
2003-10-06,23.28,23.31,23.15,23.17,203100,0.0
2003-10-07,23.16,23.16,22.7,22.92,83600,0.0
2003-10-08,22.86,22.86,22.52,22.55,43900,0.0
2003-10-09,23.19,23.49,23.08,23.16,55600,0.0
2003-10-10,23.55,23.95,23.55,23.95,57100,0.0
2003-10-13,23.99,24.5,23.76,24.39,44700,0.0
2003-10-14,24.24,24.3,23.76,23.94,85400,0.0
2003-10-15,24.37,24.37,23.31,23.32,89500,0.0
2003-10-16,24.29,24.29,23.66,23.66,109800,0.0
2003-10-17,24.19,24.19,23.3,23.3,62200,0.0
2003-10-20,23.65,23.99,23.55,23.7,76400,0.0
2003-10-21,23.99,23.99,23.51,23.93,47100,0.0
2003-10-22,23.66,23.89,23.47,23.55,75200,0.0
2003-10-23,23.34,23.34,22.85,22.9,107400,0.0
2003-10-24,22.95,22.95,22.52,22.53,52500,0.0
2003-10-27,22.93,23.5,22.93,23.3,44300,0.0
2003-10-28,24.04,24.04,23.43,23.65,122500,0.0
2003-10-29,24.08,24.08,23.7,23.99,44200,0.0
2003-10-30,24.05,24.48,24.02,24.29,85200,0.0
2003-10-31,24.34,24.34,24.01,24.19,56400,0.0
2003-11-03,24.55,24.56,24.3,24.32,89209,0.0
2003-11-04,24.64,24.64,24.1,24.27,52305,0.0
2003-11-05,24.87,24.87,24.51,24.87,154500,0.0
2003-11-06,24.01,24.62,24.01,24.25,167800,0.0
2003-11-07,24.85,24.94,24.63,24.76,141000,0.0
2003-11-10,24.65,24.74,24.56,24.56,36500,0.0
2003-11-11,24.38,24.39,24.22,24.38,21000,0.0
2003-11-12,25.13,25.13,24.73,24.94,345700,0.0
2003-11-13,25.49,25.49,25.21,25.26,141800,0.0
2003-11-14,25.25,25.25,24.79,24.98,84100,0.0
2003-11-17,23.8,24.44,23.8,24.13,146800,0.0
2003-11-18,24.4,24.5,24.19,24.25,160800,0.0
2003-11-19,24.02,24.02,23.5,23.75,121300,0.0
2003-11-20,23.58,23.58,23.0,23.26,185000,0.0
2003-11-21,23.01,23.4,23.01,23.29,13300,0.0
2003-11-24,23.0,23.08,22.72,23.08,106900,0.0
2003-11-25,23.28,23.44,23.2,23.27,30300,0.0
2003-11-26,23.64,23.72,23.35,23.4,70400,0.0
2003-11-28,23.79,23.8,23.65,23.67,21700,0.0
2003-12-01,24.46,24.83,24.3,24.82,599300,0.0
2003-12-02,24.71,24.71,24.44,24.62,317000,0.0
2003-12-03,24.79,24.79,24.5,24.51,90200,0.0
2003-12-04,24.66,24.66,24.33,24.66,75000,0.0
2003-12-05,24.13,24.13,23.76,23.79,174800,0.0
2003-12-08,23.51,24.08,23.51,24.07,133800,0.0
2003-12-09,24.06,24.06,23.56,23.62,103500,0.0
2003-12-10,24.38,24.38,23.95,24.0,52400,0.0
2003-12-11,24.24,24.83,24.24,24.73,113700,0.0
2003-12-12,24.79,24.88,24.73,24.83,63100,0.0
2003-12-15,25.1,25.24,24.87,24.87,257400,0.0
2003-12-16,24.84,24.84,24.46,24.74,299600,0.0
2003-12-17,24.44,24.64,24.23,24.3,78400,0.0
2003-12-18,24.89,24.89,24.51,24.82,111100,0.0
2003-12-19,24.88,24.88,24.59,24.65,43900,0.0
2003-12-22,24.39,24.66,24.21,24.46,80700,0.0
2003-12-23,24.3,24.38,24.15,24.3,48800,0.0
2003-12-24,23.99,24.3,23.99,24.25,32800,0.0
2003-12-26,23.91,24.3,23.91,24.17,7900,0.0
2003-12-29,24.34,24.64,24.31,24.44,84800,0.0
2003-12-30,24.99,25.0,24.8,24.94,130600,0.0
2003-12-31,24.7,25.05,24.7,25.04,29900,0.0
2004-01-02,25.29,26.0,25.29,25.7,597500,0.0
2004-01-05,25.54,26.19,25.54,25.85,176400,0.0
2004-01-06,25.99,26.05,25.45,25.45,726200,0.0
2004-01-07,25.64,25.65,25.01,25.55,306300,0.0
2004-01-08,25.75,26.04,25.36,25.74,48600,0.0
2004-01-09,26.2,26.49,25.96,26.1,440000,0.0
2004-01-12,26.94,26.94,26.5,26.75,400500,0.0
2004-01-13,26.75,26.75,26.06,26.2,268100,0.0
2004-01-14,26.64,26.74,26.33,26.5,112400,0.0
2004-01-15,26.49,26.55,26.15,26.29,68900,0.0
2004-01-16,26.39,26.6,26.3,26.42,62700,0.0
2004-01-20,27.19,27.2,26.6,26.78,142700,0.0
2004-01-21,27.09,27.3,26.81,27.28,347000,0.0
2004-01-22,27.29,27.8,27.2,27.77,338100,0.0
2004-01-23,27.69,27.72,27.06,27.2,109400,0.0
2004-01-26,27.39,27.94,27.14,27.8,220700,0.0
2004-01-27,27.34,27.43,26.61,26.79,310400,0.0
2004-01-28,27.0,27.49,26.7,26.75,84400,0.0
2004-01-29,26.75,26.75,26.28,26.7,838100,0.0
2004-01-30,26.84,26.84,26.4,26.58,94400,0.0
2004-02-02,27.09,27.09,26.65,26.73,285500,0.0
2004-02-03,26.64,26.64,26.21,26.33,281100,0.0
2004-02-04,26.1,26.3,26.0,26.01,264000,0.0
2004-02-05,26.26,26.49,26.26,26.4,84000,0.0
2004-02-06,26.99,27.2,26.8,27.14,80100,0.0
2004-02-09,27.37,27.65,27.37,27.44,133600,0.0
2004-02-10,27.68,27.83,27.61,27.7,247800,0.0
2004-02-11,27.99,28.4,27.81,28.35,294700,0.0
2004-02-12,27.98,28.28,27.91,28.04,128200,0.0
2004-02-13,28.05,28.4,28.05,28.16,1014900,0.0
2004-02-17,28.39,28.5,28.17,28.46,306200,0.0
2004-02-18,28.24,28.45,27.8,27.95,282900,0.0
2004-02-19,28.09,28.16,27.83,27.88,215700,0.0
2004-02-20,27.84,27.84,27.25,27.4,132700,0.0
2004-02-23,27.17,27.46,27.06,27.21,77800,0.0
2004-02-24,26.94,26.95,26.57,26.87,255500,0.0
2004-02-25,27.19,27.38,27.0,27.06,297900,0.0
2004-02-26,27.09,27.14,26.86,26.97,109300,0.0
2004-02-27,27.69,27.74,27.4,27.62,74600,0.0
2004-03-01,27.74,27.99,27.68,27.92,971700,0.0
2004-03-02,28.0,28.4,27.95,28.14,499600,0.0
2004-03-03,28.09,28.13,27.8,27.95,462700,0.0
2004-03-04,28.74,28.74,28.3,28.5,280400,0.0
2004-03-05,28.27,28.64,28.06,28.64,129300,0.0
2004-03-08,28.29,28.39,27.9,27.95,144300,0.0
2004-03-09,27.98,27.98,27.5,27.74,102300,0.0
2004-03-10,27.64,27.64,26.85,26.9,170400,0.0
2004-03-11,26.96,27.19,26.86,26.88,241800,0.0
2004-03-12,26.69,26.69,26.25,26.37,319700,0.0
2004-03-15,26.38,26.48,26.02,26.07,175800,0.0
2004-03-16,26.49,26.49,26.28,26.45,275200,0.0
2004-03-17,27.54,27.54,27.1,27.39,408500,0.0
2004-03-18,27.49,27.49,27.02,27.22,269700,0.0
2004-03-19,27.84,27.84,27.15,27.15,555100,0.0
2004-03-22,27.0,27.0,26.52,26.57,91000,0.0
2004-03-23,27.01,27.15,26.82,27.15,46000,0.0
2004-03-24,27.29,27.95,26.9,26.95,280900,0.0
2004-03-25,26.86,27.34,26.86,27.34,525400,0.0
2004-03-26,27.39,27.39,27.15,27.15,95200,0.0
2004-03-29,27.95,27.96,27.68,27.81,68400,0.0
2004-03-30,27.93,27.94,27.67,27.71,116500,0.0
2004-03-31,28.38,28.38,27.96,28.19,122300,0.0
2004-04-01,28.3,28.81,28.25,28.58,260300,0.0
2004-04-02,28.94,28.94,28.65,28.7,293500,0.0
2004-04-05,28.87,29.04,28.62,28.99,289700,0.0
2004-04-06,29.04,29.19,29.0,29.19,248500,0.0
2004-04-07,29.21,29.39,29.1,29.3,204500,0.0
2004-04-08,29.78,29.9,29.57,29.68,226700,0.0
2004-04-12,29.88,30.1,29.69,30.05,141000,0.0
2004-04-13,29.79,29.84,29.2,29.32,144500,0.0
2004-04-14,29.24,29.35,28.89,29.15,98400,0.0
2004-04-15,28.51,29.13,28.51,29.07,377100,0.0
2004-04-16,28.64,28.7,28.27,28.6,218700,0.0
2004-04-19,28.73,28.9,28.6,28.89,369900,0.0
2004-04-20,29.34,29.49,28.8,28.99,161800,0.0
2004-04-21,29.59,29.59,29.25,29.46,464400,0.0
2004-04-22,29.0,29.49,28.91,29.35,285500,0.0
2004-04-23,29.59,29.64,29.37,29.64,150500,0.0
2004-04-26,29.19,29.24,28.74,28.8,439100,0.0
2004-04-27,28.89,28.91,28.61,28.75,138200,0.0
2004-04-28,28.29,28.29,27.37,27.44,771500,0.0
2004-04-29,26.75,26.85,25.9,26.03,760000,0.0
2004-04-30,26.03,26.3,25.38,25.85,748600,0.0
2004-05-03,26.01,26.29,25.8,26.17,194000,0.0
2004-05-04,26.49,26.5,26.04,26.32,298700,0.0
2004-05-05,26.44,26.51,26.2,26.32,222200,0.0
2004-05-06,25.51,25.58,25.0,25.25,314000,0.0
2004-05-07,25.16,25.25,24.9,24.9,295200,0.0
2004-05-10,23.41,23.7,23.26,23.33,753200,0.0
2004-05-11,23.78,23.89,23.5,23.79,168500,0.0
2004-05-12,24.55,24.57,23.65,24.2,431200,0.0
2004-05-13,23.79,23.93,23.53,23.75,264800,0.0
2004-05-14,22.65,23.05,22.51,22.94,439200,0.0
2004-05-17,21.46,21.9,21.28,21.89,1079400,0.0
2004-05-18,22.28,22.6,22.17,22.52,869100,0.0
2004-05-19,23.99,23.99,23.35,23.35,931600,0.0
2004-05-20,23.44,23.49,23.21,23.47,133100,0.0
2004-05-21,24.08,24.09,23.81,23.93,169700,0.0
2004-05-24,24.44,24.44,24.0,24.01,315300,0.0
2004-05-25,23.89,24.2,23.73,24.18,442700,0.0
2004-05-26,24.18,24.39,23.9,24.21,341200,0.0
2004-05-27,24.67,24.67,24.5,24.65,135000,0.0
2004-05-28,24.89,24.89,24.7,24.85,97900,0.0
2004-06-01,24.66,24.98,24.66,24.84,240600,0.0
2004-06-02,24.68,24.7,24.2,24.64,831600,0.0
2004-06-03,23.26,23.73,23.25,23.49,110100,0.0
2004-06-04,23.89,24.0,23.69,23.81,165800,0.0
2004-06-07,24.69,24.99,24.52,24.99,230800,0.0
2004-06-08,24.85,24.94,24.66,24.89,223900,0.0
2004-06-09,24.39,24.4,23.88,23.94,339400,0.0
2004-06-10,23.64,23.84,23.61,23.7,124000,0.0
2004-06-14,22.48,22.48,22.02,22.2,263700,0.0
2004-06-15,22.94,23.05,22.75,23.05,202100,0.0
2004-06-16,22.94,22.94,22.51,22.62,276400,0.0
2004-06-17,22.87,22.97,22.64,22.76,310800,0.0
2004-06-18,22.79,22.8,22.51,22.52,171600,0.0
2004-06-21,22.52,22.64,22.49,22.5,400200,0.0
2004-06-22,22.55,22.82,22.51,22.8,56700,0.0
2004-06-23,22.49,22.83,22.49,22.7,235900,0.0
2004-06-24,23.49,23.55,23.35,23.5,291800,0.0
2004-06-25,23.9,24.24,23.76,24.06,203800,0.0
2004-06-28,23.89,24.12,23.5815,23.75,163600,0.0
2004-06-29,24.04,24.04,23.75,23.95,159900,0.0
2004-06-30,24.29,24.34,24.01,24.34,232700,0.0
2004-07-01,23.99,24.05,23.65,23.65,264800,0.0
2004-07-02,23.29,23.49,22.95,23.19,225700,0.0
2004-07-06,23.18,23.18,22.86,22.9,391600,0.0
2004-07-07,23.24,23.25,23.13,23.2,383700,0.0
2004-07-08,22.79,22.79,22.48,22.61,107300,0.0
2004-07-09,22.85,22.89,22.66,22.89,212700,0.0
2004-07-12,22.84,22.85,22.53,22.84,166000,0.0
2004-07-13,23.09,23.1,22.91,23.07,161900,0.0
2004-07-14,22.49,22.58,22.09,22.2,261500,0.0
2004-07-15,22.18,22.19,22.0,22.01,80700,0.0
2004-07-16,22.52,22.55,22.25,22.39,109200,0.0
2004-07-19,22.84,22.9,22.53,22.61,132800,0.0
2004-07-20,22.37,22.54,22.26,22.5,286300,0.0
2004-07-21,23.09,23.09,22.21,22.21,567700,0.0
2004-07-22,22.26,22.6,22.0815,22.54,254500,0.0
2004-07-23,22.37,22.37,21.91,21.96,200500,0.0
2004-07-26,22.1,22.29,21.85,21.96,61900,0.0
2004-07-27,22.05,22.41,22.04,22.3,347000,0.0
2004-07-28,22.4,22.56,22.1,22.37,537500,0.0
2004-07-29,22.14,22.23,21.85,22.15,351200,0.0
2004-07-30,21.86,22.16,21.81,22.0485,103800,0.0
2004-08-02,21.6,21.85,21.59,21.84,96300,0.0
2004-08-03,21.84,21.95,21.65,21.65,142900,0.0
2004-08-04,21.85,21.93,21.72,21.91,290700,0.0
2004-08-05,22.45,22.45,22.25,22.25,565400,0.0
2004-08-06,22.25,22.25,21.85,21.9,198800,0.0
2004-08-09,22.52,22.53,22.35,22.41,325300,0.0
2004-08-10,22.88,22.99,22.75,22.95,323300,0.0
2004-08-11,23.05,23.11,22.67,22.97,383500,0.0
2004-08-12,23.2,23.27,22.92,23.05,283800,0.0
2004-08-13,23.55,23.58,23.41,23.45,260800,0.0
2004-08-16,23.4,23.75,23.4,23.7,149800,0.0
2004-08-17,23.39,23.53,23.3,23.45,134800,0.0
2004-08-18,23.22,23.88,23.22,23.88,175500,0.0
2004-08-19,23.9,24.1,23.75,23.98,275800,0.0
2004-08-20,23.98,24.22,23.81,24.21,150400,0.0
2004-08-23,24.1,24.15,24.0,24.0,246600,0.0
2004-08-24,24.15,24.23,24.0,24.09,70000,0.0
2004-08-25,24.3,24.4,24.1,24.4,222000,0.0
2004-08-26,24.5,24.65,24.42,24.62,286900,0.0
2004-08-27,24.6,24.64,24.3,24.49,143000,0.0
2004-08-30,27.07,27.07,24.05,24.05,338000,0.0
2004-08-31,24.2,24.37,24.01,24.25,178500,0.0
2004-09-01,24.7,24.92,24.5,24.75,461800,0.0
2004-09-02,25.05,25.25,24.87,25.09,117300,0.0
2004-09-03,25.04,25.09,24.82,25.09,418500,0.0
2004-09-07,24.65,24.84,24.55,24.67,366000,0.0
2004-09-08,24.55,24.65,24.46,24.49,245700,0.0
2004-09-09,24.66,24.9017,24.66,24.73,994700,0.0
2004-09-10,25.25,25.31,25.1,25.28,408300,0.0
2004-09-13,25.85,25.95,25.76,25.76,297000,0.0
2004-09-14,25.7,25.85,25.62,25.68,377800,0.0
2004-09-15,25.61,25.68,25.45,25.45,262300,0.0
2004-09-16,25.76,25.9,25.7,25.85,637500,0.0
2004-09-17,25.65,25.7,25.58,25.7,253100,0.0
2004-09-20,25.65,25.73,25.62,25.66,176500,0.0
2004-09-21,25.71,26.1,25.7,25.94,116900,0.0
2004-09-22,25.45,25.45,24.82,24.84,277300,0.0
2004-09-23,24.95,25.08,24.79,24.87,55400,0.0
2004-09-24,25.1,25.14,24.95,25.13,295600,0.0
2004-09-27,24.87,25.0,24.81,24.91,87200,0.0
2004-09-28,24.75,25.08,24.74,25.0,188900,0.0
2004-09-29,25.05,25.15,24.9,25.09,165500,0.0
2004-09-30,24.81,25.11,24.81,25.0,325900,0.0
2004-10-01,25.59,25.84,25.51,25.77,226900,0.0
2004-10-04,26.45,26.72,26.35,26.5,320100,0.0
2004-10-05,26.72,26.75,25.75,25.75,127500,0.0
2004-10-06,26.51,26.68,26.41,26.66,220400,0.0
2004-10-07,26.58,26.6,26.32,26.44,129000,0.0
2004-10-08,26.44,26.47,26.05,26.15,233200,0.0
2004-10-11,26.45,26.45,26.26,26.26,112700,0.0
2004-10-12,25.5,26.0,25.3,25.6,270700,0.0
2004-10-13,25.5,25.65,25.3,25.32,314000,0.0
2004-10-14,25.15,25.25,24.9,24.91,420500,0.0
2004-10-15,25.0,25.14,24.9,25.04,117800,0.0
2004-10-18,25.15,25.47,25.15,25.37,232200,0.0
2004-10-19,25.4,25.64,25.3,25.38,128200,0.0
2004-10-20,24.95,24.99,24.7,24.95,469600,0.0
2004-10-21,24.52,24.8,24.5,24.7,308400,0.0
2004-10-22,24.85,24.88,24.4,24.41,122200,0.0
2004-10-25,24.3,24.43,24.01,24.39,427500,0.0
2004-10-26,24.35,24.73,24.35,24.63,160000,0.0
2004-10-27,24.59,25.2,24.4,25.2,775200,0.0
2004-10-28,25.25,25.44,24.98,25.25,520800,0.0
2004-10-29,25.45,25.66,25.35,25.54,295600,0.0
2004-11-01,25.6,25.67,25.41,25.53,273700,0.0
2004-11-02,25.75,26.2,25.72,25.93,317200,0.0
2004-11-03,26.55,26.67,26.34,26.35,476100,0.0
2004-11-04,26.16,26.69,26.16,26.65,596200,0.0
2004-11-05,26.7,26.74,26.5,26.5,403000,0.0
2004-11-08,26.15,26.29,25.33,26.25,202700,0.0
2004-11-09,26.2,26.2,25.9,26.0,525300,0.0
2004-11-10,26.3,26.3,26.03,26.08,250200,0.0
2004-11-11,26.25,26.6,26.1615,26.52,244300,0.0
2004-11-12,26.75,27.3,26.75,27.25,228600,0.0
2004-11-15,27.45,27.7,27.45,27.68,393100,0.0
2004-11-16,27.48,27.54,27.18,27.31,267400,0.0
2004-11-17,27.8,28.25,27.8,28.11,421600,0.0
2004-11-18,27.85,28.08,27.8,27.98,344100,0.0
2004-11-19,27.75,27.79,27.38,27.44,484000,0.0
2004-11-22,27.2,27.37,27.11,27.27,443700,0.0
2004-11-23,27.5,27.54,27.25,27.4,133500,0.0
2004-11-24,27.9,28.0,27.72,27.95,57200,0.0
2004-11-26,27.71,28.04,27.71,28.0,111600,0.0
2004-11-29,28.11,28.12,27.85,27.95,180000,0.0
2004-11-30,28.35,28.59,28.15,28.26,369200,0.0
2004-12-01,28.25,28.75,28.22,28.7,643000,0.0
2004-12-02,28.85,28.85,28.51,28.7,1020900,0.0
2004-12-03,28.7,28.78,28.45,28.55,169800,0.0
2004-12-06,28.2,28.45,27.92,28.4,304300,0.0
2004-12-07,27.95,27.99,27.5,27.58,306500,0.0
2004-12-08,27.58,27.78,27.58,27.62,197000,0.0
2004-12-09,27.25,27.55,27.15,27.45,176400,0.0
2004-12-10,26.51,26.65,26.4,26.58,267500,0.0
2004-12-13,26.6,26.94,26.41,26.76,262300,0.0
2004-12-14,26.86,27.09,26.86,27.0,243300,0.0
2004-12-15,27.8,27.8,27.46,27.64,226700,0.0
2004-12-16,27.94,27.98,27.61,27.75,145700,0.0
2004-12-17,27.85,27.85,27.65,27.85,173700,0.0
2004-12-20,28.06,28.39,28.05,28.26,3250700,0.0
2004-12-21,28.37,28.39,28.16,28.3,251500,0.0
2004-12-22,28.39,28.4,28.24,28.24,195000,0.0
2004-12-23,28.2,28.33,28.1,28.2,122400,0.0
2004-12-27,28.29,28.3,28.05,28.24,120700,0.0
2004-12-28,28.25,28.5,28.25,28.48,141300,0.0
2004-12-29,28.49,28.57,28.28,28.57,203300,0.0
2004-12-30,28.8,29.0,28.8,29.0,102300,0.0
2004-12-31,29.34,29.34,29.08,29.25,43400,0.0
2005-01-03,29.01,29.2,28.7,28.85,310500,0.0
2005-01-04,28.71,28.85,28.05,28.06,338600,0.0
2005-01-05,28.65,28.65,28.1,28.25,362600,0.0
2005-01-06,28.0,28.05,27.75,27.78,374600,0.0
2005-01-07,28.0,28.01,27.66,27.7,216400,0.0
2005-01-10,28.09,28.1,27.81,27.91,290900,0.0
2005-01-11,28.64,28.64,28.25,28.44,219700,0.0
2005-01-12,28.41,28.67,28.32,28.58,244000,0.0
2005-01-13,28.8,28.99,28.6,28.85,381800,0.0
2005-01-14,29.46,29.85,29.36,29.85,636400,0.0
2005-01-18,30.17,30.6,30.01,30.59,328900,0.0
2005-01-19,30.2,30.4,29.94,30.0,266200,0.0
2005-01-20,30.24,30.24,29.8,29.96,449600,0.0
2005-01-21,30.15,30.34,29.9515,30.05,197800,0.0
2005-01-24,30.59,30.65,30.3,30.35,562300,0.0
2005-01-25,30.25,30.43,30.2,30.29,359800,0.0
2005-01-26,31.01,31.01,30.62,30.83,435700,0.0
2005-01-27,30.62,30.74,30.41,30.74,563500,0.0
2005-01-28,30.65,30.74,30.35,30.4,186800,0.0
2005-01-31,30.8,31.0,30.75,30.97,315700,0.0
2005-02-01,30.79,30.9,30.65,30.9,242100,0.0
2005-02-02,30.85,30.85,30.55,30.72,271300,0.0
2005-02-03,30.99,30.99,30.72,30.77,218500,0.0
2005-02-04,31.09,31.4,30.9,31.4,294400,0.0
2005-02-07,31.0,31.75,31.0,31.7,272700,0.0
2005-02-08,32.02,32.02,31.63,31.88,282000,0.0
2005-02-09,31.94,31.9683,31.55,31.65,230600,0.0
2005-02-10,31.69,31.69,31.06,31.22,497300,0.0
2005-02-11,31.42,31.75,31.26,31.7,229100,0.0
2005-02-14,32.12,32.15,32.06,32.11,398200,0.0
2005-02-15,32.15,32.52,32.11,32.45,295100,0.0
2005-02-16,32.34,32.44,32.2,32.34,269700,0.0
2005-02-17,32.4,32.5,32.13,32.2,198000,0.0
2005-02-18,32.85,33.0,32.7,32.95,626500,0.0
2005-02-22,33.24,33.25,32.75,32.77,635500,0.0
2005-02-23,33.14,33.14,32.71,32.98,278700,0.0
2005-02-24,33.16,33.6,33.16,33.45,444200,0.0
2005-02-25,33.95,34.5,33.6,34.12,401800,0.0
2005-02-28,34.5,34.64,34.21,34.33,582100,0.0
2005-03-01,34.55,34.8,34.36,34.62,780100,0.0
2005-03-02,34.17,34.34,33.83,33.99,741500,0.0
2005-03-03,34.2,34.39,34.11,34.25,307200,0.0
2005-03-04,34.05,34.54,34.05,34.5,234300,0.0
2005-03-07,34.25,34.4,34.11,34.16,342200,0.0
2005-03-08,34.05,34.1409,33.75,33.85,496400,0.0
2005-03-09,33.9,34.15,33.6,33.79,594300,0.0
2005-03-10,33.84,33.85,33.35,33.55,352200,0.0
2005-03-11,34.35,34.51,34.04,34.15,750600,0.0
2005-03-14,34.21,34.49,34.16,34.16,334700,0.0
2005-03-15,33.54,33.54,32.83,33.04,891600,0.0
2005-03-16,33.05,33.15,32.5,32.75,824900,0.0
2005-03-17,32.78,33.1,32.45,32.91,635600,0.0
2005-03-18,32.95,33.1,32.71,32.95,447700,0.0
2005-03-21,33.0,33.1,32.51,32.62,198700,0.0
2005-03-22,32.9,32.99,32.22,32.31,501900,0.0
2005-03-23,32.41,32.43,32.06,32.2,1117400,0.0
2005-03-24,32.02,32.15,31.76,31.86,451200,0.0
2005-03-28,32.55,32.55,32.16,32.25,807600,0.0
2005-03-29,31.1,31.85,31.1,31.4,1024700,0.0
2005-03-30,32.09,32.09,31.08,31.64,1126500,0.0
2005-03-31,31.38,32.15,31.38,31.81,690200,0.0
2005-04-01,32.01,33.01,32.01,32.2,803000,0.0
2005-04-04,32.0,32.75,32.0,32.52,289100,0.0
2005-04-05,32.35,32.8,32.35,32.7,166800,0.0
2005-04-06,32.25,33.15,32.12,32.95,364300,0.0
2005-04-07,32.4,33.3,32.4,33.3,478200,0.0
2005-04-08,32.8,33.3,32.8,33.0,223100,0.0
2005-04-11,32.6,33.15,32.6,32.64,320800,0.0
2005-04-12,32.75,32.99,32.21,32.9,679800,0.0
2005-04-13,33.09,33.09,32.31,32.51,328300,0.0
2005-04-14,32.0,32.0,31.2,31.25,735900,0.0
2005-04-15,31.25,31.5,30.62,30.84,422700,0.0
2005-04-18,30.58,30.79,30.35,30.65,823000,0.0
2005-04-19,31.0,31.29,30.88,31.2,425600,0.0
2005-04-20,31.5,31.5,30.74,30.77,376600,0.0
2005-04-21,31.35,31.73,31.25,31.63,451600,0.0
2005-04-22,31.53,31.54,31.0,31.15,322600,0.0
2005-04-25,31.65,31.99,31.65,31.85,208800,0.0
2005-04-26,31.85,31.85,31.42,31.55,332700,0.0
2005-04-27,30.42,31.2,30.42,30.95,1804600,0.0
2005-04-28,30.7,30.7,30.16,30.39,480400,0.0
2005-04-29,30.6,30.95,30.35,30.84,300300,0.0
2005-05-02,30.55,30.89,30.5,30.61,214500,0.0
2005-05-03,30.52,30.54,30.35,30.43,293600,0.0
2005-05-04,31.09,31.88,31.0,31.8,679700,0.0
2005-05-05,31.06,32.25,31.06,31.65,161600,0.0
2005-05-06,31.74,31.9,31.6,31.7,144800,0.0
2005-05-09,31.45,31.69,31.41,31.69,402100,0.0
2005-05-10,31.27,31.43,31.06,31.15,536500,0.0
2005-05-11,30.95,31.25,30.76,31.2,336100,0.0
2005-05-12,31.94,31.94,30.66,30.66,211600,0.0
2005-05-13,30.95,31.13,30.69,30.78,207400,0.0
2005-05-16,30.95,31.15,30.81,31.15,157700,0.0
2005-05-17,31.1,31.2,30.91,31.18,156300,0.0
2005-05-18,31.35,31.86,31.31,31.8,298500,0.0
2005-05-19,31.9,32.23,31.89,32.17,512500,0.0
2005-05-20,32.15,32.24,31.91,32.08,175500,0.0
2005-05-23,32.05,32.29,31.91,32.15,102500,0.0
2005-05-24,31.3,32.34,31.3,32.29,499600,0.0
2005-05-25,31.95,31.95,31.57,31.75,167300,0.0
2005-05-26,31.68,32.12,31.68,32.1,240200,0.0
2005-05-27,32.84,32.84,32.2,32.29,130500,0.0
2005-05-31,32.25,32.35,32.03,32.15,118600,0.0
2005-06-01,32.21,32.5,32.05,32.44,283800,0.0
2005-06-02,32.25,32.4,32.14,32.33,285600,0.0
2005-06-03,32.36,32.64,32.26,32.35,122100,0.0
2005-06-06,32.45,32.64,32.36,32.64,169900,0.0
2005-06-07,32.3,32.62,32.3,32.33,184200,0.0
2005-06-08,32.5,32.65,32.38,32.5,114500,0.0
2005-06-09,32.7,32.88,32.56,32.8,284300,0.0
2005-06-10,32.9,32.96,32.66,32.87,210200,0.0
2005-06-13,32.99,33.07,32.75,32.77,159200,0.0
2005-06-14,32.77,32.8,32.55,32.77,65000,0.0
2005-06-15,33.1,33.3,32.87,33.27,411200,0.0
2005-06-16,33.3,33.45,33.0,33.3,277600,0.0
2005-06-17,33.4,33.49,33.3,33.42,257900,0.0
2005-06-20,32.95,32.95,32.65,32.85,251100,0.0
2005-06-21,32.75,32.89,32.7,32.79,167500,0.0
2005-06-22,33.1,33.1,32.93,33.07,280500,0.0
2005-06-23,33.35,33.38,32.9,33.0,323000,0.0
2005-06-24,32.85,32.89,32.6,32.68,182200,0.0
2005-06-27,32.5,32.55,32.32,32.4,133800,0.0
2005-06-28,32.35,32.58,32.18,32.5,417000,0.0
2005-06-29,32.2,32.4,32.1,32.25,147900,0.0
2005-06-30,32.29,32.4,31.92,32.0,297300,0.0
2005-07-01,32.3,32.4,32.25,32.4,344200,0.0
2005-07-05,31.75,32.26,31.75,32.09,283300,0.0
2005-07-06,31.86,32.13,31.81,31.81,391800,0.0
2005-07-07,31.55,31.99,31.55,31.99,218300,0.0
2005-07-08,32.1,32.41,32.01,32.35,284600,0.0
2005-07-11,33.2,33.45,33.01,33.41,174400,0.0
2005-07-12,33.48,33.81,33.44,33.74,327900,0.0
2005-07-13,33.62,33.8108,33.62,33.7,475200,0.0
2005-07-14,34.3,35.0,34.21,34.55,473400,0.0
2005-07-15,34.05,34.34,33.96,34.15,312800,0.0
2005-07-18,34.15,34.25,34.07,34.15,149400,0.0
2005-07-19,34.3,34.8,34.3,34.8,446000,0.0
2005-07-20,34.45,34.81,34.37,34.62,206400,0.0
2005-07-21,34.7,35.29,34.7,35.2,139500,0.0
2005-07-22,35.0,35.21,34.91,35.13,172000,0.0
2005-07-25,35.3,35.59,35.25,35.28,381000,0.0
2005-07-26,35.29,35.4,35.06,35.25,232300,0.0
2005-07-27,35.99,35.99,33.96,35.35,401700,0.0
2005-07-28,35.85,36.06,35.69,36.03,353800,0.0
2005-07-29,36.15,36.25,35.92,35.99,290300,0.0
2005-08-01,36.27,36.55,36.26,36.47,200500,0.0
2005-08-02,36.81,36.98,36.64,36.96,220200,0.0
2005-08-03,36.8,36.95,36.7,36.75,262700,0.0
2005-08-04,42.0,42.0,36.35,36.35,629700,0.0
2005-08-05,35.65,36.31,34.71,35.25,575600,0.0
2005-08-08,34.74,36.06,34.74,35.6,302000,0.0
2005-08-09,35.33,36.54,35.33,36.43,598400,0.0
2005-08-10,36.91,36.94,36.4,36.5,372700,0.0
2005-08-11,37.05,37.55,37.02,37.3,382000,0.0
2005-08-12,37.45,37.47,37.04,37.32,306300,0.0
2005-08-15,36.8,37.4,36.11,37.2,307600,0.0
2005-08-16,36.5,36.73,36.2,36.2,562100,0.0
2005-08-17,36.41,36.74,35.42,36.6,315800,0.0
2005-08-18,35.65,35.81,35.33,35.46,419900,0.0
2005-08-19,35.33,35.49,35.25,35.43,342800,0.0
2005-08-22,36.41,36.78,36.35,36.48,278600,0.0
2005-08-23,36.4,36.45,36.0,36.1,338500,0.0
2005-08-24,35.8,35.8,34.9,34.95,638600,0.0
2005-08-25,35.3,35.6,35.27,35.54,427700,0.0
2005-08-26,35.55,35.55,34.67,34.71,719600,0.0
2005-08-29,34.4,34.75,34.3,34.71,515600,0.0
2005-08-30,35.25,35.25,34.28,34.35,525700,0.0
2005-08-31,34.67,35.15,34.56,35.1,562600,0.0
2005-09-01,35.7,35.98,35.4,35.91,690600,0.0
2005-09-02,35.71,36.7,35.65,36.6,612700,0.0
2005-09-06,36.88,37.15,36.67,37.15,354300,0.0
2005-09-07,37.4,37.74,37.3,37.7,544500,0.0
2005-09-08,37.25,37.69,37.25,37.4,475800,0.0
2005-09-09,37.65,38.25,37.6,38.1,335600,0.0
2005-09-12,38.6,38.6,37.95,37.95,379300,0.0
2005-09-13,37.9,38.15,37.7,37.71,268000,0.0
2005-09-14,38.25,38.32,38.02,38.17,327400,0.0
2005-09-15,38.48,38.59,38.26,38.55,569600,0.0
2005-09-16,38.6,38.79,38.5,38.72,205100,0.0
2005-09-19,39.01,39.6,38.74,39.25,1007200,0.0
2005-09-20,39.25,39.45,38.71,38.8,610100,0.0
2005-09-21,39.1,39.4,39.01,39.11,605300,0.0
2005-09-22,39.49,39.55,39.12,39.42,809700,0.0
2005-09-23,38.4,38.65,38.2,38.6,563700,0.0
2005-09-26,39.55,43.2,38.8,39.25,547600,0.0
2005-09-27,38.8,39.3,38.8,39.2,341300,0.0
2005-09-28,39.77,39.8,39.5,39.69,538200,0.0
2005-09-29,39.6,39.99,39.6,39.7,632700,0.0
2005-09-30,39.15,39.96,38.65,39.45,400000,0.0
2005-10-03,39.45,39.45,38.95,39.17,526300,0.0
2005-10-04,39.8,40.41,39.5,39.58,433000,0.0
2005-10-05,39.35,39.4,38.7,38.7,1273000,0.0
2005-10-06,38.05,38.165,37.26,37.42,1412800,0.0
2005-10-07,38.34,38.46,38.05,38.36,753500,0.0
2005-10-10,39.08,39.18,38.51,38.64,487000,0.0
2005-10-11,39.6,39.6,39.26,39.38,535300,0.0
2005-10-12,38.3,38.5,37.5,37.9,922200,0.0
2005-10-13,37.7,37.7,35.6,37.23,981500,0.0
2005-10-14,37.05,37.6,36.33,37.55,646200,0.0
2005-10-17,36.77,37.5,36.77,37.03,402200,0.0
2005-10-18,37.09,37.14,36.4,36.46,202000,0.0
2005-10-19,35.8,36.68,35.33,36.46,821600,0.0
2005-10-20,36.25,36.3,35.6072,35.7,719000,0.0
2005-10-21,36.82,37.2,36.7,36.92,776900,0.0
2005-10-24,36.95,37.45,36.82,37.41,279400,0.0
2005-10-25,37.0,37.07,36.46,36.74,428600,0.0
2005-10-26,36.8,37.5,36.8,37.19,942500,0.0
2005-10-27,37.02,37.05,36.4,36.45,600500,0.0
2005-10-28,35.9,36.6,35.86,36.55,694100,0.0
2005-10-31,36.8,37.3,36.7,37.25,448300,0.0
2005-11-01,37.9,38.0,37.69,37.95,1423400,0.0
2005-11-02,38.5,39.35,38.37,39.17,1759100,0.0
2005-11-03,39.05,39.65,38.99,39.24,547400,0.0
2005-11-04,38.95,39.21,38.4056,38.6,961900,0.0
2005-11-07,38.75,38.82,38.36,38.63,467700,0.0
2005-11-08,38.3,39.31,38.3,38.61,279200,0.0
2005-11-09,39.02,39.25,38.76,39.05,410800,0.0
2005-11-10,39.25,39.44,38.85,39.35,425400,0.0
2005-11-11,40.0,40.32,39.85,40.21,516300,0.0
2005-11-14,40.5,40.58,40.21,40.36,1839200,0.0
2005-11-15,40.39,40.4,39.79,39.88,608000,0.0
2005-11-16,39.83,40.55,39.83,40.3,317000,0.0
2005-11-17,40.6,40.91,40.45,40.74,522300,0.0
2005-11-18,40.69,40.95,40.6,40.81,451100,0.0
2005-11-21,40.99,40.99,39.8,40.38,579300,0.0
2005-11-22,39.5,39.59,38.7,39.54,846900,0.0
2005-11-23,40.78,41.18,40.56,41.0,659500,0.0
2005-11-25,40.95,41.0,40.77,40.88,265100,0.0
2005-11-28,41.0,41.0,40.45,40.5,592500,0.0
2005-11-29,40.7,40.76,40.25,40.48,497300,0.0
2005-11-30,40.89,41.3,40.6,40.79,513500,0.0
2005-12-01,41.4,41.94,40.94,41.85,1484700,0.0
2005-12-02,41.7,42.24,41.48,41.53,430200,0.0
2005-12-05,41.8,41.83,41.41,41.62,540400,0.0
2005-12-06,42.49,42.54,42.1,42.4,602300,0.0
2005-12-07,42.7,42.7,42.15,42.2,595600,0.0
2005-12-08,42.3,42.55,42.13,42.2,569200,0.0
2005-12-09,42.15,42.5,42.05,42.39,464700,0.0
2005-12-12,42.85,42.95,42.7,42.85,534100,0.0
2005-12-13,43.0,43.41,42.999,43.32,625200,0.0
2005-12-14,43.25,43.4,43.15,43.32,321200,0.0
2005-12-15,43.25,43.45,43.2,43.2,497900,0.0
2005-12-16,42.64,43.02,42.64,42.8,878500,0.0
2005-12-19,43.15,43.45,42.95,42.99,477300,0.0
2005-12-20,43.2,43.45,43.2,43.31,736600,0.0
2005-12-21,43.85,44.35,43.85,44.2,1271000,0.0
2005-12-22,44.0,44.2,43.95,44.14,606700,0.0
2005-12-23,44.25,44.5,44.2,44.41,507100,0.0
2005-12-27,44.59,44.9,44.3,44.49,615800,0.0
2005-12-28,44.55,44.87,44.54,44.74,440700,0.0
2005-12-29,44.95,45.16,44.76,44.85,678900,0.0
2005-12-30,44.79,45.0,44.43,44.75,691600,0.0
2006-01-03,45.55,46.6,45.55,46.41,1409000,0.0
2006-01-04,46.35,46.6,46.35,46.55,1238900,0.0
2006-01-05,46.83,46.83,46.25,46.38,1088500,0.0
2006-01-06,47.25,47.45,46.85,47.32,1303300,0.0
2006-01-09,47.5,47.56,47.34,47.47,943600,0.0
2006-01-10,47.26,47.28,46.52,46.57,876200,0.0
2006-01-11,46.25,46.7,46.18,46.7,1545500,0.0
2006-01-12,46.85,46.95,46.22,46.36,1233800,0.0
2006-01-13,46.9,46.9,46.5,46.69,382000,0.0
2006-01-17,45.75,45.95,45.35,45.38,1236300,0.0
2006-01-18,43.9,44.6,43.44,44.59,3093300,0.0
2006-01-19,44.77,45.62,44.77,45.58,1953900,0.0
2006-01-20,44.27,44.3,43.45,43.45,1681300,0.0
2006-01-23,43.99,44.35,43.83,44.22,1258200,0.0
2006-01-24,45.26,45.8,45.26,45.63,1253600,0.0
2006-01-25,46.52,46.57,46.2,46.32,982400,0.0
2006-01-26,46.49,47.3,46.49,47.18,1263500,0.0
2006-01-27,47.85,48.15,47.61,48.04,1396100,0.0
2006-01-30,48.05,48.2,47.13,47.86,653100,0.0
2006-01-31,48.25,48.51,48.12,48.21,1129800,0.0
2006-02-01,47.75,47.87,47.25,47.5,2225500,0.0
2006-02-02,47.18,47.47,46.55,46.63,1687600,0.0
2006-02-03,45.35,45.9399,45.29,45.65,1376000,0.0
2006-02-06,46.5,46.82,46.31,46.76,814100,0.0
2006-02-07,46.0,46.03,45.22,45.34,1294700,0.0
2006-02-08,45.1,45.67,44.92,45.56,1641800,0.0
2006-02-09,45.62,46.05,45.36,45.59,998200,0.0
2006-02-10,46.26,46.26,45.0,46.05,1018800,0.0
2006-02-13,44.83,45.0,43.9,44.4,1539700,0.0
2006-02-14,44.96,46.03,44.96,45.96,989400,0.0
2006-02-15,44.69,44.83,44.32,44.82,1880200,0.0
2006-02-16,45.0,45.65,44.95,45.55,1622600,0.0
2006-02-17,45.45,45.91,45.45,45.73,670900,0.0
2006-02-21,46.35,46.59,46.1,46.21,1075200,0.0
2006-02-22,46.09,46.1399,45.65,46.09,927700,0.0
2006-02-23,46.55,46.7,46.35,46.6,551300,0.0
2006-02-24,47.0,47.23,46.9101,47.11,481000,0.0
2006-02-27,47.23,47.6,47.202,47.58,537900,0.0
2006-02-28,47.53,47.53,44.83,46.41,1295500,0.0
2006-03-01,46.6,47.25,46.6,47.24,698700,0.0
2006-03-02,47.0,47.08,46.57,46.86,762500,0.0
2006-03-03,45.28,45.93,45.16,45.55,1340800,0.0
2006-03-06,45.8,45.95,44.96,45.1,962600,0.0
2006-03-07,44.52,44.52,43.01,43.35,3066400,0.0
2006-03-08,43.75,44.19,43.2,44.14,1645000,0.0
2006-03-09,44.22,44.92,43.64,43.75,1672800,0.0
2006-03-10,44.34,44.97,44.31,44.71,557800,0.0
2006-03-13,45.19,45.5,45.06,45.15,848900,0.0
2006-03-14,44.83,45.85,44.66,45.69,998000,0.0
2006-03-15,45.5,45.79,45.3,45.73,821800,0.0
2006-03-16,45.5,45.65,45.23,45.3,904600,0.0
2006-03-17,45.46,45.92,45.4301,45.9,686100,0.0
2006-03-20,46.0,46.54,45.99,46.45,967000,0.0
2006-03-21,45.05,46.11,45.0,45.45,1097300,0.0
2006-03-22,44.65,45.13,44.35,45.13,628200,0.0
2006-03-23,45.0,45.1,44.62,44.69,1120100,0.0
2006-03-24,44.92,45.09,44.79,44.95,630900,0.0
2006-03-27,45.4,45.69,45.23,45.59,793200,0.0
2006-03-28,45.8,45.8,45.01,45.02,940100,0.0
2006-03-29,45.53,45.84,45.35,45.84,947300,0.0
2006-03-30,45.74,46.21,45.7,45.76,1263400,0.0
2006-03-31,46.72,46.75,46.5,46.65,737700,0.0
2006-04-03,47.5,48.12,47.4501,47.64,1838000,0.0
2006-04-04,48.45,48.63,47.954,48.45,1539900,0.0
2006-04-05,48.51,49.14,48.51,49.12,965500,0.0
2006-04-06,49.45,49.479,48.76,49.09,949200,0.0
2006-04-07,49.4,49.44,48.55,48.75,748400,0.0
2006-04-10,48.67,48.9699,48.55,48.72,666000,0.0
2006-04-11,48.5,48.5,47.5,47.52,1221300,0.0
2006-04-12,47.85,47.85,47.23,47.41,912300,0.0
2006-04-13,48.35,48.4,48.01,48.33,759500,0.0
2006-04-17,49.49,49.49,49.05,49.21,1303200,0.0
2006-04-18,49.4,50.39,49.4,50.3,1098300,0.0
2006-04-19,50.49,50.5,50.12,50.39,600900,0.0
2006-04-20,50.0,50.44,49.85,50.24,745500,0.0
2006-04-21,50.8,50.9,50.2858,50.58,595700,0.0
2006-04-24,50.5,50.5,49.8,50.11,665100,0.0
2006-04-25,50.0,50.27,49.57,49.86,661400,0.0
2006-04-26,50.71,51.02,50.67,50.97,1241300,0.0
2006-04-27,50.41,50.98,50.21,50.54,799500,0.0
2006-04-28,49.96,49.98,49.4,49.6,2302400,0.0
2006-05-01,49.72,50.1,49.7,49.9,978800,0.0
2006-05-02,50.81,52.9,50.3,50.68,1669500,0.0
2006-05-03,50.91,50.91,50.34,50.64,493400,0.0
2006-05-04,50.88,51.2,50.65,51.08,525700,0.0
2006-05-05,51.3,51.72,51.154,51.5,863100,0.0
2006-05-08,52.16,52.29,51.89,52.15,1369500,0.0
2006-05-09,51.75,52.07,51.6,51.7,1508900,0.0
2006-05-10,51.8,51.88,51.36,51.73,662800,0.0
2006-05-11,51.78,51.8,50.6,50.76,1179100,0.0
2006-05-12,50.5,50.66,49.7604,49.82,1960700,0.0
2006-05-15,49.0,49.17,48.42,48.77,1908800,0.0
2006-05-16,48.95,49.46,48.06,48.45,1076200,0.0
2006-05-17,48.5,48.9,47.2,47.47,2183600,0.0
2006-05-18,47.97,48.93,46.91,46.99,2914200,0.0
2006-05-19,47.63,48.95,46.41,47.85,3442900,0.0
2006-05-22,46.9,46.9,44.45,45.63,3891500,0.0
2006-05-23,46.65,47.19,45.85,45.85,1402500,0.0
2006-05-24,45.96,46.12,44.73,45.65,2613700,0.0
2006-05-25,45.19,46.1,44.7,46.01,1885500,0.0
2006-05-26,46.39,46.8,45.8,46.54,1349100,0.0
2006-05-30,46.04,46.04,44.37,44.44,1152000,0.0
2006-05-31,44.6,45.36,44.55,45.3,1628400,0.0
2006-06-01,45.0,45.9,44.56,45.82,1476900,0.0
2006-06-02,46.5,46.5,45.55,45.86,1188100,0.0
2006-06-05,45.57,45.73,44.25,44.45,854900,0.0
2006-06-06,44.53,44.63,43.52,44.3,2214800,0.0
2006-06-07,43.81,44.4,43.4,43.59,1857500,0.0
2006-06-08,41.27,42.35,41.01,42.28,3736400,0.0
2006-06-09,43.6,43.6,41.82,41.99,1679700,0.0
2006-06-12,42.36,42.45,41.15,41.4,1311800,0.0
2006-06-13,40.81,40.89,39.54,40.06,2971400,0.0
2006-06-14,41.08,41.77,40.93,41.68,2562300,0.0
2006-06-15,41.94,43.47,41.51,43.2,3224500,0.0
2006-06-16,43.43,44.16,42.35,42.93,1108400,0.0
2006-06-19,42.7,43.15,41.6,41.99,1561600,0.0
2006-06-20,41.58,42.06,41.35,41.58,1075800,0.0
2006-06-21,41.6,43.08,41.57,42.5,1467000,0.0
2006-06-22,41.65,42.56,41.63,41.95,1531700,0.0
2006-06-23,41.98,42.22,41.67,42.05,239500,0.0
2006-06-26,42.1,42.25,41.77,42.1,863400,0.0
2006-06-27,42.58,42.78,41.55,41.59,1152300,0.0
2006-06-28,42.78,42.78,41.7,42.4,1397100,0.0
2006-06-29,43.25,44.66,43.14,44.54,1898100,0.0
2006-06-30,45.49,45.55,43.58,45.12,888800,0.0
2006-07-03,45.38,45.8,45.15,45.8,900800,0.0
2006-07-05,44.56,44.6,43.55,44.05,2179200,0.0
2006-07-06,43.88,44.48,43.78,44.28,1229400,0.0
2006-07-07,44.2,44.3,43.65,43.84,1464500,0.0
2006-07-10,44.97,45.18,44.46,44.85,616400,0.0
2006-07-11,44.85,45.18,44.36,45.04,662400,0.0
2006-07-12,44.78,44.84,44.23,44.5,770000,0.0
2006-07-13,43.77,44.19,43.2,43.35,1646700,0.0
2006-07-14,43.0,43.19,42.5,42.8,1383400,0.0
2006-07-17,42.51,42.65,41.78,42.45,991100,0.0
2006-07-18,42.26,42.48,41.61,42.1,1042800,0.0
2006-07-19,43.04,43.75,42.12,43.74,2540500,0.0
2006-07-20,44.3,44.39,43.12,43.25,986100,0.0
2006-07-21,43.62,43.62,42.8,43.0,1043300,0.0
2006-07-24,43.85,44.54,43.44,44.3,1389400,0.0
2006-07-25,44.44,44.78,44.03,44.25,994500,0.0
2006-07-26,44.29,44.7,44.02,44.5,772500,0.0
2006-07-27,45.1,45.3,44.8,45.05,900100,0.0
2006-07-28,45.25,45.75,45.15,45.6,773900,0.0
2006-07-31,45.63,45.63,44.92,45.15,492300,0.0
2006-08-01,44.71,44.71,44.0,44.0,1160100,0.0
2006-08-02,44.61,44.91,44.45,44.61,1525400,0.0
2006-08-03,44.0,44.59,44.0,44.47,551000,0.0
2006-08-04,45.21,45.58,44.6101,44.77,532900,0.0
2006-08-07,44.41,44.6,44.16,44.35,546000,0.0
2006-08-08,44.72,44.93,44.43,44.55,1548800,0.0
2006-08-09,45.17,45.4,44.76,44.76,1008300,0.0
2006-08-10,44.65,44.94,44.5201,44.85,357200,0.0
2006-08-11,44.25,44.48,43.87,44.0,564700,0.0
2006-08-14,44.12,44.5,43.98,44.05,721400,0.0
2006-08-15,44.56,44.99,44.43,44.84,662800,0.0
2006-08-16,45.05,45.45,45.04,45.18,639200,0.0
2006-08-17,45.53,45.89,45.4,45.65,632500,0.0
2006-08-18,45.8,46.0,45.51,45.95,800900,0.0
2006-08-21,45.74,45.85,45.41,45.47,655900,0.0
2006-08-22,45.9,46.07,45.55,45.9,275800,0.0
2006-08-23,45.68,45.9,45.14,45.17,358500,0.0
2006-08-24,45.12,45.32,44.75,44.85,572500,0.0
2006-08-25,45.2,45.37,45.03,45.16,613300,0.0
2006-08-28,45.05,45.4,44.93,45.29,897500,0.0
2006-08-29,45.75,45.91,45.5,45.9,559400,0.0
2006-08-30,45.66,45.84,45.57,45.61,386900,0.0
2006-08-31,45.81,45.98,45.68,45.86,420000,0.0
2006-09-01,46.04,46.48,45.99,46.48,625100,0.0
2006-09-05,46.46,46.77,46.31,46.75,772900,0.0
2006-09-06,46.33,46.47,45.87,46.02,752400,0.0
2006-09-07,46.02,46.02,45.43,45.87,935600,0.0
2006-09-08,46.0,46.1899,45.87,46.14,494500,0.0
2006-09-11,45.23,45.51,44.85,45.1,973800,0.0
2006-09-12,45.3,45.67,45.06,45.67,723000,0.0
2006-09-13,45.47,45.59,45.22,45.5,438100,0.0
2006-09-14,46.0,46.05,45.73,45.8,1111800,0.0
2006-09-15,46.25,46.5,46.07,46.3,596500,0.0
2006-09-18,46.77,47.1,46.7,46.85,510300,0.0
2006-09-19,47.14,47.15,46.3,46.7,1187700,0.0
2006-09-20,47.25,47.69,46.94,47.5,1727000,0.0
2006-09-21,47.71,47.78,46.93,47.09,1090200,0.0
2006-09-22,46.6,46.69,45.9,46.3,1044800,0.0
2006-09-25,46.8,47.14,46.3,47.11,642800,0.0
2006-09-26,47.11,47.17,46.39,46.85,815300,0.0
2006-09-27,46.84,47.25,46.74,47.15,597100,0.0
2006-09-28,47.3,47.48,47.22,47.45,557600,0.0
2006-09-29,47.4,47.4,46.25,46.25,2241100,0.0
2006-10-02,46.94,47.24,46.76,46.97,564000,0.0
2006-10-03,46.85,46.98,46.57,46.89,1180700,0.0
2006-10-04,46.31,47.13,46.17,47.13,1477600,0.0
2006-10-05,47.03,47.95,47.03,47.79,1352400,0.0
2006-10-06,46.73,47.38,45.71,47.3,762400,0.0
2006-10-09,45.1,45.59,44.86,45.5,3252800,0.0
2006-10-10,45.6,45.8,45.36,45.61,1135500,0.0
2006-10-11,45.47,45.571,45.02,45.4,1109500,0.0
2006-10-12,45.73,46.34,45.6,46.27,1185700,0.0
2006-10-13,46.52,46.68,46.3,46.43,695100,0.0
2006-10-16,46.55,47.01,46.52,46.8,947600,0.0
2006-10-17,46.29,46.48,45.86,46.42,1429800,0.0
2006-10-18,46.6,46.91,46.37,46.55,758100,0.0
2006-10-19,46.32,46.5,46.26,46.46,654900,0.0
2006-10-20,46.48,46.51,46.22,46.47,567600,0.0
2006-10-23,46.2,46.6,46.1,46.58,1563600,0.0
2006-10-24,46.73,46.75,46.47,46.62,376000,0.0
2006-10-25,46.17,47.08,45.98,47.08,1990500,0.0
2006-10-26,47.19,47.47,47.12,47.35,611800,0.0
2006-10-27,47.24,47.24,46.68,46.75,789800,0.0
2006-10-30,45.86,46.75,45.86,46.61,767100,0.0
2006-10-31,47.04,47.3,46.96,47.24,622800,0.0
2006-11-01,47.61,47.81,46.93,47.1,922600,0.0
2006-11-02,47.51,47.67,47.24,47.57,908900,0.0
2006-11-03,48.0,48.0,47.64,47.77,583900,0.0
2006-11-06,47.66,48.09,47.468,48.09,1258400,0.0
2006-11-07,48.05,48.22,47.85,47.9,698800,0.0
2006-11-08,47.8,48.09,47.41,48.03,577900,0.0
2006-11-09,48.05,48.7689,48.05,48.48,1005500,0.0
2006-11-10,48.45,48.65,48.39,48.56,573600,0.0
2006-11-13,48.57,49.0,48.5,48.96,483900,0.0
2006-11-14,49.32,49.6,49.06,49.42,848500,0.0
2006-11-15,49.21,49.36,49.13,49.3,561300,0.0
2006-11-16,49.31,49.4411,49.1,49.26,490900,0.0
2006-11-17,49.01,49.06,48.71,49.06,444300,0.0
2006-11-20,49.22,49.22,48.7,48.77,972700,0.0
2006-11-21,48.77,49.19,48.74,49.14,369200,0.0
2006-11-22,49.73,49.74,49.4,49.69,349800,0.0
2006-11-24,49.3,49.56,49.08,49.39,337400,0.0
2006-11-27,49.41,49.62,48.59,48.7,1175600,0.0
2006-11-28,48.59,48.92,48.5,48.87,1241800,0.0
2006-11-29,49.36,49.7,49.35,49.5,1164100,0.0
2006-11-30,49.47,49.77,49.26,49.5,1114800,0.0
2006-12-01,49.69,49.78,48.77,49.51,1497200,0.0
2006-12-04,49.65,50.12,49.6,50.05,1090500,0.0
2006-12-05,49.7,50.05,49.6,50.05,818500,0.0
2006-12-06,49.58,49.85,49.45,49.66,1009800,0.0
2006-12-07,49.84,49.85,49.26,49.42,611100,0.0
2006-12-08,48.8,49.08,48.5344,48.65,740400,0.0
2006-12-11,48.54,48.56,48.26,48.55,285000,0.0
2006-12-12,48.21,48.21,47.85,48.08,636200,0.0
2006-12-13,48.52,48.58,48.3,48.47,725200,0.0
2006-12-14,49.39,50.01,49.39,49.99,746300,0.0
2006-12-15,50.13,50.13,49.76,49.89,435100,0.0
2006-12-18,50.02,50.28,49.55,49.71,450700,0.0
2006-12-19,49.08,49.52,48.95,49.52,673400,0.0
2006-12-20,49.81,49.96,49.65,49.73,671900,0.0
2006-12-21,49.58,49.66,49.21,49.49,445500,0.0
2006-12-22,49.49,49.49,49.05,49.16,564200,0.0
2006-12-26,49.18,49.59,49.0901,49.57,359700,0.0
2006-12-27,49.5,49.85,49.34,49.65,629900,0.0
2006-12-28,50.01,50.01,49.35,49.4,884000,0.0
2006-12-29,49.31,49.86,49.3,49.4,1219300,0.0
2007-01-03,49.07,49.25,48.28,48.73,2059300,0.0
2007-01-04,48.32,48.32,47.8,48.19,1806200,0.0
2007-01-05,47.4,47.66,46.89,47.03,748600,0.0
2007-01-08,46.94,47.3,46.75,47.12,855200,0.0
2007-01-09,47.0,47.04,46.35,46.6,975700,0.0
2007-01-10,46.01,46.48,45.4,46.45,1425700,0.0
2007-01-11,46.7,47.31,46.25,46.81,1790500,0.0
2007-01-12,47.36,47.95,47.3,47.86,540900,0.0
2007-01-16,48.07,48.15,47.75,48.01,815200,0.0
2007-01-17,47.86,47.91,47.6,47.62,812300,0.0
2007-01-18,47.98,47.99,47.18,47.35,886800,0.0
2007-01-19,46.97,47.53,46.88,47.47,786700,0.0
2007-01-22,47.21,47.35,46.8,47.0,1570700,0.0
2007-01-23,47.13,47.57,47.01,47.57,1058400,0.0
2007-01-24,48.29,48.64,48.08,48.6,1581400,0.0
2007-01-25,48.08,48.2495,47.22,47.32,917200,0.0
2007-01-26,47.31,47.5,46.94,47.49,1065900,0.0
2007-01-29,47.68,47.79,46.89,47.04,1038500,0.0
2007-01-30,47.24,47.61,47.14,47.44,801600,0.0
2007-01-31,46.66,47.55,46.65,47.31,1044700,0.0
2007-02-01,48.13,48.65,48.06,48.55,1360600,0.0
2007-02-02,49.22,49.39,48.99,49.07,1331300,0.0
2007-02-05,49.48,49.48,49.14,49.34,1497300,0.0
2007-02-06,49.75,50.03,49.67,50.0,1181100,0.0
2007-02-07,49.78,50.1,49.6,49.72,733600,0.0
2007-02-08,49.25,49.46,49.15,49.45,1018900,0.0
2007-02-09,49.74,49.89,48.98,49.2,1097200,0.0
2007-02-12,49.1,49.1,48.77,49.06,1601068,0.0
2007-02-13,49.31,49.66,49.23,49.66,1984297,0.0
2007-02-14,49.9,50.64,49.87,50.43,2283048,0.0
2007-02-15,50.56,50.74,50.42,50.53,483200,0.0
2007-02-16,50.5,51.04,50.43,50.92,1385300,0.0
2007-02-20,51.55,51.55,50.5,51.05,914100,0.0
2007-02-21,51.1,51.22,50.74,51.19,781500,0.0
2007-02-22,51.4,51.92,51.19,51.46,1033800,0.0
2007-02-23,51.6,51.72,51.12,51.38,643100,0.0
2007-02-26,51.64,51.79,51.03,51.3,569573,0.0
2007-02-27,49.53,49.62,46.16,48.03,2969600,0.0
2007-02-28,48.52,49.6,48.52,48.99,2031400,0.0
2007-03-01,47.7,48.57,45.31,48.13,1954165,0.0
2007-03-02,47.42,48.78,47.42,47.72,1956500,0.0
2007-03-05,46.86,47.9,46.11,47.03,1907321,0.0
2007-03-06,48.61,49.45,48.36,49.15,1849600,0.0
2007-03-07,48.66,49.09,48.55,48.6,1415500,0.0
2007-03-08,48.8,49.88,48.8,49.69,822100,0.0
2007-03-09,49.82,50.0,49.12,49.32,795600,0.0
2007-03-12,49.84,50.53,49.78,50.32,674500,0.0
2007-03-13,49.55,49.95,48.55,48.62,1155800,0.0
2007-03-14,48.55,49.35,47.91,49.35,1393700,0.0
2007-03-15,49.63,50.03,49.38,49.66,1222200,0.0
2007-03-16,49.9,50.02,49.27,49.34,546700,0.0
2007-03-19,49.85,50.58,49.85,50.36,767100,0.0
2007-03-20,50.28,50.55,50.05,50.41,1235000,0.0
2007-03-21,50.42,51.73,50.26,51.69,800300,0.0
2007-03-22,51.09,51.12,50.65,50.65,1417509,0.0
2007-03-23,50.82,51.0,50.6,50.66,1091500,0.0
2007-03-26,50.74,50.74,50.01,50.62,718900,0.0
2007-03-27,50.5,50.55,50.05,50.18,970100,0.0
2007-03-28,50.0,50.09,49.55,49.75,895500,0.0
2007-03-29,50.71,50.93,50.31,50.87,906140,0.0
2007-03-30,50.95,50.97,50.35,50.57,926300,0.0
2007-04-02,51.18,51.5,50.91,51.35,914100,0.0
2007-04-03,51.56,52.16,51.46,52.12,756700,0.0
2007-04-04,51.89,54.01,51.89,52.25,1065038,0.0
2007-04-05,52.21,52.68,52.21,52.43,475470,0.0
2007-04-09,53.01,53.01,52.64,52.74,439530,0.0
2007-04-10,52.83,52.9,52.5,52.68,659008,0.0
2007-04-11,53.3,53.41,52.51,52.57,1292020,0.0
2007-04-12,53.3,53.88,52.77,53.82,989540,0.0
2007-04-13,53.57,53.9,53.18,53.78,684947,0.0
2007-04-16,53.75,54.18,53.6901,54.0,906500,0.0
2007-04-17,53.66,53.84,53.47,53.49,1133000,0.0
2007-04-18,53.18,54.18,53.18,53.55,952800,0.0
2007-04-19,52.7,53.1099,52.33,53.07,1049800,0.0
2007-04-20,53.74,54.0,53.6,53.89,539000,0.0
2007-04-23,53.92,54.04,53.6,53.71,468100,0.0
2007-04-24,54.2,54.23,53.68,53.96,1080150,0.0
2007-04-25,54.02,54.31,53.7799,54.15,991678,0.0
2007-04-26,54.09,54.24,53.68,54.01,632220,0.0
2007-04-27,54.71,54.71,53.13,53.56,851000,0.0
2007-04-30,53.7,53.88,52.94,53.06,966972,0.0
2007-05-01,53.1,53.5,52.83,53.5,870258,0.0
2007-05-02,53.88,54.73,53.81,54.52,759750,0.0
2007-05-03,55.0,55.22,54.55,55.0,1229325,0.0
2007-05-04,55.1,55.17,54.62,54.65,898700,0.0
2007-05-07,55.31,55.52,55.27,55.41,951650,0.0
2007-05-08,55.22,55.4,54.93,55.35,761600,0.0
2007-05-09,55.71,56.26,55.62,56.209,783442,0.0
2007-05-10,56.26,56.28,54.88,55.0,1438280,0.0
2007-05-11,55.75,56.72,55.75,56.4,1521080,0.0
2007-05-14,56.17,56.5,55.54,55.85,639620,0.0
2007-05-15,55.69,56.21,55.43,55.55,963783,0.0
2007-05-16,56.13,56.74,55.99,56.68,2135536,0.0
2007-05-17,56.23,56.39,55.94,56.1,1469900,0.0
2007-05-18,55.77,56.05,55.7,55.91,607200,0.0
2007-05-21,56.4,56.66,56.25,56.3,2075900,0.0
2007-05-22,56.93,57.2,56.71,56.87,1467902,0.0
2007-05-23,56.96,57.5,56.79,56.8,897990,0.0
2007-05-24,57.03,57.08,55.6,55.8,1319197,0.0
2007-05-25,56.7,57.07,56.55,56.9,821000,0.0
2007-05-29,57.15,57.23,56.58,56.95,965184,0.0
2007-05-30,56.1,57.45,56.1,57.45,1260172,0.0
2007-05-31,58.24,58.55,58.05,58.1,1051803,0.0
2007-06-01,58.97,59.44,58.87,59.25,1843530,0.0
2007-06-04,60.0,60.21,59.75,60.05,1174100,0.0
2007-06-05,60.05,60.15,59.4101,59.8,1082472,0.0
2007-06-06,59.95,59.95,58.71,58.96,2161700,0.0
2007-06-07,59.11,59.96,58.4,58.7,3122820,0.0
2007-06-08,58.7,59.91,58.52,59.9,3330300,0.0
2007-06-11,59.55,59.55,58.75,59.29,2602100,0.0
2007-06-12,59.44,59.5,58.66,58.78,1450586,0.0
2007-06-13,59.27,60.09,59.23,59.91,1441800,0.0
2007-06-14,61.0,61.42,60.81,61.27,2250757,0.0
2007-06-15,61.51,62.12,61.51,61.9,1121981,0.0
2007-06-18,62.52,62.75,61.91,62.18,1488600,0.0
2007-06-19,62.0,62.5,61.82,62.35,824900,0.0
2007-06-20,62.0,62.14,61.05,61.24,2598838,0.0
2007-06-21,61.55,62.26,61.36,62.22,1852939,0.0
2007-06-22,60.88,61.29,60.1085,60.49,1740939,0.0
2007-06-25,60.62,60.89,60.0,60.35,1183900,0.0
2007-06-26,60.68,61.13,59.66,59.71,2132788,0.0
2007-06-27,59.1,60.43,59.1,60.24,1295293,0.0
2007-06-28,60.4,60.95,60.24,60.45,1034100,0.0
2007-06-29,60.18,60.65,59.84,60.3,1279600,0.0
2007-07-02,61.83,62.49,61.17,62.01,1653770,0.0
2007-07-03,62.25,63.1,62.25,62.85,777000,0.0
2007-07-05,63.93,64.74,63.36,63.83,1369900,0.0
2007-07-06,64.82,65.477,64.471,65.2,1375400,0.0
2007-07-09,65.64,65.87,65.4,65.66,1166900,0.0
2007-07-10,65.11,65.69,64.6,64.79,2132756,0.0
2007-07-11,65.2,65.62,64.94,65.49,1012100,0.0
2007-07-12,66.29,67.5,66.29,67.5,1850868,0.0
2007-07-13,68.5,68.837,68.35,68.6,1478000,0.0
2007-07-16,68.94,68.94,67.5,67.65,1959100,0.0
2007-07-17,67.32,67.897,67.32,67.7,1098080,0.0
2007-07-18,66.4,67.25,66.15,66.75,1766241,0.0
2007-07-19,67.05,67.64,67.05,67.43,1840405,0.0
2007-07-20,68.85,68.85,67.04,67.87,1891400,0.0
2007-07-23,68.98,69.55,68.89,69.4,953300,0.0
2007-07-24,68.66,69.08,67.42,67.95,2365386,0.0
2007-07-25,69.29,69.57,68.03,68.95,2378400,0.0
2007-07-26,66.6,67.59,64.37,65.4,5789326,0.0
2007-07-27,65.0,65.95,64.01,64.15,3948098,0.0
2007-07-30,66.4,67.24,65.42,66.6,2660819,0.0
2007-07-31,67.97,68.02,65.55,65.97,3520800,0.0
2007-08-01,63.85,65.0,62.05,64.4,7331000,0.0
2007-08-02,65.52,65.54,63.61,64.33,1431088,0.0
2007-08-03,64.4,64.73,61.55,62.03,4440655,0.0
2007-08-06,63.4,64.38,62.43,64.35,3284039,0.0
2007-08-07,63.45,65.0399,63.14,64.56,3225127,0.0
2007-08-08,65.06,66.98,65.06,66.21,4711800,0.0
2007-08-09,63.6,64.57,62.6,63.0,2526813,0.0
2007-08-10,61.05,63.0274,60.3,62.15,4245799,0.0
2007-08-13,62.88,63.4,62.29,62.3,2208200,0.0
2007-08-14,62.09,62.16,59.95,60.4,3131405,0.0
2007-08-15,59.84,60.18,57.9,58.47,4009932,0.0
2007-08-16,55.48,57.1786,52.6,56.28,9503985,0.0
2007-08-17,58.0,60.0,57.33,58.5,6054921,0.0
2007-08-20,59.43,59.47,57.51,58.64,4042700,0.0
2007-08-21,58.22,58.62,57.74,58.18,2425781,0.0
2007-08-22,59.8,60.94,59.53,60.76,3502244,0.0
2007-08-23,61.16,61.96,59.93,60.87,2954080,0.0
2007-08-24,60.82,62.25,60.66,62.14,2324937,0.0
2007-08-27,61.67,61.74,60.85,60.85,1484758,0.0
2007-08-28,61.84,61.84,59.25,59.55,3056124,0.0
2007-08-29,61.52,63.55,61.44,63.12,3396778,0.0
2007-08-30,62.35,62.94,61.75,62.4,2401300,0.0
2007-08-31,64.18,65.03,63.78,64.1,2892700,0.0
2007-09-04,63.76,65.19,63.67,64.7,3421337,0.0
2007-09-05,63.6,63.6,62.79,63.2,1827245,0.0
2007-09-06,64.35,64.73,63.76,64.36,896933,0.0
2007-09-07,63.26,63.44,62.17,62.67,2010998,0.0
2007-09-10,62.9,62.97,61.28,62.28,2555037,0.0
2007-09-11,62.42,63.78,62.4,63.61,1356394,0.0
2007-09-12,62.38,63.37,61.95,62.89,3020117,0.0
2007-09-13,64.0,64.82,63.54,64.24,1880336,0.0
2007-09-14,64.25,64.89,63.84,64.52,1964918,0.0
2007-09-17,64.05,64.33,63.5,64.02,1315396,0.0
2007-09-18,63.78,66.67,63.27,66.29,4618151,0.0
2007-09-19,68.1,68.17,66.6,67.42,3432709,0.0
2007-09-20,66.9,67.27,66.01,66.6,2192300,0.0
2007-09-21,67.37,67.83,67.22,67.56,1694104,0.0
2007-09-24,68.11,68.4,67.72,68.1,1151900,0.0
2007-09-25,67.3,67.48,66.56,67.38,1681201,0.0
2007-09-26,67.99,68.45,67.78,68.32,1695145,0.0
2007-09-27,68.86,68.9,68.01,68.9,1815275,0.0
2007-09-28,68.35,68.93,67.72,68.06,2154700,0.0
2007-10-01,68.9,71.29,68.89,70.82,2534900,0.0
2007-10-02,71.28,72.3,71.23,71.9,3930213,0.0
2007-10-03,71.63,71.67,70.2201,70.55,2135381,0.0
2007-10-04,70.87,71.24,70.38,70.93,1173625,0.0
2007-10-05,71.5,72.5,71.03,71.94,2139282,0.0
2007-10-08,70.64,71.43,70.13,71.2,1244637,0.0
2007-10-09,71.91,72.21,71.5,72.0,2859413,0.0
2007-10-10,71.54,72.44,71.54,72.22,2062684,0.0
2007-10-11,73.95,73.99,71.28,72.0,3532606,0.0
2007-10-12,72.25,72.33,71.5,72.05,1465150,0.0
2007-10-15,70.76,71.88,70.11,70.51,2803500,0.0
2007-10-16,68.9,70.09,67.94,68.6,2774743,0.0
2007-10-17,69.83,70.16,68.25,69.6,2573647,0.0
2007-10-18,69.15,70.74,69.01,70.15,1742907,0.0
2007-10-19,68.21,69.25,67.21,67.45,2460363,0.0
2007-10-22,65.85,67.68,65.5,67.17,3214804,0.0
2007-10-23,68.41,68.77,67.7,68.62,2146700,0.0
2007-10-24,67.53,68.18,66.27,67.81,3047400,0.0
2007-10-25,69.91,70.12,68.71,69.95,3367500,0.0
2007-10-26,71.87,73.41,71.85,73.11,4125020,0.0
2007-10-29,73.53,74.34,73.11,74.16,3714400,0.0
2007-10-30,72.94,73.05,72.25,72.25,3035800,0.0
2007-10-31,73.8,75.05,72.98,74.76,4301200,0.0
2007-11-01,72.5,72.61,70.01,71.34,3546800,0.0
2007-11-02,71.93,71.94,69.83,71.4,2691700,0.0
2007-11-05,69.74,70.95,69.26,70.01,2236825,0.0
2007-11-06,72.63,73.85,72.18,73.85,2805675,0.0
2007-11-07,72.36,72.54,70.85,70.9,2249334,0.0
2007-11-08,70.84,70.9,67.56,69.54,4641983,0.0
2007-11-09,68.18,69.88,67.73,68.66,4474872,0.0
2007-11-12,67.74,68.15,65.33,65.63,2952501,0.0
2007-11-13,67.79,70.16,67.78,69.69,2225625,0.0
2007-11-14,70.59,70.95,69.14,69.49,2545017,0.0
2007-11-15,68.97,69.04,67.11,67.64,2061600,0.0
2007-11-16,68.44,68.44,66.68,67.94,2049919,0.0
2007-11-19,66.74,66.74,64.35,64.97,3690550,0.0
2007-11-20,63.9,65.91,63.79,65.3,3029070,0.0
2007-11-21,62.68,62.89,60.99,61.61,2689842,0.0
2007-11-23,62.58,62.94,61.2,62.4,1283692,0.0
2007-11-26,64.76,64.76,61.97,62.2,4315302,0.0
2007-11-27,63.25,64.88,63.22,64.6,3674207,0.0
2007-11-28,64.95,67.05,64.18,66.4,3239751,0.0
2007-11-29,65.45,66.25,65.1,65.42,1510410,0.0
2007-11-30,67.2,67.4,66.08,66.33,1675962,0.0
2007-12-03,65.52,66.85,65.434,65.83,1778105,0.0
2007-12-04,66.13,66.62,65.7,65.92,1013122,0.0
2007-12-05,67.5,69.0,67.45,68.39,2025810,0.0
2007-12-06,68.57,69.48,68.1,69.45,1919353,0.0
2007-12-07,68.66,68.66,67.98,68.41,2631391,0.0
2007-12-10,67.6,67.94,67.29,67.41,1133095,0.0
2007-12-11,67.62,67.9,64.96,64.96,3468500,0.0
2007-12-12,68.07,69.19,66.39,67.5,3971551,0.0
2007-12-13,66.32,66.89,65.16,66.4,2943400,0.0
2007-12-14,65.18,65.49,64.49,64.6,1872504,0.0
2007-12-17,63.04,63.25,61.46,61.75,2273013,0.0
2007-12-18,63.88,64.1,62.23,63.5,3170473,0.0
2007-12-19,63.98,65.31,63.64,64.39,3413166,0.0
2007-12-20,63.64,63.9,62.81,63.6,3206578,0.0
2007-12-21,65.0,65.72,64.6,65.5,1500606,0.0
2007-12-24,66.5,66.9,65.82,66.39,1375980,0.0
2007-12-26,65.88,65.93,65.35,65.53,691796,0.0
2007-12-27,65.57,65.6,64.71,64.75,2529669,0.0
2007-12-28,65.25,65.79,64.89,65.28,1729269,0.0
2007-12-31,65.41,65.41,64.53,64.7,1213083,0.0
2008-01-02,64.0,64.3,61.44,62.57,4018547,0.0
2008-01-03,63.5,64.0,62.12,63.37,3394515,0.0
2008-01-04,62.78,62.78,60.46,61.0,4476429,0.0
2008-01-07,61.7,62.39,60.73,61.5,2674424,0.0
2008-01-08,61.95,62.63,60.68,60.85,2212742,0.0
2008-01-09,62.04,62.92,61.23,62.22,3617192,0.0
2008-01-10,61.46,63.58,61.0,63.13,4886956,0.0
2008-01-11,60.47,61.24,60.0,60.34,2929523,0.0
2008-01-14,60.26,61.05,60.25,60.82,4025176,0.0
2008-01-15,59.6,59.6,57.64,58.25,4636543,0.0
2008-01-16,57.61,58.18,55.78,56.99,6802336,0.0
2008-01-17,58.4,58.4,55.91,56.66,4680257,0.0
2008-01-18,58.5,58.66,57.0,58.12,3160216,0.0
2008-01-22,54.3,57.94,54.3,56.27,5434943,0.0
2008-01-23,53.55,56.97,52.5,56.49,5309014,0.0
2008-01-24,56.26,57.62,56.1,56.95,3387138,0.0
2008-01-25,57.75,59.01,56.28,56.68,2634056,0.0
2008-01-28,55.4,56.58,54.72,56.16,2619300,0.0
2008-01-29,56.38,56.54,55.58,56.48,1702110,0.0
2008-01-30,54.51,56.87,54.19,54.72,3709453,0.0
2008-01-31,55.12,57.22,54.99,56.65,4028745,0.0
2008-02-01,56.45,58.11,56.32,57.55,2678908,0.0
2008-02-04,58.48,58.94,57.8,58.23,2243387,0.0
2008-02-05,57.89,58.0,55.62,55.86,3142622,0.0
2008-02-06,56.22,56.93,54.86,54.94,3361889,0.0
2008-02-07,54.69,56.73,54.27,55.74,2856534,0.0
2008-02-08,55.79,56.61,55.23,56.4,3168206,0.0
2008-02-11,56.45,56.75,55.32,56.6,2884114,0.0
2008-02-12,56.62,57.73,56.3001,56.94,4122279,0.0
2008-02-13,56.45,56.95,55.61,56.82,3695659,0.0
2008-02-14,58.0,58.46,57.0301,57.36,4774537,0.0
2008-02-15,57.51,57.92,56.73,57.22,1981823,0.0
2008-02-19,58.95,59.08,58.16,58.34,2437424,0.0
2008-02-20,57.42,58.45,56.86,57.86,3229345,0.0
2008-02-21,57.91,58.47,57.13,57.15,3114249,0.0
2008-02-22,57.8,57.8,56.22,57.73,3164724,0.0
2008-02-25,58.09,59.2,57.48,58.85,2718537,0.0
2008-02-26,58.49,59.53,57.91,58.95,2895069,0.0
2008-02-27,58.87,59.88,58.58,59.25,3177538,0.0
2008-02-28,59.41,59.63,58.76,59.16,2656703,0.0
2008-02-29,58.34,58.39,56.6,56.94,3635107,0.0
2008-03-03,56.49,56.89,55.9,56.88,4649359,0.0
2008-03-04,55.59,56.67,55.1,56.5,4354486,0.0
2008-03-05,56.66,57.41,56.31,57.3,3977266,0.0
2008-03-06,56.87,56.92,55.55,56.0,2976952,0.0
2008-03-07,55.01,56.18,54.46,55.03,2861047,0.0
2008-03-10,54.68,54.68,52.78,53.82,5788417,0.0
2008-03-11,55.4,56.16,54.8,56.16,3830390,0.0
2008-03-12,55.07,55.84,54.72,54.92,1842455,0.0
2008-03-13,52.99,54.01,52.4,53.23,5674162,0.0
2008-03-14,52.65,52.65,50.05,50.94,4325622,0.0
2008-03-17,48.65,50.16,48.47,49.78,5509115,0.0
2008-03-18,51.0,52.15,50.81,52.0,5116161,0.0
2008-03-19,51.77,52.48,50.77,50.97,4130662,0.0
2008-03-20,51.93,52.91,51.34,52.9,3912633,0.0
2008-03-24,53.6,55.08,53.6,54.8,3950294,0.0
2008-03-25,55.15,55.78,55.15,55.32,4428664,0.0
2008-03-26,54.95,55.31,54.45,55.16,2635032,0.0
2008-03-27,55.7,55.72,54.81,54.91,1872989,0.0
2008-03-28,55.77,55.87,54.99,55.14,2112850,0.0
2008-03-31,55.63,56.07,55.47,55.79,3029268,0.0
2008-04-01,56.76,58.38,56.76,58.2101,5436863,0.0
2008-04-02,58.81,59.0,57.99,58.54,2689563,0.0
2008-04-03,58.97,59.55,58.36,59.17,3612309,0.0
2008-04-04,59.24,59.69,58.7051,59.17,1554180,0.0
2008-04-07,59.87,60.2,59.04,59.66,2425608,0.0
2008-04-08,58.82,59.09,58.5,58.75,2724764,0.0
2008-04-09,58.51,59.01,57.91,58.25,2820227,0.0
2008-04-10,58.93,59.35,58.39,59.0,2326971,0.0
2008-04-11,58.61,59.15,58.09,58.41,1839313,0.0
2008-04-14,58.28,58.57,57.99,58.33,1750976,0.0
2008-04-15,57.9,58.01,57.41,57.79,1929726,0.0
2008-04-16,58.31,58.82,58.23,58.7399,3130339,0.0
2008-04-17,57.99,58.27,57.55,57.9,2273991,0.0
2008-04-18,58.62,59.29,58.5,58.59,3238297,0.0
2008-04-21,59.09,59.54,58.72,59.33,1783667,0.0
2008-04-22,58.76,58.93,57.99,58.21,2021803,0.0
2008-04-23,59.04,60.01,58.93,59.96,2341984,0.0
2008-04-24,59.98,60.13,58.86,59.93,1393939,0.0
2008-04-25,60.64,60.84,59.97,60.6,1404398,0.0
2008-04-28,60.47,60.82,60.12,60.47,1763609,0.0
2008-04-29,59.89,59.89,59.0,59.5,1734479,0.0
2008-04-30,60.0,60.57,59.66,60.12,1882357,0.0
2008-05-01,60.05,61.24,59.86,60.9799,1539330,0.0
2008-05-02,61.41,61.5,60.71,61.35,1872618,0.0
2008-05-05,61.21,61.32,60.8,61.06,2765508,0.0
2008-05-06,60.33,61.19,60.0,61.18,2303611,0.0
2008-05-07,59.78,60.18,58.65,58.78,3140654,0.0
2008-05-08,58.49,59.03,58.31,58.7,1910697,0.0
2008-05-09,57.41,57.64,57.1,57.25,2392561,0.0
2008-05-12,57.4,58.18,57.26,58.18,1719947,0.0
2008-05-13,58.27,58.33,57.53,58.0,1559000,0.0
2008-05-14,58.09,58.75,58.03,58.32,1748361,0.0
2008-05-15,59.51,60.2,59.2,60.15,3544354,0.0
2008-05-16,60.6,60.8,60.12,60.685,4375851,0.0
2008-05-19,60.39,60.7,59.85,60.07,2822398,0.0
2008-05-20,59.05,59.11,58.14,58.3,4334150,0.0
2008-05-21,58.38,58.6,57.22,57.52,3187472,0.0
2008-05-22,57.5,58.0567,57.45,57.91,2238933,0.0
2008-05-23,57.3,57.31,56.44,56.79,1959042,0.0
2008-05-27,57.27,57.82,57.0,57.78,1471399,0.0
2008-05-28,57.59,57.83,56.87,57.63,1583092,0.0
2008-05-29,58.67,59.15,58.23,58.66,2708852,0.0
2008-05-30,59.33,59.71,59.2,59.41,1674298,0.0
2008-06-02,59.08,59.15,58.01,58.79,1280321,0.0
2008-06-03,58.7,59.07,57.96,58.21,3581014,0.0
2008-06-04,58.9,58.9,58.16,58.39,2588987,0.0
2008-06-05,58.55,59.58,58.35,59.24,1752128,0.0
2008-06-06,58.67,58.71,56.83,57.03,3806166,0.0
2008-06-09,57.19,57.24,56.0,56.87,2189475,0.0
2008-06-10,55.5,56.14,55.35,55.78,3851395,0.0
2008-06-11,55.8,56.04,55.06,55.27,1869575,0.0
2008-06-12,54.75,55.6,54.53,54.89,5300413,0.0
2008-06-13,54.7,55.43,54.43,55.13,1668804,0.0
2008-06-16,55.19,55.52,54.7,55.19,1203431,0.0
2008-06-17,55.83,56.4,55.47,55.63,2358951,0.0
2008-06-18,55.71,56.11,54.96,55.61,4453427,0.0
2008-06-19,55.24,55.82,54.95,55.75,1457453,0.0
2008-06-20,54.57,54.61,53.51,53.73,3670951,0.0
2008-06-23,53.52,53.64,52.98,53.23,1455592,0.0
2008-06-24,53.35,53.92,52.94,53.04,1485986,0.0
2008-06-25,53.27,54.0,53.01,53.21,2471002,0.0
2008-06-26,52.25,52.96,51.73,51.85,4498904,0.0
2008-06-27,51.43,51.79,50.88,51.42,2420612,0.0
2008-06-30,51.06,51.49,51.0,51.04,1356790,0.0
2008-07-01,50.5,50.66,49.62,50.58,3228231,0.0
2008-07-02,50.52,50.66,49.12,49.17,2965503,0.0
2008-07-03,49.51,49.82,48.68,49.39,3577566,0.0
2008-07-07,48.88,49.3,47.9,48.66,3733356,0.0
2008-07-08,48.0,49.03,47.8,48.98,4169225,0.0
2008-07-09,49.1,49.64,48.1,48.1,3411816,0.0
2008-07-10,48.84,49.44,48.5,49.29,2652076,0.0
2008-07-11,49.19,50.0,48.74,49.57,2683701,0.0
2008-07-14,49.93,49.93,48.83,49.24,1289784,0.0
2008-07-15,48.04,48.44,46.86,47.79,3574409,0.0
2008-07-16,47.58,49.24,47.41,49.11,3204059,0.0
2008-07-17,48.83,49.26,48.39,48.66,2990906,0.0
2008-07-18,48.48,48.65,48.07,48.29,2147697,0.0
2008-07-21,49.57,49.86,49.11,49.26,1730125,0.0
2008-07-22,49.27,50.0,48.88,49.91,1968537,0.0
2008-07-23,50.5,51.5,50.45,51.38,4235606,0.0
2008-07-24,52.0,52.1799,51.0,51.2201,4634069,0.0
2008-07-25,51.05,51.5,50.9,51.21,1842802,0.0
2008-07-28,50.91,51.22,49.97,50.04,1655549,0.0
2008-07-29,49.69,51.15,49.62,51.07,2203407,0.0
2008-07-30,50.8,51.23,50.33,50.78,2974859,0.0
2008-07-31,50.47,50.87,49.98,49.98,1830865,0.0
2008-08-01,50.13,50.13,49.04,49.47,2145886,0.0
2008-08-04,48.75,49.09,48.29,48.33,3263654,0.0
2008-08-05,49.02,49.68,48.79,49.51,2755129,0.0
2008-08-06,49.7,50.47,49.7,50.09,3048889,0.0
2008-08-07,49.49,49.58,48.49,48.55,2150705,0.0
2008-08-08,48.89,49.95,48.76,49.88,1430761,0.0
2008-08-11,49.44,50.23,49.33,49.91,1662295,0.0
2008-08-12,49.43,49.59,48.81,49.0,1847841,0.0
2008-08-13,48.57,48.75,48.04,48.4,4384196,0.0
2008-08-14,48.61,49.17,48.3,49.06,1901946,0.0
2008-08-15,48.82,49.08,48.58,48.72,679950,0.0
2008-08-18,48.24,48.59,47.8,47.92,1737192,0.0
2008-08-19,47.01,47.17,46.58,46.91,1629145,0.0
2008-08-20,47.37,47.72,47.0,47.7,1085172,0.0
2008-08-21,46.34,46.69,46.11,46.52,1987074,0.0
2008-08-22,46.2,46.2,45.8,46.12,2566015,0.0
2008-08-25,45.2,45.21,44.28,44.48,2729874,0.0
2008-08-26,43.99,44.32,43.82,44.07,2049839,0.0
2008-08-27,44.24,44.72,44.24,44.5,993104,0.0
2008-08-28,44.29,44.42,43.96,44.16,2397467,0.0
2008-08-29,43.46,43.7,43.05,43.27,2636580,0.0
2008-09-02,41.11,41.2,39.82,40.05,4962589,0.0
2008-09-03,40.01,40.4503,39.6,39.7,4712771,0.0
2008-09-04,40.68,40.68,39.22,39.35,3627304,0.0
2008-09-05,39.83,40.55,39.65,40.46,4322876,0.0
2008-09-08,43.96,43.96,42.09,43.01,7349379,0.0
2008-09-09,42.5,42.87,41.34,41.5,4742241,0.0
2008-09-10,43.08,43.44,42.54,43.1,3342807,0.0
2008-09-11,41.44,42.58,41.22,42.5,3697041,0.0
2008-09-12,42.43,43.62,42.25,43.54,4100594,0.0
2008-09-15,41.531,42.33,40.93,41.24,3829626,0.0
2008-09-16,38.05,40.42,38.0,39.88,7022812,0.0
2008-09-17,40.5,40.5,37.94,38.58,7089264,0.0
2008-09-18,39.74,42.3,38.662,41.65,9753607,0.0
2008-09-19,50.93,50.93,42.99,43.95,7149514,0.0
2008-09-22,42.53,42.85,41.17,41.39,4713147,0.0
2008-09-23,41.83,42.23,40.8,41.25,4900547,0.0
2008-09-24,41.67,42.06,41.4,41.99,1599437,0.0
2008-09-25,42.17,43.88,42.02,43.27,3947912,0.0
2008-09-26,41.31,42.1,41.11,41.78,2172517,0.0
2008-09-29,39.49,39.49,36.1,37.2,6309094,0.0
2008-09-30,39.05,39.81,38.59,39.73,4351116,0.0
2008-10-01,38.98,39.6099,38.47,39.05,1974589,0.0
2008-10-02,37.37,37.41,36.4,36.52,4910357,0.0
2008-10-03,36.67,38.19,35.99,36.26,4774547,0.0
2008-10-06,35.0,35.0,32.3251,33.36,10741480,0.0
2008-10-07,33.51,34.02,31.39,31.59,6666344,0.0
2008-10-08,29.38,31.52,29.04,29.4,11474160,0.0
2008-10-09,30.51,31.15,28.23,28.38,5272057,0.0
2008-10-10,29.68,30.54,27.26,30.06,9600260,0.0
2008-10-13,33.87,36.84,33.24,36.8,8453297,0.0
2008-10-14,37.85,38.04,34.91,36.1,7446022,0.0
2008-10-15,33.89,33.92,30.86,31.11,5965311,0.0
2008-10-16,29.34,31.15,27.84,31.15,7530788,0.0
2008-10-17,28.14,30.64,28.0,29.1,5078581,0.0
2008-10-20,30.19,31.0,29.5,30.83,3802901,0.0
2008-10-21,29.13,29.25,27.56,27.69,3511284,0.0
2008-10-22,25.89,26.14,24.09,24.86,5555904,0.0
2008-10-23,23.78,24.9,22.9,24.24,9447174,0.0
2008-10-24,20.52,22.1,20.31,21.5,8463503,0.0
2008-10-27,21.3,22.0,20.65,20.89,7976442,0.0
2008-10-28,23.08,25.25,22.12,25.24,12675550,0.0
2008-10-29,23.04,26.17,22.41,24.51,11973400,0.0
2008-10-30,28.43,29.97,28.18,29.92,13085380,0.0
2008-10-31,29.0,29.08,28.08,28.4,10351500,0.0
2008-11-03,29.72,29.72,28.78,29.12,3647245,0.0
2008-11-04,30.53,31.42,30.27,30.98,4177399,0.0
2008-11-05,30.21,30.44,28.53,28.68,3932663,0.0
2008-11-06,26.66,26.88,25.18,25.38,6878359,0.0
2008-11-07,27.65,28.4,26.97,28.34,4171544,0.0
2008-11-10,28.68,28.81,27.08,27.69,3810114,0.0
2008-11-11,26.91,27.305,26.03,26.49,4427602,0.0
2008-11-12,26.03,26.25,24.66,24.87,7315468,0.0
2008-11-13,25.23,27.45,24.0,27.4,12508020,0.0
2008-11-14,25.15,26.03,24.55,24.6,5916236,0.0
2008-11-17,24.33,24.9,24.01,24.07,4689139,0.0
2008-11-18,23.21,23.63,22.61,23.37,4017268,0.0
2008-11-19,22.43,22.91,21.05,21.05,4327808,0.0
2008-11-20,20.3,20.83,19.0,19.0,7061501,0.0
2008-11-21,21.4,22.6,20.64,22.57,6158630,0.0
2008-11-24,21.5,23.2,21.5,22.5348,6189924,0.0
2008-11-25,22.38,22.38,20.84,21.38,4563265,0.0
2008-11-26,22.62,23.61,22.24,23.4,3719301,0.0
2008-11-28,23.77,23.98,23.58,23.93,1574259,0.0
2008-12-01,22.81,23.19,21.63,21.79,3943186,0.0
2008-12-02,22.73,23.44,22.39,23.31,2896750,0.0
2008-12-03,22.09,23.4501,22.03,23.35,3081346,0.0
2008-12-04,22.07,22.68,21.52,21.99,2166474,0.0
2008-12-05,22.0,23.3,21.61,23.3,2729453,0.0
2008-12-08,24.94,25.65,24.86,25.28,5998976,0.0
2008-12-09,24.83,25.59,24.72,25.05,2792617,0.0
2008-12-10,26.87,27.13,26.45,27.02,3756260,0.0
2008-12-11,27.49,28.005,26.97,27.24,4185190,0.0
2008-12-12,26.26,27.14,26.16,26.89,2711912,0.0
2008-12-15,27.12,27.39,26.36,26.77,1571340,0.0
2008-12-16,27.63,29.32,27.53,28.95,3990559,0.0
2008-12-17,28.39,29.04,28.39,28.5,4111523,0.0
2008-12-18,29.12,29.64,28.19,28.43,5572889,0.0
2008-12-19,29.43,29.67,28.92,29.05,2350480,0.0
2008-12-22,28.92,28.95,27.74,28.39,2453659,0.0
2008-12-23,27.14,27.61,26.82,26.88,2917951,0.0
2008-12-24,27.58,27.83,27.33,27.8,579069,0.0
2008-12-26,27.56,27.84,27.27,27.62,1009120,0.0
2008-12-29,27.94,28.28,27.58,28.0,1833664,0.0
2008-12-30,27.49,27.81,27.17,27.69,4429350,0.0
2008-12-31,27.91,28.23,27.6,27.97,2017072,0.0
2009-01-02,28.13,29.16,27.97,29.02,2926045,0.0
2009-01-05,29.02,29.38,28.6101,29.09,2729265,0.0
2009-01-06,29.71,30.17,29.5,29.77,2974054,0.0
2009-01-07,29.69,30.11,29.3408,29.77,3523024,0.0
2009-01-08,29.08,29.57,28.82,29.57,2847001,0.0
2009-01-09,28.48,28.5,27.49,27.9,2215120,0.0
2009-01-12,27.34,27.36,26.42,26.61,2514793,0.0
2009-01-13,26.88,27.82,26.88,27.55,2750865,0.0
2009-01-14,27.37,27.38,26.52,26.96,2470244,0.0
2009-01-15,26.22,26.55,25.05,26.23,3354487,0.0
2009-01-16,27.3,27.39,26.02,26.79,1827846,0.0
2009-01-20,26.24,26.24,25.19,25.23,3186994,0.0
2009-01-21,25.69,26.52,25.18,26.39,2642031,0.0
2009-01-22,25.71,25.85,24.85,25.57,1560350,0.0
2009-01-23,24.5,25.35,24.36,25.1,2193238,0.0
2009-01-26,25.32,25.95,25.03,25.31,2281402,0.0
2009-01-27,25.8,26.23,25.53,25.9,2305377,0.0
2009-01-28,27.54,28.12,27.27,27.75,5928607,0.0
2009-01-29,27.06,27.52,26.54,26.75,8520068,0.0
2009-01-30,26.92,27.14,26.19,26.53,10097910,0.0
2009-02-02,25.93,26.61,25.91,26.38,1884935,0.0
2009-02-03,27.17,27.73,26.85,27.67,5315989,0.0
2009-02-04,28.02,28.67,28.01,28.2,4227985,0.0
2009-02-05,27.85,28.7,27.42,28.53,5574845,0.0
2009-02-06,28.81,29.75,28.48,29.53,2157750,0.0
2009-02-09,28.67,29.23,28.44,28.77,2233335,0.0
2009-02-10,28.27,28.35,26.58,26.84,4771482,0.0
2009-02-11,27.24,27.61,26.99,27.53,2960080,0.0
2009-02-12,26.77,27.4,26.41,27.26,3174516,0.0
2009-02-13,27.13,28.28,26.97,27.18,1285220,0.0
2009-02-17,24.3,24.8,24.3,24.32,3305770,0.0
2009-02-18,24.34,24.54,23.96,24.2,4315647,0.0
2009-02-19,24.45,24.556,23.7,23.75,3711944,0.0
2009-02-20,22.325,22.79,22.01,22.37,6071521,0.0
2009-02-23,23.78,24.12,22.41,22.44,5499526,0.0
2009-02-24,22.94,23.38,22.35,23.32,4956549,0.0
2009-02-25,22.75,23.0,22.1,22.63,6015387,0.0
2009-02-26,22.92,22.96,22.1,22.19,12723820,0.0
2009-02-27,21.84,22.2,21.51,21.8,5423926,0.0
2009-03-02,21.09,21.09,19.93,20.02,9020322,0.0
2009-03-03,20.75,21.28,20.48,20.67,6692133,0.0
2009-03-04,22.09,22.79,21.88,22.46,7993051,0.0
2009-03-05,21.78,22.05,21.19,21.398,6697735,0.0
2009-03-06,22.08,22.49,21.46,22.04,4863363,0.0
2009-03-09,22.03,22.55,21.67,22.0,3291893,0.0
2009-03-10,23.42,24.37,23.02,24.27,4603736,0.0
2009-03-11,24.84,25.0,24.21,24.55,6344221,0.0
2009-03-12,24.17,25.5,24.14,25.32,7728401,0.0
2009-03-13,25.1,25.26,24.44,24.9,4621790,0.0
2009-03-16,25.74,26.23,25.52,25.57,4334137,0.0
2009-03-17,26.4,27.1,25.57,26.97,5631292,0.0
2009-03-18,26.85,28.03,26.2501,27.87,6605884,0.0
2009-03-19,27.97,28.2,27.15,27.23,6726404,0.0
2009-03-20,27.29,27.44,26.66,26.77,4204071,0.0
2009-03-23,27.44,29.33,27.44,29.25,4764978,0.0
2009-03-24,28.52,29.09,28.2,28.55,4049378,0.0
2009-03-25,29.08,29.9,28.77,29.36,4701780,0.0
2009-03-26,30.36,30.71,29.93,30.45,4965620,0.0
2009-03-27,29.76,29.84,29.32,29.64,3531882,0.0
2009-03-30,27.8,27.98,27.11,27.43,5243477,0.0
2009-03-31,28.38,28.93,28.19,28.46,3530656,0.0
2009-04-01,29.06,29.88,28.95,29.73,4578209,0.0
2009-04-02,31.45,32.25,31.0,31.73,5246004,0.0
2009-04-03,31.96,31.96,31.11,31.96,4579165,0.0
2009-04-06,31.56,31.87,31.04,31.65,3878264,0.0
2009-04-07,31.07,31.35,31.0,31.05,4434065,0.0
2009-04-08,30.42,31.11,30.4,30.68,7056044,0.0
2009-04-09,32.42,32.75,32.35,32.69,3811990,0.0
2009-04-13,32.3,32.86,32.1,32.6,3169417,0.0
2009-04-14,32.52,32.69,31.98,32.08,5015187,0.0
2009-04-15,32.0,32.38,31.7,32.37,2834723,0.0
2009-04-16,32.49,32.89,32.09,32.45,3027428,0.0
2009-04-17,32.28,32.565,32.05,32.44,2156654,0.0
2009-04-20,31.72,31.75,30.71,30.73,3897572,0.0
2009-04-21,31.18,32.22,30.84,32.22,3157807,0.0
2009-04-22,32.09,32.91,32.05,32.28,3078654,0.0
2009-04-23,32.69,33.06,32.37,32.93,3805951,0.0
2009-04-24,32.88,33.47,32.67,33.15,5161967,0.0
2009-04-27,32.45,32.45,31.8,31.9,3568080,0.0
2009-04-28,30.86,31.56,30.71,31.26,3893974,0.0
2009-04-29,32.47,33.46,32.29,33.23,4999077,0.0
2009-04-30,34.33,34.6,33.92,34.22,4688864,0.0
2009-05-01,34.36,34.93,34.03,34.74,2920369,0.0
2009-05-04,35.35,36.84,35.28,36.76,5008563,0.0
2009-05-05,36.52,36.55,35.94,36.39,5002671,0.0
2009-05-06,36.05,36.63,35.74,36.29,5725935,0.0
2009-05-07,36.62,36.77,35.0,35.2,4513797,0.0
2009-05-08,36.36,37.055,36.25,37.03,3027146,0.0
2009-05-11,36.29,36.6,35.91,35.99,3217567,0.0
2009-05-12,36.38,36.66,35.81,36.16,3595208,0.0
2009-05-13,35.89,35.89,34.95,35.0,4328751,0.0
2009-05-14,34.84,35.41,34.67,35.15,3551615,0.0
2009-05-15,35.12,35.49,34.58,34.78,3697826,0.0
2009-05-18,35.63,36.55,35.63,36.55,5571473,0.0
2009-05-19,36.2,37.17,36.2,36.76,4064950,0.0
2009-05-20,37.38,37.65,36.85,36.94,3422335,0.0
2009-05-21,36.17,36.24,35.59,35.89,3160642,0.0
2009-05-22,36.11,36.23,35.8,35.92,1991850,0.0
2009-05-26,34.57,35.44,34.32,35.37,4885005,0.0
2009-05-27,34.39,34.65,33.69,33.92,7923004,0.0
2009-05-28,35.21,35.82,34.832,35.68,4672873,0.0
2009-05-29,35.95,36.11,35.53,36.11,3694350,0.0
2009-06-01,36.8,37.47,36.75,37.42,4452073,0.0
2009-06-02,37.06,37.06,36.43,36.58,4900521,0.0
2009-06-03,36.4,36.46,35.23,35.51,5100112,0.0
2009-06-04,35.57,35.94,35.18,35.94,3937909,0.0
2009-06-05,36.48,36.48,35.46,35.71,2703878,0.0
2009-06-08,35.23,35.5,34.85,35.32,2802381,0.0
2009-06-09,35.18,35.26,34.66,34.99,2814221,0.0
2009-06-10,35.94,36.35,35.495,35.98,4257938,0.0
2009-06-11,36.06,37.16,36.06,36.64,3462647,0.0
2009-06-12,36.37,36.57,36.08,36.55,1776285,0.0
2009-06-15,35.95,35.95,35.04,35.24,4091342,0.0
2009-06-16,35.55,35.72,34.815,34.86,2894565,0.0
2009-06-17,34.73,35.2,34.4617,34.85,3557127,0.0
2009-06-18,34.83,35.04,34.41,34.7,3326659,0.0
2009-06-19,35.1,35.17,34.63,34.74,3558400,0.0
2009-06-22,34.86,34.86,33.83,33.86,5408193,0.0
2009-06-23,33.68,33.89,31.67,33.77,3710088,0.0
2009-06-24,34.03,34.6212,33.82,33.98,3893783,0.0
2009-06-25,33.99,35.0199,33.9,34.94,3011400,0.0
2009-06-26,34.83,35.03,34.68,34.85,2330598,0.0
2009-06-29,34.99,35.16,34.72,35.04,2792119,0.0
2009-06-30,35.04,35.14,34.41,34.79,4485279,0.0
2009-07-01,35.92,36.31,35.84,35.91,4134332,0.0
2009-07-02,35.5,35.5,34.8,34.8,3724534,0.0
2009-07-06,35.89,36.15,35.64,36.11,4014862,0.0
2009-07-07,36.27,36.415,35.52,35.71,3200924,0.0
2009-07-08,36.05,36.11,35.11,35.69,4830020,0.0
2009-07-09,35.9,36.3,35.75,35.98,2964522,0.0
2009-07-10,35.55,35.82,35.26,35.66,2229327,0.0
2009-07-13,34.25,35.0,34.0,34.7,4616514,0.0
2009-07-14,34.95,35.04,34.58,34.97,2907003,0.0
2009-07-15,36.32,37.31,36.12,37.21,6095054,0.0
2009-07-16,37.18,37.72,36.93,37.5,2608488,0.0
2009-07-17,37.51,37.76,37.29,37.73,2341324,0.0
2009-07-20,39.15,39.23,38.75,38.93,3692848,0.0
2009-07-21,39.36,39.45,38.72,39.1,3421791,0.0
2009-07-22,38.98,39.52,38.75,39.26,2826657,0.0
2009-07-23,39.3,40.27,39.16,39.89,3793799,0.0
2009-07-24,39.5,39.97,39.21,39.8,2919447,0.0
2009-07-27,40.4,40.4,39.76,40.3,3649124,0.0
2009-07-28,40.38,40.48,39.76,40.25,3018876,0.0
2009-07-29,39.78,40.04,39.53,39.96,2480012,0.0
2009-07-30,40.88,41.5,40.88,41.19,4233093,0.0
2009-07-31,41.38,41.9295,41.38,41.64,3397625,0.0
2009-08-03,42.51,42.89,42.33,42.75,3739702,0.0
2009-08-04,42.15,42.558,41.93,42.36,2677142,0.0
2009-08-05,41.91,42.05,41.34,41.92,3987598,0.0
2009-08-06,42.24,42.24,41.25,41.7,4952237,0.0
2009-08-07,42.54,42.9406,42.3,42.73,3793926,0.0
2009-08-10,42.06,42.25,41.57,41.72,2648004,0.0
2009-08-11,41.53,41.53,40.58,40.76,3415747,0.0
2009-08-12,40.57,41.37,40.57,41.08,2711354,0.0
2009-08-13,41.53,41.75,41.18,41.63,3443697,0.0
2009-08-14,41.91,42.0,41.2,41.51,3278139,0.0
2009-08-17,39.63,39.71,39.15,39.15,4968995,0.0
2009-08-18,40.38,40.53,40.12,40.4,2638736,0.0
2009-08-19,39.84,40.67,39.84,40.65,2323312,0.0
2009-08-20,41.0,41.94,41.0,41.68,2338991,0.0
2009-08-21,41.99,42.43,41.84,42.36,2387819,0.0
2009-08-24,42.62,42.96,42.43,42.64,2365825,0.0
2009-08-25,42.5,42.96,42.26,42.36,2950218,0.0
2009-08-26,42.36,42.57,42.17,42.46,2606759,0.0
2009-08-27,42.23,42.44,41.7,42.34,4342835,0.0
2009-08-28,42.6,42.9,42.09,42.35,2399463,0.0
2009-08-31,41.9,41.93,41.4799,41.59,2469755,0.0
2009-09-01,42.61,43.09,41.7,41.84,5776671,0.0
2009-09-02,42.15,42.72,42.1,42.57,6046081,0.0
2009-09-03,43.01,43.25,42.52,42.95,3925746,0.0
2009-09-04,42.77,43.46,42.71,43.3,2962467,0.0
2009-09-08,43.68,44.02,43.52,43.73,3452131,0.0
2009-09-09,43.6,44.1,43.565,43.8,4367192,0.0
2009-09-10,44.15,44.71,43.8,44.64,2922052,0.0
2009-09-11,44.9,45.045,44.565,44.81,2961267,0.0
2009-09-14,44.09,44.6,44.09,44.41,3656723,0.0
2009-09-15,45.06,45.62,44.84,45.54,4633220,0.0
2009-09-16,46.41,46.86,46.07,46.84,3326440,0.0
2009-09-17,46.65,46.96,46.35,46.53,2692372,0.0
2009-09-18,46.77,46.99,46.62,46.77,4319286,0.0
2009-09-21,46.36,46.62,46.18,46.46,2779771,0.0
2009-09-22,47.39,47.74,47.35,47.58,3238296,0.0
2009-09-23,47.63,48.09,47.18,47.22,4617248,0.0
2009-09-24,47.49,47.6,46.22,46.34,5016966,0.0
2009-09-25,46.69,46.97,46.48,46.69,3153389,0.0
2009-09-28,46.7,47.36,46.4,47.07,2698505,0.0
2009-09-29,47.14,47.53,47.03,47.13,3234621,0.0
2009-09-30,47.71,47.72,46.75,47.38,4517362,0.0
2009-10-01,46.35,46.43,45.23,45.39,5957338,0.0
2009-10-02,44.81,45.19,44.41,45.11,4735099,0.0
2009-10-05,45.2,46.0,45.11,45.85,3533253,0.0
2009-10-06,45.73,46.19,45.61,45.83,4891534,0.0
2009-10-07,44.96,45.26,44.8,45.17,3840466,0.0
2009-10-08,45.7,45.99,45.46,45.87,3172512,0.0
2009-10-09,46.63,46.83,46.45,46.62,3542721,0.0
2009-10-12,46.37,46.63,46.21,46.4,2289932,0.0
2009-10-13,46.17,46.26,45.88,46.09,3385871,0.0
2009-10-14,47.17,47.68,46.99,47.68,3870335,0.0
2009-10-15,47.26,47.76,47.22,47.66,4606385,0.0
2009-10-16,45.98,46.32,45.75,46.08,5806417,0.0
2009-10-19,46.4,47.08,46.3134,46.98,2638638,0.0
2009-10-20,46.88,46.88,46.12,46.24,4422715,0.0
2009-10-21,45.93,46.56,45.72,45.82,3429917,0.0
2009-10-22,45.07,45.55,44.68,45.47,3452383,0.0
2009-10-23,46.01,46.03,45.2,45.43,3173365,0.0
2009-10-26,46.43,46.705,45.6,45.73,3722583,0.0
2009-10-27,45.62,45.96,45.19,45.32,2888700,0.0
2009-10-28,44.49,44.49,43.3805,43.45,4963063,0.0
2009-10-29,43.82,45.14,43.82,44.96,3762259,0.0
2009-10-30,44.16,44.22,42.63,42.88,5365575,0.0
2009-11-02,43.45,43.83,42.55,43.13,7651859,0.0
2009-11-03,42.41,43.08,42.27,42.92,6116142,0.0
2009-11-04,43.99,44.49,43.9,44.11,4673150,0.0
2009-11-05,43.9,44.28,43.68,44.21,2384164,0.0
2009-11-06,44.24,44.6895,44.1,44.5,3053484,0.0
2009-11-09,45.28,46.04,45.22,45.89,2806646,0.0
2009-11-10,45.42,45.53,45.14,45.36,1790660,0.0
2009-11-11,46.11,46.27,45.59,45.75,3509867,0.0
2009-11-12,45.22,45.31,44.51,44.67,2526378,0.0
2009-11-13,44.95,45.28,44.67,45.1,2170749,0.0
2009-11-16,45.73,46.42,45.72,46.15,3550399,0.0
2009-11-17,45.7,45.91,45.44,45.9,1940474,0.0
2009-11-18,45.89,46.21,45.8,46.09,2719416,0.0
2009-11-19,45.99,46.13,45.5,45.76,3760829,0.0
2009-11-20,45.83,46.22,45.75,46.08,2142423,0.0
2009-11-23,46.86,47.095,46.81,46.87,5485284,0.0
2009-11-24,46.29,46.87,45.91,46.18,3512944,0.0
2009-11-25,46.42,46.59,46.32,46.48,1314663,0.0
2009-11-27,43.42,44.44,43.21,44.0,5305652,0.0
2009-11-30,44.29,44.43,43.82,44.38,6628195,0.0
2009-12-01,45.25,45.715,45.21,45.58,3376836,0.0
2009-12-02,45.93,46.41,45.83,46.06,3597120,0.0
2009-12-03,46.61,46.92,46.22,46.45,4777046,0.0
2009-12-04,47.45,47.87,46.77,47.06,7358646,0.0
2009-12-07,46.91,47.28,46.8,47.1,4451235,0.0
2009-12-08,46.86,46.86,46.1,46.32,5382151,0.0
2009-12-09,46.51,46.92,46.38,46.87,3551885,0.0
2009-12-10,47.08,47.39,47.03,47.15,3776836,0.0
2009-12-11,47.46,47.51,47.2,47.39,2049729,0.0
2009-12-14,47.65,47.86,47.5,47.66,1646462,0.0
2009-12-15,47.58,47.75,47.41,47.53,1674413,0.0
2009-12-16,47.73,47.77,47.42,47.47,2491364,0.0
2009-12-17,46.27,46.29,45.77,45.82,2896725,0.0
2009-12-18,46.12,46.46,45.79,45.92,3852383,0.0
2009-12-21,46.01,46.48,45.8,46.08,2667940,0.0
2009-12-22,46.41,46.45,46.02,46.2,4411483,0.0
2009-12-23,46.45,46.6,46.15,46.52,2230985,0.0
2009-12-24,46.81,47.39,46.81,47.27,967455,0.0
2009-12-28,47.62,47.78,47.31,47.5,1625837,0.0
2009-12-29,47.59,47.59,47.29,47.34,1375948,0.0
2009-12-30,47.77,47.92,47.62,47.62,1437291,0.0
2009-12-31,48.08,48.08,47.63,47.64,2117702,0.0
2010-01-04,48.84,49.47,48.75,49.35,4952602,0.0
2010-01-05,49.32,49.44,49.08,49.37,4520863,0.0
2010-01-06,49.84,50.08,49.75,50.08,3232797,0.0
2010-01-07,49.16,49.31,48.9991,49.06,3455927,0.0
2010-01-08,49.49,49.85,49.275,49.78,2722736,0.0
2010-01-11,49.95,50.12,49.6301,50.09,5167311,0.0
2010-01-12,49.69,49.72,49.22,49.4,3389413,0.0
2010-01-13,49.28,49.5419,49.022,49.48,3780165,0.0
2010-01-14,49.55,49.95,49.5,49.78,3153396,0.0
2010-01-15,49.92,49.98,49.35,49.4,3096718,0.0
2010-01-19,49.91,50.54,49.7,50.42,4468462,0.0
2010-01-20,49.78,49.83,49.01,49.48,4177893,0.0
2010-01-21,50.04,50.19,48.95,49.0,5137047,0.0
2010-01-22,48.66,48.69,47.515,47.61,5999370,0.0
2010-01-25,48.26,48.52,47.81,48.07,4114085,0.0
2010-01-26,46.88,47.35,46.6,46.85,5340573,0.0
2010-01-27,46.2,46.695,45.95,46.52,5332231,0.0
2010-01-28,46.99,47.42,46.11,46.27,4809398,0.0
2010-01-29,46.16,46.54,45.265,45.44,5428352,0.0
2010-02-01,45.83,46.58,45.83,46.53,3459067,0.0
2010-02-02,45.96,46.77,45.83,46.69,7431975,0.0
2010-02-03,46.86,46.89,46.295,46.48,4706058,0.0
2010-02-04,46.04,46.1499,44.771,44.82,4999413,0.0
2010-02-05,44.11,44.33,43.15,44.28,7786412,0.0
2010-02-08,44.28,44.5,43.845,43.9,3232761,0.0
2010-02-09,45.02,45.615,44.72,45.17,4211925,0.0
2010-02-10,45.27,45.38,44.63,45.09,4958689,0.0
2010-02-11,45.58,46.2593,45.21,46.15,3411446,0.0
2010-02-12,45.25,45.73,45.08,45.69,2372553,0.0
2010-02-16,46.32,46.89,46.32,46.6,2962154,0.0
2010-02-17,47.42,47.43,47.0,47.26,2618667,0.0
2010-02-18,46.85,47.72,46.85,47.56,4178014,0.0
2010-02-19,46.64,46.95,46.38,46.54,3907267,0.0
2010-02-22,47.29,47.29,46.84,47.03,2892509,0.0
2010-02-23,46.87,46.87,45.95,46.09,3891827,0.0
2010-02-24,46.3,46.68,46.135,46.37,2238102,0.0
2010-02-25,44.95,45.42,44.54,45.4,3831361,0.0
2010-02-26,45.45,45.77,45.15,45.56,1931338,0.0
2010-03-01,46.17,46.54,46.15,46.23,1937560,0.0
2010-03-02,46.88,47.03,46.71,46.77,3035611,0.0
2010-03-03,47.24,47.4826,47.0293,47.06,2272224,0.0
2010-03-04,47.04,47.65,46.61,46.86,3013748,0.0
2010-03-05,47.79,48.42,47.68,48.4,4251540,0.0
2010-03-08,48.76,48.86,48.62,48.72,3156164,0.0
2010-03-09,48.54,48.969,48.49,48.82,4163309,0.0
2010-03-10,48.85,49.348,48.82,49.24,3259412,0.0
2010-03-11,48.84,48.99,48.44,48.95,2975875,0.0
2010-03-12,49.27,49.3,48.62,48.68,1648617,0.0
2010-03-15,48.4,48.45,47.96,48.33,2107529,0.0
2010-03-16,48.15,48.59,48.15,48.58,2332119,0.0
2010-03-17,49.37,49.77,49.23,49.43,3466052,0.0
2010-03-18,49.25,49.25,48.87,49.09,1482325,0.0
2010-03-19,49.39,49.4799,48.8,49.25,5464122,0.0
2010-03-22,48.61,49.11,48.53,49.01,2938364,0.0
2010-03-23,49.2,49.5,49.02,49.4,1795166,0.0
2010-03-24,49.01,49.12,48.8,49.03,1976744,0.0
2010-03-25,49.435,49.55,48.9,49.04,2554411,0.0
2010-03-26,49.69,49.7,48.24,48.74,8585614,0.0
2010-03-29,49.54,49.72,49.35,49.68,3532181,0.0
2010-03-30,49.83,49.95,49.48,49.91,1781904,0.0
2010-03-31,49.63,50.2,49.58,50.0,2725845,0.0
2010-04-01,51.06,51.68,51.06,51.61,7533104,0.0
2010-04-05,52.13,52.28,51.8,52.12,3062473,0.0
2010-04-06,51.89,52.24,51.75,52.15,2806266,0.0
2010-04-07,51.9,51.9,51.35,51.65,4169316,0.0
2010-04-08,51.71,52.2,51.52,52.07,2285367,0.0
2010-04-09,52.11,52.15,51.87,52.05,2443387,0.0
2010-04-12,51.31,51.5,51.26,51.38,3322915,0.0
2010-04-13,51.12,51.48,51.05,51.32,3072217,0.0
2010-04-14,52.37,52.67,52.26,52.56,3541134,0.0
2010-04-15,52.58,52.83,52.43,52.68,3121456,0.0
2010-04-16,52.22,52.4,51.4,51.66,4415063,0.0
2010-04-19,50.66,51.16,50.49,51.07,4423905,0.0
2010-04-20,51.63,51.77,51.27,51.7,2802410,0.0
2010-04-21,52.32,52.5,51.97,52.36,5311864,0.0
2010-04-22,52.03,52.55,51.58,52.47,5724818,0.0
2010-04-23,52.26,52.75,52.12,52.74,3527889,0.0
2010-04-26,52.82,53.15,52.77,52.9,1511237,0.0
2010-04-27,52.2,52.34,50.89,51.03,4446965,0.0
2010-04-28,51.58,51.825,51.19,51.73,3090491,0.0
2010-04-29,52.09,52.41,51.88,52.4,2268815,0.0
2010-04-30,52.64,52.64,51.77,51.85,3240664,0.0
2010-05-03,51.46,51.94,51.32,51.74,1951731,0.0
2010-05-04,50.78,50.85,49.34,49.63,7149786,0.0
2010-05-05,48.71,49.51,48.23,48.68,11299000,0.0
2010-05-06,48.45,48.83,44.66,46.74,8704468,0.0
2010-05-07,47.31,47.57,45.9875,46.89,8827531,0.0
2010-05-10,49.8,50.09,49.36,49.89,5545070,0.0
2010-05-11,48.52,49.55,48.36,48.97,4893445,0.0
2010-05-12,48.79,49.16,48.6,49.08,4279311,0.0
2010-05-13,49.58,49.89,49.185,49.35,3079385,0.0
2010-05-14,49.01,49.1,48.21,48.69,4607716,0.0
2010-05-17,48.21,48.49,47.11,48.05,3435297,0.0
2010-05-18,48.0,48.36,46.7,46.735,8230374,0.0
2010-05-19,46.22,46.57,45.55,46.27,7086817,0.0
2010-05-20,43.07,43.87,42.5,43.3,10102550,0.0
2010-05-21,42.22,44.1,42.09,44.1,8322837,0.0
2010-05-24,43.79,44.22,43.43,43.52,4321695,0.0
2010-05-25,40.8,42.23,40.65,42.2,9843096,0.0
2010-05-26,42.85,42.96,41.88,42.09,6979899,0.0
2010-05-27,44.15,44.88,43.99,44.81,6373073,0.0
2010-05-28,45.14,45.16,43.91,44.0,6119470,0.0
2010-06-01,43.63,44.52,43.46,43.49,4581050,0.0
2010-06-02,43.74,45.14,43.7,45.07,6190252,0.0
2010-06-03,45.91,46.07,45.12,45.48,5272961,0.0
2010-06-04,44.85,45.19,44.17,44.33,5801296,0.0
2010-06-07,44.35,44.52,43.4,43.51,4811934,0.0
2010-06-08,44.37,44.49,43.51,44.385,4684154,0.0
2010-06-09,44.18,44.535,43.57,43.9,5654720,0.0
2010-06-10,44.61,44.95,44.34,44.78,4292712,0.0
2010-06-11,44.55,45.12,44.23,45.11,3289632,0.0
2010-06-14,46.14,46.4725,45.81,45.93,3168907,0.0
2010-06-15,46.2,47.27,45.94,47.12,3102395,0.0
2010-06-16,46.79,47.46,46.75,47.19,2795940,0.0
2010-06-17,47.37,47.37,46.67,47.01,3159897,0.0
2010-06-18,47.64,47.95,47.42,47.92,2646594,0.0
2010-06-21,49.27,49.53,48.5,48.89,4674363,0.0
2010-06-22,48.75,48.92,47.71,47.89,3652553,0.0
2010-06-23,47.81,47.96,47.25,47.71,3492119,0.0
2010-06-24,47.71,47.84,47.1,47.39,3183991,0.0
2010-06-25,47.24,47.57,46.75,47.4,4386743,0.0
2010-06-28,47.37,47.43,47.06,47.17,2119269,0.0
2010-06-29,45.67,45.76,44.92,45.07,4751267,0.0
2010-06-30,45.29,45.67,44.69,44.71,3450345,0.0
2010-07-01,45.07,45.08,44.17,44.91,8168754,0.0
2010-07-02,44.52,44.67,43.95,44.25,4363407,0.0
2010-07-06,45.47,46.01,45.06,45.45,4538241,0.0
2010-07-07,45.2,46.05,44.78,46.03,2852022,0.0
2010-07-08,46.58,46.66,46.05,46.5,3135005,0.0
2010-07-09,47.22,47.54,47.07,47.45,2507554,0.0
2010-07-12,47.38,47.67,47.17,47.54,2475391,0.0
2010-07-13,47.6,47.95,47.55,47.87,2792176,0.0
2010-07-14,47.99,48.4,47.85,48.36,3152012,0.0
2010-07-15,48.25,48.3,47.5597,48.19,3064294,0.0
2010-07-16,47.34,47.45,46.17,46.37,2801013,0.0
2010-07-19,46.85,47.03,46.41,46.96,1945606,0.0
2010-07-20,46.75,47.94,46.71,47.81,3755307,0.0
2010-07-21,48.06,48.14,47.19,47.45,2103309,0.0
2010-07-22,47.83,48.47,47.76,48.33,3199902,0.0
2010-07-23,48.33,48.86,48.17,48.85,2252430,0.0
2010-07-26,49.03,49.6,48.87,49.56,2391354,0.0
2010-07-27,49.77,50.62,49.36,49.41,2918683,0.0
2010-07-28,49.14,49.4,48.96,49.06,3142546,0.0
2010-07-29,49.39,49.58,48.85,49.0,2598123,0.0
2010-07-30,48.8,49.245,48.56,49.05,2303054,0.0
2010-08-02,50.44,50.9,50.36,50.63,1969338,0.0
2010-08-03,50.66,50.93,50.41,50.83,3251351,0.0
2010-08-04,50.88,51.0665,50.63,50.87,2448920,0.0
2010-08-05,50.35,50.63,50.2,50.6,2076778,0.0
2010-08-06,50.35,50.82,50.17,50.66,1903909,0.0
2010-08-09,50.94,51.0225,50.73,50.83,2097905,0.0
2010-08-10,49.79,50.4,49.655,50.13,3350041,0.0
2010-08-11,48.45,48.59,48.0,48.08,2981794,0.0
2010-08-12,47.26,47.85,47.17,47.85,2528696,0.0
2010-08-13,48.17,48.43,48.0,48.28,1976178,0.0
2010-08-16,47.94,48.478,47.87,48.36,1463109,0.0
2010-08-17,49.31,49.6,49.175,49.24,1709758,0.0
2010-08-18,49.33,49.65,49.17,49.41,1357621,0.0
2010-08-19,49.88,50.06,49.19,49.49,2627306,0.0
2010-08-20,49.2,49.28,48.9,49.25,1494495,0.0
2010-08-23,49.29,49.425,48.821,48.96,1866480,0.0
2010-08-24,48.46,48.46,47.82,48.28,2628877,0.0
2010-08-25,47.31,47.78,47.02,47.59,2706529,0.0
2010-08-26,47.7,48.04,47.28,47.34,2557039,0.0
2010-08-27,47.75,48.1,47.1,48.0,2084526,0.0
2010-08-30,48.3,48.552,47.89,47.92,2322038,0.0
2010-08-31,47.68,48.04,47.44,47.79,2784761,0.0
2010-09-01,48.98,49.84,48.98,49.64,3368996,0.0
2010-09-02,49.36,49.68,49.19,49.66,1854982,0.0
2010-09-03,49.69,50.23,49.61,50.09,1969119,0.0
2010-09-07,49.57,52.5,49.46,49.55,2011534,0.0
2010-09-08,49.79,50.215,49.69,49.99,1437185,0.0
2010-09-09,50.59,50.79,50.4,50.49,2896244,0.0
2010-09-10,50.64,51.06,50.59,50.92,1546444,0.0
2010-09-13,51.45,51.72,51.45,51.61,1620397,0.0
2010-09-14,51.28,51.81,51.04,51.57,2287416,0.0
2010-09-15,51.45,51.84,51.31,51.79,1897873,0.0
2010-09-16,51.08,51.33,51.0,51.23,2384572,0.0
2010-09-17,51.44,51.66,51.25,51.38,2224518,0.0
2010-09-20,51.82,52.36,51.7,52.25,2209332,0.0
2010-09-21,52.14,52.4305,51.86,52.37,2567227,0.0
2010-09-22,52.29,52.54,52.14,52.41,2260792,0.0
2010-09-23,51.93,52.24,51.71,51.8,4005520,0.0
2010-09-24,52.36,52.91,52.26,52.77,3304780,0.0
2010-09-27,52.81,52.94,52.68,52.68,2249894,0.0
2010-09-28,52.67,52.91,52.26,52.89,2878777,0.0
2010-09-29,53.17,53.38,52.7,53.15,2460642,0.0
2010-09-30,53.58,53.82,53.17,53.49,4269233,0.0
2010-10-01,54.2,54.65,54.19,54.44,4069189,0.0
2010-10-04,54.32,54.585,54.17,54.57,2670648,0.0
2010-10-05,54.49,55.18,54.43,55.16,3366711,0.0
2010-10-06,55.41,56.0401,55.16,55.97,5099504,0.0
2010-10-07,55.89,55.89,55.17,55.47,2510851,0.0
2010-10-08,55.23,55.86,55.12,55.68,2722055,0.0
2010-10-11,55.04,55.24,54.83,55.16,1783009,0.0
2010-10-12,54.15,54.48,53.74,54.32,4600883,0.0
2010-10-13,54.78,55.27,54.72,54.99,3793612,0.0
2010-10-14,55.31,55.7,55.23,55.41,3185624,0.0
2010-10-15,55.86,56.0,55.31,55.64,2971477,0.0
2010-10-18,54.52,56.0,54.44,56.0,3666191,0.0
2010-10-19,52.92,53.27,52.54,52.79,5693352,0.0
2010-10-20,53.64,54.32,53.51,53.98,4356055,0.0
2010-10-21,54.34,54.43,53.66,53.98,3756616,0.0
2010-10-22,54.75,54.81,54.54,54.7,2660546,0.0
2010-10-25,55.5,56.05,55.5,55.64,2101285,0.0
2010-10-26,55.25,55.55,55.16,55.48,1855330,0.0
2010-10-27,54.67,54.78,54.09,54.5,2326494,0.0
2010-10-28,55.34,55.41,54.91,55.04,2252812,0.0
2010-10-29,54.16,54.41,53.98,54.39,2249193,0.0
2010-11-01,55.46,55.71,55.04,55.35,2154662,0.0
2010-11-02,56.03,56.2,55.89,56.0,1606283,0.0
2010-11-03,56.63,56.9,56.04,56.79,2874997,0.0
2010-11-04,57.47,57.88,57.42,57.79,2871404,0.0
2010-11-05,57.26,57.4901,57.04,57.44,2939572,0.0
2010-11-08,56.98,57.14,56.7,57.13,1718102,0.0
2010-11-09,57.44,57.6,56.5405,56.75,2462878,0.0
2010-11-10,57.83,57.85,57.103,57.63,3361530,0.0
2010-11-11,57.06,57.3,56.86,57.3,2217387,0.0
2010-11-12,55.91,56.08,55.25,55.46,3550597,0.0
2010-11-15,55.59,55.765,55.37,55.47,2075130,0.0
2010-11-16,55.25,55.29,54.0,54.19,4422710,0.0
2010-11-17,54.42,54.79,54.37,54.47,2581428,0.0
2010-11-18,56.15,56.34,55.95,56.08,2730439,0.0
2010-11-19,56.24,56.6,55.91,56.52,2411497,0.0
2010-11-22,56.51,56.66,55.97,56.57,2316976,0.0
2010-11-23,53.45,53.75,53.17,53.5,8147927,0.0
2010-11-24,55.35,55.7,55.17,55.41,5459166,0.0
2010-11-26,53.57,54.12,53.5,53.6,2752187,0.0
2010-11-29,53.68,53.87,53.34,53.7,3547977,0.0
2010-11-30,53.73,54.25,53.6198,53.97,2748092,0.0
2010-12-01,55.5,55.82,55.31,55.63,2782315,0.0
2010-12-02,55.95,56.64,55.88,56.56,2692630,0.0
2010-12-03,56.85,57.47,56.85,57.31,2635499,0.0
2010-12-06,56.99,57.29,56.85,57.19,2715894,0.0
2010-12-07,57.8,57.89,57.2597,57.35,1928125,0.0
2010-12-08,56.96,57.08,56.55,57.08,2164255,0.0
2010-12-09,57.75,57.99,57.58,57.92,2419408,0.0
2010-12-10,57.785,58.06,57.592,57.95,1399921,0.0
2010-12-13,58.04,58.4,58.04,58.22,1533239,0.0
2010-12-14,58.4,58.68,58.37,58.63,1871900,0.0
2010-12-15,58.03,58.06,57.32,57.55,2455615,0.0
2010-12-16,57.58,58.22,57.3,58.13,4854380,0.0
2010-12-17,58.24,58.24,57.81,58.08,1666808,0.0
2010-12-20,58.42,58.605,58.22,58.49,3650619,0.0
2010-12-21,58.69,58.89,58.63,58.63,2251702,0.0
2010-12-22,58.73,58.88,58.68,58.8,1610315,0.0
2010-12-23,58.6,58.71,58.47,58.71,1499364,0.0
2010-12-27,58.21,58.56,58.0,58.44,1685510,0.0
2010-12-28,58.4,58.99,58.4,58.93,1314952,0.0
2010-12-29,59.49,59.85,59.43,59.7,1789013,0.0
2010-12-30,60.29,60.85,60.29,60.83,3619261,0.0
2010-12-31,60.84,61.23,60.78,61.19,1946246,0.0
2011-01-03,61.52,61.95,61.52,61.78,2206230,0.0
2011-01-04,62.05,62.22,61.55,61.92,2089115,0.0
2011-01-05,61.52,62.07,61.52,61.94,2920762,0.0
2011-01-06,61.98,62.0,61.44,61.51,2811113,0.0
2011-01-07,61.59,62.09,61.36,61.84,3349319,0.0
2011-01-10,61.23,61.26,60.72,60.92,2352133,0.0
2011-01-11,61.64,61.71,61.32,61.57,1762545,0.0
2011-01-12,62.45,62.9,62.43,62.81,3343852,0.0
2011-01-13,62.39,62.39,62.03,62.34,2717686,0.0
2011-01-14,62.52,63.06,62.52,62.98,1526295,0.0
2011-01-18,62.75,62.91,62.5,62.76,2751205,0.0
2011-01-19,63.05,63.36,62.51,62.76,2738493,0.0
2011-01-20,62.21,62.55,61.74,62.3,2610443,0.0
2011-01-21,61.7,61.76,60.98,61.11,3749120,0.0
2011-01-24,61.47,62.05,61.4,61.98,2096461,0.0
2011-01-25,61.85,62.02,61.54,61.66,4647567,0.0
2011-01-26,62.84,63.19,62.65,62.9,3084431,0.0
2011-01-27,63.24,63.37,62.98,63.27,2178955,0.0
2011-01-28,63.32,63.39,61.09,61.36,6179263,0.0
2011-01-31,61.65,61.97,61.39,61.4,5472449,0.0
2011-02-01,62.16,63.53,61.95,63.32,13699350,0.0
2011-02-02,63.25,63.729,63.06,63.19,3559146,0.0
2011-02-03,62.97,63.33,62.79,63.05,2468383,0.0
2011-02-04,63.06,63.38,62.68,63.14,2466362,0.0
2011-02-07,63.01,63.27,62.8,62.95,2454646,0.0
2011-02-08,62.63,62.77,62.21,62.74,2264804,0.0
2011-02-09,61.35,61.44,60.85,61.09,6000760,0.0
2011-02-10,59.43,60.13,59.31,60.04,5336527,0.0
2011-02-11,58.43,59.55,58.31,59.3,7874500,0.0
2011-02-14,59.63,59.84,59.56,59.66,2878536,0.0
2011-02-15,59.8,59.86,59.56,59.62,3313852,0.0
2011-02-16,59.52,59.71,59.38,59.6,4744658,0.0
2011-02-17,59.48,59.79,59.13,59.72,2553322,0.0
2011-02-18,60.43,60.6,60.19,60.47,2377475,0.0
2011-02-22,58.09,58.54,57.31,58.09,9792777,0.0
2011-02-23,58.22,58.47,57.34,57.8,3414717,0.0
2011-02-24,57.54,57.86,57.17,57.81,3894955,0.0
2011-02-25,58.54,58.55,58.21,58.5,3161914,0.0
2011-02-28,57.96,58.2,57.75,58.06,2240881,0.0
2011-03-01,58.51,58.74,57.17,57.2,3975392,0.0
2011-03-02,57.41,58.07,57.38,57.87,5570146,0.0
2011-03-03,59.13,59.53,59.05,59.41,3800393,0.0
2011-03-04,60.0,60.4,59.59,60.12,4488087,0.0
2011-03-07,59.8,59.8,58.68,58.91,3633628,0.0
2011-03-08,59.53,60.25,59.315,59.86,2525680,0.0
2011-03-09,59.95,60.17,59.78,59.95,2518250,0.0
2011-03-10,58.63,58.63,57.82,57.93,4958615,0.0
2011-03-11,57.2,58.23,57.15,58.1,5955262,0.0
2011-03-14,58.22,58.85,58.22,58.77,4269010,0.0
2011-03-15,56.14,57.83,56.1,57.7,15562650,0.0
2011-03-16,57.72,58.1201,56.49,56.61,9231651,0.0
2011-03-17,57.94,58.33,57.74,58.19,7410560,0.0
2011-03-18,59.06,59.34,58.69,58.96,7154440,0.0
2011-03-21,59.91,60.23,59.76,60.05,3903492,0.0
2011-03-22,60.03,60.29,59.99,60.07,2745276,0.0
2011-03-23,59.95,60.35,59.73,60.09,5058975,0.0
2011-03-24,61.01,61.54,60.91,61.37,6996755,0.0
2011-03-25,61.87,62.33,61.76,62.13,2762626,0.0
2011-03-28,62.25,62.32,61.92,61.97,3399400,0.0
2011-03-29,62.3,62.92,62.3,62.78,4689010,0.0
2011-03-30,63.68,64.11,63.62,63.99,3596694,0.0
2011-03-31,64.17,64.61,64.17,64.35,3549943,0.0
2011-04-01,65.5,65.78,65.21,65.74,7431997,0.0
2011-04-04,65.42,65.53,65.24,65.38,4006195,0.0
2011-04-05,65.34,65.78,65.34,65.51,3692641,0.0
2011-04-06,65.72,65.935,65.53,65.69,3359060,0.0
2011-04-07,65.24,65.4,64.78,65.05,3606343,0.0
2011-04-08,65.48,65.54,64.91,64.97,3178141,0.0
2011-04-11,65.06,65.09,64.39,64.41,3415984,0.0
2011-04-12,63.64,63.7,63.16,63.24,4216714,0.0
2011-04-13,65.24,65.38,64.6001,64.79,3387830,0.0
2011-04-14,64.79,65.64,64.72,65.53,5645844,0.0
2011-04-15,65.56,65.71,65.27,65.62,3334973,0.0
2011-04-18,64.57,64.58,63.98,64.45,3077916,0.0
2011-04-19,65.11,65.35,64.944,65.3,2044950,0.0
2011-04-20,67.5,67.92,67.47,67.55,4078409,0.0
2011-04-21,67.98,68.39,67.72,68.36,1738028,0.0
2011-04-25,68.36,68.36,67.94,68.24,1575962,0.0
2011-04-26,68.08,68.7,67.9,68.47,2876922,0.0
2011-04-27,68.43,68.57,67.54,68.36,5325211,0.0
2011-04-28,68.19,68.34,67.78,68.34,4142165,0.0
2011-04-29,68.36,68.97,68.09,68.97,2758131,0.0
2011-05-02,69.77,69.99,69.43,69.64,3842334,0.0
2011-05-03,68.59,68.61,67.85,68.28,3941301,0.0
2011-05-04,67.49,67.67,66.69,66.91,6204918,0.0
2011-05-05,66.43,66.6,65.7,66.17,7007652,0.0
2011-05-06,66.61,67.26,66.41,66.65,6363519,0.0
2011-05-09,65.74,66.2599,65.59,66.18,3018006,0.0
2011-05-10,66.4,66.905,66.39,66.8,3160213,0.0
2011-05-11,67.09,67.09,65.75,65.82,6088482,0.0
2011-05-12,64.88,65.76,64.645,65.63,4712942,0.0
2011-05-13,65.33,65.36,63.745,64.32,6538019,0.0
2011-05-16,63.84,64.5,63.75,64.07,2867694,0.0
2011-05-17,63.94,64.09,63.39,63.95,7753056,0.0
2011-05-18,64.99,65.51,64.74,65.34,2841868,0.0
2011-05-19,64.68,64.68,64.05,64.66,2237919,0.0
2011-05-20,64.51,64.62,64.0,64.25,2592468,0.0
2011-05-23,61.94,61.98,61.58,61.9,4885200,0.0
2011-05-24,62.57,62.64,62.21,62.23,3115860,0.0
2011-05-25,61.77,62.28,61.62,62.21,3131426,0.0
2011-05-26,63.46,63.735,63.1,63.64,4317086,0.0
2011-05-27,64.5,64.96,64.44,64.89,3169895,0.0
2011-05-31,65.99,66.25,65.65,66.01,3887459,0.0
2011-06-01,65.9,66.02,64.75,64.94,4047944,0.0
2011-06-02,65.12,65.2999,64.62,65.14,2477035,0.0
2011-06-03,64.41,65.08,64.32,64.81,2943390,0.0
2011-06-06,64.57,64.73,63.92,64.06,2206909,0.0
2011-06-07,64.63,64.8,64.36,64.38,2287936,0.0
2011-06-08,63.85,63.86,63.28,63.51,2860027,0.0
2011-06-09,63.51,63.99,63.1599,63.9,2264207,0.0
2011-06-10,62.6,62.66,61.81,62.01,3638193,0.0
2011-06-13,62.62,62.739,62.11,62.3,2162873,0.0
2011-06-14,63.75,64.26,63.66,63.87,2695366,0.0
2011-06-15,63.12,63.33,62.29,62.55,3293027,0.0
2011-06-16,62.09,62.33,61.6,62.0,2737990,0.0
2011-06-17,62.26,62.31,61.75,61.91,3663186,0.0
2011-06-20,61.23,61.56,61.03,61.55,2697475,0.0
2011-06-21,62.53,63.14,62.32,63.07,4344417,0.0
2011-06-22,62.42,62.9,62.39,62.44,2856119,0.0
2011-06-23,61.56,62.31,61.1,62.29,3763179,0.0
2011-06-24,63.1,63.16,62.42,62.51,2677655,0.0
2011-06-27,62.4,63.09,62.24,62.9,2919856,0.0
2011-06-28,62.61,63.55,62.43,63.55,3228237,0.0
2011-06-29,63.87,64.35,63.55,64.32,3109184,0.0
2011-06-30,64.3,65.18,64.2,65.0,3439253,0.0
2011-07-01,65.26,66.26,65.14,66.07,3274182,0.0
2011-07-05,66.51,66.88,66.44,66.53,2495433,0.0
2011-07-06,66.45,66.94,66.22,66.71,3839056,0.0
2011-07-07,67.39,68.03,67.37,67.94,2896366,0.0
2011-07-08,67.2,67.49,66.78,67.47,1950127,0.0
2011-07-11,66.3,66.4,65.48,65.69,2739226,0.0
2011-07-12,64.69,65.22,64.35,64.61,3401778,0.0
2011-07-13,65.47,66.41,65.29,65.7,2920673,0.0
2011-07-14,65.98,66.06,65.04,65.301,3596935,0.0
2011-07-15,65.94,66.01,65.35,65.62,1951522,0.0
2011-07-18,64.8,64.94,64.01,64.5,2463743,0.0
2011-07-19,65.16,65.71,65.12,65.69,2470060,0.0
2011-07-20,66.38,66.42,65.95,66.23,1653039,0.0
2011-07-21,66.41,66.93,66.03,66.64,1745702,0.0
2011-07-22,66.71,66.91,66.45,66.77,1352722,0.0
2011-07-25,66.28,66.496,65.82,66.22,1702475,0.0
2011-07-26,66.55,66.78,66.2,66.55,1659680,0.0
2011-07-27,66.5,66.56,65.51,65.72,4232807,0.0
2011-07-28,66.52,66.52,65.66,65.97,2535516,0.0
2011-07-29,65.1,65.85,64.83,65.68,2731111,0.0
2011-08-01,66.765,66.87,65.64,65.89,4646072,0.0
2011-08-02,64.94,64.94,63.65,63.72,3760498,0.0
2011-08-03,62.82,62.89,61.39,62.76,4624865,0.0
2011-08-04,60.36,60.47,58.54,58.61,9367771,0.0
2011-08-05,59.28,59.48,56.78,58.37,8919114,0.0
2011-08-08,55.38,55.76,52.49,53.0,8362671,0.0
2011-08-09,53.08,55.1,51.424,55.0,9682017,0.0
2011-08-10,52.63,53.24,51.3,51.44,7034160,0.0
2011-08-11,53.12,55.81,52.76,55.03,9523992,0.0
2011-08-12,54.05,54.37,53.55,54.23,3673825,0.0
2011-08-15,54.79,55.7,54.62,55.43,3752498,0.0
2011-08-16,55.84,56.08,55.04,55.43,6447782,0.0
2011-08-17,56.2,56.84,55.845,56.21,3307488,0.0
2011-08-18,53.49,53.57,52.18,52.69,5353485,0.0
2011-08-19,50.85,52.02,50.67,50.86,4501027,0.0
2011-08-22,51.55,51.55,50.04,50.31,3759699,0.0
2011-08-23,51.84,53.14,51.48,53.14,3888254,0.0
2011-08-24,52.11,52.68,51.89,52.65,3364535,0.0
2011-08-25,52.64,52.91,51.239,51.37,3570344,0.0
2011-08-26,52.18,53.24,51.44,53.06,3801807,0.0
2011-08-29,54.66,55.37,54.61,55.3,2665899,0.0
2011-08-30,55.01,55.53,54.74,55.16,2917805,0.0
2011-08-31,56.66,57.01,56.41,56.7,3270327,0.0
2011-09-01,56.67,57.21,55.97,56.02,3337745,0.0
2011-09-02,55.26,55.46,54.465,54.65,3076979,0.0
2011-09-06,52.86,54.09,52.45,53.97,7397268,0.0
2011-09-07,55.51,56.15,55.43,56.14,2920981,0.0
2011-09-08,54.88,55.33,54.34,54.6,3459945,0.0
2011-09-09,53.3,53.4,51.94,52.19,4509549,0.0
2011-09-12,51.08,52.23,50.9,52.18,3546040,0.0
2011-09-13,52.03,52.45,51.65,52.39,3100297,0.0
2011-09-14,51.82,52.485,50.91,52.06,4713950,0.0
2011-09-15,52.43,52.85,52.08,52.73,2603721,0.0
2011-09-16,53.52,53.68,52.9167,53.58,4897835,0.0
2011-09-19,51.05,51.67,50.9,51.57,3470651,0.0
2011-09-20,52.55,52.71,51.83,51.83,2217126,0.0
2011-09-21,51.4,51.72,49.95,49.98,3857669,0.0
2011-09-22,46.73,47.2945,45.2,45.67,11852060,0.0
2011-09-23,45.91,46.72,45.78,46.67,5448587,0.0
2011-09-26,45.95,47.36,45.47,47.24,4419690,0.0
2011-09-27,49.35,50.36,48.935,49.18,5106972,0.0
2011-09-28,48.68,48.98,47.35,47.42,3706987,0.0
2011-09-29,49.36,49.65,48.07,48.57,3631789,0.0
2011-09-30,47.99,48.24,46.53,46.57,4451618,0.0
2011-10-03,46.38,47.09,45.18,45.27,5227769,0.0
2011-10-04,45.54,46.96,44.67,46.8,10600600,0.0
2011-10-05,46.28,47.3,45.93,47.15,4138593,0.0
2011-10-06,47.49,48.67,47.17,48.62,4341150,0.0
2011-10-07,49.31,49.43,48.33,48.49,4348721,0.0
2011-10-10,49.78,50.858,49.78,50.75,3186770,0.0
2011-10-11,49.79,50.68,49.68,50.45,2457831,0.0
2011-10-12,51.69,52.67,51.67,52.0,4417711,0.0
2011-10-13,51.36,51.81,51.01,51.45,2621960,0.0
2011-10-14,52.68,52.9,52.41,52.82,2011393,0.0
2011-10-17,52.8,52.92,51.51,51.62,2964858,0.0
2011-10-18,51.85,53.26,51.34,52.98,3174371,0.0
2011-10-19,53.69,53.71,52.675,52.84,3905832,0.0
2011-10-20,51.88,51.96,50.7,51.64,3474216,0.0
2011-10-21,52.85,53.16,52.53,52.98,3007127,0.0
2011-10-24,54.63,55.72,54.52,55.48,3692893,0.0
2011-10-25,54.95,55.14,54.16,54.3,2733027,0.0
2011-10-26,54.9,55.14,53.75,54.63,4813829,0.0
2011-10-27,57.62,58.615,57.2,58.02,4842407,0.0
2011-10-28,57.01,57.61,56.73,57.46,1951153,0.0
2011-10-31,56.5,56.5,55.35,55.4,3274013,0.0
2011-11-01,54.31,55.0,53.96,54.53,4271544,0.0
2011-11-02,55.96,56.04,55.28,55.82,2277235,0.0
2011-11-03,55.83,55.99,55.06,55.76,2310831,0.0
2011-11-04,56.4,56.675,55.91,56.55,2841910,0.0
2011-11-07,56.02,56.69,55.73,56.68,1842636,0.0
2011-11-08,56.27,56.87,55.8,56.75,2083885,0.0
2011-11-09,54.55,54.86,53.38,53.5,3190572,0.0
2011-11-10,53.6,53.73,52.78,53.23,2753711,0.0
2011-11-11,54.27,55.06,54.23,54.83,2083447,0.0
2011-11-14,54.78,54.82,54.33,54.57,1233963,0.0
2011-11-15,54.25,54.99,54.16,54.7,2179984,0.0
2011-11-16,53.65,54.27,53.26,53.34,3416130,0.0
2011-11-17,53.83,53.99,51.86,52.25,4951884,0.0
2011-11-18,52.92,53.01,52.34,52.69,2604821,0.0
2011-11-21,51.2,51.25,50.3,50.99,3684498,0.0
2011-11-22,51.41,51.91,51.25,51.75,2505116,0.0
2011-11-23,50.59,50.59,49.64,49.77,2667476,0.0
2011-11-25,49.58,50.02,49.46,49.52,2317605,0.0
2011-11-28,51.86,52.24,51.77,51.99,4064296,0.0
2011-11-29,52.96,53.71,52.91,52.97,5205551,0.0
2011-11-30,55.13,56.15,55.04,56.06,3712004,0.0
2011-12-01,56.26,56.69,55.88,55.98,2516017,0.0
2011-12-02,56.65,56.7,55.51,55.59,2408736,0.0
2011-12-05,56.8,56.8,55.97,56.4,2388759,0.0
2011-12-06,55.74,56.01,55.39,55.76,1964818,0.0
2011-12-07,55.48,55.97,55.21,55.81,3855054,0.0
2011-12-08,55.11,55.25,53.84,54.04,2421101,0.0
2011-12-09,53.71,54.77,53.6,54.68,2300819,0.0
2011-12-12,53.49,53.49,52.48,52.94,2380092,0.0
2011-12-13,53.06,53.25,51.84,52.21,3267604,0.0
2011-12-14,51.82,51.9499,51.08,51.27,2909921,0.0
2011-12-15,51.61,51.93,51.24,51.39,2755022,0.0
2011-12-16,52.02,52.13,51.63,51.77,4290157,0.0
2011-12-19,49.97,50.05,49.36,49.48,4586875,0.0
2011-12-20,50.56,51.75,50.52,51.56,3021742,0.0
2011-12-21,51.9,52.23,51.3429,52.14,3820537,0.0
2011-12-22,52.55,52.72,52.38,52.67,1630659,0.0
2011-12-23,52.63,53.14,52.53,53.09,1197089,0.0
2011-12-27,51.64,52.44,51.64,51.81,1169266,0.0
2011-12-28,52.06,52.06,51.165,51.48,2747919,0.0
2011-12-29,51.88,52.26,51.79,52.2,1770215,0.0
2011-12-30,52.12,52.45,51.89,52.26,1237350,0.0
2012-01-03,53.95,54.54,53.91,54.27,2838980,0.0
2012-01-04,53.65,54.06,53.3,54.02,1892446,0.0
2012-01-05,53.38,53.46,52.82,53.38,2098660,0.0
2012-01-06,52.7,52.74,52.07,52.19,2455501,0.0
2012-01-09,51.85,52.25,51.79,52.07,2341759,0.0
2012-01-10,53.28,53.5,53.02,53.15,2550180,0.0
2012-01-11,52.35,52.67,52.19,52.58,3567317,0.0
2012-01-12,53.19,53.25,52.7,53.19,2593965,0.0
2012-01-13,53.3,53.44,52.87,53.29,2159813,0.0
2012-01-17,54.31,54.73,54.17,54.32,3077391,0.0
2012-01-18,54.56,55.34,54.45,55.21,2684723,0.0
2012-01-19,55.77,56.24,55.66,56.17,3166393,0.0
2012-01-20,56.78,57.01,56.5363,56.76,2899076,0.0
2012-01-23,57.07,57.9,56.97,57.54,2336442,0.0
2012-01-24,57.15,57.64,56.85,57.53,2152442,0.0
2012-01-25,57.16,58.17,56.88,58.06,2852407,0.0
2012-01-26,58.33,58.35,57.36,57.52,2334625,0.0
2012-01-27,57.72,58.05,57.62,57.94,2095295,0.0
2012-01-30,56.54,57.06,56.34,57.01,2257971,0.0
2012-01-31,57.71,57.75,56.9,57.36,2378713,0.0
2012-02-01,57.92,58.54,57.8,58.21,2574499,0.0
2012-02-02,58.56,58.9,58.44,58.47,1483022,0.0
2012-02-03,58.7,59.21,58.475,59.03,3378402,0.0
2012-02-06,57.97,58.32,57.82,58.32,1933514,0.0
2012-02-07,58.12,58.77,58.0,58.68,1817344,0.0
2012-02-08,59.09,59.33,58.92,59.17,1516263,0.0
2012-02-09,59.34,59.44,58.86,59.19,1745216,0.0
2012-02-10,57.76,57.76,57.42,57.71,2451534,0.0
2012-02-13,58.8,58.97,58.48,58.82,1545845,0.0
2012-02-14,58.35,58.47,57.94,58.38,2261183,0.0
2012-02-15,59.09,59.23,58.79,58.89,3049022,0.0
2012-02-16,58.14,59.19,58.13,58.95,2405402,0.0
2012-02-17,59.62,59.71,59.27,59.42,1507783,0.0
2012-02-21,59.43,59.49,58.969,59.16,4387565,0.0
2012-02-22,59.14,59.19,58.85,59.06,2193072,0.0
2012-02-23,58.63,58.63,58.22,58.52,1909014,0.0
2012-02-24,58.87,59.29,58.81,59.24,1626685,0.0
2012-02-27,58.03,58.52,57.79,58.39,2241451,0.0
2012-02-28,58.73,58.98,58.53,58.93,1587568,0.0
2012-02-29,59.96,60.32,59.71,59.865,2689627,0.0
2012-03-01,60.0,60.61,59.96,60.31,1948393,0.0
2012-03-02,60.11,60.22,59.86,60.14,1218626,0.0
2012-03-05,59.54,59.54,59.15,59.36,1422435,0.0
2012-03-06,57.99,58.05,57.27,57.64,3812908,0.0
2012-03-07,58.05,58.45,57.96,58.38,1751259,0.0
2012-03-08,59.52,59.834,59.48,59.71,1633522,0.0
2012-03-09,59.8,59.9,59.6,59.71,1391603,0.0
2012-03-12,59.29,59.3,58.87,58.95,2517734,0.0
2012-03-13,59.67,60.85,59.58,60.79,2545123,0.0
2012-03-14,60.35,60.52,59.85,60.03,2221145,0.0
2012-03-15,60.18,60.78,60.11,60.66,3061893,0.0
2012-03-16,60.39,60.58,60.26,60.46,1763046,0.0
2012-03-19,60.23,60.89,60.21,60.74,1377450,0.0
2012-03-20,59.8,59.91,59.4,59.9,2003048,0.0
2012-03-21,59.67,59.855,59.46,59.67,3066487,0.0
2012-03-22,59.2,59.21,58.7472,59.01,2699693,0.0
2012-03-23,59.13,59.5,58.8,59.37,2106824,0.0
2012-03-26,59.59,60.18,59.52,60.18,1273219,0.0
2012-03-27,59.91,60.12,59.8,59.87,1821203,0.0
2012-03-28,59.84,59.9,59.03,59.34,4272241,0.0
2012-03-29,58.9,59.26,58.47,59.22,2020874,0.0
2012-03-30,59.64,59.68,59.31,59.54,2949654,0.0
2012-04-02,59.87,60.74,59.82,60.62,1786890,0.0
2012-04-03,61.27,61.57,60.74,61.07,2113745,0.0
2012-04-04,59.89,59.98,59.56,59.88,4231756,0.0
2012-04-05,60.26,60.66,60.23,60.31,3648196,0.0
2012-04-09,59.41,59.44,59.19,59.23,2037601,0.0
2012-04-10,58.85,58.9,57.71,57.75,3307632,0.0
2012-04-11,58.42,58.72,58.31,58.52,1994530,0.0
2012-04-12,58.42,59.4,58.33,59.4,2510614,0.0
2012-04-13,59.4,59.47,58.93,59.03,2644482,0.0
2012-04-16,59.155,59.33,58.55,58.92,2588292,0.0
2012-04-17,59.04,59.56,58.9,59.39,2789236,0.0
2012-04-18,58.92,59.26,58.82,59.02,1724122,0.0
2012-04-19,58.92,59.37,58.38,58.69,2130640,0.0
2012-04-20,58.2,58.64,58.2,58.4,1795168,0.0
2012-04-23,57.36,57.64,56.95,57.58,2079078,0.0
2012-04-24,57.73,58.08,57.65,57.82,1594990,0.0
2012-04-25,58.17,58.48,58.14,58.44,1885026,0.0
2012-04-26,58.28,58.99,58.18,58.877,1314810,0.0
2012-04-27,59.21,59.46,59.0201,59.22,2398427,0.0
2012-04-30,59.33,59.33,59.01,59.24,1149403,0.0
2012-05-01,59.12,60.08,58.89,59.61,1640496,0.0
2012-05-02,59.53,59.79,59.46,59.79,1504203,0.0
2012-05-03,59.86,60.02,59.4,59.5,3060296,0.0
2012-05-04,59.13,59.22,58.17,58.34,4090497,0.0
2012-05-07,58.25,58.54,58.1,58.48,1679484,0.0
2012-05-08,57.92,58.07,57.2,57.95,2859216,0.0
2012-05-09,57.03,57.56,56.71,57.21,2413448,0.0
2012-05-10,57.6,57.66,57.15,57.22,2350013,0.0
2012-05-11,56.17,56.65,56.05,56.21,1595322,0.0
2012-05-14,55.38,55.7,55.2501,55.49,1901977,0.0
2012-05-15,55.19,55.45,54.66,54.83,1977229,0.0
2012-05-16,53.27,53.6,52.85,52.94,3852317,0.0
2012-05-17,52.93,53.01,52.25,52.25,2372085,0.0
2012-05-18,51.97,52.1601,51.25,51.44,2712781,0.0
2012-05-21,51.78,52.82,51.69,52.67,2638684,0.0
2012-05-22,52.8,53.1201,52.35,52.62,2895059,0.0
2012-05-23,52.12,52.29,51.19,52.26,3216651,0.0
2012-05-24,52.22,52.28,51.44,51.77,2354486,0.0
2012-05-25,51.82,51.98,51.62,51.68,1069027,0.0
2012-05-29,52.81,53.4,52.77,53.08,2691370,0.0
2012-05-30,52.56,52.62,52.14,52.27,1980113,0.0
2012-05-31,52.68,52.9101,52.1,52.62,1690823,0.0
2012-06-01,51.8,51.95,51.28,51.42,4420329,0.0
2012-06-04,51.41,51.49,50.93,51.35,2512739,0.0
2012-06-05,51.17,51.6,51.08,51.49,1316943,0.0
2012-06-06,52.0,53.23,52.0,52.95,2507346,0.0
2012-06-07,54.37,54.7,53.8,53.8,3006904,0.0
2012-06-08,52.96,53.435,52.8255,53.37,1021109,0.0
2012-06-11,53.89,53.96,52.83,52.84,1260126,0.0
2012-06-12,53.76,54.21,53.52,54.14,1206140,0.0
2012-06-13,53.9,54.39,53.67,53.81,1308141,0.0
2012-06-14,53.96,54.47,53.8,54.41,1261854,0.0
2012-06-15,54.11,54.74,54.05,54.68,1987648,0.0
2012-06-18,54.77,55.22,54.68,55.06,1921174,0.0
2012-06-19,55.73,56.29,55.64,55.96,1816232,0.0
2012-06-20,55.89,56.09,55.35,55.74,3571623,0.0
2012-06-21,55.39,55.4399,54.04,54.15,1454989,0.0
2012-06-22,53.62,53.86,53.2,53.72,1390229,0.0
2012-06-25,52.07,52.16,51.58,52.03,1937266,0.0
2012-06-26,52.4,52.6,52.01,52.36,2025795,0.0
2012-06-27,52.52,52.71,52.38,52.69,2943478,0.0
2012-06-28,52.17,52.43,51.86,52.39,1932885,0.0
2012-06-29,54.3,54.85,54.3,54.81,2426531,0.0
2012-07-02,54.6,54.6,54.02,54.24,1724013,0.0
2012-07-03,54.886,55.42,54.78,55.36,1036974,0.0
2012-07-05,55.21,55.45,55.0,55.17,1416114,0.0
2012-07-06,53.97,54.03,53.55,53.73,2135099,0.0
2012-07-09,53.36,53.4499,53.16,53.37,1123558,0.0
2012-07-10,53.72,53.74,52.74,52.85,1629959,0.0
2012-07-11,53.04,53.25,52.67,52.96,1222168,0.0
2012-07-12,51.55,51.89,51.255,51.73,1868408,0.0
2012-07-13,52.21,53.05,52.21,52.88,1600869,0.0
2012-07-16,52.62,52.9,52.4,52.64,1204067,0.0
2012-07-17,53.11,53.45,52.54,53.39,1622426,0.0
2012-07-18,52.44,53.09,52.44,52.86,1559174,0.0
2012-07-19,53.53,53.7,53.28,53.58,1164965,0.0
2012-07-20,53.07,53.11,52.75,52.98,1316633,0.0
2012-07-23,51.37,51.69,50.93,51.63,1287624,0.0
2012-07-24,51.99,52.02,51.22,51.53,1514963,0.0
2012-07-25,51.86,52.02,51.46,51.73,1294738,0.0
2012-07-26,52.6,52.99,52.47,52.83,1892867,0.0
2012-07-27,53.87,55.09,53.8,54.93,1815403,0.0
2012-07-30,54.62,54.86,54.46,54.53,1617076,0.0
2012-07-31,56.01,56.13,55.59,55.59,1994503,0.0
2012-08-01,56.39,56.41,55.78,55.89,1579754,0.0
2012-08-02,54.79,55.22,54.31,54.68,1854306,0.0
2012-08-03,55.52,56.19,55.48,55.96,1748782,0.0
2012-08-06,56.24,56.61,56.16,56.31,1141212,0.0
2012-08-07,56.47,56.92,56.46,56.63,1740855,0.0
2012-08-08,56.54,57.05,56.49,56.79,781844,0.0
2012-08-09,57.75,58.03,57.68,57.76,1489726,0.0
2012-08-10,57.75,58.4,57.58,58.33,1151134,0.0
2012-08-13,57.64,57.82,57.32,57.62,1103607,0.0
2012-08-14,58.28,58.32,57.93,58.05,675709,0.0
2012-08-15,57.67,57.89,57.6,57.72,1102501,0.0
2012-08-16,57.99,58.4511,57.81,58.3,1529750,0.0
2012-08-17,57.79,57.82,57.58,57.76,1311306,0.0
2012-08-20,57.34,58.01,57.32,57.98,5219497,0.0
2012-08-21,58.15,58.24,57.54,57.58,1541811,0.0
2012-08-22,56.94,57.62,56.87,57.49,1967165,0.0
2012-08-23,57.42,57.48,57.0,57.08,1619987,0.0
2012-08-24,56.53,57.275,56.47,57.17,1138632,0.0
2012-08-27,56.63,56.75,56.37,56.42,1951827,0.0
2012-08-28,56.42,56.71,56.39,56.45,1288422,0.0
2012-08-29,56.82,56.93,56.645,56.78,1155073,0.0
2012-08-30,56.12,56.2,55.55,55.83,1475539,0.0
2012-08-31,56.28,56.59,55.91,56.29,1138404,0.0
2012-09-04,55.93,56.08,55.47,55.92,2048975,0.0
2012-09-05,55.0,55.08,54.72,55.08,2307492,0.0
2012-09-06,55.15,56.54,55.15,56.3599,1972859,0.0
2012-09-07,57.31,57.82,57.31,57.69,2185898,0.0
2012-09-10,57.34,57.35,56.71,56.83,999862,0.0
2012-09-11,57.25,57.7,57.2,57.33,1186694,0.0
2012-09-12,58.03,58.18,57.78,57.93,1382815,0.0
2012-09-13,57.76,59.69,57.61,59.53,2547726,0.0
2012-09-14,60.41,61.23,60.3883,60.55,2668614,0.0
2012-09-17,60.25,60.28,59.61,59.84,1316497,0.0
2012-09-18,59.83,60.09,59.65,59.93,1207310,0.0
2012-09-19,59.97,60.245,59.78,60.11,1197458,0.0
2012-09-20,59.17,59.55,58.84,59.54,1985630,0.0
2012-09-21,59.97,59.97,59.42,59.52,957791,0.0
2012-09-24,59.4,59.67,59.24,59.55,1397311,0.0
2012-09-25,59.61,59.76,58.51,58.52,2396590,0.0
2012-09-26,58.55,58.67,58.14,58.36,1507283,0.0
2012-09-27,59.29,59.83,59.1,59.61,1395395,0.0
2012-09-28,59.4,59.42,59.02,59.13,2332186,0.0
2012-10-01,59.56,60.36,59.33,59.65,1370289,0.0
2012-10-02,59.8,59.88,58.9,59.18,2958334,0.0
2012-10-03,59.52,59.55,58.96,59.31,2620222,0.0
2012-10-04,59.5,59.88,59.38,59.75,1600626,0.0
2012-10-05,60.04,60.44,59.64,59.86,1683887,0.0
2012-10-08,59.16,59.36,59.05,59.3,1023027,0.0
2012-10-09,59.11,59.14,58.29,58.45,1709098,0.0
2012-10-10,57.99,57.99,57.3117,57.45,1832149,0.0
2012-10-11,57.83,57.98,57.57,57.67,1354951,0.0
2012-10-12,57.2,57.59,56.98,57.24,1480319,0.0
2012-10-15,57.48,57.82,57.24,57.75,1244351,0.0
2012-10-16,58.14,58.69,58.14,58.54,2182890,0.0
2012-10-17,58.76,59.11,58.55,58.96,1382386,0.0
2012-10-18,58.87,59.32,58.795,58.94,1562691,0.0
2012-10-19,58.22,58.23,57.24,57.4333,2121200,0.0
2012-10-22,58.23,58.58,57.92,58.22,1881463,0.0
2012-10-23,56.89,56.915,56.35,56.64,1843102,0.0
2012-10-24,57.05,57.17,56.6,56.63,1306957,0.0
2012-10-25,58.2,58.59,57.58,57.87,1620189,0.0
2012-10-26,57.29,57.53,56.95,57.37,1241586,0.0
2012-10-31,58.0,58.05,57.33,57.58,1382320,0.0
2012-11-01,57.55,58.23,57.51,58.0761,1281291,0.0
2012-11-02,58.31,58.45,57.74,57.86,2094503,0.0
2012-11-05,57.77,58.14,57.56,58.06,1706683,0.0
2012-11-06,58.64,59.05,58.5,58.85,2331642,0.0
2012-11-07,58.56,58.69,57.66,57.95,2436838,0.0
2012-11-08,57.82,58.17,57.09,57.17,3672932,0.0
2012-11-09,57.33,57.89,57.2,57.32,2025946,0.0
2012-11-12,57.6,57.85,57.54,57.68,1482115,0.0
2012-11-13,57.0,57.465,56.91,57.13,3110009,0.0
2012-11-14,57.66,57.75,56.4,56.61,3016439,0.0
2012-11-15,56.53,56.8995,56.31,56.75,2270322,0.0
2012-11-16,56.3,56.75,55.99,56.65,2060528,0.0
2012-11-19,57.4,58.17,57.4,58.09,1526108,0.0
2012-11-20,57.82,58.34,57.66,58.34,1944296,0.0
2012-11-21,57.91,58.22,57.83,58.1,2163277,0.0
2012-11-23,58.94,59.07,58.57,59.01,946281,0.0
2012-11-26,58.77,58.8,58.55,58.76,1739993,0.0
2012-11-27,59.16,59.3,58.77,58.85,1781714,0.0
2012-11-28,58.67,59.48,58.33,59.37,1212327,0.0
2012-11-29,59.87,59.94,59.52,59.7,1477644,0.0
2012-11-30,59.81,59.86,59.58,59.64,1823664,0.0
2012-12-03,60.02,60.12,59.59,59.6484,1189881,0.0
2012-12-04,59.59,59.85,58.95,59.6017,1606759,0.0
2012-12-05,60.03,60.345,59.87,59.95,1726462,0.0
2012-12-06,60.11,60.52,59.99,60.48,1263387,0.0
2012-12-07,60.83,60.95,60.5999,60.83,1329554,0.0
2012-12-10,60.9,61.26,60.66,61.22,1869104,0.0
2012-12-11,61.47,61.84,61.39,61.8,1505596,0.0
2012-12-12,61.9,62.24,61.69,61.83,1562914,0.0
2012-12-13,62.1,62.53,61.93,62.06,1584057,0.0
2012-12-14,62.05,62.39,61.995,62.11,1196089,0.0
2012-12-17,61.92,62.525,61.89,62.48,1335086,0.0
2012-12-18,61.98,62.38,61.77,62.32,2353307,0.0
2012-12-19,62.51,62.7,62.25,62.38,1667954,0.0
2012-12-20,61.98,62.34,61.88,62.29,1689843,0.0
2012-12-21,61.29,61.78,61.14,61.65,2515146,0.0
2012-12-24,61.55,61.66,61.4,61.53,419117,0.0
2012-12-26,61.75,61.93,61.37,61.38,876397,0.0
2012-12-27,61.56,62.01,61.22,61.66,3221690,0.0
2012-12-28,62.25,62.61,62.18,62.26,3243275,0.0
2012-12-31,62.31,63.41,62.29,63.352,1316595,0.0
2013-01-02,64.67,65.0,64.56,64.9699,2813903,0.0
2013-01-03,63.75,64.26,63.688,63.86,3008475,0.0
2013-01-04,63.43,63.69,63.26,63.6,2727666,0.0
2013-01-07,63.25,63.25,62.98,63.07,1637756,0.0
2013-01-08,62.91,62.92,62.5,62.66,1683852,0.0
2013-01-09,62.6,62.88,62.52,62.66,1411736,0.0
2013-01-10,63.28,63.48,62.99,63.42,3233794,0.0
2013-01-11,63.06,63.135,62.77,63.06,2007494,0.0
2013-01-14,63.07,63.11,62.68,62.98,1752465,0.0
2013-01-15,62.21,62.55,62.1,62.54,2612108,0.0
2013-01-16,62.05,62.295,61.85,62.15,1904085,0.0
2013-01-17,62.64,62.99,62.53,62.72,1559301,0.0
2013-01-18,62.34,62.49,62.02,62.45,1597285,0.0
2013-01-22,62.41,62.42,62.1,62.31,1807103,0.0
2013-01-23,61.37,61.68,61.27,61.62,1776465,0.0
2013-01-24,60.99,61.21,60.85,60.99,2224573,0.0
2013-01-25,59.73,59.84,59.245,59.78,3507439,0.0
2013-01-28,58.76,59.17,58.76,59.12,2970731,0.0
2013-01-29,59.72,60.0558,59.64,59.9,2128545,0.0
2013-01-30,59.87,60.01,59.49,59.58,2743765,0.0
2013-01-31,59.6,59.7,59.46,59.57,1839870,0.0
2013-02-01,59.63,59.71,59.4,59.54,2228919,0.0
2013-02-04,59.11,59.13,58.63,58.81,3000233,0.0
2013-02-05,59.15,59.33,58.94,59.03,1927590,0.0
2013-02-06,58.62,58.75,58.34,58.72,1442444,0.0
2013-02-07,58.69,58.69,58.1399,58.51,2301706,0.0
2013-02-08,59.21,59.59,59.21,59.56,1797689,0.0
2013-02-11,59.31,59.86,59.31,59.8,1270993,0.0
2013-02-12,59.48,60.09,59.43,59.8,1841927,0.0
2013-02-13,60.67,60.86,60.44,60.57,2002350,0.0
2013-02-14,60.61,61.02,60.6,61.01,1445589,0.0
2013-02-15,61.11,61.12,60.83,60.98,1269477,0.0
2013-02-19,61.25,61.56,61.2,61.21,3581258,0.0
2013-02-20,62.44,62.45,61.705,61.76,2674966,0.0
2013-02-21,61.61,61.63,61.14,61.48,3323333,0.0
2013-02-22,61.86,62.05,61.71,61.98,2006510,0.0
2013-02-25,62.01,62.01,60.41,60.51,2298561,0.0
2013-02-26,61.28,61.42,61.05,61.31,1356374,0.0
2013-02-27,61.37,62.2099,61.31,62.18,1333548,0.0
2013-02-28,62.2,62.28,61.65,61.69,1619591,0.0
2013-03-01,61.35,61.94,61.14,61.94,2239362,0.0
2013-03-04,61.41,61.65,61.09,61.65,2638992,0.0
2013-03-05,61.98,62.38,61.97,62.19,2495944,0.0
2013-03-06,62.02,62.02,61.63,61.78,1809416,0.0
2013-03-07,61.26,61.58,61.11,61.49,1720134,0.0
2013-03-08,61.08,61.235,60.855,61.1,2506837,0.0
2013-03-11,60.62,60.75,60.49,60.67,1767159,0.0
2013-03-12,60.13,60.29,59.784,59.91,2418073,0.0
2013-03-13,59.83,59.83,59.42,59.78,2093143,0.0
2013-03-14,59.78,59.89,59.56,59.79,1034661,0.0
2013-03-15,58.93,58.97,58.53,58.79,2631337,0.0
2013-03-18,58.43,58.64,58.32,58.4,2449282,0.0
2013-03-19,58.5,58.6,57.77,58.19,2357309,0.0
2013-03-20,58.26,58.406,58.0299,58.05,1884061,0.0
2013-03-21,57.33,57.47,57.13,57.18,2698338,0.0
2013-03-22,57.5,57.79,57.5,57.77,1733875,0.0
2013-03-25,58.75,58.965,58.2,58.48,3129174,0.0
2013-03-26,59.15,59.5,59.07,59.45,2024459,0.0
2013-03-27,59.0,59.68,58.949,59.55,1560860,0.0
2013-03-28,59.3,59.51,59.15,59.43,1745428,0.0
2013-04-01,59.22,59.39,58.76,58.81,1949855,0.0
2013-04-02,58.47,58.75,58.33,58.44,3208537,0.0
2013-04-03,58.32,58.53,57.77,57.91,3387489,0.0
2013-04-04,56.7,56.98,56.41,56.87,2309350,0.0
2013-04-05,55.37,55.89,55.13,55.77,2682448,0.0
2013-04-08,55.28,55.55,55.1,55.48,1644073,0.0
2013-04-09,55.66,56.17,55.39,55.93,2655819,0.0
2013-04-10,56.69,57.185,56.61,57.0,1659295,0.0
2013-04-11,56.8,57.07,56.78,56.91,1514011,0.0
2013-04-12,55.46,55.56,54.82,55.12,4708693,0.0
2013-04-15,55.96,55.96,54.81,54.89,4617101,0.0
2013-04-16,56.41,56.615,56.22,56.58,2570219,0.0
2013-04-17,55.73,55.73,55.2,55.64,2979212,0.0
2013-04-18,55.2,55.2,54.68,54.8,2030251,0.0
2013-04-19,55.46,55.48,55.18,55.24,1193135,0.0
2013-04-22,55.81,56.01,55.63,55.88,1479205,0.0
2013-04-23,55.89,56.19,55.77,56.09,1843483,0.0
2013-04-24,56.34,56.68,56.34,56.45,1909317,0.0
2013-04-25,57.03,57.47,57.03,57.32,2193258,0.0
2013-04-26,57.0,57.01,56.735,56.82,1259943,0.0
2013-04-29,57.2,57.49,57.03,57.28,1241263,0.0
2013-04-30,57.9,58.58,57.73,58.42,2066590,0.0
2013-05-01,58.22,58.31,57.7,57.84,1500460,0.0
2013-05-02,57.66,58.19,57.522,58.18,1530505,0.0
2013-05-03,58.37,58.84,58.3414,58.65,1898825,0.0
2013-05-06,58.25,58.45,58.12,58.28,1524692,0.0
2013-05-07,58.49,58.59,58.24,58.51,1270581,0.0
2013-05-08,58.71,58.79,58.48,58.64,1527153,0.0
2013-05-09,58.98,59.22,58.55,58.7,2169082,0.0
2013-05-10,56.8,57.11,56.545,57.05,6679948,0.0
2013-05-13,56.97,57.2,56.69,56.79,1662893,0.0
2013-05-14,57.56,57.894,57.54,57.82,1405199,0.0
2013-05-15,57.48,57.72,57.36,57.6,1530662,0.0
2013-05-16,58.1,58.35,58.065,58.12,1925537,0.0
2013-05-17,58.13,58.32,57.94,58.17,1570058,0.0
2013-05-20,58.26,58.47,58.09,58.41,1593080,0.0
2013-05-21,58.4,58.52,58.08,58.36,864539,0.0
2013-05-22,58.53,59.03,57.72,57.88,1819557,0.0
2013-05-23,57.04,57.535,56.96,57.45,1691933,0.0
2013-05-24,57.05,57.18,56.894,57.13,1630031,0.0
2013-05-28,58.0,58.05,57.6,57.72,1512647,0.0
2013-05-29,57.87,57.98,57.59,57.82,1323037,0.0
2013-05-30,58.06,58.541,58.06,58.36,1470365,0.0
2013-05-31,58.18,58.18,57.61,57.64,2037560,0.0
2013-06-03,58.2,58.88,57.94,58.8,2939631,0.0
2013-06-04,58.36,58.7,57.915,58.11,2232575,0.0
2013-06-05,57.67,57.72,57.1,57.12,1890090,0.0
2013-06-06,57.18,57.41,56.79,57.37,3538137,0.0
2013-06-07,56.34,56.53,56.07,56.51,2250076,0.0
2013-06-10,56.25,56.25,55.78,55.87,1740260,0.0
2013-06-11,55.0,55.5132,54.82,55.12,4165649,0.0
2013-06-12,55.26,55.37,54.57,54.67,1839914,0.0
2013-06-13,54.35,55.04,54.15,54.94,2668262,0.0
2013-06-14,54.6,54.75,53.96,54.18,2019837,0.0
2013-06-17,54.53,54.75,54.23,54.5,1417115,0.0
2013-06-18,54.65,54.96,54.45,54.8,1390145,0.0
2013-06-19,54.61,54.62,53.35,53.39,2590053,0.0
2013-06-20,51.61,51.86,50.665,51.35,6260281,0.0
2013-06-21,51.3,51.44,50.72,51.3,2752734,0.0
2013-06-24,50.13,50.55,49.56,50.15,3446389,0.0
2013-06-25,51.22,51.41,50.63,51.06,4027324,0.0
2013-06-26,50.92,51.22,50.69,51.0,3126659,0.0
2013-06-27,52.42,52.9,52.42,52.8,3023107,0.0
2013-06-28,52.83,53.39,52.52,53.2,2366593,0.0
2013-07-01,53.95,54.2,53.758,53.79,2092064,0.0
2013-07-02,53.42,53.69,52.69,53.0,2243894,0.0
2013-07-03,52.08,52.61,52.0,52.42,1660867,0.0
2013-07-05,52.07,52.31,51.37,51.71,2381154,0.0
2013-07-08,51.6,51.97,51.6,51.84,1802432,0.0
2013-07-09,52.45,52.7,52.11,52.47,2061071,0.0
2013-07-10,52.39,52.675,52.19,52.32,2130827,0.0
2013-07-11,54.59,55.2,54.26,55.15,4400685,0.0
2013-07-12,54.52,54.59,54.23,54.5,1986392,0.0
2013-07-15,54.95,55.1,54.75,54.95,2061070,0.0
2013-07-16,54.85,54.89,54.54,54.81,1551669,0.0
2013-07-17,55.38,55.51,55.2,55.42,1501383,0.0
2013-07-18,54.8,54.97,54.64,54.78,1191342,0.0
2013-07-19,54.81,54.94,54.62,54.91,1408345,0.0
2013-07-22,54.92,55.29,54.83,55.22,1659792,0.0
2013-07-23,55.78,55.97,55.64,55.67,1424333,0.0
2013-07-24,56.15,56.18,55.37,55.5,3345945,0.0
2013-07-25,55.67,56.25,55.65,56.04,2924092,0.0
2013-07-26,56.03,56.49,55.88,56.44,1703450,0.0
2013-07-29,55.91,56.09,55.8,55.89,2399564,0.0
2013-07-30,56.27,56.3,56.0,56.09,980663,0.0
2013-07-31,55.72,56.365,55.51,55.83,2551646,0.0
2013-08-01,56.18,56.555,56.07,56.44,2998220,0.0
2013-08-02,56.3,56.732,56.3,56.55,1655728,0.0
2013-08-05,56.5,56.52,56.21,56.37,980293,0.0
2013-08-06,55.98,56.0,55.655,55.92,1204059,0.0
2013-08-07,55.17,55.3,54.95,55.16,1375698,0.0
2013-08-08,55.62,55.85,55.28,55.67,1935352,0.0
2013-08-09,55.58,55.67,55.27,55.36,1064955,0.0
2013-08-12,55.35,55.66,55.3101,55.57,1125051,0.0
2013-08-13,56.18,56.51,55.98,56.31,2710629,0.0
2013-08-14,56.76,56.76,56.53,56.56,1727353,0.0
2013-08-15,55.96,56.35,55.44,56.13,4638437,0.0
2013-08-16,56.71,56.94,56.46,56.51,1739580,0.0
2013-08-19,56.53,56.62,56.09,56.14,1168408,0.0
2013-08-20,55.55,55.94,55.52,55.83,1223939,0.0
2013-08-21,54.78,54.97,54.34,54.42,2697537,0.0
2013-08-22,54.63,54.95,54.63,54.83,1804351,0.0
2013-08-23,55.41,55.72,55.27,55.62,1908152,0.0
2013-08-26,55.99,56.16,55.68,55.76,897351,0.0
2013-08-27,55.36,55.51,55.04,55.09,1580762,0.0
2013-08-28,55.6,56.16,55.44,55.9,2086274,0.0
2013-08-29,56.81,57.41,56.81,57.06,2383275,0.0
2013-08-30,57.43,57.45,57.03,57.23,2115002,0.0
2013-09-03,58.3,58.33,57.71,57.78,4198517,0.0
2013-09-04,58.46,59.2,58.44,59.14,2024634,0.0
2013-09-05,59.32,59.55,59.15,59.36,2725058,0.0
2013-09-06,60.03,60.52,59.735,60.4,4654615,0.0
2013-09-09,60.79,61.34,60.69,61.14,2155447,0.0
2013-09-10,61.66,61.815,61.45,61.65,2844358,0.0
2013-09-11,61.82,62.04,61.64,61.97,2119945,0.0
2013-09-12,61.63,61.66,61.33,61.38,2572092,0.0
2013-09-13,61.35,61.54,61.2,61.45,2901582,0.0
2013-09-16,62.16,62.25,61.91,62.03,2412869,0.0
2013-09-17,61.91,61.99,61.57,61.75,5278991,0.0
2013-09-18,61.98,64.5,61.66,64.275,5790270,0.0
2013-09-19,63.92,64.1,63.29,63.97,4384493,0.0
2013-09-20,63.78,63.78,62.66,62.68,3216394,0.0
2013-09-23,62.38,62.59,62.23,62.45,3600915,0.0
2013-09-24,62.51,62.7,62.33,62.42,2435299,0.0
2013-09-25,61.94,62.05,61.67,61.76,2062896,0.0
2013-09-26,62.32,62.59,62.32,62.43,1642209,0.0
2013-09-27,62.38,62.48,62.08,62.19,2086964,0.0
2013-09-30,61.64,61.78,61.4,61.5,2596131,0.0
2013-10-01,61.98,62.48,61.91,62.4,2705876,0.0
2013-10-02,62.06,62.5,62.02,62.49,2309369,0.0
2013-10-03,62.87,63.025,61.9099,62.36,2518616,0.0
2013-10-04,62.18,62.59,62.14,62.52,1790697,0.0
2013-10-07,62.02,62.34,61.98,62.17,1347130,0.0
2013-10-08,62.47,62.62,61.94,62.01,3066954,0.0
2013-10-09,62.15,62.59,61.82,62.25,2549475,0.0
2013-10-10,62.87,63.5,62.78,63.44,5246806,0.0
2013-10-11,63.68,64.11,63.64,63.87,2079575,0.0
2013-10-14,63.49,64.2,63.49,64.07,1478800,0.0
2013-10-15,64.47,64.55,64.12,64.12,2455465,0.0
2013-10-16,64.48,64.89,64.44,64.69,3277225,0.0
2013-10-17,64.79,65.36,64.79,65.28,1741564,0.0
2013-10-18,65.53,65.65,65.31,65.52,1963963,0.0
2013-10-21,65.33,65.41,65.2,65.29,2000071,0.0
2013-10-22,65.7,66.068,65.66,65.68,2416792,0.0
2013-10-23,64.58,64.66,64.37,64.47,3650952,0.0
2013-10-24,64.64,64.73,64.45,64.67,3989049,0.0
2013-10-25,64.16,64.52,64.16,64.45,1306513,0.0
2013-10-28,64.93,65.045,64.8252,64.9,1223738,0.0
2013-10-29,65.25,65.35,65.19,65.25,2440389,0.0
2013-10-30,65.49,65.59,64.91,65.06,2057542,0.0
2013-10-31,64.47,64.5,63.89,63.9,2961695,0.0
2013-11-01,64.45,64.45,63.97,64.35,3614478,0.0
2013-11-04,63.98,64.17,63.74,64.16,1907680,0.0
2013-11-05,63.66,63.66,63.2,63.34,2572314,0.0
2013-11-06,63.82,63.85,63.6201,63.7,1486838,0.0
2013-11-07,63.21,63.41,62.24,62.4,3614909,0.0
2013-11-08,62.2,62.56,61.95,62.51,2719764,0.0
2013-11-11,62.07,62.18,61.9,61.96,1572573,0.0
2013-11-12,62.35,62.53,62.0,62.21,3310005,0.0
2013-11-13,61.05,61.77,61.05,61.73,3320208,0.0
2013-11-14,61.65,62.225,61.49,62.17,2393653,0.0
2013-11-15,63.5,63.97,63.33,63.81,3826873,0.0
2013-11-18,64.42,64.49,64.05,64.09,1721653,0.0
2013-11-19,64.6,64.93,64.48,64.48,2140140,0.0
2013-11-20,64.49,64.52,63.6,63.66,1913069,0.0
2013-11-21,63.02,63.4,62.93,63.26,1836299,0.0
2013-11-22,63.29,63.65,63.15,63.43,2455616,0.0
2013-11-25,63.95,63.98,63.16,63.2,2328902,0.0
2013-11-26,63.76,64.06,63.69,63.81,2791778,0.0
2013-11-27,64.21,64.35,64.07,64.29,2161581,0.0
2013-11-29,64.99,65.2,64.86,65.03,1512586,0.0
2013-12-02,64.56,64.6699,63.7,63.9,2953223,0.0
2013-12-03,63.25,63.49,62.91,63.27,2851471,0.0
2013-12-04,62.4,62.84,62.25,62.7,3103778,0.0
2013-12-05,62.5,62.73,62.34,62.45,1754906,0.0
2013-12-06,63.33,63.78,63.25,63.51,3047396,0.0
2013-12-09,64.02,64.17,63.82,63.87,1693502,0.0
2013-12-10,63.48,63.67,63.36,63.64,1476005,0.0
2013-12-11,63.01,63.07,62.21,62.34,4296911,0.0
2013-12-12,62.43,62.43,62.11,62.13,2407078,0.0
2013-12-13,62.37,62.46,62.08,62.33,1605961,0.0
2013-12-16,62.89,63.2,62.77,63.16,3447937,0.0
2013-12-17,62.86,62.89,62.57,62.67,3109579,0.0
2013-12-18,62.18,63.25,61.63,62.98,5620101,0.0
2013-12-19,61.68,61.985,61.295,61.88,4133711,0.0
2013-12-20,61.92,62.22,61.86,61.89,3254457,0.0
2013-12-23,62.46,62.7,62.36,62.58,1665337,0.0
2013-12-24,62.56,62.75,62.56,62.65,686969,0.0
2013-12-26,62.61,62.65,62.25,62.27,843948,0.0
2013-12-27,63.52,63.82,63.38,63.74,1996321,0.0
2013-12-30,63.66,63.95,63.61,63.89,2004309,0.0
2013-12-31,64.21,64.73,64.19,64.67,2939760,0.0
2014-01-02,62.41,62.46,61.43,61.64,5658500,0.0
2014-01-03,61.34,61.515,60.97,61.26,2844791,0.0
2014-01-06,60.76,60.88,60.58,60.77,4089231,0.0
2014-01-07,60.98,61.16,60.87,61.0,1995211,0.0
2014-01-08,60.86,60.9,60.55,60.73,3199497,0.0
2014-01-09,60.69,60.69,60.13,60.52,2926221,0.0
2014-01-10,60.36,60.94,60.33,60.64,4683870,0.0
2014-01-13,61.09,61.14,60.28,60.51,2698283,0.0
2014-01-14,60.74,61.12,60.51,60.89,2412507,0.0
2014-01-15,60.81,60.82,60.6,60.78,1569211,0.0
2014-01-16,60.7,60.88,60.58,60.75,2376240,0.0
2014-01-17,60.29,60.415,60.15,60.39,3738054,0.0
2014-01-21,60.8,60.94,60.35,60.49,3949012,0.0
2014-01-22,60.7,60.87,60.53,60.81,2132553,0.0
2014-01-23,59.57,59.69,58.95,59.35,4646659,0.0
2014-01-24,58.78,58.78,57.61,57.64,6884648,0.0
2014-01-27,58.14,58.505,57.72,58.14,4873084,0.0
2014-01-28,58.62,58.89,58.57,58.72,4029388,0.0
2014-01-29,58.93,59.1,58.21,58.52,6922407,0.0
2014-01-30,59.08,59.37,58.83,58.93,3375118,0.0
2014-01-31,58.38,59.08,58.08,59.04,4165320,0.0
2014-02-03,58.3,58.34,57.27,57.47,5974645,0.0
2014-02-04,57.88,58.2,57.65,57.91,4337437,0.0
2014-02-05,57.7,58.17,57.58,58.03,3396441,0.0
2014-02-06,58.45,59.02,58.44,58.92,2994019,0.0
2014-02-07,59.19,59.41,58.94,59.22,4374936,0.0
2014-02-10,59.15,59.15,58.77,58.96,1951175,0.0
2014-02-11,59.39,60.11,59.33,59.88,3897660,0.0
2014-02-12,60.2,60.4,59.995,60.05,2316062,0.0
2014-02-13,59.08,59.9,59.08,59.81,2032194,0.0
2014-02-14,60.68,61.14,60.63,60.73,3108332,0.0
2014-02-18,60.6,60.6,60.12,60.13,2411761,0.0
2014-02-19,59.96,60.13,59.34,59.54,3079764,0.0
2014-02-20,59.16,59.57,59.07,59.5,2971205,0.0
2014-02-21,60.05,60.24,59.86,59.88,3689762,0.0
2014-02-24,59.97,61.9667,59.97,60.23,2639690,0.0
2014-02-25,60.54,60.54,60.04,60.18,3038046,0.0
2014-02-26,60.91,61.0,60.55,60.69,2818503,0.0
2014-02-27,61.08,61.495,61.02,61.38,2484466,0.0
2014-02-28,61.35,61.4,60.65,61.08,4129167,0.0
2014-03-03,60.36,60.58,60.15,60.58,2777029,0.0
2014-03-04,60.92,61.38,60.92,61.08,2884153,0.0
2014-03-05,60.83,61.0,60.74,60.92,1868892,0.0
2014-03-06,61.42,61.78,61.36,61.62,2397022,0.0
2014-03-07,61.3,61.33,60.9,61.28,2266488,0.0
2014-03-10,60.4,60.53,60.11,60.53,1721745,0.0
2014-03-11,60.78,60.86,60.08,60.15,2890348,0.0
2014-03-12,59.12,59.78,59.05,59.77,3043683,0.0
2014-03-13,59.79,59.82,58.49,58.76,4249638,0.0
2014-03-14,58.49,58.91,58.49,58.63,3041916,0.0
2014-03-17,59.5,59.74,59.38,59.64,2891645,0.0
2014-03-18,59.47,60.02,59.47,59.9,3693493,0.0
2014-03-19,59.7,59.72,58.65,58.82,3055775,0.0
2014-03-20,58.0,58.45,57.92,58.39,2787269,0.0
2014-03-21,58.86,59.12,58.65,58.68,3975664,0.0
2014-03-24,59.29,59.29,58.9,59.09,2355963,0.0
2014-03-25,59.31,59.52,59.15,59.38,2621078,0.0
2014-03-26,60.25,60.435,60.04,60.17,3359978,0.0
2014-03-27,60.69,61.05,60.53,60.95,3123257,0.0
2014-03-28,61.2,61.385,61.07,61.13,1805302,0.0
2014-03-31,61.47,61.72,61.44,61.51,2518203,0.0
2014-04-01,62.1,62.36,62.08,62.29,2772638,0.0
2014-04-02,62.23,62.3,62.12,62.3,1388248,0.0
2014-04-03,62.25,62.37,61.965,62.34,2043415,0.0
2014-04-04,62.95,63.27,62.29,62.32,5421411,0.0
2014-04-07,62.38,62.66,62.075,62.23,1830567,0.0
2014-04-08,63.39,63.53,63.22,63.26,2542717,0.0
2014-04-09,63.84,64.355,63.64,64.12,2941896,0.0
2014-04-10,63.97,64.04,63.4,63.4,6049517,0.0
2014-04-11,63.13,63.49,63.11,63.48,4348487,0.0
2014-04-14,63.78,63.84,63.38,63.54,1578252,0.0
2014-04-15,63.09,63.17,62.41,62.97,2924843,0.0
2014-04-16,63.34,63.92,63.33,63.91,2289221,0.0
2014-04-17,63.47,63.74,63.43,63.69,2570338,0.0
2014-04-21,63.69,63.84,63.59,63.84,1375940,0.0
2014-04-22,63.95,64.0,63.82,63.846,2100681,0.0
2014-04-23,63.44,63.45,63.16,63.35,927233,0.0
2014-04-24,63.33,63.5,63.07,63.46,914764,0.0
2014-04-25,62.41,62.42,62.1,62.38,1940023,0.0
2014-04-28,62.84,63.0,62.59,62.85,2337741,0.0
2014-04-29,62.92,63.15,62.82,63.11,1604372,0.0
2014-04-30,62.32,62.58,62.26,62.55,1465759,0.0
2014-05-01,62.63,62.97,62.13,62.86,1137366,0.0
2014-05-02,62.57,62.74,62.44,62.69,1709468,0.0
2014-05-05,62.5,62.58,62.29,62.56,1262413,0.0
2014-05-06,62.49,63.19,62.47,62.75,2068529,0.0
2014-05-07,62.26,62.44,62.11,62.42,1325557,0.0
2014-05-08,62.57,62.985,62.57,62.75,2290601,0.0
2014-05-09,62.54,62.77,62.43,62.63,1030663,0.0
2014-05-12,63.23,63.53,63.23,63.48,1388764,0.0
2014-05-13,64.02,64.31,64.02,64.17,1612205,0.0
2014-05-14,64.61,64.82,64.51,64.56,2064365,0.0
2014-05-15,64.67,64.73,64.1,64.21,2438275,0.0
2014-05-16,64.8,65.0877,64.745,65.02,2002972,0.0
2014-05-19,65.02,65.25,64.96,65.25,1640945,0.0
2014-05-20,64.84,64.98,64.6,64.6,1903574,0.0
2014-05-21,64.83,65.05,64.82,65.0,949078,0.0
2014-05-22,65.18,65.3,65.065,65.26,1183758,0.0
2014-05-23,65.14,65.26,65.01,65.07,1863997,0.0
2014-05-27,64.42,64.46,64.27,64.43,1486447,0.0
2014-05-28,65.15,65.35,65.13,65.16,1347213,0.0
2014-05-29,65.47,65.52,65.34,65.49,798801,0.0
2014-05-30,64.73,64.765,64.51,64.63,1012653,0.0
2014-06-02,64.7,64.73,64.58,64.67,1106479,0.0
2014-06-03,64.76,64.89,64.69,64.79,1497404,0.0
2014-06-04,64.53,64.8,64.3,64.74,1612353,0.0
2014-06-05,64.75,64.954,64.61,64.9,1191786,0.0
2014-06-06,65.36,65.73,65.1325,65.39,2018346,0.0
2014-06-09,65.22,65.33,65.09,65.27,1512530,0.0
2014-06-10,65.55,65.7,65.54,65.66,2182169,0.0
2014-06-11,65.34,65.45,65.32,65.41,1526287,0.0
2014-06-12,65.29,65.46,64.84,65.0,2091004,0.0
2014-06-13,64.21,64.29,64.04,64.27,1659341,0.0
2014-06-16,64.42,64.54,64.3,64.39,971300,0.0
2014-06-17,64.45,64.6,64.36,64.54,2023496,0.0
2014-06-18,64.23,64.8,64.05,64.74,2585853,0.0
2014-06-19,64.37,64.565,64.35,64.52,1952267,0.0
2014-06-20,63.57,63.65,63.29,63.61,1613840,0.0
2014-06-23,63.96,64.01,63.86,63.92,1144603,0.0
2014-06-24,64.67,64.95,64.485,64.61,1492072,0.0
2014-06-25,64.09,64.58,64.06,64.55,1751891,0.0
2014-06-26,64.93,65.0,64.68,64.86,1012408,0.0
2014-06-27,64.89,65.0,64.82,64.97,707546,0.0
2014-06-30,65.15,65.18,65.0,65.02,1088726,0.0
2014-07-01,65.16,65.58,65.15,65.54,2235715,0.0
2014-07-02,65.86,65.93,65.7062,65.78,2401016,0.0
2014-07-03,65.78,65.96,65.66,65.95,712495,0.0
2014-07-07,65.08,65.21,64.98,65.19,1181391,0.0
2014-07-08,64.98,65.05,64.73,64.82,1263104,0.0
2014-07-09,64.79,65.05,64.68,65.02,1353055,0.0
2014-07-10,64.1,64.54,64.07,64.54,1346078,0.0
2014-07-11,64.04,64.05,63.86,63.96,2387265,0.0
2014-07-14,64.23,64.36,64.2,64.35,679017,0.0
2014-07-15,64.5,64.5498,64.16,64.31,1642065,0.0
2014-07-16,64.68,64.75,64.51,64.56,984426,0.0
2014-07-17,64.65,64.74,63.88,63.92,1322657,0.0
2014-07-18,64.54,64.8,64.42,64.75,2111226,0.0
2014-07-21,64.48,64.95,64.44,64.78,2497506,0.0
2014-07-22,65.4,65.69,65.37,65.55,2972033,0.0
2014-07-23,65.35,65.39,65.16,65.32,1435338,0.0
2014-07-24,65.14,65.215,65.02,65.17,2990672,0.0
2014-07-25,65.37,65.48,65.23,65.31,1366799,0.0
2014-07-28,65.82,66.22,65.82,66.14,2711742,0.0
2014-07-29,66.81,66.945,66.755,66.86,5924984,0.0
2014-07-30,67.66,67.76,67.14,67.36,2909189,0.0
2014-07-31,66.78,66.78,66.01,66.1,3782030,0.0
2014-08-01,66.3,66.81,66.26,66.6,2576243,0.0
2014-08-04,66.5,66.67,66.24,66.61,3157320,0.0
2014-08-05,65.99,65.99,65.53,65.61,2940121,0.0
2014-08-06,65.4,65.65,65.23,65.4,1749661,0.0
2014-08-07,65.22,65.25,64.855,64.98,2569318,0.0
2014-08-08,64.67,65.24,64.67,65.15,4572178,0.0
2014-08-11,65.3,65.42,65.25,65.36,2130217,0.0
2014-08-12,65.27,65.545,65.21,65.51,1679681,0.0
2014-08-13,65.92,66.01,65.75,65.93,1830552,0.0
2014-08-14,66.51,66.54,66.42,66.51,1061429,0.0
2014-08-15,66.7,66.97,66.04,66.31,2436729,0.0
2014-08-18,66.14,66.475,66.09,66.4,1940847,0.0
2014-08-19,66.57,66.83,66.57,66.77,1382907,0.0
2014-08-20,66.32,66.46,66.17,66.31,2138013,0.0
2014-08-21,65.46,65.48,65.33,65.43,1725258,0.0
2014-08-22,65.74,65.85,65.48,65.79,1411551,0.0
2014-08-25,65.96,66.1,65.925,66.02,1136618,0.0
2014-08-26,66.26,66.7,66.26,66.67,2433337,0.0
2014-08-27,66.61,66.74,66.455,66.68,1523265,0.0
2014-08-28,66.2,66.68,66.2,66.66,2552256,0.0
2014-08-29,66.48,66.55,66.32,66.4,1469975,0.0
2014-09-02,65.45,65.58,65.305,65.4,2192402,0.0
2014-09-03,65.48,65.61,65.24,65.24,1605111,0.0
2014-09-04,65.39,65.59,65.15,65.22,1180379,0.0
2014-09-05,64.89,65.14,64.75,65.08,3481151,0.0
2014-09-08,64.8,64.98,64.1,64.39,2992172,0.0
2014-09-09,64.17,64.17,63.3,63.6,3095437,0.0
2014-09-10,63.43,64.0,63.16,63.86,2341101,0.0
2014-09-11,63.5,63.68,63.46,63.6,1778825,0.0
2014-09-12,63.81,63.94,63.57,63.72,3600157,0.0
2014-09-15,63.62,63.64,63.37,63.47,1209572,0.0
2014-09-16,63.51,64.41,63.51,64.2,2664266,0.0
2014-09-17,64.27,64.67,64.04,64.08,2023857,0.0
2014-09-18,63.55,63.6,63.47,63.55,1381226,0.0
2014-09-19,63.63,63.695,63.295,63.42,2831801,0.0
2014-09-22,62.6,62.72,62.17,62.4,2469835,0.0
2014-09-23,62.21,62.49,62.15,62.21,1865858,0.0
2014-09-24,62.48,62.935,62.335,62.87,2077314,0.0
2014-09-25,62.12,62.13,61.615,61.73,2329561,0.0
2014-09-26,61.88,61.98,61.66,61.86,1787922,0.0
2014-09-29,60.86,61.14,60.81,61.07,1564348,0.0
2014-09-30,60.73,60.81,60.46,60.51,4036051,0.0
2014-10-01,59.69,59.86,58.92,58.93,5137022,0.0
2014-10-02,58.65,59.0,58.33,58.71,4036329,0.0
2014-10-03,58.61,58.99,58.15,58.86,3438612,0.0
2014-10-06,58.68,58.85,58.59,58.77,1904545,0.0
2014-10-07,58.55,58.55,58.19,58.24,1600986,0.0
2014-10-08,57.85,58.64,57.53,58.56,3209805,0.0
2014-10-09,58.45,58.5,57.23,57.61,3442331,0.0
2014-10-10,56.92,57.051,56.43,56.47,5386091,0.0
2014-10-13,57.54,57.7,56.96,56.98,2774412,0.0
2014-10-14,57.3,57.44,56.98,57.16,2922606,0.0
2014-10-15,57.07,57.235,56.31,57.08,4727127,0.0
2014-10-16,56.58,57.24,56.15,56.88,4636972,0.0
2014-10-17,56.97,57.04,56.52,56.8,2524943,0.0
2014-10-20,57.37,57.65,57.2,57.59,1850017,0.0
2014-10-21,57.58,57.845,57.49,57.79,2105989,0.0
2014-10-22,57.75,57.79,57.462,57.55,1403236,0.0
2014-10-23,57.68,57.85,57.59,57.63,1838780,0.0
2014-10-24,57.48,57.705,57.43,57.58,3458449,0.0
2014-10-27,57.69,57.92,57.65,57.89,1949010,0.0
2014-10-28,58.1,58.49,58.1,58.44,2324024,0.0
2014-10-29,59.42,59.66,58.84,59.02,3868914,0.0
2014-10-30,58.98,59.4,58.93,59.37,2541174,0.0
2014-10-31,58.68,58.81,58.48,58.63,4894474,0.0
2014-11-03,57.94,58.0,57.43,57.65,3887075,0.0
2014-11-04,57.35,57.4,57.14,57.38,1432497,0.0
2014-11-05,56.69,56.69,56.2,56.47,4831439,0.0
2014-11-06,57.03,57.3,56.65,56.71,3195709,0.0
2014-11-07,56.87,57.08,56.74,57.04,1695281,0.0
2014-11-10,57.76,57.81,57.53,57.53,1417620,0.0
2014-11-11,57.2,57.2,56.98,57.06,2173007,0.0
2014-11-12,57.14,57.525,57.14,57.26,3084356,0.0
2014-11-13,57.24,57.29,56.92,57.06,1664419,0.0
2014-11-14,56.07,56.625,56.05,56.6,2576553,0.0
2014-11-17,56.78,56.78,56.48,56.54,1554788,0.0
2014-11-18,57.12,57.17,56.965,56.98,1137412,0.0
2014-11-19,56.3,56.3,55.895,56.14,2419160,0.0
2014-11-20,55.97,56.12,55.9,56.0,1741394,0.0
2014-11-21,56.71,56.81,56.43,56.79,3321384,0.0
2014-11-24,56.87,56.88,56.56,56.83,1644433,0.0
2014-11-25,56.87,56.98,56.72,56.74,1693669,0.0
2014-11-26,57.2,57.54,57.2,57.52,2264854,0.0
2014-11-28,57.35,57.35,56.78,56.88,2132221,0.0
2014-12-01,56.85,56.88,56.35,56.45,2240334,0.0
2014-12-02,56.48,56.48,56.28,56.36,1833925,0.0
2014-12-03,56.42,56.49,56.32,56.34,2022876,0.0
2014-12-04,56.97,57.18,56.85,56.92,2050018,0.0
2014-12-05,57.08,57.08,56.5,56.59,2564838,0.0
2014-12-08,56.7,56.795,56.58,56.62,2205379,0.0
2014-12-09,56.76,57.04,56.7,57.0,3868553,0.0
2014-12-10,56.46,56.46,55.88,56.13,3907291,0.0
2014-12-11,56.0,56.0,55.47,55.65,3775750,0.0
2014-12-12,55.45,55.46,54.82,54.88,4039006,0.0
2014-12-15,55.79,55.871,55.37,55.44,4052338,0.0
2014-12-16,56.13,56.72,56.065,56.24,6096588,0.0
2014-12-17,54.91,55.61,54.88,55.25,4742773,0.0
2014-12-18,55.06,55.18,54.8999,55.12,4368480,0.0
2014-12-19,55.51,55.63,55.24,55.29,3569075,0.0
2014-12-22,55.83,56.1,55.8,55.93,2407417,0.0
2014-12-23,55.52,55.79,55.13,55.3,2344879,0.0
2014-12-24,55.62,55.76,55.55,55.61,873044,0.0
2014-12-26,55.83,56.11,55.83,55.88,902308,0.0
2014-12-29,55.61,55.695,55.49,55.67,2091732,0.0
2014-12-30,55.06,55.24,54.91,55.22,2078611,0.0
2014-12-31,55.42,55.6699,55.24,55.29,1871432,0.0
2015-01-02,55.48,55.48,54.49,54.71,4266337,0.0
2015-01-05,54.43,54.43,53.88,54.03,3945747,0.0
2015-01-06,53.95,54.14,53.68,53.83,2879368,0.0
2015-01-07,54.21,54.54,54.13,54.51,3195179,0.0
2015-01-08,55.18,55.74,55.1701,55.57,3626517,0.0
2015-01-09,56.29,56.34,55.97,56.08,3655061,0.0
2015-01-12,56.42,56.42,56.035,56.09,2070086,0.0
2015-01-13,56.67,56.87,56.33,56.58,2804784,0.0
2015-01-14,55.69,56.45,55.69,56.22,2399364,0.0
2015-01-15,56.55,56.66,56.24,56.31,2366527,0.0
2015-01-16,56.34,56.36,55.83,56.23,4015335,0.0
2015-01-20,56.21,56.27,55.975,56.2,2853131,0.0
2015-01-21,56.61,56.86,56.2,56.73,2411210,0.0
2015-01-22,56.91,57.61,56.62,57.38,3475599,0.0
2015-01-23,57.47,57.57,57.33,57.38,1835793,0.0
2015-01-26,57.31,57.55,57.16,57.48,1414896,0.0
2015-01-27,57.47,57.47,57.15,57.25,1643872,0.0
2015-01-28,57.38,57.5,56.92,57.05,2711521,0.0
2015-01-29,56.91,56.94,56.47,56.93,2596759,0.0
2015-01-30,55.92,56.1,55.61,55.65,4215219,0.0
2015-02-02,56.16,56.8,56.1,56.58,2297732,0.0
2015-02-03,56.69,57.06,56.42,57.0,2772957,0.0
2015-02-04,57.29,57.54,57.19,57.27,1592616,0.0
2015-02-05,56.64,57.08,56.6,57.03,1541286,0.0
2015-02-06,56.41,56.41,55.935,56.15,1920994,0.0
2015-02-09,55.85,56.135,55.85,56.12,1814241,0.0
2015-02-10,55.74,55.87,55.56,55.71,1741168,0.0
2015-02-11,55.44,55.57,54.96,55.04,11403960,0.0
2015-02-12,55.38,55.6399,55.26,55.58,2597046,0.0
2015-02-13,55.81,56.12,55.81,56.03,2209272,0.0
2015-02-17,55.81,55.99,55.75,55.93,1331633,0.0
2015-02-18,55.52,56.07,55.5,55.98,1490890,0.0
2015-02-19,55.67,55.945,55.57,55.72,1589968,0.0
2015-02-20,55.85,56.32,55.63,56.17,2472638,0.0
2015-02-23,56.17,56.19,55.86,56.0,1450304,0.0
2015-02-24,55.98,56.52,55.79,56.4,2121095,0.0
2015-02-25,56.64,56.81,56.54,56.72,2424785,0.0
2015-02-26,56.81,56.91,56.745,56.8,1998155,0.0
2015-02-27,56.79,56.84,56.58,56.63,2372875,0.0
2015-03-02,57.0,57.08,56.85,57.06,1718837,0.0
2015-03-03,57.44,57.44,57.22,57.24,2783880,0.0
2015-03-04,57.18,57.24,56.875,57.04,2352155,0.0
2015-03-05,57.16,57.25,57.005,57.08,1200677,0.0
2015-03-06,57.14,57.15,56.59,56.79,3025029,0.0
2015-03-09,56.4,56.5401,56.21,56.35,2391836,0.0
2015-03-10,55.45,55.46,54.95,54.97,3227478,0.0
2015-03-11,55.19,55.29,55.02,55.12,2002312,0.0
2015-03-12,55.81,55.83,55.58,55.59,2217727,0.0
2015-03-13,55.03,55.05,54.56,54.79,2398500,0.0
2015-03-16,55.42,55.77,55.42,55.59,2110997,0.0
2015-03-17,56.86,57.03,56.66,57.01,4102407,0.0
2015-03-18,56.76,58.09,56.63,57.96,4930859,0.0
2015-03-19,57.39,57.39,56.97,57.21,2177619,0.0
2015-03-20,57.46,57.895,57.45,57.77,2822514,0.0
2015-03-23,57.82,58.02,57.74,57.92,2285856,0.0
2015-03-24,57.95,58.125,57.95,58.08,1557322,0.0
2015-03-25,58.25,58.4,57.77,57.8,3061073,0.0
2015-03-26,57.55,57.55,57.05,57.34,2063824,0.0
2015-03-27,57.24,57.41,57.13,57.32,1453197,0.0
2015-03-30,57.4,57.68,57.4,57.58,1896593,0.0
2015-03-31,57.16,57.34,57.11,57.24,1876506,0.0
2015-04-01,57.18,57.44,57.085,57.39,1748346,0.0
2015-04-02,57.84,58.09,57.76,58.01,2888317,0.0
2015-04-06,58.47,58.96,58.37,58.78,3325545,0.0
2015-04-07,58.29,58.31,58.09,58.11,2840030,0.0
2015-04-08,58.79,58.95,58.57,58.75,3765140,0.0
2015-04-09,58.65,58.74,58.455,58.58,2197211,0.0
2015-04-10,59.43,59.67,59.36,59.6,2928243,0.0
2015-04-13,59.65,59.8299,59.395,59.42,3565295,0.0
2015-04-14,60.4,60.54,60.2,60.46,3605107,0.0
2015-04-15,60.62,60.995,60.54,60.82,2056184,0.0
2015-04-16,61.08,61.74,61.07,61.52,3412724,0.0
2015-04-17,61.14,61.23,60.92,61.02,4007509,0.0
2015-04-20,61.63,61.93,61.62,61.75,2936164,0.0
2015-04-21,61.68,61.71,61.43,61.44,2249206,0.0
2015-04-22,61.98,62.03,61.73,61.92,2961089,0.0
2015-04-23,62.68,63.125,62.45,62.92,2869726,0.0
2015-04-24,62.95,62.95,62.47,62.64,2260329,0.0
2015-04-27,62.55,62.74,62.54,62.66,1991549,0.0
2015-04-28,62.51,62.85,62.43,62.84,3042783,0.0
2015-04-29,61.9,62.21,61.78,61.96,3348579,0.0
2015-04-30,61.44,61.54,61.12,61.17,2689056,0.0
2015-05-01,61.11,61.29,60.93,61.16,2449768,0.0
2015-05-04,61.56,61.75,61.405,61.68,3496802,0.0
2015-05-05,61.48,61.645,60.93,60.98,3078552,0.0
2015-05-06,60.5,60.68,60.17,60.35,3577559,0.0
2015-05-07,59.81,59.84,59.481,59.71,2829590,0.0
2015-05-08,60.0,60.085,59.72,59.98,2422395,0.0
2015-05-11,59.6,59.61,59.23,59.26,2423803,0.0
2015-05-12,58.99,59.42,58.89,59.27,1353760,0.0
2015-05-13,59.7,59.88,59.625,59.64,2114766,0.0
2015-05-14,60.06,60.42,60.05,60.33,1709768,0.0
2015-05-15,59.39,59.79,59.36,59.77,2479296,0.0
2015-05-18,59.65,59.65,59.41,59.43,1282266,0.0
2015-05-19,59.69,59.72,59.5038,59.57,1476105,0.0
2015-05-20,59.89,60.13,59.725,59.91,1658303,0.0
2015-05-21,59.22,59.59,59.22,59.57,1454253,0.0
2015-05-22,59.96,60.07,59.85,59.87,1895143,0.0
2015-05-26,59.26,59.28,58.72,58.87,2632752,0.0
2015-05-27,57.94,58.06,57.75,57.99,3320915,0.0
2015-05-28,57.83,57.86,57.63,57.83,1681646,0.0
2015-05-29,57.84,57.945,57.72,57.8,2196902,0.0
2015-06-01,57.42,57.43,57.07,57.24,2488009,0.0
2015-06-02,56.8,57.13,56.72,57.07,2470930,0.0
2015-06-03,56.69,56.9,56.59,56.7,1663021,0.0
2015-06-04,56.44,56.605,56.21,56.31,1852683,0.0
2015-06-05,55.91,56.15,55.78,55.84,2983910,0.0
2015-06-08,55.85,55.905,55.71,55.88,1539348,0.0
2015-06-09,55.79,55.89,55.655,55.72,1465327,0.0
2015-06-10,55.95,56.31,55.95,56.24,3171353,0.0
2015-06-11,55.99,56.125,55.87,55.98,1839419,0.0
2015-06-12,55.33,55.41,55.15,55.41,2112862,0.0
2015-06-15,55.25,55.28,54.96,55.14,1447917,0.0
2015-06-16,54.73,54.82,54.52,54.78,2231842,0.0
2015-06-17,54.86,55.45,54.42,55.26,3625786,0.0
2015-06-18,55.8,56.0258,55.71,55.8,3870973,0.0
2015-06-19,55.92,55.95,55.69,55.69,1882348,0.0
2015-06-22,56.52,56.64,56.42,56.42,2002366,0.0
2015-06-23,56.69,56.88,56.64,56.81,2385832,0.0
2015-06-24,56.43,56.45,56.26,56.32,1574807,0.0
2015-06-25,56.64,56.64,56.04,56.08,2304087,0.0
2015-06-26,55.84,55.85,55.65,55.78,1606643,0.0
2015-06-29,55.23,55.23,54.6,54.86,2413307,0.0
2015-06-30,55.4,55.54,55.11,55.11,2502117,0.0
2015-07-01,56.32,56.32,55.61,55.71,2076456,0.0
2015-07-02,55.92,56.09,55.73,55.77,1152800,0.0
2015-07-06,54.22,54.33,53.83,54.09,3216915,0.0
2015-07-07,53.54,53.72,53.06,53.66,3646206,0.0
2015-07-08,52.91,52.93,52.38,52.4,5894225,0.0
2015-07-09,53.59,53.64,53.07,53.08,2583607,0.0
2015-07-10,53.61,53.73,53.5,53.58,3211303,0.0
2015-07-13,53.82,53.88,53.62,53.66,1782540,0.0
2015-07-14,53.19,53.24,52.92,53.2,2314886,0.0
2015-07-15,53.01,53.02,52.7,52.84,1710165,0.0
2015-07-16,53.36,53.7,53.36,53.45,1922167,0.0
2015-07-17,53.03,53.03,52.83,52.95,2468685,0.0
2015-07-20,52.49,52.54,52.145,52.49,1952364,0.0
2015-07-21,52.69,52.79,52.62,52.69,2005029,0.0
2015-07-22,52.18,52.26,51.925,52.05,2064575,0.0
2015-07-23,51.86,51.93,51.47,51.5,2022373,0.0
2015-07-24,50.99,50.99,50.4262,50.58,2234460,0.0
2015-07-27,50.9,51.11,50.875,50.91,2187128,0.0
2015-07-28,51.41,51.8,51.32,51.67,1729451,0.0
2015-07-29,52.0,52.32,51.84,52.0,3209907,0.0
2015-07-30,50.84,50.94,50.6,50.85,2204684,0.0
2015-07-31,51.29,51.44,51.05,51.18,3134726,0.0
2015-08-03,50.68,50.76,50.29,50.41,2307848,0.0
2015-08-04,51.08,51.22,50.8,50.87,2009965,0.0
2015-08-05,51.01,51.09,50.58,50.58,1637170,0.0
2015-08-06,50.27,50.41,49.99,50.03,1640586,0.0
2015-08-07,49.9,50.11,49.865,50.02,1461522,0.0
2015-08-10,50.2,50.65,50.09,50.59,1368216,0.0
2015-08-11,49.1,49.1,48.73,48.91,2909997,0.0
2015-08-12,48.67,49.02,48.56,48.97,4989693,0.0
2015-08-13,49.11,49.26,48.96,49.08,1656387,0.0
2015-08-14,49.13,49.4,49.07,49.19,1287593,0.0
2015-08-17,48.47,48.65,48.32,48.48,2003968,0.0
2015-08-18,48.22,48.29,48.13,48.17,2678555,0.0
2015-08-19,47.98,48.33,47.725,47.85,5250186,0.0
2015-08-20,46.99,47.05,46.67,46.76,3664856,0.0
2015-08-21,46.53,46.63,45.65,45.67,5438954,0.0
2015-08-24,43.46,45.905,42.94,44.7,10250730,0.0
2015-08-25,47.02,47.235,45.56,45.59,6133057,0.0
2015-08-26,46.5,46.96,46.17,46.91,5400261,0.0
2015-08-27,47.61,48.19,47.45,48.14,6680931,0.0
2015-08-28,47.99,48.13,47.755,47.99,3472443,0.0
2015-08-31,47.81,48.01,47.6,47.84,3496134,0.0
2015-09-01,47.0,47.3,46.75,46.84,5010415,0.0
2015-09-02,47.67,47.67,47.35,47.65,3175154,0.0
2015-09-03,47.47,47.86,47.34,47.39,2547775,0.0
2015-09-04,46.92,46.92,46.09,46.18,3083526,0.0
2015-09-08,47.13,47.34,46.9,47.33,3128926,0.0
2015-09-09,48.46,48.6,47.91,47.94,3942655,0.0
2015-09-10,48.01,48.57,48.0,48.5,3994820,0.0
2015-09-11,48.22,48.58,48.17,48.58,1919175,0.0
2015-09-14,48.2,48.4,48.055,48.17,1578228,0.0
2015-09-15,48.43,48.87,48.4,48.73,3032078,0.0
2015-09-16,50.27,50.74,50.17,50.63,4382783,0.0
2015-09-17,50.53,51.64,50.47,50.56,5304914,0.0
2015-09-18,50.44,50.65,49.92,49.99,3593660,0.0
2015-09-21,49.45,49.51,49.15,49.31,2640721,0.0
2015-09-22,48.65,48.715,48.47,48.66,2525611,0.0
2015-09-23,48.56,48.63,48.2,48.23,2777356,0.0
2015-09-24,47.65,48.1301,47.52,47.97,3444511,0.0
2015-09-25,48.41,48.5,47.95,48.02,1982833,0.0
2015-09-28,47.7,47.85,46.92,47.05,4328179,0.0
2015-09-29,47.08,47.2,46.68,46.9,2832073,0.0
2015-09-30,48.72,48.875,48.58,48.78,3759453,0.0
2015-10-01,49.51,49.64,49.25,49.58,2844160,0.0
2015-10-02,48.96,50.1,48.91,50.07,4542663,0.0
2015-10-05,50.46,51.07,50.4,51.07,4682226,0.0
2015-10-06,50.79,51.14,50.71,50.95,2369719,0.0
2015-10-07,52.41,52.73,52.31,52.49,3884548,0.0
2015-10-08,52.35,52.965,52.315,52.91,3265423,0.0
2015-10-09,53.8,54.28,53.21,53.39,4714802,0.0
2015-10-12,53.44,53.44,53.14,53.19,2157803,0.0
2015-10-13,52.63,52.96,52.485,52.54,3628441,0.0
2015-10-14,53.04,53.27,52.94,53.1,1997650,0.0
2015-10-15,54.39,54.665,54.3,54.59,4657618,0.0
2015-10-16,54.1,54.38,54.08,54.31,2785174,0.0
2015-10-19,54.2,54.3,53.86,54.0,2290659,0.0
2015-10-20,54.23,54.38,54.11,54.26,1584595,0.0
2015-10-21,54.04,54.1,53.74,53.85,2667225,0.0
2015-10-22,53.98,54.705,53.98,54.65,3039984,0.0
2015-10-23,54.86,54.975,54.6,54.75,2225508,0.0
2015-10-26,54.78,54.79,54.58,54.7,1229730,0.0
2015-10-27,54.49,54.49,54.23,54.3,1538187,0.0
2015-10-28,54.7,54.82,53.55,53.85,5225453,0.0
2015-10-29,53.53,53.91,53.47,53.83,2643456,0.0
2015-10-30,54.55,54.65,54.33,54.38,2116770,0.0
2015-11-02,54.71,55.37,54.71,55.32,3874508,0.0
2015-11-03,55.42,56.22,55.42,56.09,3118829,0.0
2015-11-04,55.66,55.69,55.1234,55.29,2620131,0.0
2015-11-05,55.1,55.28,54.9,55.25,1911968,0.0
2015-11-06,53.94,54.2,53.6899,54.19,3154432,0.0
2015-11-09,53.59,53.59,52.945,53.08,3642046,0.0
2015-11-10,52.58,52.69,52.405,52.61,2411326,0.0
2015-11-11,53.05,53.08,52.81,52.88,1886771,0.0
2015-11-12,52.43,52.67,52.17,52.28,1940020,0.0
2015-11-13,51.64,51.64,51.17,51.26,2655473,0.0
2015-11-16,51.07,51.79,51.07,51.75,2762552,0.0
2015-11-17,51.59,51.65,51.325,51.45,2549924,0.0
2015-11-18,51.58,52.14,51.5,52.03,2664961,0.0
2015-11-19,52.66,53.0,52.6468,52.88,4103106,0.0
2015-11-20,53.24,53.445,53.11,53.15,3197930,0.0
2015-11-23,53.04,53.19,52.95,53.03,2613085,0.0
2015-11-24,53.39,53.85,53.24,53.73,3031801,0.0
2015-11-25,53.77,53.84,53.64,53.73,1624230,0.0
2015-11-27,53.65,53.7,53.38,53.41,992609,0.0
2015-11-30,52.59,52.845,52.56,52.82,5739859,0.0
2015-12-01,53.36,53.8,53.32,53.74,3031715,0.0
2015-12-02,52.81,52.9,52.56,52.74,3037225,0.0
2015-12-03,52.27,52.38,51.8,52.17,3039056,0.0
2015-12-04,51.67,52.42,51.54,52.3,2663697,0.0
2015-12-07,51.44,51.48,50.93,51.1,2808479,0.0
2015-12-08,50.32,50.59,50.22,50.55,3267858,0.0
2015-12-09,50.48,50.79,50.25,50.37,3083847,0.0
2015-12-10,50.81,50.92,50.53,50.6,2967087,0.0
2015-12-11,49.92,49.99,49.56,49.65,3788984,0.0
2015-12-14,50.01,50.24,49.64,50.13,3874014,0.0
2015-12-15,50.69,51.045,50.64,50.87,2793200,0.0
2015-12-16,51.69,52.445,51.54,52.21,4781107,0.0
2015-12-17,51.24,51.34,50.875,50.89,4693644,0.0
2015-12-18,51.48,51.555,51.06,51.09,3502071,0.0
2015-12-21,50.55,50.73,50.24,50.67,2518782,0.0
2015-12-22,50.88,51.18,50.74,51.14,3611028,0.0
2015-12-23,51.36,51.64,51.3,51.56,1768174,0.0
2015-12-24,51.09,51.21,51.01,51.16,867088,0.0
2015-12-28,50.48,50.6,50.33,50.57,2196621,0.0
2015-12-29,51.0,51.22,50.68,50.68,5126978,0.0
2015-12-30,50.09,50.28,50.0,50.08,1990640,0.0
2015-12-31,49.84,50.04,49.66,49.67,1903752,0.0
2016-01-04,48.32,48.52,48.03,48.51,4194874,0.0
2016-01-05,48.88,49.01,48.665,48.72,2445860,0.0
2016-01-06,47.93,47.96,47.57,47.75,3941693,0.0
2016-01-07,47.13,47.57,46.95,46.99,4479551,0.0
2016-01-08,47.27,47.36,46.69,46.73,7636279,0.0
2016-01-11,47.09,47.4,46.8,47.25,3583948,0.0
2016-01-12,47.16,47.285,46.8111,47.11,4304895,0.0
2016-01-13,47.83,47.99,46.87,46.98,3757469,0.0
2016-01-14,47.15,47.59,46.88,47.49,4657193,0.0
2016-01-15,45.46,45.83,45.04,45.49,4847140,0.0
2016-01-19,47.2,47.23,46.555,46.79,3266930,0.0
2016-01-20,45.34,45.66,44.42,45.34,5323866,0.0
2016-01-21,45.85,46.41,45.56,45.95,4076537,0.0
2016-01-22,47.26,47.43,47.03,47.32,3500529,0.0
2016-01-25,47.33,47.49,46.66,46.68,2827839,0.0
2016-01-26,46.8,47.135,46.61,47.12,2330779,0.0
2016-01-27,47.19,47.41,46.5,46.77,3236228,0.0
2016-01-28,47.35,47.42,46.95,47.25,3432863,0.0
2016-01-29,47.12,47.78,47.1,47.74,3875298,0.0
2016-02-01,47.33,47.755,47.25,47.61,2684397,0.0
2016-02-02,46.95,46.95,46.13,46.26,3744255,0.0
2016-02-03,46.47,47.25,45.82,47.23,5069506,0.0
2016-02-04,48.2,48.65,47.96,48.13,3758858,0.0
2016-02-05,48.03,48.03,47.35,47.54,2517559,0.0
2016-02-08,46.69,47.39,46.48,47.21,3709221,0.0
2016-02-09,46.52,47.23,46.24,46.71,4035280,0.0
2016-02-10,47.23,47.89,46.9,46.94,3845642,0.0
2016-02-11,45.94,46.295,45.79,46.0,5012371,0.0
2016-02-12,46.01,46.485,45.89,46.47,3702867,0.0
2016-02-16,46.5,46.83,46.4,46.83,2905855,0.0
2016-02-17,46.86,47.5,46.81,47.38,2580944,0.0
2016-02-18,47.0,47.06,46.65,46.87,2629505,0.0
2016-02-19,46.6,46.9,46.59,46.63,2415297,0.0
2016-02-22,47.35,47.61,47.34,47.61,1909974,0.0
2016-02-23,47.19,47.27,46.775,46.81,2172183,0.0
2016-02-24,46.36,47.01,46.2,46.86,2467421,0.0
2016-02-25,46.57,47.04,46.44,47.02,2779395,0.0
2016-02-26,46.91,47.02,46.24,46.3,2002965,0.0
2016-02-29,46.68,46.83,46.57,46.59,2421640,0.0
2016-03-01,47.52,48.02,47.25,47.9,4033946,0.0
2016-03-02,47.79,48.3,47.71,48.28,3063026,0.0
2016-03-03,48.63,48.97,48.59,48.94,2120566,0.0
2016-03-04,49.09,49.775,49.09,49.74,4166576,0.0
2016-03-07,49.05,49.68,49.05,49.58,3287200,0.0
2016-03-08,48.62,48.715,48.41,48.44,2878354,0.0
2016-03-09,48.66,48.955,48.63,48.76,2985228,0.0
2016-03-10,49.53,49.77,49.11,49.57,3029475,0.0
2016-03-11,50.26,50.76,50.26,50.65,2838535,0.0
2016-03-14,50.46,50.46,50.18,50.24,1540899,0.0
2016-03-15,49.91,50.01,49.78,49.97,2386967,0.0
2016-03-16,49.93,51.1,49.9,51.03,3177999,0.0
2016-03-17,51.73,52.35,51.67,52.26,3408420,0.0
2016-03-18,52.08,52.27,51.83,52.14,1797996,0.0
2016-03-21,51.99,52.175,51.9,52.09,1224364,0.0
2016-03-22,52.12,52.57,52.06,52.41,1644971,0.0
2016-03-23,51.91,51.94,51.56,51.56,1916028,0.0
2016-03-24,51.42,51.6,51.325,51.56,1666635,0.0
2016-03-28,51.55,51.72,51.55,51.58,960530,0.0
2016-03-29,51.77,52.7,51.76,52.7,1893003,0.0
2016-03-30,53.44,53.56,53.23,53.29,2405222,0.0
2016-03-31,53.2,53.305,52.755,52.82,2635555,0.0
2016-04-01,51.38,52.17,51.26,52.06,2125378,0.0
2016-04-04,52.03,52.18,51.68,51.69,1828825,0.0
2016-04-05,50.89,51.015,50.7,50.72,2292292,0.0
2016-04-06,51.19,51.64,51.07,51.63,2358791,0.0
2016-04-07,51.2,51.23,50.78,50.83,2963741,0.0
2016-04-08,51.78,51.78,51.31,51.45,2324740,0.0
2016-04-11,51.85,52.21,51.85,51.97,3101581,0.0
2016-04-12,52.12,52.57,51.935,52.46,2772511,0.0
2016-04-13,53.11,53.33,52.86,53.06,5638730,0.0
2016-04-14,53.15,53.16,52.87,52.94,2499589,0.0
2016-04-15,53.04,53.1,52.79,52.81,5019949,0.0
2016-04-18,52.94,53.24,52.77,53.21,3432788,0.0
2016-04-19,54.0,54.27,53.885,54.02,3235305,0.0
2016-04-20,53.67,53.905,53.57,53.75,1518256,0.0
2016-04-21,53.91,53.92,53.36,53.45,2396024,0.0
2016-04-22,53.15,53.23,52.835,52.92,1887412,0.0
2016-04-25,52.92,52.92,52.635,52.71,2206139,0.0
2016-04-26,53.14,53.23,52.94,53.12,3286694,0.0
2016-04-27,52.89,53.25,52.7,53.17,2037803,0.0
2016-04-28,52.62,53.04,52.55,52.85,4224163,0.0
2016-04-29,52.46,52.54,51.92,52.25,3920364,0.0
2016-05-02,52.48,52.62,52.28,52.58,2416547,0.0
2016-05-03,51.84,52.04,51.4,51.51,4678575,0.0
2016-05-04,51.01,51.02,50.54,50.54,5354179,0.0
2016-05-05,50.85,51.0,50.28,50.42,3438657,0.0
2016-05-06,50.32,50.61,50.07,50.47,3530983,0.0
2016-05-09,50.44,50.62,50.12,50.16,2833062,0.0
2016-05-10,50.73,51.0,50.73,51.0,2564020,0.0
2016-05-11,50.87,51.04,50.68,50.76,1715779,0.0
2016-05-12,50.93,50.99,50.52,50.58,2830783,0.0
2016-05-13,49.97,50.01,49.57,49.58,2971331,0.0
2016-05-16,49.91,50.03,49.85,49.96,1895091,0.0
2016-05-17,49.92,49.97,49.54,49.65,2541126,0.0
2016-05-18,49.05,49.32,48.645,48.84,3209587,0.0
2016-05-19,48.79,48.95,48.685,48.86,2692267,0.0
2016-05-20,49.02,49.15,48.97,49.07,2320076,0.0
2016-05-23,49.18,49.385,49.1499,49.25,3899924,0.0
2016-05-24,48.93,49.145,48.9,49.05,3666434,0.0
2016-05-25,49.84,50.0,49.77,49.91,1967296,0.0
2016-05-26,50.07,50.17,49.85,49.94,2097457,0.0
2016-05-27,50.1,50.13,49.75,49.79,1555127,0.0
2016-05-31,49.83,49.99,49.74,49.76,2624775,0.0
2016-06-01,49.78,50.03,49.735,49.94,1800474,0.0
2016-06-02,50.1,50.5088,50.1,50.5,3306354,0.0
2016-06-03,51.11,51.46,50.99,51.46,2894371,0.0
2016-06-06,51.67,52.26,51.66,52.06,3627246,0.0
2016-06-07,52.35,52.68,52.35,52.65,2223406,0.0
2016-06-08,53.01,53.17,52.89,53.07,2029758,0.0
2016-06-09,52.62,52.83,52.51,52.66,2024986,0.0
2016-06-10,51.98,52.11,51.55,51.75,2266106,0.0
2016-06-13,50.66,51.13,50.66,50.72,1823658,0.0
2016-06-14,50.33,50.45,50.025,50.31,2569893,0.0
2016-06-15,50.91,51.31,50.78,50.86,2922495,0.0
2016-06-16,50.15,50.67,49.85,50.61,2142666,0.0
2016-06-17,50.67,50.67,50.29,50.56,1817621,0.0
2016-06-20,51.82,52.08,51.73,51.78,2842779,0.0
2016-06-21,51.93,52.16,51.79,52.08,1558105,0.0
2016-06-22,52.65,52.76,52.44,52.51,3302276,0.0
2016-06-23,52.87,53.43,52.74,53.41,2031740,0.0
2016-06-24,50.55,51.14,49.98,49.98,5832033,0.0
2016-06-27,49.57,49.58,48.69,48.95,4910120,0.0
2016-06-28,50.34,50.54,50.15,50.49,3188725,0.0
2016-06-29,51.37,51.7,51.37,51.67,3394173,0.0
2016-06-30,51.95,52.135,51.76,52.07,3241833,0.0
2016-07-01,52.78,52.97,52.655,52.83,2344187,0.0
2016-07-05,52.38,52.39,51.985,51.99,2152973,0.0
2016-07-06,50.72,51.3,50.57,51.28,3282714,0.0
2016-07-07,51.77,51.9399,51.51,51.68,2302154,0.0
2016-07-08,52.0,52.47,51.97,52.46,1925692,0.0
2016-07-11,52.81,52.94,52.66,52.68,2087053,0.0
2016-07-12,53.07,53.52,52.99,53.4,3835166,0.0
2016-07-13,53.62,53.65,53.26,53.45,1907194,0.0
2016-07-14,54.29,54.66,54.28,54.48,1815576,0.0
2016-07-15,54.36,54.48,54.195,54.34,1486306,0.0
2016-07-18,54.2,54.56,54.2,54.56,1229985,0.0
2016-07-19,54.04,54.1,53.891,53.95,1187525,0.0
2016-07-20,54.06,54.12,53.875,53.95,1674802,0.0
2016-07-21,53.85,54.005,53.74,53.8,1666976,0.0
2016-07-22,54.14,54.31,54.03,54.31,967063,0.0
2016-07-25,54.04,54.11,53.69,53.7,742576,0.0
2016-07-26,54.45,54.64,54.25,54.29,2135041,0.0
2016-07-27,54.59,54.74,54.23,54.59,1805663,0.0
2016-07-28,54.57,54.78,54.51,54.78,929622,0.0
2016-07-29,55.45,55.7,55.35,55.66,3229224,0.0
2016-08-01,56.09,56.21,55.92,56.06,2667514,0.0
2016-08-02,55.77,55.77,55.13,55.26,2292528,0.0
2016-08-03,54.57,54.87,54.49,54.87,1927439,0.0
2016-08-04,54.95,55.25,54.91,55.13,1682681,0.0
2016-08-05,55.78,55.96,55.675,55.95,1663269,0.0
2016-08-08,56.37,56.44,56.27,56.33,1177209,0.0
2016-08-09,56.93,57.28,56.83,57.03,1461982,0.0
2016-08-10,57.3,57.38,57.07,57.27,3011923,0.0
2016-08-11,57.32,57.78,57.175,57.7392,3345376,0.0
2016-08-12,57.31,57.42,57.1,57.21,1151189,0.0
2016-08-15,57.73,58.085,57.67,57.84,1626436,0.0
2016-08-16,57.7,57.7,57.51,57.59,1616126,0.0
2016-08-17,56.71,56.94,56.31,56.83,1907034,0.0
2016-08-18,57.25,57.67,57.2,57.65,1771858,0.0
2016-08-19,57.05,57.31,56.82,57.25,1330299,0.0
2016-08-22,56.79,56.79,56.39,56.52,1400386,0.0
2016-08-23,57.15,57.29,56.84,56.87,1446423,0.0
2016-08-24,56.76,56.82,56.585,56.8,1835580,0.0
2016-08-25,56.76,56.94,56.75,56.93,1639346,0.0
2016-08-26,56.78,57.45,56.02,56.21,3827097,0.0
2016-08-29,56.43,56.76,56.37,56.68,1275339,0.0
2016-08-30,57.01,57.1,56.65,56.7,1232549,0.0
2016-08-31,56.64,56.65,56.33,56.35,2475536,0.0
2016-09-01,56.23,56.61,56.15,56.61,2460509,0.0
2016-09-02,57.16,57.34,56.925,57.2,3364533,0.0
2016-09-06,58.21,59.02,58.11,58.97,4530664,0.0
2016-09-07,58.97,59.14,58.87,59.02,2897389,0.0
2016-09-08,58.77,58.78,58.29,58.34,2257356,0.0
2016-09-09,57.43,57.43,56.35,56.36,3313412,0.0
2016-09-12,55.4,56.66,55.36,56.49,3266445,0.0
2016-09-13,55.33,55.33,54.58,54.67,4732265,0.0
2016-09-14,54.79,55.57,54.79,54.91,4134231,0.0
2016-09-15,55.13,55.62,54.85,55.54,4885903,0.0
2016-09-16,55.0,55.28,54.5548,55.2,2962848,0.0
2016-09-19,55.96,56.14,55.72,55.73,2717001,0.0
2016-09-20,56.29,56.39,56.11,56.22,1592737,0.0
2016-09-21,56.76,57.93,56.69,57.84,3474535,0.0
2016-09-22,58.39,58.62,58.1,58.3,2435604,0.0
2016-09-23,57.9,58.01,57.63,57.65,1637288,0.0
2016-09-26,57.41,57.47,57.02,57.03,1796162,0.0
2016-09-27,57.91,58.31,57.79,58.3,1845706,0.0
2016-09-28,58.18,58.63,57.83,58.63,2341678,0.0
2016-09-29,58.52,58.6,57.64,57.81,2504688,0.0
2016-09-30,57.96,58.29,57.74,58.13,2105722,0.0
2016-10-03,58.0,58.195,57.7,58.04,2523441,0.0
2016-10-04,57.7,57.77,56.85,56.92,3291063,0.0
2016-10-05,57.46,57.7199,57.36,57.66,1935230,0.0
2016-10-06,57.47,57.99,57.37,57.96,3067840,0.0
2016-10-07,58.09,58.09,57.33,57.61,2017574,0.0
2016-10-10,57.96,58.38,57.96,58.2,1299497,0.0
2016-10-11,56.5,56.5,55.87,56.03,3483825,0.0
2016-10-12,55.93,56.305,55.85,56.09,2282168,0.0
2016-10-13,55.2,55.69,54.915,55.54,2681952,0.0
2016-10-14,55.92,56.0495,55.36,55.36,2970237,0.0
2016-10-17,55.59,55.76,55.55,55.67,1165370,0.0
2016-10-18,56.6,56.79,56.52,56.6,1841670,0.0
2016-10-19,56.87,57.125,56.745,57.04,1214927,0.0
2016-10-20,56.6,56.77,56.28,56.41,2008158,0.0
2016-10-21,55.97,56.29,55.87,56.19,3135917,0.0
2016-10-24,56.87,56.87,56.39,56.47,1432873,0.0
2016-10-25,56.49,56.54,56.29,56.49,1579559,0.0
2016-10-26,55.77,55.86,55.53,55.58,2126650,0.0
2016-10-27,55.82,55.82,55.195,55.21,1932492,0.0
2016-10-28,55.42,55.65,55.03,55.25,2912339,0.0
2016-10-31,55.25,55.44,55.14,55.35,1927128,0.0
2016-11-01,55.53,55.53,54.67,54.9,3164285,0.0
2016-11-02,54.72,54.79,54.31,54.48,2586503,0.0
2016-11-03,54.71,54.89,54.47,54.54,2219825,0.0
2016-11-04,54.35,54.74,54.32,54.38,2490765,0.0
2016-11-07,55.13,55.82,55.13,55.76,3613879,0.0
2016-11-08,55.74,56.56,55.64,56.37,3864194,0.0
2016-11-09,54.14,54.52,53.7,53.73,8951511,0.0
2016-11-10,53.93,54.03,52.8,53.11,8901389,0.0
2016-11-11,52.83,53.1,52.325,52.85,4813651,0.0
2016-11-14,52.42,52.565,52.23,52.33,4024394,0.0
2016-11-15,52.42,53.0,52.36,52.91,3007108,0.0
2016-11-16,52.4,52.62,52.17,52.41,2317870,0.0
2016-11-17,52.62,52.71,52.36,52.39,2363346,0.0
2016-11-18,52.47,52.525,51.9399,51.95,3635876,0.0
2016-11-21,52.28,52.38,52.085,52.16,1550281,0.0
2016-11-22,52.78,53.44,52.78,53.43,3108366,0.0
2016-11-23,52.98,53.01,52.66,52.8,2454059,0.0
2016-11-25,52.85,53.03,52.85,53.03,561802,0.0
2016-11-28,53.14,53.29,53.005,53.03,1519929,0.0
2016-11-29,53.08,53.52,53.055,53.4,2034330,0.0
2016-11-30,53.62,53.62,53.19,53.26,2671794,0.0
2016-12-01,53.42,53.54,53.25,53.46,2716120,0.0
2016-12-02,53.17,53.38,53.1,53.29,1818999,0.0
2016-12-05,53.37,53.58,53.29,53.54,2002883,0.0
2016-12-06,53.95,53.95,53.6,53.79,2628120,0.0
2016-12-07,54.24,55.05,54.18,54.95,4090676,0.0
2016-12-08,55.08,55.52,55.01,55.41,2807195,0.0
2016-12-09,55.1,55.23,54.955,55.0,1706770,0.0
2016-12-12,55.06,55.225,54.98,55.06,2123490,0.0
2016-12-13,55.26,55.59,55.21,55.52,1347070,0.0
2016-12-14,55.18,55.46,54.01,54.06,3215596,0.0
2016-12-15,54.36,54.385,54.13,54.19,3286778,0.0
2016-12-16,54.28,54.3,54.055,54.23,1786063,0.0
2016-12-19,54.24,54.4396,54.22,54.26,1842610,0.0
2016-12-20,54.16,54.32,54.12,54.26,1990248,0.0
2016-12-21,53.54,53.58,53.33,53.35,1668555,0.0
2016-12-22,52.8,52.88,52.6,52.77,2387414,0.0
2016-12-23,52.79,53.1,52.75,53.09,1688233,0.0
2016-12-27,52.99,53.135,52.975,53.08,1184931,0.0
2016-12-28,53.04,53.12,52.88,52.99,1810995,0.0
2016-12-29,53.22,53.56,53.03,53.54,2221936,0.0
2016-12-30,53.71,53.71,53.1,53.22,1868267,0.0
2017-01-03,53.96,54.035,53.8,54.03,3059882,0.0
2017-01-04,54.28,54.51,54.245,54.4,2253107,0.0
2017-01-05,54.73,55.07,54.66,54.94,2837613,0.0
2017-01-06,54.56,54.56,54.33,54.34,1695998,0.0
2017-01-09,54.05,54.36,54.05,54.24,1467474,0.0
2017-01-10,54.45,54.7,54.4,54.47,1408602,0.0
2017-01-11,55.48,56.04,55.23,55.99,3974761,0.0
2017-01-12,56.24,56.745,56.2274,56.72,3969075,0.0
2017-01-13,56.23,56.72,56.23,56.69,1499340,0.0
2017-01-17,56.91,57.08,56.895,57.08,2399983,0.0
2017-01-18,56.59,56.71,56.165,56.26,2013990,0.0
2017-01-19,56.32,56.32,55.94,56.16,2098721,0.0
2017-01-20,56.18,56.36,56.03,56.16,2296381,0.0
2017-01-23,56.43,57.0,56.43,56.96,1497455,0.0
2017-01-24,57.0,57.1,56.92,56.94,1653851,0.0
2017-01-25,57.06,57.64,57.01,57.56,2456702,0.0
2017-01-26,57.56,57.63,57.3399,57.35,2234615,0.0
2017-01-27,57.2,57.43,56.98,57.2,1868804,0.0
2017-01-30,56.97,57.12,56.75,57.12,1680311,0.0
2017-01-31,57.67,58.02,57.66,57.88,2098691,0.0
2017-02-01,57.93,58.0,57.69,57.9,2415200,0.0
2017-02-02,58.47,58.625,58.31,58.44,2131798,0.0
2017-02-03,58.78,59.09,58.68,58.91,1677263,0.0
2017-02-06,58.77,58.86,58.65,58.81,1417170,0.0
2017-02-07,58.16,58.27,58.065,58.23,1487206,0.0
2017-02-08,57.89,58.1,57.86,58.01,1925682,0.0
2017-02-09,58.06,58.19,57.97,58.07,2017688,0.0
2017-02-10,57.84,58.14,57.77,58.12,2746685,0.0
2017-02-13,57.92,58.11,57.75,58.08,1790953,0.0
2017-02-14,58.13,58.175,57.73,58.14,2282133,0.0
2017-02-15,58.16,58.83,58.08,58.8,1855981,0.0
2017-02-16,58.39,58.43,58.115,58.15,2336929,0.0
2017-02-17,57.71,57.99,57.68,57.97,1312623,0.0
2017-02-21,58.8,59.1,58.71,59.07,1576532,0.0
2017-02-22,58.95,59.23,58.84,59.2,1311914,0.0
2017-02-23,59.55,59.77,59.475,59.52,2118936,0.0
2017-02-24,58.92,59.09,58.915,59.07,1007362,0.0
2017-02-27,58.79,58.88,58.51,58.67,1259655,0.0
2017-02-28,59.03,59.05,58.49,58.56,2446410,0.0
2017-03-01,58.57,59.01,58.51,58.95,2549075,0.0
2017-03-02,58.67,58.71,58.075,58.16,2146152,0.0
2017-03-03,57.68,57.78,57.38,57.73,2703406,0.0
2017-03-06,57.54,57.75,57.53,57.69,1776779,0.0
2017-03-07,57.99,58.18,57.915,58.07,2077635,0.0
2017-03-08,58.13,58.21,57.79,57.83,1428850,0.0
2017-03-09,57.69,57.69,57.21,57.44,1833284,0.0
2017-03-10,58.08,58.435,57.95,58.36,1812755,0.0
2017-03-13,58.95,59.33,58.95,59.31,3310107,0.0
2017-03-14,59.54,59.54,59.31,59.35,1484453,0.0
2017-03-15,59.76,61.4,59.72,61.31,5350889,0.0
2017-03-16,61.31,61.41,60.97,61.16,3796607,0.0
2017-03-17,61.26,61.41,61.2,61.29,2442576,0.0
2017-03-20,61.98,62.43,61.98,62.2294,2963917,0.0
2017-03-21,62.62,62.7811,61.83,61.83,3420015,0.0
2017-03-22,61.9,62.43,61.86,62.35,2091989,0.0
2017-03-23,62.23,62.39,61.95,62.08,2284175,0.0
2017-03-24,62.17,62.55,62.1,62.47,1957687,0.0
2017-03-27,62.26,62.48,62.12,62.44,1414523,0.0
2017-03-28,62.14,62.48,62.14,62.4,3105350,0.0
2017-03-29,62.42,62.54,62.27,62.51,2279668,0.0
2017-03-30,62.08,62.3122,62.05,62.15,1344490,0.0
2017-03-31,61.96,62.12,61.87,61.87,1920352,0.0
2017-04-03,61.86,62.11,61.73,62.07,1781183,0.0
2017-04-04,61.29,61.61,61.29,61.51,1698019,0.0
2017-04-05,61.24,61.41,60.99,61.04,2164482,0.0
2017-04-06,60.83,60.89,60.74,60.85,1771365,0.0
2017-04-07,60.56,60.65,60.305,60.35,2142560,0.0
2017-04-10,59.83,59.83,59.4,59.52,3495909,0.0
2017-04-11,59.26,59.33,58.895,59.11,3646350,0.0
2017-04-12,59.43,59.75,59.3,59.7,3796929,0.0
2017-04-13,60.13,60.3,59.92,59.92,2988368,0.0
2017-04-17,60.14,60.52,60.06,60.52,1956961,0.0
2017-04-18,59.77,59.8,59.35,59.56,2311731,0.0
2017-04-19,59.75,59.81,59.3,59.33,2267783,0.0
2017-04-20,60.13,60.49,60.13,60.49,2213749,0.0
2017-04-21,60.85,61.01,60.68,60.96,2811268,0.0
2017-04-24,61.6,61.69,61.14,61.38,2094063,0.0
2017-04-25,62.22,62.48,62.2,62.33,2448553,0.0
2017-04-26,62.22,62.41,62.04,62.2,1788389,0.0
2017-04-27,62.26,62.33,62.04,62.12,3490977,0.0
2017-04-28,62.0,62.15,61.88,62.1,2039139,0.0
2017-05-01,62.08,62.59,62.05,62.45,2023357,0.0
2017-05-02,63.13,63.33,62.98,63.29,1592672,0.0
2017-05-03,62.99,63.04,62.59,62.84,1445770,0.0
2017-05-04,63.34,63.38,63.0,63.01,3522645,0.0
2017-05-05,62.9,63.43,62.84,63.41,2370487,0.0
2017-05-08,65.19,65.38,64.9,65.03,4978977,0.0
2017-05-09,65.18,66.02,65.17,65.64,6251274,0.0
2017-05-10,64.53,64.95,64.44,64.94,3790255,0.0
2017-05-11,65.8,66.115,65.355,65.99,3288457,0.0
2017-05-12,65.77,65.93,65.6212,65.88,2554709,0.0
2017-05-15,66.42,66.58,66.31,66.51,1972744,0.0
2017-05-16,66.36,66.59,66.32,66.58,1605319,0.0
2017-05-17,66.09,66.14,65.35,65.41,4044548,0.0
2017-05-18,65.16,65.66,64.87,65.47,2981148,0.0
2017-05-19,66.13,66.81,66.13,66.77,2374600,0.0
2017-05-22,66.9,67.235,66.9,67.07,2094157,0.0
2017-05-23,66.86,66.98,66.62,66.8,2029578,0.0
2017-05-24,66.97,67.25,66.83,67.22,1659578,0.0
2017-05-25,67.7,67.97,67.7,67.92,3580443,0.0
2017-05-26,68.22,68.49,68.1,68.44,2976182,0.0
2017-05-30,67.35,67.72,67.24,67.48,2853096,0.0
2017-05-31,68.2,68.23,67.555,67.72,1912482,0.0
2017-06-01,67.56,67.87,67.4,67.74,2741371,0.0
2017-06-02,68.55,68.78,68.41,68.66,3279061,0.0
2017-06-05,68.56,68.63,68.39,68.5,2124479,0.0
2017-06-06,68.26,68.61,68.26,68.5,1504327,0.0
2017-06-07,67.95,68.04,67.56,67.82,2922217,0.0
2017-06-08,68.22,68.325,68.08,68.29,1981966,0.0
2017-06-09,68.61,68.735,67.8,67.94,5377416,0.0
2017-06-12,67.25,67.3,67.005,67.23,4520122,0.0
2017-06-13,67.69,68.18,67.69,68.14,2239713,0.0
2017-06-14,68.77,69.01,68.28,68.53,3705601,0.0
2017-06-15,67.35,67.47,67.06,67.4,3134725,0.0
2017-06-16,67.25,67.36,66.98,67.27,2957087,0.0
2017-06-19,67.76,67.83,67.47,67.67,2544989,0.0
2017-06-20,67.4,67.45,66.835,66.88,1888916,0.0
2017-06-21,66.86,67.035,66.7,66.84,2237470,0.0
2017-06-22,67.25,67.6,67.22,67.45,1961853,0.0
2017-06-23,67.65,68.16,67.65,68.04,2072271,0.0
2017-06-26,68.57,68.6,68.275,68.38,1210186,0.0
2017-06-27,68.22,68.23,67.69,67.74,1678351,0.0
2017-06-28,67.7,68.17,67.68,68.16,1684470,0.0
2017-06-29,67.89,67.955,66.99,67.34,2802585,0.0
2017-06-30,67.93,68.0096,67.56,67.81,1502120,0.0
2017-07-03,67.75,67.995,67.68,67.8,836844,0.0
2017-07-05,67.24,67.35,66.95,67.31,1929313,0.0
2017-07-06,66.81,66.93,66.54,66.55,2756378,0.0
2017-07-07,66.87,67.025,66.62,66.95,1999482,0.0
2017-07-10,67.02,67.415,67.02,67.39,1148498,0.0
2017-07-11,67.52,67.68,67.35,67.51,2263172,0.0
2017-07-12,68.08,68.79,68.08,68.7,2062499,0.0
2017-07-13,69.02,69.205,68.87,69.11,1362578,0.0
2017-07-14,69.91,70.52,69.81,70.43,3434930,0.0
2017-07-17,70.09,70.12,69.92,70.02,1385579,0.0
2017-07-18,70.22,70.54,70.135,70.46,2635060,0.0
2017-07-19,70.76,70.905,70.555,70.71,1540797,0.0
2017-07-20,71.01,71.01,70.74,70.95,1677971,0.0
2017-07-21,71.37,71.5,71.22,71.46,1722062,0.0
2017-07-24,71.67,71.78,71.55,71.65,1014920,0.0
2017-07-25,71.41,71.505,71.18,71.18,2531685,0.0
2017-07-26,71.0,71.615,70.995,71.57,1587060,0.0
2017-07-27,71.5,71.58,70.68,70.99,2585023,0.0
2017-07-28,69.33,69.67,69.33,69.64,5463757,0.0
2017-07-31,69.88,69.88,69.55,69.7,2021952,0.0
2017-08-01,70.16,70.38,70.16,70.25,1603159,0.0
2017-08-02,70.2,70.36,69.93,70.12,1844926,0.0
2017-08-03,68.87,69.06,68.45,68.68,1962629,0.0
2017-08-04,69.11,69.36,68.93,69.18,1429212,0.0
2017-08-07,69.08,69.4,69.08,69.4,1183216,0.0
2017-08-08,69.29,69.465,68.72,68.81,3174845,0.0
2017-08-09,67.1,67.61,67.02,67.47,4273620,0.0
2017-08-10,66.7,66.76,65.76,65.81,5281618,0.0
2017-08-11,66.0,66.26,65.86,66.02,2776663,0.0
2017-08-14,66.9,67.47,66.86,67.3,4246966,0.0
2017-08-15,67.52,67.855,67.415,67.62,2069795,0.0
2017-08-16,67.4,67.725,67.4,67.68,2757495,0.0
2017-08-17,67.57,67.64,66.74,66.77,3630113,0.0
2017-08-18,67.39,67.8,67.17,67.45,3219619,0.0
2017-08-21,67.49,67.595,67.33,67.44,2247514,0.0
2017-08-22,68.02,68.58,68.02,68.51,1814019,0.0
2017-08-23,68.11,68.4544,68.1,68.37,1875187,0.0
2017-08-24,68.85,69.1,68.6644,68.85,2634628,0.0
2017-08-25,69.11,69.46,69.09,69.3,2214687,0.0
2017-08-28,69.17,69.23,68.98,69.1,1095216,0.0
2017-08-29,68.22,68.67,68.02,68.53,2013125,0.0
2017-08-30,68.6,68.75,68.54,68.63,2432722,0.0
2017-08-31,68.2,68.58,68.16,68.47,1630019,0.0
2017-09-01,68.54,68.675,68.37,68.66,3288649,0.0
2017-09-05,67.11,67.17,66.46,66.73,4686344,0.0
2017-09-06,66.97,67.21,66.76,66.95,5450518,0.0
2017-09-07,67.83,67.97,67.71,67.82,2145926,0.0
2017-09-08,67.54,67.57,67.17,67.35,2435565,0.0
2017-09-11,68.03,68.52,67.92,68.46,2038711,0.0
2017-09-12,68.31,68.45,68.22,68.31,1676732,0.0
2017-09-13,68.17,68.21,67.83,67.93,1302219,0.0
2017-09-14,68.08,68.31,67.93,68.31,2708969,0.0
2017-09-15,68.88,68.88,68.62,68.73,2272709,0.0
2017-09-18,69.98,70.25,69.83,69.84,2177388,0.0
2017-09-19,70.04,70.12,69.85,70.07,1477217,0.0
2017-09-20,70.02,70.2,69.27,69.7,2574281,0.0
2017-09-21,69.78,69.94,69.601,69.69,1923336,0.0
2017-09-22,69.36,69.4,69.17,69.33,1484990,0.0
2017-09-25,69.3,69.41,68.58,68.88,2807160,0.0
2017-09-26,68.69,68.81,68.465,68.7,2023774,0.0
2017-09-27,68.25,68.26,67.8,68.15,5131019,0.0
2017-09-28,67.81,68.11,67.8,68.06,2342017,0.0
2017-09-29,68.71,69.2,68.5826,69.06,3404368,0.0
2017-10-02,69.14,69.65,69.13,69.22,2452692,0.0
2017-10-03,69.68,70.0,69.51,69.88,1781222,0.0
2017-10-04,69.86,70.015,69.69,69.97,2770085,0.0
2017-10-05,70.05,70.67,70.05,70.5,3388512,0.0
2017-10-06,70.01,70.5,69.76,70.23,3405855,0.0
2017-10-09,70.09,70.26,69.98,70.18,1859464,0.0
2017-10-10,70.94,71.21,70.93,71.07,3903004,0.0
2017-10-11,71.57,71.86,71.465,71.78,2306595,0.0
2017-10-12,72.23,72.37,72.15,72.21,2579991,0.0
2017-10-13,72.62,72.95,72.62,72.84,3200557,0.0
2017-10-16,72.56,72.67,72.245,72.36,3458890,0.0
2017-10-17,72.39,72.44,72.16,72.35,1975162,0.0
2017-10-18,72.52,72.64,72.33,72.52,1742968,0.0
2017-10-19,71.7,72.06,71.58,72.03,2228358,0.0
2017-10-20,72.56,72.67,72.4,72.58,1893017,0.0
2017-10-23,72.8,72.8,72.35,72.36,1552820,0.0
2017-10-24,72.84,73.01,72.69,72.72,1234821,0.0
2017-10-25,73.05,73.08,72.3,72.69,2212849,0.0
2017-10-26,72.66,72.81,72.305,72.35,1690504,0.0
2017-10-27,72.85,73.64,72.79,73.52,2535264,0.0
2017-10-30,73.27,73.44,73.05,73.13,1515131,0.0
2017-10-31,74.64,74.815,74.58,74.76,2095457,0.0
2017-11-01,76.19,76.455,76.0714,76.23,4141893,0.0
2017-11-02,75.75,75.94,75.56,75.87,1986398,0.0
2017-11-03,75.97,76.06,75.42,75.79,1661010,0.0
2017-11-06,75.67,75.92,75.61,75.92,1183408,0.0
2017-11-07,75.36,75.43,74.83,74.98,3060620,0.0
2017-11-08,75.49,75.81,75.49,75.78,1344479,0.0
2017-11-09,74.51,74.75,74.025,74.71,3052918,0.0
2017-11-10,74.62,74.62,74.17,74.41,2205004,0.0
2017-11-13,73.98,74.33,73.91,74.23,1986173,0.0
2017-11-14,74.39,74.53,74.14,74.35,2175076,0.0
2017-11-15,74.6,74.855,74.41,74.8,2513467,0.0
2017-11-16,76.16,76.77,76.16,76.67,3244594,0.0
2017-11-17,76.2,76.4,76.08,76.22,2139073,0.0
2017-11-20,76.06,76.35,75.96,76.33,2524506,0.0
2017-11-21,76.99,77.31,76.9,77.1,2390908,0.0
2017-11-22,77.24,77.45,77.07,77.41,2758438,0.0
2017-11-24,77.49,77.6,77.4,77.4,840213,0.0
2017-11-27,76.06,76.19,75.49,75.51,3026220,0.0
2017-11-28,76.73,76.81,76.34,76.64,2899573,0.0
2017-11-29,76.74,76.79,76.05,76.12,2227101,0.0
2017-11-30,75.27,75.4,74.99,75.15,4200687,0.0
2017-12-01,74.74,75.135,74.64,75.07,2419759,0.0
2017-12-04,75.66,75.765,75.28,75.34,2221854,0.0
2017-12-05,75.67,75.96,75.57,75.6,1916071,0.0
2017-12-06,74.36,74.46,74.04,74.34,2641213,0.0
2017-12-07,73.89,74.35,73.75,74.28,1886455,0.0
2017-12-08,74.39,74.5,74.14,74.48,1362639,0.0
2017-12-11,74.54,74.7,74.48,74.65,1555953,0.0
2017-12-12,74.16,74.42,74.075,74.36,1690809,0.0
2017-12-13,75.08,75.82,75.08,75.56,2247111,0.0
2017-12-14,75.29,75.43,75.06,75.07,1868336,0.0
2017-12-15,75.13,75.3,74.94,75.09,2029948,0.0
2017-12-18,75.36,75.67,75.35,75.49,2169049,0.0
2017-12-19,73.41,73.41,72.72,72.85,1938459,0.0
2017-12-20,73.39,73.39,73.05,73.1,1682996,0.0
2017-12-21,72.11,72.22,71.84,71.95,2039179,0.0
2017-12-22,72.35,72.61,72.29,72.57,1334278,0.0
2017-12-26,72.32,72.44,72.22,72.3,821106,0.0
2017-12-27,73.39,73.505,73.21,73.38,1367591,0.0
2017-12-28,74.75,74.87,74.595,74.79,1571985,0.0
2017-12-29,75.29,75.52,74.895,74.93,1526017,0.0
2018-01-02,75.64,75.89,75.52,75.87,2409894,0.0
2018-01-03,76.1,76.625,76.09,76.54,2176740,0.0
2018-01-04,75.78,76.02,75.69,75.99,2258013,0.0
2018-01-05,76.61,77.08,76.61,76.99,2149876,0.0
2018-01-08,77.19,77.21,77.0,77.07,2519683,0.0
2018-01-09,77.0,77.06,76.62,76.76,2403150,0.0
2018-01-10,76.2,76.52,76.02,76.39,1968728,0.0
2018-01-11,76.56,77.13,76.53,77.11,2679739,0.0
2018-01-12,77.15,78.01,77.05,77.9,2341639,0.0
2018-01-16,78.06,78.21,77.44,77.51,3988333,0.0
2018-01-17,77.26,77.91,77.12,77.87,3433865,0.0
2018-01-18,77.29,77.38,76.95,77.29,3818331,0.0
2018-01-19,77.43,77.68,77.22,77.68,2757069,0.0
2018-01-22,76.32,76.86,76.205,76.84,3035711,0.0
2018-01-23,77.05,77.29,76.98,77.12,2556843,0.0
2018-01-24,77.89,78.19,77.39,77.9,3893955,0.0
2018-01-25,78.71,79.02,78.15,78.31,2906155,0.0
2018-01-26,78.81,79.07,78.68,79.04,1623775,0.0
2018-01-29,78.92,78.935,78.57,78.63,2009367,0.0
2018-01-30,77.84,78.05,77.32,77.66,1999544,0.0
2018-01-31,78.61,78.695,77.725,78.24,3113127,0.0
2018-02-01,77.51,77.735,77.09,77.15,2578009,0.0
2018-02-02,74.93,75.02,73.94,74.04,3900376,0.0
2018-02-05,74.12,74.405,71.7,71.85,6623785,0.0
2018-02-06,72.48,75.01,72.48,74.66,6892676,0.0
2018-02-07,72.06,72.7,71.1,71.19,7225626,0.0
2018-02-08,71.94,71.94,68.91,68.93,5628916,0.0
2018-02-09,70.36,71.2,68.45,70.57,6376379,0.0
2018-02-12,71.3,71.99,70.81,71.5,3323488,0.0
2018-02-13,71.5,71.96,71.41,71.76,3141584,0.0
2018-02-14,71.87,74.2,71.82,73.88,4172054,0.0
2018-02-15,75.33,75.84,74.495,75.53,3788331,0.0
2018-02-16,75.46,76.48,75.38,75.74,4538973,0.0
2018-02-20,72.98,73.265,72.685,72.94,5113629,0.0
2018-02-21,73.59,74.09,72.69,72.75,3194455,0.0
2018-02-22,72.88,73.41,72.54,72.73,2089436,0.0
2018-02-23,73.83,74.35,73.6,74.28,1703483,0.0
2018-02-26,74.57,75.15,74.405,75.12,1926391,0.0
2018-02-27,74.47,74.52,73.02,73.06,6154711,0.0
2018-02-28,73.16,73.255,72.09,72.09,2343963,0.0
2018-03-01,72.3,72.96,70.89,71.72,4159968,0.0
2018-03-02,71.19,72.415,71.04,72.3,3861581,0.0
2018-03-05,71.23,72.02,71.115,71.95,2815776,0.0
2018-03-06,74.72,74.9,74.36,74.49,5627692,0.0
2018-03-07,73.6,74.33,73.22,74.29,3899109,0.0
2018-03-08,74.15,74.25,73.68,74.05,2573894,0.0
2018-03-09,75.3,76.22,75.16,76.2,3111716,0.0
2018-03-12,76.03,76.31,75.845,76.2,2764578,0.0
2018-03-13,76.79,76.79,75.58,75.79,3190568,0.0
2018-03-14,76.72,76.8,76.03,76.41,3671533,0.0
2018-03-15,76.63,76.77,75.96,76.15,2184035,0.0
2018-03-16,76.18,76.435,76.1,76.28,3179808,0.0
2018-03-19,75.36,75.54,74.55,74.85,2618448,0.0
2018-03-20,75.81,76.02,75.6799,75.85,2427813,0.0
2018-03-21,75.95,76.69,75.85,76.49,2220755,0.0
2018-03-22,75.07,75.27,74.24,74.28,4066213,0.0
2018-03-23,73.79,73.97,71.805,71.83,4777174,0.0
2018-03-26,73.93,74.43,73.19,74.43,3722356,0.0
2018-03-27,74.27,74.44,72.87,72.97,4026582,0.0
2018-03-28,73.79,74.22,73.24,73.84,3363454,0.0
2018-03-29,74.88,75.78,74.78,75.45,3435140,0.0
2018-04-02,75.27,75.4,73.64,74.18,3098024,0.0
2018-04-03,75.07,75.58,74.675,75.56,3018593,0.0
2018-04-04,72.72,74.63,72.63,74.59,3203762,0.0
2018-04-05,74.68,75.0,74.47,74.73,2406116,0.0
2018-04-06,73.84,74.285,72.67,73.17,3355298,0.0
2018-04-09,74.0,74.42,73.77,73.88,2290970,0.0
2018-04-10,74.52,74.78,74.19,74.7,2285558,0.0
2018-04-11,73.91,74.325,73.87,74.18,1839931,0.0
2018-04-12,74.0,74.38,73.9,74.29,2441001,0.0
2018-04-13,74.78,74.83,74.09,74.34,2375504,0.0
2018-04-16,74.35,74.71,74.18,74.62,1687121,0.0
2018-04-17,74.6,75.1,74.54,74.95,1774876,0.0
2018-04-18,75.62,75.995,75.54,75.83,1949696,0.0
2018-04-19,75.86,76.01,75.3,75.39,2524325,0.0
2018-04-20,75.02,75.02,74.225,74.52,2999223,0.0
2018-04-23,74.61,74.67,74.02,74.12,2027288,0.0
2018-04-24,74.35,74.37,73.13,73.26,5449770,0.0
2018-04-25,73.13,73.31,72.72,73.3,3500265,0.0
2018-04-26,74.72,75.25,74.49,75.2,3955189,0.0
2018-04-27,76.07,76.2,75.79,76.09,1807018,0.0
2018-04-30,76.27,76.37,75.54,75.6,2304176,0.0
2018-05-01,75.53,75.565,74.05,75.2,3001384,0.0
2018-05-02,75.03,75.17,74.24,74.32,2073523,0.0
2018-05-03,74.52,74.63,73.6,74.47,2969685,0.0
2018-05-04,73.5,74.58,73.5,74.32,2696936,0.0
2018-05-07,73.35,73.82,73.02,73.47,3525252,0.0
2018-05-08,73.09,73.39,72.8135,73.35,1983916,0.0
2018-05-09,73.46,73.58,73.07,73.39,1470675,0.0
2018-05-10,74.5,75.1,74.4,75.0,3131004,0.0
2018-05-11,75.06,75.25,74.74,74.97,2086260,0.0
2018-05-14,74.64,74.71,74.38,74.5,1831840,0.0
2018-05-15,73.34,73.5,72.62,72.93,4280143,0.0
2018-05-16,73.58,73.93,73.51,73.65,2780139,0.0
2018-05-17,73.06,73.17,72.7093,73.11,2604529,0.0
2018-05-18,72.97,73.075,72.68,72.99,3197098,0.0
2018-05-21,73.41,73.59,73.22,73.42,2442930,0.0
2018-05-22,73.87,74.18,73.605,73.71,1856748,0.0
2018-05-23,73.54,74.5,73.48,74.44,3938682,0.0
2018-05-24,74.11,74.21,72.42,73.48,4336357,0.0
2018-05-25,74.01,74.39,74.01,74.12,3775429,0.0
2018-05-29,73.29,73.38,72.27,72.67,3889200,0.0
2018-05-30,71.73,72.52,71.57,72.52,3278133,0.0
2018-05-31,72.1,72.47,71.93,72.14,3874735,0.0
2018-06-01,73.06,73.48,73.06,73.48,3467432,0.0
2018-06-04,73.77,73.88,73.64,73.78,2104329,0.0
2018-06-05,73.73,73.8,73.27,73.27,4482605,0.0
2018-06-06,73.91,74.5,73.725,74.5,3141074,0.0
2018-06-07,74.54,74.56,73.75,74.01,3322479,0.0
2018-06-08,73.29,73.615,73.03,73.47,2484841,0.0
2018-06-11,73.84,73.95,73.72,73.8,1835831,0.0
2018-06-12,73.48,73.49,72.895,73.1,2315215,0.0
2018-06-13,73.19,73.52,72.04,72.67,4355722,0.0
2018-06-14,72.16,72.19,71.55,71.73,3130613,0.0
2018-06-15,70.04,70.41,69.92,70.2,3269802,0.0
2018-06-18,69.16,69.47,68.895,69.37,3114153,0.0
2018-06-19,67.55,67.96,67.35,67.87,3404686,0.0
2018-06-20,68.67,69.03,68.32,68.37,3990088,0.0
2018-06-21,67.66,67.74,67.04,67.08,3574982,0.0
2018-06-22,68.47,68.54,68.02,68.08,2479634,0.0
2018-06-25,68.0,68.05,67.26,67.82,3226924,0.0
2018-06-26,67.74,67.93,67.47,67.57,2206006,0.0
2018-06-27,67.78,67.94,66.68,66.79,3271359,0.0
2018-06-28,66.45,66.91,66.31,66.88,2685350,0.0
2018-06-29,67.59,67.82,67.47,67.71,2514402,0.0
2018-07-02,65.84,66.3,65.67,66.23,2638341,0.0
2018-07-03,66.27,66.4,65.645,65.74,1945652,0.0
2018-07-05,65.8,65.84,65.4,65.59,2392462,0.0
2018-07-06,65.98,66.53,65.88,66.16,2420667,0.0
2018-07-09,66.85,67.12,66.79,67.12,1983035,0.0
2018-07-10,66.78,67.06,66.645,67.02,2173254,0.0
2018-07-11,66.01,66.18,65.475,65.66,2509123,0.0
2018-07-12,66.04,66.16,65.78,65.91,2161008,0.0
2018-07-13,65.98,66.27,65.91,66.2,2498968,0.0
2018-07-16,66.23,66.285,66.0,66.17,1339481,0.0
2018-07-17,66.03,66.565,65.99,66.51,2260683,0.0
2018-07-18,65.79,66.2,65.61,66.19,1859995,0.0
2018-07-19,65.16,65.56,64.97,65.26,2792317,0.0
2018-07-20,66.01,66.33,65.94,66.33,2150481,0.0
2018-07-23,65.04,65.17,64.89,64.98,3144800,0.0
2018-07-24,65.83,66.085,65.71,65.96,4461348,0.0
2018-07-25,66.06,66.72,65.74,66.72,3094056,0.0
2018-07-26,66.42,66.55,66.19,66.27,2031496,0.0
2018-07-27,66.85,66.975,66.405,66.58,2500711,0.0
2018-07-30,66.79,66.85,66.49,66.56,2042440,0.0
2018-07-31,66.72,67.33,66.72,67.26,3057156,0.0
2018-08-01,66.92,67.12,66.81,66.82,2491897,0.0
2018-08-02,64.96,65.48,64.86,65.36,2675547,0.0
2018-08-03,65.77,65.98,65.67,65.96,1513714,0.0
2018-08-06,65.61,65.77,65.485,65.67,1701353,0.0
2018-08-07,66.58,66.88,66.555,66.8,1973193,0.0
2018-08-08,66.49,66.79,66.335,66.68,1828068,0.0
2018-08-09,66.64,66.8079,66.335,66.4,1610879,0.0
2018-08-10,64.97,65.05,64.61,64.71,3433302,0.0
2018-08-13,64.2,64.36,63.72,63.72,2232859,0.0
2018-08-14,64.53,64.76,64.48,64.74,1794534,0.0
2018-08-15,63.44,63.78,62.89,63.3,5135656,0.0
2018-08-16,63.85,64.18,63.75,63.93,3664145,0.0
2018-08-17,64.02,64.73,63.78,64.63,2223522,0.0
2018-08-20,64.5,64.71,64.36,64.65,1728379,0.0
2018-08-21,65.46,66.06,65.42,65.87,2104465,0.0
2018-08-22,65.75,66.165,65.75,66.02,1541688,0.0
2018-08-23,65.62,65.67,65.24,65.25,1823970,0.0
2018-08-24,66.47,66.82,66.39,66.77,2416542,0.0
2018-08-27,67.0,67.69,66.94,67.46,3380340,0.0
2018-08-28,67.65,67.7,67.2501,67.39,2350824,0.0
2018-08-29,67.1,67.53,66.99,67.43,1809238,0.0
2018-08-30,67.08,67.14,66.585,66.76,2471338,0.0
2018-08-31,66.95,67.38,66.9,67.32,2249131,0.0
2018-09-04,66.76,66.9,66.595,66.76,3067114,0.0
2018-09-05,65.86,66.03,65.62,65.86,2480405,0.0
2018-09-06,65.88,66.07,65.385,65.6,2471195,0.0
2018-09-07,65.16,65.47,64.82,64.9,2775251,0.0
2018-09-10,65.4,65.4,64.94,65.0,4254590,0.0
2018-09-11,64.66,65.415,64.53,65.4,2231812,0.0
2018-09-12,65.01,65.78,64.84,65.61,3639110,0.0
2018-09-13,66.12,66.32,65.75,66.24,4892886,0.0
2018-09-14,66.73,66.88,66.29,66.62,3201518,0.0
2018-09-17,65.93,65.98,65.56,65.63,2413246,0.0
2018-09-18,66.21,66.8,66.18,66.56,2020812,0.0
2018-09-19,66.54,66.65,66.44,66.6,2984359,0.0
2018-09-20,67.47,67.74,67.37,67.65,3183621,0.0
2018-09-21,67.65,68.15,67.6,67.88,2693973,0.0
2018-09-24,67.25,67.57,67.0,67.47,2599927,0.0
2018-09-25,67.73,67.96,67.56,67.85,2701539,0.0
2018-09-26,67.99,68.76,67.805,67.92,6639473,0.0
2018-09-27,68.6,68.86,68.47,68.52,2668878,0.0
2018-09-28,68.09,68.35,68.03,68.27,2677776,0.0
2018-10-01,68.28,68.31,67.77,67.95,1617963,0.0
2018-10-02,66.87,67.12,66.8,66.89,2248961,0.0
2018-10-03,67.02,67.09,66.07,66.15,2911827,0.0
2018-10-04,65.15,65.17,64.155,64.34,4182767,0.0
2018-10-05,64.63,64.695,64.0,64.37,2582880,0.0
2018-10-08,63.73,64.29,63.64,64.21,3715219,0.0
2018-10-09,63.83,64.255,63.46,63.91,3903363,0.0
2018-10-10,63.37,63.37,61.97,62.02,5232704,0.0
2018-10-11,61.1,61.56,60.46,60.71,7991620,0.0
2018-10-12,62.17,62.225,61.31,62.1,4553985,0.0
2018-10-15,61.89,62.05,61.42,61.42,2827723,0.0
2018-10-16,62.14,62.69,62.08,62.64,2450051,0.0
2018-10-17,62.49,62.5,62.04,62.25,2051895,0.0
2018-10-18,61.34,61.46,60.43,60.6,3188339,0.0
2018-10-19,61.77,62.07,61.26,61.46,2188770,0.0
2018-10-22,61.8,61.965,61.31,61.54,2725159,0.0
2018-10-23,59.79,60.8,59.57,60.43,4424988,0.0
2018-10-24,60.22,60.25,58.4,58.41,3825472,0.0
2018-10-25,58.87,59.75,58.79,59.34,3393354,0.0
2018-10-26,57.53,58.2,57.01,57.69,5720563,0.0
2018-10-29,57.96,58.05,56.34,56.85,5024852,0.0
2018-10-30,57.51,58.045,57.38,58.02,4886038,0.0
2018-10-31,58.21,58.52,58.095,58.27,3630844,0.0
2018-11-01,58.84,59.58,58.615,59.51,4162225,0.0
2018-11-02,61.19,61.405,60.455,60.78,5594162,0.0
2018-11-05,60.37,60.845,60.28,60.51,3751460,0.0
2018-11-06,60.67,61.05,60.54,61.05,4092397,0.0
2018-11-07,61.19,62.03,61.14,61.95,4066432,0.0
2018-11-08,61.06,61.355,60.515,60.7,4660720,0.0
2018-11-09,59.93,59.93,59.21,59.39,4203164,0.0
2018-11-12,59.34,59.42,58.475,58.52,3440019,0.0
2018-11-13,59.32,59.83,59.03,59.35,4404888,0.0
2018-11-14,59.46,59.57,58.65,59.12,5147763,0.0
2018-11-15,59.75,60.902,59.59,60.62,6845480,0.0
2018-11-16,60.095,61.04,59.98,60.84,4134643,0.0
2018-11-19,60.42,60.46,59.84,59.95,4219169,0.0
2018-11-20,59.09,59.33,58.61,58.9,5482451,0.0
2018-11-21,59.5,59.84,59.5,59.68,2903658,0.0
2018-11-23,58.76,58.89,58.6,58.61,1504732,0.0
2018-11-26,60.04,60.291,59.995,60.23,4888304,0.0
2018-11-27,60.18,60.56,60.04,60.56,3941562,0.0
2018-11-28,60.69,61.89,60.43,61.86,4685865,0.0
2018-11-29,61.23,61.6,60.87,61.24,3685031,0.0
2018-11-30,60.53,60.76,60.335,60.62,3211660,0.0
2018-12-03,62.29,62.405,61.885,62.3,4273064,0.0
2018-12-04,62.09,62.14,60.68,60.76,7002604,0.0
2018-12-06,59.5,60.33,58.975,60.29,7185262,0.0
2018-12-07,60.0,60.49,58.86,58.98,6849333,0.0
2018-12-10,58.97,59.23,58.3,59.04,6795672,0.0
2018-12-11,59.19,59.25,58.6,58.95,4573368,0.0
2018-12-12,60.06,60.51,59.89,59.97,5044352,0.0
2018-12-13,60.2,60.525,59.82,59.83,6595657,0.0
2018-12-14,58.73,59.11,58.6,58.72,5054439,0.0
2018-12-17,58.9,59.145,58.185,58.39,5497330,0.0
2018-12-18,58.2,58.59,58.14,58.41,4178765,0.0
2018-12-19,58.87,59.47,57.19,57.74,8924467,0.0
2018-12-20,58.29,58.61,57.92,58.25,8252180,0.0
2018-12-21,58.25,58.62,57.68,57.94,6380742,0.0
2018-12-24,58.15,58.25,57.45,57.49,2682606,0.0
2018-12-26,57.54,58.56,57.36,58.56,4147596,0.0
2018-12-27,58.01,58.71,57.86,58.68,5201903,0.0
2018-12-28,58.97,59.38,58.855,59.17,3923604,0.0
2018-12-31,59.52,59.61,58.64,58.86,2951147,0.0
2019-01-02,57.74,58.34,57.7052,58.07,4477966,0.0
2019-01-03,57.28,57.29,56.655,56.82,3527346,0.0
2019-01-04,57.74,58.725,57.64,58.62,4371954,0.0
2019-01-07,58.61,59.14,58.45,58.84,3919818,0.0
2019-01-08,58.11,58.295,57.81,58.18,3414566,0.0
2019-01-09,59.42,59.96,59.36,59.66,4315481,0.0
2019-01-10,59.36,59.97,59.34,59.9,2450296,0.0
2019-01-11,59.72,59.95,59.605,59.85,2512013,0.0
2019-01-14,58.95,59.34,58.92,59.17,1598673,0.0
2019-01-15,59.98,60.315,59.905,60.01,2887608,0.0
2019-01-16,60.7,61.16,60.63,61.02,4696045,0.0
2019-01-17,60.54,61.395,60.48,61.13,4258543,0.0
2019-01-18,61.47,61.675,61.395,61.45,2505043,0.0
2019-01-22,60.27,60.385,59.935,60.13,3273649,0.0
2019-01-23,60.91,61.08,60.46,60.96,1991938,0.0
2019-01-24,61.34,61.78,61.34,61.69,2578464,0.0
2019-01-25,63.18,63.56,63.18,63.46,5945148,0.0
2019-01-28,62.64,62.94,62.52,62.92,4510642,0.0
2019-01-29,63.43,63.48,63.055,63.26,2739956,0.0
2019-01-30,64.27,65.385,63.99,65.16,6068065,0.0
2019-01-31,64.45,64.825,64.41,64.72,3529988,0.0
2019-02-01,64.08,64.12,63.81,64.04,2015514,0.0
2019-02-04,63.97,64.62,63.8,64.25,2563955,0.0
2019-02-05,64.55,65.41,64.49,65.24,3609976,0.0
2019-02-06,64.99,65.175,64.46,64.64,4122854,0.0
2019-02-07,63.49,63.645,62.87,63.46,3727756,0.0
2019-02-08,62.62,62.725,62.29,62.67,2172643,0.0
2019-02-11,62.86,62.92,62.62,62.75,3492998,0.0
2019-02-12,63.33,63.71,63.315,63.52,3516835,0.0
2019-02-13,63.35,63.48,63.02,63.16,3983188,0.0
2019-02-14,63.39,63.76,63.26,63.55,2616130,0.0
2019-02-15,63.28,63.43,63.18,63.41,1849115,0.0
2019-02-19,63.09,63.85,63.09,63.65,2124251,0.0
2019-02-20,64.11,64.435,64.0,64.17,4214025,0.0
2019-02-21,63.9,63.94,63.625,63.87,1775973,0.0
2019-02-22,64.17,64.5,64.13,64.48,2155216,0.0
2019-02-25,64.71,65.09,64.61,64.69,3825721,0.0
2019-02-26,64.31,64.705,64.29,64.5,2823592,0.0
2019-02-27,64.44,64.5,64.02,64.35,2200623,0.0
2019-02-28,63.16,63.195,62.92,62.97,4278132,0.0
2019-03-01,63.33,63.46,62.82,63.05,4578382,0.0
2019-03-04,62.75,62.81,62.02,62.55,3086986,0.0
2019-03-05,62.24,62.54,62.15,62.4,2120268,0.0
2019-03-06,62.37,62.37,62.025,62.13,7172298,0.0
2019-03-07,61.79,61.8,61.03,61.09,3717934,0.0
2019-03-08,60.39,60.71,60.27,60.69,4134645,0.0
2019-03-11,60.69,61.3,60.69,61.29,1715122,0.0
2019-03-12,61.57,61.79,61.52,61.64,3613018,0.0
2019-03-13,61.23,61.4,61.04,61.24,5025733,0.0
2019-03-14,60.95,60.99,60.765,60.85,1602024,0.0
2019-03-15,61.57,62.05,61.57,62.01,2967656,0.0
2019-03-18,61.94,62.205,61.885,62.19,2398958,0.0
2019-03-19,62.14,62.29,61.94,62.05,2318714,0.0
2019-03-20,62.13,62.745,61.82,62.33,4172241,0.0
2019-03-21,62.42,62.93,62.42,62.88,3470753,0.0
2019-03-22,62.04,62.17,61.22,61.22,5444677,0.0
2019-03-25,61.18,61.45,61.04,61.25,4112408,0.0
2019-03-26,61.28,61.39,60.83,61.03,2585131,0.0
2019-03-27,60.79,60.84,60.17,60.36,4709713,0.0
2019-03-28,60.54,60.69,60.315,60.68,3221738,0.0
2019-03-29,60.95,61.04,60.765,60.95,2589714,0.0
2019-04-01,61.85,62.16,61.79,62.15,2523679,0.0
2019-04-02,62.12,62.13,61.825,62.0,1490580,0.0
2019-04-03,63.21,63.42,63.055,63.16,5516372,0.0
2019-04-04,63.08,63.39,63.08,63.28,2369995,0.0
2019-04-05,63.28,63.485,63.24,63.43,2664014,0.0
2019-04-08,62.7,63.07,62.67,63.03,2013362,0.0
2019-04-09,63.16,63.16,62.91,63.02,2991605,0.0
2019-04-10,63.42,63.71,63.42,63.49,8567731,0.0
2019-04-11,63.21,63.28,62.965,63.07,3357978,0.0
2019-04-12,64.05,64.11,63.81,63.95,4620531,0.0
2019-04-15,64.02,64.1,63.76,63.89,2017074,0.0
2019-04-16,64.27,64.335,64.06,64.16,2888548,0.0
2019-04-17,64.46,64.53,64.22,64.3,5729325,0.0
2019-04-18,63.18,63.38,63.07,63.29,4300944,0.0
2019-04-22,62.9,63.03,62.75,62.98,2311001,0.0
2019-04-23,62.98,63.36,62.9,63.22,2502835,0.0
2019-04-24,61.8,61.82,61.36,61.59,3650812,0.0
2019-04-25,61.12,61.29,60.965,61.26,3454295,0.0
2019-04-26,61.04,61.22,60.87,61.13,2455279,0.0
2019-04-29,62.0,62.15,61.92,62.07,3158578,0.0
2019-04-30,61.35,61.6,61.115,61.48,3588850,0.0
2019-05-01,61.7,62.13,60.94,61.0,6090326,0.0
2019-05-02,61.6,61.655,61.16,61.42,5279346,0.0
2019-05-03,61.14,61.445,61.1,61.44,2354292,0.0
2019-05-06,59.76,60.57,59.67,60.37,6774060,0.0
2019-05-07,60.0,60.07,59.175,59.3,7290638,0.0
2019-05-08,59.75,59.855,59.385,59.44,5881414,0.0
2019-05-09,57.05,57.73,56.72,57.56,6479113,0.0
2019-05-10,57.44,57.935,56.77,57.75,6253853,0.0
2019-05-13,55.86,55.97,55.455,55.61,7622303,0.0
2019-05-14,56.41,56.62,56.33,56.47,4831833,0.0
2019-05-15,56.3,56.85,56.25,56.76,4923706,0.0
2019-05-16,56.03,56.355,55.84,55.97,3683996,0.0
2019-05-17,55.14,55.45,55.1,55.27,4600585,0.0
2019-05-20,55.02,55.29,54.88,55.07,4213569,0.0
2019-05-21,55.63,55.845,55.54,55.78,3366797,0.0
2019-05-22,55.87,55.96,55.785,55.89,2618471,0.0
2019-05-23,55.36,55.6,55.2,55.36,3762403,0.0
2019-05-24,55.61,55.7,55.33,55.41,2663270,0.0
2019-05-28,55.76,55.9,55.44,55.46,2877774,0.0
2019-05-29,54.53,54.945,54.46,54.92,6888843,0.0
2019-05-30,55.47,55.765,55.43,55.59,2610799,0.0
2019-05-31,55.12,55.59,55.08,55.57,3030587,0.0
2019-06-03,56.62,56.825,56.49,56.62,4486201,0.0
2019-06-04,56.56,57.06,56.4,57.02,3706775,0.0
2019-06-05,56.86,56.95,56.33,56.45,3031368,0.0
2019-06-06,56.51,56.68,56.275,56.45,3581657,0.0
2019-06-07,56.52,57.0266,56.52,56.96,5915112,0.0
2019-06-10,57.26,57.6,57.2,57.48,9527714,0.0
2019-06-11,58.07,58.11,57.775,57.96,3547849,0.0
2019-06-12,57.54,57.59,57.31,57.37,1920718,0.0
2019-06-13,57.2,57.235,56.86,57.06,2973519,0.0
2019-06-14,56.76,56.83,56.62,56.65,2520426,0.0
2019-06-17,56.74,56.99,56.72,56.89,1419588,0.0
2019-06-18,57.49,58.39,57.47,58.29,4508265,0.0
2019-06-19,58.39,58.94,58.285,58.7,4618698,0.0
2019-06-20,59.9,59.99,59.48,59.63,4134644,0.0
2019-06-21,59.31,59.505,59.205,59.36,4324443,0.0
2019-06-24,59.46,59.59,59.3601,59.48,2605572,0.0
2019-06-25,59.61,59.64,59.2,59.21,3220235,0.0
2019-06-26,59.75,60.02,59.68,59.76,2730786,0.0
2019-06-27,60.2,60.29,60.07,60.11,2310407,0.0
2019-06-28,59.92,60.01,59.77,59.87,3784576,0.0
2019-07-01,59.75,59.77,59.25,59.64,2855746,0.0
2019-07-02,59.23,59.32,59.08,59.2,3887862,0.0
2019-07-03,58.26,58.29,58.125,58.18,3906218,0.0
2019-07-05,58.12,58.12,57.685,57.8,8970720,0.0
2019-07-08,56.77,56.85,56.63,56.69,5191696,0.0
2019-07-09,56.28,56.59,56.27,56.48,3102700,0.0
2019-07-10,57.16,57.37,57.06,57.21,3659567,0.0
2019-07-11,57.67,57.69,57.37,57.46,4032330,0.0
2019-07-12,57.48,57.63,57.33,57.61,2309081,0.0
2019-07-15,57.45,57.56,57.37,57.42,2042815,0.0
2019-07-16,57.58,57.715,57.445,57.48,1972869,0.0
2019-07-17,57.07,57.135,56.85,56.97,1939867,0.0
2019-07-18,57.08,57.73,57.06,57.7,3081612,0.0
2019-07-19,58.12,58.13,57.695,57.72,3638871,0.0
2019-07-22,58.14,58.2,58.025,58.08,2220599,0.0
2019-07-23,58.18,58.18,57.96,58.08,2007361,0.0
2019-07-24,57.74,57.89,57.71,57.78,2355877,0.0
2019-07-25,57.31,57.4,56.875,56.99,3001553,0.0
2019-07-26,57.17,57.22,57.03,57.13,1604316,0.0
2019-07-29,56.34,56.46,56.215,56.43,2354614,0.0
2019-07-30,56.38,56.4,56.21,56.33,3034587,0.0
2019-07-31,56.09,56.11,54.93,55.4,6085135,0.0
2019-08-01,55.47,55.92,54.545,54.69,7058561,0.0
2019-08-02,54.04,54.2,53.41,53.75,8704354,0.0
2019-08-05,51.99,52.0,51.08,51.45,6407377,0.0
2019-08-06,51.92,52.0,51.535,51.83,4106515,0.0
2019-08-07,50.95,51.92,50.72,51.91,5352785,0.0
2019-08-08,51.98,52.445,51.835,52.33,5289948,0.0
2019-08-09,52.28,52.29,51.85,52.14,3206512,0.0
2019-08-12,51.76,51.835,51.49,51.55,3377873,0.0
2019-08-13,51.13,52.56,51.08,52.44,4363460,0.0
2019-08-14,51.6,51.755,51.11,51.18,5835990,0.0
2019-08-15,51.4,51.53,51.08,51.46,3758587,0.0
2019-08-16,52.08,52.43,52.04,52.2,3473734,0.0
2019-08-19,52.53,52.58,52.12,52.12,2804605,0.0
2019-08-20,52.88,52.96,52.74,52.77,2351611,0.0
2019-08-21,53.32,53.585,53.285,53.43,3672810,0.0
2019-08-22,52.44,52.51,52.14,52.35,2359942,0.0
2019-08-23,52.19,52.72,51.53,51.67,5617748,0.0
2019-08-26,51.84,51.935,51.67,51.78,2793183,0.0
2019-08-27,52.1,52.25,51.865,51.9,4347579,0.0
2019-08-28,52.2,52.41,52.065,52.39,1860688,0.0
2019-08-29,52.5,52.795,52.39,52.75,2094895,0.0
2019-08-30,53.56,53.61,53.21,53.26,3179568,0.0
2019-09-03,52.76,53.09,52.73,53.07,1776662,0.0
2019-09-04,54.08,54.26,54.0,54.26,2544795,0.0
2019-09-05,54.99,55.24,54.96,55.13,3075860,0.0
2019-09-06,55.48,55.59,55.33,55.41,2245564,0.0
2019-09-09,55.68,55.85,55.62,55.79,3502989,0.0
2019-09-10,56.01,56.28,55.895,56.24,2430210,0.0
2019-09-11,56.41,56.8,56.32,56.8,7074741,0.0
2019-09-12,57.37,57.91,57.235,57.44,5958421,0.0
2019-09-13,57.85,58.12,57.7,58.03,3434100,0.0
2019-09-16,57.08,57.18,56.93,56.98,2250213,0.0
2019-09-17,56.73,57.06,56.665,57.04,1965541,0.0
2019-09-18,57.07,57.1,56.495,56.95,1680356,0.0
2019-09-19,57.16,57.33,56.87,56.87,2497830,0.0
2019-09-20,57.7,57.75,57.01,57.13,2518994,0.0
2019-09-23,57.0,57.365,56.94,57.34,1859215,0.0
2019-09-24,57.6,57.62,56.93,57.05,3281616,0.0
2019-09-25,56.36,56.635,56.155,56.5,3029408,0.0
2019-09-26,56.58,56.58,56.27,56.51,2408365,0.0
2019-09-27,56.14,56.17,55.255,55.43,4284725,0.0
2019-09-30,56.32,56.54,56.23,56.34,2990460,0.0
2019-10-01,56.46,56.6,55.98,56.04,4374574,0.0
2019-10-02,54.88,55.07,54.72,55.02,5939567,0.0
2019-10-03,55.16,55.765,55.06,55.74,3452861,0.0
2019-10-04,55.54,56.16,55.54,56.12,3557611,0.0
2019-10-07,55.82,56.05,55.72,55.78,2254826,0.0
2019-10-08,56.17,56.235,55.925,56.04,5615606,0.0
2019-10-09,56.37,56.66,56.29,56.36,2525013,0.0
2019-10-10,56.4,57.01,56.38,57.0,5346556,0.0
2019-10-11,57.63,58.28,57.575,57.82,5758242,0.0
2019-10-14,57.61,57.77,57.46,57.48,1760616,0.0
2019-10-15,57.58,58.215,57.58,58.15,5156846,0.0
2019-10-16,57.96,58.16,57.85,58.15,2047815,0.0
2019-10-17,58.44,58.52,58.31,58.41,1760719,0.0
2019-10-18,57.72,57.78,57.46,57.59,2375167,0.0
2019-10-21,58.56,58.64,58.48,58.62,2386272,0.0
2019-10-22,59.11,59.28,59.0,59.08,4329384,0.0
2019-10-23,58.95,59.06,58.83,59.02,2137219,0.0
2019-10-24,59.28,59.305,58.95,59.05,2052477,0.0
2019-10-25,58.815,59.24,58.81,59.15,2291804,0.0
2019-10-28,59.28,59.6,59.21,59.54,1910908,0.0
2019-10-29,59.24,59.4,59.17,59.3,1583051,0.0
2019-10-30,59.03,59.39,58.77,59.39,2107076,0.0
2019-10-31,59.15,59.15,58.63,58.93,2647410,0.0
2019-11-01,59.75,60.13,59.705,60.09,3486866,0.0
2019-11-04,61.01,61.08,60.61,60.65,5028610,0.0
2019-11-05,61.39,61.465,61.11,61.38,4549122,0.0
2019-11-06,61.27,61.28,60.69,60.76,6154760,0.0
2019-11-07,61.7,61.845,61.47,61.51,2962885,0.0
2019-11-08,61.06,61.125,60.85,61.1,3465218,0.0
2019-11-11,60.03,60.33,60.0,60.28,1978481,0.0
2019-11-12,60.62,60.71,60.27,60.28,2481292,0.0
2019-11-13,59.71,59.925,59.56,59.73,3034618,0.0
2019-11-14,60.21,60.36,60.02,60.34,3527972,0.0
2019-11-15,61.5,61.63,61.43,61.54,2420276,0.0
2019-11-18,61.16,61.26,60.92,61.13,2971539,0.0
2019-11-19,61.02,61.07,60.62,60.73,2885552,0.0
2019-11-20,60.05,60.22,59.66,60.03,4325624,0.0
2019-11-21,58.98,59.035,58.77,58.95,2989281,0.0
2019-11-22,59.18,59.24,58.905,59.01,1734539,0.0
2019-11-25,59.77,60.05,59.75,59.97,3645899,0.0
2019-11-26,59.72,60.115,59.64,60.01,2519162,0.0
2019-11-27,59.7,59.89,59.622,59.82,2189915,0.0
2019-11-29,58.59,58.59,58.41,58.47,1995560,0.0
2019-12-02,58.21,58.25,57.88,58.1,3093255,0.0
2019-12-03,57.14,57.43,56.96,57.43,3718879,0.0
2019-12-04,57.55,57.7125,57.49,57.54,3487349,0.0
2019-12-05,57.23,57.45,57.09,57.35,2412757,0.0
2019-12-06,57.95,58.25,57.92,58.13,2405277,0.0
2019-12-09,57.87,57.98,57.66,57.7,2278780,0.0
2019-12-10,58.09,58.3,57.98,58.23,2264207,0.0
2019-12-11,58.32,59.08,58.28,58.94,5552340,0.0
2019-12-12,59.59,61.22,59.515,61.03,7467407,0.0
2019-12-13,61.05,61.66,60.705,61.18,4894245,0.0
2019-12-16,60.26,60.53,60.235,60.31,2955158,0.0
2019-12-17,61.03,61.46,60.95,61.37,5511121,0.0
2019-12-18,61.17,61.36,61.08,61.36,4910989,0.0
2019-12-19,61.16,61.58,61.1,61.53,2622243,0.0
2019-12-20,61.96,62.01,61.83,61.92,2343941,0.0
2019-12-23,61.61,61.7,61.51,61.68,3540129,0.0
2019-12-24,61.25,61.25,61.06,61.21,1264345,0.0
2019-12-26,61.53,61.65,61.51,61.6,999453,0.0
2019-12-27,62.55,62.68,62.26,62.49,2353007,0.0
2019-12-30,62.56,62.63,61.84,61.9,2547345,0.0
2019-12-31,62.09,62.32,61.92,62.19,1292489,0.0
2020-01-02,61.79,62.17,61.685,62.17,3203138,0.0
2020-01-03,61.06,61.295,60.9001,60.91,2362598,0.0
2020-01-06,60.31,60.81,60.27,60.69,2142453,0.0
2020-01-07,61.19,61.34,61.07,61.34,3212227,0.0
2020-01-08,60.9,61.775,60.87,61.38,3505369,0.0
2020-01-09,62.145,62.21,61.835,61.96,4220216,0.0
2020-01-10,62.63,62.83,62.49,62.69,3902200,0.0
2020-01-13,63.39,64.1,63.315,64.09,4237358,0.0
2020-01-14,63.72,63.9,63.52,63.88,3810255,0.0
2020-01-15,63.45,63.575,63.065,63.17,4634829,0.0
2020-01-16,63.91,64.17,63.83,63.94,2344197,0.0
2020-01-17,64.02,64.08,63.82,64.04,1496679,0.0
2020-01-21,63.04,63.115,62.64,62.65,3159503,0.0
2020-01-22,63.94,64.02,63.69,63.89,3977470,0.0
2020-01-23,63.03,63.46,62.645,63.25,3648945,0.0
2020-01-24,63.46,63.47,62.535,62.9,3378469,0.0
2020-01-27,60.31,60.92,59.85,60.71,7166629,0.0
2020-01-28,60.34,60.835,60.23,60.66,5564522,0.0
2020-01-29,60.8,60.89,60.55,60.7,2273608,0.0
2020-01-30,58.93,59.47,58.58,59.35,4622342,0.0
2020-01-31,57.98,58.0,57.26,57.65,4950411,0.0
2020-02-03,58.17,58.66,58.152,58.58,3314642,0.0
2020-02-04,60.27,60.52,60.11,60.24,2837637,0.0
2020-02-05,60.97,60.98,60.4173,60.8,6382763,0.0
2020-02-06,61.96,61.99,61.64,61.66,5181855,0.0
2020-02-07,60.62,60.7,60.3,60.45,2713239,0.0
2020-02-10,60.66,61.07,60.66,61.02,1708670,0.0
2020-02-11,62.0,62.32,61.77,61.92,2790820,0.0
2020-02-12,62.68,62.9,62.665,62.9,3106343,0.0
2020-02-13,61.93,62.23,61.77,61.83,2545990,0.0
2020-02-14,62.48,62.49,62.04,62.09,2875452,0.0
2020-02-18,60.93,61.28,60.93,61.08,3525942,0.0
2020-02-19,61.21,61.36,61.01,61.07,2741623,0.0
2020-02-20,59.42,59.61,58.82,59.21,4167898,0.0
2020-02-21,58.74,58.81,58.21,58.37,6009997,0.0
2020-02-24,55.12,55.74,55.05,55.32,9290207,0.0
2020-02-25,56.83,56.88,55.29,55.29,8378716,0.0
2020-02-26,56.17,56.61,55.83,55.96,5641862,0.0
2020-02-27,55.75,56.215,54.88,54.9,8302486,0.0
2020-02-28,53.58,54.97,53.3,54.96,12284510,0.0
2020-03-02,55.29,56.295,54.86,56.21,9138689,0.0
2020-03-03,55.92,56.685,55.21,55.53,12651320,0.0
2020-03-04,57.18,57.815,56.955,57.58,12263630,0.0
2020-03-05,56.78,57.07,56.06,56.32,5705593,0.0
2020-03-06,55.38,55.71,55.11,55.54,5982771,0.0
2020-03-09,51.54,52.965,51.37,52.48,9003018,0.0
2020-03-10,54.25,54.75,53.06,54.72,10229680,0.0
2020-03-11,52.62,52.895,51.58,52.04,8072126,0.0
2020-03-12,47.39,47.53,45.0,46.66,12216970,0.0
2020-03-13,50.14,50.44,47.71,49.73,6567372,0.0
2020-03-16,43.25,44.795,41.83,41.87,22305141,0.0
2020-03-17,43.41,44.955,42.73,44.89,7463865,0.0
2020-03-18,40.51,41.77,39.65,40.67,5890026,0.0
2020-03-19,38.75,39.4,38.26,39.0,6639649,0.0
2020-03-20,41.55,41.775,40.365,40.58,6087000,0.0
2020-03-23,39.65,39.6999,38.285,38.97,9019803,0.0
2020-03-24,43.76,44.13,43.22,43.82,10552320,0.0
2020-03-25,45.94,47.05,45.12,46.18,10220660,0.0
2020-03-26,46.08,47.92,45.78,47.84,6686608,0.0
2020-03-27,44.82,46.27,44.62,45.31,4160937,0.0
2020-03-30,45.76,46.35,45.36,46.28,4038588,0.0
2020-03-31,47.0,47.59,46.72,46.92,3648999,0.0
2020-04-01,44.42,44.64,43.605,43.69,4235842,0.0
2020-04-02,45.2,46.17,45.12,45.88,4695321,0.0
2020-04-03,45.82,45.925,44.895,45.15,3336635,0.0
2020-04-06,47.36,48.31,47.335,48.29,4441160,0.0
2020-04-07,49.9,50.03,48.76,48.82,7039148,0.0
2020-04-08,48.63,49.25,48.18,49.08,3843503,0.0
2020-04-09,49.48,50.04,48.84,48.94,5172676,0.0
2020-04-13,48.8,48.88,48.21,48.67,3138269,0.0
2020-04-14,49.75,50.295,49.48,49.86,5346315,0.0
2020-04-15,48.49,48.52,47.91,48.34,5228463,0.0
2020-04-16,49.11,49.31,48.53,48.95,4597118,0.0
2020-04-17,51.08,51.2,50.412,50.77,3864404,0.0
2020-04-20,50.09,50.385,49.57,49.66,2794340,0.0
2020-04-21,48.7,48.79,48.11,48.21,3795180,0.0
2020-04-22,49.73,49.9,49.53,49.64,2986847,0.0
2020-04-23,50.2,50.705,49.73,49.76,3622011,0.0
2020-04-24,49.71,49.855,49.29,49.82,3551659,0.0
2020-04-27,50.69,51.315,50.62,51.18,3167250,0.0
2020-04-28,51.83,52.0,51.23,51.25,2974594,0.0
2020-04-29,52.2,52.79,52.035,52.68,4491862,0.0
2020-04-30,52.41,52.67,51.235,51.62,3788104,0.0
2020-05-01,50.21,50.35,49.44,49.84,3966104,0.0
2020-05-04,49.69,50.2,49.52,50.17,3682133,0.0
2020-05-05,50.82,50.96,50.375,50.45,2876789,0.0
2020-05-06,50.7,50.72,50.07,50.17,2417883,0.0
2020-05-07,50.86,51.225,50.69,51.07,2131730,0.0
2020-05-08,51.36,52.025,51.34,51.79,3793077,0.0
2020-05-11,50.56,51.03,50.37,50.84,2929090,0.0
2020-05-12,50.95,51.4,50.31,50.38,5397676,0.0
2020-05-13,51.03,51.33,50.12,50.47,5186947,0.0
2020-05-14,49.7,50.94,49.55,50.86,6467233,0.0
2020-05-15,49.96,50.21,49.745,49.9,4078132,0.0
2020-05-18,51.25,52.15,51.25,51.91,5900277,0.0
2020-05-19,52.19,52.45,51.91,51.95,3943189,0.0
2020-05-20,52.56,52.95,52.42,52.59,3698965,0.0
2020-05-21,52.39,52.6,51.885,51.99,4502386,0.0
2020-05-22,51.25,51.32,50.82,51.23,3656532,0.0
2020-05-26,53.32,53.57,52.89,53.0,5701314,0.0
2020-05-27,53.09,53.13,52.37,53.02,8864191,0.0
2020-05-28,53.03,53.32,52.56,52.62,3870291,0.0
2020-05-29,52.92,53.77,52.71,53.56,5404614,0.0
2020-06-01,54.33,54.98,54.185,54.94,4367727,0.0
2020-06-02,55.89,56.57,55.775,56.28,4914238,0.0
2020-06-03,57.82,58.72,57.8,58.63,5316724,0.0
2020-06-04,57.54,57.96,57.26,57.47,4579727,0.0
2020-06-05,59.68,60.31,59.53,59.97,5563868,0.0
2020-06-08,59.69,60.32,59.24,60.23,3856871,0.0
2020-06-09,58.98,59.5,58.72,59.36,3291916,0.0
2020-06-10,59.86,60.3,59.39,60.02,5777034,0.0
2020-06-11,58.18,58.42,56.67,56.72,5989123,0.0
2020-06-12,57.67,57.89,56.58,57.48,5577644,0.0
2020-06-15,54.47,55.76,54.08,55.5,5469283,0.0
2020-06-16,57.75,57.75,56.12,56.78,6343211,0.0
2020-06-17,57.33,57.63,57.11,57.42,5218711,0.0
2020-06-18,57.09,57.42,57.01,57.24,3619621,0.0
2020-06-19,57.78,57.93,56.72,56.75,5796630,0.0
2020-06-22,57.03,57.81,56.885,57.72,3878502,0.0
2020-06-23,57.93,58.19,57.67,57.71,3097593,0.0
2020-06-24,58.18,58.28,57.22,57.5,4229628,0.0
2020-06-25,56.95,57.445,56.87,57.4,3575689,0.0
2020-06-26,57.65,57.77,56.91,57.07,3160157,0.0
2020-06-29,56.84,57.21,56.52,57.2,4066847,0.0
2020-06-30,57.16,57.39,56.765,57.13,4742205,0.0
2020-07-01,57.09,57.675,57.04,57.46,3681692,0.0
2020-07-02,58.38,58.82,58.24,58.39,4306080,0.0
2020-07-06,59.7,60.2,59.61,60.13,7238768,0.0
2020-07-07,58.97,59.4,58.795,58.81,4490011,0.0
2020-07-08,58.84,59.2,58.59,59.18,3782297,0.0
2020-07-09,59.26,59.29,58.28,58.82,5582074,0.0
2020-07-10,58.26,58.48,57.995,58.43,2654633,0.0
2020-07-13,59.05,59.525,58.41,58.52,4409581,0.0
2020-07-14,58.08,59.13,58.06,59.05,3646649,0.0
2020-07-15,59.68,59.82,59.27,59.51,3472210,0.0
2020-07-16,58.79,59.14,58.69,58.91,2711546,0.0
2020-07-17,59.46,59.56,59.135,59.44,3132052,0.0
2020-07-20,59.35,59.83,59.16,59.75,1995906,0.0
2020-07-21,60.32,60.45,60.03,60.1,3300053,0.0
2020-07-22,59.95,60.065,59.58,59.87,2301067,0.0
2020-07-23,59.23,59.46,58.67,58.99,4188883,0.0
2020-07-24,58.85,59.04,58.66,58.91,2883346,0.0
2020-07-27,59.76,60.17,59.54,60.08,3654026,0.0
2020-07-28,60.36,60.555,60.16,60.23,3000911,0.0
2020-07-29,61.07,61.59,61.0199,61.39,4540264,0.0
2020-07-30,60.6,60.87,60.06,60.86,4697652,0.0
2020-07-31,60.71,60.75,59.65,60.26,6057049,0.0
2020-08-03,60.77,60.97,60.56,60.97,3314117,0.0
2020-08-04,61.05,61.77,61.05,61.74,2845753,0.0
2020-08-05,62.89,63.49,62.88,63.24,3734869,0.0
2020-08-06,63.68,64.05,63.475,64.04,3643638,0.0
2020-08-07,63.87,64.13,63.65,63.85,4272667,0.0
2020-08-10,64.97,65.25,64.77,65.24,2812343,0.0
2020-08-11,66.43,66.54,65.66,65.81,4628102,0.0
2020-08-12,66.73,67.135,66.64,66.88,3253006,0.0
2020-08-13,66.65,66.88,66.375,66.53,2728023,0.0
2020-08-14,65.51,65.96,65.371,65.86,3000290,0.0
2020-08-17,66.49,67.0,66.37,66.6,3353148,0.0
2020-08-18,64.605,64.64,63.97,64.52,4904238,0.0
2020-08-19,64.81,64.93,64.24,64.34,3614099,0.0
2020-08-20,61.56,62.655,61.46,62.45,5758641,0.0
2020-08-21,62.44,62.75,62.23,62.73,3401034,0.0
2020-08-24,63.81,63.85,63.335,63.57,2400110,0.0
2020-08-25,64.38,64.535,64.17,64.52,2623300,0.0
2020-08-26,64.63,65.02,64.56,64.93,3111365,0.0
2020-08-27,64.49,64.49,63.51,63.79,3895326,0.0
2020-08-28,64.46,64.64,64.28,64.63,2961127,0.0
2020-08-31,62.94,63.365,62.49,63.07,4569203,0.0
2020-09-01,63.74,64.02,63.63,63.98,3594120,0.0
2020-09-02,64.14,64.21,63.64,63.98,4506774,0.0
2020-09-03,64.6,64.61,63.18,63.3,5704481,0.0
2020-09-04,63.88,64.23,62.775,63.74,6076464,0.0
2020-09-08,63.91,64.3225,63.68,63.77,4818607,0.0
2020-09-09,64.65,64.78,64.32,64.61,5187447,0.0
2020-09-10,64.82,64.9,63.78,63.81,5472352,0.0
2020-09-11,64.66,64.79,64.125,64.5,4348651,0.0
2020-09-14,65.69,65.965,65.62,65.84,3626941,0.0
2020-09-15,66.66,66.77,66.5,66.6,3956485,0.0
2020-09-16,66.89,67.14,66.555,66.63,4562313,0.0
2020-09-17,65.93,66.43,65.71,66.43,4024361,0.0
2020-09-18,66.66,66.72,65.93,66.04,3016627,0.0
2020-09-21,65.24,65.495,64.66,65.47,4267550,0.0
2020-09-22,64.72,64.75,63.99,64.45,3669453,0.0
2020-09-23,64.42,64.49,63.33,63.43,4439924,0.0
2020-09-24,62.26,63.29,62.11,62.8,4321008,0.0
2020-09-25,62.29,63.07,62.1,63.0,4355789,0.0
2020-09-28,64.24,64.42,63.94,64.35,3921458,0.0
2020-09-29,64.4,64.75,64.25,64.53,2514736,0.0
2020-09-30,64.92,65.61,64.87,65.34,6028605,0.0
2020-10-01,65.83,66.04,65.54,66.01,3088307,0.0
2020-10-02,64.78,65.675,64.6,65.19,3029759,0.0
2020-10-05,66.03,66.67,66.03,66.63,2919505,0.0
2020-10-06,66.23,66.565,65.69,65.8,4231146,0.0
2020-10-07,67.0,67.49,66.95,67.37,3649767,0.0
2020-10-08,67.47,67.82,67.3,67.71,3912529,0.0
2020-10-09,68.32,68.49,68.01,68.34,2661087,0.0
2020-10-12,67.87,68.16,67.72,67.99,4925321,0.0
2020-10-13,67.69,67.73,67.17,67.42,3320573,0.0
2020-10-14,67.03,67.26,66.735,66.89,3338041,0.0
2020-10-15,66.07,66.66,65.97,66.55,3157125,0.0
2020-10-16,66.77,66.9,66.48,66.55,2937642,0.0
2020-10-19,66.66,66.87,66.29,66.45,3741174,0.0
2020-10-20,67.08,67.685,67.01,67.28,4051834,0.0
2020-10-21,67.69,68.09,67.62,67.7,4356164,0.0
2020-10-22,67.44,67.53,67.12,67.36,4210297,0.0
2020-10-23,68.11,68.3,67.88,68.3,2934096,0.0
2020-10-26,67.33,67.61,66.7,67.17,4002929,0.0
2020-10-27,67.15,67.2,66.85,67.04,2769562,0.0
2020-10-28,66.47,66.6,65.925,66.03,4849877,0.0
2020-10-29,66.225,66.51,65.83,66.36,6824150,0.0
2020-10-30,65.29,65.42,64.46,64.9,5182856,0.0
2020-11-02,65.97,66.05,65.69,66.02,3519781,0.0
2020-11-03,67.34,67.58,67.22,67.45,4114960,0.0
2020-11-04,67.58,69.15,67.55,68.82,5879088,0.0
2020-11-05,70.14,70.685,69.91,70.45,4508084,0.0
2020-11-06,70.08,70.45,69.88,70.22,3874552,0.0
2020-11-09,72.43,72.49,70.88,70.91,5991995,0.0
2020-11-10,71.26,71.78,71.035,71.56,4170118,0.0
2020-11-11,72.47,72.6,72.12,72.51,3961283,0.0
2020-11-12,72.31,72.48,71.645,71.81,3005962,0.0
2020-11-13,73.29,73.565,73.055,73.54,3955992,0.0
2020-11-16,74.6,74.96,74.455,74.93,4970096,0.0
2020-11-17,74.53,75.075,74.4,74.88,4295112,0.0
2020-11-18,75.06,75.29,74.805,74.84,6181958,0.0
2020-11-19,74.01,74.7,73.94,74.6,4081665,0.0
2020-11-20,74.5,74.89,74.43,74.66,3343732,0.0
2020-11-23,76.18,76.38,75.69,76.11,4520753,0.0
2020-11-24,76.62,77.41,76.44,77.38,4242034,0.0
2020-11-25,76.7,76.89,76.325,76.73,3521327,0.0
2020-11-27,77.68,78.07,77.61,77.86,2332180,0.0
2020-11-30,76.57,76.86,76.2,76.42,6470018,0.0
2020-12-01,77.48,78.05,77.21,77.91,3618301,0.0
2020-12-02,79.14,79.55,78.98,79.37,4067496,0.0
2020-12-03,80.78,81.195,80.59,80.76,3628018,0.0
2020-12-04,82.4,83.0,82.38,82.99,3922461,0.0
2020-12-07,83.25,83.46,82.835,83.15,3351250,0.0
2020-12-08,81.4,81.59,81.23,81.38,4452727,0.0
2020-12-09,83.09,83.09,81.7,82.2,4555035,0.0
2020-12-10,82.06,83.11,81.96,83.03,4145803,0.0
2020-12-11,82.61,82.84,82.395,82.43,3667604,0.0
2020-12-14,82.06,82.09,81.305,81.35,4341801,0.0
2020-12-15,81.7,82.56,81.545,82.53,4092077,0.0
2020-12-16,82.0,82.23,81.6,81.9,4972289,0.0
2020-12-17,81.89,81.92,81.65,81.71,3608406,0.0
2020-12-18,81.54,81.59,81.04,81.22,4225787,0.0
2020-12-21,79.91,80.73,79.725,80.45,3776966,0.0
2020-12-22,79.86,79.86,79.1642,79.19,3525603,0.0
2020-12-23,80.58,81.055,80.53,80.83,2251841,0.0
2020-12-24,82.05,82.31,81.85,82.16,1341468,0.0
2020-12-28,83.04,83.165,82.86,82.93,2706843,0.0
2020-12-29,84.29,84.65,84.135,84.56,3147592,0.0
2020-12-30,86.17,86.515,86.105,86.15,3409623,0.0
2020-12-31,86.42,86.445,85.61,86.05,2795976,0.0
2021-01-04,89.31,89.7,87.84,88.32,5059573,0.0
2021-01-05,89.81,90.66,89.73,90.53,4274858,0.0
2021-01-06,89.28,90.89,89.125,90.4,5960740,0.0
2021-01-07,91.2,92.115,91.025,92.1,4788664,0.0
2021-01-08,95.53,96.3,94.8073,96.22,5838286,0.0
2021-01-11,94.7,95.705,94.65,95.4,4535756,0.0
2021-01-12,94.21,94.85,93.98,94.62,5025708,0.0
2021-01-13,94.62,94.79,94.39,94.6,3213440,0.0
2021-01-14,95.43,95.86,95.05,95.26,3797843,0.0
2021-01-15,92.34,92.645,91.83,92.23,3837626,0.0
2021-01-19,93.19,93.58,92.33,92.63,5228610,0.0
2021-01-20,93.33,93.93,93.07,93.91,3424825,0.0
2021-01-21,95.29,96.04,94.9299,96.04,4657588,0.0
2021-01-22,93.5,94.02,93.45,93.82,3312945,0.0
2021-01-25,95.58,95.82,94.72,95.76,4198218,0.0
2021-01-26,94.32,94.55,93.78,94.27,2909369,0.0
2021-01-27,91.98,92.07,90.83,90.83,5118909,0.0
2021-01-28,91.19,92.84,91.02,92.13,4556144,0.0
2021-01-29,89.0,89.41,87.97,88.1,6508023,0.0
2021-02-01,90.58,91.88,90.33,91.68,4503581,0.0
2021-02-02,92.37,92.62,92.02,92.19,3969201,0.0
2021-02-03,92.99,93.21,92.43,93.02,2582349,0.0
2021-02-04,91.27,91.82,90.59,91.61,3090205,0.0
2021-02-05,92.42,93.0,91.96,92.96,2563128,0.0
2021-02-08,91.25,92.01,91.175,91.83,2399936,0.0
2021-02-09,91.46,92.46,91.33,92.31,4317232,0.0
2021-02-10,93.25,93.52,92.54,92.96,2409211,0.0
2021-02-11,93.69,94.31,93.582,93.98,2634073,0.0
2021-02-12,93.45,94.3,93.35,94.1,2383073,0.0
2021-02-16,94.13,94.33,93.47,93.62,2300622,0.0
2021-02-17,92.54,93.1,92.36,92.99,2134804,0.0
2021-02-18,91.37,91.75,90.47,91.61,2901896,0.0
2021-02-19,92.92,93.64,92.85,93.1,2524824,0.0
2021-02-22,90.86,91.54,90.62,90.68,3172044,0.0
2021-02-23,90.29,91.18,89.47,90.99,3239636,0.0
2021-02-24,89.0,90.095,88.59,89.99,4200675,0.0
2021-02-25,91.54,91.92,88.7,89.01,5470442,0.0
2021-02-26,88.34,88.58,87.15,87.97,6702170,0.0
2021-03-01,89.43,90.75,89.27,90.32,4045250,0.0
2021-03-02,89.45,89.79,88.67,89.43,3233538,0.0
2021-03-03,89.89,90.22,89.055,89.17,3602526,0.0
2021-03-04,89.38,89.95,86.98,87.55,4726786,0.0
2021-03-05,89.02,89.13,87.36,89.01,4633065,0.0
2021-03-08,87.0,87.28,86.22,86.81,8178920,0.0
2021-03-09,87.06,88.0821,86.94,87.46,5123433,0.0
2021-03-10,86.62,86.62,85.625,86.17,4366216,0.0
2021-03-11,88.58,88.92,88.09,88.75,4650693,0.0
2021-03-12,88.43,88.5,87.66,88.03,3378569,0.0
2021-03-15,88.75,89.35,88.25,89.28,2678814,0.0
2021-03-16,89.67,89.96,89.185,89.44,3540497,0.0
2021-03-17,88.31,90.08,88.035,89.64,3996082,0.0
2021-03-18,88.73,89.13,87.61,87.63,4778447,0.0
2021-03-19,88.09,88.99,87.67,88.88,6128189,0.0
2021-03-22,88.59,89.34,88.1,89.09,3386181,0.0
2021-03-23,87.27,87.38,86.3,86.48,4770377,0.0
2021-03-24,87.04,87.095,85.975,86.01,3907155,0.0
2021-03-25,86.33,87.47,86.2,87.33,4986233,0.0
2021-03-26,87.95,89.205,87.77,89.14,4385803,0.0
2021-03-29,88.21,88.55,87.76,88.22,3896233,0.0
2021-03-30,88.78,88.905,88.35,88.6,3248436,0.0
2021-03-31,89.08,90.025,88.98,89.7,3130632,0.0
2021-04-01,90.42,90.81,90.335,90.69,3194792,0.0
2021-04-05,91.27,92.0,91.17,91.86,3623406,0.0
2021-04-06,91.78,92.27,91.58,91.96,2052439,0.0
2021-04-07,91.96,91.96,91.0825,91.4,3778698,0.0
2021-04-08,91.98,92.205,91.705,91.74,3550239,0.0
2021-04-09,91.29,91.39,91.0,91.31,2508290,0.0
2021-04-12,91.06,91.18,90.61,90.85,2612032,0.0
2021-04-13,92.47,92.72,92.18,92.48,6086568,0.0
2021-04-14,93.5,93.64,93.08,93.25,3824007,0.0
2021-04-15,93.95,94.14,93.49,93.98,5017178,0.0
2021-04-16,93.88,93.89,93.375,93.44,4813413,0.0
2021-04-19,93.59,93.7,93.13,93.4,3092866,0.0
2021-04-20,93.7,93.86,92.88,93.2,3945847,0.0
2021-04-21,91.78,93.01,91.57,92.97,3470666,0.0
2021-04-22,92.44,92.44,91.22,91.42,4201047,0.0
2021-04-23,92.57,93.065,92.48,92.84,3791250,0.0
2021-04-26,93.6,93.725,93.37,93.59,4658160,0.0
2021-04-27,93.52,93.55,92.91,93.13,5767223,0.0
2021-04-28,92.36,93.21,92.21,92.89,3952136,0.0
2021-04-29,92.82,92.97,91.97,92.7,2667086,0.0
2021-04-30,91.39,91.41,90.36,90.56,3688636,0.0
2021-05-03,90.3,90.74,89.92,90.38,3172521,0.0
2021-05-04,90.4,90.53,89.77,90.35,4359394,0.0
2021-05-05,90.6,90.71,90.195,90.6,2359270,0.0
2021-05-06,91.66,92.335,91.41,92.25,3685399,0.0
2021-05-07,92.91,94.015,92.84,93.6,4502129,0.0
2021-05-10,94.77,94.86,93.23,93.33,4171637,0.0
2021-05-11,91.48,92.315,91.38,92.14,3671194,0.0
2021-05-12,89.44,89.735,88.105,88.18,5447482,0.0
2021-05-13,88.61,89.35,88.55,89.22,5319336,0.0
2021-05-14,90.06,90.64,89.95,90.53,3687221,0.0
2021-05-17,88.54,89.005,88.395,88.84,3126727,0.0
2021-05-18,90.29,90.685,90.16,90.37,2495295,0.0
2021-05-19,89.18,90.78,89.06,90.08,3541959,0.0
2021-05-20,90.1,90.755,90.06,90.6,3175089,0.0
2021-05-21,90.51,90.51,89.42,89.5,3257442,0.0
2021-05-24,89.97,90.52,89.73,90.43,1895029,0.0
2021-05-25,91.22,91.34,90.79,91.21,4095725,0.0
2021-05-26,91.18,91.6,91.11,91.57,3897352,0.0
2021-05-27,90.75,91.135,90.66,90.79,3228263,0.0
2021-05-28,91.58,92.1,91.58,92.03,3083433,0.0
2021-06-01,93.51,93.62,93.255,93.46,2966280,0.0
2021-06-02,92.875,93.26,92.72,92.93,2166795,0.0
2021-06-03,92.73,92.94,92.49,92.72,3387854,0.0
2021-06-04,93.73,93.88,93.385,93.8,3591558,0.0
2021-06-07,93.68,93.68,92.89,93.34,4663501,0.0
2021-06-08,92.88,92.88,92.41,92.71,1718966,0.0
2021-06-09,92.1,92.13,91.5,91.55,2176989,0.0
2021-06-10,92.15,92.74,92.0,92.68,3109684,0.0
2021-06-11,92.89,92.97,92.405,92.64,3660621,0.0
2021-06-14,92.85,93.0,92.66,92.97,2303596,0.0
2021-06-15,93.05,93.05,92.61,92.87,1786640,0.0
2021-06-16,93.45,93.72,91.47,91.88,4215870,0.0
2021-06-17,92.0,92.25,91.62,91.72,3756479,0.0
2021-06-18,91.54,91.67,90.89,91.1,4360855,0.0
2021-06-21,91.33,92.09,91.17,92.06,2496634,0.0
2021-06-22,91.55,92.14,91.24,91.97,2049475,0.0
2021-06-23,92.23,92.795,92.23,92.35,2715659,0.0
2021-06-24,93.25,93.53,93.15,93.45,2039341,0.0
2021-06-25,93.94,94.065,93.535,94.01,2197391,0.0
2021-06-28,93.39,93.485,93.2,93.44,1634744,0.0
2021-06-29,92.75,93.12,92.59,93.09,1993147,0.0
2021-06-30,93.26,93.37,92.92,93.18,2612404,0.0
2021-07-01,92.6,92.72,92.145,92.6,2732624,0.0
2021-07-02,92.78,93.125,92.39,93.0,1911836,0.0
2021-07-06,92.98,92.98,92.01,92.32,2883292,0.0
2021-07-07,92.21,92.315,91.39,91.58,2796481,0.0
2021-07-08,89.45,89.695,89.03,89.54,4283418,0.0
2021-07-09,89.79,90.235,89.72,90.21,3364617,0.0
2021-07-12,90.41,91.01,90.31,90.9,2356140,0.0
2021-07-13,90.91,91.27,90.56,90.67,2989853,0.0
2021-07-14,91.24,91.45,90.73,91.28,2308654,0.0
2021-07-15,91.67,91.91,91.46,91.66,2743883,0.0
2021-07-16,91.63,91.66,90.625,90.71,2660610,0.0
2021-07-19,89.04,89.07,88.38,88.61,4093192,0.0
2021-07-20,89.11,90.165,88.92,89.94,3211462,0.0
2021-07-21,88.61,89.56,88.5,89.46,4129353,0.0
2021-07-22,90.08,90.27,89.69,90.2,2729633,0.0
2021-07-23,89.972,90.17,89.58,90.15,3075955,0.0
2021-07-26,89.01,90.06,88.97,90.03,5143945,0.0
2021-07-27,89.27,89.315,88.45,89.13,4542438,0.0
2021-07-28,89.47,90.0,88.5,89.96,4792648,0.0
2021-07-29,90.26,90.805,90.24,90.61,4177762,0.0
2021-07-30,88.59,88.96,88.42,88.75,2781331,0.0
2021-08-02,89.0,89.15,88.68,88.73,4575728,0.0
2021-08-03,89.7,90.135,89.28,90.05,2531133,0.0
2021-08-04,91.35,91.68,91.05,91.29,2851958,0.0
2021-08-05,91.48,91.57,91.3,91.51,3040866,0.0
2021-08-06,90.69,90.785,90.33,90.39,2277082,0.0
2021-08-09,90.4,90.61,90.255,90.3,2181330,0.0
2021-08-10,89.19,89.2,88.845,89.01,3106859,0.0
2021-08-11,88.55,88.55,88.09,88.39,2925690,0.0
2021-08-12,87.41,87.47,86.955,87.33,3296623,0.0
2021-08-13,86.31,86.41,85.95,86.35,5014037,0.0
2021-08-16,85.39,85.98,85.305,85.95,3008431,0.0
2021-08-17,84.05,84.26,83.69,83.96,3609567,0.0
2021-08-18,84.94,85.185,84.32,84.38,4007394,0.0
2021-08-19,82.38,83.265,82.25,83.0,3629703,0.0
2021-08-20,81.66,82.76,81.6335,82.62,3143027,0.0
2021-08-23,83.45,84.16,83.43,83.95,4024020,0.0
2021-08-24,85.16,85.59,85.16,85.49,3512774,0.0
2021-08-25,85.28,85.64,85.12,85.54,2887926,0.0
2021-08-26,84.68,84.68,84.24,84.47,2993740,0.0
2021-08-27,84.49,85.76,84.43,85.7,2937105,0.0
2021-08-30,85.17,85.44,84.99,84.99,1904920,0.0
2021-08-31,86.99,87.04,86.655,86.69,3739642,0.0
2021-09-01,87.17,87.72,87.16,87.68,3355027,0.0
2021-09-02,86.72,86.955,86.51,86.6,2873414,0.0
2021-09-03,87.43,87.77,87.295,87.7,1512622,0.0
2021-09-07,86.34,86.645,86.27,86.43,3315600,0.0
2021-09-08,85.37,85.42,84.765,84.98,3536083,0.0
2021-09-09,83.95,83.97,83.5675,83.64,3140343,0.0
2021-09-10,84.36,84.36,83.51,83.61,3179891,0.0
2021-09-13,84.09,84.4,83.95,84.24,4362267,0.0
2021-09-14,85.07,85.07,84.2,84.36,3875578,0.0
2021-09-15,84.95,85.21,84.7,85.21,2552972,0.0
2021-09-16,83.64,83.78,83.37,83.62,2516492,0.0
2021-09-17,83.65,83.75,83.02,83.08,2560129,0.0
2021-09-20,80.93,81.615,80.46,81.05,4791357,0.0
2021-09-21,81.6,81.63,81.02,81.1,3822446,0.0
2021-09-22,81.87,82.62,81.705,81.99,3505282,0.0
2021-09-23,83.71,84.19,83.58,83.96,3374838,0.0
2021-09-24,82.9,83.0,82.46,82.51,2704905,0.0
2021-09-27,82.79,83.25,82.71,83.0,2711209,0.0
2021-09-28,81.41,81.42,80.84,81.0,4310000,0.0
2021-09-29,80.64,80.7,80.005,80.06,3352720,0.0
2021-09-30,81.23,81.46,80.595,80.66,5065780,0.0
2021-10-01,80.21,80.62,79.69,80.49,3354444,0.0
2021-10-04,80.08,80.11,78.905,79.36,4263326,0.0
2021-10-05,78.59,79.175,78.475,78.89,4341639,0.0
2021-10-06,76.46,77.23,76.26,77.18,4962812,0.0
2021-10-07,78.18,78.77,78.125,78.48,3245760,0.0
2021-10-08,78.16,78.22,77.79,77.95,3591349,0.0
2021-10-11,78.05,78.51,77.79,77.79,2339386,0.0
2021-10-12,76.9,76.905,76.41,76.47,4787606,0.0
2021-10-13,77.85,78.36,77.53,78.28,3723031,0.0
2021-10-14,79.21,79.52,79.03,79.51,5031284,0.0
2021-10-15,80.0,80.53,79.94,80.37,3465099,0.0
2021-10-18,79.49,79.85,79.38,79.64,2854077,0.0
2021-10-19,80.63,81.24,80.55,81.1,3662654,0.0
2021-10-20,80.89,80.95,80.59,80.65,2497213,0.0
2021-10-21,80.35,80.405,80.04,80.22,3994068,0.0
2021-10-22,80.54,80.875,80.075,80.36,3350456,0.0
2021-10-25,81.26,81.63,81.18,81.44,3032698,0.0
2021-10-26,82.4,82.45,81.935,82.03,3119182,0.0
2021-10-27,81.14,81.42,80.96,80.99,2635318,0.0
2021-10-28,80.86,81.22,80.73,81.09,7000303,0.0
2021-10-29,79.3,79.63,78.965,79.49,5394381,0.0
2021-11-01,79.58,79.85,79.51,79.84,3339266,0.0
2021-11-02,80.62,80.75,80.41,80.45,2482432,0.0
2021-11-03,78.97,79.625,78.585,79.5,4940174,0.0
2021-11-04,79.48,79.63,79.095,79.57,3513877,0.0
2021-11-05,79.43,79.6,79.26,79.47,2786643,0.0
2021-11-08,79.47,79.68,79.32,79.65,3034086,0.0
2021-11-09,79.69,79.79,78.97,79.1,2516962,0.0
2021-11-10,78.58,78.75,77.54,77.72,4704635,0.0
2021-11-11,78.58,78.965,78.53,78.65,3322955,0.0
2021-11-12,79.38,79.815,79.31,79.72,3335510,0.0
2021-11-15,80.34,80.44,79.745,79.86,2364707,0.0
2021-11-16,79.83,79.95,79.56,79.7,4688559,0.0
2021-11-17,79.04,79.08,78.54,78.68,5047127,0.0
2021-11-18,78.22,78.34,77.79,78.23,3665815,0.0
2021-11-19,78.5,78.695,78.32,78.43,2640740,0.0
2021-11-22,80.35,80.705,79.985,80.03,3977443,0.0
2021-11-23,79.5,79.74,79.19,79.41,4252289,0.0
2021-11-24,79.16,79.33,78.94,79.19,3897383,0.0
2021-11-26,76.51,76.53,75.45,75.76,4813394,0.0
2021-11-29,76.51,76.68,75.94,76.37,5305244,0.0
2021-11-30,75.38,76.045,74.875,75.73,9311510,0.0
2021-12-01,78.0,78.78,77.305,77.33,7110226,0.0
2021-12-02,78.81,79.495,78.75,79.06,6670014,0.0
2021-12-03,79.16,79.3,78.3,78.69,5559271,0.0
2021-12-06,79.37,79.8,79.13,79.78,4970110,0.0
2021-12-07,80.67,81.18,80.62,81.03,4008797,0.0
2021-12-08,80.82,81.375,80.65,81.26,3705551,0.0
2021-12-09,80.97,81.04,80.715,80.76,3666634,0.0
2021-12-10,80.74,80.96,80.62,80.74,4238573,0.0
2021-12-13,78.61,78.61,77.91,78.03,3604422,0.0
2021-12-14,77.71,78.06,77.37,77.68,3523025,0.0
2021-12-15,77.8,78.775,77.375,78.7,5765447,0.0
2021-12-16,78.59,78.95,78.05,78.23,4298422,0.0
2021-12-17,78.6,78.78,78.375,78.57,4504852,0.0
2021-12-20,77.08,77.295,76.775,77.02,3280572,0.0
2021-12-21,77.42,77.95,77.21,77.87,2979313,0.0
2021-12-22,77.72,78.49,77.62,78.41,2280006,0.0
2021-12-23,78.43,78.81,78.295,78.77,2364754,0.0
2021-12-27,78.75,79.17,78.61,79.08,3043312,0.0
2021-12-28,79.36,79.38,78.79,78.81,4639291,0.0
2021-12-29,78.93,79.11,78.74,78.88,5136485,0.0
2021-12-30,78.33,78.515,78.15,78.15,5148374,0.0
2021-12-31,78.12,78.48,77.7,77.87,1940846,0.0
2022-01-03,78.07,78.27,77.68,77.86,6967919,0.0
2022-01-04,77.91,78.09,77.605,77.69,2625745,0.0
2022-01-05,77.08,77.3,76.15,76.18,4276745,0.0
2022-01-06,75.88,76.225,75.52,75.59,4968997,0.0
2022-01-07,76.78,77.55,76.45,77.53,4279549,0.0
2022-01-10,76.43,76.57,75.67,76.32,3983426,0.0
2022-01-11,77.3,78.345,77.08,78.22,4487519,0.0
2022-01-12,79.25,79.84,79.25,79.77,4059065,0.0
2022-01-13,79.36,79.365,78.37,78.37,3893143,0.0
2022-01-14,77.36,77.69,77.01,77.28,4122007,0.0
2022-01-18,75.69,75.69,74.955,74.99,5031530,0.0
2022-01-19,76.23,76.23,75.735,75.83,3649404,0.0
2022-01-20,76.42,76.94,75.31,75.47,4311424,0.0
2022-01-21,75.29,75.465,74.46,74.52,5066077,0.0
2022-01-24,72.94,73.22,71.06,73.1,8418426,0.0
2022-01-25,71.69,72.43,71.38,72.03,6430677,0.0
2022-01-26,72.34,72.62,70.87,71.1,7553701,0.0
2022-01-27,69.6,70.085,69.14,69.21,6345267,0.0
2022-01-28,70.21,70.655,69.855,70.6,4599933,0.0
2022-01-31,71.52,72.49,71.5,72.39,4154516,0.0
2022-02-01,72.68,72.99,71.97,72.98,3689254,0.0
2022-02-02,73.27,73.545,72.89,73.5,3388159,0.0
2022-02-03,71.85,72.23,71.785,71.98,4325416,0.0
2022-02-04,72.31,72.98,72.08,72.72,4382140,0.0
2022-02-07,72.3,73.34,72.07,72.96,11963090,0.0
2022-02-08,72.27,73.24,72.27,73.18,8012460,0.0
2022-02-09,74.0,74.51,73.96,74.5,5753191,0.0
2022-02-10,73.64,74.66,73.495,73.64,5501793,0.0
2022-02-11,74.04,74.41,72.81,72.9,6190128,0.0
2022-02-14,72.51,72.55,71.88,72.24,4240376,0.0
2022-02-15,72.5,72.865,72.36,72.8,3388287,0.0
2022-02-16,73.13,73.96,73.08,73.68,4395419,0.0
2022-02-17,73.81,73.93,73.03,73.1,3613444,0.0
2022-02-18,73.33,73.38,72.76,72.98,4427271,0.0
2022-02-22,72.85,73.19,72.32,72.77,4580040,0.0
2022-02-23,73.1,73.1,71.725,71.83,3473053,0.0
2022-02-24,68.73,70.73,68.6,70.63,7428371,0.0
2022-02-25,71.22,72.71,71.08,72.66,4717592,0.0
2022-02-28,71.39,72.58,71.19,72.41,4397878,0.0
2022-03-01,72.22,72.74,71.055,71.49,3960503,0.0
2022-03-02,71.18,71.8,70.93,71.53,4196431,0.0
2022-03-03,72.45,72.46,71.62,72.02,6060191,0.0
2022-03-04,70.23,70.41,69.59,69.99,3498862,0.0
2022-03-07,68.74,68.83,67.055,67.11,5006707,0.0
2022-03-08,67.56,68.29,67.0,67.58,5831205,0.0
2022-03-09,68.73,70.43,68.46,70.25,5768621,0.0
2022-03-10,68.68,68.79,67.8,68.13,8852154,0.0
2022-03-11,68.5,68.63,67.11,67.11,5444804,0.0
2022-03-14,67.5,67.83,66.73,66.82,8717787,0.0
2022-03-15,66.8,67.56,66.6,67.56,5357913,0.0
2022-03-16,68.96,70.55,68.78,70.52,7770373,0.0
2022-03-17,70.68,71.3,70.48,71.13,4226807,0.0
2022-03-18,70.42,71.66,70.37,71.5,4515505,0.0
2022-03-21,70.32,70.383,69.905,70.02,3456555,0.0
2022-03-22,70.86,71.26,70.79,71.22,2911689,0.0
2022-03-23,70.83,71.05,70.53,70.53,3993735,0.0
2022-03-24,70.47,71.055,70.37,70.96,2925392,0.0
2022-03-25,70.43,70.5,69.95,70.17,2823152,0.0
2022-03-28,70.68,70.89,70.24,70.88,2430457,0.0
2022-03-29,72.2,72.51,71.9,72.5,3395480,0.0
2022-03-30,71.7,72.06,71.36,71.55,2405000,0.0
2022-03-31,71.68,71.84,71.17,71.23,3840633,0.0
2022-04-01,71.37,71.37,70.77,71.02,2389145,0.0
2022-04-04,71.73,72.08,71.51,72.03,2010061,0.0
2022-04-05,71.71,71.74,70.72,70.86,3716352,0.0
2022-04-06,70.59,70.71,69.81,69.99,4214692,0.0
2022-04-07,69.63,69.82,69.2,69.55,3614980,0.0
2022-04-08,69.2,69.4,68.87,68.9,2981214,0.0
2022-04-11,68.92,69.01,68.28,68.38,2155161,0.0
2022-04-12,69.12,69.14,68.4,68.52,2604139,0.0
2022-04-13,69.56,70.27,69.56,70.25,2546517,0.0
2022-04-14,69.37,69.44,68.73,68.73,2159472,0.0
2022-04-18,68.65,69.1,68.5,68.68,1819612,0.0
2022-04-19,68.57,69.185,68.4,69.17,1750257,0.0
2022-04-20,69.41,69.67,69.155,69.57,2122743,0.0
2022-04-21,69.47,69.69,68.21,68.32,2268475,0.0
2022-04-22,68.25,68.3,67.46,67.51,2586265,0.0
2022-04-25,66.64,67.14,66.28,67.03,3324607,0.0
2022-04-26,66.46,66.5399,65.07,65.13,3411837,0.0
2022-04-27,65.07,65.58,64.83,65.2,4029715,0.0
2022-04-28,65.97,66.6,65.4775,66.35,2938012,0.0
2022-04-29,67.26,67.75,66.56,66.64,4966300,0.0
2022-05-02,66.7,66.94,66.04,66.86,3881313,0.0
2022-05-03,66.91,67.25,66.77,67.07,2381341,0.0
2022-05-04,67.05,68.39,66.43,68.26,4488942,0.0
2022-05-05,67.26,67.26,65.0675,65.88,4649849,0.0
2022-05-06,65.7,66.225,65.43,66.13,8165774,0.0
2022-05-09,64.79,64.91,63.96,64.01,4959279,0.0
2022-05-10,64.87,64.9401,63.85,64.3,5457447,0.0
2022-05-11,64.35,64.95,63.58,63.6,5222338,0.0
2022-05-12,62.83,63.34,62.17,62.68,5650979,0.0
2022-05-13,64.72,65.51,64.68,65.49,2784569,0.0
2022-05-16,64.69,64.96,64.515,64.74,2445422,0.0
2022-05-17,66.25,66.55,65.99,66.44,2891321,0.0
2022-05-18,65.83,65.89,64.12,64.23,4441346,0.0
2022-05-19,64.66,65.735,64.63,65.47,3652795,0.0
2022-05-20,66.34,66.48,65.28,66.12,3717770,0.0
2022-05-23,66.76,67.35,66.69,67.13,2670972,0.0
2022-05-24,65.78,66.26,65.4,66.12,2934754,0.0
2022-05-25,65.42,66.16,65.39,66.0,2680169,0.0
2022-05-26,65.87,66.69,65.75,66.56,2392451,0.0
2022-05-27,67.4,67.72,67.3,67.6,2091864,0.0
2022-05-31,68.72,68.81,67.99,68.04,4882415,0.0
2022-06-01,68.58,68.73,67.35,67.61,3372175,0.0
2022-06-02,67.63,68.66,67.54,68.6,2527475,0.0
2022-06-03,67.63,67.63,66.915,67.02,2461149,0.0
2022-06-06,67.87,68.215,66.76,66.89,2208922,0.0
2022-06-07,65.96,66.54,65.86,66.5,2409125,0.0
2022-06-08,66.34,66.61,65.94,66.03,2349138,0.0
2022-06-09,65.94,66.13,64.73,64.78,2795996,0.0
2022-06-10,63.85,63.89,63.055,63.13,4945232,0.0
2022-06-13,61.09,61.3,60.075,60.26,6444696,0.0
2022-06-14,60.86,61.05,60.44,60.96,3781828,0.0
2022-06-15,60.16,61.51,59.86,61.0,4080663,0.0
2022-06-16,59.24,59.58,58.74,59.24,6134974,0.0
2022-06-17,59.46,59.945,59.22,59.7,4425627,0.0
2022-06-21,59.37,59.765,59.34,59.57,3220746,0.0
2022-06-22,57.54,58.13,57.45,57.81,3794493,0.0
2022-06-23,57.05,57.36,56.73,57.22,3253174,0.0
2022-06-24,58.385,59.58,58.315,59.5,4242989,0.0
2022-06-27,59.78,59.88,59.36,59.5,2886136,0.0
2022-06-28,59.9,60.04,59.04,59.06,2283443,0.0
2022-06-29,58.47,58.54,58.01,58.15,2592715,0.0
2022-06-30,57.3,58.43,57.06,58.19,4018944,0.0
2022-07-01,56.94,57.44,56.56,57.4,4148159,0.0
2022-07-05,56.26,57.04,56.09,57.0,5183841,0.0
2022-07-06,56.46,56.72,56.1095,56.52,3157703,0.0
2022-07-07,57.44,58.05,57.44,57.88,4253652,0.0
2022-07-08,57.78,58.47,57.65,58.3,2733274,0.0
2022-07-11,56.89,56.95,56.31,56.63,3305021,0.0
2022-07-12,56.65,56.98,56.43,56.58,2976473,0.0
2022-07-13,56.34,57.205,56.21,57.0,3105035,0.0
2022-07-14,55.72,56.06,55.02,55.96,4120592,0.0
2022-07-15,56.4,56.87,56.09,56.85,2430872,0.0
2022-07-18,57.86,58.04,57.15,57.28,3178951,0.0
2022-07-19,58.22,58.765,58.2,58.69,4085401,0.0
2022-07-20,58.19,58.515,58.0,58.26,2674823,0.0
2022-07-21,58.79,59.28,58.55,59.22,2638835,0.0
2022-07-22,58.77,58.98,58.25,58.47,2988058,0.0
2022-07-25,59.0,59.15,58.65,58.78,2987231,0.0
2022-07-26,59.0,59.18,58.58,58.63,2983250,0.0
2022-07-27,59.0,59.99,58.85,59.84,2606749,0.0
2022-07-28,59.99,60.64,59.7,60.52,3013839,0.0
2022-07-29,59.87,60.59,59.565,60.55,4935782,0.0
2022-08-01,59.77,60.5,59.48,59.86,3267099,0.0
2022-08-02,59.45,60.02,59.175,59.43,8176032,0.0
2022-08-03,60.15,60.57,59.87,60.46,2493430,0.0
2022-08-04,60.43,60.87,60.36,60.73,2219330,0.0
2022-08-05,60.65,61.07,60.56,60.73,1514562,0.0
2022-08-08,60.99,61.475,60.94,61.06,2121470,0.0
2022-08-09,61.12,61.12,60.745,60.78,1512771,0.0
2022-08-10,61.23,61.618,61.07,61.58,2584962,0.0
2022-08-11,61.96,62.36,61.25,61.32,2347980,0.0
2022-08-12,61.73,62.205,61.59,62.19,1899806,0.0
2022-08-15,61.56,61.92,61.51,61.56,1625212,0.0
2022-08-16,61.48,61.8,61.4,61.61,1752696,0.0
2022-08-17,60.68,60.98,60.375,60.67,1686894,0.0
2022-08-18,60.35,60.4,59.96,60.04,2729732,0.0
2022-08-19,59.23,59.24,58.75,58.92,2280979,0.0
2022-08-22,58.05,58.21,57.71,57.8,2333942,0.0
2022-08-23,57.78,58.465,57.71,58.08,4559297,0.0
2022-08-24,57.98,58.6,57.89,58.42,4527069,0.0
2022-08-25,58.98,59.62,58.915,59.62,4719703,0.0
2022-08-26,59.61,59.71,57.87,57.89,4107535,0.0
2022-08-29,57.2,57.47,57.05,57.28,2334084,0.0
2022-08-30,57.93,57.99,56.915,57.23,3885969,0.0
2022-08-31,58.41,58.485,57.88,57.91,2607396,0.0
2022-09-01,56.76,56.8,56.23,56.68,3068198,0.0
2022-09-02,56.73,56.855,55.81,55.93,2947381,0.0
2022-09-06,55.39,55.47,54.88,54.96,2222527,0.0
2022-09-07,54.21,55.32,54.19,55.29,2862436,0.0
2022-09-08,54.28,54.71,54.16,54.67,2243314,0.0
2022-09-09,55.32,55.89,55.26,55.85,4920747,0.0
2022-09-12,56.16,56.655,56.09,56.33,3393934,0.0
2022-09-13,55.35,55.625,54.42,54.5,3232945,0.0
2022-09-14,54.92,55.275,54.66,55.1,4317306,0.0
2022-09-15,54.28,54.56,53.87,53.95,2486464,0.0
2022-09-16,53.99,54.58,53.89,54.4,2755594,0.0
2022-09-19,53.8,54.37,53.74,54.31,2127489,0.0
2022-09-20,53.79,53.795,53.37,53.57,2231864,0.0
2022-09-21,53.54,54.145,52.85,53.03,3428689,0.0
2022-09-22,52.65,52.78,52.23,52.4,2556853,0.0
2022-09-23,51.14,51.18,50.23,50.57,4129647,0.0
2022-09-26,49.84,50.12,49.34,49.52,3074747,0.0
2022-09-27,49.85,50.01,48.93,49.21,3888670,0.0
2022-09-28,48.35,49.475,48.25,49.36,3891081,0.0
2022-09-29,48.54,48.6,47.87,48.25,4114024,0.0
2022-09-30,47.9,48.195,47.32,47.36,3447645,0.0
2022-10-03,47.66,48.55,47.55,48.42,3848484,0.0
2022-10-04,49.86,50.7,49.81,50.7,4960514,0.0
2022-10-05,49.69,50.15,49.19,49.83,3765585,0.0
2022-10-06,50.44,50.76,50.14,50.21,3865604,0.0
2022-10-07,50.15,50.23,49.285,49.36,2783899,0.0
2022-10-10,49.15,49.16,48.525,48.7,3936997,0.0
2022-10-11,48.75,49.17,48.4,48.62,4711610,0.0
2022-10-12,49.12,49.26,48.89,49.12,3033224,0.0
2022-10-13,47.53,49.345,47.19,49.09,7037730,0.0
2022-10-14,49.62,49.66,48.475,48.61,3665121,0.0
2022-10-17,49.87,50.24,49.81,50.14,3352979,0.0
2022-10-18,50.78,50.85,49.8,50.2,4380474,0.0
2022-10-19,49.59,49.89,49.25,49.55,2228465,0.0
2022-10-20,49.74,50.32,49.455,49.54,3502260,0.0
2022-10-21,49.35,50.37,49.15,50.34,3923289,0.0
2022-10-24,49.49,49.88,49.32,49.76,6651455,0.0
2022-10-25,50.0,50.77,50.0,50.6,3376195,0.0
2022-10-26,50.86,51.92,50.82,51.53,6001777,0.0
2022-10-27,51.73,52.2,51.475,51.5,3190285,0.0
2022-10-28,51.25,51.9,51.16,51.82,3957988,0.0
2022-10-31,51.59,51.9,51.5,51.81,2391707,0.0
2022-11-01,53.06,53.165,52.46,52.71,3480622,0.0
2022-11-02,52.76,53.32,51.7,51.74,5183677,0.0
2022-11-03,51.74,52.235,51.55,52.03,3403091,0.0
2022-11-04,53.55,53.965,53.13,53.93,4473653,0.0
2022-11-07,54.8,54.96,54.33,54.71,2222405,0.0
2022-11-08,55.856,56.31,55.51,55.92,5085287,0.0
2022-11-09,56.55,56.73,55.795,55.84,4048446,0.0
2022-11-10,57.63,58.43,57.33,58.38,5850029,0.0
2022-11-11,60.01,60.765,59.945,60.73,5158551,0.0
2022-11-14,59.41,60.035,59.325,59.57,3252876,0.0
2022-11-15,60.89,60.95,59.78,60.36,3999734,0.0
2022-11-16,59.34,59.45,58.55,58.57,3605778,0.0
2022-11-17,56.94,57.725,56.94,57.68,4173956,0.0
2022-11-18,58.17,58.17,57.68,58.05,3052744,0.0
2022-11-21,56.48,56.625,56.205,56.46,2917253,0.0
2022-11-22,56.46,56.89,56.44,56.86,3118693,0.0
2022-11-23,56.97,57.965,56.97,57.95,3526188,0.0
2022-11-25,57.75,57.945,57.67,57.87,1231185,0.0
2022-11-28,57.34,57.64,56.835,56.84,2159299,0.0
2022-11-29,58.1,58.44,58.06,58.36,3667653,0.0
2022-11-30,59.62,60.895,59.02,60.7,7911909,0.0
2022-12-01,60.6,60.69,59.95,60.31,4235771,0.0
2022-12-02,58.82,59.59,58.75,59.44,2847232,0.0
2022-12-05,58.93,58.97,58.03,58.06,5087042,0.0
2022-12-06,57.67,57.69,56.97,57.08,3026520,0.0
2022-12-07,57.16,57.515,56.95,57.39,3838878,0.0
2022-12-08,57.56,57.75,57.365,57.62,3156317,0.0
2022-12-09,58.11,58.55,57.995,58.04,2358324,0.0
2022-12-12,57.97,58.25,57.83,58.2,1931266,0.0
2022-12-13,58.67,58.73,57.925,58.25,7042034,0.0
2022-12-14,58.13,58.425,57.35,58.01,3906628,0.0
2022-12-15,56.29,56.36,55.435,55.5,5242976,0.0
2022-12-16,56.29,56.53,56.15,56.31,3406131,0.0
2022-12-19,56.94,57.06,56.505,56.65,1977143,0.0
2022-12-20,57.174,57.52,57.09,57.44,4004415,0.0
2022-12-21,57.02,57.41,56.86,57.32,2698332,0.0
2022-12-22,57.36,57.43,56.55,56.9,3310592,0.0
2022-12-23,56.69,57.06,56.51,57.04,2094773,0.0
2022-12-27,57.6,57.82,57.52,57.65,2665942,0.0
2022-12-28,57.37,57.47,56.51,56.61,2829213,0.0
2022-12-29,56.69,57.16,56.535,57.13,2483032,0.0
2022-12-30,57.03,57.29,56.13,56.48,4703772,0.0
2023-01-03,55.9,56.29,55.22,55.43,5379776,0.0
2023-01-04,57.14,57.705,56.83,57.62,5008912,0.0
2023-01-05,56.87,57.11,56.69,57.01,2256677,0.0
2023-01-06,58.74,59.95,58.32,59.89,4759620,0.0
2023-01-09,61.29,61.875,61.09,61.15,3832975,0.0
2023-01-10,60.948,61.36,60.76,61.35,2104840,0.0
2023-01-11,61.12,61.52,60.98,61.51,2534775,0.0
2023-01-12,61.65,62.2,61.02,61.96,3731501,0.0
2023-01-13,61.81,62.54,61.81,62.42,2342636,0.0
2023-01-17,62.28,62.33,62.07,62.25,3123681,0.0
2023-01-18,62.62,62.72,61.32,61.32,3102097,0.0
2023-01-19,62.02,62.27,61.74,62.17,2458622,0.0
2023-01-20,62.65,63.26,62.47,63.24,2403342,0.0
2023-01-23,63.47,64.19,63.36,63.9,3415464,0.0
2023-01-24,63.44,63.92,63.31,63.71,3068937,0.0
2023-01-25,63.41,63.86,63.175,63.86,3197585,0.0
2023-01-26,65.0,65.09,64.57,65.09,4094270,0.0
2023-01-27,65.05,65.62,65.0,65.41,3447209,0.0
2023-01-30,64.19,64.42,63.96,63.97,2636484,0.0
2023-01-31,63.04,63.48,62.88,63.47,2154638,0.0
2023-02-01,64.25,65.41,63.88,65.11,4154750,0.0
2023-02-02,65.31,65.34,64.68,65.1,3281759,0.0
2023-02-03,63.91,64.355,63.302,63.4,3588261,0.0
2023-02-06,61.786,62.06,61.405,61.59,3713332,0.0
2023-02-07,62.15,62.93,61.895,62.75,3731649,0.0
2023-02-08,63.42,63.44,62.785,62.91,2461273,0.0
2023-02-09,63.69,63.78,62.545,62.72,3230063,0.0
2023-02-10,62.65,62.785,62.32,62.48,2558726,0.0
2023-02-13,62.01,62.61,61.88,62.61,3013016,0.0
2023-02-14,62.41,63.035,62.09,62.6,4276221,0.0
2023-02-15,60.6,60.84,60.34,60.79,2817128,0.0
2023-02-16,61.1,61.86,61.05,61.45,2751904,0.0
2023-02-17,60.7,60.96,60.35,60.89,2000956,0.0
2023-02-21,60.69,60.83,60.01,60.11,2411463,0.0
2023-02-22,59.78,59.95,59.36,59.52,4846214,0.0
2023-02-23,60.78,60.89,60.04,60.52,5879059,0.0
2023-02-24,58.81,58.94,58.36,58.61,6601007,0.0
2023-02-27,58.79,59.01,58.635,58.72,5584333,0.0
2023-02-28,58.69,58.93,58.41,58.5,4519660,0.0
2023-03-01,59.86,60.09,59.37,59.62,7552626,0.0
2023-03-02,58.86,59.4,58.78,59.36,6722447,0.0
2023-03-03,59.91,60.655,59.75,60.6,4393221,0.0
2023-03-06,60.9,61.07,60.64,60.73,5455098,0.0
2023-03-07,60.31,60.32,59.01,59.03,6383395,0.0
2023-03-08,59.07,59.34,58.825,59.19,4029856,0.0
2023-03-09,58.62,58.83,57.66,57.74,4216054,0.0
2023-03-10,58.32,58.77,57.72,57.77,6017785,0.0
2023-03-13,58.42,59.27,58.42,59.02,9957140,0.0
2023-03-14,58.09,58.415,57.9,58.24,5901424,0.0
2023-03-15,56.92,57.48,56.78,57.3,5837886,0.0
2023-03-16,57.77,59.08,57.635,59.05,4800522,0.0
2023-03-17,58.64,58.85,58.3,58.33,4050989,0.0
2023-03-20,58.5,58.84,58.44,58.81,3445881,0.0
2023-03-21,58.95,59.18,58.67,59.13,2967937,0.0
2023-03-22,59.53,60.76,59.42,59.49,5584666,0.0
2023-03-23,60.72,61.27,60.09,60.47,4697906,0.0
2023-03-24,59.15,59.77,58.96,59.69,3021864,0.0
2023-03-27,59.44,59.62,59.235,59.49,2738597,0.0
2023-03-28,59.9,60.11,59.83,60.03,2321056,0.0
2023-03-29,60.17,60.265,59.76,60.0,2756423,0.0
2023-03-30,60.59,60.745,60.465,60.68,2634171,0.0
2023-03-31,61.07,61.52,60.89,61.22,3563501,0.0
2023-04-03,60.3,60.9,60.2,60.86,3320752,0.0
2023-04-04,60.55,60.775,60.37,60.55,2870382,0.0
2023-04-05,61.04,61.15,60.48,60.62,3170818,0.0
2023-04-06,59.74,60.125,59.5,59.96,2641796,0.0
2023-04-10,60.82,61.3,60.745,61.26,3375718,0.0
2023-04-11,62.14,62.18,61.925,62.02,3108769,0.0
2023-04-12,62.67,62.76,62.07,62.16,4454595,0.0
2023-04-13,63.62,64.04,63.58,64.01,3664535,0.0
2023-04-14,63.53,63.77,62.995,63.35,2561968,0.0
2023-04-17,62.84,62.93,62.565,62.83,2451348,0.0
2023-04-18,63.1,63.155,62.78,62.97,1932622,0.0
2023-04-19,62.21,62.45,62.12,62.36,1804048,0.0
2023-04-20,62.38,62.635,62.06,62.16,3163005,0.0
2023-04-21,61.68,61.69,61.195,61.56,3255528,0.0
2023-04-24,61.17,61.27,60.935,61.16,1984825,0.0
2023-04-25,59.9,59.94,59.41,59.43,2554555,0.0
2023-04-26,59.88,60.06,59.605,59.76,1807077,0.0
2023-04-27,59.8,60.625,59.8,60.53,1961498,0.0
2023-04-28,60.3,60.67,60.25,60.67,3187191,0.0
2023-05-01,60.46,60.84,60.18,60.27,2247117,0.0
2023-05-02,60.59,60.72,60.295,60.4,2906525,0.0
2023-05-03,60.44,60.8,60.05,60.08,3012412,0.0
2023-05-04,60.58,60.69,60.38,60.56,2580917,0.0
2023-05-05,60.91,61.72,60.85,61.59,2267995,0.0
2023-05-08,61.55,61.62,61.45,61.55,2675164,0.0
2023-05-09,61.04,61.1,60.91,60.98,3066106,0.0
2023-05-10,61.23,61.255,60.65,61.06,3639360,0.0
2023-05-11,59.97,60.095,59.61,60.06,5277805,0.0
2023-05-12,59.65,59.7,59.14,59.27,2862043,0.0
2023-05-15,59.74,60.265,59.715,60.22,3369874,0.0
2023-05-16,59.8,59.94,59.535,59.59,2381794,0.0
2023-05-17,60.46,60.795,60.27,60.73,2780642,0.0
2023-05-18,60.87,61.235,60.64,61.2,3852403,0.0
2023-05-19,62.0,62.15,61.8,62.05,3780456,0.0
2023-05-22,62.98,63.2,62.95,63.11,2102651,0.0
2023-05-23,62.78,62.99,62.31,62.35,3130840,0.0
2023-05-24,62.75,62.77,62.32,62.35,2826952,0.0
2023-05-25,62.34,62.34,61.895,62.05,3058432,0.0
2023-05-26,62.32,63.16,62.32,63.1,3131379,0.0
2023-05-30,63.81,63.81,63.33,63.44,3506242,0.0
2023-05-31,62.71,62.85,62.27,62.78,3613607,0.0
2023-06-01,62.93,63.79,62.89,63.76,3279360,0.0
2023-06-02,64.86,65.295,64.86,65.16,4695185,0.0
2023-06-05,64.89,65.25,64.89,65.13,2945649,0.0
2023-06-06,65.17,65.91,65.045,65.7,3245739,0.0
2023-06-07,65.27,65.435,64.695,64.76,3741236,0.0
2023-06-08,65.08,65.695,65.01,65.66,2246592,0.0
2023-06-09,66.49,66.94,66.48,66.68,3362812,0.0
2023-06-12,66.22,66.675,66.08,66.64,2172390,0.0
2023-06-13,67.43,67.66,67.17,67.51,4552959,0.0
2023-06-14,66.76,67.205,66.43,66.88,3448728,0.0
2023-06-15,66.23,67.075,66.23,67.04,3473905,0.0
2023-06-16,66.88,66.91,66.375,66.48,3030287,0.0
2023-06-20,65.46,65.58,65.07,65.18,3317918,0.0
2023-06-21,64.41,64.825,64.26,64.62,3539926,0.0
2023-06-22,64.41,64.675,64.36,64.64,2554950,0.0
2023-06-23,63.51,63.515,63.185,63.31,3514653,0.0
2023-06-26,63.96,64.09,63.865,63.9,2084533,0.0
2023-06-27,64.37,64.64,64.255,64.57,2705030,0.0
2023-06-28,63.06,63.39,63.02,63.28,2875512,0.0
2023-06-29,62.63,62.84,62.48,62.72,4289395,0.0
2023-06-30,63.37,63.545,63.2,63.38,3602729,0.0
2023-07-03,64.62,65.0,64.62,64.79,2258067,0.0
2023-07-05,64.21,64.26,63.98,64.06,4168386,0.0
2023-07-06,63.04,63.09,62.48,62.81,3508164,0.0
2023-07-07,62.73,63.555,62.71,63.14,3412250,0.0
2023-07-10,62.69,63.245,62.69,63.22,1902819,0.0
2023-07-11,64.19,64.39,63.97,64.35,2610073,0.0
2023-07-12,65.605,66.14,65.605,66.1,4337959,0.0
2023-07-13,66.58,67.14,66.58,66.97,4753958,0.0
2023-07-14,67.35,67.44,67.115,67.18,3802937,0.0
2023-07-17,67.15,67.64,67.035,67.54,2565376,0.0
2023-07-18,67.34,67.56,67.165,67.34,2874790,0.0
2023-07-19,67.18,67.32,66.93,67.12,2513514,0.0
2023-07-20,66.64,66.64,65.97,66.0,4177876,0.0
2023-07-21,66.38,66.43,65.94,66.03,2093772,0.0
2023-07-24,67.14,67.5875,67.07,67.3,3794081,0.0
2023-07-25,67.64,67.95,67.6,67.9,2735633,0.0
2023-07-26,66.75,67.805,66.73,67.53,5602950,0.0
2023-07-27,67.24,67.27,66.24,66.32,3650863,0.0
2023-07-28,67.24,67.595,67.09,67.49,2634898,0.0
2023-07-31,67.47,67.69,67.395,67.57,1923629,0.0
2023-08-01,67.74,67.9,67.415,67.56,3499908,0.0
2023-08-02,65.85,65.85,65.34,65.48,3994517,0.0
2023-08-03,65.21,65.67,65.12,65.45,2600002,0.0
2023-08-04,65.08,65.58,64.78,64.83,3964850,0.0
2023-08-07,64.64,64.695,64.35,64.65,3096438,0.0
2023-08-08,63.52,63.815,63.18,63.77,4313663,0.0
2023-08-09,64.62,64.62,64.01,64.28,4725725,0.0
2023-08-10,64.38,64.815,63.75,63.86,4979799,0.0
2023-08-11,63.17,63.425,62.96,63.12,3646715,0.0
2023-08-14,62.32,62.655,62.135,62.56,3175046,0.0
2023-08-15,62.48,62.49,61.845,62.01,2872917,0.0
2023-08-16,61.22,61.4105,60.71,60.76,3849196,0.0
2023-08-17,61.51,61.51,60.72,60.82,3672880,0.0
2023-08-18,60.29,60.82,60.24,60.67,3258722,0.0
2023-08-21,60.92,61.12,60.575,61.08,2238551,0.0
2023-08-22,61.16,61.25,60.715,60.78,2664666,0.0
2023-08-23,60.86,61.61,60.8,61.55,3027490,0.0
2023-08-24,62.36,62.43,61.48,61.51,2639442,0.0
2023-08-25,61.86,62.31,61.35,62.01,4471887,0.0
2023-08-28,62.47,62.595,62.34,62.51,2498087,0.0
2023-08-29,62.18,63.38,62.14,63.35,3821155,0.0
2023-08-30,62.79,63.075,62.68,62.94,2247275,0.0
2023-08-31,62.63,62.77,62.375,62.45,3582147,0.0
2023-09-01,63.49,63.67,62.925,63.21,3185477,0.0
2023-09-05,62.87,63.015,62.74,62.76,2900580,0.0
2023-09-06,62.42,62.62,61.93,62.02,3067987,0.0
2023-09-07,61.59,61.87,61.56,61.74,1918862,0.0
2023-09-08,61.91,62.18,61.74,61.79,2297543,0.0
2023-09-11,62.64,62.84,62.39,62.78,3339609,0.0
2023-09-12,61.74,62.17,61.74,62.01,3469360,0.0
2023-09-13,62.08,62.31,61.93,62.03,2222661,0.0
2023-09-14,62.87,63.02,62.55,62.84,3040503,0.0
2023-09-15,63.42,63.735,63.0,63.12,3542230,0.0
2023-09-18,63.07,63.34,63.03,63.25,3971328,0.0
2023-09-19,62.55,62.67,62.345,62.58,2983005,0.0
2023-09-20,62.87,63.1,62.12,62.14,3980600,0.0
2023-09-21,60.66,60.85,60.45,60.5,3516488,0.0
2023-09-22,61.15,61.37,60.69,60.8,3217434,0.0
2023-09-25,60.4,60.71,60.34,60.62,2366005,0.0
2023-09-26,59.27,59.36,58.615,58.7,3735234,0.0
2023-09-27,59.16,59.2,58.49,58.72,3465733,0.0
2023-09-28,58.64,59.46,58.32,59.27,3875915,0.0
2023-09-29,59.89,59.89,58.815,58.94,3608662,0.0
2023-10-02,58.64,58.815,58.15,58.45,4489729,0.0
2023-10-03,57.86,58.31,57.67,57.86,4903142,0.0
2023-10-04,57.92,57.92,57.4,57.75,5464743,0.0
2023-10-05,57.61,58.08,57.25,57.98,2738516,0.0
2023-10-06,57.65,58.82,57.46,58.61,4327774,0.0
2023-10-09,57.82,58.55,57.45,58.47,2729854,0.0
2023-10-10,58.02,58.78,58.01,58.55,4431314,0.0
2023-10-11,59.56,59.59,59.15,59.56,3205749,0.0
2023-10-12,59.85,59.88,58.865,59.03,3826716,0.0
2023-10-13,58.99,59.19,58.61,58.76,2900851,0.0
2023-10-16,58.71,59.13,58.55,59.09,2929466,0.0
2023-10-17,58.69,59.35,58.66,59.04,4798944,0.0
2023-10-18,59.09,59.15,58.38,58.47,4125737,0.0
2023-10-19,58.0,58.37,57.57,57.71,4123115,0.0
2023-10-20,57.19,57.42,56.87,56.88,3312098,0.0
2023-10-23,56.71,57.495,56.37,57.11,4255888,0.0
2023-10-24,57.78,57.955,57.53,57.86,3307636,0.0
2023-10-25,56.89,57.01,56.25,56.39,3185735,0.0
2023-10-26,55.3,55.52,54.84,55.17,4803560,0.0
2023-10-27,55.19,55.275,54.49,54.64,3459669,0.0
2023-10-30,55.87,56.05,55.47,55.95,3890098,0.0
2023-10-31,54.88,55.04,54.61,54.95,5454260,0.0
2023-11-01,55.29,56.27,55.22,56.25,5463917,0.0
2023-11-02,57.72,58.07,57.56,58.05,6900410,0.0
2023-11-03,59.48,59.88,59.37,59.67,4603778,0.0
2023-11-06,63.24,63.385,62.47,62.68,6672359,0.0
2023-11-07,61.2,61.875,60.91,61.65,4084913,0.0
2023-11-08,60.45,60.695,60.02,60.47,4219806,0.0
2023-11-09,60.54,60.78,59.73,59.87,3749053,0.0
2023-11-10,59.68,60.365,59.44,60.3,2457399,0.0
2023-11-13,59.43,59.92,59.245,59.69,2075513,0.0
2023-11-14,61.2,62.04,61.13,61.89,3828033,0.0
2023-11-15,62.31,62.77,62.18,62.34,3816284,0.0
2023-11-16,62.76,63.055,62.5,62.78,3018713,0.0
2023-11-17,62.31,62.43,62.11,62.25,3077710,0.0
2023-11-20,62.9,63.67,62.9,63.51,2486372,0.0
2023-11-21,63.33,63.425,62.79,62.88,2048381,0.0
2023-11-22,62.97,63.19,62.66,62.91,2336777,0.0
2023-11-24,62.09,62.41,62.08,62.32,1215109,0.0
2023-11-27,62.22,62.63,62.16,62.56,3574759,0.0
2023-11-28,63.21,63.705,63.13,63.49,3722490,0.0
2023-11-29,63.61,63.83,63.245,63.38,4689378,0.0
2023-11-30,63.25,63.29,62.77,63.04,4354037,0.0
2023-12-01,62.29,63.4,62.11,63.32,5116120,0.0
2023-12-04,62.33,62.58,61.83,62.05,3128895,0.0
2023-12-05,61.4,61.68,61.15,61.54,3223343,0.0
2023-12-06,61.8,61.8,61.13,61.14,2921244,0.0
2023-12-07,61.41,61.9,61.25,61.8,2767780,0.0
2023-12-08,62.12,62.52,61.74,62.16,2245485,0.0
2023-12-11,62.18,62.795,62.16,62.71,1918648,0.0
2023-12-12,62.74,63.08,62.365,63.05,2603776,0.0
2023-12-13,62.06,64.02,61.8,63.81,3452002,0.0
2023-12-14,64.16,64.88,64.11,64.65,4700906,0.0
2023-12-15,64.18,64.47,63.845,63.94,3330963,0.0
2023-12-18,64.25,64.4,64.0,64.19,2963122,0.0
2023-12-19,64.4,64.955,64.4,64.91,2279863,0.0
2023-12-20,63.98,64.12,63.015,63.12,4834493,0.0
2023-12-21,63.95,64.13,63.59,64.12,2925967,0.0
2023-12-22,63.94,64.16,63.75,63.97,1898369,0.0
2023-12-26,64.24,64.4,63.935,64.27,1926818,0.0
2023-12-27,64.73,64.98,64.665,64.85,2629930,0.0
2023-12-28,65.9,66.3,65.9,65.98,3135231,0.0
2023-12-29,65.32,65.92,65.32,65.53,2268508,0.0
2024-01-02,64.99,65.08,64.52,64.74,2965229,0.0
2024-01-03,63.22,63.63,63.03,63.35,4219454,0.0
2024-01-04,62.75,63.05,62.6,62.72,2893040,0.0
2024-01-05,62.71,63.545,62.66,62.88,2672395,0.0
2024-01-08,62.43,63.24,62.36,63.21,2027634,0.0
2024-01-09,61.97,62.09,61.605,61.78,5722430,0.0
2024-01-10,61.35,61.585,61.095,61.42,4208496,0.0
2024-01-11,61.66,61.78,60.84,61.53,3780220,0.0
2024-01-12,61.37,61.775,61.19,61.36,1421098,0.0
2024-01-16,59.35,59.49,58.88,58.99,3547496,0.0
2024-01-17,57.2,57.49,57.035,57.46,4157958,0.0
2024-01-18,58.06,58.56,58.0,58.53,5263233,0.0
2024-01-19,58.86,59.31,58.58,59.26,4058080,0.0
2024-01-22,58.5,58.67,58.355,58.53,2629246,0.0
2024-01-23,58.93,58.955,58.565,58.92,2620451,0.0
2024-01-24,59.36,59.68,59.115,59.12,4671815,0.0
2024-01-25,59.1,59.1,58.71,58.9,2970791,0.0
2024-01-26,59.52,59.695,59.32,59.5,2571924,0.0
2024-01-29,60.06,60.265,59.755,60.16,3817979,0.0
2024-01-30,59.92,60.04,59.665,59.91,3851688,0.0
2024-01-31,59.93,60.25,59.28,59.47,5137869,0.0
2024-02-01,60.86,61.33,60.69,61.3,4518954,0.0
2024-02-02,62.69,62.73,62.285,62.61,6471452,0.0
2024-02-05,62.03,62.365,61.77,62.13,3185167,0.0
2024-02-06,62.19,62.35,62.035,62.18,3883745,0.0
2024-02-07,63.39,63.44,63.08,63.28,2740319,0.0
2024-02-08,63.28,63.39,63.055,63.28,2802744,0.0
2024-02-09,63.38,63.72,62.98,63.67,2329787,0.0
2024-02-12,63.77,65.05,63.73,64.45,5135126,0.0
2024-02-13,63.22,63.31,62.4,62.71,5663462,0.0
2024-02-14,63.39,63.895,63.29,63.87,2641257,0.0
2024-02-15,63.59,63.84,63.335,63.79,3214553,0.0
2024-02-16,64.03,64.485,63.919,64.19,2395594,0.0
2024-02-20,64.38,64.565,64.115,64.3,2592384,0.0
2024-02-21,64.23,64.315,63.89,64.3,2171723,0.0
2024-02-22,64.9,65.15,64.79,65.13,2127457,0.0
2024-02-23,64.81,65.225,64.79,65.16,5291276,0.0
2024-02-26,64.22,64.43,64.12,64.2,2279135,0.0
2024-02-27,63.73,63.7725,63.545,63.62,3637597,0.0
2024-02-28,64.23,64.32,64.095,64.15,2630968,0.0
2024-02-29,64.58,64.58,63.91,64.11,3145140,0.0
2024-03-01,64.23,65.13,64.0925,64.93,3928786,0.0
2024-03-04,65.58,65.73,65.461,65.6,4045402,0.0
2024-03-05,64.84,64.93,64.08,64.31,3485728,0.0
2024-03-06,64.8,65.27,64.785,65.08,3002303,0.0
2024-03-07,65.31,65.89,65.28,65.88,2205577,0.0
2024-03-08,66.83,66.985,66.16,66.27,3129508,0.0
2024-03-11,66.27,66.34,65.995,66.23,2503705,0.0
2024-03-12,66.97,67.27,66.56,67.22,4120929,0.0
2024-03-13,67.07,67.175,66.895,67.09,4188027,0.0
2024-03-14,67.42,67.58,66.81,67.05,5296421,0.0
2024-03-15,65.75,65.91,65.475,65.59,4508883,0.0
2024-03-18,66.11,66.165,65.73,65.76,2891050,0.0
2024-03-19,64.88,65.4,64.74,65.28,3755311,0.0
2024-03-20,65.77,66.83,65.7,66.83,2795363,0.0
2024-03-21,68.07,68.2,67.53,67.53,4593015,0.0
2024-03-22,67.13,67.2481,66.9,67.05,2202235,0.0
2024-03-25,67.1,67.61,67.1,67.52,1428447,0.0
2024-03-26,67.85,67.85,67.36,67.4,2107322,0.0
2024-03-27,67.25,67.315,67.01,67.3,2239105,0.0
2024-03-28,67.28,67.28,67.005,67.11,2846363,0.0
2024-04-01,66.95,67.43,66.35,66.6,3070833,0.0
2024-04-02,66.79,66.79,66.44,66.67,3025183,0.0
2024-04-03,65.75,66.605,65.685,66.5,3966926,0.0
2024-04-04,67.38,67.545,66.07,66.11,3739717,0.0
2024-04-05,65.85,66.305,65.56,66.1,2478627,0.0
2024-04-08,66.05,66.395,66.04,66.24,2763991,0.0
2024-04-09,65.64,65.955,65.21,65.87,4802914,0.0
2024-04-10,63.88,63.96,62.68,63.35,8212460,0.0
2024-04-11,64.98,65.165,64.42,64.92,8115994,0.0
2024-04-12,63.15,63.15,62.33,62.61,7149536,0.0
2024-04-15,63.34,63.34,62.11,62.26,3742110,0.0
2024-04-16,61.14,61.58,60.96,61.29,5449014,0.0
2024-04-17,61.21,61.27,60.6,60.88,5964508,0.0
2024-04-18,62.23,62.395,61.615,61.8,4497801,0.0
2024-04-19,61.7,61.79,61.155,61.32,4030259,0.0
2024-04-22,62.3,62.88,62.095,62.68,3082592,0.0
2024-04-23,62.52,63.05,62.36,62.99,2812105,0.0
2024-04-24,63.5,63.59,62.95,63.16,2061629,0.0
2024-04-25,61.99,63.08,61.99,62.9,3201710,0.0
2024-04-26,63.1,63.41,63.1,63.34,1785169,0.0
2024-04-29,63.82,64.09,63.625,64.02,2066844,0.0
2024-04-30,63.42,63.72,63.015,63.05,2932498,0.0
2024-05-01,63.14,64.14,62.81,63.09,3456843,0.0
2024-05-02,63.61,64.64,63.36,64.46,3681606,0.0
2024-05-03,65.07,65.29,64.7,65.18,2545163,0.0
2024-05-06,65.46,65.84,65.35,65.75,1847524,0.0
2024-05-07,65.82,65.92,65.54,65.69,2898311,0.0
2024-05-08,65.56,65.91,65.56,65.83,1926040,0.0
2024-05-09,64.94,65.22,64.75,65.1,2161130,0.0
2024-05-10,65.32,65.43,64.765,64.88,1779044,0.0
2024-05-13,64.91,65.2,64.88,65.03,2039744,0.0
2024-05-14,65.04,65.6,65.04,65.57,2240956,0.0
2024-05-15,66.49,66.95,66.1,66.92,4190673,0.0
2024-05-16,66.69,66.83,66.37,66.37,1761697,0.0
2024-05-17,65.16,65.67,65.1,65.46,3581267,0.0
2024-05-20,65.18,65.43,65.09,65.24,1611841,0.0
2024-05-21,64.93,64.99,64.72,64.85,2185217,0.0
2024-05-22,64.64,64.85,64.32,64.54,4664445,0.0
2024-05-23,65.05,65.09,63.71,63.88,3102295,0.0
2024-05-24,63.79,64.24,63.765,64.1,2075650,0.0
2024-05-28,65.11,65.26,64.515,64.73,1760805,0.0
2024-05-29,63.5,63.5,63.125,63.15,2525028,0.0
2024-05-30,62.61,62.805,62.37,62.49,3278453,0.0
2024-05-31,62.29,62.41,61.41,62.18,3092144,0.0
2024-06-03,63.12,63.32,62.75,63.21,2449530,0.0
2024-06-04,62.9,63.16,62.56,62.99,2970660,0.0
2024-06-05,63.7,64.2,63.41,64.18,2923140,0.0
2024-06-06,64.49,64.75,64.255,64.69,2582851,0.0
2024-06-07,64.2,64.205,63.64,63.66,2625267,0.0
2024-06-10,63.71,64.24,63.59,64.18,1217631,0.0
2024-06-11,63.68,63.855,63.38,63.78,2631724,0.0
2024-06-12,65.56,65.87,65.145,65.37,2870551,0.0
2024-06-13,65.21,65.325,64.42,64.84,1782949,0.0
2024-06-14,64.25,64.57,64.07,64.52,2411801,0.0
2024-06-17,64.54,65.28,64.425,65.04,2395156,0.0
2024-06-18,65.14,65.745,65.06,65.63,2139685,0.0
2024-06-20,65.74,65.86,65.1,65.36,2922541,0.0
2024-06-21,65.28,65.37,65.025,65.12,1908718,0.0
2024-06-24,65.02,65.52,64.94,64.98,1174129,0.0
2024-06-25,65.09,65.12,64.8,65.03,1878295,0.0
2024-06-26,65.15,65.46,65.13,65.24,1583097,0.0
2024-06-27,65.86,66.07,65.69,65.79,1673558,0.0
2024-06-28,66.4,66.5751,65.87,66.09,1445235,0.0
2024-07-01,66.43,66.51,65.965,66.12,1605312,0.0
2024-07-02,65.53,66.19,65.5,66.16,1740891,0.0
2024-07-03,66.4,66.99,66.33,66.85,2113745,0.0
2024-07-05,68.69,69.01,68.18,68.96,3252750,0.0
2024-07-08,68.45,68.61,68.18,68.21,2415216,0.0
2024-07-09,68.24,68.35,68.05,68.13,1526871,0.0
2024-07-10,68.39,68.82,68.35,68.8,1994975,0.0
2024-07-11,69.51,69.515,68.62,68.85,2439294,0.0
2024-07-12,68.51,68.965,68.46,68.65,4171731,0.0
2024-07-15,68.13,68.265,67.51,67.61,1903409,0.0
2024-07-16,67.95,68.31,67.75,68.23,1716051,0.0
2024-07-17,67.28,67.46,66.95,67.08,2025124,0.0
2024-07-18,66.87,66.945,65.74,65.97,2938528,0.0
2024-07-19,65.94,66.03,65.165,65.23,2212729,0.0
2024-07-22,65.79,65.9,65.44,65.79,1560547,0.0
2024-07-23,65.69,65.78,65.48,65.49,1544521,0.0
2024-07-24,65.5,65.52,64.48,64.51,2919388,0.0
2024-07-25,64.31,64.67,63.84,64.06,3969445,0.0
2024-07-26,64.94,65.22,64.785,65.05,2576811,0.0
2024-07-29,65.3,65.3,64.84,65.05,1663533,0.0
2024-07-30,65.08,65.14,64.27,64.52,1779044,0.0
2024-07-31,66.53,66.93,66.175,66.55,4636098,0.0
2024-08-01,66.24,66.48,64.97,65.32,2516318,0.0
2024-08-02,63.95,64.135,63.335,63.55,6062711,0.0
2024-08-05,58.46,60.59,58.36,60.11,8859647,0.0
2024-08-06,58.98,60.0875,58.65,59.44,6844166,0.0
2024-08-07,61.79,61.83,59.94,59.96,5604897,0.0
2024-08-08,60.72,61.66,60.34,61.47,3453116,0.0
2024-08-09,61.8,62.36,61.635,62.22,3725749,0.0
2024-08-12,62.2,62.59,62.045,62.26,2765519,0.0
2024-08-13,62.6,63.61,62.58,63.59,2489562,0.0
2024-08-14,63.58,63.775,63.29,63.71,3430470,0.0
2024-08-15,64.05,64.775,64.01,64.34,3353084,0.0
2024-08-16,64.76,65.575,64.76,65.54,3982247,0.0
2024-08-19,65.46,66.38,65.46,66.28,3028141,0.0
2024-08-20,66.27,66.429,65.97,66.32,2500693,0.0
2024-08-21,66.09,66.72,66.005,66.39,2241347,0.0
2024-08-22,66.19,66.28,65.06,65.13,2885750,0.0
2024-08-23,66.23,67.24,66.065,67.21,3794763,0.0
2024-08-26,66.54,66.655,66.03,66.09,1898301,0.0
2024-08-27,65.77,66.39,65.7,66.18,2328148,0.0
2024-08-28,65.91,66.09,65.235,65.51,2894985,0.0
2024-08-29,65.6,66.07,65.39,65.41,3156253,0.0
2024-08-30,65.56,65.715,64.94,65.5,2301322,0.0
2024-09-03,64.68,64.74,63.145,63.24,3237100,0.0
2024-09-04,62.65,63.785,62.65,63.26,3361583,0.0
2024-09-05,63.18,63.33,62.605,62.84,2865761,0.0
2024-09-06,62.24,62.42,60.37,60.5,4245817,0.0
2024-09-09,61.51,61.9,61.31,61.65,2233564,0.0
2024-09-10,61.42,61.42,60.68,61.28,3078598,0.0
2024-09-11,60.96,61.72,59.97,61.66,2827465,0.0
2024-09-12,62.02,62.54,61.68,62.51,2996405,0.0
2024-09-13,63.13,63.51,63.12,63.3,1999498,0.0
2024-09-16,63.73,63.73,63.1,63.52,4353919,0.0
2024-09-17,63.88,63.88,63.055,63.22,2158784,0.0
2024-09-18,63.43,64.49,62.92,63.26,4499757,0.0
2024-09-19,63.55,64.09,63.085,63.91,4225221,0.0
2024-09-20,63.12,63.4,62.7299,63.32,1873266,0.0
2024-09-23,63.49,63.85,63.36,63.69,1946414,0.0
2024-09-24,64.77,65.07,64.39,65.04,5483802,0.0
2024-09-25,63.97,64.045,63.33,63.36,3429264,0.0
2024-09-26,66.845,67.175,66.18,67.08,6563486,0.0
2024-09-27,66.52,66.75,66.18,66.34,4236373,0.0
2024-09-30,64.55,64.68,63.66,63.96,5333921,0.0
2024-10-01,64.58,64.58,62.91,63.48,4364779,0.0
2024-10-02,63.43,63.715,62.98,63.4,2852229,0.0
2024-10-03,62.57,63.07,62.35,62.7,3988219,0.0
2024-10-04,62.76,62.78,62.33,62.7,2590806,0.0
2024-10-07,63.32,63.49,62.88,63.02,2579624,0.0
2024-10-08,63.38,63.435,63.115,63.39,2693530,0.0
2024-10-09,63.26,63.81,63.09,63.56,1805597,0.0
2024-10-10,63.21,63.4,62.805,63.31,1957140,0.0
2024-10-11,62.98,63.44,62.91,63.39,2807588,0.0
2024-10-14,63.4,63.645,63.09,63.57,1953750,0.0
2024-10-15,63.47,63.47,62.03,62.1,4177773,0.0
2024-10-16,62.84,63.005,62.73,62.87,1759620,0.0
2024-10-17,62.51,62.615,62.28,62.39,2348669,0.0
2024-10-18,62.21,62.31,62.015,62.07,2411717,0.0
2024-10-21,61.76,61.9,61.27,61.59,2807844,0.0
2024-10-22,60.88,60.985,60.71,60.88,3211641,0.0
2024-10-23,61.32,61.43,60.795,61.22,2021245,0.0
2024-10-24,61.34,61.36,60.8,61.24,2171918,0.0
2024-10-25,61.32,61.4,60.79,61.14,2948239,0.0
2024-10-28,61.69,61.815,61.55,61.72,2544611,0.0
2024-10-29,61.44,61.91,61.3,61.68,2323989,0.0
2024-10-30,60.99,61.325,60.77,60.8,2163991,0.0
2024-10-31,60.09,60.22,59.475,59.91,2422107,0.0
2024-11-01,60.29,60.43,59.94,60.02,2092287,0.0
2024-11-04,61.06,61.29,60.77,60.9,2459873,0.0
2024-11-05,61.06,61.325,60.79,61.12,3421763,0.0
2024-11-06,59.7,59.71,58.86,59.37,5552969,0.0
2024-11-07,60.33,60.755,60.22,60.72,3395729,0.0
2024-11-08,59.8,59.82,58.905,59.2,3419304,0.0
2024-11-11,58.74,58.795,58.22,58.37,3466105,0.0
2024-11-12,57.17,57.3,56.51,56.85,4149444,0.0
2024-11-13,56.4,56.45,55.795,55.88,4957556,0.0
2024-11-14,56.32,56.43,55.685,55.72,4176041,0.0
2024-11-15,56.5,56.56,56.01,56.2,6802182,0.0
2024-11-18,57.46,57.82,57.31,57.79,3773127,0.0
2024-11-19,57.28,57.72,57.24,57.53,2152415,0.0
2024-11-20,57.48,57.51,57.025,57.39,2468603,0.0
2024-11-21,58.12,58.17,57.69,58.01,2262866,0.0
2024-11-22,57.7,58.18,57.67,58.13,2645791,0.0
2024-11-25,59.09,59.09,58.51,58.74,2555687,0.0
2024-11-26,58.79,58.85,58.52,58.6,2757478,0.0
2024-11-27,58.4,58.52,57.965,58.14,1708132,0.0
2024-11-29,56.59,57.5,56.59,57.43,4213505,0.0
2024-12-02,56.72,56.95,56.525,56.71,5716848,0.0
2024-12-03,54.58,56.05,52.675,55.81,43627281,0.0
2024-12-04,55.91,56.24,55.5,56.21,6900915,0.0
2024-12-05,55.66,55.745,55.375,55.52,3655209,0.0
2024-12-06,55.23,55.31,54.81,54.96,5103566,0.0
2024-12-09,53.74,54.12,53.6,53.67,7313076,0.0
2024-12-10,54.61,54.66,53.915,53.93,3085919,0.0
2024-12-11,55.57,55.59,55.335,55.5,5577998,0.0
2024-12-12,55.77,55.94,55.465,55.48,2079759,0.0
2024-12-13,56.16,56.16,55.7501,55.99,2642842,0.0
2024-12-16,55.56,55.78,55.45,55.58,3792383,0.0
2024-12-17,53.52,53.655,53.28,53.57,3411298,0.0
2024-12-18,54.32,54.35,51.995,52.11,4670821,0.0
2024-12-19,53.0,53.045,52.51,52.59,3221075,0.0
2024-12-20,51.99,52.74,51.905,52.34,3401944,0.0
2024-12-23,52.46,52.81,52.3,52.77,2484932,0.0
2024-12-24,52.58,52.76,52.37,52.71,1562977,0.0
2024-12-26,51.88,52.065,51.76,51.97,2213100,0.0
2024-12-27,51.415,51.57,51.18,51.46,2595192,0.0
2024-12-30,51.09,51.43,50.91,51.19,2556813,0.0
2024-12-31,51.18,51.31,50.74,50.89,1648047,0.0
2025-01-02,51.43,51.54,50.88,51.12,2568380,0.0
2025-01-03,52.55,52.84,52.455,52.84,3661246,0.0
2025-01-06,54.45,54.765,54.31,54.4,4912556,0.0
2025-01-07,54.66,54.68,53.58,53.72,3341452,0.0
2025-01-08,54.52,54.52,54.09,54.32,5101929,0.0
2025-01-10,53.83,53.95,53.43,53.52,4427596,0.0
2025-01-13,53.25,53.52,53.12,53.49,2671790,0.0
2025-01-14,54.09,54.17,53.695,54.0,3510312,0.0
2025-01-15,54.55,54.89,54.522,54.79,3538896,0.0
2025-01-16,54.81,54.91,54.51,54.54,2884221,0.0
2025-01-17,54.87,55.18,54.65,54.83,3437753,0.0
2025-01-21,55.34,55.775,55.165,55.68,4194780,0.0
2025-01-22,56.28,56.33,56.02,56.11,3612195,0.0
2025-01-23,55.54,55.785,55.335,55.67,2012351,0.0
2025-01-24,55.92,56.17,55.81,55.9,2037703,0.0
2025-01-27,54.7,55.01,54.17,54.55,6111726,0.0
2025-01-28,54.47,54.54,54.04,54.3,3133866,0.0
2025-01-29,54.6,54.85,54.22,54.42,2844305,0.0
2025-01-30,54.91,55.52,54.83,55.27,3698255,0.0
2025-01-31,54.72,54.96,53.97,53.97,5369053,0.0
2025-02-03,52.76,53.57,52.67,53.38,4539710,0.0
2025-02-04,53.99,54.53,53.98,54.35,2551562,0.0
2025-02-05,54.72,55.11,54.695,54.96,2384022,0.0
2025-02-06,55.1,55.25,55.035,55.22,2376622,0.0
2025-02-07,54.97,55.1,54.01,54.14,3677890,0.0
2025-02-10,54.91,55.15,54.86,55.14,2080804,0.0
2025-02-11,54.93,55.26,54.87,55.07,3242767,0.0
2025-02-12,54.55,55.33,54.5,55.16,4528556,0.0
2025-02-13,55.45,56.43,55.4,56.35,3844410,0.0
2025-02-14,56.7,56.89,56.53,56.68,2635756,0.0
2025-02-18,57.2,57.63,57.14,57.44,4156804,0.0
2025-02-19,58.15,58.39,58.065,58.28,2271883,0.0
2025-02-20,58.27,58.535,58.165,58.46,1825049,0.0
2025-02-21,58.43,58.445,57.47,57.59,3109849,0.0
2025-02-24,58.11,58.11,57.44,57.47,3627951,0.0
2025-02-25,57.71,57.72,57.215,57.55,2125126,0.0
2025-02-26,57.84,58.34,57.67,57.81,2171724,0.0
2025-02-27,57.12,57.12,55.94,55.95,4575975,0.0
2025-02-28,54.4,54.7,54.09,54.67,5138677,0.0
2025-03-03,55.45,55.62,54.075,54.32,4534053,0.0
2025-03-04,54.22,55.155,53.78,54.57,3621938,0.0
2025-03-05,55.35,56.125,55.28,56.05,3346587,0.0
2025-03-06,55.4,55.71,54.92,54.94,4849665,0.0
2025-03-07,55.41,55.73,54.96,55.68,3166636,0.0
2025-03-10,55.0,55.04,53.735,54.09,3808278,0.0
2025-03-11,54.6,54.975,54.2,54.69,3706228,0.0
2025-03-12,55.99,56.06,55.56,55.95,4983013,0.0
2025-03-13,55.25,55.565,55.125,55.22,4062120,0.0
2025-03-14,55.77,56.17,55.66,56.14,2073613,0.0
2025-03-17,57.11,57.93,57.11,57.86,3471439,0.0
2025-03-18,56.89,57.1,56.65,56.97,2871133,0.0
2025-03-19,57.13,57.49,56.725,57.24,2752210,0.0
2025-03-20,56.49,56.87,56.36,56.73,1720063,0.0
2025-03-21,57.17,57.17,56.73,56.86,3722940,0.0
2025-03-24,57.13,57.355,57.04,57.31,1579986,0.0
2025-03-25,57.0,57.165,56.96,57.07,2309727,0.0
2025-03-26,57.47,57.47,56.69,56.81,1797106,0.0
2025-03-27,56.41,56.755,56.38,56.49,2370015,0.0
2025-03-28,55.41,55.485,54.665,54.79,3205826,0.0
2025-03-31,53.51,54.13,53.225,54.04,4189412,0.0
2025-04-01,54.57,54.97,54.27,54.85,2932493,0.0
2025-04-02,54.32,54.94,54.28,54.63,2237830,0.0
2025-04-03,53.77,53.92,53.1,53.14,3935227,0.0
2025-04-04,52.45,52.62,51.05,51.25,6914085,0.0
2025-04-07,50.06,52.4,49.85,50.78,7441002,0.0
2025-04-08,51.22,51.415,48.49,48.92,9307851,0.0
2025-04-09,49.16,53.68,48.76,53.28,9295855,0.0
2025-04-10,52.28,52.42,50.94,51.82,5704051,0.0
2025-04-11,53.16,54.36,52.995,54.31,4797656,0.0
2025-04-14,54.21,54.64,53.985,54.35,3473666,0.0
2025-04-15,54.82,54.82,54.36,54.38,2366288,0.0
2025-04-16,54.05,54.525,53.64,54.06,2059746,0.0
2025-04-17,54.68,54.725,54.285,54.31,2558802,0.0
2025-04-21,54.9,54.9,54.035,54.39,2644481,0.0
2025-04-22,54.82,55.14,54.635,54.81,3041642,0.0
2025-04-23,55.89,56.235,55.48,55.6,3853644,0.0
2025-04-24,55.21,55.965,55.155,55.95,2849599,0.0
2025-04-25,55.48,55.815,55.25,55.81,3422873,0.0
2025-04-28,55.33,55.765,55.33,55.65,2014778,0.0
2025-04-29,55.99,56.21,55.885,56.1,1850030,0.0
2025-04-30,56.0,56.32,55.695,56.19,2479058,0.0
2025-05-01,56.26,56.36,55.575,55.6,2933839,0.0
2025-05-02,58.0,58.1,57.565,57.71,4272089,0.0
2025-05-05,58.48,58.655,58.21,58.38,3256233,0.0
2025-05-06,57.65,58.61,57.65,58.5,3430086,0.0
2025-05-07,58.04,58.06,57.52,57.79,3568983,0.0
2025-05-08,57.79,57.98,57.19,57.2,3337070,0.0
2025-05-09,57.6,57.74,57.445,57.69,2223914,0.0
2025-05-12,58.05,58.09,57.76,58.04,3014100,0.0
2025-05-13,57.48,58.35,57.45,58.12,3024398,0.0
2025-05-14,59.15,59.19,58.46,58.61,4423023,0.0
2025-05-15,58.85,58.93,58.475,58.8,1819207,0.0
2025-05-16,58.76,58.845,58.54,58.79,1250811,0.0
2025-05-19,58.24,58.885,58.24,58.82,1420556,0.0
2025-05-20,58.34,58.475,58.255,58.4,2088421,0.0
2025-05-21,59.6,59.92,59.05,59.1,4021102,0.0
2025-05-22,58.26,58.515,58.19,58.29,2981683,0.0
2025-05-23,58.65,59.165,58.525,58.96,3422050,0.0
2025-05-27,59.95,59.98,59.765,59.98,2938621,0.0
2025-05-28,60.62,60.905,60.6,60.75,4630632,0.0
2025-05-29,61.96,61.96,61.415,61.8,4842258,0.0
2025-05-30,60.79,60.89,60.27,60.63,4386824,0.0
2025-06-02,61.3,61.74,61.135,61.74,3278815,0.0
2025-06-03,61.84,62.11,61.68,61.89,3878410,0.0
2025-06-04,63.59,64.075,63.485,63.98,8719989,0.0
2025-06-05,65.33,65.66,65.12,65.36,8432782,0.0
2025-06-06,65.295,65.58,65.275,65.57,3355662,0.0
2025-06-09,66.17,66.68,66.16,66.48,5771765,0.0
2025-06-10,65.97,66.22,65.82,66.16,3962634,0.0
2025-06-11,67.03,67.28,66.78,66.99,6496458,0.0
2025-06-12,67.46,67.725,67.39,67.69,4375316,0.0
2025-06-13,66.11,66.95,66.11,66.42,5023480,0.0
2025-06-16,68.19,68.7,68.095,68.19,6176507,0.0
2025-06-17,67.57,67.685,66.605,66.63,6376462,0.0
2025-06-18,67.9,68.195,67.605,67.87,7474031,0.0
2025-06-20,69.62,69.69,68.31,68.53,7209458,0.0
2025-06-23,68.13,69.485,67.98,69.42,5724551,0.0
2025-06-24,71.88,72.68,71.8,72.65,7190557,0.0
2025-06-25,71.94,72.4,71.65,72.37,5222031,0.0
2025-06-26,71.72,72.21,71.6,71.94,4206146,0.0
2025-06-27,70.945,71.205,70.4352,70.74,6292137,0.0
2025-06-30,71.595,71.795,71.41,71.78,4720388,0.0
2025-07-01,71.68,71.955,71.34,71.64,5401742,0.0
2025-07-02,71.09,71.95,71.08,71.95,3776886,0.0
2025-07-03,72.31,72.8,72.25,72.7,3214624,0.0
2025-07-07,70.94,71.145,69.85,70.07,7992462,0.0
2025-07-08,72.0,72.095,71.68,72.08,4639849,0.0
2025-07-09,72.06,72.255,71.82,72.08,4751169,0.0
2025-07-10,73.01,73.17,72.745,73.14,3464403,0.0
2025-07-11,72.71,72.79,72.545,72.56,2573826,0.0
2025-07-14,73.13,73.23,72.91,73.2,3410960,0.0
2025-07-15,73.86,73.895,73.01,73.07,3476332,0.0
2025-07-16,72.62,73.105,72.2,73.08,4072098,0.0
2025-07-17,72.48,73.06,72.415,73.06,2862777,0.0
2025-07-18,72.92,72.99,72.36,72.39,2764983,0.0
2025-07-21,73.52,74.095,73.49,73.87,4535114,0.0
2025-07-22,72.53,72.96,72.225,72.89,5417157,0.0
2025-07-23,73.44,73.9,73.255,73.85,4610123,0.0
2025-07-24,73.46,73.685,73.27,73.31,3892636,0.0
2025-07-25,73.12,73.24,72.965,73.21,2295969,0.0
2025-07-28,73.06,73.13,72.645,72.71,2591644,0.0
2025-07-29,73.35,73.77,73.3,73.49,3397260,0.0
2025-07-30,74.06,74.365,73.37,73.68,4322726,0.0
2025-07-31,73.12,73.14,72.535,72.81,4396625,0.0
2025-08-01,71.27,71.27,70.36,70.65,11792450,0.0
2025-08-04,72.38,72.42,72.1,72.33,3415632,0.0
2025-08-05,72.79,73.0,72.455,72.89,3881897,0.0
2025-08-06,72.68,73.18,72.67,73.18,2540793,0.0
2025-08-07,73.61,73.735,73.105,73.44,2208501,0.0
2025-08-08,73.11,73.59,73.09,73.5,3098313,0.0
2025-08-11,73.2,73.29,72.94,73.03,1917557,0.0
2025-08-12,73.3,74.12,73.26,74.1,2456582,0.0
2025-08-13,74.7,74.955,74.56,74.72,3856121,0.0
2025-08-14,73.61,73.82,73.46,73.66,1983824,0.0
2025-08-15,73.84,74.01,73.37,73.39,3400256,0.0
2025-08-18,72.72,72.85,72.6528,72.8,2995161,0.0
2025-08-19,72.17,72.19,71.415,71.44,5414765,0.0
2025-08-20,71.4,71.5,70.93,71.36,2444798,0.0
2025-08-21,71.21,71.275,70.93,71.22,2338664,0.0
2025-08-22,72.56,73.73,72.45,73.51,6844461,0.0
2025-08-25,73.09,73.18,72.71,72.73,3106018,0.0
2025-08-26,72.42,72.545,72.31,72.39,3674129,0.0
2025-08-27,72.0,72.495,71.88,72.47,1869972,0.0
2025-08-28,73.25,73.66,73.22,73.64,3087903,0.0
2025-08-29,72.24,72.3299,71.97,72.24,3359025,0.0
2025-09-02,71.5,72.11,71.39,71.92,2553171,0.0
2025-09-03,72.92,73.17,72.725,72.91,2250339,0.0
2025-09-04,72.78,73.1199,72.58,73.07,1886130,0.0
2025-09-05,73.7,73.91,73.12,73.63,3308814,0.0
2025-09-08,73.85,74.205,73.85,74.19,2178848,0.0
2025-09-09,74.86,75.125,74.725,74.92,3469218,0.0
2025-09-10,76.36,76.865,76.325,76.65,4427128,0.0
2025-09-11,77.39,78.47,77.39,77.86,6894517,0.0
2025-09-12,78.48,78.75,78.39,78.66,2951411,0.0
2025-09-15,79.0,79.275,78.93,79.19,3824042,0.0
2025-09-16,80.37,80.75,80.13,80.69,5797790,0.0
2025-09-17,79.83,80.68,79.37,79.83,6110237,0.0
2025-09-18,80.38,80.84,80.115,80.75,3802083,0.0
2025-09-19,79.78,80.07,79.72,80.05,3940183,0.0
2025-09-22,80.91,81.58,80.75,81.56,5374720,0.0
2025-09-23,81.68,81.93,81.39,81.45,4023022,0.0
2025-09-24,80.57,80.62,79.905,80.04,3554282,0.0
2025-09-25,79.91,80.13,79.55,79.89,3374556,0.0
2025-09-26,78.43,78.92,78.27,78.87,5278880,0.0
2025-09-29,80.17,80.455,80.135,80.24,3738641,0.0
2025-09-30,79.685,80.175,79.685,80.1,3066210,0.0
2025-10-01,81.165,81.945,81.165,81.89,3909734,0.0
2025-10-02,83.75,83.78,82.875,83.53,6535103,0.0
2025-10-03,83.84,84.255,83.44,83.85,4225092,0.0
2025-10-06,84.74,85.055,84.58,84.78,3658061,0.0
2025-10-07,84.91,84.91,83.3,83.35,5040627,0.0
2025-10-08,83.2,84.25,83.06,84.19,2981915,0.0
2025-10-09,84.43,84.48,83.05,83.43,5477158,0.0
2025-10-10,84.25,84.4,80.63,80.72,9591914,0.0
2025-10-13,83.38,83.93,83.05,83.62,5622009,0.0
2025-10-14,81.88,83.35,81.59,82.69,4381450,0.0
2025-10-15,84.8,85.19,84.39,85.17,4072103,0.0
2025-10-16,87.91,88.54,87.37,87.88,8139402,0.0
2025-10-17,88.07,88.64,87.72,88.52,3725283,0.0
2025-10-20,89.87,90.565,89.855,90.43,5327027,0.0
2025-10-21,89.32,89.395,88.62,88.64,5103818,0.0
2025-10-22,90.0,90.565,88.81,89.45,6469235,0.0
2025-10-23,88.99,90.3,88.96,90.07,4919185,0.0
2025-10-24,91.69,92.095,91.425,92.05,6017595,0.0
2025-10-27,94.59,94.67,93.81,94.31,7519361,0.0
2025-10-28,93.39,94.54,93.31,94.45,6182321,0.0
2025-10-29,97.09,97.515,96.22,96.9,11103790,0.0
2025-10-30,95.29,95.815,95.02,95.26,7413204,0.0
2025-10-31,97.09,97.14,96.325,97.0,6141104,0.0
2025-11-03,100.58,100.785,99.615,100.78,7028003,0.0
2025-11-04,96.31,97.35,95.67,95.76,9065497,0.0
2025-11-05,94.31,96.76,94.2763,96.62,7539515,0.0
2025-11-06,94.31,94.66,92.815,93.51,9740625,0.0
2025-11-07,91.22,91.82,89.8,91.8,15219420,0.0
2025-11-10,94.96,95.795,94.52,95.67,8460832,0.0
2025-11-11,95.31,95.745,94.77,95.29,5259925,0.0
2025-11-12,95.92,96.03,95.415,95.92,7121913,0.0
2025-11-13,96.09,96.25,93.665,94.07,11542990,0.0
2025-11-14,92.41,95.005,92.1,94.13,10710860,0.0
2025-11-17,93.7,94.84,92.775,93.02,6954959,0.0
2025-11-18,91.33,92.215,90.74,91.59,11789570,0.0
2025-11-19,90.205,91.465,89.775,90.56,8606289,0.0
2025-11-20,92.4,92.55,88.43,88.53,10483120,0.0
2025-11-21,88.04,89.745,86.9,89.22,12129530,0.0
2025-11-24,88.01,90.44,87.99,90.3,7611990,0.0
2025-11-25,88.89,89.8,87.89,89.79,5330832,0.0
2025-11-26,90.78,91.66,90.375,91.55,4266987,0.0
2025-11-28,90.53,91.01,90.495,90.87,2704670,0.0
2025-12-01,90.41,90.985,90.345,90.62,3544090,0.0
2025-12-02,92.44,92.67,91.72,92.07,5273393,0.0
2025-12-03,92.36,93.02,92.03,93.0,4935966,0.0
2025-12-04,92.22,92.29,91.585,91.87,5304141,0.0
2025-12-05,93.85,94.81,93.73,94.3,7104231,0.0
2025-12-08,95.92,95.96,94.875,95.07,4546426,0.0
2025-12-09,95.2,95.6,94.93,95.57,6039716,0.0
2025-12-10,95.15,96.815,94.985,96.75,6052695,0.0
2025-12-11,95.025,95.125,94.2399,94.96,8052833,0.0
2025-12-12,94.61,94.75,92.51,92.67,10846760,0.0
2025-12-15,94.2,94.26,92.7,92.73,5976400,0.0
2025-12-16,89.35,89.93,88.98,89.52,7742000,0.0
2025-12-17,90.56,90.71,88.4,88.58,6435100,0.0
2025-12-18,90.6,91.12,90.07,90.07,6517100,0.0
2025-12-19,90.26,91.42,90.14,91.34,5738600,0.0
2025-12-22,91.78,91.95,91.46,91.75,3610100,0.0
2025-12-23,91.79,92.73,91.71,92.7,3815900,0.0
2025-12-24,94.08,94.65,94.0,94.6,3461500,0.0
2025-12-26,95.23,96.01,95.05,95.84,5307900,0.0
2025-12-29,97.95,98.79,97.7,98.72,7582200,0.0
2025-12-30,98.18,98.91,98.15,98.62,4291400,0.0
2025-12-31,98.39,98.58,97.22,97.22,4480900,0.0
2026-01-02,101.0,102.34,100.85,102.22,8772400,0.0
2026-01-05,104.98,105.25,104.02,104.83,9523400,0.0
2026-01-06,105.58,107.65,105.51,107.61,9754800,0.0
2026-01-07,107.37,107.64,106.82,107.03,8365000,0.0
2026-01-08,107.83,107.94,105.93,106.59,7974600,0.0
2026-01-09,107.86,109.01,107.59,108.89,6512400,0.0
2026-01-12,107.51,108.98,107.49,108.93,8059700,0.0
2026-01-13,108.9,108.91,107.38,107.54,7995300,0.0
2026-01-14,109.05,109.66,108.57,109.64,7408600,0.0
2026-01-15,111.61,112.0,110.95,111.05,9862200,0.0
2026-01-16,111.78,112.26,110.84,112.22,7804100,0.0
2026-01-20,110.47,112.4,110.36,110.97,8252000,0.0
2026-01-21,114.0,116.26,113.82,115.66,10876700,0.0
2026-01-22,115.76,116.35,114.74,115.99,6094100,0.0
2026-01-23,115.29,118.41,115.05,117.97,8550200,0.0
2026-01-26,117.27,117.94,117.2,117.32,5085800,0.0
2026-01-27,121.29,122.82,121.05,122.7,11017000,0.0
2026-01-28,125.4,125.6,123.49,125.56,14622700,0.0
2026-01-29,125.92,125.92,121.64,124.5,13187000,0.0
2026-01-30,125.22,126.32,122.13,122.41,15376500,0.0
2026-02-02,118.76,121.42,118.61,120.93,15395900,0.0
2026-02-03,126.11,126.15,122.57,124.32,12727800,0.0
2026-02-04,126.46,126.64,119.38,120.26,21545500,0.0
2026-02-05,118.9,121.7,118.12,120.21,16250400,0.0
2026-02-06,121.35,124.87,121.35,124.71,11990100,0.0
2026-02-09,123.98,126.41,123.5,126.05,10426600,0.0
2026-02-10,125.46,125.56,123.81,124.45,7838600,0.0
2026-02-11,127.68,130.73,126.33,130.6,12884200,0.0
2026-02-12,133.33,134.3,129.61,130.8,16591800,0.0
2026-02-13,131.69,134.32,128.33,133.97,16584300,0.0
2026-02-17,132.32,132.99,129.65,130.68,16472200,0.0
2026-02-18,131.38,134.14,130.61,132.93,12057700,0.0
2026-02-19,134.18,135.36,133.43,135.21,13191900,0.0
2026-02-20,137.7,141.98,137.44,141.88,19435400,0.0
2026-02-23,140.62,141.38,138.96,139.3,15725300,0.0
2026-02-24,143.65,145.62,142.78,144.55,20212900,0.0
2026-02-25,149.05,149.74,148.18,148.89,16893200,0.0
2026-02-26,153.31,154.22,146.58,150.41,42546300,0.0
2026-02-27,148.17,151.55,147.97,151.37,17173000,0.0
2026-03-02,144.12,149.37,143.63,147.54,33984800,0.0
2026-03-03,130.04,135.27,125.54,132.34,65699600,0.0
2026-03-04,129.3,140.67,128.63,134.37,65494500,0.0
2026-03-05,129.57,132.37,122.72,125.74,61265800,0.0
2026-03-06,122.82,128.44,121.55,126.73,43780300,0.0
2026-03-09,123.7,134.07,122.1,133.89,46248473,0.0
2026-03-10,132.3,137.6883,130.04,130.3,35090770,0.0
2026-03-11,131.22,133.99,130.34,132.85,25279400,0.0
2026-03-12,128.7,128.82,123.18,123.5,32466900,0.0
2026-03-13,127.75,129.39,123.51,124.15,23355500,0.0
2026-03-16,130.87,133.94,130.8,133.1,24762800,0.0
2026-03-17,134.76,135.99,133.17,134.43,15549900,0.0
2026-03-18,133.99,135.35,131.78,131.88,19764500,0.0
2026-03-19,128.42,135.54,126.72,134.82,21186400,0.0
2026-03-20,132.57,132.92,125.49,125.78,31978900,0.0
2026-03-23,131.71,134.7,129.58,133.81,32748800,0.0
2026-03-24,127.31,130.85,127.25,128.75,24789200,0.0
2026-03-25,129.55,130.59,127.03,127.74,25453200,0.0
2026-03-26,124.59,125.28,119.28,119.99,26420500,0.0
2026-03-27,121.74,123.15,119.76,120.98,16084100,0.0
2026-03-30,121.26,121.43,115.07,116.43,24644400,0.0
2026-03-31,115.15,123.35,114.92,123.01,40381800,0.0
2026-04-01,125.68,128.65,124.57,126.22,27872200,0.0
2026-04-02,117.52,124.91,116.89,122.87,17840300,0.0
2026-04-06,125.85,126.77,124.31,125.94,10830100,0.0
2026-04-07,126.45,127.68,122.51,127.19,14720300,0.0
2026-04-08,140.28,140.96,136.04,140.07,31700400,0.0
2026-04-09,136.2,140.2,134.95,139.29,19370200,0.0
2026-04-10,138.33,139.48,137.5,138.73,11218800,0.0
2026-04-13,136.1,141.84,135.97,141.23,13632300,0.0
2026-04-14,142.37,147.39,142.12,146.68,17301300,0.0
2026-04-15,144.67,145.3,143.11,144.92,16187500,0.0
2026-04-16,146.73,148.53,145.4,147.47,10133000,0.0
2026-04-17,151.15,154.99,150.09,152.33,20083600,0.0
2026-04-20,150.26,151.0,148.77,150.09,11825200,0.0
2026-04-21,152.2,152.65,146.4,146.79,12940200,0.0
2026-04-22,151.96,155.98,151.45,155.8,17034400,0.0
2026-04-23,153.29,154.86,148.06,150.59,18088500,0.0
2026-04-24,153.36,155.58,152.41,154.57,14958800,0.0
2026-04-27,157.02,158.1,155.81,156.73,11361200,0.0
2026-04-28,153.93,155.73,152.41,154.37,11492800,0.0
2026-04-29,156.25,156.63,152.86,153.96,12415900,0.0
2026-04-30,157.85,161.55,155.39,160.76,16803300,0.0
2026-05-01,159.91,164.18,159.66,162.0,9807800,0.0
2026-05-04,165.23,167.83,162.24,163.59,14601600,0.0
2026-05-05,168.34,175.29,168.26,173.47,21110400,0.0
2026-05-06,180.52,182.21,176.86,181.98,21163400,0.0
2026-05-07,181.3,181.89,176.14,176.75,17754700,0.0
2026-05-08,183.73,190.41,183.43,190.2,21456900,0.0
2026-05-11,190.87,194.58,189.99,192.85,17208300,0.0
2026-05-12,181.99,185.31,173.6,178.5,39313500,0.0
2026-05-13,187.51,189.33,183.86,188.63,18868400,0.0
2026-05-14,189.0,191.23,188.08,190.52,10027400,0.0
2026-05-15,178.96,181.35,176.7,178.86,21699500,0.0
2026-05-18,182.45,182.79,173.15,176.1,17191400,0.0
2026-05-19,168.27,178.32,167.17,174.02,17827400,0.0
2026-05-20,173.99,180.3,173.59,180.11,16532500,0.0
2026-05-21,183.05,187.29,181.81,186.42,20545000,0.0
2026-05-22,185.82,186.22,181.48,182.03,11829300,0.0
2026-05-26,194.38,201.5,194.16,200.65,21215900,0.0
2026-05-27,201.81,202.58,194.69,198.29,16780900,0.0
2026-05-28,197.7,208.25,196.28,206.41,17578300,0.0
2026-05-29,206.11,208.12,204.48,205.83,10494400,0.0
2026-06-01,211.47,217.76,209.1,216.7,19082200,0.0
2026-06-02,211.17,214.65,209.67,214.53,16543800,0.0
2026-06-03,214.14,214.34,208.6,212.96,13981600,0.0
2026-06-04,199.88,205.93,196.57,203.97,17900400,0.0
2026-06-05,189.15,190.78,175.18,175.19,49258000,0.0
2026-06-08,186.88,188.8,183.31,185.64,30723400,0.0
2026-06-09,193.3,193.57,175.05,184.05,32615400,0.0
2026-06-10,183.03,189.02,178.2,178.45,19822900,0.0
2026-06-11,185.22,199.31,184.19,198.94,29533900,0.0
2026-06-12,195.15,199.98,192.7,197.45,17152000,0.0
2026-06-15,207.86,211.67,206.57,211.45,19500100,0.0
2026-06-16,210.22,213.78,204.49,205.91,19036100,0.0
2026-06-17,210.67,213.28,204.87,205.08,16255300,0.0
2026-06-18,215.0,220.89,214.35,219.2,18398500,0.0
2026-06-22,218.28,220.69,217.1,219.02,10772900,0.0
2026-06-23,193.6,201.05,191.33,192.2,43444500,0.0
2026-06-24,199.35,200.0,191.81,197.26,21161600,0.0
2026-06-25,209.36,210.48,199.15,205.0,21052400,0.0
2026-06-26,195.21,202.0,194.09,197.28,17108200,0.0
2026-06-29,195.96,197.54,188.76,197.5,13495700,0.0
2026-06-30,197.19,202.9,196.94,201.9,16575600,0.0
2026-07-01,189.7,192.16,184.81,185.5,28567200,0.0
2026-07-02,184.66,188.68,174.45,180.14,31638400,0.0
2026-07-06,189.99,192.25,188.64,189.85,16759200,0.0
2026-07-07,181.85,183.92,177.37,181.29,23664100,0.0
2026-07-08,174.75,183.11,174.42,182.72,23158900,0.0
2026-07-09,183.65,185.43,181.9,184.75,20468800,0.0
2026-07-10,181.46,184.92,179.24,183.52,20040000,0.0
2026-07-13,170.31,172.2,167.44,168.02,35909600,0.0
2026-07-14,173.67,177.52,171.61,176.98,29670300,0.0
2026-07-15,175.76,176.15,165.75,171.64,28751000,0.0
2026-07-16,166.68,167.68,161.85,163.36,23259000,0.0
2026-07-17,156.61,169.0,154.2,162.54,38323600,0.0
2026-07-20,165.2,167.56,162.57,162.86,19112200,0.0
2026-07-21,169.77,174.19,168.9,172.9,21114700,0.0
2026-07-22,167.9,172.08,167.9,170.43,12918200,0.0
2026-07-23,171.0,175.08,169.29,173.86,18576300,0.0
2026-07-24,168.4,168.79,162.81,162.96,20991500,0.0
2026-07-27,166.53,166.91,156.88,161.2,19210100,0.0
2026-07-28,152.09,155.14,148.54,151.45,31679500,0.0
2026-07-29,148.83,154.06,142.64,144.21,48396200,0.0
2026-07-30,152.27,161.35,151.78,161.21,50705000,0.0
2026-07-31,164.61,166.04,156.42,157.1,37027800,0.0
2026-08-03,156.4,161.0,151.3,160.24,21410100,0.0
2026-08-04,166.45,172.62,166.09,171.14,23897700,0.0
2026-08-05,169.23,171.73,168.64,169.14,14363000,0.0
2026-08-06,161.94,167.94,160.19,164.12,17697600,0.0
2026-08-07,168.72,169.08,161.81,166.09,15088500,0.0
2026-08-10,163.0,164.94,162.13,163.12,13583700,0.0
2026-08-11,167.14,168.78,165.8,167.24,13177900,0.0
2026-08-12,174.87,175.96,173.63,175.87,17891300,0.0
2026-08-13,175.47,180.99,174.99,178.62,18507287,0.0
