date,open,high,low,close,volume,amount
2018-02-08,24.06,24.06,23.95,23.95,1700,0.0
2018-02-12,24.17,24.17,24.1599,24.1599,1227,0.0
2018-02-13,24.1176,24.19,24.1176,24.19,5140,0.0
2018-02-14,24.2999,24.2999,24.2999,24.2999,141,0.0
2018-02-15,24.25,24.32,24.25,24.32,25521,0.0
2018-02-16,23.79,23.83,23.75,23.83,839,0.0
2018-02-20,23.56,23.639,23.55,23.57,4082,0.0
2018-02-21,23.69,23.709,23.5675,23.5675,1162,0.0
2018-02-22,23.475,23.499,23.475,23.4752,636,0.0
2018-02-23,24.17,24.17,23.78,23.8348,1826,0.0
2018-02-26,24.92,24.92,23.9105,23.98,31136,0.0
2018-02-27,23.91,23.91,23.676,23.676,9550,0.0
2018-02-28,23.63,23.63,23.54,23.54,1858,0.0
2018-03-01,23.35,23.35,23.31,23.31,627,0.0
2018-03-02,23.32,23.36,23.32,23.36,1145,0.0
2018-03-05,23.29,23.5,23.29,23.5,705,0.0
2018-03-06,23.41,23.41,23.2,23.2,200,0.0
2018-03-07,23.02,23.1002,23.0,23.1002,1492,0.0
2018-03-08,23.04,23.07,23.04,23.07,346,0.0
2018-03-09,23.08,23.08,23.08,23.08,400,0.0
2018-03-12,23.44,23.5,23.4318,23.4318,3507,0.0
2018-03-13,23.547,23.547,23.44,23.44,421,0.0
2018-03-14,23.72,23.77,23.44,23.44,3773,0.0
2018-03-15,23.349,23.349,23.29,23.29,538,0.0
2018-03-16,23.12,23.13,23.1,23.13,1983,0.0
2018-03-19,22.75,22.75,22.63,22.63,1078,0.0
2018-03-21,22.9864,23.0499,22.96,23.04,1123,0.0
2018-03-22,22.7745,22.7745,22.615,22.615,1686,0.0
2018-03-23,22.62,22.63,22.5,22.5,492,0.0
2018-03-26,22.9542,22.9542,22.92,22.92,200,0.0
2018-03-27,23.0548,23.0602,22.9704,22.98,500,0.0
2018-03-28,22.82,22.82,22.82,22.82,138,0.0
2018-03-29,22.92,23.16,22.92,23.15,1586,0.0
2018-04-02,23.41,23.41,22.95,22.95,2700,0.0
2018-04-03,23.22,23.31,23.14,23.14,909,0.0
2018-04-04,23.3003,23.3003,23.3003,23.3003,138,0.0
2018-04-05,23.46,23.46,23.46,23.46,320,0.0
2018-04-06,23.47,23.47,23.3,23.3,254,0.0
2018-04-09,23.51,23.62,23.51,23.62,450,0.0
2018-04-11,23.47,23.47,23.47,23.47,237,0.0
2018-04-12,23.6601,23.6601,23.6601,23.6601,104,0.0
2018-04-13,23.57,23.5848,23.57,23.57,365,0.0
2018-04-16,23.65,23.66,23.6,23.66,3269,0.0
2018-04-17,23.6601,23.6601,23.66,23.66,482,0.0
2018-04-23,23.76,23.76,23.35,23.35,956,0.0
2018-04-24,23.64,23.64,23.64,23.64,200,0.0
2018-04-25,23.23,23.23,23.23,23.23,277,0.0
2018-04-26,23.32,23.41,23.32,23.399,2378,0.0
2018-04-27,23.5601,23.5601,23.5601,23.5601,1033,0.0
2018-04-30,23.62,23.62,23.62,23.62,284,0.0
2018-05-01,23.459,23.459,23.39,23.409,677,0.0
2018-05-02,23.4,23.4,23.4,23.4,680,0.0
2018-05-03,23.2599,23.2599,23.1,23.1,413,0.0
2018-05-04,23.05,23.05,23.05,23.05,1020,0.0
2018-05-07,23.12,23.12,23.0373,23.0373,2820,0.0
2018-05-09,23.03,23.04,23.03,23.04,325,0.0
2018-05-11,23.0727,23.0727,23.0727,23.0727,245,0.0
2018-05-14,23.01,23.01,23.0,23.0,1671,0.0
2018-05-15,22.65,22.65,22.6,22.6,340,0.0
2018-05-17,22.62,22.62,22.62,22.62,250,0.0
2018-05-21,22.18,22.18,22.1444,22.1444,544,0.0
2018-05-22,22.33,22.33,22.3278,22.33,4596,0.0
2018-05-24,22.172,22.172,22.172,22.172,244,0.0
2018-05-25,22.56,22.56,22.56,22.56,348,0.0
2018-05-29,22.56,22.56,22.56,22.56,417,0.0
2018-05-31,22.779,22.779,22.779,22.779,200,0.0
2018-06-01,22.97,22.97,22.97,22.97,192,0.0
2018-06-04,22.79,22.8273,22.7866,22.8,6773,0.0
2018-06-06,23.05,23.05,23.05,23.05,200,0.0
2018-06-07,23.0,23.0,22.87,22.87,786,0.0
2018-06-08,23.04,23.13,23.04,23.13,393,0.0
2018-06-11,23.115,23.115,23.0741,23.11,3492,0.0
2018-06-12,23.1815,23.1815,23.18,23.18,1100,0.0
2018-06-13,23.21,23.21,23.21,23.21,132,0.0
2018-06-14,22.985,22.985,22.985,22.985,251,0.0
2018-06-15,22.84,22.84,22.84,22.84,864,0.0
2018-06-18,22.8,22.8,22.8,22.8,1113,0.0
2018-06-19,22.5944,22.5944,22.5944,22.5944,151,0.0
2018-06-20,22.7,22.7,22.7,22.7,500,0.0
2018-06-21,22.709,22.709,22.709,22.709,200,0.0
2018-06-22,22.83,22.86,22.83,22.86,4242,0.0
2018-06-25,22.61,22.61,22.61,22.61,605,0.0
2018-06-26,22.59,22.6,22.59,22.6,3623,0.0
2018-06-27,22.41,22.41,22.18,22.18,2349,0.0
2018-06-28,21.91,22.03,21.875,21.89,2056,0.0
2018-06-29,22.45,22.45,22.45,22.45,229,0.0
2018-07-02,22.38,22.38,22.38,22.38,2390,0.0
2018-07-03,22.52,22.52,22.5,22.5,1281,0.0
2018-07-06,22.52,22.52,22.52,22.52,107,0.0
2018-07-09,22.72,22.798,22.72,22.798,1369,0.0
2018-07-10,22.911,22.95,22.911,22.95,3601,0.0
2018-07-11,22.86,22.865,22.86,22.865,2394,0.0
2018-07-12,23.04,23.0698,23.0301,23.0698,1149,0.0
2018-07-13,23.03,23.03,23.008,23.008,1083,0.0
2018-07-16,22.6797,22.6797,22.6797,22.6797,200,0.0
2018-07-17,22.95,23.0,22.95,23.0,1583,0.0
2018-07-19,22.72,22.73,22.7199,22.7199,5220,0.0
2018-07-20,22.93,22.939,22.93,22.939,1197,0.0
2018-07-23,23.019,23.019,23.01,23.01,724,0.0
2018-07-26,23.33,23.33,23.3143,23.3143,339,0.0
2018-07-27,23.5,23.5,23.4832,23.4832,800,0.0
2018-07-30,23.61,23.64,23.61,23.63,532,0.0
2018-07-31,23.81,23.8227,23.78,23.8,45987,0.0
2018-08-01,23.76,23.7696,23.76,23.7696,625,0.0
2018-08-03,23.8,23.8,23.8,23.8,1097,0.0
2018-08-06,23.8,23.8,23.8,23.8,146,0.0
2018-08-07,23.8,23.8,23.8,23.8,1082,0.0
2018-08-13,23.31,23.31,23.31,23.31,503,0.0
2018-08-14,23.429,23.429,23.429,23.429,222,0.0
2018-08-15,23.0,23.0,22.9148,22.9148,915,0.0
2018-08-16,23.28,23.28,23.28,23.28,100,0.0
2018-08-20,23.74,23.74,23.689,23.689,8722,0.0
2018-08-21,23.75,23.75,23.75,23.75,1008,0.0
2018-08-22,23.78,23.92,23.78,23.92,1396,0.0
2018-08-23,23.69,23.69,23.6,23.6,666,0.0
2018-08-24,23.93,23.95,23.92,23.95,442,0.0
2018-08-27,24.019,24.069,24.019,24.069,257,0.0
2018-08-28,24.055,24.0552,24.0,24.0,1216,0.0
2018-08-29,23.8,23.8805,23.8,23.8505,1836,0.0
2018-08-30,23.6,23.6,23.53,23.53,1180,0.0
2018-08-31,23.75,23.75,23.72,23.72,2495,0.0
2018-09-04,23.22,23.22,23.0,23.0299,2374,0.0
2018-09-05,23.0,23.0,22.97,22.97,485,0.0
2018-09-06,23.04,23.05,22.95,23.05,1673,0.0
2018-09-07,23.2,23.26,23.12,23.12,1208,0.0
2018-09-10,22.72,22.72,22.63,22.63,1859,0.0
2018-09-11,22.42,22.445,22.42,22.445,730,0.0
2018-09-12,22.808,22.808,22.808,22.808,220,0.0
2018-09-13,23.14,23.15,23.1333,23.15,3474,0.0
2018-09-14,23.18,23.18,23.1658,23.1658,301,0.0
2018-09-17,22.67,22.67,22.6463,22.6463,494,0.0
2018-09-18,22.37,22.47,22.37,22.47,47745,0.0
2018-09-19,22.54,22.68,22.54,22.67,31146,0.0
2018-09-20,22.85,22.94,22.82,22.93,8250,0.0
2018-09-21,22.22,22.34,22.22,22.32,11665,0.0
2018-09-24,21.82,21.82,21.63,21.79,6959,0.0
2018-09-25,22.05,22.11,22.0242,22.08,4121,0.0
2018-09-26,22.01,22.172,22.01,22.16,4781,0.0
2018-09-27,21.85,21.94,21.85,21.93,22381,0.0
2018-09-28,21.64,21.67,21.64,21.67,4501,0.0
2018-10-01,21.72,21.73,21.72,21.72,881,0.0
2018-10-02,21.51,21.61,21.5,21.58,6808,0.0
2018-10-03,21.322,21.3599,21.0197,21.05,2773,0.0
2018-10-04,20.68,20.68,20.5,20.5,2802,0.0
2018-10-05,19.98,19.98,19.705,19.82,4521,0.0
2018-10-08,19.92,20.1,19.92,20.1,1053,0.0
2018-10-09,19.83,19.83,19.7644,19.7644,1978,0.0
2018-10-10,20.18,20.18,19.783,19.832,4780,0.0
2018-10-11,20.07,20.07,19.8,19.83,2390,0.0
2018-10-12,20.438,20.438,20.4102,20.4102,630,0.0
2018-10-15,20.41,20.41,20.41,20.41,325,0.0
2018-10-16,21.009,21.009,20.93,20.93,24868,0.0
2018-10-17,20.31,20.3199,20.31,20.3199,1800,0.0
2018-10-18,20.0,20.0,20.0,20.0,1276,0.0
2018-10-19,20.03,20.03,19.9801,19.9801,425,0.0
2018-10-22,19.82,19.91,19.7237,19.74,1871,0.0
2018-10-23,19.65,19.66,19.6,19.66,1187,0.0
2018-10-24,19.7,19.7,19.7,19.7,707,0.0
2018-10-25,19.6901,19.6901,19.6901,19.6901,1046,0.0
2018-10-26,19.5,19.609,19.4,19.598,1639,0.0
2018-10-29,19.96,19.96,19.56,19.56,3597,0.0
2018-10-30,19.9338,19.9338,19.9338,19.9338,178,0.0
2018-10-31,20.14,20.1896,20.11,20.12,13138,0.0
2018-11-01,20.38,20.54,20.38,20.511,1323,0.0
2018-11-02,20.73,20.73,20.5999,20.5999,354,0.0
2018-11-05,20.8599,20.8599,20.792,20.792,1207,0.0
2018-11-06,20.75,20.7504,20.75,20.75,1590,0.0
2018-11-08,21.01,21.01,20.96,20.96,254,0.0
2018-11-12,20.7,20.7,20.6511,20.6511,507,0.0
2018-11-13,21.02,21.02,20.98,20.9901,1581,0.0
2018-11-14,21.22,21.22,21.02,21.06,936,0.0
2018-11-15,21.13,21.3901,21.13,21.21,2053,0.0
2018-11-16,21.25,21.6,21.25,21.57,5753,0.0
2018-11-20,21.22,21.235,21.22,21.22,2258,0.0
2018-11-21,21.37,21.45,21.37,21.45,1150,0.0
2018-11-26,21.36,21.369,21.36,21.369,453,0.0
2018-11-27,21.4962,21.5653,21.4962,21.5653,2293,0.0
2018-11-28,21.64,22.0,21.64,22.0,4904,0.0
2018-11-29,22.16,22.25,22.1252,22.25,11077,0.0
2018-11-30,22.1825,22.1825,22.14,22.17,2119,0.0
2018-12-03,22.0,22.01,21.96,22.01,1727,0.0
2018-12-04,22.01,22.01,21.7351,21.77,1989,0.0
2018-12-06,21.28,21.4272,21.28,21.4272,415,0.0
2018-12-07,21.3402,21.3402,21.22,21.22,493,0.0
2018-12-10,20.03,20.2046,20.03,20.1583,801,0.0
2018-12-11,20.7692,20.7692,20.75,20.7625,1262,0.0
2018-12-12,21.42,21.42,21.3817,21.4155,1275,0.0
2018-12-13,21.5,21.5402,21.5,21.5402,1271,0.0
2018-12-19,22.33,22.48,21.9614,21.9614,679,0.0
2018-12-20,22.25,22.25,22.1592,22.1592,2059,0.0
2018-12-21,21.82,21.86,21.66,21.7042,3958,0.0
2018-12-24,21.57,21.57,21.4553,21.4553,2318,0.0
2018-12-26,21.6,21.84,21.6,21.84,10673,0.0
2018-12-27,21.68,21.92,21.68,21.92,2191,0.0
2018-12-28,21.972,22.23,21.972,22.1665,7302,0.0
2018-12-31,22.14,22.1499,22.1,22.14,3497,0.0
2019-01-02,21.8,21.9422,21.8,21.9422,8577,0.0
2019-01-03,21.58,21.58,21.459,21.4947,18533,0.0
2019-01-04,22.0,22.0577,21.99,22.0577,2401,0.0
2019-01-07,21.88,21.89,21.774,21.801,4708,0.0
2019-01-08,21.81,21.9,21.76,21.8623,61322,0.0
2019-01-09,21.81,21.8529,21.78,21.8136,31171,0.0
2019-01-10,21.67,21.869,21.67,21.8552,5691,0.0
2019-01-11,21.62,21.76,21.62,21.74,655,0.0
2019-01-14,21.458,21.5559,21.458,21.4967,8919,0.0
2019-01-15,21.779,21.782,21.67,21.679,4965,0.0
2019-01-16,21.68,21.88,21.68,21.8444,1478,0.0
2019-01-17,21.8,21.9037,21.8,21.9037,2287,0.0
2019-01-18,21.7822,21.81,21.77,21.8018,5616,0.0
2019-01-22,21.61,21.66,21.581,21.581,2190,0.0
2019-01-23,21.5501,21.623,21.5501,21.623,8558,0.0
2019-01-24,21.7,21.8,21.7,21.8,820,0.0
2019-01-25,21.5961,21.6799,21.5961,21.6482,5483,0.0
2019-01-28,21.15,21.2856,21.1494,21.2856,603,0.0
2019-01-29,21.31,21.31,21.2222,21.224,1030,0.0
2019-01-30,21.16,21.4001,21.16,21.4001,1165,0.0
2019-01-31,21.57,21.72,21.57,21.7157,21813,0.0
2019-02-01,21.6,21.6,21.52,21.5589,5196,0.0
2019-02-04,21.5,21.6,21.5,21.5665,1803,0.0
2019-02-05,21.65,21.7193,21.65,21.7193,753,0.0
2019-02-06,21.9,21.9,21.7795,21.7795,1906,0.0
2019-02-07,21.94,21.9999,21.94,21.9909,453,0.0
2019-02-08,21.59,21.59,21.57,21.57,1644,0.0
2019-02-11,21.55,21.55,21.4704,21.4766,4690,0.0
2019-02-12,21.6937,21.6937,21.6937,21.6937,173,0.0
2019-02-13,21.47,21.47,21.33,21.39,1727,0.0
2019-02-14,21.4627,21.4627,21.4287,21.4287,523,0.0
2019-02-15,21.22,21.22,21.1599,21.1599,1137,0.0
2019-02-19,20.86,21.0024,20.86,21.0024,1527,0.0
2019-02-20,21.3,21.31,21.2702,21.2702,1518,0.0
2019-02-21,21.3559,21.3559,21.3058,21.3058,680,0.0
2019-02-22,21.54,21.54,21.4904,21.4904,1120,0.0
2019-02-25,21.7599,21.7599,21.7443,21.7443,1003,0.0
2019-02-26,21.679,21.6799,21.674,21.674,730,0.0
2019-02-27,21.51,21.53,21.45,21.53,1253,0.0
2019-02-28,21.69,21.729,21.644,21.644,3828,0.0
2019-03-01,21.6737,21.68,21.6457,21.6457,549,0.0
2019-03-04,21.7,21.7,21.58,21.6073,1556,0.0
2019-03-05,22.2312,22.2312,22.2312,22.2312,146,0.0
2019-03-06,22.46,22.46,22.385,22.385,743,0.0
2019-03-07,22.3,22.3,22.18,22.18,1129,0.0
2019-03-08,22.2,22.2269,22.2,22.2269,305,0.0
2019-03-12,22.885,22.98,22.885,22.9522,2546,0.0
2019-03-13,22.93,22.93,22.85,22.8695,2454,0.0
2019-03-14,22.92,22.98,22.92,22.9664,2068,0.0
2019-03-15,23.1,23.2732,23.1,23.2557,3086,0.0
2019-03-18,23.3718,23.4392,23.3718,23.4392,195,0.0
2019-03-19,23.39,23.4164,23.3576,23.371,3592,0.0
2019-03-20,23.29,23.5976,23.29,23.5233,1136,0.0
2019-03-21,23.415,23.4298,23.34,23.4298,3469,0.0
2019-03-22,23.03,23.0789,22.8728,22.9006,3636,0.0
2019-03-25,22.9273,22.9384,22.9213,22.9213,1119,0.0
2019-03-26,23.1801,23.31,23.1097,23.1464,6840,0.0
2019-03-27,22.97,23.05,22.93,22.9794,1263,0.0
2019-03-28,23.23,23.35,23.23,23.3399,2292,0.0
2019-03-29,23.44,23.44,23.37,23.43,8722,0.0
2019-04-01,23.5,23.5548,23.5,23.5548,2084,0.0
2019-04-02,23.6825,23.7267,23.67,23.7041,4614,0.0
2019-04-03,23.66,23.7513,23.66,23.7513,6423,0.0
2019-04-04,23.47,23.5466,23.47,23.5162,977,0.0
2019-04-05,23.68,23.68,23.6583,23.6583,2354,0.0
2019-04-08,23.35,23.3604,23.3056,23.3604,3469,0.0
2019-04-09,23.5155,23.5155,23.5026,23.5026,207,0.0
2019-04-10,23.43,23.485,23.43,23.4511,1905,0.0
2019-04-11,23.4101,23.4392,23.4101,23.4392,1082,0.0
2019-04-12,23.4501,23.46,23.3349,23.4433,3106,0.0
2019-04-15,23.52,23.52,23.46,23.4891,846,0.0
2019-04-16,23.6299,23.6299,23.5911,23.5911,3230,0.0
2019-04-17,23.73,23.73,23.6109,23.6403,5298,0.0
2019-04-18,23.6405,23.69,23.62,23.6667,1321,0.0
2019-04-22,23.15,23.178,23.1202,23.175,5422,0.0
2019-04-23,23.16,23.2529,23.073,23.2299,8194,0.0
2019-04-24,23.2937,23.3365,23.23,23.29,7686,0.0
2019-04-25,23.14,23.1763,23.14,23.1496,903,0.0
2019-04-26,23.37,23.4701,23.37,23.4689,13545,0.0
2019-04-29,23.4461,23.4692,23.4401,23.4692,786,0.0
2019-04-30,23.4185,23.4708,23.4185,23.4708,2029,0.0
2019-05-01,23.5,23.58,23.3931,23.3931,1503,0.0
2019-05-02,23.3501,23.361,23.3265,23.3265,935,0.0
2019-05-03,23.53,23.58,23.53,23.5391,536,0.0
2019-05-06,23.1865,23.28,23.1865,23.2537,249,0.0
2019-05-07,22.84,22.84,22.65,22.7123,4611,0.0
2019-05-08,22.57,22.57,22.4874,22.4874,2988,0.0
2019-05-09,22.25,22.32,22.11,22.3129,1044,0.0
2019-05-10,22.33,22.36,22.15,22.3433,617,0.0
2019-05-13,21.81,21.93,21.7001,21.7665,2463,0.0
2019-05-14,22.1393,22.21,22.1393,22.1897,3534,0.0
2019-05-15,22.07,22.07,22.0441,22.0441,1521,0.0
2019-05-16,22.34,22.354,22.2937,22.2937,2365,0.0
2019-05-17,22.4104,22.4104,22.3559,22.3559,2334,0.0
2019-05-20,23.38,23.38,23.3,23.3194,2099,0.0
2019-05-21,22.985,23.1547,22.985,23.1373,1469,0.0
2019-05-22,23.099,23.14,23.0656,23.134,3601,0.0
2019-05-23,23.0,23.1,22.959,23.0757,5420,0.0
2019-05-24,23.4514,23.4514,23.4109,23.4109,3510,0.0
2019-05-28,23.54,23.55,23.5133,23.5133,706,0.0
2019-05-29,23.31,23.33,23.28,23.3225,1121,0.0
2019-05-30,23.5439,23.5445,23.5218,23.5445,4547,0.0
2019-05-31,23.62,23.75,23.52,23.72,5634,0.0
2019-06-03,24.03,24.1,24.03,24.0598,2565,0.0
2019-06-04,23.86,23.9153,23.7901,23.9153,3075,0.0
2019-06-05,23.89,23.89,23.8,23.8098,4940,0.0
2019-06-06,23.5,23.6,23.5,23.577,3230,0.0
2019-06-07,23.65,23.77,23.63,23.652,9246,0.0
2019-06-10,23.5607,23.659,23.5607,23.64,3475,0.0
2019-06-11,23.5499,23.55,23.52,23.5294,302,0.0
2019-06-12,23.41,23.42,23.37,23.3701,3484,0.0
2019-06-13,23.3081,23.35,23.2962,23.3099,2835,0.0
2019-06-14,23.08,23.0849,22.9998,22.9998,1641,0.0
2019-06-17,22.8,22.8649,22.8,22.8649,2434,0.0
2019-06-18,23.14,23.14,23.07,23.1196,2813,0.0
2019-06-19,22.88,22.91,22.72,22.9036,7018,0.0
2019-06-20,23.23,23.255,23.1661,23.1722,8156,0.0
2019-06-21,22.9276,22.96,22.9276,22.9595,9165,0.0
2019-06-24,22.9566,22.9566,22.9566,22.9566,21,0.0
2019-06-25,23.15,23.15,23.0763,23.0763,499,0.0
2019-06-26,23.2803,23.295,23.27,23.27,2935,0.0
2019-06-27,23.35,23.3701,23.35,23.3701,217,0.0
2019-06-28,23.25,23.2713,23.22,23.25,6170,0.0
2019-07-01,23.4301,23.4385,23.38,23.4385,5713,0.0
2019-07-02,23.56,23.6085,23.5332,23.6085,3313,0.0
2019-07-03,23.5701,23.5701,23.5701,23.5701,193,0.0
2019-07-05,23.18,23.2359,23.18,23.2359,1416,0.0
2019-07-08,22.96,22.9859,22.95,22.9509,17519,0.0
2019-07-09,23.02,23.0376,23.01,23.0376,1335,0.0
2019-07-10,22.92,22.99,22.9185,22.925,4235,0.0
2019-07-11,22.9829,22.9903,22.9699,22.9766,1847,0.0
2019-07-12,23.0038,23.0476,22.9801,23.0476,3547,0.0
2019-07-15,23.13,23.15,23.11,23.15,4326,0.0
2019-07-16,23.2413,23.2413,23.186,23.2052,1294,0.0
2019-07-17,23.22,23.22,23.16,23.1825,3744,0.0
2019-07-18,22.98,23.1166,22.98,23.1166,800,0.0
2019-07-19,22.76,22.76,22.6205,22.6436,6127,0.0
2019-07-22,22.69,22.7074,22.64,22.6647,4671,0.0
2019-07-23,22.59,22.59,22.4901,22.5037,2778,0.0
2019-07-24,22.35,22.4561,22.35,22.42,2789,0.0
2019-07-25,22.29,22.29,22.2501,22.2768,1671,0.0
2019-07-26,22.54,22.54,22.5213,22.5213,1480,0.0
2019-07-29,22.34,22.3608,22.3176,22.34,4052,0.0
2019-07-30,21.95,21.95,21.8436,21.8554,5028,0.0
2019-07-31,22.07,22.07,21.7601,21.8813,2815,0.0
2019-08-01,21.77,21.8989,21.5809,21.5809,4588,0.0
2019-08-02,21.52,21.54,21.462,21.4715,2135,0.0
2019-08-05,21.07,21.07,20.75,20.7536,7658,0.0
2019-08-06,21.13,21.22,21.0,21.1081,1272,0.0
2019-08-07,20.8,20.9811,20.7055,20.9811,1979,0.0
2019-08-08,21.38,21.5538,21.38,21.5538,5569,0.0
2019-08-09,21.39,21.39,21.3896,21.3896,1002,0.0
2019-08-12,21.28,21.3141,21.2758,21.3141,951,0.0
2019-08-13,20.9601,21.2648,20.9601,21.16,5638,0.0
2019-08-14,21.09,21.09,20.9371,20.9477,1971,0.0
2019-08-15,20.96,20.9764,20.9307,20.9764,3085,0.0
2019-08-16,21.2658,21.3152,21.2,21.2,8212,0.0
2019-08-19,21.29,21.29,21.1248,21.1248,1936,0.0
2019-08-20,21.04,21.11,21.04,21.0756,1020,0.0
2019-08-21,20.9685,20.97,20.95,20.97,1458,0.0
2019-08-22,20.58,20.585,20.45,20.5141,7914,0.0
2019-08-23,20.91,21.2,20.91,20.9127,321041,0.0
2019-08-26,21.1089,21.2156,21.07,21.2156,1051,0.0
2019-08-27,21.4453,21.47,21.3741,21.3741,3010,0.0
2019-08-28,21.13,21.13,21.09,21.115,6041,0.0
2019-08-29,21.13,21.1673,21.119,21.119,2159,0.0
2019-08-30,21.22,21.22,21.17,21.2075,10350,0.0
2019-09-03,20.61,20.72,20.552,20.72,18542,0.0
2019-09-04,20.78,20.81,20.75,20.802,1271,0.0
2019-09-05,20.94,20.97,20.8134,20.9549,2181,0.0
2019-09-06,21.2001,21.2001,21.1446,21.1446,414,0.0
2019-09-09,21.25,21.25,21.2089,21.2234,1581,0.0
2019-09-10,21.154,21.22,21.154,21.1826,1382,0.0
2019-09-11,21.2801,21.388,21.2801,21.388,902,0.0
2019-09-12,21.39,21.459,21.39,21.4109,1893,0.0
2019-09-13,21.59,21.5941,21.555,21.5941,7928,0.0
2019-09-16,21.23,21.23,21.1362,21.1362,7908,0.0
2019-09-17,20.92,21.12,20.92,21.1179,1836,0.0
2019-09-18,21.17,21.195,21.1,21.1234,636,0.0
2019-09-19,20.84,20.97,20.8156,20.8156,1748,0.0
2019-09-20,21.98,22.05,21.9786,22.0,24694,0.0
2019-09-23,22.269,22.4571,22.2662,22.432,48644,0.0
2019-09-24,22.31,22.35,22.2601,22.2764,8968,0.0
2019-09-25,21.92,22.045,21.92,22.005,4255,0.0
2019-09-26,22.1994,22.2,22.1249,22.1249,2761,0.0
2019-09-27,22.2709,22.28,22.0387,22.09,5805,0.0
2019-09-30,22.07,22.16,22.065,22.14,6246,0.0
2019-10-01,21.64,21.66,21.64,21.6439,2761,0.0
2019-10-02,21.5072,21.54,21.5017,21.54,3205,0.0
2019-10-03,21.71,21.761,21.6129,21.749,3538,0.0
2019-10-04,21.63,21.6965,21.63,21.6965,1507,0.0
2019-10-07,21.4,21.51,21.4,21.4247,7831,0.0
2019-10-08,21.273,21.273,21.26,21.26,423,0.0
2019-10-09,21.6228,21.6228,21.5986,21.5986,793,0.0
2019-10-10,21.66,21.68,21.66,21.68,687,0.0
2019-10-11,21.77,21.78,21.7186,21.7749,1322,0.0
2019-10-14,21.7092,21.7092,21.7092,21.7092,105,0.0
2019-10-15,21.799,21.8586,21.799,21.8586,609,0.0
2019-10-16,21.93,21.9771,21.93,21.9771,887,0.0
2019-10-17,22.25,22.29,22.2469,22.2469,2341,0.0
2019-10-18,22.52,22.5546,22.49,22.515,5119,0.0
2019-10-21,22.38,22.4,22.36,22.3951,8656,0.0
2019-10-22,22.38,22.48,22.38,22.43,19232,0.0
2019-10-23,22.43,22.4675,22.43,22.4675,1309,0.0
2019-10-24,22.34,22.3403,22.32,22.3403,928,0.0
2019-10-25,22.35,22.46,22.3489,22.4579,2408,0.0
2019-10-28,22.5639,22.58,22.52,22.5359,1678,0.0
2019-10-29,22.7954,22.7954,22.76,22.7722,2260,0.0
2019-10-30,22.79,22.95,22.79,22.9397,1421,0.0
2019-10-31,22.95,22.95,22.8101,22.866,1187,0.0
2019-11-01,23.02,23.1494,23.02,23.1494,572,0.0
2019-11-04,23.07,23.12,23.0492,23.0492,1766,0.0
2019-11-05,22.91,22.9966,22.91,22.973,1833,0.0
2019-11-06,22.96,23.0003,22.96,22.9962,1817,0.0
2019-11-07,23.1,23.1,23.01,23.0393,1463,0.0
2019-11-08,22.7,22.7,22.652,22.652,364,0.0
2019-11-11,22.41,22.6048,22.39,22.6012,1662,0.0
2019-11-12,22.489,22.5648,22.4599,22.47,4187,0.0
2019-11-13,22.3363,22.3363,22.28,22.3095,1600,0.0
2019-11-14,22.365,22.3996,22.343,22.3996,1589,0.0
2019-11-15,22.5339,22.62,22.5339,22.5744,1736,0.0
2019-11-18,22.49,22.5056,22.48,22.49,1475,0.0
2019-11-19,22.67,22.67,22.591,22.625,4019,0.0
2019-11-20,22.67,22.77,22.67,22.7191,2171,0.0
2019-11-21,22.56,22.617,22.56,22.611,1917,0.0
2019-11-22,22.53,22.5925,22.53,22.5626,10599,0.0
2019-11-25,22.88,23.0,22.88,22.995,3168,0.0
2019-11-26,22.8068,22.8523,22.8,22.8523,2420,0.0
2019-11-27,23.0,23.11,23.0,23.0774,2011,0.0
2019-11-29,22.78,22.83,22.78,22.7807,5978,0.0
2019-12-02,22.86,22.87,22.839,22.839,377,0.0
2019-12-03,22.63,22.6341,22.63,22.6341,439,0.0
2019-12-04,22.9111,22.9111,22.905,22.905,450,0.0
2019-12-05,22.8931,22.8931,22.88,22.89,587,0.0
2019-12-06,22.64,22.6515,22.59,22.6491,2830,0.0
2019-12-09,22.78,22.83,22.7781,22.7962,2062,0.0
2019-12-10,22.65,22.67,22.65,22.67,886,0.0
2019-12-11,22.71,22.84,22.71,22.84,1181,0.0
2019-12-12,22.74,22.98,22.74,22.8635,58690,0.0
2019-12-13,23.04,23.04,22.9578,22.9725,3370,0.0
2019-12-16,22.83,22.89,22.825,22.825,4207,0.0
2019-12-17,22.9912,23.0186,22.9912,23.001,1992,0.0
2019-12-18,23.05,23.07,23.03,23.035,1717,0.0
2019-12-19,23.06,23.08,23.06,23.07,1105,0.0
2019-12-20,23.1302,23.185,23.1302,23.1542,2295,0.0
2019-12-23,23.08,23.08,23.061,23.0767,3021,0.0
2019-12-24,22.97,23.02,22.9476,22.9476,1352,0.0
2019-12-26,22.86,22.8804,22.86,22.8804,1830,0.0
2019-12-27,22.9801,23.0359,22.98,22.9821,4295,0.0
2019-12-30,23.07,23.07,22.88,22.88,5973,0.0
2019-12-31,22.96,22.9906,22.95,22.9906,4867,0.0
2020-01-02,23.22,23.3046,23.22,23.3046,7228,0.0
2020-01-03,23.01,23.12,22.9221,22.9221,5767,0.0
2020-01-06,22.52,22.6172,22.52,22.6172,5227,0.0
2020-01-07,22.63,22.68,22.63,22.68,237,0.0
2020-01-08,22.74,23.02,22.74,22.97,14394,0.0
2020-01-09,23.2,23.2361,23.2,23.2361,1325,0.0
2020-01-10,23.38,23.42,23.3558,23.3558,1868,0.0
2020-01-13,23.49,23.6556,23.49,23.6556,2805,0.0
2020-01-14,23.56,23.6082,23.56,23.6082,1542,0.0
2020-01-15,23.64,23.64,23.5657,23.5657,2052,0.0
2020-01-16,23.61,23.61,23.575,23.575,2490,0.0
2020-01-17,23.7,23.71,23.66,23.71,2017,0.0
2020-01-21,23.32,23.3407,23.2244,23.2244,9951,0.0
2020-01-22,23.23,23.27,23.19,23.19,17144,0.0
2020-01-23,23.17,23.33,23.15,23.2822,3235,0.0
2020-01-24,23.49,23.49,23.36,23.36,4912,0.0
2020-01-27,23.0671,23.2201,23.01,23.1538,5561,0.0
2020-01-28,23.21,23.27,23.1,23.27,5804,0.0
2020-01-29,23.31,23.31,23.2567,23.2567,826,0.0
2020-01-30,22.87,22.9417,22.8321,22.9417,961,0.0
2020-01-31,22.59,22.6366,22.59,22.63,1422,0.0
2020-02-03,22.41,22.49,22.41,22.4479,3391,0.0
2020-02-04,22.99,23.05,22.99,23.0005,2274,0.0
2020-02-05,23.2501,23.2501,23.07,23.07,2874,0.0
2020-02-06,23.29,23.29,23.2126,23.2126,3250,0.0
2020-02-07,23.13,23.13,23.0513,23.0513,3331,0.0
2020-02-10,23.172,23.172,23.11,23.1457,318,0.0
2020-02-11,23.35,23.35,23.3128,23.3128,1341,0.0
2020-02-12,23.36,23.36,23.2238,23.2366,270463,0.0
2020-02-13,23.2,23.2293,23.1693,23.1693,1950,0.0
2020-02-14,23.16,23.16,22.9642,22.9642,2770,0.0
2020-02-18,22.79,22.8545,22.7762,22.7762,3548,0.0
2020-02-19,23.13,23.1564,23.129,23.129,1216,0.0
2020-02-20,22.98,22.98,22.78,22.8,6827,0.0
2020-02-21,22.8201,22.8201,22.77,22.78,768,0.0
2020-02-24,22.1,22.28,22.1,22.175,6324,0.0
2020-02-25,22.46,22.4708,22.1375,22.1375,1945,0.0
2020-02-26,22.3357,22.3357,22.16,22.1745,4219,0.0
2020-02-27,22.02,22.02,21.82,21.85,6762,0.0
2020-02-28,20.91,21.1773,20.7235,21.0515,6898,0.0
2020-03-02,21.0,21.1,20.78,21.1,11471,0.0
2020-03-03,21.11,21.5097,21.07,21.1312,11921,0.0
2020-03-04,21.07,21.07,21.07,21.07,302,0.0
2020-03-05,21.05,21.05,20.19,20.2308,8580,0.0
2020-03-06,20.45,20.45,20.13,20.2056,5597,0.0
2020-03-09,19.27,19.27,19.0,19.1186,2198,0.0
2020-03-10,19.62,19.7757,19.3201,19.7757,5573,0.0
2020-03-11,19.29,19.305,18.86,18.86,7693,0.0
2020-03-12,17.1,17.1,16.149,16.6694,9492,0.0
2020-03-13,18.289,18.4246,18.05,18.4246,4334,0.0
2020-03-16,16.58,17.01,16.29,16.3618,10784,0.0
2020-03-17,16.9103,17.3195,16.9,17.3195,4112,0.0
2020-03-18,15.81,16.4,15.4401,15.6759,4871,0.0
2020-03-19,15.16,15.25,14.86,15.1788,13341,0.0
2020-03-20,15.7261,15.76,15.24,15.263,4940,0.0
2020-03-23,14.2,14.24,13.78,13.8779,10801,0.0
2020-03-24,14.43,14.56,14.0,14.342,8854,0.0
2020-03-25,15.14,15.38,15.06,15.281,3747,0.0
2020-03-26,16.2701,16.5828,16.2701,16.5828,2300,0.0
2020-03-27,15.656,15.923,15.5181,15.6992,2714,0.0
2020-03-30,15.3,15.5479,15.3,15.51,7618,0.0
2020-03-31,16.13,16.21,15.74,15.81,26021,0.0
2020-04-01,15.05,15.05,14.81,14.81,5579,0.0
2020-04-02,15.19,15.22,15.16,15.2134,2628,0.0
2020-04-03,14.68,14.7337,14.68,14.7337,1080,0.0
2020-04-06,15.32,15.6506,15.32,15.6506,2573,0.0
2020-04-07,16.51,16.51,16.05,16.1136,19709,0.0
2020-04-08,16.37,16.6153,16.31,16.6153,3159,0.0
2020-04-09,17.0801,17.155,16.79,16.8398,14979,0.0
2020-04-13,16.81,16.81,16.5881,16.6361,11915,0.0
2020-04-14,17.28,17.31,17.07,17.1191,4751,0.0
2020-04-15,16.51,16.519,16.39,16.4,8681,0.0
2020-04-16,16.67,16.67,16.51,16.5689,964,0.0
2020-04-17,17.03,17.1199,16.989,17.0651,2805,0.0
2020-04-20,16.93,17.1,16.9076,16.9076,4577,0.0
2020-04-21,16.42,16.52,16.41,16.4172,2044,0.0
2020-04-22,17.07,17.16,17.06,17.1107,14315,0.0
2020-04-23,17.23,17.5,17.22,17.223,9619,0.0
2020-04-24,17.07,17.07,16.895,17.02,3589,0.0
2020-04-27,17.315,17.4824,17.315,17.4824,1490,0.0
2020-04-28,17.605,17.605,17.434,17.434,1352,0.0
2020-04-29,17.86,18.1404,17.86,18.1404,3672,0.0
2020-04-30,18.29,18.29,17.84,17.8842,3819,0.0
2020-05-01,17.42,17.42,17.1804,17.3034,2220,0.0
2020-05-04,17.39,17.5467,17.3889,17.5467,1885,0.0
2020-05-05,17.445,17.445,17.18,17.18,3372,0.0
2020-05-06,17.09,17.09,16.95,17.0045,3447,0.0
2020-05-07,17.23,17.33,17.22,17.29,3560,0.0
2020-05-08,17.5539,17.6346,17.5539,17.6346,1656,0.0
2020-05-11,17.4201,17.4732,17.4177,17.4177,3166,0.0
2020-05-12,17.67,18.29,17.645,17.9902,6579,0.0
2020-05-13,17.72,17.7401,17.5089,17.5511,1679,0.0
2020-05-14,17.1,17.5179,17.1,17.5179,1351,0.0
2020-05-15,17.25,17.25,17.185,17.1889,1471,0.0
2020-05-18,17.1579,17.3312,17.1579,17.3312,1902,0.0
2020-05-19,17.0,17.0,16.87,16.87,4357,0.0
2020-05-20,17.3563,17.3571,17.3563,17.3571,955,0.0
2020-05-21,17.48,17.48,17.32,17.3799,5507,0.0
2020-05-22,17.37,17.37,17.27,17.284,5157,0.0
2020-05-26,17.4,17.48,17.29,17.2982,6540,0.0
2020-05-27,17.51,17.51,17.35,17.44,3871,0.0
2020-05-28,17.875,17.9671,17.73,17.7334,5218,0.0
2020-05-29,18.06,18.185,18.0,18.1616,10283,0.0
2020-06-01,18.52,18.679,18.52,18.64,5268,0.0
2020-06-02,18.92,19.125,18.92,19.0802,3677,0.0
2020-06-03,19.075,19.1732,19.075,19.1732,3909,0.0
2020-06-04,18.95,19.0148,18.9,18.95,1814,0.0
2020-06-05,19.3,19.4418,19.2808,19.3336,6344,0.0
2020-06-08,19.27,19.4158,19.1871,19.4158,3954,0.0
2020-06-09,19.1,19.1883,19.0119,19.1883,4284,0.0
2020-06-10,19.18,19.2966,19.18,19.2966,424,0.0
2020-06-11,18.4271,18.45,17.8353,17.8353,1851,0.0
2020-06-12,18.74,18.74,18.5301,18.6845,3651,0.0
2020-06-15,18.49,18.82,18.49,18.72,4992,0.0
2020-06-16,18.77,18.77,18.41,18.4229,8104,0.0
2020-06-17,18.6,18.78,18.6,18.64,5036,0.0
2020-06-18,18.809,18.8486,18.73,18.755,11780,0.0
2020-06-19,19.24,19.24,18.95,18.95,13357,0.0
2020-06-22,19.43,19.5993,19.43,19.5167,4117,0.0
2020-06-23,19.87,19.89,19.7096,19.7096,5737,0.0
2020-06-24,19.45,19.45,19.32,19.333,5377,0.0
2020-06-25,19.49,19.59,19.42,19.5619,6364,0.0
2020-06-26,19.6,19.6,19.3873,19.4539,5388,0.0
2020-06-29,19.37,19.525,19.37,19.52,7328,0.0
2020-06-30,19.4,19.4388,19.35,19.3729,1839,0.0
2020-07-01,19.695,19.7464,19.695,19.7464,301,0.0
2020-07-02,20.1782,20.1782,20.1231,20.1231,2314,0.0
2020-07-06,20.54,20.6283,20.54,20.62,4376,0.0
2020-07-07,20.59,20.68,20.5,20.5011,2587,0.0
2020-07-08,20.32,20.53,20.3,20.4922,15656,0.0
2020-07-09,20.5903,20.5903,20.499,20.499,1582,0.0
2020-07-10,20.53,20.53,20.455,20.5097,2354,0.0
2020-07-13,20.7,20.82,20.52,20.522,3026,0.0
2020-07-14,20.16,20.3624,20.1,20.3624,15875,0.0
2020-07-15,20.5289,20.56,20.4749,20.4749,14242,0.0
2020-07-16,20.61,20.655,20.6,20.64,2212,0.0
2020-07-17,21.01,21.01,20.9001,20.94,3963,0.0
2020-07-20,21.08,21.18,21.08,21.16,6551,0.0
2020-07-21,21.22,21.359,21.22,21.251,4781,0.0
2020-07-22,21.2101,21.229,21.1589,21.2269,1094,0.0
2020-07-23,21.22,21.319,21.13,21.14,2858,0.0
2020-07-24,21.22,21.34,21.22,21.339,4201,0.0
2020-07-27,21.4,21.518,21.4,21.47,6264,0.0
2020-07-28,21.68,21.68,21.57,21.57,4065,0.0
2020-07-29,21.499,21.5405,21.46,21.5405,3124,0.0
2020-07-30,21.36,21.36,21.275,21.3569,1029,0.0
2020-07-31,21.38,21.38,21.11,21.1863,2783,0.0
2020-08-03,21.04,21.089,21.02,21.08,7607,0.0
2020-08-04,21.369,21.4164,21.3367,21.4164,2263,0.0
2020-08-05,21.49,21.55,21.48,21.505,3006,0.0
2020-08-06,21.5999,21.7,21.5999,21.6355,8254,0.0
2020-08-07,21.6,21.64,21.55,21.64,6572,0.0
2020-08-10,21.74,21.747,21.73,21.747,1213,0.0
2020-08-11,21.8,21.84,21.6301,21.6785,6012,0.0
2020-08-12,21.905,21.905,21.825,21.8481,1516,0.0
2020-08-13,21.83,21.865,21.7746,21.7746,7279,0.0
2020-08-14,21.62,21.7233,21.62,21.7233,1116,0.0
2020-08-17,21.81,21.88,21.81,21.87,4673,0.0
2020-08-18,22.049,22.049,21.93,22.01,15752,0.0
2020-08-19,21.97,22.0,21.8296,21.8296,3990,0.0
2020-08-20,21.66,21.905,21.66,21.8949,1663,0.0
2020-08-21,21.8,21.88,21.7675,21.88,5098,0.0
2020-08-24,22.08,22.1,22.03,22.088,4441,0.0
2020-08-25,22.0781,22.1302,22.04,22.1302,3884,0.0
2020-08-26,22.31,22.3255,22.23,22.3255,4928,0.0
2020-08-27,22.41,22.5,22.35,22.4363,3665,0.0
2020-08-28,22.72,22.8,22.72,22.7799,4782,0.0
2020-08-31,22.1,22.1,21.79,21.8268,32371,0.0
2020-09-01,22.25,22.3,22.2105,22.2693,11331,0.0
2020-09-02,22.34,22.3519,22.2,22.3519,12343,0.0
2020-09-03,22.38,22.4101,22.0601,22.1651,14652,0.0
2020-09-04,21.9,22.1,21.81,22.0166,2226,0.0
2020-09-08,21.72,21.89,21.72,21.7382,2164,0.0
2020-09-09,22.1,22.1593,22.1,22.1532,8813,0.0
2020-09-10,22.48,22.51,22.07,22.1519,14444,0.0
2020-09-11,22.42,22.435,22.265,22.265,4009,0.0
2020-09-14,22.45,22.58,22.45,22.5548,13199,0.0
2020-09-15,22.5927,22.658,22.5801,22.5801,8781,0.0
2020-09-16,22.725,22.75,22.6635,22.6635,755,0.0
2020-09-17,22.41,22.67,22.41,22.67,2086,0.0
2020-09-18,22.5399,22.5399,22.42,22.4799,1459,0.0
2020-09-21,22.07,22.19,21.93,22.19,8205,0.0
2020-09-22,21.88,21.99,21.85,21.9732,7361,0.0
2020-09-23,21.8,21.8,21.6065,21.6065,8182,0.0
2020-09-24,21.25,21.48,21.25,21.37,38917,0.0
2020-09-25,21.6,21.7516,21.6,21.7516,6525,0.0
2020-09-28,22.1,22.1,22.0,22.0449,3227,0.0
2020-09-29,22.115,22.12,22.0995,22.0995,337,0.0
2020-09-30,22.3101,22.3101,22.276,22.276,1000,0.0
2020-10-01,22.37,22.4953,22.36,22.4953,9959,0.0
2020-10-02,22.18,22.3884,22.18,22.3074,1182,0.0
2020-10-05,22.67,22.6863,22.67,22.6863,474,0.0
2020-10-06,22.78,22.81,22.6654,22.6784,977,0.0
2020-10-07,22.89,22.996,22.89,22.963,958,0.0
2020-10-08,23.03,23.05,23.0,23.0138,2835,0.0
2020-10-09,23.14,23.215,23.14,23.2145,1630,0.0
2020-10-12,23.0,23.11,23.0,23.0925,2341,0.0
2020-10-13,22.93,22.93,22.9,22.9216,624,0.0
2020-10-14,23.17,23.17,23.0301,23.0522,957,0.0
2020-10-15,22.47,22.6362,22.47,22.6362,2323,0.0
2020-10-16,22.8299,22.8299,22.73,22.7513,2792,0.0
2020-10-19,22.87,22.895,22.63,22.6529,37542,0.0
2020-10-20,22.84,22.8435,22.81,22.8353,1877,0.0
2020-10-21,22.81,22.825,22.7935,22.7935,490,0.0
2020-10-22,22.7,22.7315,22.675,22.7315,778,0.0
2020-10-23,22.68,22.8427,22.68,22.8427,394,0.0
2020-10-26,22.35,22.359,22.28,22.3418,2540,0.0
2020-10-27,22.6399,22.6399,22.55,22.567,1019,0.0
2020-10-28,22.15,22.15,21.9977,21.9977,2551,0.0
2020-10-29,21.99,22.15,21.99,22.0973,1376,0.0
2020-10-30,22.0004,22.0139,21.96,22.0139,1014,0.0
2020-11-02,21.9889,22.0705,21.935,22.0705,1909,0.0
2020-11-03,22.14,22.1699,22.135,22.1692,1009,0.0
2020-11-04,22.44,22.7218,22.44,22.7218,589,0.0
2020-11-05,22.96,23.049,22.95,23.0053,3099,0.0
2020-11-06,23.0699,23.1671,23.0699,23.1671,1270,0.0
2020-11-09,23.87,23.87,23.6134,23.6134,7022,0.0
2020-11-10,23.24,23.32,23.2,23.2859,2631,0.0
2020-11-11,23.36,23.3717,23.36,23.3717,548,0.0
2020-11-12,23.2771,23.2771,23.1,23.1223,1168,0.0
2020-11-13,23.42,23.5199,23.42,23.5074,2529,0.0
2020-11-16,23.75,23.75,23.7053,23.7282,2546,0.0
2020-11-17,23.67,23.79,23.639,23.73,9811,0.0
2020-11-18,23.83,23.86,23.7655,23.7655,1481,0.0
2020-11-19,23.62,23.7054,23.42,23.7054,2636,0.0
2020-11-20,23.755,23.7805,23.73,23.73,2966,0.0
2020-11-23,23.91,23.91,23.82,23.8252,1742,0.0
2020-11-24,24.1857,24.1857,24.17,24.1765,764,0.0
2020-11-25,23.88,23.9969,23.88,23.9636,4739,0.0
2020-11-27,24.01,24.0799,24.01,24.0639,3082,0.0
2020-11-30,23.93,24.01,23.74,23.7456,6027,0.0
2020-12-01,24.47,24.5604,24.47,24.5449,893,0.0
2020-12-02,24.45,24.535,24.45,24.5229,1283,0.0
2020-12-03,24.69,24.75,24.6251,24.6251,3197,0.0
2020-12-04,24.66,24.8061,24.66,24.8061,1758,0.0
2020-12-07,25.04,25.13,25.01,25.0483,1761,0.0
2020-12-08,25.05,25.19,25.02,25.0892,5719,0.0
2020-12-09,25.21,25.21,25.0,25.0,2619,0.0
2020-12-10,25.2,25.22,25.2,25.2176,2554,0.0
2020-12-11,25.12,25.17,25.12,25.1528,513,0.0
2020-12-14,25.26,25.26,25.149,25.149,2937,0.0
2020-12-15,25.24,25.43,25.24,25.4216,2527,0.0
2020-12-16,25.4,25.49,25.4,25.4629,5116,0.0
2020-12-17,25.49,25.585,25.49,25.5718,1996,0.0
2020-12-18,25.57,25.62,25.57,25.5864,1519,0.0
2020-12-21,24.61,24.72,24.5,24.6733,7742,0.0
2020-12-22,24.91,24.918,24.84,24.8756,1608,0.0
2020-12-23,25.27,25.368,25.27,25.35,3149,0.0
2020-12-24,25.5,25.59,25.48,25.574,5040,0.0
2020-12-28,25.79,25.86,25.76,25.81,4697,0.0
2020-12-29,25.83,25.945,25.83,25.9,6889,0.0
2020-12-30,26.04,26.139,26.02,26.0561,5464,0.0
2020-12-31,26.16,26.16,25.97,26.1004,16809,0.0
2021-01-04,26.65,26.69,26.38,26.3888,3211,0.0
2021-01-05,26.57,26.82,26.57,26.7952,3975,0.0
2021-01-06,26.58,26.87,26.58,26.7336,5886,0.0
2021-01-07,26.67,26.78,26.66,26.74,17803,0.0
2021-01-08,27.12,27.319,27.12,27.28,2636,0.0
2021-01-11,27.02,27.2,27.02,27.1319,6631,0.0
2021-01-12,27.31,27.539,27.31,27.51,8566,0.0
2021-01-13,27.41,27.51,27.359,27.4169,6996,0.0
2021-01-14,27.56,27.605,27.519,27.5218,4285,0.0
2021-01-15,27.07,27.17,27.0649,27.095,8760,0.0
2021-01-19,27.3,27.3,27.145,27.1538,9219,0.0
2021-01-20,27.6,27.755,27.6,27.7428,6080,0.0
2021-01-21,27.56,27.63,27.495,27.615,7087,0.0
2021-01-22,27.16,27.34,27.01,27.2944,14512,0.0
2021-01-25,27.0,27.0,26.65,26.7501,16364,0.0
2021-01-26,26.69,26.7959,26.6667,26.7959,4534,0.0
2021-01-27,26.33,26.4,26.2,26.25,9416,0.0
2021-01-28,26.4,26.7,26.4,26.6518,10835,0.0
2021-01-29,26.04,26.04,25.715,25.7742,10640,0.0
2021-02-01,26.72,26.849,26.6843,26.842,7563,0.0
2021-02-02,27.2501,27.4147,27.2329,27.4147,5586,0.0
2021-02-03,27.55,27.709,27.49,27.62,3652,0.0
2021-02-04,27.66,27.749,27.57,27.74,5356,0.0
2021-02-05,27.62,27.75,27.62,27.716,3167,0.0
2021-02-08,27.97,28.14,27.97,28.0774,8818,0.0
2021-02-09,27.9,28.04,27.9,27.98,7510,0.0
2021-02-10,28.13,28.139,28.0,28.04,2663,0.0
2021-02-11,28.32,28.349,28.23,28.2857,5084,0.0
2021-02-12,28.2,28.3299,28.2,28.2771,112950,0.0
2021-02-16,28.28,28.3113,28.21,28.2405,8798,0.0
2021-02-17,28.19,28.348,28.16,28.348,10756,0.0
2021-02-18,28.29,28.355,28.19,28.3046,23915,0.0
2021-02-19,28.18,28.2857,28.13,28.1708,5044,0.0
2021-02-22,27.6,27.77,27.58,27.58,21513,0.0
2021-02-23,27.71,27.98,27.63,27.942,8279,0.0
2021-02-24,27.89,28.23,27.89,28.2158,6038,0.0
2021-02-25,28.24,28.359,27.84,27.8496,3639,0.0
2021-02-26,27.07,27.0828,26.8,27.0828,10767,0.0
2021-03-01,27.58,27.85,27.58,27.7976,6046,0.0
2021-03-02,28.05,28.15,27.99,28.0822,4202,0.0
2021-03-03,28.47,28.55,28.36,28.36,9966,0.0
2021-03-04,28.7,28.7445,28.1463,28.1463,9232,0.0
2021-03-05,28.33,28.33,28.03,28.2569,3602,0.0
2021-03-08,28.31,28.33,28.18,28.18,4463,0.0
2021-03-09,28.44,28.64,28.44,28.5574,3802,0.0
2021-03-10,28.615,28.6213,28.55,28.6213,2533,0.0
2021-03-11,28.94,29.02,28.88,29.01,9679,0.0
2021-03-12,28.44,28.4869,28.39,28.4869,6799,0.0
2021-03-15,28.23,28.38,28.17,28.3699,6884,0.0
2021-03-16,28.49,28.5569,28.469,28.5358,7128,0.0
2021-03-17,27.94,28.2083,27.86,28.2083,7899,0.0
2021-03-18,27.51,27.5966,27.395,27.395,13934,0.0
2021-03-19,27.9,28.1349,27.8999,28.1223,5857,0.0
2021-03-22,28.16,28.36,28.16,28.22,6447,0.0
2021-03-23,28.24,28.2866,28.0891,28.0891,2572,0.0
2021-03-24,27.835,27.86,27.7786,27.7786,2896,0.0
2021-03-25,27.33,27.5036,27.29,27.5001,9083,0.0
2021-03-26,27.7,28.15,27.7,28.15,12549,0.0
2021-03-29,27.89,27.9,27.85,27.8978,8711,0.0
2021-03-30,27.81,27.858,27.71,27.858,1335,0.0
2021-03-31,27.865,28.02,27.8322,27.987,3781,0.0
2021-04-01,28.14,28.23,28.1127,28.1201,3375,0.0
2021-04-05,27.9,27.93,27.735,27.919,10049,0.0
2021-04-06,27.95,28.05,27.95,27.989,4716,0.0
2021-04-07,27.75,27.76,27.69,27.7349,4074,0.0
2021-04-08,27.92,27.949,27.909,27.9167,3097,0.0
2021-04-09,27.7438,27.8571,27.72,27.8,7454,0.0
2021-04-12,26.96,26.96,26.63,26.67,20738,0.0
2021-04-13,26.85,26.92,26.78,26.8977,5658,0.0
2021-04-14,27.2,27.36,27.2,27.2549,21974,0.0
2021-04-15,27.19,27.3199,27.149,27.3,23943,0.0
2021-04-16,27.4,27.47,27.4,27.4048,4914,0.0
2021-04-19,26.98,26.98,26.72,26.7924,10726,0.0
2021-04-20,26.65,26.65,26.365,26.47,16212,0.0
2021-04-21,26.18,26.46,26.01,26.46,11755,0.0
2021-04-22,26.8,26.8,26.5483,26.5483,4474,0.0
2021-04-23,26.76,26.81,26.73,26.76,4127,0.0
2021-04-26,26.97,27.099,26.96,27.08,5076,0.0
2021-04-27,27.32,27.4191,27.32,27.3786,3001,0.0
2021-04-28,27.72,27.8,27.66,27.71,14221,0.0
2021-04-29,27.72,27.7599,27.668,27.7599,6162,0.0
2021-04-30,27.62,27.62,27.36,27.3701,9018,0.0
2021-05-03,27.71,27.88,27.705,27.72,7764,0.0
2021-05-04,27.34,27.433,27.25,27.433,5731,0.0
2021-05-05,27.79,27.85,27.78,27.7837,3062,0.0
2021-05-06,27.94,28.17,27.94,28.1509,6285,0.0
2021-05-07,28.3,28.54,28.3,28.4537,8402,0.0
2021-05-10,28.41,28.41,28.2466,28.2466,3931,0.0
2021-05-11,28.1,28.439,28.1,28.4026,20664,0.0
2021-05-12,28.1,28.1166,27.7074,27.7074,2822,0.0
2021-05-13,27.95,28.079,27.95,28.0308,5691,0.0
2021-05-14,28.21,28.359,28.15,28.31,15716,0.0
2021-05-17,28.4,28.579,28.37,28.47,28629,0.0
2021-05-18,28.71,28.8499,28.71,28.7439,4006,0.0
2021-05-19,28.57,28.775,28.57,28.75,1180,0.0
2021-05-20,28.72,28.8364,28.72,28.8364,8498,0.0
2021-05-21,28.978,28.978,28.755,28.755,6060,0.0
2021-05-24,28.999,29.129,28.999,29.1,15311,0.0
2021-05-25,29.11,29.14,29.06,29.0723,8214,0.0
2021-05-26,29.269,29.41,29.269,29.3989,1864,0.0
2021-05-27,29.48,29.519,29.3901,29.47,2423,0.0
2021-05-28,29.5,29.635,29.5,29.55,2727,0.0
2021-06-01,29.8,29.82,29.76,29.82,8463,0.0
2021-06-02,29.975,30.03,29.975,29.9951,4148,0.0
2021-06-03,29.96,30.009,29.9,29.9542,4065,0.0
2021-06-04,30.22,30.27,30.164,30.2456,2603,0.0
2021-06-07,30.35,30.35,30.24,30.34,1804,0.0
2021-06-08,30.259,30.3006,30.259,30.3006,1624,0.0
2021-06-09,30.09,30.1899,30.09,30.1509,6833,0.0
2021-06-10,30.315,30.37,30.3,30.3274,1893,0.0
2021-06-11,30.31,30.31,30.23,30.2734,2548,0.0
2021-06-14,30.32,30.42,30.32,30.33,2297,0.0
2021-06-15,30.27,30.27,30.2,30.205,1318,0.0
2021-06-16,30.16,30.21,29.84,29.9,12070,0.0
2021-06-17,29.77,29.819,29.68,29.68,3181,0.0
2021-06-18,29.5,29.5,29.29,29.29,27174,0.0
2021-06-21,29.66,29.91,29.59,29.91,18918,0.0
2021-06-22,29.69,29.8506,29.69,29.8506,1941,0.0
2021-06-23,29.73,29.82,29.6899,29.6899,1516,0.0
2021-06-24,29.72,29.76,29.7,29.71,4680,0.0
2021-06-25,29.85,29.85,29.73,29.7836,3177,0.0
2021-06-28,29.83,29.91,29.83,29.91,4040,0.0
2021-06-29,29.72,29.8183,29.72,29.8183,1948,0.0
2021-06-30,29.58,29.71,29.58,29.69,3102,0.0
2021-07-01,29.529,29.5744,29.45,29.5744,4493,0.0
2021-07-02,29.79,29.79,29.625,29.78,4603,0.0
2021-07-06,29.61,29.63,29.44,29.52,3502,0.0
2021-07-07,29.495,29.6299,29.495,29.59,3939,0.0
2021-07-08,29.42,29.43,29.38,29.3978,1717,0.0
2021-07-09,29.64,29.7699,29.64,29.7243,2216,0.0
2021-07-12,29.6464,29.769,29.6464,29.7119,4119,0.0
2021-07-13,29.71,29.729,29.5825,29.5825,2845,0.0
2021-07-14,29.86,29.86,29.73,29.7858,1958,0.0
2021-07-15,29.81,29.8551,29.81,29.8551,844,0.0
2021-07-16,29.87,29.87,29.6201,29.6558,2508,0.0
2021-07-19,29.47,29.5,29.34,29.3724,2783,0.0
2021-07-20,29.35,29.61,29.35,29.6015,2936,0.0
2021-07-21,29.5201,29.6992,29.5201,29.6992,4655,0.0
2021-07-22,29.86,29.91,29.86,29.8936,7655,0.0
2021-07-23,29.85,29.88,29.765,29.88,4162,0.0
2021-07-26,29.94,30.05,29.94,30.05,1462,0.0
2021-07-27,29.769,29.77,29.59,29.6727,2424,0.0
2021-07-28,29.75,29.7729,29.619,29.7729,945,0.0
2021-07-29,29.88,29.92,29.88,29.9117,1464,0.0
2021-07-30,30.059,30.059,30.045,30.045,674,0.0
2021-08-02,30.21,30.27,30.1576,30.1576,1180,0.0
2021-08-03,30.55,30.77,30.48,30.77,2842,0.0
2021-08-04,30.6999,30.6999,30.619,30.6308,2634,0.0
2021-08-05,30.73,30.83,30.73,30.8033,788,0.0
2021-08-06,30.62,30.62,30.5741,30.61,2307,0.0
2021-08-09,30.59,30.59,30.47,30.49,9685,0.0
2021-08-10,30.36,30.36,30.28,30.35,2726,0.0
2021-08-11,30.62,30.6299,30.5897,30.6299,920,0.0
2021-08-12,30.63,30.67,30.62,30.6656,2375,0.0
2021-08-13,30.86,30.9357,30.82,30.9357,760,0.0
2021-08-16,30.99,31.069,30.93,31.069,4451,0.0
2021-08-17,30.96,31.0039,30.89,31.0039,2306,0.0
2021-08-18,31.0,31.0,30.75,30.81,9720,0.0
2021-08-19,30.7,30.7,30.5985,30.5985,1077,0.0
2021-08-20,30.81,30.96,30.81,30.96,797,0.0
2021-08-23,30.9,31.0,30.9,30.9449,7669,0.0
2021-08-24,31.07,31.165,31.07,31.1412,2537,0.0
2021-08-25,31.06,31.1365,31.06,31.1365,1885,0.0
2021-08-26,31.168,31.168,31.06,31.09,3388,0.0
2021-08-27,31.745,31.78,31.71,31.78,4298,0.0
2021-08-30,32.13,32.16,32.115,32.115,4768,0.0
2021-08-31,32.46,32.5,32.46,32.4832,4120,0.0
2021-09-01,32.556,32.68,32.55,32.64,4636,0.0
2021-09-02,32.909,32.91,32.859,32.8836,8115,0.0
2021-09-03,33.04,33.24,33.04,33.22,4642,0.0
2021-09-07,33.06,33.0799,32.95,33.047,5098,0.0
2021-09-08,32.86,32.86,32.699,32.72,4198,0.0
2021-09-09,33.0,33.039,32.98,33.0136,5804,0.0
2021-09-10,33.1,33.1,32.9902,32.9902,2012,0.0
2021-09-13,32.98,33.0268,32.98,33.0,3034,0.0
2021-09-14,33.18,33.18,33.01,33.01,1441,0.0
2021-09-15,33.33,33.45,33.285,33.43,4492,0.0
2021-09-16,33.4,33.46,33.289,33.4369,139018,0.0
2021-09-17,33.22,33.22,32.98,33.0175,3556,0.0
2021-09-20,32.76,32.795,32.56,32.72,10695,0.0
2021-09-21,32.95,33.009,32.9,32.9513,7873,0.0
2021-09-22,33.09,33.25,33.09,33.2317,5534,0.0
2021-09-23,33.5415,33.55,33.52,33.5265,1812,0.0
2021-09-24,33.41,33.51,33.4,33.43,4774,0.0
2021-09-27,33.33,33.4999,33.285,33.41,5044,0.0
2021-09-28,32.99,33.01,32.82,32.8572,9029,0.0
2021-09-29,32.91,32.91,32.8586,32.8586,1791,0.0
2021-09-30,32.97,32.97,32.7399,32.7399,2855,0.0
2021-10-01,32.97,33.1199,32.88,33.0835,3932,0.0
2021-10-04,33.23,33.23,32.83,32.87,6470,0.0
2021-10-05,33.299,33.38,33.27,33.27,5810,0.0
2021-10-06,32.82,33.0403,32.78,33.0403,1915,0.0
2021-10-07,33.2,33.329,33.2,33.21,3189,0.0
2021-10-08,33.21,33.22,33.13,33.22,2322,0.0
2021-10-11,33.19,33.19,33.09,33.09,10622,0.0
2021-10-12,33.269,33.29,33.21,33.2178,4709,0.0
2021-10-13,33.68,33.72,33.56,33.68,46913,0.0
2021-10-14,33.89,34.01,33.85,33.9852,7145,0.0
2021-10-15,33.99,34.15,33.99,34.1,7553,0.0
2021-10-18,34.01,34.23,34.01,34.125,16370,0.0
2021-10-19,33.83,33.91,33.62,33.88,48922,0.0
2021-10-20,33.73,33.73,33.63,33.7,13074,0.0
2021-10-21,33.34,33.43,33.295,33.4196,7539,0.0
2021-10-22,33.08,33.2,32.94,33.07,10281,0.0
2021-10-25,32.95,32.95,32.73,32.8718,19474,0.0
2021-10-26,33.27,33.45,33.14,33.3285,6922,0.0
2021-10-27,33.17,33.27,33.09,33.09,12324,0.0
2021-10-28,32.67,32.82,32.67,32.8196,8107,0.0
2021-10-29,32.54,32.619,32.5,32.619,10897,0.0
2021-11-01,32.96,33.08,32.87,33.08,11873,0.0
2021-11-02,33.07,33.09,33.011,33.0301,6670,0.0
2021-11-03,33.03,33.1697,32.99,33.1697,9040,0.0
2021-11-04,33.105,33.1825,33.105,33.1825,2861,0.0
2021-11-05,33.42,33.469,33.39,33.4301,3568,0.0
2021-11-08,33.87,34.04,33.87,34.0,7569,0.0
2021-11-09,33.78,33.78,33.65,33.6945,8694,0.0
2021-11-10,33.72,33.835,33.5439,33.5439,6419,0.0
2021-11-11,33.68,33.75,33.61,33.66,16394,0.0
2021-11-12,34.01,34.0999,33.96,34.0419,11237,0.0
2021-11-15,34.03,34.03,33.97,33.9877,6292,0.0
2021-11-16,33.71,33.719,33.61,33.65,15200,0.0
2021-11-17,33.6,33.6,33.48,33.5406,162738,0.0
2021-11-18,33.18,33.275,33.12,33.275,8505,0.0
2021-11-19,33.27,33.3285,33.1401,33.18,8379,0.0
2021-11-22,32.63,32.6517,32.4863,32.4863,14028,0.0
2021-11-23,32.89,32.98,32.86,32.98,16300,0.0
2021-11-24,32.51,32.529,32.46,32.5116,8242,0.0
2021-11-26,31.84,31.85,31.4571,31.7,14338,0.0
2021-11-29,31.69,31.71,31.519,31.63,8819,0.0
2021-11-30,31.83,31.93,31.72,31.72,6779,0.0
2021-12-01,32.24,32.24,31.8606,31.8606,11716,0.0
2021-12-02,32.485,32.55,32.4616,32.4616,1976,0.0
2021-12-03,31.86,31.9877,31.86,31.9877,7108,0.0
2021-12-06,31.54,31.6001,31.5117,31.6001,5714,0.0
2021-12-07,31.92,32.029,31.92,32.029,8562,0.0
2021-12-08,32.34,32.41,32.33,32.385,3521,0.0
2021-12-09,32.32,32.378,32.3178,32.3178,1535,0.0
2021-12-10,32.51,32.51,32.425,32.4539,1597,0.0
2021-12-13,31.56,31.56,31.33,31.335,11239,0.0
2021-12-14,31.24,31.33,31.15,31.26,3320,0.0
2021-12-15,30.92,31.19,30.86,31.18,5626,0.0
2021-12-16,31.19,31.28,31.1348,31.1348,4624,0.0
2021-12-17,30.71,30.8,30.63,30.6849,7320,0.0
2021-12-20,30.24,30.3,30.1,30.2963,22994,0.0
2021-12-21,30.7,30.7676,30.669,30.7676,5481,0.0
2021-12-22,31.08,31.22,31.08,31.2056,5059,0.0
2021-12-23,31.4,31.49,31.31,31.4897,7429,0.0
2021-12-27,31.44,31.6011,31.44,31.6011,3675,0.0
2021-12-28,31.79,31.84,31.76,31.7652,4444,0.0
2021-12-29,31.82,31.91,31.75,31.9,4151,0.0
2021-12-30,31.9,31.94,31.79,31.8184,5299,0.0
2021-12-31,32.03,32.05,31.8883,31.8883,15561,0.0
2022-01-03,32.32,32.4099,32.15,32.35,16657,0.0
2022-01-04,32.48,32.56,32.4476,32.4476,8782,0.0
2022-01-05,32.68,32.73,32.3542,32.3542,9080,0.0
2022-01-06,32.42,32.54,32.35,32.3917,17679,0.0
2022-01-07,32.65,32.75,32.52,32.7499,4673,0.0
2022-01-10,32.83,32.879,32.7301,32.8332,14425,0.0
2022-01-11,33.01,33.3608,32.99,33.3608,9950,0.0
2022-01-12,33.54,33.6633,33.5182,33.6633,24280,0.0
2022-01-13,33.58,33.65,33.49,33.53,13514,0.0
2022-01-14,33.3,33.37,33.21,33.2881,24247,0.0
2022-01-18,32.91,32.91,32.75,32.7998,14374,0.0
2022-01-19,32.81,32.83,32.62,32.62,19265,0.0
2022-01-20,32.62,32.759,32.37,32.3886,6313,0.0
2022-01-21,32.21,32.21,31.87,31.87,42200,0.0
2022-01-24,30.95,30.95,30.365,30.8038,44048,0.0
2022-01-25,31.3,31.49,31.22,31.28,9898,0.0
2022-01-26,31.18,31.265,30.9386,30.9386,9342,0.0
2022-01-27,30.9,30.925,30.6601,30.7394,12398,0.0
2022-01-28,31.08,31.3,30.98,31.1608,4083,0.0
2022-01-31,31.63,31.9274,31.63,31.9274,24723,0.0
2022-02-01,31.95,32.0335,31.85,32.0335,7196,0.0
2022-02-02,32.22,32.2883,32.149,32.2713,2104,0.0
2022-02-03,31.69,31.829,31.62,31.7667,13173,0.0
2022-02-04,31.635,31.7926,31.5701,31.7157,4333,0.0
2022-02-07,31.39,31.49,31.35,31.43,16727,0.0
2022-02-08,31.36,31.52,31.36,31.5018,14001,0.0
2022-02-09,31.73,31.9,31.73,31.8893,11752,0.0
2022-02-10,31.41,31.729,31.41,31.51,11648,0.0
2022-02-11,31.33,31.33,30.928,30.928,29159,0.0
2022-02-14,30.44,30.47,30.3,30.3325,8828,0.0
2022-02-15,31.24,31.38,31.1696,31.3799,5316,0.0
2022-02-16,31.1,31.48,31.057,31.3851,31515,0.0
2022-02-17,31.3,31.315,31.1698,31.1698,5741,0.0
2022-02-18,31.2093,31.39,31.13,31.1839,14169,0.0
2022-02-22,30.99,31.13,30.78,30.9072,8664,0.0
2022-02-23,31.04,31.04,30.63,30.66,6927,0.0
2022-02-24,29.12,29.7998,28.83,29.7998,20568,0.0
2022-02-25,30.31,30.87,30.3,30.87,14901,0.0
2022-02-28,30.43,30.69,30.31,30.67,10372,0.0
2022-03-01,30.12,30.29,29.71,29.88,37296,0.0
2022-03-02,30.09,30.42,30.09,30.3077,13639,0.0
2022-03-03,30.0,30.0,29.6,29.655,21800,0.0
2022-03-04,29.15,29.15,28.9025,29.0608,24043,0.0
2022-03-07,28.8,28.8,28.07,28.0912,12035,0.0
2022-03-08,28.56,28.91,28.42,28.62,11657,0.0
2022-03-09,29.55,29.975,29.55,29.8967,11315,0.0
2022-03-10,29.54,29.82,29.52,29.82,11103,0.0
2022-03-11,30.07,30.07,29.4701,29.4989,9917,0.0
2022-03-14,29.99,30.285,29.78,29.85,17746,0.0
2022-03-15,29.98,30.3284,29.97,30.3284,5786,0.0
2022-03-16,30.65,31.0802,30.65,31.0802,12063,0.0
2022-03-17,31.05,31.14,30.97,31.1313,5529,0.0
2022-03-18,30.86,31.35,30.81,31.3368,8514,0.0
2022-03-21,30.71,30.7695,30.568,30.7695,6471,0.0
2022-03-22,31.01,31.18,30.9811,31.0243,19014,0.0
2022-03-23,30.725,30.725,30.5031,30.5031,7701,0.0
2022-03-24,30.79,31.069,30.78,30.99,5761,0.0
2022-03-25,30.9,30.965,30.8,30.963,11104,0.0
2022-03-28,30.9,31.1759,30.9,31.1759,10161,0.0
2022-03-29,31.71,31.795,31.62,31.7365,13848,0.0
2022-03-30,31.5,31.55,31.4,31.4013,3258,0.0
2022-03-31,31.4,31.4,31.16,31.1631,7576,0.0
2022-04-01,31.66,31.75,31.56,31.7413,16075,0.0
2022-04-04,32.33,32.5599,32.33,32.52,10037,0.0
2022-04-05,32.48,32.51,32.19,32.2109,11248,0.0
2022-04-06,32.11,32.24,31.7801,31.9317,13455,0.0
2022-04-07,31.75,31.98,31.75,31.8767,15146,0.0
2022-04-08,32.1,32.25,32.09,32.1279,13534,0.0
2022-04-11,32.16,32.16,31.8573,31.92,8351,0.0
2022-04-12,31.79,31.8028,31.5056,31.5056,11058,0.0
2022-04-13,31.48,31.5311,31.3081,31.5311,5440,0.0
2022-04-14,31.44,31.44,31.2711,31.2711,5400,0.0
2022-04-18,31.24,31.31,31.165,31.19,26536,0.0
2022-04-19,30.7,30.89,30.4833,30.89,16366,0.0
2022-04-20,31.24,31.375,31.1821,31.3324,25709,0.0
2022-04-21,31.72,31.72,31.3212,31.3212,4565,0.0
2022-04-22,31.24,31.24,30.9135,30.9135,19553,0.0
2022-04-25,30.76,30.86,30.65,30.86,7143,0.0
2022-04-26,31.05,31.1,30.7454,30.7454,11390,0.0
2022-04-27,30.85,30.91,30.6849,30.8211,11309,0.0
2022-04-28,31.09,31.24,30.95,31.2123,6550,0.0
2022-04-29,30.95,31.01,30.55,30.5565,8483,0.0
2022-05-02,30.65,30.79,30.6,30.78,11661,0.0
2022-05-03,30.71,30.7906,30.635,30.7906,5044,0.0
2022-05-04,30.26,30.8,30.13,30.76,10547,0.0
2022-05-05,30.24,30.33,29.71,29.8643,35232,0.0
2022-05-06,29.46,29.56,29.29,29.4782,11048,0.0
2022-05-09,29.07,29.18,28.97,28.97,21411,0.0
2022-05-10,28.96,28.97,28.42,28.51,59117,0.0
2022-05-11,28.55,28.7,28.21,28.21,6246,0.0
2022-05-12,28.07,28.3,27.94,28.13,15145,0.0
2022-05-13,27.98,28.2954,27.72,28.2954,141472,0.0
2022-05-16,28.2,28.25,28.12,28.2,7503,0.0
2022-05-17,28.92,28.98,28.76,28.923,32044,0.0
2022-05-18,28.74,28.83,28.2548,28.2548,14390,0.0
2022-05-19,28.23,28.5301,28.23,28.4105,36592,0.0
2022-05-20,28.75,28.79,28.25,28.64,38377,0.0
2022-05-23,28.63,28.8299,28.63,28.795,14598,0.0
2022-05-24,28.47,28.57,28.31,28.5694,7396,0.0
2022-05-25,28.06,28.395,28.06,28.36,12081,0.0
2022-05-26,28.39,28.6499,28.39,28.59,12189,0.0
2022-05-27,28.66,28.8208,28.66,28.8208,7835,0.0
2022-05-31,29.25,29.25,28.95,28.9552,16781,0.0
2022-06-01,29.1,29.13,28.79,28.87,9362,0.0
2022-06-02,29.2288,29.6277,29.2288,29.6277,2742,0.0
2022-06-03,29.06,29.06,28.81,28.8521,4991,0.0
2022-06-06,29.04,29.06,28.77,28.84,13342,0.0
2022-06-07,28.68,28.9,28.68,28.8981,4045,0.0
2022-06-08,28.76,28.78,28.5972,28.5972,3357,0.0
2022-06-09,28.67,28.67,28.39,28.418,6298,0.0
2022-06-10,28.2,28.23,28.04,28.0559,10059,0.0
2022-06-13,27.67,27.7401,27.5,27.55,16140,0.0
2022-06-14,27.69,27.74,27.63,27.6908,10283,0.0
2022-06-15,27.73,27.93,27.65,27.93,8130,0.0
2022-06-16,27.16,27.21,27.0001,27.14,7676,0.0
2022-06-17,26.94,27.11,26.88,27.0588,9313,0.0
2022-06-21,27.45,27.62,27.45,27.5613,7392,0.0
2022-06-22,27.01,27.249,27.01,27.1323,7799,0.0
2022-06-23,27.29,27.4083,27.2601,27.4083,6321,0.0
2022-06-24,27.51,27.83,27.51,27.83,2156,0.0
2022-06-27,27.65,27.6601,27.59,27.6246,4502,0.0
2022-06-28,27.58,27.5901,27.3027,27.3027,4179,0.0
2022-06-29,27.529,27.529,27.48,27.48,1058,0.0
2022-06-30,27.27,27.46,27.2,27.4331,7646,0.0
2022-07-01,27.41,27.53,27.31,27.53,3400,0.0
2022-07-05,27.18,27.54,27.17,27.54,7136,0.0
2022-07-06,27.85,28.069,27.82,27.9681,8229,0.0
2022-07-07,28.0,28.1726,28.0,28.0787,5450,0.0
2022-07-08,27.94,28.11,27.75,27.98,7501,0.0
2022-07-11,27.97,28.05,27.9,27.9573,2883,0.0
2022-07-12,27.82,28.02,27.82,27.88,3237,0.0
2022-07-13,27.41,27.6617,27.39,27.5693,10188,0.0
2022-07-14,27.4,27.6277,27.3099,27.6277,5138,0.0
2022-07-15,27.98,28.0278,27.97,28.0278,2400,0.0
2022-07-18,28.04,28.11,27.83,27.83,11448,0.0
2022-07-19,28.24,28.375,28.24,28.3705,3211,0.0
2022-07-20,28.26,28.35,28.2,28.3348,12246,0.0
2022-07-21,28.74,28.8,28.68,28.7708,14435,0.0
2022-07-22,28.68,28.73,28.5387,28.59,4358,0.0
2022-07-25,28.52,28.6,28.5,28.6,3282,0.0
2022-07-26,28.29,28.29,28.125,28.1797,2580,0.0
2022-07-27,28.53,28.83,28.53,28.8,11423,0.0
2022-07-28,29.06,29.3,29.0399,29.29,8174,0.0
2022-07-29,29.55,29.72,29.509,29.71,8933,0.0
2022-08-01,29.885,30.14,29.885,30.0327,11523,0.0
2022-08-02,30.24,30.38,30.215,30.2774,10326,0.0
2022-08-03,30.06,30.23,30.05,30.2199,6139,0.0
2022-08-04,30.04,30.15,30.04,30.15,3009,0.0
2022-08-05,29.86,29.98,29.85,29.9113,3263,0.0
2022-08-08,30.18,30.27,30.06,30.097,9947,0.0
2022-08-09,30.03,30.08,30.01,30.0114,2965,0.0
2022-08-10,30.41,30.5123,30.38,30.5123,7196,0.0
2022-08-11,30.35,30.51,30.22,30.27,9091,0.0
2022-08-12,30.385,30.5074,30.344,30.5074,2055,0.0
2022-08-15,30.48,30.56,30.46,30.5144,5211,0.0
2022-08-16,30.69,30.8305,30.69,30.8305,5308,0.0
2022-08-17,30.8,30.8501,30.8,30.8287,6546,0.0
2022-08-18,30.71,30.72,30.64,30.6919,3433,0.0
2022-08-19,30.33,30.33,30.2,30.2182,1650,0.0
2022-08-22,29.92,29.92,29.7865,29.7953,5046,0.0
2022-08-23,30.14,30.1755,30.1234,30.1234,5038,0.0
2022-08-24,30.2,30.355,30.2,30.35,5603,0.0
2022-08-25,30.01,30.1877,30.01,30.1877,6278,0.0
2022-08-26,30.32,30.32,29.79,29.7997,7454,0.0
2022-08-29,29.84,29.89,29.8,29.8188,3512,0.0
2022-08-30,30.495,30.495,30.1787,30.226,5349,0.0
2022-08-31,30.11,30.209,30.075,30.075,4802,0.0
2022-09-01,30.21,30.2799,30.1201,30.2799,7910,0.0
2022-09-02,30.33,30.35,30.049,30.0599,10591,0.0
2022-09-06,30.24,30.3,30.09,30.0925,8009,0.0
2022-09-07,30.32,30.6003,30.32,30.6003,5951,0.0
2022-09-08,30.51,30.6883,30.43,30.6883,12034,0.0
2022-09-09,30.62,30.68,30.59,30.675,10245,0.0
2022-09-12,30.99,31.2,30.99,31.19,8661,0.0
2022-09-13,30.68,30.75,30.4629,30.4655,8317,0.0
2022-09-14,30.92,30.92,30.74,30.8004,11275,0.0
2022-09-15,30.675,30.77,30.5457,30.574,15640,0.0
2022-09-16,30.11,30.18,30.0,30.1492,10882,0.0
2022-09-19,30.26,30.4671,30.26,30.4671,8097,0.0
2022-09-20,30.43,30.485,30.31,30.4,13392,0.0
2022-09-21,30.21,30.32,30.04,30.0655,2975,0.0
2022-09-22,29.91,29.93,29.6837,29.7517,25274,0.0
2022-09-23,29.3,29.3,29.02,29.11,5523,0.0
2022-09-26,28.62,28.755,28.5105,28.5732,15681,0.0
2022-09-27,28.69,28.77,28.41,28.4819,79651,0.0
2022-09-28,28.58,28.99,28.52,28.9593,5840,0.0
2022-09-29,28.46,28.46,28.215,28.36,13375,0.0
2022-09-30,28.84,28.86,28.59,28.59,3405,0.0
2022-10-03,28.57,28.77,28.46,28.7135,8565,0.0
2022-10-04,29.17,29.39,29.17,29.28,6069,0.0
2022-10-05,29.12,29.279,29.0041,29.194,16162,0.0
2022-10-06,28.95,29.025,28.9,28.9114,2777,0.0
2022-10-07,28.61,28.619,28.38,28.4075,5634,0.0
2022-10-10,28.78,28.8,28.621,28.6956,10350,0.0
2022-10-11,28.38,28.57,28.32,28.36,8774,0.0
2022-10-12,28.48,28.48,28.42,28.4767,2231,0.0
2022-10-13,27.94,28.765,27.94,28.72,9726,0.0
2022-10-14,28.68,28.68,28.2954,28.2954,3952,0.0
2022-10-17,28.77,28.94,28.77,28.86,18218,0.0
2022-10-18,29.1,29.14,28.8468,28.8468,11379,0.0
2022-10-19,28.5,28.658,28.5,28.5609,4470,0.0
2022-10-20,28.92,29.195,28.84,28.8661,6383,0.0
2022-10-21,28.82,29.2,28.82,29.1999,10040,0.0
2022-10-24,29.0,29.23,28.97,29.2062,14797,0.0
2022-10-25,29.06,29.35,29.06,29.35,32268,0.0
2022-10-26,29.43,29.69,29.43,29.5,12756,0.0
2022-10-27,29.34,29.52,29.2527,29.2527,12283,0.0
2022-10-28,29.3,29.55,29.3,29.5331,7522,0.0
2022-10-31,29.41,29.58,29.3711,29.5336,14132,0.0
2022-11-01,29.82,29.87,29.66,29.78,32932,0.0
2022-11-02,29.58,29.69,29.22,29.22,24023,0.0
2022-11-03,29.35,29.6,29.35,29.47,8548,0.0
2022-11-04,30.08,30.24,29.87,30.24,6301,0.0
2022-11-07,30.2,30.3,30.16,30.2768,3768,0.0
2022-11-08,30.39,30.56,30.39,30.5537,3231,0.0
2022-11-09,30.24,30.27,30.06,30.0643,76349,0.0
2022-11-10,30.6,30.99,30.5,30.99,24887,0.0
2022-11-11,30.75,30.96,30.74,30.908,18361,0.0
2022-11-14,30.5,30.73,30.5,30.5,27109,0.0
2022-11-15,30.88,30.88,30.6,30.6801,22305,0.0
2022-11-16,30.29,30.3399,30.19,30.19,8344,0.0
2022-11-17,29.9,30.15,29.9,30.115,4118,0.0
2022-11-18,30.1,30.11,29.98,30.09,11088,0.0
2022-11-21,29.9,29.95,29.86,29.9,20245,0.0
2022-11-22,29.97,30.055,29.96,30.03,6139,0.0
2022-11-23,29.86,30.0499,29.86,29.97,5113,0.0
2022-11-25,30.28,30.37,30.28,30.3692,12579,0.0
2022-11-28,30.38,30.54,30.27,30.29,20162,0.0
2022-11-29,30.42,30.52,30.42,30.48,8230,0.0
2022-11-30,30.95,31.03,30.69,31.03,16007,0.0
2022-12-01,31.24,31.24,31.05,31.1133,4391,0.0
2022-12-02,30.79,30.98,30.79,30.9638,8032,0.0
2022-12-05,30.67,30.68,30.499,30.5414,15226,0.0
2022-12-06,30.5,30.5,30.25,30.33,5616,0.0
2022-12-07,30.38,30.45,30.3121,30.4024,9825,0.0
2022-12-08,30.52,30.5569,30.4751,30.5049,7372,0.0
2022-12-09,30.12,30.27,30.0988,30.0988,4276,0.0
2022-12-12,30.08,30.1363,30.03,30.1363,11913,0.0
2022-12-13,30.66,30.66,30.33,30.38,11628,0.0
2022-12-14,30.385,30.44,30.32,30.42,18464,0.0
2022-12-15,29.96,29.96,29.6501,29.75,9526,0.0
2022-12-16,29.52,29.53,29.395,29.4576,15830,0.0
2022-12-19,29.76,29.8099,29.615,29.71,16321,0.0
2022-12-20,29.6,29.74,29.5978,29.6714,9699,0.0
2022-12-21,29.33,29.43,29.25,29.4,12688,0.0
2022-12-22,29.19,29.19,28.875,29.0451,5644,0.0
2022-12-23,28.46,28.57,28.39,28.5611,13926,0.0
2022-12-27,29.02,29.13,29.01,29.0797,12198,0.0
2022-12-28,29.15,29.189,29.065,29.1,12087,0.0
2022-12-29,29.26,29.3899,29.26,29.3498,12842,0.0
2022-12-30,29.16,29.24,29.005,29.14,18122,0.0
2023-01-03,29.25,29.369,29.1801,29.27,24767,0.0
2023-01-04,29.09,29.141,28.965,29.1,47183,0.0
2023-01-05,29.06,29.11,29.03,29.045,18444,0.0
2023-01-06,29.04,29.329,29.0,29.3269,8156,0.0
2023-01-09,29.51,29.655,29.39,29.39,14031,0.0
2023-01-10,29.41,29.5,29.38,29.48,15543,0.0
2023-01-11,29.32,29.529,29.32,29.5243,4857,0.0
2023-01-12,29.5,29.695,29.45,29.64,26330,0.0
2023-01-13,29.46,29.71,29.46,29.7076,8646,0.0
2023-01-17,29.66,29.72,29.63,29.6775,22935,0.0
2023-01-18,29.87,29.89,29.6301,29.6626,10009,0.0
2023-01-19,29.68,29.78,29.65,29.67,16906,0.0
2023-01-20,29.61,29.75,29.6,29.75,14853,0.0
2023-01-23,29.61,29.78,29.6002,29.72,13424,0.0
2023-01-24,29.49,29.56,29.4,29.4108,13495,0.0
2023-01-25,29.12,29.21,29.0333,29.1845,7462,0.0
2023-01-26,29.31,29.38,29.23,29.3574,24859,0.0
2023-01-27,28.74,28.74,28.63,28.7,25935,0.0
2023-01-30,28.63,28.71,28.6,28.6531,27408,0.0
2023-01-31,28.66,28.81,28.51,28.81,11804,0.0
2023-02-01,28.45,28.46,28.07,28.1812,26037,0.0
2023-02-02,28.16,28.2,28.06,28.2,15605,0.0
2023-02-03,28.16,28.3,28.06,28.1032,22571,0.0
2023-02-06,28.0,28.1,27.979,28.0851,13787,0.0
2023-02-07,27.98,28.06,27.8177,28.0,13774,0.0
2023-02-08,28.34,28.37,28.17,28.3,24321,0.0
2023-02-09,28.42,28.43,28.2001,28.2586,6892,0.0
2023-02-10,28.42,28.42,28.2201,28.33,5718,0.0
2023-02-13,28.04,28.12,27.96,28.085,7647,0.0
2023-02-14,27.96,28.17,27.86,28.0833,1295061,0.0
2023-02-15,28.17,28.3,28.17,28.26,14891,0.0
2023-02-16,28.21,28.429,28.21,28.275,10657,0.0
2023-02-17,28.185,28.259,28.1444,28.2,4619,0.0
2023-02-21,28.03,28.099,27.99,27.995,25126,0.0
2023-02-22,27.75,27.78,27.635,27.635,10027,0.0
2023-02-23,27.72,27.755,27.6241,27.755,3483,0.0
2023-02-24,27.45,27.4899,27.41,27.4657,6724,0.0
2023-02-27,27.49,27.53,27.42,27.43,6377,0.0
2023-02-28,27.4,27.46,27.3897,27.3897,5565,0.0
2023-03-01,27.67,27.7299,27.6162,27.6846,5949,0.0
2023-03-02,27.6,27.7602,27.6,27.74,8766,0.0
2023-03-03,28.18,28.29,28.1297,28.26,7387,0.0
2023-03-06,28.35,28.4499,28.27,28.27,7562,0.0
2023-03-07,28.35,28.35,28.11,28.1329,3524,0.0
2023-03-08,28.3101,28.4,28.27,28.27,7421,0.0
2023-03-09,28.14,28.15,27.9545,27.9545,8131,0.0
2023-03-10,27.8901,27.98,27.73,27.73,7376,0.0
2023-03-13,27.46,27.6199,27.4101,27.42,11689,0.0
2023-03-14,27.35,27.52,27.35,27.46,12116,0.0
2023-03-15,27.06,27.06,26.82,26.88,30009,0.0
2023-03-16,27.03,27.39,27.03,27.31,18519,0.0
2023-03-17,27.265,27.265,27.111,27.14,9283,0.0
2023-03-20,27.12,27.25,27.09,27.2,19393,0.0
2023-03-21,27.27,27.325,27.17,27.2349,7800,0.0
2023-03-22,27.3701,27.5,27.2496,27.2496,6198,0.0
2023-03-23,27.4,27.56,27.27,27.27,11387,0.0
2023-03-24,27.13,27.215,27.05,27.21,11156,0.0
2023-03-27,27.14,27.22,27.0501,27.2157,6367,0.0
2023-03-28,27.02,27.06,27.0,27.005,4668,0.0
2023-03-29,27.07,27.27,27.07,27.2495,7705,0.0
2023-03-30,27.43,27.4499,27.37,27.425,7571,0.0
2023-03-31,27.66,27.7149,27.61,27.7149,6227,0.0
2023-04-03,27.67,27.7998,27.65,27.78,4636,0.0
2023-04-04,27.86,27.86,27.78,27.8198,3132,0.0
2023-04-05,27.98,27.98,27.84,27.9016,6107,0.0
2023-04-06,28.0,28.14,28.0,28.04,5858,0.0
2023-04-10,28.04,28.13,27.98,28.13,9677,0.0
2023-04-11,28.15,28.2199,28.15,28.188,10933,0.0
2023-04-12,28.37,28.37,28.18,28.2127,8617,0.0
2023-04-13,28.37,28.37,28.28,28.3105,11283,0.0
2023-04-14,28.29,28.35,28.16,28.225,15464,0.0
2023-04-17,28.08,28.1299,28.08,28.1299,13209,0.0
2023-04-18,28.12,28.169,28.04,28.0801,38885,0.0
2023-04-19,28.0,28.05,27.99,28.01,19401,0.0
2023-04-20,27.97,28.107,27.97,28.03,12189,0.0
2023-04-21,27.99,28.06,27.98,28.0392,15648,0.0
2023-04-24,28.16,28.2005,28.12,28.2005,10659,0.0
2023-04-25,28.18,28.19,28.07,28.0851,8650,0.0
2023-04-26,28.3,28.33,28.23,28.2682,7752,0.0
2023-04-27,28.45,28.62,28.45,28.56,24247,0.0
2023-04-28,28.71,28.84,28.71,28.8261,3510,0.0
2023-05-01,28.86,28.9,28.7933,28.835,8868,0.0
2023-05-02,28.84,28.84,28.7001,28.785,7502,0.0
2023-05-03,28.76,28.8199,28.675,28.675,9425,0.0
2023-05-04,28.88,28.95,28.86,28.905,9463,0.0
2023-05-05,28.84,29.0,28.84,28.96,13195,0.0
2023-05-08,29.07,29.159,29.0601,29.1153,11519,0.0
2023-05-09,28.95,29.04,28.95,29.0208,4338,0.0
2023-05-10,29.14,29.209,29.05,29.165,9180,0.0
2023-05-11,29.09,29.11,28.95,29.1,1233653,0.0
2023-05-12,29.0,29.0199,28.9,28.935,3535,0.0
2023-05-15,29.08,29.1799,29.0101,29.175,24769,0.0
2023-05-16,29.01,29.035,28.9401,28.955,8814,0.0
2023-05-17,28.9,28.95,28.8511,28.94,9471,0.0
2023-05-18,28.64,28.6726,28.57,28.6726,5622,0.0
2023-05-19,28.6501,28.719,28.6,28.61,10032,0.0
2023-05-22,28.9,29.04,28.89,28.9,1921680,0.0
2023-05-23,28.95,28.962,28.81,28.81,25142,0.0
2023-05-24,28.94,28.94,28.84,28.8485,10955,0.0
2023-05-25,29.07,29.07,28.93,29.035,24938,0.0
2023-05-26,29.28,29.5,29.28,29.409,12692,0.0
2023-05-30,29.43,29.43,29.29,29.36,13453,0.0
2023-05-31,29.32,29.32,29.2,29.26,27632,0.0
2023-06-01,29.38,29.5704,29.38,29.5704,7418,0.0
2023-06-02,29.62,29.75,29.62,29.75,18348,0.0
2023-06-05,29.61,29.6199,29.5381,29.595,27832,0.0
2023-06-06,29.57,29.6717,29.56,29.6717,7150,0.0
2023-06-07,29.865,29.99,29.77,29.823,31880,0.0
2023-06-08,29.67,29.73,29.67,29.7287,7805,0.0
2023-06-09,29.63,29.76,29.63,29.65,12410,0.0
2023-06-12,29.75,29.83,29.72,29.8209,14764,0.0
2023-06-13,30.06,30.1191,30.03,30.1,15423,0.0
2023-06-14,30.19,30.265,30.06,30.1781,11916,0.0
2023-06-15,30.19,30.37,30.19,30.3443,21197,0.0
2023-06-16,30.52,30.52,30.4,30.44,35470,0.0
2023-06-20,30.36,30.48,30.3413,30.45,1527967,0.0
2023-06-21,30.44,30.5087,30.4,30.476,28257,0.0
2023-06-22,30.33,30.39,30.31,30.36,38674,0.0
2023-06-23,30.11,30.11,29.98,30.09,49924,0.0
2023-06-26,30.17,30.249,30.15,30.1637,32919,0.0
2023-06-27,30.35,30.4,30.2961,30.3948,65356,0.0
2023-06-28,30.53,30.68,30.53,30.68,152104,0.0
2023-06-29,30.58,30.66,30.52,30.66,51822,0.0
2023-06-30,30.83,30.97,30.83,30.89,46574,0.0
2023-07-03,30.98,31.06,30.98,31.02,39882,0.0
2023-07-05,31.02,31.11,30.9101,30.94,54843,0.0
2023-07-06,30.9,30.9,30.69,30.7922,54609,0.0
2023-07-07,30.78,30.87,30.73,30.73,46679,0.0
2023-07-10,30.73,30.89,30.72,30.87,59661,0.0
2023-07-11,31.05,31.1184,31.0001,31.1055,41589,0.0
2023-07-12,31.23,31.3597,31.2001,31.35,83119,0.0
2023-07-13,31.14,31.2599,31.1001,31.2,271599,0.0
2023-07-14,31.33,31.39,31.2743,31.39,28857,0.0
2023-07-17,31.46,31.61,31.4001,31.53,1726877,0.0
2023-07-18,31.53,31.55,31.46,31.54,40072,0.0
2023-07-19,31.63,31.68,31.5801,31.6,40528,0.0
2023-07-20,31.63,31.63,31.45,31.53,69200,0.0
2023-07-21,31.49,31.5,31.4001,31.42,30092,0.0
2023-07-24,31.41,31.565,31.41,31.55,35037,0.0
2023-07-25,31.56,31.65,31.5401,31.56,35436,0.0
2023-07-26,31.59,31.74,31.59,31.69,63738,0.0
2023-07-27,31.64,31.67,31.33,31.35,53752,0.0
2023-07-28,31.57,31.65,31.5,31.58,65635,0.0
2023-07-31,31.71,31.85,31.61,31.76,112244,0.0
2023-08-01,31.67,31.695,31.58,31.635,605733,0.0
2023-08-02,31.42,31.42,30.961,31.02,59560,0.0
2023-08-03,31.02,31.11,31.0,31.0,42319,0.0
2023-08-04,31.34,31.43,31.23,31.35,56709,0.0
2023-08-07,31.45,31.45,31.37,31.42,69222,0.0
2023-08-08,31.26,31.26,31.13,31.25,27712,0.0
2023-08-09,31.39,31.39,31.25,31.32,25473,0.0
2023-08-10,31.33,31.51,31.25,31.28,26939,0.0
2023-08-11,31.26,31.26,31.08,31.15,33265,0.0
2023-08-14,31.01,31.0501,30.9201,31.04,22229,0.0
2023-08-15,31.0,31.015,30.8601,30.87,26450,0.0
2023-08-16,31.02,31.159,30.9873,30.99,28826,0.0
2023-08-17,31.11,31.11,30.9,30.9,25890,0.0
2023-08-18,30.91,31.0744,30.8901,30.96,31190,0.0
2023-08-21,31.13,31.2001,31.0623,31.18,47227,0.0
2023-08-22,31.26,31.28,31.14,31.14,17427,0.0
2023-08-23,31.4,31.64,31.4,31.61,33157,0.0
2023-08-24,31.45,31.45,31.285,31.29,41633,0.0
2023-08-25,31.23,31.3,31.12,31.27,44281,0.0
2023-08-28,31.4,31.45,31.3381,31.36,168078,0.0
2023-08-29,31.38,31.62,31.38,31.57,280477,0.0
2023-08-30,31.56,31.63,31.48,31.48,350856,0.0
2023-08-31,31.48,31.48,31.3261,31.4,63877,0.0
2023-09-01,31.7,31.72,31.51,31.64,70310,0.0
2023-09-05,31.88,31.93,31.765,31.84,47217,0.0
2023-09-06,31.65,31.88,31.61,31.74,44249,0.0
2023-09-07,31.83,31.94,31.83,31.92,23904,0.0
2023-09-08,32.13,32.3,32.13,32.3,57692,0.0
2023-09-11,32.57,32.61,32.465,32.61,129907,0.0
2023-09-12,32.22,32.25,32.15,32.2,61508,0.0
2023-09-13,32.3,32.3199,32.21,32.27,33394,0.0
2023-09-14,32.39,32.45,32.3323,32.37,86171,0.0
2023-09-15,32.37,32.405,32.2579,32.27,25011,0.0
2023-09-18,32.19,32.259,32.11,32.23,33211,0.0
2023-09-19,32.18,32.19,32.03,32.14,49818,0.0
2023-09-20,32.16,32.22,32.0,32.0,41005,0.0
2023-09-21,31.82,31.8336,31.75,31.76,46584,0.0
2023-09-22,31.91,31.91,31.76,31.76,28962,0.0
2023-09-25,31.82,31.9,31.75,31.9,41079,0.0
2023-09-26,31.78,31.8,31.66,31.67,38055,0.0
2023-09-27,31.96,31.96,31.81,31.89,112346,0.0
2023-09-28,31.6,31.71,31.56,31.69,535029,0.0
2023-09-29,31.9,31.9,31.615,31.655,43146,0.0
2023-10-02,31.65,31.7,31.5201,31.6112,28780,0.0
2023-10-03,31.63,31.66,31.5001,31.525,35532,0.0
2023-10-04,31.48,31.5087,31.3379,31.475,41436,0.0
2023-10-05,31.63,31.71,31.53,31.675,89335,0.0
2023-10-06,31.66,32.0,31.66,31.98,56385,0.0
2023-10-09,31.42,31.6,31.371,31.585,50892,0.0
2023-10-10,31.81,32.02,31.81,31.89,1366445,0.0
2023-10-11,32.02,32.06,31.9,31.931,42231,0.0
2023-10-12,31.9,31.9,31.65,31.673,24096,0.0
2023-10-13,31.84,31.89,31.75,31.75,18461,0.0
2023-10-16,31.91,32.0899,31.8963,32.05,27054,0.0
2023-10-17,31.91,32.06,31.91,32.02,35608,0.0
2023-10-18,31.81,31.82,31.585,31.585,51049,0.0
2023-10-19,31.8,31.9,31.74,31.7549,42355,0.0
2023-10-20,31.56,31.595,31.4401,31.45,95939,0.0
2023-10-23,31.2,31.2,31.01,31.11,51535,0.0
2023-10-24,31.23,31.27,31.09,31.13,456127,0.0
2023-10-25,30.82,30.8799,30.7,30.81,37271,0.0
2023-10-26,30.51,30.55,30.41,30.44,56268,0.0
2023-10-27,30.7,30.8699,30.63,30.65,17185,0.0
2023-10-30,30.87,30.9799,30.8101,30.915,71801,0.0
2023-10-31,30.85,30.915,30.7251,30.88,25558,0.0
2023-11-01,30.81,31.03,30.77,30.985,123402,0.0
2023-11-02,31.2,31.32,31.19,31.305,25080,0.0
2023-11-03,31.35,31.585,31.35,31.5399,45020,0.0
2023-11-06,31.54,31.61,31.5001,31.52,209816,0.0
2023-11-07,31.49,31.58,31.46,31.5769,40933,0.0
2023-11-08,31.63,31.8,31.625,31.74,1095326,0.0
2023-11-09,31.68,31.75,31.5,31.52,29980,0.0
2023-11-10,31.67,31.83,31.65,31.8189,21580,0.0
2023-11-13,31.78,31.86,31.71,31.83,31246,0.0
2023-11-14,32.12,32.36,32.1,32.36,27011,0.0
2023-11-15,32.26,32.26,32.165,32.2,32994,0.0
2023-11-16,32.21,32.28,32.15,32.2,119904,0.0
2023-11-17,32.26,32.32,32.24,32.26,103664,0.0
2023-11-20,32.16,32.26,32.13,32.255,57368,0.0
2023-11-21,32.32,32.335,32.26,32.26,59392,0.0
2023-11-22,32.37,32.4,32.3301,32.38,73002,0.0
2023-11-24,32.29,32.38,32.29,32.38,25688,0.0
2023-11-27,32.37,32.37,32.31,32.335,18918,0.0
2023-11-28,32.54,32.6799,32.5366,32.65,26634,0.0
2023-11-29,32.8,32.8598,32.71,32.75,82408,0.0
2023-11-30,32.97,33.03,32.85,33.03,66737,0.0
2023-12-01,33.06,33.2999,33.045,33.299,46659,0.0
2023-12-04,33.52,33.68,33.498,33.51,56740,0.0
2023-12-05,33.76,33.91,33.74,33.91,60377,0.0
2023-12-06,34.08,34.13,33.9699,33.99,1238917,0.0
2023-12-07,34.12,34.12,34.02,34.1,86230,0.0
2023-12-08,33.9,34.01,33.78,33.931,1378736,0.0
2023-12-11,34.08,34.15,34.0301,34.135,104180,0.0
2023-12-12,33.89,34.0,33.8,34.0,79086,0.0
2023-12-13,34.11,34.39,33.95,34.39,57928,0.0
2023-12-14,34.52,34.76,34.52,34.76,105321,0.0
2023-12-15,34.65,34.67,34.53,34.53,1579896,0.0
2023-12-18,34.5,34.6,34.4301,34.595,92988,0.0
2023-12-19,34.59,34.77,34.59,34.74,53858,0.0
2023-12-20,33.95,33.9799,33.63,33.66,261314,0.0
2023-12-21,34.19,34.38,34.17,34.38,81085,0.0
2023-12-22,34.43,34.54,34.42,34.54,67563,0.0
2023-12-26,34.64,34.67,34.6001,34.65,87205,0.0
2023-12-27,34.86,34.9,34.81,34.81,103917,0.0
2023-12-28,34.99,35.038,34.93,34.98,124322,0.0
2023-12-29,34.95,34.97,34.8211,34.8798,91600,0.0
2024-01-02,34.84,34.9,34.75,34.85,116699,0.0
2024-01-03,34.75,34.8674,34.68,34.82,84748,0.0
2024-01-04,35.12,35.2499,35.1,35.135,129946,0.0
2024-01-05,35.2,35.35,35.2,35.23,95293,0.0
2024-01-08,34.99,35.18,34.97,35.15,156575,0.0
2024-01-09,35.05,35.06,34.9,35.03,90532,0.0
2024-01-10,35.13,35.255,35.13,35.25,360673,0.0
2024-01-11,35.26,35.295,35.07,35.235,71619,0.0
2024-01-12,35.81,35.9623,35.79,35.825,134427,0.0
2024-01-16,35.69,35.69,35.37,35.44,131043,0.0
2024-01-17,35.01,35.09,34.8233,34.96,113954,0.0
2024-01-18,35.11,35.2,35.02,35.15,192419,0.0
2024-01-19,35.45,35.54,35.27,35.505,116017,0.0
2024-01-22,35.51,35.77,35.51,35.71,178335,0.0
2024-01-23,34.71,34.83,34.66,34.76,212946,0.0
2024-01-24,35.19,35.3591,34.91,34.97,1126636,0.0
2024-01-25,34.94,35.03,34.85,34.9635,109680,0.0
2024-01-26,35.01,35.11,34.9867,35.02,71671,0.0
2024-01-29,35.59,35.63,35.49,35.62,118840,0.0
2024-01-30,35.17,35.34,35.12,35.34,258793,0.0
2024-01-31,35.67,35.79,35.6,35.68,128807,0.0
2024-02-01,35.71,35.87,35.61,35.87,313478,0.0
2024-02-02,35.88,36.04,35.8,36.04,148821,0.0
2024-02-05,35.76,35.8846,35.7101,35.82,191863,0.0
2024-02-06,36.28,36.43,36.2534,36.35,263839,0.0
2024-02-07,36.43,36.56,36.405,36.47,132938,0.0
2024-02-08,36.27,36.28,36.12,36.18,156723,0.0
2024-02-09,36.19,36.35,36.1217,36.35,98033,0.0
2024-02-12,35.92,36.065,35.85,35.97,224520,0.0
2024-02-13,35.81,35.81,35.6,35.72,190286,0.0
2024-02-14,36.22,36.35,36.2005,36.32,155320,0.0
2024-02-15,36.43,36.5494,36.36,36.53,287152,0.0
2024-02-16,36.59,36.73,36.56,36.65,244942,0.0
2024-02-20,36.85,36.91,36.8048,36.87,152130,0.0
2024-02-21,36.54,36.645,36.44,36.58,127289,0.0
2024-02-22,36.85,36.99,36.85,36.99,128354,0.0
2024-02-23,36.99,37.02,36.95,36.97,163680,0.0
2024-02-26,36.8,36.89,36.8,36.82,218308,0.0
2024-02-27,36.87,36.87,36.75,36.83,120280,0.0
2024-02-28,36.49,36.65,36.2499,36.39,487724,0.0
2024-02-29,36.65,36.65,36.43,36.47,195806,0.0
2024-03-01,36.98,37.065,36.92,37.03,208101,0.0
2024-03-04,37.06,37.12,37.02,37.1,193686,0.0
2024-03-05,37.05,37.13,36.92,36.94,180778,0.0
2024-03-06,37.16,37.21,37.1233,37.14,173431,0.0
2024-03-07,37.24,37.35,37.175,37.34,272430,0.0
2024-03-08,37.44,37.4799,37.315,37.37,256465,0.0
2024-03-11,37.1,37.14,37.0129,37.09,198194,0.0
2024-03-12,37.01,37.01,36.825,36.92,172435,0.0
2024-03-13,36.03,36.03,35.795,35.91,315807,0.0
2024-03-14,36.31,36.4594,36.15,36.18,123705,0.0
2024-03-15,36.24,36.308,35.995,36.05,129917,0.0
2024-03-18,36.27,36.3127,36.16,36.21,115503,0.0
2024-03-19,35.85,35.93,35.705,35.84,197379,0.0
2024-03-20,35.88,36.09,35.84,36.07,224205,0.0
2024-03-21,36.33,36.33,36.14,36.17,177893,0.0
2024-03-22,36.18,36.22,36.06,36.09,280177,0.0
2024-03-25,36.12,36.1757,36.0702,36.14,101128,0.0
2024-03-26,36.34,36.37,36.2725,36.3,173726,0.0
2024-03-27,36.54,36.54,36.4401,36.48,138554,0.0
2024-03-28,36.8,36.87,36.7701,36.85,131126,0.0
2024-04-01,37.0,37.11,36.9,36.93,183484,0.0
2024-04-02,37.01,37.1699,37.01,37.03,159275,0.0
2024-04-03,37.1,37.255,37.04,37.18,135077,0.0
2024-04-04,37.36,37.45,37.075,37.12,96760,0.0
2024-04-05,37.31,37.51,37.26,37.46,2343181,0.0
2024-04-08,37.64,37.7498,37.64,37.69,214040,0.0
2024-04-09,37.67,37.67,37.475,37.66,157882,0.0
2024-04-10,37.41,37.45,37.25,37.41,116431,0.0
2024-04-11,37.43,37.51,37.185,37.51,100629,0.0
2024-04-12,37.22,37.22,36.94,36.98,180903,0.0
2024-04-15,36.98,37.03,36.655,36.66,270628,0.0
2024-04-16,36.74,36.74,36.59,36.69,256879,0.0
2024-04-17,36.77,36.8,36.53,36.55,541726,0.0
2024-04-18,36.59,36.685,36.4505,36.6,219386,0.0
2024-04-19,36.78,36.885,36.7526,36.87,148387,0.0
2024-04-22,37.13,37.245,37.0799,37.22,101975,0.0
2024-04-23,37.21,37.335,37.1341,37.31,133926,0.0
2024-04-24,37.32,37.33,37.21,37.32,96827,0.0
2024-04-25,37.37,37.56,37.275,37.56,180926,0.0
2024-04-26,37.57,37.6,37.48,37.55,111267,0.0
2024-04-29,37.64,37.72,37.59,37.69,112477,0.0
2024-04-30,37.58,37.6566,37.5,37.5,129522,0.0
2024-05-01,37.59,37.75,37.5201,37.56,78983,0.0
2024-05-02,37.86,38.06,37.8,38.04,125403,0.0
2024-05-03,37.75,37.84,37.6601,37.84,111931,0.0
2024-05-06,37.48,37.54,37.41,37.54,125243,0.0
2024-05-07,37.14,37.22,37.03,37.13,126063,0.0
2024-05-08,37.19,37.2999,37.15,37.18,193890,0.0
2024-05-09,36.79,36.8599,36.7001,36.81,159777,0.0
2024-05-10,36.91,36.95,36.7616,36.79,224131,0.0
2024-05-13,37.0,37.1,37.0,37.06,143052,0.0
2024-05-14,37.31,37.45,37.295,37.45,103846,0.0
2024-05-15,37.39,37.4183,37.2,37.37,1532441,0.0
2024-05-16,37.57,37.6374,37.5401,37.6,95371,0.0
2024-05-17,37.82,37.9483,37.79,37.91,165878,0.0
2024-05-20,38.0,38.09,37.97,38.09,132794,0.0
2024-05-21,38.15,38.24,38.11,38.18,389803,0.0
2024-05-22,38.27,38.28,38.16,38.23,122438,0.0
2024-05-23,38.82,38.87,38.57,38.63,321438,0.0
2024-05-24,38.81,38.88,38.752,38.83,239315,0.0
2024-05-28,38.6,38.64,38.425,38.48,220397,0.0
2024-05-29,38.27,38.32,38.14,38.32,137512,0.0
2024-05-30,38.12,38.16,38.0,38.14,98662,0.0
2024-05-31,38.22,38.22,37.93,38.2,160873,0.0
2024-06-03,39.48,39.5099,39.285,39.48,380343,0.0
2024-06-04,36.68,37.05,36.57,37.03,3445790,0.0
2024-06-05,38.03,38.29,37.945,38.29,2753703,0.0
2024-06-06,38.47,38.47,38.32,38.41,252473,0.0
2024-06-07,39.0,39.05,38.87,38.91,126238,0.0
2024-06-10,38.99,39.06,38.9588,38.99,123251,0.0
2024-06-11,39.12,39.14,38.96,39.14,84631,0.0
2024-06-12,39.53,39.5427,39.38,39.45,188140,0.0
2024-06-13,39.54,39.545,39.33,39.45,137941,0.0
2024-06-14,39.59,39.93,39.59,39.9,3133094,0.0
2024-06-17,39.89,39.9499,39.8001,39.88,189963,0.0
2024-06-18,39.97,40.105,39.97,40.07,198841,0.0
2024-06-20,39.77,39.78,39.55,39.66,229387,0.0
2024-06-21,39.32,39.42,39.1855,39.22,241486,0.0
2024-06-24,39.5,39.5899,39.46,39.48,643570,0.0
2024-06-25,39.5,39.5199,39.42,39.48,209667,0.0
2024-06-26,39.56,39.56,39.42,39.48,98899,0.0
2024-06-27,39.96,40.0,39.8821,39.93,145095,0.0
2024-06-28,39.96,39.96,39.775,39.86,255414,0.0
2024-07-01,40.2,40.2599,40.135,40.18,1330719,0.0
2024-07-02,40.17,40.275,40.11,40.24,222482,0.0
2024-07-03,40.36,40.4881,40.36,40.46,70770,0.0
2024-07-05,40.59,40.59,40.3804,40.57,210270,0.0
2024-07-08,40.51,40.626,40.45,40.47,276506,0.0
2024-07-09,40.62,40.65,40.5703,40.61,105047,0.0
2024-07-10,40.57,40.57,40.4316,40.57,100534,0.0
2024-07-11,40.68,40.75,40.6,40.69,401303,0.0
2024-07-12,40.77,40.96,40.77,40.85,172412,0.0
2024-07-15,40.89,40.91,40.8,40.87,176500,0.0
2024-07-16,40.85,41.075,40.8221,41.05,549376,0.0
2024-07-17,40.86,40.94,40.84,40.88,336020,0.0
2024-07-18,41.0,41.0299,40.79,40.82,131681,0.0
2024-07-19,40.35,40.35,40.125,40.15,128259,0.0
2024-07-22,40.54,40.6,40.45,40.55,419403,0.0
2024-07-23,40.35,40.35,39.76,39.9,646356,0.0
2024-07-24,40.16,40.16,39.83,39.83,232731,0.0
2024-07-25,39.91,40.219,39.91,40.05,192052,0.0
2024-07-26,40.79,40.84,40.682,40.83,111807,0.0
2024-07-29,40.9,40.9,40.71,40.81,241571,0.0
2024-07-30,40.9,40.9,40.68,40.79,103846,0.0
2024-07-31,41.01,41.25,41.01,41.19,436519,0.0
2024-08-01,41.0,41.03,40.6463,40.75,148930,0.0
2024-08-02,40.46,40.5,40.257,40.36,239814,0.0
2024-08-05,38.87,39.58,38.87,39.24,424813,0.0
2024-08-06,39.35,39.69,39.24,39.47,4707949,0.0
2024-08-07,39.97,40.05,39.64,39.66,195400,0.0
2024-08-08,39.82,40.03,39.77,39.99,164131,0.0
2024-08-09,40.03,40.15,39.8759,40.03,165112,0.0
2024-08-12,40.01,40.075,39.93,39.94,144512,0.0
2024-08-13,39.73,39.87,39.705,39.86,77982,0.0
2024-08-14,39.7,39.79,39.62,39.73,123514,0.0
2024-08-15,40.0,40.2,39.93,40.12,321384,0.0
2024-08-16,40.4,40.55,40.4,40.54,101903,0.0
2024-08-19,40.55,40.64,40.5101,40.58,96082,0.0
2024-08-20,40.69,40.74,40.61,40.65,116035,0.0
2024-08-21,40.8,40.93,40.8,40.92,176551,0.0
2024-08-22,40.88,40.88,40.76,40.82,123847,0.0
2024-08-23,40.84,41.03,40.78,40.98,103623,0.0
2024-08-26,41.13,41.18,41.01,41.09,152455,0.0
2024-08-27,41.03,41.12,40.92,41.06,136402,0.0
2024-08-28,41.02,41.09,40.94,41.05,122989,0.0
2024-08-29,41.09,41.2,40.96,41.07,91934,0.0
2024-08-30,41.32,41.46,41.275,41.41,274062,0.0
2024-09-03,41.25,41.375,41.0,41.1,1379140,0.0
2024-09-04,41.05,41.34,41.05,41.33,278496,0.0
2024-09-05,41.22,41.2499,41.0701,41.11,108245,0.0
2024-09-06,40.89,40.89,40.51,40.53,174516,0.0
2024-09-09,40.79,41.02,40.79,40.94,153238,0.0
2024-09-10,41.11,41.13,40.91,41.11,50800,0.0
2024-09-11,40.83,41.0769,40.58,41.05,204874,0.0
2024-09-12,41.37,41.55,41.2801,41.54,290779,0.0
2024-09-13,41.5,41.62,41.4486,41.51,184918,0.0
2024-09-16,41.61,41.7,41.58,41.67,202772,0.0
2024-09-17,41.65,41.68,41.5,41.54,77889,0.0
2024-09-18,41.45,41.5587,41.23,41.28,173368,0.0
2024-09-19,41.51,41.6399,41.36,41.6,135688,0.0
2024-09-20,42.05,42.25,41.98,42.25,188573,0.0
2024-09-23,42.41,42.4881,42.34,42.42,116360,0.0
2024-09-24,42.36,42.36,42.01,42.08,2115714,0.0
2024-09-25,42.26,42.31,42.09,42.13,97787,0.0
2024-09-26,42.42,42.42,42.23,42.25,255834,0.0
2024-09-27,42.36,42.41,42.2,42.25,137705,0.0
2024-09-30,41.91,41.925,41.71,41.9,153218,0.0
2024-10-01,42.1,42.1,41.485,41.62,260433,0.0
2024-10-02,41.73,41.73,41.33,41.58,2452031,0.0
2024-10-03,41.25,41.2897,41.02,41.15,1137535,0.0
2024-10-04,40.93,40.99,40.87,40.93,159490,0.0
2024-10-07,40.58,40.58,39.98,40.09,612791,0.0
2024-10-08,40.78,40.8799,40.69,40.69,194198,0.0
2024-10-09,40.96,41.1,40.88,41.07,73642,0.0
2024-10-10,41.0,41.0,40.79,40.88,196521,0.0
2024-10-11,40.85,40.9699,40.8,40.95,128116,0.0
2024-10-14,40.95,41.0,40.86,40.97,793706,0.0
2024-10-15,40.91,40.965,40.81,40.82,122412,0.0
2024-10-16,40.81,40.88,40.76,40.87,118477,0.0
2024-10-17,40.5,40.53,40.35,40.43,197909,0.0
2024-10-18,40.56,40.5671,40.47,40.47,114808,0.0
2024-10-21,40.21,40.3,40.18,40.29,212634,0.0
2024-10-22,39.78,39.82,39.7001,39.82,187198,0.0
2024-10-23,39.73,39.78,39.58,39.67,158970,0.0
2024-10-24,39.63,39.6897,39.5776,39.66,80745,0.0
2024-10-25,39.37,39.37,39.135,39.21,395656,0.0
2024-10-28,39.7,39.7,39.4,39.55,170114,0.0
2024-10-29,39.54,39.69,39.45,39.59,1217684,0.0
2024-10-30,39.46,39.5599,39.4,39.45,93715,0.0
2024-10-31,39.37,39.41,39.2,39.29,128876,0.0
2024-11-01,39.3,39.57,39.3,39.35,127776,0.0
2024-11-04,39.11,39.15,38.95,38.98,190099,0.0
2024-11-05,39.15,39.34,39.15,39.34,546807,0.0
2024-11-06,39.68,39.72,39.5001,39.68,170485,0.0
2024-11-07,39.48,39.5509,39.28,39.55,706559,0.0
2024-11-08,39.23,39.27,39.0,39.03,180379,0.0
2024-11-11,39.11,39.181,39.06,39.1,208549,0.0
2024-11-12,38.72,38.86,38.51,38.6,396461,0.0
2024-11-13,38.17,38.2,38.08,38.2,595925,0.0
2024-11-14,38.31,38.45,38.21,38.33,137337,0.0
2024-11-15,38.24,38.24,37.91,37.99,150367,0.0
2024-11-18,38.12,38.26,38.0801,38.2,165738,0.0
2024-11-19,38.32,38.63,38.3,38.56,1583812,0.0
2024-11-20,38.6,38.62,38.4604,38.52,152044,0.0
2024-11-21,38.03,38.19,37.9201,38.19,315137,0.0
2024-11-22,38.7,38.85,38.65,38.85,162021,0.0
2024-11-25,39.21,39.35,39.17,39.25,322796,0.0
2024-11-26,39.17,39.18,39.07,39.17,111475,0.0
2024-11-27,39.31,39.3796,39.1796,39.28,91944,0.0
2024-11-29,39.28,39.4298,39.09,39.39,70663,0.0
2024-12-02,39.35,39.4,39.21,39.4,249852,0.0
2024-12-03,39.47,39.52,39.36,39.52,108660,0.0
2024-12-04,39.52,39.5958,39.5,39.59,131724,0.0
2024-12-05,39.87,40.02,39.87,39.96,285195,0.0
2024-12-06,39.99,40.0109,39.88,39.97,109247,0.0
2024-12-09,40.0,40.055,39.87,39.87,333604,0.0
2024-12-10,39.97,39.97,39.81,39.83,84873,0.0
2024-12-11,40.04,40.08,39.949,40.04,117467,0.0
2024-12-12,39.76,39.87,39.6226,39.69,97433,0.0
2024-12-13,39.97,40.0099,39.8825,39.93,92316,0.0
2024-12-16,39.89,39.92,39.8001,39.865,98462,0.0
2024-12-17,39.69,39.69,39.4247,39.45,123939,0.0
2024-12-18,39.3,39.35,38.61,38.63,165436,0.0
2024-12-19,39.02,39.09,38.86,38.91,151037,0.0
2024-12-20,38.29,38.56,38.2,38.49,224615,0.0
2024-12-23,38.18,38.32,38.09,38.3,104571,0.0
2024-12-24,38.2,38.4,38.1114,38.4,56865,0.0
2024-12-26,38.27,38.28,38.1315,38.26,140156,0.0
2024-12-27,38.07,38.139,37.99,38.07,145086,0.0
2024-12-30,37.91,37.91,37.7202,37.75,216063,0.0
2024-12-31,37.89,38.06,37.81,37.9,411561,0.0
2025-01-02,38.53,38.57,38.3401,38.4,713866,0.0
2025-01-03,38.36,38.4,38.3,38.35,143945,0.0
2025-01-06,37.95,37.95,37.72,37.74,309534,0.0
2025-01-07,37.94,38.0463,37.69,37.77,210768,0.0
2025-01-08,37.61,37.66,37.52,37.66,575804,0.0
2025-01-10,36.97,36.97,36.68,36.78,296463,0.0
2025-01-13,36.13,36.33,36.11,36.29,317982,0.0
2025-01-14,36.62,36.68,36.48,36.62,130042,0.0
2025-01-15,36.86,36.885,36.78,36.84,114864,0.0
2025-01-16,36.87,36.87,36.66,36.71,112492,0.0
2025-01-17,36.72,36.8731,36.7,36.81,106071,0.0
2025-01-21,36.5,36.62,36.4318,36.49,241580,0.0
2025-01-22,36.38,36.42,36.32,36.35,656629,0.0
2025-01-23,36.7,36.7699,36.6203,36.76,149561,0.0
2025-01-24,36.5,36.55,36.4,36.48,265655,0.0
2025-01-27,35.92,35.9823,35.81,35.95,267948,0.0
2025-01-28,35.9,35.93,35.77,35.9,179270,0.0
2025-01-29,36.21,36.2599,36.11,36.13,200724,0.0
2025-01-30,36.43,36.5,36.38,36.47,363642,0.0
2025-01-31,36.68,36.75,36.52,36.57,333184,0.0
2025-02-03,36.19,36.489,36.1565,36.41,194223,0.0
2025-02-04,36.69,36.8199,36.6682,36.76,565807,0.0
2025-02-05,36.65,36.72,36.606,36.7,110728,0.0
2025-02-06,36.37,36.4289,36.31,36.34,210121,0.0
2025-02-07,36.37,36.41,36.05,36.1,207669,0.0
2025-02-10,36.09,36.17,36.01,36.17,137661,0.0
2025-02-11,35.95,35.95,35.8,35.86,477112,0.0
2025-02-12,35.7,35.74,35.465,35.62,304667,0.0
2025-02-13,35.69,36.05,35.69,36.01,255858,0.0
2025-02-14,35.55,35.57,35.37,35.38,770810,0.0
2025-02-18,35.34,35.46,35.34,35.44,394332,0.0
2025-02-19,35.41,35.53,35.41,35.53,233897,0.0
2025-02-20,35.74,35.8,35.555,35.68,2224178,0.0
2025-02-21,35.41,35.44,35.085,35.12,1079362,0.0
2025-02-24,35.055,35.08,34.97,35.07,226148,0.0
2025-02-25,34.9,35.05,34.86,35.05,245749,0.0
2025-02-26,34.9,35.04,34.89,34.92,222567,0.0
2025-02-27,34.63,34.67,34.51,34.53,198323,0.0
2025-02-28,34.03,34.27,33.87,34.27,337895,0.0
2025-03-03,34.25,34.37,33.93,34.03,239977,0.0
2025-03-04,34.01,34.2,33.86,34.0,255593,0.0
2025-03-05,34.66,34.95,34.655,34.9,507529,0.0
2025-03-06,34.95,35.13,34.9126,34.92,241228,0.0
2025-03-07,34.97,35.08,34.8,35.05,212494,0.0
2025-03-10,34.62,34.6799,34.44,34.63,276815,0.0
2025-03-11,34.79,34.98,34.6936,34.78,419255,0.0
2025-03-12,34.8,34.8593,34.69,34.77,119637,0.0
2025-03-13,34.63,34.775,34.55,34.67,363735,0.0
2025-03-14,34.87,34.99,34.85,34.99,660884,0.0
2025-03-17,35.16,35.35,34.96,35.34,322819,0.0
2025-03-18,35.6,35.6674,35.53,35.61,217015,0.0
2025-03-19,36.0,36.24,35.98,36.14,582733,0.0
2025-03-20,36.12,36.305,36.0999,36.28,356953,0.0
2025-03-21,36.74,36.89,36.74,36.82,945569,0.0
2025-03-24,37.25,37.35,37.208,37.35,273436,0.0
2025-03-25,37.26,37.26,37.05,37.2,335863,0.0
2025-03-26,36.85,36.92,36.7,36.7,177223,0.0
2025-03-27,36.86,37.08,36.86,37.0,217133,0.0
2025-03-28,36.99,37.035,36.66,36.69,307413,0.0
2025-03-31,36.51,36.86,36.51,36.84,325422,0.0
2025-04-01,36.43,36.5951,36.36,36.56,357204,0.0
2025-04-02,36.65,36.96,36.65,36.86,413831,0.0
2025-04-03,36.56,36.76,36.56,36.69,1171071,0.0
2025-04-04,35.48,35.6509,35.05,35.16,427724,0.0
2025-04-07,35.0,35.715,34.7416,35.01,675282,0.0
2025-04-08,35.9,35.9,34.8455,35.12,802279,0.0
2025-04-09,34.98,36.6601,34.75,36.44,289866,0.0
2025-04-10,36.15,36.19,35.54,36.1,905787,0.0
2025-04-11,35.87,36.23,35.75,36.17,299394,0.0
2025-04-14,36.61,36.6755,36.3663,36.5,281530,0.0
2025-04-15,36.65,36.845,36.53,36.56,924583,0.0
2025-04-16,36.85,36.9399,36.55,36.67,171451,0.0
2025-04-17,37.35,37.6,37.2911,37.41,211339,0.0
2025-04-21,38.0,38.07,37.755,38.0,635919,0.0
2025-04-22,38.24,38.4,38.13,38.26,2219031,0.0
2025-04-23,38.3,38.31,38.0,38.0,458577,0.0
2025-04-24,38.15,38.48,38.13,38.42,372229,0.0
2025-04-25,37.61,37.8,37.59,37.79,383393,0.0
2025-04-28,38.3,38.34,37.97,38.09,346655,0.0
2025-04-29,38.12,38.28,38.12,38.25,394569,0.0
2025-04-30,38.16,38.33,38.0516,38.28,1618555,0.0
2025-05-01,38.34,38.37,38.21,38.25,203438,0.0
2025-05-02,38.58,38.63,38.41,38.48,219925,0.0
2025-05-05,38.92,38.96,38.78,38.82,365331,0.0
2025-05-06,38.5,38.525,38.34,38.34,264661,0.0
2025-05-07,38.28,38.33,38.03,38.05,240257,0.0
2025-05-08,37.5,37.5,36.62,36.84,2145655,0.0
2025-05-09,37.69,37.7095,37.32,37.41,300774,0.0
2025-05-12,38.92,38.95,38.705,38.86,499424,0.0
2025-05-13,38.5,38.8394,38.44,38.75,262161,0.0
2025-05-14,38.68,38.77,38.635,38.67,191636,0.0
2025-05-15,39.03,39.25,39.03,39.22,316940,0.0
2025-05-16,39.08,39.2,39.01,39.19,438110,0.0
2025-05-19,39.11,39.29,39.1,39.29,131803,0.0
2025-05-20,38.74,38.78,38.65,38.7,222611,0.0
2025-05-21,38.8,38.92,38.64,38.66,228016,0.0
2025-05-22,38.49,38.5486,38.39,38.45,495624,0.0
2025-05-23,38.83,39.1199,38.785,39.04,263522,0.0
2025-05-27,39.06,39.06,38.92,39.06,218328,0.0
2025-05-28,38.9,38.92,38.79,38.9,93693,0.0
2025-05-29,39.08,39.14,38.9319,39.11,802696,0.0
2025-05-30,38.98,38.98,38.72,38.93,113681,0.0
2025-06-02,38.97,39.085,38.8805,39.06,153006,0.0
2025-06-03,38.68,38.7699,38.63,38.68,145226,0.0
2025-06-04,38.77,38.82,38.65,38.69,205124,0.0
2025-06-05,38.88,38.97,38.8,38.82,103723,0.0
2025-06-06,39.28,39.39,39.28,39.34,162400,0.0
2025-06-09,39.48,39.64,39.45,39.57,281158,0.0
2025-06-10,39.64,39.6799,39.53,39.65,152760,0.0
2025-06-11,39.72,39.72,39.61,39.67,390464,0.0
2025-06-12,39.22,39.29,39.14,39.29,187826,0.0
2025-06-13,38.69,39.0069,38.68,38.74,262017,0.0
2025-06-16,39.08,39.336,39.07,39.07,134770,0.0
2025-06-17,38.81,38.84,38.53,38.54,378120,0.0
2025-06-18,38.56,38.6295,38.455,38.54,124419,0.0
2025-06-20,38.69,38.768,38.51,38.56,484818,0.0
2025-06-23,38.48,38.83,38.48,38.8,245177,0.0
2025-06-24,39.02,39.24,39.02,39.17,693808,0.0
2025-06-25,39.29,39.39,39.24,39.31,1434954,0.0
2025-06-26,39.75,39.9,39.75,39.87,230671,0.0
2025-06-27,40.01,40.085,39.92,39.98,1223626,0.0
2025-06-30,39.83,39.9,39.7303,39.83,778103,0.0
2025-07-01,39.9,39.995,39.9,39.98,211006,0.0
2025-07-02,39.75,39.87,39.72,39.87,126948,0.0
2025-07-03,39.88,39.99,39.87,39.87,1020606,0.0
2025-07-07,39.75,39.7943,39.54,39.62,296486,0.0
2025-07-08,39.86,39.86,39.735,39.8,161962,0.0
2025-07-09,39.77,39.86,39.7123,39.85,155042,0.0
2025-07-10,39.57,39.6,39.4724,39.58,123750,0.0
2025-07-11,39.34,39.4,39.26,39.28,388912,0.0
2025-07-14,39.29,39.37,39.25,39.28,236024,0.0
2025-07-15,39.55,39.55,39.31,39.34,270814,0.0
2025-07-16,39.45,39.62,39.375,39.62,236936,0.0
2025-07-17,39.21,39.45,39.21,39.41,201334,0.0
2025-07-18,39.2,39.225,39.04,39.09,130423,0.0
2025-07-21,39.19,39.37,39.1436,39.2,280853,0.0
2025-07-22,39.06,39.13,39.0,39.13,154938,0.0
2025-07-23,39.14,39.27,39.12,39.15,225139,0.0
2025-07-24,38.98,38.99,38.73,38.77,213286,0.0
2025-07-25,38.52,38.5819,38.38,38.5,286922,0.0
2025-07-28,38.32,38.32,38.1,38.12,447459,0.0
2025-07-29,38.35,38.39,38.218,38.36,252636,0.0
2025-07-30,37.92,37.9499,37.73,37.73,282817,0.0
2025-07-31,37.9,37.9199,37.7228,37.74,391751,0.0
2025-08-01,37.78,37.89,37.6807,37.81,136046,0.0
2025-08-04,37.92,37.96,37.58,37.6,467840,0.0
2025-08-05,37.71,37.7774,37.51,37.61,165200,0.0
2025-08-06,37.58,37.64,37.32,37.47,214685,0.0
2025-08-07,37.8,37.83,37.645,37.68,289421,0.0
2025-08-08,37.3,37.39,37.28,37.3,122845,0.0
2025-08-11,37.5,37.5234,37.3705,37.41,188995,0.0
2025-08-12,37.46,37.62,37.4244,37.62,111433,0.0
2025-08-13,37.68,37.88,37.68,37.8,353190,0.0
2025-08-14,37.56,37.6,37.45,37.59,137329,0.0
2025-08-15,37.61,37.7791,37.61,37.72,318742,0.0
2025-08-18,38.19,38.42,38.14,38.39,1061300,0.0
2025-08-19,38.52,38.63,38.49,38.56,940177,0.0
2025-08-20,38.71,38.73,38.58,38.71,1100063,0.0
2025-08-21,38.53,38.56,38.33,38.46,2348408,0.0
2025-08-22,38.27,38.57,38.203,38.56,1624925,0.0
2025-08-25,38.37,38.46,38.15,38.16,831132,0.0
2025-08-26,37.76,37.81,37.67,37.76,894575,0.0
2025-08-27,37.6,37.83,37.58,37.83,1052225,0.0
2025-08-28,37.65,37.72,37.6,37.72,217523,0.0
2025-08-29,37.32,37.32,37.17,37.28,310887,0.0
2025-09-02,37.4,37.65,37.39,37.54,446313,0.0
2025-09-03,37.81,37.845,37.74,37.84,107017,0.0
2025-09-04,37.79,37.805,37.68,37.8,330468,0.0
2025-09-05,37.83,37.88,37.66,37.7,325874,0.0
2025-09-08,37.9,38.0172,37.8992,37.93,658575,0.0
2025-09-09,37.95,37.98,37.8,37.8,384853,0.0
2025-09-10,38.11,38.26,38.06,38.2,186927,0.0
2025-09-11,38.09,38.24,38.09,38.21,135584,0.0
2025-09-12,38.28,38.29,38.16,38.18,97204,0.0
2025-09-15,38.3,38.35,38.285,38.35,216281,0.0
2025-09-16,38.51,38.65,38.51,38.65,229077,0.0
2025-09-17,38.76,39.04,38.73,38.74,232030,0.0
2025-09-18,38.6,38.65,38.5,38.57,147235,0.0
2025-09-19,38.74,38.7524,38.605,38.68,101370,0.0
2025-09-22,38.5,38.5,38.31,38.33,1893333,0.0
2025-09-23,38.19,38.19,37.95,38.01,172856,0.0
2025-09-24,37.91,37.91,37.72,37.73,221834,0.0
2025-09-25,37.61,37.6626,37.49,37.61,267856,0.0
2025-09-26,37.31,37.43,37.24,37.35,194286,0.0
2025-09-29,37.33,37.43,37.26,37.32,847681,0.0
2025-09-30,37.29,37.315,37.23,37.29,222049,0.0
2025-10-01,37.56,37.71,37.51,37.53,257639,0.0
2025-10-02,37.64,37.64,37.365,37.47,127286,0.0
2025-10-03,37.59,37.6571,37.52,37.54,322729,0.0
2025-10-06,37.71,37.89,37.71,37.83,201217,0.0
2025-10-07,37.96,37.96,37.85,37.89,205712,0.0
2025-10-08,37.73,37.7693,37.66,37.75,86420,0.0
2025-10-09,37.94,37.95,37.8,37.86,115037,0.0
2025-10-10,38.15,38.245,37.81,37.85,176265,0.0
2025-10-13,37.98,38.05,37.9007,37.97,138095,0.0
2025-10-14,37.79,37.9436,37.69,37.84,107586,0.0
2025-10-15,38.46,38.61,38.4,38.57,177351,0.0
2025-10-16,38.84,38.92,38.68,38.79,117939,0.0
2025-10-17,38.9,39.09,38.9,39.01,156584,0.0
2025-10-20,39.14,39.38,39.095,39.28,3141875,0.0
2025-10-21,39.08,39.175,39.02,39.09,259698,0.0
2025-10-22,39.7,39.85,39.5869,39.72,347394,0.0
2025-10-23,39.28,39.3893,39.2158,39.32,562461,0.0
2025-10-24,39.12,39.24,39.04,39.1,143922,0.0
2025-10-27,39.34,39.34,39.26,39.31,148990,0.0
2025-10-28,39.16,39.2692,39.11,39.21,335723,0.0
2025-10-29,39.32,39.405,39.1321,39.24,165427,0.0
2025-10-30,39.01,39.11,38.91,38.98,170906,0.0
2025-10-31,38.92,38.98,38.63,38.74,283009,0.0
2025-11-03,38.92,38.9534,38.72,38.83,258416,0.0
2025-11-04,38.6,38.75,38.58,38.61,92544,0.0
2025-11-05,38.67,38.91,38.6501,38.82,115936,0.0
2025-11-06,38.53,38.53,38.2602,38.37,156169,0.0
2025-11-07,38.37,38.49,38.2986,38.49,252513,0.0
2025-11-10,38.62,38.769,38.58,38.72,121128,0.0
2025-11-11,38.95,39.2499,38.95,39.22,139784,0.0
2025-11-12,39.02,39.07,39.01,39.01,85689,0.0
2025-11-13,38.93,39.0,38.775,38.8,135767,0.0
2025-11-14,38.96,39.1799,38.8509,39.08,99570,0.0
2025-11-17,39.19,39.28,39.08,39.15,85935,0.0
2025-11-18,39.01,39.18,38.92,39.12,196890,0.0
2025-11-19,39.19,39.41,39.18,39.21,153578,0.0
2025-11-20,39.33,39.43,39.11,39.17,202620,0.0
2025-11-21,38.61,38.805,38.535,38.73,246683,0.0
2025-11-24,38.68,38.8451,38.65,38.82,136936,0.0
2025-11-25,38.69,38.91,38.6547,38.89,1378406,0.0
2025-11-26,39.01,39.17,39.01,39.11,447570,0.0
2025-11-28,39.04,39.275,39.04,39.2,799311,0.0
2025-12-01,38.96,38.9925,38.9,38.93,143762,0.0
2025-12-02,38.63,38.689,38.53,38.59,311848,0.0
2025-12-03,38.32,38.36,38.21,38.28,332267,0.0
2025-12-04,38.51,38.6,38.44,38.54,386981,0.0
2025-12-05,38.65,38.725,38.61,38.65,144401,0.0
2025-12-08,38.28,38.28,37.95,38.01,375071,0.0
2025-12-09,38.13,38.25,38.13,38.19,103432,0.0
2025-12-10,38.17,38.35,38.13,38.34,620397,0.0
2025-12-11,38.24,38.47,38.11,38.31,1113313,0.0
2025-12-12,38.3,38.3399,37.95,37.95,303613,0.0
2025-12-15,38.15,38.17,38.06,38.09,1262773,0.0
2025-12-16,37.84,37.97,37.83,37.97,3958395,0.0
2025-12-17,38.04,38.0806,37.94,37.95,272727,0.0
2025-12-18,38.14,38.28,38.12,38.12,225200,0.0
2025-12-19,38.5,38.9,38.47,38.68,620900,0.0
2025-12-22,38.69,38.79,38.67,38.73,1151300,0.0
2025-12-23,38.65,38.87,38.63,38.85,1009400,0.0
2025-12-24,38.6,38.68,38.53,38.55,64600,0.0
2025-12-26,38.46,38.537,38.4,38.46,146700,0.0
2025-12-29,38.26,38.28,38.105,38.16,1782900,0.0
2025-12-30,38.27,38.39,38.24,38.3,792200,0.0
2025-12-31,38.5,38.655,38.5,38.59,176700,0.0
2026-01-02,38.85,39.0,38.83,39.0,397400,0.0
2026-01-05,38.75,38.77,38.5,38.73,1546000,0.0
2026-01-06,38.63,38.72,38.51,38.53,392700,0.0
2026-01-07,38.77,38.79,38.63,38.68,177100,0.0
2026-01-08,38.27,38.295,38.175,38.27,1422800,0.0
2026-01-09,38.0,38.06,37.8,37.92,228200,0.0
2026-01-12,37.92,38.3,37.91,38.22,5161200,0.0
2026-01-13,38.03,38.03,37.92,37.93,939400,0.0
2026-01-14,37.96,38.16,37.9,38.13,1827000,0.0
2026-01-15,38.05,38.12,38.0,38.06,888300,0.0
2026-01-16,37.8,37.837,37.69,37.8,527100,0.0
2026-01-20,37.09,37.15,36.95,37.0,695700,0.0
2026-01-21,36.71,36.88,36.68,36.85,664100,0.0
2026-01-22,36.99,37.09,36.93,37.02,210800,0.0
2026-01-23,36.49,36.63,36.4,36.59,505900,0.0
2026-01-26,36.64,36.86,36.64,36.78,280600,0.0
2026-01-27,36.91,36.985,36.876,36.96,559100,0.0
2026-01-28,36.745,36.86,36.65,36.78,488200,0.0
2026-01-29,37.0,37.025,36.67,36.93,3155700,0.0
2026-01-30,36.94,37.12,36.79,37.04,3336200,0.0
2026-02-02,36.56,38.11,36.55,37.99,2062800,0.0
2026-02-03,38.29,38.29,37.839,37.98,926600,0.0
2026-02-04,38.06,38.15,37.94,38.14,630200,0.0
2026-02-05,37.91,37.97,37.77,37.8,223400,0.0
2026-02-06,37.86,38.04,37.81,38.02,297600,0.0
2026-02-09,38.07,38.21,38.07,38.17,288100,0.0
2026-02-10,38.27,38.37,38.24,38.37,510900,0.0
2026-02-11,38.25,38.27,38.06,38.2,502800,0.0
2026-02-12,38.09,38.135,37.86,37.88,572300,0.0
2026-02-13,37.58,37.73,37.47,37.69,388600,0.0
2026-02-17,37.81,37.99,37.74,37.98,684500,0.0
2026-02-18,37.93,37.96,37.78,37.93,4151400,0.0
2026-02-19,37.2,37.27,37.08,37.23,994300,0.0
2026-02-20,37.47,38.1,37.47,38.08,911500,0.0
2026-02-23,37.7,37.76,37.425,37.46,672900,0.0
2026-02-24,37.49,37.67,37.455,37.49,3935400,0.0
2026-02-25,37.62,37.66,37.455,37.59,358700,0.0
2026-02-26,37.61,37.66,37.365,37.45,584500,0.0
2026-02-27,37.2,37.285,37.085,37.27,374400,0.0
2026-03-02,36.33,36.55,36.3,36.38,334400,0.0
2026-03-03,35.5,35.91,35.025,35.84,3179400,0.0
2026-03-04,35.88,35.89,35.61,35.87,983800,0.0
2026-03-05,35.99,36.05,35.47,35.9,546300,0.0
2026-03-06,35.69,35.76,35.52,35.63,498800,0.0
2026-03-09,35.16,35.72,34.95,35.56,5988138,0.0
2026-03-10,35.66,35.97,35.525,35.6,1343146,0.0
2026-03-11,35.27,35.39,35.085,35.12,1039400,0.0
2026-03-12,34.95,34.96,34.565,34.63,1239500,0.0
2026-03-13,34.46,34.59,34.17,34.23,2053000,0.0
2026-03-16,34.56,34.69,34.47,34.62,723400,0.0
2026-03-17,34.66,34.72,34.51,34.54,417400,0.0
2026-03-18,34.33,34.46,33.98,34.0,566200,0.0
2026-03-19,33.7,34.005,33.6,33.91,366700,0.0
2026-03-20,33.82,33.82,33.205,33.24,2299000,0.0
2026-03-23,33.92,34.395,33.8,33.97,4555200,0.0
2026-03-24,33.03,33.2,32.83,32.91,975700,0.0
2026-03-25,33.82,33.89,33.67,33.8,1279900,0.0
2026-03-26,33.51,33.72,33.205,33.25,960200,0.0
2026-03-27,32.82,32.87,32.58,32.65,825700,0.0
2026-03-30,32.39,32.52,32.2,32.34,755200,0.0
2026-03-31,32.55,33.24,32.535,33.22,777200,0.0
2026-04-01,32.97,33.38,32.97,33.21,893300,0.0
2026-04-02,33.0,33.4,32.95,33.24,615000,0.0
2026-04-06,33.56,33.76,33.53,33.68,666800,0.0
2026-04-07,33.75,33.805,33.515,33.78,283100,0.0
2026-04-08,35.51,35.605,34.975,35.16,728100,0.0
2026-04-09,35.0,35.27,34.88,35.0,364000,0.0
2026-04-10,35.34,35.42,35.145,35.22,184600,0.0
2026-04-13,34.83,35.28,34.83,35.28,359600,0.0
2026-04-14,35.49,35.65,35.49,35.53,243000,0.0
2026-04-15,35.51,35.63,35.41,35.59,331000,0.0
2026-04-16,35.47,35.72,35.44,35.69,250000,0.0
2026-04-17,36.52,36.88,36.47,36.63,821100,0.0
2026-04-20,35.99,36.145,35.91,36.03,218200,0.0
2026-04-21,35.98,36.046,35.54,35.58,258200,0.0
2026-04-22,35.69,35.82,35.59,35.69,324600,0.0
2026-04-23,35.48,35.6,35.1,35.3,328400,0.0
2026-04-24,35.26,35.4,35.13,35.36,298900,0.0
2026-04-27,35.36,35.44,35.275,35.3,201900,0.0
2026-04-28,35.03,35.23,34.97,35.22,245100,0.0
2026-04-29,35.15,35.21,35.01,35.1,114100,0.0
2026-04-30,35.15,35.42,35.07,35.37,169500,0.0
2026-05-01,35.26,35.425,35.21,35.22,133900,0.0
2026-05-04,35.0,35.15,34.76,34.89,389300,0.0
2026-05-05,35.09,35.29,35.09,35.24,155900,0.0
2026-05-06,35.72,35.94,35.63,35.87,317600,0.0
2026-05-07,36.11,36.15,35.65,35.69,211900,0.0
2026-05-08,35.74,35.755,35.575,35.67,221900,0.0
2026-05-11,34.97,35.075,34.705,34.72,429900,0.0
2026-05-12,34.18,34.18,33.915,34.07,473400,0.0
2026-05-13,34.19,34.5,34.11,34.47,513600,0.0
2026-05-14,34.57,34.81,34.555,34.76,445300,0.0
2026-05-15,34.46,34.53,34.345,34.43,842600,0.0
2026-05-18,34.4,34.43,34.06,34.27,281000,0.0
2026-05-19,33.9,34.045,33.812,33.89,384500,0.0
2026-05-20,34.03,34.525,33.87,34.37,474600,0.0
2026-05-21,34.06,34.53,34.015,34.41,308300,0.0
2026-05-22,34.8,34.85,34.62,34.67,182000,0.0
2026-05-26,34.91,35.02,34.79,34.79,202500,0.0
2026-05-27,34.92,35.07,34.79,34.82,147600,0.0
2026-05-28,34.51,34.935,34.48,34.91,177500,0.0
2026-05-29,35.08,35.12,34.89,34.93,356300,0.0
2026-06-01,34.37,34.59,34.31,34.51,422400,0.0
2026-06-02,34.52,34.7,34.445,34.51,1007800,0.0
2026-06-03,34.35,34.4,33.99,33.99,431300,0.0
2026-06-04,34.49,34.515,34.395,34.45,186800,0.0
2026-06-05,34.45,34.47,33.855,33.97,472300,0.0
2026-06-08,33.98,34.06,33.865,33.89,382400,0.0
2026-06-09,34.3,34.41,33.87,34.11,419700,0.0
2026-06-10,34.16,34.325,33.93,33.94,680496,0.0
2026-06-11,33.69,34.24,33.59,34.24,593100,0.0
2026-06-12,34.66,34.76,34.54,34.62,531100,0.0
2026-06-15,35.31,35.375,35.265,35.28,343700,0.0
2026-06-16,35.39,35.44,35.31,35.36,295500,0.0
2026-06-17,35.51,35.6,35.05,35.12,399300,0.0
2026-06-18,35.63,35.66,35.455,35.47,207600,0.0
2026-06-22,35.58,36.0,35.58,35.95,15456500,0.0
2026-06-23,35.3,35.47,35.27,35.36,1323100,0.0
2026-06-24,35.75,35.775,35.595,35.69,465500,0.0
2026-06-25,35.68,35.695,35.535,35.565,321400,0.0
2026-06-26,35.55,35.715,35.52,35.66,116400,0.0
2026-06-29,35.35,35.455,35.27,35.4,301100,0.0
2026-06-30,35.42,35.585,35.405,35.57,272100,0.0
2026-07-01,35.29,35.55,35.29,35.42,589800,0.0
2026-07-02,35.57,35.702,35.534,35.66,237100,0.0
2026-07-06,35.59,35.93,35.59,35.92,1234400,0.0
2026-07-07,35.7,35.74,35.385,35.43,680900,0.0
2026-07-08,35.005,35.036,34.8,34.99,359800,0.0
2026-07-09,35.17,35.365,35.14,35.29,251003,0.0
2026-07-10,35.62,35.62,35.35,35.41,5328900,0.0
2026-07-13,35.34,35.34,34.975,35.01,794600,0.0
2026-07-14,34.96,35.065,34.89,35.03,286200,0.0
2026-07-15,34.95,35.14,34.915,35.03,300400,0.0
2026-07-16,34.88,35.04,34.83,34.99,565400,0.0
2026-07-17,35.19,35.29,35.065,35.14,184000,0.0
2026-07-20,35.18,35.24,34.845,34.88,277100,0.0
2026-07-21,35.09,35.13,35.01,35.03,165500,0.0
2026-07-22,34.87,34.89,34.635,34.66,175600,0.0
2026-07-23,34.36,34.42,34.155,34.2,171000,0.0
2026-07-24,34.59,34.795,34.495,34.51,3560300,0.0
2026-07-27,35.0,35.13,34.9,35.1,205700,0.0
2026-07-28,35.17,35.55,35.17,35.44,253600,0.0
2026-07-29,35.34,35.575,35.25,35.29,631000,0.0
2026-07-30,35.6,35.71,35.54,35.59,132500,0.0
2026-07-31,35.66,35.78,35.54,35.68,1315300,0.0
2026-08-03,35.94,36.055,35.9,35.92,317100,0.0
2026-08-04,36.09,36.25,36.065,36.25,253100,0.0
2026-08-05,36.2,36.22,36.07,36.08,188800,0.0
2026-08-06,36.05,36.125,35.95,36.01,271874,0.0
2026-08-07,36.27,36.27,36.15,36.18,201200,0.0
2026-08-10,36.09,36.13,35.975,36.04,248400,0.0
2026-08-11,36.1,36.14,36.02,36.03,128900,0.0
2026-08-12,36.05,36.05,35.87,35.87,74000,0.0
2026-08-13,36.03,36.06,35.89,35.93,234330,0.0
