date,open,high,low,close,volume,amount
2005-01-28,42.73,42.73,42.46,42.69,2888500,0.0
2005-01-31,42.23,42.31,41.99,42.27,759500,0.0
2005-02-01,42.11,42.14,41.97,42.12,347500,0.0
2005-02-02,42.23,42.23,42.04,42.23,1496500,0.0
2005-02-03,41.58,41.74,41.51,41.72,534000,0.0
2005-02-04,41.6,41.66,41.42,41.5,433500,0.0
2005-02-07,41.57,41.57,41.25,41.35,938000,0.0
2005-02-08,41.28,41.41,41.09,41.29,880500,0.0
2005-02-09,41.09,41.36,41.04,41.34,404500,0.0
2005-02-10,41.51,41.85,41.48,41.81,1060000,0.0
2005-02-11,41.9,42.18,41.88,42.12,271000,0.0
2005-02-14,42.44,42.65,42.3515,42.62,361500,0.0
2005-02-15,42.44,42.63,42.4,42.59,179500,0.0
2005-02-16,42.35,42.65,42.25,42.56,207500,0.0
2005-02-17,42.56,42.85,42.56,42.74,536500,0.0
2005-02-18,42.73,42.87,42.64,42.84,248000,0.0
2005-02-22,43.43,43.63,43.24,43.6,324500,0.0
2005-02-23,43.3,43.58,43.21,43.48,572000,0.0
2005-02-24,43.51,43.51,43.25,43.43,453000,0.0
2005-02-25,43.52,43.58,43.29,43.54,324500,0.0
2005-02-28,43.68,43.78,43.55,43.61,696000,0.0
2005-03-01,43.37,43.37,43.11,43.28,746500,0.0
2005-03-02,43.25,43.38,43.15,43.32,224500,0.0
2005-03-03,43.11,43.16,42.94,43.06,284500,0.0
2005-03-04,43.43,43.55,43.36,43.43,221000,0.0
2005-03-07,43.35,43.52,43.29,43.48,260500,0.0
2005-03-08,43.68,44.08,43.68,44.05,622000,0.0
2005-03-09,43.97,44.24,43.97,44.08,441500,0.0
2005-03-10,44.19,44.27,44.06,44.23,251500,0.0
2005-03-11,44.37,44.69,44.37,44.5,640500,0.0
2005-03-14,44.3,44.3,43.99,44.06,716000,0.0
2005-03-15,44.28,44.28,43.97,44.08,310000,0.0
2005-03-16,44.32,44.39,44.23,44.37,393500,0.0
2005-03-17,43.94,43.95,43.75,43.87,382500,0.0
2005-03-18,43.7,43.97,43.63,43.95,146000,0.0
2005-03-21,43.25,43.27,42.9,43.1,532000,0.0
2005-03-22,43.24,43.28,42.64,42.7,262000,0.0
2005-03-23,42.67,42.69,42.41,42.47,582500,0.0
2005-03-24,42.53,42.58,42.42,42.47,565000,0.0
2005-03-28,42.52,42.6,42.46,42.58,135500,0.0
2005-03-29,42.64,42.65,42.57,42.61,135000,0.0
2005-03-30,42.68,42.8,42.6,42.64,132000,0.0
2005-03-31,42.9,42.9,42.75,42.88,80500,0.0
2005-04-01,42.62,42.64,42.5,42.63,347000,0.0
2005-04-04,42.43,42.44,42.27,42.42,89000,0.0
2005-04-05,42.5,42.53,42.4115,42.48,93000,0.0
2005-04-06,42.54,42.74,42.54,42.68,341500,0.0
2005-04-07,42.81,42.84,42.55,42.59,200000,0.0
2005-04-08,42.51,42.7,42.47,42.68,214000,0.0
2005-04-11,42.88,42.94,42.76,42.8,210000,0.0
2005-04-12,42.75,42.83,42.65,42.8,80000,0.0
2005-04-13,42.75,42.93,42.75,42.92,75500,0.0
2005-04-14,42.49,42.49,42.14,42.38,82000,0.0
2005-04-15,42.42,42.6,42.4,42.47,81000,0.0
2005-04-18,42.58,42.8,42.58,42.73,91500,0.0
2005-04-19,42.8,43.36,42.73,43.33,432000,0.0
2005-04-20,43.25,43.57,43.25,43.5,83500,0.0
2005-04-21,43.46,43.46,43.18,43.18,177000,0.0
2005-04-22,43.51,43.53,43.39,43.47,79500,0.0
2005-04-25,43.41,43.49,43.24,43.43,307000,0.0
2005-04-26,43.7,43.73,43.52,43.71,352000,0.0
2005-04-27,43.57,43.57,43.19,43.23,423500,0.0
2005-04-28,43.17,43.28,43.06,43.06,172000,0.0
2005-04-29,43.28,43.64,43.28,43.43,341500,0.0
2005-05-02,43.18,43.2,42.89,42.97,103500,0.0
2005-05-03,42.86,42.86,42.65,42.8,111000,0.0
2005-05-04,42.93,42.95,42.84,42.94,186000,0.0
2005-05-05,43.01,43.02,42.76,43.0,167500,0.0
2005-05-06,42.5,42.62,42.38,42.59,244000,0.0
2005-05-09,42.59,42.67,42.54,42.62,87500,0.0
2005-05-10,42.75,42.8,42.63,42.63,102500,0.0
2005-05-11,42.57,42.82,42.57,42.74,53500,0.0
2005-05-12,42.5,42.5,42.02,42.19,187500,0.0
2005-05-13,42.1,42.14,41.88,41.9375,214000,0.0
2005-05-16,41.85,41.94,41.83,41.88,92000,0.0
2005-05-17,41.96,42.08,41.86,41.89,159000,0.0
2005-05-18,42.0,42.13,41.92,42.1,118500,0.0
2005-05-19,42.06,42.06,41.91,42.03,108000,0.0
2005-05-20,41.86,41.86,41.65,41.7,111000,0.0
2005-05-23,41.76,41.79,41.57,41.66,187000,0.0
2005-05-24,41.81,41.81,41.67,41.73,51500,0.0
2005-05-25,41.84,41.91,41.75,41.89,563000,0.0
2005-05-26,41.78,41.84,41.69,41.69,48000,0.0
2005-05-27,41.88,42.0,41.77,41.97,55000,0.0
2005-05-31,41.43,41.72,41.38,41.69,82500,0.0
2005-06-01,41.39,41.69,41.39,41.56,158500,0.0
2005-06-02,42.03,42.25,41.99,42.14,126000,0.0
2005-06-03,42.42,42.42,42.22,42.25,108000,0.0
2005-06-06,42.61,42.67,42.49,42.55,113500,0.0
2005-06-07,42.42,42.51,42.38,42.44,170000,0.0
2005-06-08,42.46,42.57,42.308,42.36,44000,0.0
2005-06-09,42.33,42.44,42.17,42.32,75500,0.0
2005-06-10,42.27,42.73,42.19,42.7,63500,0.0
2005-06-13,42.85,42.97,42.78,42.84,86500,0.0
2005-06-14,42.7,42.72,42.61,42.63,228500,0.0
2005-06-15,42.72,42.93,42.72,42.79,286000,0.0
2005-06-16,43.38,43.56,43.21,43.44,220500,0.0
2005-06-17,43.88,43.88,43.68,43.71,278500,0.0
2005-06-20,43.91,43.96,43.71,43.72,292000,0.0
2005-06-21,43.63,43.86,43.45,43.8,198000,0.0
2005-06-22,43.72,43.79,43.63,43.78,78500,0.0
2005-06-23,43.85,44.16,43.85,44.08,542000,0.0
2005-06-24,44.0,44.09,43.79,43.91,593000,0.0
2005-06-27,43.93,43.94,43.77,43.92,166000,0.0
2005-06-28,43.74,43.74,43.4215,43.47,263000,0.0
2005-06-29,43.49,43.74,43.49,43.67,110500,0.0
2005-06-30,43.7,43.77,43.4,43.46,228000,0.0
2005-07-01,43.39,43.39,42.62,42.74,1129000,0.0
2005-07-05,42.37,42.37,42.11,42.3,327500,0.0
2005-07-06,42.39,42.39,42.25,42.25,142000,0.0
2005-07-07,42.45,42.57,42.16,42.38,513500,0.0
2005-07-08,42.38,42.39,42.15,42.31,787500,0.0
2005-07-11,42.37,42.58,42.29,42.53,414500,0.0
2005-07-12,42.67,42.67,42.42,42.67,389500,0.0
2005-07-13,42.37,42.42,42.31,42.38,190500,0.0
2005-07-14,42.34,42.362,41.83,41.94,323000,0.0
2005-07-15,41.78,42.09,41.77,42.07,154000,0.0
2005-07-18,41.98,42.19,41.98,42.03,88000,0.0
2005-07-19,41.93,41.98,41.87,41.97,81500,0.0
2005-07-20,42.24,42.25,42.05,42.23,497500,0.0
2005-07-21,42.48,42.52,42.36,42.49,591500,0.0
2005-07-22,42.47,42.5,42.37,42.48,434000,0.0
2005-07-25,42.46,42.57,42.4415,42.54,77500,0.0
2005-07-26,42.3,42.36,42.2,42.28,158000,0.0
2005-07-27,42.97,42.97,42.31,42.48,134000,0.0
2005-07-28,42.56,42.83,42.5,42.77,439500,0.0
2005-07-29,42.86,42.98,42.81,42.89,45500,0.0
2005-08-01,43.12,43.19,43.06,43.18,194000,0.0
2005-08-02,43.14,43.18,43.02,43.15,686000,0.0
2005-08-03,43.45,43.67,43.42,43.64,163000,0.0
2005-08-04,43.73,43.87,43.67,43.7,258500,0.0
2005-08-05,43.77,43.78,43.62,43.65,687000,0.0
2005-08-08,43.55,43.58,43.3,43.4,198000,0.0
2005-08-09,43.29,43.39,43.2,43.38,87500,0.0
2005-08-10,43.54,43.66,43.49,43.62,204000,0.0
2005-08-11,43.92,44.61,43.92,44.5,264500,0.0
2005-08-12,44.53,44.69,44.5,44.52,297000,0.0
2005-08-15,44.29,44.31,44.06,44.16,412000,0.0
2005-08-16,44.13,44.6,44.1285,44.54,188000,0.0
2005-08-17,44.33,44.33,43.78,43.95,455500,0.0
2005-08-18,43.97,44.15,43.84,43.89,667000,0.0
2005-08-19,43.78,43.92,43.52,43.69,253500,0.0
2005-08-22,43.89,44.0,43.7,43.74,357500,0.0
2005-08-23,43.91,43.92,43.79,43.8,221500,0.0
2005-08-24,43.97,43.97,43.52,43.65,293000,0.0
2005-08-25,43.8,43.85,43.71,43.76,68500,0.0
2005-08-26,43.8,43.89,43.59,43.6563,303000,0.0
2005-08-29,43.8,43.91,43.6,43.62,169500,0.0
2005-08-30,42.96,43.1,42.86,43.06,514000,0.0
2005-08-31,43.12,43.43,43.11,43.43,425500,0.0
2005-09-01,43.98,44.44,43.94,44.24,523000,0.0
2005-09-02,44.23,44.4,44.15,44.27,200000,0.0
2005-09-06,44.45,44.45,44.22,44.3,132500,0.0
2005-09-07,44.42,44.51,44.33,44.34,207500,0.0
2005-09-08,44.8,44.8,44.55,44.67,134500,0.0
2005-09-09,44.75,44.89,44.72,44.89,233000,0.0
2005-09-12,44.74,44.92,44.65,44.9,155500,0.0
2005-09-13,44.65,44.65,44.42,44.57,247500,0.0
2005-09-14,44.87,44.97,44.78,44.96,268500,0.0
2005-09-15,45.33,45.49,45.22,45.49,454000,0.0
2005-09-16,45.78,45.9,45.61,45.87,362500,0.0
2005-09-19,46.33,46.78,46.28,46.28,1614500,0.0
2005-09-20,46.5,46.57,46.28,46.3,379500,0.0
2005-09-21,46.63,47.14,46.63,47.1,629500,0.0
2005-09-22,46.86,46.86,46.27,46.44,666500,0.0
2005-09-23,46.14,46.29,45.99,46.28,243000,0.0
2005-09-26,45.86,46.66,45.86,46.58,562500,0.0
2005-09-27,46.2,46.36,45.73,46.28,1138500,0.0
2005-09-28,46.36,46.91,46.23,46.85,391500,0.0
2005-09-29,46.85,47.26,46.85,47.15,310000,0.0
2005-09-30,47.14,47.22,46.7,46.8,317000,0.0
2005-10-03,46.68,46.69,46.39,46.51,253500,0.0
2005-10-04,46.73,46.79,46.35,46.48,855000,0.0
2005-10-05,46.43,46.57,46.17,46.41,1380000,0.0
2005-10-06,46.86,47.3,46.86,47.27,330500,0.0
2005-10-07,47.04,47.54,46.94,47.52,247500,0.0
2005-10-10,47.9,47.9,47.1,47.49,278500,0.0
2005-10-11,47.45,47.75,47.42,47.45,479500,0.0
2005-10-12,47.55,47.7,46.89,46.96,959000,0.0
2005-10-13,47.03,47.1,46.71,47.03,1033000,0.0
2005-10-14,46.58,46.87,46.42,46.83,407500,0.0
2005-10-17,47.35,47.42,47.24,47.31,416000,0.0
2005-10-18,47.19,47.25,47.03,47.03,206000,0.0
2005-10-19,46.59,46.59,46.13,46.4,502500,0.0
2005-10-20,46.43,46.43,45.8701,46.04,984500,0.0
2005-10-21,46.19,46.63,45.97,46.56,251000,0.0
2005-10-24,46.45,46.75,46.32,46.43,272000,0.0
2005-10-25,46.93,47.25,46.93,47.15,898500,0.0
2005-10-26,47.19,47.19,46.94,46.9501,220500,0.0
2005-10-27,47.48,47.48,47.15,47.28,160000,0.0
2005-10-28,46.95,47.32,46.9,47.25,130500,0.0
2005-10-31,47.07,47.08,46.4001,46.47,244500,0.0
2005-11-01,46.14,46.15,45.72,45.75,821500,0.0
2005-11-02,46.05,46.28,45.9301,46.12,732000,0.0
2005-11-03,46.04,46.1,45.8,45.96,286500,0.0
2005-11-04,46.08,46.08,45.37,45.58,401500,0.0
2005-11-07,45.66,45.87,45.51,45.85,113500,0.0
2005-11-08,45.92,46.1,45.91,46.06,144500,0.0
2005-11-09,46.21,46.69,46.04,46.56,198500,0.0
2005-11-10,46.86,46.86,46.44,46.53,291500,0.0
2005-11-11,46.59,46.82,46.4601,46.74,145000,0.0
2005-11-14,46.63,46.8,46.51,46.65,67500,0.0
2005-11-15,46.84,46.89,46.62,46.64,160000,0.0
2005-11-16,47.27,47.8,47.2501,47.75,340500,0.0
2005-11-17,48.32,48.57,48.27,48.5,418500,0.0
2005-11-18,48.57,48.66,48.27,48.49,216500,0.0
2005-11-21,48.72,49.06,48.54,49.04,504500,0.0
2005-11-22,48.94,49.37,48.94,49.35,383000,0.0
2005-11-23,48.84,49.499,48.56,49.3,914500,0.0
2005-11-25,49.65,49.65,49.33,49.53,173000,0.0
2005-11-28,49.36,49.83,49.25,49.77,599500,0.0
2005-11-29,49.62,49.93,49.41,49.85,934500,0.0
2005-11-30,49.47,49.54,49.14,49.14,299000,0.0
2005-12-01,49.72,50.31,49.68,50.17,474500,0.0
2005-12-02,49.98,50.38,49.911,50.33,465000,0.0
2005-12-05,50.51,50.8499,50.3401,50.78,662000,0.0
2005-12-06,50.4,50.96,50.22,50.96,387500,0.0
2005-12-07,51.25,51.52,51.17,51.4,557000,0.0
2005-12-08,51.36,51.96,51.29,51.96,551000,0.0
2005-12-09,52.25,52.93,52.14,52.38,826000,0.0
2005-12-12,53.21,53.78,52.3499,52.66,1371000,0.0
2005-12-13,52.29,52.31,51.62,51.65,1917000,0.0
2005-12-14,51.07,51.24,50.28,50.39,1550000,0.0
2005-12-15,50.44,50.78,50.13,50.23,465500,0.0
2005-12-16,50.42,50.61,50.04,50.18,491000,0.0
2005-12-19,50.61,50.778,50.16,50.27,786500,0.0
2005-12-20,50.38,50.4499,49.07,49.1,703000,0.0
2005-12-21,49.15,49.44,48.8201,49.41,939000,0.0
2005-12-22,49.59,50.33,49.49,50.25,489500,0.0
2005-12-23,50.15,50.5,50.14,50.18,237500,0.0
2005-12-27,50.63,50.74,50.51,50.65,561000,0.0
2005-12-28,51.6,51.68,51.25,51.48,620000,0.0
2005-12-29,51.58,52.2,50.97,51.6,577000,0.0
2005-12-30,51.26,51.74,51.24,51.728,1327500,0.0
2006-01-03,52.36,53.23,52.29,53.21,1109500,0.0
2006-01-04,52.95,53.39,52.69,53.31,898500,0.0
2006-01-05,52.58,52.71,52.19,52.36,723000,0.0
2006-01-06,53.19,53.93,53.168,53.8199,984500,0.0
2006-01-09,53.5,55.04,53.41,54.65,702500,0.0
2006-01-10,54.05,54.44,53.8,54.11,1113000,0.0
2006-01-11,54.3,54.85,54.11,54.55,793500,0.0
2006-01-12,54.34,54.71,54.11,54.48,1079000,0.0
2006-01-13,54.63,55.62,54.5508,55.54,695000,0.0
2006-01-17,55.3,55.92,55.1,55.34,1433000,0.0
2006-01-18,54.74,54.74,54.07,54.1,837500,0.0
2006-01-19,55.12,55.77,55.04,55.6,1647000,0.0
2006-01-20,56.25,56.64,55.05,55.23,1537500,0.0
2006-01-23,55.67,55.91,55.28,55.83,1350000,0.0
2006-01-24,55.58,55.77,55.37,55.77,678000,0.0
2006-01-25,56.34,56.54,55.7,56.24,860000,0.0
2006-01-26,55.57,56.01,55.35,55.85,924000,0.0
2006-01-27,56.06,56.24,55.61,55.71,841000,0.0
2006-01-30,56.0,56.77,56.0,56.77,1154000,0.0
2006-01-31,56.7,57.12,56.61,56.79,878000,0.0
2006-02-01,56.91,56.97,56.17,56.83,1002000,0.0
2006-02-02,57.05,57.35,56.76,57.08,927000,0.0
2006-02-03,57.2,57.26,56.33,56.58,1006500,0.0
2006-02-06,56.86,57.22,56.75,56.85,1125000,0.0
2006-02-07,56.05,56.05,54.41,54.66,1950500,0.0
2006-02-08,54.78,55.1,54.48,54.91,1224000,0.0
2006-02-09,55.83,56.46,55.6301,56.25,797000,0.0
2006-02-10,55.83,55.83,54.53,54.88,618000,0.0
2006-02-13,54.72,54.95,53.61,53.71,1007000,0.0
2006-02-14,53.95,54.6,53.75,54.57,1008500,0.0
2006-02-15,54.15,54.33,53.43,53.82,995000,0.0
2006-02-16,53.53,54.62,53.51,54.61,1556500,0.0
2006-02-17,54.77,55.24,54.75,55.04,612000,0.0
2006-02-21,55.29,55.42,55.12,55.1525,916500,0.0
2006-02-22,55.06,55.4,54.98,55.34,670500,0.0
2006-02-23,55.14,55.21,54.6,54.73,811500,0.0
2006-02-24,55.26,55.77,55.14,55.75,419000,0.0
2006-02-27,55.36,55.38,55.0501,55.25,580000,0.0
2006-02-28,55.54,56.08,55.41,56.05,502500,0.0
2006-03-01,56.09,56.43,55.97,56.16,898000,0.0
2006-03-02,56.38,56.87,56.06,56.8,591000,0.0
2006-03-03,56.41,56.63,56.2601,56.4,506500,0.0
2006-03-06,56.4,56.51,55.01,55.34,443500,0.0
2006-03-07,55.36,55.36,54.68,55.06,906000,0.0
2006-03-08,54.24,54.33,53.61,53.99,749500,0.0
2006-03-09,54.67,54.82,54.23,54.35,575500,0.0
2006-03-10,53.23,54.02,53.23,53.9,2013000,0.0
2006-03-13,54.13,54.5,53.98,54.37,330000,0.0
2006-03-14,54.3,55.03,54.231,54.98,321000,0.0
2006-03-15,55.48,55.48,55.09,55.21,251000,0.0
2006-03-16,55.22,55.4,54.5599,55.34,281000,0.0
2006-03-17,55.35,55.37,54.97,55.2,231000,0.0
2006-03-20,55.07,55.45,55.06,55.23,424500,0.0
2006-03-21,54.83,55.31,54.51,54.92,408500,0.0
2006-03-22,54.81,55.02,54.69,54.83,350500,0.0
2006-03-23,54.43,54.89,54.33,54.8,338000,0.0
2006-03-24,55.33,55.9,55.2,55.77,545000,0.0
2006-03-27,56.31,56.59,56.25,56.44,814000,0.0
2006-03-28,56.65,56.66,56.011,56.14,1634500,0.0
2006-03-29,56.46,57.21,56.38,57.17,667500,0.0
2006-03-30,58.15,58.7599,57.9,58.63,1220500,0.0
2006-03-31,58.07,58.35,57.69,58.23,598000,0.0
2006-04-03,58.71,58.98,58.48,58.56,863500,0.0
2006-04-04,58.56,58.8,58.3,58.5,515500,0.0
2006-04-05,58.71,58.81,58.15,58.77,574500,0.0
2006-04-06,59.05,59.42,58.97,59.37,752000,0.0
2006-04-07,58.65,58.92,58.28,58.72,586000,0.0
2006-04-10,59.57,59.78,59.05,59.69,420000,0.0
2006-04-11,59.62,59.94,59.1,59.17,915000,0.0
2006-04-12,59.55,59.8,59.3,59.52,440500,0.0
2006-04-13,59.08,59.68,58.98,59.68,535000,0.0
2006-04-17,60.48,61.42,60.3,61.23,626500,0.0
2006-04-18,61.5,62.0,61.16,62.0,991500,0.0
2006-04-19,62.15,63.98,62.05,63.76,1488000,0.0
2006-04-20,63.51,63.51,60.6,61.0509,2142000,0.0
2006-04-21,62.55,63.36,61.9371,63.32,925500,0.0
2006-04-24,62.5,62.61,61.65,61.7,1146500,0.0
2006-04-25,63.05,63.23,62.3601,62.93,788000,0.0
2006-04-26,63.3,63.85,63.15,63.8,642500,0.0
2006-04-27,63.0,64.1,62.88,63.01,701500,0.0
2006-04-28,64.2,65.33,64.0,65.18,1261500,0.0
2006-05-01,65.95,66.0,65.08,65.22,1320000,0.0
2006-05-02,65.8,66.69,65.64,66.69,1064000,0.0
2006-05-03,67.04,67.4,65.45,66.62,1345500,0.0
2006-05-04,67.23,67.79,66.3786,67.58,1209000,0.0
2006-05-05,67.79,68.104,67.19,68.05,1534500,0.0
2006-05-08,67.5,67.72,66.81,67.681,980500,0.0
2006-05-09,68.68,69.791,68.54,69.73,1312000,0.0
2006-05-10,69.6,70.61,69.35,70.55,1061000,0.0
2006-05-11,72.15,72.26,71.09,71.27,2308500,0.0
2006-05-12,72.1,72.32,70.35,71.22,1926500,0.0
2006-05-15,68.6,69.25,67.35,67.53,3377000,0.0
2006-05-16,68.3,68.95,67.98,68.59,1797500,0.0
2006-05-17,69.6,70.2,68.15,68.15,1664500,0.0
2006-05-18,69.0,69.18,67.44,67.58,1695000,0.0
2006-05-19,65.9,66.2,64.75,65.7,2807000,0.0
2006-05-22,64.2,65.47,63.92,65.47,2402000,0.0
2006-05-23,66.1,67.201,65.96,66.3,1638500,0.0
2006-05-24,64.95,65.98,63.25,64.08,1631000,0.0
2006-05-25,64.0,64.8,63.78,64.78,1022500,0.0
2006-05-26,65.1,65.32,63.75,65.1,576000,0.0
2006-05-30,65.5,66.22,65.1198,65.32,845500,0.0
2006-05-31,65.7,65.7,63.6,64.2,1658500,0.0
2006-06-01,62.4,65.34,61.15,62.7,3427500,0.0
2006-06-02,63.01,63.6,62.56,63.6,819000,0.0
2006-06-05,64.0,64.21,63.22,63.38,839500,0.0
2006-06-06,62.9,62.9,62.27,62.54,1647500,0.0
2006-06-07,61.7,62.85,61.41,62.3,1072000,0.0
2006-06-08,61.4,61.5,60.3,60.91,2139000,0.0
2006-06-09,61.05,61.4,59.6,60.28,1391500,0.0
2006-06-12,60.73,60.9499,60.01,60.0799,599500,0.0
2006-06-13,58.05,58.56,55.75,55.87,3361500,0.0
2006-06-14,56.45,56.8899,55.06,55.6,1280500,0.0
2006-06-15,57.25,57.6599,56.39,57.15,1139000,0.0
2006-06-16,57.4,57.94,56.4805,57.69,702000,0.0
2006-06-19,57.0,57.29,56.1536,56.45,800000,0.0
2006-06-20,56.75,57.5,56.24,57.25,1730500,0.0
2006-06-21,57.25,58.7971,57.12,58.45,367000,0.0
2006-06-22,58.22,58.59,57.7,57.75,654000,0.0
2006-06-23,57.4,58.29,57.27,58.1,760500,0.0
2006-06-26,58.25,58.31,57.5,58.2601,260500,0.0
2006-06-27,58.83,59.28,57.74,57.77,999000,0.0
2006-06-28,58.3,58.3,57.48,57.6,765000,0.0
2006-06-29,58.3,59.79,58.1226,59.6,1394500,0.0
2006-06-30,60.65,61.41,60.6,61.23,1988000,0.0
2006-07-03,62.25,62.4699,61.9301,62.42,723000,0.0
2006-07-05,62.57,62.72,61.5,62.48,777500,0.0
2006-07-06,62.57,63.25,62.17,63.05,706000,0.0
2006-07-07,63.0,63.04,62.54,62.7,872500,0.0
2006-07-10,62.06,62.5499,62.03,62.15,406000,0.0
2006-07-11,62.8,64.05,62.72,63.99,527000,0.0
2006-07-12,64.77,65.25,63.99,64.95,850500,0.0
2006-07-13,65.2,65.72,64.1801,65.6,1980500,0.0
2006-07-14,66.05,66.49,65.81,66.08,1464500,0.0
2006-07-17,65.05,65.36,63.7701,64.03,1254000,0.0
2006-07-18,64.7,64.7,62.4,62.86,1155000,0.0
2006-07-19,62.5,64.3,62.5,64.19,1334000,0.0
2006-07-20,63.5,63.99,62.53,62.58,1179000,0.0
2006-07-21,63.2,63.2649,61.2,61.85,991500,0.0
2006-07-24,60.6,61.29,59.9,61.08,1438500,0.0
2006-07-25,61.35,61.7,60.65,61.69,746000,0.0
2006-07-26,61.5,62.37,61.0,62.0,699500,0.0
2006-07-27,63.5,63.66,62.62,62.96,732500,0.0
2006-07-28,62.9,63.4275,62.81,63.15,380500,0.0
2006-07-31,63.2,63.4,62.5648,63.26,406500,0.0
2006-08-01,63.28,64.5275,63.24,64.44,439500,0.0
2006-08-02,65.25,65.27,64.47,64.7301,725500,0.0
2006-08-03,64.1,64.38,63.65,64.15,623000,0.0
2006-08-04,65.01,65.05,64.01,64.3619,399500,0.0
2006-08-07,64.54,64.87,64.35,64.63,313500,0.0
2006-08-08,64.05,64.61,64.0,64.11,577500,0.0
2006-08-09,64.68,65.18,64.45,64.71,563500,0.0
2006-08-10,64.0,64.4,63.05,63.32,749000,0.0
2006-08-11,63.75,64.18,62.32,62.8,755000,0.0
2006-08-14,62.43,62.94,62.09,62.28,501500,0.0
2006-08-15,62.0,62.36,61.79,62.0,920000,0.0
2006-08-16,62.72,62.94,62.32,62.4,525000,0.0
2006-08-17,62.45,62.45,61.03,61.15,716000,0.0
2006-08-18,61.55,61.55,60.38,61.1,536000,0.0
2006-08-21,62.2,62.5,61.82,62.47,718500,0.0
2006-08-22,62.2,62.26,61.6988,62.14,456000,0.0
2006-08-23,62.59,62.67,61.83,61.87,701000,0.0
2006-08-24,62.1,62.1,61.52,61.76,496500,0.0
2006-08-25,62.05,62.05,61.62,61.75,429500,0.0
2006-08-28,61.85,61.9,60.91,60.95,1345500,0.0
2006-08-29,61.0,61.14,60.38,61.05,1100500,0.0
2006-08-30,61.56,61.59,61.18,61.56,456500,0.0
2006-08-31,62.15,62.34,61.84,62.32,581000,0.0
2006-09-01,61.99,62.28,61.6,62.28,508500,0.0
2006-09-05,63.25,63.69,63.15,63.57,1235000,0.0
2006-09-06,63.31,63.5478,62.91,62.91,932000,0.0
2006-09-07,61.96,61.96,61.06,61.31,628000,0.0
2006-09-08,60.6,60.84,60.32,60.6848,1510500,0.0
2006-09-11,58.7,59.29,57.92,58.59,2528000,0.0
2006-09-12,58.75,59.09,58.24,58.49,911000,0.0
2006-09-13,58.6,58.93,58.03,58.66,1352000,0.0
2006-09-14,58.6,58.73,57.15,57.22,1197000,0.0
2006-09-15,57.21,57.83,56.7,57.46,1248500,0.0
2006-09-18,57.4,58.4099,57.4,58.3099,919500,0.0
2006-09-19,58.1,58.1,56.87,56.9148,1226500,0.0
2006-09-20,57.8,58.26,57.25,57.3,1060000,0.0
2006-09-21,57.35,58.11,57.26,58.02,920500,0.0
2006-09-22,58.7,58.7822,58.04,58.56,546000,0.0
2006-09-25,58.28,58.76,57.81,58.45,494500,0.0
2006-09-26,58.51,58.9652,58.33,58.75,690000,0.0
2006-09-27,59.33,59.87,58.75,59.85,571500,0.0
2006-09-28,59.94,60.2897,59.64,59.8,683000,0.0
2006-09-29,59.62,59.63,59.01,59.52,792500,0.0
2006-10-02,59.8,59.9,59.08,59.1,2932000,0.0
2006-10-03,58.0,58.1,57.04,57.15,794000,0.0
2006-10-04,57.45,57.4999,55.6,56.37,1330500,0.0
2006-10-05,56.9,57.04,56.3901,56.96,680500,0.0
2006-10-06,56.32,57.0688,55.68,56.85,685000,0.0
2006-10-09,57.53,57.53,56.77,57.17,631500,0.0
2006-10-10,56.62,57.25,56.52,56.93,698500,0.0
2006-10-11,57.37,57.45,56.74,56.85,660000,0.0
2006-10-12,56.83,57.58,56.74,57.58,478000,0.0
2006-10-13,58.35,58.61,58.0,58.6,525000,0.0
2006-10-16,59.05,59.19,58.75,59.18,395500,0.0
2006-10-17,59.06,59.12,58.16,58.63,437500,0.0
2006-10-18,58.85,59.0,58.29,58.56,136000,0.0
2006-10-19,59.07,59.66,59.05,59.54,446500,0.0
2006-10-20,59.47,59.47,58.67,58.71,633500,0.0
2006-10-23,57.87,58.16,57.54,57.73,503500,0.0
2006-10-24,57.18,58.25,56.9,58.2,860500,0.0
2006-10-25,57.81,58.8,57.61,58.73,541500,0.0
2006-10-26,58.95,59.45,58.95,59.23,523000,0.0
2006-10-27,59.49,59.58,59.1,59.45,292500,0.0
2006-10-30,60.0,60.62,59.91,59.91,585000,0.0
2006-10-31,59.61,60.36,59.59,60.13,296500,0.0
2006-11-01,61.09,61.55,60.74,61.39,950000,0.0
2006-11-02,61.61,62.2,61.55,62.0,951500,0.0
2006-11-03,61.89,62.51,61.7,62.39,500500,0.0
2006-11-06,62.27,62.39,61.9,61.97,557500,0.0
2006-11-07,62.41,62.4841,62.04,62.1,321000,0.0
2006-11-08,62.05,62.1,60.97,61.18,1079000,0.0
2006-11-09,62.18,63.15,62.0072,63.03,1041500,0.0
2006-11-10,62.79,62.83,62.14,62.48,818500,0.0
2006-11-13,62.0,62.27,61.81,62.13,495000,0.0
2006-11-14,62.32,62.55,61.51,61.66,596500,0.0
2006-11-15,61.35,62.07,61.32,61.89,1239000,0.0
2006-11-16,62.22,62.3,61.33,61.33,823500,0.0
2006-11-17,61.42,61.83,61.4001,61.77,1101000,0.0
2006-11-20,62.16,62.25,61.59,61.77,1294500,0.0
2006-11-21,62.35,62.53,62.04,62.35,1355500,0.0
2006-11-22,62.66,63.04,62.28,62.72,593500,0.0
2006-11-24,63.6,63.65,63.35,63.49,707000,0.0
2006-11-27,63.41,63.77,63.39,63.7,782000,0.0
2006-11-28,63.61,63.74,62.89,63.54,1101000,0.0
2006-11-29,63.41,63.42,63.1536,63.24,590000,0.0
2006-11-30,64.12,64.46,63.1,64.42,1156500,0.0
2006-12-01,64.3,64.64,64.07,64.15,1098500,0.0
2006-12-04,64.01,64.2,63.62,64.18,723000,0.0
2006-12-05,64.33,64.3728,63.4246,63.89,1045000,0.0
2006-12-06,63.15,63.47,62.37,62.68,759500,0.0
2006-12-07,62.65,62.84,62.05,62.76,444000,0.0
2006-12-08,63.12,63.38,61.95,62.08,926000,0.0
2006-12-11,62.25,62.66,62.2,62.64,583500,0.0
2006-12-12,62.46,62.61,62.26,62.59,442000,0.0
2006-12-13,62.17,62.62,61.9428,62.47,460500,0.0
2006-12-14,62.38,62.5,62.13,62.14,673000,0.0
2006-12-15,62.3,62.3,61.01,61.11,1056500,0.0
2006-12-18,60.85,61.13,60.75,61.1,803500,0.0
2006-12-19,61.29,61.9094,61.29,61.85,3845500,0.0
2006-12-20,61.85,61.8685,61.51,61.7,544500,0.0
2006-12-21,61.7,61.72,61.37,61.42,482000,0.0
2006-12-22,61.45,61.81,61.43,61.59,276000,0.0
2006-12-26,62.25,62.5,61.92,62.05,217500,0.0
2006-12-27,62.29,62.46,62.1956,62.38,518500,0.0
2006-12-28,62.96,63.08,62.77,63.05,539000,0.0
2006-12-29,63.08,63.31,62.96,63.25,879000,0.0
2007-01-03,63.76,64.019,62.07,62.3,1380500,0.0
2007-01-04,62.1,62.51,61.6,61.8,804500,0.0
2007-01-05,60.81,60.81,59.7,60.21,1936500,0.0
2007-01-08,60.35,60.57,59.91,60.54,1117000,0.0
2007-01-09,60.17,61.12,60.17,60.94,806500,0.0
2007-01-10,60.55,60.82,60.12,60.7,787000,0.0
2007-01-11,60.78,61.08,60.59,60.75,625000,0.0
2007-01-12,61.02,62.2744,60.94,62.2,969500,0.0
2007-01-16,62.35,62.35,61.8,62.15,686000,0.0
2007-01-17,61.95,62.89,61.95,62.76,1192500,0.0
2007-01-18,62.98,63.13,62.14,62.25,2955000,0.0
2007-01-19,62.6,63.15,62.29,63.12,762000,0.0
2007-01-22,63.1,63.44,62.71,62.84,567000,0.0
2007-01-23,63.7,64.5,63.69,64.28,610500,0.0
2007-01-24,63.86,64.44,63.4,64.41,631500,0.0
2007-01-25,64.74,64.92,64.02,64.13,638000,0.0
2007-01-26,64.18,64.3399,63.82,64.18,386000,0.0
2007-01-29,63.95,64.31,63.7,63.86,493000,0.0
2007-01-30,64.05,64.3,63.75,64.3,452000,0.0
2007-01-31,64.0,64.98,64.0,64.85,564000,0.0
2007-02-01,65.44,65.69,65.1094,65.28,572500,0.0
2007-02-02,64.78,64.79,63.85,64.35,810000,0.0
2007-02-05,64.7,64.71,64.27,64.34,359500,0.0
2007-02-06,65.08,65.25,64.6,64.87,435000,0.0
2007-02-07,64.9,65.16,64.57,64.74,398000,0.0
2007-02-08,64.83,65.64,64.83,65.58,498500,0.0
2007-02-09,65.83,66.32,65.77,66.2,772000,0.0
2007-02-12,65.8,66.0,65.44,65.73,384000,0.0
2007-02-13,66.17,66.2797,65.62,65.92,389000,0.0
2007-02-14,66.28,66.7,66.0499,66.45,761000,0.0
2007-02-15,66.35,66.54,65.61,66.5,952500,0.0
2007-02-16,66.03,66.89,65.85,66.42,701000,0.0
2007-02-20,65.83,66.47,65.06,65.37,766500,0.0
2007-02-21,65.63,68.0,65.48,67.36,1113000,0.0
2007-02-22,67.48,67.59,66.97,67.26,580000,0.0
2007-02-23,67.9,68.3,67.64,67.78,710000,0.0
2007-02-26,68.12,68.24,67.71,68.24,634880,0.0
2007-02-27,67.0,68.33,65.15,65.75,2141500,0.0
2007-02-28,66.41,66.64,65.56,66.54,1271000,0.0
2007-03-01,66.65,66.69,65.5,65.87,960500,0.0
2007-03-02,64.69,64.85,63.4391,63.69,1317500,0.0
2007-03-05,62.95,63.7834,62.78,63.02,1309000,0.0
2007-03-06,63.94,64.28,63.56,64.28,580000,0.0
2007-03-07,63.98,64.69,63.94,64.45,864000,0.0
2007-03-08,65.0,65.02,64.51,64.64,498000,0.0
2007-03-09,65.13,65.15,64.24,64.45,568500,0.0
2007-03-12,64.2,64.76,64.07,64.53,285500,0.0
2007-03-13,64.57,64.72,63.71,63.84,318500,0.0
2007-03-14,63.8,64.06,63.12,64.06,914500,0.0
2007-03-15,64.05,64.52,63.95,64.12,347500,0.0
2007-03-16,64.71,64.99,64.47,64.7,330500,0.0
2007-03-19,64.7,64.99,64.7,64.91,528500,0.0
2007-03-20,65.31,65.54,65.19,65.25,334500,0.0
2007-03-21,65.63,66.0,65.15,65.84,422000,0.0
2007-03-22,66.0,66.23,65.67,65.85,572500,0.0
2007-03-23,65.94,65.94,65.0,65.23,495000,0.0
2007-03-26,65.77,65.99,65.56,65.9,347500,0.0
2007-03-27,65.89,65.94,65.65,65.76,281500,0.0
2007-03-28,66.0,66.39,65.83,66.15,372000,0.0
2007-03-29,65.7,65.7,64.95,65.69,526000,0.0
2007-03-30,65.82,66.27,65.55,65.83,371500,0.0
2007-04-02,65.43,66.07,65.09,65.91,334500,0.0
2007-04-03,65.91,66.21,65.7901,65.91,336000,0.0
2007-04-04,66.51,66.96,66.51,66.89,522500,0.0
2007-04-05,67.0,67.18,66.63,66.95,616500,0.0
2007-04-09,66.84,67.24,66.5,66.6,547000,0.0
2007-04-10,67.36,67.4,67.0,67.12,523000,0.0
2007-04-11,67.39,67.4915,66.87,67.1201,260000,0.0
2007-04-12,67.08,67.5,66.59,67.06,304000,0.0
2007-04-13,67.64,68.0,67.26,67.91,406000,0.0
2007-04-16,68.04,68.53,67.74,68.44,781500,0.0
2007-04-17,68.42,68.43,68.04,68.1,332000,0.0
2007-04-18,68.48,68.49,68.0,68.4511,544500,0.0
2007-04-19,67.76,67.9,67.3,67.65,545000,0.0
2007-04-20,68.48,68.76,68.41,68.67,260000,0.0
2007-04-23,68.48,68.58,68.12,68.34,392000,0.0
2007-04-24,68.41,68.436,67.53,67.84,873000,0.0
2007-04-25,68.05,68.06,67.77,67.99,998000,0.0
2007-04-26,66.97,67.04,66.54,66.91,527000,0.0
2007-04-27,67.25,67.62,66.92,67.6,835500,0.0
2007-04-30,67.4,67.5,67.1,67.2,558500,0.0
2007-05-01,66.85,66.96,66.66,66.8,373500,0.0
2007-05-02,66.28,66.79,66.14,66.74,326500,0.0
2007-05-03,66.8,67.68,66.74,67.58,347500,0.0
2007-05-04,68.22,68.46,68.07,68.26,524000,0.0
2007-05-07,68.39,68.44,68.11,68.32,251000,0.0
2007-05-08,67.99,68.05,67.61,67.96,232000,0.0
2007-05-09,67.77,67.85,67.0,67.53,365500,0.0
2007-05-10,66.79,66.87,65.89,66.08,947000,0.0
2007-05-11,66.37,66.702,66.18,66.55,514000,0.0
2007-05-14,66.6,66.63,66.02,66.37,561000,0.0
2007-05-15,66.51,66.77,66.19,66.66,438500,0.0
2007-05-16,66.25,66.3,65.3801,65.69,756000,0.0
2007-05-17,65.25,65.3146,64.82,65.17,765500,0.0
2007-05-18,65.32,65.72,65.11,65.6,417000,0.0
2007-05-21,65.16,65.79,65.16,65.77,1432500,0.0
2007-05-22,65.71,65.79,65.25,65.34,735000,0.0
2007-05-23,65.62,65.92,65.53,65.64,577500,0.0
2007-05-24,65.46,65.5,64.58,64.84,719500,0.0
2007-05-25,64.91,65.05,64.77,64.99,650500,0.0
2007-05-29,65.42,65.62,65.02,65.21,722500,0.0
2007-05-30,64.72,64.91,64.65,64.79,561500,0.0
2007-05-31,65.42,65.61,65.23,65.59,941500,0.0
2007-06-01,66.15,66.58,66.04,66.56,696500,0.0
2007-06-04,66.51,66.8,66.35,66.55,462000,0.0
2007-06-05,66.48,66.9,66.2928,66.39,210000,0.0
2007-06-06,66.42,66.51,65.92,66.5,351000,0.0
2007-06-07,66.06,66.43,65.14,65.35,323500,0.0
2007-06-08,64.96,64.98,63.8,64.24,1127500,0.0
2007-06-11,64.57,64.8899,64.42,64.81,225500,0.0
2007-06-12,64.25,64.41,63.97,64.18,224000,0.0
2007-06-13,64.2,64.62,64.11,64.62,730500,0.0
2007-06-14,64.46,64.77,64.36,64.65,839500,0.0
2007-06-15,64.77,64.97,64.6057,64.93,581500,0.0
2007-06-18,65.14,65.15,64.833,65.06,289000,0.0
2007-06-19,64.9,65.56,64.9,65.53,257500,0.0
2007-06-20,65.22,65.22,64.63,64.7,352000,0.0
2007-06-21,64.98,64.98,64.18,64.54,383500,0.0
2007-06-22,64.74,64.9,64.5,64.9,480000,0.0
2007-06-25,64.33,64.77,64.3,64.53,371500,0.0
2007-06-26,64.24,64.27,63.4081,63.73,822500,0.0
2007-06-27,63.64,63.88,63.5,63.8,314000,0.0
2007-06-28,64.09,64.42,64.09,64.42,340500,0.0
2007-06-29,64.52,64.68,64.25,64.41,367000,0.0
2007-07-02,64.92,65.29,64.83,65.1,326000,0.0
2007-07-03,65.0,65.06,64.65,64.7957,141000,0.0
2007-07-05,64.83,64.83,63.98,64.5,647500,0.0
2007-07-06,64.37,65.08,64.16,65.08,626500,0.0
2007-07-09,65.47,65.6622,65.37,65.45,583000,0.0
2007-07-10,65.65,65.87,65.5444,65.71,437500,0.0
2007-07-11,65.71,65.77,65.4,65.43,276500,0.0
2007-07-12,65.92,66.3,65.89,66.0,711000,0.0
2007-07-13,66.18,66.25,65.71,66.01,248000,0.0
2007-07-16,66.04,66.11,65.71,65.91,372500,0.0
2007-07-17,65.93,66.13,65.807,65.807,279000,0.0
2007-07-18,66.05,66.82,66.03,66.7,842000,0.0
2007-07-19,66.81,67.21,66.73,67.12,550500,0.0
2007-07-20,67.27,68.0,67.27,67.65,788000,0.0
2007-07-23,67.7,67.7,67.36,67.43,832000,0.0
2007-07-24,67.97,67.98,67.48,67.52,385000,0.0
2007-07-25,66.99,67.0854,66.42,66.8801,840500,0.0
2007-07-26,66.23,66.77,64.91,65.67,1001000,0.0
2007-07-27,65.5,65.63,65.08,65.5,368000,0.0
2007-07-30,65.4,65.9999,65.37,65.77,448500,0.0
2007-07-31,65.79,66.36,65.72,65.91,229500,0.0
2007-08-01,65.91,66.1,65.75,65.97,263500,0.0
2007-08-02,65.91,66.04,65.64,65.92,342500,0.0
2007-08-03,66.12,67.2,66.05,66.83,622000,0.0
2007-08-06,66.64,66.9,66.25,66.58,522500,0.0
2007-08-07,66.14,66.65,66.0224,66.55,1104000,0.0
2007-08-08,66.97,67.08,66.67,66.75,1346000,0.0
2007-08-09,65.76,65.88,65.43,65.51,458000,0.0
2007-08-10,66.05,67.0,65.76,66.67,536000,0.0
2007-08-13,66.53,66.6,66.23,66.27,469500,0.0
2007-08-14,66.36,66.48,66.12,66.27,1486000,0.0
2007-08-15,65.91,66.41,65.8,66.14,2165500,0.0
2007-08-16,65.76,65.83,63.53,64.62,1778000,0.0
2007-08-17,65.53,65.57,64.95,65.14,576000,0.0
2007-08-20,64.92,65.42,64.85,65.08,430000,0.0
2007-08-21,65.15,65.32,64.81,65.17,465500,0.0
2007-08-22,65.38,65.54,65.24,65.5,808500,0.0
2007-08-23,65.87,65.87,65.0,65.26,1282500,0.0
2007-08-24,65.38,66.22,65.37,66.19,532000,0.0
2007-08-27,65.96,66.13,65.93,66.11,323000,0.0
2007-08-28,65.96,66.08,65.5525,65.59,498500,0.0
2007-08-29,66.27,66.27,65.83,66.15,343000,0.0
2007-08-30,65.65,66.1099,65.65,65.86,323000,0.0
2007-08-31,66.58,66.74,66.52,66.636,522500,0.0
2007-09-04,66.84,67.69,66.8101,67.54,507500,0.0
2007-09-05,67.39,67.654,67.26,67.62,536000,0.0
2007-09-06,68.19,69.09,68.0,68.97,852000,0.0
2007-09-07,69.67,70.04,69.23,69.43,969500,0.0
2007-09-10,69.69,69.8499,69.26,69.68,633000,0.0
2007-09-11,69.77,70.75,69.62,70.53,1440000,0.0
2007-09-12,70.36,70.62,69.93,70.53,795500,0.0
2007-09-13,69.92,70.38,69.73,70.15,1104500,0.0
2007-09-14,70.95,71.05,69.9,70.18,846000,0.0
2007-09-17,70.97,71.27,70.69,71.07,958500,0.0
2007-09-18,71.06,73.0,70.54,71.7,2409000,0.0
2007-09-19,71.83,71.85,71.37,71.58,1304500,0.0
2007-09-20,72.72,73.16,72.487,72.82,1943500,0.0
2007-09-21,73.4,73.4,71.96,72.46,1943000,0.0
2007-09-24,72.47,72.67,71.9,72.38,1802500,0.0
2007-09-25,72.0,72.64,71.9,72.46,607500,0.0
2007-09-26,72.4,72.93,71.96,72.18,692500,0.0
2007-09-27,72.76,72.86,72.254,72.73,440000,0.0
2007-09-28,73.54,73.8799,73.44,73.63,820000,0.0
2007-10-01,73.62,74.05,73.42,74.04,680500,0.0
2007-10-02,72.66,72.75,71.74,72.51,1430500,0.0
2007-10-03,72.59,72.63,71.93,72.11,971000,0.0
2007-10-04,71.56,73.14,71.45,73.1,1240000,0.0
2007-10-05,72.55,73.6801,72.42,73.54,872500,0.0
2007-10-08,72.83,72.97,72.44,72.61,514500,0.0
2007-10-09,72.54,73.34,72.52,73.0727,779000,0.0
2007-10-10,73.65,73.7816,73.13,73.46,733500,0.0
2007-10-11,73.89,74.63,73.65,74.03,1373500,0.0
2007-10-12,74.18,74.37,73.94,74.29,753000,0.0
2007-10-15,75.13,75.28,74.76,75.21,1006000,0.0
2007-10-16,75.29,75.4272,74.62,75.18,630500,0.0
2007-10-17,75.63,75.73,74.44,74.71,909500,0.0
2007-10-18,75.65,76.0,75.49,75.95,549500,0.0
2007-10-19,76.07,76.07,75.09,75.83,954500,0.0
2007-10-22,74.16,74.82,74.0,74.69,1009000,0.0
2007-10-23,75.35,75.36,74.776,75.22,1037000,0.0
2007-10-24,74.93,75.69,74.92,75.69,674500,0.0
2007-10-25,76.12,76.17,75.78,76.16,783000,0.0
2007-10-26,76.98,77.81,76.92,77.79,849500,0.0
2007-10-29,78.1,78.35,77.73,78.24,1190000,0.0
2007-10-30,77.52,77.74,77.1316,77.49,581000,0.0
2007-10-31,78.19,78.95,77.25,78.6,1281500,0.0
2007-11-01,78.06,78.46,77.65,78.12,1055000,0.0
2007-11-02,78.64,79.99,78.35,79.94,1369500,0.0
2007-11-05,79.5,80.3088,79.5,79.86,926750,0.0
2007-11-06,81.46,81.65,81.08,81.4132,2932000,0.0
2007-11-07,85.0,85.0,82.09,82.44,2831500,0.0
2007-11-08,83.12,83.68,81.85,82.07,2520415,0.0
2007-11-09,83.16,83.16,82.07,82.43,1036200,0.0
2007-11-12,79.61,79.96,78.48,78.48,2915920,0.0
2007-11-13,78.64,79.8616,78.5,79.19,2091275,0.0
2007-11-14,80.67,80.77,79.97,80.19,1036740,0.0
2007-11-15,78.73,78.73,77.37,77.962,1483795,0.0
2007-11-16,78.87,78.87,77.5,77.73,1032300,0.0
2007-11-19,78.04,78.04,76.65,77.39,1109935,0.0
2007-11-20,78.98,79.61,78.198,79.61,1398460,0.0
2007-11-21,78.92,79.52,78.72,79.26,872000,0.0
2007-11-23,80.55,81.7,80.43,81.49,349075,0.0
2007-11-26,82.41,82.41,81.274,81.3476,1075555,0.0
2007-11-27,80.36,80.75,79.91,80.3,1448250,0.0
2007-11-28,79.65,79.91,78.78,79.71,1453125,0.0
2007-11-29,78.64,79.3528,78.38,78.38,2015070,0.0
2007-11-30,77.75,78.06,77.07,77.49,1448850,0.0
2007-12-03,77.45,78.33,77.41,78.33,1033250,0.0
2007-12-04,79.04,79.63,78.62,79.4,461840,0.0
2007-12-05,78.84,79.1131,78.33,78.86,784965,0.0
2007-12-06,78.2,79.68,78.2,79.45,717095,0.0
2007-12-07,79.14,79.14,78.31,78.79,724460,0.0
2007-12-10,79.49,80.36,79.49,80.11,922140,0.0
2007-12-11,80.23,80.51,78.84,78.96,905515,0.0
2007-12-12,80.61,80.87,80.27,80.46,798750,0.0
2007-12-13,79.56,79.67,78.3672,78.93,702000,0.0
2007-12-14,77.81,78.66,77.81,78.66,742500,0.0
2007-12-17,78.03,78.85,78.03,78.15,490250,0.0
2007-12-18,79.52,79.64,78.85,79.2801,763500,0.0
2007-12-19,79.34,79.64,79.1,79.4,489000,0.0
2007-12-20,78.93,79.06,78.44,78.76,634500,0.0
2007-12-21,80.23,80.37,80.05,80.17,585500,0.0
2007-12-24,80.4,80.642,80.22,80.24,270000,0.0
2007-12-26,81.1,81.7318,81.1,81.68,355000,0.0
2007-12-27,81.98,82.23,81.5,81.59,553000,0.0
2007-12-28,82.66,83.1,82.47,83.03,829000,0.0
2007-12-31,82.75,82.87,82.1,82.45,540500,0.0
2008-01-02,83.67,85.16,83.55,84.89,1574500,0.0
2008-01-03,85.07,86.03,84.71,85.57,1687500,0.0
2008-01-04,85.19,85.59,84.53,85.26,1640000,0.0
2008-01-07,85.37,85.37,84.73,84.92,1297000,0.0
2008-01-08,86.29,87.1528,86.23,86.88,1305000,0.0
2008-01-09,86.72,87.2656,86.4018,86.84,1825500,0.0
2008-01-10,86.63,88.56,86.62,88.36,2322000,0.0
2008-01-11,88.22,88.85,87.98,88.68,1413500,0.0
2008-01-14,89.76,90.0,89.16,89.65,1892500,0.0
2008-01-15,89.78,90.44,88.07,88.25,1965500,0.0
2008-01-16,88.29,88.78,86.4,86.7,2265500,0.0
2008-01-17,87.71,88.01,86.6,86.72,2255000,0.0
2008-01-18,87.39,87.62,86.6401,87.62,2225000,0.0
2008-01-22,86.7,88.49,85.91,88.3,3531500,0.0
2008-01-23,87.33,88.59,86.82,87.94,3267000,0.0
2008-01-24,89.58,90.34,89.21,90.24,2502500,0.0
2008-01-25,91.03,91.16,89.62,90.3595,2369500,0.0
2008-01-28,91.01,91.98,90.87,91.98,2249000,0.0
2008-01-29,91.52,91.81,90.89,91.31,2210500,0.0
2008-01-30,91.38,92.63,90.01,91.9,2048000,0.0
2008-01-31,91.1,91.77,90.84,91.5,1970000,0.0
2008-02-01,91.96,91.97,89.3,89.3,3077500,0.0
2008-02-04,88.36,91.95,88.15,89.05,1387000,0.0
2008-02-05,88.01,88.75,87.4,87.79,1643000,0.0
2008-02-06,89.23,89.76,88.88,89.08,1423500,0.0
2008-02-07,89.06,90.03,88.95,89.89,1304000,0.0
2008-02-08,90.13,91.02,90.13,91.0,1153000,0.0
2008-02-11,91.17,91.56,90.59,91.51,982000,0.0
2008-02-12,91.02,91.0844,89.2566,89.51,1399500,0.0
2008-02-13,89.06,90.07,88.84,89.64,707000,0.0
2008-02-14,89.53,90.2,89.49,89.81,909500,0.0
2008-02-15,90.49,90.49,88.78,89.25,769000,0.0
2008-02-19,91.45,92.03,91.14,91.6899,680500,0.0
2008-02-20,91.06,93.4,90.92,93.38,1010000,0.0
2008-02-21,93.59,94.29,93.18,93.37,1443000,0.0
2008-02-22,93.71,93.81,92.54,93.54,1016500,0.0
2008-02-25,93.86,93.86,92.28,92.86,1745500,0.0
2008-02-26,92.64,93.9524,92.31,93.89,1179000,0.0
2008-02-27,94.71,94.98,94.12,94.95,1685500,0.0
2008-02-28,95.07,96.22,94.64,95.9,2020000,0.0
2008-02-29,95.98,96.36,95.34,96.36,1823000,0.0
2008-03-03,97.72,97.83,96.83,97.4,3123000,0.0
2008-03-04,97.38,97.58,94.5,94.75,4170500,0.0
2008-03-05,96.27,98.23,96.02,97.93,2951000,0.0
2008-03-06,97.16,97.41,95.44,96.49,2989500,0.0
2008-03-07,96.75,96.75,95.76,96.29,1063000,0.0
2008-03-10,95.17,96.396,94.89,96.11,1970900,0.0
2008-03-11,96.59,96.73,95.27,96.21,1801570,0.0
2008-03-12,96.57,97.22,96.3699,97.22,1227015,0.0
2008-03-13,98.71,98.88,97.75,98.52,3495000,0.0
2008-03-14,98.54,99.66,98.1,99.15,4347000,0.0
2008-03-17,99.56,100.48,98.26,99.39,5752500,0.0
2008-03-18,99.64,99.67,96.47,96.65,2462045,0.0
2008-03-19,95.64,95.95,92.34,93.52,6563055,0.0
2008-03-20,90.56,91.51,88.31,90.17,5834740,0.0
2008-03-24,90.61,91.61,89.9151,90.14,3691900,0.0
2008-03-25,91.96,92.87,91.46,92.71,1445255,0.0
2008-03-26,93.29,94.13,93.29,93.69,1281500,0.0
2008-03-27,93.68,94.2,93.08,93.63,961920,0.0
2008-03-28,92.26,92.53,91.22,92.0,1663270,0.0
2008-03-31,92.62,92.75,90.07,90.67,2422500,0.0
2008-04-01,88.06,88.08,86.12,87.05,4317795,0.0
2008-04-02,87.24,89.49,87.21,89.17,3439500,0.0
2008-04-03,88.71,89.74,87.6601,89.55,1269500,0.0
2008-04-04,89.56,90.34,89.33,90.33,819850,0.0
2008-04-07,90.67,91.7522,90.66,91.25,1471515,0.0
2008-04-08,90.1,90.55,89.74,90.55,984500,0.0
2008-04-09,90.28,92.39,90.28,92.19,1301450,0.0
2008-04-10,92.31,92.62,91.06,91.86,1661250,0.0
2008-04-11,91.47,91.86,90.63,91.43,624485,0.0
2008-04-14,91.34,92.02,91.1,91.2,1075820,0.0
2008-04-15,91.84,91.98,91.46,91.68,1103635,0.0
2008-04-16,93.34,93.74,93.1,93.33,1218625,0.0
2008-04-17,93.42,93.61,92.6,92.66,1001145,0.0
2008-04-18,89.86,90.78,89.31,90.78,2676275,0.0
2008-04-21,90.91,90.91,89.91,90.33,2309630,0.0
2008-04-22,90.5,91.37,90.18,90.29,1206020,0.0
2008-04-23,89.08,89.51,88.52,89.17,1956430,0.0
2008-04-24,88.27,88.56,87.15,87.18,2991170,0.0
2008-04-25,88.31,88.41,87.19,87.19,2505585,0.0
2008-04-28,87.87,88.37,87.68,88.1,2099000,0.0
2008-04-29,86.79,86.92,85.71,85.85,2444965,0.0
2008-04-30,86.12,86.69,85.14,86.49,3767120,0.0
2008-05-01,84.49,84.49,83.564,83.84,5729385,0.0
2008-05-02,84.0,84.76,84.0,84.52,1375725,0.0
2008-05-05,85.63,86.24,85.31,86.23,1471590,0.0
2008-05-06,86.36,87.13,86.34,86.74,1395265,0.0
2008-05-07,85.53,86.07,85.21,85.69,1061085,0.0
2008-05-08,86.81,87.3901,86.46,87.27,1403405,0.0
2008-05-09,87.41,87.59,85.88,87.33,1479845,0.0
2008-05-12,86.94,87.62,86.82,87.2,841595,0.0
2008-05-13,85.19,86.13,84.95,85.43,1085450,0.0
2008-05-14,85.75,85.8,85.14,85.25,926295,0.0
2008-05-15,87.16,87.59,86.3,87.13,2347070,0.0
2008-05-16,88.48,89.33,88.41,89.14,1227850,0.0
2008-05-19,89.61,89.7,88.89,89.46,1650780,0.0
2008-05-20,89.58,91.1,89.56,90.8,1618035,0.0
2008-05-21,90.61,92.04,90.61,91.94,2133365,0.0
2008-05-22,91.18,91.6099,90.5,91.04,1432150,0.0
2008-05-23,91.29,91.72,90.92,91.28,947215,0.0
2008-05-27,89.86,89.9,89.16,89.45,1625380,0.0
2008-05-28,88.46,89.17,88.34,89.1,1424990,0.0
2008-05-29,86.89,87.6,86.14,86.65,1989010,0.0
2008-05-30,87.38,87.71,87.0,87.47,1130480,0.0
2008-06-02,87.55,88.56,87.51,87.97,892380,0.0
2008-06-03,86.69,87.37,86.54,86.87,1477295,0.0
2008-06-04,87.07,87.45,86.64,86.64,1253730,0.0
2008-06-05,85.99,86.82,85.74,86.68,1194555,0.0
2008-06-06,87.8,89.0,87.75,88.97,1773910,0.0
2008-06-09,88.55,89.27,87.85,87.87,1109900,0.0
2008-06-10,86.35,86.77,85.29,85.44,1296740,0.0
2008-06-11,86.65,87.11,86.45,87.03,931730,0.0
2008-06-12,85.21,86.09,84.86,85.68,1294985,0.0
2008-06-13,85.33,86.0331,85.1,85.86,655720,0.0
2008-06-16,88.16,88.3,86.96,86.96,1128850,0.0
2008-06-17,86.78,87.54,86.78,87.15,590905,0.0
2008-06-18,87.65,88.43,87.21,88.25,1522000,0.0
2008-06-19,89.42,89.53,88.49,88.68,1220090,0.0
2008-06-20,88.89,89.63,88.81,89.02,1640630,0.0
2008-06-23,87.04,87.41,86.8,87.14,1568500,0.0
2008-06-24,87.32,88.28,87.32,87.64,1254995,0.0
2008-06-25,87.52,87.6,86.23,87.44,2045545,0.0
2008-06-26,89.57,90.66,89.57,90.43,2747805,0.0
2008-06-27,91.04,91.8599,90.78,91.57,2977610,0.0
2008-06-30,91.94,91.95,90.67,91.23,1420180,0.0
2008-07-01,92.65,93.4,92.4446,92.54,1734645,0.0
2008-07-02,92.4,93.38,92.23,93.38,1744200,0.0
2008-07-03,92.28,92.76,91.85,92.18,1622255,0.0
2008-07-07,90.73,91.73,90.29,91.35,1407785,0.0
2008-07-08,90.6,91.2,90.01,90.96,2139195,0.0
2008-07-09,91.01,91.71,90.91,91.52,1431145,0.0
2008-07-10,92.5,93.57,92.43,93.34,1590615,0.0
2008-07-11,95.05,95.5,94.374,95.0,2830885,0.0
2008-07-14,95.19,96.25,95.0,96.1,1924665,0.0
2008-07-15,96.66,97.56,95.56,96.295,3315715,0.0
2008-07-16,96.34,96.58,94.45,94.45,2592185,0.0
2008-07-17,94.83,96.52,94.21,94.38,2528900,0.0
2008-07-18,94.33,95.03,94.15,94.28,1275325,0.0
2008-07-21,94.86,95.31,94.55,95.31,725925,0.0
2008-07-22,95.83,95.939,93.08,93.11,1868790,0.0
2008-07-23,92.73,92.84,90.52,90.663,3648260,0.0
2008-07-24,91.17,91.59,90.36,91.55,1149140,0.0
2008-07-25,91.09,91.8,90.62,91.65,908740,0.0
2008-07-28,91.51,92.0566,91.03,91.83,941130,0.0
2008-07-29,91.26,91.29,90.1601,90.74,1498880,0.0
2008-07-30,88.96,89.76,88.1701,89.61,1739450,0.0
2008-07-31,91.13,91.2,90.0,90.12,953105,0.0
2008-08-01,89.55,90.5,89.48,89.75,869295,0.0
2008-08-04,89.13,89.75,88.14,88.21,1389765,0.0
2008-08-05,87.34,87.446,86.06,86.21,1943785,0.0
2008-08-06,86.86,87.03,86.06,86.65,1871585,0.0
2008-08-07,86.7,86.76,85.5546,85.98,1033910,0.0
2008-08-08,84.42,84.71,83.87,84.34,2273055,0.0
2008-08-11,84.49,84.49,80.64,81.31,3703045,0.0
2008-08-12,80.72,80.97,79.55,80.64,3869765,0.0
2008-08-13,80.59,81.83,80.4054,81.74,1695625,0.0
2008-08-14,80.72,81.08,79.32,79.346,2356555,0.0
2008-08-15,78.0,78.46,76.6623,77.51,3092265,0.0
2008-08-18,78.49,79.19,77.85,78.99,2394825,0.0
2008-08-19,77.97,80.59,77.65,80.59,1752595,0.0
2008-08-20,80.2,80.59,78.89,79.91,1515145,0.0
2008-08-21,82.07,82.69,81.8,82.37,1433990,0.0
2008-08-22,81.53,81.99,80.99,81.25,1198100,0.0
2008-08-25,81.09,81.32,80.64,81.0,555520,0.0
2008-08-26,80.65,81.86,80.65,81.34,944040,0.0
2008-08-27,81.95,82.08,81.134,81.4,448915,0.0
2008-08-28,83.18,83.18,81.36,82.35,493800,0.0
2008-08-29,82.37,82.51,81.74,81.97,863375,0.0
2008-09-02,78.24,79.81,78.07,79.08,1270810,0.0
2008-09-03,79.2,79.7,78.3946,79.14,1673865,0.0
2008-09-04,79.78,79.79,78.2001,78.44,1204845,0.0
2008-09-05,80.05,80.26,78.22,78.89,2141350,0.0
2008-09-08,80.14,80.33,78.54,78.9,1231390,0.0
2008-09-09,77.43,77.79,76.4,76.4,1685255,0.0
2008-09-10,76.89,76.94,74.18,74.4,3348175,0.0
2008-09-11,73.55,73.9544,72.58,73.0,3348215,0.0
2008-09-12,74.31,75.6,73.56,75.5799,1197990,0.0
2008-09-15,76.63,77.58,76.016,77.58,3263655,0.0
2008-09-16,76.75,77.35,76.34,76.59,2722005,0.0
2008-09-17,77.17,85.66,77.17,85.55,6544765,0.0
2008-09-18,85.64,90.74,82.0,83.24,9033900,0.0
2008-09-19,85.55,86.48,84.19,86.26,4526760,0.0
2008-09-22,87.04,89.63,87.0,89.12,5030115,0.0
2008-09-23,89.09,89.2,86.79,88.56,3433185,0.0
2008-09-24,88.8,88.81,86.78,86.99,2741815,0.0
2008-09-25,87.22,87.83,85.13,86.65,2427360,0.0
2008-09-26,87.03,90.03,86.58,86.93,3386905,0.0
2008-09-29,86.97,91.243,86.97,89.44,8100940,0.0
2008-09-30,87.37,87.37,84.33,85.47,4201365,0.0
2008-10-01,86.31,87.97,85.31,86.25,2010900,0.0
2008-10-02,84.64,84.8,81.74,82.17,3183410,0.0
2008-10-03,81.1,83.41,81.1,82.75,4479990,0.0
2008-10-06,85.8,86.38,84.4,84.61,4607045,0.0
2008-10-07,87.17,87.69,85.66,87.0,5503345,0.0
2008-10-08,90.81,90.85,88.19,89.75,7652025,0.0
2008-10-09,87.42,91.0,86.8,91.0,7488425,0.0
2008-10-10,89.52,90.6,81.42,83.272,9088490,0.0
2008-10-13,83.74,83.87,80.7,81.87,4521075,0.0
2008-10-14,82.57,83.37,81.89,82.24,4032740,0.0
2008-10-15,82.23,84.44,82.21,83.58,4686460,0.0
2008-10-16,82.54,82.59,77.38,79.39,7039880,0.0
2008-10-17,77.19,79.1,76.1,77.02,3713055,0.0
2008-10-20,77.82,78.93,77.35,78.606,1729575,0.0
2008-10-21,75.82,76.912,75.5,76.28,2899810,0.0
2008-10-22,74.45,74.45,70.96,71.96,5703675,0.0
2008-10-23,69.81,72.22,69.56,71.05,4164270,0.0
2008-10-24,69.23,73.93,69.12,72.12,5475410,0.0
2008-10-27,71.18,73.61,70.75,72.41,2774840,0.0
2008-10-28,73.02,73.76,71.73,73.76,2780280,0.0
2008-10-29,75.04,76.33,73.66,74.29,2441845,0.0
2008-10-30,74.91,75.24,72.21,72.6,2557515,0.0
2008-10-31,72.68,72.92,70.67,71.58,2550425,0.0
2008-11-03,71.55,72.1949,71.12,71.25,1438950,0.0
2008-11-04,73.19,75.75,72.92,75.65,3131900,0.0
2008-11-05,74.39,75.22,72.5,73.0,4123800,0.0
2008-11-06,74.37,74.87,71.72,72.49,2066915,0.0
2008-11-07,72.62,73.12,72.07,72.59,1181290,0.0
2008-11-10,74.78,75.08,73.02,73.75,1821195,0.0
2008-11-11,72.59,72.69,71.6,72.25,1782300,0.0
2008-11-12,71.52,71.9,69.87,70.34,1961140,0.0
2008-11-13,70.5,72.4,68.9,72.4,4675885,0.0
2008-11-14,73.49,74.28,72.8276,73.37,2629220,0.0
2008-11-17,72.46,73.82,72.19,72.98,1637880,0.0
2008-11-18,72.4,73.5,72.19,72.61,2183395,0.0
2008-11-19,73.5,75.22,72.08,72.6,4137150,0.0
2008-11-20,73.18,74.24,72.49,73.76,3454130,0.0
2008-11-21,76.04,79.15,75.54,79.15,6711680,0.0
2008-11-24,80.5,81.76,80.44,81.13,4103320,0.0
2008-11-25,81.39,81.39,79.33,80.91,7575590,0.0
2008-11-26,80.58,80.79,79.61,80.5,2996745,0.0
2008-11-28,80.22,80.77,79.84,80.34,1824520,0.0
2008-12-01,77.23,77.32,75.6,75.79,1784815,0.0
2008-12-02,76.97,77.35,76.29,77.02,2146625,0.0
2008-12-03,75.99,77.17,75.19,76.19,3176935,0.0
2008-12-04,75.61,77.63,75.15,75.56,3217040,0.0
2008-12-05,74.35,74.847,72.96,74.67,3698750,0.0
2008-12-08,76.58,76.67,75.47,76.238,1381610,0.0
2008-12-09,75.65,76.88,75.37,76.4101,1486205,0.0
2008-12-10,79.32,80.144,78.6599,79.8,3706805,0.0
2008-12-11,81.64,82.0,80.59,80.74,3191900,0.0
2008-12-12,80.66,81.68,80.5,80.88,2548715,0.0
2008-12-15,81.42,83.03,81.3198,82.64,2121000,0.0
2008-12-16,82.45,84.69,82.01,84.608,3191185,0.0
2008-12-17,85.27,86.88,84.85,85.45,4977450,0.0
2008-12-18,84.99,85.13,83.51,83.91,3606560,0.0
2008-12-19,82.79,82.9,82.05,82.56,2410980,0.0
2008-12-22,83.65,83.86,82.9,83.51,2022625,0.0
2008-12-23,83.03,83.42,81.67,82.72,1862015,0.0
2008-12-24,82.6,83.6268,82.56,83.5,568415,0.0
2008-12-26,83.58,85.87,83.2398,85.7,903585,0.0
2008-12-29,86.6,87.02,86.04,86.45,2038595,0.0
2008-12-30,86.02,86.17,85.35,85.94,1239360,0.0
2008-12-31,85.03,87.13,84.36,86.66,1917250,0.0
2009-01-02,86.07,86.64,85.96,86.35,1772260,0.0
2009-01-05,83.74,84.74,83.3,84.54,2536900,0.0
2009-01-06,83.48,85.74,83.05,85.22,2476410,0.0
2009-01-07,84.63,84.66,82.29,82.805,3700910,0.0
2009-01-08,84.43,84.93,83.88,84.44,1890555,0.0
2009-01-09,83.43,85.54,83.2,84.02,1465320,0.0
2009-01-12,81.83,82.09,80.309,80.88,2661790,0.0
2009-01-13,81.07,81.81,80.71,80.96,2214130,0.0
2009-01-14,80.63,81.13,79.43,79.86,2605175,0.0
2009-01-15,80.09,80.752,78.94,80.39,1043685,0.0
2009-01-16,82.32,83.05,81.7944,82.78,3030575,0.0
2009-01-20,84.09,85.31,83.61,84.51,4803515,0.0
2009-01-21,84.13,84.42,83.0,84.15,3432210,0.0
2009-01-22,84.09,85.0,83.88,84.67,3700935,0.0
2009-01-23,86.63,88.95,86.17,88.49,5942580,0.0
2009-01-26,89.26,90.2,88.75,89.03,4465075,0.0
2009-01-27,88.44,88.87,88.06,88.37,3612490,0.0
2009-01-28,88.33,88.43,86.87,87.37,5728490,0.0
2009-01-29,86.72,89.58,86.35,89.58,4163675,0.0
2009-01-30,90.78,91.51,89.75,91.36,2939035,0.0
2009-02-02,89.97,90.64,88.72,88.81,2116735,0.0
2009-02-03,89.45,89.8,87.531,88.5,2955830,0.0
2009-02-04,88.94,89.53,88.6,89.19,2471375,0.0
2009-02-05,90.86,90.86,89.37,90.19,2574010,0.0
2009-02-06,89.3,90.17,89.3,89.63,2165155,0.0
2009-02-09,88.42,88.69,87.67,88.37,2147025,0.0
2009-02-10,89.73,90.41,89.26,90.3,2913715,0.0
2009-02-11,91.03,93.26,90.85,92.38,6480805,0.0
2009-02-12,93.11,93.77,92.61,93.24,6165250,0.0
2009-02-13,92.54,92.82,91.75,92.61,3856010,0.0
2009-02-17,95.3,95.9,94.95,95.54,6109480,0.0
2009-02-18,95.34,97.1882,94.75,96.9,5562865,0.0
2009-02-19,95.99,96.6,95.5,95.76,3548255,0.0
2009-02-20,98.1,99.06,97.23,97.85,7147275,0.0
2009-02-23,96.72,98.22,96.0,97.752,14028215,0.0
2009-02-24,97.56,97.6,94.4,94.8,7970685,0.0
2009-02-25,94.85,96.3,92.9,93.27,7047735,0.0
2009-02-26,92.79,93.17,91.67,93.05,5331015,0.0
2009-02-27,94.38,94.58,91.13,92.66,5916125,0.0
2009-03-02,93.48,93.66,90.67,91.02,7048445,0.0
2009-03-03,90.9,91.09,89.04,90.03,4822605,0.0
2009-03-04,90.34,90.42,88.52,89.07,4456925,0.0
2009-03-05,89.96,92.18,89.3,92.07,5193660,0.0
2009-03-06,91.95,92.97,91.53,92.46,3935525,0.0
2009-03-09,92.37,92.37,89.63,90.66,6153670,0.0
2009-03-10,89.55,89.62,87.63,88.24,4586715,0.0
2009-03-11,88.51,89.85,87.92,89.2,2608425,0.0
2009-03-12,90.45,91.59,90.22,91.12,3408705,0.0
2009-03-13,91.84,91.89,90.63,91.3,2455135,0.0
2009-03-16,90.35,91.02,90.08,90.8845,2505370,0.0
2009-03-17,90.29,90.6387,89.85,90.16,1767845,0.0
2009-03-18,88.8,93.44,86.94,93.22,9191215,0.0
2009-03-19,93.49,94.73,93.0,94.33,3901375,0.0
2009-03-20,93.53,94.36,93.17,93.64,2535955,0.0
2009-03-23,93.5,93.91,92.06,92.16,2892810,0.0
2009-03-24,90.89,91.71,90.33,91.14,2882420,0.0
2009-03-25,90.94,92.6,90.4251,92.04,4667500,0.0
2009-03-26,92.72,92.77,91.92,91.932,2402120,0.0
2009-03-27,90.86,91.3,90.48,90.87,3138085,0.0
2009-03-30,90.05,91.71,89.83,90.12,2923540,0.0
2009-03-31,90.5,90.86,89.67,90.39,1701025,0.0
2009-04-01,91.43,91.44,90.37,91.09,1849810,0.0
2009-04-02,88.84,89.4,88.0,88.87,3676725,0.0
2009-04-03,89.02,89.51,87.661,87.74,2671030,0.0
2009-04-06,86.51,86.51,85.05,85.37,2788355,0.0
2009-04-07,86.34,87.06,86.28,86.78,1620520,0.0
2009-04-08,87.19,87.56,86.36,86.67,1561685,0.0
2009-04-09,86.39,86.9505,86.2,86.39,1497915,0.0
2009-04-13,88.1,88.48,87.69,87.97,988180,0.0
2009-04-14,87.87,87.87,87.16,87.51,1424065,0.0
2009-04-15,87.48,87.99,87.34,87.69,930900,0.0
2009-04-16,87.49,87.49,85.76,85.96,1390725,0.0
2009-04-17,85.79,85.81,85.02,85.27,2651420,0.0
2009-04-20,86.12,87.37,86.054,87.01,1855035,0.0
2009-04-21,87.93,87.93,86.41,86.92,1774815,0.0
2009-04-22,87.12,87.89,86.87,87.45,1265630,0.0
2009-04-23,87.81,89.43,87.69,88.86,2036520,0.0
2009-04-24,89.21,89.91,88.93,89.77,1704095,0.0
2009-04-27,89.39,89.84,89.02,89.09,1466580,0.0
2009-04-28,87.39,87.99,87.18,87.91,1152955,0.0
2009-04-29,88.36,88.83,87.77,88.45,1351720,0.0
2009-04-30,86.89,87.84,86.6178,87.34,1246365,0.0
2009-05-01,86.86,87.54,86.792,87.06,481150,0.0
2009-05-04,87.66,89.25,87.64,88.7,1825580,0.0
2009-05-05,89.77,89.79,87.89,88.4,1932860,0.0
2009-05-06,89.56,89.76,88.93,89.65,1695270,0.0
2009-05-07,90.17,90.35,89.32,89.43,3012515,0.0
2009-05-08,89.79,90.146,89.0,90.03,2294305,0.0
2009-05-11,89.7,90.06,89.5752,89.82,1400865,0.0
2009-05-12,90.47,90.88,90.01,90.75,1888490,0.0
2009-05-13,90.5,91.53,90.37,91.15,3061160,0.0
2009-05-14,90.96,91.32,90.78,91.04,1019590,0.0
2009-05-15,91.17,91.87,91.17,91.6,1467170,0.0
2009-05-18,91.63,91.63,90.24,90.42,2406405,0.0
2009-05-19,90.75,91.41,90.65,91.02,1534190,0.0
2009-05-20,91.62,92.48,91.6,92.29,2657850,0.0
2009-05-21,92.38,93.9,91.99,93.9,3143550,0.0
2009-05-22,94.32,94.46,93.87,94.13,1480530,0.0
2009-05-26,93.05,93.874,92.9,93.73,1257710,0.0
2009-05-27,93.76,94.33,93.18,93.48,2185940,0.0
2009-05-28,94.22,94.87,93.88,94.258,1846350,0.0
2009-05-29,95.74,96.39,95.68,96.28,3251640,0.0
2009-06-01,96.6,96.81,95.75,95.79,2143770,0.0
2009-06-02,96.24,97.03,96.19,96.48,2117930,0.0
2009-06-03,95.98,96.27,94.41,94.51,2828870,0.0
2009-06-04,95.3,96.55,95.2964,96.31,2022140,0.0
2009-06-05,94.28,94.85,93.66,93.75,3895535,0.0
2009-06-08,93.31,93.7591,92.69,93.59,2011165,0.0
2009-06-09,94.32,94.45,93.51,93.91,1700630,0.0
2009-06-10,94.6,94.6,93.04,93.9,1855270,0.0
2009-06-11,93.25,94.57,93.1113,93.76,2428875,0.0
2009-06-12,92.51,92.82,92.09,92.26,2166860,0.0
2009-06-15,91.98,91.98,91.0,91.19,1879715,0.0
2009-06-16,91.93,92.17,91.44,91.98,1708140,0.0
2009-06-17,91.69,92.44,91.23,92.3,1407680,0.0
2009-06-18,92.31,92.55,91.42,91.686,1884255,0.0
2009-06-19,91.86,92.28,91.68,91.92,1232310,0.0
2009-06-22,90.51,90.71,90.21,90.58,1625575,0.0
2009-06-23,90.68,91.09,90.05,91.01,1421100,0.0
2009-06-24,92.17,92.38,91.1,91.49,1592210,0.0
2009-06-25,92.19,92.36,91.81,92.35,1307260,0.0
2009-06-26,92.9,93.01,92.02,92.41,1776865,0.0
2009-06-29,92.39,92.462,91.81,92.17,956945,0.0
2009-06-30,91.93,92.03,90.67,91.25,1440565,0.0
2009-07-01,92.37,93.03,92.1,92.43,1754855,0.0
2009-07-02,91.55,91.65,91.18,91.41,1310725,0.0
2009-07-06,90.55,91.0,90.47,90.87,1092035,0.0
2009-07-07,90.96,91.45,90.61,90.82,1201640,0.0
2009-07-08,90.23,90.3662,88.9448,89.32,2035260,0.0
2009-07-09,89.71,90.31,89.47,89.62,1393190,0.0
2009-07-10,89.42,89.84,89.28,89.66,694465,0.0
2009-07-13,89.57,90.75,89.2,90.33,944060,0.0
2009-07-14,91.01,91.16,90.69,90.93,852860,0.0
2009-07-15,92.24,92.62,92.1508,92.33,1225880,0.0
2009-07-16,92.12,92.2021,91.67,92.05,722100,0.0
2009-07-17,92.24,92.39,91.96,91.96,1074000,0.0
2009-07-20,93.68,93.87,93.0,93.4,2183240,0.0
2009-07-21,93.63,93.63,92.8,93.19,1314915,0.0
2009-07-22,92.9,93.84,92.82,93.48,1401155,0.0
2009-07-23,93.26,94.07,93.21,93.3618,1808580,0.0
2009-07-24,93.52,93.77,93.42,93.48,705145,0.0
2009-07-27,93.97,94.0,93.45,93.79,680035,0.0
2009-07-28,92.85,92.88,91.78,92.17,2449385,0.0
2009-07-29,91.76,91.82,90.93,91.24,1677840,0.0
2009-07-30,91.65,92.07,91.52,91.69,1016765,0.0
2009-07-31,91.93,94.08,91.93,93.5,2497945,0.0
2009-08-03,94.25,94.55,93.76,93.99,1599955,0.0
2009-08-04,94.25,95.29,94.08,94.82,2466300,0.0
2009-08-05,94.98,95.12,94.19,94.82,1274830,0.0
2009-08-06,95.09,95.26,93.9,94.63,2194675,0.0
2009-08-07,94.4,94.7,93.7,93.76,1225590,0.0
2009-08-10,92.96,93.2,92.69,92.94,794355,0.0
2009-08-11,92.72,93.01,92.49,92.88,706735,0.0
2009-08-12,92.68,93.51,92.66,92.95,811030,0.0
2009-08-13,93.97,94.118,93.54,93.73,940280,0.0
2009-08-14,93.9,93.96,92.48,93.03,1061905,0.0
2009-08-17,91.61,91.91,91.37,91.74,1111990,0.0
2009-08-18,91.91,92.26,91.84,92.12,563540,0.0
2009-08-19,91.82,92.83,91.76,92.62,1067635,0.0
2009-08-20,92.36,92.5982,92.22,92.38,598845,0.0
2009-08-21,93.68,93.86,93.48,93.7,1068415,0.0
2009-08-24,93.66,93.77,91.78,92.36,1537505,0.0
2009-08-25,93.47,93.5,92.57,92.82,1256515,0.0
2009-08-26,92.77,92.92,92.31,92.9,962995,0.0
2009-08-27,92.9,93.37,92.47,93.23,657555,0.0
2009-08-28,94.13,94.2,93.73,93.9,771430,0.0
2009-08-31,93.16,93.54,93.02,93.45,444855,0.0
2009-09-01,93.47,94.0,93.16,93.93,1402150,0.0
2009-09-02,94.75,96.32,94.6567,96.24,2421560,0.0
2009-09-03,96.63,97.99,96.291,97.49,3099725,0.0
2009-09-04,97.19,97.89,96.8,97.6,1352255,0.0
2009-09-08,98.65,98.708,97.5,97.56,2146625,0.0
2009-09-09,98.08,98.41,96.94,97.24,1619950,0.0
2009-09-10,97.09,98.08,96.96,97.76,897555,0.0
2009-09-11,98.99,99.39,98.36,98.78,1599315,0.0
2009-09-14,98.23,98.481,97.812,98.06,1051820,0.0
2009-09-15,97.8,99.16,97.67,98.97,1038950,0.0
2009-09-16,100.06,100.08,99.59,99.95,1213600,0.0
2009-09-17,99.72,100.13,99.12,99.46,1745335,0.0
2009-09-18,99.86,99.92,98.76,98.83,762470,0.0
2009-09-21,98.09,98.69,97.8212,98.5,738550,0.0
2009-09-22,99.93,99.93,99.45,99.72,834155,0.0
2009-09-23,99.19,99.95,98.78,98.93,1110125,0.0
2009-09-24,99.48,99.5,97.25,97.61,2402330,0.0
2009-09-25,97.17,97.56,96.87,97.13,1466465,0.0
2009-09-28,97.33,97.87,97.11,97.13,911050,0.0
2009-09-29,97.28,97.78,97.04,97.47,556565,0.0
2009-09-30,98.35,99.11,97.66,98.93,1346195,0.0
2009-10-01,98.92,98.92,97.95,98.02,804205,0.0
2009-10-02,97.9,98.9,97.82,98.42,899445,0.0
2009-10-05,98.57,99.91,98.44,99.83,1202200,0.0
2009-10-06,101.39,102.47,101.27,102.33,1964830,0.0
2009-10-07,102.36,102.58,101.91,102.41,1509730,0.0
2009-10-08,102.71,104.21,102.38,103.71,1379180,0.0
2009-10-09,103.14,103.32,102.4505,102.92,1271595,0.0
2009-10-12,103.46,103.92,103.4,103.62,762930,0.0
2009-10-13,103.79,104.54,103.56,104.27,1255275,0.0
2009-10-14,104.39,104.76,103.87,104.22,1083215,0.0
2009-10-15,103.32,104.01,102.691,102.99,1972740,0.0
2009-10-16,102.83,103.75,102.62,103.32,1064310,0.0
2009-10-19,103.27,104.33,102.85,104.31,1160770,0.0
2009-10-20,104.43,104.44,103.26,103.52,1421850,0.0
2009-10-21,103.46,104.52,103.35,103.8,1645745,0.0
2009-10-22,103.57,104.14,103.19,103.99,1265120,0.0
2009-10-23,104.57,104.66,103.06,103.57,1254385,0.0
2009-10-26,103.51,104.05,101.8345,101.95,2396125,0.0
2009-10-27,101.99,102.225,101.32,101.91,13905605,0.0
2009-10-28,101.6,102.05,100.74,100.82,1931235,0.0
2009-10-29,101.77,102.8088,101.58,102.76,978505,0.0
2009-10-30,102.42,102.7159,101.56,102.67,1685450,0.0
2009-11-02,103.58,104.3,103.31,103.95,1440020,0.0
2009-11-03,103.81,106.74,103.8081,106.54,3422865,0.0
2009-11-04,107.14,107.73,106.5405,107.18,2031505,0.0
2009-11-05,106.9,107.2,106.6999,107.01,742855,0.0
2009-11-06,107.46,108.09,107.135,107.54,1144485,0.0
2009-11-09,108.79,108.81,107.99,108.24,998780,0.0
2009-11-10,108.11,108.81,107.79,108.45,1048820,0.0
2009-11-11,109.53,109.8,109.119,109.67,1575395,0.0
2009-11-12,109.26,109.63,108.22,108.31,1554925,0.0
2009-11-13,108.43,109.87,108.274,109.85,1601325,0.0
2009-11-16,110.79,112.25,110.76,111.72,1774080,0.0
2009-11-17,111.14,112.08,110.99,112.08,1269105,0.0
2009-11-18,112.79,113.14,111.91,112.39,2071575,0.0
2009-11-19,111.99,112.42,110.87,112.38,1912815,0.0
2009-11-20,111.84,112.96,111.64,112.96,1587545,0.0
2009-11-23,114.72,115.19,114.08,114.35,2292840,0.0
2009-11-24,114.77,114.87,114.07,114.83,1914180,0.0
2009-11-25,115.8,117.0,115.62,116.77,2600070,0.0
2009-11-27,113.22,115.88,113.13,115.18,4276005,0.0
2009-11-30,114.58,115.96,114.39,115.74,1532550,0.0
2009-12-01,117.38,117.94,116.89,117.49,1762620,0.0
2009-12-02,118.88,119.35,118.41,119.26,2850190,0.0
2009-12-03,118.69,119.58,118.15,118.83,2354265,0.0
2009-12-04,117.24,117.36,112.5,113.87,7407280,0.0
2009-12-07,111.67,114.27,111.53,113.17,5541290,0.0
2009-12-08,112.82,113.1,110.29,110.99,5218380,0.0
2009-12-09,111.65,112.54,109.46,110.93,4574035,0.0
2009-12-10,110.69,111.08,110.13,110.9,1347485,0.0
2009-12-11,110.68,110.86,108.79,109.35,3054220,0.0
2009-12-14,110.09,110.5182,109.59,110.3,1057800,0.0
2009-12-15,110.0,110.62,109.45,110.3,1311330,0.0
2009-12-16,110.91,111.97,110.69,111.65,1376290,0.0
2009-12-17,109.56,110.01,107.37,107.48,2911725,0.0
2009-12-18,108.04,109.56,107.55,109.07,1846180,0.0
2009-12-21,109.26,109.36,106.88,106.99,1880940,0.0
2009-12-22,106.84,107.15,105.38,106.22,2741190,0.0
2009-12-23,106.7,107.47,106.38,106.66,1426960,0.0
2009-12-24,107.91,108.4233,107.89,108.4,603440,0.0
2009-12-28,108.7,108.83,108.02,108.65,908245,0.0
2009-12-29,108.5,108.53,107.53,107.54,808955,0.0
2009-12-30,106.71,107.47,106.5,107.02,1385375,0.0
2009-12-31,108.04,108.14,107.32,107.37,802525,0.0
2010-01-04,109.89,110.19,109.41,109.89,1184710,0.0
2010-01-05,109.94,110.42,109.3534,109.769,935955,0.0
2010-01-06,110.78,111.84,110.55,111.63,1091685,0.0
2010-01-07,111.15,111.32,110.76,110.91,815595,0.0
2010-01-08,111.53,111.6299,110.39,111.45,736655,0.0
2010-01-11,113.38,113.63,112.64,112.99,950530,0.0
2010-01-12,112.47,113.1,110.23,110.56,1910685,0.0
2010-01-13,110.99,111.65,109.68,111.63,1584540,0.0
2010-01-14,111.62,112.41,110.96,112.13,930120,0.0
2010-01-15,111.44,111.44,110.5,110.97,1162470,0.0
2010-01-19,111.05,111.8099,110.95,111.67,971965,0.0
2010-01-20,110.04,110.13,108.58,109.01,1514660,0.0
2010-01-21,108.61,108.83,106.7,107.46,1705305,0.0
2010-01-22,107.07,107.75,106.1,107.22,1842970,0.0
2010-01-25,107.48,107.78,107.15,107.56,1237240,0.0
2010-01-26,106.91,108.048,106.84,107.63,922995,0.0
2010-01-27,107.62,107.85,106.23,106.61,1934735,0.0
2010-01-28,107.22,107.29,105.27,106.53,1351665,0.0
2010-01-29,105.91,106.34,105.34,106.02,2483620,0.0
2010-02-01,106.61,108.52,106.44,108.4,1488140,0.0
2010-02-02,109.23,109.71,108.69,109.18,781525,0.0
2010-02-03,109.2,109.58,108.51,108.72,844435,0.0
2010-02-04,106.88,106.88,103.82,104.45,3657425,0.0
2010-02-05,103.76,104.72,102.33,104.64,5967980,0.0
2010-02-08,104.45,105.18,104.06,104.1,3432070,0.0
2010-02-09,105.28,106.18,104.942,105.47,1800195,0.0
2010-02-10,105.17,105.55,104.18,105.15,1125580,0.0
2010-02-11,105.65,107.608,105.34,107.21,1196055,0.0
2010-02-12,106.15,107.15,105.64,107.11,726960,0.0
2010-02-16,109.53,109.9,109.22,109.68,1434660,0.0
2010-02-17,109.77,110.08,108.96,109.33,1214060,0.0
2010-02-18,109.71,110.17,109.2607,110.05,673165,0.0
2010-02-19,109.42,110.39,108.95,109.56,810260,0.0
2010-02-22,109.97,110.03,108.76,109.17,862355,0.0
2010-02-23,108.88,108.93,107.74,107.96,700545,0.0
2010-02-24,107.38,108.23,107.2299,107.42,973525,0.0
2010-02-25,106.76,108.75,106.76,108.34,861715,0.0
2010-02-26,108.95,109.67,108.57,109.46,503680,0.0
2010-03-01,109.57,109.9,109.06,109.48,662835,0.0
2010-03-02,109.96,111.51,109.9,111.1,645355,0.0
2010-03-03,111.58,112.24,111.29,111.68,574705,0.0
2010-03-04,111.28,111.4,110.32,110.95,614040,0.0
2010-03-05,111.23,111.77,110.9,110.9,356755,0.0
2010-03-08,111.3,111.37,109.6,109.96,683560,0.0
2010-03-09,109.24,110.18,109.16,109.79,503880,0.0
2010-03-10,109.97,110.48,108.13,108.5,618840,0.0
2010-03-11,108.36,108.71,107.9206,108.64,1036460,0.0
2010-03-12,108.63,108.82,107.59,108.05,638325,0.0
2010-03-15,108.23,108.54,107.93,108.46,377630,0.0
2010-03-16,110.04,110.62,109.8384,110.44,803515,0.0
2010-03-17,110.26,110.47,109.62,109.64,462680,0.0
2010-03-18,110.18,110.63,109.62,110.38,376945,0.0
2010-03-19,110.34,110.34,107.95,108.36,1146365,0.0
2010-03-22,107.34,108.05,107.01,107.81,495490,0.0
2010-03-23,107.6,108.55,107.42,108.38,541360,0.0
2010-03-24,106.99,107.12,106.3201,106.42,552290,0.0
2010-03-25,107.1,107.31,106.58,106.84,549505,0.0
2010-03-26,107.21,108.75,106.9,108.65,769800,0.0
2010-03-29,108.95,109.22,108.49,108.83,653330,0.0
2010-03-30,108.65,108.67,107.98,108.04,614090,0.0
2010-03-31,109.54,109.56,108.94,109.03,752255,0.0
2010-04-01,110.01,110.54,110.01,110.33,888830,0.0
2010-04-05,110.61,111.06,110.41,110.92,862445,0.0
2010-04-06,110.97,111.59,110.91,111.12,1551655,0.0
2010-04-07,111.97,112.99,111.86,112.53,774330,0.0
2010-04-08,112.55,113.05,112.42,112.72,511135,0.0
2010-04-09,113.15,114.07,112.8301,113.74,690215,0.0
2010-04-12,113.7,114.176,113.07,113.13,799745,0.0
2010-04-13,113.18,113.2,112.15,112.73,1340580,0.0
2010-04-14,113.3,113.73,112.86,113.1,493035,0.0
2010-04-15,113.0,113.79,112.98,113.71,1055675,0.0
2010-04-16,112.58,113.124,110.6,111.34,2007990,0.0
2010-04-19,110.88,111.39,110.78,111.21,473830,0.0
2010-04-20,111.81,112.27,111.444,111.54,583315,0.0
2010-04-21,111.92,112.7,111.64,112.41,795255,0.0
2010-04-22,111.85,112.08,110.88,111.92,1336815,0.0
2010-04-23,111.36,113.37,111.184,113.23,1233675,0.0
2010-04-26,112.95,113.25,112.72,112.84,1006840,0.0
2010-04-27,112.53,114.86,112.43,114.71,3601305,0.0
2010-04-28,114.13,115.05,113.73,114.36,2243215,0.0
2010-04-29,113.93,114.56,113.93,114.35,1462935,0.0
2010-04-30,115.32,115.78,115.31,115.42,1337900,0.0
2010-05-03,116.01,116.35,115.67,115.82,806355,0.0
2010-05-04,116.5,116.5,114.3,114.95,1987675,0.0
2010-05-05,113.67,115.32,113.4,115.17,1694005,0.0
2010-05-06,115.77,118.69,115.67,118.52,4182305,0.0
2010-05-07,117.73,118.94,116.87,118.35,3515040,0.0
2010-05-10,117.52,117.96,116.92,117.59,3140505,0.0
2010-05-11,119.54,120.93,119.08,120.7,1903300,0.0
2010-05-12,121.34,122.296,120.87,121.45,2095195,0.0
2010-05-13,121.39,121.78,120.24,120.66,1611405,0.0
2010-05-14,121.97,122.1,119.24,120.48,2332715,0.0
2010-05-17,120.64,121.19,119.4,119.44,2328515,0.0
2010-05-18,118.97,120.4,118.6,119.53,2028890,0.0
2010-05-19,118.25,118.5,116.2,116.76,2808070,0.0
2010-05-20,116.17,117.03,115.28,115.88,3789100,0.0
2010-05-21,115.09,116.231,114.59,115.3,1864195,0.0
2010-05-24,116.44,117.24,116.13,116.88,1261480,0.0
2010-05-25,117.25,117.63,116.91,117.4,1997945,0.0
2010-05-26,118.69,119.14,118.325,118.56,2319205,0.0
2010-05-27,118.25,119.0981,118.23,118.75,939945,0.0
2010-05-28,118.5,118.96,117.75,118.89,909540,0.0
2010-06-01,119.97,120.3,119.72,119.93,672580,0.0
2010-06-02,119.45,119.92,118.81,119.85,1468280,0.0
2010-06-03,119.22,119.4,117.61,118.01,1336445,0.0
2010-06-04,117.96,119.45,117.14,119.29,1155455,0.0
2010-06-07,118.83,121.88,118.71,121.525,1561365,0.0
2010-06-08,121.7,122.52,120.77,121.08,2046305,0.0
2010-06-09,120.59,121.07,119.61,120.63,1180195,0.0
2010-06-10,119.47,120.11,118.95,119.02,1496975,0.0
2010-06-11,119.98,120.48,119.46,120.12,852050,0.0
2010-06-14,119.71,120.3,119.07,119.7,1534175,0.0
2010-06-15,119.81,121.09,119.6,121.08,693900,0.0
2010-06-16,120.71,120.89,120.13,120.41,648190,0.0
2010-06-17,121.68,122.48,121.6401,121.96,1045800,0.0
2010-06-18,123.15,123.56,122.9,122.92,732350,0.0
2010-06-21,123.19,123.196,120.45,120.48,1155460,0.0
2010-06-22,121.27,121.65,120.959,121.52,1557980,0.0
2010-06-23,120.98,121.1,119.86,121.06,824065,0.0
2010-06-24,12.08,12.23,12.08,12.14,1773734,0.0
2010-06-25,12.29,12.33,12.25,12.29,1230327,0.0
2010-06-28,12.29,12.37,12.09,12.11,1389873,0.0
2010-06-29,12.12,12.19,12.01,12.14,1624274,0.0
2010-06-30,12.11,12.22,12.1,12.17,1486716,0.0
2010-07-01,12.1,12.11,11.71,11.71,4520944,0.0
2010-07-02,11.83,11.86,11.7508,11.85,2535082,0.0
2010-07-06,11.79,11.79,11.64,11.66,2461427,0.0
2010-07-07,11.66,11.79,11.66,11.78,2681725,0.0
2010-07-08,11.75,11.75,11.62,11.74,1864117,0.0
2010-07-09,11.83,11.89,11.81,11.84,3774086,0.0
2010-07-12,11.8,11.83,11.71,11.75,1455372,0.0
2010-07-13,11.9,11.92,11.84,11.84,1843677,0.0
2010-07-14,11.84,11.92,11.77,11.84,1292187,0.0
2010-07-15,11.87,11.88,11.785,11.83,806768,0.0
2010-07-16,11.69,11.69,11.61,11.678,1621880,0.0
2010-07-19,11.57,11.59,11.52,11.58,1024755,0.0
2010-07-20,11.58,11.69,11.56,11.68,741635,0.0
2010-07-21,11.68,11.708,11.582,11.59,1845250,0.0
2010-07-22,11.59,11.76,11.59,11.69,1370337,0.0
2010-07-23,11.72,11.752,11.59,11.61,1394832,0.0
2010-07-26,11.65,11.66,11.54,11.56,1520849,0.0
2010-07-27,11.5,11.51,11.33,11.37,3188673,0.0
2010-07-28,11.35,11.4,11.32,11.39,984139,0.0
2010-07-29,11.37,11.45,11.35,11.43,721494,0.0
2010-07-30,11.45,11.58,11.42,11.56,891162,0.0
2010-08-02,11.63,11.65,11.53,11.57,672395,0.0
2010-08-03,11.6,11.65,11.59,11.61,1204907,0.0
2010-08-04,11.76,11.77,11.67,11.68,1723325,0.0
2010-08-05,11.71,11.72,11.65,11.7,1002287,0.0
2010-08-06,11.81,11.85,11.762,11.8,1133886,0.0
2010-08-09,11.79,11.8,11.73,11.75,684184,0.0
2010-08-10,11.67,11.81,11.65,11.79,1090999,0.0
2010-08-11,11.79,11.81,11.66,11.75,4731721,0.0
2010-08-12,11.86,11.9,11.85,11.89,1042069,0.0
2010-08-13,11.9,11.9,11.85,11.89,1058305,0.0
2010-08-16,11.98,12.0,11.95,11.97,1431443,0.0
2010-08-17,11.99,12.01,11.97,11.98,1228046,0.0
2010-08-18,11.94,12.06,11.91,12.03,1233916,0.0
2010-08-19,12.08,12.11,12.02,12.04,1392743,0.0
2010-08-20,12.01,12.02,11.96,12.01,823060,0.0
2010-08-23,12.01,12.02,11.95,11.99,963933,0.0
2010-08-24,11.88,12.09,11.88,12.05,1317515,0.0
2010-08-25,12.12,12.15,12.08,12.14,1872503,0.0
2010-08-26,12.12,12.14,12.07,12.1,1975459,0.0
2010-08-27,12.14,12.16,12.0581,12.12,1080700,0.0
2010-08-30,12.1,12.12,12.07,12.1,778513,0.0
2010-08-31,12.19,12.23,12.16,12.22,2402964,0.0
2010-09-01,12.23,12.24,12.15,12.19,2831855,0.0
2010-09-02,12.25,12.26,12.2,12.24,1355386,0.0
2010-09-03,12.15,12.24,12.13,12.19,1302103,0.0
2010-09-07,12.3,12.32,12.27,12.29,1379274,0.0
2010-09-08,12.29,12.36,12.2701,12.29,1927293,0.0
2010-09-09,12.26,12.3,12.1501,12.17,1430317,0.0
2010-09-10,12.15,12.24,12.15,12.18,734616,0.0
2010-09-13,12.18,12.22,12.15,12.18,828638,0.0
2010-09-14,12.3,12.47,12.3,12.41,1801815,0.0
2010-09-15,12.41,12.44,12.35,12.4,806528,0.0
2010-09-16,12.47,12.5,12.4328,12.48,1298086,0.0
2010-09-17,12.52,12.52,12.44,12.47,943967,0.0
2010-09-20,12.53,12.56,12.49,12.51,896018,0.0
2010-09-21,12.5,12.63,12.44,12.62,1687585,0.0
2010-09-22,12.67,12.68,12.585,12.64,2794204,0.0
2010-09-23,12.63,12.68,12.6,12.64,1116618,0.0
2010-09-24,12.71,12.72,12.65,12.67,1491110,0.0
2010-09-27,12.71,12.71,12.6674,12.69,1607150,0.0
2010-09-28,12.66,12.82,12.62,12.81,1663405,0.0
2010-09-29,12.81,12.84,12.77,12.8,1628526,0.0
2010-09-30,12.83,12.84,12.67,12.8,1665602,0.0
2010-10-01,12.89,12.92,12.85,12.91,1222987,0.0
2010-10-04,12.87,12.88,12.84,12.87,1383569,0.0
2010-10-05,13.03,13.13,13.0,13.12,1971247,0.0
2010-10-06,13.16,13.2,13.15,13.2,2485367,0.0
2010-10-07,13.28,13.28,12.96,13.05,4687478,0.0
2010-10-08,13.1,13.2093,13.06,13.18,1832198,0.0
2010-10-11,13.15,13.25,13.12,13.24,1528745,0.0
2010-10-12,13.23,13.24,13.15,13.205,1768956,0.0
2010-10-13,13.29,13.4468,13.28,13.43,1803852,0.0
2010-10-14,13.43,13.5,13.41,13.5,1783422,0.0
2010-10-15,13.45,13.46,13.32,13.38,2133794,0.0
2010-10-18,13.37,13.45,13.33,13.44,1562407,0.0
2010-10-19,13.06,13.178,12.99,13.04,2960112,0.0
2010-10-20,13.04,13.18,13.04,13.14,1127705,0.0
2010-10-21,13.13,13.18,12.89,12.97,1623001,0.0
2010-10-22,12.96,12.99,12.91,12.98,1477904,0.0
2010-10-25,13.14,13.1525,13.03,13.11,2767825,0.0
2010-10-26,13.02,13.13,12.99,13.1,1580467,0.0
2010-10-27,13.0,13.018,12.89,12.96,2076665,0.0
2010-10-28,13.06,13.169,13.0,13.139,1431082,0.0
2010-10-29,13.16,13.3,13.12,13.28,1421843,0.0
2010-11-01,13.31,13.32,13.19,13.21,1103577,0.0
2010-11-02,13.26,13.28,13.2082,13.27,1479716,0.0
2010-11-03,13.25,13.27,12.96,13.17,3754856,0.0
2010-11-04,13.48,13.63,13.44,13.61,3075308,0.0
2010-11-05,13.53,13.68,13.51,13.65,4403961,0.0
2010-11-08,13.61,13.8,13.57,13.8,2308479,0.0
2010-11-09,13.9,13.93,13.5211,13.57,4771893,0.0
2010-11-10,13.73,13.75,13.53,13.74,1808756,0.0
2010-11-11,13.78,13.79,13.66,13.77,1758414,0.0
2010-11-12,13.605,13.65,13.3,13.38,2754968,0.0
2010-11-15,13.41,13.47,13.25,13.25,1392295,0.0
2010-11-16,13.24,13.26,13.0,13.12,5099555,0.0
2010-11-17,13.09,13.15,13.03,13.07,1338562,0.0
2010-11-18,13.2,13.3,13.175,13.23,1479088,0.0
2010-11-19,13.17,13.25,13.12,13.23,974988,0.0
2010-11-22,13.23,13.38,13.19,13.365,2677603,0.0
2010-11-23,13.375,13.52,13.36,13.46,1992115,0.0
2010-11-24,13.46,13.48,13.39,13.435,1339489,0.0
2010-11-26,13.25,13.31,13.21,13.29,589682,0.0
2010-11-29,13.34,13.4,13.25,13.36,1463848,0.0
2010-11-30,13.535,13.59,13.5,13.56,2537148,0.0
2010-12-01,13.59,13.63,13.51,13.57,1331897,0.0
2010-12-02,13.58,13.68,13.53,13.53,3515988,0.0
2010-12-03,13.68,13.83,13.6699,13.82,1608184,0.0
2010-12-06,13.84,13.97,13.79,13.939,2279722,0.0
2010-12-07,13.97,13.97,13.66,13.67,3144974,0.0
2010-12-08,13.6,13.65,13.4,13.5,2471993,0.0
2010-12-09,13.59,13.64,13.5,13.56,1563075,0.0
2010-12-10,13.5,13.57,13.41,13.56,1274537,0.0
2010-12-13,13.65,13.68,13.6,13.62,15010401,0.0
2010-12-14,13.65,13.74,13.6,13.6325,1500218,0.0
2010-12-15,13.55,13.61,13.49,13.5,1152248,0.0
2010-12-16,13.45,13.45,13.3,13.41,2870980,0.0
2010-12-17,13.415,13.48,13.34,13.44,1029757,0.0
2010-12-20,13.54,13.5699,13.45,13.53,1713840,0.0
2010-12-21,13.54,13.58,13.5,13.55,1136089,0.0
2010-12-22,13.58,13.59,13.52,13.5225,1194513,0.0
2010-12-23,13.45,13.51,13.4174,13.49,926673,0.0
2010-12-27,13.51,13.53,13.47,13.52,806417,0.0
2010-12-28,13.71,13.76,13.68,13.74,1408266,0.0
2010-12-29,13.76,13.82,13.74,13.79,1550210,0.0
2010-12-30,13.78,13.79,13.71,13.72,792046,0.0
2010-12-31,13.8,13.9,13.79,13.9,2252343,0.0
2011-01-03,13.88,13.92,13.81,13.82,2169741,0.0
2011-01-04,13.64,13.65,13.435,13.5,2514748,0.0
2011-01-05,13.37,13.49,13.33,13.46,2972251,0.0
2011-01-06,13.42,13.455,13.33,13.41,2132260,0.0
2011-01-07,13.35,13.479,13.33,13.385,1702987,0.0
2011-01-10,13.4,13.44,13.34,13.4375,947008,0.0
2011-01-11,13.5,13.54,13.41,13.5025,2223638,0.0
2011-01-12,13.5,13.58,13.45,13.5625,1329474,0.0
2011-01-13,13.58,13.59,13.38,13.425,2649771,0.0
2011-01-14,13.34,13.37,13.24,13.2975,2370129,0.0
2011-01-18,13.38,13.42,13.3369,13.36,1903255,0.0
2011-01-19,13.46,13.46,13.36,13.39,2087059,0.0
2011-01-20,13.2,13.23,13.12,13.1325,2980651,0.0
2011-01-21,13.1,13.16,13.07,13.13,3175856,0.0
2011-01-24,13.12,13.18,13.03,13.05,2642346,0.0
2011-01-25,12.99,13.05,12.92,13.03,3347908,0.0
2011-01-26,13.0,13.14,12.94,13.1375,2696085,0.0
2011-01-27,13.04,13.07,12.8,12.82,6269360,0.0
2011-01-28,12.82,13.16,12.81,13.04,15673100,0.0
2011-01-31,12.95,13.07,12.94,13.01,3323068,0.0
2011-02-01,13.06,13.1299,12.95,13.09,2963165,0.0
2011-02-02,13.06,13.08,12.96,13.07,1860825,0.0
2011-02-03,13.02,13.25,12.95,13.2325,2911340,0.0
2011-02-04,13.2,13.29,13.14,13.185,2691967,0.0
2011-02-07,13.18,13.219,13.14,13.1975,1773535,0.0
2011-02-08,13.33,13.37,13.3,13.34,2000441,0.0
2011-02-09,13.35,13.36,13.2711,13.34,2383105,0.0
2011-02-10,13.23,13.36,13.22,13.32,1640387,0.0
2011-02-11,13.32,13.37,13.23,13.255,2596103,0.0
2011-02-14,13.31,13.3599,13.29,13.32,823651,0.0
2011-02-15,13.405,13.44,13.3869,13.4125,2184683,0.0
2011-02-16,13.45,13.5,13.37,13.4325,2260329,0.0
2011-02-17,13.5,13.54,13.47,13.53,3544632,0.0
2011-02-18,13.54,13.61,13.5101,13.56,3740976,0.0
2011-02-22,13.72,13.75,13.64,13.655,2753599,0.0
2011-02-23,13.72,13.85,13.71,13.78,2823224,0.0
2011-02-24,13.83,13.84,13.6,13.68,4335624,0.0
2011-02-25,13.75,13.8,13.7,13.77,1699733,0.0
2011-02-28,13.79,13.84,13.73,13.79,1751547,0.0
2011-03-01,13.88,14.03,13.87,14.03,3658830,0.0
2011-03-02,14.05,14.08,13.97,14.02,3679052,0.0
2011-03-03,13.91,13.93,13.78,13.84,2742177,0.0
2011-03-04,13.88,14.0,13.88,13.96,2641233,0.0
2011-03-07,14.06,14.08,13.95,14.0,2460250,0.0
2011-03-08,13.99,14.0,13.91,13.96,3544373,0.0
2011-03-09,14.03,14.03,13.92,13.97,2361215,0.0
2011-03-10,13.88,13.88,13.71,13.8075,1591091,0.0
2011-03-11,13.75,13.92,13.74,13.85,1675519,0.0
2011-03-14,13.96,13.98,13.88,13.92,2239536,0.0
2011-03-15,13.56,13.72,13.55,13.66,2389760,0.0
2011-03-16,13.68,13.74,13.6,13.645,2089792,0.0
2011-03-17,13.69,13.73,13.65,13.72,2613727,0.0
2011-03-18,13.84,13.91,13.8016,13.86,1127198,0.0
2011-03-21,13.98,14.02,13.9299,13.95,1063960,0.0
2011-03-22,13.915,13.96,13.89,13.94,1008677,0.0
2011-03-23,13.98,14.08,13.98,14.06,2478507,0.0
2011-03-24,14.06,14.15,13.91,13.94,3237335,0.0
2011-03-25,14.03,14.05,13.89,13.95,2326033,0.0
2011-03-28,13.81,13.9094,13.8,13.87,1233785,0.0
2011-03-29,13.845,13.91,13.82,13.86,1496950,0.0
2011-03-30,13.93,13.94,13.79,13.89,1370123,0.0
2011-03-31,14.03,14.069,14.0,14.02,1949734,0.0
2011-04-01,13.9,13.98,13.809,13.95,1513585,0.0
2011-04-04,14.03,14.05,13.97,14.0,2293392,0.0
2011-04-05,13.98,14.24,13.98,14.23,1987979,0.0
2011-04-06,14.27,14.29,14.2,14.27,1930622,0.0
2011-04-07,14.26,14.315,14.2,14.27,1445461,0.0
2011-04-08,14.37,14.41,14.3234,14.39,2119913,0.0
2011-04-11,14.36,14.38,14.26,14.3,1563099,0.0
2011-04-12,14.31,14.31,14.1,14.2,2279554,0.0
2011-04-13,14.27,14.28,14.17,14.23,1696082,0.0
2011-04-14,14.26,14.41,14.25,14.41,2065652,0.0
2011-04-15,14.415,14.54,14.3801,14.53,4494866,0.0
2011-04-18,14.55,14.63,14.49,14.62,3910736,0.0
2011-04-19,14.6,14.65,14.54,14.6274,2660769,0.0
2011-04-20,14.67,14.71,14.6,14.67,2389592,0.0
2011-04-21,14.69,14.74,14.66,14.7,1970476,0.0
2011-04-25,14.79,14.79,14.67,14.72,4557756,0.0
2011-04-26,14.68,14.69,14.57,14.67,4316407,0.0
2011-04-27,14.77,14.95,14.68,14.95,4622222,0.0
2011-04-28,14.96,15.03,14.88,15.01,2383007,0.0
2011-04-29,15.01,15.33,15.0,15.27,3214155,0.0
2011-05-02,15.18,15.39,15.06,15.06,3473305,0.0
2011-05-03,15.07,15.13,14.91,15.01,3715302,0.0
2011-05-04,15.01,15.06,14.7,14.81,4622375,0.0
2011-05-05,14.7,14.7888,14.28,14.38,8085325,0.0
2011-05-06,14.55,14.639,14.46,14.57,4676397,0.0
2011-05-09,14.7,14.79,14.667,14.78,1901245,0.0
2011-05-10,14.75,14.85,14.72,14.82,1990101,0.0
2011-05-11,14.75,14.7685,14.6,14.69,2650773,0.0
2011-05-12,14.61,14.74,14.52,14.69,3129919,0.0
2011-05-13,14.7,14.76,14.48,14.59,3317399,0.0
2011-05-16,14.61,14.7,14.548,14.57,2049540,0.0
2011-05-17,14.45,14.51,14.37,14.5,2771679,0.0
2011-05-18,14.58,14.65,14.5411,14.59,1454341,0.0
2011-05-19,14.54,14.61,14.5104,14.6,2715767,0.0
2011-05-20,14.6,14.81,14.53,14.788,4346264,0.0
2011-05-23,14.74,14.83,14.73,14.82,2318102,0.0
2011-05-24,14.88,14.93,14.85,14.9,2732919,0.0
2011-05-25,14.91,14.9689,14.88,14.9,2454817,0.0
2011-05-26,14.88,14.89,14.79,14.86,2119368,0.0
2011-05-27,14.94,15.0277,14.93,15.01,1810077,0.0
2011-05-31,15.01,15.05,14.97,14.99,1589094,0.0
2011-06-01,15.0,15.145,14.97,15.02,2252100,0.0
2011-06-02,15.05,15.07,14.84,14.99,5298165,0.0
2011-06-03,15.06,15.1,14.99,15.05,1939583,0.0
2011-06-06,15.12,15.179,15.05,15.075,2626118,0.0
2011-06-07,15.1,15.12,15.0,15.07,3041948,0.0
2011-06-08,15.04,15.0689,14.97,15.01,1105565,0.0
2011-06-09,15.04,15.14,15.0,15.08,1254439,0.0
2011-06-10,14.94,15.01,14.9,14.96,1744317,0.0
2011-06-13,14.9,14.9399,14.75,14.8,1873504,0.0
2011-06-14,14.8,14.91,14.78,14.895,1356960,0.0
2011-06-15,14.85,14.99,14.8206,14.95,1895205,0.0
2011-06-16,14.91,14.97,14.85,14.92,2806148,0.0
2011-06-17,14.93,15.06,14.92,15.03,2073691,0.0
2011-06-20,15.04,15.11,14.99,15.04,1965718,0.0
2011-06-21,15.06,15.12,15.05,15.1,2327226,0.0
2011-06-22,15.14,15.22,15.09,15.14,3138205,0.0
2011-06-23,14.9,14.92,14.76,14.87,2442163,0.0
2011-06-24,14.82,14.84,14.63,14.66,2346565,0.0
2011-06-27,14.63,15.592,14.55,14.61,3232385,0.0
2011-06-28,14.64,14.71,14.6,14.66,1640496,0.0
2011-06-29,14.7,14.78,14.67,14.76,2116686,0.0
2011-06-30,14.75,14.78,14.63,14.64,2157438,0.0
2011-07-01,14.53,14.54,14.43,14.52,2156302,0.0
2011-07-05,14.72,14.815,14.71,14.8,1627291,0.0
2011-07-06,14.9,14.98,14.89,14.93,1882292,0.0
2011-07-07,14.94,14.97,14.87,14.96,2352903,0.0
2011-07-08,15.06,15.09,15.03,15.07,4391139,0.0
2011-07-11,15.17,15.2,15.05,15.19,3700562,0.0
2011-07-12,15.16,15.3689,15.11,15.32,3931330,0.0
2011-07-13,15.41,15.51,15.39,15.45,6208970,0.0
2011-07-14,15.52,15.56,15.43,15.5,5751120,0.0
2011-07-15,15.46,15.56,15.45,15.56,7894585,0.0
2011-07-18,15.61,15.7,15.6,15.689,5532310,0.0
2011-07-19,15.67,15.67,15.44,15.5,5017395,0.0
2011-07-20,15.45,15.64,15.44,15.63,4919426,0.0
2011-07-21,15.63,15.64,15.47,15.53,4330247,0.0
2011-07-22,15.64,15.69,15.6,15.65,3502572,0.0
2011-07-25,15.795,15.82,15.71,15.77,3358394,0.0
2011-07-26,15.73,15.82,15.7,15.82,2258005,0.0
2011-07-27,15.89,15.9,15.7,15.75,6348950,0.0
2011-07-28,15.79,15.8,15.64,15.77,2951032,0.0
2011-07-29,15.88,15.95,15.81,15.87,5199275,0.0
2011-08-01,15.79,15.93,15.7131,15.81,3366987,0.0
2011-08-02,15.96,16.2,15.93,16.19,7372230,0.0
2011-08-03,16.27,16.33,16.17,16.19,6050415,0.0
2011-08-04,16.395,16.42,16.0,16.11,9234660,0.0
2011-08-05,16.21,16.27,16.08,16.22,6796600,0.0
2011-08-08,16.59,16.8,16.518,16.74,8925010,0.0
2011-08-09,17.03,17.3593,16.78,16.9,15513205,0.0
2011-08-10,17.29,17.5589,17.2,17.5,13233060,0.0
2011-08-11,17.27,17.28,16.9,17.12,12074245,0.0
2011-08-12,17.0,17.05,16.81,17.04,7638655,0.0
2011-08-15,16.97,17.23,16.93,17.23,4507175,0.0
2011-08-16,17.3,17.45,17.29,17.44,6988750,0.0
2011-08-17,17.44,17.51,17.3605,17.49,5276320,0.0
2011-08-18,17.76,17.85,17.68,17.82,5572575,0.0
2011-08-19,18.19,18.21,17.9357,18.041,6042945,0.0
2011-08-22,18.24,18.5285,18.2,18.5,6932820,0.0
2011-08-23,18.26,18.42,17.79,17.81,10119441,0.0
2011-08-24,17.84,17.88,17.07,17.21,22514901,0.0
2011-08-25,16.74,17.32,16.62,17.28,14442290,0.0
2011-08-26,17.4,17.8,17.22,17.8,11453095,0.0
2011-08-29,17.64,17.64,17.33,17.44,5931185,0.0
2011-08-30,17.81,17.96,17.7061,17.96,6767500,0.0
2011-08-31,17.81,17.96,17.67,17.82,5824985,0.0
2011-09-01,17.79,17.87,17.695,17.83,3329702,0.0
2011-09-02,18.32,18.4,18.25,18.37,6328070,0.0
2011-09-06,18.51,18.63,18.18,18.34,9498200,0.0
2011-09-07,17.66,17.85,17.49,17.75,11746475,0.0
2011-09-08,18.19,18.26,18.02,18.23,7551445,0.0
2011-09-09,18.01,18.24,17.96,18.12,8215490,0.0
2011-09-12,17.91,17.94,17.58,17.71,6162815,0.0
2011-09-13,17.8,18.0,17.67,17.8987,2947086,0.0
2011-09-14,17.79,17.83,17.65,17.77,3245483,0.0
2011-09-15,17.49,17.5245,17.3,17.4785,4786392,0.0
2011-09-16,17.41,17.78,17.41,17.6301,5253505,0.0
2011-09-19,17.71,17.71,17.27,17.36,5010075,0.0
2011-09-20,17.36,17.68,17.33,17.62,4336768,0.0
2011-09-21,17.51,17.71,17.35,17.4,4368985,0.0
2011-09-22,16.96,17.07,16.78,16.97,8979450,0.0
2011-09-23,16.49,16.605,15.89,16.02,16620395,0.0
2011-09-26,15.74,15.92,15.45,15.79,13029325,0.0
2011-09-27,16.19,16.27,16.03,16.11,7698735,0.0
2011-09-28,16.12,16.17,15.59,15.65,4932399,0.0
2011-09-29,15.86,15.86,15.65,15.81,3687337,0.0
2011-09-30,15.78,15.93,15.6735,15.83,4586004,0.0
2011-10-03,16.14,16.2,16.03,16.13,4177309,0.0
2011-10-04,16.14,16.15,15.56,15.8085,6348065,0.0
2011-10-05,15.85,16.07,15.683,15.99,5276160,0.0
2011-10-06,16.04,16.15,15.92,16.09,4179209,0.0
2011-10-07,16.15,16.2,15.8607,15.97,3809748,0.0
2011-10-10,16.24,16.37,16.16,16.37,2646477,0.0
2011-10-11,16.27,16.29,16.16,16.25,2596228,0.0
2011-10-12,16.42,16.44,16.31,16.36,2556081,0.0
2011-10-13,16.27,16.29,16.13,16.28,2712506,0.0
2011-10-14,16.37,16.43,16.261,16.39,2072984,0.0
2011-10-17,16.44,16.46,16.24,16.3,1892964,0.0
2011-10-18,16.04,16.2489,15.87,16.24,2830518,0.0
2011-10-19,16.15,16.1899,16.0,16.02,2173215,0.0
2011-10-20,15.79,15.879,15.64,15.82,3773434,0.0
2011-10-21,16.03,16.08,15.93,15.99,2436907,0.0
2011-10-24,16.1,16.18,16.061,16.14,1730292,0.0
2011-10-25,16.17,16.68,16.08,16.61,4381451,0.0
2011-10-26,16.76,16.85,16.68,16.78,2996186,0.0
2011-10-27,16.81,17.07,16.71,16.99,3733113,0.0
2011-10-28,17.01,17.04,16.92,17.01,2202364,0.0
2011-10-31,16.82,16.86,16.73,16.77,2724785,0.0
2011-11-01,16.45,16.79,16.4,16.77,3962830,0.0
2011-11-02,16.91,17.02,16.77,16.95,3680120,0.0
2011-11-03,17.16,17.241,17.03,17.21,6868825,0.0
2011-11-04,17.15,17.1794,17.06,17.14,1616740,0.0
2011-11-07,17.32,17.55,17.32,17.54,2677944,0.0
2011-11-08,17.48,17.59,17.33,17.41,2602683,0.0
2011-11-09,17.48,17.53,17.21,17.26,2897804,0.0
2011-11-10,17.29,17.3,16.93,17.17,4819517,0.0
2011-11-11,17.26,17.45,17.25,17.44,1400499,0.0
2011-11-14,17.42,17.43,17.3,17.36,1477685,0.0
2011-11-15,17.38,17.42,17.2311,17.39,2136744,0.0
2011-11-16,17.21,17.34,17.11,17.19,2328904,0.0
2011-11-17,17.05,17.0689,16.68,16.75,4182293,0.0
2011-11-18,16.76,16.91,16.7,16.82,2395801,0.0
2011-11-21,16.7,16.71,16.25,16.407,4136006,0.0
2011-11-22,16.52,16.64,16.51,16.58,2373422,0.0
2011-11-23,16.5,16.58,16.36,16.54,2308491,0.0
2011-11-25,16.38,16.56,16.37,16.39,1148348,0.0
2011-11-28,16.73,16.76,16.6423,16.71,1942419,0.0
2011-11-29,16.68,16.78,16.655,16.73,2694532,0.0
2011-11-30,17.01,17.08,16.96,17.06,2415073,0.0
2011-12-01,17.03,17.1,16.91,17.02,1763531,0.0
2011-12-02,17.11,17.13,16.98,17.03,2001225,0.0
2011-12-05,16.96,17.047,16.75,16.78,2628325,0.0
2011-12-06,16.68,16.91,16.6,16.87,1917549,0.0
2011-12-07,16.92,17.0,16.82,16.98,2003015,0.0
2011-12-08,16.75,16.8095,16.6211,16.65,4304473,0.0
2011-12-09,16.69,16.78,16.66,16.68,2747134,0.0
2011-12-12,16.29,16.29,16.16,16.25,5713110,0.0
2011-12-13,16.24,16.37,15.82,15.9,6508600,0.0
2011-12-14,15.72,15.7723,15.24,15.32,8647185,0.0
2011-12-15,15.51,15.52,15.21,15.28,5505965,0.0
2011-12-16,15.47,15.58,15.437,15.57,2222772,0.0
2011-12-19,15.59,15.63,15.48,15.54,3011682,0.0
2011-12-20,15.72,15.79,15.7,15.75,1854025,0.0
2011-12-21,15.75,15.8,15.65,15.75,2207281,0.0
2011-12-22,15.67,15.72,15.57,15.64,1968186,0.0
2011-12-23,15.67,15.7,15.63,15.67,982491,0.0
2011-12-27,15.54,15.6,15.5,15.53,2180114,0.0
2011-12-28,15.44,15.47,15.11,15.15,3525928,0.0
2011-12-29,14.945,15.12,14.87,15.072,5117285,0.0
2011-12-30,15.26,15.4198,15.22,15.23,2742643,0.0
2012-01-03,15.51,15.6793,15.5,15.64,3710027,0.0
2012-01-04,15.59,15.78,15.59,15.72,3611805,0.0
2012-01-05,15.58,15.85,15.57,15.81,2756617,0.0
2012-01-06,15.91,15.91,15.69,15.76,3667815,0.0
2012-01-09,15.79,15.803,15.66,15.697,1806731,0.0
2012-01-10,15.95,15.99,15.8932,15.92,2248059,0.0
2012-01-11,15.99,16.05,15.94,16.01,2766138,0.0
2012-01-12,16.14,16.21,16.03,16.08,2746765,0.0
2012-01-13,15.97,16.01,15.85,15.97,1786055,0.0
2012-01-17,16.15,16.21,16.09,16.09,2182584,0.0
2012-01-18,16.04,16.21,16.02,16.2,1799561,0.0
2012-01-19,16.15,16.19,16.08,16.16,2422733,0.0
2012-01-20,16.11,16.25,16.08,16.24,1748724,0.0
2012-01-23,16.29,16.4,16.2801,16.37,1615921,0.0
2012-01-24,16.23,16.289,16.2,16.24,1608158,0.0
2012-01-25,16.16,16.71,16.0702,16.7,9972580,0.0
2012-01-26,16.85,16.88,16.75,16.77,4905732,0.0
2012-01-27,16.8,16.96,16.79,16.951,3815572,0.0
2012-01-30,16.87,16.9033,16.83,16.86,2832274,0.0
2012-01-31,17.03,17.04,16.82,16.98,4555680,0.0
2012-02-01,17.03,17.07,16.96,17.01,2879172,0.0
2012-02-02,17.05,17.18,17.02,17.15,3855358,0.0
2012-02-03,17.04,17.07,16.8,16.818,4771050,0.0
2012-02-06,16.75,16.82,16.71,16.77,1859679,0.0
2012-02-07,16.79,17.06,16.77,17.02,2635597,0.0
2012-02-08,16.98,17.05,16.8,16.9,2701615,0.0
2012-02-09,17.05,17.09,16.82,16.85,6045230,0.0
2012-02-10,16.7,16.81,16.68,16.77,2729672,0.0
2012-02-13,16.79,16.8482,16.73,16.81,1479863,0.0
2012-02-14,16.82,16.84,16.69,16.76,2246502,0.0
2012-02-15,16.92,16.93,16.77,16.87,2117206,0.0
2012-02-16,16.69,16.87,16.66,16.85,2193681,0.0
2012-02-17,16.88,16.88,16.7435,16.8,2243164,0.0
2012-02-21,17.01,17.16,17.01,17.16,3050034,0.0
2012-02-22,17.1,17.37,17.07,17.34,3323176,0.0
2012-02-23,17.33,17.43,17.28,17.35,3636357,0.0
2012-02-24,17.31,17.36,17.255,17.28,2678503,0.0
2012-02-27,17.265,17.35,17.21,17.23,1812180,0.0
2012-02-28,17.335,17.46,17.3162,17.41,2400792,0.0
2012-02-29,17.37,17.41,16.45,16.48,10649590,0.0
2012-03-01,16.67,16.825,16.63,16.72,4180340,0.0
2012-03-02,16.675,16.73,16.61,16.68,2012498,0.0
2012-03-05,16.63,16.64,16.5,16.63,3423889,0.0
2012-03-06,16.27,16.33,16.23,16.31,5496360,0.0
2012-03-07,16.325,16.46,16.3,16.42,2718158,0.0
2012-03-08,16.525,16.61,16.462,16.57,2393324,0.0
2012-03-09,16.42,16.71,16.3707,16.68,4313901,0.0
2012-03-12,16.58,16.61,16.49,16.55,1574576,0.0
2012-03-13,16.445,16.59,16.2,16.27,5092400,0.0
2012-03-14,16.01,16.11,15.93,16.0,7065575,0.0
2012-03-15,16.02,16.24,15.975,16.17,4851564,0.0
2012-03-16,16.05,16.2,16.04,16.19,3858693,0.0
2012-03-19,16.13,16.28,16.12,16.21,3094746,0.0
2012-03-20,16.07,16.155,16.02,16.06,2445663,0.0
2012-03-21,16.11,16.1914,16.06,16.0701,2786438,0.0
2012-03-22,15.87,16.02,15.86,16.01,3052019,0.0
2012-03-23,16.14,16.24,16.101,16.2,2453238,0.0
2012-03-26,16.37,16.51,16.345,16.49,2870603,0.0
2012-03-27,16.5,16.54,16.36,16.38,2459255,0.0
2012-03-28,16.32,16.35,16.125,16.2,3474448,0.0
2012-03-29,16.17,16.2,16.03,16.19,2177971,0.0
2012-03-30,16.23,16.28,16.18,16.27,2201669,0.0
2012-04-02,16.24,16.41,16.23,16.34,2551736,0.0
2012-04-03,16.36,16.37,15.97,16.05,3549336,0.0
2012-04-04,15.81,15.85,15.71,15.77,3781249,0.0
2012-04-05,15.84,15.918,15.83,15.88,1698661,0.0
2012-04-09,16.03,16.05,15.94,15.99,1699665,0.0
2012-04-10,16.02,16.21,15.9,16.167,3034834,0.0
2012-04-11,16.17,16.21,16.13,16.15,1672314,0.0
2012-04-12,16.12,16.37,16.12,16.32,1847476,0.0
2012-04-13,16.3,16.3,16.07,16.14,2897618,0.0
2012-04-16,16.1,16.17,16.01,16.1,1881225,0.0
2012-04-17,16.1,16.15,15.93,16.07,1535443,0.0
2012-04-18,16.0,16.06,15.96,15.97,1404675,0.0
2012-04-19,16.04,16.11,15.95,16.0,1531213,0.0
2012-04-20,15.98,16.04,15.972,16.01,1624255,0.0
2012-04-23,15.875,15.97,15.84,15.97,3380177,0.0
2012-04-24,16.01,16.07,15.98,15.98,1985480,0.0
2012-04-25,15.99,16.05,15.82,16.01,3433627,0.0
2012-04-26,16.1,16.19,16.06,16.15,1855152,0.0
2012-04-27,16.23,16.243,16.17,16.2,1435911,0.0
2012-04-30,16.1,16.24,16.0818,16.23,2081290,0.0
2012-05-01,16.27,16.27,16.14,16.19,2109732,0.0
2012-05-02,16.13,16.13,16.03,16.12,2719010,0.0
2012-05-03,15.97,15.9993,15.89,15.96,1754483,0.0
2012-05-04,15.93,16.05,15.91,16.0,2163678,0.0
2012-05-07,15.99,15.99,15.9,15.96,934610,0.0
2012-05-08,15.72,15.725,15.54,15.65,2758125,0.0
2012-05-09,15.46,15.55,15.41,15.49,6823425,0.0
2012-05-10,15.58,15.61,15.51,15.52,1433870,0.0
2012-05-11,15.4,15.5,15.37,15.406,2477994,0.0
2012-05-14,15.21,15.25,15.15,15.18,4874444,0.0
2012-05-15,15.15,15.195,15.01,15.02,3945894,0.0
2012-05-16,15.0,15.13,14.91,14.99,4774095,0.0
2012-05-17,15.135,15.39,15.09,15.33,3621646,0.0
2012-05-18,15.5,15.57,15.45,15.5099,4542706,0.0
2012-05-21,15.465,15.55,15.44,15.53,2740697,0.0
2012-05-22,15.41,15.49,15.2108,15.26,3071265,0.0
2012-05-23,15.2,15.2385,14.9399,15.22,4286945,0.0
2012-05-24,15.32,15.35,15.11,15.19,2704045,0.0
2012-05-25,15.25,15.3385,15.2108,15.32,1164671,0.0
2012-05-29,15.4,15.4194,15.08,15.15,4346931,0.0
2012-05-30,15.02,15.29,14.91,15.25,2887414,0.0
2012-05-31,15.25,15.32,15.12,15.21,1628746,0.0
2012-06-01,15.59,15.88,15.54,15.81,7838695,0.0
2012-06-04,15.775,15.8,15.67,15.78,2721882,0.0
2012-06-05,15.75,15.78,15.69,15.77,2868544,0.0
2012-06-06,15.95,15.98,15.71,15.78,4474841,0.0
2012-06-07,15.84,15.84,15.38,15.5,5306270,0.0
2012-06-08,15.36,15.54,15.35,15.54,3292593,0.0
2012-06-11,15.55,15.6,15.41,15.58,1578442,0.0
2012-06-12,15.61,15.76,15.6,15.7,2377935,0.0
2012-06-13,15.82,15.82,15.7,15.77,1701253,0.0
2012-06-14,15.83,15.85,15.68,15.83,1986036,0.0
2012-06-15,15.83,15.91,15.8,15.84,4643934,0.0
2012-06-18,15.81,15.88,15.71,15.85,1912598,0.0
2012-06-19,15.86,15.87,15.75,15.78,1262189,0.0
2012-06-20,15.66,15.79,15.49,15.65,3561259,0.0
2012-06-21,15.43,15.48,15.24,15.25,3646134,0.0
2012-06-22,15.25,15.33,15.17,15.32,1472805,0.0
2012-06-25,15.315,15.48,15.28,15.42,2943455,0.0
2012-06-26,15.36,15.388,15.27,15.32,1262855,0.0
2012-06-27,15.38,15.4,15.28,15.34,1057127,0.0
2012-06-28,15.25,15.27,15.07,15.16,2003037,0.0
2012-06-29,15.57,15.645,15.5,15.56,1801770,0.0
2012-07-02,15.53,15.61,15.49,15.56,1515178,0.0
2012-07-03,15.75,15.83,15.735,15.8,1030144,0.0
2012-07-05,15.6,15.7,15.57,15.63,1853468,0.0
2012-07-06,15.48,15.5099,15.35,15.42,2459909,0.0
2012-07-09,15.42,15.52,15.4,15.47,1029520,0.0
2012-07-10,15.56,15.5799,15.23,15.27,1796234,0.0
2012-07-11,15.31,15.4,15.26,15.35,1206000,0.0
2012-07-12,15.19,15.359,15.14,15.3,1471793,0.0
2012-07-13,15.41,15.55,15.4,15.47,1705884,0.0
2012-07-16,15.5,15.53,15.4574,15.47,801563,0.0
2012-07-17,15.45,15.5099,15.3,15.4,2087552,0.0
2012-07-18,15.32,15.42,15.29,15.37,1515297,0.0
2012-07-19,15.435,15.488,15.359,15.39,1701317,0.0
2012-07-20,15.35,15.46,15.33,15.42,930514,0.0
2012-07-23,15.31,15.39,15.28,15.37,1206387,0.0
2012-07-24,15.41,15.43,15.27,15.41,1351939,0.0
2012-07-25,15.6,15.688,15.56,15.62,1814919,0.0
2012-07-26,15.73,15.79,15.662,15.73,2820319,0.0
2012-07-27,15.83,15.851,15.7299,15.82,2663136,0.0
2012-07-30,15.75,15.83,15.72,15.8,1847396,0.0
2012-07-31,15.83,15.83,15.68,15.72,3468533,0.0
2012-08-01,15.58,15.64,15.5,15.58,3334168,0.0
2012-08-02,15.52,15.58,15.42,15.47,2874883,0.0
2012-08-03,15.52,15.65,15.5,15.61,1917523,0.0
2012-08-06,15.65,15.73,15.63,15.68,1688803,0.0
2012-08-07,15.7,15.725,15.66,15.69,2450965,0.0
2012-08-08,15.71,15.745,15.68,15.7,1656162,0.0
2012-08-09,15.7,15.76,15.69,15.76,1346359,0.0
2012-08-10,15.74,15.85,15.72,15.78,1731376,0.0
2012-08-13,15.77,15.805,15.65,15.66,1578364,0.0
2012-08-14,15.57,15.62,15.54,15.58,1577580,0.0
2012-08-15,15.6,15.64,15.585,15.62,1772625,0.0
2012-08-16,15.65,15.765,15.61,15.71,2947052,0.0
2012-08-17,15.77,15.77,15.689,15.74,2150573,0.0
2012-08-20,15.71,15.8,15.7,15.79,1692311,0.0
2012-08-21,15.95,15.98,15.93,15.94,3232420,0.0
2012-08-22,15.99,16.13,15.91,16.11,4572365,0.0
2012-08-23,16.21,16.31,16.18,16.25,6910555,0.0
2012-08-24,16.25,16.3,16.19,16.26,2587786,0.0
2012-08-27,16.24,16.29,16.19,16.19,2593802,0.0
2012-08-28,16.23,16.28,16.19,16.23,2476733,0.0
2012-08-29,16.23,16.23,16.08,16.13,2609656,0.0
2012-08-30,16.18,16.19,16.07,16.12,1988268,0.0
2012-08-31,16.18,16.49,16.02,16.48,5448175,0.0
2012-09-04,16.49,16.55,16.43,16.51,5274540,0.0
2012-09-05,16.48,16.501,16.45,16.5,3392923,0.0
2012-09-06,16.59,16.65,16.5408,16.56,3720652,0.0
2012-09-07,16.85,16.97,16.8,16.91,6009350,0.0
2012-09-10,16.85,16.88,16.79,16.8,2146639,0.0
2012-09-11,16.9,16.92,16.85,16.86,2819498,0.0
2012-09-12,16.96,16.97,16.79,16.87,3636853,0.0
2012-09-13,16.86,17.26,16.7,17.21,5028810,0.0
2012-09-14,17.26,17.29,17.2,17.25,4661886,0.0
2012-09-17,17.25,17.27,17.07,17.11,2606005,0.0
2012-09-18,17.15,17.27,17.14,17.25,17583703,0.0
2012-09-19,17.26,17.279,17.19,17.23,6487580,0.0
2012-09-20,17.18,17.24,17.09,17.22,3080710,0.0
2012-09-21,17.37,17.39,17.2285,17.27,5948970,0.0
2012-09-24,17.13,17.2,17.13,17.17,4811408,0.0
2012-09-25,17.25,17.28,17.11,17.14,2586530,0.0
2012-09-26,17.01,17.07,16.9,17.04,5072595,0.0
2012-09-27,17.18,17.33,17.146,17.3,2623869,0.0
2012-09-28,17.28,17.32,17.2,17.27,2766456,0.0
2012-10-01,17.36,17.43,17.25,17.29,5558320,0.0
2012-10-02,17.31,17.35,17.23,17.29,3007530,0.0
2012-10-03,17.31,17.33,17.2635,17.31,4275089,0.0
2012-10-04,17.4,17.48,17.368,17.44,3887552,0.0
2012-10-05,17.36,17.4083,17.27,17.34,2293351,0.0
2012-10-08,17.25,17.3,17.233,17.28,1470084,0.0
2012-10-09,17.25,17.29,17.13,17.17,3643393,0.0
2012-10-10,17.12,17.208,17.1,17.15,2762803,0.0
2012-10-11,17.195,17.27,17.18,17.21,2498322,0.0
2012-10-12,17.18,17.21,17.05,17.08,4360144,0.0
2012-10-15,16.98,16.99,16.82,16.91,5546130,0.0
2012-10-16,16.96,17.02,16.939,17.02,4376540,0.0
2012-10-17,16.99,17.07,16.96,17.02,2224432,0.0
2012-10-18,16.96,17.0,16.935,16.945,2305701,0.0
2012-10-19,16.92,16.92,16.69,16.77,3401932,0.0
2012-10-22,16.78,16.84,16.77,16.82,2412503,0.0
2012-10-23,16.68,16.68,16.58,16.619,2671709,0.0
2012-10-24,16.64,16.65,16.53,16.55,3377285,0.0
2012-10-25,16.71,16.725,16.64,16.67,2367804,0.0
2012-10-26,16.69,16.73,16.65,16.67,1932470,0.0
2012-10-31,16.72,16.8,16.71,16.76,3461351,0.0
2012-11-01,16.77,16.78,16.67,16.68,2617871,0.0
2012-11-02,16.52,16.52,16.29,16.33,4761072,0.0
2012-11-05,16.37,16.41,16.35,16.39,1989801,0.0
2012-11-06,16.46,16.75,16.43,16.7,4316775,0.0
2012-11-07,16.76,16.79,16.57,16.71,4979018,0.0
2012-11-08,16.69,16.89,16.68,16.8691,7273850,0.0
2012-11-09,16.9,16.93,16.83,16.84,4401577,0.0
2012-11-12,16.89,16.9,16.79,16.82,2380723,0.0
2012-11-13,16.75,16.861,16.73,16.79,2706810,0.0
2012-11-14,16.82,16.87,16.75,16.79,3054052,0.0
2012-11-15,16.77,16.78,16.59,16.67,3209885,0.0
2012-11-16,16.64,16.71,16.61,16.65,1980476,0.0
2012-11-19,16.84,16.885,16.81,16.85,1951186,0.0
2012-11-20,16.84,16.88,16.75,16.82,1853200,0.0
2012-11-21,16.79,16.85,16.76,16.83,1366063,0.0
2012-11-23,16.87,17.075,16.85,17.03,1367189,0.0
2012-11-26,17.03,17.04,16.99,17.01,2186140,0.0
2012-11-27,16.99,17.01,16.93,16.95,1732905,0.0
2012-11-28,16.62,16.76,16.61,16.73,3303866,0.0
2012-11-29,16.79,16.825,16.7501,16.79,1794895,0.0
2012-11-30,16.77,16.8,16.629,16.68,2950431,0.0
2012-12-03,16.685,16.76,16.67,16.69,2526430,0.0
2012-12-04,16.48,16.56,16.45,16.52,3826714,0.0
2012-12-05,16.5,16.52,16.39,16.49,2340533,0.0
2012-12-06,16.44,16.57,16.42,16.52,1858063,0.0
2012-12-07,16.565,16.595,16.53,16.59,3232303,0.0
2012-12-10,16.69,16.695,16.64,16.65,2313339,0.0
2012-12-11,16.62,16.64,16.58,16.64,1893815,0.0
2012-12-12,16.7,16.769,16.6,16.65,3325223,0.0
2012-12-13,16.46,16.56,16.45,16.5,3094379,0.0
2012-12-14,16.49,16.52,16.475,16.4815,1683000,0.0
2012-12-17,16.48,16.53,16.48,16.52,2387829,0.0
2012-12-18,16.51,16.515,16.15,16.28,4396610,0.0
2012-12-19,16.19,16.29,16.18,16.23,4239829,0.0
2012-12-20,16.06,16.08,15.91,16.05,6399000,0.0
2012-12-21,16.06,16.15,16.04,16.09,2564109,0.0
2012-12-24,16.16,16.17,16.12,16.13,1315279,0.0
2012-12-26,16.21,16.22,16.13,16.1494,1640336,0.0
2012-12-27,16.09,16.2,16.08,16.2,3189393,0.0
2012-12-28,16.16,16.17,16.09,16.13,2509944,0.0
2012-12-31,16.16,16.35,16.15,16.2792,3015625,0.0
2013-01-02,16.43,16.49,16.38,16.395,2505362,0.0
2013-01-03,16.33,16.37,16.15,16.19,3029940,0.0
2013-01-04,16.03,16.14,15.96,16.1116,6117770,0.0
2013-01-07,16.01,16.07,15.98,16.02,2389826,0.0
2013-01-08,16.11,16.17,16.07,16.12,3446274,0.0
2013-01-09,16.15,16.1599,16.06,16.13,2505016,0.0
2013-01-10,16.23,16.33,16.23,16.27,2519278,0.0
2013-01-11,16.25,16.27,16.081,16.17,2628993,0.0
2013-01-14,16.26,16.27,16.18,16.22,2078457,0.0
2013-01-15,16.35,16.39,16.3,16.32,3459602,0.0
2013-01-16,16.32,16.379,16.2801,16.34,3092624,0.0
2013-01-17,16.27,16.51,16.25,16.41,3559978,0.0
2013-01-18,16.48,16.48,16.37,16.39,2016135,0.0
2013-01-22,16.43,16.5,16.41,16.45,2067628,0.0
2013-01-23,16.47,16.47,16.37,16.39,2882548,0.0
2013-01-24,16.28,16.3,16.19,16.22,2948405,0.0
2013-01-25,16.13,16.18,16.1,16.14,3290354,0.0
2013-01-28,16.095,16.145,16.07,16.09,3936878,0.0
2013-01-29,16.17,16.2,16.14,16.17,4243637,0.0
2013-01-30,16.34,16.37,16.28,16.29,5121345,0.0
2013-01-31,16.24,16.26,16.12,16.2,3575187,0.0
2013-02-01,16.34,16.35,16.169,16.22,4108649,0.0
2013-02-04,16.19,16.32,16.1899,16.27,2455262,0.0
2013-02-05,16.35,16.36,16.21,16.28,2840253,0.0
2013-02-06,16.29,16.34,16.27,16.32,2324977,0.0
2013-02-07,16.2,16.37,16.1856,16.26,4715315,0.0
2013-02-08,16.21,16.28,16.19,16.22,2389908,0.0
2013-02-11,16.05,16.07,15.99,16.05,4162247,0.0
2013-02-12,16.01,16.08,15.96,16.06,3312479,0.0
2013-02-13,16.04,16.04,15.95,15.98,3279777,0.0
2013-02-14,16.01,16.0399,15.87,15.9,4891277,0.0
2013-02-15,15.72,15.73,15.53,15.65,8695310,0.0
2013-02-19,15.645,15.66,15.56,15.6,6423405,0.0
2013-02-20,15.46,15.47,15.15,15.21,14230401,0.0
2013-02-21,15.26,15.409,15.26,15.33,7974990,0.0
2013-02-22,15.3,15.37,15.26,15.36,2731716,0.0
2013-02-25,15.42,15.53,15.4,15.5,3117961,0.0
2013-02-26,15.51,15.75,15.4,15.7,4103888,0.0
2013-02-27,15.62,15.64,15.48,15.53,3007965,0.0
2013-02-28,15.47,15.49,15.31,15.37,5062205,0.0
2013-03-01,15.38,15.4355,15.28,15.32,2836162,0.0
2013-03-04,15.32,15.35,15.26,15.31,2770039,0.0
2013-03-05,15.39,15.41,15.28,15.32,3806314,0.0
2013-03-06,15.29,15.4099,15.23,15.4,4122326,0.0
2013-03-07,15.37,15.399,15.31,15.34,3240608,0.0
2013-03-08,15.23,15.39,15.21,15.34,4028877,0.0
2013-03-11,15.36,15.38,15.33,15.37,7396520,0.0
2013-03-12,15.48,15.54,15.461,15.48,3144223,0.0
2013-03-13,15.5,15.54,15.41,15.44,3848198,0.0
2013-03-14,15.38,15.49,15.37,15.45,8416100,0.0
2013-03-15,15.48,15.545,15.47,15.475,2471508,0.0
2013-03-18,15.64,15.67,15.565,15.6,15516955,0.0
2013-03-19,15.59,15.71,15.58,15.68,6601325,0.0
2013-03-20,15.63,15.6599,15.56,15.62,2138736,0.0
2013-03-21,15.69,15.7199,15.66,15.69,1669454,0.0
2013-03-22,15.61,15.67,15.61,15.62,1967280,0.0
2013-03-25,15.54,15.6355,15.51,15.6,1976712,0.0
2013-03-26,15.52,15.57,15.5,15.55,2602464,0.0
2013-03-27,15.53,15.63,15.52,15.6,3082129,0.0
2013-03-28,15.53,15.56,15.49,15.52,4105215,0.0
2013-04-01,15.53,15.57,15.505,15.55,2476723,0.0
2013-04-02,15.38,15.408,15.3,15.32,4306846,0.0
2013-04-03,15.27,15.33,15.065,15.15,4688041,0.0
2013-04-04,15.04,15.13,15.01,15.1,4787470,0.0
2013-04-05,15.22,15.37,15.18,15.35,2995656,0.0
2013-04-08,15.31,15.33,15.235,15.28,2404655,0.0
2013-04-09,15.31,15.46,15.3,15.4,3237518,0.0
2013-04-10,15.34,15.35,15.13,15.14,2790003,0.0
2013-04-11,15.14,15.245,15.13,15.18,2508273,0.0
2013-04-12,14.932,14.96,14.41,14.47,15450435,0.0
2013-04-15,13.67,13.738,13.1,13.19,34991758,0.0
2013-04-16,13.555,13.57,13.233,13.35,10242325,0.0
2013-04-17,13.44,13.56,13.29,13.34,6927110,0.0
2013-04-18,13.47,13.59,13.421,13.49,3761683,0.0
2013-04-19,13.66,13.67,13.521,13.61,3921933,0.0
2013-04-22,13.88,13.89,13.79,13.85,2815375,0.0
2013-04-23,13.79,13.79,13.66,13.76,2457477,0.0
2013-04-24,13.87,13.92,13.81,13.91,2769699,0.0
2013-04-25,14.08,14.28,14.05,14.23,2680919,0.0
2013-04-26,14.3,14.42,14.07,14.1616,4040614,0.0
2013-04-29,14.28,14.3369,14.22,14.29,2312250,0.0
2013-04-30,14.3,14.35,14.225,14.35,2674975,0.0
2013-05-01,14.13,14.225,14.0,14.18,3274633,0.0
2013-05-02,14.26,14.3199,14.24,14.2599,2565599,0.0
2013-05-03,14.23,14.34,14.21,14.28,3600655,0.0
2013-05-06,14.3,14.3187,14.235,14.28,2090933,0.0
2013-05-07,14.11,14.13,14.0,14.1,2795196,0.0
2013-05-08,14.24,14.34,14.22,14.31,2813132,0.0
2013-05-09,14.21,14.3099,14.12,14.15,1785091,0.0
2013-05-10,13.89,14.046,13.8,14.04,3582519,0.0
2013-05-13,13.91,13.97,13.88,13.91,3310552,0.0
2013-05-14,13.86,13.98,13.83,13.85,2496689,0.0
2013-05-15,13.72,13.76,13.49,13.539,7699440,0.0
2013-05-16,13.39,13.51,13.36,13.48,4375683,0.0
2013-05-17,13.38,13.41,13.16,13.17,5665210,0.0
2013-05-20,13.15,13.5999,13.15,13.57,3881650,0.0
2013-05-21,13.285,13.43,13.21,13.35,3516167,0.0
2013-05-22,13.48,13.74,13.16,13.26,5005460,0.0
2013-05-23,13.51,13.55,13.38,13.53,3441330,0.0
2013-05-24,13.47,13.5199,13.43,13.45,3101725,0.0
2013-05-28,13.43,13.62,13.34,13.42,2030557,0.0
2013-05-29,13.47,13.558,13.4301,13.54,1712295,0.0
2013-05-30,13.735,13.78,13.6948,13.73,3033277,0.0
2013-05-31,13.64,13.67,13.45,13.46,3265687,0.0
2013-06-03,13.54,13.77,13.51,13.71,3180123,0.0
2013-06-04,13.59,13.61,13.49,13.58,1113721,0.0
2013-06-05,13.61,13.7,13.568,13.62,1586253,0.0
2013-06-06,13.6,13.83,13.56,13.73,3706267,0.0
2013-06-07,13.48,13.53,13.38,13.4,2476291,0.0
2013-06-10,13.4,13.495,13.365,13.47,1545996,0.0
2013-06-11,13.3,13.4148,13.29,13.4,1581817,0.0
2013-06-12,13.36,13.55,13.35,13.49,2298218,0.0
2013-06-13,13.4,13.483,13.35,13.45,1880411,0.0
2013-06-14,13.46,13.53,13.4545,13.51,1755670,0.0
2013-06-17,13.45,13.4749,13.42,13.45,2083386,0.0
2013-06-18,13.34,13.3659,13.22,13.29,1780953,0.0
2013-06-19,13.32,13.369,13.1,13.13,3979960,0.0
2013-06-20,12.58,12.7,12.392,12.425,9366305,0.0
2013-06-21,12.57,12.62,12.51,12.575,5625665,0.0
2013-06-24,12.48,12.53,12.39,12.45,4695428,0.0
2013-06-25,12.42,12.45,12.35,12.41,2859930,0.0
2013-06-26,12.04,12.05,11.8699,11.89,5958210,0.0
2013-06-27,11.9749,11.9975,11.625,11.65,5278500,0.0
2013-06-28,11.57,11.99,11.521,11.99,12063981,0.0
2013-07-01,12.05,12.25,12.0,12.17,3933840,0.0
2013-07-02,12.19,12.2099,12.04,12.06,3042992,0.0
2013-07-03,12.12,12.23,12.11,12.14,2689776,0.0
2013-07-05,11.87,11.88,11.731,11.87,1517155,0.0
2013-07-08,11.96,12.03,11.95,12.02,2222097,0.0
2013-07-09,12.14,12.2101,12.07,12.12,2128358,0.0
2013-07-10,12.17,12.292,12.12,12.16,2516603,0.0
2013-07-11,12.49,12.5,12.41,12.49,1888644,0.0
2013-07-12,12.42,12.49,12.3901,12.47,3197562,0.0
2013-07-15,12.46,12.5,12.445,12.47,1297328,0.0
2013-07-16,12.53,12.585,12.5,12.55,1514476,0.0
2013-07-17,12.57,12.64,12.34,12.39,2229515,0.0
2013-07-18,12.47,12.52,12.44,12.46,2113256,0.0
2013-07-19,12.55,12.605,12.54,12.57,1273822,0.0
2013-07-22,12.82,13.015,12.82,12.96,2938458,0.0
2013-07-23,12.94,13.09,12.9,13.05,2386711,0.0
2013-07-24,12.99,13.01,12.75,12.82,1572572,0.0
2013-07-25,12.83,12.955,12.83,12.94,1073212,0.0
2013-07-26,12.88,12.96,12.75,12.95,958564,0.0
2013-07-29,12.92,12.95,12.8905,12.92,825004,0.0
2013-07-30,12.86,12.9,12.79,12.89,1628041,0.0
2013-07-31,12.84,12.9565,12.68,12.86,2806634,0.0
2013-08-01,12.84,12.86,12.69,12.73,2142274,0.0
2013-08-02,12.74,12.7899,12.7,12.7,1343958,0.0
2013-08-05,12.71,12.73,12.6,12.64,1329208,0.0
2013-08-06,12.5,12.52,12.42,12.46,2134316,0.0
2013-08-07,12.46,12.525,12.45,12.47,1756769,0.0
2013-08-08,12.54,12.76,12.54,12.75,1442641,0.0
2013-08-09,12.71,12.79,12.6974,12.75,1213670,0.0
2013-08-12,13.025,13.04,12.95,12.99,1572609,0.0
2013-08-13,12.92,12.93,12.808,12.84,1134265,0.0
2013-08-14,12.83,12.98,12.83,12.97,2317278,0.0
2013-08-15,12.88,13.31,12.864,13.24,5521430,0.0
2013-08-16,13.33,13.4,13.212,13.33,2890669,0.0
2013-08-19,13.3,13.33,13.23,13.28,1255696,0.0
2013-08-20,13.27,13.38,13.27,13.31,1633926,0.0
2013-08-21,13.25,13.39,13.22,13.27,1695705,0.0
2013-08-22,13.32,13.4199,13.29,13.36,964595,0.0
2013-08-23,13.32,13.6,13.32,13.56,1618575,0.0
2013-08-26,13.57,13.6355,13.49,13.62,1183037,0.0
2013-08-27,13.765,13.83,13.725,13.75,3446059,0.0
2013-08-28,13.8,13.82,13.74,13.75,4231348,0.0
2013-08-29,13.69,13.73,13.62,13.67,1882270,0.0
2013-08-30,13.53,13.64,13.52,13.53,2257421,0.0
2013-09-03,13.61,13.75,13.571,13.71,2932937,0.0
2013-09-04,13.54,13.56,13.45,13.53,1874211,0.0
2013-09-05,13.48,13.51,13.25,13.3,3090267,0.0
2013-09-06,13.41,13.51,13.41,13.49,1489067,0.0
2013-09-09,13.49,13.5099,13.44,13.46,2466299,0.0
2013-09-10,13.25,13.27,13.18,13.24,1548352,0.0
2013-09-11,13.23,13.255,13.2,13.24,5016975,0.0
2013-09-12,12.93,12.95,12.83,12.85,1534855,0.0
2013-09-13,12.78,12.87,12.69,12.85,2737806,0.0
2013-09-16,12.81,12.869,12.7,12.72,1635923,0.0
2013-09-17,12.75,12.765,12.682,12.72,1164383,0.0
2013-09-18,12.6,13.28,12.58,13.279,4234474,0.0
2013-09-19,13.27,13.35,13.2,13.245,3664373,0.0
2013-09-20,13.135,13.16,12.86,12.86,1960589,0.0
2013-09-23,12.82,12.91,12.8,12.82,1158336,0.0
2013-09-24,12.71,12.885,12.7,12.84,3738295,0.0
2013-09-25,12.82,12.9895,12.82,12.95,1077159,0.0
2013-09-26,12.93,12.97,12.8,12.84,1214310,0.0
2013-09-27,12.95,13.028,12.95,12.96,1738012,0.0
2013-09-30,12.87,12.98,12.85,12.89,3082134,0.0
2013-10-01,12.595,12.6,12.45,12.52,3821402,0.0
2013-10-02,12.61,12.85,12.6,12.77,2100810,0.0
2013-10-03,12.74,12.83,12.695,12.78,4202384,0.0
2013-10-04,12.77,12.7824,12.68,12.72,864790,0.0
2013-10-07,12.79,12.9,12.78,12.84,2414567,0.0
2013-10-08,12.855,12.91,12.791,12.81,1434398,0.0
2013-10-09,12.69,12.76,12.57,12.67,3605638,0.0
2013-10-10,12.6,12.65,12.48,12.49,3883787,0.0
2013-10-11,12.31,12.35,12.25,12.32,2674952,0.0
2013-10-14,12.45,12.49,12.35,12.35,1482444,0.0
2013-10-15,12.3,12.5,12.29,12.45,2947492,0.0
2013-10-16,12.42,12.46,12.32,12.425,2004784,0.0
2013-10-17,12.77,12.855,12.75,12.81,2739730,0.0
2013-10-18,12.76,12.81,12.73,12.76,1079916,0.0
2013-10-21,12.78,12.81,12.75,12.77,1136802,0.0
2013-10-22,12.89,13.05,12.89,13.0,2940878,0.0
2013-10-23,12.92,12.98,12.9,12.945,1232234,0.0
2013-10-24,13.015,13.121,13.01,13.07,1073226,0.0
2013-10-25,13.02,13.16,13.02,13.12,1154574,0.0
2013-10-28,13.11,13.22,13.08,13.13,1216463,0.0
2013-10-29,13.09,13.13,13.03,13.055,1289118,0.0
2013-10-30,13.15,13.1977,12.95,13.035,1908506,0.0
2013-10-31,12.875,12.92,12.8,12.845,1773851,0.0
2013-11-01,12.76,12.7893,12.68,12.765,1509122,0.0
2013-11-04,12.785,12.82,12.74,12.75,851243,0.0
2013-11-05,12.74,12.759,12.67,12.725,896946,0.0
2013-11-06,12.78,12.81,12.76,12.785,1949671,0.0
2013-11-07,12.69,12.7524,12.66,12.68,1222311,0.0
2013-11-08,12.51,12.53,12.43,12.49,1714610,0.0
2013-11-11,12.47,12.47,12.43,12.45,948603,0.0
2013-11-12,12.4238,12.45,12.2401,12.31,1237776,0.0
2013-11-13,12.36,12.39,12.31,12.36,1133191,0.0
2013-11-14,12.46,12.56,12.46,12.495,1588317,0.0
2013-11-15,12.48,12.52,12.48,12.49,1871425,0.0
2013-11-18,12.445,12.47,12.32,12.36,1644825,0.0
2013-11-19,12.37,12.41,12.35,12.36,1207196,0.0
2013-11-20,12.24,12.31,12.04,12.07,3379274,0.0
2013-11-21,12.05,12.1,12.0,12.06,3505668,0.0
2013-11-22,12.09,12.11,12.05,12.06,1732656,0.0
2013-11-25,11.98,12.17,11.98,12.12,2443755,0.0
2013-11-26,12.06,12.1081,12.03,12.05,2538873,0.0
2013-11-27,12.12,12.13,11.99,12.02,3052867,0.0
2013-11-29,12.14,12.1757,12.13,12.13,1719626,0.0
2013-12-02,11.98,12.0,11.82,11.82,2925979,0.0
2013-12-03,11.82,11.895,11.79,11.87,2907227,0.0
2013-12-04,11.9,12.14,11.88,12.06,3171435,0.0
2013-12-05,11.88,11.99,11.81,11.91,1923856,0.0
2013-12-06,11.95,11.995,11.87,11.93,3242062,0.0
2013-12-09,11.96,12.06,11.96,12.03,2371348,0.0
2013-12-10,12.29,12.3,12.21,12.25,2913469,0.0
2013-12-11,12.22,12.25,12.14,12.16,2438189,0.0
2013-12-12,11.92,11.9445,11.87,11.9,2559213,0.0
2013-12-13,11.96,12.02,11.95,12.01,2850022,0.0
2013-12-16,11.99,12.145,11.96,12.03,3560531,0.0
2013-12-17,11.97,12.05,11.91,11.93,3634134,0.0
2013-12-18,11.97,12.079,11.792,11.839,4630945,0.0
2013-12-19,11.665,11.67,11.53,11.54,4226927,0.0
2013-12-20,11.6,11.7199,11.57,11.65,5220885,0.0
2013-12-23,11.63,11.6799,11.61,11.62,4070072,0.0
2013-12-24,11.65,11.7,11.64,11.67,2227292,0.0
2013-12-26,11.785,11.79,11.73,11.73,3340277,0.0
2013-12-27,11.8,11.81,11.75,11.78,3641392,0.0
2013-12-30,11.71,11.71,11.58,11.6,5628910,0.0
2013-12-31,11.53,11.7725,11.51,11.68,4793762,0.0
2014-01-02,11.86,11.94,11.84,11.88,2431937,0.0
2014-01-03,11.935,12.03,11.93,12.01,1342786,0.0
2014-01-06,12.05,12.11,11.77,12.01,2135644,0.0
2014-01-07,11.92,11.96,11.88,11.95,1532672,0.0
2014-01-08,11.86,11.92,11.82,11.89,1359507,0.0
2014-01-09,11.88,11.9399,11.8639,11.92,1107011,0.0
2014-01-10,12.04,12.11,12.029,12.09,849960,0.0
2014-01-13,12.1,12.18,12.09,12.17,2375681,0.0
2014-01-14,12.12,12.18,12.04,12.05,1849588,0.0
2014-01-15,11.99,12.05,11.98,12.03,1259270,0.0
2014-01-16,12.055,12.07,12.02,12.05,1277378,0.0
2014-01-17,12.1,12.1722,12.09,12.16,909688,0.0
2014-01-21,12.01,12.07,12.0,12.04,1813538,0.0
2014-01-22,12.03,12.05,11.99,11.99,1068293,0.0
2014-01-23,12.17,12.279,12.16,12.25,1580465,0.0
2014-01-24,12.27,12.32,12.23,12.31,1690226,0.0
2014-01-27,12.24,12.2799,12.1401,12.17,1533349,0.0
2014-01-28,12.21,12.219,12.12,12.17,1183650,0.0
2014-01-29,12.29,12.33,12.18,12.33,2560674,0.0
2014-01-30,12.04,12.1,12.03,12.06,2253740,0.0
2014-01-31,12.14,12.16,12.02,12.07,1352670,0.0
2014-02-03,12.13,12.28,12.102,12.2,2168936,0.0
2014-02-04,12.12,12.185,12.1123,12.17,1985081,0.0
2014-02-05,12.26,12.265,12.15,12.21,2004941,0.0
2014-02-06,12.22,12.22,12.15,12.2,815126,0.0
2014-02-07,12.2,12.3,12.2,12.3,1000515,0.0
2014-02-10,12.36,12.3999,12.35,12.36,1420561,0.0
2014-02-11,12.41,12.55,12.41,12.52,1721686,0.0
2014-02-12,12.52,12.58,12.499,12.53,1316975,0.0
2014-02-13,12.55,12.64,12.54,12.64,1580834,0.0
2014-02-14,12.78,12.82,12.759,12.8,1316544,0.0
2014-02-18,12.82,12.8576,12.79,12.83,2188774,0.0
2014-02-19,12.81,12.8299,12.69,12.71,1567010,0.0
2014-02-20,12.75,12.86,12.72,12.84,1194929,0.0
2014-02-21,12.83,12.89,12.795,12.84,863334,0.0
2014-02-24,12.93,12.99,12.91,12.97,1231960,0.0
2014-02-25,12.945,13.04,12.93,13.0,1153942,0.0
2014-02-26,12.92,12.9501,12.82,12.88,1953444,0.0
2014-02-27,12.92,12.96,12.87,12.9,1143924,0.0
2014-02-28,12.91,12.9168,12.7901,12.85,1440989,0.0
2014-03-03,13.08,13.14,13.06,13.12,3588007,0.0
2014-03-04,12.94,13.01,12.91,12.96,1373071,0.0
2014-03-05,12.95,13.0101,12.94,12.96,1482073,0.0
2014-03-06,13.06,13.125,13.02,13.09,961959,0.0
2014-03-07,12.91,13.01,12.9,12.99,1818046,0.0
2014-03-10,12.97,13.04,12.96,13.0,1291409,0.0
2014-03-11,13.08,13.1,12.9784,13.06,847041,0.0
2014-03-12,13.23,13.3,13.22,13.27,1019346,0.0
2014-03-13,13.25,13.33,13.24,13.31,1630067,0.0
2014-03-14,13.46,13.46,13.32,13.4,2042697,0.0
2014-03-17,13.36,13.408,13.21,13.25,2279552,0.0
2014-03-18,13.125,13.21,13.11,13.14,1350324,0.0
2014-03-19,13.03,13.049,12.87,12.88,1519811,0.0
2014-03-20,12.85,12.92,12.83,12.87,1127230,0.0
2014-03-21,12.99,12.99,12.92,12.93,1032997,0.0
2014-03-24,12.77,12.798,12.68,12.7,1393114,0.0
2014-03-25,12.73,12.76,12.7,12.71,1126481,0.0
2014-03-26,12.71,12.72,12.59,12.61,940355,0.0
2014-03-27,12.58,12.6079,12.5,12.54,2101035,0.0
2014-03-28,12.49,12.57,12.46,12.53,859445,0.0
2014-03-31,12.52,12.56,12.43,12.44,1376610,0.0
2014-04-01,12.45,12.46,12.38,12.41,1516723,0.0
2014-04-02,12.51,12.55,12.49,12.5,1511999,0.0
2014-04-03,12.46,12.5,12.43,12.47,878495,0.0
2014-04-04,12.6,12.67,12.565,12.63,1143239,0.0
2014-04-07,12.59,12.6299,12.56,12.57,878303,0.0
2014-04-08,12.71,12.71,12.67,12.68,627848,0.0
2014-04-09,12.63,12.7465,12.61,12.72,647649,0.0
2014-04-10,12.77,12.8199,12.76,12.78,758415,0.0
2014-04-11,12.79,12.81,12.75,12.77,801038,0.0
2014-04-14,12.86,12.9,12.84,12.87,833187,0.0
2014-04-15,12.56,12.65,12.535,12.64,1187544,0.0
2014-04-16,12.61,12.64,12.58,12.63,973650,0.0
2014-04-17,12.62,12.635,12.53,12.56,740495,0.0
2014-04-21,12.49,12.51,12.45,12.51,1109445,0.0
2014-04-22,12.49,12.5,12.37,12.45,904451,0.0
2014-04-23,12.45,12.47,12.415,12.46,1173236,0.0
2014-04-24,12.37,12.585,12.36,12.54,1293963,0.0
2014-04-25,12.59,12.65,12.5801,12.62,894144,0.0
2014-04-28,12.61,12.62,12.5201,12.57,393767,0.0
2014-04-29,12.58,12.62,12.54,12.56,779828,0.0
2014-04-30,12.5,12.5799,12.46,12.5,1129262,0.0
2014-05-01,12.4,12.46,12.3801,12.46,926230,0.0
2014-05-02,12.445,12.6434,12.41,12.58,1122960,0.0
2014-05-05,12.73,12.7499,12.68,12.71,433166,0.0
2014-05-06,12.68,12.69,12.65,12.67,460611,0.0
2014-05-07,12.63,12.64,12.47,12.49,779049,0.0
2014-05-08,12.5,12.52,12.47,12.5,540738,0.0
2014-05-09,12.52,12.53,12.46,12.5,872013,0.0
2014-05-12,12.62,12.62,12.55,12.57,573711,0.0
2014-05-13,12.55,12.58,12.53,12.54,684394,0.0
2014-05-14,12.66,12.68,12.625,12.66,716157,0.0
2014-05-15,12.55,12.6258,12.53,12.56,669138,0.0
2014-05-16,12.52,12.555,12.51,12.54,657105,0.0
2014-05-19,12.61,12.6257,12.53,12.53,448295,0.0
2014-05-20,12.49,12.57,12.49,12.54,521975,0.0
2014-05-21,12.5,12.53,12.44,12.51,741845,0.0
2014-05-22,12.595,12.6001,12.53,12.54,446643,0.0
2014-05-23,12.53,12.55,12.5,12.53,444395,0.0
2014-05-27,12.38,12.3885,12.25,12.26,1084648,0.0
2014-05-28,12.23,12.249,12.17,12.19,1470502,0.0
2014-05-29,12.15,12.22,12.15,12.17,5141420,0.0
2014-05-30,12.15,12.16,12.04,12.13,2868619,0.0
2014-06-02,12.07,12.12,12.04,12.04,913353,0.0
2014-06-03,12.04,12.09,12.02,12.07,710895,0.0
2014-06-04,12.08,12.1,12.04,12.05,600880,0.0
2014-06-05,12.13,12.165,12.12,12.14,652574,0.0
2014-06-06,12.14,12.158,12.08,12.14,1064050,0.0
2014-06-09,12.16,12.1601,12.13,12.14,565437,0.0
2014-06-10,12.2,12.23,12.2,12.21,568313,0.0
2014-06-11,12.23,12.24,12.1986,12.21,892390,0.0
2014-06-12,12.28,12.36,12.26,12.35,5176520,0.0
2014-06-13,12.34,12.3899,12.33,12.38,769162,0.0
2014-06-16,12.37,12.39,12.31,12.33,568982,0.0
2014-06-17,12.27,12.33,12.26,12.31,622108,0.0
2014-06-18,12.3,12.36,12.3,12.35,640816,0.0
2014-06-19,12.52,12.81,12.51,12.78,1931647,0.0
2014-06-20,12.72,12.79,12.7,12.73,960150,0.0
2014-06-23,12.75,12.78,12.72,12.78,1543168,0.0
2014-06-24,12.8,12.82,12.76,12.79,621950,0.0
2014-06-25,12.77,12.84,12.75,12.79,1143393,0.0
2014-06-26,12.74,12.78,12.7014,12.75,480927,0.0
2014-06-27,12.78,12.8,12.75,12.75,481296,0.0
2014-06-30,12.74,12.89,12.72,12.88,951297,0.0
2014-07-01,12.88,12.8984,12.8301,12.86,1119325,0.0
2014-07-02,12.86,12.91,12.85,12.85,558487,0.0
2014-07-03,12.77,12.81,12.7401,12.78,736243,0.0
2014-07-07,12.73,12.79,12.71,12.78,1054353,0.0
2014-07-08,12.82,12.84,12.7243,12.79,769854,0.0
2014-07-09,12.84,12.91,12.8074,12.87,1008404,0.0
2014-07-10,13.0,13.01,12.93,12.95,913994,0.0
2014-07-11,12.93,12.99,12.926,12.97,2442324,0.0
2014-07-14,12.635,12.69,12.63,12.66,1288414,0.0
2014-07-15,12.67,12.715,12.52,12.54,1404096,0.0
2014-07-16,12.59,12.6356,12.5601,12.57,764201,0.0
2014-07-17,12.65,12.84,12.6169,12.8,1482229,0.0
2014-07-18,12.67,12.71,12.65,12.71,546532,0.0
2014-07-21,12.74,12.74,12.69,12.72,496841,0.0
2014-07-22,12.74,12.74,12.63,12.66,507462,0.0
2014-07-23,12.66,12.69,12.6298,12.64,2013526,0.0
2014-07-24,12.57,12.58,12.4765,12.53,867787,0.0
2014-07-25,12.53,12.68,12.53,12.67,1091041,0.0
2014-07-28,12.63,12.6599,12.62,12.65,450697,0.0
2014-07-29,12.67,12.6799,12.5525,12.6,670139,0.0
2014-07-30,12.58,12.58,12.525,12.57,723911,0.0
2014-07-31,12.475,12.49,12.405,12.42,1025245,0.0
2014-08-01,12.54,12.56,12.51,12.52,1005129,0.0
2014-08-04,12.52,12.53,12.46,12.48,655494,0.0
2014-08-05,12.47,12.53,12.425,12.47,1066561,0.0
2014-08-06,12.65,12.69,12.64,12.67,826310,0.0
2014-08-07,12.64,12.739,12.62,12.71,1524911,0.0
2014-08-08,12.7,12.725,12.675,12.71,773798,0.0
2014-08-11,12.68,12.69,12.65,12.68,529893,0.0
2014-08-12,12.73,12.77,12.67,12.68,1117753,0.0
2014-08-13,12.73,12.735,12.6704,12.71,750396,0.0
2014-08-14,12.71,12.74,12.7,12.72,742806,0.0
2014-08-15,12.54,12.6986,12.525,12.63,2666410,0.0
2014-08-18,12.57,12.6,12.55,12.59,587746,0.0
2014-08-19,12.58,12.59,12.5301,12.55,728838,0.0
2014-08-20,12.56,12.57,12.47,12.5,2729353,0.0
2014-08-21,12.36,12.41,12.33,12.37,1532957,0.0
2014-08-22,12.39,12.42,12.34,12.4,1654995,0.0
2014-08-25,12.37,12.3899,12.35,12.35,896330,0.0
2014-08-26,12.48,12.48,12.41,12.41,676403,0.0
2014-08-27,12.45,12.45,12.41,12.41,488077,0.0
2014-08-28,12.51,12.52,12.47,12.49,870390,0.0
2014-08-29,12.47,12.5084,12.4422,12.46,623612,0.0
2014-09-02,12.28,12.29,12.22,12.26,931833,0.0
2014-09-03,12.25,12.31,12.25,12.29,554664,0.0
2014-09-04,12.34,12.35,12.21,12.23,1077452,0.0
2014-09-05,12.27,12.29,12.247,12.29,527527,0.0
2014-09-08,12.24,12.25,12.12,12.15,1238965,0.0
2014-09-09,12.14,12.175,12.08,12.17,1281231,0.0
2014-09-10,12.1,12.1367,12.04,12.1,2291468,0.0
2014-09-11,12.04,12.05,11.96,12.04,1307273,0.0
2014-09-12,11.95,11.97,11.89,11.91,972699,0.0
2014-09-15,11.95,11.97,11.93,11.94,515621,0.0
2014-09-16,11.98,12.02,11.93,11.96,772697,0.0
2014-09-17,11.98,12.0,11.83,11.83,905029,0.0
2014-09-18,11.82,11.89,11.8,11.86,784247,0.0
2014-09-19,11.84,11.84,11.75,11.79,871596,0.0
2014-09-22,11.75,11.8199,11.74,11.76,1320503,0.0
2014-09-23,11.88,11.88,11.81,11.83,1153540,0.0
2014-09-24,11.8,11.85,11.77,11.79,1269673,0.0
2014-09-25,11.71,11.86,11.7,11.83,1559073,0.0
2014-09-26,11.78,11.79,11.74,11.79,3152962,0.0
2014-09-29,11.81,11.82,11.77,11.78,1225398,0.0
2014-09-30,11.74,11.81,11.665,11.7,1436589,0.0
2014-10-01,11.74,11.81,11.74,11.77,1919739,0.0
2014-10-02,11.77,11.8,11.715,11.75,1258783,0.0
2014-10-03,11.6,11.63,11.52,11.53,2500477,0.0
2014-10-06,11.6,11.71,11.5701,11.69,2191847,0.0
2014-10-07,11.72,11.7401,11.69,11.72,1957497,0.0
2014-10-08,11.78,11.85,11.66,11.83,1539751,0.0
2014-10-09,11.88,11.905,11.83,11.84,1348541,0.0
2014-10-10,11.85,11.86,11.8,11.85,3255765,0.0
2014-10-13,11.895,11.95,11.88,11.93,1022718,0.0
2014-10-14,11.94,11.97,11.92,11.94,1214110,0.0
2014-10-15,12.0,12.105,11.95,11.98,2043691,0.0
2014-10-16,11.98,12.05,11.97,12.0,1284808,0.0
2014-10-17,11.99,12.009,11.9215,11.99,653270,0.0
2014-10-20,12.05,12.075,12.04,12.07,1365363,0.0
2014-10-21,12.11,12.14,12.08,12.08,1506877,0.0
2014-10-22,12.06,12.07,12.01,12.03,930343,0.0
2014-10-23,11.96,11.97,11.87,11.94,2543592,0.0
2014-10-24,11.95,11.95,11.895,11.92,1836902,0.0
2014-10-27,11.9,11.92,11.885,11.9,1659970,0.0
2014-10-28,11.93,11.94,11.88,11.9,1096145,0.0
2014-10-29,11.85,11.879,11.7,11.73,1329704,0.0
2014-10-30,11.66,11.67,11.58,11.6,1152220,0.0
2014-10-31,11.27,11.37,11.2436,11.35,2882192,0.0
2014-11-03,11.33,11.35,11.28,11.29,2078293,0.0
2014-11-04,11.295,11.35,11.29,11.3,1351043,0.0
2014-11-05,11.08,11.16,11.05,11.06,4130717,0.0
2014-11-06,11.07,11.13,11.05,11.07,2227833,0.0
2014-11-07,11.15,11.4,11.15,11.37,1610015,0.0
2014-11-10,11.3,11.31,11.1,11.13,1354752,0.0
2014-11-11,11.19,11.3533,11.1601,11.29,2423009,0.0
2014-11-12,11.28,11.3,11.2001,11.22,1363622,0.0
2014-11-13,11.27,11.3067,11.2,11.24,1439451,0.0
2014-11-14,11.16,11.559,11.14,11.53,5332875,0.0
2014-11-17,11.48,11.509,11.44,11.48,1335598,0.0
2014-11-18,11.57,11.6,11.54,11.59,933305,0.0
2014-11-19,11.575,11.62,11.38,11.45,2941891,0.0
2014-11-20,11.54,11.59,11.495,11.56,1501203,0.0
2014-11-21,11.64,11.68,11.54,11.62,1703613,0.0
2014-11-24,11.6,11.62,11.56,11.59,1484872,0.0
2014-11-25,11.59,11.63,11.57,11.62,1506625,0.0
2014-11-26,11.6,11.615,11.58,11.6,882447,0.0
2014-11-28,11.44,11.47,11.2849,11.29,5471190,0.0
2014-12-01,11.46,11.82,11.46,11.75,3965636,0.0
2014-12-02,11.6,11.655,11.551,11.61,4308443,0.0
2014-12-03,11.65,11.76,11.64,11.715,1797273,0.0
2014-12-04,11.68,11.72,11.64,11.67,1861826,0.0
2014-12-05,11.61,11.61,11.5,11.54,2144524,0.0
2014-12-08,11.58,11.7,11.53,11.66,1527345,0.0
2014-12-09,11.79,11.98,11.7801,11.9,2099819,0.0
2014-12-10,11.9,11.93,11.87,11.88,991719,0.0
2014-12-11,11.79,11.9201,11.77,11.86,2515883,0.0
2014-12-12,11.83,11.86,11.75,11.83,1389743,0.0
2014-12-15,11.71,11.78,11.52,11.52,1921072,0.0
2014-12-16,11.72,11.7368,11.4999,11.59,2086392,0.0
2014-12-17,11.59,11.63,11.45,11.51,3987795,0.0
2014-12-18,11.64,11.6607,11.54,11.59,1599266,0.0
2014-12-19,11.59,11.61,11.56,11.57,3656691,0.0
2014-12-22,11.57,11.59,11.325,11.35,3631731,0.0
2014-12-23,11.37,11.42,11.35,11.36,6126330,0.0
2014-12-24,11.37,11.38,11.35,11.36,1094930,0.0
2014-12-26,11.57,11.58,11.54,11.57,1558837,0.0
2014-12-29,11.55,11.55,11.4001,11.46,5760325,0.0
2014-12-30,11.57,11.71,11.57,11.6,4336275,0.0
2014-12-31,11.57,11.58,11.41,11.44,3533047,0.0
2015-01-02,11.33,11.56,11.31,11.5,1111071,0.0
2015-01-05,11.56,11.69,11.56,11.68,5417130,0.0
2015-01-06,11.72,11.8395,11.67,11.79,4021938,0.0
2015-01-07,11.735,11.78,11.7001,11.73,1536016,0.0
2015-01-08,11.74,11.77,11.67,11.69,925782,0.0
2015-01-09,11.75,11.83,11.7401,11.82,2631332,0.0
2015-01-12,11.84,11.96,11.82,11.94,2050269,0.0
2015-01-13,11.99,12.005,11.87,11.91,1204468,0.0
2015-01-14,12.0,12.03,11.88,11.88,3301311,0.0
2015-01-15,12.13,12.26,12.12,12.18,5463860,0.0
2015-01-16,12.26,12.405,12.26,12.35,2824664,0.0
2015-01-20,12.455,12.56,12.4401,12.52,3148915,0.0
2015-01-21,12.62,12.63,12.43,12.52,3643185,0.0
2015-01-22,12.6,12.65,12.51,12.62,3352903,0.0
2015-01-23,12.54,12.54,12.43,12.52,1023421,0.0
2015-01-26,12.43,12.43,12.34,12.39,2434410,0.0
2015-01-27,12.45,12.56,12.44,12.53,1996869,0.0
2015-01-28,12.44,12.48,12.39,12.44,1578834,0.0
2015-01-29,12.29,12.32,12.114,12.16,3650119,0.0
2015-01-30,12.22,12.44,12.18,12.43,2172544,0.0
2015-02-02,12.28,12.4099,12.27,12.34,2739777,0.0
2015-02-03,12.27,12.27,12.15,12.2,1774362,0.0
2015-02-04,12.26,12.31,12.19,12.25,1843859,0.0
2015-02-05,12.19,12.28,12.15,12.28,1405630,0.0
2015-02-06,12.01,12.04,11.88,11.96,2764270,0.0
2015-02-09,11.98,12.026,11.96,12.0,932542,0.0
2015-02-10,11.95,11.9999,11.91,11.94,3307174,0.0
2015-02-11,11.93,11.946,11.78,11.8,3487083,0.0
2015-02-12,11.86,11.87,11.8,11.83,2303947,0.0
2015-02-13,11.89,11.95,11.87,11.89,1078587,0.0
2015-02-17,11.73,11.745,11.64,11.7,2800964,0.0
2015-02-18,11.69,11.7346,11.5849,11.73,1346780,0.0
2015-02-19,11.73,11.74,11.66,11.69,7913815,0.0
2015-02-20,11.71,11.73,11.59,11.61,1915186,0.0
2015-02-23,11.61,11.7099,11.59,11.63,1862902,0.0
2015-02-24,11.58,11.64,11.51,11.62,5136335,0.0
2015-02-25,11.67,11.68,11.62,11.66,995702,0.0
2015-02-26,11.74,11.75,11.67,11.69,2428299,0.0
2015-02-27,11.76,11.7968,11.71,11.71,1877929,0.0
2015-03-02,11.745,11.75,11.65,11.65,2939657,0.0
2015-03-03,11.69,11.75,11.62,11.64,1192300,0.0
2015-03-04,11.66,11.67,11.5986,11.6,962180,0.0
2015-03-05,11.63,11.7,11.57,11.6,711585,0.0
2015-03-06,11.41,11.4199,11.26,11.28,5090460,0.0
2015-03-09,11.33,11.35,11.27,11.28,2085673,0.0
2015-03-10,11.3,11.32,11.21,11.22,1442422,0.0
2015-03-11,11.2,11.22,11.1001,11.16,1810248,0.0
2015-03-12,11.2,11.21,11.11,11.15,2771600,0.0
2015-03-13,11.19,11.2151,11.14,11.17,822429,0.0
2015-03-16,11.2,11.21,11.13,11.17,816475,0.0
2015-03-17,11.08,11.22,11.06,11.1,1613161,0.0
2015-03-18,11.12,11.375,11.09,11.32,4566647,0.0
2015-03-19,11.28,11.345,11.2415,11.31,870513,0.0
2015-03-20,11.36,11.49,11.3599,11.44,1010838,0.0
2015-03-23,11.45,11.53,11.44,11.51,923515,0.0
2015-03-24,11.52,11.56,11.47,11.55,686660,0.0
2015-03-25,11.61,11.61,11.56,11.56,959799,0.0
2015-03-26,11.67,11.68,11.6201,11.65,1410735,0.0
2015-03-27,11.61,11.625,11.53,11.6,1118639,0.0
2015-03-30,11.48,11.49,11.4422,11.46,1111214,0.0
2015-03-31,11.47,11.52,11.43,11.45,931878,0.0
2015-04-01,11.545,11.69,11.54,11.65,1044366,0.0
2015-04-02,11.635,11.66,11.56,11.62,887391,0.0
2015-04-06,11.83,11.84,11.74,11.76,1371245,0.0
2015-04-07,11.72,11.75,11.68,11.7,588827,0.0
2015-04-08,11.69,11.6993,11.585,11.64,1072463,0.0
2015-04-09,11.57,11.58,11.54,11.56,1002835,0.0
2015-04-10,11.69,11.71,11.64,11.68,1179021,0.0
2015-04-13,11.62,11.63,11.575,11.61,1035187,0.0
2015-04-14,11.56,11.5999,11.53,11.53,687008,0.0
2015-04-15,11.57,11.65,11.5338,11.63,764308,0.0
2015-04-16,11.65,11.66,11.56,11.6,752400,0.0
2015-04-17,11.64,11.67,11.6199,11.64,605910,0.0
2015-04-20,11.58,11.59,11.52,11.56,881722,0.0
2015-04-21,11.57,11.65,11.55,11.63,977512,0.0
2015-04-22,11.58,11.5899,11.464,11.48,677277,0.0
2015-04-23,11.48,11.59,11.47,11.56,1112615,0.0
2015-04-24,11.49,11.5,11.36,11.4,788545,0.0
2015-04-27,11.47,11.6756,11.46,11.63,811899,0.0
2015-04-28,11.62,11.75,11.62,11.73,1152856,0.0
2015-04-29,11.69,11.73,11.6143,11.64,725332,0.0
2015-04-30,11.48,11.48,11.3804,11.44,1193337,0.0
2015-05-01,11.33,11.41,11.31,11.39,961119,0.0
2015-05-04,11.51,11.535,11.48,11.49,695666,0.0
2015-05-05,11.58,11.6075,11.53,11.53,1597430,0.0
2015-05-06,11.56,11.5691,11.495,11.53,729039,0.0
2015-05-07,11.48,11.495,11.42,11.44,584910,0.0
2015-05-08,11.53,11.53,11.45,11.5,571583,0.0
2015-05-11,11.5,11.5165,11.4,11.44,760709,0.0
2015-05-12,11.51,11.56,11.5,11.54,510371,0.0
2015-05-13,11.66,11.79,11.66,11.74,1373567,0.0
2015-05-14,11.82,11.87,11.8,11.81,928703,0.0
2015-05-15,11.78,11.86,11.76,11.84,727015,0.0
2015-05-18,11.87,11.89,11.8201,11.84,944825,0.0
2015-05-19,11.76,11.764,11.66,11.68,971826,0.0
2015-05-20,11.7,11.7355,11.67,11.7,1351411,0.0
2015-05-21,11.64,11.69,11.64,11.66,1082147,0.0
2015-05-22,11.65,11.68,11.62,11.65,638537,0.0
2015-05-26,11.48,11.51,11.465,11.48,1705532,0.0
2015-05-27,11.47,11.5,11.455,11.48,894613,0.0
2015-05-28,11.48,11.505,11.4101,11.49,847545,0.0
2015-05-29,11.51,11.5359,11.49,11.51,1162186,0.0
2015-06-01,11.6,11.642,11.48,11.5,1048479,0.0
2015-06-02,11.54,11.555,11.51,11.54,1395057,0.0
2015-06-03,11.51,11.53,11.4,11.46,883771,0.0
2015-06-04,11.38,11.404,11.3409,11.38,962979,0.0
2015-06-05,11.25,11.335,11.25,11.32,1011585,0.0
2015-06-08,11.33,11.36,11.3,11.35,1096612,0.0
2015-06-09,11.41,11.42,11.365,11.37,606589,0.0
2015-06-10,11.51,11.51,11.46,11.47,955605,0.0
2015-06-11,11.41,11.44,11.38,11.43,817811,0.0
2015-06-12,11.4,11.45,11.39,11.41,558492,0.0
2015-06-15,11.43,11.51,11.41,11.46,1050224,0.0
2015-06-16,11.4,11.44,11.3701,11.42,658188,0.0
2015-06-17,11.4,11.5,11.35,11.47,1104747,0.0
2015-06-18,11.62,11.66,11.5806,11.62,2585357,0.0
2015-06-19,11.63,11.645,11.59,11.6,849563,0.0
2015-06-22,11.48,11.485,11.4257,11.45,2096484,0.0
2015-06-23,11.38,11.41,11.37,11.39,1112002,0.0
2015-06-24,11.34,11.37,11.32,11.35,788652,0.0
2015-06-25,11.34,11.37,11.325,11.33,1019280,0.0
2015-06-26,11.31,11.36,11.3,11.35,1085614,0.0
2015-06-29,11.37,11.415,11.345,11.39,2017492,0.0
2015-06-30,11.32,11.395,11.275,11.34,1571751,0.0
2015-07-01,11.31,11.34,11.28,11.3,1391192,0.0
2015-07-02,11.26,11.276,11.2301,11.27,1307807,0.0
2015-07-06,11.26,11.35,11.2522,11.3,811732,0.0
2015-07-07,11.21,11.21,11.1,11.18,1144331,0.0
2015-07-08,11.23,11.264,11.2,11.21,2462171,0.0
2015-07-09,11.27,11.28,11.21,11.23,850477,0.0
2015-07-10,11.22,11.2687,11.1901,11.24,659703,0.0
2015-07-13,11.13,11.21,11.13,11.2,721937,0.0
2015-07-14,11.19,11.2,11.15,11.17,720232,0.0
2015-07-15,11.09,11.11,11.05,11.1,788302,0.0
2015-07-16,11.06,11.095,11.05,11.06,853679,0.0
2015-07-17,11.01,11.01,10.93,10.95,2752742,0.0
2015-07-20,10.75,10.75,10.64,10.65,2947542,0.0
2015-07-21,10.67,10.72,10.61,10.62,6100920,0.0
2015-07-22,10.52,10.59,10.5,10.56,4724840,0.0
2015-07-23,10.58,10.62,10.5,10.52,3578959,0.0
2015-07-24,10.45,10.646,10.425,10.62,1606638,0.0
2015-07-27,10.58,10.65,10.55,10.58,1375242,0.0
2015-07-28,10.6,10.62,10.57,10.58,944026,0.0
2015-07-29,10.57,10.65,10.53,10.6,1107041,0.0
2015-07-30,10.49,10.585,10.47,10.51,915296,0.0
2015-07-31,10.62,10.662,10.56,10.58,1365078,0.0
2015-08-03,10.54,10.57,10.49,10.49,1089974,0.0
2015-08-04,10.54,10.57,10.486,10.52,1116429,0.0
2015-08-05,10.52,10.54,10.46,10.48,3909104,0.0
2015-08-06,10.5,10.57,10.5,10.52,1405605,0.0
2015-08-07,10.56,10.63,10.54,10.56,1197321,0.0
2015-08-10,10.58,10.715,10.58,10.66,1653388,0.0
2015-08-11,10.73,10.745,10.665,10.72,1278078,0.0
2015-08-12,10.78,10.88,10.78,10.86,2015418,0.0
2015-08-13,10.78,10.8085,10.76,10.77,886290,0.0
2015-08-14,10.79,10.8299,10.74,10.78,593918,0.0
2015-08-17,10.83,10.84,10.79,10.79,605529,0.0
2015-08-18,10.76,10.82,10.7249,10.8,893199,0.0
2015-08-19,10.86,10.96,10.85,10.94,1121924,0.0
2015-08-20,11.08,11.16,11.06,11.14,4702142,0.0
2015-08-21,11.18,11.23,11.11,11.2,2276374,0.0
2015-08-24,11.26,11.31,11.07,11.14,3815740,0.0
2015-08-25,11.09,11.1,10.96,11.02,2832098,0.0
2015-08-26,10.87,10.9,10.8,10.87,1428331,0.0
2015-08-27,10.83,10.895,10.8,10.85,2778109,0.0
2015-08-28,10.9,11.02,10.9,10.95,1107947,0.0
2015-08-31,10.91,10.98,10.895,10.98,1168096,0.0
2015-09-01,11.05,11.07,10.981,11.02,2106384,0.0
2015-09-02,11.0,11.025,10.94,10.95,1147056,0.0
2015-09-03,10.88,10.92,10.85,10.88,1274601,0.0
2015-09-04,10.8,10.85,10.8,10.83,1744457,0.0
2015-09-08,10.85,10.885,10.821,10.84,831966,0.0
2015-09-09,10.76,10.76,10.64,10.7,2041894,0.0
2015-09-10,10.75,10.76,10.705,10.72,1282855,0.0
2015-09-11,10.64,10.71,10.615,10.71,937708,0.0
2015-09-14,10.67,10.73,10.66,10.72,820548,0.0
2015-09-15,10.67,10.695,10.65,10.67,551858,0.0
2015-09-16,10.74,10.86,10.74,10.81,1767550,0.0
2015-09-17,10.79,10.95,10.785,10.94,1056093,0.0
2015-09-18,11.0,11.03,10.9721,11.01,3451268,0.0
2015-09-21,10.94,10.96,10.9232,10.94,2013203,0.0
2015-09-22,10.85,10.89,10.835,10.88,1648824,0.0
2015-09-23,10.95,10.95,10.91,10.91,2478747,0.0
2015-09-24,11.05,11.175,11.05,11.13,2796169,0.0
2015-09-25,11.07,11.1,11.05,11.08,2134431,0.0
2015-09-28,10.93,10.985,10.92,10.94,937261,0.0
2015-09-29,10.915,10.96,10.88,10.9,766728,0.0
2015-09-30,10.78,10.8,10.735,10.78,2745702,0.0
2015-10-01,10.78,10.815,10.75,10.76,1953574,0.0
2015-10-02,10.95,11.0299,10.95,11.0,2102389,0.0
2015-10-05,11.01,11.03,10.94,10.96,865369,0.0
2015-10-06,11.07,11.115,11.055,11.08,828946,0.0
2015-10-07,11.06,11.11,11.03,11.06,2623188,0.0
2015-10-08,11.0,11.13,11.0,11.01,4875641,0.0
2015-10-09,11.15,11.205,11.12,11.18,2197671,0.0
2015-10-12,11.27,11.28,11.2,11.23,3131033,0.0
2015-10-13,11.24,11.29,11.226,11.28,2982755,0.0
2015-10-14,11.35,11.5,11.32,11.48,4336276,0.0
2015-10-15,11.42,11.5,11.3901,11.43,4329041,0.0
2015-10-16,11.43,11.445,11.34,11.35,2226609,0.0
2015-10-19,11.36,11.37,11.29,11.29,2088006,0.0
2015-10-20,11.33,11.405,11.33,11.38,2673581,0.0
2015-10-21,11.33,11.3351,11.24,11.27,2424053,0.0
2015-10-22,11.25,11.32,11.24,11.27,2987483,0.0
2015-10-23,11.27,11.275,11.1943,11.25,2586073,0.0
2015-10-26,11.27,11.3,11.23,11.24,4068766,0.0
2015-10-27,11.23,11.28,11.22,11.27,1724384,0.0
2015-10-28,11.36,11.43,11.1264,11.18,3675041,0.0
2015-10-29,11.12,11.155,11.06,11.06,3385328,0.0
2015-10-30,11.05,11.06,11.0,11.02,2547087,0.0
2015-11-02,10.96,10.98,10.94,10.95,3995762,0.0
2015-11-03,10.87,10.88,10.76,10.78,3041666,0.0
2015-11-04,10.79,10.8,10.68,10.68,3585160,0.0
2015-11-05,10.69,10.705,10.65,10.65,2691814,0.0
2015-11-06,10.51,10.54,10.49,10.5,3863119,0.0
2015-11-09,10.52,10.55,10.51,10.53,2330736,0.0
2015-11-10,10.49,10.56,10.47,10.5,2931014,0.0
2015-11-11,10.5,10.5101,10.46,10.48,1265697,0.0
2015-11-12,10.4,10.52,10.39,10.47,6373250,0.0
2015-11-13,10.44,10.47,10.435,10.45,9992175,0.0
2015-11-16,10.49,10.5,10.44,10.46,2790435,0.0
2015-11-17,10.43,10.43,10.29,10.33,3889490,0.0
2015-11-18,10.32,10.38,10.29,10.32,9961066,0.0
2015-11-19,10.4,10.5,10.396,10.45,2737193,0.0
2015-11-20,10.45,10.46,10.38,10.4,2790476,0.0
2015-11-23,10.33,10.3662,10.3,10.31,3345983,0.0
2015-11-24,10.41,10.42,10.36,10.39,3639526,0.0
2015-11-25,10.34,10.36,10.31,10.33,3569117,0.0
2015-11-27,10.18,10.25,10.18,10.22,3411135,0.0
2015-11-30,10.24,10.33,10.24,10.28,4060576,0.0
2015-12-01,10.32,10.33,10.27,10.31,3244549,0.0
2015-12-02,10.22,10.23,10.14,10.15,5005885,0.0
2015-12-03,10.2,10.29,10.173,10.26,4359495,0.0
2015-12-04,10.36,10.51,10.36,10.5,4170775,0.0
2015-12-07,10.42,10.43,10.34,10.35,1979840,0.0
2015-12-08,10.4,10.42,10.345,10.37,3505509,0.0
2015-12-09,10.44,10.458,10.3201,10.35,3550813,0.0
2015-12-10,10.34,10.37,10.325,10.35,3228056,0.0
2015-12-11,10.28,10.42,10.27,10.39,3118663,0.0
2015-12-14,10.35,10.365,10.26,10.27,2278945,0.0
2015-12-15,10.26,10.3,10.23,10.24,3584074,0.0
2015-12-16,10.35,10.41,10.26,10.37,4444186,0.0
2015-12-17,10.18,10.19,10.115,10.15,5257505,0.0
2015-12-18,10.22,10.34,10.22,10.29,6028855,0.0
2015-12-21,10.38,10.445,10.38,10.4,2787609,0.0
2015-12-22,10.4,10.41,10.34,10.35,2136884,0.0
2015-12-23,10.33,10.35,10.31,10.32,2220264,0.0
2015-12-24,10.37,10.4,10.365,10.39,1021507,0.0
2015-12-28,10.35,10.35,10.29,10.32,3133734,0.0
2015-12-29,10.34,10.35,10.3,10.3,2085481,0.0
2015-12-30,10.23,10.25,10.22,10.23,3354659,0.0
2015-12-31,10.24,10.265,10.22,10.23,2620336,0.0
2016-01-04,10.4,10.46,10.34,10.38,1703410,0.0
2016-01-05,10.4,10.435,10.38,10.4,2508341,0.0
2016-01-06,10.53,10.57,10.485,10.57,10631941,0.0
2016-01-07,10.67,10.72,10.615,10.72,15687356,0.0
2016-01-08,10.645,10.679,10.6,10.66,3058026,0.0
2016-01-11,10.65,10.65,10.56,10.57,3907349,0.0
2016-01-12,10.5,10.555,10.461,10.52,5811385,0.0
2016-01-13,10.49,10.58,10.47,10.57,3934231,0.0
2016-01-14,10.48,10.51,10.3431,10.39,2661819,0.0
2016-01-15,10.58,10.59,10.49,10.51,3079532,0.0
2016-01-19,10.5,10.54,10.46,10.5,2814205,0.0
2016-01-20,10.61,10.71,10.594,10.64,3433235,0.0
2016-01-21,10.59,10.65,10.54,10.65,2209705,0.0
2016-01-22,10.59,10.645,10.57,10.59,2432716,0.0
2016-01-25,10.66,10.71,10.65,10.71,13376755,0.0
2016-01-26,10.74,10.84,10.72,10.83,3988834,0.0
2016-01-27,10.79,10.89,10.76,10.86,2736094,0.0
2016-01-28,10.76,10.78,10.74,10.75,2442632,0.0
2016-01-29,10.76,10.8,10.72,10.78,2375600,0.0
2016-02-01,10.85,10.91,10.85,10.91,4161283,0.0
2016-02-02,10.89,10.915,10.83,10.91,8696345,0.0
2016-02-03,10.9,11.06,10.8899,11.03,4055496,0.0
2016-02-04,11.15,11.18,11.09,11.17,4859968,0.0
2016-02-05,11.09,11.34,11.06,11.33,2869258,0.0
2016-02-08,11.47,11.59,11.443,11.5,7193785,0.0
2016-02-09,11.56,11.58,11.46,11.46,3717007,0.0
2016-02-10,11.5,11.56,11.4,11.54,2846289,0.0
2016-02-11,11.96,12.19,11.89,12.03,15730995,0.0
2016-02-12,11.93,11.98,11.9,11.94,5399250,0.0
2016-02-16,11.72,11.74,11.57,11.57,2875189,0.0
2016-02-17,11.65,11.72,11.595,11.64,5951540,0.0
2016-02-18,11.63,11.97,11.63,11.95,12549935,0.0
2016-02-19,11.84,11.91,11.82,11.86,2046025,0.0
2016-02-22,11.65,11.73,11.64,11.65,2042358,0.0
2016-02-23,11.77,11.85,11.76,11.84,2452415,0.0
2016-02-24,12.0,12.1,11.84,11.86,5181395,0.0
2016-02-25,11.88,11.9985,11.86,11.92,2919126,0.0
2016-02-26,11.86,11.8799,11.6951,11.81,2572410,0.0
2016-02-29,11.87,11.99,11.86,11.99,1802822,0.0
2016-03-01,11.98,11.99,11.84,11.88,4096822,0.0
2016-03-02,11.95,12.01,11.92,11.97,5760885,0.0
2016-03-03,12.0,12.24,11.99,12.17,2792518,0.0
2016-03-04,12.23,12.37,12.14,12.17,11099185,0.0
2016-03-07,12.23,12.27,12.15,12.23,4650764,0.0
2016-03-08,12.3,12.3,12.16,12.17,3594378,0.0
2016-03-09,12.04,12.15,12.0,12.08,3466507,0.0
2016-03-10,12.17,12.29,12.15,12.27,3475314,0.0
2016-03-11,12.23,12.25,12.045,12.06,2191352,0.0
2016-03-14,12.15,12.15,11.86,11.89,4962482,0.0
2016-03-15,11.88,11.91,11.85,11.91,2934162,0.0
2016-03-16,11.85,12.1899,11.84,12.16,3676800,0.0
2016-03-17,12.22,12.23,12.11,12.13,7298570,0.0
2016-03-18,12.07,12.14,12.06,12.1,3924765,0.0
2016-03-21,12.02,12.05,11.98,12.01,2514501,0.0
2016-03-22,12.08,12.13,12.01,12.05,2101055,0.0
2016-03-23,11.78,11.82,11.72,11.76,3460424,0.0
2016-03-24,11.78,11.805,11.74,11.75,13187071,0.0
2016-03-28,11.79,11.8,11.73,11.78,1801255,0.0
2016-03-29,11.85,11.99,11.795,11.98,6154805,0.0
2016-03-30,11.9,11.93,11.805,11.83,3039727,0.0
2016-03-31,11.93,11.955,11.87,11.88,3948037,0.0
2016-04-01,11.72,11.81,11.66,11.81,5737600,0.0
2016-04-04,11.77,11.78,11.72,11.72,2832160,0.0
2016-04-05,11.88,11.91,11.825,11.88,4417966,0.0
2016-04-06,11.79,11.85,11.735,11.81,4118701,0.0
2016-04-07,11.97,12.0,11.915,11.98,4257061,0.0
2016-04-08,11.92,11.99,11.91,11.96,4136577,0.0
2016-04-11,12.06,12.15,12.05,12.12,2427427,0.0
2016-04-12,12.14,12.15,12.07,12.13,2169844,0.0
2016-04-13,12.05,12.06,11.97,12.0,1902369,0.0
2016-04-14,11.92,11.93,11.8,11.83,2627606,0.0
2016-04-15,11.85,11.92,11.83,11.91,1242745,0.0
2016-04-18,11.96,11.97,11.87,11.87,2631715,0.0
2016-04-19,12.1,12.12,12.05,12.06,1963060,0.0
2016-04-20,12.09,12.12,11.9842,12.0,1854835,0.0
2016-04-21,12.16,12.17,12.0201,12.05,2499005,0.0
2016-04-22,11.99,12.0199,11.84,11.91,1648851,0.0
2016-04-25,11.92,11.99,11.92,11.93,1499521,0.0
2016-04-26,11.99,12.0,11.95,11.99,1301181,0.0
2016-04-27,12.01,12.08,11.95,12.02,2613634,0.0
2016-04-28,12.11,12.25,12.0899,12.23,2387981,0.0
2016-04-29,12.36,12.5099,12.35,12.48,19369057,0.0
2016-05-02,12.495,12.515,12.42,12.45,4116327,0.0
2016-05-03,12.5,12.5,12.37,12.42,3224103,0.0
2016-05-04,12.4,12.4363,12.27,12.36,3144033,0.0
2016-05-05,12.38,12.3899,12.24,12.34,5590895,0.0
2016-05-06,12.4,12.5,12.375,12.44,4173413,0.0
2016-05-09,12.24,12.2499,12.17,12.17,2677328,0.0
2016-05-10,12.19,12.25,12.1238,12.22,2189647,0.0
2016-05-11,12.31,12.33,12.25,12.33,1927942,0.0
2016-05-12,12.32,12.36,12.211,12.23,2668038,0.0
2016-05-13,12.22,12.3,12.18,12.28,1857908,0.0
2016-05-16,12.41,12.42,12.25,12.3,2339884,0.0
2016-05-17,12.28,12.37,12.26,12.34,3141702,0.0
2016-05-18,12.24,12.3099,12.1,12.11,5633470,0.0
2016-05-19,12.02,12.11,12.0,12.09,5598630,0.0
2016-05-20,12.12,12.147,12.04,12.06,2080556,0.0
2016-05-23,12.0,12.07,11.98,12.05,2179936,0.0
2016-05-24,11.92,11.94,11.83,11.84,5066760,0.0
2016-05-25,11.77,11.82,11.74,11.81,2272455,0.0
2016-05-26,11.865,11.87,11.75,11.76,2047589,0.0
2016-05-27,11.74,11.7475,11.63,11.68,4944232,0.0
2016-05-31,11.68,11.75,11.67,11.72,2054863,0.0
2016-06-01,11.7,11.73,11.63,11.69,2816447,0.0
2016-06-02,11.685,11.71,11.66,11.66,1554335,0.0
2016-06-03,11.93,12.0,11.93,11.98,2551381,0.0
2016-06-06,12.01,12.03,11.96,12.0,1999723,0.0
2016-06-07,11.97,12.02,11.95,11.99,1809128,0.0
2016-06-08,12.14,12.19,12.1362,12.18,1321668,0.0
2016-06-09,12.18,12.27,12.17,12.25,1804125,0.0
2016-06-10,12.275,12.33,12.23,12.3,2483810,0.0
2016-06-13,12.4,12.41,12.321,12.39,1897078,0.0
2016-06-14,12.43,12.43,12.35,12.4,2390915,0.0
2016-06-15,12.38,12.51,12.3601,12.49,4888364,0.0
2016-06-16,12.64,12.69,12.34,12.36,7333435,0.0
2016-06-17,12.45,12.54,12.3901,12.52,2582003,0.0
2016-06-20,12.35,12.45,12.33,12.45,1991619,0.0
2016-06-21,12.29,12.3042,12.195,12.21,2395628,0.0
2016-06-22,12.2,12.245,12.18,12.2,2683136,0.0
2016-06-23,12.16,12.22,12.12,12.12,3210486,0.0
2016-06-24,12.78,12.8,12.62,12.72,5428635,0.0
2016-06-27,12.77,12.83,12.706,12.8,6013670,0.0
2016-06-28,12.68,12.7299,12.63,12.66,3398577,0.0
2016-06-29,12.72,12.808,12.69,12.7,3098225,0.0
2016-06-30,12.71,12.78,12.68,12.76,31532955,0.0
2016-07-01,12.9,12.97,12.87,12.97,4455735,0.0
2016-07-05,13.0,13.09,12.94,13.08,2034196,0.0
2016-07-06,13.18,13.25,13.12,13.16,4034242,0.0
2016-07-07,13.11,13.14,13.0235,13.11,2754612,0.0
2016-07-08,13.12,13.18,13.0235,13.18,2449182,0.0
2016-07-11,13.08,13.12,13.04,13.07,2830461,0.0
2016-07-12,12.98,12.98,12.829,12.85,3091091,0.0
2016-07-13,12.93,12.975,12.89,12.96,1554553,0.0
2016-07-14,12.76,12.87,12.72,12.86,4416090,0.0
2016-07-15,12.77,12.85,12.76,12.82,2355149,0.0
2016-07-18,12.83,12.88,12.79,12.84,1733071,0.0
2016-07-19,12.82,12.87,12.8,12.85,1260499,0.0
2016-07-20,12.68,12.74,12.65,12.67,2100148,0.0
2016-07-21,12.7,12.86,12.68,12.86,2017525,0.0
2016-07-22,12.77,12.779,12.72,12.76,1089710,0.0
2016-07-25,12.68,12.75,12.6401,12.68,1461266,0.0
2016-07-26,12.74,12.74,12.7,12.73,1035665,0.0
2016-07-27,12.81,12.94,12.739,12.94,2513976,0.0
2016-07-28,12.94,12.95,12.84,12.89,1559388,0.0
2016-07-29,12.96,13.07,12.91,13.02,2020176,0.0
2016-08-01,12.98,13.06,12.9799,13.05,1924568,0.0
2016-08-02,13.13,13.18,13.12,13.16,1995165,0.0
2016-08-03,13.13,13.13,13.05,13.1,1451451,0.0
2016-08-04,13.13,13.159,13.11,13.12,1904672,0.0
2016-08-05,12.97,12.98,12.87,12.89,3388109,0.0
2016-08-08,12.86,12.9,12.85,12.88,1713175,0.0
2016-08-09,12.93,12.949,12.9,12.93,2119575,0.0
2016-08-10,13.05,13.05,12.94,12.99,2408736,0.0
2016-08-11,13.0,13.0499,12.875,12.9,4084278,0.0
2016-08-12,13.04,13.055,12.85,12.86,3592164,0.0
2016-08-15,12.9,12.96,12.89,12.91,1966355,0.0
2016-08-16,12.94,13.03,12.93,12.98,4517448,0.0
2016-08-17,12.95,13.03,12.88,12.98,3187537,0.0
2016-08-18,13.02,13.05,12.985,13.04,1949788,0.0
2016-08-19,12.94,12.99,12.91,12.93,2132320,0.0
2016-08-22,12.89,12.92,12.87,12.91,2154821,0.0
2016-08-23,12.94,12.97,12.89,12.9,5345800,0.0
2016-08-24,12.81,12.82,12.75,12.77,2347676,0.0
2016-08-25,12.72,12.76,12.72,12.75,1815326,0.0
2016-08-26,12.82,12.93,12.71,12.73,3272620,0.0
2016-08-29,12.72,12.7799,12.71,12.76,2634848,0.0
2016-08-30,12.7,12.72,12.615,12.64,2473044,0.0
2016-08-31,12.6,12.64,12.59,12.6,2266903,0.0
2016-09-01,12.6,12.68,12.58,12.65,3917856,0.0
2016-09-02,12.76,12.78,12.68,12.78,2546074,0.0
2016-09-06,12.86,13.035,12.85,13.01,3005052,0.0
2016-09-07,13.01,13.02,12.94,12.96,2889692,0.0
2016-09-08,12.95,12.98,12.87,12.88,2409654,0.0
2016-09-09,12.86,12.88,12.8,12.81,2171398,0.0
2016-09-12,12.76,12.82,12.73,12.78,2543787,0.0
2016-09-13,12.78,12.79,12.68,12.7,2018859,0.0
2016-09-14,12.74,12.78,12.73,12.74,1767951,0.0
2016-09-15,12.7,12.735,12.61,12.67,3714739,0.0
2016-09-16,12.61,12.65,12.59,12.64,1940927,0.0
2016-09-19,12.69,12.69,12.65,12.65,1705453,0.0
2016-09-20,12.65,12.69,12.64,12.67,2196087,0.0
2016-09-21,12.76,12.869,12.72,12.85,3715246,0.0
2016-09-22,12.88,12.95,12.88,12.89,5890295,0.0
2016-09-23,12.9,12.92,12.87,12.9,7731760,0.0
2016-09-26,12.93,12.94,12.8739,12.88,2094069,0.0
2016-09-27,12.82,12.82,12.765,12.8,2485995,0.0
2016-09-28,12.75,12.77,12.7,12.76,2167813,0.0
2016-09-29,12.72,12.77,12.68,12.73,2163628,0.0
2016-09-30,12.79,12.79,12.655,12.69,3150849,0.0
2016-10-03,12.67,12.678,12.62,12.66,2101678,0.0
2016-10-04,12.44,12.44,12.2,12.24,5079855,0.0
2016-10-05,12.25,12.28,12.16,12.22,5089810,0.0
2016-10-06,12.09,12.12,12.04,12.09,5496115,0.0
2016-10-07,12.16,12.18,11.96,12.1,5904195,0.0
2016-10-10,12.14,12.1601,12.1101,12.14,2010805,0.0
2016-10-11,12.11,12.14,12.07,12.09,2208389,0.0
2016-10-12,12.1,12.121,12.05,12.1,2003932,0.0
2016-10-13,12.13,12.16,12.1,12.13,3075299,0.0
2016-10-14,12.06,12.13,12.04,12.06,3067638,0.0
2016-10-17,12.09,12.119,12.08,12.09,1405925,0.0
2016-10-18,12.13,12.185,12.1008,12.16,1429845,0.0
2016-10-19,12.24,12.269,12.21,12.24,2190230,0.0
2016-10-20,12.27,12.28,12.185,12.19,3065831,0.0
2016-10-21,12.22,12.22,12.175,12.21,2137994,0.0
2016-10-24,12.26,12.26,12.14,12.18,1323832,0.0
2016-10-25,12.22,12.3,12.21,12.27,4643313,0.0
2016-10-26,12.26,12.28,12.181,12.21,2222250,0.0
2016-10-27,12.24,12.24,12.1926,12.23,958691,0.0
2016-10-28,12.25,12.375,12.2,12.29,2744778,0.0
2016-10-31,12.28,12.32,12.245,12.32,3112564,0.0
2016-11-01,12.41,12.45,12.38,12.39,4617328,0.0
2016-11-02,12.51,12.6,12.48,12.48,4998213,0.0
2016-11-03,12.46,12.56,12.46,12.55,3635583,0.0
2016-11-04,12.57,12.5887,12.53,12.56,4473331,0.0
2016-11-07,12.39,12.4,12.31,12.34,7898205,0.0
2016-11-08,12.34,12.435,12.26,12.29,19575623,0.0
2016-11-09,12.56,12.56,12.23,12.28,12985606,0.0
2016-11-10,12.27,12.28,12.06,12.1,13572835,0.0
2016-11-11,12.08,12.09,11.74,11.83,13802705,0.0
2016-11-14,11.72,11.83,11.67,11.73,8680370,0.0
2016-11-15,11.77,11.84,11.75,11.83,4932941,0.0
2016-11-16,11.84,11.85,11.77,11.79,8147580,0.0
2016-11-17,11.81,11.84,11.66,11.74,6584655,0.0
2016-11-18,11.66,11.7,11.61,11.63,4430762,0.0
2016-11-21,11.69,11.71,11.6432,11.68,3492197,0.0
2016-11-22,11.69,11.7,11.615,11.67,4262924,0.0
2016-11-23,11.5,11.51,11.38,11.43,8021955,0.0
2016-11-25,11.45,11.47,11.35,11.37,2328452,0.0
2016-11-28,11.44,11.51,11.3901,11.5,3854672,0.0
2016-11-29,11.4,11.4667,11.385,11.44,3131713,0.0
2016-11-30,11.38,11.4,11.27,11.29,8554850,0.0
2016-12-01,11.23,11.31,11.172,11.27,5364490,0.0
2016-12-02,11.3,11.342,11.29,11.32,4023158,0.0
2016-12-05,11.24,11.33,11.14,11.26,4057242,0.0
2016-12-06,11.28,11.32,11.23,11.26,3481221,0.0
2016-12-07,11.33,11.3613,11.29,11.29,3844109,0.0
2016-12-08,11.28,11.3,11.26,11.27,3246610,0.0
2016-12-09,11.24,11.24,11.135,11.16,5491130,0.0
2016-12-12,11.17,11.23,11.14,11.19,4591918,0.0
2016-12-13,11.17,11.19,11.12,11.16,5381180,0.0
2016-12-14,11.2,11.21,10.961,11.0,6411740,0.0
2016-12-15,10.89,10.91,10.81,10.86,7827565,0.0
2016-12-16,10.9,10.99,10.86,10.91,4119681,0.0
2016-12-19,10.98,11.01,10.95,10.97,4101868,0.0
2016-12-20,10.87,10.915,10.84,10.89,3897192,0.0
2016-12-21,10.93,10.95,10.88,10.9,3904773,0.0
2016-12-22,10.88,10.925,10.86,10.86,3495461,0.0
2016-12-23,10.89,10.9357,10.89,10.9,2858066,0.0
2016-12-27,10.97,10.98,10.9333,10.97,4880458,0.0
2016-12-28,10.95,11.01,10.94,10.99,5643815,0.0
2016-12-29,11.03,11.1654,11.0228,11.14,5385365,0.0
2016-12-30,11.15,11.18,11.07,11.08,4975023,0.0
2017-01-03,11.09,11.22,11.05,11.16,3968855,0.0
2017-01-04,11.23,11.24,11.18,11.21,4430181,0.0
2017-01-05,11.33,11.415,11.325,11.38,7166965,0.0
2017-01-06,11.3,11.3599,11.27,11.3,5212495,0.0
2017-01-09,11.35,11.42,11.34,11.38,3307984,0.0
2017-01-10,11.41,11.47,11.38,11.44,3072164,0.0
2017-01-11,11.41,11.54,11.33,11.46,5062740,0.0
2017-01-12,11.58,11.62,11.5,11.51,3777557,0.0
2017-01-13,11.49,11.55,11.44,11.55,2644133,0.0
2017-01-17,11.71,11.72,11.67,11.71,3179652,0.0
2017-01-18,11.7,11.719,11.5701,11.6,3866045,0.0
2017-01-19,11.56,11.62,11.51,11.59,4924721,0.0
2017-01-20,11.59,11.7,11.55,11.62,2991022,0.0
2017-01-23,11.68,11.74,11.6431,11.7,3400800,0.0
2017-01-24,11.69,11.73,11.62,11.65,3149255,0.0
2017-01-25,11.54,11.57,11.49,11.56,3456033,0.0
2017-01-26,11.45,11.47,11.4,11.44,4651797,0.0
2017-01-27,11.41,11.48,11.4,11.46,4372311,0.0
2017-01-30,11.48,11.5463,11.47,11.52,4330194,0.0
2017-01-31,11.65,11.71,11.64,11.67,5960050,0.0
2017-02-01,11.59,11.6699,11.535,11.64,4900004,0.0
2017-02-02,11.75,11.78,11.68,11.7,3521876,0.0
2017-02-03,11.7,11.76,11.69,11.74,3277573,0.0
2017-02-06,11.83,11.9,11.8,11.9,2819853,0.0
2017-02-07,11.86,11.9,11.84,11.87,2882610,0.0
2017-02-08,11.94,11.99,11.9,11.94,3311736,0.0
2017-02-09,11.95,11.98,11.8437,11.86,3942453,0.0
2017-02-10,11.8,11.91,11.79,11.89,3744683,0.0
2017-02-13,11.8,11.82,11.74,11.81,2682709,0.0
2017-02-14,11.88,11.88,11.76,11.82,4425035,0.0
2017-02-15,11.75,11.88,11.75,11.87,3741853,0.0
2017-02-16,11.92,11.96,11.91,11.93,6999900,0.0
2017-02-17,11.95,11.965,11.89,11.89,2761612,0.0
2017-02-21,11.83,11.93,11.8,11.9,2573998,0.0
2017-02-22,11.92,11.93,11.85,11.91,3702314,0.0
2017-02-23,12.0,12.05,11.99,12.03,2844063,0.0
2017-02-24,12.1,12.12,12.05,12.09,2416745,0.0
2017-02-27,12.1,12.17,12.04,12.04,3183746,0.0
2017-02-28,12.11,12.12,12.01,12.04,3075919,0.0
2017-03-01,11.93,12.04,11.92,12.04,3698419,0.0
2017-03-02,11.91,11.96,11.85,11.89,14102020,0.0
2017-03-03,11.83,11.9,11.77,11.88,3982764,0.0
2017-03-06,11.86,11.8699,11.79,11.8,2572498,0.0
2017-03-07,11.73,11.75,11.68,11.71,3014412,0.0
2017-03-08,11.63,11.66,11.62,11.63,4213617,0.0
2017-03-09,11.6,11.62,11.56,11.57,2491586,0.0
2017-03-10,11.57,11.6,11.53,11.59,2828530,0.0
2017-03-13,11.59,11.62,11.57,11.59,2347711,0.0
2017-03-14,11.57,11.6201,11.52,11.54,2296790,0.0
2017-03-15,11.56,11.75,11.53,11.74,4206998,0.0
2017-03-16,11.86,11.86,11.79,11.81,2524657,0.0
2017-03-17,11.83,11.855,11.82,11.82,2779309,0.0
2017-03-20,11.86,11.89,11.85,11.8813,1810257,0.0
2017-03-21,11.9,12.01,11.9,11.98,4187771,0.0
2017-03-22,12.02,12.05,11.995,12.02,2897556,0.0
2017-03-23,12.05,12.06,11.96,11.99,2785857,0.0
2017-03-24,11.99,12.05,11.97,12.01,2603663,0.0
2017-03-27,12.13,12.14,12.05,12.08,3264190,0.0
2017-03-28,12.11,12.11,12.0,12.04,2575101,0.0
2017-03-29,12.05,12.075,12.0338,12.07,2060808,0.0
2017-03-30,12.0,12.04,11.96,11.97,2093835,0.0
2017-03-31,11.99,12.04,11.97,12.01,2616528,0.0
2017-04-03,12.0,12.07,11.99,12.07,2369058,0.0
2017-04-04,12.09,12.11,12.066,12.09,2325361,0.0
2017-04-05,11.99,12.1,11.97,12.1,3600952,0.0
2017-04-06,12.05,12.07,12.03,12.05,3140348,0.0
2017-04-07,12.16,12.2,12.04,12.08,3750806,0.0
2017-04-10,12.04,12.1,12.02,12.08,4928806,0.0
2017-04-11,12.16,12.27,12.16,12.24,3901679,0.0
2017-04-12,12.27,12.36,12.24,12.34,6790630,0.0
2017-04-13,12.39,12.4,12.3338,12.4,2270704,0.0
2017-04-17,12.39,12.44,12.33,12.35,2883596,0.0
2017-04-18,12.38,12.44,12.305,12.41,4153728,0.0
2017-04-19,12.36,12.36,12.26,12.31,3891088,0.0
2017-04-20,12.31,12.35,12.28,12.33,2563153,0.0
2017-04-21,12.35,12.395,12.31,12.37,4176365,0.0
2017-04-24,12.21,12.29,12.2,12.29,2727236,0.0
2017-04-25,12.19,12.22,12.14,12.16,3812255,0.0
2017-04-26,12.16,12.23,12.12,12.22,3547309,0.0
2017-04-27,12.18,12.19,12.13,12.18,3710373,0.0
2017-04-28,12.16,12.21,12.16,12.21,3738596,0.0
2017-05-01,12.16,12.21,12.065,12.09,4010285,0.0
2017-05-02,12.06,12.1,12.05,12.1,2673812,0.0
2017-05-03,12.05,12.06,11.92,11.92,14429861,0.0
2017-05-04,11.8,11.86,11.79,11.81,3749590,0.0
2017-05-05,11.81,11.84,11.79,11.82,2132931,0.0
2017-05-08,11.83,11.85,11.79,11.8,2069794,0.0
2017-05-09,11.75,11.75,11.68,11.73,4799683,0.0
2017-05-10,11.77,11.78,11.71,11.74,2802757,0.0
2017-05-11,11.75,11.81,11.74,11.77,2903064,0.0
2017-05-12,11.83,11.85,11.8,11.81,1798148,0.0
2017-05-15,11.88,11.89,11.83,11.85,2161637,0.0
2017-05-16,11.88,11.925,11.87,11.89,2427537,0.0
2017-05-17,12.07,12.14,12.06,12.12,4267133,0.0
2017-05-18,12.11,12.12,11.98,12.02,3174648,0.0
2017-05-19,12.07,12.0864,12.02,12.08,3766019,0.0
2017-05-22,12.09,12.15,12.09,12.12,3343867,0.0
2017-05-23,12.15,12.151,12.03,12.05,2891677,0.0
2017-05-24,12.05,12.1034,12.02,12.1,2463332,0.0
2017-05-25,12.09,12.105,12.06,12.09,1993368,0.0
2017-05-26,12.18,12.22,12.165,12.19,2337099,0.0
2017-05-30,12.16,12.17,12.13,12.14,2709190,0.0
2017-05-31,12.17,12.26,12.16,12.2,3018903,0.0
2017-06-01,12.16,12.21,12.14,12.21,2757145,0.0
2017-06-02,12.26,12.31,12.25,12.29,3971105,0.0
2017-06-05,12.32,12.33,12.2921,12.31,2977915,0.0
2017-06-06,12.45,12.47,12.41,12.45,10758595,0.0
2017-06-07,12.41,12.45,12.335,12.39,4303465,0.0
2017-06-08,12.34,12.35,12.23,12.3,4691743,0.0
2017-06-09,12.18,12.23,12.17,12.2,4455570,0.0
2017-06-12,12.16,12.2,12.16,12.17,6246565,0.0
2017-06-13,12.13,12.2099,12.1222,12.19,3593205,0.0
2017-06-14,12.29,12.32,12.09,12.12,5755465,0.0
2017-06-15,12.06,12.0866,12.04,12.07,2368598,0.0
2017-06-16,12.06,12.0899,12.05,12.07,2162578,0.0
2017-06-19,12.0,12.02,11.96,11.98,2403859,0.0
2017-06-20,11.97,11.98,11.94,11.95,2735558,0.0
2017-06-21,11.95,12.0,11.95,11.98,4568300,0.0
2017-06-22,12.05,12.0501,11.9935,12.03,3417769,0.0
2017-06-23,12.1,12.11,12.06,12.08,3460888,0.0
2017-06-26,11.96,11.99,11.95,11.96,3732232,0.0
2017-06-27,12.02,12.039,11.98,12.02,4738829,0.0
2017-06-28,12.04,12.04,12.0,12.03,3480046,0.0
2017-06-29,11.94,12.0,11.92,11.96,4307050,0.0
2017-06-30,11.94,11.98,11.93,11.94,2665329,0.0
2017-07-03,11.78,11.82,11.73,11.73,4132202,0.0
2017-07-05,11.72,11.8,11.72,11.79,3499445,0.0
2017-07-06,11.79,11.795,11.75,11.77,3637069,0.0
2017-07-07,11.71,11.71,11.6141,11.65,5335700,0.0
2017-07-10,11.63,11.69,11.61,11.67,3136653,0.0
2017-07-11,11.65,11.71,11.62,11.69,3458834,0.0
2017-07-12,11.75,11.77,11.72,11.73,2389621,0.0
2017-07-13,11.74,11.74,11.7,11.71,3107748,0.0
2017-07-14,11.83,11.855,11.795,11.81,2612920,0.0
2017-07-17,11.87,11.89,11.85,11.86,2326266,0.0
2017-07-18,11.93,11.97,11.92,11.95,3280642,0.0
2017-07-19,11.95,11.97,11.92,11.93,2327741,0.0
2017-07-20,11.93,12.0,11.9,11.95,3309803,0.0
2017-07-21,12.03,12.08,12.01,12.06,5203895,0.0
2017-07-24,12.09,12.1,12.0531,12.08,2529414,0.0
2017-07-25,12.03,12.07,12.01,12.03,9962035,0.0
2017-07-26,11.99,12.15,11.98,12.12,6538740,0.0
2017-07-27,12.15,12.15,12.07,12.11,3614944,0.0
2017-07-28,12.16,12.22,12.15,12.21,2422501,0.0
2017-07-31,12.19,12.22,12.18,12.22,3470851,0.0
2017-08-01,12.17,12.25,12.17,12.21,3441274,0.0
2017-08-02,12.18,12.24,12.17,12.17,2455068,0.0
2017-08-03,12.17,12.22,12.17,12.2,3208384,0.0
2017-08-04,12.14,12.1466,12.06,12.11,3580909,0.0
2017-08-07,12.09,12.12,12.08,12.1,2701882,0.0
2017-08-08,12.14,12.15,12.03,12.12,5011460,0.0
2017-08-09,12.24,12.3,12.215,12.26,12233880,0.0
2017-08-10,12.35,12.38,12.34,12.36,9623415,0.0
2017-08-11,12.365,12.42,12.34,12.41,6024835,0.0
2017-08-14,12.34,12.37,12.31,12.32,5021350,0.0
2017-08-15,12.2,12.26,12.19,12.23,3202302,0.0
2017-08-16,12.21,12.35,12.2,12.33,2849456,0.0
2017-08-17,12.36,12.4,12.32,12.39,9451446,0.0
2017-08-18,12.48,12.5,12.35,12.37,8055950,0.0
2017-08-21,12.4,12.44,12.39,12.41,3487010,0.0
2017-08-22,12.4,12.4,12.3244,12.36,4739846,0.0
2017-08-23,12.4,12.41,12.37,12.4,2897818,0.0
2017-08-24,12.38,12.4068,12.35,12.36,4135214,0.0
2017-08-25,12.42,12.44,12.26,12.42,10072300,0.0
2017-08-28,12.47,12.62,12.47,12.6,5591520,0.0
2017-08-29,12.72,12.73,12.545,12.58,13483350,0.0
2017-08-30,12.58,12.6,12.559,12.58,4598947,0.0
2017-08-31,12.6,12.73,12.59,12.72,4930841,0.0
2017-09-01,12.75,12.75,12.6528,12.75,6086705,0.0
2017-09-05,12.81,12.93,12.8,12.89,6014320,0.0
2017-09-06,12.88,12.89,12.8,12.83,4324417,0.0
2017-09-07,12.91,12.98,12.89,12.96,6461335,0.0
2017-09-08,12.96,12.98,12.905,12.95,5838525,0.0
2017-09-11,12.82,12.84,12.75,12.76,5437135,0.0
2017-09-12,12.74,12.81,12.74,12.8,4564140,0.0
2017-09-13,12.79,12.79,12.69,12.71,3828482,0.0
2017-09-14,12.71,12.79,12.701,12.76,3345490,0.0
2017-09-15,12.75,12.75,12.68,12.7,2434144,0.0
2017-09-18,12.61,12.62,12.54,12.57,3781988,0.0
2017-09-19,12.59,12.61,12.54,12.6,3583462,0.0
2017-09-20,12.61,12.64,12.455,12.5,6797425,0.0
2017-09-21,12.4,12.45,12.39,12.41,3621712,0.0
2017-09-22,12.45,12.48,12.43,12.47,3645528,0.0
2017-09-25,12.42,12.61,12.41,12.6,14684130,0.0
2017-09-26,12.5,12.53,12.43,12.46,5533915,0.0
2017-09-27,12.35,12.39,12.33,12.33,4360929,0.0
2017-09-28,12.35,12.39,12.32,12.36,5649635,0.0
2017-09-29,12.37,12.379,12.3,12.31,3915781,0.0
2017-10-02,12.26,12.2765,12.21,12.21,5020435,0.0
2017-10-03,12.22,12.25,12.21,12.22,4481454,0.0
2017-10-04,12.26,12.27,12.21,12.25,6019515,0.0
2017-10-05,12.26,12.27,12.18,12.19,8880460,0.0
2017-10-06,12.16,12.26,12.11,12.24,5806620,0.0
2017-10-09,12.3,12.35,12.2938,12.35,1339205,0.0
2017-10-10,12.4,12.44,12.38,12.39,3577931,0.0
2017-10-11,12.4,12.43,12.34,12.43,4107422,0.0
2017-10-12,12.43,12.45,12.39,12.43,1820320,0.0
2017-10-13,12.51,12.54,12.48,12.54,2317454,0.0
2017-10-16,12.53,12.549,12.4,12.45,5874345,0.0
2017-10-17,12.35,12.38,12.32,12.36,4726501,0.0
2017-10-18,12.32,12.3388,12.3,12.31,9404191,0.0
2017-10-19,12.36,12.4,12.35,12.39,5898020,0.0
2017-10-20,12.31,12.34,12.28,12.3,2971150,0.0
2017-10-23,12.24,12.33,12.23,12.33,2593095,0.0
2017-10-24,12.27,12.32,12.24,12.27,7514055,0.0
2017-10-25,12.28,12.3,12.23,12.29,4709356,0.0
2017-10-26,12.26,12.26,12.16,12.18,4536944,0.0
2017-10-27,12.18,12.24,12.16,12.23,8895520,0.0
2017-10-30,12.24,12.29,12.22,12.26,3164882,0.0
2017-10-31,12.22,12.23,12.185,12.21,3401858,0.0
2017-11-01,12.24,12.3,12.22,12.25,6237100,0.0
2017-11-02,12.27,12.34,12.25,12.27,3366662,0.0
2017-11-03,12.28,12.29,12.16,12.21,3280959,0.0
2017-11-06,12.21,12.33,12.21,12.31,3437132,0.0
2017-11-07,12.29,12.3,12.22,12.26,3664122,0.0
2017-11-08,12.34,12.37,12.3,12.31,3817942,0.0
2017-11-09,12.33,12.39,12.32,12.35,7256370,0.0
2017-11-10,12.34,12.36,12.2329,12.26,3868202,0.0
2017-11-13,12.29,12.3,12.27,12.28,2448672,0.0
2017-11-14,12.24,12.3399,12.22,12.31,3542445,0.0
2017-11-15,12.36,12.38,12.27,12.28,4131501,0.0
2017-11-16,12.29,12.315,12.27,12.29,2143523,0.0
2017-11-17,12.36,12.465,12.34,12.43,3562888,0.0
2017-11-20,12.38,12.39,12.25,12.28,5190125,0.0
2017-11-21,12.31,12.3465,12.2901,12.3,4633944,0.0
2017-11-22,12.37,12.44,12.36,12.42,8202566,0.0
2017-11-24,12.39,12.41,12.3649,12.38,1741780,0.0
2017-11-27,12.47,12.48,12.4135,12.44,4048968,0.0
2017-11-28,12.45,12.46,12.4,12.43,5291955,0.0
2017-11-29,12.37,12.376,12.319,12.35,3792790,0.0
2017-11-30,12.29,12.31,12.2,12.25,4079002,0.0
2017-12-01,12.24,12.39,12.21,12.3,5009260,0.0
2017-12-04,12.26,12.27,12.23,12.27,3033294,0.0
2017-12-05,12.19,12.2,12.11,12.17,4509634,0.0
2017-12-06,12.15,12.19,12.13,12.15,3715041,0.0
2017-12-07,12.04,12.06,11.95,11.99,4212875,0.0
2017-12-08,12.01,12.03,11.97,11.99,4416027,0.0
2017-12-11,11.98,12.0,11.92,11.94,3206472,0.0
2017-12-12,11.92,11.96,11.88,11.96,3898355,0.0
2017-12-13,11.95,12.0797,11.94,12.06,5267215,0.0
2017-12-14,12.06,12.07,12.01,12.04,7155650,0.0
2017-12-15,12.09,12.1,12.04,12.06,4236818,0.0
2017-12-18,12.1,12.15,12.1,12.11,3176144,0.0
2017-12-19,12.12,12.13,12.09,12.12,3447618,0.0
2017-12-20,12.13,12.18,12.12,12.15,7284565,0.0
2017-12-21,12.15,12.19,12.14,12.18,5167965,0.0
2017-12-22,12.21,12.26,12.2,12.25,4459753,0.0
2017-12-26,12.31,12.33,12.29,12.32,1993225,0.0
2017-12-27,12.34,12.38,12.33,12.38,3350297,0.0
2017-12-28,12.43,12.45,12.4,12.44,3633811,0.0
2017-12-29,12.51,12.56,12.5,12.51,5793135,0.0
2018-01-02,12.62,12.67,12.59,12.67,5181470,0.0
2018-01-03,12.66,12.66,12.5601,12.64,7576265,0.0
2018-01-04,12.64,12.74,12.62,12.71,6067365,0.0
2018-01-05,12.64,12.7,12.63,12.69,6636530,0.0
2018-01-08,12.69,12.69,12.64,12.69,6468685,0.0
2018-01-09,12.61,12.64,12.57,12.63,5104335,0.0
2018-01-10,12.67,12.6867,12.6259,12.66,5813065,0.0
2018-01-11,12.68,12.72,12.68,12.69,4295416,0.0
2018-01-12,12.76,12.87,12.73,12.86,6652685,0.0
2018-01-16,12.82,12.87,12.79,12.86,3647956,0.0
2018-01-17,12.84,12.88,12.74,12.77,11110455,0.0
2018-01-18,12.79,12.8,12.73,12.75,9280135,0.0
2018-01-19,12.8,12.83,12.78,12.78,3459444,0.0
2018-01-22,12.81,12.83,12.78,12.81,3357946,0.0
2018-01-23,12.81,12.89,12.78,12.88,5581185,0.0
2018-01-24,13.0,13.08,12.98,13.05,7793810,0.0
2018-01-25,13.03,13.11,12.89,12.94,9972410,0.0
2018-01-26,12.98,13.01,12.95,12.97,7175380,0.0
2018-01-29,12.92,12.92,12.84,12.88,3987143,0.0
2018-01-30,12.94,12.95,12.83,12.83,4766098,0.0
2018-01-31,12.9,12.94,12.791,12.92,10433580,0.0
2018-02-01,12.88,12.97,12.86,12.97,6675995,0.0
2018-02-02,12.84,12.84,12.75,12.8,7690415,0.0
2018-02-05,12.84,12.8858,12.795,12.85,9007020,0.0
2018-02-06,12.81,12.82,12.67,12.69,9767555,0.0
2018-02-07,12.69,12.73,12.5948,12.62,5694150,0.0
2018-02-08,12.65,12.695,12.6,12.65,6061895,0.0
2018-02-09,12.62,12.67,12.59,12.63,5756980,0.0
2018-02-12,12.66,12.739,12.66,12.68,5811605,0.0
2018-02-13,12.74,12.77,12.7,12.76,4087054,0.0
2018-02-14,12.8,13.02,12.78,12.98,9757375,0.0
2018-02-15,13.01,13.02,12.95,12.99,6957315,0.0
2018-02-16,12.98,13.03,12.915,12.95,6809420,0.0
2018-02-20,12.88,12.9,12.75,12.77,6761020,0.0
2018-02-21,12.8,12.83,12.7,12.71,6948295,0.0
2018-02-22,12.74,12.79,12.74,12.79,4083749,0.0
2018-02-23,12.77,12.78,12.74,12.77,3359020,0.0
2018-02-26,12.79,12.82,12.77,12.79,4613785,0.0
2018-02-27,12.77,12.77,12.61,12.65,8454465,0.0
2018-02-28,12.66,12.69,12.6362,12.66,4203688,0.0
2018-03-01,12.57,12.69,12.5,12.62,6123710,0.0
2018-03-02,12.72,12.72,12.65,12.68,7766245,0.0
2018-03-05,12.69,12.7,12.65,12.66,4704573,0.0
2018-03-06,12.76,12.85,12.76,12.8,6466305,0.0
2018-03-07,12.78,12.78,12.6917,12.71,7195655,0.0
2018-03-08,12.73,12.73,12.66,12.69,6679200,0.0
2018-03-09,12.65,12.72,12.63,12.7,5040445,0.0
2018-03-12,12.66,12.71,12.63,12.7,3345374,0.0
2018-03-13,12.71,12.75,12.66,12.73,4769986,0.0
2018-03-14,12.71,12.73,12.685,12.72,9817460,0.0
2018-03-15,12.67,12.68,12.62,12.64,6718615,0.0
2018-03-16,12.64,12.64,12.571,12.61,9487990,0.0
2018-03-19,12.61,12.67,12.59,12.64,5005780,0.0
2018-03-20,12.6,12.61,12.55,12.58,5434700,0.0
2018-03-21,12.69,12.83,12.65,12.8,9498430,0.0
2018-03-22,12.77,12.79,12.72,12.75,6592680,0.0
2018-03-23,12.95,12.97,12.9,12.93,8026850,0.0
2018-03-26,12.97,13.02,12.96,12.99,5914975,0.0
2018-03-27,12.89,12.92,12.86,12.91,5158465,0.0
2018-03-28,12.81,12.82,12.7,12.73,7605410,0.0
2018-03-29,12.69,12.7362,12.68,12.73,4740761,0.0
2018-04-02,12.81,12.91,12.7962,12.89,7523755,0.0
2018-04-03,12.81,12.82,12.76,12.79,6692370,0.0
2018-04-04,12.91,12.91,12.79,12.81,8125375,0.0
2018-04-05,12.71,12.7658,12.7,12.74,9915745,0.0
2018-04-06,12.81,12.82,12.77,12.81,6317950,0.0
2018-04-09,12.81,12.8499,12.78,12.84,7015855,0.0
2018-04-10,12.86,12.89,12.825,12.88,6103830,0.0
2018-04-11,12.98,13.11,12.94,12.97,9584575,0.0
2018-04-12,12.9,12.9,12.8,12.82,6867755,0.0
2018-04-13,12.86,12.93,12.86,12.91,6162405,0.0
2018-04-16,12.94,12.97,12.91,12.93,4774291,0.0
2018-04-17,12.87,12.94,12.86,12.94,5104530,0.0
2018-04-18,13.0,13.02,12.935,12.94,6278315,0.0
2018-04-19,12.94,12.95,12.87,12.93,7090660,0.0
2018-04-20,12.83,12.86,12.81,12.82,6171520,0.0
2018-04-23,12.72,12.74,12.69,12.72,4951492,0.0
2018-04-24,12.74,12.79,12.72,12.79,5928660,0.0
2018-04-25,12.68,12.71,12.66,12.69,4680779,0.0
2018-04-26,12.72,12.72,12.62,12.65,6874665,0.0
2018-04-27,12.68,12.72,12.67,12.71,4509068,0.0
2018-04-30,12.6,12.68,12.57,12.62,6894685,0.0
2018-05-01,12.55,12.5578,12.495,12.53,7395840,0.0
2018-05-02,12.54,12.61,12.51,12.53,7750820,0.0
2018-05-03,12.63,12.637,12.58,12.59,5397430,0.0
2018-05-04,12.57,12.62,12.56,12.62,5254170,0.0
2018-05-07,12.61,12.63,12.58,12.62,4613667,0.0
2018-05-08,12.58,12.65,12.53,12.62,8403856,0.0
2018-05-09,12.61,12.6452,12.58,12.6,7119140,0.0
2018-05-10,12.67,12.699,12.631,12.67,6211485,0.0
2018-05-11,12.72,12.72,12.65,12.65,4773207,0.0
2018-05-14,12.67,12.68,12.6,12.61,6928300,0.0
2018-05-15,12.44,12.44,12.36,12.4,6880840,0.0
2018-05-16,12.4,12.415,12.35,12.39,5251670,0.0
2018-05-17,12.38,12.4,12.35,12.38,5230330,0.0
2018-05-18,12.36,12.42,12.35,12.4,4817462,0.0
2018-05-21,12.38,12.41,12.35,12.41,2858284,0.0
2018-05-22,12.43,12.43,12.39,12.4,3667760,0.0
2018-05-23,12.36,12.43,12.36,12.41,6084590,0.0
2018-05-24,12.46,12.54,12.46,12.51,6663645,0.0
2018-05-25,12.51,12.53,12.47,12.48,3963283,0.0
2018-05-29,12.43,12.52,12.42,12.48,17877805,0.0
2018-05-30,12.48,12.515,12.47,12.49,6747155,0.0
2018-05-31,12.48,12.53,12.46,12.46,15764115,0.0
2018-06-01,12.41,12.465,12.39,12.41,9770410,0.0
2018-06-04,12.45,12.45,12.39,12.39,15635015,0.0
2018-06-05,12.42,12.48,12.38,12.44,5913420,0.0
2018-06-06,12.47,12.49,12.415,12.44,11184720,0.0
2018-06-07,12.44,12.47,12.425,12.44,5564140,0.0
2018-06-08,12.47,12.47,12.4405,12.46,4130691,0.0
2018-06-11,12.46,12.5,12.45,12.47,3522967,0.0
2018-06-12,12.44,12.475,12.42,12.43,5953885,0.0
2018-06-13,12.44,12.4872,12.4,12.47,8259060,0.0
2018-06-14,12.51,12.545,12.49,12.5,5822050,0.0
2018-06-15,12.38,12.38,12.2332,12.29,8826500,0.0
2018-06-18,12.29,12.3,12.25,12.26,4529678,0.0
2018-06-19,12.23,12.26,12.21,12.23,4923845,0.0
2018-06-20,12.23,12.24,12.17,12.18,4407894,0.0
2018-06-21,12.15,12.19,12.13,12.15,6213410,0.0
2018-06-22,12.18,12.19,12.16,12.18,3759131,0.0
2018-06-25,12.15,12.18,12.1338,12.14,3791161,0.0
2018-06-26,12.09,12.11,12.06,12.07,5432650,0.0
2018-06-27,12.04,12.06,12.0,12.0,10120290,0.0
2018-06-28,12.02,12.02,11.95,11.97,6839040,0.0
2018-06-29,12.0,12.0484,11.97,12.02,4931517,0.0
2018-07-02,11.98,11.98,11.89,11.9,9344635,0.0
2018-07-03,11.98,12.06,11.98,12.01,5456040,0.0
2018-07-05,12.04,12.0899,12.03,12.05,4457835,0.0
2018-07-06,12.06,12.06,12.02,12.03,10642750,0.0
2018-07-09,12.12,12.13,12.06,12.06,5738175,0.0
2018-07-10,12.04,12.05,12.01,12.04,5843255,0.0
2018-07-11,12.0,12.01,11.9,11.9,5842025,0.0
2018-07-12,11.95,11.98,11.94,11.95,7196405,0.0
2018-07-13,11.91,11.93,11.89,11.9,6047160,0.0
2018-07-16,11.9,11.9199,11.8719,11.91,4033869,0.0
2018-07-17,11.82,11.84,11.76,11.77,5448475,0.0
2018-07-18,11.75,11.79,11.73,11.77,7856755,0.0
2018-07-19,11.65,11.79,11.65,11.73,7134055,0.0
2018-07-20,11.78,11.82,11.77,11.81,5075990,0.0
2018-07-23,11.77,11.78,11.72,11.75,5738115,0.0
2018-07-24,11.76,11.79,11.74,11.75,4509277,0.0
2018-07-25,11.82,11.83,11.7742,11.82,4742341,0.0
2018-07-26,11.77,11.8,11.72,11.73,4391923,0.0
2018-07-27,11.73,11.77,11.72,11.73,4714282,0.0
2018-07-30,11.72,11.75,11.71,11.72,3339836,0.0
2018-07-31,11.69,11.785,11.6801,11.74,6170730,0.0
2018-08-01,11.7,11.72,11.66,11.66,4459106,0.0
2018-08-02,11.66,11.67,11.59,11.59,4190307,0.0
2018-08-03,11.66,11.7,11.63,11.64,4592482,0.0
2018-08-06,11.6,11.62,11.58,11.58,5827870,0.0
2018-08-07,11.63,11.64,11.59,11.6,3681463,0.0
2018-08-08,11.63,11.65,11.59,11.63,5491655,0.0
2018-08-09,11.65,11.66,11.62,11.62,2443417,0.0
2018-08-10,11.63,11.67,11.61,11.61,6617300,0.0
2018-08-13,11.53,11.53,11.42,11.45,6043065,0.0
2018-08-14,11.47,11.5,11.43,11.46,5390770,0.0
2018-08-15,11.36,11.37,11.25,11.27,8177485,0.0
2018-08-16,11.28,11.33,11.25,11.26,5078455,0.0
2018-08-17,11.31,11.36,11.28,11.35,6630845,0.0
2018-08-20,11.38,11.42,11.36,11.41,5800145,0.0
2018-08-21,11.43,11.46,11.39,11.45,4497333,0.0
2018-08-22,11.49,11.5,11.45,11.47,4147350,0.0
2018-08-23,11.41,11.44,11.35,11.37,5920600,0.0
2018-08-24,11.48,11.59,11.47,11.56,5922610,0.0
2018-08-27,11.57,11.63,11.56,11.6,7415450,0.0
2018-08-28,11.63,11.64,11.5,11.52,7751955,0.0
2018-08-29,11.56,11.57,11.53,11.57,5361775,0.0
2018-08-30,11.54,11.549,11.47,11.51,6744125,0.0
2018-08-31,11.53,11.56,11.4901,11.5,5830215,0.0
2018-09-04,11.43,11.455,11.4,11.45,13062225,0.0
2018-09-05,11.48,11.49,11.46,11.48,11179305,0.0
2018-09-06,11.54,11.5737,11.47,11.51,7298845,0.0
2018-09-07,11.48,11.51,11.445,11.46,5150880,0.0
2018-09-10,11.48,11.49,11.45,11.46,5132365,0.0
2018-09-11,11.41,11.49,11.39,11.48,3629472,0.0
2018-09-12,11.46,11.59,11.45,11.56,7035755,0.0
2018-09-13,11.62,11.63,11.505,11.52,6076400,0.0
2018-09-14,11.52,11.54,11.44,11.46,7055065,0.0
2018-09-17,11.5,11.56,11.5,11.5,4290009,0.0
2018-09-18,11.52,11.54,11.47,11.49,7354415,0.0
2018-09-19,11.53,11.5679,11.52,11.53,5028580,0.0
2018-09-20,11.57,11.59,11.53,11.57,5472070,0.0
2018-09-21,11.44,11.5123,11.43,11.49,7995180,0.0
2018-09-24,11.52,11.55,11.49,11.49,3839205,0.0
2018-09-25,11.52,11.54,11.5,11.52,2701707,0.0
2018-09-26,11.46,11.51,11.4137,11.45,6514860,0.0
2018-09-27,11.36,11.39,11.33,11.36,6414460,0.0
2018-09-28,11.37,11.45,11.35,11.43,3759884,0.0
2018-10-01,11.39,11.41,11.36,11.4,5066070,0.0
2018-10-02,11.52,11.59,11.51,11.53,5401375,0.0
2018-10-03,11.54,11.56,11.47,11.5,9399531,0.0
2018-10-04,11.54,11.57,11.475,11.49,6085655,0.0
2018-10-05,11.53,11.56,11.5,11.53,9478731,0.0
2018-10-08,11.38,11.4001,11.34,11.39,7869695,0.0
2018-10-09,11.38,11.42,11.34,11.42,8308611,0.0
2018-10-10,11.39,11.45,11.37,11.44,7932100,0.0
2018-10-11,11.58,11.76,11.56,11.72,12933885,0.0
2018-10-12,11.71,11.725,11.66,11.68,6850420,0.0
2018-10-15,11.77,11.8068,11.74,11.75,11034665,0.0
2018-10-16,11.81,11.82,11.74,11.75,7892305,0.0
2018-10-17,11.74,11.79,11.72,11.72,6958950,0.0
2018-10-18,11.73,11.795,11.71,11.75,6126200,0.0
2018-10-19,11.78,11.78,11.75,11.75,5072910,0.0
2018-10-22,11.71,11.73,11.695,11.72,4093267,0.0
2018-10-23,11.87,11.88,11.79,11.79,8809000,0.0
2018-10-24,11.8,11.82,11.76,11.81,8209156,0.0
2018-10-25,11.82,11.83,11.77,11.8,7411730,0.0
2018-10-26,11.84,11.92,11.81,11.82,11127225,0.0
2018-10-29,11.79,11.81,11.735,11.78,8211395,0.0
2018-10-30,11.73,11.76,11.71,11.73,6053340,0.0
2018-10-31,11.65,11.67,11.61,11.67,5691310,0.0
2018-11-01,11.78,11.86,11.77,11.82,10838191,0.0
2018-11-02,11.81,11.85,11.79,11.82,8171625,0.0
2018-11-05,11.79,11.82,11.775,11.8,5255835,0.0
2018-11-06,11.8,11.81,11.725,11.75,6317755,0.0
2018-11-07,11.78,11.79,11.74,11.75,4770417,0.0
2018-11-08,11.73,11.76,11.7,11.72,5264430,0.0
2018-11-09,11.6,11.63,11.56,11.6,8441705,0.0
2018-11-12,11.55,11.56,11.51,11.51,6364205,0.0
2018-11-13,11.53,11.5496,11.49,11.51,6866470,0.0
2018-11-14,11.51,11.66,11.49,11.61,7254420,0.0
2018-11-15,11.63,11.65,11.61,11.62,6085650,0.0
2018-11-16,11.73,11.74,11.69,11.7,4725202,0.0
2018-11-19,11.71,11.749,11.69,11.73,4831997,0.0
2018-11-20,11.75,11.75,11.69,11.72,7477385,0.0
2018-11-21,11.74,11.79,11.74,11.75,4332571,0.0
2018-11-23,11.73,11.75,11.71,11.72,2749304,0.0
2018-11-26,11.73,11.74,11.71,11.72,4352425,0.0
2018-11-27,11.7,11.72,11.61,11.64,5133990,0.0
2018-11-28,11.63,11.76,11.61,11.7,7707285,0.0
2018-11-29,11.74,11.78,11.71,11.73,5969870,0.0
2018-11-30,11.7,11.72,11.66,11.71,5438290,0.0
2018-12-03,11.81,11.84,11.78,11.79,8700060,0.0
2018-12-04,11.89,11.9,11.85,11.87,6714825,0.0
2018-12-06,11.9,11.9299,11.8445,11.86,6582680,0.0
2018-12-07,11.91,11.98,11.91,11.96,5381865,0.0
2018-12-10,11.93,11.95,11.9,11.92,6647710,0.0
2018-12-11,11.92,11.9499,11.89,11.91,5113420,0.0
2018-12-12,11.93,11.96,11.92,11.94,4918577,0.0
2018-12-13,11.9,11.92,11.88,11.92,5803060,0.0
2018-12-14,11.83,11.89,11.815,11.87,6489570,0.0
2018-12-17,11.89,11.96,11.88,11.94,6464075,0.0
2018-12-18,11.95,11.98,11.94,11.96,6261115,0.0
2018-12-19,11.99,12.06,11.9,11.91,7679360,0.0
2018-12-20,12.09,12.14,12.03,12.09,15420455,0.0
2018-12-21,12.09,12.09,12.01,12.03,9433100,0.0
2018-12-24,12.12,12.18,12.11,12.15,6625685,0.0
2018-12-26,12.22,12.26,12.12,12.14,9310430,0.0
2018-12-27,12.23,12.26,12.17,12.21,8588600,0.0
2018-12-28,12.25,12.28,12.23,12.27,6015190,0.0
2018-12-31,12.27,12.29,12.25,12.29,6052465,0.0
2019-01-02,12.3,12.34,12.25,12.3,12776435,0.0
2019-01-03,12.35,12.41,12.335,12.41,14455750,0.0
2019-01-04,12.3,12.33,12.23,12.32,14844265,0.0
2019-01-07,12.39,12.39,12.32,12.35,7559125,0.0
2019-01-08,12.28,12.33,12.27,12.32,7574415,0.0
2019-01-09,12.31,12.4,12.3,12.39,4952997,0.0
2019-01-10,12.36,12.38,12.32,12.32,5409740,0.0
2019-01-11,12.35,12.37,12.33,12.34,4536923,0.0
2019-01-14,12.39,12.39,12.35,12.37,3691705,0.0
2019-01-15,12.39,12.41,12.3244,12.35,6947050,0.0
2019-01-16,12.37,12.41,12.36,12.39,4900226,0.0
2019-01-17,12.37,12.39,12.35,12.38,4706425,0.0
2019-01-18,12.29,12.32,12.27,12.27,6900140,0.0
2019-01-22,12.28,12.32,12.25,12.3,6436190,0.0
2019-01-23,12.26,12.32,12.25,12.29,10005000,0.0
2019-01-24,12.27,12.3,12.25,12.26,12778915,0.0
2019-01-25,12.36,12.46,12.36,12.45,7368705,0.0
2019-01-28,12.45,12.5,12.44,12.48,5536005,0.0
2019-01-29,12.54,12.57,12.51,12.57,11817941,0.0
2019-01-30,12.56,12.68,12.54,12.63,6653350,0.0
2019-01-31,12.69,12.69,12.63,12.64,7894995,0.0
2019-02-01,12.65,12.68,12.6044,12.62,16128026,0.0
2019-02-04,12.57,12.6,12.55,12.56,6915860,0.0
2019-02-05,12.6,12.61,12.5711,12.59,5698235,0.0
2019-02-06,12.59,12.59,12.51,12.51,5877515,0.0
2019-02-07,12.55,12.57,12.51,12.55,5073300,0.0
2019-02-08,12.58,12.61,12.57,12.59,4497553,0.0
2019-02-11,12.49,12.55,12.49,12.53,13084585,0.0
2019-02-12,12.57,12.58,12.53,12.56,3733502,0.0
2019-02-13,12.56,12.63,12.5,12.51,5667870,0.0
2019-02-14,12.56,12.59,12.52,12.58,5786555,0.0
2019-02-15,12.63,12.67,12.59,12.66,4073154,0.0
2019-02-19,12.76,12.85,12.76,12.84,6201315,0.0
2019-02-20,12.87,12.9,12.8,12.83,11708310,0.0
2019-02-21,12.78,12.8,12.67,12.67,6631010,0.0
2019-02-22,12.72,12.77,12.71,12.73,6081780,0.0
2019-02-25,12.75,12.77,12.69,12.72,6008580,0.0
2019-02-26,12.7,12.7399,12.68,12.73,4565447,0.0
2019-02-27,12.69,12.7,12.61,12.65,5501435,0.0
2019-02-28,12.64,12.6499,12.57,12.58,6787980,0.0
2019-03-01,12.52,12.57,12.35,12.36,14887770,0.0
2019-03-04,12.32,12.35,12.28,12.33,7072205,0.0
2019-03-05,12.3,12.34,12.27,12.34,7662160,0.0
2019-03-06,12.31,12.33,12.29,12.32,5261385,0.0
2019-03-07,12.29,12.34,12.28,12.31,7998890,0.0
2019-03-08,12.44,12.46,12.4,12.45,9244106,0.0
2019-03-11,12.41,12.42,12.36,12.39,5176765,0.0
2019-03-12,12.42,12.47,12.41,12.47,4517289,0.0
2019-03-13,12.53,12.56,12.51,12.56,4896007,0.0
2019-03-14,12.4,12.42,12.38,12.41,5583525,0.0
2019-03-15,12.47,12.51,12.45,12.46,8095350,0.0
2019-03-18,12.5,12.51,12.46,12.48,4235747,0.0
2019-03-19,12.55,12.55,12.5,12.51,6322115,0.0
2019-03-20,12.53,12.61,12.4369,12.59,7778445,0.0
2019-03-21,12.61,12.61,12.48,12.54,3919753,0.0
2019-03-22,12.57,12.59,12.5401,12.57,6488205,0.0
2019-03-25,12.63,12.6881,12.62,12.67,5116275,0.0
2019-03-26,12.63,12.63,12.5701,12.61,6634945,0.0
2019-03-27,12.6,12.61,12.525,12.54,6919175,0.0
2019-03-28,12.4,12.41,12.34,12.36,7862460,0.0
2019-03-29,12.43,12.4434,12.37,12.38,7075820,0.0
2019-04-01,12.41,12.4149,12.32,12.32,8069050,0.0
2019-04-02,12.34,12.37,12.33,12.37,9875031,0.0
2019-04-03,12.34,12.37,12.34,12.35,8740401,0.0
2019-04-04,12.29,12.4,12.26,12.38,8601816,0.0
2019-04-05,12.36,12.3832,12.33,12.37,6047275,0.0
2019-04-08,12.47,12.48,12.41,12.43,3647054,0.0
2019-04-09,12.49,12.51,12.475,12.48,5322040,0.0
2019-04-10,12.49,12.55,12.49,12.52,6343715,0.0
2019-04-11,12.42,12.45,12.345,12.37,6466325,0.0
2019-04-12,12.37,12.4,12.35,12.35,3750798,0.0
2019-04-15,12.29,12.35,12.28,12.33,5583340,0.0
2019-04-16,12.21,12.23,12.19,12.23,10811180,0.0
2019-04-17,12.21,12.22,12.19,12.21,16574490,0.0
2019-04-18,12.2,12.23,12.18,12.22,6246560,0.0
2019-04-22,12.21,12.22,12.19,12.21,3344441,0.0
2019-04-23,12.14,12.19,12.12,12.18,3936372,0.0
2019-04-24,12.18,12.24,12.17,12.22,7614200,0.0
2019-04-25,12.24,12.28,12.22,12.23,4587323,0.0
2019-04-26,12.3,12.34,12.29,12.3,3913100,0.0
2019-04-29,12.26,12.27,12.23,12.25,4073991,0.0
2019-04-30,12.26,12.305,12.26,12.29,5098280,0.0
2019-05-01,12.28,12.33,12.18,12.21,16327031,0.0
2019-05-02,12.14,12.18,12.12,12.17,6405465,0.0
2019-05-03,12.22,12.28,12.21,12.23,10347090,0.0
2019-05-06,12.24,12.28,12.22,12.25,6065970,0.0
2019-05-07,12.27,12.31,12.26,12.29,9520406,0.0
2019-05-08,12.33,12.33,12.24,12.26,10521925,0.0
2019-05-09,12.26,12.33,12.2501,12.3,8526236,0.0
2019-05-10,12.31,12.35,12.3,12.32,8693151,0.0
2019-05-13,12.43,12.46,12.4,12.44,8982575,0.0
2019-05-14,12.44,12.44,12.38,12.42,5107850,0.0
2019-05-15,12.44,12.45,12.39,12.4,6594870,0.0
2019-05-16,12.38,12.38,12.29,12.32,4960394,0.0
2019-05-17,12.28,12.28,12.2,12.22,6074600,0.0
2019-05-20,12.22,12.25,12.21,12.22,4217909,0.0
2019-05-21,12.17,12.2,12.15,12.19,5545050,0.0
2019-05-22,12.2,12.22,12.182,12.19,4063293,0.0
2019-05-23,12.25,12.32,12.24,12.28,6957050,0.0
2019-05-24,12.28,12.3,12.26,12.29,3603521,0.0
2019-05-28,12.25,12.26,12.21,12.24,4637924,0.0
2019-05-29,12.27,12.295,12.24,12.25,6650165,0.0
2019-05-30,12.26,12.34,12.25,12.33,5567685,0.0
2019-05-31,12.43,12.51,12.4,12.51,9095515,0.0
2019-06-03,12.59,12.71,12.56,12.68,9939410,0.0
2019-06-04,12.67,12.715,12.6317,12.7,7908415,0.0
2019-06-05,12.8,12.82,12.7,12.73,14939731,0.0
2019-06-06,12.77,12.83,12.76,12.76,5606930,0.0
2019-06-07,12.86,12.91,12.81,12.83,8377335,0.0
2019-06-10,12.72,12.73,12.68,12.72,3019545,0.0
2019-06-11,12.68,12.72,12.66,12.69,4547436,0.0
2019-06-12,12.73,12.8,12.73,12.76,7717630,0.0
2019-06-13,12.78,12.86,12.77,12.83,10985685,0.0
2019-06-14,12.9,12.95,12.8013,12.83,11107055,0.0
2019-06-17,12.85,12.86,12.793,12.82,6176375,0.0
2019-06-18,12.93,12.96,12.82,12.88,11959835,0.0
2019-06-19,12.86,12.98,12.85,12.97,12792090,0.0
2019-06-20,13.22,13.34,13.2,13.29,12525566,0.0
2019-06-21,13.37,13.405,13.29,13.39,8682745,0.0
2019-06-24,13.47,13.59,13.44,13.59,11448950,0.0
2019-06-25,13.69,13.75,13.51,13.62,28642317,0.0
2019-06-26,13.5,13.55,13.43,13.48,8570401,0.0
2019-06-27,13.43,13.49,13.41,13.48,8532406,0.0
2019-06-28,13.5,13.53,13.45,13.5,4490489,0.0
2019-07-01,13.35,13.36,13.24,13.25,12061090,0.0
2019-07-02,13.32,13.55,13.3,13.53,11963130,0.0
2019-07-03,13.55,13.6,13.51,13.56,10464361,0.0
2019-07-05,13.33,13.42,13.27,13.4,11607545,0.0
2019-07-08,13.41,13.43,13.32,13.32,11112090,0.0
2019-07-09,13.34,13.4,13.3,13.36,8298660,0.0
2019-07-10,13.48,13.58,13.4266,13.57,11648821,0.0
2019-07-11,13.55,13.56,13.43,13.46,11606595,0.0
2019-07-12,13.48,13.56,13.445,13.54,8476816,0.0
2019-07-15,13.51,13.54,13.47,13.54,5652260,0.0
2019-07-16,13.51,13.525,13.4,13.43,7299045,0.0
2019-07-17,13.48,13.65,13.48,13.64,7763700,0.0
2019-07-18,13.58,13.86,13.55,13.83,14473310,0.0
2019-07-19,13.74,13.8,13.59,13.65,13978310,0.0
2019-07-22,13.65,13.68,13.62,13.63,6798085,0.0
2019-07-23,13.64,13.69,13.55,13.56,8126050,0.0
2019-07-24,13.66,13.68,13.59,13.62,6428025,0.0
2019-07-25,13.62,13.62,13.5,13.53,9353925,0.0
2019-07-26,13.62,13.62,13.55,13.55,6651900,0.0
2019-07-29,13.61,13.67,13.54,13.64,17288350,0.0
2019-07-30,13.68,13.7177,13.63,13.69,6888160,0.0
2019-07-31,13.7,13.74,13.49,13.52,14763135,0.0
2019-08-01,13.43,13.84,13.42,13.83,15850736,0.0
2019-08-02,13.74,13.86,13.73,13.79,11954385,0.0
2019-08-05,13.99,14.07,13.9,13.98,17616824,0.0
2019-08-06,14.03,14.1,14.0,14.1,12304196,0.0
2019-08-07,14.33,14.45,14.29,14.3,19868237,0.0
2019-08-08,14.3,14.44,14.275,14.39,14350000,0.0
2019-08-09,14.34,14.41,14.3,14.33,12311420,0.0
2019-08-12,14.38,14.55,14.37,14.46,14431595,0.0
2019-08-13,14.53,14.535,14.15,14.38,23414571,0.0
2019-08-14,14.5,14.58,14.41,14.48,16692256,0.0
2019-08-15,14.51,14.61,14.47,14.58,14479660,0.0
2019-08-16,14.49,14.52,14.3871,14.49,9701880,0.0
2019-08-19,14.34,14.3859,14.29,14.32,7356020,0.0
2019-08-20,14.39,14.43,14.35,14.42,11368475,0.0
2019-08-21,14.37,14.42,14.35,14.36,8359220,0.0
2019-08-22,14.34,14.391,14.32,14.34,7513885,0.0
2019-08-23,14.39,14.64,14.37,14.62,12919215,0.0
2019-08-26,14.65,14.71,14.6,14.63,9588560,0.0
2019-08-27,14.65,14.78,14.64,14.76,10359805,0.0
2019-08-28,14.75,14.78,14.6701,14.73,15351066,0.0
2019-08-29,14.76,14.76,14.54,14.62,13813175,0.0
2019-08-30,14.6,14.665,14.51,14.56,10832090,0.0
2019-09-03,14.71,14.83,14.68,14.79,21022561,0.0
2019-09-04,14.77,14.9,14.76,14.88,20543789,0.0
2019-09-05,14.72,14.72,14.4,14.53,20071623,0.0
2019-09-06,14.57,14.62,14.39,14.41,15551401,0.0
2019-09-09,14.44,14.46,14.32,14.34,9272465,0.0
2019-09-10,14.33,14.36,14.22,14.22,12148840,0.0
2019-09-11,14.23,14.34,14.23,14.31,9149955,0.0
2019-09-12,14.48,14.52,14.32,14.33,15671135,0.0
2019-09-13,14.38,14.41,14.21,14.22,11184781,0.0
2019-09-16,14.37,14.4089,14.3035,14.34,9364910,0.0
2019-09-17,14.39,14.42,14.325,14.36,8037160,0.0
2019-09-18,14.4,14.46,14.18,14.27,16191560,0.0
2019-09-19,14.37,14.38,14.31,14.34,5553185,0.0
2019-09-20,14.37,14.51,14.35,14.51,8690441,0.0
2019-09-23,14.52,14.6059,14.51,14.59,8147840,0.0
2019-09-24,14.53,14.6896,14.5,14.66,15811055,0.0
2019-09-25,14.62,14.64,14.35,14.39,15542140,0.0
2019-09-26,14.42,14.47,14.36,14.39,13551165,0.0
2019-09-27,14.24,14.3751,14.22,14.32,14546071,0.0
2019-09-30,14.19,14.23,14.0,14.1,8856575,0.0
2019-10-01,14.01,14.23,13.98,14.17,13542515,0.0
2019-10-02,14.29,14.4,14.25,14.34,12941510,0.0
2019-10-03,14.34,14.535,14.34,14.41,15455520,0.0
2019-10-04,14.36,14.44,14.33,14.41,13184785,0.0
2019-10-07,14.33,14.39,14.23,14.28,11413975,0.0
2019-10-08,14.42,14.44,14.32,14.41,20753076,0.0
2019-10-09,14.43,14.47,14.37,14.42,8810321,0.0
2019-10-10,14.37,14.37,14.26,14.29,9282535,0.0
2019-10-11,14.2,14.22,14.095,14.21,15849885,0.0
2019-10-14,14.26,14.29,14.24,14.26,3216762,0.0
2019-10-15,14.23,14.24,14.13,14.18,8875635,0.0
2019-10-16,14.23,14.26,14.17,14.25,6483770,0.0
2019-10-17,14.25,14.32,14.25,14.27,5118320,0.0
2019-10-18,14.26,14.28,14.24,14.25,3968616,0.0
2019-10-21,14.27,14.29,14.17,14.18,3817994,0.0
2019-10-22,14.22,14.24,14.18,14.23,3649204,0.0
2019-10-23,14.26,14.31,14.26,14.27,5371070,0.0
2019-10-24,14.31,14.38,14.3,14.37,6395955,0.0
2019-10-25,14.5,14.5,14.35,14.4,8116860,0.0
2019-10-28,14.34,14.34,14.25,14.27,6870145,0.0
2019-10-29,14.21,14.27,14.187,14.22,6936470,0.0
2019-10-30,14.26,14.32,14.16,14.32,9684630,0.0
2019-10-31,14.41,14.48,14.4,14.46,8658106,0.0
2019-11-01,14.44,14.5,14.41,14.46,8843115,0.0
2019-11-04,14.44,14.46,14.383,14.43,8008915,0.0
2019-11-05,14.28,14.3,14.14,14.19,10268700,0.0
2019-11-06,14.22,14.2899,14.2,14.26,7631795,0.0
2019-11-07,14.21,14.23,13.9667,14.03,12810060,0.0
2019-11-08,13.97,14.04,13.94,13.95,7486085,0.0
2019-11-11,13.96,13.99,13.84,13.9,7772195,0.0
2019-11-12,13.91,13.96,13.82,13.95,8860281,0.0
2019-11-13,13.99,14.03,13.96,14.0,8853986,0.0
2019-11-14,14.05,14.1,14.0,14.06,5942515,0.0
2019-11-15,14.01,14.05,14.0,14.03,4568890,0.0
2019-11-18,14.05,14.09,14.03,14.08,5684010,0.0
2019-11-19,14.01,14.1,14.01,14.08,4444479,0.0
2019-11-20,14.06,14.11,14.01,14.08,9434575,0.0
2019-11-21,14.05,14.06,13.98,14.0,6772730,0.0
2019-11-22,14.04,14.05,13.97,13.98,6842495,0.0
2019-11-25,13.94,13.9601,13.9,13.91,5670885,0.0
2019-11-26,13.9,13.985,13.86,13.98,5279105,0.0
2019-11-27,13.91,13.93,13.8842,13.91,4746146,0.0
2019-11-29,13.91,14.02,13.902,13.98,4400306,0.0
2019-12-02,13.93,14.01,13.93,13.98,12991305,0.0
2019-12-03,14.12,14.17,14.1,14.12,8738265,0.0
2019-12-04,14.13,14.13,14.06,14.09,14236651,0.0
2019-12-05,14.09,14.15,14.08,14.11,7489915,0.0
2019-12-06,13.99,13.99,13.94,13.96,10973781,0.0
2019-12-09,13.99,13.99,13.95,13.97,4782172,0.0
2019-12-10,14.03,14.04,13.98,14.0,4232270,0.0
2019-12-11,14.03,14.14,14.02,14.11,7160325,0.0
2019-12-12,14.19,14.195,14.0,14.05,11950810,0.0
2019-12-13,14.06,14.13,14.01,14.12,6925315,0.0
2019-12-16,14.12,14.15,14.09,14.12,4776016,0.0
2019-12-17,14.11,14.13,14.09,14.1,11989600,0.0
2019-12-18,14.09,14.13,14.08,14.1,7531180,0.0
2019-12-19,14.1,14.16,14.095,14.13,6139545,0.0
2019-12-20,14.14,14.15,14.1,14.12,3115404,0.0
2019-12-23,14.16,14.21,14.16,14.2,3849851,0.0
2019-12-24,14.25,14.34,14.25,14.33,2714482,0.0
2019-12-26,14.41,14.46,14.4,14.45,3569243,0.0
2019-12-27,14.44,14.49,14.43,14.44,3541536,0.0
2019-12-30,14.47,14.49,14.46,14.49,6634965,0.0
2019-12-31,14.55,14.575,14.49,14.5,7149010,0.0
2020-01-02,14.6,14.6388,14.555,14.61,18541481,0.0
2020-01-03,14.8,14.85,14.76,14.81,9173100,0.0
2020-01-06,15.07,15.07,14.9133,14.96,15391140,0.0
2020-01-07,14.98,15.04,14.965,15.02,10624335,0.0
2020-01-08,15.08,15.09,14.83,14.91,17855780,0.0
2020-01-09,14.82,14.86,14.76,14.82,8059405,0.0
2020-01-10,14.85,14.92,14.8301,14.92,8781160,0.0
2020-01-13,14.85,14.86,14.79,14.8,5794695,0.0
2020-01-14,14.75,14.8,14.73,14.78,8080040,0.0
2020-01-15,14.85,14.89,14.8,14.88,8530285,0.0
2020-01-16,14.85,14.87,14.792,14.85,7726760,0.0
2020-01-17,14.88,14.92,14.85,14.89,5195605,0.0
2020-01-21,14.8,14.91,14.77,14.9,8173215,0.0
2020-01-22,14.89,14.9,14.86,14.9,7501530,0.0
2020-01-23,14.89,14.99,14.88,14.94,8426215,0.0
2020-01-24,14.91,15.06,14.91,15.02,10428981,0.0
2020-01-27,15.15,15.16,15.07,15.13,7526030,0.0
2020-01-28,15.06,15.08,14.97,14.99,7758980,0.0
2020-01-29,15.0,15.08,14.98,15.06,10553095,0.0
2020-01-30,15.1,15.16,15.02,15.07,13551946,0.0
2020-01-31,15.11,15.19,15.102,15.17,14083770,0.0
2020-02-03,15.08,15.17,15.0,15.06,11007425,0.0
2020-02-04,14.92,14.93,14.8,14.86,10884535,0.0
2020-02-05,14.85,14.9,14.8386,14.88,8934550,0.0
2020-02-06,14.94,14.985,14.92,14.97,7569845,0.0
2020-02-07,15.01,15.04,14.96,15.0,7035780,0.0
2020-02-10,15.05,15.07,15.015,15.03,6318820,0.0
2020-02-11,15.03,15.04,14.9299,14.98,8962191,0.0
2020-02-12,14.97,15.01,14.94,14.97,6644855,0.0
2020-02-13,15.05,15.09,15.02,15.07,11036140,0.0
2020-02-14,15.1,15.14,15.09,15.13,5490810,0.0
2020-02-18,15.22,15.34,15.17,15.32,9517560,0.0
2020-02-19,15.33,15.41,15.31,15.41,10509800,0.0
2020-02-20,15.43,15.52,15.42,15.48,8151755,0.0
2020-02-21,15.68,15.76,15.65,15.71,12642470,0.0
2020-02-24,16.07,16.09,15.77,15.85,24425184,0.0
2020-02-25,15.75,15.85,15.52,15.56,26278385,0.0
2020-02-26,15.62,15.7699,15.52,15.63,20908850,0.0
2020-02-27,15.79,15.8683,15.62,15.62,22709660,0.0
2020-02-28,15.51,15.51,14.93,15.07,31492699,0.0
2020-03-02,15.22,15.3,15.13,15.15,17719449,0.0
2020-03-03,15.32,15.76,15.3,15.62,27914977,0.0
2020-03-04,15.68,15.74,15.6,15.66,14770495,0.0
2020-03-05,15.83,16.0,15.81,15.99,14313200,0.0
2020-03-06,16.08,16.17,15.6905,16.0,17822830,0.0
2020-03-09,16.09,16.15,15.875,16.04,19309740,0.0
2020-03-10,15.865,15.88,15.68,15.68,18333490,0.0
2020-03-11,15.88,15.89,15.6,15.62,21035119,0.0
2020-03-12,15.4,15.4,14.9,14.99,38685899,0.0
2020-03-13,15.16,15.19,14.37,14.55,33356324,0.0
2020-03-16,13.96,14.51,13.8,14.4,29196576,0.0
2020-03-17,14.24,14.8414,14.205,14.6,28226377,0.0
2020-03-18,14.39,14.505,14.06,14.26,34539848,0.0
2020-03-19,14.11,14.2622,14.0,14.03,22607401,0.0
2020-03-20,14.28,14.33,14.13,14.23,14761321,0.0
2020-03-23,14.49,14.92,14.4401,14.85,17884240,0.0
2020-03-24,15.54,15.74,15.42,15.52,20031336,0.0
2020-03-25,15.46,15.485,15.325,15.35,19429557,0.0
2020-03-26,15.57,15.71,15.443,15.57,15774906,0.0
2020-03-27,15.51,15.59,15.43,15.45,15695106,0.0
2020-03-30,15.49,15.53,15.3901,15.49,9599870,0.0
2020-03-31,15.38,15.41,15.03,15.07,9054111,0.0
2020-04-01,15.07,15.24,15.01,15.17,13186115,0.0
2020-04-02,15.39,15.49,15.3,15.42,9879505,0.0
2020-04-03,15.47,15.545,15.395,15.53,9570231,0.0
2020-04-06,15.66,15.9699,15.63,15.94,12403250,0.0
2020-04-07,15.78,15.88,15.6823,15.88,13758356,0.0
2020-04-08,15.82,15.8357,15.69,15.69,5854545,0.0
2020-04-09,16.03,16.155,15.96,16.09,11129316,0.0
2020-04-13,16.17,16.48,16.11,16.38,25360897,0.0
2020-04-14,16.52,16.69,16.43,16.54,14653895,0.0
2020-04-15,16.43,16.5,16.3271,16.49,10986526,0.0
2020-04-16,16.45,16.575,16.32,16.41,7528130,0.0
2020-04-17,16.24,16.25,16.05,16.08,9111765,0.0
2020-04-20,16.09,16.27,16.08,16.23,8670270,0.0
2020-04-21,15.97,16.155,15.94,16.11,9851125,0.0
2020-04-22,16.31,16.425,16.285,16.4,8763965,0.0
2020-04-23,16.49,16.6185,16.44,16.57,8297545,0.0
2020-04-24,16.57,16.59,16.34,16.5,10786856,0.0
2020-04-27,16.44,16.45,16.2901,16.43,6813820,0.0
2020-04-28,16.35,16.35,16.16,16.34,7688385,0.0
2020-04-29,16.26,16.43,16.2292,16.43,9120575,0.0
2020-04-30,16.29,16.325,16.06,16.11,11077430,0.0
2020-05-01,16.05,16.29,16.02,16.22,10542830,0.0
2020-05-04,16.29,16.34,16.235,16.27,8594800,0.0
2020-05-05,16.28,16.36,16.18,16.31,11166505,0.0
2020-05-06,16.15,16.22,16.06,16.14,9698260,0.0
2020-05-07,16.21,16.45,16.18,16.42,13426986,0.0
2020-05-08,16.36,16.45,16.25,16.31,11012210,0.0
2020-05-11,16.29,16.32,16.15,16.21,9889526,0.0
2020-05-12,16.29,16.3473,16.22,16.28,10074191,0.0
2020-05-13,16.347,16.42,16.3,16.4,14566330,0.0
2020-05-14,16.39,16.5899,16.39,16.57,12706816,0.0
2020-05-15,16.66,16.7382,16.5613,16.67,14445250,0.0
2020-05-18,16.7,16.716,16.4918,16.55,12709865,0.0
2020-05-19,16.6,16.7,16.56,16.68,8552295,0.0
2020-05-20,16.7,16.75,16.6498,16.73,11956240,0.0
2020-05-21,16.59,16.61,16.3965,16.48,11340115,0.0
2020-05-22,16.54,16.6,16.51,16.58,7399075,0.0
2020-05-26,16.51,16.51,16.32,16.36,13905356,0.0
2020-05-27,16.19,16.38,16.17,16.38,14929026,0.0
2020-05-28,16.48,16.5,16.34,16.42,12544660,0.0
2020-05-29,16.53,16.6,16.48,16.53,8071715,0.0
2020-06-01,16.54,16.64,16.49,16.64,7952835,0.0
2020-06-02,16.66,16.67,16.44,16.52,10983281,0.0
2020-06-03,16.29,16.3419,16.13,16.22,16647280,0.0
2020-06-04,16.35,16.44,16.235,16.39,11643821,0.0
2020-06-05,16.12,16.12,15.95,16.06,18728317,0.0
2020-06-08,16.14,16.24,16.09,16.22,10966345,0.0
2020-06-09,16.37,16.43,16.34,16.38,9132095,0.0
2020-06-10,16.46,16.62,16.3,16.61,12576175,0.0
2020-06-11,16.59,16.66,16.45,16.49,11165825,0.0
2020-06-12,16.6,16.6499,16.51,16.53,11292475,0.0
2020-06-15,16.3,16.51,16.27,16.48,10041325,0.0
2020-06-16,16.45,16.53,16.39,16.5,8348316,0.0
2020-06-17,16.47,16.52,16.43,16.52,7998155,0.0
2020-06-18,16.48,16.49,16.395,16.47,6904825,0.0
2020-06-19,16.53,16.665,16.53,16.66,9524345,0.0
2020-06-22,16.76,16.83,16.7,16.78,14800875,0.0
2020-06-23,16.83,16.91,16.81,16.91,14989010,0.0
2020-06-24,16.87,16.96,16.8018,16.87,16089840,0.0
2020-06-25,16.86,16.86,16.7731,16.85,11886040,0.0
2020-06-26,16.74,16.93,16.68,16.93,12237015,0.0
2020-06-29,16.92,16.94,16.88,16.93,6796045,0.0
2020-06-30,16.9,17.06,16.88,16.99,11560415,0.0
2020-07-01,16.97,16.97,16.7921,16.92,14562100,0.0
2020-07-02,16.89,16.99,16.86,16.96,8779135,0.0
2020-07-06,17.04,17.07,16.9831,17.06,10914760,0.0
2020-07-07,17.01,17.17,17.0,17.17,12426156,0.0
2020-07-08,17.31,17.36,17.25,17.27,15766975,0.0
2020-07-09,17.33,17.34,17.15,17.24,12714825,0.0
2020-07-10,17.27,17.29,17.13,17.18,9688606,0.0
2020-07-13,17.3,17.32,17.19,17.21,11094970,0.0
2020-07-14,17.15,17.3,17.15,17.29,10706330,0.0
2020-07-15,17.24,17.33,17.21,17.33,8886300,0.0
2020-07-16,17.26,17.27,17.13,17.15,12523935,0.0
2020-07-17,17.27,17.31,17.23,17.29,14071075,0.0
2020-07-20,17.35,17.38,17.295,17.37,8942981,0.0
2020-07-21,17.52,17.6,17.51,17.59,14314465,0.0
2020-07-22,17.69,17.86,17.65,17.85,15705145,0.0
2020-07-23,17.89,18.13,17.85,18.02,17580916,0.0
2020-07-24,18.2,18.2,18.11,18.16,13121430,0.0
2020-07-27,18.47,18.58,18.4458,18.51,19714703,0.0
2020-07-28,18.48,18.72,18.43,18.68,27954561,0.0
2020-07-29,18.7,18.91,18.53,18.81,21119203,0.0
2020-07-30,18.62,18.73,18.5,18.66,10454571,0.0
2020-07-31,18.75,18.87,18.71,18.86,13235380,0.0
2020-08-03,18.81,18.88,18.71,18.85,11429555,0.0
2020-08-04,18.85,19.27,18.82,19.27,16765965,0.0
2020-08-05,19.48,19.62,19.36,19.45,16804410,0.0
2020-08-06,19.68,19.7599,19.56,19.71,14184850,0.0
2020-08-07,19.58,19.61,19.23,19.37,17351100,0.0
2020-08-10,19.43,19.5699,19.27,19.31,14043906,0.0
2020-08-11,18.649,18.69,18.23,18.28,25563535,0.0
2020-08-12,18.56,18.6,18.19,18.2,19989336,0.0
2020-08-13,18.44,18.77,18.42,18.62,19530881,0.0
2020-08-14,18.64,18.66,18.44,18.55,15715330,0.0
2020-08-17,18.77,19.0,18.76,18.93,9806870,0.0
2020-08-18,19.22,19.24,18.86,19.12,11341880,0.0
2020-08-19,19.03,19.05,18.46,18.53,20678711,0.0
2020-08-20,18.41,18.66,18.38,18.64,14067656,0.0
2020-08-21,18.51,18.57,18.33,18.48,11939675,0.0
2020-08-24,18.57,18.58,18.36,18.4,11466640,0.0
2020-08-25,18.4,18.42,18.26,18.42,11542901,0.0
2020-08-26,18.32,18.65,18.31,18.63,12596055,0.0
2020-08-27,18.81,18.81,18.2209,18.4,14856981,0.0
2020-08-28,18.7,18.8393,18.63,18.73,14267656,0.0
2020-08-31,18.78,18.85,18.725,18.77,24496664,0.0
2020-09-01,18.99,19.0,18.7201,18.8,11344755,0.0
2020-09-02,18.67,18.68,18.4401,18.57,13577460,0.0
2020-09-03,18.53,18.57,18.34,18.4,16157635,0.0
2020-09-04,18.39,18.5,18.29,18.46,14449080,0.0
2020-09-08,18.25,18.52,18.19,18.41,11491995,0.0
2020-09-09,18.54,18.62,18.51,18.6,10482090,0.0
2020-09-10,18.72,18.76,18.52,18.53,10873680,0.0
2020-09-11,18.61,18.65,18.49,18.55,9932285,0.0
2020-09-14,18.66,18.73,18.63,18.69,6706265,0.0
2020-09-15,18.74,18.7681,18.589,18.65,8061620,0.0
2020-09-16,18.798,18.8,18.63,18.7,11771395,0.0
2020-09-17,18.49,18.6,18.44,18.59,10698885,0.0
2020-09-18,18.61,18.7096,18.56,18.62,9403781,0.0
2020-09-21,18.27,18.32,17.9502,18.22,13859115,0.0
2020-09-22,18.24,18.29,18.09,18.15,13389340,0.0
2020-09-23,17.99,18.01,17.69,17.75,18106619,0.0
2020-09-24,17.71,17.9099,17.66,17.82,13943035,0.0
2020-09-25,17.73,17.81,17.67,17.77,8070750,0.0
2020-09-28,17.87,17.97,17.79,17.94,7903210,0.0
2020-09-29,18.0,18.1167,17.985,18.11,8607515,0.0
2020-09-30,18.06,18.15,17.95,17.99,11691135,0.0
2020-10-01,18.16,18.24,18.09,18.14,12051785,0.0
2020-10-02,18.17,18.216,18.1,18.13,13700270,0.0
2020-10-05,18.18,18.305,18.18,18.24,16762115,0.0
2020-10-06,18.31,18.33,17.99,18.0,18014436,0.0
2020-10-07,17.992,18.03,17.925,17.99,9733800,0.0
2020-10-08,18.1099,18.1379,17.95,18.08,6792935,0.0
2020-10-09,18.3,18.41,18.28,18.41,11776700,0.0
2020-10-12,18.355,18.38,18.31,18.36,6468055,0.0
2020-10-13,18.15,18.15,18.0,18.05,10042290,0.0
2020-10-14,18.21,18.25,18.11,18.11,12186026,0.0
2020-10-15,18.06,18.21,18.045,18.18,8635970,0.0
2020-10-16,18.2,18.22,18.1,18.11,9180481,0.0
2020-10-19,18.24,18.24,18.13,18.13,6055125,0.0
2020-10-20,18.14,18.26,18.09,18.22,7507265,0.0
2020-10-21,18.35,18.425,18.3113,18.37,8152250,0.0
2020-10-22,18.19,18.2,18.06,18.17,8535981,0.0
2020-10-23,18.21,18.21,18.0661,18.16,6711680,0.0
2020-10-26,18.17,18.2086,18.11,18.15,7287385,0.0
2020-10-27,18.17,18.2338,18.14,18.2,6507550,0.0
2020-10-28,17.94,17.97,17.83,17.89,12714160,0.0
2020-10-29,17.79,17.9066,17.77,17.82,8063060,0.0
2020-10-30,18.0,18.025,17.88,17.89,16258950,0.0
2020-11-02,18.04,18.08,18.0,18.07,8830500,0.0
2020-11-03,18.19,18.23,18.12,18.17,7917580,0.0
2020-11-04,18.19,18.215,18.0501,18.18,9443460,0.0
2020-11-05,18.4,18.63,18.39,18.58,14995941,0.0
2020-11-06,18.64,18.65,18.515,18.61,9352060,0.0
2020-11-09,17.93,17.94,17.65,17.8,23736145,0.0
2020-11-10,17.95,17.98,17.85,17.85,9984010,0.0
2020-11-11,17.76,17.81,17.73,17.77,9047460,0.0
2020-11-12,17.89,17.97,17.87,17.89,6886120,0.0
2020-11-13,18.06,18.07,17.97,18.0,6699905,0.0
2020-11-16,18.02,18.08,17.97,18.0,10070825,0.0
2020-11-17,18.02,18.04,17.9,17.94,9399125,0.0
2020-11-18,17.91,17.9724,17.82,17.84,6337160,0.0
2020-11-19,17.71,17.81,17.7,17.81,6433365,0.0
2020-11-20,17.91,17.93,17.84,17.87,4734313,0.0
2020-11-23,17.79,17.81,17.46,17.5,11374475,0.0
2020-11-24,17.21,17.245,17.16,17.24,25212305,0.0
2020-11-25,17.275,17.33,17.2,17.23,9603895,0.0
2020-11-27,16.97,17.0599,16.95,17.04,9010285,0.0
2020-11-30,16.95,17.02,16.87,16.95,17604436,0.0
2020-12-01,17.25,17.33,17.205,17.29,16317441,0.0
2020-12-02,17.35,17.46,17.29,17.42,11698700,0.0
2020-12-03,17.54,17.57,17.381,17.56,10695615,0.0
2020-12-04,17.57,17.62,17.44,17.52,12287170,0.0
2020-12-07,17.53,17.8189,17.53,17.77,8678220,0.0
2020-12-08,17.85,17.88,17.76,17.83,5392425,0.0
2020-12-09,17.68,17.69,17.405,17.55,9496175,0.0
2020-12-10,17.58,17.645,17.45,17.5,6934805,0.0
2020-12-11,17.5,17.62,17.495,17.54,5446190,0.0
2020-12-14,17.48,17.535,17.37,17.44,9914500,0.0
2020-12-15,17.635,17.69,17.59,17.69,9280135,0.0
2020-12-16,17.69,17.79,17.58,17.78,11409555,0.0
2020-12-17,18.01,18.08,17.95,17.97,7706400,0.0
2020-12-18,17.96,17.99,17.9,17.93,6758845,0.0
2020-12-21,17.92,17.98,17.86,17.89,10091265,0.0
2020-12-22,17.92,17.93,17.72,17.76,6235880,0.0
2020-12-23,17.8,17.91,17.7919,17.86,7836500,0.0
2020-12-24,17.86,17.93,17.84,17.92,3747997,0.0
2020-12-28,18.01,18.08,17.85,17.87,8366486,0.0
2020-12-29,17.91,17.99,17.85,17.91,8012505,0.0
2020-12-30,17.94,18.06,17.935,18.05,6799490,0.0
2020-12-31,18.1,18.13,18.023,18.13,6238360,0.0
2021-01-04,18.48,18.55,18.3911,18.55,16074700,0.0
2021-01-05,18.59,18.629,18.485,18.59,11376715,0.0
2021-01-06,18.46,18.46,18.12,18.3,18060840,0.0
2021-01-07,18.27,18.29,18.18,18.24,10712401,0.0
2021-01-08,17.975,17.997,17.43,17.63,15582665,0.0
2021-01-11,17.51,17.655,17.4801,17.58,9855465,0.0
2021-01-12,17.6,17.709,17.52,17.68,13153715,0.0
2021-01-13,17.66,17.735,17.595,17.62,9167990,0.0
2021-01-14,17.63,17.71,17.55,17.61,14336435,0.0
2021-01-15,17.57,17.6,17.38,17.4,12269191,0.0
2021-01-19,17.55,17.57,17.47,17.55,14327630,0.0
2021-01-20,17.74,17.84,17.67,17.83,11307970,0.0
2021-01-21,17.8,17.84,17.74,17.82,8466656,0.0
2021-01-22,17.58,17.72,17.52,17.69,9146415,0.0
2021-01-25,17.78,17.7887,17.6,17.69,9310330,0.0
2021-01-26,17.69,17.715,17.63,17.65,9848651,0.0
2021-01-27,17.59,17.64,17.45,17.55,9468685,0.0
2021-01-28,17.72,17.77,17.49,17.55,12615410,0.0
2021-01-29,17.78,17.8087,17.55,17.55,15497385,0.0
2021-02-01,17.79,17.82,17.7,17.71,15437906,0.0
2021-02-02,17.55,17.55,17.43,17.49,11004705,0.0
2021-02-03,17.52,17.55,17.44,17.46,9761135,0.0
2021-02-04,17.11,17.12,17.01,17.09,14104995,0.0
2021-02-05,17.18,17.3,17.15,17.27,8003665,0.0
2021-02-08,17.49,17.53,17.44,17.45,7027325,0.0
2021-02-09,17.55,17.59,17.46,17.49,7969205,0.0
2021-02-10,17.61,17.61,17.49,17.57,8385651,0.0
2021-02-11,17.57,17.58,17.3501,17.41,8365680,0.0
2021-02-12,17.32,17.45,17.27,17.36,8423040,0.0
2021-02-16,17.1,17.29,17.05,17.1,12619830,0.0
2021-02-17,16.98,17.0153,16.8619,16.92,15513265,0.0
2021-02-18,16.97,17.01,16.85,16.91,9305106,0.0
2021-02-19,16.95,17.075,16.94,16.98,10102245,0.0
2021-02-22,17.13,17.275,17.1,17.23,7776510,0.0
2021-02-23,17.23,17.26,17.11,17.2,10968995,0.0
2021-02-24,17.04,17.2,16.99,17.18,9274300,0.0
2021-02-25,16.98,17.045,16.82,16.86,15192725,0.0
2021-02-26,16.78,16.79,16.36,16.44,19466721,0.0
2021-03-01,16.58,16.61,16.38,16.42,16694340,0.0
2021-03-02,16.46,16.5699,16.39,16.51,15265895,0.0
2021-03-03,16.33,16.44,16.22,16.34,14944620,0.0
2021-03-04,16.33,16.415,16.1001,16.17,20464020,0.0
2021-03-05,16.24,16.25,16.12,16.18,13323781,0.0
2021-03-08,16.13,16.1387,15.97,16.02,14372410,0.0
2021-03-09,16.35,16.3999,16.31,16.36,12841130,0.0
2021-03-10,16.37,16.45,16.335,16.43,10226010,0.0
2021-03-11,16.41,16.47,16.38,16.43,8410446,0.0
2021-03-12,16.21,16.44,16.2,16.44,11392520,0.0
2021-03-15,16.49,16.53,16.4111,16.49,15514856,0.0
2021-03-16,16.51,16.59,16.45,16.51,10753600,0.0
2021-03-17,16.5,16.69,16.42,16.62,13581300,0.0
2021-03-18,16.39,16.56,16.38,16.53,18739190,0.0
2021-03-19,16.53,16.62,16.52,16.61,9872930,0.0
2021-03-22,16.51,16.59,16.49,16.57,6283380,0.0
2021-03-23,16.51,16.525,16.43,16.44,9608196,0.0
2021-03-24,16.49,16.5653,16.46,16.5,8116825,0.0
2021-03-25,16.57,16.63,16.4,16.44,10037285,0.0
2021-03-26,16.44,16.545,16.43,16.5,6947840,0.0
2021-03-29,16.43,16.43,16.25,16.3,7039745,0.0
2021-03-30,16.07,16.09,16.01,16.02,18350901,0.0
2021-03-31,16.07,16.34,16.07,16.26,17962561,0.0
2021-04-01,16.42,16.49,16.4,16.46,10177055,0.0
2021-04-05,16.43,16.5195,16.402,16.45,9548595,0.0
2021-04-06,16.55,16.63,16.55,16.61,9536925,0.0
2021-04-07,16.56,16.6099,16.522,16.55,8433805,0.0
2021-04-08,16.69,16.76,16.69,16.73,9736106,0.0
2021-04-09,16.56,16.64,16.52,16.61,9017625,0.0
2021-04-12,16.54,16.56,16.4511,16.5,8773770,0.0
2021-04-13,16.59,16.66,16.58,16.61,12425540,0.0
2021-04-14,16.56,16.58,16.503,16.55,10768535,0.0
2021-04-15,16.69,16.86,16.68,16.82,13818321,0.0
2021-04-16,16.9,16.97,16.88,16.91,14105545,0.0
2021-04-19,16.87,16.9289,16.85,16.87,9686640,0.0
2021-04-20,16.84,16.96,16.84,16.93,12760026,0.0
2021-04-21,16.99,17.1281,16.99,17.1,17827377,0.0
2021-04-22,16.99,17.0389,16.93,17.0,8716225,0.0
2021-04-23,17.03,17.04,16.86,16.91,8945535,0.0
2021-04-26,16.95,16.97,16.8812,16.97,7216900,0.0
2021-04-27,16.98,17.0,16.91,16.92,7100490,0.0
2021-04-28,16.86,16.98,16.83,16.97,9760060,0.0
2021-04-29,16.84,16.91,16.7216,16.9,9902941,0.0
2021-04-30,16.87,16.88,16.8064,16.85,9260085,0.0
2021-05-03,17.04,17.13,17.0201,17.07,10807420,0.0
2021-05-04,17.06,17.14,16.865,16.94,12690535,0.0
2021-05-05,16.95,17.02,16.94,17.02,9453366,0.0
2021-05-06,17.08,17.32,17.08,17.3,12174955,0.0
2021-05-07,17.44,17.55,17.39,17.45,11410430,0.0
2021-05-10,17.58,17.58,17.47,17.52,9848240,0.0
2021-05-11,17.36,17.52,17.32,17.52,11104191,0.0
2021-05-12,17.43,17.48,17.32,17.34,14384810,0.0
2021-05-13,17.32,17.42,17.3129,17.42,9553401,0.0
2021-05-14,17.5,17.57,17.4711,17.56,7568445,0.0
2021-05-17,17.62,17.8,17.62,17.78,8587520,0.0
2021-05-18,17.81,17.82,17.74,17.8,7375775,0.0
2021-05-19,17.82,18.0,17.73,17.82,14858406,0.0
2021-05-20,17.84,17.95,17.81,17.9,12443140,0.0
2021-05-21,17.96,17.99,17.81,17.92,12251356,0.0
2021-05-24,35.82,35.9275,35.77,35.88,12615870,0.0
2021-05-25,35.84,36.2,35.8119,36.2,11199380,0.0
2021-05-26,36.29,36.33,36.02,36.14,13968790,0.0
2021-05-27,36.08,36.175,35.96,36.16,8244301,0.0
2021-05-28,36.11,36.29,36.06,36.26,10597500,0.0
2021-06-01,36.37,36.375,36.04,36.2,14342210,0.0
2021-06-02,36.27,36.37,36.205,36.37,9406502,0.0
2021-06-03,35.78,35.78,35.525,35.64,14038900,0.0
2021-06-04,35.92,36.12,35.92,36.04,11703080,0.0
2021-06-07,36.0,36.19,35.93,36.19,9566383,0.0
2021-06-08,36.06,36.12,35.89,36.07,13294170,0.0
2021-06-09,36.085,36.17,35.96,36.01,8353546,0.0
2021-06-10,35.95,36.18,35.9,36.16,11570760,0.0
2021-06-11,35.86,35.92,35.7,35.76,10286910,0.0
2021-06-14,35.23,35.61,35.19,35.55,11051120,0.0
2021-06-15,35.56,35.58,35.26,35.41,11044700,0.0
2021-06-16,35.37,35.47,34.8,34.82,15669890,0.0
2021-06-17,33.98,34.1,33.66,33.75,13137840,0.0
2021-06-18,33.79,33.9121,33.5581,33.56,13674830,0.0
2021-06-21,33.89,34.025,33.775,33.97,13314280,0.0
2021-06-22,33.85,33.96,33.775,33.83,11309960,0.0
2021-06-23,33.96,34.185,33.77,33.8,14041040,0.0
2021-06-24,33.99,34.02,33.77,33.77,8692109,0.0
2021-06-25,34.08,34.08,33.83,33.88,7620848,0.0
2021-06-28,33.91,33.96,33.84,33.88,10486850,0.0
2021-06-29,33.44,33.63,33.37,33.53,13182640,0.0
2021-06-30,33.49,33.79,33.43,33.71,9651968,0.0
2021-07-01,33.92,33.95,33.67,33.81,19208760,0.0
2021-07-02,34.06,34.13,33.855,34.04,10053690,0.0
2021-07-06,34.43,34.515,34.083,34.22,9728826,0.0
2021-07-07,34.33,34.43,34.2245,34.34,14872340,0.0
2021-07-08,34.55,34.56,34.16,34.33,12927840,0.0
2021-07-09,34.35,34.51,34.315,34.43,6481300,0.0
2021-07-12,34.33,34.4194,34.11,34.4,7361865,0.0
2021-07-13,34.48,34.57,34.3717,34.45,10917410,0.0
2021-07-14,34.78,34.8,34.645,34.8,15357680,0.0
2021-07-15,34.78,34.8581,34.66,34.81,11238050,0.0
2021-07-16,34.71,34.78,34.449,34.48,11084040,0.0
2021-07-19,34.49,34.57,34.3619,34.5,10133520,0.0
2021-07-20,34.7,34.75,34.37,34.47,9453292,0.0
2021-07-21,34.26,34.39,34.21,34.34,5953458,0.0
2021-07-22,34.28,34.43,34.2,34.41,8203896,0.0
2021-07-23,34.28,34.36,34.18,34.29,10059330,0.0
2021-07-26,34.29,34.36,34.2,34.23,7459009,0.0
2021-07-27,34.34,34.36,34.1743,34.29,5940977,0.0
2021-07-28,34.22,34.47,34.13,34.44,8463615,0.0
2021-07-29,34.73,34.8999,34.73,34.83,14577640,0.0
2021-07-30,34.75,34.79,34.4616,34.56,7441611,0.0
2021-08-02,34.46,34.64,34.41,34.53,9210253,0.0
2021-08-03,34.48,34.5543,34.4392,34.49,6449380,0.0
2021-08-04,34.84,34.88,34.39,34.51,11130340,0.0
2021-08-05,34.47,34.48,34.23,34.35,9588908,0.0
2021-08-06,33.75,33.76,33.485,33.52,10528050,0.0
2021-08-09,33.17,33.23,32.8123,32.91,10660350,0.0
2021-08-10,32.85,32.99,32.7,32.93,6401945,0.0
2021-08-11,33.19,33.405,33.1,33.38,7766709,0.0
2021-08-12,33.29,33.395,33.155,33.39,6537579,0.0
2021-08-13,33.57,33.87,33.55,33.87,5994995,0.0
2021-08-16,33.92,34.06,33.9,34.03,4892814,0.0
2021-08-17,34.04,34.13,33.89,33.98,14918680,0.0
2021-08-18,34.03,34.09,33.83,34.02,12992500,0.0
2021-08-19,34.04,34.04,33.81,33.91,8630566,0.0
2021-08-20,33.95,34.01,33.85,33.92,6689773,0.0
2021-08-23,34.36,34.3773,34.18,34.33,6793442,0.0
2021-08-24,34.41,34.4476,34.3,34.32,5068305,0.0
2021-08-25,34.17,34.17,33.93,34.09,12949140,0.0
2021-08-26,34.02,34.23,33.95,34.13,7252009,0.0
2021-08-27,34.09,34.64,33.95,34.62,9197784,0.0
2021-08-30,34.54,34.56,34.41,34.46,4451049,0.0
2021-08-31,34.44,34.58,34.3498,34.53,8040643,0.0
2021-09-01,34.58,34.6,34.425,34.55,6416270,0.0
2021-09-02,34.5,34.525,34.36,34.45,7755859,0.0
2021-09-03,34.71,34.9172,34.63,34.82,5884689,0.0
2021-09-07,34.51,34.5583,34.12,34.13,10676150,0.0
2021-09-08,34.19,34.21,33.92,34.04,9203972,0.0
2021-09-09,34.23,34.2499,33.95,34.18,11241510,0.0
2021-09-10,34.15,34.2,34.015,34.04,5715804,0.0
2021-09-13,34.09,34.23,34.07,34.14,5821011,0.0
2021-09-14,34.25,34.43,34.08,34.37,7570104,0.0
2021-09-15,34.23,34.26,34.08,34.16,6582424,0.0
2021-09-16,33.46,33.47,33.22,33.39,8636354,0.0
2021-09-17,33.34,33.44,33.26,33.34,7794927,0.0
2021-09-20,33.43,33.635,33.39,33.58,6290165,0.0
2021-09-21,33.74,33.91,33.68,33.79,7103244,0.0
2021-09-22,33.76,34.02,33.58,33.65,13148200,0.0
2021-09-23,33.4,33.42,33.235,33.27,8042567,0.0
2021-09-24,33.18,33.38,33.1219,33.25,6781428,0.0
2021-09-27,33.35,33.45,33.28,33.32,5952628,0.0
2021-09-28,33.12,33.14,32.92,32.98,9935146,0.0
2021-09-29,33.05,33.12,32.77,32.85,11026790,0.0
2021-09-30,33.1,33.5701,33.05,33.41,17548180,0.0
2021-10-01,33.44,33.5799,33.36,33.49,8569843,0.0
2021-10-04,33.32,33.695,33.27,33.65,10367910,0.0
2021-10-05,33.36,33.55,33.28,33.5,8057948,0.0
2021-10-06,33.42,33.59,33.41,33.59,9301088,0.0
2021-10-07,33.38,33.555,33.37,33.4,9267422,0.0
2021-10-08,33.85,33.87,33.41,33.42,11034160,0.0
2021-10-11,33.39,33.5,33.36,33.36,6989627,0.0
2021-10-12,33.49,33.67,33.44,33.52,8148319,0.0
2021-10-13,33.65,34.18,33.64,34.11,11811290,0.0
2021-10-14,34.23,34.24,34.135,34.2,7780500,0.0
2021-10-15,33.66,33.81,33.601,33.66,10031620,0.0
2021-10-18,33.67,33.705,33.545,33.57,6380091,0.0
2021-10-19,33.88,33.89,33.6228,33.68,14138040,0.0
2021-10-20,33.83,34.015,33.78,33.98,10795100,0.0
2021-10-21,33.93,33.985,33.84,33.95,8274939,0.0
2021-10-22,34.34,34.51,33.93,34.15,13032280,0.0
2021-10-25,34.33,34.445,34.31,34.39,6985396,0.0
2021-10-26,34.18,34.18,33.9131,34.13,8508824,0.0
2021-10-27,34.14,34.24,33.96,34.22,9256643,0.0
2021-10-28,34.39,34.45,34.1,34.22,10752340,0.0
2021-10-29,33.86,33.94,33.72,33.93,11156290,0.0
2021-11-01,34.08,34.17,33.98,34.1,10076040,0.0
2021-11-02,34.09,34.13,33.99,34.03,5944677,0.0
2021-11-03,33.65,33.78,33.46,33.75,14510390,0.0
2021-11-04,34.1,34.23,34.07,34.1,10381590,0.0
2021-11-05,34.28,34.595,34.17,34.56,9560440,0.0
2021-11-08,34.7,34.75,34.6199,34.7,9691414,0.0
2021-11-09,34.75,34.87,34.63,34.87,10564490,0.0
2021-11-10,35.34,35.55,35.04,35.26,15976390,0.0
2021-11-11,35.41,35.475,35.37,35.45,7878622,0.0
2021-11-12,35.32,35.555,35.3,35.5,9278485,0.0
2021-11-15,35.45,35.54,35.36,35.45,9833002,0.0
2021-11-16,35.42,35.52,35.19,35.21,15588810,0.0
2021-11-17,35.46,35.545,35.4,35.53,10115930,0.0
2021-11-18,35.41,35.495,35.32,35.41,8597080,0.0
2021-11-19,35.35,35.44,35.06,35.15,10671910,0.0
2021-11-22,34.58,34.69,34.285,34.34,9465097,0.0
2021-11-23,34.05,34.115,33.9,34.07,9131791,0.0
2021-11-24,33.92,34.085,33.86,34.03,6429957,0.0
2021-11-26,34.33,34.33,33.87,33.96,10674900,0.0
2021-11-29,33.97,34.05,33.88,33.94,8247970,0.0
2021-11-30,34.16,34.41,33.67,33.68,22731920,0.0
2021-12-01,33.95,34.1,33.805,33.84,12853900,0.0
2021-12-02,33.77,33.79,33.513,33.64,12010240,0.0
2021-12-03,33.7,33.98,33.6,33.93,13803990,0.0
2021-12-06,33.83,33.95,33.78,33.83,10920770,0.0
2021-12-07,33.84,34.01,33.83,33.96,9143865,0.0
2021-12-08,33.89,33.99,33.86,33.97,7964029,0.0
2021-12-09,33.9,33.92,33.73,33.76,9571713,0.0
2021-12-10,33.95,33.98,33.83,33.91,9946344,0.0
2021-12-13,33.99,34.05,33.93,34.0,8191653,0.0
2021-12-14,33.65,33.83,33.625,33.7,13374220,0.0
2021-12-15,33.64,33.88,33.34,33.82,24813170,0.0
2021-12-16,33.99,34.23,33.99,34.22,15556790,0.0
2021-12-17,34.36,34.425,34.1538,34.16,12845110,0.0
2021-12-20,34.17,34.2,34.01,34.01,13086780,0.0
2021-12-21,34.15,34.16,33.95,34.01,12389930,0.0
2021-12-22,34.11,34.33,34.026,34.33,11240470,0.0
2021-12-23,34.34,34.44,34.21,34.41,13254050,0.0
2021-12-27,34.39,34.5,34.36,34.48,13647870,0.0
2021-12-28,34.48,34.54,34.33,34.34,10689170,0.0
2021-12-29,34.06,34.34,34.06,34.33,10158990,0.0
2021-12-30,34.28,34.57,34.28,34.57,10868850,0.0
2021-12-31,34.72,34.82,34.62,34.81,13892620,0.0
2022-01-03,34.38,34.41,34.205,34.26,13323170,0.0
2022-01-04,34.38,34.55,34.35,34.52,11339800,0.0
2022-01-05,34.74,34.8,34.39,34.41,10838410,0.0
2022-01-06,34.04,34.15,33.9703,34.0,11784040,0.0
2022-01-07,34.09,34.21,33.9728,34.15,10279210,0.0
2022-01-10,34.07,34.27,34.07,34.25,9494646,0.0
2022-01-11,34.3,34.68,34.285,34.68,11113650,0.0
2022-01-12,34.66,34.77,34.615,34.75,7423448,0.0
2022-01-13,34.63,34.66,34.465,34.65,11483930,0.0
2022-01-14,34.64,34.72,34.51,34.54,10104860,0.0
2022-01-18,34.55,34.62,34.43,34.5,11651020,0.0
2022-01-19,34.7,35.06,34.66,35.05,15458290,0.0
2022-01-20,35.09,35.14,34.9301,34.96,10474380,0.0
2022-01-21,35.03,35.0499,34.77,34.84,18656070,0.0
2022-01-24,34.97,35.05,34.79,35.01,15251570,0.0
2022-01-25,35.01,35.26,34.975,35.13,15766260,0.0
2022-01-26,34.91,34.9618,34.51,34.56,25207400,0.0
2022-01-27,34.22,34.43,34.07,34.14,13808660,0.0
2022-01-28,33.91,34.1,33.88,34.03,9993614,0.0
2022-01-31,34.16,34.23,34.1,34.22,10361350,0.0
2022-02-01,34.31,34.38,34.1899,34.27,18987609,0.0
2022-02-02,34.29,34.44,34.24,34.38,17884170,0.0
2022-02-03,34.27,34.379,34.0196,34.36,15296160,0.0
2022-02-04,34.22,34.43,34.21,34.39,14474760,0.0
2022-02-07,34.52,34.68,34.455,34.66,10795020,0.0
2022-02-08,34.64,34.78,34.61,34.73,6869545,0.0
2022-02-09,34.76,34.91,34.73,34.87,9599460,0.0
2022-02-10,34.73,35.0266,34.72,34.73,13591890,0.0
2022-02-11,34.78,35.4766,34.77,35.41,35564551,0.0
2022-02-14,35.39,35.6399,35.37,35.58,16345340,0.0
2022-02-15,35.26,35.3,35.1099,35.23,13789490,0.0
2022-02-16,35.32,35.61,35.32,35.61,14515290,0.0
2022-02-17,35.98,36.15,35.92,36.1,18813600,0.0
2022-02-18,36.05,36.095,35.94,36.06,12423340,0.0
2022-02-22,36.17,36.26,36.01,36.15,16972330,0.0
2022-02-23,36.14,36.33,36.12,36.31,11797860,0.0
2022-02-24,37.18,37.19,35.7,36.08,55587488,0.0
2022-02-25,35.93,36.0,35.8,35.96,16614109,0.0
2022-02-28,36.42,36.4479,35.95,36.31,26526859,0.0
2022-03-01,36.47,37.01,36.46,36.99,22786061,0.0
2022-03-02,36.68,36.805,36.4071,36.61,32694680,0.0
2022-03-03,36.65,36.91,36.55,36.82,21555949,0.0
2022-03-04,37.1,37.465,36.935,37.4,24290510,0.0
2022-03-07,37.5525,38.01,37.5115,37.95,32373311,0.0
2022-03-08,38.37,39.36,38.34,38.98,71496633,0.0
2022-03-09,37.9,38.13,37.63,37.84,36027969,0.0
2022-03-10,38.06,38.16,37.68,37.97,13687400,0.0
2022-03-11,37.43,37.835,37.36,37.68,25774359,0.0
2022-03-14,37.28,37.33,37.06,37.11,17874971,0.0
2022-03-15,36.48,37.28,36.25,36.45,19905949,0.0
2022-03-16,36.49,36.68,36.03,36.65,25677971,0.0
2022-03-17,36.9,37.07,36.7913,36.85,15438750,0.0
2022-03-18,36.65,36.85,36.46,36.5,13874900,0.0
2022-03-21,36.53,36.91,36.52,36.78,17121711,0.0
2022-03-22,36.58,36.6,36.32,36.54,10010100,0.0
2022-03-23,36.71,37.04,36.61,36.99,15792310,0.0
2022-03-24,37.13,37.37,37.0268,37.29,11663500,0.0
2022-03-25,37.03,37.2935,36.935,37.16,10871530,0.0
2022-03-28,36.73,36.925,36.43,36.48,11396540,0.0
2022-03-29,36.05,36.53,35.99,36.5,14343860,0.0
2022-03-30,36.62,36.85,36.61,36.76,12005280,0.0
2022-03-31,36.85,37.06,36.78,36.83,8344962,0.0
2022-04-01,36.57,36.7599,36.451,36.54,9629910,0.0
2022-04-04,36.7199,36.82,36.5798,36.73,9487309,0.0
2022-04-05,36.85,36.96,36.45,36.49,15468320,0.0
2022-04-06,36.62,36.7203,36.4,36.58,12308540,0.0
2022-04-07,36.64,36.84,36.62,36.7,10502280,0.0
2022-04-08,36.78,37.035,36.76,36.97,9100420,0.0
2022-04-11,37.31,37.34,36.89,37.14,12147540,0.0
2022-04-12,37.49,37.61,37.2621,37.42,10937530,0.0
2022-04-13,37.59,37.67,37.51,37.62,8084058,0.0
2022-04-14,37.55,37.56,37.25,37.47,10087220,0.0
2022-04-18,37.88,37.9,37.56,37.59,9143662,0.0
2022-04-19,37.31,37.4,36.9398,37.01,11422900,0.0
2022-04-20,37.0,37.22,36.9499,37.22,13162620,0.0
2022-04-21,37.03,37.14,36.82,37.09,12149570,0.0
2022-04-22,36.82,36.99,36.61,36.72,13591720,0.0
2022-04-25,36.08,36.16,35.95,36.06,17676180,0.0
2022-04-26,36.25,36.32,36.04,36.11,15447500,0.0
2022-04-27,35.94,35.9805,35.75,35.84,12830470,0.0
2022-04-28,35.84,36.05,35.7998,36.04,9943038,0.0
2022-04-29,36.28,36.39,36.0,36.04,9553063,0.0
2022-05-02,35.38,35.58,35.24,35.37,13409680,0.0
2022-05-03,35.43,35.6903,35.4201,35.47,9229302,0.0
2022-05-04,35.52,35.93,35.38,35.82,19155449,0.0
2022-05-05,36.18,36.18,35.58,35.67,15309950,0.0
2022-05-06,35.73,35.9665,35.62,35.74,11239750,0.0
2022-05-09,35.51,35.51,35.2,35.21,13048230,0.0
2022-05-10,35.39,35.435,34.87,34.91,14551930,0.0
2022-05-11,35.14,35.3081,35.08,35.2,13111870,0.0
2022-05-12,35.07,35.12,34.61,34.66,11525900,0.0
2022-05-13,34.28,34.56,34.2308,34.39,8445930,0.0
2022-05-16,34.32,34.72,34.29,34.71,7275954,0.0
2022-05-17,34.72,34.74,34.4591,34.51,7379879,0.0
2022-05-18,34.45,34.6731,34.38,34.51,7700375,0.0
2022-05-19,34.95,35.14,34.82,35.03,7753693,0.0
2022-05-20,34.97,35.09,34.82,35.04,5984013,0.0
2022-05-23,35.26,35.32,35.0996,35.23,6286622,0.0
2022-05-24,35.33,35.53,35.32,35.48,7259831,0.0
2022-05-25,35.21,35.275,34.98,35.26,7007768,0.0
2022-05-26,35.08,35.2267,34.98,35.2,5990998,0.0
2022-05-27,35.34,35.355,35.17,35.23,4702550,0.0
2022-05-31,35.2,35.255,34.86,34.87,7513516,0.0
2022-06-01,35.07,35.15,34.92,35.09,7931939,0.0
2022-06-02,35.39,35.54,35.3526,35.52,9447823,0.0
2022-06-03,35.35,35.4404,35.1,35.15,6764396,0.0
2022-06-06,35.22,35.225,34.97,34.98,6881044,0.0
2022-06-07,35.08,35.255,35.04,35.21,5806730,0.0
2022-06-08,35.23,35.335,35.18,35.2,5678735,0.0
2022-06-09,35.13,35.165,34.96,35.09,4445497,0.0
2022-06-10,34.82,35.64,34.73,35.56,12472960,0.0
2022-06-13,34.89,34.91,34.55,34.62,10601420,0.0
2022-06-14,34.57,34.58,34.29,34.34,6440468,0.0
2022-06-15,34.72,35.0,34.45,34.8,13294870,0.0
2022-06-16,34.76,35.2,34.673,35.19,6944425,0.0
2022-06-17,35.076,35.1,34.84,34.89,7138648,0.0
2022-06-21,34.85,35.0279,34.73,34.76,8673899,0.0
2022-06-22,34.96,35.11,34.86,34.92,7787623,0.0
2022-06-23,34.92,35.07,34.62,34.68,7017917,0.0
2022-06-24,34.68,34.79,34.6,34.66,7656537,0.0
2022-06-27,34.75,34.78,34.5893,34.63,5301372,0.0
2022-06-28,34.64,34.6801,34.54,34.56,4482483,0.0
2022-06-29,34.76,34.78,34.47,34.55,8548975,0.0
2022-06-30,34.53,34.63,34.28,34.31,6780420,0.0
2022-07-01,34.05,34.37,34.02,34.3,12925170,0.0
2022-07-05,34.06,34.1,33.5,33.58,12462450,0.0
2022-07-06,33.48,33.5351,32.9,33.05,10507260,0.0
2022-07-07,33.09,33.22,33.02,33.07,5567144,0.0
2022-07-08,33.08,33.29,32.9808,33.09,5847136,0.0
2022-07-11,32.99,33.1,32.88,32.88,5517837,0.0
2022-07-12,32.84,32.93,32.75,32.77,4164055,0.0
2022-07-13,32.62,33.15,32.62,32.94,6642675,0.0
2022-07-14,32.41,32.565,32.24,32.45,10403240,0.0
2022-07-15,32.4,32.45,32.27,32.4,6047825,0.0
2022-07-18,32.62,32.69,32.41,32.42,4114360,0.0
2022-07-19,32.5,32.58,32.47,32.51,6225084,0.0
2022-07-20,32.55,32.57,32.2,32.21,7084243,0.0
2022-07-21,32.25,32.67,32.245,32.66,6492452,0.0
2022-07-22,32.7186,33.0366,32.6701,32.75,5483335,0.0
2022-07-25,32.737,32.745,32.565,32.65,4619453,0.0
2022-07-26,32.65,32.7051,32.56,32.61,4152758,0.0
2022-07-27,32.61,33.0505,32.505,32.95,8001616,0.0
2022-07-28,33.27,33.37,33.19,33.35,4362309,0.0
2022-07-29,33.39,33.565,33.28,33.45,6222610,0.0
2022-08-01,33.61,33.7052,33.5,33.63,6249354,0.0
2022-08-02,33.76,33.92,33.42,33.42,9735466,0.0
2022-08-03,33.57,33.605,33.3199,33.52,6504833,0.0
2022-08-04,33.74,34.1,33.69,34.05,5525716,0.0
2022-08-05,33.62,33.79,33.6,33.68,5490927,0.0
2022-08-08,33.83,33.9956,33.81,33.97,3199146,0.0
2022-08-09,34.12,34.19,33.9993,34.07,3685402,0.0
2022-08-10,34.12,34.23,33.95,34.01,3751457,0.0
2022-08-11,34.06,34.1666,33.89,33.9,3160367,0.0
2022-08-12,34.07,34.23,34.0,34.21,3833914,0.0
2022-08-15,33.84,33.88,33.72,33.78,3737264,0.0
2022-08-16,33.69,33.7713,33.66,33.71,2229735,0.0
2022-08-17,33.67,33.67,33.415,33.5,5118723,0.0
2022-08-18,33.56,33.605,33.33,33.41,3298832,0.0
2022-08-19,33.36,33.37,33.14,33.15,3188379,0.0
2022-08-22,32.96,33.04,32.88,32.93,2773059,0.0
2022-08-23,33.01,33.31,33.0,33.18,3771165,0.0
2022-08-24,33.1,33.35,33.095,33.27,2665700,0.0
2022-08-25,33.41,33.42,33.27,33.38,3392978,0.0
2022-08-26,33.24,33.35,32.9201,32.98,4274484,0.0
2022-08-29,32.99,33.145,32.95,32.99,2749580,0.0
2022-08-30,32.87,32.9,32.68,32.71,3734474,0.0
2022-08-31,32.51,32.73,32.46,32.46,3575722,0.0
2022-09-01,32.25,32.28,32.06,32.16,5388453,0.0
2022-09-02,32.48,32.6193,32.44,32.47,3859987,0.0
2022-09-06,32.45,32.492,32.27,32.27,4874343,0.0
2022-09-07,32.23,32.64,32.22,32.61,3664254,0.0
2022-09-08,32.53,32.58,32.35,32.4,5058415,0.0
2022-09-09,32.55,32.66,32.49,32.58,3210175,0.0
2022-09-12,32.82,32.9401,32.72,32.75,3769397,0.0
2022-09-13,32.31,32.46,32.2839,32.31,3210184,0.0
2022-09-14,32.34,32.3999,32.15,32.19,3109596,0.0
2022-09-15,31.96,32.1,31.515,31.58,6326427,0.0
2022-09-16,31.52,31.91,31.4504,31.75,4185341,0.0
2022-09-19,31.56,31.8099,31.555,31.78,5090014,0.0
2022-09-20,31.6,31.6401,31.51,31.61,4424761,0.0
2022-09-21,31.78,32.05,31.4,31.74,10985800,0.0
2022-09-22,31.86,31.9,31.66,31.73,5275800,0.0
2022-09-23,31.36,31.38,31.12,31.18,9865942,0.0
2022-09-26,31.22,31.2878,30.785,30.82,13911800,0.0
2022-09-27,31.05,31.13,30.87,30.88,20127039,0.0
2022-09-28,31.24,31.5642,31.172,31.52,9543817,0.0
2022-09-29,31.42,31.6,31.22,31.52,7655860,0.0
2022-09-30,31.58,31.8001,31.5115,31.53,9795100,0.0
2022-10-03,31.67,32.3,31.64,32.28,8446432,0.0
2022-10-04,32.45,32.835,32.39,32.75,9204146,0.0
2022-10-05,32.46,32.63,32.28,32.58,7236897,0.0
2022-10-06,32.5,32.59,32.41,32.55,5180420,0.0
2022-10-07,32.29,32.4008,32.14,32.19,4849632,0.0
2022-10-10,31.78,31.86,31.6199,31.69,4032317,0.0
2022-10-11,31.69,31.9615,31.576,31.62,4804857,0.0
2022-10-12,31.69,31.86,31.65,31.81,2897962,0.0
2022-10-13,31.29,31.74,31.18,31.57,7725226,0.0
2022-10-14,31.4,31.4301,31.13,31.17,4754241,0.0
2022-10-17,31.58,31.66,31.25,31.28,23914680,0.0
2022-10-18,31.41,31.4309,31.24,31.34,6308987,0.0
2022-10-19,30.99,31.08,30.89,30.92,5196231,0.0
2022-10-20,30.96,31.235,30.8346,30.88,5471984,0.0
2022-10-21,30.98,31.4575,30.95,31.43,6970312,0.0
2022-10-24,31.28,31.4,31.21,31.32,4925224,0.0
2022-10-25,31.38,31.55,31.36,31.39,7671926,0.0
2022-10-26,31.56,31.7499,31.55,31.6,4863743,0.0
2022-10-27,31.53,31.62,31.445,31.56,4235865,0.0
2022-10-28,31.19,31.295,31.09,31.22,3509789,0.0
2022-10-31,31.02,31.1617,30.9639,30.98,5324236,0.0
2022-11-01,31.36,31.39,31.1708,31.29,5668512,0.0
2022-11-02,31.43,31.68,31.04,31.06,11683510,0.0
2022-11-03,30.71,30.98,30.69,30.96,9311891,0.0
2022-11-04,31.59,31.93,31.535,31.91,6314201,0.0
2022-11-07,31.86,31.92,31.77,31.77,5497186,0.0
2022-11-08,31.82,32.59,31.8,32.49,10345490,0.0
2022-11-09,32.49,32.68,32.305,32.34,5755232,0.0
2022-11-10,33.01,33.33,32.96,33.33,6805082,0.0
2022-11-11,33.43,33.56,33.315,33.56,3766800,0.0
2022-11-14,33.47,33.6811,33.47,33.64,3985452,0.0
2022-11-15,33.7,33.8847,33.55,33.74,5304874,0.0
2022-11-16,33.72,33.79,33.6001,33.66,3555825,0.0
2022-11-17,33.4,33.45,33.31,33.41,4193573,0.0
2022-11-18,33.32,33.38,33.16,33.19,3007029,0.0
2022-11-21,33.12,33.12,32.88,33.01,2882242,0.0
2022-11-22,33.08,33.15,32.968,33.03,3759303,0.0
2022-11-23,32.96,33.2706,32.935,33.24,3425232,0.0
2022-11-25,33.21,33.315,33.19,33.28,1363838,0.0
2022-11-28,33.22,33.2401,33.01,33.01,2953799,0.0
2022-11-29,33.18,33.36,33.15,33.19,3306447,0.0
2022-11-30,33.38,33.6,33.1101,33.6,6734767,0.0
2022-12-01,34.13,34.24,34.04,34.23,6689145,0.0
2022-12-02,33.89,34.1499,33.8,34.12,3589805,0.0
2022-12-05,33.97,33.99,33.5,33.51,3884571,0.0
2022-12-06,33.68,33.74,33.53,33.62,3157183,0.0
2022-12-07,33.738,33.97,33.7,33.91,3319300,0.0
2022-12-08,33.966,34.05,33.87,33.94,4318883,0.0
2022-12-09,34.11,34.27,33.97,34.05,2464734,0.0
2022-12-12,33.94,33.97,33.7293,33.76,3366404,0.0
2022-12-13,34.505,34.62,34.26,34.36,5738308,0.0
2022-12-14,34.33,34.42,34.07,34.28,7951990,0.0
2022-12-15,33.81,33.89,33.665,33.72,4600765,0.0
2022-12-16,33.86,34.0473,33.8126,34.0,3376299,0.0
2022-12-19,33.98,34.075,33.84,33.91,3265494,0.0
2022-12-20,34.28,34.56,34.26,34.49,5455572,0.0
2022-12-21,34.47,34.5999,34.39,34.43,3620960,0.0
2022-12-22,34.208,34.208,33.8601,33.99,3888677,0.0
2022-12-23,34.02,34.215,33.983,34.11,2289885,0.0
2022-12-27,34.24,34.78,34.21,34.38,4214674,0.0
2022-12-28,34.25,34.3299,34.085,34.22,3829023,0.0
2022-12-29,34.37,34.5301,34.36,34.44,3769219,0.0
2022-12-30,34.51,34.65,34.42,34.59,3470876,0.0
2023-01-03,34.935,35.1,34.6792,34.88,9173247,0.0
2023-01-04,35.26,35.295,35.05,35.21,6501024,0.0
2023-01-05,34.84,34.87,34.6278,34.79,5035894,0.0
2023-01-06,35.01,35.48,34.92,35.43,5675836,0.0
2023-01-09,35.59,35.695,35.455,35.5,7575229,0.0
2023-01-10,35.615,35.68,35.5,35.62,3559107,0.0
2023-01-11,35.635,35.65,35.4221,35.61,3216243,0.0
2023-01-12,35.89,36.0321,35.665,36.02,3994440,0.0
2023-01-13,36.09,36.4657,36.08,36.45,3621869,0.0
2023-01-17,36.34,36.36,36.11,36.21,4346137,0.0
2023-01-18,36.48,36.535,36.0748,36.11,4003739,0.0
2023-01-19,36.38,36.71,36.3201,36.69,7951253,0.0
2023-01-20,36.5,36.6359,36.4336,36.55,3434781,0.0
2023-01-23,36.38,36.64,36.255,36.62,4384256,0.0
2023-01-24,36.62,36.77,36.37,36.75,2691214,0.0
2023-01-25,36.57,36.955,36.56,36.94,3613036,0.0
2023-01-26,36.74,36.76,36.39,36.59,4210342,0.0
2023-01-27,36.57,36.65,36.355,36.55,5252363,0.0
2023-01-30,36.55,36.59,36.43,36.44,3552020,0.0
2023-01-31,36.47,36.63,36.41,36.59,9142751,0.0
2023-02-01,36.66,37.07,36.43,37.07,9936335,0.0
2023-02-02,36.93,36.93,36.25,36.26,6710432,0.0
2023-02-03,35.67,35.77,35.3007,35.37,15543080,0.0
2023-02-06,35.51,35.5767,35.3311,35.45,6703909,0.0
2023-02-07,35.43,35.74,35.37,35.48,4747641,0.0
2023-02-08,35.69,35.69,35.45,35.58,4550195,0.0
2023-02-09,35.8,35.8,35.255,35.29,4424979,0.0
2023-02-10,35.42,35.4265,35.215,35.35,3754135,0.0
2023-02-13,35.211,35.27,35.095,35.18,3740776,0.0
2023-02-14,35.07,35.38,34.96,35.2,5411619,0.0
2023-02-15,34.8,34.87,34.705,34.84,11797730,0.0
2023-02-16,34.73,35.0,34.665,34.84,8036928,0.0
2023-02-17,34.649,34.97,34.575,34.93,3329119,0.0
2023-02-21,34.91,34.975,34.74,34.79,3073387,0.0
2023-02-22,34.85,34.8604,34.58,34.61,2436835,0.0
2023-02-23,34.64,34.7,34.48,34.58,2388806,0.0
2023-02-24,34.348,34.4357,34.305,34.33,3821195,0.0
2023-02-27,34.44,34.52,34.375,34.45,3299062,0.0
2023-02-28,34.42,34.7213,34.3892,34.62,3875235,0.0
2023-03-01,34.86,34.98,34.76,34.84,6702333,0.0
2023-03-02,34.78,34.87,34.745,34.83,5495952,0.0
2023-03-03,34.98,35.2,34.875,35.19,3331676,0.0
2023-03-06,35.13,35.1594,34.99,35.02,2396118,0.0
2023-03-07,34.76,34.77,34.37,34.38,5803551,0.0
2023-03-08,34.38,34.59,34.375,34.39,2423404,0.0
2023-03-09,34.63,34.8,34.6123,34.7,3747622,0.0
2023-03-10,35.08,35.47,35.06,35.46,4736356,0.0
2023-03-13,36.03,36.31,35.96,36.29,7072470,0.0
2023-03-14,36.18,36.23,35.94,36.07,5613830,0.0
2023-03-15,36.471,36.7399,36.2011,36.34,7125798,0.0
2023-03-16,36.61,36.64,36.28,36.43,4496413,0.0
2023-03-17,36.92,37.691,36.8794,37.49,10011150,0.0
2023-03-20,37.58,37.64,37.27,37.5,6969223,0.0
2023-03-21,37.27,37.275,36.7,36.8,7122860,0.0
2023-03-22,36.8,37.52,36.78,37.42,10377760,0.0
2023-03-23,37.51,37.99,37.455,37.9,4992558,0.0
2023-03-24,37.86,37.935,37.455,37.46,5889051,0.0
2023-03-27,36.96,37.155,36.855,37.12,3858900,0.0
2023-03-28,37.19,37.4563,37.15,37.43,3851791,0.0
2023-03-29,37.23,37.39,37.18,37.24,4415964,0.0
2023-03-30,37.27,37.622,37.2421,37.57,5241781,0.0
2023-03-31,37.56,37.62,37.292,37.37,4543455,0.0
2023-04-03,37.51,37.75,37.4,37.65,6364983,0.0
2023-04-04,37.69,38.4,37.67,38.35,9932446,0.0
2023-04-05,38.43,38.52,38.1,38.32,10352270,0.0
2023-04-06,38.14,38.2,37.9327,38.05,5101530,0.0
2023-04-10,37.77,37.81,37.58,37.77,3115751,0.0
2023-04-11,37.91,38.045,37.875,37.99,3374485,0.0
2023-04-12,38.25,38.28,37.94,38.19,3652451,0.0
2023-04-13,38.71,38.84,38.56,38.7,7479384,0.0
2023-04-14,38.37,38.45,37.78,38.01,8999340,0.0
2023-04-17,37.925,37.93,37.56,37.86,4730900,0.0
2023-04-18,37.79,38.1415,37.75,37.99,2732944,0.0
2023-04-19,37.61,37.86,37.59,37.8,3255842,0.0
2023-04-20,37.97,38.155,37.9,37.98,3005930,0.0
2023-04-21,37.73,37.88,37.38,37.59,4112933,0.0
2023-04-24,37.56,37.745,37.425,37.71,2865223,0.0
2023-04-25,37.71,37.99,37.6,37.89,3740646,0.0
2023-04-26,38.07,38.0738,37.6,37.68,3321237,0.0
2023-04-27,37.53,37.7399,37.41,37.69,2899902,0.0
2023-04-28,37.69,37.8109,37.57,37.71,2992773,0.0
2023-05-01,37.95,37.99,37.52,37.52,6086297,0.0
2023-05-02,37.67,38.28,37.64,38.25,5672175,0.0
2023-05-03,38.28,38.595,38.14,38.57,6737569,0.0
2023-05-04,38.527,39.04,38.52,38.86,13324880,0.0
2023-05-05,38.07,38.27,37.9,38.24,4261870,0.0
2023-05-08,38.32,38.47,38.25,38.29,2826430,0.0
2023-05-09,38.38,38.63,38.37,38.55,5764410,0.0
2023-05-10,38.555,38.68,38.32,38.51,3556592,0.0
2023-05-11,38.45,38.52,38.129,38.19,4434717,0.0
2023-05-12,38.245,38.33,38.07,38.11,4194323,0.0
2023-05-15,38.21,38.33,38.165,38.19,2254495,0.0
2023-05-16,38.07,38.12,37.63,37.72,4526019,0.0
2023-05-17,37.61,37.63,37.43,37.59,4936807,0.0
2023-05-18,37.15,37.19,37.0,37.09,4298499,0.0
2023-05-19,37.19,37.61,37.095,37.45,3711649,0.0
2023-05-22,37.37,37.505,37.32,37.39,2746742,0.0
2023-05-23,37.3,37.49,37.23,37.42,3727469,0.0
2023-05-24,37.44,37.445,37.0801,37.13,4388390,0.0
2023-05-25,36.97,36.9901,36.7485,36.76,4267480,0.0
2023-05-26,36.94,36.99,36.7487,36.92,2158281,0.0
2023-05-30,37.07,37.21,36.96,37.14,3584084,0.0
2023-05-31,37.2,37.422,37.16,37.2,3989257,0.0
2023-06-01,37.3,37.5842,37.29,37.49,6649585,0.0
2023-06-02,37.46,37.46,36.92,36.94,4971553,0.0
2023-06-05,36.88,37.2299,36.85,37.16,4340121,0.0
2023-06-06,37.21,37.2692,37.04,37.2,3893510,0.0
2023-06-07,37.12,37.335,36.76,36.76,2904241,0.0
2023-06-08,37.14,37.342,37.13,37.25,2998547,0.0
2023-06-09,37.22,37.2954,37.08,37.14,2127066,0.0
2023-06-12,37.09,37.12,36.9401,37.11,2776222,0.0
2023-06-13,37.16,37.23,36.76,36.83,3469362,0.0
2023-06-14,37.07,37.1263,36.76,36.86,3469908,0.0
2023-06-15,36.78,37.15,36.765,37.11,6209032,0.0
2023-06-16,37.13,37.26,37.015,37.06,3244930,0.0
2023-06-20,36.74,36.75,36.57,36.68,6044270,0.0
2023-06-21,36.55,36.715,36.36,36.63,4377521,0.0
2023-06-22,36.4,36.52,36.245,36.26,5115154,0.0
2023-06-23,36.66,36.72,36.34,36.35,3675216,0.0
2023-06-26,36.52,36.54,36.41,36.42,3636560,0.0
2023-06-27,36.55,36.58,36.21,36.25,4944417,0.0
2023-06-28,36.16,36.26,36.0501,36.17,3230370,0.0
2023-06-29,35.88,36.24,35.87,36.15,2908770,0.0
2023-06-30,36.25,36.43,36.1899,36.39,4193314,0.0
2023-07-03,36.44,36.59,36.41,36.41,4865641,0.0
2023-07-05,36.62,36.62,36.285,36.29,5070172,0.0
2023-07-06,36.23,36.28,36.05,36.18,4066077,0.0
2023-07-07,36.39,36.6501,36.39,36.46,3370269,0.0
2023-07-10,36.39,36.51,36.38,36.48,3863134,0.0
2023-07-11,36.62,36.669,36.55,36.62,3124422,0.0
2023-07-12,36.97,37.13,36.95,37.12,3928115,0.0
2023-07-13,37.13,37.17,37.0346,37.14,3385621,0.0
2023-07-14,37.06,37.175,36.9687,37.02,3924680,0.0
2023-07-17,36.93,37.06,36.86,37.04,3470122,0.0
2023-07-18,37.3,37.6,37.2083,37.46,4901600,0.0
2023-07-19,37.42,37.51,37.32,37.48,3770422,0.0
2023-07-20,37.49,37.5,37.2341,37.29,3403422,0.0
2023-07-21,37.15,37.235,37.075,37.17,3243813,0.0
2023-07-24,37.18,37.25,37.0057,37.02,2858752,0.0
2023-07-25,37.08,37.2375,36.98,37.22,2749947,0.0
2023-07-26,37.29,37.4799,37.21,37.42,3752519,0.0
2023-07-27,37.07,37.07,36.8,36.84,4193772,0.0
2023-07-28,37.03,37.2,36.99,37.12,2247413,0.0
2023-07-31,37.23,37.365,37.2,37.2,5007818,0.0
2023-08-01,36.91,37.03,36.7705,36.84,4269308,0.0
2023-08-02,36.85,36.893,36.61,36.67,10211000,0.0
2023-08-03,36.62,36.7299,36.59,36.65,3912907,0.0
2023-08-04,36.78,36.89,36.705,36.77,3498271,0.0
2023-08-07,36.76,36.765,36.59,36.69,3171544,0.0
2023-08-08,36.46,36.595,36.42,36.46,3327500,0.0
2023-08-09,36.46,36.5116,36.28,36.28,3525254,0.0
2023-08-10,36.37,36.465,36.23,36.24,3813831,0.0
2023-08-11,36.27,36.39,36.22,36.24,4330660,0.0
2023-08-14,36.1,36.24,36.04,36.14,3850726,0.0
2023-08-15,36.07,36.2113,35.99,36.03,5293412,0.0
2023-08-16,36.05,36.11,35.83,35.83,6265919,0.0
2023-08-17,36.04,36.04,35.7,35.77,4110993,0.0
2023-08-18,35.88,35.925,35.74,35.78,3230824,0.0
2023-08-21,35.89,35.91,35.71,35.87,5193749,0.0
2023-08-22,35.89,35.9747,35.7843,35.94,5514497,0.0
2023-08-23,36.19,36.37,36.15,36.31,9951951,0.0
2023-08-24,36.25,36.4299,36.21,36.3,13451670,0.0
2023-08-25,36.24,36.41,36.0587,36.26,10726240,0.0
2023-08-28,36.25,36.4828,36.23,36.37,3971072,0.0
2023-08-29,36.34,36.71,36.32,36.7,7662685,0.0
2023-08-30,36.86,36.92,36.8,36.81,3052899,0.0
2023-08-31,36.81,36.84,36.7287,36.75,4103889,0.0
2023-09-01,36.9,36.96,36.6446,36.76,5390963,0.0
2023-09-05,36.59,36.62,36.46,36.48,6052466,0.0
2023-09-06,36.4,36.5393,36.2701,36.29,4283309,0.0
2023-09-07,36.39,36.41,36.31,36.34,2488821,0.0
2023-09-08,36.4,36.545,36.31,36.35,4047201,0.0
2023-09-11,36.53,36.555,36.3885,36.41,3745356,0.0
2023-09-12,36.16,36.27,36.14,36.23,3217155,0.0
2023-09-13,36.23,36.28,36.135,36.15,4007952,0.0
2023-09-14,36.02,36.21,36.0,36.17,3931004,0.0
2023-09-15,36.45,36.5599,36.4049,36.42,3646005,0.0
2023-09-18,36.505,36.62,36.4119,36.62,3315015,0.0
2023-09-19,36.65,36.67,36.5401,36.58,3494197,0.0
2023-09-20,36.6,36.88,36.6,36.61,5323563,0.0
2023-09-21,36.3,36.435,36.27,36.34,5921890,0.0
2023-09-22,36.47,36.53,36.44,36.46,2650712,0.0
2023-09-25,36.42,36.48,36.2644,36.27,27030010,0.0
2023-09-26,36.09,36.16,35.96,35.98,6387620,0.0
2023-09-27,35.77,35.785,35.45,35.54,3860755,0.0
2023-09-28,35.49,35.54,35.175,35.35,6333928,0.0
2023-09-29,35.49,35.52,34.96,34.99,9430960,0.0
2023-10-02,34.75,34.795,34.6,34.64,9975911,0.0
2023-10-03,34.53,34.71,34.45,34.53,9486846,0.0
2023-10-04,34.54,34.585,34.3948,34.52,7561793,0.0
2023-10-05,34.45,34.495,34.3501,34.47,6622918,0.0
2023-10-06,34.53,34.75,34.4,34.64,5810770,0.0
2023-10-09,34.95,35.29,34.93,35.29,5575475,0.0
2023-10-10,35.13,35.27,35.0947,35.22,3962567,0.0
2023-10-11,35.44,35.543,35.38,35.48,4847084,0.0
2023-10-12,35.54,35.565,35.3647,35.37,4539255,0.0
2023-10-13,36.12,36.56,36.08,36.5,9630653,0.0
2023-10-16,36.31,36.41,36.25,36.34,3196512,0.0
2023-10-17,36.41,36.57,36.335,36.39,3590140,0.0
2023-10-18,36.93,37.16,36.7,36.92,7123629,0.0
2023-10-19,36.96,37.449,36.91,37.37,17552221,0.0
2023-10-20,37.45,37.815,37.38,37.47,8387697,0.0
2023-10-23,37.46,37.47,37.3,37.35,6055908,0.0
2023-10-24,37.175,37.44,37.1,37.34,4706268,0.0
2023-10-25,37.44,37.625,37.16,37.51,9453401,0.0
2023-10-26,37.43,37.665,37.335,37.57,5847627,0.0
2023-10-27,37.53,38.0434,37.4601,38.01,8503752,0.0
2023-10-30,37.89,37.91,37.72,37.79,5245317,0.0
2023-10-31,37.8,38.015,37.46,37.59,9450640,0.0
2023-11-01,37.55,37.7625,37.295,37.46,13901580,0.0
2023-11-02,37.6,37.62,37.47,37.6,4212103,0.0
2023-11-03,37.65,37.87,37.63,37.73,8184291,0.0
2023-11-06,37.58,37.615,37.43,37.43,4440603,0.0
2023-11-07,37.21,37.3,37.108,37.27,3335390,0.0
2023-11-08,37.16,37.17,36.865,36.9,4444914,0.0
2023-11-09,36.94,37.215,36.935,37.04,3905987,0.0
2023-11-10,36.85,36.87,36.599,36.64,4048160,0.0
2023-11-13,36.62,36.9,36.57,36.86,3391428,0.0
2023-11-14,37.1,37.31,37.0801,37.18,4491078,0.0
2023-11-15,37.16,37.19,37.02,37.08,3748211,0.0
2023-11-16,37.32,37.63,37.32,37.5,11087150,0.0
2023-11-17,37.57,37.59,37.45,37.5,3852001,0.0
2023-11-20,37.22,37.4651,37.21,37.43,3421559,0.0
2023-11-21,37.89,38.0,37.78,37.83,4190150,0.0
2023-11-22,37.88,37.92,37.6201,37.67,3600434,0.0
2023-11-24,37.88,37.925,37.8087,37.87,2195234,0.0
2023-11-27,38.08,38.14,37.9601,38.14,3471541,0.0
2023-11-28,38.37,38.67,38.29,38.64,6862511,0.0
2023-11-29,38.61,38.7999,38.59,38.71,3950618,0.0
2023-11-30,38.57,38.6379,38.45,38.54,4804341,0.0
2023-12-01,38.55,39.29,38.53,39.21,9148734,0.0
2023-12-04,38.72,38.87,38.235,38.37,10871870,0.0
2023-12-05,38.31,38.36,38.04,38.22,7458152,0.0
2023-12-06,38.46,38.48,38.29,38.36,13756580,0.0
2023-12-07,38.49,38.5,38.2388,38.42,4702411,0.0
2023-12-08,37.97,38.1301,37.755,37.9,6003940,0.0
2023-12-11,37.67,37.68,37.4,37.5,4519437,0.0
2023-12-12,37.54,37.565,37.42,37.47,3458168,0.0
2023-12-13,37.53,38.32,37.445,38.32,8152923,0.0
2023-12-14,38.57,38.76,38.405,38.55,5091344,0.0
2023-12-15,38.5,38.585,38.1498,38.18,5048292,0.0
2023-12-18,38.3,38.49,38.24,38.36,3414659,0.0
2023-12-19,38.44,38.74,38.42,38.62,4220441,0.0
2023-12-20,38.53,38.585,38.41,38.41,4208787,0.0
2023-12-21,38.65,38.715,38.54,38.68,3816857,0.0
2023-12-22,39.12,39.18,38.815,38.86,3939757,0.0
2023-12-26,38.99,39.15,38.88,39.14,3389720,0.0
2023-12-27,39.15,39.4499,39.115,39.34,4250326,0.0
2023-12-28,39.27,39.388,39.1,39.1,3614025,0.0
2023-12-29,39.0,39.14,38.96,39.03,4877573,0.0
2024-01-02,39.09,39.18,38.9,38.94,5501539,0.0
2024-01-03,38.54,38.77,38.42,38.64,11331520,0.0
2024-01-04,38.62,38.75,38.54,38.67,4091466,0.0
2024-01-05,38.74,39.055,38.6187,38.66,6061537,0.0
2024-01-08,38.22,38.55,38.2101,38.37,4861355,0.0
2024-01-09,38.53,38.55,38.34,38.38,4676465,0.0
2024-01-10,38.41,38.485,38.23,38.3,4666113,0.0
2024-01-11,38.4,38.51,38.1,38.37,6380759,0.0
2024-01-12,38.94,39.02,38.6312,38.75,4331504,0.0
2024-01-16,38.63,38.65,38.3034,38.39,6529824,0.0
2024-01-17,38.25,38.27,37.88,37.95,4914091,0.0
2024-01-18,38.06,38.27,38.0449,38.27,4755102,0.0
2024-01-19,38.45,38.46,38.28,38.39,6115283,0.0
2024-01-22,38.24,38.345,38.16,38.24,4290331,0.0
2024-01-23,38.29,38.425,38.25,38.39,3935340,0.0
2024-01-24,38.46,38.475,38.055,38.08,6266784,0.0
2024-01-25,38.27,38.32,38.08,38.23,4637783,0.0
2024-01-26,38.25,38.27,38.14,38.18,3288135,0.0
2024-01-29,38.46,38.51,38.235,38.46,3503883,0.0
2024-01-30,38.74,38.77,38.39,38.51,4125571,0.0
2024-01-31,38.67,38.9,38.42,38.49,9428750,0.0
2024-02-01,38.74,39.076,38.6,38.89,6332007,0.0
2024-02-02,38.41,38.58,38.3699,38.51,6094882,0.0
2024-02-05,38.18,38.36,38.13,38.3,4479654,0.0
2024-02-06,38.38,38.57,38.35,38.52,4402814,0.0
2024-02-07,38.5,38.68,38.46,38.49,10268680,0.0
2024-02-08,38.37,38.505,38.36,38.45,6002952,0.0
2024-02-09,38.3,38.3478,38.22,38.32,5216939,0.0
2024-02-12,38.11,38.25,38.065,38.23,4698718,0.0
2024-02-13,37.86,37.87,37.65,37.69,6273222,0.0
2024-02-14,37.63,37.765,37.53,37.66,4572334,0.0
2024-02-15,37.9,37.9956,37.81,37.93,3728318,0.0
2024-02-16,37.8,38.13,37.755,38.07,4780077,0.0
2024-02-20,38.39,38.4085,38.28,38.31,3655940,0.0
2024-02-21,38.39,38.4077,38.215,38.3,4595495,0.0
2024-02-22,38.3,38.325,38.2057,38.3,6745514,0.0
2024-02-23,38.31,38.63,38.29,38.52,5511693,0.0
2024-02-26,38.37,38.475,38.31,38.44,3250036,0.0
2024-02-27,38.52,38.56,38.38,38.4,4310135,0.0
2024-02-28,38.48,38.51,38.41,38.48,4488880,0.0
2024-02-29,38.74,38.7914,38.65,38.65,5022478,0.0
2024-03-01,38.86,39.5,38.65,39.4,7677141,0.0
2024-03-04,39.66,40.1,39.6097,40.05,7201970,0.0
2024-03-05,40.33,40.4701,40.1701,40.29,6286543,0.0
2024-03-06,40.46,40.711,40.33,40.61,7684681,0.0
2024-03-07,40.76,40.8763,40.64,40.83,4896249,0.0
2024-03-08,41.03,41.525,40.95,41.18,7156072,0.0
2024-03-11,41.21,41.3499,41.16,41.25,4029349,0.0
2024-03-12,40.95,40.98,40.68,40.81,5770264,0.0
2024-03-13,40.94,41.235,40.92,41.1,5811295,0.0
2024-03-14,40.93,40.95,40.72,40.92,4749499,0.0
2024-03-15,40.83,40.98,40.765,40.8,3702868,0.0
2024-03-18,40.78,40.88,40.76,40.85,3291974,0.0
2024-03-19,40.77,40.82,40.635,40.82,4232702,0.0
2024-03-20,40.7,41.395,40.675,41.3,8238466,0.0
2024-03-21,41.65,41.66,40.98,41.26,6654463,0.0
2024-03-22,41.13,41.23,40.805,40.93,5018587,0.0
2024-03-25,41.1,41.255,41.05,41.05,4264509,0.0
2024-03-26,41.41,41.42,41.075,41.2,4900758,0.0
2024-03-27,41.34,41.5199,41.33,41.49,3653780,0.0
2024-03-28,41.79,42.09,41.65,42.01,7533827,0.0
2024-04-01,42.62,42.64,42.145,42.46,20547689,0.0
2024-04-02,42.7,43.11,42.5666,43.09,12232660,0.0
2024-04-03,43.02,43.48,42.96,43.46,11442580,0.0
2024-04-04,43.32,43.6001,43.11,43.22,13660640,0.0
2024-04-05,43.42,44.07,43.355,43.95,7466258,0.0
2024-04-08,44.13,44.29,43.85,44.23,6397896,0.0
2024-04-09,44.5,44.71,44.22,44.47,12397680,0.0
2024-04-10,44.01,44.49,43.86,44.04,16560760,0.0
2024-04-11,44.301,44.91,44.11,44.89,8728413,0.0
2024-04-12,45.32,45.98,44.135,44.3,18862289,0.0
2024-04-15,44.52,45.15,43.95,45.13,15443530,0.0
2024-04-16,44.99,45.355,44.7,45.18,15690950,0.0
2024-04-17,45.17,45.3,44.65,44.86,12024650,0.0
2024-04-18,45.21,45.25,44.81,45.0,8014783,0.0
2024-04-19,45.04,45.43,44.9613,45.14,7878616,0.0
2024-04-22,44.19,44.32,43.955,44.04,8875607,0.0
2024-04-23,43.72,44.095,43.69,43.91,8383701,0.0
2024-04-24,43.88,44.2,43.8,43.86,5185357,0.0
2024-04-25,43.81,44.34,43.79,44.11,8203472,0.0
2024-04-26,44.29,44.3422,44.0351,44.26,6147489,0.0
2024-04-29,44.14,44.38,43.98,44.16,8695116,0.0
2024-04-30,43.59,43.74,43.28,43.3,9230496,0.0
2024-05-01,43.52,44.025,43.4,43.69,11788590,0.0
2024-05-02,43.31,43.66,43.21,43.55,6727532,0.0
2024-05-03,43.5,43.56,43.05,43.52,10297350,0.0
2024-05-06,43.97,44.11,43.82,43.95,5693314,0.0
2024-05-07,43.84,43.915,43.7,43.76,5484227,0.0
2024-05-08,43.64,43.8852,43.6201,43.65,6209569,0.0
2024-05-09,43.83,44.33,43.81,44.33,6346252,0.0
2024-05-10,44.78,44.87,44.56,44.68,6638566,0.0
2024-05-13,44.35,44.405,44.095,44.2,5281624,0.0
2024-05-14,44.4,44.615,44.335,44.57,5675590,0.0
2024-05-15,44.76,45.19,44.47,45.13,7731575,0.0
2024-05-16,44.98,45.07,44.83,44.97,4208704,0.0
2024-05-17,45.4,45.74,45.3,45.69,7306468,0.0
2024-05-20,45.73,46.085,45.57,45.89,5668496,0.0
2024-05-21,45.92,46.01,45.705,45.82,4511578,0.0
2024-05-22,45.59,45.6101,44.9,44.99,7061340,0.0
2024-05-23,44.69,44.795,44.07,44.07,8015278,0.0
2024-05-24,44.34,44.385,44.085,44.12,4117391,0.0
2024-05-28,44.64,44.665,44.38,44.57,5092869,0.0
2024-05-29,44.31,44.36,44.16,44.16,6020868,0.0
2024-05-30,44.27,44.44,44.22,44.24,3404477,0.0
2024-05-31,44.5,44.53,43.865,43.99,5267778,0.0
2024-06-03,44.11,44.51,44.05,44.39,5176239,0.0
2024-06-04,44.18,44.19,43.77,43.98,4146951,0.0
2024-06-05,44.27,44.5651,44.12,44.49,4581887,0.0
2024-06-06,44.62,44.9499,44.57,44.84,3911685,0.0
2024-06-07,43.96,43.97,43.235,43.24,8422010,0.0
2024-06-10,43.55,43.735,43.48,43.63,3013541,0.0
2024-06-11,43.72,43.81,43.58,43.77,2586439,0.0
2024-06-12,44.24,44.25,43.7701,43.88,7247280,0.0
2024-06-13,43.82,43.9299,43.3799,43.53,3185234,0.0
2024-06-14,43.99,44.145,43.9251,44.08,3424534,0.0
2024-06-17,43.91,43.98,43.65,43.85,3553176,0.0
2024-06-18,43.8,44.1,43.74,44.03,4548498,0.0
2024-06-20,44.21,44.69,44.17,44.58,5276305,0.0
2024-06-21,44.52,44.525,43.785,43.89,5793345,0.0
2024-06-24,44.05,44.13,43.9799,44.08,3259956,0.0
2024-06-25,43.93,43.9956,43.76,43.85,3183470,0.0
2024-06-26,43.41,43.54,43.35,43.46,4411694,0.0
2024-06-27,43.88,44.035,43.8201,43.96,3302511,0.0
2024-06-28,44.05,44.1,43.8999,43.93,2696042,0.0
2024-07-01,43.99,44.11,43.84,44.06,4481160,0.0
2024-07-02,44.0,44.15,43.865,44.06,4599808,0.0
2024-07-03,44.41,44.695,44.41,44.55,3078458,0.0
2024-07-05,44.88,45.225,44.87,45.15,4813260,0.0
2024-07-08,44.89,44.9659,44.435,44.6,3848910,0.0
2024-07-09,44.67,44.81,44.4,44.66,3114497,0.0
2024-07-10,44.99,45.105,44.785,44.83,3974114,0.0
2024-07-11,45.51,45.805,45.26,45.63,5318398,0.0
2024-07-12,45.39,45.7,45.345,45.61,3279541,0.0
2024-07-15,45.66,46.1,45.58,45.76,3046982,0.0
2024-07-16,46.07,46.66,46.0485,46.66,7066456,0.0
2024-07-17,46.76,46.9301,46.33,46.44,4801414,0.0
2024-07-18,46.53,46.655,46.105,46.15,4080966,0.0
2024-07-19,45.28,45.51,45.25,45.32,4611044,0.0
2024-07-22,45.29,45.355,45.045,45.33,2748301,0.0
2024-07-23,45.43,45.5252,45.34,45.49,2200383,0.0
2024-07-24,45.68,45.96,45.31,45.31,4548428,0.0
2024-07-25,44.78,44.81,44.455,44.62,5045077,0.0
2024-07-26,44.96,45.175,44.91,45.08,3162380,0.0
2024-07-29,45.23,45.28,44.77,45.02,4749983,0.0
2024-07-30,45.26,45.555,45.0399,45.49,4750265,0.0
2024-07-31,45.74,46.31,45.7107,46.3,4985956,0.0
2024-08-01,46.35,46.51,45.99,46.14,5918197,0.0
2024-08-02,46.6,46.76,45.555,46.05,12300130,0.0
2024-08-05,45.09,45.6,45.02,45.48,11915370,0.0
2024-08-06,45.26,45.41,44.99,45.1,45584059,0.0
2024-08-07,45.36,45.43,45.04,45.06,3390557,0.0
2024-08-08,45.53,45.83,45.48,45.77,4847942,0.0
2024-08-09,45.94,46.04,45.74,45.89,4178505,0.0
2024-08-12,46.22,46.7064,46.18,46.67,5027326,0.0
2024-08-13,46.61,46.77,46.515,46.6,10748830,0.0
2024-08-14,46.31,46.5,46.07,46.23,4835222,0.0
2024-08-15,46.29,46.4954,46.02,46.37,3838871,0.0
2024-08-16,47.01,47.4089,46.81,47.4,6205167,0.0
2024-08-19,47.04,47.37,46.96,47.35,3419452,0.0
2024-08-20,47.78,47.83,47.25,47.51,4954171,0.0
2024-08-21,47.36,47.595,47.12,47.46,4479601,0.0
2024-08-22,47.09,47.12,46.66,46.88,3331274,0.0
2024-08-23,47.22,47.565,47.1221,47.43,4430396,0.0
2024-08-26,47.72,47.729,47.435,47.58,2274635,0.0
2024-08-27,47.36,47.72,47.35,47.71,3200298,0.0
2024-08-28,47.43,47.43,47.16,47.38,2355613,0.0
2024-08-29,47.41,47.755,47.405,47.62,3828186,0.0
2024-08-30,47.52,47.595,47.12,47.28,3464067,0.0
2024-09-03,47.1,47.125,46.72,47.09,4460670,0.0
2024-09-04,46.96,47.2301,46.89,47.11,5054152,0.0
2024-09-05,47.57,47.605,47.29,47.51,3715608,0.0
2024-09-06,47.39,47.57,46.94,47.15,5270668,0.0
2024-09-09,47.27,47.35,47.095,47.35,2557512,0.0
2024-09-10,47.5,47.58,47.25,47.55,2278288,0.0
2024-09-11,47.37,47.6,47.24,47.48,3426525,0.0
2024-09-12,47.97,48.33,47.92,48.32,4597395,0.0
2024-09-13,48.68,48.85,48.6,48.8,4379617,0.0
2024-09-16,48.81,48.91,48.66,48.77,1916592,0.0
2024-09-17,48.68,48.78,48.375,48.53,3053627,0.0
2024-09-18,48.68,49.12,48.11,48.15,9193177,0.0
2024-09-19,48.7,48.96,48.525,48.89,5405771,0.0
2024-09-20,49.29,49.595,49.165,49.52,5577809,0.0
2024-09-23,49.68,49.7752,49.59,49.6,3479245,0.0
2024-09-24,49.76,50.335,49.7113,50.31,5322704,0.0
2024-09-25,50.33,50.39,50.045,50.25,4024314,0.0
2024-09-26,50.39,50.57,50.1378,50.5,3965276,0.0
2024-09-27,50.36,50.44,49.92,50.09,9018173,0.0
2024-09-30,49.89,49.895,49.58,49.7,4003418,0.0
2024-10-01,50.14,50.485,50.1,50.21,6266896,0.0
2024-10-02,50.21,50.3,49.88,50.22,8670413,0.0
2024-10-03,50.03,50.275,49.82,50.2,8834181,0.0
2024-10-04,50.09,50.43,49.9,50.08,8655846,0.0
2024-10-07,50.0,50.0599,49.85,49.92,2530065,0.0
2024-10-08,49.84,49.89,49.195,49.54,10629160,0.0
2024-10-09,49.31,49.44,49.2,49.27,3166799,0.0
2024-10-10,49.42,49.685,49.38,49.65,2936616,0.0
2024-10-11,50.0,50.27,49.98,50.16,2017669,0.0
2024-10-14,50.12,50.26,49.9313,50.1,2166281,0.0
2024-10-15,50.09,50.41,50.0,50.28,2728977,0.0
2024-10-16,50.64,50.72,50.37,50.53,2244979,0.0
2024-10-17,50.66,50.9151,50.625,50.84,4507237,0.0
2024-10-18,51.11,51.41,51.095,51.37,7175615,0.0
2024-10-21,51.68,51.7572,51.265,51.38,6549515,0.0
2024-10-22,51.73,51.92,51.63,51.92,4308575,0.0
2024-10-23,51.75,51.76,51.15,51.29,5307801,0.0
2024-10-24,51.79,51.795,51.4,51.68,3483713,0.0
2024-10-25,51.54,51.84,51.475,51.8,2901133,0.0
2024-10-28,51.74,51.855,51.72,51.78,4269695,0.0
2024-10-29,52.02,52.4,51.98,52.36,9023700,0.0
2024-10-30,52.5,52.69,52.325,52.65,3386308,0.0
2024-10-31,52.25,52.26,51.57,51.84,11368170,0.0
2024-11-01,51.99,52.11,51.615,51.62,5835085,0.0
2024-11-04,51.8,51.8452,51.585,51.7,3213099,0.0
2024-11-05,51.88,51.93,51.605,51.81,2337212,0.0
2024-11-06,50.22,50.565,50.08,50.23,10917660,0.0
2024-11-07,50.76,51.16,50.73,51.06,4299585,0.0
2024-11-08,50.92,50.985,50.66,50.7,27814480,0.0
2024-11-11,49.62,49.625,49.2901,49.51,9869489,0.0
2024-11-12,49.345,49.41,48.955,49.08,7707090,0.0
2024-11-13,49.34,49.38,48.585,48.59,8931826,0.0
2024-11-14,48.38,48.66,48.29,48.46,6172978,0.0
2024-11-15,48.57,48.6321,48.32,48.37,5204570,0.0
2024-11-18,49.16,49.38,49.16,49.29,5593039,0.0
2024-11-19,49.64,49.75,49.49,49.74,4858937,0.0
2024-11-20,49.83,50.14,49.79,50.03,4127895,0.0
2024-11-21,50.35,50.4651,50.24,50.44,3074361,0.0
2024-11-22,50.75,51.2,50.68,51.08,4238770,0.0
2024-11-25,49.96,49.97,49.385,49.59,7724153,0.0
2024-11-26,49.64,49.7053,49.4,49.69,4047658,0.0
2024-11-27,50.07,50.135,49.734,49.78,7452801,0.0
2024-11-29,50.15,50.2635,50.05,50.25,2425523,0.0
2024-12-02,49.985,50.015,49.7173,49.79,5103881,0.0
2024-12-03,50.09,50.1354,49.755,49.89,3198964,0.0
2024-12-04,50.09,50.1699,49.975,50.04,4011974,0.0
2024-12-05,49.94,49.975,49.52,49.67,3758896,0.0
2024-12-06,49.64,49.8699,49.5799,49.68,6142859,0.0
2024-12-09,50.38,50.525,50.155,50.17,4664121,0.0
2024-12-10,50.68,50.8851,50.68,50.83,2917054,0.0
2024-12-11,50.99,51.38,50.9125,51.3,7037053,0.0
2024-12-12,50.69,50.77,50.49,50.57,6261000,0.0
2024-12-13,50.24,50.3,49.95,49.98,5438400,0.0
2024-12-16,50.17,50.21,50.01,50.06,3704600,0.0
2024-12-17,49.86,50.01,49.74,49.91,4223700,0.0
2024-12-18,49.8,49.84,48.84,48.93,7227700,0.0
2024-12-19,49.01,49.09,48.83,49.0,3855400,0.0
2024-12-20,49.38,49.68,49.32,49.5,5019400,0.0
2024-12-23,49.41,49.42,49.21,49.27,4704500,0.0
2024-12-24,49.38,49.42,49.25,49.39,1216700,0.0
2024-12-26,49.58,49.81,49.53,49.72,2383900,0.0
2024-12-27,49.36,49.49,49.3,49.37,2654200,0.0
2024-12-30,49.3,49.3,49.0,49.22,2624600,0.0
2024-12-31,49.3,49.6,49.3,49.51,3248800,0.0
2025-01-02,49.95,50.22,49.92,50.19,4048400,0.0
2025-01-03,50.02,50.07,49.78,49.79,3330600,0.0
2025-01-06,49.56,49.86,49.51,49.74,3789000,0.0
2025-01-07,50.21,50.27,49.88,50.01,5951900,0.0
2025-01-08,50.25,50.41,50.01,50.29,4796300,0.0
2025-01-10,50.74,50.93,50.63,50.78,10078700,0.0
2025-01-13,50.37,50.48,50.14,50.25,4420500,0.0
2025-01-14,50.21,50.53,50.21,50.53,2558600,0.0
2025-01-15,50.78,50.91,50.53,50.91,5123900,0.0
2025-01-16,51.25,51.42,51.19,51.25,6770500,0.0
2025-01-17,51.06,51.3,50.96,50.99,4246100,0.0
2025-01-21,51.55,51.83,51.52,51.75,5817000,0.0
2025-01-22,52.01,52.1,51.91,52.03,4875700,0.0
2025-01-23,51.79,52.08,51.71,51.98,4447400,0.0
2025-01-24,52.35,52.58,52.28,52.31,4306100,0.0
2025-01-27,51.91,52.0,51.52,51.76,6761900,0.0
2025-01-28,51.98,52.19,51.92,52.18,5485900,0.0
2025-01-29,52.04,52.11,51.81,52.0,5875600,0.0
2025-01-30,52.59,52.81,52.46,52.76,7054900,0.0
2025-01-31,52.99,53.18,52.74,52.87,6724300,0.0
2025-02-03,53.13,53.44,53.09,53.17,9447800,0.0
2025-02-04,53.55,53.69,53.46,53.69,5745200,0.0
2025-02-05,54.08,54.4,53.99,54.02,9173700,0.0
2025-02-06,53.93,53.94,53.48,53.89,5222300,0.0
2025-02-07,54.23,54.48,53.83,53.97,8020200,0.0
2025-02-10,54.83,54.95,54.67,54.88,10280900,0.0
2025-02-11,54.76,54.88,54.56,54.69,6019900,0.0
2025-02-12,54.65,54.91,54.48,54.75,7051000,0.0
2025-02-13,54.89,55.3,54.87,55.28,4307200,0.0
2025-02-14,55.24,55.27,54.3,54.46,5884600,0.0
2025-02-18,55.16,55.44,55.15,55.37,5334100,0.0
2025-02-19,55.37,55.49,55.08,55.42,4368700,0.0
2025-02-20,55.28,55.6,55.27,55.44,3571300,0.0
2025-02-21,55.38,55.54,55.14,55.39,6585900,0.0
2025-02-24,55.52,55.7,55.31,55.68,4927900,0.0
2025-02-25,55.53,55.57,54.5,54.97,8801200,0.0
2025-02-26,54.64,55.05,54.56,55.04,5220700,0.0
2025-02-27,54.52,54.56,54.1,54.2,25891400,0.0
2025-02-28,53.7,53.89,53.44,53.87,10115800,0.0
2025-03-03,54.23,54.6,54.2,54.57,7463000,0.0
2025-03-04,55.05,55.11,54.73,55.04,12685800,0.0
2025-03-05,54.82,55.29,54.82,55.17,7395200,0.0
2025-03-06,54.87,55.13,54.87,54.87,5236500,0.0
2025-03-07,55.04,55.3,54.77,54.91,6019100,0.0
2025-03-10,54.75,54.92,54.34,54.43,8597200,0.0
2025-03-11,54.94,55.14,54.92,55.07,8303600,0.0
2025-03-12,54.93,55.49,54.9,55.3,12694100,0.0
2025-03-13,55.57,56.33,55.56,56.27,12053400,0.0
2025-03-14,56.52,56.53,56.19,56.29,5274100,0.0
2025-03-17,56.37,56.63,56.35,56.62,4505500,0.0
2025-03-18,57.28,57.33,57.07,57.27,6110100,0.0
2025-03-19,57.27,57.59,57.09,57.51,5683800,0.0
2025-03-20,57.18,57.47,57.16,57.44,5281800,0.0
2025-03-21,57.14,57.16,56.59,56.97,5562200,0.0
2025-03-24,57.04,57.09,56.63,56.7,5024500,0.0
2025-03-25,57.02,57.27,56.93,56.99,2805200,0.0
2025-03-26,57.07,57.09,56.84,56.92,2367200,0.0
2025-03-27,57.38,57.71,57.2,57.68,5245500,0.0
2025-03-28,58.05,58.24,57.87,58.13,5060900,0.0
2025-03-31,58.83,59.0,58.49,58.96,9362300,0.0
2025-04-01,59.05,59.15,58.5,58.86,13282000,0.0
2025-04-02,58.97,59.14,58.8,58.95,6634500,0.0
2025-04-03,57.85,59.14,57.79,58.6,12148800,0.0
2025-04-04,58.03,58.11,56.89,57.26,16907900,0.0
2025-04-07,57.04,57.3,55.78,56.1,16100500,0.0
2025-04-08,56.85,56.93,56.11,56.31,11423300,0.0
2025-04-09,57.74,58.48,57.5,58.38,19134300,0.0
2025-04-10,59.1,59.92,58.78,59.81,10539300,0.0
2025-04-11,60.95,61.22,60.73,60.96,10467200,0.0
2025-04-14,60.45,60.69,60.26,60.59,13329800,0.0
2025-04-15,60.76,60.98,60.58,60.94,4791500,0.0
2025-04-16,62.33,63.03,62.16,62.93,11711500,0.0
2025-04-17,62.68,62.85,61.94,62.63,7497700,0.0
2025-04-21,64.47,64.72,64.24,64.59,11458600,0.0
2025-04-22,64.97,64.98,63.5,63.66,21160500,0.0
2025-04-23,62.23,62.34,61.49,62.12,20124300,0.0
2025-04-24,62.81,63.12,62.35,63.04,8467200,0.0
2025-04-25,61.76,62.48,61.58,62.34,7890000,0.0
2025-04-28,62.24,63.25,62.0,63.23,7891500,0.0
2025-04-29,62.58,62.8,62.24,62.64,7537600,0.0
2025-04-30,62.34,62.62,62.09,62.17,8244800,0.0
2025-05-01,60.85,60.96,60.43,60.86,8245300,0.0
2025-05-02,61.43,61.55,60.77,60.97,6921500,0.0
2025-05-05,62.6,62.95,62.35,62.79,7354900,0.0
2025-05-06,64.06,64.59,63.73,64.57,8319200,0.0
2025-05-07,63.87,64.1,63.45,63.61,7982700,0.0
2025-05-08,63.38,63.53,62.02,62.34,9265000,0.0
2025-05-09,62.98,63.13,62.62,62.77,4985300,0.0
2025-05-12,61.07,61.27,60.75,61.0,11144100,0.0
2025-05-13,61.18,61.44,60.83,61.28,9535000,0.0
2025-05-14,60.09,60.31,59.74,59.97,10171800,0.0
2025-05-15,60.17,60.95,60.11,60.93,6693400,0.0
2025-05-16,59.88,60.27,59.71,60.2,8372300,0.0
2025-05-19,60.95,61.09,60.67,60.97,5463400,0.0
2025-05-20,61.06,62.14,61.05,62.12,21557900,0.0
2025-05-21,62.31,62.71,62.13,62.59,11393400,0.0
2025-05-22,62.43,62.47,61.83,62.03,8357900,0.0
2025-05-23,63.21,63.48,62.92,63.38,7542000,0.0
2025-05-27,62.16,62.38,61.95,62.31,6745300,0.0
2025-05-28,62.35,62.41,62.02,62.17,11400800,0.0
2025-05-29,62.56,62.8,62.3,62.54,6179600,0.0
2025-05-30,62.12,62.22,61.7,62.16,8115900,0.0
2025-06-02,63.29,63.79,63.18,63.77,8006100,0.0
2025-06-03,63.35,63.35,62.85,63.23,7150900,0.0
2025-06-04,63.31,63.82,63.19,63.62,5773600,0.0
2025-06-05,63.71,63.89,62.96,63.29,16510800,0.0
2025-06-06,63.23,63.27,62.44,62.47,6056200,0.0
2025-06-09,62.48,62.95,62.43,62.74,4308800,0.0
2025-06-10,63.09,63.15,62.6,62.77,4983900,0.0
2025-06-11,62.95,63.15,62.6,63.12,7219400,0.0
2025-06-12,63.78,64.08,63.69,63.89,11874900,0.0
2025-06-13,64.93,65.0,64.46,64.74,11711200,0.0
2025-06-16,64.42,64.43,63.78,63.8,8940900,0.0
2025-06-17,63.98,64.05,63.46,63.82,8616500,0.0
2025-06-18,64.02,64.06,63.42,63.48,9442500,0.0
2025-06-20,63.3,63.63,63.29,63.45,4568300,0.0
2025-06-23,63.52,63.99,63.51,63.67,10781600,0.0
2025-06-24,62.43,62.71,62.13,62.68,9301900,0.0
2025-06-25,62.5,62.9,62.45,62.85,4078400,0.0
2025-06-26,62.56,62.89,62.4,62.8,4159600,0.0
2025-06-27,61.4,61.89,61.37,61.65,7104300,0.0
2025-06-30,61.88,62.37,61.8,62.36,10439800,0.0
2025-07-01,63.16,63.23,62.9,62.92,5328200,0.0
2025-07-02,63.03,63.32,62.82,63.31,9064000,0.0
2025-07-03,62.83,62.95,62.66,62.87,3156500,0.0
2025-07-07,62.35,62.98,62.33,62.92,4468700,0.0
2025-07-08,62.71,62.72,61.96,62.26,8177800,0.0
2025-07-09,62.13,62.53,62.06,62.52,4476000,0.0
2025-07-10,62.67,62.73,62.39,62.67,3568500,0.0
2025-07-11,63.2,63.5,63.14,63.3,5651000,0.0
2025-07-14,63.26,63.33,62.98,63.05,4615300,0.0
2025-07-15,62.98,63.19,62.59,62.78,10493700,0.0
2025-07-16,62.86,63.66,62.58,63.11,10322200,0.0
2025-07-17,62.52,62.97,62.45,62.96,4897300,0.0
2025-07-18,63.31,63.32,63.11,63.13,7448100,0.0
2025-07-21,63.83,64.13,63.78,64.09,5242600,0.0
2025-07-22,64.38,64.72,64.19,64.7,5045200,0.0
2025-07-23,64.28,64.47,63.74,63.91,11582700,0.0
2025-07-24,63.3,63.65,63.26,63.53,3271300,0.0
2025-07-25,63.0,63.1,62.67,62.91,5506600,0.0
2025-07-28,62.72,62.75,62.23,62.52,4606300,0.0
2025-07-29,62.6,62.84,62.43,62.69,3660100,0.0
2025-07-30,62.3,62.36,61.6,61.62,8431800,0.0
2025-07-31,62.34,62.35,61.99,62.01,4852600,0.0
2025-08-01,63.16,63.36,62.92,63.29,8423900,0.0
2025-08-04,63.62,63.82,63.53,63.64,3891800,0.0
2025-08-05,63.54,63.91,63.51,63.69,5550300,0.0
2025-08-06,63.51,63.71,63.43,63.56,3177300,0.0
2025-08-07,63.83,64.1,63.59,64.08,5775400,0.0
2025-08-08,63.93,64.17,63.63,64.06,10126600,0.0
2025-08-11,63.18,63.39,62.98,63.17,7022200,0.0
2025-08-12,63.1,63.31,62.78,63.1,5391900,0.0
2025-08-13,63.29,63.53,63.14,63.29,2998100,0.0
2025-08-14,63.03,63.11,62.74,62.9,3838800,0.0
2025-08-15,62.93,63.05,62.82,62.94,7667400,0.0
2025-08-18,63.0,63.03,62.77,62.84,7055700,0.0
2025-08-19,62.79,62.93,62.48,62.49,4419700,0.0
2025-08-20,62.97,63.14,62.93,63.13,3608700,0.0
2025-08-21,63.03,63.08,62.86,62.9,6383700,0.0
2025-08-22,62.73,63.67,62.73,63.58,12583500,0.0
2025-08-25,63.41,63.63,63.4,63.44,2224900,0.0
2025-08-26,63.58,63.91,63.52,63.88,7909500,0.0
2025-08-27,63.75,64.05,63.62,64.01,2931200,0.0
2025-08-28,64.14,64.5,64.09,64.49,4900200,0.0
2025-08-29,64.43,65.11,64.41,65.1,6360600,0.0
2025-09-02,65.69,66.72,65.56,66.65,9973200,0.0
2025-09-03,67.12,67.44,66.89,67.2,5169300,0.0
2025-09-04,66.95,67.05,66.61,66.91,6439500,0.0
2025-09-05,67.47,67.85,67.35,67.76,8368400,0.0
2025-09-08,68.3,68.75,68.22,68.54,6838300,0.0
2025-09-09,68.99,69.26,68.36,68.41,8801400,0.0
2025-09-10,68.74,68.89,68.51,68.64,6802500,0.0
2025-09-11,68.26,68.61,68.17,68.53,10093600,0.0
2025-09-12,68.75,68.87,68.63,68.68,3736200,0.0
2025-09-15,68.86,69.45,68.83,69.38,4457800,0.0
2025-09-16,69.62,69.79,69.33,69.54,27357700,0.0
2025-09-17,69.29,69.86,68.7,69.0,17507500,0.0
2025-09-18,68.83,68.86,68.35,68.71,9244100,0.0
2025-09-19,68.88,69.45,68.86,69.44,5766000,0.0
2025-09-22,70.16,70.65,69.99,70.63,6521700,0.0
2025-09-23,71.3,71.4,70.71,70.94,11213900,0.0
2025-09-24,71.0,71.01,70.04,70.29,9123000,0.0
2025-09-25,70.49,70.8,70.11,70.58,7896100,0.0
2025-09-26,70.8,71.3,70.71,70.99,7110600,0.0
2025-09-29,72.02,72.23,71.92,72.16,7263500,0.0
2025-09-30,71.88,72.79,71.84,72.77,7678100,0.0
2025-10-01,72.93,73.08,72.64,72.88,10140100,0.0
2025-10-02,73.35,73.43,71.95,72.65,11710400,0.0
2025-10-03,73.13,73.33,72.85,73.22,9028000,0.0
2025-10-06,74.12,74.8,74.0,74.62,9403200,0.0
2025-10-07,75.05,75.2,74.64,75.01,8728100,0.0
2025-10-08,76.08,76.49,75.86,76.22,11060900,0.0
2025-10-09,76.39,76.41,74.3,74.83,23845100,0.0
2025-10-10,75.24,75.81,74.82,75.58,12966900,0.0
2025-10-13,77.08,77.57,76.9,77.43,9388800,0.0
2025-10-14,77.43,78.29,77.38,78.03,11451300,0.0
2025-10-15,79.03,79.39,78.76,79.32,11406400,0.0
2025-10-16,80.09,81.24,79.94,81.15,17695100,0.0
2025-10-17,81.3,81.34,78.87,79.63,40401300,0.0
2025-10-20,81.38,82.55,80.87,82.5,15793200,0.0
2025-10-21,79.14,79.6,76.9,77.38,39834100,0.0
2025-10-22,76.31,77.48,75.54,77.28,24702700,0.0
2025-10-23,78.11,78.25,77.53,77.55,10752000,0.0
2025-10-24,77.5,77.96,77.18,77.31,11592400,0.0
2025-10-27,75.97,76.07,74.81,75.15,19098400,0.0
2025-10-28,74.07,74.79,73.74,74.59,11185300,0.0
2025-10-29,75.7,75.78,74.0,74.31,15939000,0.0
2025-10-30,74.76,75.83,74.64,75.79,10400900,0.0
2025-10-31,75.85,75.88,74.84,75.39,9572400,0.0
2025-11-03,75.54,75.92,75.27,75.54,6968000,0.0
2025-11-04,74.44,74.88,74.0,74.21,6979400,0.0
2025-11-05,75.04,75.17,74.67,75.05,5947200,0.0
2025-11-06,75.16,75.38,74.68,74.97,7512500,0.0
2025-11-07,75.34,75.86,75.04,75.43,8568500,0.0
2025-11-10,76.98,77.54,76.75,77.47,6054500,0.0
2025-11-11,77.8,77.89,77.18,77.8,6738900,0.0
2025-11-12,77.83,79.33,77.7,79.04,13813900,0.0
2025-11-13,79.3,79.47,78.07,78.41,12295600,0.0
2025-11-14,76.35,77.44,75.94,76.98,15959800,0.0
2025-11-17,76.59,76.88,75.47,76.11,10494300,0.0
2025-11-18,76.75,76.9,76.11,76.69,10234000,0.0
2025-11-19,77.35,77.84,76.4,76.78,9162100,0.0
2025-11-20,76.84,77.35,76.15,76.78,8518700,0.0
2025-11-21,76.6,77.24,76.38,76.61,10289900,0.0
2025-11-24,76.76,77.86,76.63,77.84,7411900,0.0
2025-11-25,77.88,78.32,77.43,77.83,12677900,0.0
2025-11-26,78.03,78.58,77.92,78.44,9143000,0.0
2025-11-28,79.05,79.42,78.84,79.41,6228400,0.0
2025-12-01,80.0,80.0,79.47,79.81,10411600,0.0
2025-12-02,79.61,79.65,78.43,79.29,8130400,0.0
2025-12-03,79.56,79.89,79.02,79.23,5417200,0.0
2025-12-04,79.23,79.46,78.93,79.28,4030300,0.0
2025-12-05,79.7,80.22,79.08,79.14,6569800,0.0
2025-12-08,79.275,79.3,78.64,78.95,6331031,0.0
2025-12-09,78.97,79.5007,78.91,79.34,5245153,0.0
2025-12-10,79.05,79.82,78.76,79.67,8626400,0.0
2025-12-11,79.67,80.71,79.57,80.54,13195700,0.0
2025-12-12,81.76,81.98,80.18,80.99,13725700,0.0
2025-12-15,81.46,81.65,80.71,81.08,7222800,0.0
2025-12-16,81.46,81.65,80.82,81.08,6965200,0.0
2025-12-17,81.52,81.91,81.37,81.76,10268800,0.0
2025-12-18,81.57,82.38,81.12,81.63,8053100,0.0
2025-12-19,81.5,82.04,81.34,81.71,5202600,0.0
2025-12-22,83.34,83.66,83.09,83.59,6309800,0.0
2025-12-23,84.06,84.72,83.39,84.68,7327000,0.0
2025-12-24,84.44,84.51,83.73,84.34,6549300,0.0
2025-12-26,85.3,85.69,84.94,85.34,8989300,0.0
2025-12-29,82.68,82.68,81.01,81.61,16442800,0.0
2025-12-30,82.65,82.69,81.64,81.71,8333700,0.0
2025-12-31,81.64,81.95,81.0,81.17,9044600,0.0
2026-01-02,82.25,82.28,81.15,81.56,9679200,0.0
2026-01-05,83.23,83.9,83.18,83.71,9385200,0.0
2026-01-06,84.09,84.68,84.04,84.62,8729000,0.0
2026-01-07,83.67,84.14,83.3,83.81,8631600,0.0
2026-01-08,83.35,84.31,83.25,84.28,5575800,0.0
2026-01-09,84.61,85.05,84.34,84.89,10736000,0.0
2026-01-12,86.36,87.19,86.33,86.49,10978300,0.0
2026-01-13,86.96,87.38,86.04,86.36,13273100,0.0
2026-01-14,87.26,87.43,86.61,87.23,11856400,0.0
2026-01-15,86.65,87.07,86.59,86.71,8795500,0.0
2026-01-16,86.6,87.0,85.44,86.27,20024200,0.0
2026-01-20,89.44,89.75,88.92,89.55,17969900,0.0
2026-01-21,91.5,91.74,89.54,90.87,26241200,0.0
2026-01-22,90.91,92.78,90.87,92.56,11020500,0.0
2026-01-23,93.0,93.95,92.89,93.79,18623600,0.0
2026-01-26,95.61,96.12,94.3,95.18,25297400,0.0
2026-01-27,95.25,97.58,95.03,97.48,20377800,0.0
2026-01-28,99.03,101.52,98.59,101.25,42995600,0.0
2026-01-29,104.37,104.4,95.82,101.57,69839500,0.0
2026-01-30,95.49,96.27,88.19,91.2,76121500,0.0
2026-02-02,88.92,90.26,86.54,87.57,31833100,0.0
2026-02-03,92.7,94.02,91.9,93.03,36182400,0.0
2026-02-04,94.71,94.84,91.28,92.92,24594400,0.0
2026-02-05,90.99,92.34,90.21,90.53,20972500,0.0
2026-02-06,92.29,93.57,92.17,93.24,11782600,0.0
2026-02-09,94.47,95.76,94.39,95.63,11434800,0.0
2026-02-10,95.45,95.6,94.12,94.71,10306400,0.0
2026-02-11,95.45,95.98,94.81,95.76,8020300,0.0
2026-02-12,95.22,95.51,91.8,92.48,22578200,0.0
2026-02-13,94.19,95.0,93.46,94.75,10225100,0.0
2026-02-17,92.19,92.45,91.28,91.82,10112000,0.0
2026-02-18,93.35,94.31,93.27,93.85,9099900,0.0
2026-02-19,93.71,94.51,93.42,94.12,7521800,0.0
2026-02-20,94.89,95.97,93.87,95.95,10079400,0.0
2026-02-23,97.22,98.59,97.22,98.57,8340400,0.0
2026-02-24,96.28,97.38,96.19,97.2,6546000,0.0
2026-02-25,97.45,98.21,96.86,96.97,7040800,0.0
2026-02-26,97.31,97.89,96.54,97.79,5642900,0.0
2026-02-27,98.46,99.12,98.16,99.07,9228800,0.0
2026-03-02,100.38,100.81,99.01,100.38,17985000,0.0
2026-03-03,96.75,96.94,94.03,95.92,19212800,0.0
2026-03-04,97.22,97.59,96.17,96.65,11314400,0.0
2026-03-05,96.33,96.4,95.03,95.52,17814400,0.0
2026-03-06,96.08,97.4,95.64,96.98,11701100,0.0
2026-03-09,95.91,96.825,95.22,96.78,6813827,0.0
2026-03-10,98.29,98.6007,97.14,97.85,8889285,0.0
2026-03-11,97.52,97.81,96.92,97.55,5155500,0.0
2026-03-12,97.3,97.31,95.55,95.65,47696600,0.0
2026-03-13,96.12,96.3,94.28,94.38,12220900,0.0
2026-03-16,94.47,94.8,93.6,94.33,9700300,0.0
2026-03-17,94.34,94.68,93.59,94.07,8925500,0.0
2026-03-18,91.49,92.19,91.04,91.12,18426400,0.0
2026-03-19,86.1,87.72,85.39,87.37,32763000,0.0
2026-03-20,87.69,87.8,84.27,84.7,23849500,0.0
2026-03-23,82.98,84.91,81.88,82.78,30403200,0.0
2026-03-24,81.99,83.44,81.87,82.76,14571600,0.0
2026-03-25,86.01,86.17,84.46,85.27,12478900,0.0
2026-03-26,83.69,84.29,82.03,82.09,15659300,0.0
2026-03-27,83.23,85.72,83.06,84.95,15153700,0.0
2026-03-30,85.95,86.07,84.56,84.93,11160200,0.0
2026-03-31,86.07,88.2,85.98,88.16,12762400,0.0
2026-04-01,89.12,90.17,88.88,89.68,14442600,0.0
2026-04-02,86.54,88.41,86.29,87.94,6147000,0.0
2026-04-06,87.85,88.4,87.43,87.61,4424300,0.0
2026-04-07,87.64,88.78,86.71,88.46,8178500,0.0
2026-04-08,90.15,90.24,88.39,89.04,9977200,0.0
2026-04-09,89.43,90.33,89.31,89.72,4029700,0.0
2026-04-10,89.85,90.23,89.34,89.56,3466800,0.0
2026-04-13,89.1,89.37,88.45,89.21,5074100,0.0
2026-04-14,90.0,91.19,89.96,91.18,5290600,0.0
2026-04-15,90.73,90.9,90.07,90.24,4392800,0.0
2026-04-16,90.6,90.75,89.77,90.16,3996000,0.0
2026-04-17,91.3,91.93,91.24,91.34,4141000,0.0
2026-04-20,90.78,90.84,90.17,90.57,4826400,0.0
2026-04-21,89.85,90.2,87.85,88.04,8510300,0.0
2026-04-22,89.39,89.58,88.89,89.19,3151800,0.0
2026-04-23,88.95,89.19,87.74,88.34,4056400,0.0
2026-04-24,88.38,89.19,88.25,88.75,3063700,0.0
2026-04-27,88.46,88.48,87.81,88.07,2337600,0.0
2026-04-28,86.19,86.57,85.74,86.46,4138600,0.0
2026-04-29,85.38,85.88,84.86,85.55,8933300,0.0
2026-04-30,87.15,87.17,86.63,86.85,4084600,0.0
2026-05-01,86.34,87.68,86.29,86.72,9810600,0.0
2026-05-04,85.81,86.22,84.69,84.97,7885300,0.0
2026-05-05,86.09,86.28,85.62,85.69,4027600,0.0
2026-05-06,88.13,88.75,88.03,88.3,6534300,0.0
2026-05-07,89.23,89.62,88.16,88.46,7072800,0.0
2026-05-08,88.94,89.37,88.47,88.87,2861400,0.0
2026-05-11,88.97,89.33,88.57,89.06,3017900,0.0
2026-05-12,88.24,88.71,87.27,88.71,3211600,0.0
2026-05-13,88.22,88.6,87.83,88.19,3350600,0.0
2026-05-14,88.19,88.42,87.52,87.54,2471200,0.0
2026-05-15,85.59,85.9,84.86,85.51,3919800,0.0
2026-05-18,86.01,86.24,85.24,85.76,3198400,0.0
2026-05-19,84.5,84.92,83.99,84.32,10805200,0.0
2026-05-20,84.45,85.65,84.03,85.53,6017700,0.0
2026-05-21,84.67,85.74,84.42,85.43,2808800,0.0
2026-05-22,85.07,85.17,84.47,84.81,3236000,0.0
2026-05-26,85.06,85.24,84.32,84.81,3854900,0.0
2026-05-27,82.85,83.87,82.85,83.73,6776600,0.0
2026-05-28,83.3,84.93,83.09,84.59,12929300,0.0
2026-05-29,85.16,86.44,85.07,85.49,5948900,0.0
2026-06-01,84.01,84.55,83.66,84.27,4816900,0.0
2026-06-02,84.87,84.91,84.24,84.42,5892000,0.0
2026-06-03,83.68,83.89,83.25,83.59,9057300,0.0
2026-06-04,84.72,84.92,83.83,84.28,3051300,0.0
2026-06-05,82.87,82.94,81.15,81.22,7776400,0.0
2026-06-08,81.46,81.75,81.15,81.38,6513400,0.0
2026-06-09,81.46,82.06,79.68,80.07,9171000,0.0
2026-06-10,78.02,78.73,76.75,76.79,11399900,0.0
2026-06-11,76.62,79.34,76.21,79.13,13527200,0.0
2026-06-12,79.05,79.66,78.57,79.19,9870500,0.0
2026-06-15,81.89,82.18,81.18,81.26,5130600,0.0
2026-06-16,81.52,81.75,81.12,81.5,3922100,0.0
2026-06-17,81.53,82.4,79.33,79.64,14275600,0.0
2026-06-18,80.2,80.44,79.03,79.33,8405500,0.0
2026-06-22,78.75,79.18,78.42,78.8,9674400,0.0
2026-06-23,77.4,77.94,77.29,77.33,4652100,0.0
2026-06-24,74.78,76.01,74.44,74.99,10609200,0.0
2026-06-25,75.63,76.04,75.18,75.71,6301800,0.0
2026-06-26,76.29,77.02,76.07,76.56,4671800,0.0
2026-06-29,75.96,76.05,75.21,75.53,4262200,0.0
2026-06-30,75.66,76.41,75.46,75.51,5512900,0.0
2026-07-01,76.09,77.41,75.88,75.96,6798100,0.0
2026-07-02,77.32,77.93,77.12,77.51,4674000,0.0
2026-07-06,77.9,78.39,77.64,78.3,11490500,0.0
2026-07-07,78.35,78.61,76.97,77.37,3420700,0.0
2026-07-08,76.49,76.94,75.63,76.74,3337100,0.0
2026-07-09,77.58,77.8,77.36,77.51,5457000,0.0
2026-07-10,76.86,77.39,76.59,77.26,2748600,0.0
2026-07-13,76.39,76.42,74.97,75.25,4392400,0.0
2026-07-14,76.77,77.11,76.03,76.27,3520800,0.0
2026-07-15,76.26,76.75,75.73,76.28,2942300,0.0
2026-07-16,75.3,75.51,74.62,74.8,5619200,0.0
2026-07-17,74.6,75.65,74.55,75.5,6287000,0.0
2026-07-20,75.37,75.58,75.18,75.35,7583800,0.0
2026-07-21,76.17,76.85,76.06,76.82,3570000,0.0
2026-07-22,77.72,78.33,77.63,77.69,7764900,0.0
2026-07-23,76.29,76.46,75.95,76.15,4105300,0.0
2026-07-24,76.09,76.75,76.07,76.23,2592000,0.0
2026-07-27,76.64,76.98,76.44,76.78,2335300,0.0
2026-07-28,75.76,76.09,75.44,75.7,4775200,0.0
2026-07-29,75.48,77.39,75.13,76.04,4203200,0.0
2026-07-30,76.69,77.45,76.61,77.3,3534200,0.0
2026-07-31,76.01,76.26,75.6,76.17,5260800,0.0
2026-08-03,75.85,76.25,75.57,76.19,4316600,0.0
2026-08-04,76.67,77.19,76.5,76.69,10095400,0.0
2026-08-05,78.93,80.24,78.77,79.85,11119200,0.0
2026-08-06,79.85,80.37,79.39,79.87,7368800,0.0
2026-08-07,81.92,82.11,81.37,81.68,8396800,0.0
2026-08-10,81.5,82.65,81.15,82.51,3559900,0.0
2026-08-11,82.68,82.81,81.97,82.18,3718200,0.0
2026-08-12,83.06,83.46,82.65,82.98,4824700,0.0
2026-08-13,82.41,82.5,81.645,81.78,4245082,0.0
