date,open,high,low,close,volume,amount
1989-09-19,22.25,22.25,22.125,22.25,225571,0.0
1989-09-20,22.125,22.125,22.0,22.125,57771,0.0
1989-09-21,21.875,22.0,21.875,21.875,27342,0.0
1989-09-22,21.875,22.0,21.75,21.875,14002,0.0
1989-09-25,22.375,22.375,22.125,22.375,36934,0.0
1989-09-26,22.375,22.5,22.375,22.375,44651,0.0
1989-09-27,22.875,22.875,22.75,22.875,41344,0.0
1989-09-28,22.75,22.875,22.625,22.75,79159,0.0
1989-09-29,22.875,22.875,22.75,22.875,20286,0.0
1989-10-02,22.875,23.0,22.75,22.875,4741,0.0
1989-10-03,22.625,22.875,22.625,22.625,22601,0.0
1989-10-04,22.625,22.75,22.625,22.625,14553,0.0
1989-10-05,22.375,22.5,22.375,22.375,20396,0.0
1989-10-06,22.125,22.125,22.0,22.125,4520,0.0
1989-10-09,22.125,22.125,22.125,22.125,331,0.0
1989-10-10,21.875,22.0,21.875,21.875,3749,0.0
1989-10-11,21.625,21.75,21.625,21.625,3638,0.0
1989-10-12,21.75,21.75,21.625,21.75,4079,0.0
1989-10-13,21.625,21.875,21.625,21.625,12679,0.0
1989-10-16,21.75,21.75,21.625,21.75,1323,0.0
1989-10-17,22.0,22.0,21.875,22.0,1103,0.0
1989-10-18,22.125,22.125,22.0,22.125,662,0.0
1989-10-19,22.25,22.25,22.25,22.25,1103,0.0
1989-10-20,22.5,22.5,22.125,22.5,1213,0.0
1989-10-23,22.25,22.25,22.125,22.25,1213,0.0
1989-10-24,22.25,22.25,22.0,22.25,3308,0.0
1989-10-25,22.375,22.5,22.125,22.375,5072,0.0
1989-10-26,22.5,22.5,22.5,22.5,3087,0.0
1989-10-27,22.375,22.375,22.375,22.375,441,0.0
1989-10-30,22.375,22.5,22.375,22.375,662,0.0
1989-10-31,22.5,22.5,22.5,22.5,2426,0.0
1989-11-01,22.25,22.5,22.25,22.25,1654,0.0
1989-11-02,21.875,22.25,21.875,21.875,1874,0.0
1989-11-03,22.0,22.0,22.0,22.0,221,0.0
1989-11-06,21.75,21.875,21.75,21.75,1323,0.0
1989-11-07,21.75,21.75,21.75,21.75,662,0.0
1989-11-08,21.75,21.75,21.75,21.75,11025,0.0
1989-11-09,21.625,21.75,21.625,21.625,772,0.0
1989-11-10,21.875,21.875,21.875,21.875,331,0.0
1989-11-13,21.625,21.75,21.625,21.625,1323,0.0
1989-11-14,21.5,21.5,21.5,21.5,441,0.0
1989-11-15,22.0,22.0,21.875,22.0,11135,0.0
1989-11-16,22.0,22.0,22.0,22.0,221,0.0
1989-11-17,21.875,21.875,21.875,21.875,110,0.0
1989-11-20,21.75,21.75,21.75,21.75,110,0.0
1989-11-21,21.75,21.75,21.75,21.75,662,0.0
1989-11-24,21.875,22.0,21.875,21.875,551,0.0
1989-11-27,22.25,22.25,22.125,22.25,3638,0.0
1989-11-28,22.375,22.5,22.375,22.375,992,0.0
1989-11-29,22.625,22.625,22.5,22.625,10474,0.0
1989-11-30,22.75,22.75,22.5,22.75,12789,0.0
1989-12-01,22.625,22.625,22.625,22.625,1103,0.0
1989-12-04,22.625,22.625,22.625,22.625,221,0.0
1989-12-05,22.5,22.5,22.375,22.5,1544,0.0
1989-12-06,22.625,22.625,22.5,22.625,1764,0.0
1989-12-07,22.75,22.75,22.75,22.75,1654,0.0
1989-12-08,22.75,22.75,22.75,22.75,110,0.0
1989-12-11,22.75,22.75,22.75,22.75,221,0.0
1989-12-12,22.75,22.75,22.375,22.75,7718,0.0
1989-12-13,22.75,23.0,22.75,22.75,441,0.0
1989-12-14,22.75,22.875,22.75,22.75,11466,0.0
1989-12-15,22.75,22.75,22.75,22.75,221,0.0
1989-12-18,22.625,22.75,22.5,22.625,1433,0.0
1989-12-19,22.625,22.625,22.625,22.625,110,0.0
1989-12-20,22.5,22.625,22.375,22.5,1874,0.0
1989-12-21,22.25,22.375,22.125,22.25,1103,0.0
1989-12-26,22.625,22.875,22.625,22.625,2426,0.0
1989-12-27,22.75,22.75,22.75,22.75,110,0.0
1989-12-28,22.625,22.625,22.625,22.625,110,0.0
1990-01-02,22.875,22.875,22.875,22.875,8379,0.0
1990-01-03,22.625,22.875,22.625,22.625,882,0.0
1990-01-04,22.625,22.625,22.625,22.625,441,0.0
1990-01-05,22.5,22.625,22.375,22.5,11246,0.0
1990-01-09,22.25,22.25,22.25,22.25,1103,0.0
1990-01-11,21.25,22.0,21.25,21.25,12679,0.0
1990-01-12,21.0,21.0,21.0,21.0,441,0.0
1990-01-15,20.75,20.75,20.75,20.75,662,0.0
1990-01-18,20.5,20.625,20.5,20.5,1323,0.0
1990-01-19,20.5,20.5,20.5,20.5,441,0.0
1990-01-22,20.125,20.375,20.125,20.125,2756,0.0
1990-01-23,20.25,20.25,20.25,20.25,11025,0.0
1990-01-24,20.25,20.25,20.25,20.25,110,0.0
1990-01-26,20.125,20.25,20.125,20.125,14774,0.0
1990-01-29,20.5,20.5,20.5,20.5,1433,0.0
1990-01-30,20.375,20.375,20.375,20.375,221,0.0
1990-02-01,20.625,20.75,20.5,20.625,6615,0.0
1990-02-02,20.5,20.5,20.5,20.5,1213,0.0
1990-02-05,20.375,20.5,20.25,20.375,2095,0.0
1990-02-07,20.375,20.375,20.375,20.375,331,0.0
1990-02-08,20.25,20.25,20.25,20.25,1213,0.0
1990-02-09,20.25,20.25,20.125,20.25,3087,0.0
1990-02-12,20.25,20.25,20.25,20.25,441,0.0
1990-02-13,20.375,20.375,20.25,20.375,1213,0.0
1990-02-16,20.375,20.375,20.375,20.375,221,0.0
1990-02-20,20.25,20.25,20.25,20.25,221,0.0
1990-02-21,20.125,20.125,20.125,20.125,1323,0.0
1990-02-22,20.125,20.125,20.0,20.125,1985,0.0
1990-02-23,19.25,20.0,19.25,19.25,4520,0.0
1990-02-26,18.5,18.5,18.5,18.5,6174,0.0
1990-02-27,18.375,18.5,18.375,18.375,1985,0.0
1990-02-28,18.5,18.5,18.5,18.5,110,0.0
1990-03-01,18.2501,18.2501,18.125,18.2501,6836,0.0
1990-03-02,18.125,18.125,18.125,18.125,551,0.0
1990-03-05,18.125,18.125,18.125,18.125,662,0.0
1990-03-06,18.125,18.125,18.125,18.125,2205,0.0
1990-03-07,18.125,18.125,18.125,18.125,110,0.0
1990-03-09,18.0,18.0,18.0,18.0,1764,0.0
1990-03-12,18.0,18.0,18.0,18.0,221,0.0
1990-03-13,17.375,17.75,17.375,17.375,1654,0.0
1990-03-14,17.25,17.25,17.25,17.25,551,0.0
1990-03-15,17.125,17.25,17.125,17.125,331,0.0
1990-03-16,17.375,17.375,17.375,17.375,221,0.0
1990-03-19,17.25,17.25,17.125,17.25,662,0.0
1990-03-20,17.125,17.25,17.125,17.125,441,0.0
1990-03-22,16.75,17.0,16.75,16.75,4079,0.0
1990-03-23,16.875,16.875,16.875,16.875,221,0.0
1990-03-26,16.875,16.875,16.875,16.875,221,0.0
1990-03-27,16.75,16.75,16.75,16.75,221,0.0
1990-03-28,16.375,16.375,16.375,16.375,1323,0.0
1990-03-30,16.25,16.25,16.125,16.25,2646,0.0
1990-04-02,15.0,15.125,15.0,15.0,7938,0.0
1990-04-03,15.0,15.0,15.0,15.0,1874,0.0
1990-04-04,14.875,15.0,14.875,14.875,3749,0.0
1990-04-05,14.625,14.875,14.625,14.625,2426,0.0
1990-04-06,15.0,15.0,14.875,15.0,6615,0.0
1990-04-09,15.25,15.25,15.25,15.25,2646,0.0
1990-04-10,15.125,15.125,15.125,15.125,1544,0.0
1990-04-11,15.125,15.25,15.125,15.125,1103,0.0
1990-04-16,14.875,15.0,14.875,14.875,1764,0.0
1990-04-17,14.875,14.875,14.875,14.875,110,0.0
1990-04-19,15.125,15.125,15.0,15.125,1874,0.0
1990-04-20,15.25,15.25,15.25,15.25,221,0.0
1990-04-23,15.0,15.25,15.0,15.0,551,0.0
1990-04-24,15.0,15.0,15.0,15.0,221,0.0
1990-04-26,15.0,15.0,15.0,15.0,110,0.0
1990-04-27,15.0,15.125,15.0,15.0,1103,0.0
1990-05-01,14.875,15.0,14.875,14.875,331,0.0
1990-05-04,15.0,15.0,15.0,15.0,110,0.0
1990-05-07,15.125,15.125,15.125,15.125,331,0.0
1990-05-11,15.5,15.5,15.25,15.5,4410,0.0
1990-05-14,15.8751,16.0,15.8751,15.8751,221,0.0
1990-05-15,16.125,16.125,16.0,16.125,882,0.0
1990-05-16,16.125,16.125,16.0,16.125,1213,0.0
1990-05-21,16.0,16.0,16.0,16.0,1103,0.0
1990-05-22,16.125,16.125,16.125,16.125,3308,0.0
1990-05-23,16.5,16.5,16.25,16.5,2867,0.0
1990-05-24,16.5,16.5,16.5,16.5,662,0.0
1990-05-25,16.75,16.75,16.75,16.75,5513,0.0
1990-05-29,16.875,16.875,16.875,16.875,662,0.0
1990-05-30,16.625,16.75,16.5,16.625,551,0.0
1990-05-31,16.5,16.5,16.5,16.5,662,0.0
1990-06-05,16.25,16.5,16.25,16.25,1764,0.0
1990-06-06,16.25,16.25,16.125,16.25,441,0.0
1990-06-08,16.25,16.25,16.125,16.25,221,0.0
1990-06-11,16.25,16.375,16.25,16.25,1544,0.0
1990-06-13,16.375,16.375,16.375,16.375,110,0.0
1990-06-14,16.25,16.25,16.25,16.25,441,0.0
1990-06-15,16.25,16.375,16.25,16.25,441,0.0
1990-06-18,16.25,16.375,16.25,16.25,441,0.0
1990-06-20,16.25,16.25,16.25,16.25,662,0.0
1990-06-21,16.25,16.25,16.125,16.25,772,0.0
1990-06-22,16.375,16.375,16.375,16.375,110,0.0
1990-06-27,16.0,16.0,15.75,16.0,630,0.0
1990-06-29,15.875,15.875,15.875,15.875,210,0.0
1990-07-05,15.75,15.75,15.75,15.75,525,0.0
1990-07-06,15.625,15.625,15.625,15.625,630,0.0
1990-07-09,15.625,15.625,15.625,15.625,105,0.0
1990-07-10,15.75,15.75,15.75,15.75,210,0.0
1990-07-11,15.625,15.625,15.625,15.625,420,0.0
1990-07-12,15.625,15.625,15.5,15.625,3150,0.0
1990-07-13,15.75,15.875,15.75,15.75,3465,0.0
1990-07-16,15.875,15.875,15.875,15.875,105,0.0
1990-07-17,15.75,15.75,15.75,15.75,1260,0.0
1990-07-18,15.875,15.875,15.875,15.875,16800,0.0
1990-07-19,15.875,16.0,15.875,15.875,210,0.0
1990-07-20,15.625,16.0,15.625,15.625,6405,0.0
1990-07-23,15.25,15.5,15.25,15.25,525,0.0
1990-07-25,14.75,15.125,14.75,14.75,8190,0.0
1990-07-26,14.375,14.5,14.375,14.375,630,0.0
1990-07-30,14.5,14.5,14.5,14.5,105,0.0
1990-07-31,14.25,14.5,14.25,14.25,3465,0.0
1990-08-01,14.25,14.375,14.25,14.25,2415,0.0
1990-08-02,13.875,14.0,13.875,13.875,420,0.0
1990-08-03,13.75,13.75,13.75,13.75,105,0.0
1990-08-06,13.0,13.0,13.0,13.0,630,0.0
1990-08-07,13.25,13.25,13.0,13.25,1050,0.0
1990-08-08,13.125,13.125,13.125,13.125,630,0.0
1990-08-10,13.125,13.25,13.125,13.125,1575,0.0
1990-08-13,13.0,13.0,13.0,13.0,1050,0.0
1990-08-14,13.0,13.125,13.0,13.0,6090,0.0
1990-08-15,13.125,13.125,13.125,13.125,210,0.0
1990-08-16,13.25,13.375,13.125,13.25,9450,0.0
1990-08-17,13.25,13.25,13.25,13.25,315,0.0
1990-08-20,13.25,13.25,13.25,13.25,1785,0.0
1990-08-22,12.875,13.0,12.875,12.875,5460,0.0
1990-08-23,12.25,12.75,12.25,12.25,2520,0.0
1990-08-24,12.375,12.5,12.375,12.375,1365,0.0
1990-08-27,13.0,13.0,13.0,13.0,525,0.0
1990-08-28,13.25,13.25,13.25,13.25,525,0.0
1990-08-29,12.875,13.0,12.875,12.875,525,0.0
1990-08-31,13.0,13.0,13.0,13.0,5250,0.0
1990-09-04,13.0,13.0,13.0,13.0,315,0.0
1990-09-05,13.0,13.0,13.0,13.0,10500,0.0
1990-09-06,12.875,12.875,12.875,12.875,2835,0.0
1990-09-07,13.125,13.125,13.0,13.125,10500,0.0
1990-09-10,13.375,13.5,13.375,13.375,5565,0.0
1990-09-12,13.5,13.5,13.375,13.5,5460,0.0
1990-09-13,13.625,13.625,13.5,13.625,19740,0.0
1990-09-17,13.625,13.625,13.625,13.625,1050,0.0
1990-09-19,13.125,13.125,13.125,13.125,105,0.0
1990-09-20,12.875,12.875,12.875,12.875,210,0.0
1990-09-24,12.625,12.625,12.625,12.625,420,0.0
1990-09-25,12.5,12.5,12.5,12.5,1260,0.0
1990-09-26,12.0,12.25,12.0,12.0,2415,0.0
1990-09-27,12.0,12.0,11.875,12.0,630,0.0
1990-09-28,11.5,11.75,11.5,11.5,1260,0.0
1990-10-01,11.5,11.5,11.375,11.5,735,0.0
1990-10-02,11.5,11.625,11.375,11.5,1365,0.0
1990-10-03,11.375,11.375,11.375,11.375,1050,0.0
1990-10-05,11.5,11.5,11.5,11.5,10500,0.0
1990-10-08,11.5,11.5,11.5,11.5,3150,0.0
1990-10-09,11.375,11.375,11.375,11.375,315,0.0
1990-10-10,11.375,11.375,11.375,11.375,105,0.0
1990-10-11,11.375,11.375,11.375,11.375,1260,0.0
1990-10-12,11.625,11.625,11.5,11.625,1155,0.0
1990-10-15,12.0,12.0,11.75,12.0,1575,0.0
1990-10-16,12.25,12.25,12.25,12.25,1365,0.0
1990-10-17,13.0,13.0,12.75,13.0,1050,0.0
1990-10-18,13.75,13.75,13.75,13.75,105,0.0
1990-10-19,13.75,13.75,13.75,13.75,105,0.0
1990-10-22,13.875,13.875,13.875,13.875,1050,0.0
1990-10-23,13.875,13.875,13.875,13.875,3150,0.0
1990-10-24,13.75,13.75,13.75,13.75,210,0.0
1990-10-25,14.125,14.25,13.875,14.125,11760,0.0
1990-10-26,13.875,13.875,13.75,13.875,1365,0.0
1990-10-29,13.625,13.875,13.625,13.625,315,0.0
1990-10-30,13.5,13.625,13.375,13.5,3780,0.0
1990-10-31,13.5,13.5,13.5,13.5,1260,0.0
1990-11-01,13.25,13.25,13.25,13.25,210,0.0
1990-11-05,13.5,13.5,13.5,13.5,2625,0.0
1990-11-07,13.0,13.375,13.0,13.0,11550,0.0
1990-11-08,13.0,13.0,13.0,13.0,4200,0.0
1990-11-09,13.125,13.125,13.125,13.125,735,0.0
1990-11-12,13.625,13.625,13.25,13.625,1785,0.0
1990-11-13,13.75,13.75,13.75,13.75,525,0.0
1990-11-16,14.0,14.0,14.0,14.0,1050,0.0
1990-11-26,13.875,13.875,13.875,13.875,105,0.0
1990-11-28,13.75,13.875,13.75,13.75,840,0.0
1990-11-30,13.875,13.875,13.75,13.875,315,0.0
1990-12-03,13.75,13.75,13.75,13.75,420,0.0
1990-12-04,14.0,14.125,13.625,14.0,17220,0.0
1990-12-05,13.75,14.0,13.75,13.75,11340,0.0
1990-12-06,15.0,15.0,15.0,15.0,1365,0.0
1990-12-07,15.5,15.625,15.125,15.5,2310,0.0
1990-12-12,15.875,15.875,15.875,15.875,525,0.0
1990-12-13,16.125,16.125,16.0,16.125,18375,0.0
1990-12-14,15.75,15.875,15.75,15.75,945,0.0
1990-12-18,15.875,15.875,15.875,15.875,1365,0.0
1990-12-19,16.875,16.875,16.75,16.875,16485,0.0
1990-12-20,16.625,16.625,16.625,16.625,525,0.0
1990-12-21,16.375,16.375,16.375,16.375,525,0.0
1990-12-24,16.125,16.25,16.125,16.125,3360,0.0
1990-12-26,15.875,15.875,15.875,15.875,105,0.0
1990-12-28,15.75,15.75,15.75,15.75,105,0.0
1991-01-02,15.125,15.25,15.125,15.125,1050,0.0
1991-01-03,15.125,15.125,15.125,15.125,2100,0.0
1991-01-04,15.25,15.25,15.25,15.25,3150,0.0
1991-01-07,15.125,15.125,15.125,15.125,1050,0.0
1991-01-09,15.25,15.5,15.0,15.25,1260,0.0
1991-01-10,15.5,15.5,15.5,15.5,735,0.0
1991-01-11,15.5,15.625,15.5,15.5,315,0.0
1991-01-14,15.375,15.375,15.25,15.375,420,0.0
1991-01-16,15.375,15.375,15.375,15.375,210,0.0
1991-01-17,16.25,16.25,15.75,16.25,3255,0.0
1991-01-18,16.625,16.625,16.375,16.625,1995,0.0
1991-01-22,17.0,17.0,17.0,17.0,630,0.0
1991-01-23,17.125,17.25,17.125,17.125,630,0.0
1991-01-24,17.75,17.75,17.75,17.75,420,0.0
1991-01-25,18.0,18.0,18.0,18.0,105,0.0
1991-01-29,18.0,18.25,18.0,18.0,20370,0.0
1991-01-30,18.0,18.0,18.0,18.0,1050,0.0
1991-01-31,18.0,18.0,18.0,18.0,1050,0.0
1991-02-01,18.0,18.0,18.0,18.0,525,0.0
1991-02-04,18.125,18.125,18.0,18.125,630,0.0
1991-02-06,18.5,18.5,18.375,18.5,630,0.0
1991-02-07,18.5,18.5,18.5,18.5,1575,0.0
1991-02-08,18.75,18.75,18.75,18.75,105,0.0
1991-02-11,19.125,19.125,19.125,19.125,105,0.0
1991-02-12,19.25,19.25,19.25,19.25,735,0.0
1991-02-14,19.0,19.0,19.0,19.0,2205,0.0
1991-02-15,18.5,18.875,18.5,18.5,2415,0.0
1991-02-19,18.375,18.375,18.25,18.375,735,0.0
1991-02-20,18.375,18.375,18.375,18.375,12705,0.0
1991-02-26,18.5,18.5,18.5,18.5,105,0.0
1991-02-27,18.25,18.375,18.25,18.25,15750,0.0
1991-02-28,18.0,18.0,18.0,18.0,1050,0.0
1991-03-01,17.375,17.75,17.375,17.375,1785,0.0
1991-03-05,17.0,17.0,17.0,17.0,5250,0.0
1991-03-06,17.0,17.0,17.0,17.0,210,0.0
1991-03-07,17.0,17.0,17.0,17.0,105,0.0
1991-03-12,17.375,17.375,17.25,17.375,5250,0.0
1991-03-13,17.0,17.25,17.0,17.0,6510,0.0
1991-03-15,17.5,17.5,17.5,17.5,525,0.0
1991-03-18,18.0,18.0,17.75,18.0,1050,0.0
1991-03-19,18.25,18.25,18.25,18.25,735,0.0
1991-03-20,18.25,18.25,18.0,18.25,2625,0.0
1991-03-21,18.625,18.625,18.375,18.625,3360,0.0
1991-03-27,18.25,18.25,18.25,18.25,105,0.0
1991-03-28,18.125,18.125,18.125,18.125,210,0.0
1991-04-02,18.5,18.5,18.25,18.5,945,0.0
1991-04-08,19.25,19.25,19.0,19.25,5565,0.0
1991-04-09,19.0,19.0,19.0,19.0,1050,0.0
1991-04-15,19.25,19.25,19.25,19.25,105,0.0
1991-04-17,19.25,19.25,19.25,19.25,210,0.0
1991-04-22,18.875,18.875,18.875,18.875,210,0.0
1991-04-23,19.5,19.5,19.5,19.5,525,0.0
1991-04-24,19.5,19.5,19.5,19.5,630,0.0
1991-04-25,19.375,19.375,19.375,19.375,525,0.0
1991-04-29,19.5,19.5,19.5,19.5,5250,0.0
1991-04-30,19.625,19.625,19.375,19.625,5460,0.0
1991-05-01,19.625,19.75,19.5,19.625,11655,0.0
1991-05-09,20.0,20.0,19.875,20.0,11865,0.0
1991-05-10,19.875,19.875,19.875,19.875,3570,0.0
1991-05-13,19.875,19.875,19.875,19.875,210,0.0
1991-05-14,20.0,20.0,20.0,20.0,525,0.0
1991-05-15,20.125,20.125,20.0,20.125,210,0.0
1991-05-16,20.625,20.625,20.375,20.625,945,0.0
1991-05-17,20.5,20.5,20.25,20.5,1260,0.0
1991-05-28,20.125,20.25,20.125,20.125,735,0.0
1991-05-29,20.125,20.125,20.125,20.125,1575,0.0
1991-05-30,20.25,20.25,20.25,20.25,1260,0.0
1991-05-31,20.0,20.0,20.0,20.0,1050,0.0
1991-06-10,19.875,19.875,19.875,19.875,210,0.0
1991-06-14,19.5,19.625,19.5,19.5,4200,0.0
1991-06-17,19.375,19.5,19.375,19.375,735,0.0
1991-06-18,19.25,19.25,19.25,19.25,210,0.0
1991-06-19,19.0,19.25,19.0,19.0,840,0.0
1991-06-20,19.25,19.25,19.0,19.25,1365,0.0
1991-06-21,19.125,19.125,19.125,19.125,210,0.0
1991-06-24,19.0,19.0,19.0,19.0,525,0.0
1991-06-25,18.75,18.875,18.75,18.75,315,0.0
1991-06-26,18.5,18.625,18.5,18.5,420,0.0
1991-06-28,18.375,18.375,18.375,18.375,105,0.0
1991-07-01,18.5,18.5,18.5,18.5,7980,0.0
1991-07-03,18.0,18.25,18.0,18.0,1680,0.0
1991-07-08,17.75,17.75,17.75,17.75,1260,0.0
1991-07-09,17.375,17.5,17.375,17.375,1365,0.0
1991-07-12,17.625,17.625,17.5,17.625,3885,0.0
1991-07-15,18.125,18.125,17.875,18.125,1050,0.0
1991-07-16,18.0,18.0,17.875,18.0,2415,0.0
1991-07-18,17.875,17.875,17.875,17.875,210,0.0
1991-07-19,17.875,17.875,17.875,17.875,840,0.0
1991-07-24,18.125,18.25,18.125,18.125,1680,0.0
1991-07-25,18.25,18.25,18.25,18.25,210,0.0
1991-07-26,18.375,18.375,18.25,18.375,4935,0.0
1991-07-29,18.5,18.5,18.5,18.5,525,0.0
1991-07-30,18.5,18.5,18.5,18.5,525,0.0
1991-07-31,18.625,18.625,18.625,18.625,105,0.0
1991-08-01,18.75,18.75,18.75,18.75,210,0.0
1991-08-02,18.625,18.625,18.625,18.625,210,0.0
1991-08-06,18.75,18.75,18.75,18.75,210,0.0
1991-08-07,19.375,19.375,19.25,19.375,2625,0.0
1991-08-08,19.375,19.375,19.375,19.375,1890,0.0
1991-08-09,19.375,19.375,19.25,19.375,2205,0.0
1991-08-12,19.375,19.375,19.375,19.375,315,0.0
1991-08-13,19.25,19.25,19.25,19.25,525,0.0
1991-08-14,19.375,19.375,19.375,19.375,210,0.0
1991-08-15,19.75,19.75,19.375,19.75,1995,0.0
1991-08-19,18.875,18.875,18.625,18.875,2310,0.0
1991-08-20,19.0,19.0,19.0,19.0,420,0.0
1991-08-21,19.875,19.875,19.875,19.875,1365,0.0
1991-08-22,19.875,19.875,19.875,19.875,210,0.0
1991-08-23,19.75,19.75,19.75,19.75,525,0.0
1991-08-26,19.75,19.75,19.75,19.75,420,0.0
1991-08-28,19.625,19.625,19.625,19.625,105,0.0
1991-08-29,19.625,19.875,19.625,19.625,1680,0.0
1991-09-04,19.5,19.5,19.375,19.5,1575,0.0
1991-09-05,19.5,19.5,19.5,19.5,315,0.0
1991-09-06,19.625,19.625,19.625,19.625,105,0.0
1991-09-10,19.875,19.875,19.875,19.875,3675,0.0
1991-09-11,19.75,19.75,19.75,19.75,105,0.0
1991-09-12,19.625,19.625,19.5,19.625,315,0.0
1991-09-13,19.875,19.875,19.75,19.875,210,0.0
1991-09-17,19.75,19.75,19.75,19.75,105,0.0
1991-09-18,20.0,20.0,19.625,20.0,3990,0.0
1991-09-20,19.75,19.875,19.75,19.75,315,0.0
1991-09-25,19.625,19.625,19.625,19.625,1365,0.0
1991-09-26,19.625,19.625,19.625,19.625,525,0.0
1991-09-30,19.625,19.625,19.625,19.625,210,0.0
1991-10-01,19.875,19.875,19.875,19.875,525,0.0
1991-10-02,20.375,20.375,20.125,20.375,1785,0.0
1991-10-03,21.125,21.125,21.0,21.125,1365,0.0
1991-10-04,22.0,22.0,21.625,22.0,1785,0.0
1991-10-07,22.0,22.0,21.875,22.0,420,0.0
1991-10-08,21.875,21.875,21.875,21.875,5250,0.0
1991-10-09,21.625,21.625,21.625,21.625,630,0.0
1991-10-10,21.75,21.75,21.75,21.75,1050,0.0
1991-10-11,21.625,21.625,21.625,21.625,105,0.0
1991-10-15,22.0,22.125,22.0,22.0,29400,0.0
1991-10-16,22.0,22.0,22.0,22.0,105,0.0
1991-10-21,22.25,22.25,22.25,22.25,735,0.0
1991-10-22,22.75,22.75,22.25,22.75,14910,0.0
1991-10-23,22.375,22.5,22.375,22.375,4410,0.0
1991-10-25,22.375,22.375,22.375,22.375,105,0.0
1991-10-29,22.5,22.5,22.375,22.5,840,0.0
1991-10-30,22.5,22.5,22.5,22.5,105,0.0
1991-11-01,22.375,22.375,22.375,22.375,1050,0.0
1991-11-05,22.375,22.375,22.375,22.375,105,0.0
1991-11-06,22.375,22.375,22.375,22.375,105,0.0
1991-11-07,22.5,22.5,22.5,22.5,105,0.0
1991-11-11,22.25,22.375,22.25,22.25,315,0.0
1991-11-12,22.25,22.25,22.25,22.25,2625,0.0
1991-11-13,22.125,22.125,22.0,22.125,1260,0.0
1991-11-14,21.875,21.875,21.875,21.875,315,0.0
1991-11-15,21.625,21.875,21.625,21.625,420,0.0
1991-11-18,21.875,21.875,21.75,21.875,420,0.0
1991-11-19,21.625,21.75,21.625,21.625,210,0.0
1991-11-20,21.75,21.75,21.75,21.75,105,0.0
1991-11-21,21.5,21.5,21.5,21.5,210,0.0
1991-11-22,21.5,21.5,21.5,21.5,210,0.0
1991-11-26,21.625,21.625,21.625,21.625,315,0.0
1991-11-27,21.375,21.5,21.375,21.375,735,0.0
1991-11-29,21.0,21.0,21.0,21.0,210,0.0
1991-12-02,20.75,20.875,20.75,20.875,735,0.0
1991-12-03,20.875,20.875,20.875,20.875,210,0.0
1991-12-05,20.75,20.75,20.75,20.75,210,0.0
1991-12-06,20.625,20.625,20.625,20.625,105,0.0
1991-12-09,20.5,20.5,20.375,20.375,840,0.0
1991-12-10,20.25,20.25,20.25,20.25,315,0.0
1991-12-11,20.125,20.125,20.125,20.125,4410,0.0
1991-12-12,19.75,19.75,19.5,19.5,1365,0.0
1991-12-13,19.375,19.375,19.375,19.375,105,0.0
1991-12-16,19.375,19.375,19.375,19.375,735,0.0
1991-12-17,19.375,19.375,19.25,19.25,315,0.0
1991-12-18,19.25,19.25,19.25,19.25,210,0.0
1991-12-19,19.25,19.25,19.25,19.25,630,0.0
1991-12-23,19.375,19.5,19.375,19.5,840,0.0
1991-12-24,19.625,19.625,19.625,19.625,2100,0.0
1991-12-27,19.75,19.75,19.75,19.75,105,0.0
1991-12-30,19.625,19.875,19.625,19.875,315,0.0
1991-12-31,20.125,20.25,20.125,20.25,1365,0.0
1992-01-02,20.5,20.625,20.5,20.625,840,0.0
1992-01-03,20.5,20.5,20.5,20.5,105,0.0
1992-01-06,21.0,21.375,21.0,21.25,3780,0.0
1992-01-07,21.25,21.25,21.25,21.25,315,0.0
1992-01-08,21.25,21.25,21.0,21.0,1155,0.0
1992-01-09,21.0,21.0,21.0,21.0,735,0.0
1992-01-10,20.75,20.75,20.375,20.375,1260,0.0
1992-01-13,20.0,20.0,19.75,19.75,1050,0.0
1992-01-14,19.75,19.75,19.125,19.125,30030,0.0
1992-01-15,19.125,19.125,19.125,19.125,210,0.0
1992-01-16,19.0,19.0,18.75,18.75,3465,0.0
1992-01-17,18.875,19.0,18.875,19.0,11550,0.0
1992-01-22,19.125,19.125,19.125,19.125,210,0.0
1992-01-24,19.0,19.125,19.0,19.125,315,0.0
1992-01-27,18.75,18.75,18.625,18.625,1365,0.0
1992-01-29,18.625,18.625,18.625,18.625,12600,0.0
1992-01-30,18.75,18.75,18.75,18.75,1050,0.0
1992-02-03,18.875,18.875,18.875,18.875,105,0.0
1992-02-04,18.75,18.875,18.75,18.875,210,0.0
1992-02-05,18.625,18.625,18.625,18.625,1050,0.0
1992-02-10,18.625,18.625,18.5,18.5,1260,0.0
1992-02-11,18.5,18.5,18.5,18.5,105,0.0
1992-02-13,18.5,18.5,18.5,18.5,105,0.0
1992-02-14,18.25,18.25,18.25,18.25,210,0.0
1992-02-18,18.125,18.125,18.0,18.0,630,0.0
1992-02-19,17.75,17.75,17.75,17.75,735,0.0
1992-02-20,17.5,17.5,17.25,17.25,1575,0.0
1992-02-26,17.375,17.375,17.375,17.375,1680,0.0
1992-02-27,17.5,17.5,17.5,17.5,210,0.0
1992-02-28,17.625,17.625,17.625,17.625,105,0.0
1992-03-02,17.75,17.875,17.75,17.875,525,0.0
1992-03-03,17.625,17.625,17.625,17.625,630,0.0
1992-03-06,17.375,17.375,17.375,17.375,4200,0.0
1992-03-09,17.5,17.5,17.5,17.5,105,0.0
1992-03-10,17.625,17.625,17.625,17.625,210,0.0
1992-03-11,17.625,17.625,17.625,17.625,420,0.0
1992-03-16,17.625,17.625,17.625,17.625,315,0.0
1992-03-17,17.5,17.5,17.5,17.5,105,0.0
1992-03-18,17.25,17.25,17.25,17.25,315,0.0
1992-03-20,17.125,17.125,17.125,17.125,735,0.0
1992-03-23,17.0,17.0,16.875,17.0,3360,0.0
1992-03-25,16.625,16.625,16.625,16.625,2730,0.0
1992-03-26,16.625,16.625,16.625,16.625,105,0.0
1992-03-27,16.5,16.5,16.375,16.375,315,0.0
1992-03-31,16.125,16.125,16.125,16.125,210,0.0
1992-04-01,15.75,15.75,14.5,14.5,10185,0.0
1992-04-02,14.0,14.0,14.0,14.0,3570,0.0
1992-04-03,14.0,14.0,13.875,13.875,3885,0.0
1992-04-06,13.875,13.875,13.75,13.875,9135,0.0
1992-04-07,13.75,13.75,13.75,13.75,630,0.0
1992-04-08,13.5,13.5,10.5,11.125,90930,0.0
1992-04-09,10.625,11.875,10.625,11.875,137235,0.0
1992-04-10,12.0,12.5,11.5,12.0,104370,0.0
1992-04-13,12.0,12.0,11.625,11.875,50715,0.0
1992-04-14,12.875,13.5,12.875,13.5,45570,0.0
1992-04-15,13.5,14.0,13.375,14.0,30765,0.0
1992-04-16,14.0,14.0,13.625,13.75,11970,0.0
1992-04-20,13.125,13.125,12.875,12.875,10080,0.0
1992-04-21,12.75,12.75,12.75,12.75,1260,0.0
1992-04-22,12.75,12.75,12.5,12.75,12285,0.0
1992-04-23,13.0,13.625,13.0,13.5,19005,0.0
1992-04-24,13.625,13.625,13.5,13.625,3885,0.0
1992-04-27,13.5,13.5,13.5,13.5,210,0.0
1992-04-28,13.5,13.5,13.25,13.25,12075,0.0
1992-04-29,13.375,13.375,12.75,12.75,28350,0.0
1992-04-30,13.0,13.25,12.875,13.125,23625,0.0
1992-05-01,13.125,13.125,13.125,13.125,315,0.0
1992-05-04,13.25,13.25,13.125,13.25,1155,0.0
1992-05-05,13.375,13.375,13.0,13.0,7035,0.0
1992-05-06,13.25,13.625,13.25,13.5,27090,0.0
1992-05-07,14.25,14.375,14.0,14.0,19215,0.0
1992-05-08,14.125,14.125,14.125,14.125,2730,0.0
1992-05-11,14.25,14.25,14.0,14.0,17850,0.0
1992-05-12,14.125,14.375,14.0,14.0,11970,0.0
1992-05-13,14.25,14.375,14.125,14.375,17535,0.0
1992-05-14,14.25,14.25,14.125,14.25,5670,0.0
1992-05-15,13.75,13.875,13.625,13.75,4935,0.0
1992-05-18,13.625,13.875,13.625,13.875,2625,0.0
1992-05-19,14.0,14.125,14.0,14.0,3045,0.0
1992-05-20,14.0,14.125,14.0,14.125,6720,0.0
1992-05-21,14.0,14.125,14.0,14.125,945,0.0
1992-05-22,14.0,14.0,14.0,14.0,210,0.0
1992-05-26,14.0,14.0,14.0,14.0,525,0.0
1992-05-27,13.75,13.75,13.75,13.75,1365,0.0
1992-05-28,13.75,13.75,13.75,13.75,7980,0.0
1992-05-29,13.875,14.0,13.875,14.0,1575,0.0
1992-06-01,13.875,14.0,13.875,14.0,315,0.0
1992-06-02,13.875,14.0,13.875,14.0,1260,0.0
1992-06-03,14.0,14.125,14.0,14.125,1050,0.0
1992-06-04,14.0,14.0,14.0,14.0,420,0.0
1992-06-05,14.0,14.0,13.875,14.0,1155,0.0
1992-06-08,13.875,13.875,13.875,13.875,420,0.0
1992-06-09,13.75,13.75,13.5,13.625,4935,0.0
1992-06-10,13.75,13.75,13.5,13.5,6405,0.0
1992-06-11,13.625,13.75,13.625,13.75,1785,0.0
1992-06-12,13.375,13.375,13.375,13.375,1680,0.0
1992-06-15,13.125,13.25,13.125,13.125,22680,0.0
1992-06-16,13.0,13.125,13.0,13.0,18060,0.0
1992-06-17,12.75,12.75,12.625,12.75,13860,0.0
1992-06-18,12.0,12.25,11.75,12.25,39375,0.0
1992-06-19,12.0,12.125,12.0,12.125,13020,0.0
1992-06-22,11.75,11.75,11.625,11.625,15225,0.0
1992-06-23,11.75,12.0,11.75,12.0,25095,0.0
1992-06-24,11.25,11.375,11.25,11.375,76650,0.0
1992-06-25,11.5,11.875,11.5,11.875,24045,0.0
1992-06-26,11.0,11.25,11.0,11.25,98805,0.0
1992-06-29,11.25,11.5,11.125,11.5,131670,0.0
1992-06-30,11.5,11.75,11.5,11.75,152145,0.0
1992-07-01,11.875,12.125,11.875,12.0,72660,0.0
1992-07-02,12.875,13.125,12.75,12.875,42000,0.0
1992-07-06,13.0,13.125,12.875,13.0,29505,0.0
1992-07-07,12.875,12.875,12.75,12.75,11550,0.0
1992-07-08,12.75,12.75,12.625,12.625,1785,0.0
1992-07-09,12.875,13.125,12.875,13.125,21840,0.0
1992-07-10,13.125,13.25,13.125,13.25,4305,0.0
1992-07-13,13.5,13.75,13.5,13.75,42105,0.0
1992-07-14,13.625,13.625,13.5,13.625,3885,0.0
1992-07-15,13.625,13.75,13.5,13.625,7560,0.0
1992-07-16,13.5,13.625,13.5,13.625,3045,0.0
1992-07-17,13.625,13.75,13.625,13.625,10290,0.0
1992-07-20,13.25,13.25,13.125,13.25,5775,0.0
1992-07-21,13.0,13.25,13.0,13.25,15750,0.0
1992-07-22,12.5,12.5,12.375,12.5,54915,0.0
1992-07-23,12.875,13.125,12.875,13.0,4725,0.0
1992-07-24,12.75,12.75,12.625,12.75,18060,0.0
1992-07-27,12.75,12.875,12.75,12.875,15330,0.0
1992-07-28,13.0,13.0,12.875,13.0,2940,0.0
1992-07-29,12.875,13.0,12.875,13.0,7455,0.0
1992-07-30,13.375,13.625,13.375,13.5,24780,0.0
1992-07-31,13.75,13.875,13.75,13.75,63525,0.0
1992-08-03,13.75,13.875,13.75,13.75,7140,0.0
1992-08-04,13.875,13.875,13.875,13.875,3045,0.0
1992-08-05,14.0,14.125,13.875,14.0,13965,0.0
1992-08-06,14.125,14.375,14.125,14.25,29400,0.0
1992-08-07,14.25,14.25,14.125,14.25,3990,0.0
1992-08-10,14.0,14.0,14.0,14.0,2940,0.0
1992-08-11,13.75,13.75,13.625,13.75,6720,0.0
1992-08-12,13.875,13.875,13.75,13.875,5460,0.0
1992-08-13,14.0,14.25,14.0,14.0,8505,0.0
1992-08-14,14.0,14.125,14.0,14.125,840,0.0
1992-08-17,14.125,14.125,14.125,14.125,525,0.0
1992-08-18,14.0,14.0,13.875,14.0,5460,0.0
1992-08-19,14.0,14.5,13.875,14.375,36435,0.0
1992-08-20,14.75,15.0,14.75,15.0,8190,0.0
1992-08-21,17.25,17.375,17.125,17.25,59745,0.0
1992-08-24,17.0,17.125,16.75,16.75,64680,0.0
1992-08-25,16.375,16.375,16.125,16.125,9345,0.0
1992-08-26,16.25,16.25,15.875,16.25,21420,0.0
1992-08-27,17.5,17.75,17.5,17.625,34965,0.0
1992-08-28,17.75,17.875,17.75,17.875,40215,0.0
1992-08-31,17.875,18.25,17.875,18.125,14700,0.0
1992-09-01,18.125,18.125,18.0,18.125,18480,0.0
1992-09-02,18.0,18.125,17.875,18.0,29820,0.0
1992-09-03,19.125,19.375,19.0,19.0,30450,0.0
1992-09-04,20.25,20.5,20.125,20.125,54915,0.0
1992-09-08,19.5,19.5,19.0,19.0,26775,0.0
1992-09-09,19.375,19.375,19.25,19.25,29400,0.0
1992-09-10,19.25,19.25,19.0,19.0,7980,0.0
1992-09-11,18.5,18.5,18.125,18.25,14175,0.0
1992-09-14,18.5,18.75,18.5,18.75,13230,0.0
1992-09-15,18.625,18.625,18.375,18.375,6510,0.0
1992-09-16,18.0,18.0,17.75,17.75,5040,0.0
1992-09-17,17.625,17.625,17.625,17.625,3255,0.0
1992-09-18,17.875,17.875,17.625,17.875,8085,0.0
1992-09-21,18.0,18.0,17.875,17.875,1050,0.0
1992-09-22,18.5,18.5,18.375,18.375,44100,0.0
1992-09-23,18.5,18.875,18.5,18.875,6615,0.0
1992-09-24,19.125,19.25,19.125,19.125,3780,0.0
1992-09-25,19.0,19.0,18.875,18.875,735,0.0
1992-09-28,18.5,18.5,18.5,18.5,2730,0.0
1992-09-29,18.25,18.25,18.125,18.125,1260,0.0
1992-09-30,17.25,17.25,17.25,17.25,13125,0.0
1992-10-01,17.125,17.125,16.875,17.125,9975,0.0
1992-10-02,17.125,17.125,17.0,17.0,4410,0.0
1992-10-05,17.0,17.0,16.75,16.75,1785,0.0
1992-10-06,17.0,17.0,17.0,17.0,4935,0.0
1992-10-07,17.125,17.5,17.125,17.375,1785,0.0
1992-10-08,17.5,17.5,17.5,17.5,525,0.0
1992-10-09,17.5,17.625,17.5,17.625,10185,0.0
1992-10-12,17.5,17.5,17.5,17.5,735,0.0
1992-10-13,17.625,17.75,17.625,17.75,1050,0.0
1992-10-14,17.75,17.75,17.625,17.625,1470,0.0
1992-10-15,17.625,17.75,17.625,17.75,840,0.0
1992-10-16,17.625,17.75,17.625,17.625,525,0.0
1992-10-20,17.375,17.375,17.125,17.125,2940,0.0
1992-10-21,17.125,17.25,17.125,17.25,735,0.0
1992-10-22,17.125,17.125,17.125,17.125,1155,0.0
1992-10-23,17.125,17.25,17.125,17.25,1575,0.0
1992-10-26,17.125,17.25,17.125,17.25,1050,0.0
1992-10-27,17.375,17.5,17.375,17.375,2100,0.0
1992-10-28,17.25,17.25,17.125,17.125,5355,0.0
1992-10-29,17.125,17.5,17.125,17.25,840,0.0
1992-10-30,17.25,17.375,17.125,17.375,13440,0.0
1992-11-02,17.125,17.25,17.125,17.25,5145,0.0
1992-11-03,17.25,17.25,17.25,17.25,105,0.0
1992-11-04,17.5,17.625,17.5,17.5,1785,0.0
1992-11-05,17.25,17.25,17.25,17.25,735,0.0
1992-11-06,17.125,17.125,17.0,17.0,1575,0.0
1992-11-09,16.75,16.75,16.25,16.25,18585,0.0
1992-11-10,16.75,16.75,16.75,16.75,2310,0.0
1992-11-11,16.75,16.75,16.75,16.75,105,0.0
1992-11-12,16.625,16.75,16.625,16.625,2940,0.0
1992-11-13,16.625,16.75,16.625,16.75,4410,0.0
1992-11-16,16.625,16.625,16.625,16.625,105,0.0
1992-11-17,16.125,16.125,16.125,16.125,2100,0.0
1992-11-18,17.125,17.375,17.125,17.375,2100,0.0
1992-11-19,17.375,17.375,17.125,17.125,4515,0.0
1992-11-20,17.375,17.375,17.375,17.375,2730,0.0
1992-11-23,17.375,17.375,17.25,17.25,20475,0.0
1992-11-24,17.375,17.5,17.375,17.5,315,0.0
1992-11-25,17.875,17.875,17.875,17.875,945,0.0
1992-11-27,18.0,18.25,18.0,18.25,12075,0.0
1992-12-01,18.125,18.125,18.0,18.0,210,0.0
1992-12-02,18.0,18.0,18.0,18.0,525,0.0
1992-12-03,17.875,18.0,17.75,17.75,3570,0.0
1992-12-04,17.875,17.875,17.875,17.875,6300,0.0
1992-12-07,17.875,17.875,17.75,17.75,315,0.0
1992-12-08,18.125,18.125,18.125,18.125,17850,0.0
1992-12-09,18.25,18.25,18.25,18.25,5355,0.0
1992-12-10,18.875,19.125,18.875,19.0,10500,0.0
1992-12-14,18.875,18.875,18.75,18.75,2520,0.0
1992-12-15,18.875,18.875,18.875,18.875,105,0.0
1992-12-16,18.875,18.875,18.875,18.875,4620,0.0
1992-12-17,19.0,19.0,19.0,19.0,4830,0.0
1992-12-18,19.25,19.25,19.25,19.25,315,0.0
1992-12-21,19.375,19.375,19.375,19.375,12075,0.0
1992-12-22,19.375,19.5,19.375,19.375,7980,0.0
1992-12-23,19.25,19.25,19.25,19.25,840,0.0
1992-12-24,19.5,19.5,19.5,19.5,1785,0.0
1992-12-28,19.125,19.125,18.875,18.875,945,0.0
1992-12-30,18.625,18.625,18.625,18.625,2100,0.0
1992-12-31,18.5,18.625,18.5,18.625,315,0.0
1993-01-04,18.375,18.375,18.125,18.125,1575,0.0
1993-01-05,17.875,17.875,17.875,17.875,945,0.0
1993-01-08,17.75,17.75,17.75,17.75,420,0.0
1993-01-11,17.75,17.75,17.75,17.75,105,0.0
1993-01-12,17.625,17.75,17.625,17.75,1260,0.0
1993-01-13,17.75,17.75,17.75,17.75,6720,0.0
1993-01-15,17.875,17.875,17.75,17.75,4200,0.0
1993-01-18,17.5,17.5,17.5,17.5,735,0.0
1993-01-19,17.625,17.625,17.625,17.625,2940,0.0
1993-01-20,17.625,17.625,17.625,17.625,18900,0.0
1993-01-21,17.625,17.625,17.625,17.625,11130,0.0
1993-01-22,17.625,17.625,17.5,17.625,8400,0.0
1993-01-25,17.875,17.875,17.875,17.875,105,0.0
1993-01-26,18.0,18.25,18.0,18.25,3990,0.0
1993-01-27,18.125,18.375,18.125,18.375,1260,0.0
1993-01-28,18.75,18.75,18.75,18.75,2520,0.0
1993-01-29,19.125,19.125,19.0,19.0,15435,0.0
1993-02-01,19.375,19.375,19.125,19.125,12705,0.0
1993-02-02,19.25,19.25,19.25,19.25,210,0.0
1993-02-03,19.125,19.25,19.125,19.25,34440,0.0
1993-02-04,19.125,19.125,19.0,19.0,13020,0.0
1993-02-05,19.0,19.0,19.0,19.0,3255,0.0
1993-02-08,19.125,19.125,19.0,19.0,735,0.0
1993-02-09,18.875,19.0,18.75,19.0,9975,0.0
1993-02-10,19.0,19.0,19.0,19.0,525,0.0
1993-02-11,19.125,19.125,19.125,19.125,1680,0.0
1993-02-12,19.125,19.125,19.125,19.125,1050,0.0
1993-02-16,19.25,19.25,19.25,19.25,5565,0.0
1993-02-17,19.25,19.25,19.25,19.25,5460,0.0
1993-02-18,19.375,19.5,19.375,19.5,2940,0.0
1993-02-19,19.625,20.0,19.625,20.0,14175,0.0
1993-02-22,20.0,20.0,20.0,20.0,6195,0.0
1993-02-23,20.0,20.0,20.0,20.0,5460,0.0
1993-02-24,19.875,19.875,19.875,19.875,315,0.0
1993-02-25,20.0,20.0,20.0,20.0,1785,0.0
1993-02-26,20.125,20.125,20.125,20.125,210,0.0
1993-03-01,20.0,20.25,20.0,20.25,2310,0.0
1993-03-02,20.0,20.25,20.0,20.25,1680,0.0
1993-03-03,20.25,20.25,20.25,20.25,105,0.0
1993-03-04,20.125,20.125,20.125,20.125,210,0.0
1993-03-05,20.25,20.25,20.25,20.25,630,0.0
1993-03-08,21.375,21.375,21.375,21.375,1995,0.0
1993-03-09,21.5,21.5,21.5,21.5,840,0.0
1993-03-10,21.25,21.25,21.25,21.25,6720,0.0
1993-03-11,21.5,21.625,21.5,21.625,2625,0.0
1993-03-12,21.375,21.375,21.375,21.375,1260,0.0
1993-03-16,21.25,21.25,21.25,21.25,2100,0.0
1993-03-17,21.625,21.625,21.625,21.625,1260,0.0
1993-03-18,22.5,22.75,22.375,22.75,15330,0.0
1993-03-19,22.5,22.5,22.25,22.5,11235,0.0
1993-03-22,22.125,22.125,22.0,22.125,6615,0.0
1993-03-24,21.875,21.875,21.75,21.75,630,0.0
1993-03-25,21.875,22.0,21.875,21.875,630,0.0
1993-03-26,21.75,21.75,21.75,21.75,210,0.0
1993-03-29,21.5,21.5,21.375,21.375,840,0.0
1993-03-30,21.25,21.25,20.875,21.0,28455,0.0
1993-03-31,20.875,20.875,20.875,20.875,11025,0.0
1993-04-01,21.875,22.375,21.875,22.375,36960,0.0
1993-04-02,22.5,22.875,22.5,22.875,5775,0.0
1993-04-05,22.75,22.875,22.75,22.875,101430,0.0
1993-04-06,22.0,22.0,21.875,22.0,3675,0.0
1993-04-07,22.0,22.375,22.0,22.375,45150,0.0
1993-04-08,22.25,22.25,21.875,21.875,3780,0.0
1993-04-12,21.875,22.125,21.875,22.125,14700,0.0
1993-04-13,22.375,22.75,22.375,22.75,21000,0.0
1993-04-14,22.5,22.5,22.5,22.5,8085,0.0
1993-04-15,22.25,22.25,22.25,22.25,6510,0.0
1993-04-16,21.875,21.875,21.625,21.625,2100,0.0
1993-04-19,21.75,21.75,21.625,21.625,1890,0.0
1993-04-20,21.75,22.125,21.75,22.125,2625,0.0
1993-04-21,22.25,22.25,22.25,22.25,2310,0.0
1993-04-22,22.375,22.375,22.25,22.375,630,0.0
1993-04-23,22.5,22.5,22.5,22.5,2520,0.0
1993-04-26,22.5,22.5,22.5,22.5,315,0.0
1993-04-27,22.875,23.125,22.875,23.125,12495,0.0
1993-04-28,23.125,23.125,23.125,23.125,315,0.0
1993-04-29,23.125,23.25,23.125,23.25,8820,0.0
1993-04-30,23.125,23.25,23.125,23.125,16380,0.0
1993-05-03,23.25,23.25,23.125,23.125,9765,0.0
1993-05-04,23.25,23.25,23.25,23.25,420,0.0
1993-05-05,23.25,23.25,23.25,23.25,2310,0.0
1993-05-06,23.0,23.0,23.0,23.0,1050,0.0
1993-05-07,23.0,23.125,23.0,23.125,420,0.0
1993-05-10,23.0,23.125,23.0,23.125,11130,0.0
1993-05-12,22.75,22.75,22.5,22.5,945,0.0
1993-05-13,22.5,22.5,22.5,22.5,1890,0.0
1993-05-14,22.375,22.5,22.375,22.375,1995,0.0
1993-05-17,22.375,22.5,22.375,22.375,5880,0.0
1993-05-18,22.25,22.25,22.25,22.25,210,0.0
1993-05-19,22.25,22.25,22.25,22.25,630,0.0
1993-05-20,22.625,22.75,22.625,22.625,1260,0.0
1993-05-21,22.875,22.875,22.875,22.875,3675,0.0
1993-05-24,23.0,23.0,23.0,23.0,105,0.0
1993-05-25,23.0,23.25,23.0,23.25,1890,0.0
1993-05-26,24.75,25.0,24.75,25.0,7875,0.0
1993-05-27,25.125,25.375,25.125,25.375,7560,0.0
1993-05-28,25.625,25.625,25.625,25.625,8400,0.0
1993-06-01,25.5,25.625,25.5,25.625,525,0.0
1993-06-02,25.5,25.625,25.5,25.625,3150,0.0
1993-06-03,25.625,25.625,25.625,25.625,2730,0.0
1993-06-04,25.625,25.625,25.625,25.625,945,0.0
1993-06-07,25.625,25.875,25.625,25.875,1890,0.0
1993-06-08,25.625,25.625,25.5,25.5,1470,0.0
1993-06-09,25.75,25.75,25.75,25.75,525,0.0
1993-06-11,25.75,25.875,25.75,25.875,1365,0.0
1993-06-14,26.125,26.5,26.125,26.5,3675,0.0
1993-06-15,26.375,26.375,26.125,26.125,1365,0.0
1993-06-16,25.5,25.5,24.875,25.0,8400,0.0
1993-06-17,25.0,25.0,25.0,25.0,420,0.0
1993-06-18,24.875,24.875,24.375,24.5,2520,0.0
1993-06-21,24.0,24.0,23.125,23.125,7770,0.0
1993-06-22,23.25,23.5,23.125,23.5,6720,0.0
1993-06-23,23.625,23.75,23.625,23.75,630,0.0
1993-06-24,24.0,24.875,24.0,24.625,8820,0.0
1993-06-25,24.875,25.0,24.875,25.0,1050,0.0
1993-06-28,25.25,25.25,25.25,25.25,2625,0.0
1993-06-29,25.375,25.375,24.875,25.125,6090,0.0
1993-07-01,25.375,25.5,25.375,25.5,945,0.0
1993-07-02,25.375,25.375,25.25,25.25,7245,0.0
1993-07-06,25.375,25.625,25.375,25.625,4200,0.0
1993-07-07,25.375,25.625,25.375,25.375,945,0.0
1993-07-08,25.25,25.375,25.25,25.25,945,0.0
1993-07-09,25.75,25.875,25.75,25.875,1680,0.0
1993-07-12,25.875,26.0,25.875,26.0,525,0.0
1993-07-13,26.5,26.625,26.5,26.625,4095,0.0
1993-07-14,26.5,26.75,26.5,26.75,1785,0.0
1993-07-16,26.75,26.75,26.75,26.75,105,0.0
1993-07-20,26.5,26.5,26.25,26.25,1365,0.0
1993-07-21,26.375,26.375,26.25,26.25,1155,0.0
1993-07-22,26.5,26.625,26.5,26.625,735,0.0
1993-07-23,26.5,26.5,26.25,26.5,735,0.0
1993-07-26,26.5,26.5,26.5,26.5,210,0.0
1993-07-27,26.5,26.625,26.5,26.625,2205,0.0
1993-07-28,26.75,26.75,26.75,26.75,315,0.0
1993-07-29,27.0,27.0,27.0,27.0,630,0.0
1993-07-30,27.0,27.875,27.0,27.875,7875,0.0
1993-08-02,28.0,28.125,28.0,28.0,7455,0.0
1993-08-03,28.125,28.125,27.875,28.0,945,0.0
1993-08-04,28.5,28.875,28.5,28.625,1890,0.0
1993-08-05,28.75,28.75,28.75,28.75,840,0.0
1993-08-06,28.75,28.75,28.75,28.75,210,0.0
1993-08-09,28.75,28.875,28.75,28.875,5355,0.0
1993-08-10,28.875,28.875,28.625,28.625,5775,0.0
1993-08-11,28.5,28.75,28.5,28.75,2205,0.0
1993-08-12,28.875,28.875,28.875,28.875,1260,0.0
1993-08-13,28.875,28.875,28.875,28.875,420,0.0
1993-08-16,28.875,28.875,28.875,28.875,840,0.0
1993-08-17,29.0,29.0,28.875,29.0,6300,0.0
1993-08-18,29.25,29.25,28.75,28.75,9030,0.0
1993-08-19,28.625,28.625,27.75,27.875,24675,0.0
1993-08-20,27.625,27.625,27.5,27.5,64155,0.0
1993-08-23,27.25,27.375,27.125,27.25,3675,0.0
1993-08-24,27.25,27.625,27.25,27.625,7560,0.0
1993-08-25,27.625,27.625,27.625,27.625,3885,0.0
1993-08-26,27.5,27.5,27.5,27.5,2205,0.0
1993-08-27,27.75,27.875,27.75,27.875,1995,0.0
1993-08-30,28.0,28.125,27.875,27.875,2520,0.0
1993-08-31,28.0,28.25,28.0,28.125,4515,0.0
1993-09-01,28.0,28.125,28.0,28.125,735,0.0
1993-09-02,28.375,28.375,28.375,28.375,17010,0.0
1993-09-03,28.5,28.5,28.5,28.5,735,0.0
1993-09-07,28.5,28.5,28.25,28.25,735,0.0
1993-09-08,28.125,28.125,28.125,28.125,3150,0.0
1993-09-09,28.25,28.25,28.25,28.25,105,0.0
1993-09-10,28.0,28.0,27.625,27.625,2940,0.0
1993-09-13,28.0,28.125,28.0,28.125,6720,0.0
1993-09-14,28.0,28.125,28.0,28.125,420,0.0
1993-09-15,28.125,28.125,28.0,28.0,630,0.0
1993-09-16,27.75,28.0,27.75,28.0,1890,0.0
1993-09-17,28.0,28.0,28.0,28.0,735,0.0
1993-09-20,27.875,27.875,27.875,27.875,630,0.0
1993-09-21,27.75,27.75,27.5,27.625,5670,0.0
1993-09-22,27.375,27.375,27.0,27.0,1785,0.0
1993-09-23,26.75,27.0,26.75,27.0,2205,0.0
1993-09-24,27.125,27.125,27.125,27.125,105,0.0
1993-09-27,26.875,26.875,26.875,26.875,210,0.0
1993-09-28,27.0,27.0,27.0,27.0,210,0.0
1993-09-29,27.0,27.0,27.0,27.0,315,0.0
1993-10-01,27.125,27.125,26.75,27.0,1470,0.0
1993-10-04,27.25,27.25,27.0,27.0,1785,0.0
1993-10-05,27.25,27.25,27.25,27.25,525,0.0
1993-10-06,27.25,27.375,27.25,27.375,525,0.0
1993-10-07,27.375,27.625,27.375,27.375,945,0.0
1993-10-08,27.625,27.625,27.625,27.625,420,0.0
1993-10-12,27.625,27.875,27.625,27.875,1050,0.0
1993-10-13,27.875,27.875,27.875,27.875,2100,0.0
1993-10-14,27.875,27.875,27.625,27.625,735,0.0
1993-10-15,27.75,27.75,27.75,27.75,315,0.0
1993-10-18,27.875,27.875,27.625,27.625,840,0.0
1993-10-19,27.75,27.75,27.625,27.625,525,0.0
1993-10-20,27.75,27.75,27.75,27.75,105,0.0
1993-10-21,27.625,27.75,27.625,27.75,630,0.0
1993-10-22,28.0,28.25,28.0,28.25,1365,0.0
1993-10-25,28.875,29.125,28.875,29.125,630,0.0
1993-10-26,29.125,29.125,28.625,28.625,5670,0.0
1993-10-27,28.625,28.625,28.625,28.625,420,0.0
1993-10-28,28.5,28.5,28.5,28.5,945,0.0
1993-10-29,28.625,28.625,28.625,28.625,630,0.0
1993-11-01,28.375,28.375,28.125,28.375,3045,0.0
1993-11-02,28.5,28.75,28.5,28.75,1575,0.0
1993-11-03,28.625,28.625,28.5,28.5,315,0.0
1993-11-04,28.625,28.625,28.625,28.625,315,0.0
1993-11-05,28.5,28.5,28.25,28.375,735,0.0
1993-11-08,28.375,28.375,28.375,28.375,4410,0.0
1993-11-09,27.5,27.5,27.5,27.5,1470,0.0
1993-11-10,27.5,27.5,27.375,27.5,1575,0.0
1993-11-11,27.5,27.5,27.5,27.5,315,0.0
1993-11-12,27.625,27.875,27.625,27.875,840,0.0
1993-11-15,27.75,27.75,27.75,27.75,210,0.0
1993-11-16,28.0,28.125,27.875,28.125,1680,0.0
1993-11-17,28.125,28.125,28.125,28.125,210,0.0
1993-11-18,28.25,28.5,28.25,28.5,2205,0.0
1993-11-19,28.25,28.25,28.0,28.0,4200,0.0
1993-11-22,27.5,27.5,27.25,27.375,2940,0.0
1993-11-23,27.375,27.375,27.125,27.125,630,0.0
1993-11-24,27.0,27.0,26.875,26.875,1575,0.0
1993-11-26,25.125,25.125,25.125,25.125,6930,0.0
1993-11-29,23.5,23.75,23.25,23.25,2415,0.0
1993-11-30,23.5,23.75,23.5,23.75,1155,0.0
1993-12-01,24.0,24.375,24.0,24.375,2100,0.0
1993-12-02,24.625,24.625,24.375,24.625,1575,0.0
1993-12-03,24.875,24.875,24.875,24.875,210,0.0
1993-12-06,24.875,24.875,24.5,24.5,13965,0.0
1993-12-07,24.625,24.625,24.625,24.625,1365,0.0
1993-12-08,24.25,24.375,24.0,24.125,17220,0.0
1993-12-09,24.375,25.0,24.25,24.75,8295,0.0
1993-12-10,24.875,25.125,24.875,25.125,735,0.0
1993-12-13,25.375,25.5,25.25,25.25,5670,0.0
1993-12-14,25.375,25.375,25.25,25.25,525,0.0
1993-12-15,25.125,25.125,25.125,25.125,1260,0.0
1993-12-16,25.25,25.25,25.25,25.25,735,0.0
1993-12-17,25.375,25.625,25.375,25.625,525,0.0
1993-12-20,25.25,25.25,24.875,24.875,3780,0.0
1993-12-21,25.0,25.0,24.875,24.875,315,0.0
1993-12-22,25.0,25.0,24.875,24.875,735,0.0
1993-12-23,25.0,25.0,25.0,25.0,525,0.0
1993-12-27,24.5,24.5,24.5,24.5,2520,0.0
1993-12-28,24.5,24.5,24.0,24.375,1050,0.0
1993-12-29,24.375,24.375,24.375,24.375,210,0.0
1993-12-30,24.375,24.375,24.375,24.375,1260,0.0
1993-12-31,24.375,24.375,24.375,24.375,210,0.0
1994-01-03,24.125,24.125,24.0,24.0,1785,0.0
1994-01-04,23.75,23.75,23.0,23.375,6405,0.0
1994-01-05,23.375,23.5,23.375,23.5,2415,0.0
1994-01-06,23.75,23.75,23.75,23.75,1680,0.0
1994-01-07,24.0,24.0,24.0,24.0,840,0.0
1994-01-10,24.25,24.25,24.25,24.25,840,0.0
1994-01-11,24.25,24.25,24.25,24.25,735,0.0
1994-01-12,24.25,24.25,24.25,24.25,5460,0.0
1994-01-13,24.0,24.125,24.0,24.125,735,0.0
1994-01-14,24.75,24.875,24.75,24.875,1575,0.0
1994-01-17,24.75,24.875,24.75,24.875,210,0.0
1994-01-18,25.0,25.125,25.0,25.125,53445,0.0
1994-01-19,26.125,26.375,26.125,26.375,1890,0.0
1994-01-20,26.125,26.375,26.125,26.375,7455,0.0
1994-01-21,26.125,26.125,26.0,26.0,2100,0.0
1994-01-24,25.5,25.625,25.5,25.625,2100,0.0
1994-01-25,25.75,26.0,25.75,26.0,3990,0.0
1994-01-26,26.125,26.375,26.125,26.375,3570,0.0
1994-01-27,26.625,26.625,26.5,26.5,525,0.0
1994-01-28,26.875,27.5,26.875,27.5,24990,0.0
1994-01-31,27.5,28.0,27.5,27.875,46200,0.0
1994-02-01,27.75,27.75,27.125,27.25,7035,0.0
1994-02-02,27.5,27.5,27.5,27.5,945,0.0
1994-02-03,27.5,27.5,27.25,27.25,2520,0.0
1994-02-04,27.0,27.0,27.0,27.0,1575,0.0
1994-02-07,26.875,26.875,26.625,26.875,3465,0.0
1994-02-08,26.875,26.875,26.875,26.875,2625,0.0
1994-02-09,26.875,27.0,26.75,26.875,5040,0.0
1994-02-10,26.875,26.875,26.875,26.875,315,0.0
1994-02-11,26.875,26.875,26.875,26.875,945,0.0
1994-02-14,26.875,27.25,26.75,27.0,2415,0.0
1994-02-15,27.5,27.5,27.375,27.5,1365,0.0
1994-02-16,27.5,27.875,27.5,27.875,12810,0.0
1994-02-17,27.75,27.75,27.5,27.5,735,0.0
1994-02-18,27.375,27.375,27.375,27.375,1470,0.0
1994-02-22,27.25,27.25,27.0,27.0,1155,0.0
1994-02-23,27.125,27.125,27.125,27.125,735,0.0
1994-02-24,27.125,27.125,27.125,27.125,1470,0.0
1994-02-25,27.25,27.5,27.25,27.375,2310,0.0
1994-02-28,27.5,27.5,27.5,27.5,420,0.0
1994-03-01,27.25,27.375,27.25,27.375,1470,0.0
1994-03-02,27.375,27.375,27.125,27.25,5250,0.0
1994-03-03,27.125,27.5,27.125,27.5,7350,0.0
1994-03-04,27.375,27.375,27.125,27.125,6825,0.0
1994-03-07,27.0,27.25,27.0,27.0,1785,0.0
1994-03-08,27.125,27.125,27.125,27.125,945,0.0
1994-03-09,27.125,27.125,27.125,27.125,315,0.0
1994-03-10,27.125,27.125,27.125,27.125,1260,0.0
1994-03-14,27.125,27.125,27.125,27.125,1785,0.0
1994-03-15,27.125,27.125,27.0,27.125,5775,0.0
1994-03-16,27.125,27.125,27.125,27.125,1470,0.0
1994-03-17,27.25,27.25,27.25,27.25,210,0.0
1994-03-18,27.0,27.125,27.0,27.125,1155,0.0
1994-03-21,27.0,27.0,27.0,27.0,105,0.0
1994-03-22,27.125,27.125,27.125,27.125,420,0.0
1994-03-23,27.125,27.125,27.0,27.125,1575,0.0
1994-03-25,27.0,27.125,27.0,27.0,1365,0.0
1994-03-28,27.125,27.125,27.125,27.125,105,0.0
1994-03-29,27.0,27.0,27.0,27.0,210,0.0
1994-03-30,27.0,27.0,27.0,27.0,105,0.0
1994-03-31,26.75,26.75,26.25,26.25,4725,0.0
1994-04-04,26.0,26.0,26.0,26.0,210,0.0
1994-04-05,26.75,26.75,26.75,26.75,210,0.0
1994-04-06,27.0,27.125,27.0,27.0,1470,0.0
1994-04-07,27.0,27.25,27.0,27.25,1575,0.0
1994-04-08,27.125,27.375,27.125,27.125,2520,0.0
1994-04-11,27.25,27.5,27.25,27.5,735,0.0
1994-04-12,27.75,27.75,27.75,27.75,420,0.0
1994-04-13,27.375,27.5,27.375,27.5,15855,0.0
1994-04-14,27.5,27.625,27.5,27.625,735,0.0
1994-04-15,27.25,27.375,27.25,27.25,4515,0.0
1994-04-19,27.5,27.75,27.5,27.5,2835,0.0
1994-04-20,27.375,27.375,27.125,27.25,1050,0.0
1994-04-21,27.125,27.125,26.75,26.75,2415,0.0
1994-04-22,26.5,26.625,26.5,26.625,1575,0.0
1994-04-26,26.5,26.5,26.375,26.5,1050,0.0
1994-04-28,26.75,26.75,26.75,26.75,1050,0.0
1994-05-02,26.5,26.625,26.5,26.625,315,0.0
1994-05-03,26.875,26.875,26.875,26.875,1050,0.0
1994-05-04,26.75,26.75,26.75,26.75,105,0.0
1994-05-05,26.5,26.75,26.5,26.75,1365,0.0
1994-05-06,26.75,26.75,26.75,26.75,315,0.0
1994-05-09,26.75,26.75,26.75,26.75,630,0.0
1994-05-10,26.625,26.625,26.375,26.375,210,0.0
1994-05-11,26.375,26.5,26.375,26.5,420,0.0
1994-05-12,26.5,26.5,26.375,26.375,315,0.0
1994-05-13,26.5,26.5,26.5,26.5,105,0.0
1994-05-16,26.5,26.5,26.375,26.375,2310,0.0
1994-05-17,26.5,26.5,26.5,26.5,4515,0.0
1994-05-20,26.5,26.5,26.5,26.5,420,0.0
1994-05-23,26.75,26.75,26.75,26.75,840,0.0
1994-05-24,26.875,26.875,26.875,26.875,1155,0.0
1994-05-25,26.625,26.625,26.5,26.625,1155,0.0
1994-05-26,26.75,26.75,26.5,26.5,630,0.0
1994-05-31,26.5,26.5,26.5,26.5,840,0.0
1994-06-01,26.625,26.625,26.5,26.625,1260,0.0
1994-06-02,26.375,26.375,26.375,26.375,210,0.0
1994-06-03,26.25,26.25,26.0,26.125,2625,0.0
1994-06-06,25.875,25.875,25.875,25.875,315,0.0
1994-06-07,25.75,26.0,25.75,26.0,735,0.0
1994-06-08,26.25,26.25,26.25,26.25,26250,0.0
1994-06-09,26.5,26.5,26.5,26.5,23835,0.0
1994-06-13,26.375,26.375,26.375,26.375,840,0.0
1994-06-14,26.625,26.625,26.625,26.625,1575,0.0
1994-06-16,26.625,26.625,26.5,26.5,315,0.0
1994-06-17,26.625,26.625,26.625,26.625,2310,0.0
1994-06-20,26.375,26.5,26.375,26.5,1470,0.0
1994-06-21,26.5,26.5,26.25,26.25,630,0.0
1994-06-27,26.25,26.25,26.25,26.25,315,0.0
1994-06-28,26.5,26.5,26.5,26.5,525,0.0
1994-07-01,26.5,26.5,26.5,26.5,420,0.0
1994-07-05,26.375,26.625,26.375,26.625,1260,0.0
1994-07-06,26.625,26.75,26.375,26.375,525,0.0
1994-07-07,26.375,26.375,26.375,26.375,5250,0.0
1994-07-08,26.125,26.125,26.125,26.125,5250,0.0
1994-07-11,26.375,26.375,26.375,26.375,105,0.0
1994-07-12,26.375,26.75,26.375,26.75,840,0.0
1994-07-13,26.625,26.625,26.5,26.5,735,0.0
1994-07-14,26.75,26.75,26.625,26.625,315,0.0
1994-07-15,26.75,26.875,26.75,26.875,315,0.0
1994-07-18,26.875,26.875,26.625,26.625,525,0.0
1994-07-19,26.5,26.5,26.5,26.5,315,0.0
1994-07-21,26.625,26.75,26.625,26.625,2835,0.0
1994-07-22,26.25,26.25,26.25,26.25,1155,0.0
1994-07-25,26.125,26.125,26.125,26.125,210,0.0
1994-07-26,26.0,26.25,26.0,26.25,630,0.0
1994-07-27,26.125,26.125,26.125,26.125,210,0.0
1994-07-28,26.125,26.125,26.125,26.125,420,0.0
1994-08-02,26.375,26.5,26.25,26.25,3780,0.0
1994-08-03,26.25,26.25,26.25,26.25,105,0.0
1994-08-04,26.0,26.0,26.0,26.0,525,0.0
1994-08-05,26.25,26.375,26.25,26.25,1155,0.0
1994-08-08,26.25,26.25,26.0,26.125,630,0.0
1994-08-10,26.125,26.25,26.125,26.25,840,0.0
1994-08-11,26.125,26.125,26.125,26.125,105,0.0
1994-08-12,26.0,26.125,26.0,26.125,315,0.0
1994-08-15,26.125,26.125,26.0,26.0,840,0.0
1994-08-16,26.25,26.25,26.25,26.25,525,0.0
1994-08-17,26.25,26.5,26.25,26.5,630,0.0
1994-08-18,26.5,26.5,26.125,26.25,945,0.0
1994-08-19,26.375,26.375,26.375,26.375,210,0.0
1994-08-22,26.25,26.3906,26.25,26.25,11760,0.0
1994-08-23,26.375,26.375,26.375,26.375,105,0.0
1994-08-24,26.375,26.5,26.375,26.5,945,0.0
1994-08-25,26.5,26.5,26.5,26.5,210,0.0
1994-08-26,26.5,26.5,26.5,26.5,210,0.0
1994-08-29,26.5,26.5,26.5,26.5,105,0.0
1994-08-30,26.5,26.5,26.25,26.375,1155,0.0
1994-09-01,26.125,26.125,26.0,26.0,945,0.0
1994-09-02,25.875,25.875,25.625,25.75,1260,0.0
1994-09-06,25.75,25.75,25.75,25.75,2100,0.0
1994-09-07,25.25,25.5,25.125,25.125,12915,0.0
1994-09-08,25.0,25.0,24.75,24.75,630,0.0
1994-09-09,24.5,24.5,24.5,24.5,630,0.0
1994-09-12,24.5,24.5,24.5,24.5,735,0.0
1994-09-14,24.75,25.0,24.75,25.0,840,0.0
1994-09-15,25.0,25.0,25.0,25.0,210,0.0
1994-09-16,25.0,25.0,25.0,25.0,210,0.0
1994-09-19,25.0,25.0,24.75,24.75,1260,0.0
1994-09-20,24.875,24.875,24.875,24.875,105,0.0
1994-09-21,25.0,25.25,25.0,25.25,525,0.0
1994-09-22,25.25,25.25,25.125,25.125,420,0.0
1994-09-23,25.0,25.125,25.0,25.125,945,0.0
1994-09-26,24.875,25.0,24.875,25.0,840,0.0
1994-09-27,25.125,25.125,25.125,25.125,525,0.0
1994-09-28,24.875,24.875,24.875,24.875,840,0.0
1994-09-29,24.875,25.125,24.875,25.125,1260,0.0
1994-09-30,24.875,25.125,24.875,25.125,3150,0.0
1994-10-03,25.0,25.0,24.75,24.75,1680,0.0
1994-10-04,24.875,25.0,24.625,24.625,2100,0.0
1994-10-05,24.75,25.0,24.75,24.875,840,0.0
1994-10-06,25.0,25.25,25.0,25.125,840,0.0
1994-10-07,25.25,25.25,25.0,25.0,630,0.0
1994-10-10,25.125,25.125,24.875,24.875,210,0.0
1994-10-11,25.0,25.125,25.0,25.0,5985,0.0
1994-10-12,25.125,25.375,25.125,25.375,630,0.0
1994-10-13,25.25,25.625,25.25,25.5,1785,0.0
1994-10-14,25.625,25.625,25.375,25.5,735,0.0
1994-10-17,25.375,25.375,25.25,25.375,1680,0.0
1994-10-19,25.125,25.125,25.125,25.125,315,0.0
1994-10-20,25.125,25.125,25.125,25.125,315,0.0
1994-10-24,25.125,25.25,25.125,25.125,2940,0.0
1994-10-25,25.25,25.25,25.25,25.25,210,0.0
1994-10-26,25.25,25.25,25.0,25.125,1890,0.0
1994-10-31,25.125,25.125,25.125,25.125,420,0.0
1994-11-01,25.0,25.0,24.875,24.875,210,0.0
1994-11-02,24.625,24.625,23.875,23.875,4410,0.0
1994-11-03,23.5,23.625,23.5,23.5,93765,0.0
1994-11-07,23.625,23.625,23.375,23.625,1470,0.0
1994-11-08,23.5,23.5,23.5,23.5,420,0.0
1994-11-09,23.25,23.25,23.25,23.25,1050,0.0
1994-11-10,22.875,22.875,22.5,22.5,3990,0.0
1994-11-11,22.375,22.375,22.25,22.25,420,0.0
1994-11-14,22.25,22.25,22.25,22.25,105,0.0
1994-11-15,22.375,22.375,22.375,22.375,2100,0.0
1994-11-18,22.5,22.5,22.5,22.5,1575,0.0
1994-11-21,22.375,22.375,22.375,22.375,210,0.0
1994-11-22,22.25,22.25,22.0,22.0,630,0.0
1994-11-23,21.75,21.75,21.75,21.75,210,0.0
1994-11-25,22.0,22.125,22.0,22.125,1575,0.0
1994-11-28,22.25,22.25,22.25,22.25,525,0.0
1994-11-29,22.25,22.375,22.25,22.375,315,0.0
1994-11-30,22.5,22.5,22.375,22.375,8400,0.0
1994-12-01,22.5,22.5,22.5,22.5,525,0.0
1994-12-02,22.75,22.75,22.75,22.75,2625,0.0
1994-12-05,22.625,22.625,22.625,22.625,3255,0.0
1994-12-06,22.875,22.875,22.75,22.75,1995,0.0
1994-12-07,22.875,22.875,22.75,22.75,2310,0.0
1994-12-08,22.75,23.0,22.75,23.0,23205,0.0
1994-12-09,23.0,23.0,23.0,23.0,1050,0.0
1994-12-13,23.125,23.125,23.125,23.125,5775,0.0
1994-12-16,23.25,23.5,23.25,23.5,2310,0.0
1994-12-19,23.375,23.375,23.375,23.375,1050,0.0
1994-12-20,23.75,24.0,23.75,24.0,15960,0.0
1994-12-21,24.0,24.0,24.0,24.0,210,0.0
1994-12-28,23.875,24.0,23.875,24.0,840,0.0
1994-12-29,24.25,24.25,24.25,24.25,840,0.0
1994-12-30,24.125,24.125,24.125,24.125,525,0.0
1995-01-04,23.875,23.875,23.875,23.875,525,0.0
1995-01-05,23.875,23.875,23.5,23.5,13125,0.0
1995-01-06,23.375,23.375,23.375,23.375,315,0.0
1995-01-09,23.5,23.5,23.5,23.5,10500,0.0
1995-01-12,23.5,23.875,23.5,23.875,1155,0.0
1995-01-13,23.75,23.875,23.75,23.75,1155,0.0
1995-01-16,24.0,24.0,24.0,24.0,1050,0.0
1995-01-17,23.875,23.875,23.875,23.875,105,0.0
1995-01-18,23.625,23.625,23.625,23.625,420,0.0
1995-01-19,23.25,23.25,23.125,23.125,735,0.0
1995-01-20,23.0,23.0,23.0,23.0,105,0.0
1995-01-23,21.375,21.375,21.125,21.25,2205,0.0
1995-01-24,21.0,21.25,21.0,21.25,4410,0.0
1995-01-25,21.0,21.0,21.0,21.0,315,0.0
1995-01-26,20.75,20.875,20.75,20.875,1050,0.0
1995-01-27,21.125,21.25,21.125,21.25,630,0.0
1995-01-30,24.0,24.375,24.0,24.375,8400,0.0
1995-01-31,24.5,25.0,24.5,25.0,2310,0.0
1995-02-01,24.75,24.75,24.75,24.75,735,0.0
1995-02-02,24.75,24.75,24.5,24.625,525,0.0
1995-02-03,24.25,24.25,23.875,24.0,3045,0.0
1995-02-07,23.75,23.875,23.75,23.875,1260,0.0
1995-02-08,23.75,23.75,23.75,23.75,105,0.0
1995-02-09,23.5,23.5,23.25,23.25,1155,0.0
1995-02-10,23.25,23.25,23.25,23.25,105,0.0
1995-02-13,23.375,23.375,23.375,23.375,1050,0.0
1995-02-16,23.25,23.25,23.0,23.125,945,0.0
1995-02-17,23.25,23.25,23.25,23.25,315,0.0
1995-02-24,22.75,22.75,22.75,22.75,1575,0.0
1995-02-27,22.5,22.5,22.5,22.5,315,0.0
1995-02-28,22.5,22.5,22.5,22.5,12180,0.0
1995-03-01,22.25,22.25,22.25,22.25,525,0.0
1995-03-06,22.5,22.75,22.5,22.75,1155,0.0
1995-03-07,22.875,23.125,22.875,23.125,6720,0.0
1995-03-09,23.0,23.25,23.0,23.25,840,0.0
1995-03-14,23.125,23.25,23.125,23.25,1050,0.0
1995-03-17,23.0,23.125,23.0,23.125,1050,0.0
1995-03-20,23.25,23.25,23.25,23.25,210,0.0
1995-03-23,23.25,23.25,23.25,23.25,210,0.0
1995-03-27,23.125,23.125,23.125,23.125,1575,0.0
1995-03-28,24.25,25.0,24.25,25.0,4935,0.0
1995-03-29,24.0,24.25,23.5,23.75,10710,0.0
1995-03-30,24.0,24.0,24.0,24.0,1470,0.0
1995-03-31,24.0,24.25,24.0,24.25,1155,0.0
1995-04-03,24.125,24.125,22.0,22.0,18480,0.0
1995-04-04,22.0,22.25,22.0,22.25,9555,0.0
1995-04-05,22.125,22.25,22.125,22.25,1680,0.0
1995-04-06,22.125,22.125,22.125,22.125,1365,0.0
1995-04-10,22.25,22.25,22.25,22.25,1365,0.0
1995-04-11,22.375,22.625,22.375,22.5,420,0.0
1995-04-12,22.625,22.625,22.5,22.5,735,0.0
1995-04-13,22.625,23.0,22.625,22.875,7035,0.0
1995-04-17,23.125,23.25,23.125,23.25,4935,0.0
1995-04-18,23.25,23.25,22.625,22.625,3780,0.0
1995-04-19,22.875,23.125,22.875,23.0,1575,0.0
1995-04-20,23.25,23.625,23.25,23.625,1365,0.0
1995-04-21,23.5,23.625,23.5,23.625,3045,0.0
1995-04-24,23.5,23.5,23.5,23.5,420,0.0
1995-04-25,23.5,23.75,23.5,23.75,2730,0.0
1995-04-26,23.75,23.75,23.75,23.75,525,0.0
1995-04-27,24.0,24.25,24.0,24.125,1575,0.0
1995-04-28,24.125,24.125,24.0,24.0,1680,0.0
1995-05-01,24.25,24.5,24.25,24.5,5460,0.0
1995-05-02,24.75,25.25,24.75,25.0,3780,0.0
1995-05-03,25.125,25.125,25.125,25.125,525,0.0
1995-05-04,25.125,25.125,25.0,25.0,420,0.0
1995-05-08,25.0,25.125,25.0,25.125,2205,0.0
1995-05-09,25.125,25.25,25.125,25.25,420,0.0
1995-05-10,25.0,25.0,25.0,25.0,1470,0.0
1995-05-11,25.125,25.125,25.125,25.125,105,0.0
1995-05-12,25.125,25.25,25.125,25.25,2730,0.0
1995-05-15,25.25,25.25,25.25,25.25,840,0.0
1995-05-16,25.25,25.25,25.25,25.25,210,0.0
1995-05-17,25.0,25.125,25.0,25.125,420,0.0
1995-05-18,25.0,25.0,25.0,25.0,105,0.0
1995-05-19,24.875,24.875,24.625,24.875,1365,0.0
1995-05-22,24.625,24.625,23.625,23.75,3780,0.0
1995-05-23,24.0,24.0,23.875,23.875,2520,0.0
1995-05-25,23.75,23.75,23.75,23.75,105,0.0
1995-05-26,24.0,24.0,24.0,24.0,210,0.0
1995-05-30,24.25,24.25,24.25,24.25,210,0.0
1995-06-01,24.0,24.25,24.0,24.25,1470,0.0
1995-06-05,24.375,24.625,24.375,24.625,3150,0.0
1995-06-07,24.5,24.5,24.5,24.5,420,0.0
1995-06-08,24.625,24.625,24.5,24.5,1050,0.0
1995-06-09,24.625,24.625,24.625,24.625,315,0.0
1995-06-12,24.5,24.5,24.5,24.5,840,0.0
1995-06-13,24.625,24.625,24.625,24.625,525,0.0
1995-06-14,24.375,24.375,24.125,24.125,1995,0.0
1995-06-20,24.0,24.0,23.375,23.625,3255,0.0
1995-06-21,23.5,23.5,23.5,23.5,210,0.0
1995-06-22,23.5,23.5,23.5,23.5,105,0.0
1995-06-23,23.625,23.625,23.625,23.625,105,0.0
1995-06-26,23.75,23.75,23.75,23.75,420,0.0
1995-06-27,23.5,23.5,23.5,23.5,525,0.0
1995-06-28,23.5,23.625,23.5,23.625,9555,0.0
1995-06-29,23.0,23.0,22.5,22.5,1260,0.0
1995-06-30,22.5,22.5,22.375,22.375,4620,0.0
1995-07-03,22.25,22.25,22.25,22.25,210,0.0
1995-07-05,22.25,22.25,22.125,22.125,735,0.0
1995-07-06,22.375,22.5,22.375,22.375,22890,0.0
1995-07-07,22.875,23.125,22.875,23.125,7245,0.0
1995-07-10,23.25,23.25,23.25,23.25,2100,0.0
1995-07-12,23.25,23.25,23.25,23.25,105,0.0
1995-07-13,23.125,23.375,23.125,23.375,1260,0.0
1995-07-14,23.5,23.5,23.5,23.5,1575,0.0
1995-07-17,23.625,23.75,23.625,23.75,1155,0.0
1995-07-18,23.75,23.75,23.125,23.125,1575,0.0
1995-07-19,23.0,23.0,22.875,23.0,1680,0.0
1995-07-20,23.0,23.0,23.0,23.0,630,0.0
1995-07-21,23.25,23.375,23.25,23.25,3570,0.0
1995-07-24,23.375,23.375,23.25,23.375,1155,0.0
1995-07-25,23.375,23.375,23.25,23.25,630,0.0
1995-07-27,23.375,23.375,23.375,23.375,525,0.0
1995-07-28,23.5,23.625,23.5,23.625,1890,0.0
1995-07-31,23.625,23.625,23.625,23.625,105,0.0
1995-08-01,23.625,23.625,23.625,23.625,315,0.0
1995-08-02,23.75,24.0,23.75,24.0,210,0.0
1995-08-03,24.0,24.5,24.0,24.5,3150,0.0
1995-08-04,24.375,24.375,23.75,23.75,4830,0.0
1995-08-08,23.875,24.125,23.875,24.0,8610,0.0
1995-08-09,24.25,24.25,23.5,23.5,13440,0.0
1995-08-10,23.625,24.5,23.375,23.875,9030,0.0
1995-08-11,23.5,23.875,23.25,23.875,6510,0.0
1995-08-14,23.5,23.5,22.75,22.875,6510,0.0
1995-08-15,23.125,23.125,22.625,22.875,4935,0.0
1995-08-16,22.75,24.0,22.75,24.0,12180,0.0
1995-08-17,23.75,23.75,23.125,23.5,38850,0.0
1995-08-18,23.5,23.5,23.25,23.25,21840,0.0
1995-08-21,22.5,22.5,21.5,21.75,40110,0.0
1995-08-22,21.625,21.75,21.625,21.75,3465,0.0
1995-08-23,21.5,21.75,21.5,21.625,6720,0.0
1995-08-24,21.5,21.75,21.5,21.75,1470,0.0
1995-08-25,21.75,22.0,21.75,22.0,3675,0.0
1995-08-28,22.0,22.0,22.0,22.0,840,0.0
1995-08-29,22.0,22.0,22.0,22.0,840,0.0
1995-08-30,21.875,21.875,21.5,21.75,1575,0.0
1995-08-31,21.875,21.875,21.25,21.25,4305,0.0
1995-09-01,21.375,21.5,21.375,21.5,8190,0.0
1995-09-05,21.75,21.75,21.75,21.75,3360,0.0
1995-09-06,20.0,20.0,19.75,19.75,10185,0.0
1995-09-07,19.75,20.125,19.75,19.75,59640,0.0
1995-09-08,20.125,21.25,20.125,20.25,68355,0.0
1995-09-11,20.375,20.375,20.0,20.0,8820,0.0
1995-09-12,20.0,20.0,19.875,20.0,16800,0.0
1995-09-13,20.25,20.25,20.0,20.125,13230,0.0
1995-09-14,20.0,20.0,20.0,20.0,420,0.0
1995-09-15,20.0,20.375,20.0,20.375,40425,0.0
1995-09-18,20.125,20.25,20.125,20.25,50295,0.0
1995-09-19,20.125,20.25,20.125,20.25,37065,0.0
1995-09-20,20.25,20.25,20.25,20.25,9660,0.0
1995-09-21,20.125,20.25,20.125,20.25,8085,0.0
1995-09-22,20.25,20.25,20.125,20.25,67515,0.0
1995-09-25,20.125,20.25,20.0,20.25,21525,0.0
1995-09-26,20.125,20.125,20.0,20.0,51240,0.0
1995-09-27,20.125,20.125,20.0,20.125,13020,0.0
1995-09-28,20.125,20.125,20.125,20.125,1155,0.0
1995-09-29,20.0,20.0,19.875,20.0,5880,0.0
1995-10-02,20.0,20.125,20.0,20.0,5880,0.0
1995-10-03,20.125,20.125,20.0,20.125,5355,0.0
1995-10-04,20.0,20.0,20.0,20.0,2625,0.0
1995-10-05,20.125,20.5,20.125,20.5,30240,0.0
1995-10-06,20.75,20.875,20.75,20.875,26460,0.0
1995-10-09,20.625,20.625,20.5,20.625,2940,0.0
1995-10-10,20.5,20.5,20.5,20.5,315,0.0
1995-10-11,20.25,20.25,20.25,20.25,525,0.0
1995-10-12,20.25,20.5,20.25,20.5,29190,0.0
1995-10-13,20.5,20.5,20.375,20.5,43890,0.0
1995-10-16,20.5,20.5,20.5,20.5,7350,0.0
1995-10-17,20.5,20.5,20.5,20.5,3465,0.0
1995-10-18,20.5,20.625,20.5,20.625,22890,0.0
1995-10-19,20.625,20.625,20.5,20.625,9975,0.0
1995-10-20,20.625,20.75,20.5,20.625,8610,0.0
1995-10-23,20.625,20.75,20.625,20.75,40425,0.0
1995-10-24,20.625,20.625,20.5,20.625,3780,0.0
1995-10-25,20.625,20.625,20.625,20.625,525,0.0
1995-10-26,20.5,20.5,20.0,20.25,17850,0.0
1995-10-27,20.0,20.0,19.375,19.625,22890,0.0
1995-10-30,19.625,20.0,19.625,19.875,26145,0.0
1995-10-31,19.875,19.875,19.625,19.875,11025,0.0
1995-11-01,19.625,19.75,19.625,19.75,6510,0.0
1995-11-02,19.625,19.75,19.625,19.75,8295,0.0
1995-11-03,19.5,19.625,19.375,19.625,4935,0.0
1995-11-06,19.5,19.625,19.5,19.5,4095,0.0
1995-11-07,19.625,19.75,19.625,19.75,9660,0.0
1995-11-08,19.875,20.0,19.75,20.0,2520,0.0
1995-11-09,19.875,20.0,19.875,20.0,1470,0.0
1995-11-10,19.875,20.25,19.875,20.25,2730,0.0
1995-11-13,20.25,20.25,19.875,20.0,29295,0.0
1995-11-14,20.0,20.125,20.0,20.0,630,0.0
1995-11-15,20.0,20.0,19.875,19.875,1260,0.0
1995-11-16,20.0,20.0,20.0,20.0,420,0.0
1995-11-17,20.125,20.75,20.125,20.75,77280,0.0
1995-11-20,21.25,21.5,21.25,21.5,31290,0.0
1995-11-21,21.25,21.25,21.125,21.125,57435,0.0
1995-11-22,21.25,21.375,21.25,21.375,3675,0.0
1995-11-24,21.375,21.5,21.375,21.5,945,0.0
1995-11-27,21.75,22.0,21.75,22.0,20475,0.0
1995-11-28,22.0,22.125,22.0,22.125,7770,0.0
1995-11-29,22.125,22.125,22.0,22.0,4305,0.0
1995-11-30,22.25,22.25,22.0,22.125,3360,0.0
1995-12-01,22.25,22.5,22.25,22.5,11970,0.0
1995-12-04,22.375,23.125,22.375,23.0,9135,0.0
1995-12-05,23.125,23.125,22.625,22.875,125895,0.0
1995-12-06,23.0,23.25,23.0,23.25,15960,0.0
1995-12-07,23.375,23.875,23.375,23.75,21525,0.0
1995-12-08,23.625,23.75,23.375,23.5,9765,0.0
1995-12-11,23.5,23.625,23.375,23.625,7245,0.0
1995-12-12,23.625,23.625,23.5,23.625,7350,0.0
1995-12-13,23.875,24.5,23.875,24.4375,43260,0.0
1995-12-14,24.25,24.5,24.0,24.125,23100,0.0
1995-12-15,23.625,23.625,23.375,23.5,36015,0.0
1995-12-18,23.375,23.5,23.375,23.375,3360,0.0
1995-12-19,23.5,24.0,23.5,24.0,3465,0.0
1995-12-20,24.25,24.5,24.25,24.5,2835,0.0
1995-12-21,24.375,25.0,24.25,25.0,14910,0.0
1995-12-22,24.75,24.75,24.375,24.75,6195,0.0
1995-12-26,24.75,24.75,24.625,24.75,6615,0.0
1995-12-27,24.75,24.75,24.625,24.75,16170,0.0
1995-12-28,23.875,24.25,23.875,24.125,17640,0.0
1995-12-29,24.0,24.375,24.0,24.375,3990,0.0
1996-01-02,24.375,24.375,24.125,24.125,18060,0.0
1996-01-03,24.0,24.375,24.0,24.125,16275,0.0
1996-01-04,24.125,24.125,23.5,23.625,41790,0.0
1996-01-05,23.75,24.875,23.75,24.75,19110,0.0
1996-01-08,24.375,24.5,24.25,24.375,5670,0.0
1996-01-09,24.125,24.125,24.0,24.0,5775,0.0
1996-01-10,23.875,23.875,23.625,23.875,8295,0.0
1996-01-11,23.75,24.0,23.75,24.0,1050,0.0
1996-01-12,23.875,23.875,23.5,23.625,40845,0.0
1996-01-15,23.75,24.25,23.75,24.25,4935,0.0
1996-01-16,23.875,23.875,23.0,23.5,79905,0.0
1996-01-17,23.375,23.375,22.75,23.25,15330,0.0
1996-01-18,23.0,23.125,23.0,23.125,17220,0.0
1996-01-19,22.875,22.875,21.75,22.125,9765,0.0
1996-01-22,22.0,22.0,21.25,21.75,11340,0.0
1996-01-23,21.75,22.375,21.75,22.25,30870,0.0
1996-01-24,22.375,22.75,22.375,22.75,9240,0.0
1996-01-25,22.25,22.25,21.875,21.875,9765,0.0
1996-01-26,22.125,22.5,22.125,22.5,4515,0.0
1996-01-29,22.125,22.375,21.875,22.375,9450,0.0
1996-01-30,21.875,22.375,21.875,22.25,17640,0.0
1996-01-31,22.0,22.5,22.0,22.5,7245,0.0
1996-02-01,22.375,22.375,22.25,22.375,11445,0.0
1996-02-02,22.375,22.375,22.0,22.0,4305,0.0
1996-02-05,21.75,22.125,21.75,22.125,15540,0.0
1996-02-06,22.0,22.0,21.75,21.875,24255,0.0
1996-02-07,22.25,22.875,22.25,22.75,44520,0.0
1996-02-08,22.375,22.375,22.25,22.25,15435,0.0
1996-02-09,22.125,22.25,22.125,22.25,4410,0.0
1996-02-12,22.25,22.375,22.125,22.25,6825,0.0
1996-02-13,22.25,22.375,22.125,22.25,5040,0.0
1996-02-14,22.25,22.25,22.125,22.25,1575,0.0
1996-02-15,22.25,22.25,21.625,22.125,13440,0.0
1996-02-16,22.125,22.125,22.125,22.125,25095,0.0
1996-02-20,22.0,22.0,21.625,21.625,2625,0.0
1996-02-21,21.5,21.5,21.375,21.5,33600,0.0
1996-02-22,21.375,21.5,21.25,21.375,20160,0.0
1996-02-23,21.375,21.375,20.5,21.0,15015,0.0
1996-02-26,21.125,21.25,21.0,21.125,5670,0.0
1996-02-27,20.75,20.875,20.625,20.75,8610,0.0
1996-02-28,20.75,20.75,20.625,20.75,6510,0.0
1996-02-29,20.875,20.875,20.75,20.75,3780,0.0
1996-03-01,21.0,21.5,21.0,21.375,21840,0.0
1996-03-04,21.25,21.375,21.125,21.375,6930,0.0
1996-03-05,21.375,21.375,20.75,21.0,7035,0.0
1996-03-06,20.875,20.875,20.625,20.875,8925,0.0
1996-03-07,20.625,20.875,20.625,20.625,110775,0.0
1996-03-08,20.375,20.625,20.25,20.625,4200,0.0
1996-03-11,20.625,20.625,20.375,20.5,2520,0.0
1996-03-12,20.625,20.75,20.25,20.25,10920,0.0
1996-03-13,20.25,20.875,20.25,20.75,9240,0.0
1996-03-14,20.875,21.125,20.875,21.125,8715,0.0
1996-03-15,21.25,21.75,21.25,21.75,4095,0.0
1996-03-18,21.625,21.625,21.375,21.625,4935,0.0
1996-03-19,21.75,21.75,21.625,21.75,4725,0.0
1996-03-20,21.75,21.75,21.625,21.625,2625,0.0
1996-03-21,21.75,21.875,21.625,21.625,15225,0.0
1996-03-22,21.25,21.25,21.0,21.0,11340,0.0
1996-03-25,21.5,21.75,21.0,21.375,35280,0.0
1996-03-26,20.5,20.75,20.375,20.625,39900,0.0
1996-03-27,20.75,20.875,20.75,20.875,8000,0.0
1996-03-28,20.875,21.0,20.875,21.0,36700,0.0
1996-03-29,21.0,21.375,21.0,21.375,13000,0.0
1996-04-01,21.375,21.5,21.25,21.5,4400,0.0
1996-04-02,21.375,21.375,21.125,21.25,38200,0.0
1996-04-03,21.125,21.125,20.625,20.875,12700,0.0
1996-04-04,20.75,20.75,20.5,20.75,15400,0.0
1996-04-08,20.625,20.75,20.625,20.75,3300,0.0
1996-04-09,20.75,20.875,20.75,20.75,6900,0.0
1996-04-10,20.75,21.0,20.75,21.0,34800,0.0
1996-04-11,21.125,21.25,21.125,21.125,4900,0.0
1996-04-12,21.25,21.25,21.125,21.25,26800,0.0
1996-04-15,21.25,21.375,21.25,21.25,4700,0.0
1996-04-16,21.375,21.375,21.25,21.375,2500,0.0
1996-04-17,21.375,21.5,21.375,21.375,4900,0.0
1996-04-18,21.375,21.875,21.375,21.875,11900,0.0
1996-04-19,21.875,22.625,21.875,22.375,30000,0.0
1996-04-22,22.5,22.625,22.5,22.625,94900,0.0
1996-04-23,22.625,22.625,22.5,22.625,16200,0.0
1996-04-24,22.625,23.0,22.625,22.875,18200,0.0
1996-04-25,22.625,22.875,22.625,22.75,5500,0.0
1996-04-26,22.875,23.0,22.875,22.875,76300,0.0
1996-04-29,23.0,23.25,23.0,23.125,7400,0.0
1996-04-30,23.25,23.25,23.125,23.25,22000,0.0
1996-05-01,23.125,23.125,22.875,23.0,7600,0.0
1996-05-02,23.0,23.0,22.875,22.875,200,0.0
1996-05-03,22.75,22.875,22.625,22.75,3300,0.0
1996-05-06,22.75,22.75,22.75,22.75,1800,0.0
1996-05-07,22.5,22.5,22.375,22.375,13300,0.0
1996-05-08,22.375,22.875,22.375,22.875,78800,0.0
1996-05-09,22.75,22.75,22.375,22.75,166900,0.0
1996-05-10,22.75,22.75,22.75,22.75,30200,0.0
1996-05-13,22.5,22.5,22.375,22.375,2200,0.0
1996-05-14,22.5,22.5,22.375,22.375,16100,0.0
1996-05-15,22.875,23.0,22.875,23.0,42500,0.0
1996-05-16,23.0,23.125,22.875,23.125,16000,0.0
1996-05-17,23.0,23.25,23.0,23.125,10800,0.0
1996-05-20,23.25,23.5,23.25,23.5,4900,0.0
1996-05-21,23.375,23.375,23.125,23.125,4900,0.0
1996-05-22,23.25,23.375,23.125,23.25,7900,0.0
1996-05-23,23.0,23.0,22.75,22.875,9800,0.0
1996-05-24,22.75,23.0,22.625,22.75,33700,0.0
1996-05-28,23.0,23.375,23.0,23.125,68400,0.0
1996-05-29,23.5,23.875,23.5,23.75,59400,0.0
1996-05-30,24.0,24.0,23.75,23.75,12400,0.0
1996-05-31,23.625,23.625,23.5,23.625,3300,0.0
1996-06-03,23.625,23.625,23.375,23.625,10200,0.0
1996-06-04,23.625,23.625,23.125,23.25,5400,0.0
1996-06-05,23.25,23.375,23.25,23.25,1800,0.0
1996-06-06,23.25,23.375,23.25,23.25,7600,0.0
1996-06-07,23.0,23.25,23.0,23.25,4200,0.0
1996-06-10,23.125,23.375,23.125,23.25,1100,0.0
1996-06-11,23.375,23.375,23.25,23.25,6400,0.0
1996-06-12,23.375,23.5,23.375,23.5,2700,0.0
1996-06-13,23.375,23.5,23.125,23.5,10200,0.0
1996-06-14,23.625,23.75,23.5,23.625,4800,0.0
1996-06-17,23.5,23.5,23.25,23.375,2500,0.0
1996-06-18,23.375,23.375,23.25,23.375,2000,0.0
1996-06-19,23.25,23.375,23.25,23.375,1400,0.0
1996-06-20,23.25,23.375,23.25,23.25,700,0.0
1996-06-21,23.25,23.375,23.25,23.25,38000,0.0
1996-06-24,23.375,23.5,23.375,23.5,2400,0.0
1996-06-25,23.5,23.75,23.5,23.75,6200,0.0
1996-06-26,23.625,23.625,23.5,23.625,25700,0.0
1996-06-27,23.625,23.625,23.25,23.375,10600,0.0
1996-06-28,23.5,23.5,23.25,23.375,4300,0.0
1996-07-01,23.375,23.375,22.875,23.25,11100,0.0
1996-07-02,23.125,23.125,22.75,22.875,26500,0.0
1996-07-03,22.875,23.125,22.875,23.125,3300,0.0
1996-07-05,22.75,23.0,22.75,23.0,1300,0.0
1996-07-08,23.0,23.0,22.375,22.5,4400,0.0
1996-07-09,22.5,22.5,22.0,22.0,239800,0.0
1996-07-10,21.875,21.875,21.75,21.875,8700,0.0
1996-07-11,21.5,21.5,21.25,21.25,4500,0.0
1996-07-12,21.375,21.5,21.125,21.125,21000,0.0
1996-07-15,21.125,21.25,21.125,21.125,2200,0.0
1996-07-16,21.125,21.25,20.0,20.625,45400,0.0
1996-07-17,20.625,21.25,20.625,21.125,103900,0.0
1996-07-18,21.375,21.875,21.375,21.875,5300,0.0
1996-07-19,21.75,21.75,21.5,21.625,2300,0.0
1996-07-22,21.375,21.375,21.0,21.25,6100,0.0
1996-07-23,21.25,21.625,21.25,21.5,8000,0.0
1996-07-24,21.0,21.0,20.875,21.0,2900,0.0
1996-07-25,21.125,21.375,21.125,21.375,4300,0.0
1996-07-26,21.125,21.625,21.125,21.375,3900,0.0
1996-07-29,21.125,21.125,20.875,21.0,4100,0.0
1996-07-30,21.125,21.125,20.875,21.0,7600,0.0
1996-07-31,20.875,21.25,20.875,21.125,3500,0.0
1996-08-01,21.125,21.625,21.0,21.5,5300,0.0
1996-08-02,21.5,21.75,21.5,21.75,69500,0.0
1996-08-05,21.5,21.625,21.375,21.5,2400,0.0
1996-08-06,21.5,21.5,21.25,21.375,4400,0.0
1996-08-07,21.25,21.375,21.25,21.375,1100,0.0
1996-08-08,21.5,21.5,21.125,21.25,1900,0.0
1996-08-09,21.25,21.25,21.0,21.125,1600,0.0
1996-08-12,21.125,21.25,20.875,21.25,11400,0.0
1996-08-13,21.125,21.25,21.125,21.25,1800,0.0
1996-08-14,21.125,21.125,21.0,21.125,4200,0.0
1996-08-15,21.0,21.25,21.0,21.25,1800,0.0
1996-08-16,21.25,21.25,21.25,21.25,600,0.0
1996-08-19,21.25,21.25,21.0,21.0,9700,0.0
1996-08-20,21.0,21.125,20.75,21.0,9300,0.0
1996-08-21,21.0,21.0,20.75,20.7969,63700,0.0
1996-08-22,20.75,21.25,20.75,21.125,26400,0.0
1996-08-23,21.125,21.375,21.125,21.375,7900,0.0
1996-08-26,20.625,20.75,20.625,20.625,9200,0.0
1996-08-27,20.625,20.625,20.5,20.625,3600,0.0
1996-08-28,20.5,20.875,20.5,20.625,8700,0.0
1996-08-29,20.5,20.625,20.375,20.5,6400,0.0
1996-08-30,20.625,20.625,20.625,20.625,6900,0.0
1996-09-03,20.5,20.5,20.125,20.25,7200,0.0
1996-09-04,20.5,20.5,20.0,20.125,4900,0.0
1996-09-05,20.0,20.375,20.0,20.375,5800,0.0
1996-09-06,20.125,20.375,20.0,20.375,16500,0.0
1996-09-09,20.25,20.25,19.75,20.0,5200,0.0
1996-09-10,20.0,20.0,19.875,20.0,1800,0.0
1996-09-11,19.75,19.75,19.5,19.5,12900,0.0
1996-09-12,19.625,20.25,19.625,20.125,18400,0.0
1996-09-13,20.0,20.0,19.875,20.0,11000,0.0
1996-09-16,19.875,20.0,19.875,20.0,7000,0.0
1996-09-17,20.0,20.5,20.0,20.5,5200,0.0
1996-09-18,20.375,20.5,20.375,20.5,3900,0.0
1996-09-19,20.375,20.875,20.375,20.875,17800,0.0
1996-09-20,20.75,20.875,20.625,20.875,2900,0.0
1996-09-23,20.75,20.75,20.5,20.75,3800,0.0
1996-09-24,20.875,21.125,20.875,21.125,10500,0.0
1996-09-25,20.875,21.125,20.875,21.125,22500,0.0
1996-09-26,21.25,21.375,21.25,21.375,5500,0.0
1996-09-27,21.375,21.625,21.375,21.5,7000,0.0
1996-09-30,21.625,21.625,21.5,21.5,1500,0.0
1996-10-01,21.5,21.625,21.5,21.5,5500,0.0
1996-10-02,21.25,21.5,21.25,21.375,6900,0.0
1996-10-03,21.375,21.375,21.0,21.25,6300,0.0
1996-10-04,21.25,21.375,21.25,21.375,2900,0.0
1996-10-07,21.375,21.5,21.125,21.375,15500,0.0
1996-10-08,21.5,21.5,21.25,21.25,1900,0.0
1996-10-09,21.5,21.5,21.25,21.25,3100,0.0
1996-10-10,21.25,21.25,21.25,21.25,2100,0.0
1996-10-11,21.25,21.375,21.25,21.375,3100,0.0
1996-10-14,21.25,21.5,21.25,21.5,1900,0.0
1996-10-15,21.625,21.75,21.625,21.75,3800,0.0
1996-10-16,21.625,21.625,21.375,21.5,3300,0.0
1996-10-17,21.625,21.75,21.5,21.75,18700,0.0
1996-10-18,21.625,21.625,21.375,21.5,6000,0.0
1996-10-21,21.375,21.375,21.25,21.25,3200,0.0
1996-10-22,21.375,21.5,21.125,21.5,14700,0.0
1996-10-23,21.25,21.375,21.25,21.375,5600,0.0
1996-10-24,21.25,21.375,21.25,21.375,1000,0.0
1996-10-25,21.0,21.0,20.625,20.625,2300,0.0
1996-10-28,20.625,20.625,20.5,20.625,13700,0.0
1996-10-29,20.5,20.5,20.5,20.5,100,0.0
1996-10-30,20.75,20.875,20.625,20.625,3400,0.0
1996-10-31,20.5,20.75,20.375,20.625,10600,0.0
1996-11-01,20.5,20.5,20.25,20.375,6700,0.0
1996-11-04,20.5,20.875,20.5,20.625,7600,0.0
1996-11-05,20.5,20.5,20.25,20.5,7600,0.0
1996-11-06,20.625,20.75,20.5,20.75,6100,0.0
1996-11-07,20.875,20.875,20.75,20.875,4400,0.0
1996-11-08,21.0,21.125,20.875,21.0,34000,0.0
1996-11-11,21.0,21.0,20.875,20.875,4200,0.0
1996-11-12,20.875,21.125,20.875,21.125,2500,0.0
1996-11-13,21.0,21.25,21.0,21.25,18700,0.0
1996-11-14,21.25,21.25,21.0,21.0,3700,0.0
1996-11-15,21.0,21.125,21.0,21.0,2000,0.0
1996-11-18,20.875,20.875,20.625,20.625,4500,0.0
1996-11-19,20.625,20.625,20.5,20.625,27400,0.0
1996-11-20,20.625,20.625,20.5,20.5,11900,0.0
1996-11-21,20.5,20.625,20.5,20.5,5300,0.0
1996-11-22,20.625,20.625,20.5,20.5,5200,0.0
1996-11-25,20.5,20.625,20.5,20.5,2500,0.0
1996-11-26,20.5,20.75,20.5,20.625,11400,0.0
1996-11-27,20.5,20.875,20.5,20.75,7500,0.0
1996-11-29,20.875,20.875,20.75,20.875,700,0.0
1996-12-02,20.75,20.75,20.25,20.375,8100,0.0
1996-12-03,20.25,20.375,20.125,20.125,1200,0.0
1996-12-04,20.25,20.375,20.125,20.25,7200,0.0
1996-12-05,20.125,20.375,20.125,20.25,14700,0.0
1996-12-06,19.875,19.875,19.5,19.625,13500,0.0
1996-12-09,19.625,19.75,19.375,19.625,14800,0.0
1996-12-10,19.5,19.5,19.125,19.25,10100,0.0
1996-12-11,19.0,19.0,18.5,18.5,12900,0.0
1996-12-12,18.75,18.875,18.25,18.375,16200,0.0
1996-12-13,18.25,18.25,17.75,18.0,20000,0.0
1996-12-16,17.875,18.25,17.875,18.25,61200,0.0
1996-12-17,18.25,18.75,18.25,18.625,36600,0.0
1996-12-18,18.5,19.0,18.5,18.75,12800,0.0
1996-12-19,18.75,18.75,18.625,18.75,5400,0.0
1996-12-20,18.75,18.875,18.5,18.875,11900,0.0
1996-12-23,18.875,18.875,18.25,18.25,9100,0.0
1996-12-24,18.25,18.75,18.25,18.625,11700,0.0
1996-12-26,18.5,18.5,18.375,18.375,6600,0.0
1996-12-27,18.375,18.75,18.375,18.75,23300,0.0
1996-12-30,18.75,19.125,18.625,19.0,56000,0.0
1996-12-31,19.125,19.125,18.875,18.875,5900,0.0
1997-01-02,18.75,18.875,18.75,18.75,1200,0.0
1997-01-03,18.875,18.875,18.75,18.75,5700,0.0
1997-01-06,18.625,18.875,18.625,18.75,5100,0.0
1997-01-07,18.5,18.625,18.375,18.625,11500,0.0
1997-01-08,18.375,18.375,18.125,18.25,11700,0.0
1997-01-09,18.125,18.125,17.625,17.875,41800,0.0
1997-01-10,17.375,17.625,17.25,17.375,59800,0.0
1997-01-13,17.25,17.25,17.0,17.0,42000,0.0
1997-01-14,16.75,16.875,16.5,16.75,38700,0.0
1997-01-15,16.75,16.875,16.75,16.875,17700,0.0
1997-01-16,16.875,17.0,16.625,16.875,24100,0.0
1997-01-17,17.0,17.0,16.75,16.75,31900,0.0
1997-01-20,16.25,16.375,16.25,16.25,63200,0.0
1997-01-21,16.0,16.125,16.0,16.125,40900,0.0
1997-01-22,16.25,16.375,16.125,16.375,35300,0.0
1997-01-23,16.125,16.125,15.625,15.875,104300,0.0
1997-01-24,15.625,15.625,15.5,15.625,47600,0.0
1997-01-27,14.625,14.75,14.5,14.5,55100,0.0
1997-01-28,14.5,14.75,14.0,14.625,228300,0.0
1997-01-29,14.625,14.75,14.625,14.75,144900,0.0
1997-01-30,14.375,14.5,14.125,14.25,93700,0.0
1997-01-31,14.625,14.875,14.625,14.875,73800,0.0
1997-02-03,15.0,15.25,15.0,15.25,68700,0.0
1997-02-04,15.375,15.5,15.25,15.375,84500,0.0
1997-02-05,15.0,15.125,14.625,15.0,89800,0.0
1997-02-06,14.875,15.125,14.875,15.125,27800,0.0
1997-02-07,14.625,15.0,14.625,15.0,51200,0.0
1997-02-10,15.125,15.25,15.0,15.25,36000,0.0
1997-02-11,15.25,15.375,15.125,15.375,49000,0.0
1997-02-12,15.5,15.5,15.25,15.375,76700,0.0
1997-02-13,15.5,15.5,15.375,15.5,30900,0.0
1997-02-14,15.5,15.75,15.5,15.75,69000,0.0
1997-02-18,15.5,15.625,15.25,15.5,159100,0.0
1997-02-19,15.25,15.625,15.25,15.625,74400,0.0
1997-02-20,16.125,16.75,16.125,16.5,199900,0.0
1997-02-21,16.75,17.0,16.75,16.75,122400,0.0
1997-02-24,17.0,17.375,17.0,17.25,87100,0.0
1997-02-25,17.125,17.5,17.125,17.5,58700,0.0
1997-02-26,17.25,17.375,16.875,17.0,74800,0.0
1997-02-27,17.125,17.125,16.75,17.0,25500,0.0
1997-02-28,16.5,16.75,16.25,16.625,79900,0.0
1997-03-03,16.625,16.625,16.375,16.375,48300,0.0
1997-03-04,16.5,16.5,16.25,16.5,31600,0.0
1997-03-05,16.25,16.5,16.25,16.5,32600,0.0
1997-03-06,15.75,16.0,15.75,15.875,54700,0.0
1997-03-07,16.125,16.25,16.125,16.125,28600,0.0
1997-03-10,15.875,15.875,15.5,15.75,41000,0.0
1997-03-11,16.0,16.25,16.0,16.25,25300,0.0
1997-03-12,16.125,16.25,15.875,16.125,47200,0.0
1997-03-13,15.625,15.875,15.625,15.75,24700,0.0
1997-03-14,15.75,16.0,15.75,16.0,12700,0.0
1997-03-17,16.25,16.25,16.125,16.25,16800,0.0
1997-03-18,16.75,16.875,16.5,16.875,40100,0.0
1997-03-19,17.0,17.25,16.875,17.25,49500,0.0
1997-03-20,17.125,17.25,17.0,17.125,19100,0.0
1997-03-21,17.375,17.375,17.125,17.25,17500,0.0
1997-03-24,17.25,17.25,17.0,17.0,37700,0.0
1997-03-25,17.0,17.125,16.875,17.125,42600,0.0
1997-03-26,16.875,16.875,16.75,16.875,26300,0.0
1997-03-27,16.5,16.5,16.0,16.0,34900,0.0
1997-03-31,15.75,15.75,15.625,15.625,20000,0.0
1997-04-01,15.5,15.75,15.375,15.75,7400,0.0
1997-04-02,15.625,15.625,15.375,15.625,33600,0.0
1997-04-03,15.75,16.0,15.75,15.875,35200,0.0
1997-04-04,15.625,15.625,15.5,15.5,97500,0.0
1997-04-07,15.25,15.375,15.25,15.375,24000,0.0
1997-04-08,15.125,15.125,15.0,15.125,24800,0.0
1997-04-09,14.75,14.75,14.625,14.75,40800,0.0
1997-04-10,14.375,14.375,14.125,14.25,87100,0.0
1997-04-11,14.25,14.375,14.125,14.375,16700,0.0
1997-04-14,14.0,14.125,13.875,14.125,41600,0.0
1997-04-15,14.375,14.875,14.375,14.875,29200,0.0
1997-04-16,14.875,15.125,14.75,15.0,48000,0.0
1997-04-17,15.125,15.375,15.125,15.375,10100,0.0
1997-04-18,15.625,16.0,15.625,16.0,33000,0.0
1997-04-21,16.125,16.25,16.0,16.25,156900,0.0
1997-04-22,16.0,16.25,16.0,16.25,56400,0.0
1997-04-23,16.125,16.375,16.0,16.125,104000,0.0
1997-04-24,16.125,16.25,16.0,16.125,44100,0.0
1997-04-25,16.0,16.0,15.875,16.0,23500,0.0
1997-04-28,15.75,15.875,15.625,15.75,40900,0.0
1997-04-29,15.75,16.0,15.75,16.0,36400,0.0
1997-04-30,16.0,16.25,16.0,16.25,34600,0.0
1997-05-01,16.25,16.25,15.75,15.875,45900,0.0
1997-05-02,16.375,16.75,16.125,16.625,59800,0.0
1997-05-05,16.75,17.0,16.75,17.0,90100,0.0
1997-05-06,16.75,17.0,16.75,16.875,40500,0.0
1997-05-07,17.0,17.0,16.625,16.75,58700,0.0
1997-05-08,17.0,17.125,16.875,16.875,49800,0.0
1997-05-09,17.0,17.0,16.75,17.0,60900,0.0
1997-05-12,17.5,18.25,17.5,18.25,122800,0.0
1997-05-13,18.0,18.0,17.75,17.875,117800,0.0
1997-05-14,17.75,17.875,17.625,17.875,109600,0.0
1997-05-15,18.0,18.0,17.875,18.0,75500,0.0
1997-05-16,18.125,18.625,18.125,18.25,70100,0.0
1997-05-19,18.5,18.75,18.5,18.5,269500,0.0
1997-05-20,18.75,19.0,18.375,18.875,103300,0.0
1997-05-21,18.5,18.625,18.25,18.5,150300,0.0
1997-05-22,18.25,18.875,18.25,18.5,111500,0.0
1997-05-23,18.5,18.75,18.375,18.75,39500,0.0
1997-05-27,18.25,18.375,18.125,18.375,76500,0.0
1997-05-28,18.25,18.375,18.125,18.125,72100,0.0
1997-05-29,18.125,18.25,18.0,18.125,115100,0.0
1997-05-30,18.125,18.125,17.625,17.875,64000,0.0
1997-06-02,17.875,18.0,17.75,18.0,49100,0.0
1997-06-03,17.875,17.875,17.75,17.875,36400,0.0
1997-06-04,17.625,17.75,17.625,17.75,38700,0.0
1997-06-05,17.75,18.0,17.625,18.0,29200,0.0
1997-06-06,17.875,18.0,17.625,18.0,41900,0.0
1997-06-09,18.0,18.375,18.0,18.375,78500,0.0
1997-06-10,18.375,18.5,18.125,18.5,82500,0.0
1997-06-11,18.375,18.875,18.375,18.75,87000,0.0
1997-06-12,18.875,19.375,18.875,19.375,131000,0.0
1997-06-13,19.125,19.375,19.0,19.375,102700,0.0
1997-06-16,19.25,19.375,19.125,19.375,92500,0.0
1997-06-17,19.125,19.25,18.875,19.25,99700,0.0
1997-06-18,19.125,19.25,19.0,19.125,142400,0.0
1997-06-19,19.0,19.25,18.875,19.25,87200,0.0
1997-06-20,19.25,19.375,19.125,19.375,64800,0.0
1997-06-23,19.125,19.125,19.0,19.0,31200,0.0
1997-06-24,19.25,19.4375,19.25,19.375,44400,0.0
1997-06-25,19.75,20.25,19.75,20.125,221200,0.0
1997-06-26,20.625,20.6875,20.4375,20.625,156500,0.0
1997-06-27,20.25,20.375,20.0,20.25,187900,0.0
1997-06-30,20.3125,20.3125,20.125,20.1875,41200,0.0
1997-07-01,19.625,19.625,19.5,19.5625,97600,0.0
1997-07-02,19.5625,19.6875,19.25,19.6875,61900,0.0
1997-07-03,19.6875,19.9375,19.6875,19.9375,49000,0.0
1997-07-07,19.25,19.375,19.0,19.25,196400,0.0
1997-07-08,19.125,19.125,18.75,18.875,63500,0.0
1997-07-09,18.875,18.875,18.625,18.8125,59100,0.0
1997-07-10,18.875,18.875,18.75,18.875,43200,0.0
1997-07-11,18.625,18.625,18.5,18.625,65900,0.0
1997-07-14,19.0,19.3125,18.875,19.3125,47100,0.0
1997-07-15,19.0,19.0,18.875,18.9375,26200,0.0
1997-07-16,19.4375,19.5625,19.3125,19.5,44600,0.0
1997-07-17,19.625,19.9375,19.5625,19.75,78000,0.0
1997-07-18,19.75,19.75,19.25,19.5625,42100,0.0
1997-07-21,19.625,19.625,19.3125,19.5,30100,0.0
1997-07-22,19.5625,20.0,19.375,19.75,95700,0.0
1997-07-23,19.6875,19.8125,19.625,19.75,32900,0.0
1997-07-24,19.8125,19.8125,19.625,19.75,44700,0.0
1997-07-25,19.8125,19.875,19.625,19.75,30600,0.0
1997-07-28,19.625,20.0,19.5625,19.625,78700,0.0
1997-07-29,19.4375,19.4375,19.0,19.375,89000,0.0
1997-07-30,18.125,18.6875,18.125,18.6875,71200,0.0
1997-07-31,18.6875,19.0,18.6875,18.9375,99000,0.0
1997-08-01,18.3125,18.3125,18.0625,18.125,85300,0.0
1997-08-04,18.25,18.25,18.0625,18.25,39700,0.0
1997-08-05,18.125,18.5,18.125,18.3125,40300,0.0
1997-08-06,18.9375,19.1875,18.6875,19.125,52100,0.0
1997-08-07,19.125,19.4375,19.0625,19.25,60400,0.0
1997-08-08,19.25,19.9375,19.25,19.875,112600,0.0
1997-08-11,19.4375,19.6875,19.1875,19.5625,147400,0.0
1997-08-12,19.625,19.625,19.375,19.5625,76800,0.0
1997-08-13,19.6875,19.6875,19.4375,19.6875,55400,0.0
1997-08-14,19.6875,19.9375,19.625,19.6875,44600,0.0
1997-08-15,19.9375,20.1875,19.852,20.0,185100,0.0
1997-08-18,19.875,19.9375,19.25,19.6875,55700,0.0
1997-08-19,19.625,19.8125,19.5,19.8125,39100,0.0
1997-08-20,19.875,19.9375,19.625,19.875,55400,0.0
1997-08-21,19.9375,19.9375,19.5625,19.875,28800,0.0
1997-08-22,19.375,19.375,19.125,19.3125,39100,0.0
1997-08-25,19.25,19.375,19.125,19.25,25700,0.0
1997-08-26,19.25,19.3125,19.125,19.3125,53500,0.0
1997-08-27,18.625,18.75,18.375,18.5625,74500,0.0
1997-08-28,18.4375,19.0625,18.375,18.8125,48600,0.0
1997-08-29,18.75,18.8125,18.3125,18.5,46900,0.0
1997-09-02,17.8125,18.0,17.6875,17.875,108400,0.0
1997-09-03,18.0625,18.5,18.0625,18.4375,104800,0.0
1997-09-04,18.4375,18.4375,18.125,18.4375,27100,0.0
1997-09-05,18.125,18.1875,17.5625,17.8125,75600,0.0
1997-09-08,17.8125,17.9375,17.6875,17.9375,31500,0.0
1997-09-09,17.9375,18.25,17.9375,18.25,39600,0.0
1997-09-10,18.25,18.25,17.9375,18.25,33200,0.0
1997-09-11,18.0625,18.0625,17.625,17.75,42300,0.0
1997-09-12,17.6875,18.0,17.6875,18.0,30800,0.0
1997-09-15,18.125,18.25,17.9375,18.1875,28500,0.0
1997-09-16,18.25,18.4375,18.0,18.4375,43300,0.0
1997-09-17,18.25,18.4375,18.0625,18.25,115000,0.0
1997-09-18,18.5625,18.8125,18.4375,18.6875,128000,0.0
1997-09-19,18.5,18.6875,18.4375,18.625,47900,0.0
1997-09-22,18.625,18.6875,18.4375,18.625,47300,0.0
1997-09-23,18.625,18.9375,18.5625,18.8125,68900,0.0
1997-09-24,18.875,18.875,18.625,18.75,23000,0.0
1997-09-25,18.875,19.125,18.8125,19.0625,65300,0.0
1997-09-26,18.8125,19.4375,18.8125,19.375,256700,0.0
1997-09-29,19.25,19.375,19.0625,19.375,238500,0.0
1997-09-30,19.125,19.375,19.0,19.125,100700,0.0
1997-10-01,19.25,19.3125,19.1875,19.3125,135300,0.0
1997-10-02,19.25,19.25,19.0,19.1875,240200,0.0
1997-10-03,19.1875,19.1875,18.875,19.0625,41500,0.0
1997-10-06,18.8125,19.1875,18.8125,18.9375,94200,0.0
1997-10-07,18.625,18.6875,18.375,18.4375,48700,0.0
1997-10-08,18.3125,18.375,18.25,18.375,34400,0.0
1997-10-09,17.875,17.875,17.8125,17.8125,94900,0.0
1997-10-10,17.875,17.875,17.6875,17.75,65800,0.0
1997-10-13,17.0,17.0,16.875,17.0,174100,0.0
1997-10-14,15.8125,16.0,15.75,16.0,279400,0.0
1997-10-15,15.625,15.75,15.5625,15.5625,161700,0.0
1997-10-16,16.0,16.125,15.875,15.9375,204000,0.0
1997-10-17,15.625,15.625,15.375,15.5625,109000,0.0
1997-10-20,15.375,15.375,15.1875,15.25,70600,0.0
1997-10-21,15.375,15.5625,15.25,15.5625,172200,0.0
1997-10-22,15.3125,15.375,15.125,15.25,212900,0.0
1997-10-23,14.25,14.375,14.125,14.375,521000,0.0
1997-10-24,14.25,14.3125,13.625,13.875,198900,0.0
1997-10-27,13.5,13.5625,12.75,12.75,286300,0.0
1997-10-28,12.0,14.0,12.0,14.0,376900,0.0
1997-10-29,14.0,14.0,13.4375,13.625,127900,0.0
1997-10-30,12.75,12.875,12.375,12.5,258800,0.0
1997-10-31,13.1875,13.625,13.1875,13.4375,126400,0.0
1997-11-03,13.625,13.75,13.4375,13.75,127900,0.0
1997-11-04,13.6875,13.6875,13.4375,13.4375,110900,0.0
1997-11-05,13.4375,13.4375,13.125,13.3125,58700,0.0
1997-11-06,13.3125,13.375,13.0625,13.125,46300,0.0
1997-11-07,12.3125,12.3125,11.875,12.0,350200,0.0
1997-11-10,12.5,12.5,12.125,12.1875,141400,0.0
1997-11-11,12.6875,13.0,12.6875,13.0,220700,0.0
1997-11-12,12.5,12.5625,12.125,12.125,244900,0.0
1997-11-13,12.625,12.8125,12.25,12.8125,195200,0.0
1997-11-14,12.125,13.0,12.0625,12.9375,475800,0.0
1997-11-17,14.125,14.125,13.75,13.9375,324700,0.0
1997-11-18,13.5625,13.625,13.0625,13.375,166100,0.0
1997-11-19,13.1875,13.1875,12.9375,13.1875,82500,0.0
1997-11-20,13.9375,14.1875,13.75,14.0625,195300,0.0
1997-11-21,14.6875,14.875,13.875,14.0,330200,0.0
1997-11-24,13.875,14.125,13.625,13.8125,233700,0.0
1997-11-25,14.125,14.4375,13.5,13.875,431800,0.0
1997-11-26,13.875,14.3125,13.875,14.25,279200,0.0
1997-11-28,14.1875,14.5625,14.1875,14.5,47500,0.0
1997-12-01,14.625,14.875,14.5,14.5625,567200,0.0
1997-12-02,14.25,14.25,14.0,14.0,206800,0.0
1997-12-03,14.0,14.0,13.625,14.0,121600,0.0
1997-12-04,13.875,14.0625,13.6875,13.75,70900,0.0
1997-12-05,13.875,14.0,13.75,13.75,65000,0.0
1997-12-08,13.875,13.875,13.5625,13.625,118100,0.0
1997-12-09,14.1875,14.5,14.0,14.375,210900,0.0
1997-12-10,14.4375,14.5625,14.375,14.5,108700,0.0
1997-12-11,14.25,14.25,13.875,14.125,160900,0.0
1997-12-12,14.1875,14.3125,14.0625,14.0625,53600,0.0
1997-12-15,14.125,14.375,14.0625,14.375,124000,0.0
1997-12-16,14.1875,14.5,14.1875,14.375,98500,0.0
1997-12-17,14.9375,15.0,14.8125,15.0,165600,0.0
1997-12-18,14.6875,14.75,14.125,14.25,131000,0.0
1997-12-19,14.125,14.125,13.625,13.625,128900,0.0
1997-12-22,13.25,13.4375,13.1875,13.1875,120900,0.0
1997-12-23,13.1875,13.25,13.125,13.125,69300,0.0
1997-12-24,13.375,13.8125,13.375,13.75,48600,0.0
1997-12-26,13.6875,13.6875,13.25,13.375,55100,0.0
1997-12-29,13.5,13.5,13.125,13.1875,85800,0.0
1997-12-30,13.5,14.0,13.5,14.0,107200,0.0
1997-12-31,14.0625,14.1875,13.6875,14.0625,83700,0.0
1998-01-02,14.0,14.125,14.0,14.0,88300,0.0
1998-01-05,14.0625,14.0625,13.4375,13.625,68700,0.0
1998-01-06,13.5,13.5,13.25,13.4375,85300,0.0
1998-01-07,13.5,13.625,13.375,13.625,52900,0.0
1998-01-08,13.5625,13.9375,13.5625,13.8125,76000,0.0
1998-01-09,13.6875,13.6875,13.375,13.5625,114400,0.0
1998-01-12,12.8125,12.875,12.625,12.75,241900,0.0
1998-01-13,12.9375,13.0625,12.875,13.0625,79100,0.0
1998-01-14,13.4375,13.5,13.1875,13.375,107300,0.0
1998-01-15,13.4375,13.6875,13.3125,13.4375,82300,0.0
1998-01-16,14.125,14.5,14.0,14.375,162000,0.0
1998-01-20,14.625,14.75,14.375,14.75,162100,0.0
1998-01-21,14.75,14.75,14.375,14.5,99000,0.0
1998-01-22,14.4375,14.6875,14.375,14.4375,64300,0.0
1998-01-23,14.9375,15.125,14.9375,15.0,138000,0.0
1998-01-26,15.375,15.4375,15.1875,15.3125,82900,0.0
1998-01-27,15.125,15.5,15.0,15.4375,196200,0.0
1998-01-28,15.1875,15.25,15.0,15.1875,173200,0.0
1998-01-29,15.0625,15.3125,15.0625,15.125,84800,0.0
1998-01-30,14.8125,14.8125,14.5625,14.75,86700,0.0
1998-02-02,15.0,15.25,14.875,15.25,409800,0.0
1998-02-03,14.875,15.0,14.8125,15.0,292600,0.0
1998-02-04,14.9375,15.0,14.8125,15.0,123900,0.0
1998-02-05,15.0,15.1875,15.0,15.1875,119800,0.0
1998-02-06,15.25,16.0,15.25,16.0,583700,0.0
1998-02-09,15.875,15.875,15.5,15.8125,399000,0.0
1998-02-10,15.75,15.8125,15.625,15.8125,212800,0.0
1998-02-11,15.75,15.75,15.5,15.625,134700,0.0
1998-02-12,15.625,15.625,15.5,15.625,169300,0.0
1998-02-13,15.25,15.25,15.0625,15.125,195400,0.0
1998-02-17,14.75,14.75,14.4375,14.5,314900,0.0
1998-02-18,14.375,14.4375,14.3125,14.4375,231200,0.0
1998-02-19,14.25,14.25,13.875,14.1875,249400,0.0
1998-02-20,14.125,14.1875,14.125,14.1875,114000,0.0
1998-02-23,13.6875,13.875,13.6875,13.8125,119000,0.0
1998-02-24,13.8125,13.8125,13.4375,13.625,117800,0.0
1998-02-25,13.625,13.9375,13.625,13.875,186400,0.0
1998-02-26,13.75,14.375,13.75,14.3125,262600,0.0
1998-02-27,14.0,14.25,14.0,14.25,140600,0.0
1998-03-02,14.4375,14.5,14.3125,14.4375,130700,0.0
1998-03-03,14.1875,14.3125,14.0625,14.1875,187800,0.0
1998-03-04,14.0625,14.1875,14.0,14.0625,170500,0.0
1998-03-05,13.875,13.9375,13.625,13.875,162800,0.0
1998-03-06,13.9375,14.125,13.9375,14.125,250700,0.0
1998-03-09,13.75,13.9375,13.6875,13.8125,146000,0.0
1998-03-10,13.75,13.75,13.5625,13.6875,183900,0.0
1998-03-11,13.3125,13.5,13.3125,13.5,186100,0.0
1998-03-12,13.3125,13.375,13.25,13.375,179700,0.0
1998-03-13,13.625,13.875,13.5625,13.875,172000,0.0
1998-03-16,13.625,13.625,13.5,13.625,78300,0.0
1998-03-17,13.4375,13.4375,13.125,13.3125,172600,0.0
1998-03-18,12.9375,13.0,12.8125,13.0,226300,0.0
1998-03-19,13.0,13.0,12.875,12.875,185000,0.0
1998-03-20,13.0,13.3125,13.0,13.3125,169000,0.0
1998-03-23,13.125,13.125,12.875,13.0625,115600,0.0
1998-03-24,12.9375,13.0625,12.8125,13.0,197800,0.0
1998-03-25,12.6875,13.0625,12.625,12.9375,350200,0.0
1998-03-26,13.1875,13.375,13.1875,13.25,416700,0.0
1998-03-27,12.9375,13.0625,12.9375,13.0,166900,0.0
1998-03-30,12.5625,12.5625,12.3125,12.4375,318500,0.0
1998-03-31,12.1875,12.25,12.0,12.0625,516900,0.0
1998-04-01,12.0625,12.125,11.9375,12.0,241600,0.0
1998-04-02,11.5625,11.875,11.3125,11.8125,628500,0.0
1998-04-03,11.5625,11.625,11.4375,11.5,341600,0.0
1998-04-06,11.625,12.25,11.625,12.1875,230600,0.0
1998-04-07,12.0,12.25,12.0,12.125,202700,0.0
1998-04-08,12.5,13.0,12.5,12.875,415000,0.0
1998-04-09,12.875,13.25,12.875,13.25,455100,0.0
1998-04-13,13.0,13.0,12.8125,12.875,147100,0.0
1998-04-14,13.0,13.0625,12.9375,13.0,114500,0.0
1998-04-15,13.0,13.0,12.75,12.875,113700,0.0
1998-04-16,12.5625,12.5625,12.375,12.375,267100,0.0
1998-04-17,12.25,12.3125,12.125,12.3125,129500,0.0
1998-04-20,12.125,12.25,12.125,12.25,103800,0.0
1998-04-21,12.4375,12.5625,12.4375,12.5,160400,0.0
1998-04-22,12.5,12.5625,12.375,12.4375,192700,0.0
1998-04-23,12.4375,12.75,12.375,12.6875,151000,0.0
1998-04-24,12.8125,12.9375,12.75,12.875,242300,0.0
1998-04-27,12.0625,12.125,11.8125,12.0625,292200,0.0
1998-04-28,12.0,12.0625,11.875,12.0625,306200,0.0
1998-04-29,12.0,12.0,11.875,12.0,115200,0.0
1998-04-30,12.4375,12.625,12.375,12.5625,127400,0.0
1998-05-01,12.5,12.5625,12.375,12.375,110800,0.0
1998-05-04,12.5,12.5625,12.375,12.5,104100,0.0
1998-05-05,12.5625,12.5625,12.375,12.4375,89300,0.0
1998-05-06,12.1875,12.25,11.9375,12.0625,208300,0.0
1998-05-07,11.9375,12.0,11.875,11.9375,163500,0.0
1998-05-08,11.875,12.0,11.8125,12.0,246000,0.0
1998-05-11,11.75,11.75,11.5,11.625,266600,0.0
1998-05-12,11.5,11.5625,11.3125,11.4375,326100,0.0
1998-05-13,11.3125,11.375,11.25,11.3125,244000,0.0
1998-05-14,11.3125,11.375,11.25,11.375,105500,0.0
1998-05-15,11.375,11.5,11.3125,11.5,166100,0.0
1998-05-18,11.375,11.375,11.0625,11.125,219600,0.0
1998-05-19,11.25,11.5,11.25,11.375,191300,0.0
1998-05-20,11.375,11.4375,11.3125,11.375,188100,0.0
1998-05-21,11.375,11.5,11.25,11.375,208100,0.0
1998-05-22,11.4375,11.4375,11.25,11.4375,176200,0.0
1998-05-26,11.0,11.0625,10.8125,10.9375,298400,0.0
1998-05-27,10.4375,10.5,10.25,10.4375,288000,0.0
1998-05-28,10.25,10.375,10.25,10.375,174500,0.0
1998-05-29,10.4375,10.5,10.3125,10.4375,132700,0.0
1998-06-01,10.0625,10.125,10.0625,10.125,176200,0.0
1998-06-02,10.1875,10.1875,10.0,10.1875,184700,0.0
1998-06-03,10.125,10.1875,10.125,10.1875,101700,0.0
1998-06-04,10.125,10.1875,10.125,10.125,92700,0.0
1998-06-05,10.0,10.0,9.8125,9.875,235600,0.0
1998-06-08,9.75,9.75,9.5625,9.75,243400,0.0
1998-06-09,9.75,9.875,9.75,9.875,208000,0.0
1998-06-10,9.625,9.625,9.4375,9.5,242200,0.0
1998-06-11,9.125,9.125,8.6875,8.8125,395100,0.0
1998-06-12,9.375,9.375,8.875,9.0625,251100,0.0
1998-06-15,8.75,8.75,8.5625,8.625,279600,0.0
1998-06-16,8.625,8.875,8.5625,8.875,299000,0.0
1998-06-17,10.25,10.25,9.4375,9.6875,695600,0.0
1998-06-18,10.375,10.5,10.25,10.375,482900,0.0
1998-06-19,10.625,11.5625,10.5625,11.4375,1217700,0.0
1998-06-22,10.25,10.4375,10.1875,10.4375,640100,0.0
1998-06-23,9.9375,9.9375,9.6875,9.75,379700,0.0
1998-06-24,9.5625,9.6875,9.3125,9.625,1820200,0.0
1998-06-25,9.5625,9.6875,9.4375,9.5,760600,0.0
1998-06-26,9.875,10.1875,9.75,10.1875,573700,0.0
1998-06-29,10.1875,10.1875,10.0625,10.125,334200,0.0
1998-06-30,10.5625,11.125,10.5,11.0,836800,0.0
1998-07-01,11.5,11.75,11.3125,11.6875,1279500,0.0
1998-07-02,11.0,11.0625,10.625,10.875,752700,0.0
1998-07-06,10.6875,10.8125,10.625,10.8125,252600,0.0
1998-07-07,11.0,11.375,10.9375,11.3125,657000,0.0
1998-07-08,11.0625,11.125,10.9375,11.0,472100,0.0
1998-07-09,10.9375,10.9375,10.8125,10.8125,392600,0.0
1998-07-10,10.625,10.6875,10.3125,10.625,643100,0.0
1998-07-13,10.625,10.9375,10.625,10.875,475100,0.0
1998-07-14,11.0,11.3125,10.9375,11.3125,400200,0.0
1998-07-15,11.1875,11.25,11.125,11.1875,288300,0.0
1998-07-16,11.25,11.4375,11.0625,11.4375,1040700,0.0
1998-07-17,11.1875,11.3125,11.125,11.25,1029400,0.0
1998-07-20,11.25,11.4375,11.1875,11.4375,300900,0.0
1998-07-21,11.0625,11.125,10.75,10.75,322100,0.0
1998-07-22,10.625,10.625,10.5,10.625,263300,0.0
1998-07-23,10.25,10.25,10.125,10.1875,353500,0.0
1998-07-24,10.4375,10.5,10.25,10.375,304100,0.0
1998-07-27,10.1875,10.1875,10.0625,10.0625,170200,0.0
1998-07-28,10.125,10.125,9.9375,10.0625,389800,0.0
1998-07-29,10.0,10.0625,9.9375,10.0625,170400,0.0
1998-07-30,10.0,10.125,9.9375,9.9375,309800,0.0
1998-07-31,10.0,10.0625,9.9375,10.0,468500,0.0
1998-08-03,9.6875,9.6875,9.5,9.5,366800,0.0
1998-08-04,9.25,9.25,9.0,9.0,511500,0.0
1998-08-05,9.375,9.4375,9.1875,9.4375,358400,0.0
1998-08-06,9.0,9.0625,8.875,9.0625,561300,0.0
1998-08-07,8.875,8.875,8.625,8.8125,464500,0.0
1998-08-10,8.5,8.5625,8.375,8.5625,532700,0.0
1998-08-11,8.0625,8.0625,7.75,8.0,940100,0.0
1998-08-12,8.125,8.1875,7.9375,8.0,858000,0.0
1998-08-13,8.0625,8.125,8.0,8.125,352600,0.0
1998-08-14,8.0625,8.125,7.9375,8.0625,246900,0.0
1998-08-17,7.75,7.8125,7.6875,7.75,525700,0.0
1998-08-18,7.875,8.1875,7.875,8.1875,557900,0.0
1998-08-19,8.25,8.3125,8.125,8.125,304300,0.0
1998-08-20,8.3125,8.4375,8.25,8.3125,319900,0.0
1998-08-21,8.375,8.375,8.0625,8.375,350400,0.0
1998-08-24,8.375,8.375,8.125,8.1875,128200,0.0
1998-08-25,8.0625,8.0625,7.875,7.875,210500,0.0
1998-08-26,7.625,7.6875,7.5625,7.625,194100,0.0
1998-08-27,7.3125,7.3125,7.0,7.125,567600,0.0
1998-08-28,6.875,7.1875,6.8125,7.0625,638600,0.0
1998-08-31,7.125,7.125,6.6875,6.75,418100,0.0
1998-09-01,7.125,7.6875,7.125,7.5625,456500,0.0
1998-09-02,7.6875,7.9375,7.6875,7.75,301100,0.0
1998-09-03,7.9375,8.0625,7.875,8.0,337000,0.0
1998-09-04,7.875,7.875,7.6875,7.8125,192200,0.0
1998-09-08,8.125,8.3125,8.125,8.3125,186200,0.0
1998-09-09,8.0,8.0,7.75,7.875,219700,0.0
1998-09-10,7.8125,7.875,7.5625,7.625,421600,0.0
1998-09-11,7.6875,7.875,7.6875,7.8125,235700,0.0
1998-09-14,7.9375,8.1875,7.8125,8.0625,425800,0.0
1998-09-15,8.125,8.125,8.0,8.125,162500,0.0
1998-09-16,8.0,8.0,7.75,7.875,201000,0.0
1998-09-17,7.8125,7.875,7.5625,7.8125,412200,0.0
1998-09-18,8.0,8.0625,7.625,7.6875,432100,0.0
1998-09-21,7.5,7.5,7.25,7.5,152700,0.0
1998-09-22,7.4375,7.625,7.3125,7.4375,226300,0.0
1998-09-23,7.375,7.6875,7.3125,7.6875,281800,0.0
1998-09-24,7.625,7.625,7.375,7.375,229800,0.0
1998-09-25,7.1875,7.3125,7.125,7.1875,566900,0.0
1998-09-28,7.125,7.125,7.0,7.0625,385100,0.0
1998-09-29,7.125,7.125,7.0,7.0625,413200,0.0
1998-09-30,6.75,6.75,6.5625,6.5625,413700,0.0
1998-10-01,6.125,6.1875,6.0,6.125,980700,0.0
1998-10-02,6.3125,6.625,6.3125,6.5,629600,0.0
1998-10-05,6.3125,6.375,5.9375,6.0625,1033500,0.0
1998-10-06,6.4375,6.75,6.375,6.75,463300,0.0
1998-10-07,7.8125,8.0,7.5,8.0,949700,0.0
1998-10-08,7.875,7.875,7.3125,7.75,355800,0.0
1998-10-09,8.0625,8.4375,8.0625,8.3125,519800,0.0
1998-10-12,9.0,9.5,9.0,9.3125,1219300,0.0
1998-10-13,8.5,8.875,8.4375,8.6875,842400,0.0
1998-10-14,8.5,8.625,8.4375,8.625,277300,0.0
1998-10-15,8.4375,9.375,8.25,9.375,419800,0.0
1998-10-16,8.75,8.8125,8.375,8.625,427700,0.0
1998-10-19,9.0,9.0625,8.75,9.0625,242800,0.0
1998-10-20,9.125,9.3125,9.0625,9.0625,622200,0.0
1998-10-21,9.625,9.875,9.5,9.875,1168900,0.0
1998-10-22,9.875,10.0,9.5625,9.8125,417300,0.0
1998-10-23,9.5625,9.5625,9.125,9.1875,600900,0.0
1998-10-26,9.1875,9.1875,8.875,9.0,254200,0.0
1998-10-27,9.0,9.0625,8.75,9.0,272500,0.0
1998-10-28,8.875,8.875,8.6875,8.875,142800,0.0
1998-10-29,9.0,9.375,9.0,9.25,196800,0.0
1998-10-30,9.375,9.8125,9.3125,9.75,919400,0.0
1998-11-02,10.375,10.875,10.1875,10.5625,1635600,0.0
1998-11-03,10.625,10.625,10.3125,10.5625,670700,0.0
1998-11-04,10.75,10.875,10.5,10.8125,1581700,0.0
1998-11-05,10.4375,10.5625,10.3125,10.4375,908900,0.0
1998-11-06,10.125,10.375,10.0625,10.375,507300,0.0
1998-11-09,9.875,9.9375,9.375,9.5625,997600,0.0
1998-11-10,9.375,9.5625,9.375,9.5625,570900,0.0
1998-11-11,10.0625,10.0625,9.9375,10.0625,777300,0.0
1998-11-12,9.875,9.9375,9.75,9.875,481200,0.0
1998-11-13,9.9375,10.0,9.8125,9.9375,508200,0.0
1998-11-16,10.125,10.25,10.0625,10.1875,334700,0.0
1998-11-17,10.1875,10.375,10.0,10.1875,370000,0.0
1998-11-18,10.3125,10.3125,10.1875,10.25,217000,0.0
1998-11-19,10.5,10.75,10.5,10.5,598100,0.0
1998-11-20,10.6875,10.75,10.4375,10.6875,581900,0.0
1998-11-23,10.75,10.9375,10.75,10.875,659100,0.0
1998-11-24,11.125,11.125,10.625,10.625,683700,0.0
1998-11-25,10.5625,10.9375,10.5625,10.9375,296300,0.0
1998-11-27,10.9375,11.0,10.75,11.0,190000,0.0
1998-11-30,10.8125,10.875,10.5,10.75,464100,0.0
1998-12-01,10.625,10.8125,10.625,10.75,436200,0.0
1998-12-02,10.9375,11.0,10.875,10.9375,338900,0.0
1998-12-03,11.0,11.1875,10.75,10.75,532700,0.0
1998-12-04,11.0,11.0625,10.8125,10.9375,1173800,0.0
1998-12-07,11.1875,11.1875,11.0,11.0625,274900,0.0
1998-12-08,11.25,11.25,11.0,11.0625,287000,0.0
1998-12-09,11.625,11.875,11.5625,11.875,423700,0.0
1998-12-10,11.875,11.875,11.625,11.6875,303500,0.0
1998-12-11,11.5,11.625,11.25,11.4375,869200,0.0
1998-12-14,11.25,11.25,11.0,11.1875,418500,0.0
1998-12-15,10.9375,10.9375,10.8125,10.9375,867900,0.0
1998-12-16,10.8125,10.8125,10.5,10.5625,568800,0.0
1998-12-17,10.5625,11.125,10.5625,11.0625,571500,0.0
1998-12-18,11.1875,11.1875,11.0,11.0,171800,0.0
1998-12-21,11.125,11.3125,11.125,11.1875,330700,0.0
1998-12-22,10.75,10.75,10.5625,10.625,678500,0.0
1998-12-23,10.5625,10.875,10.5,10.8125,361600,0.0
1998-12-24,10.4375,10.625,10.4375,10.5,118100,0.0
1998-12-28,10.5,10.5,10.0625,10.3125,406200,0.0
1998-12-29,10.25,10.375,10.125,10.375,183900,0.0
1998-12-30,10.3125,10.625,10.3125,10.5625,229000,0.0
1998-12-31,10.5625,10.6875,10.375,10.5,184000,0.0
1999-01-04,10.375,10.375,10.0625,10.1875,246900,0.0
1999-01-05,9.9375,10.0,9.75,9.9375,413800,0.0
1999-01-06,10.0,10.375,9.9375,10.375,609700,0.0
1999-01-07,10.25,10.375,10.125,10.25,175400,0.0
1999-01-08,10.375,10.4375,9.9375,10.1875,351300,0.0
1999-01-11,10.375,10.5625,10.375,10.4375,444700,0.0
1999-01-12,10.5625,10.5625,10.375,10.375,204700,0.0
1999-01-13,10.125,10.375,10.0,10.1875,422800,0.0
1999-01-14,10.875,10.875,10.5,10.6875,284200,0.0
1999-01-15,10.75,10.75,10.625,10.6875,255000,0.0
1999-01-19,10.6875,10.875,10.6875,10.875,192700,0.0
1999-01-20,11.1875,11.375,11.1875,11.375,390100,0.0
1999-01-21,11.9375,11.9375,11.6875,11.75,533400,0.0
1999-01-22,11.875,12.1875,11.8125,12.1875,505200,0.0
1999-01-25,12.0,12.0,11.8125,11.9375,391400,0.0
1999-01-26,12.0,12.0,11.875,12.0,221100,0.0
1999-01-27,11.875,11.9375,11.75,11.8125,318500,0.0
1999-01-28,11.625,11.9375,11.625,11.875,188700,0.0
1999-01-29,11.875,12.125,11.75,12.0625,632300,0.0
1999-02-01,12.0,12.0,11.875,11.9375,456300,0.0
1999-02-02,11.9375,11.9375,11.75,11.8125,469100,0.0
1999-02-03,11.5625,11.875,11.5625,11.8125,335700,0.0
1999-02-04,11.6875,11.75,11.4375,11.5,151100,0.0
1999-02-05,11.5625,11.625,11.375,11.4375,129600,0.0
1999-02-08,11.5625,11.625,11.375,11.5625,215000,0.0
1999-02-09,11.5,11.5,11.25,11.3125,126100,0.0
1999-02-10,11.3125,11.625,11.1875,11.5,119300,0.0
1999-02-11,11.8125,11.8125,11.5,11.75,157500,0.0
1999-02-12,11.875,12.0,11.75,11.875,265600,0.0
1999-02-16,11.9375,11.9375,11.6875,11.8125,286400,0.0
1999-02-17,11.75,11.75,11.375,11.5625,163800,0.0
1999-02-18,11.5,11.625,11.4375,11.625,238800,0.0
1999-02-19,11.5625,11.6875,11.5625,11.6875,232000,0.0
1999-02-22,11.625,11.875,11.5625,11.75,213500,0.0
1999-02-23,11.6875,11.75,11.5625,11.75,191200,0.0
1999-02-24,11.625,11.75,11.5625,11.5625,183100,0.0
1999-02-25,11.625,11.875,11.625,11.875,167000,0.0
1999-02-26,11.875,12.0,11.875,11.875,399700,0.0
1999-03-01,11.875,11.875,11.5625,11.625,124200,0.0
1999-03-02,11.5625,11.5625,11.5,11.5625,94200,0.0
1999-03-03,11.375,11.375,11.0625,11.25,165500,0.0
1999-03-04,11.25,11.25,11.0,11.125,137900,0.0
1999-03-05,11.375,11.625,11.375,11.5,288700,0.0
1999-03-08,11.4375,11.625,11.375,11.625,180600,0.0
1999-03-09,11.6875,11.75,11.5625,11.75,361100,0.0
1999-03-10,12.0,12.875,12.0,12.5,2944100,0.0
1999-03-11,12.4375,12.8125,12.375,12.75,1977100,0.0
1999-03-12,12.75,13.25,12.75,13.25,1655100,0.0
1999-03-15,13.4375,13.5625,13.1875,13.5,2081100,0.0
1999-03-16,14.0,14.0625,13.8125,14.0,1196400,0.0
1999-03-17,14.1875,14.3125,13.9375,14.25,1016400,0.0
1999-03-18,14.0,14.0,13.75,14.0,767900,0.0
1999-03-19,14.5,14.6875,14.3125,14.6875,1033300,0.0
1999-03-22,14.5625,14.625,14.375,14.5625,597800,0.0
1999-03-23,14.5625,14.5625,14.0,14.0,812900,0.0
1999-03-24,14.0625,14.375,14.0625,14.375,328600,0.0
1999-03-25,14.5625,14.5625,14.375,14.4375,434100,0.0
1999-03-26,14.25,14.25,13.875,14.0,534000,0.0
1999-03-29,13.875,14.4375,13.875,14.3125,401600,0.0
1999-03-30,13.9375,14.0,13.875,13.9375,313600,0.0
1999-03-31,14.125,14.1875,14.0,14.0,319400,0.0
1999-04-01,14.375,14.5,14.3125,14.4375,405900,0.0
1999-04-05,14.5625,14.6875,14.1875,14.4375,216000,0.0
1999-04-06,14.4375,14.75,14.4375,14.625,346800,0.0
1999-04-07,14.5,14.5625,14.375,14.5,332400,0.0
1999-04-08,14.6875,15.0625,14.6875,15.0,777500,0.0
1999-04-09,15.0,15.0,14.75,14.9375,536900,0.0
1999-04-12,14.5625,14.8125,14.5625,14.8125,439600,0.0
1999-04-13,14.9375,15.0,14.75,14.9375,407200,0.0
1999-04-14,15.125,15.8125,15.0625,15.625,1456900,0.0
1999-04-15,15.625,15.6875,15.375,15.5625,591800,0.0
1999-04-16,15.5625,15.75,15.5625,15.6875,362300,0.0
1999-04-19,15.4375,15.6875,14.875,15.0,540400,0.0
1999-04-20,15.0625,15.1875,15.0,15.125,333600,0.0
1999-04-21,14.9375,14.9375,14.6875,14.8125,191000,0.0
1999-04-22,15.0,15.0,14.6875,14.9375,261000,0.0
1999-04-23,14.8125,14.8125,14.5,14.5,320100,0.0
1999-04-26,14.75,14.9375,14.75,14.8125,175900,0.0
1999-04-27,15.0,15.5,15.0,15.4375,524900,0.0
1999-04-28,15.3125,15.3125,15.0625,15.1875,165500,0.0
1999-04-29,15.3125,15.3125,15.1875,15.3125,113700,0.0
1999-04-30,15.1875,15.1875,14.5625,14.625,316500,0.0
1999-05-03,14.625,14.8125,14.5,14.75,194400,0.0
1999-05-04,14.625,14.9375,14.625,14.6875,1129800,0.0
1999-05-05,14.75,14.75,14.4375,14.75,554200,0.0
1999-05-06,15.0625,15.375,15.0,15.375,687300,0.0
1999-05-07,15.375,15.375,15.25,15.375,311500,0.0
1999-05-10,15.25,15.3125,15.0625,15.25,262200,0.0
1999-05-11,14.9375,14.9375,14.75,14.8125,349400,0.0
1999-05-12,14.8125,14.875,14.6875,14.875,311300,0.0
1999-05-13,14.5625,14.6875,14.5,14.5625,651100,0.0
1999-05-14,14.25,14.375,14.0,14.0,637000,0.0
1999-05-17,13.6875,13.75,13.5,13.6875,324200,0.0
1999-05-18,13.75,13.875,13.5625,13.6875,501100,0.0
1999-05-19,13.1875,13.3125,13.0625,13.1875,567200,0.0
1999-05-20,12.875,12.875,12.75,12.875,455300,0.0
1999-05-21,12.8125,12.9375,12.6875,12.875,334700,0.0
1999-05-24,12.9375,12.9375,12.625,12.75,223200,0.0
1999-05-25,12.4375,12.8125,12.4375,12.4375,575700,0.0
1999-05-26,12.75,13.375,12.75,13.375,877300,0.0
1999-05-27,13.125,13.1875,12.9375,13.0,231800,0.0
1999-05-28,13.25,13.625,13.25,13.5,177000,0.0
1999-06-01,13.5,13.5625,13.25,13.4375,243300,0.0
1999-06-02,13.625,13.6875,13.4375,13.5625,245800,0.0
1999-06-03,13.5625,13.5625,13.3125,13.5,125400,0.0
1999-06-04,13.5,13.5,13.125,13.4375,127900,0.0
1999-06-07,13.3125,13.375,13.25,13.375,135300,0.0
1999-06-08,13.5,13.75,13.5,13.5625,422800,0.0
1999-06-09,13.625,13.8125,13.625,13.75,106800,0.0
1999-06-10,14.0,14.375,14.0,14.125,750400,0.0
1999-06-11,14.375,14.6875,14.375,14.625,527300,0.0
1999-06-14,14.6875,14.6875,14.375,14.4375,386200,0.0
1999-06-15,14.5625,14.5625,14.3125,14.5,344300,0.0
1999-06-16,14.5,14.6875,14.375,14.6875,660800,0.0
1999-06-17,14.5625,14.75,14.3125,14.75,713300,0.0
1999-06-18,14.4375,14.4375,14.125,14.1875,270800,0.0
1999-06-21,14.3125,14.375,14.1875,14.375,443300,0.0
1999-06-22,14.4375,14.5,14.3125,14.375,166900,0.0
1999-06-23,14.25,14.3125,14.1875,14.25,73700,0.0
1999-06-24,14.3125,14.3125,14.125,14.25,100900,0.0
1999-06-25,14.1875,14.1875,13.9375,14.0,122700,0.0
1999-06-28,14.25,14.4375,14.25,14.4375,163600,0.0
1999-06-29,14.5625,14.625,14.375,14.625,431100,0.0
1999-06-30,14.4375,14.625,14.3125,14.5625,401300,0.0
1999-07-01,14.25,14.25,14.0625,14.1875,489400,0.0
1999-07-02,14.0,14.125,13.8125,14.0,570500,0.0
1999-07-06,14.625,14.875,14.5625,14.8125,480500,0.0
1999-07-07,14.8125,14.8125,14.5625,14.625,179700,0.0
1999-07-08,14.6875,14.75,14.625,14.75,246500,0.0
1999-07-09,14.75,14.8125,14.5,14.625,264400,0.0
1999-07-12,14.6875,14.8125,14.625,14.8125,324000,0.0
1999-07-13,14.625,14.6875,14.5,14.5625,153800,0.0
1999-07-14,14.5625,14.75,14.5,14.75,262700,0.0
1999-07-15,14.8125,14.8125,14.625,14.6875,452500,0.0
1999-07-16,15.0625,15.1875,15.0,15.0,663100,0.0
1999-07-19,15.25,15.375,15.1875,15.3125,298400,0.0
1999-07-20,15.3125,15.375,14.9375,15.0,462000,0.0
1999-07-21,15.0,15.1875,14.9375,15.0625,236200,0.0
1999-07-22,14.9375,14.9375,14.625,14.875,308200,0.0
1999-07-23,14.75,14.8125,14.6875,14.75,147600,0.0
1999-07-26,14.625,14.6875,14.4375,14.5,173700,0.0
1999-07-27,14.625,14.75,14.5,14.75,216300,0.0
1999-07-28,14.75,14.75,14.4375,14.5625,213800,0.0
1999-07-29,14.5625,14.5625,14.25,14.4375,284500,0.0
1999-07-30,14.8125,15.0625,14.8125,15.0,585700,0.0
1999-08-02,15.0625,15.0625,14.875,14.875,214400,0.0
1999-08-03,14.9375,14.9375,14.625,14.625,127800,0.0
1999-08-04,14.625,14.625,14.4375,14.5625,195100,0.0
1999-08-05,14.5625,14.5625,14.125,14.3125,272800,0.0
1999-08-06,14.1875,14.4375,14.125,14.125,174800,0.0
1999-08-09,14.25,14.3125,14.1875,14.25,127300,0.0
1999-08-10,14.125,14.1875,13.875,14.125,239300,0.0
1999-08-11,14.0625,14.25,13.9375,14.0625,126600,0.0
1999-08-12,14.0625,14.25,14.0,14.125,90500,0.0
1999-08-13,14.1875,14.1875,14.0,14.0625,184900,0.0
1999-08-16,14.0,14.0625,13.9375,14.0,121500,0.0
1999-08-17,13.9375,14.0,13.8125,13.9375,589700,0.0
1999-08-18,14.0,14.1875,13.9375,14.125,355500,0.0
1999-08-19,15.0625,15.9375,15.0,15.8125,3394700,0.0
1999-08-20,16.375,17.0625,16.375,16.8125,3257400,0.0
1999-08-23,16.9375,17.0,16.75,16.9375,1049900,0.0
1999-08-24,16.1875,16.375,16.0,16.1875,861500,0.0
1999-08-25,15.875,16.2617,15.75,16.2617,792500,0.0
1999-08-26,15.75,15.75,15.5625,15.625,545300,0.0
1999-08-27,15.5625,15.5625,15.375,15.5,145400,0.0
1999-08-30,15.5,15.875,15.5,15.5,243200,0.0
1999-08-31,15.25,15.625,15.25,15.625,243800,0.0
1999-09-01,16.0,16.0625,15.9375,16.0625,302500,0.0
1999-09-02,16.0625,16.0625,15.6875,15.8125,165900,0.0
1999-09-03,15.9375,16.375,15.875,16.375,392600,0.0
1999-09-07,15.5,15.75,15.4375,15.6875,999900,0.0
1999-09-08,15.5625,15.75,15.5,15.6875,444600,0.0
1999-09-09,15.75,16.0,15.75,16.0,397200,0.0
1999-09-10,15.8125,15.875,15.75,15.8125,241800,0.0
1999-09-13,16.0,16.0625,15.9375,16.0625,268600,0.0
1999-09-14,15.9375,16.125,15.8125,15.875,278800,0.0
1999-09-15,15.8125,16.0625,15.8125,15.875,233600,0.0
1999-09-16,15.9375,15.9375,15.625,15.75,184400,0.0
1999-09-17,15.5625,15.75,15.5625,15.625,297400,0.0
1999-09-20,15.6875,15.9375,15.625,15.875,270400,0.0
1999-09-21,15.875,15.875,15.5,15.5,553700,0.0
1999-09-22,15.375,15.375,15.0625,15.1875,615200,0.0
1999-09-23,15.375,15.375,15.0,15.0,278000,0.0
1999-09-24,14.9375,15.0,14.625,14.75,1151200,0.0
1999-09-27,15.125,15.3125,15.0625,15.1875,995000,0.0
1999-09-28,15.1875,15.375,15.1875,15.3125,562200,0.0
1999-09-29,15.125,15.25,15.0625,15.1875,416400,0.0
1999-09-30,15.375,15.4375,15.0,15.3125,423100,0.0
1999-10-01,15.125,15.1875,14.9375,15.0,210500,0.0
1999-10-04,15.0,15.0,14.8125,15.0,134700,0.0
1999-10-05,14.625,14.625,14.4375,14.5,328700,0.0
1999-10-06,14.25,14.3125,14.1875,14.25,789400,0.0
1999-10-07,14.375,14.5625,14.375,14.4375,230400,0.0
1999-10-08,14.5,14.625,14.3125,14.5,134200,0.0
1999-10-11,14.5,14.5,14.375,14.4375,80700,0.0
1999-10-12,14.875,14.875,14.75,14.875,417700,0.0
1999-10-13,14.875,15.1875,14.75,15.0625,641300,0.0
1999-10-14,16.0,16.0,15.5625,15.875,952900,0.0
1999-10-15,15.625,15.875,15.5,15.625,615200,0.0
1999-10-18,15.5625,15.625,15.375,15.5625,466900,0.0
1999-10-19,15.5625,15.6875,15.5,15.5,274000,0.0
1999-10-20,15.875,15.9375,15.75,15.875,269900,0.0
1999-10-21,15.6875,15.8125,15.5,15.8125,241400,0.0
1999-10-22,15.875,16.1875,15.875,16.1875,354800,0.0
1999-10-25,16.3125,16.3125,16.1875,16.3125,273200,0.0
1999-10-26,16.4375,16.75,16.375,16.5,353000,0.0
1999-10-27,16.25,16.25,16.0,16.1875,361600,0.0
1999-10-28,16.25,16.375,16.125,16.375,258500,0.0
1999-10-29,16.375,16.5625,16.3125,16.5625,214700,0.0
1999-11-01,16.375,16.375,16.125,16.1875,273900,0.0
1999-11-02,16.5,16.75,16.5,16.6875,203100,0.0
1999-11-03,16.75,16.8125,16.625,16.75,192300,0.0
1999-11-04,16.75,16.8125,16.4375,16.5,128100,0.0
1999-11-05,16.375,16.5625,16.375,16.375,208300,0.0
1999-11-08,16.125,16.125,16.0,16.0,303700,0.0
1999-11-09,16.125,16.3125,16.0625,16.1875,155900,0.0
1999-11-10,16.3125,16.625,16.3125,16.5625,287400,0.0
1999-11-11,16.5,16.625,16.3125,16.375,137300,0.0
1999-11-12,16.375,16.5,16.125,16.5,296700,0.0
1999-11-15,16.0,16.1875,15.8125,16.125,286800,0.0
1999-11-16,15.75,15.875,15.6875,15.875,266200,0.0
1999-11-17,15.875,15.875,15.5625,15.625,315000,0.0
1999-11-18,15.5625,15.8125,15.5625,15.8125,233900,0.0
1999-11-19,15.875,15.9375,15.75,15.9375,156200,0.0
1999-11-22,15.875,15.875,15.6875,15.8125,181900,0.0
1999-11-23,15.75,15.875,15.75,15.8125,435300,0.0
1999-11-24,15.75,15.75,15.375,15.375,269700,0.0
1999-11-26,15.125,15.625,15.0,15.5625,389200,0.0
1999-11-29,15.375,15.375,15.125,15.25,424700,0.0
1999-11-30,14.75,14.875,14.625,14.75,426700,0.0
1999-12-01,15.0,15.125,14.875,14.9375,472100,0.0
1999-12-02,15.0625,15.25,15.0,15.125,320500,0.0
1999-12-03,14.875,15.375,14.75,15.3125,366100,0.0
1999-12-06,14.625,14.75,14.5,14.625,399500,0.0
1999-12-07,14.5625,14.75,14.5,14.625,137100,0.0
1999-12-08,14.5,14.6875,14.0625,14.375,561200,0.0
1999-12-09,14.4375,14.5625,14.375,14.5,278000,0.0
1999-12-10,14.4375,14.5,14.25,14.3125,213600,0.0
1999-12-13,14.25,14.3125,14.0,14.0,602700,0.0
1999-12-14,14.0,14.1875,14.0,14.0,320800,0.0
1999-12-15,14.0,14.25,14.0,14.125,303900,0.0
1999-12-16,14.25,14.3125,13.9375,14.0625,356800,0.0
1999-12-17,14.0,14.25,14.0,14.125,202200,0.0
1999-12-20,14.0625,14.1875,14.0,14.1875,158600,0.0
1999-12-21,14.0625,14.3125,14.0625,14.1875,164900,0.0
1999-12-22,14.25,14.5625,14.25,14.5,322100,0.0
1999-12-23,14.0,14.5625,14.0,14.5625,210300,0.0
1999-12-27,14.5625,14.5625,14.125,14.25,161600,0.0
1999-12-28,14.375,14.5,14.125,14.5,360500,0.0
1999-12-29,14.0625,14.125,13.875,14.0,276900,0.0
1999-12-30,14.0,14.0625,13.5,13.6875,377300,0.0
1999-12-31,13.8125,14.0,13.75,13.9375,178000,0.0
2000-01-03,13.9375,14.25,13.75,13.8125,192800,0.0
2000-01-04,13.625,13.625,12.9375,12.9375,776000,0.0
2000-01-05,13.0,13.25,13.0,13.0625,301200,0.0
2000-01-06,13.5,13.5,13.25,13.375,298900,0.0
2000-01-07,13.375,13.6875,13.3125,13.5,370200,0.0
2000-01-10,13.4375,13.8125,13.1875,13.8125,299200,0.0
2000-01-11,13.5,13.5625,13.25,13.25,281800,0.0
2000-01-12,13.0625,13.3125,13.0625,13.25,214800,0.0
2000-01-13,13.1875,13.375,13.1875,13.3125,182200,0.0
2000-01-14,13.375,13.5,13.125,13.4375,282500,0.0
2000-01-18,13.4375,13.5625,13.375,13.375,245800,0.0
2000-01-19,13.375,13.5,13.25,13.5,190300,0.0
2000-01-20,13.375,13.5625,13.3125,13.3125,498900,0.0
2000-01-21,13.3125,13.4375,13.25,13.4375,1822800,0.0
2000-01-24,13.125,13.25,12.8125,12.875,680400,0.0
2000-01-25,12.8125,12.875,12.5,12.75,223600,0.0
2000-01-26,13.0,13.1875,12.9375,12.9375,293000,0.0
2000-01-27,13.3125,13.5,13.3125,13.375,189600,0.0
2000-01-28,13.375,13.375,12.5625,12.6875,290400,0.0
2000-01-31,12.6875,13.0625,12.6875,13.0,461600,0.0
2000-02-01,12.9375,12.9375,12.625,12.75,239000,0.0
2000-02-02,13.0,13.25,13.0,13.125,645600,0.0
2000-02-03,13.1875,13.4375,13.125,13.3125,609700,0.0
2000-02-04,13.3125,13.5,13.25,13.4375,363200,0.0
2000-02-07,13.125,13.1875,12.9375,13.0625,226300,0.0
2000-02-08,12.6875,12.875,12.6875,12.6875,368300,0.0
2000-02-09,12.6875,12.75,12.4375,12.5,239400,0.0
2000-02-10,12.4375,12.5,12.3125,12.4375,283600,0.0
2000-02-11,12.3125,12.4375,12.1875,12.1875,195600,0.0
2000-02-14,12.125,12.25,11.9375,12.0625,533000,0.0
2000-02-15,11.6875,11.875,11.4375,11.75,825600,0.0
2000-02-16,12.0,12.0,11.75,11.875,1680100,0.0
2000-02-17,11.75,11.8125,11.5625,11.75,408100,0.0
2000-02-18,11.6875,11.9375,11.6875,11.6875,449100,0.0
2000-02-22,11.6875,11.9375,11.5625,11.875,311800,0.0
2000-02-23,11.8125,12.0625,11.8125,12.0,202200,0.0
2000-02-24,12.0,12.0,11.625,11.6875,541500,0.0
2000-02-25,12.3125,12.625,12.3125,12.5,467300,0.0
2000-02-28,12.1875,12.5,12.1875,12.375,254100,0.0
2000-02-29,12.3125,12.4375,12.25,12.375,303700,0.0
2000-03-01,12.375,12.75,12.375,12.625,335800,0.0
2000-03-02,12.75,12.75,12.5,12.6875,181800,0.0
2000-03-03,12.5625,12.5625,12.25,12.3125,211300,0.0
2000-03-06,12.3125,12.4375,12.25,12.25,348100,0.0
2000-03-07,12.375,12.5,12.25,12.3125,434400,0.0
2000-03-08,12.5625,12.75,12.5,12.625,627900,0.0
2000-03-09,13.4375,13.4375,13.3125,13.375,556200,0.0
2000-03-10,13.5,13.625,13.375,13.5625,320800,0.0
2000-03-13,13.625,13.9375,13.625,13.875,484300,0.0
2000-03-14,13.6875,13.6875,13.375,13.5,220300,0.0
2000-03-15,13.1875,13.25,13.0625,13.1875,394800,0.0
2000-03-16,13.25,13.5625,13.25,13.5,452400,0.0
2000-03-17,13.3125,13.5,13.3125,13.4375,195800,0.0
2000-03-20,13.4375,13.4375,13.1875,13.3125,199100,0.0
2000-03-21,13.3125,13.5625,13.25,13.5625,610700,0.0
2000-03-22,13.4375,13.5625,13.375,13.4375,164200,0.0
2000-03-23,13.1875,13.25,13.0,13.1875,178400,0.0
2000-03-24,13.25,13.5,13.25,13.4375,177800,0.0
2000-03-27,13.5625,13.5625,13.3125,13.5,254500,0.0
2000-03-28,13.75,14.0,13.75,14.0,254000,0.0
2000-03-29,14.1875,14.3125,14.125,14.1875,308700,0.0
2000-03-30,13.875,13.9375,13.375,13.5,228000,0.0
2000-03-31,14.0,14.25,13.9375,14.1875,371800,0.0
2000-04-03,14.5625,14.6875,14.5,14.6875,394300,0.0
2000-04-04,14.6875,14.6875,14.3125,14.4375,513600,0.0
2000-04-05,14.5625,14.875,14.5625,14.875,256500,0.0
2000-04-06,14.6875,14.75,14.5,14.6875,217400,0.0
2000-04-07,14.625,14.625,14.375,14.375,135800,0.0
2000-04-10,14.4375,14.5,14.25,14.375,172500,0.0
2000-04-11,14.25,14.25,14.0625,14.1875,138600,0.0
2000-04-12,14.3125,14.4375,14.25,14.25,188500,0.0
2000-04-13,14.3125,14.4375,14.25,14.375,253300,0.0
2000-04-14,14.25,14.5,13.875,14.0,1174900,0.0
2000-04-17,13.375,14.4375,13.375,14.4375,682000,0.0
2000-04-18,14.125,14.8125,14.125,14.8125,382400,0.0
2000-04-19,14.375,14.375,14.0,14.0625,242200,0.0
2000-04-20,14.1875,14.25,13.8125,14.0625,346300,0.0
2000-04-24,13.75,13.75,13.625,13.75,122400,0.0
2000-04-25,13.6875,14.125,13.6875,14.0625,157100,0.0
2000-04-26,13.9375,13.9375,13.5,13.75,229000,0.0
2000-04-27,13.3125,13.3125,13.0625,13.3125,471300,0.0
2000-04-28,13.125,13.125,12.875,12.9375,175200,0.0
2000-05-01,13.0,13.125,13.0,13.0625,270600,0.0
2000-05-02,13.0625,13.125,13.0,13.0,114400,0.0
2000-05-03,13.1875,13.3125,12.8125,13.0625,220500,0.0
2000-05-04,13.1875,13.1875,12.9375,13.0,151400,0.0
2000-05-05,13.0,13.0,12.8125,13.0,118700,0.0
2000-05-08,13.0625,13.25,13.0625,13.25,131600,0.0
2000-05-09,13.0625,13.0625,12.8125,13.0,156400,0.0
2000-05-10,13.0625,13.1875,12.9375,13.125,245600,0.0
2000-05-11,13.125,13.375,13.125,13.3125,158000,0.0
2000-05-12,13.1875,13.3125,13.0625,13.3125,248600,0.0
2000-05-15,13.3125,13.3125,13.0625,13.125,113500,0.0
2000-05-16,13.125,13.25,13.0,13.125,84200,0.0
2000-05-17,12.9375,13.0,12.75,12.875,372600,0.0
2000-05-18,12.75,12.8125,12.625,12.8125,121300,0.0
2000-05-19,12.6875,12.75,12.5,12.6875,219400,0.0
2000-05-22,12.5625,12.625,12.3125,12.5625,121600,0.0
2000-05-23,12.75,13.0,12.75,12.8125,339000,0.0
2000-05-24,12.875,12.9375,12.6875,12.8125,402100,0.0
2000-05-25,12.8125,13.125,12.75,12.75,277300,0.0
2000-05-26,12.75,13.0,12.75,13.0,74900,0.0
2000-05-30,12.9375,13.1875,12.9375,13.1875,214800,0.0
2000-05-31,12.75,12.75,12.5625,12.625,153900,0.0
2000-06-01,12.625,12.75,12.5625,12.6875,165400,0.0
2000-06-02,12.75,13.0,12.6875,12.75,281400,0.0
2000-06-05,12.5,12.5625,12.375,12.5,251700,0.0
2000-06-06,12.5,12.5625,12.3125,12.375,182600,0.0
2000-06-07,12.375,12.5625,12.375,12.5,101900,0.0
2000-06-08,12.5,12.5625,12.3125,12.375,113100,0.0
2000-06-09,12.4375,12.625,12.375,12.5,249600,0.0
2000-06-12,12.375,12.4375,12.1875,12.1875,236100,0.0
2000-06-13,12.25,12.25,12.0625,12.1875,117200,0.0
2000-06-14,12.1875,12.1875,11.9375,12.0625,239800,0.0
2000-06-15,11.75,11.875,11.5625,11.625,483500,0.0
2000-06-16,11.75,11.75,11.625,11.6875,451500,0.0
2000-06-19,12.25,12.5,12.1875,12.5,342000,0.0
2000-06-20,12.4375,12.5,12.1875,12.25,307000,0.0
2000-06-21,12.1875,12.25,12.125,12.1875,219000,0.0
2000-06-22,12.25,12.375,12.125,12.1875,307800,0.0
2000-06-23,12.1875,12.25,11.9375,11.9375,371500,0.0
2000-06-26,11.5625,11.6875,11.4375,11.625,250200,0.0
2000-06-27,11.625,11.8125,11.625,11.75,299000,0.0
2000-06-28,11.75,12.0,11.75,11.875,175400,0.0
2000-06-29,12.1875,12.25,12.125,12.125,416100,0.0
2000-06-30,12.1875,12.25,12.0625,12.125,111900,0.0
2000-07-03,11.8125,11.9375,11.75,11.875,239700,0.0
2000-07-05,11.875,11.875,11.5,11.5625,177800,0.0
2000-07-06,11.6875,11.6875,11.5,11.5,107700,0.0
2000-07-07,11.4375,11.5625,11.375,11.5,239400,0.0
2000-07-10,11.375,11.5,11.25,11.4375,603100,0.0
2000-07-11,11.375,11.4375,11.125,11.125,572400,0.0
2000-07-12,10.9375,11.0,10.8125,11.0,346600,0.0
2000-07-13,10.9375,11.0,10.75,10.75,539000,0.0
2000-07-14,10.8125,11.0625,10.8125,10.875,276000,0.0
2000-07-17,10.875,11.0625,10.8125,11.0,571800,0.0
2000-07-18,10.8125,10.8125,10.625,10.6875,303400,0.0
2000-07-19,10.75,10.8125,10.625,10.6875,268300,0.0
2000-07-20,10.6875,10.875,10.6875,10.75,193500,0.0
2000-07-21,10.8125,10.9375,10.625,10.6875,198700,0.0
2000-07-24,10.6875,10.75,10.625,10.625,315400,0.0
2000-07-25,10.5,10.5625,10.4375,10.5,153500,0.0
2000-07-26,10.5,10.625,10.3125,10.4375,932300,0.0
2000-07-27,10.375,10.4375,10.25,10.4375,274800,0.0
2000-07-28,10.1875,10.25,9.875,10.0625,368600,0.0
2000-07-31,10.0625,10.1875,10.0,10.125,276200,0.0
2000-08-01,10.4375,10.625,10.4375,10.5,225500,0.0
2000-08-02,10.875,11.0625,10.875,10.875,822100,0.0
2000-08-03,11.0,11.125,10.9375,11.125,476700,0.0
2000-08-04,11.1875,11.3125,11.125,11.1875,172400,0.0
2000-08-07,11.25,11.4375,11.25,11.375,329000,0.0
2000-08-08,11.25,11.25,11.0,11.125,131700,0.0
2000-08-09,11.4375,11.4375,11.1875,11.3125,620200,0.0
2000-08-10,11.4375,11.5,11.375,11.4375,181300,0.0
2000-08-11,11.3125,11.3125,11.125,11.25,200400,0.0
2000-08-14,11.1875,11.375,11.1875,11.375,99100,0.0
2000-08-15,11.375,11.5,11.375,11.4375,194000,0.0
2000-08-16,11.4375,11.4375,11.3125,11.375,252800,0.0
2000-08-17,11.125,11.1875,11.0625,11.125,254800,0.0
2000-08-18,11.375,11.5,11.375,11.375,290600,0.0
2000-08-21,11.6875,11.6875,11.5,11.6875,612200,0.0
2000-08-22,12.125,12.1875,12.0625,12.125,498700,0.0
2000-08-23,12.5625,12.8125,12.5625,12.75,615800,0.0
2000-08-24,12.75,12.9375,12.75,12.9375,321700,0.0
2000-08-25,12.9375,12.9375,12.75,12.8125,225700,0.0
2000-08-28,12.875,13.0625,12.875,13.0625,185800,0.0
2000-08-29,12.875,12.875,12.75,12.75,77400,0.0
2000-08-30,12.5625,12.5625,12.4375,12.5,104400,0.0
2000-08-31,12.4375,12.4375,12.1875,12.25,534600,0.0
2000-09-01,12.5,12.8125,12.5,12.75,300100,0.0
2000-09-05,12.5625,12.75,12.5625,12.75,226300,0.0
2000-09-06,12.625,12.75,12.5,12.5625,233000,0.0
2000-09-07,12.5625,12.6875,12.4375,12.5625,314700,0.0
2000-09-08,12.4375,12.4375,12.3125,12.4375,128400,0.0
2000-09-11,12.125,12.1875,12.0,12.0,259500,0.0
2000-09-12,11.9375,12.0625,11.9375,12.0,111600,0.0
2000-09-13,11.75,11.8125,11.5625,11.625,194200,0.0
2000-09-14,11.625,11.8125,11.625,11.6875,80800,0.0
2000-09-15,11.6875,11.75,11.5,11.5625,160000,0.0
2000-09-18,11.8125,11.9375,11.6875,11.75,1033700,0.0
2000-09-19,12.0,12.1875,12.0,12.125,452800,0.0
2000-09-20,12.125,12.1875,12.0625,12.125,228400,0.0
2000-09-21,12.125,12.125,11.8125,11.875,135600,0.0
2000-09-22,11.8125,11.9375,11.8125,11.9375,104100,0.0
2000-09-25,11.875,11.875,11.75,11.875,86100,0.0
2000-09-26,11.875,11.875,11.6875,11.6875,91400,0.0
2000-09-27,11.625,11.75,11.5,11.6875,164100,0.0
2000-09-28,11.625,11.875,11.5,11.875,185700,0.0
2000-09-29,11.875,11.875,11.625,11.6875,126400,0.0
2000-10-02,12.1875,12.3125,12.1875,12.1875,218300,0.0
2000-10-03,12.6875,12.8125,12.625,12.8125,390100,0.0
2000-10-04,12.6875,12.75,12.625,12.6875,152200,0.0
2000-10-05,12.625,12.75,12.5625,12.5625,119000,0.0
2000-10-06,12.625,12.625,12.125,12.3125,108800,0.0
2000-10-09,12.25,12.4375,12.125,12.25,91300,0.0
2000-10-10,12.25,12.3125,12.125,12.125,394900,0.0
2000-10-11,12.0625,12.125,11.875,12.0,254100,0.0
2000-10-12,12.0625,12.3125,12.0,12.0625,530000,0.0
2000-10-13,11.9375,12.0625,11.875,12.0,576400,0.0
2000-10-16,11.9375,12.0,11.8125,11.875,232800,0.0
2000-10-17,11.875,11.875,11.75,11.75,295200,0.0
2000-10-18,11.875,12.3125,11.6875,12.3125,655000,0.0
2000-10-19,12.0625,12.125,11.875,12.0625,510300,0.0
2000-10-20,11.8125,11.9375,11.6875,11.8125,552000,0.0
2000-10-23,11.75,11.8125,11.6875,11.8125,131000,0.0
2000-10-24,11.75,11.75,11.5625,11.75,237600,0.0
2000-10-25,11.75,11.875,11.6875,11.75,402400,0.0
2000-10-26,11.625,11.75,11.625,11.6875,257300,0.0
2000-10-27,11.6875,11.8125,11.6875,11.75,390000,0.0
2000-10-30,11.75,11.875,11.6875,11.8125,367400,0.0
2000-10-31,11.8125,12.0,11.8125,12.0,173800,0.0
2000-11-01,11.875,12.0,11.8125,11.9375,117800,0.0
2000-11-02,11.875,12.125,11.875,11.875,188700,0.0
2000-11-03,12.125,12.1875,12.0625,12.0625,196100,0.0
2000-11-06,12.0,12.0625,11.875,11.875,190600,0.0
2000-11-07,11.875,11.875,11.6875,11.75,108900,0.0
2000-11-08,11.6875,11.6875,11.375,11.5625,342400,0.0
2000-11-09,11.5,11.5,11.25,11.375,277900,0.0
2000-11-10,11.3125,11.4375,11.3125,11.3125,271400,0.0
2000-11-13,11.3125,11.5,11.25,11.375,307600,0.0
2000-11-14,11.375,11.625,11.375,11.5625,222700,0.0
2000-11-15,11.4375,11.4375,11.25,11.25,211300,0.0
2000-11-16,11.1875,11.1875,11.0625,11.125,120800,0.0
2000-11-17,11.0,11.125,11.0,11.0625,142700,0.0
2000-11-20,11.0,11.0,10.75,10.9375,154200,0.0
2000-11-21,11.125,11.4375,11.125,11.3125,312500,0.0
2000-11-22,11.25,11.25,10.9375,11.0625,168700,0.0
2000-11-24,10.6875,11.0625,10.6875,11.0625,180200,0.0
2000-11-27,10.8125,10.8125,10.6875,10.75,200700,0.0
2000-11-28,10.75,10.75,10.5625,10.625,271100,0.0
2000-11-29,10.625,10.625,10.4375,10.5,195700,0.0
2000-11-30,10.625,10.75,10.5,10.625,290900,0.0
2000-12-01,11.25,11.5,11.25,11.4375,622500,0.0
2000-12-04,11.4375,11.5625,11.4375,11.5625,409100,0.0
2000-12-05,11.25,11.375,11.125,11.3125,236800,0.0
2000-12-06,11.0625,11.0625,10.6875,10.8125,275400,0.0
2000-12-07,10.625,10.8125,10.4375,10.5,583500,0.0
2000-12-08,10.5,10.75,10.5,10.75,359400,0.0
2000-12-11,10.6875,11.125,10.6875,10.9375,314100,0.0
2000-12-12,10.875,10.875,10.625,10.75,261600,0.0
2000-12-13,10.6875,11.0625,10.5625,10.6875,275100,0.0
2000-12-14,10.75,10.875,10.6875,10.75,254400,0.0
2000-12-15,10.75,10.875,10.625,10.6875,632100,0.0
2000-12-18,10.6875,10.6875,10.5625,10.5625,333900,0.0
2000-12-19,10.4375,10.625,10.25,10.375,406800,0.0
2000-12-20,10.0625,10.4375,9.875,10.0,817600,0.0
2000-12-21,10.0,10.1875,9.9375,10.0625,595000,0.0
2000-12-22,10.0625,10.25,10.0,10.0625,376200,0.0
2000-12-26,10.125,10.25,9.875,10.0,416300,0.0
2000-12-27,9.9375,10.1875,9.875,10.0,410200,0.0
2000-12-28,9.8125,9.9375,9.625,9.6875,897200,0.0
2000-12-29,9.625,9.75,9.5625,9.6875,476500,0.0
2001-01-02,9.6875,9.9375,9.6875,9.9375,280300,0.0
2001-01-03,9.8125,10.375,9.6875,10.25,614700,0.0
2001-01-04,9.875,9.9375,9.625,9.75,578500,0.0
2001-01-05,9.75,9.75,9.625,9.6875,335300,0.0
2001-01-08,9.625,9.8125,9.5625,9.625,595300,0.0
2001-01-09,9.5625,9.5625,9.375,9.4375,619500,0.0
2001-01-10,9.125,9.125,8.9375,9.125,681800,0.0
2001-01-11,9.0625,9.0625,8.8125,9.0,549200,0.0
2001-01-12,9.125,9.125,9.0,9.125,498600,0.0
2001-01-16,9.125,9.4375,9.125,9.4375,750100,0.0
2001-01-17,9.5625,9.6875,9.4375,9.5,665500,0.0
2001-01-18,9.75,9.9375,9.75,9.875,473000,0.0
2001-01-19,9.8125,9.875,9.75,9.8125,245700,0.0
2001-01-22,9.8125,9.8125,9.5625,9.625,250700,0.0
2001-01-23,9.5,9.5625,9.375,9.5,597700,0.0
2001-01-24,9.5625,9.75,9.5625,9.6875,411400,0.0
2001-01-25,9.5625,9.5625,9.4375,9.5625,203500,0.0
2001-01-26,9.4375,9.625,9.375,9.5625,259600,0.0
2001-01-29,9.5,9.85,9.48,9.84,657500,0.0
2001-01-30,9.6,9.74,9.55,9.68,505600,0.0
2001-01-31,9.18,9.45,9.18,9.35,695800,0.0
2001-02-01,9.3,9.3,9.09,9.24,701100,0.0
2001-02-02,9.28,9.42,9.17,9.19,760700,0.0
2001-02-05,9.05,9.05,8.98,9.03,303200,0.0
2001-02-06,8.94,9.04,8.86,9.0,511100,0.0
2001-02-07,9.0,9.0,8.88,8.93,344300,0.0
2001-02-08,8.8,8.81,8.72,8.73,464600,0.0
2001-02-09,9.05,9.17,9.04,9.12,332500,0.0
2001-02-12,9.06,9.28,9.06,9.28,148500,0.0
2001-02-13,9.28,9.28,9.12,9.19,359600,0.0
2001-02-14,9.15,9.16,9.0,9.1,198100,0.0
2001-02-15,9.25,9.41,9.25,9.35,276200,0.0
2001-02-16,9.37,9.44,9.08,9.08,304400,0.0
2001-02-20,9.3,9.44,9.3,9.33,238600,0.0
2001-02-21,9.39,9.52,9.36,9.4,261100,0.0
2001-02-22,9.67,9.78,9.67,9.75,379800,0.0
2001-02-23,9.97,10.19,9.96,10.15,824300,0.0
2001-02-26,10.22,10.45,10.21,10.43,576400,0.0
2001-02-27,10.0,10.0,9.79,9.82,472100,0.0
2001-02-28,9.92,10.2,9.92,10.08,551700,0.0
2001-03-01,10.07,10.13,10.01,10.09,267900,0.0
2001-03-02,9.85,9.88,9.53,9.71,301300,0.0
2001-03-05,9.71,9.84,9.64,9.78,180700,0.0
2001-03-06,9.85,9.99,9.85,9.97,382600,0.0
2001-03-07,9.97,9.97,9.83,9.9,234300,0.0
2001-03-08,10.0,10.05,9.92,9.99,185000,0.0
2001-03-09,10.0,10.2,10.0,10.12,147100,0.0
2001-03-12,9.98,9.98,9.52,9.54,298400,0.0
2001-03-13,9.46,9.54,9.38,9.54,154900,0.0
2001-03-14,8.54,8.7,8.42,8.51,1604300,0.0
2001-03-15,8.97,9.09,8.95,9.0,360200,0.0
2001-03-16,9.08,9.1,8.81,9.03,502400,0.0
2001-03-19,9.0,9.19,9.0,9.19,235100,0.0
2001-03-20,9.25,9.33,9.05,9.14,342000,0.0
2001-03-21,9.6,9.75,9.46,9.63,470400,0.0
2001-03-22,9.22,9.29,9.09,9.27,576000,0.0
2001-03-23,9.37,9.63,9.37,9.5,399100,0.0
2001-03-26,9.45,9.48,9.13,9.35,641400,0.0
2001-03-27,9.31,9.78,9.3,9.68,470500,0.0
2001-03-28,9.6,9.6,9.46,9.49,410500,0.0
2001-03-29,9.42,9.45,9.09,9.3,663300,0.0
2001-03-30,9.26,9.6,9.2,9.58,279100,0.0
2001-04-02,9.63,9.64,9.41,9.49,82100,0.0
2001-04-03,9.55,9.98,9.55,9.98,341800,0.0
2001-04-04,10.13,10.34,10.13,10.24,365300,0.0
2001-04-05,10.2,10.26,9.91,10.17,243600,0.0
2001-04-06,10.09,10.09,9.84,10.04,207600,0.0
2001-04-09,9.9,9.9,9.76,9.84,169400,0.0
2001-04-10,9.81,10.0,9.75,9.96,168300,0.0
2001-04-11,9.95,9.95,9.71,9.77,150300,0.0
2001-04-12,9.85,10.0,9.85,9.97,113000,0.0
2001-04-16,9.9,9.9,9.75,9.89,85200,0.0
2001-04-17,9.82,9.93,9.82,9.88,61900,0.0
2001-04-18,9.85,10.25,9.85,10.25,351600,0.0
2001-04-19,10.2,10.24,10.0,10.15,140000,0.0
2001-04-20,10.15,10.15,9.82,10.02,169100,0.0
2001-04-23,9.95,10.01,9.86,9.96,112200,0.0
2001-04-24,9.96,10.0,9.82,9.92,232400,0.0
2001-04-25,10.0,10.24,10.0,10.23,398900,0.0
2001-04-26,10.21,10.21,9.95,9.98,400000,0.0
2001-04-27,10.03,10.43,10.03,10.35,377200,0.0
2001-04-30,10.35,10.47,10.3,10.3,235400,0.0
2001-05-01,10.5,10.94,10.5,10.89,653900,0.0
2001-05-02,10.95,11.07,10.9,11.07,377100,0.0
2001-05-03,11.07,11.16,11.0,11.15,332300,0.0
2001-05-04,11.0,11.25,10.9,11.25,269600,0.0
2001-05-07,11.2,11.27,11.17,11.24,369500,0.0
2001-05-08,11.0,11.0,10.71,10.87,339100,0.0
2001-05-09,10.59,10.76,10.58,10.64,270100,0.0
2001-05-10,10.47,10.47,10.32,10.36,337400,0.0
2001-05-11,10.28,10.41,10.21,10.4,818300,0.0
2001-05-14,10.27,10.27,10.2,10.22,431400,0.0
2001-05-15,10.25,10.29,10.21,10.25,215400,0.0
2001-05-16,10.21,10.32,10.16,10.26,225000,0.0
2001-05-17,10.26,10.36,10.2,10.26,200800,0.0
2001-05-18,10.2,10.28,10.1,10.2,292300,0.0
2001-05-21,10.02,10.2,9.97,10.17,220700,0.0
2001-05-22,10.06,10.15,10.05,10.15,334200,0.0
2001-05-23,9.95,10.08,9.91,10.08,338300,0.0
2001-05-24,10.15,10.32,10.08,10.22,368800,0.0
2001-05-25,10.03,10.03,9.89,9.93,383500,0.0
2001-05-29,9.85,9.85,9.55,9.63,350500,0.0
2001-05-30,9.41,9.41,9.14,9.22,394500,0.0
2001-05-31,9.32,9.6,9.31,9.4,346400,0.0
2001-06-01,9.4,9.5,9.2,9.46,280000,0.0
2001-06-04,9.18,9.3,9.1,9.22,338500,0.0
2001-06-05,9.27,9.46,9.22,9.4,470400,0.0
2001-06-06,9.33,9.37,9.27,9.34,650400,0.0
2001-06-07,9.19,9.19,9.06,9.16,584600,0.0
2001-06-08,9.12,9.15,9.01,9.06,795100,0.0
2001-06-11,9.0,9.05,8.97,9.04,500400,0.0
2001-06-12,8.6,8.61,8.54,8.61,1014400,0.0
2001-06-13,8.69,8.77,8.64,8.71,424100,0.0
2001-06-14,8.48,8.48,8.34,8.38,586800,0.0
2001-06-15,8.37,8.37,8.3,8.32,621600,0.0
2001-06-18,8.3,8.35,8.22,8.34,238600,0.0
2001-06-19,8.34,8.34,8.0,8.1,544500,0.0
2001-06-20,8.12,8.33,8.12,8.25,643700,0.0
2001-06-21,8.75,9.05,8.74,8.93,453600,0.0
2001-06-22,8.65,8.7,8.54,8.62,144000,0.0
2001-06-25,8.54,8.54,8.42,8.46,163900,0.0
2001-06-26,8.35,8.39,8.22,8.35,465200,0.0
2001-06-27,8.42,8.69,8.42,8.63,396500,0.0
2001-06-28,8.4,8.45,8.29,8.37,205700,0.0
2001-06-29,8.36,8.48,8.36,8.46,225000,0.0
2001-07-02,8.39,8.44,8.34,8.41,251200,0.0
2001-07-03,8.34,8.51,8.32,8.46,358400,0.0
2001-07-05,8.31,8.31,8.2,8.21,293000,0.0
2001-07-06,8.08,8.08,7.8,7.97,361800,0.0
2001-07-09,8.0,8.19,8.0,8.12,241700,0.0
2001-07-10,8.2,8.4,8.16,8.18,191000,0.0
2001-07-11,8.02,8.25,8.02,8.11,167300,0.0
2001-07-12,8.33,8.6,8.33,8.54,164300,0.0
2001-07-13,8.35,8.4,8.25,8.34,292800,0.0
2001-07-16,8.28,8.28,8.15,8.22,156500,0.0
2001-07-17,8.19,8.19,8.04,8.14,210700,0.0
2001-07-18,7.91,7.94,7.84,7.93,213400,0.0
2001-07-19,7.86,8.04,7.85,7.99,297000,0.0
2001-07-20,7.95,8.02,7.86,7.95,174700,0.0
2001-07-23,7.35,7.4,7.26,7.26,451600,0.0
2001-07-24,7.31,7.5,7.31,7.43,227600,0.0
2001-07-25,7.5,7.71,7.5,7.64,219100,0.0
2001-07-26,7.67,8.1,7.67,7.98,335900,0.0
2001-07-27,7.98,8.05,7.7,7.88,210400,0.0
2001-07-30,7.64,7.68,7.47,7.64,121500,0.0
2001-07-31,7.9,8.15,7.9,8.05,124800,0.0
2001-08-01,8.0,8.3,8.0,8.03,221900,0.0
2001-08-02,8.15,8.35,8.05,8.05,158900,0.0
2001-08-03,8.15,8.3,8.02,8.1,157700,0.0
2001-08-06,8.02,8.1,7.93,8.0,269900,0.0
2001-08-07,7.85,7.94,7.8,7.89,138700,0.0
2001-08-08,7.8,7.86,7.7,7.7,234000,0.0
2001-08-09,7.7,7.8,7.59,7.75,232800,0.0
2001-08-10,7.59,7.59,7.41,7.48,194300,0.0
2001-08-13,7.75,7.75,7.5,7.59,226500,0.0
2001-08-14,8.09,8.3,8.0,8.2,224500,0.0
2001-08-15,8.05,8.1,7.95,8.01,165000,0.0
2001-08-16,7.78,8.0,7.78,7.99,299500,0.0
2001-08-17,7.77,7.9,7.6,7.7,116100,0.0
2001-08-20,7.82,7.89,7.73,7.76,180200,0.0
2001-08-21,8.12,8.42,8.11,8.21,242100,0.0
2001-08-22,8.2,8.47,8.2,8.38,227100,0.0
2001-08-23,8.3,8.39,8.26,8.29,244400,0.0
2001-08-24,8.26,8.37,8.2,8.35,342500,0.0
2001-08-27,8.5,8.82,8.5,8.71,252800,0.0
2001-08-28,8.74,8.76,8.62,8.66,256700,0.0
2001-08-29,8.49,8.5,8.31,8.37,185200,0.0
2001-08-30,8.31,8.35,8.15,8.2,229700,0.0
2001-08-31,8.3,8.57,8.3,8.48,125000,0.0
2001-09-04,8.7,8.93,8.65,8.76,261600,0.0
2001-09-05,8.66,8.85,8.5,8.62,271600,0.0
2001-09-06,8.65,8.76,8.62,8.62,302000,0.0
2001-09-07,8.82,9.05,8.82,8.98,372300,0.0
2001-09-10,8.5,8.75,8.48,8.66,301700,0.0
2001-09-17,7.75,8.93,7.75,8.48,288800,0.0
2001-09-18,8.58,8.94,8.55,8.72,155500,0.0
2001-09-19,8.9,9.15,8.35,8.8,358900,0.0
2001-09-20,9.0,9.5,9.0,9.16,503900,0.0
2001-09-21,8.8,9.0,8.55,8.8,346900,0.0
2001-09-24,9.35,9.45,9.2,9.33,362500,0.0
2001-09-25,8.75,8.81,8.45,8.62,415300,0.0
2001-09-26,8.1,8.23,7.98,8.13,422000,0.0
2001-09-27,7.75,8.1,7.65,7.95,309000,0.0
2001-09-28,7.95,7.95,7.75,7.75,412500,0.0
2001-10-01,7.96,8.08,7.91,8.06,158900,0.0
2001-10-02,8.15,8.35,8.11,8.34,179800,0.0
2001-10-03,7.95,8.3,7.88,8.28,308300,0.0
2001-10-04,8.18,8.33,8.01,8.12,263100,0.0
2001-10-05,7.8,8.02,7.78,7.9,204900,0.0
2001-10-08,7.91,7.96,7.82,7.82,141200,0.0
2001-10-09,7.65,7.8,7.51,7.65,199300,0.0
2001-10-10,7.2,7.32,7.16,7.27,507400,0.0
2001-10-11,7.42,7.56,7.35,7.45,324400,0.0
2001-10-12,7.55,7.74,7.5,7.74,190100,0.0
2001-10-15,7.74,7.79,7.66,7.66,153300,0.0
2001-10-16,7.56,7.68,7.46,7.62,211300,0.0
2001-10-17,7.75,7.89,7.6,7.73,162400,0.0
2001-10-18,7.63,7.85,7.63,7.8,173200,0.0
2001-10-19,7.72,7.9,7.71,7.88,215900,0.0
2001-10-22,7.55,7.7,7.45,7.69,190300,0.0
2001-10-23,7.75,7.79,7.58,7.79,219700,0.0
2001-10-24,7.77,7.93,7.77,7.87,190200,0.0
2001-10-25,7.8,8.0,7.71,7.87,163700,0.0
2001-10-26,7.95,8.05,7.75,8.0,134500,0.0
2001-10-29,7.99,8.0,7.58,7.59,190200,0.0
2001-10-30,7.4,7.59,7.35,7.4,185900,0.0
2001-10-31,7.5,7.63,7.4,7.49,218500,0.0
2001-11-01,7.45,7.8,7.32,7.57,163300,0.0
2001-11-02,7.38,7.6,7.21,7.44,199500,0.0
2001-11-05,7.43,7.43,7.25,7.32,242000,0.0
2001-11-06,7.29,7.4,7.06,7.13,288400,0.0
2001-11-07,6.76,6.98,6.6,6.85,365500,0.0
2001-11-08,7.2,7.47,7.13,7.15,237700,0.0
2001-11-09,7.05,7.1,6.87,6.96,293200,0.0
2001-11-12,6.85,7.06,6.85,7.05,209900,0.0
2001-11-13,6.9,6.98,6.73,6.93,357800,0.0
2001-11-14,6.98,7.0,6.81,6.81,318900,0.0
2001-11-15,6.8,6.92,6.65,6.8,442400,0.0
2001-11-16,6.85,7.0,6.81,6.92,386600,0.0
2001-11-19,7.08,7.23,7.01,7.05,270100,0.0
2001-11-20,7.01,7.08,6.85,6.96,364400,0.0
2001-11-21,7.22,7.31,7.17,7.19,590000,0.0
2001-11-23,7.2,7.5,7.14,7.41,197000,0.0
2001-11-26,7.38,7.59,7.28,7.4,400800,0.0
2001-11-27,7.25,7.33,7.05,7.15,322700,0.0
2001-11-28,6.95,7.04,6.9,7.0,914100,0.0
2001-11-29,6.99,7.05,6.71,6.88,865700,0.0
2001-11-30,6.9,7.25,6.71,6.95,985600,0.0
2001-12-03,6.8,6.93,6.7,6.8,792000,0.0
2001-12-04,6.65,6.98,6.65,6.66,672600,0.0
2001-12-05,6.66,6.9,6.62,6.82,2010300,0.0
2001-12-06,6.68,6.85,6.6,6.6,658000,0.0
2001-12-07,6.4,6.44,6.11,6.3,1073900,0.0
2001-12-10,6.19,6.2,5.95,6.0,2143500,0.0
2001-12-11,6.1,6.24,6.0,6.05,483700,0.0
2001-12-12,6.4,6.51,6.31,6.37,847900,0.0
2001-12-13,6.2,6.3,6.1,6.18,372400,0.0
2001-12-14,6.12,6.29,6.05,6.2,386000,0.0
2001-12-17,6.1,6.32,6.07,6.17,290700,0.0
2001-12-18,6.09,6.14,5.96,6.13,632500,0.0
2001-12-19,6.21,6.4,6.2,6.27,375100,0.0
2001-12-20,6.47,6.55,6.3,6.36,337300,0.0
2001-12-21,6.26,6.45,6.1,6.27,317600,0.0
2001-12-24,6.27,6.3,6.05,6.1,216900,0.0
2001-12-26,6.3,6.47,6.28,6.36,293900,0.0
2001-12-27,6.21,6.51,6.11,6.11,287600,0.0
2001-12-28,6.4,6.5,6.31,6.4,389000,0.0
2001-12-31,6.4,6.65,6.4,6.47,261300,0.0
2002-01-02,6.47,6.67,6.47,6.51,145000,0.0
2002-01-03,6.55,6.76,6.55,6.76,212600,0.0
2002-01-04,6.66,6.9,6.65,6.86,242100,0.0
2002-01-07,6.91,7.06,6.9,6.92,322600,0.0
2002-01-08,6.63,6.65,6.57,6.62,292200,0.0
2002-01-09,6.5,6.55,6.35,6.36,328800,0.0
2002-01-10,6.29,6.34,6.16,6.27,173500,0.0
2002-01-11,6.05,6.24,6.05,6.11,210100,0.0
2002-01-14,6.06,6.2,6.03,6.03,141700,0.0
2002-01-15,6.13,6.34,6.1,6.1,146800,0.0
2002-01-16,6.28,6.5,6.18,6.4,238300,0.0
2002-01-17,6.4,6.58,6.37,6.51,294800,0.0
2002-01-18,6.5,6.59,6.35,6.49,357500,0.0
2002-01-22,6.2,6.29,6.08,6.11,206500,0.0
2002-01-23,6.08,6.15,5.96,6.11,598500,0.0
2002-01-24,6.02,6.11,6.02,6.02,133900,0.0
2002-01-25,5.9,5.98,5.8,5.85,290600,0.0
2002-01-28,5.9,6.09,5.85,6.05,520700,0.0
2002-01-29,5.95,5.98,5.8,5.83,316200,0.0
2002-01-30,5.76,5.8,5.66,5.72,423100,0.0
2002-01-31,5.75,5.84,5.65,5.72,163800,0.0
2002-02-01,5.55,5.72,5.51,5.69,204200,0.0
2002-02-04,5.55,5.59,5.33,5.5,198300,0.0
2002-02-05,5.5,5.5,5.18,5.22,253000,0.0
2002-02-06,5.16,5.28,5.15,5.16,145700,0.0
2002-02-07,5.9,5.96,5.83,5.85,234900,0.0
2002-02-08,5.8,6.1,5.8,6.07,170100,0.0
2002-02-11,6.1,6.15,6.0,6.12,279900,0.0
2002-02-12,6.1,6.3,6.07,6.2,273300,0.0
2002-02-13,6.11,6.35,6.11,6.29,139700,0.0
2002-02-14,6.1,6.27,6.05,6.15,156200,0.0
2002-02-15,6.11,6.32,6.11,6.22,124700,0.0
2002-02-19,5.8,5.9,5.73,5.77,400000,0.0
2002-02-20,5.71,5.84,5.71,5.84,154000,0.0
2002-02-21,5.85,5.94,5.75,5.82,240200,0.0
2002-02-22,5.75,5.99,5.75,5.87,220800,0.0
2002-02-25,5.85,6.04,5.85,5.95,170500,0.0
2002-02-26,5.88,5.89,5.75,5.8,187800,0.0
2002-02-27,6.0,6.2,5.95,6.1,256100,0.0
2002-02-28,6.01,6.16,6.01,6.11,197900,0.0
2002-03-01,6.13,6.39,6.13,6.37,116400,0.0
2002-03-04,6.63,6.77,6.6,6.75,130500,0.0
2002-03-05,6.8,6.99,6.66,6.74,310300,0.0
2002-03-06,6.7,7.04,6.7,7.01,352900,0.0
2002-03-07,7.11,7.2,7.05,7.08,225100,0.0
2002-03-08,6.92,7.09,6.82,6.95,140400,0.0
2002-03-11,7.39,7.4,7.16,7.26,150800,0.0
2002-03-12,7.02,7.15,6.92,7.15,275000,0.0
2002-03-13,6.8,6.8,6.6,6.69,193100,0.0
2002-03-14,6.8,6.9,6.71,6.72,238700,0.0
2002-03-15,6.65,6.8,6.65,6.71,170400,0.0
2002-03-18,6.51,6.7,6.5,6.55,104800,0.0
2002-03-19,6.65,6.76,6.53,6.73,355200,0.0
2002-03-20,6.4,6.48,6.34,6.46,319300,0.0
2002-03-21,6.47,6.51,6.41,6.51,652500,0.0
2002-03-22,6.17,6.29,6.17,6.21,559400,0.0
2002-03-25,6.24,6.35,6.18,6.2,174500,0.0
2002-03-26,6.05,6.19,6.05,6.14,151000,0.0
2002-03-27,6.08,6.19,6.05,6.15,121500,0.0
2002-03-28,6.1,6.36,6.1,6.15,128300,0.0
2002-04-01,6.01,6.03,5.91,5.92,239400,0.0
2002-04-02,5.95,6.1,5.92,6.01,165500,0.0
2002-04-03,6.0,6.13,5.99,6.0,160600,0.0
2002-04-04,6.02,6.21,6.02,6.17,298600,0.0
2002-04-05,6.2,6.31,6.2,6.28,281000,0.0
2002-04-08,6.28,6.35,6.2,6.32,115100,0.0
2002-04-09,6.57,6.74,6.56,6.72,306300,0.0
2002-04-10,6.9,7.12,6.88,7.1,764400,0.0
2002-04-11,6.8,6.8,6.5,6.65,150400,0.0
2002-04-12,6.65,6.65,6.46,6.53,129800,0.0
2002-04-15,6.55,6.58,6.5,6.5,167600,0.0
2002-04-16,6.54,6.74,6.54,6.68,151500,0.0
2002-04-17,6.68,6.71,6.57,6.63,89100,0.0
2002-04-18,6.8,6.8,6.66,6.7,153500,0.0
2002-04-19,6.66,6.83,6.61,6.74,122800,0.0
2002-04-22,6.95,6.95,6.75,6.88,141100,0.0
2002-04-23,6.87,6.98,6.78,6.92,158800,0.0
2002-04-24,6.86,7.0,6.8,6.81,213000,0.0
2002-04-25,6.96,7.14,6.92,7.1,249500,0.0
2002-04-26,7.0,7.01,6.8,7.0,125100,0.0
2002-04-29,6.9,6.99,6.85,6.91,72100,0.0
2002-04-30,6.81,7.03,6.8,6.96,288500,0.0
2002-05-01,7.0,7.1,6.91,7.03,141800,0.0
2002-05-02,7.0,7.1,6.95,7.08,144300,0.0
2002-05-03,7.05,7.1,7.0,7.05,291800,0.0
2002-05-06,7.04,7.1,7.0,7.07,204400,0.0
2002-05-07,6.8,6.93,6.75,6.77,141100,0.0
2002-05-08,6.73,6.9,6.72,6.81,136800,0.0
2002-05-09,6.8,6.8,6.66,6.76,119700,0.0
2002-05-10,6.74,6.91,6.74,6.86,115800,0.0
2002-05-13,6.81,6.94,6.77,6.77,95900,0.0
2002-05-14,6.67,6.75,6.65,6.73,127000,0.0
2002-05-15,6.63,6.89,6.63,6.85,138300,0.0
2002-05-16,6.95,7.1,6.91,7.03,209800,0.0
2002-05-17,7.08,7.25,7.08,7.16,686000,0.0
2002-05-20,7.26,7.34,7.12,7.28,578000,0.0
2002-05-21,7.09,7.18,7.09,7.15,174700,0.0
2002-05-22,7.44,7.69,7.41,7.61,826700,0.0
2002-05-23,7.75,7.78,7.6,7.71,180300,0.0
2002-05-24,7.8,7.8,7.6,7.67,108200,0.0
2002-05-28,7.74,7.8,7.55,7.7,169200,0.0
2002-05-29,7.91,8.13,7.8,8.05,401000,0.0
2002-05-30,8.14,8.16,8.0,8.05,280800,0.0
2002-05-31,7.85,7.94,7.78,7.88,338500,0.0
2002-06-03,8.2,8.42,8.11,8.14,294600,0.0
2002-06-04,8.15,8.35,8.11,8.2,610300,0.0
2002-06-05,7.95,8.2635,7.78,8.07,197900,0.0
2002-06-06,7.9,7.9,7.7,7.77,287700,0.0
2002-06-07,7.67,7.8,7.58,7.8,271700,0.0
2002-06-10,7.85,7.89,7.56,7.6,534500,0.0
2002-06-11,7.72,7.76,7.65,7.65,206500,0.0
2002-06-12,7.72,7.72,7.55,7.62,765300,0.0
2002-06-13,7.52,7.56,7.35,7.41,197700,0.0
2002-06-14,7.2,7.35,7.05,7.24,315600,0.0
2002-06-17,7.02,7.16,7.02,7.11,139700,0.0
2002-06-18,7.05,7.09,6.96,6.98,129500,0.0
2002-06-19,6.88,7.01,6.75,6.88,224900,0.0
2002-06-20,7.01,7.02,6.88,6.9,172600,0.0
2002-06-21,6.75,6.82,6.67,6.75,181900,0.0
2002-06-24,6.75,6.77,6.51,6.67,260400,0.0
2002-06-25,6.62,6.72,6.51,6.54,267200,0.0
2002-06-26,6.45,6.47,6.2,6.42,362600,0.0
2002-06-27,6.32,6.6,6.32,6.6,337800,0.0
2002-06-28,6.71,6.95,6.35,6.8,116900,0.0
2002-07-01,6.75,6.79,6.65,6.69,272800,0.0
2002-07-02,6.76,6.8,6.66,6.69,253900,0.0
2002-07-03,7.01,7.2,7.01,7.11,326000,0.0
2002-07-05,7.35,7.62,7.35,7.6,228000,0.0
2002-07-08,7.32,7.52,7.32,7.44,112300,0.0
2002-07-09,7.5,7.64,7.48,7.5,124300,0.0
2002-07-10,7.55,7.64,7.41,7.47,174100,0.0
2002-07-11,7.44,7.6,7.38,7.55,276700,0.0
2002-07-12,7.57,7.63,7.52,7.55,147900,0.0
2002-07-15,7.4,7.4,7.18,7.29,227600,0.0
2002-07-16,7.04,7.19,7.04,7.09,218400,0.0
2002-07-17,6.94,7.16,6.94,7.05,200100,0.0
2002-07-18,7.02,7.15,7.02,7.1,207700,0.0
2002-07-19,7.0,7.15,6.9,7.05,233900,0.0
2002-07-22,7.24,7.36,7.15,7.2,474900,0.0
2002-07-23,7.5,7.52,7.36,7.4,616200,0.0
2002-07-24,7.21,7.45,7.15,7.43,502100,0.0
2002-07-25,7.3,7.34,7.0,7.1,219500,0.0
2002-07-26,7.0,7.07,6.72,6.89,228200,0.0
2002-07-29,6.62,6.89,6.57,6.81,139300,0.0
2002-07-30,6.75,6.95,6.7,6.95,152200,0.0
2002-07-31,6.53,6.84,6.53,6.75,93700,0.0
2002-08-01,6.5,6.82,6.5,6.51,90500,0.0
2002-08-02,6.6,6.75,6.55,6.75,99700,0.0
2002-08-05,6.73,6.9,6.56,6.57,234300,0.0
2002-08-06,6.71,6.9,6.7,6.78,375600,0.0
2002-08-07,6.73,6.85,6.7,6.8,126900,0.0
2002-08-08,6.7,6.73,6.6,6.71,158200,0.0
2002-08-09,6.61,6.76,6.61,6.69,44400,0.0
2002-08-12,6.55,6.74,6.55,6.58,64600,0.0
2002-08-13,6.54,6.73,6.54,6.73,120400,0.0
2002-08-14,6.74,6.99,6.74,6.99,195200,0.0
2002-08-15,6.79,6.95,6.77,6.91,77400,0.0
2002-08-16,6.9,6.93,6.8,6.88,69100,0.0
2002-08-19,6.88,6.99,6.8,6.96,80700,0.0
2002-08-20,6.72,6.8,6.61,6.72,85500,0.0
2002-08-21,6.84,7.0,6.81,6.92,61000,0.0
2002-08-22,6.92,6.92,6.75,6.8,70800,0.0
2002-08-23,6.7,6.79,6.6,6.67,44600,0.0
2002-08-26,6.9,6.9,6.82,6.88,69800,0.0
2002-08-27,6.87,6.96,6.77,6.87,91400,0.0
2002-08-28,6.8,6.84,6.74,6.77,118800,0.0
2002-08-29,6.77,6.86,6.76,6.8,58900,0.0
2002-08-30,6.77,6.89,6.72,6.83,65000,0.0
2002-09-03,6.25,6.25,6.07,6.13,413600,0.0
2002-09-04,5.98,6.13,5.98,6.05,184000,0.0
2002-09-05,6.3,6.45,6.25,6.3,120700,0.0
2002-09-06,6.28,6.35,6.22,6.35,108400,0.0
2002-09-09,6.37,6.5,6.36,6.45,198200,0.0
2002-09-10,6.5,6.61,6.4,6.47,200900,0.0
2002-09-11,6.4,6.45,6.35,6.36,75700,0.0
2002-09-12,6.43,6.54,6.41,6.5,135800,0.0
2002-09-13,6.32,6.45,6.32,6.37,3430400,0.0
2002-09-16,6.33,6.34,6.25,6.27,121500,0.0
2002-09-17,6.37,6.55,6.32,6.34,93100,0.0
2002-09-18,7.3,7.4,7.16,7.28,1189000,0.0
2002-09-19,7.1,7.15,6.9,6.95,444300,0.0
2002-09-20,6.76,6.76,6.55,6.69,380600,0.0
2002-09-23,6.69,6.69,6.35,6.5,317700,0.0
2002-09-24,6.27,6.41,6.26,6.35,363100,0.0
2002-09-25,6.55,6.79,6.55,6.72,554700,0.0
2002-09-26,6.92,7.1,6.92,7.1,402600,0.0
2002-09-27,7.2,7.34,7.08,7.14,450600,0.0
2002-09-30,7.16,7.38,7.16,7.34,1288800,0.0
2002-10-01,7.34,7.34,7.05,7.24,258600,0.0
2002-10-02,6.9,7.04,6.81,6.91,190200,0.0
2002-10-03,6.75,6.83,6.56,6.65,226000,0.0
2002-10-04,6.72,6.8,6.62,6.75,435100,0.0
2002-10-07,6.45,6.45,6.15,6.16,294100,0.0
2002-10-08,6.36,6.45,6.26,6.28,357600,0.0
2002-10-09,6.56,6.56,6.41,6.48,546800,0.0
2002-10-10,6.4,7.0,6.4,6.56,396000,0.0
2002-10-11,6.36,6.95,6.33,6.61,259200,0.0
2002-10-14,6.45,6.75,6.43,6.7,274700,0.0
2002-10-15,6.68,6.96,6.68,6.94,372200,0.0
2002-10-16,6.77,6.79,6.65,6.69,229700,0.0
2002-10-17,6.72,6.85,6.61,6.67,249500,0.0
2002-10-18,6.57,6.65,6.45,6.59,121100,0.0
2002-10-21,6.4,6.54,6.36,6.48,179300,0.0
2002-10-22,6.41,6.41,6.26,6.36,277200,0.0
2002-10-23,6.31,6.39,6.25,6.31,193600,0.0
2002-10-24,6.35,6.38,6.21,6.28,147000,0.0
2002-10-25,6.35,6.55,6.35,6.5,100700,0.0
2002-10-28,6.56,6.63,6.4,6.41,136700,0.0
2002-10-29,6.41,6.59,6.37,6.5,132900,0.0
2002-10-30,6.52,6.59,6.47,6.55,103500,0.0
2002-10-31,6.46,6.55,6.36,6.41,158700,0.0
2002-11-01,6.45,6.48,6.38,6.47,102800,0.0
2002-11-04,6.49,6.64,6.49,6.53,185900,0.0
2002-11-05,6.48,6.66,6.48,6.65,72400,0.0
2002-11-06,6.55,6.59,6.45,6.57,116900,0.0
2002-11-07,6.47,6.54,6.4,6.5,168200,0.0
2002-11-08,6.42,6.53,6.42,6.48,144500,0.0
2002-11-11,6.12,6.22,6.08,6.1,76800,0.0
2002-11-12,6.07,6.17,6.07,6.16,97200,0.0
2002-11-13,6.09,6.09,5.96,6.03,147800,0.0
2002-11-14,5.93,6.09,5.93,6.0,203000,0.0
2002-11-15,5.9,5.99,5.87,5.95,303700,0.0
2002-11-18,5.65,5.73,5.61,5.68,133300,0.0
2002-11-19,5.39,5.43,5.26,5.27,479800,0.0
2002-11-20,5.48,5.74,5.48,5.69,254500,0.0
2002-11-21,6.12,6.16,5.95,6.08,438700,0.0
2002-11-22,5.91,5.94,5.8,5.88,225500,0.0
2002-11-25,5.7,5.89,5.7,5.83,258500,0.0
2002-11-26,5.73,5.85,5.73,5.73,168800,0.0
2002-11-27,5.85,5.97,5.85,5.97,218700,0.0
2002-11-29,5.87,6.15,5.75,6.15,143900,0.0
2002-12-02,6.07,6.12,5.96,6.07,232700,0.0
2002-12-03,5.91,5.99,5.75,5.83,185200,0.0
2002-12-04,5.65,5.8,5.6,5.75,131000,0.0
2002-12-05,5.51,5.62,5.46,5.53,189800,0.0
2002-12-06,5.5,5.65,5.5,5.62,163300,0.0
2002-12-09,5.43,5.54,5.43,5.46,148600,0.0
2002-12-10,5.43,5.54,5.42,5.48,118500,0.0
2002-12-11,5.39,5.52,5.39,5.41,193600,0.0
2002-12-12,5.42,5.48,5.41,5.43,200600,0.0
2002-12-13,5.35,5.55,5.35,5.4,184700,0.0
2002-12-16,5.39,5.48,5.39,5.45,245500,0.0
2002-12-17,5.45,5.53,5.41,5.42,235600,0.0
2002-12-18,5.25,5.29,5.08,5.14,609100,0.0
2002-12-19,5.26,5.35,5.26,5.29,445300,0.0
2002-12-20,5.29,5.5,5.29,5.4,359100,0.0
2002-12-23,5.33,5.42,5.25,5.32,400100,0.0
2002-12-24,5.32,5.45,5.31,5.32,137600,0.0
2002-12-26,5.35,5.4,5.35,5.36,372800,0.0
2002-12-27,5.37,5.44,5.36,5.37,164700,0.0
2002-12-30,5.28,5.43,5.2,5.32,202400,0.0
2002-12-31,5.28,5.36,5.23,5.35,205800,0.0
2003-01-02,5.32,5.38,5.31,5.38,137400,0.0
2003-01-03,5.36,5.46,5.35,5.43,75400,0.0
2003-01-06,5.4,5.57,5.37,5.57,188500,0.0
2003-01-07,5.35,5.36,5.29,5.29,252300,0.0
2003-01-08,5.2,5.27,5.12,5.19,192400,0.0
2003-01-09,5.23,5.32,5.19,5.3,199100,0.0
2003-01-10,5.2,5.29,5.15,5.26,126200,0.0
2003-01-13,5.28,5.42,5.25,5.31,126200,0.0
2003-01-14,5.44,5.58,5.4,5.5,161200,0.0
2003-01-15,5.8,5.92,5.75,5.76,457800,0.0
2003-01-16,5.94,6.2,5.93,6.11,331500,0.0
2003-01-17,6.14,6.17,6.03,6.07,307800,0.0
2003-01-21,5.9,6.13,5.9,5.98,149200,0.0
2003-01-22,5.99,5.99,5.89,5.95,212200,0.0
2003-01-23,6.11,6.12,5.96,6.08,166400,0.0
2003-01-24,6.08,6.08,5.99,6.0,435200,0.0
2003-01-27,5.92,5.93,5.78,5.81,953800,0.0
2003-01-28,5.85,5.85,5.75,5.8,316000,0.0
2003-01-29,5.5,5.55,5.4,5.5,233300,0.0
2003-01-30,5.35,5.38,5.24,5.24,194600,0.0
2003-01-31,5.28,5.31,5.11,5.25,521800,0.0
2003-02-03,5.3,5.37,5.28,5.32,603800,0.0
2003-02-04,5.41,5.51,5.4,5.44,216100,0.0
2003-02-05,5.33,5.47,5.31,5.37,176800,0.0
2003-02-06,5.18,5.3,5.18,5.18,109000,0.0
2003-02-07,5.02,5.03,4.94,5.0,333100,0.0
2003-02-10,5.02,5.15,5.02,5.08,187800,0.0
2003-02-11,5.07,5.2,5.06,5.09,158100,0.0
2003-02-12,5.2,5.23,5.16,5.21,281900,0.0
2003-02-13,5.35,5.44,5.33,5.43,339400,0.0
2003-02-14,5.33,5.42,5.27,5.39,206000,0.0
2003-02-18,5.17,5.25,5.12,5.18,220700,0.0
2003-02-19,5.1,5.2,5.05,5.11,91200,0.0
2003-02-20,4.9,4.98,4.85,4.87,687000,0.0
2003-02-21,4.81,4.9,4.7,4.9,562400,0.0
2003-02-24,4.78,4.8,4.73,4.75,336000,0.0
2003-02-25,4.53,4.67,4.48,4.65,415000,0.0
2003-02-26,4.55,4.6,4.52,4.54,190800,0.0
2003-02-27,4.56,4.62,4.56,4.61,681100,0.0
2003-02-28,4.42,4.55,4.42,4.43,356400,0.0
2003-03-03,4.12,4.3,4.06,4.07,1592400,0.0
2003-03-04,4.17,4.22,4.13,4.17,460500,0.0
2003-03-05,4.2,4.23,4.16,4.2,365800,0.0
2003-03-06,4.27,4.34,4.21,4.34,1018300,0.0
2003-03-07,4.12,4.16,4.0,4.11,735000,0.0
2003-03-10,3.95,3.95,3.65,3.79,831600,0.0
2003-03-11,3.83,3.9,3.77,3.83,473600,0.0
2003-03-12,3.9,3.97,3.88,3.94,468200,0.0
2003-03-13,3.89,4.02,3.89,3.95,320400,0.0
2003-03-14,3.92,3.97,3.9,3.93,271400,0.0
2003-03-17,3.83,3.94,3.83,3.93,261300,0.0
2003-03-18,3.95,3.95,3.87,3.92,196900,0.0
2003-03-19,3.95,4.0,3.95,3.96,344100,0.0
2003-03-20,4.0,4.0,3.95,4.0,167600,0.0
2003-03-21,3.97,4.04,3.95,4.02,398800,0.0
2003-03-24,3.97,4.0,3.86,3.9,409300,0.0
2003-03-25,3.96,4.03,3.9,4.0,613900,0.0
2003-03-26,4.01,4.02,3.97,4.01,337300,0.0
2003-03-27,4.0,4.03,3.98,4.01,300000,0.0
2003-03-28,3.94,3.94,3.86,3.86,193600,0.0
2003-03-31,3.7,3.79,3.7,3.72,223700,0.0
2003-04-01,3.72,3.82,3.56,3.68,531700,0.0
2003-04-02,3.5,3.61,3.5,3.59,239400,0.0
2003-04-03,3.48,3.6,3.36,3.43,669200,0.0
2003-04-04,3.48,3.58,3.48,3.53,193800,0.0
2003-04-07,3.65,3.79,3.65,3.75,227000,0.0
2003-04-08,3.61,3.62,3.45,3.55,251800,0.0
2003-04-09,3.5,3.6,3.49,3.52,168800,0.0
2003-04-10,3.45,3.54,3.38,3.53,173900,0.0
2003-04-11,3.36,3.45,3.36,3.37,211900,0.0
2003-04-14,3.37,3.45,3.3,3.45,174200,0.0
2003-04-15,3.45,3.54,3.43,3.5,164100,0.0
2003-04-16,3.41,3.49,3.37,3.38,168400,0.0
2003-04-17,3.48,3.55,3.43,3.5,281700,0.0
2003-04-21,3.45,3.46,3.41,3.44,175700,0.0
2003-04-22,3.4,3.45,3.32,3.4,217900,0.0
2003-04-23,3.32,3.32,3.25,3.29,359000,0.0
2003-04-24,3.25,3.25,3.16,3.18,291700,0.0
2003-04-25,3.13,3.13,2.98,3.02,359800,0.0
2003-04-28,3.0,3.08,2.99,3.05,338400,0.0
2003-04-29,3.06,3.1,3.0,3.06,325700,0.0
2003-04-30,3.31,3.56,3.31,3.52,473600,0.0
2003-05-01,3.45,3.57,3.45,3.57,450400,0.0
2003-05-02,3.5,3.59,3.4,3.53,445500,0.0
2003-05-05,3.55,3.6,3.5,3.53,276400,0.0
2003-05-06,3.58,3.77,3.57,3.72,509200,0.0
2003-05-07,3.66,3.74,3.61,3.69,245600,0.0
2003-05-08,3.75,3.85,3.7,3.8,372400,0.0
2003-05-09,3.89,3.91,3.82,3.9,214100,0.0
2003-05-12,3.98,3.98,3.7,3.89,1421200,0.0
2003-05-13,3.95,3.96,3.91,3.92,181000,0.0
2003-05-14,3.88,3.97,3.88,3.91,291200,0.0
2003-05-15,3.81,3.85,3.81,3.81,248300,0.0
2003-05-16,3.81,3.93,3.72,3.76,282000,0.0
2003-05-19,3.71,3.77,3.66,3.69,121500,0.0
2003-05-20,3.83,3.89,3.7,3.7,162900,0.0
2003-05-21,3.8,3.93,3.8,3.9,215400,0.0
2003-05-22,3.95,4.05,3.91,3.95,354800,0.0
2003-05-23,4.03,4.03,3.91,3.95,147500,0.0
2003-05-27,3.89,3.92,3.84,3.85,384600,0.0
2003-05-28,3.75,3.91,3.75,3.86,485500,0.0
2003-05-29,3.88,3.93,3.83,3.86,504600,0.0
2003-05-30,3.87,3.91,3.82,3.89,437400,0.0
2003-06-02,4.0,4.06,3.99,3.99,566800,0.0
2003-06-03,4.03,4.03,3.95,3.99,247200,0.0
2003-06-04,3.94,4.12,3.94,4.11,929800,0.0
2003-06-05,4.2,4.31,4.17,4.29,812000,0.0
2003-06-06,4.33,4.34,4.19,4.25,792300,0.0
2003-06-09,4.25,4.3,4.16,4.26,470600,0.0
2003-06-10,4.19,4.25,4.14,4.2,160800,0.0
2003-06-11,4.19,4.27,4.11,4.25,646300,0.0
2003-06-12,4.38,4.4,4.32,4.35,783200,0.0
2003-06-13,4.3,4.3,4.19,4.19,422900,0.0
2003-06-16,4.1,4.23,4.05,4.2,308900,0.0
2003-06-17,4.21,4.36,4.21,4.32,1102400,0.0
2003-06-18,4.36,4.43,4.36,4.42,396300,0.0
2003-06-19,4.39,4.42,4.23,4.26,530000,0.0
2003-06-20,4.41,4.52,4.4,4.49,428000,0.0
2003-06-23,4.56,4.63,4.48,4.56,456200,0.0
2003-06-24,4.48,4.52,4.37,4.39,836400,0.0
2003-06-25,4.47,4.55,4.46,4.48,206300,0.0
2003-06-26,4.56,4.57,4.47,4.52,395200,0.0
2003-06-27,4.6,4.63,4.51,4.55,500100,0.0
2003-06-30,4.55,4.63,4.52,4.58,483100,0.0
2003-07-01,4.63,4.67,4.56,4.64,791100,0.0
2003-07-02,4.83,5.05,4.83,5.05,900300,0.0
2003-07-03,4.9,4.94,4.81,4.93,453100,0.0
2003-07-07,5.03,5.28,5.02,5.18,943500,0.0
2003-07-08,4.98,4.99,4.81,4.85,742400,0.0
2003-07-09,4.84,4.88,4.71,4.77,640800,0.0
2003-07-10,4.69,4.77,4.68,4.75,344400,0.0
2003-07-11,4.66,4.74,4.61,4.69,324200,0.0
2003-07-14,4.65,4.75,4.6,4.66,461600,0.0
2003-07-15,4.89,4.96,4.61,4.65,402800,0.0
2003-07-16,4.75,4.76,4.61,4.69,177200,0.0
2003-07-17,4.4,4.58,4.39,4.39,484000,0.0
2003-07-18,4.51,4.7,4.47,4.57,351600,0.0
2003-07-21,4.63,4.63,4.43,4.5,197000,0.0
2003-07-22,4.5,4.5,4.4,4.45,408100,0.0
2003-07-23,4.41,4.52,4.41,4.47,224600,0.0
2003-07-24,4.7,4.7,4.58,4.64,555900,0.0
2003-07-25,4.54,4.76,4.54,4.74,935900,0.0
2003-07-28,4.64,4.74,4.62,4.71,1553300,0.0
2003-07-29,4.61,4.7,4.52,4.58,287000,0.0
2003-07-30,4.52,4.53,4.43,4.48,216600,0.0
2003-07-31,4.45,4.59,4.45,4.47,316300,0.0
2003-08-01,4.5,4.5,4.42,4.46,106000,0.0
2003-08-04,4.41,4.43,4.3,4.42,364600,0.0
2003-08-05,4.2,4.34,4.2,4.23,407700,0.0
2003-08-06,4.19,4.28,4.12,4.22,315200,0.0
2003-08-07,4.1,4.13,4.03,4.09,527400,0.0
2003-08-08,4.12,4.25,4.05,4.12,452600,0.0
2003-08-11,4.18,4.22,4.07,4.2,145100,0.0
2003-08-12,4.44,4.44,4.35,4.42,634800,0.0
2003-08-13,4.43,4.52,4.43,4.47,288400,0.0
2003-08-14,4.57,4.73,4.54,4.73,695000,0.0
2003-08-15,4.74,4.9,4.7,4.82,314300,0.0
2003-08-18,4.98,4.98,4.88,4.97,612200,0.0
2003-08-19,5.1,5.15,4.98,5.13,1023500,0.0
2003-08-20,5.13,5.15,5.05,5.1,499300,0.0
2003-08-21,5.25,5.4,5.23,5.3,484400,0.0
2003-08-22,5.33,5.46,5.27,5.3,434000,0.0
2003-08-25,5.2,5.25,5.13,5.19,126000,0.0
2003-08-26,5.26,5.4,5.26,5.35,313900,0.0
2003-08-27,5.5,5.68,5.5,5.68,497700,0.0
2003-08-28,5.82,5.99,5.76,5.89,879400,0.0
2003-08-29,5.89,5.91,5.76,5.87,225200,0.0
2003-09-02,6.03,6.17,6.01,6.17,515800,0.0
2003-09-03,6.24,6.24,6.0,6.05,484800,0.0
2003-09-04,5.8,5.97,5.8,5.93,797600,0.0
2003-09-05,5.63,5.71,5.59,5.66,606000,0.0
2003-09-08,5.81,5.9,5.78,5.88,988000,0.0
2003-09-09,6.0,6.0,5.94,5.97,1875200,0.0
2003-09-10,5.95,5.95,5.8,5.85,858300,0.0
2003-09-11,5.71,5.79,5.69,5.76,622300,0.0
2003-09-12,5.76,5.79,5.65,5.77,407100,0.0
2003-09-15,5.78,5.79,5.72,5.75,418200,0.0
2003-09-16,6.3,6.5,6.25,6.5,949900,0.0
2003-09-17,6.15,6.15,6.0,6.05,1145700,0.0
2003-09-18,6.45,6.45,6.27,6.41,621700,0.0
2003-09-19,6.35,6.41,6.28,6.28,438700,0.0
2003-09-22,6.01,6.3,6.01,6.2,766900,0.0
2003-09-23,6.22,6.38,6.18,6.34,422900,0.0
2003-09-24,6.17,6.19,5.99,5.99,901000,0.0
2003-09-25,5.7,5.78,5.65,5.69,732800,0.0
2003-09-26,5.86,5.96,5.84,5.89,287000,0.0
2003-09-29,6.11,6.6,6.11,6.5,1344800,0.0
2003-09-30,6.58,6.58,6.4,6.44,1302000,0.0
2003-10-01,7.16,7.54,7.16,7.52,2250100,0.0
2003-10-02,7.36,7.45,7.2,7.26,1114500,0.0
2003-10-03,7.5,7.69,7.46,7.6,883700,0.0
2003-10-06,7.66,7.67,7.6,7.64,449100,0.0
2003-10-07,7.47,7.49,7.39,7.47,922300,0.0
2003-10-08,7.6,7.7,7.45,7.61,604400,0.0
2003-10-09,7.77,8.03,7.77,7.92,1251400,0.0
2003-10-10,7.99,8.11,7.9,8.06,939100,0.0
2003-10-13,8.15,8.15,7.97,8.01,338000,0.0
2003-10-14,8.19,8.4,8.175,8.38,1165800,0.0
2003-10-15,8.03,8.11,7.85,7.85,813700,0.0
2003-10-16,7.92,8.09,7.89,8.01,508600,0.0
2003-10-17,8.2,8.42,8.2,8.26,683100,0.0
2003-10-20,8.05,8.09,8.01,8.09,528300,0.0
2003-10-21,7.9,7.93,7.79,7.92,566700,0.0
2003-10-22,7.2,7.34,7.14,7.23,1429900,0.0
2003-10-23,6.62,6.98,6.6,6.95,2620800,0.0
2003-10-24,7.25,7.4,7.15,7.36,1124300,0.0
2003-10-27,7.34,7.5,7.33,7.44,535900,0.0
2003-10-28,7.7,7.9,7.63,7.87,636800,0.0
2003-10-29,7.66,7.68,7.51,7.54,938500,0.0
2003-10-30,7.62,7.68,7.51,7.58,425100,0.0
2003-10-31,7.45,7.45,7.27,7.34,888000,0.0
2003-11-03,7.31,7.5,7.31,7.44,775239,0.0
2003-11-04,7.3,7.4,7.27,7.28,877002,0.0
2003-11-05,7.19,7.23,7.12,7.21,834200,0.0
2003-11-06,6.92,6.99,6.84,6.93,1130100,0.0
2003-11-07,6.93,7.25,6.93,7.1,1153700,0.0
2003-11-10,6.8,6.84,6.62,6.64,1324800,0.0
2003-11-11,6.64,6.75,6.57,6.69,734400,0.0
2003-11-12,6.8,6.9,6.75,6.84,571400,0.0
2003-11-13,7.0,7.0,6.86,6.94,537300,0.0
2003-11-14,6.98,6.98,6.81,6.83,453200,0.0
2003-11-17,6.5,6.55,6.31,6.52,1761500,0.0
2003-11-18,6.85,6.99,6.72,6.83,1233600,0.0
2003-11-19,6.59,6.68,6.52,6.66,1094800,0.0
2003-11-20,6.85,6.85,6.6,6.65,373700,0.0
2003-11-21,6.8,7.01,6.79,7.0,359900,0.0
2003-11-24,7.05,7.1,7.0,7.1,653000,0.0
2003-11-25,7.25,7.33,7.21,7.29,797600,0.0
2003-11-26,7.45,7.48,7.32,7.32,576700,0.0
2003-11-28,7.47,7.47,7.31,7.39,185200,0.0
2003-12-01,7.55,7.64,7.51,7.61,573200,0.0
2003-12-02,7.54,7.57,7.38,7.41,452400,0.0
2003-12-03,7.51,7.59,7.45,7.45,242000,0.0
2003-12-04,7.45,7.59,7.41,7.48,181900,0.0
2003-12-05,7.49,7.49,7.28,7.31,345000,0.0
2003-12-08,7.25,7.27,7.06,7.25,412200,0.0
2003-12-09,7.3,7.49,7.3,7.38,814100,0.0
2003-12-10,7.12,7.18,6.93,7.03,611900,0.0
2003-12-11,7.08,7.26,7.06,7.22,386900,0.0
2003-12-12,7.25,7.39,7.15,7.18,418100,0.0
2003-12-15,7.4,7.42,7.26,7.33,353300,0.0
2003-12-16,7.25,7.3,7.09,7.28,303600,0.0
2003-12-17,7.25,7.28,7.14,7.22,623200,0.0
2003-12-18,7.21,7.46,7.13,7.35,634300,0.0
2003-12-19,7.15,7.17,7.04,7.09,742900,0.0
2003-12-22,7.09,7.22,7.09,7.2,313300,0.0
2003-12-23,7.2,7.22,7.11,7.18,467400,0.0
2003-12-24,6.99,7.12,6.97,7.08,696000,0.0
2003-12-26,7.33,7.42,7.28,7.36,187300,0.0
2003-12-29,7.59,7.75,7.55,7.72,947500,0.0
2003-12-30,7.82,7.87,7.7,7.76,358000,0.0
2003-12-31,7.76,7.85,7.73,7.83,215000,0.0
2004-01-02,7.83,7.99,7.81,7.92,471000,0.0
2004-01-05,8.1,8.15,7.9,8.01,899400,0.0
2004-01-06,7.79,7.83,7.76,7.8,416600,0.0
2004-01-07,7.75,7.75,7.64,7.71,531700,0.0
2004-01-08,7.81,8.05,7.81,7.99,586100,0.0
2004-01-09,7.67,7.78,7.62,7.68,801500,0.0
2004-01-12,7.78,7.78,7.63,7.75,454800,0.0
2004-01-13,7.68,7.7,7.59,7.65,519100,0.0
2004-01-14,7.66,7.8,7.6,7.72,329700,0.0
2004-01-15,7.59,7.66,7.56,7.59,621400,0.0
2004-01-16,7.8,7.92,7.78,7.84,684300,0.0
2004-01-20,7.84,7.84,7.71,7.74,439500,0.0
2004-01-21,7.65,7.74,7.61,7.7,703300,0.0
2004-01-22,7.78,7.84,7.71,7.8,398200,0.0
2004-01-23,7.85,7.94,7.43,7.53,2156000,0.0
2004-01-26,7.53,7.73,7.53,7.7,559800,0.0
2004-01-27,7.71,7.84,7.68,7.73,416600,0.0
2004-01-28,7.73,7.86,7.55,7.55,474500,0.0
2004-01-29,7.55,7.69,7.55,7.65,583100,0.0
2004-01-30,7.66,7.79,7.66,7.73,350900,0.0
2004-02-02,7.75,7.89,7.68,7.78,351500,0.0
2004-02-03,7.72,7.85,7.71,7.77,315700,0.0
2004-02-04,7.48,7.49,7.34,7.37,912000,0.0
2004-02-05,7.4,7.52,7.4,7.48,333200,0.0
2004-02-06,7.36,7.57,7.36,7.57,352800,0.0
2004-02-09,7.46,7.46,7.38,7.4,470700,0.0
2004-02-10,7.48,7.59,7.48,7.55,256000,0.0
2004-02-11,7.55,7.64,7.49,7.63,499600,0.0
2004-02-12,7.65,7.8,7.64,7.76,330400,0.0
2004-02-13,7.78,7.87,7.77,7.8,310200,0.0
2004-02-17,7.82,8.0,7.81,7.92,511100,0.0
2004-02-18,7.9,7.92,7.81,7.86,397800,0.0
2004-02-19,7.84,7.84,7.71,7.73,549200,0.0
2004-02-20,7.67,7.72,7.63,7.7,242700,0.0
2004-02-23,7.66,7.69,7.51,7.57,349900,0.0
2004-02-24,7.49,7.55,7.46,7.5,386000,0.0
2004-02-25,7.55,7.55,7.45,7.47,329800,0.0
2004-02-26,7.53,7.89,7.46,7.54,321800,0.0
2004-02-27,7.64,7.83,7.63,7.8,826000,0.0
2004-03-01,7.84,8.02,7.84,7.94,1433500,0.0
2004-03-02,7.94,8.17,7.94,8.11,2477700,0.0
2004-03-03,8.18,8.64,8.18,8.24,2779800,0.0
2004-03-04,8.35,8.42,8.31,8.35,1467500,0.0
2004-03-05,8.45,8.45,8.25,8.26,834400,0.0
2004-03-08,8.22,8.22,8.08,8.16,610200,0.0
2004-03-09,8.27,8.37,8.15,8.29,555200,0.0
2004-03-10,8.29,8.3,8.12,8.12,540200,0.0
2004-03-11,7.95,8.1,7.8,7.93,787300,0.0
2004-03-12,7.95,8.01,7.79,7.99,733300,0.0
2004-03-15,8.1,8.15,8.03,8.1,537100,0.0
2004-03-16,8.22,8.45,8.22,8.45,966100,0.0
2004-03-17,8.49,8.83,8.49,8.8,2298400,0.0
2004-03-18,8.8,8.89,8.7,8.85,1270900,0.0
2004-03-19,8.88,9.1,8.88,8.91,880300,0.0
2004-03-22,8.9,8.99,8.72,8.82,730400,0.0
2004-03-23,9.05,9.21,9.05,9.13,841600,0.0
2004-03-24,9.65,9.74,9.56,9.71,2171100,0.0
2004-03-25,9.7,9.77,9.61,9.77,1873700,0.0
2004-03-26,9.9,10.12,9.82,10.1,1868300,0.0
2004-03-29,10.0,10.11,9.93,10.05,838400,0.0
2004-03-30,9.57,9.65,9.42,9.57,1493800,0.0
2004-03-31,9.85,9.99,9.8,9.93,1192100,0.0
2004-04-01,9.93,10.27,9.93,10.12,942100,0.0
2004-04-02,10.16,10.2,10.02,10.16,862700,0.0
2004-04-05,10.26,10.35,10.18,10.27,881100,0.0
2004-04-06,10.38,10.39,10.21,10.39,632900,0.0
2004-04-07,10.25,10.27,10.03,10.17,782600,0.0
2004-04-08,10.07,10.07,9.81,9.96,757500,0.0
2004-04-12,10.0,10.15,9.96,10.08,436300,0.0
2004-04-13,10.27,10.4,10.11,10.22,973100,0.0
2004-04-14,9.89,9.94,9.67,9.76,930900,0.0
2004-04-15,9.6,9.64,9.5,9.6,1104500,0.0
2004-04-16,9.57,9.62,9.43,9.58,391800,0.0
2004-04-19,9.32,9.47,9.28,9.35,797500,0.0
2004-04-20,9.6,9.89,9.51,9.6,1091200,0.0
2004-04-21,9.52,9.52,9.3,9.44,545700,0.0
2004-04-22,9.35,9.61,9.3,9.57,979100,0.0
2004-04-23,9.0,9.17,8.97,9.04,1099500,0.0
2004-04-26,8.97,8.97,8.8,8.91,888700,0.0
2004-04-27,8.85,8.98,8.72,8.93,1648700,0.0
2004-04-28,9.0,9.0,8.66,8.83,484400,0.0
2004-04-29,8.73,8.89,8.64,8.78,561100,0.0
2004-04-30,8.87,8.95,8.85,8.9,601500,0.0
2004-05-03,8.9,8.93,8.82,8.87,267800,0.0
2004-05-04,8.85,9.21,8.85,9.05,412800,0.0
2004-05-05,9.05,9.19,9.01,9.1,471500,0.0
2004-05-06,8.65,8.7,8.35,8.5,1516500,0.0
2004-05-07,8.35,8.45,8.1,8.15,971600,0.0
2004-05-10,7.4,7.79,7.4,7.76,1412700,0.0
2004-05-11,7.55,7.71,7.55,7.69,1154800,0.0
2004-05-12,7.84,7.94,7.65,7.9,1827400,0.0
2004-05-13,7.58,7.77,7.54,7.65,1878400,0.0
2004-05-14,7.64,7.79,7.63,7.7,487900,0.0
2004-05-17,7.26,7.32,7.12,7.25,1258400,0.0
2004-05-18,7.65,7.77,7.65,7.68,842800,0.0
2004-05-19,8.03,8.21,8.0,8.09,1181600,0.0
2004-05-20,8.0,8.07,7.93,8.04,866000,0.0
2004-05-21,8.26,8.42,8.22,8.27,550800,0.0
2004-05-24,8.54,8.61,8.42,8.51,502400,0.0
2004-05-25,8.26,8.47,8.19,8.47,532700,0.0
2004-05-26,8.34,8.41,8.27,8.36,473500,0.0
2004-05-27,8.3,8.4,8.27,8.38,417600,0.0
2004-05-28,8.58,8.73,8.53,8.72,553800,0.0
2004-06-01,8.64,8.74,8.5,8.71,483400,0.0
2004-06-02,8.48,8.53,8.41,8.5,714100,0.0
2004-06-03,8.32,8.32,8.19,8.28,535700,0.0
2004-06-04,8.08,8.19,8.08,8.17,666200,0.0
2004-06-07,8.6,8.77,8.55,8.76,488700,0.0
2004-06-08,8.7,8.78,8.6,8.77,253200,0.0
2004-06-09,8.51,8.67,8.39,8.44,364000,0.0
2004-06-10,8.56,8.68,8.46,8.66,288800,0.0
2004-06-14,8.5,8.54,8.27,8.33,316200,0.0
2004-06-15,8.55,8.63,8.42,8.59,426200,0.0
2004-06-16,8.6,8.73,8.55,8.66,226800,0.0
2004-06-17,8.75,8.83,8.7,8.8,386700,0.0
2004-06-18,8.67,8.95,8.67,8.87,379200,0.0
2004-06-21,9.02,9.09,8.97,9.03,540400,0.0
2004-06-22,9.05,9.06,8.88,9.04,219800,0.0
2004-06-23,8.7,8.76,8.63,8.73,445000,0.0
2004-06-24,8.96,9.07,8.91,9.03,510400,0.0
2004-06-25,9.07,9.07,8.96,9.05,253500,0.0
2004-06-28,9.21,9.3,9.16,9.21,483700,0.0
2004-06-29,9.11,9.23,9.11,9.22,263000,0.0
2004-06-30,9.25,9.37,9.19,9.37,367500,0.0
2004-07-01,9.2,9.2,8.93,8.98,354700,0.0
2004-07-02,8.93,8.94,8.83,8.94,449400,0.0
2004-07-06,8.47,8.5,8.36,8.39,579800,0.0
2004-07-07,8.43,8.61,8.43,8.54,353100,0.0
2004-07-08,8.53,8.56,8.4,8.48,329400,0.0
2004-07-09,8.62,8.77,8.62,8.73,248900,0.0
2004-07-12,8.88,8.93,8.63,8.7,581500,0.0
2004-07-13,8.7,9.3,8.7,9.17,2351300,0.0
2004-07-14,9.42,9.53,9.07,9.42,3828900,0.0
2004-07-15,10.37,10.4,10.02,10.09,4057400,0.0
2004-07-16,9.52,9.95,9.51,9.91,1046500,0.0
2004-07-19,9.84,9.92,9.79,9.84,503100,0.0
2004-07-20,10.06,10.15,9.99,10.13,1040500,0.0
2004-07-21,10.05,10.1,9.84,9.9,707500,0.0
2004-07-22,9.96,10.0,9.7,9.98,628700,0.0
2004-07-23,9.5,9.7,9.44,9.52,478200,0.0
2004-07-26,9.48,9.58,9.34,9.44,464700,0.0
2004-07-27,9.15,9.15,8.97,9.12,2131400,0.0
2004-07-28,9.13,9.27,9.12,9.18,505300,0.0
2004-07-29,9.29,9.39,9.15,9.39,388900,0.0
2004-07-30,9.13,9.18,9.0,9.06,727600,0.0
2004-08-02,8.87,8.98,8.81,8.92,1094600,0.0
2004-08-03,8.82,8.83,8.67,8.71,759500,0.0
2004-08-04,8.52,8.75,8.49,8.7,764200,0.0
2004-08-05,8.52,8.56,8.46,8.48,876000,0.0
2004-08-06,8.44,8.45,8.32,8.41,486000,0.0
2004-08-09,8.51,8.51,8.31,8.4,325900,0.0
2004-08-10,8.42,8.74,8.42,8.68,411300,0.0
2004-08-11,9.1,9.31,8.9,9.26,1224200,0.0
2004-08-12,9.25,9.26,9.03,9.17,294300,0.0
2004-08-13,8.96,9.03,8.8,8.99,769500,0.0
2004-08-16,8.55,8.89,8.54,8.83,1270300,0.0
2004-08-17,9.01,9.03,8.91,8.92,381300,0.0
2004-08-18,9.03,9.25,9.03,9.25,564500,0.0
2004-08-19,9.31,9.35,9.17,9.32,322000,0.0
2004-08-20,9.26,9.38,9.2,9.36,212900,0.0
2004-08-23,9.33,9.55,9.31,9.41,279100,0.0
2004-08-24,9.1,9.12,8.93,8.98,994200,0.0
2004-08-25,8.9,9.16,8.9,9.15,472800,0.0
2004-08-26,9.08,9.12,8.97,9.1,653100,0.0
2004-08-27,9.15,9.16,8.99,9.1,234700,0.0
2004-08-30,9.24,9.24,9.04,9.08,612400,0.0
2004-08-31,8.96,9.08,8.95,9.06,259500,0.0
2004-09-01,9.09,9.1,9.0,9.06,290100,0.0
2004-09-02,9.09,9.09,9.0,9.09,221300,0.0
2004-09-03,9.0,9.04,8.91,8.93,317600,0.0
2004-09-07,8.88,9.0,8.88,8.94,408800,0.0
2004-09-08,8.93,8.95,8.8,8.87,544100,0.0
2004-09-09,8.72,8.78,8.66,8.75,1043500,0.0
2004-09-10,8.88,9.02,8.8,8.98,415000,0.0
2004-09-13,8.89,8.94,8.85,8.89,504300,0.0
2004-09-14,8.82,8.88,8.81,8.87,262100,0.0
2004-09-15,8.76,8.83,8.72,8.82,431700,0.0
2004-09-16,8.71,8.78,8.6595,8.77,459200,0.0
2004-09-17,8.56,8.81,8.56,8.79,418500,0.0
2004-09-20,8.7,8.77,8.69,8.71,335300,0.0
2004-09-21,8.58,8.7,8.56,8.69,482900,0.0
2004-09-22,8.53,8.54,8.46,8.5,713500,0.0
2004-09-23,8.54,8.55,8.47,8.51,474800,0.0
2004-09-24,8.35,8.45,8.31,8.35,788100,0.0
2004-09-27,8.14,8.18,8.11,8.17,1052000,0.0
2004-09-28,8.23,8.32,8.23,8.3,482700,0.0
2004-09-29,8.2,8.32,8.16,8.31,758800,0.0
2004-09-30,8.24,8.37,8.24,8.34,565500,0.0
2004-10-01,8.48,8.63,8.48,8.58,833400,0.0
2004-10-04,8.7,8.7,8.58,8.61,244400,0.0
2004-10-05,8.61,8.66,8.57,8.65,290400,0.0
2004-10-06,8.62,8.84,8.62,8.77,369900,0.0
2004-10-07,8.68,8.68,8.52,8.56,270800,0.0
2004-10-08,8.54,8.61,8.54,8.59,233500,0.0
2004-10-11,8.59,8.66,8.57,8.6,253100,0.0
2004-10-12,8.62,8.73,8.61,8.72,255300,0.0
2004-10-13,8.61,8.66,8.54,8.61,378700,0.0
2004-10-14,8.67,8.71,8.56,8.61,457400,0.0
2004-10-15,8.61,8.67,8.61,8.65,253100,0.0
2004-10-18,8.55,8.63,8.51,8.6,304200,0.0
2004-10-19,8.6,8.65,8.48,8.48,574000,0.0
2004-10-20,8.48,8.48,8.26,8.34,556100,0.0
2004-10-21,8.34,8.35,8.25,8.33,730400,0.0
2004-10-22,8.32,8.32,8.2,8.23,530900,0.0
2004-10-25,8.1,8.17,8.02,8.05,803700,0.0
2004-10-26,8.16,8.38,8.16,8.32,988200,0.0
2004-10-27,8.21,8.39,8.21,8.37,550600,0.0
2004-10-28,8.32,8.43,8.3,8.35,587000,0.0
2004-10-29,8.55,8.58,8.48,8.49,985000,0.0
2004-11-01,8.49,8.52,8.4,8.47,1211700,0.0
2004-11-02,8.57,8.77,8.56,8.7,625700,0.0
2004-11-03,8.85,8.94,8.75,8.76,541900,0.0
2004-11-04,8.78,8.92,8.71,8.9,616400,0.0
2004-11-05,9.0,9.0,8.84,8.92,605500,0.0
2004-11-08,8.98,8.98,8.84,8.85,382500,0.0
2004-11-09,8.83,8.85,8.75,8.8,852100,0.0
2004-11-10,8.79,8.81,8.67,8.71,440900,0.0
2004-11-11,8.7,8.82,8.66,8.78,595500,0.0
2004-11-12,8.9,8.94,8.79,8.91,498100,0.0
2004-11-15,9.14,9.36,9.13,9.28,681500,0.0
2004-11-16,9.37,9.43,9.31,9.38,577400,0.0
2004-11-17,9.46,9.66,9.46,9.61,837700,0.0
2004-11-18,9.61,9.64,9.53,9.6,568900,0.0
2004-11-19,9.53,9.59,9.36,9.38,543100,0.0
2004-11-22,9.38,9.39,9.22,9.33,336800,0.0
2004-11-23,9.36,9.4,9.3,9.36,790200,0.0
2004-11-24,9.3,9.39,9.26,9.3,464900,0.0
2004-11-26,9.3,9.4,9.29,9.36,425000,0.0
2004-11-29,9.53,9.57,9.47,9.53,562100,0.0
2004-11-30,9.5,9.54,9.45,9.48,437600,0.0
2004-12-01,9.6,9.81,9.57,9.77,606000,0.0
2004-12-02,9.7,9.84,9.7,9.8,487300,0.0
2004-12-03,9.75,9.78,9.69,9.7,514900,0.0
2004-12-06,9.72,9.82,9.65,9.71,283200,0.0
2004-12-07,9.67,9.7,9.51,9.51,460700,0.0
2004-12-08,9.62,9.63,9.47,9.57,359100,0.0
2004-12-09,9.29,9.29,9.16,9.26,684500,0.0
2004-12-10,9.15,9.16,9.04,9.13,587100,0.0
2004-12-13,9.18,9.25,9.11,9.19,391600,0.0
2004-12-14,9.17,9.25,9.16,9.21,335700,0.0
2004-12-15,9.09,9.19,9.05,9.1,616700,0.0
2004-12-16,9.25,9.3,9.15,9.15,903000,0.0
2004-12-17,9.2,9.28,9.18,9.19,587900,0.0
2004-12-20,9.25,9.39,9.25,9.26,649300,0.0
2004-12-21,9.39,9.48,9.38,9.46,599100,0.0
2004-12-22,9.56,9.7,9.52,9.64,482600,0.0
2004-12-23,9.7,9.72,9.58,9.67,272800,0.0
2004-12-27,9.75,9.8,9.71,9.78,294700,0.0
2004-12-28,9.81,10.03,9.81,10.02,473700,0.0
2004-12-29,9.89,9.89,9.74,9.78,474100,0.0
2004-12-30,9.95,10.07,9.95,10.04,322700,0.0
2004-12-31,10.05,10.24,10.03,10.22,226000,0.0
2005-01-03,10.26,10.27,9.9,10.05,528200,0.0
2005-01-04,10.09,10.2,9.78,9.78,554400,0.0
2005-01-05,9.84,9.98,9.81,9.96,851300,0.0
2005-01-06,9.96,10.08,9.93,9.95,542800,0.0
2005-01-07,9.98,10.03,9.91,9.98,311600,0.0
2005-01-10,10.0,10.11,9.98,10.06,614700,0.0
2005-01-11,10.0,10.03,9.9,9.98,710600,0.0
2005-01-12,9.88,9.95,9.67,9.94,372800,0.0
2005-01-13,9.85,9.88,9.77,9.8,618400,0.0
2005-01-14,9.78,9.97,9.78,9.9,361100,0.0
2005-01-18,9.77,10.1,9.77,10.03,1020100,0.0
2005-01-19,9.95,9.95,9.74,9.81,343500,0.0
2005-01-20,9.7,9.72,9.56,9.62,646500,0.0
2005-01-21,9.62,9.65,9.57,9.59,215500,0.0
2005-01-24,9.69,9.72,9.6,9.66,537900,0.0
2005-01-25,9.71,9.71,9.56,9.59,520700,0.0
2005-01-26,9.54,9.59,9.5,9.54,393100,0.0
2005-01-27,9.57,9.61,9.48,9.6,1187500,0.0
2005-01-28,9.5,9.56,9.42,9.53,369300,0.0
2005-01-31,9.47,9.55,9.4,9.52,417800,0.0
2005-02-01,9.53,9.55,9.48,9.55,617600,0.0
2005-02-02,9.58,9.58,9.49,9.54,468600,0.0
2005-02-03,9.44,9.44,9.35,9.41,704700,0.0
2005-02-04,9.4,9.49,9.37,9.46,680200,0.0
2005-02-07,9.36,9.36,9.26,9.33,630100,0.0
2005-02-08,9.31,9.32,9.27,9.27,534400,0.0
2005-02-09,9.21,9.33,9.15,9.33,1211600,0.0
2005-02-10,9.34,9.55,9.34,9.47,443600,0.0
2005-02-11,9.48,9.63,9.46,9.51,562500,0.0
2005-02-14,9.53,9.66,9.52,9.64,414700,0.0
2005-02-15,9.57,9.6,9.51,9.57,591000,0.0
2005-02-16,9.44,9.48,9.35,9.39,443400,0.0
2005-02-17,9.29,9.33,9.12,9.19,537700,0.0
2005-02-18,9.12,9.23,9.06,9.18,931400,0.0
2005-02-22,9.08,9.19,9.05,9.12,398200,0.0
2005-02-23,9.1,9.12,9.0,9.07,1195000,0.0
2005-02-24,9.01,9.04,8.95,9.03,1170400,0.0
2005-02-25,9.03,9.14,9.02,9.1,1416900,0.0
2005-02-28,9.16,9.29,9.15,9.17,901900,0.0
2005-03-01,9.18,9.19,9.1,9.13,501100,0.0
2005-03-02,9.09,9.14,9.05,9.13,621900,0.0
2005-03-03,9.09,9.12,9.04,9.07,702400,0.0
2005-03-04,9.11,9.17,9.09,9.15,843300,0.0
2005-03-07,9.14,9.15,9.1,9.12,422200,0.0
2005-03-08,9.11,9.11,9.02,9.05,563300,0.0
2005-03-09,9.2,9.27,9.15,9.24,526900,0.0
2005-03-10,9.17,9.27,9.16,9.25,543200,0.0
2005-03-11,9.43,9.47,9.31,9.31,1007200,0.0
2005-03-14,9.34,9.38,9.28,9.33,1361800,0.0
2005-03-15,9.31,9.31,9.22,9.24,528400,0.0
2005-03-16,9.24,9.24,9.09,9.12,536400,0.0
2005-03-17,9.11,9.21,9.08,9.21,1249800,0.0
2005-03-18,9.2,9.23,9.16,9.2,433700,0.0
2005-03-21,9.17,9.19,9.11,9.18,1244600,0.0
2005-03-22,9.15,9.22,9.1,9.13,1845400,0.0
2005-03-23,9.08,9.08,8.99,9.02,1209500,0.0
2005-03-24,8.77,8.94,8.76,8.92,1114100,0.0
2005-03-28,8.91,8.91,8.82,8.82,657900,0.0
2005-03-29,8.76,8.76,8.62,8.7,1031900,0.0
2005-03-30,8.65,8.75,8.65,8.72,551700,0.0
2005-03-31,8.7,8.71,8.6,8.65,873000,0.0
2005-04-01,8.64,8.83,8.64,8.8,615500,0.0
2005-04-04,8.73,8.73,8.55,8.63,830000,0.0
2005-04-05,8.66,8.67,8.61,8.64,391100,0.0
2005-04-06,8.66,8.78,8.66,8.73,384600,0.0
2005-04-07,8.82,8.82,8.7,8.72,427600,0.0
2005-04-08,8.73,8.78,8.68,8.73,406000,0.0
2005-04-11,8.77,8.82,8.76,8.79,414800,0.0
2005-04-12,8.72,8.82,8.66,8.81,416400,0.0
2005-04-13,8.8,8.81,8.66,8.71,380200,0.0
2005-04-14,8.63,8.7,8.6,8.64,358000,0.0
2005-04-15,8.54,8.61,8.47,8.47,475700,0.0
2005-04-18,8.17,8.38,8.16,8.23,1155800,0.0
2005-04-19,8.41,8.56,8.41,8.55,646900,0.0
2005-04-20,8.63,8.67,8.47,8.5,392400,0.0
2005-04-21,8.54,8.71,8.54,8.67,377100,0.0
2005-04-22,8.7,8.71,8.58,8.6,321600,0.0
2005-04-25,8.64,8.81,8.64,8.81,312000,0.0
2005-04-26,8.7,8.72,8.56,8.61,687600,0.0
2005-04-27,8.59,8.64,8.51,8.6,201700,0.0
2005-04-28,8.47,8.62,8.47,8.5,379600,0.0
2005-04-29,8.55,8.67,8.51,8.65,390100,0.0
2005-05-02,8.74,8.75,8.65,8.74,499400,0.0
2005-05-03,8.76,8.76,8.55,8.64,678200,0.0
2005-05-04,8.66,8.79,8.66,8.74,472300,0.0
2005-05-05,8.82,8.86,8.75,8.81,364000,0.0
2005-05-06,8.78,8.88,8.78,8.85,211000,0.0
2005-05-09,8.73,8.73,8.67,8.7,256200,0.0
2005-05-10,8.6,8.62,8.5,8.54,275300,0.0
2005-05-11,8.52,8.6,8.49,8.56,253800,0.0
2005-05-12,8.47,8.5,8.3,8.37,610600,0.0
2005-05-13,8.36,8.38,8.23,8.32,1655100,0.0
2005-05-16,8.28,8.36,8.27,8.34,591300,0.0
2005-05-17,8.25,8.32,8.22,8.29,825300,0.0
2005-05-18,8.25,8.32,8.21,8.29,777400,0.0
2005-05-19,8.35,8.44,8.33,8.42,1126000,0.0
2005-05-20,8.38,8.38,8.3,8.32,468800,0.0
2005-05-23,8.3,8.44,8.3,8.38,1022600,0.0
2005-05-24,8.38,8.45,8.37,8.43,487200,0.0
2005-05-25,8.4,8.41,8.31,8.38,431500,0.0
2005-05-26,8.32,8.32,8.26,8.27,663300,0.0
2005-05-27,8.24,8.24,8.16,8.2,580600,0.0
2005-05-31,8.28,8.37,8.28,8.3,599100,0.0
2005-06-01,8.36,8.48,8.31,8.43,989000,0.0
2005-06-02,8.4,8.45,8.37,8.39,345700,0.0
2005-06-03,8.36,8.47,8.34,8.38,307100,0.0
2005-06-06,8.4,8.49,8.4,8.47,338600,0.0
2005-06-07,8.44,8.56,8.44,8.51,221200,0.0
2005-06-08,8.59,8.59,8.45,8.47,359400,0.0
2005-06-09,8.41,8.5,8.4,8.46,262100,0.0
2005-06-10,8.42,8.5,8.35,8.36,477300,0.0
2005-06-13,8.35,8.36,8.3,8.33,206300,0.0
2005-06-14,8.34,8.37,8.32,8.36,387300,0.0
2005-06-15,8.43,8.55,8.43,8.52,798000,0.0
2005-06-16,8.6,8.7,8.57,8.66,654000,0.0
2005-06-17,8.72,8.75,8.68,8.71,380200,0.0
2005-06-20,8.68,8.68,8.55,8.6,317800,0.0
2005-06-21,8.62,8.77,8.62,8.72,507100,0.0
2005-06-22,8.75,8.78,8.56,8.64,524400,0.0
2005-06-23,8.77,8.77,8.6,8.61,275000,0.0
2005-06-24,8.56,8.62,8.49,8.55,775200,0.0
2005-06-27,8.39,8.54,8.39,8.5,462300,0.0
2005-06-28,8.43,8.54,8.42,8.48,463400,0.0
2005-06-29,8.5,8.58,8.48,8.5,336800,0.0
2005-06-30,8.56,8.57,8.46,8.48,416900,0.0
2005-07-01,8.39,8.48,8.39,8.45,708000,0.0
2005-07-05,8.47,8.53,8.4,8.51,524500,0.0
2005-07-06,8.44,8.44,8.31,8.35,550700,0.0
2005-07-07,8.28,8.43,8.25,8.42,484700,0.0
2005-07-08,8.4,8.49,8.37,8.49,435600,0.0
2005-07-11,8.47,8.5,8.44,8.48,333800,0.0
2005-07-12,8.49,8.57,8.45,8.55,466200,0.0
2005-07-13,8.47,8.47,8.39,8.44,407900,0.0
2005-07-14,8.41,8.46,8.38,8.41,334000,0.0
2005-07-15,8.36,8.45,8.34,8.42,276800,0.0
2005-07-18,8.39,8.45,8.39,8.42,376800,0.0
2005-07-19,8.28,8.3,8.24,8.26,733400,0.0
2005-07-20,8.22,8.23,8.08,8.22,744000,0.0
2005-07-21,8.22,8.3,8.19,8.26,427200,0.0
2005-07-22,8.2,8.25,8.15,8.18,456500,0.0
2005-07-25,8.2,8.22,8.13,8.21,429400,0.0
2005-07-26,8.08,8.15,7.95,8.1,470400,0.0
2005-07-27,8.19,8.28,8.16,8.23,656300,0.0
2005-07-28,8.26,8.36,8.245,8.36,734100,0.0
2005-07-29,8.36,8.4,8.29,8.3,369800,0.0
2005-08-01,8.4,8.47,8.38,8.46,862500,0.0
2005-08-02,8.45,8.61,8.44,8.58,1141200,0.0
2005-08-03,8.54,8.6,8.52,8.52,315300,0.0
2005-08-04,8.52,8.59,8.5,8.51,440500,0.0
2005-08-05,8.49,8.49,8.33,8.38,634500,0.0
2005-08-08,8.4,8.48,8.4,8.44,449100,0.0
2005-08-09,8.54,8.62,8.51,8.55,450300,0.0
2005-08-10,8.75,9.1,8.75,8.86,2235400,0.0
2005-08-11,9.07,9.29,9.064,9.29,1376300,0.0
2005-08-12,9.24,9.35,9.2,9.33,907200,0.0
2005-08-15,9.5,9.77,9.5,9.77,2061900,0.0
2005-08-16,9.7,9.75,9.574,9.59,1121600,0.0
2005-08-17,9.67,9.74,9.66,9.68,873800,0.0
2005-08-18,9.69,9.69,9.51,9.67,1040400,0.0
2005-08-19,9.71,9.8,9.7,9.74,786500,0.0
2005-08-22,10.2,10.29,10.08,10.25,2832300,0.0
2005-08-23,10.09,10.14,9.9,9.94,1656600,0.0
2005-08-24,10.3,10.41,10.3,10.32,1536300,0.0
2005-08-25,10.18,10.2,10.06,10.15,887800,0.0
2005-08-26,10.25,10.25,10.06,10.1,530800,0.0
2005-08-29,10.03,10.09,9.98,10.07,873600,0.0
2005-08-30,10.13,10.24,10.11,10.19,959700,0.0
2005-08-31,10.19,10.35,10.16,10.35,1049800,0.0
2005-09-01,10.15,10.3,10.12,10.22,1150100,0.0
2005-09-02,10.27,10.27,10.14,10.17,745900,0.0
2005-09-06,10.24,10.41,10.218,10.4,1378200,0.0
2005-09-07,10.17,10.25,10.14,10.2,2451300,0.0
2005-09-08,10.01,10.05,9.99,10.03,1973300,0.0
2005-09-09,10.21,10.4,10.21,10.37,1385900,0.0
2005-09-12,10.6,10.79,10.55,10.64,2728800,0.0
2005-09-13,10.6,10.62,10.49,10.52,1136600,0.0
2005-09-14,10.47,10.49,10.29,10.32,862100,0.0
2005-09-15,10.53,10.73,10.53,10.7,1253600,0.0
2005-09-16,10.8,10.98,10.78,10.95,1261700,0.0
2005-09-19,10.94,10.95,10.83,10.87,1990400,0.0
2005-09-20,11.07,11.25,11.01,11.1,3076800,0.0
2005-09-21,11.13,11.25,11.09,11.09,2457500,0.0
2005-09-22,11.12,11.17,11.0,11.16,862400,0.0
2005-09-23,11.16,11.25,11.04,11.06,988000,0.0
2005-09-26,11.17,11.24,11.07,11.13,1247700,0.0
2005-09-27,11.19,11.5,11.19,11.45,4245200,0.0
2005-09-28,12.2,12.311,12.19,12.24,2338700,0.0
2005-09-29,12.74,12.85,12.65,12.84,3110000,0.0
2005-09-30,13.02,13.05,12.61,13.03,1962600,0.0
2005-10-03,12.54,12.64,12.35,12.45,1217800,0.0
2005-10-04,12.25,12.39,12.2,12.21,1521100,0.0
2005-10-05,12.2,12.28,12.03,12.05,1506500,0.0
2005-10-06,11.75,12.05,11.67,11.79,2452500,0.0
2005-10-07,11.95,12.1,11.89,12.06,1453000,0.0
2005-10-10,12.1,12.12,11.95,11.98,1389300,0.0
2005-10-11,12.74,12.99,12.66,12.83,3476000,0.0
2005-10-12,12.71,12.78,12.53,12.57,2783900,0.0
2005-10-13,12.9,13.13,12.76,12.95,2085900,0.0
2005-10-14,12.7,12.99,12.63,12.95,1945700,0.0
2005-10-17,12.25,12.33,12.1,12.32,2998100,0.0
2005-10-18,12.17,12.2,12.01,12.15,2227500,0.0
2005-10-19,12.04,12.36,12.01,12.35,2395900,0.0
2005-10-20,12.33,12.3799,12.09,12.1,1864900,0.0
2005-10-21,12.59,12.59,12.25,12.41,1718000,0.0
2005-10-24,12.24,12.4,12.18,12.35,1599400,0.0
2005-10-25,12.2,12.35,12.1,12.15,1623400,0.0
2005-10-26,12.25,12.57,12.25,12.4,1473000,0.0
2005-10-27,12.5,12.58,12.3,12.3,1058200,0.0
2005-10-28,12.47,12.6,12.31,12.6,1250000,0.0
2005-10-31,12.6,12.74,12.6,12.69,1519800,0.0
2005-11-01,13.0,13.18,12.93,13.09,1142700,0.0
2005-11-02,13.48,13.91,13.35,13.88,2719300,0.0
2005-11-03,13.93,13.99,13.86,13.93,2714900,0.0
2005-11-04,13.92,14.19,13.92,14.07,2662900,0.0
2005-11-07,14.15,14.18,14.08,14.1,1318800,0.0
2005-11-08,13.88,13.88,13.64,13.65,1768500,0.0
2005-11-09,13.29,13.52,13.13,13.44,2061700,0.0
2005-11-10,13.25,13.3,13.06,13.27,1815100,0.0
2005-11-11,13.4,13.44,13.3,13.34,1063700,0.0
2005-11-14,12.99,13.14,12.89,13.04,2180200,0.0
2005-11-15,12.76,13.0,12.7,12.74,1997200,0.0
2005-11-16,12.8,12.9,12.78,12.83,1546300,0.0
2005-11-17,13.18,13.55,13.16,13.46,2973900,0.0
2005-11-18,13.46,13.5,13.22,13.3,1107400,0.0
2005-11-21,13.2,13.2,13.02,13.14,2044500,0.0
2005-11-22,12.68,12.84,12.57,12.83,2833400,0.0
2005-11-23,12.95,13.14,12.7725,13.04,1314000,0.0
2005-11-25,13.34,13.34,13.11,13.15,1099200,0.0
2005-11-28,12.95,12.95,12.73,12.84,1401700,0.0
2005-11-29,13.08,13.11,12.96,12.97,1163300,0.0
2005-11-30,12.7,12.76,12.65,12.65,2562300,0.0
2005-12-01,13.0,13.18,12.95,13.18,2692400,0.0
2005-12-02,13.0,13.0199,12.83,12.88,1331600,0.0
2005-12-05,13.18,13.18,13.02,13.09,1237100,0.0
2005-12-06,13.39,13.69,13.38,13.63,1753500,0.0
2005-12-07,13.5,13.54,13.33,13.44,1048600,0.0
2005-12-08,13.18,13.28,13.08,13.16,1617200,0.0
2005-12-09,13.45,13.61,13.43,13.58,939900,0.0
2005-12-12,13.74,13.85,13.74,13.82,1265200,0.0
2005-12-13,13.8,13.94,13.7001,13.88,1667300,0.0
2005-12-14,13.91,13.99,13.8,13.81,1250800,0.0
2005-12-15,13.87,13.94,13.79,13.86,1101000,0.0
2005-12-16,14.0,14.17,13.99,14.07,1132600,0.0
2005-12-19,14.21,14.34,14.12,14.17,1785000,0.0
2005-12-20,14.35,14.48,14.31,14.37,1188700,0.0
2005-12-21,14.29,14.36,14.23,14.33,953600,0.0
2005-12-22,14.19,14.3,14.15,14.27,1573600,0.0
2005-12-23,14.37,14.48,14.33,14.36,1724200,0.0
2005-12-27,14.27,14.29,13.94,14.0,1888500,0.0
2005-12-28,14.1,14.18,14.02,14.06,785400,0.0
2005-12-29,13.9,13.95,13.74,13.79,830800,0.0
2005-12-30,13.79,13.8,13.52,13.69,714500,0.0
2006-01-03,13.8,14.4,13.8,14.13,1478700,0.0
2006-01-04,14.03,14.24,14.03,14.23,2036600,0.0
2006-01-05,14.2,14.2,13.75,13.98,1755800,0.0
2006-01-06,13.93,14.13,13.86,13.99,1408000,0.0
2006-01-09,14.1,14.18,14.02,14.18,1204500,0.0
2006-01-10,13.5,13.6,13.34,13.4,2915300,0.0
2006-01-11,13.48,13.71,13.48,13.67,1572300,0.0
2006-01-12,13.55,13.55,13.19,13.32,1261700,0.0
2006-01-13,13.27,13.31,13.18,13.25,1115600,0.0
2006-01-17,13.4,13.41,13.3,13.36,2176200,0.0
2006-01-18,13.12,13.32,13.01,13.25,1887300,0.0
2006-01-19,13.45,13.59,13.37,13.54,2000400,0.0
2006-01-20,13.3,13.31,12.8,12.91,2041300,0.0
2006-01-23,13.13,13.21,13.01,13.18,2291900,0.0
2006-01-24,13.2,13.34,13.19,13.22,1159400,0.0
2006-01-25,13.37,13.37,13.21,13.26,873000,0.0
2006-01-26,13.7,13.95,13.67,13.87,1591600,0.0
2006-01-27,14.12,14.39,14.12,14.28,1492400,0.0
2006-01-30,14.4,14.4,14.1,14.24,1398800,0.0
2006-01-31,14.42,14.48,14.25,14.45,1363600,0.0
2006-02-01,14.25,14.3,14.1,14.29,815100,0.0
2006-02-02,14.29,14.33,14.08,14.12,777600,0.0
2006-02-03,14.08,14.29,14.02,14.18,1074300,0.0
2006-02-06,13.95,13.98,13.78,13.86,1149000,0.0
2006-02-07,13.83,13.96,13.8,13.85,1002300,0.0
2006-02-08,13.75,13.82,13.62,13.77,677800,0.0
2006-02-09,13.83,14.0,13.75,13.78,1628200,0.0
2006-02-10,13.79,13.84,13.57,13.72,970500,0.0
2006-02-13,13.76,13.76,13.52,13.6,1142500,0.0
2006-02-14,13.65,13.93,13.61,13.92,1210500,0.0
2006-02-15,13.99,14.05,13.83,13.92,961700,0.0
2006-02-16,13.97,14.15,13.93,14.15,1319100,0.0
2006-02-17,13.51,13.88,13.51,13.87,1536600,0.0
2006-02-21,13.6,13.66,13.45,13.55,1148700,0.0
2006-02-22,13.5,13.85,13.46,13.78,3505800,0.0
2006-02-23,13.99,14.13,13.91,13.98,2348200,0.0
2006-02-24,14.24,14.48,14.2,14.35,2071600,0.0
2006-02-27,14.51,14.8,14.51,14.78,2336700,0.0
2006-02-28,15.09,15.09,14.85,14.9,2474900,0.0
2006-03-01,14.88,15.0,14.8,14.95,1816000,0.0
2006-03-02,14.73,14.78,14.6,14.66,2207000,0.0
2006-03-03,14.67,14.7,14.45,14.6,1897100,0.0
2006-03-06,14.4,14.42,14.17,14.21,1981300,0.0
2006-03-07,14.16,14.23,13.99,14.16,1374800,0.0
2006-03-08,14.17,14.2,13.8,14.11,2224300,0.0
2006-03-09,14.4,14.55,14.11,14.13,1956100,0.0
2006-03-10,14.32,14.4,14.22,14.39,1417400,0.0
2006-03-13,14.47,14.67,14.47,14.61,1380300,0.0
2006-03-14,14.5,14.8,14.4,14.76,2952400,0.0
2006-03-15,14.5,14.55,14.38,14.48,2098700,0.0
2006-03-16,14.19,14.26,14.1,14.21,2318000,0.0
2006-03-17,14.45,14.48,14.32,14.44,1416900,0.0
2006-03-20,14.65,14.69,14.51,14.55,1487600,0.0
2006-03-21,14.55,14.66,14.41,14.44,1210900,0.0
2006-03-22,14.42,14.49,14.33,14.47,963100,0.0
2006-03-23,14.37,14.37,14.08,14.16,1269700,0.0
2006-03-24,14.3,14.49,14.24,14.42,770400,0.0
2006-03-27,14.48,14.52,14.45,14.47,804700,0.0
2006-03-28,14.3,14.39,14.2,14.23,1200600,0.0
2006-03-29,14.42,14.69,14.42,14.67,1086400,0.0
2006-03-30,15.2,15.56,15.1,15.49,4380200,0.0
2006-03-31,15.38,15.41,15.08,15.21,2069800,0.0
2006-04-03,15.6,15.68,15.47,15.6,1907100,0.0
2006-04-04,15.43,15.49,15.34,15.47,1039100,0.0
2006-04-05,15.65,15.86,15.64,15.83,1312800,0.0
2006-04-06,16.15,16.19,16.01,16.15,2268000,0.0
2006-04-07,16.3,16.35,16.03,16.11,1310700,0.0
2006-04-10,16.29,16.29,16.06,16.18,880200,0.0
2006-04-11,16.05,16.099,15.76,15.89,1160400,0.0
2006-04-12,15.65,15.74,15.48,15.72,1049100,0.0
2006-04-13,15.58,15.74,15.51,15.65,858300,0.0
2006-04-17,15.6,15.6,15.19,15.41,1032300,0.0
2006-04-18,15.65,16.07,15.65,16.01,1425400,0.0
2006-04-19,15.6,15.78,15.6,15.73,2196700,0.0
2006-04-20,15.64,15.67,15.51,15.61,1360800,0.0
2006-04-21,15.78,15.79,15.62,15.68,802400,0.0
2006-04-24,15.61,15.85,15.45,15.78,2089800,0.0
2006-04-25,16.0,16.06,15.88,15.92,1098400,0.0
2006-04-26,15.93,15.94,15.77,15.83,934700,0.0
2006-04-27,15.77,16.06,15.64,15.9,1125500,0.0
2006-04-28,15.71,15.79,15.65,15.66,819800,0.0
2006-05-01,15.82,16.05,15.66,15.71,1006700,0.0
2006-05-02,15.82,15.97,15.72,15.79,1113800,0.0
2006-05-03,15.91,16.05,15.81,16.05,921700,0.0
2006-05-04,16.02,16.04,15.89,16.01,611300,0.0
2006-05-05,16.09,16.29,16.04,16.23,978400,0.0
2006-05-08,16.72,16.75,16.54,16.6,1232800,0.0
2006-05-09,16.55,16.68,16.46,16.68,1249700,0.0
2006-05-10,16.58,16.6099,16.37,16.42,1049600,0.0
2006-05-11,16.35,16.39,15.84,15.89,1492500,0.0
2006-05-12,16.01,16.03,15.71,15.73,1138000,0.0
2006-05-15,15.93,16.11,15.85,16.02,1614800,0.0
2006-05-16,15.65,15.77,15.47,15.7,2598300,0.0
2006-05-17,15.64,15.74,14.96,15.07,2398200,0.0
2006-05-18,15.03,15.24,14.96,14.98,1238200,0.0
2006-05-19,14.99,15.2,14.84,15.07,1112700,0.0
2006-05-22,14.33,14.48,12.94,13.79,6489800,0.0
2006-05-23,13.56,14.08,13.55,13.74,5357300,0.0
2006-05-24,13.67,13.75,13.05,13.37,3557400,0.0
2006-05-25,13.37,13.49,13.27,13.4,1388700,0.0
2006-05-26,13.56,13.65,13.51,13.62,1987800,0.0
2006-05-30,13.97,13.98,13.48,13.49,1881000,0.0
2006-05-31,13.58,13.92,13.58,13.76,1672500,0.0
2006-06-01,13.76,14.0,13.65,14.0,2087300,0.0
2006-06-02,14.1,14.13,13.9,13.98,1638200,0.0
2006-06-05,13.51,13.85,13.4501,13.54,1955600,0.0
2006-06-06,13.29,13.43,13.12,13.29,1751000,0.0
2006-06-07,13.3,13.35,13.13,13.19,3351100,0.0
2006-06-08,13.1,13.16,12.25,12.71,7610700,0.0
2006-06-09,12.95,13.25,12.69,12.84,3495900,0.0
2006-06-12,12.88,12.94,12.54,12.59,2356800,0.0
2006-06-13,12.45,12.55,12.25,12.4,2076400,0.0
2006-06-14,12.37,12.39,11.99,12.39,1922900,0.0
2006-06-15,12.73,13.07,12.67,12.95,3354800,0.0
2006-06-16,12.98,12.99,12.79,12.82,1125000,0.0
2006-06-19,12.75,12.8,12.6,12.61,1271200,0.0
2006-06-20,12.85,12.85,12.62,12.68,2039800,0.0
2006-06-21,12.65,12.9,12.61,12.85,1561100,0.0
2006-06-22,12.91,12.93,12.68,12.8,997800,0.0
2006-06-23,12.91,12.95,12.84,12.88,1444100,0.0
2006-06-26,13.0,13.16,12.98,13.16,1257800,0.0
2006-06-27,13.19,13.28,12.98,13.05,992000,0.0
2006-06-28,13.29,13.29,13.1,13.17,1588400,0.0
2006-06-29,13.67,14.07,13.45,13.97,2928800,0.0
2006-06-30,13.96,14.0,13.81,13.95,1222700,0.0
2006-07-03,14.1,14.24,14.0,14.24,625900,0.0
2006-07-05,13.9,13.9,13.6,13.69,1601900,0.0
2006-07-06,13.69,13.82,13.58,13.69,1089000,0.0
2006-07-07,13.63,13.677,13.47,13.5,841900,0.0
2006-07-10,14.15,14.28,14.08,14.16,1495900,0.0
2006-07-11,14.35,14.37,14.05,14.34,1929400,0.0
2006-07-12,14.12,14.12,13.88,14.0,735500,0.0
2006-07-13,14.02,14.1355,13.64,13.64,1918500,0.0
2006-07-14,13.5,13.5,13.25,13.45,1515300,0.0
2006-07-17,13.27,13.4,13.22,13.32,1553400,0.0
2006-07-18,13.14,13.15,12.78,13.08,2383400,0.0
2006-07-19,12.99,13.53,12.9101,13.44,2483100,0.0
2006-07-20,13.37,13.41,13.13,13.13,1253600,0.0
2006-07-21,13.4,13.44,13.21,13.27,1076500,0.0
2006-07-24,13.43,13.55,13.33,13.5,1002300,0.0
2006-07-25,13.3,13.41,13.23,13.33,1316100,0.0
2006-07-26,13.14,13.24,13.05,13.12,918900,0.0
2006-07-27,13.41,13.55,13.4,13.45,1365300,0.0
2006-07-28,13.8,14.15,13.8,14.09,1665100,0.0
2006-07-31,13.9,13.99,13.78,13.95,1057500,0.0
2006-08-01,13.5,13.58,13.3,13.43,1984800,0.0
2006-08-02,13.5,13.71,13.5,13.66,1473700,0.0
2006-08-03,13.29,13.56,13.29,13.51,1798700,0.0
2006-08-04,13.75,13.93,13.51,13.68,2753700,0.0
2006-08-07,13.53,13.54,13.3001,13.47,1227300,0.0
2006-08-08,13.37,13.52,13.35,13.42,1086100,0.0
2006-08-09,13.71,13.85,13.63,13.65,958700,0.0
2006-08-10,13.89,13.97,13.81,13.9,1108200,0.0
2006-08-11,13.73,13.73,13.47,13.5,703000,0.0
2006-08-14,13.68,13.84,13.65,13.74,817800,0.0
2006-08-15,13.91,14.15,13.89,14.03,1184200,0.0
2006-08-16,14.1,14.28,14.1,14.26,1628100,0.0
2006-08-17,14.09,14.28,14.07,14.21,731600,0.0
2006-08-18,14.15,14.22,14.08,14.2,676100,0.0
2006-08-21,14.2,14.2,14.07,14.08,711100,0.0
2006-08-22,14.1,14.13,14.02,14.07,952600,0.0
2006-08-23,14.08,14.15,13.99,14.07,1233500,0.0
2006-08-24,13.93,13.99,13.84,13.86,1204900,0.0
2006-08-25,13.86,13.91,13.8,13.81,1064400,0.0
2006-08-28,13.57,13.73,13.53,13.65,1227800,0.0
2006-08-29,13.67,13.79,13.6,13.75,577800,0.0
2006-08-30,13.64,13.71,13.58,13.66,683500,0.0
2006-08-31,13.61,13.67,13.53,13.57,1067000,0.0
2006-09-01,13.67,13.79,13.64,13.75,1258200,0.0
2006-09-05,13.9,13.91,13.82,13.89,587100,0.0
2006-09-06,13.81,13.81,13.52,13.55,598900,0.0
2006-09-07,13.5,13.5,13.32,13.44,884400,0.0
2006-09-08,13.48,13.48,13.39,13.46,548500,0.0
2006-09-11,13.24,13.24,13.04,13.15,1449300,0.0
2006-09-12,13.08,13.28,13.08,13.25,3945800,0.0
2006-09-13,12.94,12.96,12.76,12.91,2436400,0.0
2006-09-14,12.75,12.83,12.69,12.75,1630300,0.0
2006-09-15,12.84,12.85,12.71,12.72,1214000,0.0
2006-09-18,12.72,12.8,12.7,12.75,893500,0.0
2006-09-19,12.71,12.71,12.42,12.53,1418800,0.0
2006-09-20,12.41,12.48,12.34,12.37,3175500,0.0
2006-09-21,12.41,12.54,12.37,12.44,1280500,0.0
2006-09-22,12.49,12.51,12.37,12.45,1212600,0.0
2006-09-25,12.3,12.38,12.17,12.35,1710500,0.0
2006-09-26,12.25,12.39,12.19,12.34,2372000,0.0
2006-09-27,12.67,12.75,12.66,12.72,1996700,0.0
2006-09-28,12.65,12.78,12.64,12.77,1068300,0.0
2006-09-29,12.82,12.9,12.8,12.81,1048500,0.0
2006-10-02,12.94,13.06,12.92,12.99,2632300,0.0
2006-10-03,12.81,12.93,12.75,12.87,1354500,0.0
2006-10-04,12.78,12.99,12.71,12.95,1615200,0.0
2006-10-05,13.01,13.07,12.95,13.06,1775500,0.0
2006-10-06,13.07,13.12,13.01,13.08,673900,0.0
2006-10-09,12.76,13.04,12.76,13.01,619400,0.0
2006-10-10,13.11,13.22,13.05,13.16,1584200,0.0
2006-10-11,13.12,13.24,13.07,13.17,979600,0.0
2006-10-12,12.84,12.97,12.7899,12.93,1859100,0.0
2006-10-13,12.72,12.7201,12.65,12.7,1538400,0.0
2006-10-16,12.84,12.9,12.78,12.9,806900,0.0
2006-10-17,12.71,12.72,12.58,12.65,921700,0.0
2006-10-18,12.64,12.72,12.6,12.62,834600,0.0
2006-10-19,12.6,12.69,12.57,12.63,608200,0.0
2006-10-20,12.51,12.57,12.45,12.53,671700,0.0
2006-10-23,12.53,12.76,12.52,12.76,1028000,0.0
2006-10-24,12.71,12.75,12.63,12.71,722100,0.0
2006-10-25,12.6,12.75,12.6,12.73,1070400,0.0
2006-10-26,12.8,12.99,12.79,12.95,1111500,0.0
2006-10-27,12.9,12.9,12.6801,12.71,648400,0.0
2006-10-30,12.6,12.7,12.59,12.64,938300,0.0
2006-10-31,12.64,12.78,12.56,12.75,1799200,0.0
2006-11-01,12.81,12.84,12.6,12.63,492300,0.0
2006-11-02,12.56,12.56,12.46,12.55,767200,0.0
2006-11-03,12.48,12.55,12.43,12.46,2325400,0.0
2006-11-06,12.41,12.51,12.38,12.5,1496100,0.0
2006-11-07,12.31,12.47,12.31,12.37,1680000,0.0
2006-11-08,12.3,12.3,12.16,12.22,2120500,0.0
2006-11-09,12.01,12.05,11.92,11.92,2283300,0.0
2006-11-10,11.96,12.02,11.9,11.95,1416900,0.0
2006-11-13,11.94,11.94,11.85,11.89,1904600,0.0
2006-11-14,12.22,12.4104,12.22,12.36,2413700,0.0
2006-11-15,12.43,12.59,12.4,12.52,2693300,0.0
2006-11-16,12.23,12.23,12.13,12.19,1757600,0.0
2006-11-17,12.1,12.15,11.95,12.08,2125200,0.0
2006-11-20,11.84,11.87,11.73,11.81,4061800,0.0
2006-11-21,11.8,11.85,11.76,11.79,1761200,0.0
2006-11-22,12.07,12.101,12.04,12.07,1935200,0.0
2006-11-24,11.9,11.92,11.84,11.87,1068500,0.0
2006-11-27,12.15,12.15,11.88,11.89,1739000,0.0
2006-11-28,12.14,12.22,12.08,12.2,2194100,0.0
2006-11-29,12.48,12.57,12.44,12.49,2247400,0.0
2006-11-30,12.69,12.77,12.62,12.74,1597600,0.0
2006-12-01,12.82,12.82,12.61,12.7,1374200,0.0
2006-12-04,12.71,12.89,12.71,12.85,2335000,0.0
2006-12-05,12.75,12.79,12.72,12.73,1970100,0.0
2006-12-06,12.76,12.86,12.76,12.84,936700,0.0
2006-12-07,12.77,12.78,12.7,12.7,732000,0.0
2006-12-08,12.63,12.74,12.55,12.63,1404800,0.0
2006-12-11,12.59,12.62,12.49,12.56,1028900,0.0
2006-12-12,12.59,12.64,12.55,12.62,1192700,0.0
2006-12-13,12.62,12.62,12.49,12.54,1019800,0.0
2006-12-14,12.64,12.82,12.64,12.77,1513200,0.0
2006-12-15,12.77,12.87,12.75,12.75,1280400,0.0
2006-12-18,12.8,12.8,12.66,12.67,869500,0.0
2006-12-19,12.55,12.75,12.55,12.75,2211800,0.0
2006-12-20,12.73,12.8,12.69,12.71,1142000,0.0
2006-12-21,12.68,12.68,12.57,12.6,1499300,0.0
2006-12-22,12.56,12.56,12.4,12.47,1249100,0.0
2006-12-26,12.45,12.45,12.35,12.44,916200,0.0
2006-12-27,12.45,12.5,12.4,12.49,1010100,0.0
2006-12-28,12.53,12.57,12.46,12.55,923600,0.0
2006-12-29,12.52,12.53,12.43,12.45,849800,0.0
2007-01-03,12.59,12.59,12.38,12.43,1796900,0.0
2007-01-04,12.5,12.57,12.39,12.56,1034900,0.0
2007-01-05,12.59,12.59,12.43,12.49,1311500,0.0
2007-01-08,12.54,12.55,12.43,12.51,1216900,0.0
2007-01-09,12.59,12.68,12.55,12.64,1454300,0.0
2007-01-10,12.55,12.61,12.44,12.56,1156500,0.0
2007-01-11,12.38,12.44,12.34,12.36,1458700,0.0
2007-01-12,12.48,12.6699,12.48,12.64,1855000,0.0
2007-01-16,12.79,12.85,12.66,12.85,2814800,0.0
2007-01-17,12.77,12.8,12.67,12.71,1573100,0.0
2007-01-18,12.71,12.72,12.56,12.61,1722700,0.0
2007-01-19,12.55,12.58,12.49,12.56,1087200,0.0
2007-01-22,12.66,12.75,12.6375,12.68,1010200,0.0
2007-01-23,12.68,12.76,12.62,12.71,1450000,0.0
2007-01-24,12.62,12.72,12.58,12.7,1393600,0.0
2007-01-25,12.7,12.7,12.41,12.48,1205400,0.0
2007-01-26,12.47,12.47,12.3,12.36,1212400,0.0
2007-01-29,12.15,12.17,12.08,12.12,1588400,0.0
2007-01-30,12.09,12.17,12.0,12.14,2805400,0.0
2007-01-31,12.06,12.15,12.0,12.15,2020000,0.0
2007-02-01,12.15,12.25,12.15,12.2,1143000,0.0
2007-02-02,12.1,12.1099,11.97,12.05,1900500,0.0
2007-02-05,11.9,11.91,11.78,11.83,2211500,0.0
2007-02-06,11.8,11.8,11.65,11.75,1539200,0.0
2007-02-07,11.68,11.84,11.67,11.72,2740500,0.0
2007-02-08,11.62,11.63,11.49,11.57,2123500,0.0
2007-02-09,11.83,11.95,11.74,11.79,2021300,0.0
2007-02-12,11.91,11.91,11.72,11.79,1337732,0.0
2007-02-13,12.03,12.19,12.03,12.14,1973646,0.0
2007-02-14,12.2,12.42,12.2,12.41,1756776,0.0
2007-02-15,12.5,12.52,12.44,12.5,1820800,0.0
2007-02-16,12.5,12.53,12.45,12.49,864200,0.0
2007-02-20,12.49,12.53,12.39,12.5,1134100,0.0
2007-02-21,12.5,12.61,12.47,12.6,1533000,0.0
2007-02-22,12.61,12.7,12.56,12.62,1947300,0.0
2007-02-23,12.62,12.62,12.52,12.57,1062300,0.0
2007-02-26,12.58,12.59,12.42,12.48,1046149,0.0
2007-02-27,12.31,12.41,11.92,12.1,2058000,0.0
2007-02-28,12.48,12.48,12.14,12.22,1985400,0.0
2007-03-01,12.0,12.14,11.83,12.1,1309728,0.0
2007-03-02,12.02,12.04,11.92,11.93,1211300,0.0
2007-03-05,11.9,11.95,11.7822,11.84,1557803,0.0
2007-03-06,12.02,12.08,11.9101,11.99,1400600,0.0
2007-03-07,11.9,12.0014,11.87,11.95,1419300,0.0
2007-03-08,12.13,12.13,11.77,11.94,4263200,0.0
2007-03-09,11.95,12.0,11.82,11.93,977800,0.0
2007-03-12,11.83,12.0,11.82,11.92,1871900,0.0
2007-03-13,11.88,11.88,11.62,11.64,1752300,0.0
2007-03-14,11.66,11.81,11.55,11.74,1836100,0.0
2007-03-15,11.53,11.59,11.22,11.5,2273889,0.0
2007-03-16,11.29,11.37,11.16,11.25,2061480,0.0
2007-03-19,11.01,11.12,11.0,11.09,2183200,0.0
2007-03-20,11.16,11.41,11.15,11.36,1855100,0.0
2007-03-21,11.35,11.59,11.28,11.57,2684800,0.0
2007-03-22,11.57,11.65,11.52,11.61,2339200,0.0
2007-03-23,11.65,11.73,11.61,11.67,2218500,0.0
2007-03-26,11.6,11.64,11.46,11.59,1029800,0.0
2007-03-27,11.47,11.47,11.28,11.37,1411000,0.0
2007-03-28,11.37,11.37,11.17,11.23,1814400,0.0
2007-03-29,11.3,11.357,11.24,11.33,916100,0.0
2007-03-30,11.33,11.43,11.25,11.26,2135400,0.0
2007-04-02,11.21,11.35,11.16,11.31,1009300,0.0
2007-04-03,11.5,11.62,11.49,11.52,1119300,0.0
2007-04-04,11.61,11.65,11.51,11.65,1181300,0.0
2007-04-05,11.5,11.61,11.5,11.56,924200,0.0
2007-04-09,11.56,11.63,11.46,11.56,1497556,0.0
2007-04-10,11.58,11.72,11.58,11.67,2266900,0.0
2007-04-11,11.6,11.61,11.47,11.52,1121700,0.0
2007-04-12,11.38,11.47,11.29,11.45,1059475,0.0
2007-04-13,11.3,11.31,11.23,11.3,1266206,0.0
2007-04-16,11.24,11.34,11.21,11.3,2050983,0.0
2007-04-17,11.2,11.23,11.13,11.21,1241400,0.0
2007-04-18,11.16,11.25,11.16,11.2,965500,0.0
2007-04-19,11.03,11.07,10.98,11.02,1861426,0.0
2007-04-20,11.08,11.08,10.99,11.02,1602110,0.0
2007-04-23,10.91,10.94,10.85,10.89,1216800,0.0
2007-04-24,10.89,11.0,10.83,10.9,1346600,0.0
2007-04-25,10.89,10.99,10.86,10.98,1862900,0.0
2007-04-26,10.77,10.8,10.66,10.73,2580880,0.0
2007-04-27,10.51,10.57,10.45,10.48,1774915,0.0
2007-04-30,10.49,10.58,10.42,10.45,1251670,0.0
2007-05-01,10.49,10.54,10.41,10.48,1376200,0.0
2007-05-02,10.57,10.65,10.49,10.64,1372500,0.0
2007-05-03,10.73,10.73,10.59,10.6,975100,0.0
2007-05-04,10.65,10.65,10.58,10.6,774400,0.0
2007-05-07,10.83,10.87,10.76,10.85,2636400,0.0
2007-05-08,11.0,11.05,10.94,10.98,2461600,0.0
2007-05-09,11.18,11.28,11.14,11.22,1987700,0.0
2007-05-10,11.23,11.23,10.97,11.0,2679600,0.0
2007-05-11,11.1,11.24,11.08,11.22,2696400,0.0
2007-05-14,11.16,11.19,10.88,11.14,2150600,0.0
2007-05-15,11.08,11.15,11.06,11.08,3237100,0.0
2007-05-16,11.04,11.06,10.92,10.97,3093700,0.0
2007-05-17,10.84,10.88,10.78,10.82,4078830,0.0
2007-05-18,10.83,10.87,10.8,10.85,1500400,0.0
2007-05-21,10.82,10.93,10.82,10.9,1451035,0.0
2007-05-22,11.25,11.72,11.22,11.45,4807378,0.0
2007-05-23,11.66,11.71,11.58,11.58,1603250,0.0
2007-05-24,11.57,11.67,11.45,11.48,1628800,0.0
2007-05-25,11.38,11.4,11.27,11.34,1689128,0.0
2007-05-29,11.5,11.56,11.47,11.51,1199700,0.0
2007-05-30,11.41,11.53,11.39,11.53,1208382,0.0
2007-05-31,11.54,11.55,11.43,11.53,2652100,0.0
2007-06-01,11.5,11.62,11.5,11.6,2311300,0.0
2007-06-04,11.6,11.64,11.54,11.61,1319200,0.0
2007-06-05,11.51,11.51,11.36,11.41,1623900,0.0
2007-06-06,11.52,11.63,11.49,11.53,1295500,0.0
2007-06-07,11.53,11.58,11.4,11.4,1321200,0.0
2007-06-08,11.38,11.56,11.38,11.53,1088400,0.0
2007-06-11,11.51,11.65,11.51,11.58,918290,0.0
2007-06-12,11.59,11.69,11.54,11.57,1165500,0.0
2007-06-13,11.58,11.58,11.47,11.54,1124600,0.0
2007-06-14,11.63,11.63,11.51,11.58,907500,0.0
2007-06-15,11.6,11.7,11.6,11.62,797447,0.0
2007-06-18,11.35,11.6,11.35,11.53,910713,0.0
2007-06-19,11.38,11.51,11.38,11.48,1082650,0.0
2007-06-20,11.46,11.48,11.29,11.31,1442700,0.0
2007-06-21,11.32,11.39,11.22,11.38,1574200,0.0
2007-06-22,11.16,11.18,10.95,10.97,2831000,0.0
2007-06-25,10.95,10.99,10.7,10.86,2298800,0.0
2007-06-26,11.05,11.15,10.98,11.0,2105000,0.0
2007-06-27,10.94,11.03,10.83,11.01,1671900,0.0
2007-06-28,11.1,11.17,11.03,11.08,1993600,0.0
2007-06-29,11.05,11.26,10.99,11.02,1243300,0.0
2007-07-02,11.2,11.42,11.15,11.36,2930500,0.0
2007-07-03,11.48,11.48,11.26,11.31,935389,0.0
2007-07-05,11.14,11.17,11.06,11.14,1156300,0.0
2007-07-06,11.06,11.15,11.04,11.08,1091142,0.0
2007-07-09,11.17,11.23,11.17,11.19,783317,0.0
2007-07-10,11.13,11.13,11.0,11.09,1563700,0.0
2007-07-11,11.0,11.08,10.9788,11.08,928200,0.0
2007-07-12,11.1,11.29,11.09,11.26,2580750,0.0
2007-07-13,11.22,11.28,11.21,11.23,648300,0.0
2007-07-16,11.26,11.3,11.2,11.24,886300,0.0
2007-07-17,11.05,11.1,11.01,11.06,1084900,0.0
2007-07-18,10.97,10.97,10.84,10.93,1357400,0.0
2007-07-19,10.89,10.9031,10.79,10.83,1681600,0.0
2007-07-20,10.75,10.75,10.6,10.64,1430113,0.0
2007-07-23,10.7,10.77,10.66,10.7,1433445,0.0
2007-07-24,10.82,10.83,10.66,10.71,1689700,0.0
2007-07-25,11.04,11.07,10.92,11.01,1988364,0.0
2007-07-26,10.98,11.01,10.6922,10.87,2871062,0.0
2007-07-27,10.85,10.86,10.69,10.71,1494300,0.0
2007-07-30,10.78,10.83,10.61,10.82,2236700,0.0
2007-07-31,10.8,10.82,10.62,10.64,3310700,0.0
2007-08-01,10.33,10.34,9.9,10.11,3524916,0.0
2007-08-02,10.03,10.11,9.93,10.03,2632548,0.0
2007-08-03,10.02,10.04,9.8,9.8,1726800,0.0
2007-08-06,9.82,9.91,9.71,9.89,2927314,0.0
2007-08-07,9.73,9.95,9.52,9.85,2027700,0.0
2007-08-08,10.16,10.3,10.11,10.2,2026035,0.0
2007-08-09,10.1,10.18,9.97,10.02,1765400,0.0
2007-08-10,9.91,9.98,9.77,9.95,2336139,0.0
2007-08-13,9.92,10.61,9.73,9.74,1846800,0.0
2007-08-14,9.71,9.71,9.37,9.44,3181166,0.0
2007-08-15,9.21,9.3,9.03,9.12,2515500,0.0
2007-08-16,9.35,9.72,9.3,9.7,2940270,0.0
2007-08-17,9.91,10.01,9.26,9.66,2256500,0.0
2007-08-20,9.55,9.96,9.47,9.59,1463500,0.0
2007-08-21,9.52,9.66,9.5,9.6,2044200,0.0
2007-08-22,9.43,9.6,9.43,9.6,1356400,0.0
2007-08-23,9.72,9.79,9.68,9.73,1746800,0.0
2007-08-24,9.67,9.91,9.67,9.87,1056800,0.0
2007-08-27,9.82,9.86,9.69,9.71,1050727,0.0
2007-08-28,9.61,9.65,9.45,9.48,1265000,0.0
2007-08-29,9.5,9.7,9.5,9.65,1366400,0.0
2007-08-30,9.34,9.54,9.33,9.45,1416600,0.0
2007-08-31,9.6,9.65,9.54,9.6,1158900,0.0
2007-09-04,9.46,9.49,9.3999,9.47,1724027,0.0
2007-09-05,9.37,9.41,9.3,9.37,1137100,0.0
2007-09-06,9.33,9.4,9.3,9.35,733100,0.0
2007-09-07,9.25,9.26,9.08,9.14,1207200,0.0
2007-09-10,9.14,9.14,8.96,9.01,1375000,0.0
2007-09-11,9.08,9.21,9.08,9.2,1403500,0.0
2007-09-12,8.96,9.02,8.91,8.97,1087900,0.0
2007-09-13,8.89,8.91,8.74,8.81,1675800,0.0
2007-09-14,8.96,9.1,8.92,9.06,1280400,0.0
2007-09-17,9.01,9.06,8.95,8.98,792900,0.0
2007-09-18,8.76,8.88,8.6,8.86,2887000,0.0
2007-09-19,9.08,9.19,9.0499,9.11,2779700,0.0
2007-09-20,9.1,9.11,8.91,8.92,2309200,0.0
2007-09-21,8.84,8.9,8.2784,8.32,5011200,0.0
2007-09-24,8.44,8.59,8.3,8.5,2166900,0.0
2007-09-25,8.61,8.86,8.51,8.86,2315400,0.0
2007-09-26,8.99,9.16,8.85,9.13,2925600,0.0
2007-09-27,9.4,9.55,9.18,9.4,3249000,0.0
2007-09-28,9.23,9.25,9.04,9.08,2110100,0.0
2007-10-01,9.15,9.34,9.11,9.3,1637000,0.0
2007-10-02,9.53,9.71,9.52,9.71,2803100,0.0
2007-10-03,9.85,9.92,9.75,9.78,3023600,0.0
2007-10-04,10.04,10.1,10.0,10.06,1701400,0.0
2007-10-05,10.2,10.27,10.14,10.19,3337000,0.0
2007-10-08,10.24,10.24,10.1,10.18,1122900,0.0
2007-10-09,10.11,10.21,10.1,10.21,895800,0.0
2007-10-10,10.16,10.21,10.01,10.06,1023400,0.0
2007-10-11,9.98,10.04,9.82,9.9,1501200,0.0
2007-10-12,9.9,9.94,9.87,9.9,1252500,0.0
2007-10-15,9.5,9.55,9.33,9.41,2578100,0.0
2007-10-16,9.05,9.07,8.89,8.91,2214800,0.0
2007-10-17,8.64,8.87,8.49,8.77,4120400,0.0
2007-10-18,9.0,9.0,8.84,8.88,3464300,0.0
2007-10-19,8.8,8.92,8.6,8.61,2225500,0.0
2007-10-22,8.86,9.09,8.86,9.0,3230500,0.0
2007-10-23,9.05,9.19,9.04,9.15,3064400,0.0
2007-10-24,9.06,9.1,8.88,9.01,2723700,0.0
2007-10-25,8.95,8.97,8.79,8.9,1976300,0.0
2007-10-26,8.85,9.31,8.84,9.26,1842500,0.0
2007-10-29,9.44,9.55,9.44,9.52,1664000,0.0
2007-10-30,9.58,9.7,9.58,9.67,1205100,0.0
2007-10-31,9.85,10.02,9.76,9.96,2467500,0.0
2007-11-01,9.54,9.55,9.37,9.42,2170500,0.0
2007-11-02,9.06,9.15,8.91,8.96,3318400,0.0
2007-11-05,8.88,8.88,8.69,8.74,2522535,0.0
2007-11-06,8.6,9.0,8.55,8.99,1398500,0.0
2007-11-07,8.77,8.84,8.59,8.59,1636950,0.0
2007-11-08,8.4,8.63,8.4,8.55,1537500,0.0
2007-11-09,8.19,8.32,8.0401,8.25,5113050,0.0
2007-11-12,8.36,8.46,8.2,8.21,3055025,0.0
2007-11-13,8.33,8.56,8.31,8.56,2336086,0.0
2007-11-14,8.56,8.8,8.56,8.65,2865720,0.0
2007-11-15,8.61,8.77,8.44,8.52,3603000,0.0
2007-11-16,8.68,8.68,8.3,8.38,2311335,0.0
2007-11-19,8.22,8.54,8.22,8.41,2600070,0.0
2007-11-20,8.33,8.52,8.18,8.39,4042700,0.0
2007-11-21,8.39,8.48,8.16,8.26,2497900,0.0
2007-11-23,8.3,8.7,8.07,8.66,1724200,0.0
2007-11-26,8.91,9.08,8.78,8.85,3873236,0.0
2007-11-27,9.39,9.5,9.23,9.38,6727145,0.0
2007-11-28,9.32,9.5,9.24,9.49,3124369,0.0
2007-11-29,9.67,9.84,9.61,9.71,3589854,0.0
2007-11-30,9.69,10.05,9.69,9.79,2729000,0.0
2007-12-03,9.96,10.1,9.96,10.07,5984005,0.0
2007-12-04,10.15,10.17,9.97,10.12,4378300,0.0
2007-12-05,10.38,10.56,10.38,10.52,3693826,0.0
2007-12-06,10.97,11.08,10.76,11.05,5920106,0.0
2007-12-07,11.22,11.22,10.64,10.71,2558839,0.0
2007-12-10,10.8,11.01,10.8,10.98,2709479,0.0
2007-12-11,10.84,11.05,10.56,10.6,3797662,0.0
2007-12-12,11.14,11.19,10.69,10.82,3038152,0.0
2007-12-13,10.48,10.48,9.78,10.06,3169262,0.0
2007-12-14,9.66,9.68,9.39,9.4,4223423,0.0
2007-12-17,9.3,9.3,8.91,8.93,3901300,0.0
2007-12-18,9.11,9.28,8.84,9.1,6240475,0.0
2007-12-19,9.22,9.22,9.04,9.15,3130466,0.0
2007-12-20,9.27,9.4,9.18,9.35,2985180,0.0
2007-12-21,9.26,9.36,9.11,9.35,2931707,0.0
2007-12-24,9.27,9.41,9.25,9.36,1408855,0.0
2007-12-26,9.4,9.64,9.4,9.6,1549742,0.0
2007-12-27,9.3,9.57,9.3,9.36,2057072,0.0
2007-12-28,9.3,9.35,9.09,9.27,1803033,0.0
2007-12-31,9.19,9.42,9.19,9.33,2623906,0.0
2008-01-02,9.33,9.45,9.23,9.3,2096585,0.0
2008-01-03,9.35,9.37,9.22,9.3,2089610,0.0
2008-01-04,9.23,9.23,8.96,8.97,2235356,0.0
2008-01-07,8.93,9.18,8.93,9.07,3074845,0.0
2008-01-08,9.1,9.39,9.1,9.16,3317499,0.0
2008-01-09,9.5,9.6,9.32,9.6,2909822,0.0
2008-01-10,9.37,9.68,9.27,9.58,2763650,0.0
2008-01-11,9.55,9.55,9.24,9.34,2000161,0.0
2008-01-14,9.34,9.5,9.34,9.45,2125852,0.0
2008-01-15,9.24,9.31,9.03,9.1,2156803,0.0
2008-01-16,9.0,9.05,8.77,8.86,2386559,0.0
2008-01-17,9.0,9.15,8.72,8.77,2444436,0.0
2008-01-18,9.06,9.08,8.82,8.97,3263543,0.0
2008-01-22,8.62,8.66,8.2,8.6,4291773,0.0
2008-01-23,8.47,8.78,8.26,8.76,3648019,0.0
2008-01-24,8.92,9.3,8.92,9.29,3967673,0.0
2008-01-25,9.52,9.72,9.39,9.48,3950651,0.0
2008-01-28,9.37,9.56,9.23,9.54,3178404,0.0
2008-01-29,9.64,9.73,9.56,9.73,1953967,0.0
2008-01-30,9.74,9.88,9.59,9.72,2233282,0.0
2008-01-31,9.65,9.9,9.4,9.87,2764984,0.0
2008-02-01,9.45,9.6,9.4,9.45,2175042,0.0
2008-02-04,9.34,9.69,9.34,9.6,2372340,0.0
2008-02-05,9.51,9.51,9.11,9.18,2130777,0.0
2008-02-06,9.12,9.31,9.06,9.1,5509212,0.0
2008-02-07,8.94,9.11,8.9,9.03,2537792,0.0
2008-02-08,8.75,8.79,8.6,8.67,1976048,0.0
2008-02-11,8.68,8.78,8.52,8.74,3256134,0.0
2008-02-12,8.88,9.01,8.83,8.93,3147269,0.0
2008-02-13,9.1,9.1,8.65,8.86,2034249,0.0
2008-02-14,8.98,8.98,8.69,8.73,1979442,0.0
2008-02-15,8.65,8.71,8.6,8.68,1783969,0.0
2008-02-19,8.8,8.99,8.8,8.87,2044509,0.0
2008-02-20,8.8,8.8,8.4595,8.6,2310800,0.0
2008-02-21,8.52,8.75,8.52,8.61,1553022,0.0
2008-02-22,8.54,8.79,8.54,8.79,1751078,0.0
2008-02-25,8.92,9.15,8.92,9.14,1837979,0.0
2008-02-26,9.21,9.34,9.09,9.32,1743400,0.0
2008-02-27,9.32,9.38,9.12,9.27,1643730,0.0
2008-02-28,9.25,9.29,9.14,9.19,2187622,0.0
2008-02-29,9.08,9.08,8.75,8.81,1984871,0.0
2008-03-03,8.69,9.0,8.69,8.83,2242108,0.0
2008-03-04,8.79,8.79,8.5,8.68,2549145,0.0
2008-03-05,8.53,8.62,8.45,8.5,1599305,0.0
2008-03-06,8.6,8.62,8.39,8.41,1592416,0.0
2008-03-07,8.32,8.38,8.19,8.26,2352817,0.0
2008-03-10,8.17,8.39,8.17,8.25,1550000,0.0
2008-03-11,8.43,8.74,8.43,8.74,2717708,0.0
2008-03-12,8.84,8.98,8.78,8.78,2572896,0.0
2008-03-13,8.61,8.61,8.17,8.51,3872149,0.0
2008-03-14,8.47,8.47,8.1,8.19,4166077,0.0
2008-03-17,8.0,8.23,7.95,8.16,3880126,0.0
2008-03-18,8.39,8.69,8.38,8.64,2965529,0.0
2008-03-19,8.57,8.75,8.41,8.43,3075000,0.0
2008-03-20,8.32,8.82,8.32,8.8,1898470,0.0
2008-03-24,8.9,9.28,8.9,9.21,2192053,0.0
2008-03-25,9.28,9.28,9.0926,9.2,1666275,0.0
2008-03-26,9.06,9.06,8.81,8.89,1575200,0.0
2008-03-27,8.9,8.9,8.75,8.75,1344746,0.0
2008-03-28,8.86,8.88,8.72,8.76,1122490,0.0
2008-03-31,8.84,8.84,8.64,8.7,1374800,0.0
2008-04-01,8.87,9.09,8.87,9.07,1774584,0.0
2008-04-02,9.44,9.5,9.29,9.38,1597429,0.0
2008-04-03,9.53,9.678,9.5272,9.65,1766075,0.0
2008-04-04,9.74,9.74,9.59,9.65,1396616,0.0
2008-04-07,9.65,9.75,9.61,9.62,1366125,0.0
2008-04-08,9.5,9.53,9.24,9.42,1258596,0.0
2008-04-09,9.29,9.29,9.14,9.19,1172800,0.0
2008-04-10,9.49,9.56,9.31,9.35,1315400,0.0
2008-04-11,9.43,9.43,9.23,9.25,1223771,0.0
2008-04-14,9.23,9.3,9.12,9.14,1035110,0.0
2008-04-15,9.25,9.32,9.18,9.32,1719476,0.0
2008-04-16,9.48,9.87,9.48,9.87,2124086,0.0
2008-04-17,9.82,9.86,9.73,9.82,1411806,0.0
2008-04-18,9.92,10.0,9.85,9.93,1270649,0.0
2008-04-21,9.99,10.03,9.87,9.94,1834949,0.0
2008-04-22,9.85,9.92,9.75,9.85,1602531,0.0
2008-04-23,9.76,9.8,9.65,9.73,1018464,0.0
2008-04-24,9.68,9.77,9.56,9.66,1520004,0.0
2008-04-25,9.88,10.15,9.88,10.13,2722268,0.0
2008-04-28,10.9,11.04,10.83,10.91,4016458,0.0
2008-04-29,10.8,10.92,10.78,10.85,2967285,0.0
2008-04-30,10.93,11.1108,10.86,10.99,2678717,0.0
2008-05-01,10.69,10.85,10.59,10.82,2568064,0.0
2008-05-02,10.83,11.0,10.77,10.79,1780672,0.0
2008-05-05,10.85,10.85,10.75,10.82,1397025,0.0
2008-05-06,10.79,10.87,10.69,10.87,4610970,0.0
2008-05-07,10.92,11.1,10.75,10.79,2920947,0.0
2008-05-08,10.74,10.77,10.61,10.64,2610240,0.0
2008-05-09,10.6,10.68,10.45,10.6,2877474,0.0
2008-05-12,10.43,10.51,10.29,10.44,2955748,0.0
2008-05-13,10.39,10.4,10.25,10.3,1910232,0.0
2008-05-14,10.19,10.24,10.11,10.15,2501894,0.0
2008-05-15,10.76,10.76,10.31,10.51,3496896,0.0
2008-05-16,10.47,10.53,10.37,10.52,1593588,0.0
2008-05-19,10.43,10.5,10.34,10.39,1901203,0.0
2008-05-20,9.51,10.17,9.51,9.91,2172331,0.0
2008-05-21,9.83,9.83,9.59,9.63,2580295,0.0
2008-05-22,9.76,9.85,9.71,9.85,1846166,0.0
2008-05-23,9.73,9.9,9.65,9.69,4381986,0.0
2008-05-27,9.6,9.8,9.6,9.78,1869916,0.0
2008-05-28,9.53,9.57,9.45,9.53,2359812,0.0
2008-05-29,9.53,10.04,9.53,9.92,4793346,0.0
2008-05-30,10.11,10.39,10.1,10.15,3402350,0.0
2008-06-02,10.69,10.71,10.37,10.52,2981866,0.0
2008-06-03,10.61,10.73,10.35,10.46,5121801,0.0
2008-06-04,10.8,10.94,10.73,10.8,3634412,0.0
2008-06-05,10.54,10.72,10.51,10.71,2811969,0.0
2008-06-06,10.51,10.54,10.26,10.28,3214112,0.0
2008-06-09,10.26,10.3001,10.08,10.2,1476773,0.0
2008-06-10,9.99,10.0,9.84,9.9,2317241,0.0
2008-06-11,9.78,9.83,9.48,9.49,2790294,0.0
2008-06-12,9.72,9.91,9.7,9.74,2437157,0.0
2008-06-13,9.78,9.9,9.72,9.9,1552071,0.0
2008-06-16,10.05,10.06,9.83,10.03,1728700,0.0
2008-06-17,10.01,10.09,9.95,9.99,2337241,0.0
2008-06-18,9.9,9.94,9.79,9.83,3380234,0.0
2008-06-19,9.69,9.69,9.5,9.64,4639309,0.0
2008-06-20,9.4,9.44,9.22,9.26,4531582,0.0
2008-06-23,9.18,9.26,9.1,9.18,3556086,0.0
2008-06-24,9.1,9.23,9.05,9.14,3892061,0.0
2008-06-25,9.06,9.19,9.0,9.12,3213451,0.0
2008-06-26,8.98,8.98,8.75,8.77,3665209,0.0
2008-06-27,8.69,8.84,8.66,8.72,3675246,0.0
2008-06-30,8.69,8.97,8.69,8.8,4343015,0.0
2008-07-01,8.77,8.84,8.6,8.81,5101421,0.0
2008-07-02,8.82,8.83,8.54,8.58,4856750,0.0
2008-07-03,8.81,9.02,8.81,8.9,2033423,0.0
2008-07-07,8.95,9.05,8.8,8.85,3266589,0.0
2008-07-08,8.92,9.02,8.68,9.02,3709251,0.0
2008-07-09,9.02,9.13,8.82,8.84,3870021,0.0
2008-07-10,9.17,9.24,8.94,9.2,4538766,0.0
2008-07-11,9.49,9.49,8.95,9.11,3536812,0.0
2008-07-14,9.25,9.25,8.94,8.98,3841654,0.0
2008-07-15,8.59,8.85,8.51,8.7,4539526,0.0
2008-07-16,8.8,9.24,8.77,9.24,5998724,0.0
2008-07-17,9.14,9.46,9.13,9.4,6697992,0.0
2008-07-18,9.23,9.23,9.05,9.19,3203740,0.0
2008-07-21,9.49,9.49,9.15,9.2,3462090,0.0
2008-07-22,9.24,9.4,8.97,9.4,8542254,0.0
2008-07-23,9.5,9.67,9.35,9.53,5827440,0.0
2008-07-24,9.64,9.65,9.23,9.31,3487916,0.0
2008-07-25,9.21,9.21,9.03,9.09,2347631,0.0
2008-07-28,8.93,9.22,8.85,8.85,2937919,0.0
2008-07-29,8.98,9.14,8.82,9.14,2654257,0.0
2008-07-30,9.08,9.16,8.9678,9.11,2420044,0.0
2008-07-31,8.87,9.06,8.77,8.78,2137338,0.0
2008-08-01,8.7,8.78,8.59,8.66,2244122,0.0
2008-08-04,8.5,8.5,8.25,8.35,2524679,0.0
2008-08-05,8.55,8.64,8.38,8.55,3042438,0.0
2008-08-06,8.35,8.37,8.22,8.33,2074748,0.0
2008-08-07,7.99,7.99,7.78,7.83,2336923,0.0
2008-08-08,7.71,7.88,7.53,7.85,2106658,0.0
2008-08-11,7.74,8.13,7.74,8.04,2531655,0.0
2008-08-12,8.03,8.25,7.83,7.91,2685543,0.0
2008-08-13,7.7,7.81,7.56,7.63,2900455,0.0
2008-08-14,7.43,7.61,7.43,7.55,2578136,0.0
2008-08-15,7.47,7.48,7.3,7.33,2138243,0.0
2008-08-18,7.55,7.77,7.45,7.48,2669634,0.0
2008-08-19,7.53,7.53,7.21,7.35,5924647,0.0
2008-08-20,7.35,7.5,7.33,7.48,2984350,0.0
2008-08-21,7.41,7.52,7.35,7.5,2282381,0.0
2008-08-22,7.29,7.54,7.29,7.45,3232916,0.0
2008-08-25,7.57,7.58,7.41,7.46,1338797,0.0
2008-08-26,7.36,7.55,7.36,7.51,2292476,0.0
2008-08-27,7.51,7.63,7.47,7.58,2662255,0.0
2008-08-28,7.51,7.655,7.49,7.6,3145967,0.0
2008-08-29,7.5,7.66,7.49,7.64,1929934,0.0
2008-09-02,7.63,7.69,7.43,7.49,1861127,0.0
2008-09-03,7.48,7.6,7.41,7.59,3891273,0.0
2008-09-04,7.44,7.44,7.06,7.12,2872172,0.0
2008-09-05,7.0,7.29,6.87,7.29,4705652,0.0
2008-09-08,7.9,7.91,7.52,7.69,6425767,0.0
2008-09-09,7.7,7.74,7.34,7.45,5141923,0.0
2008-09-10,8.0,8.0763,7.73,7.88,6879010,0.0
2008-09-11,7.75,7.84,7.44,7.81,6483751,0.0
2008-09-12,7.91,7.98,7.62,7.8,4401658,0.0
2008-09-15,7.46,7.66,7.06,7.2,6520024,0.0
2008-09-16,7.32,7.67,7.2,7.63,4781650,0.0
2008-09-17,7.3,7.59,6.89,7.03,12758350,0.0
2008-09-18,7.11,8.042,7.05,7.8,7662953,0.0
2008-09-19,8.39,8.95,8.26,8.36,3554450,0.0
2008-09-22,8.5,8.8,8.14,8.25,5930793,0.0
2008-09-23,8.87,8.87,7.98,8.15,1218503,0.0
2008-09-24,8.7,9.0,8.6,8.66,1699976,0.0
2008-09-25,8.54,9.21,8.54,8.95,1753308,0.0
2008-09-26,8.75,9.19,8.48,9.09,3586077,0.0
2008-09-29,8.51,8.75,7.95,8.33,1746152,0.0
2008-09-30,8.32,8.85,8.32,8.74,2376949,0.0
2008-10-01,8.57,9.14,8.55,8.85,2328507,0.0
2008-10-02,8.51,8.7,8.14,8.3,1054426,0.0
2008-10-03,8.15,8.85,8.15,8.45,1179282,0.0
2008-10-06,7.71,7.99,7.3,7.84,2565843,0.0
2008-10-07,7.4,7.84,7.33,7.77,2174674,0.0
2008-10-08,7.11,7.84,7.1,7.79,3030673,0.0
2008-10-09,7.77,7.8,6.96,7.02,3400681,0.0
2008-10-10,6.31,6.86,5.81,6.65,4927852,0.0
2008-10-13,7.16,7.69,6.98,7.68,4497644,0.0
2008-10-14,8.45,8.45,7.55,7.75,7272842,0.0
2008-10-15,8.0,8.07,7.2,7.2,5596190,0.0
2008-10-16,7.25,7.58,6.92,7.51,3381376,0.0
2008-10-17,7.2,7.77,7.14,7.45,2161807,0.0
2008-10-20,7.65,8.21,7.56,8.21,4603669,0.0
2008-10-21,8.19,8.29,7.89,8.0,4326460,0.0
2008-10-22,7.72,7.88,7.26,7.44,3909950,0.0
2008-10-23,7.44,7.82,7.3,7.74,5778033,0.0
2008-10-24,6.4,7.25,6.4,7.03,5616262,0.0
2008-10-27,6.4,6.49,6.05,6.07,4107057,0.0
2008-10-28,6.1,6.5,5.61,6.31,9443987,0.0
2008-10-29,5.75,6.41,5.75,6.12,3097079,0.0
2008-10-30,6.34,6.4,6.05,6.33,2327388,0.0
2008-10-31,5.18,6.33,5.18,6.29,1209893,0.0
2008-11-03,6.31,6.51,6.25,6.37,3398001,0.0
2008-11-04,6.36,6.66,6.36,6.62,3963445,0.0
2008-11-05,6.88,6.92,6.56,6.6,2665276,0.0
2008-11-06,6.5,6.61,6.1,6.15,1911939,0.0
2008-11-07,6.2,6.46,6.2,6.46,2468305,0.0
2008-11-10,6.55,6.63,6.31,6.46,2011217,0.0
2008-11-11,6.34,6.36,6.05,6.22,2410722,0.0
2008-11-12,6.06,6.21,5.89,5.97,2177098,0.0
2008-11-13,6.05,6.46,5.9,6.44,6031109,0.0
2008-11-14,6.2,6.24,5.98,6.0,2901872,0.0
2008-11-17,5.92,6.02,5.8084,5.82,2055967,0.0
2008-11-18,5.3,5.43,5.13,5.4,3402162,0.0
2008-11-19,5.28,5.28,4.88,4.93,2331855,0.0
2008-11-20,4.85,5.1,4.5,4.79,5420305,0.0
2008-11-21,5.02,5.12,4.75,5.07,5224979,0.0
2008-11-24,5.29,5.55,5.05,5.45,3435571,0.0
2008-11-25,5.26,5.33,5.08,5.3,2819030,0.0
2008-11-26,4.76,5.43,4.76,5.43,2591819,0.0
2008-11-28,5.25,5.49,5.16,5.48,1545853,0.0
2008-12-01,5.11,5.35,4.98,5.03,2629479,0.0
2008-12-02,5.02,5.26,5.0,5.17,4035541,0.0
2008-12-03,5.03,5.2,4.86,5.02,5930185,0.0
2008-12-04,4.94,5.0,4.65,4.79,8687060,0.0
2008-12-05,4.6,4.95,4.54,4.65,8286930,0.0
2008-12-08,5.05,5.15,4.53,4.68,41122859,0.0
2008-12-09,4.84,4.9,4.77,4.84,11497990,0.0
2008-12-10,5.0,5.02,4.87,5.02,10486600,0.0
2008-12-11,5.32,5.33,5.1,5.2,12099960,0.0
2008-12-12,5.38,5.65,5.32,5.5,12466030,0.0
2008-12-15,5.53,5.63,5.43,5.56,5397909,0.0
2008-12-16,5.5,5.95,5.5,5.95,4826499,0.0
2008-12-17,5.86,5.88,5.75,5.85,4242455,0.0
2008-12-18,6.08,6.08,5.8,5.9,6344996,0.0
2008-12-19,6.15,6.2,5.95,6.18,3851414,0.0
2008-12-22,6.33,6.41,6.11,6.23,3236590,0.0
2008-12-23,6.21,6.25,6.03,6.14,2876544,0.0
2008-12-24,5.86,5.93,5.8,5.91,1114703,0.0
2008-12-26,6.0,6.15,6.0,6.13,1451013,0.0
2008-12-29,6.13,6.15,6.03,6.14,2348103,0.0
2008-12-30,6.04,6.29,6.04,6.28,2553027,0.0
2008-12-31,6.05,6.38,5.92,6.21,3344267,0.0
2009-01-02,6.22,6.34,6.16,6.3,2189270,0.0
2009-01-05,6.25,6.33,6.14,6.27,3854303,0.0
2009-01-06,6.12,6.19,6.06,6.16,3355587,0.0
2009-01-07,6.22,6.22,6.05,6.1,2119862,0.0
2009-01-08,6.03,6.14,5.97,6.14,2414386,0.0
2009-01-09,6.14,6.18,6.07,6.12,2111202,0.0
2009-01-12,6.01,6.16,5.95,6.04,3626704,0.0
2009-01-13,5.78,5.91,5.66,5.87,2516420,0.0
2009-01-14,5.67,5.69,5.52,5.6,3347322,0.0
2009-01-15,5.8,5.86,5.59,5.77,4714454,0.0
2009-01-16,5.8,5.86,5.59,5.73,3932527,0.0
2009-01-20,5.53,5.56,5.22,5.23,4909282,0.0
2009-01-21,5.35,5.6,5.33,5.6,3982397,0.0
2009-01-22,5.24,5.43,5.24,5.37,2887172,0.0
2009-01-23,5.17,5.54,5.15,5.51,5437230,0.0
2009-01-26,5.18,5.36,5.15,5.24,3831598,0.0
2009-01-27,5.48,5.59,5.44,5.59,3709558,0.0
2009-01-28,5.76,5.84,5.7,5.83,3110171,0.0
2009-01-29,5.67,5.77,5.6,5.64,2588089,0.0
2009-01-30,5.52,5.7,5.44,5.5,3561860,0.0
2009-02-02,5.38,5.4,5.21,5.37,2028954,0.0
2009-02-03,5.33,5.48,5.27,5.43,2886907,0.0
2009-02-04,5.36,5.56,5.31,5.36,3116626,0.0
2009-02-05,5.21,5.36,5.17,5.29,4000244,0.0
2009-02-06,5.27,5.54,5.27,5.45,3115633,0.0
2009-02-09,5.18,5.43,5.16,5.32,2010520,0.0
2009-02-10,5.28,5.41,5.12,5.17,3170464,0.0
2009-02-11,5.29,5.29,5.11,5.23,2727930,0.0
2009-02-12,5.02,5.2,5.02,5.19,2473292,0.0
2009-02-13,5.08,5.18,5.02,5.06,1626600,0.0
2009-02-17,4.8,4.81,4.61,4.65,3715036,0.0
2009-02-18,4.7,4.72,4.61,4.68,2571432,0.0
2009-02-19,4.68,4.75,4.56,4.58,3205006,0.0
2009-02-20,4.46,4.61,4.26,4.56,4288713,0.0
2009-02-23,4.47,4.54,4.31,4.33,3521415,0.0
2009-02-24,4.36,4.67,4.35,4.61,3288672,0.0
2009-02-25,4.53,4.66,4.45,4.56,1828180,0.0
2009-02-26,4.51,4.64,4.43,4.46,3926441,0.0
2009-02-27,4.39,4.57,4.38,4.47,3404462,0.0
2009-03-02,4.27,4.35,4.07,4.1,4624988,0.0
2009-03-03,4.15,4.22,4.04,4.15,6589267,0.0
2009-03-04,4.33,4.43,4.28,4.33,3690572,0.0
2009-03-05,4.3,4.3,4.01,4.11,2724824,0.0
2009-03-06,4.03,4.17,3.87,4.05,3109048,0.0
2009-03-09,3.85,3.88,3.71,3.76,3945504,0.0
2009-03-10,3.96,4.24,3.96,4.23,4932864,0.0
2009-03-11,4.27,4.32,4.17,4.25,2975556,0.0
2009-03-12,4.0,4.24,3.94,4.22,3137614,0.0
2009-03-13,4.21,4.35,4.21,4.28,1777250,0.0
2009-03-16,4.5,4.68,4.48,4.48,2185273,0.0
2009-03-17,4.8,4.96,4.72,4.95,3304066,0.0
2009-03-18,4.99,5.11,4.82,5.1,3149520,0.0
2009-03-19,5.17,5.39,5.07,5.08,5305044,0.0
2009-03-20,5.1,5.1025,4.92,4.94,2011825,0.0
2009-03-23,5.23,5.58,5.17,5.56,3396659,0.0
2009-03-24,5.48,5.48,5.29,5.33,2736988,0.0
2009-03-25,5.39,5.57,5.37,5.53,5020718,0.0
2009-03-26,5.49,5.61,5.46,5.52,1885225,0.0
2009-03-27,5.31,5.37,5.22,5.26,1513693,0.0
2009-03-30,4.96,4.98,4.85,4.88,1485566,0.0
2009-03-31,4.85,4.99,4.83,4.92,5545985,0.0
2009-04-01,4.88,5.17,4.88,5.13,2342164,0.0
2009-04-02,5.25,5.48,5.18,5.39,1889756,0.0
2009-04-03,5.21,5.39,5.21,5.39,2066233,0.0
2009-04-06,5.19,5.19,4.94,5.06,2141883,0.0
2009-04-07,5.04,5.04,4.92,4.94,749480,0.0
2009-04-08,4.79,4.98,4.79,4.94,1073062,0.0
2009-04-09,5.24,5.31,5.16,5.24,4295940,0.0
2009-04-13,5.21,5.44,5.19,5.39,1348949,0.0
2009-04-14,5.36,5.4,5.29,5.32,2072760,0.0
2009-04-15,5.21,5.36,5.16,5.36,1114987,0.0
2009-04-16,5.14,5.23,5.06,5.19,1160485,0.0
2009-04-17,5.12,5.26,5.12,5.22,1122463,0.0
2009-04-20,5.1,5.1,4.79,4.79,1669697,0.0
2009-04-21,4.81,5.08,4.81,5.08,1185231,0.0
2009-04-22,4.91,4.97,4.83,4.85,1252264,0.0
2009-04-23,4.85,4.91,4.8,4.91,1019998,0.0
2009-04-24,5.03,5.29,5.03,5.25,1678092,0.0
2009-04-27,5.28,5.38,5.22,5.27,1753081,0.0
2009-04-28,5.19,5.43,5.19,5.33,1387616,0.0
2009-04-29,5.3,5.5,5.28,5.49,3613180,0.0
2009-04-30,5.46,5.57,5.38,5.42,3493441,0.0
2009-05-01,5.39,5.49,5.39,5.48,1888749,0.0
2009-05-04,5.6,5.78,5.5073,5.78,2099503,0.0
2009-05-05,5.69,5.87,5.69,5.82,3447701,0.0
2009-05-06,5.69,5.98,5.69,5.93,3476838,0.0
2009-05-07,6.4,6.4,6.09,6.17,3580421,0.0
2009-05-08,6.4,6.84,6.4,6.84,5421844,0.0
2009-05-11,6.66,6.81,6.63,6.67,4260845,0.0
2009-05-12,6.56,6.67,6.41,6.57,6335173,0.0
2009-05-13,6.3,6.4,6.21,6.25,6186468,0.0
2009-05-14,6.06,6.28,6.06,6.25,1858554,0.0
2009-05-15,6.33,6.45,6.28,6.32,1558352,0.0
2009-05-18,6.37,6.5,6.26,6.46,2521028,0.0
2009-05-19,6.5,6.58,6.39,6.39,1644656,0.0
2009-05-20,6.47,6.62,6.45,6.47,1385608,0.0
2009-05-21,6.29,6.4,6.24,6.33,1484233,0.0
2009-05-22,6.41,6.47,6.35,6.37,1103214,0.0
2009-05-26,6.29,6.64,6.26,6.64,1522002,0.0
2009-05-27,6.65,6.65,6.4599,6.46,1879056,0.0
2009-05-28,6.42,6.52,6.36,6.48,1286892,0.0
2009-05-29,6.26,6.36,6.25,6.34,5630679,0.0
2009-06-01,6.45,6.58,6.3888,6.5,1640775,0.0
2009-06-02,6.44,6.6,6.44,6.51,1122586,0.0
2009-06-03,6.43,6.43,6.23,6.31,1200957,0.0
2009-06-04,6.4,6.57,6.4,6.54,2299819,0.0
2009-06-05,6.55,6.55,6.32,6.36,1194371,0.0
2009-06-08,6.46,6.59,6.41,6.53,858289,0.0
2009-06-09,6.39,6.53,6.37,6.49,1919849,0.0
2009-06-10,6.6,6.63,6.47,6.52,1394214,0.0
2009-06-11,6.5,6.74,6.46,6.63,1574524,0.0
2009-06-12,6.55,6.72,6.55,6.69,5244231,0.0
2009-06-15,6.43,6.43,6.22,6.25,1613191,0.0
2009-06-16,6.33,6.33,6.1,6.16,1315716,0.0
2009-06-17,6.12,6.26,6.1,6.17,2012400,0.0
2009-06-18,6.14,6.2491,6.1,6.2,2711312,0.0
2009-06-19,6.42,6.49,6.42,6.45,1873119,0.0
2009-06-22,6.42,6.42,6.115,6.13,2420871,0.0
2009-06-23,6.23,6.3,6.15,6.26,1891640,0.0
2009-06-24,6.23,6.35,6.19,6.25,2345427,0.0
2009-06-25,6.25,6.44,6.21,6.43,2121837,0.0
2009-06-26,6.37,6.57,6.37,6.54,2698927,0.0
2009-06-29,6.34,6.38,6.27,6.33,2393769,0.0
2009-06-30,6.25,6.28,6.08,6.14,1643297,0.0
2009-07-01,6.2,6.33,6.16,6.29,909220,0.0
2009-07-02,6.15,6.18,6.03,6.1,3177232,0.0
2009-07-06,6.12,6.25,6.12,6.24,817678,0.0
2009-07-07,6.12,6.23,6.03,6.11,811465,0.0
2009-07-08,6.14,6.14,5.92,5.98,6047326,0.0
2009-07-09,5.91,6.01,5.91,5.93,869551,0.0
2009-07-10,5.9,5.9,5.74,5.78,789419,0.0
2009-07-13,5.81,5.93,5.79,5.93,1291075,0.0
2009-07-14,5.97,6.0,5.9125,5.99,658466,0.0
2009-07-15,5.84,5.87,5.8,5.84,7751668,0.0
2009-07-16,5.7,5.81,5.66,5.79,2470301,0.0
2009-07-17,5.72,5.7638,5.7,5.74,750423,0.0
2009-07-20,5.83,5.87,5.75,5.82,1009065,0.0
2009-07-21,5.98,5.98,5.88,5.96,1242706,0.0
2009-07-22,5.86,6.02,5.86,5.99,1089680,0.0
2009-07-23,6.06,6.06,5.87,5.96,1561471,0.0
2009-07-24,5.86,5.87,5.78,5.85,1037731,0.0
2009-07-27,5.82,5.86,5.75,5.83,1487687,0.0
2009-07-28,5.78,5.85,5.78,5.81,860188,0.0
2009-07-29,5.75,5.76,5.66,5.71,980777,0.0
2009-07-30,5.73,5.95,5.73,5.84,2602977,0.0
2009-07-31,6.0,6.27,5.99,6.2,1602815,0.0
2009-08-03,6.31,6.53,6.31,6.46,2303572,0.0
2009-08-04,6.46,6.46,6.3009,6.33,1119602,0.0
2009-08-05,6.25,6.38,6.24,6.34,1002724,0.0
2009-08-06,6.38,6.41,6.26,6.29,910388,0.0
2009-08-07,6.245,6.3209,6.2,6.29,1002342,0.0
2009-08-10,6.25,6.33,6.22,6.28,738780,0.0
2009-08-11,6.24,6.33,6.21,6.27,1246240,0.0
2009-08-12,6.24,6.41,6.21,6.35,1077240,0.0
2009-08-13,6.37,6.38,6.25,6.32,813644,0.0
2009-08-14,6.34,6.38,6.28,6.32,794983,0.0
2009-08-17,6.18,6.2,6.1,6.1,922964,0.0
2009-08-18,6.23,6.3,6.18,6.24,964845,0.0
2009-08-19,6.16,6.29,6.12,6.21,853823,0.0
2009-08-20,6.23,6.35,6.23,6.32,665941,0.0
2009-08-21,6.32,6.44,6.31,6.38,1114750,0.0
2009-08-24,6.4,6.4,6.27,6.3,2163955,0.0
2009-08-25,6.36,6.4,6.3,6.3,2180500,0.0
2009-08-26,6.34,6.36,6.26,6.34,1965966,0.0
2009-08-27,6.34,6.4,6.28,6.38,1840687,0.0
2009-08-28,6.38,6.42,6.26,6.32,3225973,0.0
2009-08-31,6.24,6.42,6.24,6.34,1290855,0.0
2009-09-01,6.31,6.41,6.18,6.24,1335801,0.0
2009-09-02,6.19,6.26,6.18,6.23,870699,0.0
2009-09-03,6.16,6.16,6.04,6.15,1271463,0.0
2009-09-04,6.09,6.09,5.94,6.02,1341547,0.0
2009-09-08,5.87,5.93,5.84,5.84,1962952,0.0
2009-09-09,5.8,5.83,5.73,5.75,2091923,0.0
2009-09-10,6.07,6.08,5.87,6.08,2470149,0.0
2009-09-11,6.14,6.14,6.01,6.04,2255255,0.0
2009-09-14,6.0,6.03,5.91,5.97,1328353,0.0
2009-09-15,5.89,5.95,5.83,5.9,2832062,0.0
2009-09-16,5.88,5.9,5.81,5.88,1423910,0.0
2009-09-17,5.71,5.71,5.61,5.65,3116445,0.0
2009-09-18,5.8,5.9,5.75,5.85,3649140,0.0
2009-09-21,5.72,5.84,5.7,5.8,831510,0.0
2009-09-22,5.81,5.91,5.81,5.86,1390899,0.0
2009-09-23,5.89,5.97,5.83,5.85,4336595,0.0
2009-09-24,5.83,5.85,5.6,5.62,3141436,0.0
2009-09-25,5.49,5.52,5.38,5.4,3013638,0.0
2009-09-28,5.4,5.53,5.4,5.48,2043486,0.0
2009-09-29,5.5,5.5,5.32,5.33,1888090,0.0
2009-09-30,5.39,5.475,5.32,5.34,2180618,0.0
2009-10-01,5.16,5.16,4.96,4.96,3127259,0.0
2009-10-02,4.95,5.05,4.89,4.97,3592926,0.0
2009-10-05,5.07,5.19,5.03,5.17,2086432,0.0
2009-10-06,5.43,5.57,5.14,5.54,6997777,0.0
2009-10-07,5.59,5.63,5.52,5.63,2539956,0.0
2009-10-08,5.62,5.71,5.6,5.69,3140946,0.0
2009-10-09,5.64,5.67,5.59,5.66,2777074,0.0
2009-10-12,5.71,5.78,5.67,5.72,6692770,0.0
2009-10-13,5.6,5.65,5.57,5.58,7649116,0.0
2009-10-14,5.5,5.52,5.44,5.49,2929792,0.0
2009-10-15,5.45,5.46,5.34,5.41,4570586,0.0
2009-10-16,5.17,5.2,5.08,5.14,3754800,0.0
2009-10-19,5.28,5.38,5.24,5.32,1947044,0.0
2009-10-20,5.37,5.42,5.29,5.33,1431636,0.0
2009-10-21,5.29,5.41,5.26,5.26,2303844,0.0
2009-10-22,5.2,5.26,5.09,5.22,1386935,0.0
2009-10-23,5.15,5.15,4.98,4.99,3266376,0.0
2009-10-26,5.1,5.22,5.0,5.01,2799936,0.0
2009-10-27,5.03,5.08,4.98,5.01,1678230,0.0
2009-10-28,5.07,5.14,4.995,5.0,1693141,0.0
2009-10-29,5.29,5.48,5.29,5.47,2835983,0.0
2009-10-30,5.37,5.45,5.25,5.31,4525725,0.0
2009-11-02,5.4,5.49,5.35,5.41,2964417,0.0
2009-11-03,5.31,5.41,5.2,5.39,1982520,0.0
2009-11-04,5.35,5.39,5.27,5.28,1223705,0.0
2009-11-05,5.39,5.44,5.38,5.43,2221167,0.0
2009-11-06,5.34,5.4,5.34,5.4,924316,0.0
2009-11-09,5.43,5.54,5.42,5.53,1200487,0.0
2009-11-10,5.54,5.63,5.54,5.57,2580857,0.0
2009-11-11,5.67,5.73,5.64,5.72,2277240,0.0
2009-11-12,5.65,5.71,5.59,5.63,1200953,0.0
2009-11-13,5.68,5.74,5.18,5.19,6377223,0.0
2009-11-16,5.28,5.42,5.28,5.38,3228953,0.0
2009-11-17,5.49,5.49,5.42,5.48,1972390,0.0
2009-11-18,5.46,5.46,5.32,5.36,1722565,0.0
2009-11-19,5.18,5.19,5.11,5.13,1142447,0.0
2009-11-20,5.24,5.31,5.2,5.31,1258331,0.0
2009-11-23,5.32,5.39,5.26,5.34,2427103,0.0
2009-11-24,5.24,5.24,5.08,5.16,2110706,0.0
2009-11-25,5.14,5.1805,5.12,5.13,1854584,0.0
2009-11-27,5.06,5.26,5.06,5.22,1999955,0.0
2009-11-30,5.45,5.5365,5.39,5.49,4846579,0.0
2009-12-01,5.67,5.74,5.64,5.69,2134644,0.0
2009-12-02,5.53,5.62,5.53,5.56,1829902,0.0
2009-12-03,5.62,5.62,5.51,5.53,2270648,0.0
2009-12-04,5.58,5.7,5.53,5.57,2186389,0.0
2009-12-07,5.58,5.58,5.5,5.5,978100,0.0
2009-12-08,5.56,5.6282,5.52,5.59,1498541,0.0
2009-12-09,5.4,5.42,5.33,5.38,4011637,0.0
2009-12-10,5.35,5.35,5.21,5.22,1935352,0.0
2009-12-11,5.17,5.17,5.06,5.13,4488336,0.0
2009-12-14,5.05,5.05,4.92,4.98,10439630,0.0
2009-12-15,5.0,5.06,4.97,5.01,3266514,0.0
2009-12-16,5.22,5.38,5.11,5.37,5501181,0.0
2009-12-17,5.17,5.22,5.07,5.09,5397737,0.0
2009-12-18,5.14,5.15,5.05,5.14,1696759,0.0
2009-12-21,5.14,5.26,5.14,5.24,4069064,0.0
2009-12-22,5.21,5.25,5.16,5.16,2522234,0.0
2009-12-23,5.14,5.32,5.14,5.2,1536899,0.0
2009-12-24,5.1,5.13,5.07,5.1,1140521,0.0
2009-12-28,5.1,5.1,5.01,5.05,2163653,0.0
2009-12-29,5.02,5.02,4.93,4.96,2110332,0.0
2009-12-30,4.91,4.97,4.9,4.96,1120977,0.0
2009-12-31,4.95,4.96,4.91,4.92,1275931,0.0
2010-01-04,4.91,4.98,4.91,4.97,3130245,0.0
2010-01-05,4.97,4.99,4.95,4.99,3375438,0.0
2010-01-06,5.13,5.16,5.1,5.14,2912583,0.0
2010-01-07,5.14,5.18,5.11,5.18,1877188,0.0
2010-01-08,5.14,5.21,5.14,5.2,1971059,0.0
2010-01-11,5.21,5.3,5.19,5.19,2767053,0.0
2010-01-12,5.3,5.33,5.27,5.29,2031750,0.0
2010-01-13,5.27,5.36,5.22,5.3,3140853,0.0
2010-01-14,5.33,5.45,5.33,5.42,3419460,0.0
2010-01-15,5.45,5.54,5.45,5.5,2813418,0.0
2010-01-19,5.4,5.43,5.36,5.41,2602938,0.0
2010-01-20,5.34,5.34,5.19,5.19,2021565,0.0
2010-01-21,5.33,5.36,5.26,5.32,4325857,0.0
2010-01-22,5.44,5.47,5.35,5.38,4513582,0.0
2010-01-25,5.34,5.45,5.34,5.42,7164949,0.0
2010-01-26,5.3,5.31,5.18,5.21,2938419,0.0
2010-01-27,5.24,5.33,5.21,5.33,3321963,0.0
2010-01-28,5.3,5.3,5.13,5.18,3985118,0.0
2010-01-29,5.17,5.23,5.12,5.13,2525573,0.0
2010-02-01,5.22,5.27,5.19,5.27,3493810,0.0
2010-02-02,5.27,5.39,5.25,5.34,2943356,0.0
2010-02-03,5.37,5.37,5.2,5.25,2559435,0.0
2010-02-04,5.17,5.17,5.01,5.01,3466009,0.0
2010-02-05,5.04,5.09,5.0,5.09,3098839,0.0
2010-02-08,5.08,5.15,5.05,5.09,3540421,0.0
2010-02-09,5.08,5.17,5.08,5.11,2438168,0.0
2010-02-10,5.06,5.1,5.0,5.04,2510855,0.0
2010-02-11,5.03,5.1,5.01,5.1,1591180,0.0
2010-02-12,5.08,5.08,4.97,5.01,1336881,0.0
2010-02-16,4.95,5.03,4.94,5.01,1764328,0.0
2010-02-17,5.01,5.05,5.0,5.0,4534945,0.0
2010-02-18,5.01,5.09,4.96,5.08,4018974,0.0
2010-02-19,4.97,5.0,4.96,4.97,2405212,0.0
2010-02-22,5.0,5.0,4.96,4.96,1942513,0.0
2010-02-23,4.99,5.0,4.94,4.97,2064714,0.0
2010-02-24,4.99,5.01,4.96,4.99,1448491,0.0
2010-02-25,4.98,5.07,4.97,5.07,2614533,0.0
2010-02-26,5.07,5.17,5.0305,5.12,3169055,0.0
2010-03-01,5.11,5.22,5.11,5.16,3049197,0.0
2010-03-02,5.15,5.22,5.06,5.17,5162197,0.0
2010-03-03,5.12,5.23,5.12,5.17,3822900,0.0
2010-03-04,5.14,5.16,5.11,5.15,1972639,0.0
2010-03-05,5.14,5.16,5.1,5.14,3001346,0.0
2010-03-08,5.16,5.18,5.15,5.17,4039940,0.0
2010-03-09,5.15,5.17,5.1115,5.15,3430088,0.0
2010-03-10,5.1,5.11,5.06,5.09,3145460,0.0
2010-03-11,5.1,5.15,5.08,5.15,3315657,0.0
2010-03-12,5.16,5.22,5.16,5.21,4789517,0.0
2010-03-15,5.18,5.22,5.17,5.19,1822346,0.0
2010-03-16,5.24,5.34,5.24,5.32,5200029,0.0
2010-03-17,5.3,5.34,5.29,5.32,3697937,0.0
2010-03-18,5.28,5.29,5.23,5.24,1543390,0.0
2010-03-19,5.22,5.27,5.18,5.22,1768591,0.0
2010-03-22,5.18,5.28,5.18,5.28,1305283,0.0
2010-03-23,5.28,5.29,5.24,5.25,1611334,0.0
2010-03-24,5.17,5.17,5.12,5.15,875335,0.0
2010-03-25,5.13,5.17,5.08,5.1,1824435,0.0
2010-03-26,5.11,5.18,5.1,5.16,1782464,0.0
2010-03-29,5.32,5.37,5.3,5.37,1837681,0.0
2010-03-30,5.37,5.41,5.34,5.37,2622545,0.0
2010-03-31,5.3,5.3,5.22,5.23,1851827,0.0
2010-04-01,5.24,5.25,5.18,5.25,1996623,0.0
2010-04-05,5.2,5.21,5.17,5.21,1487534,0.0
2010-04-06,5.19,5.31,5.18,5.29,3144486,0.0
2010-04-07,5.41,5.43,5.34,5.42,4350298,0.0
2010-04-08,5.38,5.47,5.36,5.47,4131715,0.0
2010-04-09,5.44,5.48,5.42,5.44,1061504,0.0
2010-04-12,5.47,5.51,5.46,5.49,1541414,0.0
2010-04-13,5.48,5.52,5.45,5.47,1864907,0.0
2010-04-14,5.5,5.55,5.49,5.55,1398219,0.0
2010-04-15,5.56,5.56,5.51,5.52,4883795,0.0
2010-04-16,5.55,5.55,5.39,5.47,3081337,0.0
2010-04-19,5.33,5.41,5.33,5.41,4400279,0.0
2010-04-20,5.42,5.44,5.36,5.42,3091834,0.0
2010-04-21,5.49,5.56,5.49,5.52,3216835,0.0
2010-04-22,5.49,5.49,5.43,5.46,1694989,0.0
2010-04-23,5.39,5.41,5.34,5.4,1267742,0.0
2010-04-26,5.42,5.46,5.42,5.42,1719211,0.0
2010-04-27,5.43,5.44,5.24,5.3,2952031,0.0
2010-04-28,5.34,5.34,5.2,5.24,4204918,0.0
2010-04-29,5.32,5.37,5.28,5.35,1698545,0.0
2010-04-30,5.25,5.26,5.16,5.17,1318016,0.0
2010-05-03,5.22,5.26,5.18,5.22,1453183,0.0
2010-05-04,5.22,5.22,5.08,5.1,2485555,0.0
2010-05-05,5.09,5.15,4.99,5.05,7425291,0.0
2010-05-06,5.03,5.0496,4.81,5.0,6297302,0.0
2010-05-07,5.0,5.02,4.87,4.98,3662670,0.0
2010-05-10,5.11,5.2,5.09,5.12,6036694,0.0
2010-05-11,5.04,5.06,4.95,5.02,4206780,0.0
2010-05-12,4.9,4.9,4.85,4.89,6920487,0.0
2010-05-13,4.95,4.96,4.91,4.95,2316990,0.0
2010-05-14,4.94,4.95,4.84,4.9,4410983,0.0
2010-05-17,4.92,4.93,4.84,4.91,2988371,0.0
2010-05-18,4.93,4.95,4.77,4.85,2700205,0.0
2010-05-19,4.84,4.95,4.84,4.93,3985500,0.0
2010-05-20,4.87,4.94,4.86,4.92,3864801,0.0
2010-05-21,4.87,5.03,4.87,5.01,3441795,0.0
2010-05-24,4.92,4.95,4.89,4.9,1764934,0.0
2010-05-25,4.82,4.9,4.76,4.9,3322562,0.0
2010-05-26,4.96,4.96,4.83,4.84,2086537,0.0
2010-05-27,4.93,5.01,4.9,5.01,1810653,0.0
2010-05-28,4.92,4.93,4.82,4.84,2380447,0.0
2010-06-01,4.86,4.91,4.81,4.84,3687410,0.0
2010-06-02,4.87,4.9,4.7933,4.87,4199597,0.0
2010-06-03,4.93,4.93,4.78,4.84,3187036,0.0
2010-06-04,4.79,4.8,4.66,4.7,6075974,0.0
2010-06-07,4.6,4.68,4.6,4.63,5844157,0.0
2010-06-08,4.51,4.59,4.48,4.56,3484852,0.0
2010-06-09,4.58,4.6,4.5,4.5,2000364,0.0
2010-06-10,4.55,4.67,4.55,4.65,2096759,0.0
2010-06-11,4.64,4.72,4.62,4.68,1007639,0.0
2010-06-14,4.74,4.75,4.6601,4.71,1863289,0.0
2010-06-15,4.72,4.78,4.68,4.77,1711312,0.0
2010-06-16,4.7,4.76,4.68,4.75,1170901,0.0
2010-06-17,4.72,4.72,4.63,4.65,1940173,0.0
2010-06-18,4.68,4.68,4.61,4.66,2597213,0.0
2010-06-21,4.71,4.74,4.69,4.69,1948644,0.0
2010-06-22,4.73,4.79,4.71,4.72,1671882,0.0
2010-06-23,4.71,4.77,4.7,4.74,1276705,0.0
2010-06-24,4.7,4.7,4.62,4.65,1092517,0.0
2010-06-25,4.69,4.73,4.65,4.72,1482136,0.0
2010-06-28,4.64,4.66,4.58,4.58,556646,0.0
2010-06-29,4.51,4.59,4.49,4.51,1372051,0.0
2010-06-30,4.55,4.61,4.53,4.56,1936905,0.0
2010-07-01,4.53,4.62,4.53,4.57,1572223,0.0
2010-07-02,4.54,4.59,4.54,4.56,739468,0.0
2010-07-06,4.79,4.81,4.72,4.75,2438939,0.0
2010-07-07,4.72,4.85,4.72,4.81,2108651,0.0
2010-07-08,4.84,4.87,4.81,4.87,1235405,0.0
2010-07-09,4.82,4.86,4.8,4.83,550151,0.0
2010-07-12,4.7,4.74,4.7,4.7,1570258,0.0
2010-07-13,4.78,4.84,4.78,4.81,1614524,0.0
2010-07-14,4.79,4.79,4.74,4.76,1945925,0.0
2010-07-15,4.71,4.76,4.65,4.76,2174812,0.0
2010-07-16,4.7,4.7,4.53,4.53,2182471,0.0
2010-07-19,4.58,4.65,4.57,4.65,1291559,0.0
2010-07-20,4.54,4.63,4.52,4.59,2917055,0.0
2010-07-21,4.6,4.61,4.55,4.58,2017931,0.0
2010-07-22,4.66,4.69,4.63,4.66,1183501,0.0
2010-07-23,4.66,4.69,4.63,4.66,899175,0.0
2010-07-26,4.66,4.72,4.66,4.72,1413186,0.0
2010-07-27,4.81,4.89,4.8,4.83,3361261,0.0
2010-07-28,4.95,4.99,4.94,4.98,3647216,0.0
2010-07-29,5.0,5.05,4.94,4.94,2293506,0.0
2010-07-30,4.91,5.03,4.91,4.98,2095925,0.0
2010-08-02,5.0,5.03,4.9695,5.02,1668604,0.0
2010-08-03,4.97,4.99,4.91,4.93,3320622,0.0
2010-08-04,4.98,5.03,4.98,5.0,712458,0.0
2010-08-05,5.02,5.04,4.98,5.02,1009477,0.0
2010-08-06,5.01,5.06,4.99,5.04,1704836,0.0
2010-08-09,5.06,5.06,5.02,5.04,1162324,0.0
2010-08-10,4.98,5.005,4.96,5.0,2585590,0.0
2010-08-11,4.92,4.92,4.86,4.87,1033970,0.0
2010-08-12,4.8,4.83,4.79,4.82,1584542,0.0
2010-08-13,4.82,4.82,4.78,4.81,505110,0.0
2010-08-16,4.84,4.87,4.82,4.84,1056431,0.0
2010-08-17,4.9,4.93,4.85,4.87,1368759,0.0
2010-08-18,4.93,4.99,4.92,4.96,1714581,0.0
2010-08-19,4.98,5.01,4.89,4.95,3349445,0.0
2010-08-20,4.87,4.91,4.84,4.89,3488576,0.0
2010-08-23,4.87,4.935,4.84,4.85,2814013,0.0
2010-08-24,4.81,4.86,4.81,4.84,3349117,0.0
2010-08-25,4.79,4.83,4.77,4.8,2858895,0.0
2010-08-26,4.81,4.85,4.79,4.84,2832153,0.0
2010-08-27,4.81,4.85,4.77,4.84,1388197,0.0
2010-08-30,4.8,4.81,4.77,4.78,1561074,0.0
2010-08-31,4.75,4.77,4.72,4.75,2733051,0.0
2010-09-01,4.8,4.84,4.77,4.84,1747460,0.0
2010-09-02,4.76,4.8,4.73,4.8,1532375,0.0
2010-09-03,4.83,4.84,4.78,4.8,1457080,0.0
2010-09-07,4.81,4.87,4.79,4.84,4597253,0.0
2010-09-08,4.84,4.84,4.78,4.81,1612060,0.0
2010-09-09,4.83,4.85,4.75,4.79,2070896,0.0
2010-09-10,4.77,4.8,4.77,4.77,1423853,0.0
2010-09-13,4.89,4.94,4.87,4.94,1275004,0.0
2010-09-14,4.95,5.0,4.93,4.98,1417105,0.0
2010-09-15,4.88,4.91,4.86,4.91,1880781,0.0
2010-09-16,4.83,4.85,4.79,4.85,1028695,0.0
2010-09-17,4.81,4.83,4.77,4.81,789318,0.0
2010-09-20,4.79,4.92,4.79,4.92,3818012,0.0
2010-09-21,4.84,4.86,4.8,4.82,1648554,0.0
2010-09-22,4.78,4.8,4.7,4.72,2378466,0.0
2010-09-23,4.71,4.75,4.68,4.74,2320254,0.0
2010-09-24,4.8,4.82,4.77,4.82,1356908,0.0
2010-09-27,4.77,4.8,4.73,4.77,2454444,0.0
2010-09-28,4.77,4.815,4.75,4.8,1739105,0.0
2010-09-29,4.79,4.85,4.79,4.83,1284426,0.0
2010-09-30,4.69,4.73,4.62,4.63,3076337,0.0
2010-10-01,4.7,4.73,4.69,4.73,1893170,0.0
2010-10-04,4.6,4.65,4.55,4.58,1467381,0.0
2010-10-05,4.69,4.75,4.67,4.7,3652367,0.0
2010-10-06,4.81,4.9,4.78,4.89,3787090,0.0
2010-10-07,4.9,4.94,4.88,4.92,1433970,0.0
2010-10-08,4.92,5.0,4.91,4.97,1323190,0.0
2010-10-11,4.95,5.0,4.94,4.98,1851617,0.0
2010-10-12,4.92,4.99,4.91,4.95,952830,0.0
2010-10-13,4.9,4.91,4.85,4.87,1228485,0.0
2010-10-14,4.89,4.89,4.76,4.82,2012900,0.0
2010-10-15,4.75,4.75,4.58,4.63,8944046,0.0
2010-10-18,4.67,4.74,4.67,4.72,1673174,0.0
2010-10-19,4.7,4.72,4.66,4.71,2997420,0.0
2010-10-20,4.8,4.82,4.76,4.78,2572140,0.0
2010-10-21,4.75,4.77,4.67,4.7,1498540,0.0
2010-10-22,4.71,4.725,4.67,4.71,809875,0.0
2010-10-25,4.73,4.76,4.7,4.71,1200408,0.0
2010-10-26,4.66,4.7,4.62,4.64,4111488,0.0
2010-10-27,4.59,4.61,4.53,4.56,955729,0.0
2010-10-28,4.59,4.6,4.55,4.6,2438368,0.0
2010-10-29,4.62,4.67,4.61,4.66,1516161,0.0
2010-11-01,4.57,4.61,4.51,4.53,1368489,0.0
2010-11-02,4.57,4.58,4.5,4.53,1190892,0.0
2010-11-03,4.53,4.59,4.5,4.58,1173362,0.0
2010-11-04,4.6,4.73,4.59,4.68,1652744,0.0
2010-11-05,4.68,4.7,4.63,4.66,1528084,0.0
2010-11-08,4.6,4.66,4.54,4.64,1085816,0.0
2010-11-09,4.66,4.69,4.6,4.6,997124,0.0
2010-11-10,4.76,4.85,4.76,4.84,2732714,0.0
2010-11-11,4.83,4.83,4.77,4.8,1538412,0.0
2010-11-12,4.79,4.82,4.68,4.7,2554503,0.0
2010-11-15,4.7,4.76,4.7,4.72,1332260,0.0
2010-11-16,4.72,4.72,4.61,4.64,2198414,0.0
2010-11-17,4.7,4.79,4.69,4.76,2692473,0.0
2010-11-18,4.98,4.98,4.9,4.95,3687011,0.0
2010-11-19,4.93,4.9903,4.91,4.97,2210916,0.0
2010-11-22,4.9,4.94,4.86,4.9,818737,0.0
2010-11-23,4.85,4.88,4.8,4.84,2112007,0.0
2010-11-24,4.84,4.9,4.83,4.85,2146635,0.0
2010-11-26,4.74,4.79,4.73,4.74,881568,0.0
2010-11-29,4.75,4.76,4.6801,4.74,1960543,0.0
2010-11-30,4.67,4.72,4.66,4.71,3561973,0.0
2010-12-01,4.75,4.79,4.74,4.77,2530870,0.0
2010-12-02,4.75,4.84,4.75,4.82,1940831,0.0
2010-12-03,4.81,4.87,4.79,4.87,1176924,0.0
2010-12-06,4.81,4.87,4.81,4.86,1168908,0.0
2010-12-07,4.85,4.865,4.81,4.81,2723222,0.0
2010-12-08,4.79,4.85,4.76,4.81,6878900,0.0
2010-12-09,4.96,4.99,4.94,4.99,1913991,0.0
2010-12-10,4.97,5.01,4.97,5.0,1536242,0.0
2010-12-13,5.15,5.16,5.11,5.14,4007636,0.0
2010-12-14,5.161,5.19,5.12,5.13,4748492,0.0
2010-12-15,5.1,5.1,5.02,5.06,4145952,0.0
2010-12-16,5.12,5.15,5.1,5.15,3375701,0.0
2010-12-17,5.19,5.2,5.15,5.17,3706306,0.0
2010-12-20,5.21,5.23,5.17,5.2,2012139,0.0
2010-12-21,5.2,5.24,5.19,5.24,2035288,0.0
2010-12-22,5.25,5.32,5.25,5.28,1982162,0.0
2010-12-23,5.31,5.31,5.27,5.3,1513932,0.0
2010-12-27,5.235,5.32,5.235,5.3,985485,0.0
2010-12-28,5.38,5.38,5.33,5.34,1568463,0.0
2010-12-29,5.38,5.42,5.38,5.42,1529438,0.0
2010-12-30,5.38,5.42,5.36,5.36,1192064,0.0
2010-12-31,5.35,5.41,5.34,5.41,500023,0.0
2011-01-03,5.43,5.5,5.41,5.48,2745882,0.0
2011-01-04,5.43,5.44,5.41,5.43,1361245,0.0
2011-01-05,5.29,5.32,5.26,5.3,3365437,0.0
2011-01-06,5.37,5.37,5.28,5.34,3155351,0.0
2011-01-07,5.35,5.35,5.26,5.31,2277207,0.0
2011-01-10,5.35,5.35,5.24,5.32,1951739,0.0
2011-01-11,5.3,5.33,5.28,5.33,2193488,0.0
2011-01-12,5.49,5.62,5.47,5.55,5200025,0.0
2011-01-13,5.6,5.63,5.54,5.55,2995351,0.0
2011-01-14,5.52,5.56,5.49,5.55,5022633,0.0
2011-01-18,5.55,5.57,5.51,5.53,2596269,0.0
2011-01-19,5.56,5.61,5.54,5.54,2885952,0.0
2011-01-20,5.47,5.51,5.43,5.47,5281428,0.0
2011-01-21,5.35,5.41,5.33,5.35,2467143,0.0
2011-01-24,5.33,5.36,5.32,5.34,5123784,0.0
2011-01-25,5.45,5.49,5.4,5.49,2795979,0.0
2011-01-26,5.42,5.47,5.41,5.42,2008879,0.0
2011-01-27,5.36,5.44,5.35,5.4,5766922,0.0
2011-01-28,5.3,5.3,5.19,5.2,2709103,0.0
2011-01-31,5.19,5.21,5.18,5.2,1423717,0.0
2011-02-01,5.21,5.26,5.19,5.2,6500513,0.0
2011-02-02,5.43,5.43,5.27,5.36,8715644,0.0
2011-02-03,5.4,5.4,5.32,5.4,5357466,0.0
2011-02-04,5.43,5.43,5.32,5.37,1981462,0.0
2011-02-07,5.41,5.46,5.39,5.45,1454084,0.0
2011-02-08,5.51,5.53,5.49,5.52,3211923,0.0
2011-02-09,5.52,5.52,5.46,5.49,2121999,0.0
2011-02-10,5.48,5.5,5.41,5.43,2605458,0.0
2011-02-11,5.46,5.48,5.41,5.46,3053839,0.0
2011-02-14,5.57,5.63,5.53,5.57,3786243,0.0
2011-02-15,5.53,5.57,5.51,5.52,3240971,0.0
2011-02-16,5.6,5.64,5.57,5.59,6806343,0.0
2011-02-17,5.61,5.66,5.61,5.64,8210504,0.0
2011-02-18,5.58,5.64,5.58,5.61,3370769,0.0
2011-02-22,5.42,5.47,5.38,5.42,2099384,0.0
2011-02-23,5.37,5.42,5.32,5.39,2132776,0.0
2011-02-24,5.4,5.43,5.36,5.42,3105607,0.0
2011-02-25,5.43,5.53,5.43,5.5,3649353,0.0
2011-02-28,5.5,5.55,5.49,5.53,1430975,0.0
2011-03-01,5.64,5.6789,5.59,5.6,5509135,0.0
2011-03-02,5.52,5.55,5.49,5.5,1602917,0.0
2011-03-03,5.49,5.54,5.49,5.52,9112370,0.0
2011-03-04,5.47,5.49,5.39,5.46,1777924,0.0
2011-03-07,5.45,5.49,5.34,5.37,2166397,0.0
2011-03-08,5.33,5.38,5.31,5.37,2771523,0.0
2011-03-09,5.35,5.4,5.35,5.38,1601442,0.0
2011-03-10,5.29,5.3,5.22,5.24,3387455,0.0
2011-03-11,5.16,5.2,5.05,5.1,5757108,0.0
2011-03-14,4.77,4.91,4.75,4.88,5006282,0.0
2011-03-15,4.56,4.86,4.4363,4.83,12578820,0.0
2011-03-16,4.71,4.71,4.46,4.53,10790080,0.0
2011-03-17,4.64,4.68,4.6,4.66,6064306,0.0
2011-03-18,4.6,4.75,4.59,4.75,4031133,0.0
2011-03-21,4.8,4.88,4.67,4.79,7302886,0.0
2011-03-22,4.93,4.95,4.78,4.88,8382041,0.0
2011-03-23,4.9,4.98,4.89,4.97,4276113,0.0
2011-03-24,4.85,4.9,4.81,4.86,2566838,0.0
2011-03-25,4.79,4.86,4.78,4.85,5859131,0.0
2011-03-28,4.76,4.79,4.67,4.75,4183551,0.0
2011-03-29,4.59,4.63,4.57,4.61,3602650,0.0
2011-03-30,4.52,4.55,4.5,4.54,5266211,0.0
2011-03-31,4.61,4.62,4.58,4.6,1572479,0.0
2011-04-01,4.61,4.66,4.6,4.63,5774461,0.0
2011-04-04,4.61,4.62,4.55,4.57,5995121,0.0
2011-04-05,4.5,4.52,4.48,4.51,1823877,0.0
2011-04-06,4.38,4.4,4.36,4.4,3207921,0.0
2011-04-07,4.46,4.48,4.42,4.47,2787087,0.0
2011-04-08,4.57,4.62,4.56,4.58,2821321,0.0
2011-04-11,4.56,4.62,4.555,4.56,3444311,0.0
2011-04-12,4.59,4.62,4.58,4.59,2290969,0.0
2011-04-13,4.69,4.71,4.64,4.68,4900765,0.0
2011-04-14,4.69,4.74,4.69,4.74,4775150,0.0
2011-04-15,4.68,4.71,4.66,4.69,3165826,0.0
2011-04-18,4.53,4.59,4.51,4.59,2309144,0.0
2011-04-19,4.57,4.59,4.55,4.58,2010213,0.0
2011-04-20,4.62,4.62,4.51,4.57,7586051,0.0
2011-04-21,4.58,4.59,4.5,4.52,2692972,0.0
2011-04-25,4.58,4.63,4.57,4.62,2453894,0.0
2011-04-26,4.63,4.69,4.62,4.66,3579376,0.0
2011-04-27,4.64,4.67,4.62,4.66,4344102,0.0
2011-04-28,4.71,4.79,4.69,4.76,2402081,0.0
2011-04-29,4.75,4.8,4.75,4.77,1421619,0.0
2011-05-02,4.83,4.83,4.78,4.8,1351390,0.0
2011-05-03,4.82,4.83,4.8,4.83,1779207,0.0
2011-05-04,4.82,4.85,4.8007,4.84,1381938,0.0
2011-05-05,4.8,4.85,4.77,4.78,1957530,0.0
2011-05-06,4.83,4.89,4.82,4.85,2544349,0.0
2011-05-09,4.85,4.91,4.85,4.9,2476973,0.0
2011-05-10,4.95,4.98,4.93,4.98,3247746,0.0
2011-05-11,4.86,4.89,4.84,4.84,5088883,0.0
2011-05-12,4.84,4.88,4.81,4.85,2959693,0.0
2011-05-13,4.78,4.79,4.68,4.68,4153801,0.0
2011-05-16,4.66,4.78,4.58,4.68,2162581,0.0
2011-05-17,4.6,4.65,4.59,4.65,1584246,0.0
2011-05-18,4.71,4.75,4.7,4.73,1567537,0.0
2011-05-19,4.62,4.64,4.58,4.62,2413056,0.0
2011-05-20,4.61,4.61,4.52,4.52,2350456,0.0
2011-05-23,4.47,4.5,4.43,4.47,5107622,0.0
2011-05-24,4.49,4.52,4.47,4.47,3288407,0.0
2011-05-25,4.51,4.56,4.5,4.55,2407059,0.0
2011-05-26,4.57,4.57,4.5,4.54,2474951,0.0
2011-05-27,4.56,4.63,4.54,4.61,1146606,0.0
2011-05-31,4.6,4.61,4.5606,4.57,880403,0.0
2011-06-01,4.61,4.64,4.57,4.6,2894855,0.0
2011-06-02,4.59,4.61,4.57,4.57,3447296,0.0
2011-06-03,4.55,4.57,4.51,4.55,3113609,0.0
2011-06-06,4.48,4.52,4.4,4.4,4082815,0.0
2011-06-07,4.48,4.52,4.47,4.5,5428874,0.0
2011-06-08,4.51,4.52,4.48,4.5,4729268,0.0
2011-06-09,4.5,4.54,4.48,4.51,1189216,0.0
2011-06-10,4.5,4.51,4.44,4.45,2206087,0.0
2011-06-13,4.49,4.52,4.47,4.5,1237717,0.0
2011-06-14,4.58,4.63,4.58,4.61,1628972,0.0
2011-06-15,4.54,4.555,4.49,4.5,999010,0.0
2011-06-16,4.48,4.51,4.46,4.49,1074717,0.0
2011-06-17,4.48,4.51,4.45,4.46,2776454,0.0
2011-06-20,4.44,4.49,4.44,4.48,1852078,0.0
2011-06-21,4.46,4.51,4.46,4.49,2825900,0.0
2011-06-22,4.58,4.61,4.55,4.55,3196091,0.0
2011-06-23,4.54,4.58,4.5,4.55,2117403,0.0
2011-06-24,4.63,4.64,4.58,4.6,856794,0.0
2011-06-27,4.6,4.67,4.6,4.64,1582086,0.0
2011-06-28,4.64,4.68,4.63,4.66,949144,0.0
2011-06-29,4.71,4.75,4.69,4.72,3120194,0.0
2011-06-30,4.8,4.88,4.79,4.83,4178947,0.0
2011-07-01,4.89,4.98,4.87,4.98,3434924,0.0
2011-07-05,5.04,5.05,5.02,5.05,1650560,0.0
2011-07-06,5.03,5.03,4.99,5.01,724091,0.0
2011-07-07,5.08,5.18,5.07,5.13,3998736,0.0
2011-07-08,5.08,5.09,5.03,5.05,1959647,0.0
2011-07-11,5.0,5.01,4.93,4.94,2771260,0.0
2011-07-12,4.9,4.97,4.9,4.92,989947,0.0
2011-07-13,4.97,5.06,4.96,5.0,3165073,0.0
2011-07-14,4.94,4.96,4.89,4.92,1125113,0.0
2011-07-15,4.94,4.95,4.9,4.94,587998,0.0
2011-07-18,4.9,4.91,4.845,4.87,1522548,0.0
2011-07-19,4.81,4.85,4.81,4.84,891380,0.0
2011-07-20,4.91,4.95,4.9,4.93,1168248,0.0
2011-07-21,4.99,5.11,4.99,5.1,4033576,0.0
2011-07-22,5.16,5.2,5.14,5.18,2174632,0.0
2011-07-25,5.09,5.12,5.07,5.12,1288420,0.0
2011-07-26,5.17,5.21,5.15,5.2,1360080,0.0
2011-07-27,5.15,5.16,5.08,5.1,1512957,0.0
2011-07-28,5.08,5.12,5.07,5.08,810326,0.0
2011-07-29,5.01,5.15,5.01,5.07,1763622,0.0
2011-08-01,5.25,5.29,5.14,5.19,2490264,0.0
2011-08-02,5.17,5.17,5.06,5.08,1977320,0.0
2011-08-03,5.06,5.09,5.005,5.07,1230770,0.0
2011-08-04,4.9,4.92,4.79,4.8,3723871,0.0
2011-08-05,4.86,4.89,4.73,4.84,4892004,0.0
2011-08-08,4.72,4.77,4.55,4.57,4958974,0.0
2011-08-09,4.66,4.735,4.54,4.72,8854991,0.0
2011-08-10,4.66,4.68,4.5499,4.57,4560124,0.0
2011-08-11,4.58,4.71,4.53,4.67,2205069,0.0
2011-08-12,4.68,4.7,4.6105,4.64,1143455,0.0
2011-08-15,4.65,4.71,4.61,4.71,3023518,0.0
2011-08-16,4.63,4.65,4.56,4.58,2165708,0.0
2011-08-17,4.67,4.75,4.64,4.72,1857330,0.0
2011-08-18,4.59,4.61,4.51,4.52,1673550,0.0
2011-08-19,4.52,4.64,4.51,4.53,1288560,0.0
2011-08-22,4.55,4.58,4.45,4.45,1080275,0.0
2011-08-23,4.44,4.49,4.39,4.42,6489079,0.0
2011-08-24,4.32,4.36,4.23,4.28,8271032,0.0
2011-08-25,4.37,4.38,4.18,4.19,3822347,0.0
2011-08-26,4.29,4.34,4.23,4.3,3686156,0.0
2011-08-29,4.31,4.38,4.29,4.38,1265290,0.0
2011-08-30,4.39,4.41,4.34,4.36,2472020,0.0
2011-08-31,4.46,4.51,4.45,4.5,2436603,0.0
2011-09-01,4.47,4.51,4.42,4.42,1061701,0.0
2011-09-02,4.34,4.37,4.31,4.32,828758,0.0
2011-09-06,4.18,4.19,4.13,4.18,886715,0.0
2011-09-07,4.22,4.27,4.21,4.26,1669500,0.0
2011-09-08,4.2,4.21,4.13,4.15,1759659,0.0
2011-09-09,4.18,4.2,4.12,4.16,1503792,0.0
2011-09-12,4.15,4.15,4.06,4.13,1458689,0.0
2011-09-13,4.23,4.28,4.2,4.24,1169048,0.0
2011-09-14,4.21,4.28,4.17,4.27,1029619,0.0
2011-09-15,4.29,4.33,4.26,4.33,1440428,0.0
2011-09-16,4.44,4.46,4.39,4.42,1316916,0.0
2011-09-19,4.36,4.4,4.32,4.39,1727993,0.0
2011-09-20,4.34,4.37,4.3,4.31,879551,0.0
2011-09-21,4.35,4.35,4.23,4.23,1923017,0.0
2011-09-22,4.25,4.25,4.079,4.12,3281479,0.0
2011-09-23,4.19,4.245,4.14,4.22,2823940,0.0
2011-09-26,4.29,4.34,4.26,4.34,1392582,0.0
2011-09-27,4.44,4.48,4.38,4.41,3297400,0.0
2011-09-28,4.49,4.5,4.42,4.44,1194049,0.0
2011-09-29,4.58,4.59,4.5,4.55,1815504,0.0
2011-09-30,4.49,4.53,4.45,4.45,1733060,0.0
2011-10-03,4.43,4.4508,4.33,4.34,2140182,0.0
2011-10-04,4.26,4.3,4.16,4.28,2402518,0.0
2011-10-05,4.24,4.28,4.19,4.26,1351445,0.0
2011-10-06,4.24,4.29,4.2,4.28,1754190,0.0
2011-10-07,4.27,4.3,4.22,4.22,1426832,0.0
2011-10-10,4.27,4.34,4.26,4.34,972610,0.0
2011-10-11,4.32,4.36,4.29,4.34,857902,0.0
2011-10-12,4.33,4.38,4.31,4.34,1325201,0.0
2011-10-13,4.37,4.41,4.34,4.38,969641,0.0
2011-10-14,4.35,4.37,4.3,4.37,1401631,0.0
2011-10-17,4.38,4.39,4.33,4.33,2515091,0.0
2011-10-18,4.31,4.41,4.31,4.4,1888458,0.0
2011-10-19,4.36,4.4,4.34,4.37,1035668,0.0
2011-10-20,4.35,4.38,4.3,4.38,3212165,0.0
2011-10-21,4.4,4.43,4.38,4.41,942835,0.0
2011-10-24,4.38,4.45,4.37,4.41,1199148,0.0
2011-10-25,4.38,4.4,4.325,4.37,9485655,0.0
2011-10-26,4.39,4.39,4.31,4.36,7281283,0.0
2011-10-27,4.61,4.68,4.6025,4.66,3169352,0.0
2011-10-28,4.58,4.66,4.58,4.66,1832759,0.0
2011-10-31,4.38,4.39,4.33,4.33,1379156,0.0
2011-11-01,4.26,4.3,4.22,4.24,1431176,0.0
2011-11-02,4.28,4.28,4.21,4.23,1743249,0.0
2011-11-03,4.3,4.32,4.22,4.31,1346935,0.0
2011-11-04,4.27,4.27,4.22,4.25,1291253,0.0
2011-11-07,4.3,4.35,4.28,4.35,1109630,0.0
2011-11-08,4.28,4.32,4.26,4.32,723816,0.0
2011-11-09,4.21,4.26,4.17,4.2,1515730,0.0
2011-11-10,4.19,4.24,4.17,4.2,1169309,0.0
2011-11-11,4.24,4.26,4.21,4.24,985037,0.0
2011-11-14,4.25,4.33,4.25,4.3,1098736,0.0
2011-11-15,4.25,4.32,4.24,4.27,1028503,0.0
2011-11-16,4.28,4.28,4.19,4.19,1246194,0.0
2011-11-17,4.2,4.25,4.15,4.18,1743983,0.0
2011-11-18,4.19,4.2,4.15,4.19,1865441,0.0
2011-11-21,4.1,4.12,4.05,4.08,2128230,0.0
2011-11-22,4.13,4.15,4.09,4.12,1538970,0.0
2011-11-23,4.08,4.1,4.01,4.04,2147982,0.0
2011-11-25,4.07,4.1,4.03,4.06,755025,0.0
2011-11-28,4.17,4.19,4.15,4.17,1539011,0.0
2011-11-29,4.17,4.21,4.14,4.17,2431043,0.0
2011-11-30,4.25,4.34,4.25,4.34,2812570,0.0
2011-12-01,4.33,4.36,4.31,4.33,1798409,0.0
2011-12-02,4.37,4.37,4.33,4.33,1701111,0.0
2011-12-05,4.41,4.44,4.38,4.41,1258232,0.0
2011-12-06,4.39,4.43,4.37,4.42,828295,0.0
2011-12-07,4.4,4.48,4.38,4.47,1613743,0.0
2011-12-08,4.38,4.43,4.31,4.31,1614578,0.0
2011-12-09,4.4,4.42,4.36,4.41,1439074,0.0
2011-12-12,4.36,4.38,4.31,4.36,1825558,0.0
2011-12-13,4.31,4.36,4.225,4.25,17746840,0.0
2011-12-14,4.19,4.22,4.14,4.14,11820830,0.0
2011-12-15,4.22,4.22,4.17,4.17,1401498,0.0
2011-12-16,4.18,4.2,4.135,4.17,1493832,0.0
2011-12-19,4.15,4.16,4.03,4.03,1539421,0.0
2011-12-20,4.15,4.22,4.15,4.22,4326281,0.0
2011-12-21,4.13,4.17,4.07,4.12,3232493,0.0
2011-12-22,4.13,4.17,4.11,4.16,1837745,0.0
2011-12-23,4.16,4.19,4.16,4.19,1224809,0.0
2011-12-27,4.13,4.16,4.11,4.11,1089807,0.0
2011-12-28,4.13,4.13,4.04,4.04,967735,0.0
2011-12-29,4.08,4.16,4.07,4.15,1167827,0.0
2011-12-30,4.16,4.22,4.15,4.19,844716,0.0
2012-01-03,4.24,4.34,4.23,4.3,1968758,0.0
2012-01-04,4.34,4.37,4.32,4.34,2328495,0.0
2012-01-05,4.31,4.31,4.24,4.29,1488414,0.0
2012-01-06,4.29,4.29,4.24,4.24,530434,0.0
2012-01-09,4.25,4.3,4.25,4.3,551591,0.0
2012-01-10,4.3,4.34,4.3,4.33,917279,0.0
2012-01-11,4.31,4.37,4.3015,4.36,1306240,0.0
2012-01-12,4.34,4.36,4.31,4.34,1560197,0.0
2012-01-13,4.29,4.32,4.28,4.29,1040160,0.0
2012-01-17,4.29,4.3,4.27,4.28,1351262,0.0
2012-01-18,4.27,4.3,4.25,4.29,946671,0.0
2012-01-19,4.35,4.38,4.33,4.35,2300890,0.0
2012-01-20,4.49,4.54,4.48,4.54,2353710,0.0
2012-01-23,4.56,4.63,4.56,4.63,1067971,0.0
2012-01-24,4.58,4.6,4.55,4.59,705943,0.0
2012-01-25,4.54,4.61,4.52,4.6,847075,0.0
2012-01-26,4.6,4.63,4.54,4.54,1329698,0.0
2012-01-27,4.56,4.59,4.52,4.56,5560030,0.0
2012-01-30,4.54,4.6,4.54,4.59,1090818,0.0
2012-01-31,4.57,4.6,4.53,4.59,1750762,0.0
2012-02-01,4.67,4.77,4.67,4.76,1092390,0.0
2012-02-02,4.8,4.83,4.79,4.8,1414851,0.0
2012-02-03,4.81,4.89,4.81,4.89,2728626,0.0
2012-02-06,4.88,4.9,4.85,4.87,1698751,0.0
2012-02-07,4.91,4.98,4.89,4.9,2772838,0.0
2012-02-08,5.02,5.035,4.98,5.01,2813802,0.0
2012-02-09,5.08,5.1,5.05,5.05,1580213,0.0
2012-02-10,4.917,4.92,4.86,4.88,763916,0.0
2012-02-13,4.93,4.962,4.93,4.95,525795,0.0
2012-02-14,4.97,4.99,4.92,4.98,2577266,0.0
2012-02-15,5.14,5.17,5.1,5.13,1495059,0.0
2012-02-16,5.06,5.13,5.04,5.13,1823019,0.0
2012-02-17,5.11,5.15,5.11,5.13,1096768,0.0
2012-02-21,5.09,5.11,5.06,5.08,731601,0.0
2012-02-22,5.08,5.11,5.06,5.07,750649,0.0
2012-02-23,5.05,5.09,5.04,5.08,554163,0.0
2012-02-24,5.12,5.18,5.12,5.17,1065999,0.0
2012-02-27,5.1,5.15,5.08,5.14,1099122,0.0
2012-02-28,5.19,5.25,5.19,5.25,1781911,0.0
2012-02-29,5.23,5.24,5.11,5.11,1475398,0.0
2012-03-01,5.12,5.25,5.09,5.16,4156934,0.0
2012-03-02,5.07,5.1,5.05,5.06,1189025,0.0
2012-03-05,5.04,5.08,5.0,5.03,717338,0.0
2012-03-06,4.95,4.99,4.9,4.94,1801283,0.0
2012-03-07,5.02,5.02,4.95,4.99,1171915,0.0
2012-03-08,5.1,5.12,5.06,5.11,1205817,0.0
2012-03-09,5.13,5.18,5.12,5.15,1825155,0.0
2012-03-12,5.115,5.115,5.04,5.08,742661,0.0
2012-03-13,5.12,5.21,5.11,5.2,3942261,0.0
2012-03-14,5.2,5.23,5.14,5.17,1958393,0.0
2012-03-15,5.17,5.18,5.13,5.14,2246125,0.0
2012-03-16,5.22,5.24,5.21,5.22,1867409,0.0
2012-03-19,5.28,5.36,5.26,5.32,1719483,0.0
2012-03-20,5.26,5.29,5.24,5.26,1854291,0.0
2012-03-21,5.17,5.18,5.13,5.15,2091064,0.0
2012-03-22,5.11,5.15,5.11,5.15,1440556,0.0
2012-03-23,5.1,5.11,5.06,5.11,503241,0.0
2012-03-26,5.14,5.15,5.07,5.14,2308643,0.0
2012-03-27,5.22,5.22,5.14,5.15,1315072,0.0
2012-03-28,5.16,5.18,5.1,5.13,2540859,0.0
2012-03-29,5.06,5.06,5.0,5.05,807153,0.0
2012-03-30,5.03,5.03,4.98,4.98,1182643,0.0
2012-04-02,5.11,5.16,5.07,5.16,933706,0.0
2012-04-03,5.07,5.08,4.97,5.02,1603442,0.0
2012-04-04,4.89,4.91,4.84,4.89,1182238,0.0
2012-04-05,4.87,4.88,4.84,4.86,830144,0.0
2012-04-09,4.77,4.78,4.76,4.76,545736,0.0
2012-04-10,4.8,4.81,4.69,4.7,2652861,0.0
2012-04-11,4.77,4.85,4.77,4.83,3489768,0.0
2012-04-12,4.75,4.83,4.73,4.83,1845011,0.0
2012-04-13,4.91,4.92,4.79,4.85,1625157,0.0
2012-04-16,4.83,4.84,4.77,4.78,691327,0.0
2012-04-17,4.79,4.86,4.79,4.82,1566881,0.0
2012-04-18,4.8,4.87,4.79,4.85,1432122,0.0
2012-04-19,4.89,4.9,4.84,4.85,2137056,0.0
2012-04-20,4.85,4.87,4.84,4.84,1114562,0.0
2012-04-23,4.72,4.75,4.69,4.75,1357651,0.0
2012-04-24,4.72,4.74,4.7,4.72,929601,0.0
2012-04-25,4.78,4.78,4.712,4.75,1012374,0.0
2012-04-26,4.75,4.81,4.73,4.81,474528,0.0
2012-04-27,4.81,4.81,4.76,4.79,291679,0.0
2012-04-30,4.77,4.79,4.74,4.76,925663,0.0
2012-05-01,4.62,4.72,4.615,4.69,1707593,0.0
2012-05-02,4.6,4.66,4.6,4.65,1746621,0.0
2012-05-03,4.61,4.65,4.58,4.6,1515690,0.0
2012-05-04,4.61,4.61,4.52,4.57,1666236,0.0
2012-05-07,4.55,4.6,4.52,4.59,1751406,0.0
2012-05-08,4.53,4.54,4.47,4.51,761835,0.0
2012-05-09,4.47,4.5,4.43,4.48,928046,0.0
2012-05-10,4.49,4.51,4.45,4.46,702574,0.0
2012-05-11,4.4,4.43,4.3705,4.39,1014367,0.0
2012-05-14,4.36,4.38,4.34,4.35,1217978,0.0
2012-05-15,4.27,4.36,4.27,4.33,3231562,0.0
2012-05-16,4.27,4.31,4.23,4.23,1319412,0.0
2012-05-17,4.3,4.33,4.27,4.29,1716316,0.0
2012-05-18,4.25,4.27,4.2,4.2,825561,0.0
2012-05-21,4.2,4.26,4.18,4.26,3249796,0.0
2012-05-22,4.25,4.31,4.23,4.25,1366952,0.0
2012-05-23,4.25,4.26,4.2,4.26,1013840,0.0
2012-05-24,4.3,4.32,4.27,4.3,2158365,0.0
2012-05-25,4.26,4.3,4.26,4.26,760236,0.0
2012-05-29,4.35,4.36,4.32,4.35,749925,0.0
2012-05-30,4.26,4.26,4.21,4.22,645377,0.0
2012-05-31,4.27,4.3,4.25,4.29,1680090,0.0
2012-06-01,4.25,4.25,4.16,4.17,1107446,0.0
2012-06-04,4.21,4.23,4.17,4.23,1997227,0.0
2012-06-05,4.23,4.32,4.23,4.31,2630987,0.0
2012-06-06,4.35,4.41,4.33,4.38,1855019,0.0
2012-06-07,4.44,4.46,4.4,4.4,567941,0.0
2012-06-08,4.37,4.37,4.3,4.35,762814,0.0
2012-06-11,4.36,4.36,4.29,4.29,710278,0.0
2012-06-12,4.31,4.37,4.31,4.37,626481,0.0
2012-06-13,4.34,4.37,4.31,4.34,617744,0.0
2012-06-14,4.35,4.4,4.35,4.4,499016,0.0
2012-06-15,4.47,4.52,4.45,4.5,1454269,0.0
2012-06-18,4.51,4.54,4.5,4.54,589028,0.0
2012-06-19,4.52,4.59,4.52,4.57,575874,0.0
2012-06-20,4.62,4.66,4.6,4.65,644851,0.0
2012-06-21,4.65,4.65,4.53,4.55,807668,0.0
2012-06-22,4.58,4.59,4.54,4.58,384316,0.0
2012-06-25,4.5,4.51,4.46,4.47,620750,0.0
2012-06-26,4.46,4.47,4.42,4.46,846705,0.0
2012-06-27,4.5,4.55,4.5,4.55,455519,0.0
2012-06-28,4.59,4.64,4.56,4.61,1750195,0.0
2012-06-29,4.71,4.75,4.69,4.75,786727,0.0
2012-07-02,4.76,4.77,4.72,4.75,580764,0.0
2012-07-03,4.83,4.925,4.81,4.91,821739,0.0
2012-07-05,4.89,4.91,4.87,4.91,960509,0.0
2012-07-06,4.86,4.87,4.82,4.85,649212,0.0
2012-07-09,4.82,4.84,4.77,4.83,1953068,0.0
2012-07-10,4.8,4.82,4.74,4.75,1131341,0.0
2012-07-11,4.8,4.83,4.78,4.83,444963,0.0
2012-07-12,4.72,4.73,4.68,4.71,1066211,0.0
2012-07-13,4.67,4.77,4.66,4.76,574680,0.0
2012-07-16,4.75,4.75,4.7,4.72,401583,0.0
2012-07-17,4.72,4.75,4.69,4.75,467853,0.0
2012-07-18,4.67,4.76,4.67,4.73,1022940,0.0
2012-07-19,4.8,4.84,4.79,4.81,1184972,0.0
2012-07-20,4.665,4.665,4.59,4.59,831568,0.0
2012-07-23,4.51,4.55,4.47,4.53,738016,0.0
2012-07-24,4.52,4.53,4.45,4.47,809012,0.0
2012-07-25,4.51,4.54,4.48,4.5,579936,0.0
2012-07-26,4.67,4.77,4.65,4.77,1612714,0.0
2012-07-27,4.82,4.95,4.82,4.94,3021461,0.0
2012-07-30,4.85,4.96,4.85,4.9,4380636,0.0
2012-07-31,4.86,4.94,4.84,4.86,2020454,0.0
2012-08-01,4.765,4.82,4.73,4.74,1124783,0.0
2012-08-02,4.7,4.72,4.65,4.7,2462093,0.0
2012-08-03,4.72,4.8,4.71,4.78,1533453,0.0
2012-08-06,4.79,4.82,4.78,4.78,1144802,0.0
2012-08-07,4.84,4.87,4.83,4.85,971188,0.0
2012-08-08,4.73,4.79,4.71,4.77,588468,0.0
2012-08-09,4.74,4.76,4.72,4.73,666858,0.0
2012-08-10,4.66,4.71,4.64,4.71,1067858,0.0
2012-08-13,4.71,4.725,4.67,4.72,734453,0.0
2012-08-14,4.61,4.63,4.59,4.6,1036576,0.0
2012-08-15,4.55,4.56,4.53,4.55,754421,0.0
2012-08-16,4.57,4.6,4.53,4.58,570528,0.0
2012-08-17,4.65,4.66,4.64,4.65,262932,0.0
2012-08-20,4.62,4.63,4.6,4.63,295589,0.0
2012-08-21,4.69,4.72,4.65,4.67,1000518,0.0
2012-08-22,4.66,4.71,4.64,4.69,911621,0.0
2012-08-23,4.7,4.72,4.68,4.68,937495,0.0
2012-08-24,4.64,4.69,4.63,4.67,547972,0.0
2012-08-27,4.66,4.67,4.62,4.62,636631,0.0
2012-08-28,4.58,4.61,4.56,4.58,719540,0.0
2012-08-29,4.61,4.63,4.6,4.62,481184,0.0
2012-08-30,4.6,4.6,4.55,4.55,579994,0.0
2012-08-31,4.55,4.58,4.51,4.54,667689,0.0
2012-09-04,4.54,4.55,4.49,4.54,665404,0.0
2012-09-05,4.47,4.48,4.44,4.47,447214,0.0
2012-09-06,4.5,4.58,4.49,4.57,614622,0.0
2012-09-07,4.6,4.64,4.59,4.62,756267,0.0
2012-09-10,4.65,4.66,4.62,4.63,435902,0.0
2012-09-11,4.6,4.66,4.6,4.63,872201,0.0
2012-09-12,4.68,4.73,4.67,4.73,1784364,0.0
2012-09-13,4.73,4.86,4.71,4.84,3150265,0.0
2012-09-14,4.91,4.97,4.9,4.92,2384938,0.0
2012-09-17,4.89,4.93,4.87,4.87,1572858,0.0
2012-09-18,4.92,4.97,4.9,4.94,2265661,0.0
2012-09-19,4.93,4.93,4.88,4.88,1114214,0.0
2012-09-20,4.82,4.86,4.81,4.81,1082962,0.0
2012-09-21,4.79,4.81,4.75,4.75,683731,0.0
2012-09-24,4.76,4.79,4.74,4.78,1132996,0.0
2012-09-25,4.75,4.78,4.7,4.72,1021222,0.0
2012-09-26,4.68,4.71,4.65,4.69,1007477,0.0
2012-09-27,4.72,4.77,4.72,4.77,606246,0.0
2012-09-28,4.66,4.66,4.61,4.65,999773,0.0
2012-10-01,4.66,4.6725,4.61,4.61,666693,0.0
2012-10-02,4.64,4.64,4.56,4.56,764919,0.0
2012-10-03,4.57,4.58,4.55,4.57,515129,0.0
2012-10-04,4.67,4.7,4.66,4.7,784104,0.0
2012-10-05,4.67,4.69,4.66,4.66,743242,0.0
2012-10-08,4.63,4.65,4.61,4.62,280342,0.0
2012-10-09,4.54,4.54,4.49,4.49,602793,0.0
2012-10-10,4.48,4.5,4.46,4.5,746465,0.0
2012-10-11,4.55,4.57,4.53,4.54,975708,0.0
2012-10-12,4.54,4.55,4.51,4.54,628747,0.0
2012-10-15,4.53,4.56,4.51,4.54,683287,0.0
2012-10-16,4.57,4.63,4.57,4.63,1046815,0.0
2012-10-17,4.62,4.65,4.61,4.63,346694,0.0
2012-10-18,4.64,4.67,4.64,4.66,330411,0.0
2012-10-19,4.65,4.66,4.57,4.58,959023,0.0
2012-10-22,4.64,4.68,4.63,4.67,740570,0.0
2012-10-23,4.52,4.55,4.5,4.52,1103411,0.0
2012-10-24,4.56,4.58,4.52,4.53,812714,0.0
2012-10-25,4.55,4.58,4.53,4.55,664899,0.0
2012-10-26,4.53,4.54,4.49,4.52,1267034,0.0
2012-10-31,4.61,4.61,4.47,4.49,691902,0.0
2012-11-01,4.47,4.52,4.47,4.52,1061550,0.0
2012-11-02,4.51,4.51,4.45,4.46,1072922,0.0
2012-11-05,4.46,4.48,4.46,4.46,423046,0.0
2012-11-06,4.46,4.49,4.455,4.47,441642,0.0
2012-11-07,4.44,4.45,4.37,4.38,650880,0.0
2012-11-08,4.43,4.44,4.37,4.37,745388,0.0
2012-11-09,4.44,4.44,4.39,4.41,642421,0.0
2012-11-12,4.38,4.39,4.35,4.36,923074,0.0
2012-11-13,4.34,4.38,4.33,4.35,872262,0.0
2012-11-14,4.32,4.34,4.24,4.26,1078459,0.0
2012-11-15,4.36,4.39,4.35,4.39,1992429,0.0
2012-11-16,4.48,4.52,4.44,4.5,1631663,0.0
2012-11-19,4.51,4.57,4.51,4.54,1016526,0.0
2012-11-20,4.51,4.55,4.49,4.55,1102054,0.0
2012-11-21,4.53,4.55,4.52,4.54,649591,0.0
2012-11-23,4.57,4.63,4.56,4.62,1679388,0.0
2012-11-26,4.57,4.61,4.56,4.59,1991072,0.0
2012-11-27,4.58,4.61,4.53,4.53,999216,0.0
2012-11-28,4.5,4.55,4.48,4.54,843512,0.0
2012-11-29,4.58,4.62,4.57,4.61,1106346,0.0
2012-11-30,4.57,4.61,4.562,4.61,989378,0.0
2012-12-03,4.59,4.61,4.55,4.56,671223,0.0
2012-12-04,4.54,4.5552,4.52,4.52,829960,0.0
2012-12-05,4.53,4.57,4.52,4.54,766763,0.0
2012-12-06,4.56,4.57,4.54,4.56,461631,0.0
2012-12-07,4.61,4.67,4.6,4.65,2054208,0.0
2012-12-10,4.59,4.61,4.57,4.59,1348706,0.0
2012-12-11,4.56,4.6,4.55,4.55,1378823,0.0
2012-12-12,4.56,4.61,4.54,4.55,2518786,0.0
2012-12-13,4.55,4.57,4.53,4.55,962262,0.0
2012-12-14,4.6,4.62,4.59,4.62,1153954,0.0
2012-12-17,4.67,4.73,4.66,4.71,2714587,0.0
2012-12-18,4.86,4.93,4.85,4.93,2563972,0.0
2012-12-19,5.11,5.15,5.1,5.13,2622504,0.0
2012-12-20,5.21,5.26,5.19,5.26,3104224,0.0
2012-12-21,5.17,5.28,5.17,5.28,2397876,0.0
2012-12-24,5.23,5.28,5.22,5.28,945736,0.0
2012-12-26,5.27,5.32,5.27,5.29,1176192,0.0
2012-12-27,5.27,5.3,5.22,5.28,2851843,0.0
2012-12-28,5.28,5.32,5.28,5.29,1138012,0.0
2012-12-31,5.3,5.42,5.29,5.42,1704682,0.0
2013-01-02,5.51,5.57,5.5,5.56,2228272,0.0
2013-01-03,5.53,5.54,5.46,5.47,1621363,0.0
2013-01-04,5.49,5.53,5.48,5.5,1459962,0.0
2013-01-07,5.4,5.43,5.36,5.42,3545132,0.0
2013-01-08,5.28,5.3,5.19,5.22,4151680,0.0
2013-01-09,5.33,5.36,5.31,5.36,1919404,0.0
2013-01-10,5.39,5.44,5.37,5.43,1701115,0.0
2013-01-11,5.4,5.44,5.38,5.42,2541939,0.0
2013-01-14,5.47,5.49,5.4343,5.45,1710117,0.0
2013-01-15,5.42,5.45,5.39,5.44,7998704,0.0
2013-01-16,5.3,5.36,5.29,5.35,2224725,0.0
2013-01-17,5.37,5.4,5.34,5.39,2272004,0.0
2013-01-18,5.4,5.41,5.37,5.41,1260551,0.0
2013-01-22,5.26,5.27,5.22,5.25,1586049,0.0
2013-01-23,5.21,5.24,5.2,5.23,1911473,0.0
2013-01-24,5.31,5.35,5.3,5.33,2499565,0.0
2013-01-25,5.35,5.36,5.28,5.31,996502,0.0
2013-01-28,5.29,5.29,5.23,5.26,1193237,0.0
2013-01-29,5.45,5.48,5.44,5.47,1756339,0.0
2013-01-30,5.48,5.5471,5.47,5.53,2313008,0.0
2013-01-31,5.66,5.72,5.65,5.66,1910683,0.0
2013-02-01,5.6,5.61,5.54,5.59,1674537,0.0
2013-02-04,5.65,5.67,5.6,5.62,1770028,0.0
2013-02-05,5.65,5.67,5.62,5.65,1470568,0.0
2013-02-06,5.6,5.65,5.58,5.65,937346,0.0
2013-02-07,5.71,5.73,5.64,5.71,1572084,0.0
2013-02-08,5.68,5.7,5.66,5.69,1059449,0.0
2013-02-11,5.75,5.78,5.72,5.77,1241942,0.0
2013-02-12,5.79,5.83,5.76,5.81,1172290,0.0
2013-02-13,5.74,5.75,5.7,5.72,890625,0.0
2013-02-14,5.57,5.59,5.55,5.57,711939,0.0
2013-02-15,5.51,5.52,5.48,5.51,1455478,0.0
2013-02-19,5.66,5.72,5.66,5.7,1547739,0.0
2013-02-20,5.7,5.71,5.61,5.61,1283514,0.0
2013-02-21,5.55,5.56,5.445,5.49,2553382,0.0
2013-02-22,5.5,5.58,5.49,5.57,2569132,0.0
2013-02-25,5.58,5.62,5.48,5.51,6374466,0.0
2013-02-26,5.58,5.6,5.54,5.59,2627878,0.0
2013-02-27,5.52,5.57,5.48,5.55,1513298,0.0
2013-02-28,5.54,5.59,5.49,5.54,1718377,0.0
2013-03-01,5.61,5.66,5.58,5.64,1190127,0.0
2013-03-04,5.7,5.71,5.66,5.69,1411843,0.0
2013-03-05,5.68,5.73,5.68,5.73,1272596,0.0
2013-03-06,5.74,5.8,5.73,5.79,1487187,0.0
2013-03-07,5.71,5.73,5.635,5.65,14498250,0.0
2013-03-08,5.64,5.68,5.62,5.65,3277048,0.0
2013-03-11,5.88,5.98,5.87,5.97,3997079,0.0
2013-03-12,5.89,5.9,5.84,5.87,2326788,0.0
2013-03-13,5.96,6.06,5.95,6.05,2453806,0.0
2013-03-14,6.03,6.1,6.03,6.1,1029943,0.0
2013-03-15,6.01,6.02,5.97,6.01,718359,0.0
2013-03-18,5.93,6.01,5.91,5.96,2931847,0.0
2013-03-19,5.97,6.0,5.93,6.0,1757126,0.0
2013-03-20,6.01,6.07,6.01,6.06,2389088,0.0
2013-03-21,6.06,6.07,5.96,5.98,2784518,0.0
2013-03-22,5.98,6.03,5.975,6.02,720022,0.0
2013-03-25,6.04,6.05,5.91,5.95,2388395,0.0
2013-03-26,5.92,5.94,5.89,5.92,1184399,0.0
2013-03-27,5.92,5.96,5.89,5.96,3016091,0.0
2013-03-28,6.0,6.01,5.9253,6.0,10216030,0.0
2013-04-01,5.88,5.88,5.585,5.63,3474369,0.0
2013-04-02,5.83,5.91,5.82,5.9,1897639,0.0
2013-04-03,5.89,5.9,5.78,5.8,3488655,0.0
2013-04-04,6.19,6.27,6.17,6.27,4812582,0.0
2013-04-05,6.33,6.56,6.281,6.56,6526035,0.0
2013-04-08,6.57,6.61,6.53,6.61,4123107,0.0
2013-04-09,6.37,6.46,6.32,6.41,4894023,0.0
2013-04-10,6.64,6.77,6.63,6.73,5113486,0.0
2013-04-11,6.75,6.88,6.72,6.84,6621911,0.0
2013-04-12,6.77,6.84,6.75,6.82,5384761,0.0
2013-04-15,6.7,6.76,6.65,6.66,6061388,0.0
2013-04-16,6.68,6.7501,6.63,6.7,5719744,0.0
2013-04-17,6.7,6.72,6.59,6.65,4195022,0.0
2013-04-18,6.65,6.67,6.56,6.62,2458502,0.0
2013-04-19,6.59,6.68,6.57,6.65,3666807,0.0
2013-04-22,6.62,6.62,6.4999,6.57,4237702,0.0
2013-04-23,6.55,6.635,6.55,6.62,7731999,0.0
2013-04-24,6.55,6.58,6.49,6.54,5661027,0.0
2013-04-25,6.65,6.75,6.65,6.7,4787073,0.0
2013-04-26,6.69,6.79,6.69,6.79,3715331,0.0
2013-04-29,6.76,6.85,6.76,6.81,3861003,0.0
2013-04-30,6.81,6.82,6.75,6.78,7294921,0.0
2013-05-01,6.73,6.74,6.67,6.7,973170,0.0
2013-05-02,6.72,6.81,6.71,6.76,1529495,0.0
2013-05-03,6.84,6.93,6.82,6.89,4867056,0.0
2013-05-06,6.88,6.88,6.82,6.83,5524239,0.0
2013-05-07,6.79,6.84,6.77,6.8,3108099,0.0
2013-05-08,6.69,6.79,6.68,6.77,2390814,0.0
2013-05-09,6.69,6.74,6.64,6.67,3581008,0.0
2013-05-10,6.69,6.72,6.6385,6.7,2627933,0.0
2013-05-13,7.14,7.24,7.13,7.2,6538505,0.0
2013-05-14,7.09,7.22,7.04,7.12,3962330,0.0
2013-05-15,7.16,7.31,7.15,7.28,2492748,0.0
2013-05-16,6.96,6.98,6.79,6.82,4895189,0.0
2013-05-17,6.85,6.94,6.83,6.9,5226381,0.0
2013-05-20,6.85,6.89,6.8,6.84,3529889,0.0
2013-05-21,6.79,6.81,6.73,6.74,2364480,0.0
2013-05-22,6.86,6.94,6.71,6.75,3667360,0.0
2013-05-23,6.19,6.32,6.01,6.32,13254350,0.0
2013-05-24,6.08,6.13,5.99,6.09,5484552,0.0
2013-05-28,6.07,6.17,6.03,6.05,6834213,0.0
2013-05-29,5.95,6.01,5.89,5.99,4877432,0.0
2013-05-30,5.94,6.11,5.94,6.01,8586386,0.0
2013-05-31,5.88,6.01,5.85,5.94,6970593,0.0
2013-06-03,5.66,5.69,5.52,5.68,7577220,0.0
2013-06-04,6.06,6.14,5.97,5.99,6492042,0.0
2013-06-05,5.85,5.85,5.71,5.74,4141990,0.0
2013-06-06,5.74,5.8,5.665,5.8,4735998,0.0
2013-06-07,5.89,6.03,5.86,6.01,3454552,0.0
2013-06-10,6.19,6.2,6.02,6.1,3421572,0.0
2013-06-11,6.19,6.25,6.12,6.2,6599832,0.0
2013-06-12,6.25,6.25,6.075,6.13,4520930,0.0
2013-06-13,6.16,6.285,6.15,6.28,2822769,0.0
2013-06-14,6.05,6.06,5.95,5.95,2649707,0.0
2013-06-17,6.15,6.225,6.08,6.12,2451532,0.0
2013-06-18,6.16,6.19,6.13,6.15,2879672,0.0
2013-06-19,6.25,6.25,6.1,6.11,2371724,0.0
2013-06-20,5.98,5.99,5.84,5.85,4325219,0.0
2013-06-21,5.97,5.99,5.84,5.98,2475397,0.0
2013-06-24,5.84,5.89,5.765,5.83,3146589,0.0
2013-06-25,5.94,6.01,5.89,6.0,1558662,0.0
2013-06-26,6.0,6.01,5.93,5.96,1073232,0.0
2013-06-27,6.05,6.1,6.04,6.07,1685805,0.0
2013-06-28,6.17,6.26,6.125,6.21,3196603,0.0
2013-07-01,6.35,6.37,6.3,6.33,2573967,0.0
2013-07-02,6.37,6.38,6.23,6.32,2298039,0.0
2013-07-03,6.36,6.45,6.35,6.41,1424400,0.0
2013-07-05,6.45,6.46,6.37,6.44,1109373,0.0
2013-07-08,6.4,6.45,6.36,6.38,1419604,0.0
2013-07-09,6.47,6.48,6.43,6.45,1229221,0.0
2013-07-10,6.45,6.47,6.39,6.44,2302006,0.0
2013-07-11,6.57,6.63,6.55,6.61,1314549,0.0
2013-07-12,6.59,6.61,6.52,6.54,2183411,0.0
2013-07-15,6.57,6.69,6.57,6.67,2804081,0.0
2013-07-16,6.63,6.66,6.58,6.6,1404059,0.0
2013-07-17,6.67,6.68,6.63,6.67,763261,0.0
2013-07-18,6.7,6.75,6.69,6.73,912594,0.0
2013-07-19,6.72,6.81,6.71,6.81,1466923,0.0
2013-07-22,6.73,6.79,6.69,6.78,2349940,0.0
2013-07-23,6.77,6.78,6.72,6.74,1513269,0.0
2013-07-24,6.71,6.72,6.61,6.65,1204583,0.0
2013-07-25,6.55,6.59,6.48,6.57,1067542,0.0
2013-07-26,6.34,6.35,6.28,6.32,1498312,0.0
2013-07-29,6.14,6.18,6.11,6.12,10761860,0.0
2013-07-30,6.15,6.215,6.14,6.17,2988241,0.0
2013-07-31,6.17,6.29,6.16,6.25,1597985,0.0
2013-08-01,6.36,6.4,6.33,6.35,1901527,0.0
2013-08-02,6.39,6.43,6.36,6.42,2250976,0.0
2013-08-05,6.39,6.47,6.38,6.47,1374981,0.0
2013-08-06,6.43,6.44,6.39,6.41,726326,0.0
2013-08-07,6.32,6.36,6.28,6.29,2087767,0.0
2013-08-08,6.29,6.32,6.23,6.28,816391,0.0
2013-08-09,6.28,6.335,6.27,6.3,624156,0.0
2013-08-12,6.24,6.28,6.22,6.24,917374,0.0
2013-08-13,6.24,6.28,6.18,6.27,664076,0.0
2013-08-14,6.17,6.21,6.16,6.18,853147,0.0
2013-08-15,6.13,6.18,6.11,6.12,1417380,0.0
2013-08-16,6.11,6.15,6.09,6.14,2332051,0.0
2013-08-19,6.11,6.13,6.03,6.06,3038962,0.0
2013-08-20,6.02,6.09,6.01,6.07,1500626,0.0
2013-08-21,6.005,6.005,5.91,5.93,1389249,0.0
2013-08-22,6.05,6.08,6.04,6.06,673723,0.0
2013-08-23,6.12,6.17,6.1,6.15,1143624,0.0
2013-08-26,6.07,6.1,6.04,6.06,2015957,0.0
2013-08-27,6.03,6.05,5.99,6.01,1990210,0.0
2013-08-28,5.97,6.03,5.95,5.99,745714,0.0
2013-08-29,5.94,5.99,5.94,5.95,455153,0.0
2013-08-30,5.88,5.88,5.82,5.83,796456,0.0
2013-09-03,6.07,6.11,6.05,6.09,2275558,0.0
2013-09-04,6.17,6.28,6.17,6.27,1680891,0.0
2013-09-05,6.16,6.24,6.16,6.22,2281317,0.0
2013-09-06,6.18,6.25,6.14,6.21,1053105,0.0
2013-09-09,6.25,6.34,6.24,6.34,1068568,0.0
2013-09-10,6.41,6.44,6.4,6.43,1464494,0.0
2013-09-11,6.35,6.37,6.3,6.35,649694,0.0
2013-09-12,6.34,6.38,6.31,6.36,1670816,0.0
2013-09-13,6.34,6.37,6.32,6.32,803342,0.0
2013-09-16,6.42,6.455,6.39,6.42,562809,0.0
2013-09-17,6.38,6.43,6.3701,6.43,773464,0.0
2013-09-18,6.47,6.69,6.46,6.67,3012770,0.0
2013-09-19,6.61,6.65,6.59,6.63,939406,0.0
2013-09-20,6.62,6.62,6.54,6.56,725931,0.0
2013-09-23,6.55,6.57,6.51,6.56,889828,0.0
2013-09-24,6.58,6.61,6.542,6.58,509180,0.0
2013-09-25,6.57,6.57,6.5025,6.52,512180,0.0
2013-09-26,6.56,6.62,6.56,6.61,941017,0.0
2013-09-27,6.5,6.55,6.49,6.52,996233,0.0
2013-09-30,6.39,6.425,6.35,6.41,599595,0.0
2013-10-01,6.36,6.39,6.34,6.37,452428,0.0
2013-10-02,6.3,6.35,6.26,6.35,847220,0.0
2013-10-03,6.32,6.33,6.27,6.3,583052,0.0
2013-10-04,6.26,6.34,6.26,6.33,630867,0.0
2013-10-07,6.23,6.2601,6.21,6.25,432674,0.0
2013-10-08,6.25,6.28,6.2,6.23,565272,0.0
2013-10-09,6.35,6.42,6.33,6.41,869702,0.0
2013-10-10,6.39,6.425,6.36,6.42,525470,0.0
2013-10-11,6.45,6.51,6.45,6.5,344514,0.0
2013-10-14,6.45,6.55,6.43,6.53,504374,0.0
2013-10-15,6.44,6.455,6.4,6.43,480013,0.0
2013-10-16,6.42,6.49,6.4,6.49,1441324,0.0
2013-10-17,6.52,6.59,6.5,6.59,2483742,0.0
2013-10-18,6.57,6.61,6.56,6.59,907879,0.0
2013-10-21,6.5,6.53,6.49,6.51,687121,0.0
2013-10-22,6.57,6.58,6.54,6.56,984263,0.0
2013-10-23,6.44,6.45,6.37,6.42,965930,0.0
2013-10-24,6.42,6.465,6.4,6.44,855687,0.0
2013-10-25,6.36,6.42,6.36,6.38,903032,0.0
2013-10-28,6.41,6.45,6.39,6.4,2323504,0.0
2013-10-29,6.41,6.45,6.389,6.45,897917,0.0
2013-10-30,6.43,6.46,6.4,6.43,1151331,0.0
2013-10-31,6.4,6.44,6.36,6.4,1184276,0.0
2013-11-01,6.32,6.36,6.3,6.36,723105,0.0
2013-11-04,6.36,6.37,6.31,6.36,580637,0.0
2013-11-05,6.24,6.26,6.21,6.25,838873,0.0
2013-11-06,6.29,6.34,6.29,6.32,1157233,0.0
2013-11-07,6.28,6.29,6.21,6.21,1839525,0.0
2013-11-08,6.2,6.26,6.18,6.24,843410,0.0
2013-11-11,6.23,6.25,6.22,6.24,468298,0.0
2013-11-12,6.28,6.33,6.28,6.33,1332612,0.0
2013-11-13,6.39,6.54,6.38,6.53,3376505,0.0
2013-11-14,6.51,6.64,6.43,6.49,4877648,0.0
2013-11-15,6.61,6.66,6.5997,6.66,2704663,0.0
2013-11-18,6.65,6.74,6.65,6.68,2164762,0.0
2013-11-19,6.61,6.65,6.59,6.61,946704,0.0
2013-11-20,6.58,6.62,6.53,6.58,814380,0.0
2013-11-21,6.58,6.67,6.58,6.66,2398193,0.0
2013-11-22,6.53,6.58,6.51,6.56,3491190,0.0
2013-11-25,6.51,6.53,6.48,6.49,2975871,0.0
2013-11-26,6.51,6.57,6.51,6.55,1674459,0.0
2013-11-27,6.48,6.51,6.46,6.49,1652961,0.0
2013-11-29,6.48,6.56,6.47,6.49,722231,0.0
2013-12-02,6.5,6.54,6.44,6.45,1084552,0.0
2013-12-03,6.42,6.43,6.35,6.41,1823737,0.0
2013-12-04,6.31,6.38,6.28,6.32,967482,0.0
2013-12-05,6.3,6.33,6.27,6.3,714309,0.0
2013-12-06,6.34,6.39,6.33,6.36,2049617,0.0
2013-12-09,6.35,6.35,6.31,6.34,626246,0.0
2013-12-10,6.26,6.33,6.19,6.3,1269941,0.0
2013-12-11,6.29,6.29,6.22,6.25,1408192,0.0
2013-12-12,6.25,6.32,6.25,6.28,1055973,0.0
2013-12-13,6.17,6.2,6.13,6.16,1584928,0.0
2013-12-16,6.14,6.22,6.14,6.19,893455,0.0
2013-12-17,6.17,6.18,6.1301,6.15,507328,0.0
2013-12-18,6.23,6.4055,6.23,6.37,2764092,0.0
2013-12-19,6.31,6.35,6.28,6.3,1376175,0.0
2013-12-20,6.31,6.33,6.27,6.33,971731,0.0
2013-12-23,6.33,6.37,6.33,6.35,926060,0.0
2013-12-24,6.27,6.31,6.27,6.28,458193,0.0
2013-12-26,6.38,6.48,6.34,6.45,1795980,0.0
2013-12-27,6.5,6.54,6.47,6.51,1187817,0.0
2013-12-30,6.66,6.69,6.64,6.67,1564732,0.0
2013-12-31,6.66,6.69,6.63,6.68,627797,0.0
2014-01-02,6.62,6.64,6.53,6.57,1128256,0.0
2014-01-03,6.59,6.59,6.52,6.56,601528,0.0
2014-01-06,6.62,6.62,6.52,6.55,1300659,0.0
2014-01-07,6.55,6.56,6.5,6.53,1075534,0.0
2014-01-08,6.57,6.61,6.54,6.57,2163968,0.0
2014-01-09,6.53,6.54,6.46,6.47,713820,0.0
2014-01-10,6.57,6.57,6.51,6.55,1406593,0.0
2014-01-13,6.52,6.5303,6.48,6.48,3423638,0.0
2014-01-14,6.47,6.52,6.45,6.5,1847528,0.0
2014-01-15,6.49,6.53,6.47,6.5,2058386,0.0
2014-01-16,6.46,6.47,6.4,6.46,1184749,0.0
2014-01-17,6.51,6.53,6.47,6.48,1400103,0.0
2014-01-21,6.47,6.47,6.4,6.43,647895,0.0
2014-01-22,6.5,6.5,6.46,6.5,712691,0.0
2014-01-23,6.43,6.44,6.34,6.37,5320521,0.0
2014-01-24,6.32,6.33,6.29,6.31,3037652,0.0
2014-01-27,6.23,6.24,6.13,6.18,2030134,0.0
2014-01-28,6.17,6.24,6.16,6.23,1793164,0.0
2014-01-29,6.24,6.255,6.19,6.22,3014147,0.0
2014-01-30,6.17,6.2,6.13,6.17,1174236,0.0
2014-01-31,6.03,6.075,5.98,6.04,1395726,0.0
2014-02-03,5.99,6.01,5.83,5.88,2473788,0.0
2014-02-04,5.86,5.91,5.78,5.9,2148125,0.0
2014-02-05,5.86,5.9,5.82,5.9,1525907,0.0
2014-02-06,5.82,5.89,5.81,5.87,1708699,0.0
2014-02-07,5.92,5.99,5.91,5.96,1484338,0.0
2014-02-10,5.95,5.95,5.87,5.9,4189881,0.0
2014-02-11,5.93,6.01,5.92,6.0,2953054,0.0
2014-02-12,5.98,6.0,5.95,5.99,7204672,0.0
2014-02-13,5.86,5.93,5.86,5.93,5605056,0.0
2014-02-14,5.8,5.85,5.78,5.84,1241601,0.0
2014-02-18,6.1,6.1503,6.05,6.13,2780493,0.0
2014-02-19,6.09,6.11,6.02,6.03,1269891,0.0
2014-02-20,5.92,5.9489,5.9,5.92,1275756,0.0
2014-02-21,5.96,5.9766,5.9,5.91,790579,0.0
2014-02-24,5.91,5.95,5.9,5.91,677623,0.0
2014-02-25,5.95,5.96,5.93,5.94,1481892,0.0
2014-02-26,5.92,5.92,5.87,5.87,933644,0.0
2014-02-27,5.82,5.83,5.8,5.8,1289411,0.0
2014-02-28,5.81,5.87,5.77,5.82,3160767,0.0
2014-03-03,5.75,5.78,5.7,5.75,2964667,0.0
2014-03-04,5.8,5.85,5.79,5.84,1556501,0.0
2014-03-05,5.76,5.77,5.72,5.73,1929805,0.0
2014-03-06,5.89,5.96,5.89,5.93,1882733,0.0
2014-03-07,5.88,5.89,5.82,5.84,1750845,0.0
2014-03-10,5.81,5.84,5.79,5.81,861197,0.0
2014-03-11,5.79,5.8,5.74,5.76,1291177,0.0
2014-03-12,5.7,5.7,5.65,5.68,1265545,0.0
2014-03-13,5.67,5.68,5.56,5.6,1870791,0.0
2014-03-14,5.51,5.55,5.5,5.53,1988891,0.0
2014-03-17,5.55,5.6,5.52,5.59,1500327,0.0
2014-03-18,5.52,5.56,5.51,5.55,1475577,0.0
2014-03-19,5.56,5.56,5.49,5.52,1497461,0.0
2014-03-20,5.37,5.42,5.34,5.41,2139351,0.0
2014-03-21,5.4,5.46,5.39,5.39,1883131,0.0
2014-03-24,5.26,5.28,5.19,5.26,2119403,0.0
2014-03-25,5.3,5.34,5.29,5.34,2574447,0.0
2014-03-26,5.31,5.35,5.25,5.25,1419830,0.0
2014-03-27,5.25,5.3,5.25,5.29,991691,0.0
2014-03-28,5.41,5.465,5.4,5.42,1155441,0.0
2014-03-31,5.48,5.54,5.48,5.54,2154202,0.0
2014-04-01,5.51,5.53,5.49,5.51,1660059,0.0
2014-04-02,5.56,5.62,5.56,5.62,1269351,0.0
2014-04-03,5.59,5.62,5.55,5.58,1091534,0.0
2014-04-04,5.63,5.63,5.53,5.54,2117122,0.0
2014-04-07,5.52,5.52,5.46,5.47,3053847,0.0
2014-04-08,5.41,5.42,5.36,5.37,2558484,0.0
2014-04-09,5.35,5.42,5.34,5.41,2031421,0.0
2014-04-10,5.37,5.38,5.27,5.27,2176119,0.0
2014-04-11,5.25,5.27,5.21,5.22,2010684,0.0
2014-04-14,5.32,5.38,5.31,5.36,1298239,0.0
2014-04-15,5.38,5.4,5.32,5.4,1219189,0.0
2014-04-16,5.56,5.57,5.51,5.56,1049390,0.0
2014-04-17,5.55,5.56,5.52,5.56,587263,0.0
2014-04-21,5.5,5.5,5.4501,5.48,1222398,0.0
2014-04-22,5.38,5.4,5.35,5.4,1479742,0.0
2014-04-23,5.45,5.5,5.45,5.48,2148585,0.0
2014-04-24,5.43,5.45,5.37,5.39,1226189,0.0
2014-04-25,5.37,5.38,5.32,5.33,1161636,0.0
2014-04-28,5.33,5.33,5.28,5.33,1322511,0.0
2014-04-29,5.34,5.38,5.33,5.36,1150104,0.0
2014-04-30,5.31,5.35,5.29,5.35,989393,0.0
2014-05-01,5.39,5.4399,5.37,5.4,8372861,0.0
2014-05-02,5.52,5.54,5.48,5.51,1693640,0.0
2014-05-05,5.49,5.51,5.47,5.5,529929,0.0
2014-05-06,5.48,5.49,5.46,5.48,938460,0.0
2014-05-07,5.4,5.42,5.37,5.41,1329302,0.0
2014-05-08,5.435,5.46,5.41,5.43,826580,0.0
2014-05-09,5.47,5.47,5.43,5.45,2016446,0.0
2014-05-12,5.5,5.56,5.5,5.56,1243444,0.0
2014-05-13,5.61,5.65,5.6,5.63,1296035,0.0
2014-05-14,5.67,5.725,5.66,5.68,3671566,0.0
2014-05-15,5.65,5.65,5.6,5.62,1476924,0.0
2014-05-16,5.53,5.54,5.51,5.54,1105587,0.0
2014-05-19,5.46,5.49,5.43,5.49,890332,0.0
2014-05-20,5.38,5.39,5.33,5.35,1723193,0.0
2014-05-21,5.41,5.46,5.4,5.45,917215,0.0
2014-05-22,5.47,5.525,5.46,5.51,2413280,0.0
2014-05-23,5.59,5.64,5.58,5.62,1322426,0.0
2014-05-27,5.66,5.66,5.6,5.65,1596461,0.0
2014-05-28,5.64,5.64,5.56,5.57,848798,0.0
2014-05-29,5.68,5.6895,5.63,5.66,820761,0.0
2014-05-30,5.65,5.67,5.63,5.63,401985,0.0
2014-06-02,5.71,5.74,5.69,5.73,945055,0.0
2014-06-03,5.76,5.8,5.76,5.8,785074,0.0
2014-06-04,5.79,5.82,5.77,5.82,1074380,0.0
2014-06-05,5.8,5.83,5.77,5.82,886334,0.0
2014-06-06,5.84,5.89,5.82,5.88,1169823,0.0
2014-06-09,5.88,5.97,5.86,5.93,5716409,0.0
2014-06-10,5.89,5.92,5.87,5.89,1556502,0.0
2014-06-11,5.95,5.97,5.93,5.94,2107026,0.0
2014-06-12,6.07,6.08,6.01,6.03,1996028,0.0
2014-06-13,6.04,6.05,6.03,6.03,1473626,0.0
2014-06-16,6.04,6.06,6.01,6.02,1480956,0.0
2014-06-17,5.96,6.0,5.95,6.0,726125,0.0
2014-06-18,6.05,6.11,6.04,6.1,1584469,0.0
2014-06-19,6.2,6.24,6.19,6.23,1072428,0.0
2014-06-20,6.25,6.27,6.21,6.27,1303432,0.0
2014-06-23,6.18,6.23,6.15,6.21,1114398,0.0
2014-06-24,6.16,6.18,6.13,6.13,842727,0.0
2014-06-25,6.09,6.14,6.08,6.14,726111,0.0
2014-06-26,6.11,6.115,6.09,6.09,917776,0.0
2014-06-27,6.08,6.09,6.06,6.08,735131,0.0
2014-06-30,6.1,6.15,6.1,6.15,1299348,0.0
2014-07-01,6.18,6.26,6.18,6.26,937127,0.0
2014-07-02,6.24,6.31,6.24,6.28,2773710,0.0
2014-07-03,6.18,6.24,6.17,6.23,2181261,0.0
2014-07-07,6.14,6.15,6.08,6.1,1981102,0.0
2014-07-08,6.13,6.14,6.083,6.1,1029526,0.0
2014-07-09,6.08,6.08,6.04,6.04,2775745,0.0
2014-07-10,5.91,5.93,5.9,5.91,2049275,0.0
2014-07-11,5.91,5.92,5.88,5.9,765409,0.0
2014-07-14,5.95,5.95,5.92,5.94,733090,0.0
2014-07-15,5.97,5.99,5.95,5.98,954044,0.0
2014-07-16,5.97,5.98,5.96,5.98,310822,0.0
2014-07-17,5.95,5.96,5.88,5.91,859513,0.0
2014-07-18,5.91,5.95,5.91,5.95,582909,0.0
2014-07-21,5.9,5.93,5.89,5.92,417233,0.0
2014-07-22,5.89,5.9,5.85,5.89,913238,0.0
2014-07-23,5.88,5.89,5.86,5.87,863531,0.0
2014-07-24,5.88,5.89,5.86,5.86,410598,0.0
2014-07-25,5.87,5.88,5.84,5.85,680357,0.0
2014-07-28,5.92,5.97,5.92,5.97,1180204,0.0
2014-07-29,5.96,5.96,5.89,5.89,1241884,0.0
2014-07-30,5.93,5.98,5.93,5.97,792902,0.0
2014-07-31,5.96,5.99,5.9,5.9,597857,0.0
2014-08-01,5.98,6.03,5.96,5.98,1130589,0.0
2014-08-04,5.89,5.91,5.85,5.91,638340,0.0
2014-08-05,5.89,5.89,5.79,5.8,1064419,0.0
2014-08-06,5.72,5.74,5.69,5.73,2212524,0.0
2014-08-07,5.79,5.79,5.7,5.72,1258722,0.0
2014-08-08,5.65,5.69,5.64,5.69,605095,0.0
2014-08-11,5.71,5.74,5.71,5.72,687136,0.0
2014-08-12,5.73,5.78,5.72,5.72,885594,0.0
2014-08-13,5.8,5.83,5.79,5.8,1448707,0.0
2014-08-14,5.79,5.8,5.74,5.75,2071112,0.0
2014-08-15,5.74,5.77,5.7,5.72,5354229,0.0
2014-08-18,5.76,5.79,5.75,5.78,1964523,0.0
2014-08-19,5.75,5.78,5.74,5.77,922673,0.0
2014-08-20,5.72,5.72,5.69,5.71,611947,0.0
2014-08-21,5.77,5.82,5.77,5.81,734685,0.0
2014-08-22,5.8,5.82,5.789,5.8,861776,0.0
2014-08-25,5.81,5.82,5.8025,5.81,349719,0.0
2014-08-26,5.76,5.76,5.75,5.75,390342,0.0
2014-08-27,5.76,5.76,5.72,5.73,400223,0.0
2014-08-28,5.71,5.72,5.7,5.71,2787526,0.0
2014-08-29,5.74,5.77,5.73,5.77,907558,0.0
2014-09-02,5.82,5.855,5.8,5.83,1871989,0.0
2014-09-03,5.87,5.89,5.84,5.86,1996341,0.0
2014-09-04,5.85,5.85,5.79,5.81,1070281,0.0
2014-09-05,5.75,5.77,5.73,5.77,571505,0.0
2014-09-08,5.79,5.79,5.75,5.77,1171319,0.0
2014-09-09,5.7,5.7,5.63,5.64,1055397,0.0
2014-09-10,5.71,5.74,5.69,5.73,972240,0.0
2014-09-11,5.75,5.795,5.7401,5.79,1092764,0.0
2014-09-12,5.77,5.82,5.77,5.8,1731669,0.0
2014-09-15,5.81,5.81,5.77,5.8,1286315,0.0
2014-09-16,5.74,5.76,5.72,5.74,681897,0.0
2014-09-17,5.7,5.71,5.65,5.67,1501507,0.0
2014-09-18,5.73,5.78,5.72,5.77,1456685,0.0
2014-09-19,5.77,5.8,5.75,5.75,1166141,0.0
2014-09-22,5.84,5.85,5.77,5.79,2608152,0.0
2014-09-23,5.79,5.8,5.75,5.77,866137,0.0
2014-09-24,5.79,5.815,5.76,5.8,1202447,0.0
2014-09-25,5.79,5.8,5.7,5.73,1712322,0.0
2014-09-26,5.72,5.73,5.69,5.72,7151418,0.0
2014-09-29,5.64,5.65,5.6,5.62,1049623,0.0
2014-09-30,5.62,5.62,5.58,5.61,1021224,0.0
2014-10-01,5.61,5.61,5.54,5.56,755626,0.0
2014-10-02,5.47,5.47,5.39,5.47,2068399,0.0
2014-10-03,5.51,5.53,5.5,5.52,1398923,0.0
2014-10-06,5.56,5.57,5.52,5.54,1108695,0.0
2014-10-07,5.545,5.56,5.52,5.53,1677422,0.0
2014-10-08,5.52,5.61,5.5,5.61,1219979,0.0
2014-10-09,5.52,5.5448,5.45,5.47,875721,0.0
2014-10-10,5.42,5.43,5.33,5.34,9950030,0.0
2014-10-13,5.38,5.3901,5.3,5.32,2063844,0.0
2014-10-14,5.35,5.37,5.31,5.34,1023934,0.0
2014-10-15,5.29,5.32,5.22,5.3,1962187,0.0
2014-10-16,5.16,5.25,5.13,5.23,889540,0.0
2014-10-17,5.21,5.26,5.2,5.25,2413671,0.0
2014-10-20,5.28,5.36,5.28,5.34,1066958,0.0
2014-10-21,5.34,5.37,5.32,5.37,835258,0.0
2014-10-22,5.38,5.4,5.33,5.34,892177,0.0
2014-10-23,5.38,5.43,5.38,5.41,735061,0.0
2014-10-24,5.39,5.45,5.38,5.43,1281294,0.0
2014-10-27,5.41,5.44,5.38,5.41,497011,0.0
2014-10-28,5.46,5.5,5.46,5.47,2055007,0.0
2014-10-29,5.53,5.56,5.48,5.52,945309,0.0
2014-10-30,5.53,5.61,5.52,5.58,1830749,0.0
2014-10-31,5.79,5.92,5.79,5.88,3203243,0.0
2014-11-03,5.88,5.92,5.85,5.9,2107085,0.0
2014-11-04,5.58,5.61,5.56,5.6,2784940,0.0
2014-11-05,5.58,5.6,5.56,5.58,1668947,0.0
2014-11-06,5.46,5.48,5.45,5.46,1833790,0.0
2014-11-07,5.45,5.47,5.42,5.46,1962750,0.0
2014-11-10,5.51,5.55,5.5,5.53,1185832,0.0
2014-11-11,5.53,5.57,5.51,5.55,1536208,0.0
2014-11-12,5.49,5.52,5.48,5.51,895087,0.0
2014-11-13,5.57,5.59,5.53,5.57,953794,0.0
2014-11-14,5.7,5.84,5.67,5.81,4981208,0.0
2014-11-17,5.7,5.72,5.68,5.7,1806694,0.0
2014-11-18,5.74,5.77,5.71,5.75,873518,0.0
2014-11-19,5.72,5.73,5.695,5.72,1032386,0.0
2014-11-20,5.64,5.65,5.62,5.63,1290844,0.0
2014-11-21,5.74,5.76,5.711,5.74,4063157,0.0
2014-11-24,5.74,5.76,5.71,5.72,1129538,0.0
2014-11-25,5.75,5.77,5.74,5.77,1616877,0.0
2014-11-26,5.74,5.75,5.72,5.72,600090,0.0
2014-11-28,5.76,5.77,5.74,5.76,451000,0.0
2014-12-01,5.77,5.79,5.74,5.78,1471149,0.0
2014-12-02,5.76,5.79,5.75,5.76,1023715,0.0
2014-12-03,5.75,5.77,5.74,5.77,506417,0.0
2014-12-04,5.725,5.73,5.69,5.71,1017677,0.0
2014-12-05,5.75,5.77,5.73,5.76,857666,0.0
2014-12-08,5.69,5.7,5.63,5.66,922033,0.0
2014-12-09,5.7,5.73,5.68,5.73,1087287,0.0
2014-12-10,5.69,5.71,5.61,5.63,1344365,0.0
2014-12-11,5.66,5.7,5.62,5.62,1579675,0.0
2014-12-12,5.6,5.62,5.56,5.57,1580956,0.0
2014-12-15,5.57,5.58,5.45,5.48,2018350,0.0
2014-12-16,5.5,5.56,5.4599,5.48,1901918,0.0
2014-12-17,5.48,5.58,5.48,5.54,1316139,0.0
2014-12-18,5.53,5.57,5.52,5.56,1224833,0.0
2014-12-19,5.66,5.71,5.61,5.7,1857453,0.0
2014-12-22,5.6,5.63,5.6,5.63,715275,0.0
2014-12-23,5.64,5.65,5.62,5.63,821119,0.0
2014-12-24,5.62,5.64,5.6,5.62,715233,0.0
2014-12-26,5.63,5.66,5.62,5.65,550759,0.0
2014-12-29,5.54,5.56,5.53,5.55,1609439,0.0
2014-12-30,5.52,5.54,5.5,5.53,1716531,0.0
2014-12-31,5.55,5.55,5.51,5.53,829035,0.0
2015-01-02,5.56,5.56,5.47,5.51,1809797,0.0
2015-01-05,5.42,5.42,5.34,5.37,996042,0.0
2015-01-06,5.33,5.345,5.23,5.25,2330776,0.0
2015-01-07,5.29,5.29,5.23,5.25,1088132,0.0
2015-01-08,5.26,5.27,5.24,5.27,4177072,0.0
2015-01-09,5.27,5.28,5.2,5.22,1195065,0.0
2015-01-12,5.22,5.23,5.18,5.22,1384722,0.0
2015-01-13,5.28,5.32,5.21,5.26,1551385,0.0
2015-01-14,5.18,5.22,5.17,5.21,887357,0.0
2015-01-15,5.22,5.23,5.19,5.2,1647840,0.0
2015-01-16,5.2,5.25,5.2,5.25,903491,0.0
2015-01-20,5.27,5.3,5.24,5.3,4283194,0.0
2015-01-21,5.25,5.29,5.23,5.28,10246470,0.0
2015-01-22,5.23,5.29,5.18,5.28,2013097,0.0
2015-01-23,5.28,5.29,5.25,5.25,852219,0.0
2015-01-26,5.29,5.34,5.285,5.33,1498268,0.0
2015-01-27,5.39,5.43,5.37,5.39,1357836,0.0
2015-01-28,5.41,5.42,5.34,5.35,2316371,0.0
2015-01-29,5.34,5.38,5.3,5.37,1402860,0.0
2015-01-30,5.33,5.35,5.3,5.3,1620493,0.0
2015-02-02,5.3,5.35,5.3,5.35,1163079,0.0
2015-02-03,5.32,5.455,5.32,5.39,2165175,0.0
2015-02-04,5.54,5.61,5.53,5.56,2343882,0.0
2015-02-05,5.61,5.7,5.61,5.68,2582414,0.0
2015-02-06,5.7,5.76,5.7,5.71,1563989,0.0
2015-02-09,5.72,5.75,5.71,5.72,1881949,0.0
2015-02-10,5.76,5.8,5.75,5.8,696735,0.0
2015-02-11,5.78,5.78,5.75,5.78,1895592,0.0
2015-02-12,5.87,5.89,5.85,5.88,1815430,0.0
2015-02-13,5.98,6.05,5.97,6.01,2464669,0.0
2015-02-17,6.07,6.12,6.0599,6.11,1980993,0.0
2015-02-18,6.27,6.32,6.25,6.3,2127513,0.0
2015-02-19,6.46,6.49,6.42,6.49,3086621,0.0
2015-02-20,6.45,6.52,6.44,6.5,2666063,0.0
2015-02-23,6.34,6.39,6.32,6.38,2939641,0.0
2015-02-24,6.34,6.38,6.31,6.36,1524378,0.0
2015-02-25,6.39,6.45,6.39,6.44,715771,0.0
2015-02-26,6.57,6.645,6.55,6.61,2486651,0.0
2015-02-27,6.54,6.55,6.52,6.53,1276433,0.0
2015-03-02,6.43,6.45,6.41,6.45,1502623,0.0
2015-03-03,6.34,6.35,6.31,6.33,1133360,0.0
2015-03-04,6.23,6.26,6.2,6.26,1782736,0.0
2015-03-05,6.36,6.37,6.34,6.35,864183,0.0
2015-03-06,6.44,6.49,6.41,6.42,1270920,0.0
2015-03-09,6.44,6.5,6.43,6.47,1398545,0.0
2015-03-10,6.23,6.235,6.175,6.19,1619291,0.0
2015-03-11,6.2,6.24,6.18,6.21,796728,0.0
2015-03-12,6.41,6.47,6.41,6.47,1005344,0.0
2015-03-13,6.51,6.52,6.48,6.52,958547,0.0
2015-03-16,6.64,6.66,6.61,6.61,1376902,0.0
2015-03-17,6.55,6.57,6.51,6.56,1794217,0.0
2015-03-18,6.65,6.72,6.61,6.68,1510224,0.0
2015-03-19,6.52,6.52,6.465,6.48,886262,0.0
2015-03-20,6.57,6.63,6.5599,6.61,576638,0.0
2015-03-23,6.59,6.6,6.57,6.57,747056,0.0
2015-03-24,6.55,6.59,6.53,6.56,551359,0.0
2015-03-25,6.56,6.56,6.48,6.49,549126,0.0
2015-03-26,6.41,6.45,6.36,6.42,1616579,0.0
2015-03-27,6.33,6.36,6.31,6.36,633333,0.0
2015-03-30,6.36,6.38,6.34,6.36,1049234,0.0
2015-03-31,6.22,6.24,6.2,6.22,1596840,0.0
2015-04-01,6.31,6.32,6.28,6.31,496881,0.0
2015-04-02,6.46,6.5095,6.44,6.46,525567,0.0
2015-04-06,6.43,6.53,6.4135,6.5,1850812,0.0
2015-04-07,6.6,6.66,6.59,6.62,6969682,0.0
2015-04-08,6.66,6.69,6.582,6.61,2008152,0.0
2015-04-09,6.55,6.58,6.51,6.57,1399938,0.0
2015-04-10,6.53,6.57,6.52,6.54,1105672,0.0
2015-04-13,6.47,6.47,6.43,6.45,3288734,0.0
2015-04-14,6.53,6.57,6.53,6.57,1616959,0.0
2015-04-15,6.6,6.64,6.6,6.62,1495623,0.0
2015-04-16,6.73,6.78,6.72,6.76,1700171,0.0
2015-04-17,6.85,6.88,6.84,6.87,1541877,0.0
2015-04-20,6.96,6.97,6.92,6.93,1003971,0.0
2015-04-21,7.17,7.18,7.09,7.1,4201023,0.0
2015-04-22,7.36,7.41,7.32,7.36,2399768,0.0
2015-04-23,7.19,7.22,7.16,7.21,3766713,0.0
2015-04-24,7.2,7.22,7.16,7.21,2574467,0.0
2015-04-27,7.21,7.28,7.2,7.25,1947706,0.0
2015-04-28,7.18,7.24,7.16,7.23,2894632,0.0
2015-04-29,7.18,7.18,7.12,7.14,2630600,0.0
2015-04-30,7.13,7.16,7.08,7.1,2842255,0.0
2015-05-01,7.02,7.11,7.02,7.1,1222397,0.0
2015-05-04,7.08,7.14,7.07,7.14,1019805,0.0
2015-05-05,7.1,7.1001,7.0,7.04,1163572,0.0
2015-05-06,7.05,7.07,6.97,6.98,733895,0.0
2015-05-07,6.99,7.03,6.96,7.03,541705,0.0
2015-05-08,7.39,7.49,7.39,7.49,2956579,0.0
2015-05-11,7.31,7.31,7.22,7.25,1757638,0.0
2015-05-12,7.17,7.18,7.15,7.16,866220,0.0
2015-05-13,7.23,7.27,7.19,7.21,632291,0.0
2015-05-14,7.11,7.14,7.08,7.13,829474,0.0
2015-05-15,7.28,7.28,7.17,7.23,3049123,0.0
2015-05-18,7.59,7.62,7.57,7.6,2616252,0.0
2015-05-19,7.52,7.535,7.48,7.5,1339255,0.0
2015-05-20,7.45,7.49,7.43,7.48,1339590,0.0
2015-05-21,7.49,7.5,7.47,7.5,906315,0.0
2015-05-22,7.44,7.47,7.43,7.43,1127426,0.0
2015-05-26,7.36,7.36,7.27,7.3,730672,0.0
2015-05-27,7.31,7.35,7.3,7.31,1305649,0.0
2015-05-28,7.31,7.4,7.31,7.4,749970,0.0
2015-05-29,7.37,7.38,7.33,7.37,757118,0.0
2015-06-01,7.51,7.53,7.46,7.51,1621309,0.0
2015-06-02,7.33,7.37,7.2899,7.34,1164208,0.0
2015-06-03,7.35,7.42,7.35,7.4,959446,0.0
2015-06-04,7.4,7.45,7.38,7.4,716262,0.0
2015-06-05,7.27,7.3,7.22,7.28,1447587,0.0
2015-06-08,7.19,7.21,7.18,7.2,749320,0.0
2015-06-09,7.15,7.1501,7.11,7.13,563259,0.0
2015-06-10,7.2,7.235,7.18,7.22,1555323,0.0
2015-06-11,7.26,7.28,7.23,7.25,380951,0.0
2015-06-12,7.19,7.19,7.14,7.18,810404,0.0
2015-06-15,7.14,7.19,7.135,7.18,460433,0.0
2015-06-16,7.12,7.19,7.0862,7.15,19345131,0.0
2015-06-17,7.03,7.06,6.98,7.02,4712221,0.0
2015-06-18,6.99,7.055,6.98,7.02,677999,0.0
2015-06-19,7.03,7.08,7.01,7.05,3234487,0.0
2015-06-22,7.26,7.33,7.26,7.29,2802200,0.0
2015-06-23,7.35,7.45,7.35,7.41,2618869,0.0
2015-06-24,7.35,7.39,7.31,7.34,1146378,0.0
2015-06-25,7.36,7.37,7.32,7.35,803123,0.0
2015-06-26,7.44,7.48,7.43,7.46,838175,0.0
2015-06-29,7.29,7.3,7.21,7.22,1273537,0.0
2015-06-30,7.25,7.26,7.1822,7.22,1021467,0.0
2015-07-01,7.31,7.34,7.29,7.3,992146,0.0
2015-07-02,7.27,7.29,7.23,7.29,838944,0.0
2015-07-06,7.22,7.27,7.2,7.23,891317,0.0
2015-07-07,7.18,7.19,7.08,7.19,1802321,0.0
2015-07-08,6.91,6.91,6.8,6.81,1733190,0.0
2015-07-09,6.93,6.95,6.85,6.86,1044319,0.0
2015-07-10,7.1,7.2703,7.08,7.11,1176347,0.0
2015-07-13,7.19,7.23,7.18,7.19,1427842,0.0
2015-07-14,7.18,7.28,7.18,7.26,2447052,0.0
2015-07-15,7.2,7.22,7.17,7.18,2361755,0.0
2015-07-16,7.25,7.26,7.21,7.25,656961,0.0
2015-07-17,7.31,7.34,7.29,7.32,598217,0.0
2015-07-20,7.36,7.36,7.315,7.33,672482,0.0
2015-07-21,7.32,7.33,7.3,7.33,799111,0.0
2015-07-22,7.2,7.2368,7.19,7.21,727484,0.0
2015-07-23,7.24,7.25,7.19,7.21,536213,0.0
2015-07-24,7.17,7.17,7.05,7.08,1192144,0.0
2015-07-27,7.06,7.12,7.06,7.08,771903,0.0
2015-07-28,7.1,7.135,7.04,7.11,663073,0.0
2015-07-29,7.13,7.21,7.12,7.19,860333,0.0
2015-07-30,7.21,7.25,7.1837,7.23,625022,0.0
2015-07-31,7.31,7.37,7.3,7.33,1119472,0.0
2015-08-03,7.15,7.15,7.08,7.13,2262817,0.0
2015-08-04,7.13,7.16,7.1,7.13,602979,0.0
2015-08-05,7.17,7.19,7.15,7.17,574579,0.0
2015-08-06,7.14,7.155,7.08,7.11,606064,0.0
2015-08-07,7.17,7.19,7.13,7.18,562809,0.0
2015-08-10,7.17,7.225,7.16,7.19,883697,0.0
2015-08-11,7.12,7.14,7.077,7.14,896856,0.0
2015-08-12,7.01,7.08,6.93,7.08,1510151,0.0
2015-08-13,6.97,7.03,6.97,6.99,1332329,0.0
2015-08-14,6.98,7.03,6.98,7.02,1670001,0.0
2015-08-17,6.97,7.02,6.94,7.01,866055,0.0
2015-08-18,7.04,7.06,7.02,7.03,449827,0.0
2015-08-19,7.03,7.06,6.975,6.99,999341,0.0
2015-08-20,6.84,6.84,6.74,6.74,1931834,0.0
2015-08-21,6.65,6.67,6.44,6.46,2102961,0.0
2015-08-24,5.9,6.18,5.18,6.04,2710732,0.0
2015-08-25,6.53,6.53,6.28,6.29,1370887,0.0
2015-08-26,6.46,6.52,6.35,6.52,1890521,0.0
2015-08-27,6.64,6.75,6.63,6.71,3024973,0.0
2015-08-28,6.75,6.799,6.73,6.78,939237,0.0
2015-08-31,6.64,6.67,6.6,6.64,942577,0.0
2015-09-01,6.3,6.4,6.3,6.34,2062914,0.0
2015-09-02,6.43,6.46,6.2862,6.44,1183445,0.0
2015-09-03,6.4,6.475,6.39,6.43,1229141,0.0
2015-09-04,6.13,6.19,6.13,6.18,1634741,0.0
2015-09-08,6.28,6.34,6.275,6.33,887445,0.0
2015-09-09,6.45,6.47,6.32,6.32,1013142,0.0
2015-09-10,6.29,6.325,6.27,6.3,1055871,0.0
2015-09-11,6.33,6.38,6.295,6.37,937876,0.0
2015-09-14,6.28,6.29,6.12,6.23,3514174,0.0
2015-09-15,6.23,6.34,6.22,6.32,1473650,0.0
2015-09-16,6.38,6.46,6.38,6.44,1330632,0.0
2015-09-17,6.35,6.47,6.34,6.37,882136,0.0
2015-09-18,6.14,6.16,6.1,6.1,897116,0.0
2015-09-21,6.12,6.16,6.11,6.13,705769,0.0
2015-09-22,6.03,6.06,5.9668,6.03,1308435,0.0
2015-09-23,6.04,6.06,6.0,6.03,775150,0.0
2015-09-24,5.96,5.985,5.885,5.97,1503126,0.0
2015-09-25,6.27,6.31,6.19,6.22,1359736,0.0
2015-09-28,6.14,6.15,6.03,6.04,952722,0.0
2015-09-29,5.95,6.0,5.91,5.97,1406943,0.0
2015-09-30,6.02,6.09,5.98,6.09,1731986,0.0
2015-10-01,6.16,6.18,6.09,6.18,1115915,0.0
2015-10-02,6.12,6.27,6.08,6.27,1450499,0.0
2015-10-05,6.31,6.37,6.31,6.35,1223041,0.0
2015-10-06,6.36,6.39,6.315,6.37,802376,0.0
2015-10-07,6.46,6.51,6.41,6.45,1260455,0.0
2015-10-08,6.43,6.5,6.39,6.5,1143026,0.0
2015-10-09,6.47,6.48,6.42,6.45,736929,0.0
2015-10-12,6.47,6.49,6.44,6.47,401263,0.0
2015-10-13,6.32,6.36,6.3,6.32,2028754,0.0
2015-10-14,6.19,6.205,6.12,6.13,1032194,0.0
2015-10-15,6.24,6.31,6.21,6.31,1157159,0.0
2015-10-16,6.34,6.37,6.295,6.36,1126409,0.0
2015-10-19,6.24,6.29,6.24,6.28,813616,0.0
2015-10-20,6.33,6.37,6.32,6.33,636205,0.0
2015-10-21,6.43,6.44,6.36,6.37,942641,0.0
2015-10-22,6.47,6.53,6.46,6.49,974180,0.0
2015-10-23,6.53,6.6,6.53,6.6,650088,0.0
2015-10-26,6.56,6.58,6.53,6.54,739525,0.0
2015-10-27,6.49,6.51,6.455,6.49,669348,0.0
2015-10-28,6.51,6.5925,6.51,6.58,639497,0.0
2015-10-29,6.48,6.49,6.44,6.46,582496,0.0
2015-10-30,6.54,6.54,6.435,6.47,731541,0.0
2015-11-02,6.39,6.485,6.38,6.48,779564,0.0
2015-11-03,6.44,6.49,6.44,6.47,961959,0.0
2015-11-04,6.47,6.5,6.44,6.46,797808,0.0
2015-11-05,6.5,6.54,6.47,6.5,536695,0.0
2015-11-06,6.5,6.545,6.47,6.52,1327788,0.0
2015-11-09,6.58,6.67,6.57,6.62,1191754,0.0
2015-11-10,6.72,6.74,6.69,6.71,1657029,0.0
2015-11-11,6.76,6.78,6.72,6.73,539648,0.0
2015-11-12,6.62,6.62,6.55,6.56,1198473,0.0
2015-11-13,6.79,6.87,6.735,6.83,3499219,0.0
2015-11-16,6.71,6.79,6.67,6.79,1304923,0.0
2015-11-17,6.77,6.82,6.74,6.77,1897303,0.0
2015-11-18,6.75,6.79,6.74,6.78,1002965,0.0
2015-11-19,6.81,6.825,6.77,6.77,850074,0.0
2015-11-20,6.77,6.8,6.73,6.73,1311708,0.0
2015-11-23,6.72,6.76,6.715,6.74,1029449,0.0
2015-11-24,6.69,6.71,6.625,6.68,1348384,0.0
2015-11-25,6.59,6.62,6.57,6.59,733300,0.0
2015-11-27,6.55,6.58,6.545,6.57,366826,0.0
2015-11-30,6.5,6.5,6.44,6.46,911289,0.0
2015-12-01,6.54,6.58,6.535,6.58,654431,0.0
2015-12-02,6.58,6.61,6.52,6.53,591765,0.0
2015-12-03,6.57,6.57,6.44,6.46,1055338,0.0
2015-12-04,6.51,6.6,6.5,6.59,770346,0.0
2015-12-07,6.53,6.54,6.48,6.52,873508,0.0
2015-12-08,6.42,6.43,6.36,6.38,1082595,0.0
2015-12-09,6.39,6.455,6.3,6.34,1634187,0.0
2015-12-10,6.43,6.47,6.4,6.41,1372315,0.0
2015-12-11,6.25,6.25,6.19,6.2,1432796,0.0
2015-12-14,6.26,6.295,6.1949,6.26,2463101,0.0
2015-12-15,6.22,6.28,6.21,6.23,2521966,0.0
2015-12-16,6.36,6.44,6.32,6.43,1581711,0.0
2015-12-17,6.395,6.395,6.315,6.34,1150440,0.0
2015-12-18,6.21,6.22,6.155,6.18,1066734,0.0
2015-12-21,6.2,6.21,6.11,6.17,1218156,0.0
2015-12-22,6.23,6.24,6.17,6.23,1272377,0.0
2015-12-23,6.29,6.38,6.28,6.36,1149278,0.0
2015-12-24,6.29,6.35,6.28,6.35,564344,0.0
2015-12-28,6.24,6.28,6.22,6.28,1086178,0.0
2015-12-29,6.35,6.39,6.35,6.37,893185,0.0
2015-12-30,6.3,6.32,6.28,6.3,516534,0.0
2015-12-31,6.26,6.26,6.21,6.22,452096,0.0
2016-01-04,6.15,6.19,6.1,6.16,1305518,0.0
2016-01-05,6.24,6.255,6.19,6.24,799707,0.0
2016-01-06,6.12,6.15,6.08,6.13,780304,0.0
2016-01-07,6.03,6.0772,5.97,5.99,1428143,0.0
2016-01-08,6.0,6.01,5.82,5.82,900827,0.0
2016-01-11,5.89,5.92,5.82,5.9,1291715,0.0
2016-01-12,5.81,5.85,5.7,5.79,20421480,0.0
2016-01-13,5.88,5.89,5.72,5.73,4676996,0.0
2016-01-14,5.76,5.88,5.725,5.86,1184866,0.0
2016-01-15,5.58,5.61,5.52,5.58,1946839,0.0
2016-01-19,5.52,5.53,5.42,5.47,1396756,0.0
2016-01-20,5.27,5.3,5.1401,5.27,2022694,0.0
2016-01-21,5.11,5.24,5.09,5.19,1633392,0.0
2016-01-22,5.27,5.39,5.26,5.38,1362914,0.0
2016-01-25,5.24,5.26,5.19,5.2,1561855,0.0
2016-01-26,5.19,5.26,5.18,5.23,1899119,0.0
2016-01-27,5.31,5.41,5.26,5.29,1762276,0.0
2016-01-28,5.31,5.325,5.2,5.24,3729570,0.0
2016-01-29,5.0,5.07,4.95,5.07,3191113,0.0
2016-02-01,4.83,4.87,4.79,4.84,2695646,0.0
2016-02-02,4.77,4.77,4.64,4.66,3160472,0.0
2016-02-03,4.64,4.65,4.47,4.54,7240028,0.0
2016-02-04,4.63,4.65,4.55,4.59,3665120,0.0
2016-02-05,4.52,4.56,4.47,4.47,2023170,0.0
2016-02-08,4.43,4.45,4.36,4.42,3287051,0.0
2016-02-09,4.2,4.25,4.14,4.18,2855252,0.0
2016-02-10,4.08,4.13,4.03,4.05,2741064,0.0
2016-02-11,3.95,3.96,3.86,3.9,2602751,0.0
2016-02-12,4.0,4.11,3.98,4.11,7498621,0.0
2016-02-16,4.29,4.31,4.25,4.27,2893030,0.0
2016-02-17,4.31,4.35,4.28,4.31,3004887,0.0
2016-02-18,4.37,4.37,4.28,4.31,3540362,0.0
2016-02-19,4.22,4.25,4.215,4.24,1481304,0.0
2016-02-22,4.25,4.27,4.21,4.24,1524659,0.0
2016-02-23,4.16,4.2,4.13,4.14,1768623,0.0
2016-02-24,4.17,4.25,4.14,4.22,1132044,0.0
2016-02-25,4.28,4.33,4.24,4.32,2205198,0.0
2016-02-26,4.35,4.35,4.27,4.3,1104374,0.0
2016-02-29,4.31,4.31,4.275,4.29,1277467,0.0
2016-03-01,4.29,4.4,4.275,4.38,2395664,0.0
2016-03-02,4.45,4.48,4.43,4.48,1034483,0.0
2016-03-03,4.77,4.82,4.75,4.81,2547086,0.0
2016-03-04,4.89,4.91,4.83,4.86,3447910,0.0
2016-03-07,4.81,4.83,4.79,4.82,1843594,0.0
2016-03-08,4.74,4.74,4.66,4.68,1533607,0.0
2016-03-09,4.68,4.68,4.6,4.63,934408,0.0
2016-03-10,4.7,4.75,4.585,4.67,1232615,0.0
2016-03-11,4.86,4.92,4.85,4.9,1602905,0.0
2016-03-14,5.04,5.06,5.0,5.03,1871846,0.0
2016-03-15,4.95,4.96,4.89,4.96,2086520,0.0
2016-03-16,4.79,4.81,4.74,4.81,4809899,0.0
2016-03-17,4.82,4.93,4.8,4.91,2097242,0.0
2016-03-18,4.86,4.9,4.85,4.89,1172216,0.0
2016-03-21,4.89,4.94,4.84,4.92,1762846,0.0
2016-03-22,4.88,4.95,4.87,4.91,1809290,0.0
2016-03-23,4.84,4.84,4.75,4.77,1620346,0.0
2016-03-24,4.63,4.63,4.58,4.63,1163204,0.0
2016-03-28,4.67,4.71,4.65,4.7,897311,0.0
2016-03-29,4.61,4.68,4.57,4.68,1528167,0.0
2016-03-30,4.56,4.6,4.54,4.57,976068,0.0
2016-03-31,4.57,4.64,4.57,4.59,937505,0.0
2016-04-01,4.49,4.55,4.48,4.52,1006341,0.0
2016-04-04,4.54,4.56,4.5,4.51,1128212,0.0
2016-04-05,4.36,4.36,4.31,4.33,1632515,0.0
2016-04-06,4.36,4.4,4.305,4.4,1100182,0.0
2016-04-07,4.37,4.38,4.3,4.35,892365,0.0
2016-04-08,4.49,4.525,4.46,4.48,1021037,0.0
2016-04-11,4.43,4.44,4.38,4.39,883264,0.0
2016-04-12,4.64,4.72,4.61,4.68,3004692,0.0
2016-04-13,4.86,4.91,4.85,4.9,1906626,0.0
2016-04-14,4.9,4.93,4.87,4.91,1164681,0.0
2016-04-15,4.83,4.84,4.8,4.81,1259278,0.0
2016-04-18,4.77,4.86,4.74,4.82,1196186,0.0
2016-04-19,5.03,5.07,5.0,5.02,839058,0.0
2016-04-20,4.99,5.04,4.96,5.02,1083325,0.0
2016-04-21,4.92,4.95,4.88,4.88,1084416,0.0
2016-04-22,5.21,5.3,5.21,5.29,3031488,0.0
2016-04-25,5.23,5.255,5.1701,5.18,3297325,0.0
2016-04-26,5.05,5.08,5.02,5.08,1852009,0.0
2016-04-27,5.01,5.02,4.95,5.01,1264639,0.0
2016-04-28,4.75,4.79,4.64,4.65,1704107,0.0
2016-04-29,4.64,4.65,4.56,4.6,1214712,0.0
2016-05-02,4.7,4.72,4.68,4.71,928888,0.0
2016-05-03,4.62,4.645,4.6,4.61,906538,0.0
2016-05-04,4.59,4.62,4.56,4.58,1233699,0.0
2016-05-05,4.59,4.62,4.58,4.59,978997,0.0
2016-05-06,4.55,4.59,4.52,4.56,1028833,0.0
2016-05-09,4.59,4.615,4.55,4.57,781331,0.0
2016-05-10,4.64,4.71,4.63,4.71,925040,0.0
2016-05-11,4.64,4.66,4.59,4.63,982869,0.0
2016-05-12,4.69,4.7,4.605,4.64,793804,0.0
2016-05-13,4.57,4.6,4.5,4.51,1124732,0.0
2016-05-16,4.59,4.73,4.58,4.58,1396895,0.0
2016-05-17,4.57,4.63,4.55,4.58,1299720,0.0
2016-05-18,4.77,4.835,4.74,4.79,2215496,0.0
2016-05-19,4.79,4.81,4.72,4.76,1034505,0.0
2016-05-20,4.81,4.84,4.78,4.81,1250597,0.0
2016-05-23,4.84,4.86,4.815,4.83,603280,0.0
2016-05-24,4.83,4.87,4.8,4.86,1510304,0.0
2016-05-25,4.89,4.95,4.88,4.93,1888828,0.0
2016-05-26,4.89,4.92,4.87,4.91,971336,0.0
2016-05-27,4.89,4.93,4.875,4.93,1168344,0.0
2016-05-31,4.94,4.95,4.875,4.91,1576358,0.0
2016-06-01,4.89,4.89,4.86,4.88,862209,0.0
2016-06-02,4.8,4.8466,4.77,4.82,1219990,0.0
2016-06-03,4.83,4.855,4.78,4.83,925237,0.0
2016-06-06,4.83,4.91,4.83,4.89,1215762,0.0
2016-06-07,4.92,4.975,4.92,4.94,1299963,0.0
2016-06-08,5.02,5.05,5.0,5.01,766745,0.0
2016-06-09,4.87,4.87,4.81,4.84,1317545,0.0
2016-06-10,4.81,4.85,4.77,4.84,2082273,0.0
2016-06-13,4.69,4.74,4.66,4.66,962054,0.0
2016-06-14,4.59,4.61,4.535,4.57,1571224,0.0
2016-06-15,4.6,4.65,4.59,4.59,1187186,0.0
2016-06-16,4.62,4.65,4.58,4.64,1021097,0.0
2016-06-17,4.63,4.71,4.61,4.68,1922464,0.0
2016-06-20,4.77,4.82,4.75,4.76,620085,0.0
2016-06-21,4.8,4.845,4.78,4.82,1178600,0.0
2016-06-22,4.77,4.82,4.74,4.74,604299,0.0
2016-06-23,4.88,4.92,4.87,4.91,1413351,0.0
2016-06-24,4.62,4.73,4.61,4.67,1248597,0.0
2016-06-27,4.47,4.48,4.34,4.39,1799138,0.0
2016-06-28,4.44,4.48,4.42,4.44,1227781,0.0
2016-06-29,4.5,4.56,4.47,4.53,1826581,0.0
2016-06-30,4.47,4.48,4.4,4.43,1639011,0.0
2016-07-01,4.41,4.45,4.39,4.42,1230884,0.0
2016-07-05,4.36,4.36,4.24,4.29,3644938,0.0
2016-07-06,4.21,4.29,4.16,4.28,2690050,0.0
2016-07-07,4.29,4.33,4.24,4.28,958780,0.0
2016-07-08,4.29,4.37,4.28,4.34,1203346,0.0
2016-07-11,4.48,4.48,4.42,4.44,2295495,0.0
2016-07-12,4.61,4.705,4.6,4.68,3503378,0.0
2016-07-13,4.8,4.81,4.74,4.81,2129724,0.0
2016-07-14,4.8,4.82,4.75,4.79,2216512,0.0
2016-07-15,4.9,4.96,4.895,4.93,1806162,0.0
2016-07-18,4.92,4.99,4.9,4.97,1277210,0.0
2016-07-19,4.84,4.9,4.84,4.88,799012,0.0
2016-07-20,4.85,4.86,4.8,4.83,2398137,0.0
2016-07-21,4.84,4.85,4.785,4.8,1345441,0.0
2016-07-22,4.85,4.85,4.815,4.82,401446,0.0
2016-07-25,4.78,4.79,4.76,4.78,679193,0.0
2016-07-26,4.73,4.76,4.7,4.71,626829,0.0
2016-07-27,4.71,4.73,4.68,4.72,988915,0.0
2016-07-28,4.62,4.655,4.6,4.65,943835,0.0
2016-07-29,5.0,5.1,4.99,5.1,5280148,0.0
2016-08-01,5.2,5.34,5.17,5.17,1809414,0.0
2016-08-02,5.01,5.03,4.9,4.94,2024996,0.0
2016-08-03,4.85,4.85,4.81,4.85,827434,0.0
2016-08-04,4.93,4.98,4.92,4.96,965676,0.0
2016-08-05,4.98,5.04,4.96,5.03,1253575,0.0
2016-08-08,5.13,5.27,5.13,5.22,5191540,0.0
2016-08-09,5.23,5.26,5.2,5.24,562618,0.0
2016-08-10,5.25,5.27,5.22,5.25,957479,0.0
2016-08-11,5.28,5.34,5.25,5.32,1662836,0.0
2016-08-12,5.23,5.26,5.19,5.23,1512971,0.0
2016-08-15,5.19,5.255,5.18,5.21,867147,0.0
2016-08-16,5.16,5.205,5.16,5.16,883040,0.0
2016-08-17,5.27,5.32,5.27,5.3,460010,0.0
2016-08-18,5.28,5.33,5.265,5.28,438417,0.0
2016-08-19,5.3,5.31,5.25,5.28,352221,0.0
2016-08-22,5.23,5.27,5.21,5.27,640164,0.0
2016-08-23,5.27,5.27,5.215,5.22,529410,0.0
2016-08-24,5.24,5.24,5.19,5.2,403445,0.0
2016-08-25,5.2,5.2,5.17,5.2,305927,0.0
2016-08-26,5.2,5.21,5.11,5.16,556301,0.0
2016-08-29,5.2,5.25,5.195,5.25,720691,0.0
2016-08-30,5.28,5.34,5.28,5.34,1755336,0.0
2016-08-31,5.46,5.52,5.41,5.51,3958993,0.0
2016-09-01,5.58,5.61,5.51,5.61,4194792,0.0
2016-09-02,5.63,5.71,5.615,5.64,1830172,0.0
2016-09-06,5.52,5.54,5.45,5.49,1015085,0.0
2016-09-07,5.44,5.44,5.41,5.43,820367,0.0
2016-09-08,5.35,5.38,5.34,5.35,1276880,0.0
2016-09-09,5.32,5.365,5.28,5.29,2916184,0.0
2016-09-12,5.24,5.3,5.23,5.29,615277,0.0
2016-09-13,5.18,5.18,5.05,5.06,3874267,0.0
2016-09-14,4.97,4.995,4.92,4.93,1449864,0.0
2016-09-15,4.91,4.97,4.87,4.93,1409719,0.0
2016-09-16,5.0,5.01,4.94,4.96,1231483,0.0
2016-09-19,4.99,5.03,4.95,4.98,889237,0.0
2016-09-20,5.11,5.11,5.035,5.05,6070010,0.0
2016-09-21,5.39,5.47,5.38,5.46,2656628,0.0
2016-09-22,5.525,5.56,5.46,5.52,2303322,0.0
2016-09-23,5.4,5.42,5.36,5.4,857042,0.0
2016-09-26,5.29,5.32,5.26,5.29,2424515,0.0
2016-09-27,5.23,5.33,5.22,5.22,3220150,0.0
2016-09-28,5.13,5.13,4.99,5.07,2504802,0.0
2016-09-29,5.09,5.095,4.96,4.97,2589203,0.0
2016-09-30,4.99,5.05,4.96,5.05,2683620,0.0
2016-10-03,5.0,5.01,4.96,5.0,775411,0.0
2016-10-04,5.05,5.06,5.0,5.03,650605,0.0
2016-10-05,5.08,5.11,5.06,5.09,773671,0.0
2016-10-06,5.09,5.09,5.04,5.07,410979,0.0
2016-10-07,5.06,5.07,4.995,5.05,683826,0.0
2016-10-10,5.06,5.11,5.06,5.1,1429948,0.0
2016-10-11,5.02,5.04,4.95,4.97,2382426,0.0
2016-10-12,4.93,4.94,4.87,4.89,1140099,0.0
2016-10-13,4.87,4.88,4.83,4.87,901942,0.0
2016-10-14,4.89,4.919,4.86,4.87,1098524,0.0
2016-10-17,4.89,4.915,4.87,4.89,483592,0.0
2016-10-18,4.92,4.93,4.89,4.93,675850,0.0
2016-10-19,4.93,4.98,4.93,4.95,496653,0.0
2016-10-20,5.01,5.06,4.98,5.04,1201519,0.0
2016-10-21,5.01,5.04,5.0,5.03,473513,0.0
2016-10-24,5.01,5.03,5.0,5.02,397957,0.0
2016-10-25,5.04,5.085,5.03,5.07,959880,0.0
2016-10-26,5.06,5.09,5.04,5.07,564651,0.0
2016-10-27,5.09,5.14,5.065,5.14,576386,0.0
2016-10-28,5.15,5.15,5.1,5.12,503578,0.0
2016-10-31,5.15,5.16,5.14,5.15,378563,0.0
2016-11-01,5.16,5.18,5.1,5.16,735632,0.0
2016-11-02,5.11,5.11,5.02,5.05,1927675,0.0
2016-11-03,5.08,5.1,5.04,5.06,1070467,0.0
2016-11-04,4.98,5.01,4.955,4.97,699102,0.0
2016-11-07,5.04,5.07,5.03,5.06,2410632,0.0
2016-11-08,5.03,5.15,5.03,5.1,972357,0.0
2016-11-09,4.98,5.15,4.98,5.11,4407256,0.0
2016-11-10,5.26,5.37,5.26,5.34,3194746,0.0
2016-11-11,5.65,5.75,5.62,5.75,2946933,0.0
2016-11-14,5.81,5.995,5.8,5.95,2247080,0.0
2016-11-15,5.95,5.99,5.87,5.99,2338415,0.0
2016-11-16,6.22,6.23,6.12,6.15,1851212,0.0
2016-11-17,6.13,6.18,6.12,6.18,1100657,0.0
2016-11-18,6.02,6.02,5.92,5.95,1271170,0.0
2016-11-21,6.08,6.15,6.02,6.13,2036085,0.0
2016-11-22,6.11,6.22,6.1,6.21,1973556,0.0
2016-11-23,6.1,6.26,6.08,6.25,3533650,0.0
2016-11-25,5.84,5.9,5.83,5.9,1861938,0.0
2016-11-28,5.96,6.0,5.94,5.97,2447057,0.0
2016-11-29,6.01,6.03,5.94,5.95,3546142,0.0
2016-11-30,5.96,6.04,5.96,6.0,1548032,0.0
2016-12-01,6.02,6.1,6.0,6.02,1767650,0.0
2016-12-02,6.34,6.3601,6.26,6.31,2195018,0.0
2016-12-05,6.3,6.33,6.26,6.31,1262876,0.0
2016-12-06,6.3,6.37,6.27,6.36,1462556,0.0
2016-12-07,6.44,6.48,6.42,6.46,1940070,0.0
2016-12-08,6.54,6.61,6.54,6.59,1601563,0.0
2016-12-09,6.66,6.7,6.65,6.67,1873093,0.0
2016-12-12,6.48,6.54,6.42,6.43,1852012,0.0
2016-12-13,6.47,6.5,6.415,6.45,1672102,0.0
2016-12-14,6.45,6.57,6.41,6.45,1895259,0.0
2016-12-15,6.43,6.53,6.41,6.5,2741023,0.0
2016-12-16,6.49,6.5,6.42,6.43,1097624,0.0
2016-12-19,6.44,6.46,6.39,6.43,1433745,0.0
2016-12-20,6.36,6.4,6.34,6.37,1537276,0.0
2016-12-21,6.34,6.35,6.3,6.32,773558,0.0
2016-12-22,6.32,6.33,6.27,6.28,1881759,0.0
2016-12-23,6.29,6.31,6.27,6.3,324866,0.0
2016-12-27,6.3,6.3,6.25,6.28,537296,0.0
2016-12-28,6.24,6.25,6.19,6.2,617897,0.0
2016-12-29,6.12,6.135,6.07,6.1,613134,0.0
2016-12-30,6.15,6.17,6.115,6.16,981106,0.0
2017-01-03,6.16,6.25,6.16,6.23,1038099,0.0
2017-01-04,6.29,6.39,6.28,6.38,1236112,0.0
2017-01-05,6.41,6.44,6.36,6.41,943346,0.0
2017-01-06,6.35,6.4,6.33,6.37,992280,0.0
2017-01-09,6.37,6.37,6.3,6.31,633304,0.0
2017-01-10,6.28,6.33,6.26,6.28,564375,0.0
2017-01-11,6.32,6.36,6.29,6.35,1379316,0.0
2017-01-12,6.35,6.38,6.2569,6.32,1473507,0.0
2017-01-13,6.34,6.37,6.3,6.34,587579,0.0
2017-01-17,6.295,6.325,6.22,6.26,1941840,0.0
2017-01-18,6.26,6.27,6.19,6.27,792140,0.0
2017-01-19,6.29,6.36,6.29,6.3,776847,0.0
2017-01-20,6.35,6.4,6.34,6.36,673003,0.0
2017-01-23,6.36,6.39,6.34,6.39,555917,0.0
2017-01-24,6.26,6.34,6.25,6.33,1126304,0.0
2017-01-25,6.33,6.38,6.3,6.38,1780071,0.0
2017-01-26,6.54,6.6,6.51,6.54,1512203,0.0
2017-01-27,6.52,6.5534,6.45,6.45,1248884,0.0
2017-01-30,6.48,6.48,6.35,6.37,3115465,0.0
2017-01-31,6.41,6.42,6.33,6.39,3457664,0.0
2017-02-01,6.41,6.43,6.35,6.38,804701,0.0
2017-02-02,6.38,6.5,6.34,6.48,6945022,0.0
2017-02-03,6.55,7.01,6.55,6.92,10399270,0.0
2017-02-06,6.64,6.81,6.64,6.76,3803135,0.0
2017-02-07,6.76,6.77,6.69,6.71,871292,0.0
2017-02-08,6.73,6.74,6.64,6.67,1359890,0.0
2017-02-09,6.66,6.67,6.6,6.66,1847245,0.0
2017-02-10,6.73,6.76,6.7,6.74,1205936,0.0
2017-02-13,6.77,6.8,6.76,6.79,1017876,0.0
2017-02-14,6.68,6.75,6.67,6.73,1282682,0.0
2017-02-15,6.75,6.755,6.71,6.74,1189275,0.0
2017-02-16,6.755,6.78,6.73,6.75,800251,0.0
2017-02-17,6.7,6.72,6.665,6.72,667919,0.0
2017-02-21,6.87,6.88,6.82,6.87,1401416,0.0
2017-02-22,6.8,6.82,6.76,6.8,1359952,0.0
2017-02-23,6.8,6.8,6.7,6.74,628067,0.0
2017-02-24,6.69,6.7,6.64,6.69,1295934,0.0
2017-02-27,6.62,6.63,6.57,6.62,687428,0.0
2017-02-28,6.61,6.65,6.595,6.65,683338,0.0
2017-03-01,6.7,6.795,6.69,6.73,2303850,0.0
2017-03-02,6.73,6.75,6.64,6.65,892071,0.0
2017-03-03,6.7,6.7,6.645,6.66,747027,0.0
2017-03-06,6.68,6.68,6.55,6.59,3321596,0.0
2017-03-07,6.6,6.63,6.56,6.61,752911,0.0
2017-03-08,6.64,6.67,6.58,6.59,754137,0.0
2017-03-09,6.59,6.66,6.56,6.64,917816,0.0
2017-03-10,6.67,6.7,6.64,6.68,867331,0.0
2017-03-13,6.7,6.74,6.68,6.73,759375,0.0
2017-03-14,6.67,6.69,6.63,6.65,796552,0.0
2017-03-15,6.71,6.77,6.71,6.75,690833,0.0
2017-03-16,6.75,6.765,6.72,6.72,806055,0.0
2017-03-17,6.72,6.725,6.68,6.69,705779,0.0
2017-03-20,6.645,6.7179,6.63,6.67,652065,0.0
2017-03-21,6.635,6.65,6.47,6.49,1520402,0.0
2017-03-22,6.39,6.39,6.32,6.38,1696424,0.0
2017-03-23,6.34,6.36,6.3,6.32,1114786,0.0
2017-03-24,6.38,6.46,6.38,6.45,1147710,0.0
2017-03-27,6.35,6.44,6.32,6.44,1069660,0.0
2017-03-28,6.41,6.605,6.41,6.58,2904062,0.0
2017-03-29,6.42,6.44,6.39,6.42,933174,0.0
2017-03-30,6.36,6.437,6.36,6.4,1014822,0.0
2017-03-31,6.35,6.35,6.32,6.34,535184,0.0
2017-04-03,6.29,6.31,6.22,6.27,724950,0.0
2017-04-04,6.24,6.26,6.205,6.23,1953126,0.0
2017-04-05,6.19,6.19,6.06,6.08,1878970,0.0
2017-04-06,6.055,6.0999,6.04,6.07,803753,0.0
2017-04-07,6.07,6.08,6.0201,6.04,1271066,0.0
2017-04-10,6.11,6.12,6.06,6.08,1587887,0.0
2017-04-11,6.08,6.115,6.05,6.06,1750412,0.0
2017-04-12,6.06,6.1,6.025,6.05,1609536,0.0
2017-04-13,6.01,6.01,5.94,5.96,1264253,0.0
2017-04-17,6.0,6.01,5.97,6.01,1467807,0.0
2017-04-18,6.0,6.04,5.96,6.0,2010020,0.0
2017-04-19,6.07,6.15,6.03,6.12,11004640,0.0
2017-04-20,6.2,6.23,6.19,6.2,4024347,0.0
2017-04-21,6.22,6.29,6.22,6.29,1579984,0.0
2017-04-24,6.31,6.35,6.3,6.35,2945609,0.0
2017-04-25,6.42,6.47,6.42,6.43,2423655,0.0
2017-04-26,6.5,6.51,6.47,6.47,936529,0.0
2017-04-27,6.5,6.51,6.4401,6.46,2346901,0.0
2017-04-28,6.4,6.4,6.33,6.34,1428420,0.0
2017-05-01,6.39,6.4,6.34,6.37,1399942,0.0
2017-05-02,6.4,6.5,6.4,6.5,2192974,0.0
2017-05-03,6.48,6.5,6.44,6.48,1465756,0.0
2017-05-04,6.48,6.52,6.39,6.42,1460518,0.0
2017-05-05,6.48,6.49,6.45,6.49,1119613,0.0
2017-05-08,6.52,6.5298,6.48,6.51,838597,0.0
2017-05-09,6.5,6.5,6.43,6.45,1093691,0.0
2017-05-10,6.42,6.45,6.39,6.43,1432334,0.0
2017-05-11,6.48,6.49,6.42,6.45,771308,0.0
2017-05-12,6.42,6.42,6.37,6.4,747591,0.0
2017-05-15,6.4,6.42,6.33,6.36,1481716,0.0
2017-05-16,6.38,6.39,6.29,6.31,2034322,0.0
2017-05-17,6.29,6.29,6.16,6.18,4160166,0.0
2017-05-18,6.11,6.13,6.03,6.12,2852852,0.0
2017-05-19,6.17,6.275,6.165,6.24,1279082,0.0
2017-05-22,6.24,6.25,6.19,6.23,1311914,0.0
2017-05-23,6.21,6.29,6.21,6.26,1268386,0.0
2017-05-24,6.25,6.29,6.23,6.27,1159810,0.0
2017-05-25,6.29,6.29,6.25,6.27,1142917,0.0
2017-05-26,6.24,6.25,6.21,6.24,676740,0.0
2017-05-30,6.24,6.27,6.215,6.26,1264824,0.0
2017-05-31,6.24,6.25,6.18,6.22,1327237,0.0
2017-06-01,6.22,6.26,6.2,6.25,1412956,0.0
2017-06-02,6.43,6.5,6.41,6.48,2992440,0.0
2017-06-05,6.42,6.465,6.39,6.43,1307030,0.0
2017-06-06,6.45,6.5364,6.43,6.46,2795129,0.0
2017-06-07,6.5,6.6,6.5,6.57,2065357,0.0
2017-06-08,6.63,6.72,6.63,6.67,2361857,0.0
2017-06-09,6.67,6.74,6.645,6.68,2277688,0.0
2017-06-12,6.66,6.7,6.605,6.64,2382153,0.0
2017-06-13,6.68,6.751,6.68,6.74,1570113,0.0
2017-06-14,6.71,6.71,6.59,6.65,1186294,0.0
2017-06-15,6.5,6.52,6.47,6.52,2654535,0.0
2017-06-16,6.55,6.55,6.49,6.55,1437725,0.0
2017-06-19,6.56,6.6,6.54,6.57,1025107,0.0
2017-06-20,6.585,6.59,6.5,6.52,917705,0.0
2017-06-21,6.5,6.5,6.4,6.42,1162690,0.0
2017-06-22,6.5,6.51,6.47,6.48,962545,0.0
2017-06-23,6.49,6.53,6.46,6.51,1478877,0.0
2017-06-26,6.53,6.56,6.49,6.5,1497683,0.0
2017-06-27,6.5,6.545,6.46,6.53,1825550,0.0
2017-06-28,6.62,6.75,6.62,6.75,1869389,0.0
2017-06-29,6.73,6.76,6.63,6.67,1783024,0.0
2017-06-30,6.73,6.78,6.71,6.75,2094162,0.0
2017-07-03,6.76,6.83,6.76,6.8,2138995,0.0
2017-07-05,6.79,6.81,6.78,6.81,1928922,0.0
2017-07-06,6.72,6.77,6.71,6.73,2176015,0.0
2017-07-07,6.67,6.71,6.65,6.69,1818663,0.0
2017-07-10,6.59,6.62,6.57,6.59,2014491,0.0
2017-07-11,6.61,6.63,6.57,6.58,1464585,0.0
2017-07-12,6.58,6.6,6.54,6.56,1708211,0.0
2017-07-13,6.51,6.51,6.46,6.49,2096966,0.0
2017-07-14,6.49,6.49,6.39,6.4,3654770,0.0
2017-07-17,6.41,6.43,6.39,6.41,2180293,0.0
2017-07-18,6.39,6.4,6.34,6.4,2944138,0.0
2017-07-19,6.39,6.41,6.38,6.38,1393785,0.0
2017-07-20,6.37,6.41,6.37,6.41,1290557,0.0
2017-07-21,6.38,6.38,6.32,6.34,1282613,0.0
2017-07-24,6.32,6.35,6.32,6.33,1812399,0.0
2017-07-25,6.33,6.39,6.33,6.37,3812519,0.0
2017-07-26,6.37,6.39,6.34,6.34,1378174,0.0
2017-07-27,6.36,6.38,6.29,6.3,3331765,0.0
2017-07-28,6.3,6.32,6.29,6.3,1694093,0.0
2017-07-31,6.33,6.37,6.31,6.37,1662005,0.0
2017-08-01,6.51,6.59,6.51,6.55,1291970,0.0
2017-08-02,6.47,6.49,6.44,6.45,675887,0.0
2017-08-03,6.44,6.44,6.41,6.42,749822,0.0
2017-08-04,6.44,6.51,6.44,6.47,1814432,0.0
2017-08-07,6.465,6.48,6.43,6.44,512548,0.0
2017-08-08,6.445,6.45,6.4,6.41,712712,0.0
2017-08-09,6.4,6.4,6.34,6.36,1643311,0.0
2017-08-10,6.32,6.32,6.13,6.13,4199428,0.0
2017-08-11,6.16,6.19,6.12,6.18,2856354,0.0
2017-08-14,6.27,6.31,6.26,6.29,2091875,0.0
2017-08-15,6.31,6.34,6.26,6.32,2869021,0.0
2017-08-16,6.31,6.35,6.29,6.3,1415758,0.0
2017-08-17,6.28,6.28,6.18,6.19,1981698,0.0
2017-08-18,6.19,6.24,6.15,6.23,868288,0.0
2017-08-21,6.13,6.13,6.07,6.11,2324310,0.0
2017-08-22,6.1,6.14,6.085,6.12,1685767,0.0
2017-08-23,6.06,6.1,6.05,6.08,1028032,0.0
2017-08-24,6.09,6.095,6.03,6.04,1060282,0.0
2017-08-25,6.1,6.12,6.07,6.08,852499,0.0
2017-08-28,6.06,6.07,5.97,5.99,946450,0.0
2017-08-29,6.01,6.02,5.975,6.01,1119140,0.0
2017-08-30,6.02,6.02,5.97,5.99,568389,0.0
2017-08-31,6.1,6.12,6.06,6.08,1909774,0.0
2017-09-01,6.11,6.16,6.09,6.14,1050074,0.0
2017-09-05,6.08,6.1,6.02,6.04,1653044,0.0
2017-09-06,6.05,6.09,6.03,6.06,896742,0.0
2017-09-07,6.05,6.05,5.95,5.97,2388715,0.0
2017-09-08,6.03,6.07,6.01,6.03,922098,0.0
2017-09-11,6.11,6.15,6.09,6.14,1244314,0.0
2017-09-12,6.15,6.22,6.15,6.18,1816641,0.0
2017-09-13,6.21,6.25,6.18,6.24,1849587,0.0
2017-09-14,6.14,6.15,6.11,6.12,1110619,0.0
2017-09-15,6.16,6.19,6.15,6.18,818072,0.0
2017-09-18,6.18,6.22,6.18,6.22,809817,0.0
2017-09-19,6.33,6.34,6.3,6.32,1186444,0.0
2017-09-20,6.34,6.37,6.3,6.36,3920542,0.0
2017-09-21,6.38,6.455,6.38,6.44,5497729,0.0
2017-09-22,6.44,6.48,6.44,6.48,1093422,0.0
2017-09-25,6.42,6.43,6.34,6.37,2818490,0.0
2017-09-26,6.43,6.45,6.38,6.4,1079856,0.0
2017-09-27,6.46,6.68,6.44,6.51,1834620,0.0
2017-09-28,6.44,6.47,6.4,6.42,1101144,0.0
2017-09-29,6.46,6.475,6.405,6.44,2789605,0.0
2017-10-02,6.42,6.42,6.37,6.4,3714386,0.0
2017-10-03,6.38,6.46,6.38,6.45,979004,0.0
2017-10-04,6.39,6.39,6.34,6.36,1286394,0.0
2017-10-05,6.36,6.39,6.3366,6.39,904269,0.0
2017-10-06,6.45,6.51,6.45,6.47,2112063,0.0
2017-10-09,6.48,6.52,6.45,6.48,1075703,0.0
2017-10-10,6.48,6.49,6.43,6.49,810078,0.0
2017-10-11,6.48,6.525,6.46,6.51,1129821,0.0
2017-10-12,6.44,6.44,6.39,6.41,903230,0.0
2017-10-13,6.42,6.49,6.42,6.48,736516,0.0
2017-10-16,6.52,6.58,6.52,6.58,593447,0.0
2017-10-17,6.5,6.52,6.47,6.51,1871049,0.0
2017-10-18,6.47,6.49,6.46,6.48,882878,0.0
2017-10-19,6.41,6.5,6.41,6.48,986306,0.0
2017-10-20,6.48,6.525,6.45,6.51,1182514,0.0
2017-10-23,6.53,6.57,6.49,6.5,1297982,0.0
2017-10-24,6.6,6.65,6.6,6.63,1259640,0.0
2017-10-25,6.74,6.75,6.65,6.67,1834499,0.0
2017-10-26,6.77,6.8,6.75,6.76,7553891,0.0
2017-10-27,6.92,6.98,6.87,6.96,2255315,0.0
2017-10-30,6.87,6.89,6.82,6.86,1686501,0.0
2017-10-31,6.77,6.815,6.751,6.79,1445372,0.0
2017-11-01,6.8,6.83,6.775,6.8,1951705,0.0
2017-11-02,6.78,6.85,6.74,6.84,1510523,0.0
2017-11-03,6.82,6.82,6.78,6.82,796109,0.0
2017-11-06,6.72,6.735,6.68,6.71,1699400,0.0
2017-11-07,6.72,6.7399,6.67,6.7,940053,0.0
2017-11-08,6.72,6.72,6.66,6.68,1325492,0.0
2017-11-09,6.59,6.62,6.49,6.6,5669299,0.0
2017-11-10,6.53,6.55,6.51,6.54,1282006,0.0
2017-11-13,6.46,6.54,6.45,6.51,903978,0.0
2017-11-14,6.63,6.7,6.58,6.64,2215525,0.0
2017-11-15,6.44,6.54,6.43,6.53,1297208,0.0
2017-11-16,6.55,6.59,6.535,6.57,813220,0.0
2017-11-17,6.57,6.6,6.56,6.6,1478825,0.0
2017-11-20,6.57,6.59,6.54,6.58,1284014,0.0
2017-11-21,6.65,6.65,6.62,6.63,1115127,0.0
2017-11-22,6.75,6.8,6.75,6.78,3878263,0.0
2017-11-24,6.83,6.875,6.815,6.83,516520,0.0
2017-11-27,6.83,6.88,6.8,6.86,2103714,0.0
2017-11-28,6.87,6.98,6.865,6.98,3157173,0.0
2017-11-29,7.02,7.14,7.01,7.09,2805314,0.0
2017-11-30,7.11,7.145,7.08,7.13,2718161,0.0
2017-12-01,7.09,7.09,6.97,7.04,1834207,0.0
2017-12-04,7.08,7.15,7.08,7.11,1615009,0.0
2017-12-05,7.15,7.15,7.04,7.06,1017178,0.0
2017-12-06,7.01,7.02,6.97,6.98,1155719,0.0
2017-12-07,6.95,6.96,6.91,6.96,464316,0.0
2017-12-08,6.95,6.96,6.93,6.96,1670097,0.0
2017-12-11,7.03,7.03,7.0,7.02,790138,0.0
2017-12-12,7.14,7.24,7.14,7.22,1606051,0.0
2017-12-13,7.33,7.34,7.27,7.28,1628365,0.0
2017-12-14,7.21,7.22,7.15,7.17,905869,0.0
2017-12-15,7.16,7.21,7.13,7.13,2143949,0.0
2017-12-18,7.27,7.34,7.27,7.32,1441820,0.0
2017-12-19,7.28,7.28,7.21,7.25,1289523,0.0
2017-12-20,7.37,7.39,7.345,7.35,1657788,0.0
2017-12-21,7.33,7.38,7.3,7.35,930969,0.0
2017-12-22,7.43,7.46,7.41,7.44,902608,0.0
2017-12-26,7.41,7.42,7.33,7.35,766941,0.0
2017-12-27,7.35,7.38,7.33,7.35,643384,0.0
2017-12-28,7.29,7.29,7.24,7.26,698652,0.0
2017-12-29,7.32,7.34,7.27,7.27,786827,0.0
2018-01-02,7.27,7.35,7.27,7.35,745507,0.0
2018-01-03,7.37,7.42,7.36,7.41,1272547,0.0
2018-01-04,7.52,7.6,7.5,7.58,1553529,0.0
2018-01-05,7.63,7.65,7.59,7.64,1608514,0.0
2018-01-08,7.64,7.67,7.62,7.67,1024184,0.0
2018-01-09,7.65,7.7,7.64,7.68,1205451,0.0
2018-01-10,7.72,7.855,7.7,7.83,2448358,0.0
2018-01-11,7.86,7.94,7.85,7.94,1503852,0.0
2018-01-12,7.85,7.98,7.84,7.96,1608591,0.0
2018-01-16,8.05,8.11,8.03,8.07,4880987,0.0
2018-01-17,7.99,8.04,7.94,8.03,1777730,0.0
2018-01-18,7.9,7.92,7.88,7.9,1342546,0.0
2018-01-19,7.99,8.01,7.95,8.01,945714,0.0
2018-01-22,7.97,8.02,7.93,8.0,1764882,0.0
2018-01-23,8.02,8.02,7.9601,8.02,1021559,0.0
2018-01-24,7.92,7.96,7.91,7.94,3331335,0.0
2018-01-25,7.87,7.87,7.8,7.81,1443036,0.0
2018-01-26,7.76,7.78,7.7,7.78,1281831,0.0
2018-01-29,7.77,7.79,7.745,7.76,1079102,0.0
2018-01-30,7.7,7.72,7.651,7.7,1321894,0.0
2018-01-31,7.645,7.66,7.57,7.62,1294194,0.0
2018-02-01,7.78,7.87,7.755,7.83,2259709,0.0
2018-02-02,7.7,7.75,7.58,7.59,2092273,0.0
2018-02-05,7.4,7.5,7.12,7.18,3862178,0.0
2018-02-06,7.26,7.48,7.24,7.42,4147440,0.0
2018-02-07,7.42,7.47,7.345,7.36,2243061,0.0
2018-02-08,7.35,7.35,7.08,7.08,3088768,0.0
2018-02-09,7.21,7.24,6.96,7.17,3336359,0.0
2018-02-12,7.27,7.33,7.2001,7.29,1948145,0.0
2018-02-13,7.08,7.15,7.04,7.15,1832148,0.0
2018-02-14,7.07,7.29,7.07,7.29,1541173,0.0
2018-02-15,7.35,7.35,7.255,7.32,1184034,0.0
2018-02-16,7.36,7.44,7.35,7.4,1826184,0.0
2018-02-20,7.33,7.4,7.315,7.34,1005950,0.0
2018-02-21,7.21,7.27,7.15,7.16,1710568,0.0
2018-02-22,7.19,7.26,7.15,7.17,1293347,0.0
2018-02-23,7.2,7.26,7.155,7.26,935562,0.0
2018-02-26,7.25,7.29,7.16,7.29,1662305,0.0
2018-02-27,7.26,7.29,7.17,7.18,1179297,0.0
2018-02-28,7.18,7.2,7.1,7.11,2536377,0.0
2018-03-01,7.01,7.02,6.815,6.84,2437950,0.0
2018-03-02,6.84,6.96,6.82,6.95,2539600,0.0
2018-03-05,6.87,7.0,6.85,6.98,1244970,0.0
2018-03-06,6.96,7.01,6.93,6.97,1291374,0.0
2018-03-07,6.8,6.87,6.775,6.86,1551689,0.0
2018-03-08,6.86,6.8862,6.8,6.85,1419478,0.0
2018-03-09,6.78,6.89,6.77,6.88,1470386,0.0
2018-03-12,6.91,6.91,6.84,6.9,823342,0.0
2018-03-13,6.93,6.95,6.82,6.86,1198243,0.0
2018-03-14,6.91,6.91,6.81,6.83,1094896,0.0
2018-03-15,6.85,6.8616,6.79,6.82,834092,0.0
2018-03-16,6.76,6.83,6.76,6.78,953069,0.0
2018-03-19,6.7,6.71,6.61,6.63,1534707,0.0
2018-03-20,6.7,6.74,6.68,6.71,839597,0.0
2018-03-21,6.68,6.7482,6.67,6.68,1480943,0.0
2018-03-22,6.64,6.67,6.56,6.56,1806252,0.0
2018-03-23,6.58,6.62,6.44,6.45,1859238,0.0
2018-03-26,6.58,6.645,6.53,6.63,1620672,0.0
2018-03-27,6.68,6.725,6.56,6.6,2473638,0.0
2018-03-28,6.6,6.66,6.56,6.62,2174138,0.0
2018-03-29,6.62,6.67,6.555,6.64,989454,0.0
2018-04-02,6.49,6.57,6.4,6.48,682134,0.0
2018-04-03,6.53,6.6151,6.5,6.6,672062,0.0
2018-04-04,6.45,6.55,6.31,6.53,721931,0.0
2018-04-05,6.59,6.63,6.57,6.61,760081,0.0
2018-04-06,6.51,6.55,6.42,6.45,775257,0.0
2018-04-09,6.55,6.59,6.505,6.52,546843,0.0
2018-04-10,6.6,6.66,6.56,6.64,943736,0.0
2018-04-11,6.59,6.68,6.59,6.64,731214,0.0
2018-04-12,6.59,6.635,6.55,6.61,1306520,0.0
2018-04-13,6.68,6.71,6.58,6.64,951844,0.0
2018-04-16,6.64,6.7,6.6,6.65,766048,0.0
2018-04-17,6.6,6.63,6.52,6.54,11628010,0.0
2018-04-18,6.57,6.59,6.5,6.51,3282579,0.0
2018-04-19,6.58,6.64,6.57,6.62,2241422,0.0
2018-04-20,6.65,6.66,6.6,6.62,701582,0.0
2018-04-23,6.72,6.78,6.7,6.73,919984,0.0
2018-04-24,6.83,6.85,6.77,6.81,1681029,0.0
2018-04-25,6.85,6.87,6.79,6.82,1146683,0.0
2018-04-26,6.81,6.835,6.76,6.78,918070,0.0
2018-04-27,6.72,6.73,6.67,6.71,540515,0.0
2018-04-30,6.7,6.745,6.67,6.68,674981,0.0
2018-05-01,6.5,6.56,6.44,6.52,919138,0.0
2018-05-02,6.48,6.52,6.47,6.51,754901,0.0
2018-05-03,6.47,6.49,6.41,6.47,575475,0.0
2018-05-04,6.63,6.73,6.41,6.52,500805,0.0
2018-05-07,6.51,6.53,6.48,6.49,493758,0.0
2018-05-08,6.52,6.56,6.51,6.53,689624,0.0
2018-05-09,6.52,6.58,6.51,6.56,408671,0.0
2018-05-10,6.57,6.61,6.52,6.6,422558,0.0
2018-05-11,6.6,6.65,6.6,6.61,412049,0.0
2018-05-14,6.64,6.72,6.58,6.67,913340,0.0
2018-05-15,6.67,6.69,6.54,6.55,1396487,0.0
2018-05-16,6.57,6.57,6.48,6.49,1491930,0.0
2018-05-17,6.55,6.61,6.53,6.55,1325576,0.0
2018-05-18,6.51,6.53,6.46,6.46,868778,0.0
2018-05-21,6.48,6.48,6.44,6.45,875077,0.0
2018-05-22,6.45,6.48,6.42,6.43,965351,0.0
2018-05-23,6.4,6.41,6.34,6.36,2237220,0.0
2018-05-24,6.36,6.38,6.28,6.3,1712014,0.0
2018-05-25,6.24,6.28,6.22,6.25,1231265,0.0
2018-05-29,6.17,6.22,6.08,6.1,2275024,0.0
2018-05-30,6.13,6.14,6.037,6.09,1789556,0.0
2018-05-31,6.05,6.05,5.95,6.01,1371126,0.0
2018-06-01,6.04,6.19,6.03,6.15,3237091,0.0
2018-06-04,6.23,6.29,6.2,6.26,1885693,0.0
2018-06-05,6.2,6.22,6.17,6.18,1433029,0.0
2018-06-06,6.15,6.205,6.12,6.18,1669274,0.0
2018-06-07,6.19,6.2599,6.19,6.19,1430560,0.0
2018-06-08,6.17,6.21,6.14,6.19,1140808,0.0
2018-06-11,6.19,6.22,6.17,6.19,1122529,0.0
2018-06-12,6.17,6.17,6.09,6.09,959732,0.0
2018-06-13,6.12,6.12,6.06,6.07,1151840,0.0
2018-06-14,6.08,6.11,6.02,6.04,1234357,0.0
2018-06-15,5.98,5.98,5.85,5.89,1756549,0.0
2018-06-18,5.87,5.87,5.83,5.86,1336492,0.0
2018-06-19,5.82,5.83,5.77,5.8,1204766,0.0
2018-06-20,5.78,5.78,5.71,5.73,948258,0.0
2018-06-21,5.6,5.62,5.54,5.57,2220824,0.0
2018-06-22,5.64,5.7,5.63,5.68,1476664,0.0
2018-06-25,5.66,5.67,5.62,5.64,1887143,0.0
2018-06-26,5.68,5.73,5.66,5.71,1811886,0.0
2018-06-27,5.73,5.77,5.67,5.68,1881731,0.0
2018-06-28,5.69,5.7,5.65,5.68,868035,0.0
2018-06-29,5.7,5.71,5.64,5.65,782542,0.0
2018-07-02,5.59,5.59,5.49,5.52,6323478,0.0
2018-07-03,5.56,5.61,5.54,5.54,1202791,0.0
2018-07-05,5.56,5.58,5.53,5.55,1386577,0.0
2018-07-06,5.52,5.62,5.52,5.59,1455299,0.0
2018-07-09,5.71,5.83,5.7,5.75,2889500,0.0
2018-07-10,5.77,5.77,5.69,5.71,1944021,0.0
2018-07-11,5.68,5.7,5.63,5.65,1049058,0.0
2018-07-12,5.66,5.68,5.63,5.67,1518732,0.0
2018-07-13,5.65,5.67,5.63,5.66,764420,0.0
2018-07-16,5.68,5.72,5.65,5.72,1096763,0.0
2018-07-17,5.74,5.82,5.74,5.82,1389946,0.0
2018-07-18,5.82,5.82,5.76,5.82,1625158,0.0
2018-07-19,5.85,5.88,5.82,5.86,1261481,0.0
2018-07-20,5.85,5.98,5.85,5.93,2290120,0.0
2018-07-23,6.16,6.22,6.12,6.22,1423105,0.0
2018-07-24,6.22,6.26,6.21,6.21,1021263,0.0
2018-07-25,6.21,6.21,6.15,6.2,1481289,0.0
2018-07-26,6.22,6.23,6.155,6.17,1582155,0.0
2018-07-27,6.19,6.24,6.18,6.22,925554,0.0
2018-07-30,6.29,6.35,6.29,6.32,1953602,0.0
2018-07-31,6.2,6.27,6.105,6.12,1263863,0.0
2018-08-01,6.33,6.33,6.25,6.28,1072888,0.0
2018-08-02,6.33,6.34,6.23,6.33,1237159,0.0
2018-08-03,6.22,6.23,6.15,6.22,838522,0.0
2018-08-06,6.09,6.11,6.05,6.1,564823,0.0
2018-08-07,6.08,6.11,6.05,6.06,813731,0.0
2018-08-08,6.1,6.13,6.075,6.11,441317,0.0
2018-08-09,6.11,6.11,6.04,6.06,737860,0.0
2018-08-10,6.02,6.02,5.9332,5.94,855367,0.0
2018-08-13,5.94,5.94,5.86,5.86,1333920,0.0
2018-08-14,5.86,5.91,5.84,5.9,1987852,0.0
2018-08-15,5.88,5.88,5.77,5.84,782892,0.0
2018-08-16,5.9,5.99,5.89,5.97,877851,0.0
2018-08-17,5.89,6.05,5.89,6.05,492605,0.0
2018-08-20,6.07,6.11,6.04,6.11,741215,0.0
2018-08-21,6.09,6.14,6.07,6.08,976125,0.0
2018-08-22,6.08,6.1,6.05,6.08,560255,0.0
2018-08-23,6.04,6.07,6.01,6.04,1386655,0.0
2018-08-24,6.06,6.06,6.01,6.02,482563,0.0
2018-08-27,6.13,6.13,6.04,6.11,988965,0.0
2018-08-28,6.1,6.1,6.07,6.08,899581,0.0
2018-08-29,6.11,6.19,6.11,6.18,627499,0.0
2018-08-30,6.12,6.12,6.04,6.08,599828,0.0
2018-08-31,6.03,6.04,5.99,6.04,454338,0.0
2018-09-04,6.02,6.06,5.975,6.03,693672,0.0
2018-09-05,5.99,6.02,5.97,5.99,879040,0.0
2018-09-06,6.02,6.04,5.99,6.01,800313,0.0
2018-09-07,6.01,6.01,5.96,6.0,732813,0.0
2018-09-10,6.04,6.05,6.01,6.03,715787,0.0
2018-09-11,6.0,6.045,5.973,6.04,839925,0.0
2018-09-12,6.02,6.02,5.98,5.99,369943,0.0
2018-09-13,6.02,6.08,6.01,6.04,844652,0.0
2018-09-14,6.06,6.1,6.04,6.06,1490094,0.0
2018-09-17,6.1,6.13,6.07,6.11,1096811,0.0
2018-09-18,6.19,6.24,6.16,6.23,1586569,0.0
2018-09-19,6.24,6.33,6.24,6.31,2564858,0.0
2018-09-20,6.36,6.42,6.36,6.41,847893,0.0
2018-09-21,6.4,6.41,6.385,6.41,932823,0.0
2018-09-24,6.38,6.4,6.32,6.34,834152,0.0
2018-09-25,6.38,6.42,6.37,6.42,763613,0.0
2018-09-26,6.4,6.4,6.33,6.34,947598,0.0
2018-09-27,6.32,6.33,6.24,6.27,887730,0.0
2018-09-28,6.22,6.24,6.18,6.19,654389,0.0
2018-10-01,6.25,6.29,6.25,6.26,649595,0.0
2018-10-02,6.22,6.26,6.22,6.25,485235,0.0
2018-10-03,6.24,6.25,6.1957,6.23,731578,0.0
2018-10-04,6.33,6.41,6.31,6.36,1337811,0.0
2018-10-05,6.43,6.47,6.35,6.4,1053732,0.0
2018-10-08,6.38,6.46,6.38,6.45,603259,0.0
2018-10-09,6.4,6.43,6.36,6.43,526538,0.0
2018-10-10,6.44,6.47,6.27,6.28,2841530,0.0
2018-10-11,6.1,6.21,6.04,6.1,1625475,0.0
2018-10-12,6.17,6.19,5.95,6.06,1720369,0.0
2018-10-15,6.02,6.06,5.98,6.03,1397610,0.0
2018-10-16,6.07,6.14,6.05,6.13,1021191,0.0
2018-10-17,6.14,6.19,6.08,6.15,1098088,0.0
2018-10-18,6.11,6.16,6.03,6.05,809109,0.0
2018-10-19,6.08,6.14,6.065,6.11,883512,0.0
2018-10-22,6.12,6.15,6.025,6.05,912005,0.0
2018-10-23,5.94,5.98,5.87,5.94,2051322,0.0
2018-10-24,5.88,5.89,5.74,5.74,2128351,0.0
2018-10-25,5.81,5.95,5.81,5.9,1789496,0.0
2018-10-26,5.84,5.92,5.795,5.86,1752409,0.0
2018-10-29,5.91,5.91,5.73,5.78,1783077,0.0
2018-10-30,5.84,5.92,5.83,5.92,1218223,0.0
2018-10-31,6.01,6.06,6.0,6.02,782131,0.0
2018-11-01,6.03,6.04,5.99,6.03,1094702,0.0
2018-11-02,6.03,6.07,5.98,6.0,1433925,0.0
2018-11-05,6.0,6.035,5.98,5.99,756352,0.0
2018-11-06,5.98,6.02,5.97,6.0,688031,0.0
2018-11-07,6.02,6.08,5.95,6.05,1108361,0.0
2018-11-08,6.02,6.08,5.98,5.98,1173364,0.0
2018-11-09,5.98,6.01,5.939,5.94,496700,0.0
2018-11-12,5.91,5.94,5.8,5.82,720416,0.0
2018-11-13,5.87,5.96,5.83,5.85,1288367,0.0
2018-11-14,5.94,5.95,5.845,5.88,1649198,0.0
2018-11-15,5.74,5.75,5.6728,5.72,1877726,0.0
2018-11-16,5.68,5.76,5.68,5.75,1293369,0.0
2018-11-19,5.67,5.68,5.54,5.56,1565619,0.0
2018-11-20,5.56,5.6,5.53,5.55,1989323,0.0
2018-11-21,5.6,5.64,5.44,5.49,3372791,0.0
2018-11-23,5.47,5.5,5.43,5.47,683961,0.0
2018-11-26,5.5,5.5,5.46,5.47,1393995,0.0
2018-11-27,5.5,5.53,5.47,5.51,1970277,0.0
2018-11-28,5.48,5.52,5.41,5.51,1181318,0.0
2018-11-29,5.5,5.52,5.46,5.49,1347561,0.0
2018-11-30,5.5,5.5,5.4,5.44,1109299,0.0
2018-12-03,5.49,5.51,5.435,5.46,1749926,0.0
2018-12-04,5.41,5.45,5.21,5.24,3714277,0.0
2018-12-06,5.28,5.31,5.18,5.3,3322043,0.0
2018-12-07,5.28,5.32,5.21,5.22,2265137,0.0
2018-12-10,5.21,5.29,5.15,5.23,3013968,0.0
2018-12-11,5.23,5.29,5.04,5.1,3638711,0.0
2018-12-12,5.18,5.19,5.12,5.15,1532737,0.0
2018-12-13,5.17,5.19,5.11,5.14,1745625,0.0
2018-12-14,5.07,5.13,5.03,5.05,1529735,0.0
2018-12-17,5.07,5.12,5.03,5.04,2618084,0.0
2018-12-18,5.07,5.11,5.01,5.04,2335611,0.0
2018-12-19,5.03,5.04,4.87,4.9,1443101,0.0
2018-12-20,4.89,4.94,4.865,4.92,2325663,0.0
2018-12-21,4.99,5.0,4.72,4.73,2068385,0.0
2018-12-24,4.66,4.75,4.64,4.71,1532423,0.0
2018-12-26,4.75,4.82,4.64,4.8,2083530,0.0
2018-12-27,4.77,4.82,4.69,4.82,3584018,0.0
2018-12-28,4.82,4.89,4.8,4.83,2030110,0.0
2018-12-31,4.86,4.9,4.83,4.87,2648527,0.0
2019-01-02,4.78,4.99,4.78,4.96,1244951,0.0
2019-01-03,4.89,4.9499,4.875,4.9,1741816,0.0
2019-01-04,4.97,5.17,4.97,5.15,1624164,0.0
2019-01-07,5.1,5.14,5.05,5.11,1813835,0.0
2019-01-08,5.13,5.2,5.13,5.17,1648102,0.0
2019-01-09,5.17,5.17,5.115,5.15,938670,0.0
2019-01-10,5.17,5.26,5.165,5.23,2206266,0.0
2019-01-11,5.21,5.3,5.18,5.26,2951887,0.0
2019-01-14,5.21,5.29,5.2,5.26,2187538,0.0
2019-01-15,5.27,5.3,5.23,5.27,1658461,0.0
2019-01-16,5.3,5.3,5.24,5.25,1526755,0.0
2019-01-17,5.26,5.31,5.22,5.27,1987140,0.0
2019-01-18,5.26,5.34,5.26,5.3,2977577,0.0
2019-01-22,5.27,5.315,5.25,5.26,2650186,0.0
2019-01-23,5.26,5.285,5.21,5.26,1259076,0.0
2019-01-24,5.28,5.36,5.27,5.33,1210816,0.0
2019-01-25,5.36,5.395,5.34,5.35,959033,0.0
2019-01-28,5.3,5.35,5.29,5.32,1778322,0.0
2019-01-29,5.32,5.36,5.3,5.31,1418550,0.0
2019-01-30,5.32,5.41,5.29,5.37,1533128,0.0
2019-01-31,5.35,5.38,5.32,5.38,1432335,0.0
2019-02-01,5.28,5.29,5.22,5.25,1591828,0.0
2019-02-04,5.27,5.31,5.24,5.31,822134,0.0
2019-02-05,5.3,5.31,5.27,5.29,822766,0.0
2019-02-06,5.29,5.32,5.29,5.29,606412,0.0
2019-02-07,5.24,5.26,5.21,5.23,1695832,0.0
2019-02-08,5.2,5.21,5.14,5.19,668812,0.0
2019-02-11,5.19,5.23,5.18,5.21,920295,0.0
2019-02-12,5.26,5.34,5.26,5.31,1202727,0.0
2019-02-13,5.29,5.3,5.24,5.26,616265,0.0
2019-02-14,5.22,5.25,5.18,5.22,702400,0.0
2019-02-15,5.24,5.29,5.23,5.29,965682,0.0
2019-02-19,5.31,5.36,5.29,5.34,632516,0.0
2019-02-20,5.34,5.36,5.32,5.33,1265183,0.0
2019-02-21,5.33,5.33,5.27,5.29,620929,0.0
2019-02-22,5.28,5.31,5.25,5.27,868108,0.0
2019-02-25,5.28,5.3,5.25,5.26,2371350,0.0
2019-02-26,5.23,5.26,5.22,5.24,1186361,0.0
2019-02-27,5.23,5.25,5.2,5.23,475089,0.0
2019-02-28,5.21,5.24,5.2,5.22,641189,0.0
2019-03-01,5.23,5.24,5.2,5.21,578307,0.0
2019-03-04,5.2,5.23,5.14,5.2,1433741,0.0
2019-03-05,5.21,5.265,5.19,5.23,1070303,0.0
2019-03-06,5.21,5.24,5.19,5.2,543686,0.0
2019-03-07,5.15,5.19,5.09,5.09,1128514,0.0
2019-03-08,5.02,5.06,5.02,5.06,1009621,0.0
2019-03-11,5.08,5.09,5.04,5.04,2033542,0.0
2019-03-12,5.12,5.13,5.07,5.11,1321125,0.0
2019-03-13,5.1,5.15,5.09,5.12,1043775,0.0
2019-03-14,5.08,5.12,5.08,5.1,878753,0.0
2019-03-15,5.15,5.18,5.11,5.17,3612840,0.0
2019-03-18,5.14,5.17,5.14,5.16,1133468,0.0
2019-03-19,5.21,5.23,5.18,5.19,2025044,0.0
2019-03-20,5.16,5.19,5.13,5.14,744777,0.0
2019-03-21,5.14,5.15,5.11,5.13,1150349,0.0
2019-03-22,5.14,5.14,5.02,5.04,1122429,0.0
2019-03-25,5.01,5.05,4.96,5.01,1275809,0.0
2019-03-26,5.08,5.09,5.03,5.05,1146392,0.0
2019-03-27,5.03,5.11,5.01,5.07,806153,0.0
2019-03-28,5.05,5.05,4.96,5.0,762045,0.0
2019-03-29,5.0,5.0,4.92,4.95,970272,0.0
2019-04-01,4.99,5.09,4.99,5.08,1254053,0.0
2019-04-02,5.08,5.12,5.08,5.11,660437,0.0
2019-04-03,5.14,5.15,5.12,5.12,578844,0.0
2019-04-04,5.11,5.15,5.09,5.12,780039,0.0
2019-04-05,5.14,5.16,5.12,5.14,870722,0.0
2019-04-08,5.11,5.14,5.085,5.11,596340,0.0
2019-04-09,5.06,5.09,5.04,5.05,844686,0.0
2019-04-10,5.07,5.07,5.015,5.04,494713,0.0
2019-04-11,4.99,4.995,4.93,4.97,785433,0.0
2019-04-12,5.01,5.05,4.985,5.03,608623,0.0
2019-04-15,5.0,5.06,4.99,5.0,1508778,0.0
2019-04-16,5.03,5.08,5.01,5.05,803485,0.0
2019-04-17,5.1,5.15,5.09,5.12,931341,0.0
2019-04-18,5.12,5.14,5.09,5.12,579496,0.0
2019-04-22,5.04,5.04,5.01,5.01,968097,0.0
2019-04-23,5.0,5.02,4.96,4.97,1486937,0.0
2019-04-24,4.9,4.91,4.88,4.89,891134,0.0
2019-04-25,4.9,4.92,4.87,4.88,1152093,0.0
2019-04-26,4.9,4.95,4.9,4.9,1444342,0.0
2019-04-29,4.9,5.0,4.9,4.97,1258300,0.0
2019-04-30,4.95,5.0,4.94,4.96,521414,0.0
2019-05-01,4.92,4.98,4.92,4.94,430168,0.0
2019-05-02,4.9,4.93,4.885,4.9,468471,0.0
2019-05-03,4.91,4.97,4.9,4.95,618883,0.0
2019-05-06,4.94,4.95,4.86,4.92,963418,0.0
2019-05-07,4.85,4.8995,4.83,4.85,1052861,0.0
2019-05-08,4.83,4.88,4.81,4.82,1997642,0.0
2019-05-09,4.77,4.8069,4.73,4.79,1311975,0.0
2019-05-10,4.73,4.75,4.67,4.74,9426683,0.0
2019-05-13,4.66,4.6665,4.59,4.62,2443438,0.0
2019-05-14,4.65,4.73,4.65,4.69,1977592,0.0
2019-05-15,4.54,4.68,4.54,4.63,1912915,0.0
2019-05-16,4.5,4.59,4.49,4.56,5011199,0.0
2019-05-17,4.57,4.64,4.57,4.57,1369070,0.0
2019-05-20,4.57,4.605,4.565,4.57,1868702,0.0
2019-05-21,4.64,4.64,4.59,4.63,1624949,0.0
2019-05-22,4.62,4.65,4.595,4.62,1663762,0.0
2019-05-23,4.59,4.6,4.545,4.56,1524725,0.0
2019-05-24,4.59,4.67,4.59,4.65,2279969,0.0
2019-05-28,4.7,4.7,4.63,4.63,2330553,0.0
2019-05-29,4.62,4.65,4.57,4.61,2407342,0.0
2019-05-30,4.6,4.64,4.56,4.58,3049323,0.0
2019-05-31,4.54,4.62,4.53,4.59,1815579,0.0
2019-06-03,4.58,4.64,4.565,4.59,1961578,0.0
2019-06-04,4.62,4.67,4.615,4.67,1015413,0.0
2019-06-05,4.69,4.695,4.625,4.65,1149848,0.0
2019-06-06,4.64,4.68,4.625,4.66,1098927,0.0
2019-06-07,4.65,4.68,4.65,4.68,701781,0.0
2019-06-10,4.68,4.7,4.64,4.7,1253111,0.0
2019-06-11,4.7,4.76,4.7,4.75,1808319,0.0
2019-06-12,4.73,4.75,4.67,4.68,1481428,0.0
2019-06-13,4.51,4.69,4.51,4.66,1799030,0.0
2019-06-14,4.68,4.68,4.58,4.61,1767185,0.0
2019-06-17,4.63,4.63,4.585,4.63,1059276,0.0
2019-06-18,4.64,4.7,4.635,4.68,2272854,0.0
2019-06-19,4.63,4.69,4.62,4.64,1021341,0.0
2019-06-20,4.67,4.695,4.635,4.69,1503212,0.0
2019-06-21,4.67,4.7,4.65,4.65,786001,0.0
2019-06-24,4.64,4.66,4.62,4.65,1081209,0.0
2019-06-25,4.65,4.7,4.635,4.66,1154974,0.0
2019-06-26,4.66,4.715,4.66,4.71,622451,0.0
2019-06-27,4.72,4.76,4.69,4.71,968809,0.0
2019-06-28,4.71,4.765,4.71,4.75,753824,0.0
2019-07-01,4.8,4.81,4.76,4.79,1236179,0.0
2019-07-02,4.79,4.81,4.77,4.78,1112478,0.0
2019-07-03,4.79,4.81,4.77,4.78,487306,0.0
2019-07-05,4.79,4.84,4.78,4.84,928767,0.0
2019-07-08,4.84,4.875,4.82,4.85,902907,0.0
2019-07-09,4.84,4.84,4.805,4.82,887971,0.0
2019-07-10,4.82,4.865,4.82,4.84,1410015,0.0
2019-07-11,4.85,4.885,4.835,4.88,1395114,0.0
2019-07-12,4.86,4.88,4.83,4.84,790177,0.0
2019-07-15,4.83,4.89,4.81,4.87,1674535,0.0
2019-07-16,4.83,4.84,4.77,4.78,1089851,0.0
2019-07-17,4.81,4.84,4.79,4.8,800650,0.0
2019-07-18,4.77,4.82,4.77,4.8,692278,0.0
2019-07-19,4.79,4.83,4.785,4.79,795949,0.0
2019-07-22,4.82,4.85,4.81,4.83,614807,0.0
2019-07-23,4.84,4.9,4.84,4.9,585601,0.0
2019-07-24,4.86,4.9,4.86,4.89,609388,0.0
2019-07-25,4.84,4.87,4.82,4.82,441836,0.0
2019-07-26,4.86,4.87,4.84,4.85,690774,0.0
2019-07-29,4.85,4.86,4.83,4.83,590154,0.0
2019-07-30,4.8,4.81,4.78,4.78,681436,0.0
2019-07-31,4.82,5.0,4.805,4.97,2629175,0.0
2019-08-01,4.93,4.98,4.88,4.92,2182477,0.0
2019-08-02,4.87,4.9,4.8,4.83,857521,0.0
2019-08-05,4.78,4.83,4.705,4.75,1603539,0.0
2019-08-06,4.83,4.84,4.72,4.83,1762902,0.0
2019-08-07,4.79,4.82,4.74,4.82,1409005,0.0
2019-08-08,4.79,4.86,4.7896,4.86,1047058,0.0
2019-08-09,4.81,4.83,4.78,4.82,1184891,0.0
2019-08-12,4.79,4.81,4.75,4.77,752265,0.0
2019-08-13,4.75,4.83,4.75,4.79,1098715,0.0
2019-08-14,4.7,4.71,4.63,4.65,1163125,0.0
2019-08-15,4.66,4.705,4.66,4.69,1456201,0.0
2019-08-16,4.71,4.78,4.71,4.77,1391149,0.0
2019-08-19,4.75,4.82,4.75,4.78,672689,0.0
2019-08-20,4.77,4.79,4.73,4.76,1865921,0.0
2019-08-21,4.75,4.765,4.68,4.69,1444035,0.0
2019-08-22,4.67,4.72,4.67,4.71,609354,0.0
2019-08-23,4.68,4.72,4.62,4.63,818879,0.0
2019-08-26,4.69,4.755,4.64,4.73,994656,0.0
2019-08-27,4.73,4.75,4.69,4.7,2451848,0.0
2019-08-28,4.69,4.755,4.67,4.72,977366,0.0
2019-08-29,4.76,4.795,4.755,4.78,713691,0.0
2019-08-30,4.83,4.85,4.8,4.82,909568,0.0
2019-09-03,4.79,4.83,4.78,4.81,844225,0.0
2019-09-04,4.8,4.875,4.8,4.85,1846847,0.0
2019-09-05,4.85,4.91,4.84,4.89,1410957,0.0
2019-09-06,4.9,4.92,4.88,4.89,524289,0.0
2019-09-09,4.93,4.96,4.89,4.95,980327,0.0
2019-09-10,5.1,5.125,5.07,5.11,1373116,0.0
2019-09-11,5.27,5.29,5.24,5.29,662834,0.0
2019-09-12,5.26,5.26,5.19,5.23,1824200,0.0
2019-09-13,5.23,5.3,5.22,5.29,773892,0.0
2019-09-16,5.26,5.29,5.23,5.24,727131,0.0
2019-09-17,5.25,5.29,5.23,5.23,1356804,0.0
2019-09-18,5.23,5.24,5.1825,5.22,703817,0.0
2019-09-19,5.24,5.25,5.21,5.23,458496,0.0
2019-09-20,5.23,5.28,5.23,5.24,572018,0.0
2019-09-23,5.22,5.24,5.2,5.24,625822,0.0
2019-09-24,5.26,5.27,5.18,5.2,677662,0.0
2019-09-25,5.22,5.275,5.19,5.25,576494,0.0
2019-09-26,5.25,5.26,5.2,5.22,1135773,0.0
2019-09-27,5.17,5.18,5.065,5.1,1409293,0.0
2019-09-30,5.06,5.11,5.05,5.08,977622,0.0
2019-10-01,5.14,5.14,5.04,5.05,677056,0.0
2019-10-02,5.05,5.06,5.0193,5.03,1877466,0.0
2019-10-03,5.04,5.04,4.965,5.02,976603,0.0
2019-10-04,4.97,5.03,4.97,5.01,655126,0.0
2019-10-07,4.98,5.0,4.955,4.98,1033970,0.0
2019-10-08,4.94,4.96,4.91,4.93,775429,0.0
2019-10-09,4.89,4.97,4.89,4.94,895628,0.0
2019-10-10,4.93,4.97,4.91,4.96,930748,0.0
2019-10-11,5.01,5.05,4.985,5.03,934153,0.0
2019-10-14,4.98,5.02,4.97,5.0,532317,0.0
2019-10-15,5.03,5.09,5.0,5.06,979058,0.0
2019-10-16,5.08,5.09,5.055,5.06,950759,0.0
2019-10-17,5.05,5.06,5.04,5.06,677419,0.0
2019-10-18,5.06,5.06,5.01,5.04,1539042,0.0
2019-10-21,5.09,5.15,5.09,5.13,791272,0.0
2019-10-22,5.13,5.18,5.11,5.13,646952,0.0
2019-10-23,5.16,5.19,5.06,5.18,595981,0.0
2019-10-24,5.2,5.22,5.18,5.2,569106,0.0
2019-10-25,5.2,5.2,5.13,5.2,756361,0.0
2019-10-28,5.19,5.225,5.19,5.21,778587,0.0
2019-10-29,5.27,5.29,5.24,5.28,445478,0.0
2019-10-30,5.25,5.26,5.21,5.25,694514,0.0
2019-10-31,5.19,5.21,5.14,5.18,1138606,0.0
2019-11-01,5.23,5.29,5.19,5.29,715148,0.0
2019-11-04,5.27,5.31,5.26,5.31,437172,0.0
2019-11-05,5.3,5.34,5.3,5.31,672849,0.0
2019-11-06,5.37,5.38,5.325,5.34,366274,0.0
2019-11-07,5.35,5.38,5.345,5.37,414807,0.0
2019-11-08,5.34,5.4,5.34,5.39,348266,0.0
2019-11-11,5.44,5.44,5.38,5.41,474253,0.0
2019-11-12,5.41,5.435,5.39,5.41,402407,0.0
2019-11-13,5.39,5.42,5.33,5.39,589720,0.0
2019-11-14,5.3,5.37,5.26,5.3,397897,0.0
2019-11-15,5.33,5.39,5.3201,5.39,990439,0.0
2019-11-18,5.26,5.34,5.26,5.34,818297,0.0
2019-11-19,5.35,5.35,5.32,5.33,512574,0.0
2019-11-20,5.24,5.305,5.22,5.26,1791126,0.0
2019-11-21,5.27,5.29,5.24,5.28,551910,0.0
2019-11-22,5.27,5.31,5.27,5.28,643376,0.0
2019-11-25,5.33,5.355,5.28,5.35,943035,0.0
2019-11-26,5.32,5.33,5.2848,5.32,6652809,0.0
2019-11-27,5.33,5.35,5.32,5.34,4270933,0.0
2019-11-29,5.33,5.34,5.29,5.31,4397860,0.0
2019-12-02,5.3,5.33,5.29,5.31,4352697,0.0
2019-12-03,5.3,5.33,5.27,5.32,3560939,0.0
2019-12-04,5.35,5.39,5.34,5.38,824473,0.0
2019-12-05,5.39,5.41,5.38,5.41,791690,0.0
2019-12-06,5.39,5.45,5.39,5.43,692083,0.0
2019-12-09,5.43,5.47,5.43,5.45,1928967,0.0
2019-12-10,5.42,5.45,5.41,5.44,1359190,0.0
2019-12-11,5.35,5.435,5.35,5.41,2609131,0.0
2019-12-12,5.41,5.43,5.37,5.42,1318462,0.0
2019-12-13,5.42,5.48,5.41,5.47,1029598,0.0
2019-12-16,5.48,5.52,5.43,5.47,1213604,0.0
2019-12-17,5.49,5.54,5.485,5.51,609606,0.0
2019-12-18,5.51,5.53,5.5,5.51,458864,0.0
2019-12-19,5.5,5.52,5.48,5.5,680789,0.0
2019-12-20,5.5,5.52,5.46,5.47,1043917,0.0
2019-12-23,5.45,5.455,5.42,5.44,540201,0.0
2019-12-24,5.41,5.44,5.41,5.42,258356,0.0
2019-12-26,5.42,5.46,5.41,5.45,379259,0.0
2019-12-27,5.47,5.48,5.42,5.43,359254,0.0
2019-12-30,5.43,5.46,5.42,5.43,403916,0.0
2019-12-31,5.42,5.43,5.4,5.43,311020,0.0
2020-01-02,5.46,5.47,5.44,5.45,596594,0.0
2020-01-03,5.41,5.45,5.41,5.42,686288,0.0
2020-01-06,5.4,5.425,5.39,5.42,732300,0.0
2020-01-07,5.4,5.44,5.37,5.37,735509,0.0
2020-01-08,5.36,5.38,5.34,5.36,1322911,0.0
2020-01-09,5.36,5.36,5.32,5.34,1302305,0.0
2020-01-10,5.32,5.32,5.24,5.25,1099549,0.0
2020-01-13,5.27,5.33,5.25,5.31,677163,0.0
2020-01-14,5.27,5.29,5.26,5.27,487776,0.0
2020-01-15,5.27,5.285,5.25,5.26,549421,0.0
2020-01-16,5.24,5.28,5.23,5.28,720032,0.0
2020-01-17,5.3,5.34,5.29,5.33,974300,0.0
2020-01-21,5.31,5.32,5.28,5.28,619288,0.0
2020-01-22,5.28,5.3,5.26,5.29,677676,0.0
2020-01-23,5.27,5.2766,5.23,5.26,709314,0.0
2020-01-24,5.25,5.27,5.16,5.19,1012997,0.0
2020-01-27,5.17,5.19,5.14,5.16,1216245,0.0
2020-01-28,5.17,5.22,5.1605,5.21,894780,0.0
2020-01-29,5.17,5.2,5.17,5.19,630239,0.0
2020-01-30,5.18,5.24,5.16,5.23,1190479,0.0
2020-01-31,5.19,5.19,5.115,5.14,787095,0.0
2020-02-03,5.17,5.21,5.15,5.17,1073478,0.0
2020-02-04,5.17,5.2,5.13,5.16,805286,0.0
2020-02-05,5.26,5.26,5.09,5.23,1089618,0.0
2020-02-06,5.26,5.28,5.25,5.28,914055,0.0
2020-02-07,5.25,5.27,5.24,5.25,472731,0.0
2020-02-10,5.23,5.24,5.22,5.24,1571657,0.0
2020-02-11,5.26,5.28,5.255,5.26,402119,0.0
2020-02-12,5.21,5.23,5.18,5.2,555155,0.0
2020-02-13,5.18,5.19,5.16,5.18,546587,0.0
2020-02-14,5.18,5.18,5.14,5.15,755639,0.0
2020-02-18,5.11,5.14,5.1,5.1,573770,0.0
2020-02-19,5.11,5.11,5.05,5.06,966358,0.0
2020-02-20,5.01,5.1,5.01,5.1,1334344,0.0
2020-02-21,5.06,5.065,5.02,5.03,507529,0.0
2020-02-24,4.85,4.91,4.84,4.88,1165305,0.0
2020-02-25,4.97,4.98,4.84,4.89,1641221,0.0
2020-02-26,4.94,4.985,4.925,4.94,1192661,0.0
2020-02-27,4.87,4.93,4.83,4.85,1945905,0.0
2020-02-28,4.8,4.88,4.75,4.87,2616178,0.0
2020-03-02,4.82,4.87,4.7567,4.85,1600020,0.0
2020-03-03,4.84,4.9,4.72,4.79,2898116,0.0
2020-03-04,4.75,4.75,4.68,4.74,4197973,0.0
2020-03-05,4.65,4.66,4.6,4.63,1809705,0.0
2020-03-06,4.53,4.57,4.5,4.52,5700565,0.0
2020-03-09,4.12,4.17,3.97,4.05,1885782,0.0
2020-03-10,4.17,4.21,4.06,4.14,3294255,0.0
2020-03-11,4.15,4.215,4.11,4.11,2942013,0.0
2020-03-12,3.94,3.97,3.61,3.64,3835049,0.0
2020-03-13,3.78,3.86,3.61,3.76,3918799,0.0
2020-03-16,3.49,3.68,3.47,3.49,5135838,0.0
2020-03-17,3.55,3.715,3.47,3.69,4481583,0.0
2020-03-18,3.45,3.5897,3.3228,3.43,2445045,0.0
2020-03-19,3.5,3.58,3.4,3.42,4539833,0.0
2020-03-20,3.51,3.56,3.41,3.43,3836173,0.0
2020-03-23,3.48,3.62,3.42,3.48,3399309,0.0
2020-03-24,3.72,4.01,3.72,3.89,3494968,0.0
2020-03-25,3.88,4.035,3.8,3.93,2281925,0.0
2020-03-26,3.97,4.09,3.93,4.08,1670986,0.0
2020-03-27,4.06,4.08,3.945,4.02,1994411,0.0
2020-03-30,3.93,3.93,3.8,3.91,3283608,0.0
2020-03-31,3.71,3.74,3.575,3.66,2431822,0.0
2020-04-01,3.6,3.68,3.57,3.6,2502208,0.0
2020-04-02,3.58,3.63,3.53,3.6,2013461,0.0
2020-04-03,3.5,3.575,3.44,3.49,1852497,0.0
2020-04-06,3.64,3.73,3.62,3.72,3446610,0.0
2020-04-07,3.84,3.95,3.79,3.81,3598838,0.0
2020-04-08,3.71,3.75,3.65,3.71,2262748,0.0
2020-04-09,3.74,3.83,3.715,3.76,1935990,0.0
2020-04-13,3.86,3.89,3.77,3.86,2434787,0.0
2020-04-14,3.95,3.97,3.88,3.93,4022264,0.0
2020-04-15,3.79,3.82,3.73,3.78,1380290,0.0
2020-04-16,3.74,3.75,3.66,3.7,2510527,0.0
2020-04-17,3.75,3.82,3.74,3.8,1309392,0.0
2020-04-20,3.78,3.895,3.772,3.82,1883952,0.0
2020-04-21,3.76,3.85,3.71,3.78,2314473,0.0
2020-04-22,3.84,3.84,3.77,3.79,980416,0.0
2020-04-23,3.83,3.915,3.83,3.87,1399795,0.0
2020-04-24,3.84,3.875,3.8,3.85,1768139,0.0
2020-04-27,3.88,4.0,3.88,3.98,1642045,0.0
2020-04-28,4.0,4.08,3.99,4.02,1777036,0.0
2020-04-29,4.1,4.15,4.1,4.1,1791531,0.0
2020-04-30,4.07,4.07,3.955,3.99,2342839,0.0
2020-05-01,3.91,3.91,3.83,3.88,1315190,0.0
2020-05-04,3.87,3.87,3.8,3.82,1547379,0.0
2020-05-05,3.87,3.9,3.83,3.85,1174273,0.0
2020-05-06,3.87,3.8801,3.82,3.84,1039135,0.0
2020-05-07,3.86,3.89,3.85,3.85,1932733,0.0
2020-05-08,3.93,3.965,3.89,3.96,1041407,0.0
2020-05-11,3.93,3.93,3.86,3.91,1607187,0.0
2020-05-12,3.89,3.95,3.84,3.85,2407428,0.0
2020-05-13,3.9,3.92,3.84,3.85,1735487,0.0
2020-05-14,3.77,3.84,3.72,3.81,2276501,0.0
2020-05-15,3.8,3.855,3.8,3.81,1956191,0.0
2020-05-18,3.88,3.94,3.83,3.9,3092376,0.0
2020-05-19,3.97,3.97,3.88,3.92,3313691,0.0
2020-05-20,3.98,4.0275,3.93,3.97,2248032,0.0
2020-05-21,3.95,3.97,3.89,3.93,1658784,0.0
2020-05-22,3.86,3.89,3.825,3.86,1867350,0.0
2020-05-26,4.0,4.105,3.99,4.04,3406083,0.0
2020-05-27,4.15,4.21,4.15,4.19,4160131,0.0
2020-05-28,4.26,4.315,4.23,4.27,2552421,0.0
2020-05-29,4.17,4.18,4.09,4.17,3668683,0.0
2020-06-01,4.1,4.15,4.07,4.12,2760434,0.0
2020-06-02,4.17,4.185,4.13,4.15,3041975,0.0
2020-06-03,4.19,4.27,4.175,4.23,4824693,0.0
2020-06-04,4.2,4.23,4.17,4.17,4383334,0.0
2020-06-05,4.32,4.37,4.32,4.34,3033548,0.0
2020-06-08,4.45,4.54,4.44,4.52,4170935,0.0
2020-06-09,4.44,4.44,4.35,4.38,1963451,0.0
2020-06-10,4.35,4.37,4.27,4.3,3070617,0.0
2020-06-11,4.12,4.13,3.95,3.99,2144228,0.0
2020-06-12,4.11,4.12,4.02,4.09,1575499,0.0
2020-06-15,3.99,4.08,3.97,4.04,1288401,0.0
2020-06-16,4.14,4.21,4.095,4.18,2875815,0.0
2020-06-17,4.13,4.19,4.09,4.12,2168222,0.0
2020-06-18,4.07,4.14,4.07,4.14,1737599,0.0
2020-06-19,4.12,4.125,4.02,4.04,1175434,0.0
2020-06-22,4.06,4.07,4.025,4.06,1522350,0.0
2020-06-23,4.11,4.13,4.05,4.09,3885574,0.0
2020-06-24,4.06,4.06,3.965,3.98,1349645,0.0
2020-06-25,3.96,4.0,3.93,3.98,1164514,0.0
2020-06-26,3.96,3.99,3.92,3.93,2077477,0.0
2020-06-29,3.91,3.97,3.91,3.96,1697363,0.0
2020-06-30,3.91,3.95,3.87,3.93,1920114,0.0
2020-07-01,3.9,3.91,3.85,3.87,2437076,0.0
2020-07-02,3.94,3.98,3.92,3.92,1032407,0.0
2020-07-06,3.97,4.01,3.95,4.0,1207239,0.0
2020-07-07,3.95,3.95,3.9,3.91,1016737,0.0
2020-07-08,3.88,3.91,3.85,3.87,1053277,0.0
2020-07-09,3.87,3.87,3.81,3.84,1491371,0.0
2020-07-10,3.83,3.91,3.83,3.9,1970875,0.0
2020-07-13,3.94,3.96,3.9,3.92,1784221,0.0
2020-07-14,3.93,3.96,3.925,3.95,1215847,0.0
2020-07-15,3.96,4.0,3.96,3.99,1610202,0.0
2020-07-16,3.98,4.045,3.972,4.02,1241787,0.0
2020-07-17,3.97,3.98,3.94,3.95,2073689,0.0
2020-07-20,3.95,3.98,3.92,3.93,1743260,0.0
2020-07-21,3.89,3.93,3.89,3.9,1695702,0.0
2020-07-22,3.88,3.895,3.86,3.87,554754,0.0
2020-07-23,3.87,3.88,3.85,3.86,965766,0.0
2020-07-24,3.85,3.87,3.82,3.84,1550016,0.0
2020-07-27,3.93,3.94,3.89,3.91,1052550,0.0
2020-07-28,3.89,3.9,3.87,3.89,1215620,0.0
2020-07-29,3.9,3.97,3.9,3.96,849837,0.0
2020-07-30,3.82,3.84,3.78,3.83,713257,0.0
2020-07-31,3.76,3.775,3.71,3.74,991341,0.0
2020-08-03,3.79,3.82,3.7723,3.8,1356894,0.0
2020-08-04,3.87,3.94,3.87,3.89,1170752,0.0
2020-08-05,3.88,3.9278,3.88,3.91,567194,0.0
2020-08-06,3.89,3.9,3.835,3.9,1713394,0.0
2020-08-07,3.88,3.95,3.87,3.95,1075487,0.0
2020-08-10,3.92,3.99,3.92,3.98,2090246,0.0
2020-08-11,4.05,4.12,4.05,4.06,1698810,0.0
2020-08-12,4.16,4.18,4.13,4.15,1618210,0.0
2020-08-13,4.13,4.16,4.11,4.12,1355527,0.0
2020-08-14,4.09,4.1,4.06,4.09,1102856,0.0
2020-08-17,4.07,4.09,4.05,4.07,719750,0.0
2020-08-18,4.05,4.08,4.03,4.06,1959487,0.0
2020-08-19,4.05,4.1,4.05,4.06,1082186,0.0
2020-08-20,4.04,4.09,4.04,4.08,1749897,0.0
2020-08-21,4.02,4.04,4.0,4.02,826203,0.0
2020-08-24,4.06,4.08,4.045,4.08,1922233,0.0
2020-08-25,4.16,4.16,4.13,4.15,1119533,0.0
2020-08-26,4.15,4.17,4.14,4.16,448974,0.0
2020-08-27,4.14,4.14,4.07,4.09,1125730,0.0
2020-08-28,4.17,4.22,4.15,4.2,1120042,0.0
2020-08-31,4.24,4.24,4.16,4.18,558152,0.0
2020-09-01,4.18,4.2,4.1595,4.19,729757,0.0
2020-09-02,4.2,4.205,4.18,4.2,914996,0.0
2020-09-03,4.18,4.2,4.1,4.11,1264896,0.0
2020-09-04,4.18,4.24,4.145,4.22,844158,0.0
2020-09-08,4.17,4.18,4.125,4.14,825336,0.0
2020-09-09,4.1,4.14,4.1,4.12,872527,0.0
2020-09-10,4.14,4.15,4.1,4.12,1157219,0.0
2020-09-11,4.14,4.17,4.13,4.15,593638,0.0
2020-09-14,4.22,4.25,4.2,4.23,632912,0.0
2020-09-15,4.25,4.265,4.21,4.22,1370289,0.0
2020-09-16,4.21,4.26,4.2,4.22,720479,0.0
2020-09-17,4.2,4.22,4.2,4.22,716453,0.0
2020-09-18,4.2,4.24,4.2,4.23,653399,0.0
2020-09-21,4.14,4.16,4.07,4.1,1225834,0.0
2020-09-22,4.11,4.12,4.06,4.11,714063,0.0
2020-09-23,4.18,4.2,4.14,4.15,1189251,0.0
2020-09-24,4.14,4.185,4.11,4.16,1286196,0.0
2020-09-25,4.14,4.2,4.135,4.19,1095950,0.0
2020-09-28,4.25,4.29,4.23,4.29,991058,0.0
2020-09-29,4.2,4.2,4.11,4.11,1007259,0.0
2020-09-30,4.01,4.03,3.98,4.01,1011211,0.0
2020-10-01,4.02,4.04,4.005,4.03,817852,0.0
2020-10-02,4.0,4.07,4.0,4.05,1593235,0.0
2020-10-05,4.09,4.13,4.071,4.11,1065763,0.0
2020-10-06,4.13,4.15,4.07,4.08,1515005,0.0
2020-10-07,4.12,4.15,4.11,4.13,591017,0.0
2020-10-08,4.12,4.14,4.1,4.13,882488,0.0
2020-10-09,4.09,4.1,4.08,4.09,690257,0.0
2020-10-12,4.07,4.11,4.06,4.11,776445,0.0
2020-10-13,4.06,4.07,4.025,4.05,940157,0.0
2020-10-14,4.03,4.035,4.0,4.02,622385,0.0
2020-10-15,4.01,4.01,3.96,4.0,540997,0.0
2020-10-16,3.98,4.05,3.98,4.03,1215623,0.0
2020-10-19,4.01,4.02,3.98,4.01,1661669,0.0
2020-10-20,3.98,4.01,3.97,4.01,1025990,0.0
2020-10-21,4.05,4.07,4.04,4.06,744745,0.0
2020-10-22,4.06,4.07,4.04,4.06,805567,0.0
2020-10-23,4.09,4.105,4.06,4.09,513370,0.0
2020-10-26,4.05,4.055,3.9938,4.01,943296,0.0
2020-10-27,4.0,4.01,3.96,3.96,958955,0.0
2020-10-28,3.9,3.91,3.86,3.86,1326654,0.0
2020-10-29,3.91,3.985,3.9,3.94,1582872,0.0
2020-10-30,3.96,3.99,3.915,3.94,1793135,0.0
2020-11-02,4.03,4.065,4.005,4.05,982365,0.0
2020-11-03,4.11,4.19,4.081,4.18,963869,0.0
2020-11-04,4.07,4.08,4.009,4.03,907181,0.0
2020-11-05,4.08,4.12,4.07,4.11,847007,0.0
2020-11-06,4.13,4.15,4.11,4.13,1331830,0.0
2020-11-09,4.25,4.38,4.245,4.34,2055466,0.0
2020-11-10,4.29,4.38,4.29,4.34,2673788,0.0
2020-11-11,4.41,4.415,4.37,4.38,1161720,0.0
2020-11-12,4.28,4.3,4.26,4.27,1904655,0.0
2020-11-13,4.26,4.3879,4.26,4.34,494393,0.0
2020-11-16,4.49,4.558,4.465,4.53,2154228,0.0
2020-11-17,4.54,4.64,4.54,4.62,2466560,0.0
2020-11-18,4.57,4.61,4.53,4.54,1585175,0.0
2020-11-19,4.46,4.49,4.45,4.48,958228,0.0
2020-11-20,4.51,4.55,4.49,4.54,994446,0.0
2020-11-23,4.61,4.62,4.55,4.58,1439005,0.0
2020-11-24,4.61,4.65,4.59,4.62,2233393,0.0
2020-11-25,4.55,4.55,4.5,4.55,1604215,0.0
2020-11-27,4.5,4.51,4.475,4.49,618155,0.0
2020-11-30,4.42,4.46,4.29,4.29,1129578,0.0
2020-12-01,4.39,4.42,4.345,4.38,1764866,0.0
2020-12-02,4.39,4.42,4.375,4.4,2059089,0.0
2020-12-03,4.36,4.4,4.35,4.36,1719722,0.0
2020-12-04,4.36,4.4,4.36,4.39,1417642,0.0
2020-12-07,4.35,4.395,4.325,4.33,1696208,0.0
2020-12-08,4.29,4.34,4.29,4.3,1427110,0.0
2020-12-09,4.3,4.33,4.26,4.27,1141660,0.0
2020-12-10,4.26,4.28,4.24,4.28,1218217,0.0
2020-12-11,4.29,4.32,4.28,4.3,1345769,0.0
2020-12-14,4.36,4.4,4.31,4.32,1603613,0.0
2020-12-15,4.32,4.34,4.3,4.31,2230327,0.0
2020-12-16,4.34,4.34,4.2921,4.31,1105199,0.0
2020-12-17,4.33,4.35,4.3,4.34,1326141,0.0
2020-12-18,4.35,4.37,4.32,4.33,1358264,0.0
2020-12-21,4.36,4.4,4.34,4.38,1966320,0.0
2020-12-22,4.38,4.38,4.32,4.33,1769540,0.0
2020-12-23,4.32,4.38,4.31,4.37,1891694,0.0
2020-12-24,4.37,4.375,4.34,4.34,573356,0.0
2020-12-28,4.39,4.46,4.38,4.43,1349001,0.0
2020-12-29,4.42,4.48,4.405,4.42,1699302,0.0
2020-12-30,4.43,4.4778,4.42,4.42,861246,0.0
2020-12-31,4.43,4.43,4.4,4.43,733458,0.0
2021-01-04,4.43,4.43,4.36,4.38,1539962,0.0
2021-01-05,4.41,4.44,4.39,4.41,804765,0.0
2021-01-06,4.54,4.63,4.528,4.63,1358465,0.0
2021-01-07,4.67,4.69,4.635,4.66,952765,0.0
2021-01-08,4.7,4.73,4.66,4.72,6177992,0.0
2021-01-11,4.68,4.78,4.66,4.75,2862499,0.0
2021-01-12,4.78,4.81,4.76,4.8,1274132,0.0
2021-01-13,4.8,4.82,4.7801,4.81,868972,0.0
2021-01-14,4.89,4.95,4.8648,4.9,2121011,0.0
2021-01-15,4.8,4.86,4.77,4.81,2622029,0.0
2021-01-19,4.76,4.8,4.74,4.78,1459614,0.0
2021-01-20,4.77,4.77,4.74,4.77,728037,0.0
2021-01-21,4.74,4.74,4.7,4.73,1237844,0.0
2021-01-22,4.68,4.69,4.63,4.67,999296,0.0
2021-01-25,4.64,4.67,4.5973,4.66,1890015,0.0
2021-01-26,4.66,4.7,4.64,4.69,1212257,0.0
2021-01-27,4.61,4.63,4.55,4.57,1996583,0.0
2021-01-28,4.62,4.69,4.62,4.64,1125383,0.0
2021-01-29,4.57,4.61,4.53,4.56,1737820,0.0
2021-02-01,4.61,4.65,4.57,4.62,1451424,0.0
2021-02-02,4.64,4.68,4.62,4.66,1521356,0.0
2021-02-03,4.75,4.8,4.75,4.79,1000115,0.0
2021-02-04,4.86,4.89,4.8,4.85,1096986,0.0
2021-02-05,4.84,4.87,4.81,4.86,785761,0.0
2021-02-08,5.0,5.03,4.98,5.0,1355997,0.0
2021-02-09,4.98,5.01,4.96,4.99,692729,0.0
2021-02-10,5.0,5.03,4.955,5.02,1239415,0.0
2021-02-11,5.02,5.03,4.9801,5.01,1007732,0.0
2021-02-12,5.07,5.14,5.07,5.13,951135,0.0
2021-02-16,5.32,5.43,5.28,5.36,1775982,0.0
2021-02-17,5.39,5.41,5.345,5.4,1861977,0.0
2021-02-18,5.26,5.2895,5.215,5.25,1309308,0.0
2021-02-19,5.29,5.32,5.28,5.3,1408609,0.0
2021-02-22,5.34,5.48,5.33,5.47,2053529,0.0
2021-02-23,5.48,5.51,5.4,5.45,1489672,0.0
2021-02-24,5.4,5.44,5.385,5.42,1490267,0.0
2021-02-25,5.42,5.44,5.32,5.37,2250294,0.0
2021-02-26,5.34,5.35,5.25,5.25,1726181,0.0
2021-03-01,5.27,5.35,5.27,5.31,1122598,0.0
2021-03-02,5.32,5.36,5.3,5.32,1516459,0.0
2021-03-03,5.32,5.41,5.31,5.36,1961895,0.0
2021-03-04,5.36,5.36,5.26,5.31,1594561,0.0
2021-03-05,5.34,5.34,5.24,5.32,1866304,0.0
2021-03-08,5.4,5.5,5.4,5.46,2221311,0.0
2021-03-09,5.47,5.49,5.415,5.45,1319758,0.0
2021-03-10,5.49,5.55,5.46,5.54,2125809,0.0
2021-03-11,5.49,5.535,5.47,5.5,1583619,0.0
2021-03-12,5.53,5.58,5.5,5.54,1074305,0.0
2021-03-15,5.66,5.71,5.62,5.67,1853180,0.0
2021-03-16,5.61,5.64,5.595,5.62,3151756,0.0
2021-03-17,5.66,5.7,5.62,5.64,1266527,0.0
2021-03-18,5.95,6.01,5.93,5.95,2192993,0.0
2021-03-19,6.01,6.02,5.94,6.01,2085592,0.0
2021-03-22,5.98,6.01,5.96,5.98,2536637,0.0
2021-03-23,5.84,5.86,5.72,5.74,1737885,0.0
2021-03-24,5.66,5.715,5.63,5.66,1525166,0.0
2021-03-25,5.66,5.81,5.66,5.79,3075711,0.0
2021-03-26,5.8,5.84,5.79,5.82,1509760,0.0
2021-03-29,5.72,5.72,5.62,5.66,1978055,0.0
2021-03-30,5.54,5.5972,5.52,5.55,2279616,0.0
2021-03-31,5.49,5.5092,5.37,5.38,2689242,0.0
2021-04-01,5.4,5.52,5.37,5.47,4343969,0.0
2021-04-05,5.54,5.56,5.5,5.54,1802572,0.0
2021-04-06,5.47,5.48,5.4,5.45,1109993,0.0
2021-04-07,5.44,5.465,5.41,5.46,962990,0.0
2021-04-08,5.33,5.36,5.2867,5.35,1317044,0.0
2021-04-09,5.37,5.42,5.35,5.4,2030222,0.0
2021-04-12,5.39,5.405,5.35,5.35,1007662,0.0
2021-04-13,5.36,5.38,5.32,5.33,1667863,0.0
2021-04-14,5.34,5.42,5.335,5.41,965576,0.0
2021-04-15,5.45,5.47,5.41,5.44,1357558,0.0
2021-04-16,5.45,5.49,5.44,5.46,1114311,0.0
2021-04-19,5.37,5.46,5.37,5.42,970684,0.0
2021-04-20,5.37,5.38,5.27,5.32,1486279,0.0
2021-04-21,5.28,5.38,5.27,5.37,954772,0.0
2021-04-22,5.35,5.35,5.28,5.29,1143401,0.0
2021-04-23,5.31,5.41,5.31,5.4,966167,0.0
2021-04-26,5.37,5.39,5.35,5.36,947425,0.0
2021-04-27,5.37,5.39,5.33,5.38,936571,0.0
2021-04-28,5.4,5.43,5.38,5.41,781324,0.0
2021-04-29,5.46,5.495,5.42,5.49,1971347,0.0
2021-04-30,5.37,5.405,5.36,5.37,1405749,0.0
2021-05-03,5.4,5.45,5.38,5.41,1443951,0.0
2021-05-04,5.38,5.4,5.335,5.38,1505213,0.0
2021-05-05,5.43,5.45,5.37,5.42,1636367,0.0
2021-05-06,5.53,5.61,5.51,5.6,2229163,0.0
2021-05-07,5.54,5.62,5.54,5.6,935002,0.0
2021-05-10,5.65,5.69,5.61,5.61,1420094,0.0
2021-05-11,5.52,5.59,5.51,5.54,1857220,0.0
2021-05-12,5.54,5.58,5.44,5.47,2393667,0.0
2021-05-13,5.5,5.61,5.5,5.58,1666686,0.0
2021-05-14,5.61,5.705,5.61,5.67,1294787,0.0
2021-05-17,5.66,5.75,5.635,5.73,1560503,0.0
2021-05-18,5.78,5.84,5.765,5.79,2264246,0.0
2021-05-19,5.8,5.895,5.78,5.86,2669142,0.0
2021-05-20,5.86,5.87,5.79,5.85,1932360,0.0
2021-05-21,5.74,5.81,5.72,5.77,2665297,0.0
2021-05-24,5.8,5.91,5.795,5.87,2535016,0.0
2021-05-25,5.82,5.88,5.82,5.83,2711373,0.0
2021-05-26,5.8,5.85,5.77,5.82,2481167,0.0
2021-05-27,5.71,5.8,5.71,5.77,3506882,0.0
2021-05-28,5.76,5.805,5.73,5.79,2336514,0.0
2021-06-01,5.81,5.82,5.745,5.78,3528819,0.0
2021-06-02,5.8,5.855,5.79,5.83,1776430,0.0
2021-06-03,5.79,5.895,5.781,5.85,3391933,0.0
2021-06-04,5.84,5.86,5.79,5.85,2390413,0.0
2021-06-07,5.8,5.84,5.78,5.82,1864303,0.0
2021-06-08,5.78,5.84,5.78,5.81,2297912,0.0
2021-06-09,5.73,5.75,5.7,5.72,2054019,0.0
2021-06-10,5.75,5.7507,5.69,5.69,935528,0.0
2021-06-11,5.62,5.66,5.62,5.64,911519,0.0
2021-06-14,5.54,5.58,5.535,5.55,1252274,0.0
2021-06-15,5.55,5.58,5.525,5.57,1044269,0.0
2021-06-16,5.52,5.59,5.5,5.59,2632857,0.0
2021-06-17,5.59,5.64,5.505,5.53,3018711,0.0
2021-06-18,5.41,5.44,5.36,5.38,2275526,0.0
2021-06-21,5.37,5.48,5.36,5.47,2004567,0.0
2021-06-22,5.47,5.48,5.44,5.47,2501080,0.0
2021-06-23,5.45,5.47,5.42,5.42,1339089,0.0
2021-06-24,5.46,5.49,5.45,5.48,1283783,0.0
2021-06-25,5.52,5.54,5.5019,5.54,1484305,0.0
2021-06-28,5.5,5.52,5.46,5.5,2206682,0.0
2021-06-29,5.47,5.54,5.47,5.47,1645680,0.0
2021-06-30,5.46,5.47,5.38,5.42,1331835,0.0
2021-07-01,5.43,5.4581,5.4,5.45,1103186,0.0
2021-07-02,5.47,5.5,5.42,5.43,832275,0.0
2021-07-06,5.42,5.46,5.35,5.38,1626099,0.0
2021-07-07,5.33,5.37,5.29,5.35,1429571,0.0
2021-07-08,5.28,5.3,5.225,5.27,2154840,0.0
2021-07-09,5.35,5.505,5.35,5.48,2035828,0.0
2021-07-12,5.42,5.47,5.4,5.44,1171518,0.0
2021-07-13,5.45,5.48,5.43,5.45,1509931,0.0
2021-07-14,5.46,5.48,5.38,5.38,2115676,0.0
2021-07-15,5.35,5.38,5.34,5.36,1604000,0.0
2021-07-16,5.38,5.38,5.27,5.28,1817315,0.0
2021-07-19,5.21,5.25,5.15,5.17,2793150,0.0
2021-07-20,5.15,5.28,5.15,5.26,1355370,0.0
2021-07-21,5.28,5.36,5.26,5.35,1022729,0.0
2021-07-22,5.35,5.35,5.26,5.26,1450871,0.0
2021-07-23,5.3,5.34,5.28,5.28,1326518,0.0
2021-07-26,5.29,5.36,5.28,5.33,1337700,0.0
2021-07-27,5.33,5.39,5.32,5.36,1975229,0.0
2021-07-28,5.38,5.43,5.3701,5.39,1207461,0.0
2021-07-29,5.38,5.44,5.37,5.39,999376,0.0
2021-07-30,5.35,5.38,5.3,5.31,860677,0.0
2021-08-02,5.43,5.4599,5.361,5.37,850624,0.0
2021-08-03,5.35,5.38,5.3,5.38,917894,0.0
2021-08-04,5.33,5.35,5.32,5.33,814435,0.0
2021-08-05,5.36,5.38,5.34,5.37,1492184,0.0
2021-08-06,5.4,5.46,5.39,5.42,1823925,0.0
2021-08-09,5.39,5.46,5.39,5.44,2800825,0.0
2021-08-10,5.45,5.49,5.44,5.46,3021472,0.0
2021-08-11,5.59,5.67,5.58,5.64,2188889,0.0
2021-08-12,5.6,5.66,5.59,5.65,1360135,0.0
2021-08-13,5.58,5.5999,5.55,5.58,1095694,0.0
2021-08-16,5.55,5.57,5.5,5.56,1871046,0.0
2021-08-17,5.52,5.525,5.46,5.5,977129,0.0
2021-08-18,5.49,5.53,5.46,5.47,817337,0.0
2021-08-19,5.4,5.43,5.36,5.37,1866610,0.0
2021-08-20,5.39,5.435,5.38,5.42,1573789,0.0
2021-08-23,5.45,5.46,5.43,5.44,1049355,0.0
2021-08-24,5.44,5.47,5.42,5.46,929107,0.0
2021-08-25,5.43,5.48,5.42,5.47,1311354,0.0
2021-08-26,5.48,5.4977,5.42,5.42,843013,0.0
2021-08-27,5.42,5.47,5.4114,5.46,888823,0.0
2021-08-30,5.43,5.44,5.37,5.37,952474,0.0
2021-08-31,5.39,5.46,5.39,5.45,1361712,0.0
2021-09-01,5.53,5.57,5.51,5.54,1415443,0.0
2021-09-02,5.54,5.54,5.5,5.5,1302212,0.0
2021-09-03,5.57,5.66,5.55,5.65,1585296,0.0
2021-09-07,5.68,5.7,5.65,5.67,1129134,0.0
2021-09-08,5.75,5.78,5.7,5.7,983850,0.0
2021-09-09,5.7,5.74,5.7,5.74,1094214,0.0
2021-09-10,5.78,5.79,5.75,5.75,963208,0.0
2021-09-13,5.79,5.87,5.77,5.85,1190441,0.0
2021-09-14,5.875,5.9,5.82,5.82,1146016,0.0
2021-09-15,5.82,5.91,5.82,5.9,1149497,0.0
2021-09-16,5.87,5.89,5.84,5.87,905203,0.0
2021-09-17,5.89,5.91,5.795,5.84,2769663,0.0
2021-09-20,5.73,5.74,5.665,5.71,1552479,0.0
2021-09-21,5.85,5.91,5.801,5.91,5134339,0.0
2021-09-22,5.94,6.01,5.94,5.99,2088972,0.0
2021-09-23,5.93,6.08,5.93,6.07,1530573,0.0
2021-09-24,6.07,6.1,6.055,6.1,1420530,0.0
2021-09-27,6.13,6.3,6.13,6.28,6822107,0.0
2021-09-28,6.25,6.3033,6.11,6.11,2739626,0.0
2021-09-29,6.11,6.12,6.005,6.08,1524485,0.0
2021-09-30,5.96,5.96,5.885,5.93,2335576,0.0
2021-10-01,5.87,5.8899,5.81,5.86,1995073,0.0
2021-10-04,5.75,5.79,5.65,5.68,2319414,0.0
2021-10-05,5.75,5.84,5.75,5.82,1238579,0.0
2021-10-06,5.85,5.93,5.845,5.93,2621306,0.0
2021-10-07,5.91,5.9556,5.88,5.88,2421473,0.0
2021-10-08,5.86,5.915,5.831,5.86,2018062,0.0
2021-10-11,5.9,5.9599,5.86,5.86,1031472,0.0
2021-10-12,5.87,5.899,5.84,5.86,1317148,0.0
2021-10-13,5.83,5.845,5.765,5.78,1346036,0.0
2021-10-14,5.79,5.795,5.75,5.76,1135918,0.0
2021-10-15,5.82,5.88,5.8,5.86,1513322,0.0
2021-10-18,5.85,5.86,5.83,5.84,2670094,0.0
2021-10-19,5.81,5.82,5.78,5.8,917760,0.0
2021-10-20,5.81,5.88,5.8,5.86,1869817,0.0
2021-10-21,5.81,5.83,5.765,5.8,1627927,0.0
2021-10-22,5.82,5.83,5.76,5.77,815460,0.0
2021-10-25,5.715,5.74,5.71,5.72,1007929,0.0
2021-10-26,5.7,5.7,5.635,5.66,1773165,0.0
2021-10-27,5.63,5.64,5.57,5.57,1473074,0.0
2021-10-28,5.57,5.59,5.56,5.58,786309,0.0
2021-10-29,5.51,5.53,5.47,5.51,936217,0.0
2021-11-01,5.61,5.65,5.6,5.64,1064933,0.0
2021-11-02,5.63,5.63,5.595,5.62,2133528,0.0
2021-11-03,5.62,5.68,5.6,5.67,911498,0.0
2021-11-04,5.67,5.68,5.6,5.62,1782393,0.0
2021-11-05,5.62,5.65,5.61,5.63,849531,0.0
2021-11-08,5.66,5.72,5.66,5.7,1167043,0.0
2021-11-09,5.59,5.62,5.56,5.57,1528150,0.0
2021-11-10,5.56,5.65,5.55,5.61,1667977,0.0
2021-11-11,5.6,5.64,5.59,5.62,1163350,0.0
2021-11-12,5.64,5.705,5.63,5.69,1583638,0.0
2021-11-15,5.77,5.83,5.76,5.77,995271,0.0
2021-11-16,5.68,5.715,5.63,5.7,1773865,0.0
2021-11-17,5.6,5.62,5.57,5.61,1326632,0.0
2021-11-18,5.61,5.625,5.56,5.61,1042022,0.0
2021-11-19,5.61,5.61,5.515,5.56,4844920,0.0
2021-11-22,5.52,5.59,5.51,5.57,1134434,0.0
2021-11-23,5.58,5.625,5.56,5.59,1396908,0.0
2021-11-24,5.57,5.59,5.54,5.58,1064082,0.0
2021-11-26,5.45,5.46,5.34,5.38,1204534,0.0
2021-11-29,5.39,5.42,5.34,5.38,1607321,0.0
2021-11-30,5.31,5.345,5.26,5.28,2399241,0.0
2021-12-01,5.45,5.469,5.33,5.33,2164573,0.0
2021-12-02,5.4,5.52,5.395,5.51,1968942,0.0
2021-12-03,5.54,5.54,5.415,5.44,9836785,0.0
2021-12-06,5.51,5.59,5.49,5.55,3050974,0.0
2021-12-07,5.61,5.665,5.59,5.64,1668537,0.0
2021-12-08,5.61,5.65,5.58,5.65,4641835,0.0
2021-12-09,5.61,5.61,5.555,5.56,1596182,0.0
2021-12-10,5.59,5.61,5.55,5.58,799038,0.0
2021-12-13,5.51,5.52,5.475,5.49,1241887,0.0
2021-12-14,5.51,5.58,5.49,5.57,1525722,0.0
2021-12-15,5.61,5.65,5.57,5.62,1520076,0.0
2021-12-16,5.67,5.7299,5.66,5.69,1589710,0.0
2021-12-17,5.64,5.66,5.5941,5.61,1577800,0.0
2021-12-20,5.47,5.47,5.405,5.46,1970471,0.0
2021-12-21,5.48,5.56,5.475,5.55,1358839,0.0
2021-12-22,5.48,5.53,5.46,5.51,1937058,0.0
2021-12-23,5.52,5.565,5.5,5.56,1035108,0.0
2021-12-27,5.48,5.5,5.47,5.49,1315139,0.0
2021-12-28,5.47,5.51,5.47,5.49,2154770,0.0
2021-12-29,5.49,5.5,5.4701,5.5,1062395,0.0
2021-12-30,5.5,5.5199,5.43,5.44,2198921,0.0
2021-12-31,5.45,5.47,5.42,5.46,810260,0.0
2022-01-03,5.47,5.56,5.47,5.55,1648292,0.0
2022-01-04,5.61,5.73,5.605,5.71,2581650,0.0
2022-01-05,5.75,5.82,5.71,5.72,2859138,0.0
2022-01-06,5.79,5.82,5.77,5.8,1331039,0.0
2022-01-07,5.9,5.975,5.87,5.97,1345053,0.0
2022-01-10,5.95,6.015,5.925,5.97,2623068,0.0
2022-01-11,6.06,6.12,6.05,6.1,1463313,0.0
2022-01-12,5.97,6.14,5.97,6.14,1596192,0.0
2022-01-13,6.2,6.27,6.18,6.24,1699611,0.0
2022-01-14,6.18,6.27,6.15,6.27,2460700,0.0
2022-01-18,6.12,6.17,6.1,6.14,1581364,0.0
2022-01-19,6.115,6.14,6.01,6.02,1619096,0.0
2022-01-20,6.01,6.03,5.93,5.93,1263796,0.0
2022-01-21,5.92,5.95,5.88,5.91,1722318,0.0
2022-01-24,5.88,5.97,5.835,5.95,3093427,0.0
2022-01-25,5.93,6.03,5.8629,6.01,2417064,0.0
2022-01-26,6.06,6.07,5.97,6.02,2180151,0.0
2022-01-27,6.07,6.13,6.015,6.04,4311272,0.0
2022-01-28,6.06,6.1,6.02,6.08,3189346,0.0
2022-01-31,6.03,6.09,5.99,6.09,2027276,0.0
2022-02-01,6.1,6.22,6.1,6.21,1770762,0.0
2022-02-02,6.3,6.47,6.25,6.44,1313457,0.0
2022-02-03,6.34,6.3899,6.3,6.32,2277698,0.0
2022-02-04,6.34,6.42,6.31,6.4,1912117,0.0
2022-02-07,6.44,6.53,6.43,6.51,1456226,0.0
2022-02-08,6.565,6.61,6.56,6.6,1630235,0.0
2022-02-09,6.56,6.61,6.5529,6.58,1053964,0.0
2022-02-10,6.51,6.585,6.49,6.54,2559756,0.0
2022-02-11,6.5,6.5699,6.45,6.47,4009815,0.0
2022-02-14,6.55,6.62,6.53,6.62,8110970,0.0
2022-02-15,6.49,6.52,6.45,6.5,3560507,0.0
2022-02-16,6.46,6.515,6.46,6.49,1223237,0.0
2022-02-17,6.42,6.465,6.37,6.38,1683688,0.0
2022-02-18,6.33,6.365,6.305,6.33,1696942,0.0
2022-02-22,6.36,6.42,6.33,6.37,2703191,0.0
2022-02-23,6.4,6.416,6.3,6.31,1680628,0.0
2022-02-24,6.12,6.25,6.1042,6.24,5939213,0.0
2022-02-25,6.23,6.3,6.22,6.3,4597232,0.0
2022-02-28,6.17,6.215,6.12,6.16,2865110,0.0
2022-03-01,6.09,6.11,5.84,5.87,6193068,0.0
2022-03-02,5.92,6.04,5.92,6.02,2511571,0.0
2022-03-03,6.12,6.15,6.02,6.06,3325617,0.0
2022-03-04,5.95,5.98,5.915,5.96,4414808,0.0
2022-03-07,5.88,5.91,5.79,5.82,4530286,0.0
2022-03-08,5.81,5.83,5.68,5.76,6066147,0.0
2022-03-09,5.97,6.035,5.9426,6.02,2878145,0.0
2022-03-10,5.97,6.049,5.97,6.01,2738376,0.0
2022-03-11,6.1,6.12,6.03,6.03,3411600,0.0
2022-03-14,6.13,6.24,6.13,6.19,3806515,0.0
2022-03-15,6.24,6.27,6.21,6.26,3041242,0.0
2022-03-16,6.33,6.44,6.315,6.4,3692750,0.0
2022-03-17,6.39,6.45,6.37,6.45,2181497,0.0
2022-03-18,6.42,6.44,6.38,6.42,4959073,0.0
2022-03-21,6.43,6.48,6.415,6.48,2800111,0.0
2022-03-22,6.65,6.78,6.65,6.75,3346628,0.0
2022-03-23,6.67,6.69,6.6,6.61,2398380,0.0
2022-03-24,6.62,6.63,6.585,6.61,1427526,0.0
2022-03-25,6.6,6.68,6.585,6.66,3323971,0.0
2022-03-28,6.46,6.46,6.38,6.42,2166378,0.0
2022-03-29,6.46,6.545,6.445,6.49,2652099,0.0
2022-03-30,6.47,6.47,6.305,6.32,1842501,0.0
2022-03-31,6.28,6.29,6.18,6.19,1975418,0.0
2022-04-01,6.26,6.32,6.25,6.31,2364308,0.0
2022-04-04,6.26,6.31,6.2309,6.29,1780626,0.0
2022-04-05,6.16,6.175,6.1,6.11,2322274,0.0
2022-04-06,6.06,6.1,6.04,6.06,2223576,0.0
2022-04-07,6.03,6.05,5.96,6.04,2650919,0.0
2022-04-08,6.02,6.07,6.0,6.04,2354843,0.0
2022-04-11,6.06,6.13,6.05,6.05,2164884,0.0
2022-04-12,6.08,6.08,5.96,5.99,1929458,0.0
2022-04-13,5.91,5.97,5.9,5.97,1621896,0.0
2022-04-14,5.96,6.0,5.91,5.93,1614194,0.0
2022-04-18,5.93,5.995,5.925,5.97,2167250,0.0
2022-04-19,5.95,5.9682,5.92,5.95,1993802,0.0
2022-04-20,6.09,6.13,6.035,6.05,2300765,0.0
2022-04-21,6.08,6.09,5.98,5.99,2598740,0.0
2022-04-22,5.98,5.98,5.88,5.88,2053255,0.0
2022-04-25,5.87,5.87,5.74,5.86,4226455,0.0
2022-04-26,5.78,5.83,5.74,5.74,4130843,0.0
2022-04-27,5.77,5.81,5.72,5.75,3399329,0.0
2022-04-28,5.8,5.89,5.7745,5.86,3185558,0.0
2022-04-29,5.86,5.905,5.79,5.8,3369927,0.0
2022-05-02,5.82,5.84,5.75,5.82,4865495,0.0
2022-05-03,5.84,5.945,5.84,5.93,3364026,0.0
2022-05-04,5.92,6.02,5.905,6.02,2827639,0.0
2022-05-05,5.96,5.975,5.84,5.87,3815397,0.0
2022-05-06,5.93,5.98,5.89,5.94,4832429,0.0
2022-05-09,5.84,5.86,5.78,5.79,4240497,0.0
2022-05-10,5.81,5.85,5.69,5.72,5778003,0.0
2022-05-11,5.65,5.695,5.58,5.59,5943823,0.0
2022-05-12,5.63,5.698,5.59,5.66,6893507,0.0
2022-05-13,5.67,5.8,5.67,5.75,2957940,0.0
2022-05-16,5.8,5.83,5.73,5.79,2970235,0.0
2022-05-17,5.58,5.65,5.58,5.61,3033865,0.0
2022-05-18,5.63,5.63,5.545,5.59,4419200,0.0
2022-05-19,5.57,5.61,5.5639,5.59,3823038,0.0
2022-05-20,5.64,5.68,5.58,5.66,4595954,0.0
2022-05-23,5.73,5.85,5.72,5.82,4113331,0.0
2022-05-24,5.84,5.87,5.79,5.84,3605106,0.0
2022-05-25,5.8,5.865,5.795,5.85,2234513,0.0
2022-05-26,5.88,5.945,5.88,5.92,1860313,0.0
2022-05-27,5.89,5.905,5.855,5.9,1957036,0.0
2022-05-31,5.75,5.76,5.67,5.67,3870764,0.0
2022-06-01,5.77,5.78,5.67,5.72,2897099,0.0
2022-06-02,5.72,5.78,5.685,5.75,2833534,0.0
2022-06-03,5.69,5.7,5.65,5.67,2954253,0.0
2022-06-06,5.69,5.73,5.67,5.68,3205202,0.0
2022-06-07,5.68,5.72,5.66,5.7,2747563,0.0
2022-06-08,5.59,5.61,5.53,5.54,2835984,0.0
2022-06-09,5.58,5.6,5.48,5.48,2513264,0.0
2022-06-10,5.42,5.4799,5.39,5.42,7148220,0.0
2022-06-13,5.39,5.485,5.39,5.44,6153730,0.0
2022-06-14,5.42,5.52,5.42,5.46,4478901,0.0
2022-06-15,5.54,5.575,5.485,5.54,4782362,0.0
2022-06-16,5.51,5.598,5.48,5.59,4863809,0.0
2022-06-17,5.51,5.51,5.385,5.39,5987677,0.0
2022-06-21,5.52,5.6,5.49,5.58,3344557,0.0
2022-06-22,5.53,5.585,5.515,5.52,3764148,0.0
2022-06-23,5.54,5.555,5.455,5.48,4372622,0.0
2022-06-24,5.45,5.56,5.45,5.54,3300801,0.0
2022-06-27,5.5,5.515,5.465,5.47,4574830,0.0
2022-06-28,5.51,5.54,5.46,5.46,3058149,0.0
2022-06-29,5.48,5.49,5.42,5.42,1909774,0.0
2022-06-30,5.36,5.36,5.305,5.34,1963932,0.0
2022-07-01,5.33,5.445,5.32,5.43,2853700,0.0
2022-07-05,5.34,5.4,5.325,5.39,3341004,0.0
2022-07-06,5.3,5.32,5.205,5.25,5292941,0.0
2022-07-07,5.24,5.35,5.24,5.33,2887120,0.0
2022-07-08,5.39,5.42,5.38,5.4,2673429,0.0
2022-07-11,5.38,5.42,5.37,5.4,3141615,0.0
2022-07-12,5.35,5.43,5.35,5.38,2202786,0.0
2022-07-13,5.36,5.36,5.3,5.35,1788295,0.0
2022-07-14,5.19,5.19,5.09,5.13,5150029,0.0
2022-07-15,5.11,5.17,5.085,5.15,3216171,0.0
2022-07-18,5.19,5.225,5.15,5.17,5482820,0.0
2022-07-19,5.25,5.315,5.25,5.29,2247198,0.0
2022-07-20,5.27,5.29,5.23,5.26,2560896,0.0
2022-07-21,5.27,5.28,5.23,5.28,1355907,0.0
2022-07-22,5.33,5.375,5.305,5.32,2238570,0.0
2022-07-25,5.36,5.435,5.2,5.41,2372796,0.0
2022-07-26,5.42,5.425,5.37,5.4,2400219,0.0
2022-07-27,5.45,5.51,5.435,5.51,1658078,0.0
2022-07-28,5.53,5.53,5.47,5.51,1610500,0.0
2022-07-29,5.55,5.685,5.54,5.67,1456889,0.0
2022-08-01,5.64,5.69,5.63,5.67,1990446,0.0
2022-08-02,5.6,5.6,5.5,5.51,1419920,0.0
2022-08-03,5.45,5.45,5.38,5.43,1463224,0.0
2022-08-04,5.16,5.28,5.16,5.26,5623613,0.0
2022-08-05,5.24,5.3,5.24,5.29,3116273,0.0
2022-08-08,5.34,5.37,5.3,5.31,4816298,0.0
2022-08-09,5.25,5.28,5.205,5.23,4969824,0.0
2022-08-10,5.34,5.3882,5.32,5.37,1960206,0.0
2022-08-11,5.4,5.435,5.37,5.39,3478738,0.0
2022-08-12,5.43,5.46,5.39,5.45,2322058,0.0
2022-08-15,5.42,5.44,5.395,5.42,1832389,0.0
2022-08-16,5.38,5.42,5.38,5.4,3104021,0.0
2022-08-17,5.39,5.415,5.3518,5.4,1619111,0.0
2022-08-18,5.4,5.4,5.35,5.39,2402306,0.0
2022-08-19,5.37,5.37,5.27,5.29,1871298,0.0
2022-08-22,5.29,5.31,5.24,5.25,3384324,0.0
2022-08-23,5.25,5.29,5.24,5.27,2026733,0.0
2022-08-24,5.27,5.31,5.265,5.28,1122193,0.0
2022-08-25,5.29,5.35,5.29,5.33,1767336,0.0
2022-08-26,5.34,5.355,5.24,5.24,1014100,0.0
2022-08-29,5.22,5.25,5.2,5.24,2259200,0.0
2022-08-30,5.25,5.255,5.18,5.21,2135648,0.0
2022-08-31,5.17,5.185,5.14,5.15,2219760,0.0
2022-09-01,5.1,5.11,5.055,5.09,2323420,0.0
2022-09-02,5.11,5.15,5.07,5.08,3500182,0.0
2022-09-06,5.08,5.085,4.98,5.0,3050828,0.0
2022-09-07,4.93,4.93,4.885,4.93,2945259,0.0
2022-09-08,4.97,5.05,4.95,5.04,6501094,0.0
2022-09-09,5.1,5.105,5.08,5.09,1574314,0.0
2022-09-12,5.07,5.1,5.06,5.07,3180936,0.0
2022-09-13,4.96,5.01,4.92,4.92,2761954,0.0
2022-09-14,4.99,5.0589,4.98,5.01,3058191,0.0
2022-09-15,4.97,5.04,4.97,5.0,2946786,0.0
2022-09-16,5.0,5.075,5.0,5.05,2162844,0.0
2022-09-19,5.0,5.08,5.0,5.07,2280131,0.0
2022-09-20,5.01,5.06,4.99,5.01,2618736,0.0
2022-09-21,5.04,5.095,5.0,5.0,4026844,0.0
2022-09-22,5.05,5.05,4.96,4.98,4209284,0.0
2022-09-23,4.92,4.92,4.82,4.85,3474122,0.0
2022-09-26,4.75,4.785,4.67,4.7,3632711,0.0
2022-09-27,4.74,4.74,4.64,4.67,3838903,0.0
2022-09-28,4.64,4.735,4.64,4.72,2020177,0.0
2022-09-29,4.63,4.63,4.555,4.59,4824826,0.0
2022-09-30,4.52,4.57,4.5,4.5,3956661,0.0
2022-10-03,4.54,4.56,4.435,4.56,6397030,0.0
2022-10-04,4.615,4.7,4.615,4.68,3818839,0.0
2022-10-05,4.58,4.63,4.56,4.59,2265199,0.0
2022-10-06,4.58,4.58,4.52,4.52,1594927,0.0
2022-10-07,4.48,4.49,4.43,4.46,3025155,0.0
2022-10-10,4.46,4.47,4.4,4.4,3852007,0.0
2022-10-11,4.39,4.46,4.33,4.41,3932789,0.0
2022-10-12,4.39,4.4,4.35,4.35,2675252,0.0
2022-10-13,4.32,4.49,4.31,4.49,3645441,0.0
2022-10-14,4.49,4.515,4.43,4.43,3606392,0.0
2022-10-17,4.59,4.6099,4.56,4.56,4177426,0.0
2022-10-18,4.6,4.6,4.54,4.57,2414542,0.0
2022-10-19,4.59,4.595,4.53,4.54,2539515,0.0
2022-10-20,4.6,4.63,4.55,4.55,3350711,0.0
2022-10-21,4.58,4.74,4.56,4.73,5055595,0.0
2022-10-24,4.74,4.75,4.66,4.73,6286364,0.0
2022-10-25,4.76,4.7899,4.72,4.76,2573047,0.0
2022-10-26,4.75,4.82,4.75,4.8,1930461,0.0
2022-10-27,4.71,4.78,4.71,4.71,3971081,0.0
2022-10-28,4.67,4.72,4.665,4.7,1962580,0.0
2022-10-31,4.69,4.73,4.68,4.71,3583144,0.0
2022-11-01,4.76,4.77,4.72,4.72,2226539,0.0
2022-11-02,4.74,4.8,4.7,4.7,3033031,0.0
2022-11-03,4.66,4.71,4.65,4.69,3385194,0.0
2022-11-04,4.76,4.84,4.76,4.82,2919699,0.0
2022-11-07,4.8,4.86,4.75,4.83,2778391,0.0
2022-11-08,4.84,4.91,4.83,4.87,2133460,0.0
2022-11-09,4.82,4.84,4.79,4.79,1648657,0.0
2022-11-10,4.92,5.03,4.915,5.03,2764311,0.0
2022-11-11,5.02,5.07,4.95,5.01,4352955,0.0
2022-11-14,4.97,5.14,4.91,5.09,3144189,0.0
2022-11-15,5.17,5.17,5.0821,5.13,3884265,0.0
2022-11-16,5.1,5.13,5.095,5.1,1972525,0.0
2022-11-17,5.05,5.11,5.05,5.1,2548864,0.0
2022-11-18,5.09,5.13,5.08,5.09,1523809,0.0
2022-11-21,5.08,5.11,5.04,5.09,2573644,0.0
2022-11-22,5.17,5.2,5.15,5.18,1207821,0.0
2022-11-23,5.19,5.23,5.17,5.22,1701329,0.0
2022-11-25,5.38,5.44,5.36,5.42,2049123,0.0
2022-11-28,5.36,5.41,5.36,5.36,2761672,0.0
2022-11-29,5.46,5.49,5.45,5.46,1603822,0.0
2022-11-30,5.4,5.46,5.36,5.46,2895341,0.0
2022-12-01,5.44,5.5,5.435,5.48,4700686,0.0
2022-12-02,5.41,5.5,5.41,5.5,4976384,0.0
2022-12-05,5.45,5.49,5.38,5.38,3353468,0.0
2022-12-06,5.44,5.44,5.3725,5.4,3325515,0.0
2022-12-07,5.4,5.47,5.39,5.45,2214076,0.0
2022-12-08,5.45,5.46,5.42,5.44,2223465,0.0
2022-12-09,5.48,5.5,5.47,5.47,1857067,0.0
2022-12-12,5.47,5.48,5.425,5.47,1712544,0.0
2022-12-13,5.56,5.625,5.54,5.56,2667332,0.0
2022-12-14,5.57,5.58,5.5,5.5,2029528,0.0
2022-12-15,5.47,5.47,5.39,5.4,3765151,0.0
2022-12-16,5.42,5.48,5.4,5.48,4459797,0.0
2022-12-19,5.56,5.62,5.53,5.55,9939985,0.0
2022-12-20,6.18,6.37,6.18,6.28,10169960,0.0
2022-12-21,6.37,6.49,6.35,6.49,7033041,0.0
2022-12-22,6.47,6.535,6.45,6.52,5019294,0.0
2022-12-23,6.63,6.675,6.48,6.63,9412279,0.0
2022-12-27,6.64,6.71,6.64,6.69,4160141,0.0
2022-12-28,6.68,6.71,6.65,6.66,2584961,0.0
2022-12-29,6.61,6.63,6.54,6.58,5921382,0.0
2022-12-30,6.65,6.7,6.635,6.67,3525183,0.0
2023-01-03,6.76,6.82,6.755,6.81,5633663,0.0
2023-01-04,7.0,7.22,7.0,7.17,8406824,0.0
2023-01-05,6.89,6.8999,6.75,6.86,9122397,0.0
2023-01-06,6.81,6.94,6.78,6.94,5431277,0.0
2023-01-09,6.97,6.97,6.85,6.87,4379931,0.0
2023-01-10,6.77,6.79,6.68,6.77,8882980,0.0
2023-01-11,6.83,6.85,6.8,6.85,2765965,0.0
2023-01-12,7.25,7.43,7.18,7.37,9325307,0.0
2023-01-13,7.46,7.71,7.44,7.7,10051740,0.0
2023-01-17,7.41,7.45,7.34,7.45,6817804,0.0
2023-01-18,7.41,7.42,7.32,7.34,8525977,0.0
2023-01-19,7.24,7.3075,7.215,7.25,10542330,0.0
2023-01-20,7.255,7.33,7.22,7.32,4890281,0.0
2023-01-23,7.24,7.3,7.23,7.25,5568619,0.0
2023-01-24,7.2,7.42,7.2,7.38,6054076,0.0
2023-01-25,7.39,7.52,7.38,7.5,5188404,0.0
2023-01-26,7.35,7.42,7.34,7.42,6284446,0.0
2023-01-27,7.48,7.62,7.465,7.54,9885597,0.0
2023-01-30,7.47,7.56,7.4415,7.54,4028205,0.0
2023-01-31,7.34,7.37,7.315,7.37,3685718,0.0
2023-02-01,7.36,7.44,7.33,7.4,9369595,0.0
2023-02-02,7.31,7.375,7.19,7.22,7786108,0.0
2023-02-03,7.175,7.22,7.15,7.2,6543079,0.0
2023-02-06,6.9,6.94,6.83,6.94,7937755,0.0
2023-02-07,7.06,7.21,7.04,7.2,6496227,0.0
2023-02-08,7.19,7.215,7.1716,7.2,2359182,0.0
2023-02-09,7.29,7.33,7.24,7.24,4223948,0.0
2023-02-10,7.28,7.34,7.275,7.34,4197508,0.0
2023-02-13,7.35,7.39,7.31,7.38,2439513,0.0
2023-02-14,7.38,7.4453,7.34,7.4,4100965,0.0
2023-02-15,7.33,7.41,7.295,7.41,3126489,0.0
2023-02-16,7.31,7.36,7.3,7.33,5523769,0.0
2023-02-17,7.3,7.36,7.27,7.34,3088315,0.0
2023-02-21,7.28,7.35,7.28,7.29,1972738,0.0
2023-02-22,7.24,7.3,7.23,7.27,3773606,0.0
2023-02-23,7.24,7.31,7.24,7.29,2751047,0.0
2023-02-24,7.09,7.135,7.065,7.11,4844585,0.0
2023-02-27,7.18,7.2199,7.15,7.17,2561428,0.0
2023-02-28,7.14,7.15,7.1,7.13,1874220,0.0
2023-03-01,7.07,7.12,7.045,7.08,4323785,0.0
2023-03-02,6.94,6.99,6.92,6.95,6190787,0.0
2023-03-03,7.07,7.21,7.06,7.19,4444540,0.0
2023-03-06,7.19,7.2282,7.16,7.21,3297544,0.0
2023-03-07,7.25,7.28,7.11,7.11,5000854,0.0
2023-03-08,7.16,7.235,7.14,7.2,3917587,0.0
2023-03-09,7.25,7.31,7.16,7.16,6137837,0.0
2023-03-10,6.88,6.91,6.6,6.73,15134440,0.0
2023-03-13,6.52,6.6,6.41,6.51,22826391,0.0
2023-03-14,6.34,6.4,6.215,6.27,10917420,0.0
2023-03-15,6.15,6.16,6.05,6.14,10110790,0.0
2023-03-16,6.15,6.35,6.11,6.3,11844420,0.0
2023-03-17,6.19,6.23,6.13,6.14,12727630,0.0
2023-03-20,6.17,6.39,6.17,6.3,6052654,0.0
2023-03-21,6.36,6.42,6.35,6.39,4979173,0.0
2023-03-22,6.42,6.445,6.33,6.34,4795867,0.0
2023-03-23,6.42,6.42,6.23,6.27,4327786,0.0
2023-03-24,6.19,6.28,6.1523,6.26,7661133,0.0
2023-03-27,6.33,6.38,6.3,6.34,4446038,0.0
2023-03-28,6.37,6.41,6.34,6.4,2490084,0.0
2023-03-29,6.41,6.41,6.355,6.38,2376723,0.0
2023-03-30,6.28,6.4,6.24,6.25,4216616,0.0
2023-03-31,6.35,6.4,6.34,6.39,3655011,0.0
2023-04-03,6.48,6.5,6.43,6.47,3104474,0.0
2023-04-04,6.5,6.525,6.4,6.44,2727866,0.0
2023-04-05,6.37,6.42,6.3514,6.42,2354125,0.0
2023-04-06,6.38,6.45,6.36,6.42,5039417,0.0
2023-04-10,6.45,6.45,6.36,6.4,5145915,0.0
2023-04-11,6.43,6.515,6.42,6.47,3036131,0.0
2023-04-12,6.48,6.5,6.42,6.42,3905336,0.0
2023-04-13,6.48,6.48,6.41,6.45,3258523,0.0
2023-04-14,6.44,6.52,6.44,6.5,3401676,0.0
2023-04-17,6.52,6.58,6.49,6.58,2827130,0.0
2023-04-18,6.59,6.61,6.56,6.58,1416177,0.0
2023-04-19,6.6,6.7,6.59,6.69,5449981,0.0
2023-04-20,6.62,6.63,6.524,6.55,7212356,0.0
2023-04-21,6.48,6.48,6.4,6.45,1772580,0.0
2023-04-24,6.38,6.41,6.37,6.39,1575882,0.0
2023-04-25,6.38,6.4,6.25,6.27,5274678,0.0
2023-04-26,6.26,6.35,6.26,6.3,2116095,0.0
2023-04-27,6.42,6.5,6.4,6.48,2863336,0.0
2023-04-28,6.27,6.3,6.185,6.28,2643751,0.0
2023-05-01,6.33,6.38,6.28,6.29,3892370,0.0
2023-05-02,6.25,6.25,6.09,6.12,5123166,0.0
2023-05-03,6.14,6.2,6.07,6.07,6088229,0.0
2023-05-04,6.04,6.1,5.99,6.01,8223829,0.0
2023-05-05,6.11,6.3,6.11,6.29,6719113,0.0
2023-05-08,6.27,6.38,6.27,6.31,4789754,0.0
2023-05-09,6.33,6.41,6.32,6.39,3957502,0.0
2023-05-10,6.43,6.43,6.33,6.36,3508977,0.0
2023-05-11,6.41,6.47,6.4,6.43,3516616,0.0
2023-05-12,6.46,6.465,6.39,6.41,2190213,0.0
2023-05-15,6.68,6.8,6.65,6.76,8602913,0.0
2023-05-16,6.72,6.76,6.69,6.7,3712140,0.0
2023-05-17,6.84,6.96,6.84,6.93,5110597,0.0
2023-05-18,6.9,6.9,6.84,6.87,2618367,0.0
2023-05-19,6.72,6.74,6.64,6.64,3652853,0.0
2023-05-22,6.65,6.74,6.64,6.72,3782119,0.0
2023-05-23,6.58,6.68,6.58,6.6,3426528,0.0
2023-05-24,6.52,6.67,6.47,6.62,4861192,0.0
2023-05-25,6.55,6.57,6.48,6.52,3124561,0.0
2023-05-26,6.49,6.565,6.49,6.5,2719473,0.0
2023-05-30,6.65,6.67,6.575,6.61,5156014,0.0
2023-05-31,6.61,6.64,6.55,6.61,3428841,0.0
2023-06-01,6.83,7.04,6.83,7.03,5051246,0.0
2023-06-02,7.04,7.065,7.0,7.04,3734403,0.0
2023-06-05,6.98,7.0,6.9,6.91,2507377,0.0
2023-06-06,6.9,6.98,6.8907,6.98,2822590,0.0
2023-06-07,6.85,6.8999,6.845,6.85,2510257,0.0
2023-06-08,6.88,6.89,6.845,6.89,2303083,0.0
2023-06-09,6.94,6.955,6.88,6.93,3063988,0.0
2023-06-12,6.88,6.895,6.85,6.88,4160145,0.0
2023-06-13,6.93,6.99,6.91,6.97,3360738,0.0
2023-06-14,7.06,7.07,6.95,7.0,2746303,0.0
2023-06-15,6.96,7.02,6.96,7.02,1768687,0.0
2023-06-16,6.98,6.99,6.93,6.93,1788039,0.0
2023-06-20,6.93,6.93,6.85,6.87,1586511,0.0
2023-06-21,7.0,7.05,6.985,7.02,3158662,0.0
2023-06-22,7.22,7.26,7.18,7.19,3846178,0.0
2023-06-23,7.0,7.05,7.0,7.02,2541555,0.0
2023-06-26,6.99,7.02,6.97,6.97,1346663,0.0
2023-06-27,7.03,7.13,7.03,7.09,2848598,0.0
2023-06-28,7.16,7.19,7.11,7.13,2018171,0.0
2023-06-29,7.33,7.43,7.33,7.42,2708661,0.0
2023-06-30,7.36,7.405,7.353,7.37,2655855,0.0
2023-07-03,7.49,7.49,7.46,7.47,1434337,0.0
2023-07-05,7.44,7.54,7.44,7.5,3766495,0.0
2023-07-06,7.35,7.41,7.32,7.36,1514514,0.0
2023-07-07,7.38,7.5,7.38,7.46,2374093,0.0
2023-07-10,7.45,7.465,7.405,7.42,1902913,0.0
2023-07-11,7.42,7.48,7.405,7.48,1670604,0.0
2023-07-12,7.66,7.76,7.64,7.73,3359657,0.0
2023-07-13,7.7,7.77,7.66,7.68,3123957,0.0
2023-07-14,7.64,7.665,7.56,7.56,2530752,0.0
2023-07-17,7.55,7.58,7.52,7.56,1792591,0.0
2023-07-18,7.79,7.87,7.76,7.85,3072486,0.0
2023-07-19,7.77,7.81,7.7,7.72,2358984,0.0
2023-07-20,7.68,7.72,7.65,7.7,2310777,0.0
2023-07-21,7.65,7.65,7.54,7.54,1975701,0.0
2023-07-24,7.45,7.5,7.3325,7.48,4856801,0.0
2023-07-25,7.54,7.58,7.51,7.51,2209976,0.0
2023-07-26,7.54,7.62,7.5325,7.6,2254992,0.0
2023-07-27,7.68,7.84,7.64,7.79,11591520,0.0
2023-07-28,8.06,8.19,8.06,8.14,6986581,0.0
2023-07-31,8.06,8.105,8.035,8.07,2912981,0.0
2023-08-01,8.03,8.06,7.85,7.94,2957986,0.0
2023-08-02,7.85,7.87,7.76,7.79,2595167,0.0
2023-08-03,7.77,7.86,7.77,7.85,2173811,0.0
2023-08-04,7.99,8.045,7.94,7.94,2288703,0.0
2023-08-07,7.93,8.01,7.93,8.0,2032150,0.0
2023-08-08,7.86,7.86,7.761,7.81,2457055,0.0
2023-08-09,7.65,7.685,7.6,7.63,3107842,0.0
2023-08-10,7.77,7.83,7.735,7.75,2339647,0.0
2023-08-11,7.75,7.785,7.7106,7.76,1433346,0.0
2023-08-14,7.64,7.68,7.57,7.62,2656445,0.0
2023-08-15,7.62,7.645,7.58,7.59,1655956,0.0
2023-08-16,7.48,7.49,7.38,7.39,2845285,0.0
2023-08-17,7.52,7.5359,7.42,7.43,2774763,0.0
2023-08-18,7.42,7.48,7.42,7.45,2852746,0.0
2023-08-21,7.46,7.47,7.43,7.46,1869907,0.0
2023-08-22,7.7,7.72,7.6,7.6,2583904,0.0
2023-08-23,7.68,7.74,7.66,7.71,2527929,0.0
2023-08-24,7.74,7.785,7.73,7.74,1685951,0.0
2023-08-25,7.78,7.79,7.695,7.77,1839386,0.0
2023-08-28,7.88,7.9084,7.845,7.89,2026141,0.0
2023-08-29,7.87,7.92,7.825,7.91,963490,0.0
2023-08-30,7.95,7.985,7.92,7.93,1451238,0.0
2023-08-31,7.92,7.94,7.895,7.93,2076038,0.0
2023-09-01,8.09,8.14,8.03,8.09,1603134,0.0
2023-09-05,8.17,8.21,8.14,8.18,2838231,0.0
2023-09-06,8.26,8.295,8.22,8.26,3969074,0.0
2023-09-07,8.25,8.28,8.24,8.28,1627870,0.0
2023-09-08,8.2,8.2321,8.15,8.19,1793824,0.0
2023-09-11,8.58,8.65,8.5601,8.63,2954478,0.0
2023-09-12,8.64,8.67,8.62,8.65,2095132,0.0
2023-09-13,8.88,8.97,8.88,8.9,3422861,0.0
2023-09-14,8.97,9.04,8.93,8.98,3157645,0.0
2023-09-15,8.68,8.755,8.67,8.68,4095242,0.0
2023-09-18,8.68,8.7,8.66,8.69,1864012,0.0
2023-09-19,8.9,8.99,8.9,8.91,2633236,0.0
2023-09-20,8.81,8.85,8.73,8.73,3021698,0.0
2023-09-21,8.83,8.9,8.81,8.82,4830747,0.0
2023-09-22,8.99,8.995,8.86,8.9,4565299,0.0
2023-09-25,8.69,8.71,8.565,8.64,4287494,0.0
2023-09-26,8.7,8.74,8.63,8.64,4376656,0.0
2023-09-27,8.71,8.73,8.6622,8.71,4870454,0.0
2023-09-28,8.65,8.77,8.645,8.72,2823703,0.0
2023-09-29,8.55,8.55,8.45,8.49,3889839,0.0
2023-10-02,8.57,8.595,8.52,8.54,4398196,0.0
2023-10-03,8.45,8.5,8.39,8.41,3791433,0.0
2023-10-04,8.1,8.13,8.03,8.13,4914576,0.0
2023-10-05,8.39,8.43,8.2,8.37,3591555,0.0
2023-10-06,8.24,8.41,8.24,8.36,2732547,0.0
2023-10-09,8.31,8.36,8.29,8.34,1643696,0.0
2023-10-10,8.45,8.48,8.43,8.43,2430746,0.0
2023-10-11,8.41,8.42,8.33,8.38,2469568,0.0
2023-10-12,8.41,8.42,8.31,8.34,2067279,0.0
2023-10-13,8.22,8.27,8.18,8.2,4718063,0.0
2023-10-16,8.25,8.31,8.22,8.3,2374338,0.0
2023-10-17,8.26,8.385,8.24,8.33,2347997,0.0
2023-10-18,8.36,8.38,8.25,8.26,2476957,0.0
2023-10-19,8.22,8.32,8.22,8.23,3848006,0.0
2023-10-20,8.2,8.22,8.1336,8.14,3090664,0.0
2023-10-23,8.06,8.1795,8.06,8.1,3600222,0.0
2023-10-24,8.1,8.13,8.07,8.12,2181329,0.0
2023-10-25,8.23,8.27,8.205,8.23,5598095,0.0
2023-10-26,8.16,8.195,8.11,8.15,4005341,0.0
2023-10-27,8.32,8.34,8.23,8.24,3656720,0.0
2023-10-30,8.2,8.455,8.2,8.41,5405260,0.0
2023-10-31,8.4,8.4101,8.36,8.4,3649136,0.0
2023-11-01,8.52,8.59,8.49,8.55,3257969,0.0
2023-11-02,8.59,8.66,8.59,8.65,2125494,0.0
2023-11-03,8.71,8.84,8.7,8.79,3155622,0.0
2023-11-06,8.46,8.49,8.4,8.46,3188998,0.0
2023-11-07,8.39,8.39,8.33,8.39,2479134,0.0
2023-11-08,8.0,8.0,7.89,7.93,4849530,0.0
2023-11-09,8.08,8.15,8.06,8.09,2886488,0.0
2023-11-10,8.19,8.3,8.135,8.28,5356447,0.0
2023-11-13,8.3,8.35,8.265,8.27,2595183,0.0
2023-11-14,8.75,8.85,8.7,8.82,5707219,0.0
2023-11-15,8.34,8.4,8.29,8.37,4832940,0.0
2023-11-16,8.35,8.365,8.3,8.34,4794936,0.0
2023-11-17,8.43,8.51,8.38,8.51,3893850,0.0
2023-11-20,8.56,8.65,8.55,8.64,3856120,0.0
2023-11-21,8.54,8.56,8.4701,8.51,6294595,0.0
2023-11-22,8.5,8.53,8.49,8.52,2122483,0.0
2023-11-24,8.49,8.57,8.49,8.53,1604772,0.0
2023-11-27,8.7,8.75,8.67,8.71,3376110,0.0
2023-11-28,8.71,8.74,8.6806,8.72,2773286,0.0
2023-11-29,8.5,8.59,8.5,8.57,3586354,0.0
2023-11-30,8.53,8.6,8.52,8.59,2434258,0.0
2023-12-01,8.59,8.67,8.57,8.64,2868041,0.0
2023-12-04,8.48,8.54,8.46,8.51,2527737,0.0
2023-12-05,8.42,8.4595,8.38,8.4,2631897,0.0
2023-12-06,8.48,8.495,8.38,8.38,2554143,0.0
2023-12-07,8.63,8.7,8.6,8.68,4257592,0.0
2023-12-08,8.72,8.795,8.7,8.78,2728242,0.0
2023-12-11,8.75,8.76,8.595,8.7,3171643,0.0
2023-12-12,8.66,8.71,8.64,8.7,1600993,0.0
2023-12-13,8.7,8.82,8.7,8.8,3936792,0.0
2023-12-14,8.66,8.82,8.63,8.76,3369790,0.0
2023-12-15,8.54,8.58,8.41,8.42,5228085,0.0
2023-12-18,8.45,8.47,8.4,8.44,2792181,0.0
2023-12-19,8.22,8.29,8.205,8.27,5198441,0.0
2023-12-20,8.29,8.31,8.19,8.19,3158963,0.0
2023-12-21,8.33,8.37,8.32,8.35,3474330,0.0
2023-12-22,8.55,8.58,8.53,8.56,2663614,0.0
2023-12-26,8.47,8.53,8.46,8.52,1608453,0.0
2023-12-27,8.52,8.535,8.5,8.5,1600498,0.0
2023-12-28,8.52,8.62,8.52,8.58,2124915,0.0
2023-12-29,8.6,8.61,8.56,8.61,2091982,0.0
2024-01-02,8.54,8.6,8.52,8.55,2105987,0.0
2024-01-03,8.51,8.5577,8.485,8.53,2415805,0.0
2024-01-04,8.54,8.62,8.51,8.55,2702740,0.0
2024-01-05,8.72,8.935,8.72,8.85,5538423,0.0
2024-01-08,8.86,8.89,8.81,8.89,4109939,0.0
2024-01-09,8.8,8.8,8.72,8.73,4602903,0.0
2024-01-10,8.755,8.77,8.71,8.74,2977309,0.0
2024-01-11,8.82,8.855,8.75,8.8,2636741,0.0
2024-01-12,8.79,8.84,8.77,8.78,3762319,0.0
2024-01-16,8.8,8.84,8.76,8.8,3137714,0.0
2024-01-17,8.74,8.76,8.68,8.71,3263501,0.0
2024-01-18,8.8,8.84,8.77,8.81,3687673,0.0
2024-01-19,8.74,8.84,8.73,8.84,3293175,0.0
2024-01-22,8.88,8.97,8.88,8.9,2899146,0.0
2024-01-23,8.87,8.93,8.86,8.92,2868522,0.0
2024-01-24,9.41,9.445,9.38,9.41,3704373,0.0
2024-01-25,9.4,9.41,9.32,9.36,2933552,0.0
2024-01-26,9.15,9.24,9.03,9.21,4563249,0.0
2024-01-29,9.25,9.26,9.2,9.24,2456206,0.0
2024-01-30,9.29,9.31,9.25,9.29,3027068,0.0
2024-01-31,9.46,9.5,9.315,9.35,4958172,0.0
2024-02-01,9.48,9.55,9.3,9.43,4979410,0.0
2024-02-02,9.45,9.48,9.38,9.47,5711715,0.0
2024-02-05,9.705,9.7935,9.52,9.59,4574156,0.0
2024-02-06,9.35,9.44,9.33,9.35,4374870,0.0
2024-02-07,9.45,9.485,9.395,9.45,4172494,0.0
2024-02-08,9.28,9.285,9.215,9.24,3563489,0.0
2024-02-09,9.3,9.41,9.26,9.4,4635544,0.0
2024-02-12,9.39,9.47,9.39,9.4,2471505,0.0
2024-02-13,9.36,9.3999,9.31,9.33,2478660,0.0
2024-02-14,9.36,9.48,9.35,9.48,2879595,0.0
2024-02-15,9.38,9.42,9.37,9.4,2947941,0.0
2024-02-16,9.5,9.63,9.49,9.62,2945903,0.0
2024-02-20,9.9,9.936,9.83,9.91,3766014,0.0
2024-02-21,9.84,9.86,9.7997,9.83,1746325,0.0
2024-02-22,9.97,10.0175,9.92,9.94,2951067,0.0
2024-02-23,9.98,10.025,9.945,10.01,2122450,0.0
2024-02-26,10.06,10.135,10.06,10.09,1736669,0.0
2024-02-27,10.24,10.265,10.175,10.24,3497478,0.0
2024-02-28,10.1,10.195,10.09,10.14,2057667,0.0
2024-02-29,10.29,10.32,10.18,10.27,2711794,0.0
2024-03-01,10.45,10.45,10.385,10.43,2190125,0.0
2024-03-04,10.45,10.506,10.36,10.46,2399710,0.0
2024-03-05,10.61,10.68,10.55,10.57,4301042,0.0
2024-03-06,10.78,10.82,10.73,10.79,3401249,0.0
2024-03-07,10.88,10.94,10.83,10.94,4402904,0.0
2024-03-08,11.09,11.215,10.96,11.0,4806468,0.0
2024-03-11,10.53,10.54,10.42,10.53,3623569,0.0
2024-03-12,10.41,10.5287,10.3805,10.48,2562055,0.0
2024-03-13,10.34,10.41,10.3231,10.4,1548008,0.0
2024-03-14,10.3,10.315,10.22,10.25,2521563,0.0
2024-03-15,10.17,10.21,10.13,10.16,2954917,0.0
2024-03-18,10.25,10.3399,10.215,10.32,2696808,0.0
2024-03-19,10.16,10.2293,10.1102,10.21,2340326,0.0
2024-03-20,10.22,10.346,10.18,10.31,3199878,0.0
2024-03-21,10.41,10.55,10.39,10.5,4502349,0.0
2024-03-22,10.59,10.64,10.57,10.58,2608507,0.0
2024-03-25,10.45,10.53,10.42,10.48,1682760,0.0
2024-03-26,10.43,10.485,10.42,10.42,1607854,0.0
2024-03-27,10.39,10.41,10.24,10.3,2651793,0.0
2024-03-28,10.23,10.26,10.215,10.23,1933509,0.0
2024-04-01,9.97,9.99,9.87,9.98,2412464,0.0
2024-04-02,9.86,10.0,9.85,9.94,3396140,0.0
2024-04-03,10.0,10.09,9.98,10.06,1929709,0.0
2024-04-04,10.21,10.27,10.1,10.1,2695316,0.0
2024-04-05,10.07,10.155,10.05,10.12,2275771,0.0
2024-04-08,10.21,10.295,10.18,10.21,2513821,0.0
2024-04-09,10.18,10.2,10.07,10.13,2747980,0.0
2024-04-10,10.0,10.0975,9.9801,10.04,3660214,0.0
2024-04-11,10.21,10.23,10.0915,10.16,2803028,0.0
2024-04-12,10.02,10.0504,9.91,9.96,3065306,0.0
2024-04-15,10.06,10.135,9.95,9.95,3170883,0.0
2024-04-16,9.81,9.83,9.7209,9.78,3523059,0.0
2024-04-17,9.75,9.75,9.6112,9.68,3491138,0.0
2024-04-18,9.78,9.83,9.75,9.78,2314740,0.0
2024-04-19,9.79,9.86,9.765,9.81,2784258,0.0
2024-04-22,9.97,10.07,9.95,10.04,1971802,0.0
2024-04-23,10.07,10.11,10.045,10.09,1415750,0.0
2024-04-24,10.08,10.1,10.035,10.07,1343111,0.0
2024-04-25,9.93,10.06,9.915,10.06,2410394,0.0
2024-04-26,9.9,9.96,9.88,9.91,1575494,0.0
2024-04-29,9.97,9.99,9.94,9.97,1935419,0.0
2024-04-30,10.0,10.08,9.95,9.95,1654846,0.0
2024-05-01,9.92,9.9997,9.8709,9.91,2180427,0.0
2024-05-02,10.03,10.045,9.985,10.02,1054779,0.0
2024-05-03,10.06,10.15,10.06,10.14,1207468,0.0
2024-05-06,10.16,10.24,10.1394,10.21,2177274,0.0
2024-05-07,10.17,10.195,10.13,10.16,2254863,0.0
2024-05-08,10.02,10.14,10.005,10.11,2571501,0.0
2024-05-09,10.15,10.3268,10.15,10.29,2368469,0.0
2024-05-10,10.29,10.35,10.29,10.31,2693281,0.0
2024-05-13,10.33,10.355,10.28,10.28,2140378,0.0
2024-05-14,10.29,10.42,10.26,10.41,3056647,0.0
2024-05-15,10.22,10.525,10.22,10.3,5462603,0.0
2024-05-16,9.87,9.901,9.76,9.76,4436429,0.0
2024-05-17,9.99,10.07,9.96,10.03,3207066,0.0
2024-05-20,10.01,10.07,10.01,10.03,1287691,0.0
2024-05-21,9.99,9.9975,9.96,9.98,2212132,0.0
2024-05-22,9.96,9.975,9.9,9.91,1291477,0.0
2024-05-23,9.99,10.04,9.95,9.96,3806893,0.0
2024-05-24,9.98,10.09,9.98,10.06,1535806,0.0
2024-05-28,10.31,10.4,10.27,10.38,2289466,0.0
2024-05-29,10.38,10.39,10.3,10.3,2108107,0.0
2024-05-30,10.44,10.47,10.4,10.42,1764530,0.0
2024-05-31,10.55,10.64,10.51,10.64,2673415,0.0
2024-06-03,10.84,10.855,10.73,10.84,3360866,0.0
2024-06-04,10.77,10.79,10.7001,10.77,1854180,0.0
2024-06-05,10.59,10.6,10.52,10.59,1800504,0.0
2024-06-06,10.61,10.66,10.58,10.65,2182038,0.0
2024-06-07,10.41,10.46,10.3901,10.4,1441381,0.0
2024-06-10,10.49,10.53,10.455,10.51,933857,0.0
2024-06-11,10.38,10.38,10.31,10.32,1531541,0.0
2024-06-12,10.44,10.44,10.34,10.36,1663135,0.0
2024-06-13,10.16,10.21,10.11,10.13,1591173,0.0
2024-06-14,9.97,10.03,9.935,10.02,1447351,0.0
2024-06-17,9.88,9.95,9.845,9.93,1835730,0.0
2024-06-18,9.82,9.9,9.82,9.83,1488961,0.0
2024-06-20,9.73,9.82,9.72,9.79,1694617,0.0
2024-06-21,9.76,9.76,9.69,9.69,1706789,0.0
2024-06-24,9.9,9.995,9.88,9.94,1548610,0.0
2024-06-25,10.27,10.28,10.2,10.25,2094048,0.0
2024-06-26,10.24,10.31,10.212,10.31,1733250,0.0
2024-06-27,10.38,10.43,10.324,10.4,1302864,0.0
2024-06-28,10.74,10.86,10.74,10.8,3869636,0.0
2024-07-01,10.82,10.9295,10.82,10.9,2009944,0.0
2024-07-02,11.2,11.25,11.135,11.25,2291445,0.0
2024-07-03,11.12,11.22,11.12,11.16,839051,0.0
2024-07-05,11.32,11.335,11.2435,11.29,1157559,0.0
2024-07-08,11.18,11.25,11.18,11.2,1310060,0.0
2024-07-09,11.01,11.08,10.9812,11.06,1579193,0.0
2024-07-10,11.17,11.22,11.155,11.19,1036551,0.0
2024-07-11,11.22,11.22,11.09,11.09,1326328,0.0
2024-07-12,11.05,11.12,11.015,11.07,1201002,0.0
2024-07-15,11.12,11.135,11.05,11.08,1303064,0.0
2024-07-16,11.2,11.34,11.2,11.33,1105999,0.0
2024-07-17,11.22,11.2789,11.21,11.24,1099223,0.0
2024-07-18,11.41,11.485,11.32,11.35,2528277,0.0
2024-07-19,11.31,11.4,11.24,11.24,2140823,0.0
2024-07-22,11.23,11.3,11.205,11.28,1750622,0.0
2024-07-23,11.33,11.42,11.3299,11.41,3081140,0.0
2024-07-24,11.33,11.35,11.21,11.21,1289267,0.0
2024-07-25,10.95,11.12,10.87,11.04,4569043,0.0
2024-07-26,11.1,11.16,11.075,11.13,1290953,0.0
2024-07-29,11.09,11.125,11.06,11.08,1357341,0.0
2024-07-30,10.93,11.035,10.92,11.03,1827309,0.0
2024-07-31,11.71,11.72,11.51,11.62,2560022,0.0
2024-08-01,11.37,11.37,10.96,11.05,3425279,0.0
2024-08-02,9.87,10.0863,9.77,9.82,4068461,0.0
2024-08-05,8.81,9.7,8.75,9.5,7257860,0.0
2024-08-06,9.07,9.36,8.9101,9.27,7318778,0.0
2024-08-07,10.03,10.03,9.39,9.39,4551984,0.0
2024-08-08,9.51,9.625,9.51,9.56,2796451,0.0
2024-08-09,9.59,9.63,9.54,9.6,1773072,0.0
2024-08-12,9.65,9.68,9.595,9.61,1466174,0.0
2024-08-13,9.77,9.825,9.76,9.8,1451302,0.0
2024-08-14,9.86,9.93,9.845,9.91,1387660,0.0
2024-08-15,10.4,10.455,10.365,10.39,2217065,0.0
2024-08-16,10.39,10.47,10.39,10.44,1768913,0.0
2024-08-19,10.54,10.63,10.54,10.62,2115919,0.0
2024-08-20,10.52,10.55,10.45,10.5,1317848,0.0
2024-08-21,10.52,10.56,10.471,10.55,1427771,0.0
2024-08-22,10.4,10.48,10.385,10.43,2726161,0.0
2024-08-23,10.51,10.65,10.49,10.63,2380383,0.0
2024-08-26,10.45,10.5,10.42,10.44,1601609,0.0
2024-08-27,10.45,10.485,10.31,10.32,9886461,0.0
2024-08-28,10.37,10.44,10.34,10.4,2121222,0.0
2024-08-29,10.45,10.575,10.45,10.49,1790185,0.0
2024-08-30,10.53,10.57,10.51,10.53,1227194,0.0
2024-09-03,10.85,10.87,10.72,10.76,2901760,0.0
2024-09-04,10.43,10.51,10.395,10.42,2115213,0.0
2024-09-05,10.36,10.45,10.34,10.39,1937033,0.0
2024-09-06,10.37,10.395,10.11,10.12,2906006,0.0
2024-09-09,10.12,10.26,10.12,10.21,2678656,0.0
2024-09-10,10.2,10.21,10.01,10.12,2284491,0.0
2024-09-11,10.16,10.25,10.05,10.25,2256735,0.0
2024-09-12,10.27,10.357,10.21,10.3,2730874,0.0
2024-09-13,10.34,10.41,10.34,10.37,1180501,0.0
2024-09-16,10.37,10.5,10.37,10.44,1843780,0.0
2024-09-17,10.12,10.22,10.12,10.18,3228915,0.0
2024-09-18,10.1,10.25,10.04,10.11,2364018,0.0
2024-09-19,10.28,10.35,10.25,10.33,1885267,0.0
2024-09-20,10.45,10.48,10.35,10.44,2723812,0.0
2024-09-23,10.47,10.54,10.46,10.49,1274034,0.0
2024-09-24,10.42,10.42,10.345,10.36,1281166,0.0
2024-09-25,10.13,10.13,10.05,10.09,1429463,0.0
2024-09-26,10.3,10.455,10.26,10.41,1245616,0.0
2024-09-27,10.2,10.28,10.1,10.13,1929690,0.0
2024-09-30,10.21,10.23,10.15,10.18,1794161,0.0
2024-10-01,10.25,10.29,10.18,10.2,3411796,0.0
2024-10-02,9.99,10.13,9.99,10.07,2150869,0.0
2024-10-03,9.9,9.96,9.85,9.95,1807107,0.0
2024-10-04,10.15,10.37,10.15,10.37,4073797,0.0
2024-10-07,10.33,10.42,10.32,10.37,2128137,0.0
2024-10-08,10.26,10.3,9.867,10.26,1898236,0.0
2024-10-09,10.14,10.22,10.098,10.2,1830055,0.0
2024-10-10,10.26,10.35,10.228,10.33,1332626,0.0
2024-10-11,10.45,10.69,10.42,10.66,1967726,0.0
2024-10-14,10.61,10.76,10.61,10.68,1388683,0.0
2024-10-15,10.65,10.67,10.53,10.53,1247420,0.0
2024-10-16,10.68,10.76,10.675,10.73,1134686,0.0
2024-10-17,10.88,10.96,10.83,10.84,1511325,0.0
2024-10-18,10.98,11.0,10.9,10.99,1531777,0.0
2024-10-21,10.81,10.81,10.654,10.69,1173544,0.0
2024-10-22,10.6,10.63,10.55,10.59,1234948,0.0
2024-10-23,10.2,10.29,10.155,10.2,1690276,0.0
2024-10-24,10.24,10.31,10.22,10.3,1246761,0.0
2024-10-25,10.28,10.32,10.2,10.22,1084422,0.0
2024-10-28,10.25,10.32,10.24,10.29,1723026,0.0
2024-10-29,10.45,10.58,10.45,10.5,1496039,0.0
2024-10-30,10.63,10.655,10.55,10.56,1066197,0.0
2024-10-31,10.58,10.63,10.52,10.58,1640580,0.0
2024-11-01,10.69,10.73,10.66,10.66,1284866,0.0
2024-11-04,10.68,10.7599,10.67,10.69,2217077,0.0
2024-11-05,10.65,10.84,10.65,10.81,1522901,0.0
2024-11-06,11.16,11.45,11.16,11.45,2823933,0.0
2024-11-07,11.51,11.57,11.4701,11.51,1918205,0.0
2024-11-08,11.5,11.56,11.46,11.53,1515424,0.0
2024-11-11,11.53,11.7,11.51,11.6,1543119,0.0
2024-11-12,11.65,11.66,11.5,11.57,1349688,0.0
2024-11-13,11.59,11.61,11.46,11.5,1569201,0.0
2024-11-14,12.0,12.11,11.855,12.07,3651448,0.0
2024-11-15,11.71,11.76,11.625,11.68,3821479,0.0
2024-11-18,11.66,11.81,11.645,11.75,1390117,0.0
2024-11-19,11.77,11.875,11.7546,11.86,1040206,0.0
2024-11-20,11.65,11.68,11.605,11.67,1253585,0.0
2024-11-21,11.68,11.79,11.675,11.72,1007981,0.0
2024-11-22,11.79,11.84,11.77,11.82,1346381,0.0
2024-11-25,11.83,11.915,11.81,11.81,1646580,0.0
2024-11-26,11.65,11.66,11.58,11.62,1376527,0.0
2024-11-27,11.63,11.68,11.58,11.58,1771044,0.0
2024-11-29,11.93,11.93,11.82,11.91,820982,0.0
2024-12-02,12.18,12.2,12.07,12.15,2203720,0.0
2024-12-03,12.31,12.31,12.15,12.23,1540654,0.0
2024-12-04,12.05,12.07,12.01,12.02,1333432,0.0
2024-12-05,12.1,12.167,12.07,12.08,2035949,0.0
2024-12-06,12.09,12.11,12.03,12.04,1186512,0.0
2024-12-09,12.01,12.08,11.93,11.93,1508066,0.0
2024-12-10,11.9,11.945,11.865,11.88,962682,0.0
2024-12-11,12.12,12.15,12.07,12.14,1629133,0.0
2024-12-12,12.06,12.245,12.06,12.17,2490922,0.0
2024-12-13,12.07,12.12,12.04,12.09,3733830,0.0
2024-12-16,11.97,12.03,11.96,11.98,1545563,0.0
2024-12-17,11.85,11.87,11.7301,11.78,1516675,0.0
2024-12-18,11.8,11.8567,11.505,11.51,1898313,0.0
2024-12-19,11.71,11.745,11.5,11.5,2915642,0.0
2024-12-20,11.24,11.47,11.22,11.38,4767318,0.0
2024-12-23,11.46,11.51,11.38,11.5,2072514,0.0
2024-12-24,11.51,11.54,11.47,11.54,1341268,0.0
2024-12-26,11.46,11.66,11.44,11.64,4176737,0.0
2024-12-27,11.64,11.655,11.57,11.65,2137950,0.0
2024-12-30,11.67,11.79,11.63,11.74,2273239,0.0
2024-12-31,11.73,11.82,11.69,11.72,2486324,0.0
2025-01-02,11.74,11.74,11.57,11.66,3107463,0.0
2025-01-03,11.89,11.93,11.66,11.75,3049686,0.0
2025-01-06,11.84,11.93,11.815,11.82,2636508,0.0
2025-01-07,12.15,12.2,12.03,12.12,3588315,0.0
2025-01-08,12.09,12.115,12.02,12.08,2330303,0.0
2025-01-10,11.99,12.02,11.79,11.79,2970839,0.0
2025-01-13,11.74,11.89,11.73,11.88,2963411,0.0
2025-01-14,11.76,11.85,11.74,11.82,3271698,0.0
2025-01-15,12.15,12.245,12.14,12.24,2565181,0.0
2025-01-16,12.11,12.16,12.03,12.08,2898399,0.0
2025-01-17,12.0,12.0751,11.98,12.05,1969951,0.0
2025-01-21,12.36,12.56,12.32,12.54,3628568,0.0
2025-01-22,12.24,12.29,12.11,12.12,2974737,0.0
2025-01-23,12.17,12.24,12.13,12.24,2495842,0.0
2025-01-24,12.26,12.33,12.22,12.3,2402353,0.0
2025-01-27,12.35,12.46,12.32,12.45,2709090,0.0
2025-01-28,12.8,12.96,12.76,12.84,3643995,0.0
2025-01-29,12.73,12.79,12.67,12.74,2570611,0.0
2025-01-30,12.8,12.82,12.67,12.75,2289577,0.0
2025-01-31,12.79,12.79,12.59,12.61,3487985,0.0
2025-02-03,12.39,12.51,12.305,12.49,3756046,0.0
2025-02-04,12.58,12.7,12.46,12.49,3230661,0.0
2025-02-05,12.6,12.67,12.545,12.65,1824223,0.0
2025-02-06,12.59,12.6964,12.55,12.67,2946447,0.0
2025-02-07,12.61,12.64,12.5,12.54,4614988,0.0
2025-02-10,12.49,12.51,12.34,12.39,2652205,0.0
2025-02-11,12.31,12.46,12.31,12.42,2146381,0.0
2025-02-12,12.38,12.41,12.31,12.35,3097383,0.0
2025-02-13,12.56,12.6,12.49,12.59,3051532,0.0
2025-02-14,12.71,12.86,12.6898,12.81,2101574,0.0
2025-02-18,13.23,13.34,13.22,13.32,2981754,0.0
2025-02-19,13.21,13.23,13.06,13.13,2725281,0.0
2025-02-20,13.21,13.21,12.95,13.02,2977458,0.0
2025-02-21,12.97,12.97,12.64,12.64,3133903,0.0
2025-02-24,12.68,12.73,12.4,12.57,4346902,0.0
2025-02-25,13.06,13.075,12.775,12.87,6201686,0.0
2025-02-26,12.84,12.92,12.8,12.83,2252981,0.0
2025-02-27,12.93,13.08,12.85,13.0,6404121,0.0
2025-02-28,12.64,12.7983,12.61,12.73,3879300,0.0
2025-03-03,12.96,13.08,12.79,12.84,4990693,0.0
2025-03-04,12.8,12.87,12.47,12.74,9231520,0.0
2025-03-05,12.87,13.05,12.87,13.03,3599729,0.0
2025-03-06,13.06,13.11,12.95,12.97,4020607,0.0
2025-03-07,12.95,13.04,12.8,13.02,3881032,0.0
2025-03-10,12.93,12.94,12.64,12.72,4340880,0.0
2025-03-11,12.71,12.85,12.57,12.76,5909624,0.0
2025-03-12,13.03,13.15,12.93,13.08,4061667,0.0
2025-03-13,13.19,13.3,13.17,13.17,5135415,0.0
2025-03-14,13.48,13.71,13.45,13.66,17671119,0.0
2025-03-17,13.74,13.97,13.728,13.86,22614350,0.0
2025-03-18,14.11,14.36,14.03,14.28,34030008,0.0
2025-03-19,14.12,14.4399,14.1,14.3,18264891,0.0
2025-03-20,14.21,14.38,14.15,14.33,6928107,0.0
2025-03-21,14.79,15.03,14.72,14.98,54976719,0.0
2025-03-24,14.73,14.76,14.6,14.63,14556630,0.0
2025-03-25,14.52,14.7,14.49,14.65,5762106,0.0
2025-03-26,14.43,14.51,14.34,14.37,10284780,0.0
2025-03-27,14.48,14.56,14.3705,14.44,7611145,0.0
2025-03-28,14.1,14.14,13.96,13.98,10899270,0.0
2025-03-31,13.5,13.655,13.39,13.63,10015500,0.0
2025-04-01,13.32,13.3999,13.21,13.3,9157522,0.0
2025-04-02,13.07,13.25,13.01,13.22,11022730,0.0
2025-04-03,12.11,12.395,12.07,12.1,11757050,0.0
2025-04-04,10.95,11.34,10.88,11.06,21739619,0.0
2025-04-07,10.59,11.4,10.46,10.82,15680440,0.0
2025-04-08,11.48,11.62,10.68,10.79,17367850,0.0
2025-04-09,10.71,11.96,10.66,11.84,16014810,0.0
2025-04-10,11.45,11.4998,10.885,11.1,14228300,0.0
2025-04-11,11.3,11.64,11.275,11.59,11887260,0.0
2025-04-14,11.61,11.727,11.5301,11.66,8637122,0.0
2025-04-15,11.86,12.04,11.84,11.88,5002172,0.0
2025-04-16,11.6,11.7,11.5001,11.57,6245901,0.0
2025-04-17,11.79,12.01,11.79,11.87,4910519,0.0
2025-04-21,11.76,11.7999,11.58,11.71,5815812,0.0
2025-04-22,11.82,11.945,11.78,11.91,6823600,0.0
2025-04-23,12.09,12.19,12.03,12.08,8220946,0.0
2025-04-24,12.17,12.27,12.08,12.25,5937197,0.0
2025-04-25,12.13,12.29,12.12,12.27,3700921,0.0
2025-04-28,12.47,12.63,12.45,12.59,4643769,0.0
2025-04-29,12.62,12.76,12.605,12.71,5356187,0.0
2025-04-30,12.56,12.66,12.43,12.64,7369431,0.0
2025-05-01,12.49,12.49,12.36,12.37,6124004,0.0
2025-05-02,12.13,12.35,12.1,12.3,4860971,0.0
2025-05-05,12.34,12.47,12.315,12.36,3339350,0.0
2025-05-06,12.33,12.42,12.3,12.36,2938807,0.0
2025-05-07,12.24,12.34,12.24,12.26,3338675,0.0
2025-05-08,12.33,12.44,12.31,12.31,5486026,0.0
2025-05-09,12.57,12.58,12.4701,12.53,4671823,0.0
2025-05-12,12.75,13.065,12.75,12.94,11373590,0.0
2025-05-13,12.94,13.11,12.885,13.02,6417067,0.0
2025-05-14,13.26,13.33,13.1,13.2,8600498,0.0
2025-05-15,13.28,13.5,13.25,13.46,7273868,0.0
2025-05-16,13.47,13.57,13.4201,13.54,6938509,0.0
2025-05-19,13.62,13.79,13.585,13.75,5598050,0.0
2025-05-20,13.75,13.8299,13.63,13.71,6404343,0.0
2025-05-21,13.8,13.91,13.7325,13.81,8140018,0.0
2025-05-22,13.64,13.74,13.53,13.66,8648603,0.0
2025-05-23,13.36,13.59,13.34,13.54,9060522,0.0
2025-05-27,13.88,14.2,13.82,14.14,9047693,0.0
2025-05-28,13.615,13.82,13.615,13.7,6902597,0.0
2025-05-29,13.79,13.8847,13.6746,13.72,5269215,0.0
2025-05-30,13.97,14.17,13.91,14.12,9539501,0.0
2025-06-02,13.98,14.06,13.87,14.06,6140678,0.0
2025-06-03,13.85,14.0099,13.85,13.89,5721680,0.0
2025-06-04,13.76,13.93,13.76,13.77,4316206,0.0
2025-06-05,13.81,13.84,13.7,13.78,4919022,0.0
2025-06-06,13.75,13.88,13.75,13.84,4089685,0.0
2025-06-09,13.85,13.87,13.76,13.81,3635002,0.0
2025-06-10,13.64,13.7,13.5401,13.58,3849240,0.0
2025-06-11,13.61,13.73,13.535,13.56,3705790,0.0
2025-06-12,13.73,13.8,13.56,13.73,2911135,0.0
2025-06-13,13.5,13.69,13.4244,13.61,3460325,0.0
2025-06-16,13.69,13.815,13.64,13.64,4243213,0.0
2025-06-17,13.47,13.6,13.36,13.38,3864298,0.0
2025-06-18,13.48,13.57,13.455,13.51,4302111,0.0
2025-06-20,13.53,13.59,13.49,13.51,4254161,0.0
2025-06-23,13.24,13.44,13.23,13.43,3900747,0.0
2025-06-24,13.69,13.81,13.66,13.77,4018999,0.0
2025-06-25,13.55,13.66,13.52,13.62,3993045,0.0
2025-06-26,13.75,13.86,13.715,13.82,2321276,0.0
2025-06-27,13.91,13.95,13.83,13.89,2794781,0.0
2025-06-30,13.76,13.87,13.69,13.72,3528486,0.0
2025-07-01,13.74,13.88,13.65,13.73,7854821,0.0
2025-07-02,13.65,13.8,13.65,13.79,3897503,0.0
2025-07-03,13.89,13.96,13.864,13.96,2150618,0.0
2025-07-07,13.62,13.69,13.45,13.51,6509165,0.0
2025-07-08,13.53,13.57,13.47,13.55,2936869,0.0
2025-07-09,13.62,13.65,13.575,13.63,3018031,0.0
2025-07-10,13.62,13.62,13.52,13.59,3034396,0.0
2025-07-11,13.64,13.7,13.6,13.69,2322592,0.0
2025-07-14,13.6,13.68,13.55,13.63,3064459,0.0
2025-07-15,13.58,13.58,13.45,13.47,3321728,0.0
2025-07-16,13.38,13.38,13.19,13.35,4391607,0.0
2025-07-17,13.29,13.45,13.284,13.42,2825953,0.0
2025-07-18,13.4,13.41,13.27,13.29,2975159,0.0
2025-07-21,13.4,13.55,13.35,13.45,4196197,0.0
2025-07-22,13.58,13.74,13.555,13.68,4789826,0.0
2025-07-23,14.4,14.57,14.38,14.55,4448636,0.0
2025-07-24,14.84,14.87,14.71,14.8,3931070,0.0
2025-07-25,14.65,14.69,14.58,14.67,2943587,0.0
2025-07-28,14.2,14.3,14.08,14.12,2532921,0.0
2025-07-29,14.13,14.165,13.96,13.98,2767288,0.0
2025-07-30,14.14,14.18,13.9,13.96,3899892,0.0
2025-07-31,14.06,14.095,13.84,13.9,9573989,0.0
2025-08-01,14.09,14.09,13.84,13.92,4872802,0.0
2025-08-04,13.89,13.91,13.62,13.78,3914422,0.0
2025-08-05,13.97,14.0964,13.865,13.98,3465421,0.0
2025-08-06,14.09,14.145,14.055,14.1,2000024,0.0
2025-08-07,14.44,14.555,14.34,14.38,2721897,0.0
2025-08-08,14.5,14.56,14.41,14.56,2501241,0.0
2025-08-11,14.56,14.59,14.48,14.49,1928488,0.0
2025-08-12,14.98,15.15,14.96,15.1,3278297,0.0
2025-08-13,15.08,15.11,15.0,15.03,3009721,0.0
2025-08-14,15.28,15.37,15.255,15.34,3000581,0.0
2025-08-15,16.11,16.16,15.87,15.9,6047989,0.0
2025-08-18,15.61,15.72,15.59,15.64,3631489,0.0
2025-08-19,15.28,15.31,15.185,15.21,4087872,0.0
2025-08-20,15.32,15.385,15.2207,15.37,3036628,0.0
2025-08-21,15.28,15.33,15.22,15.3,2117654,0.0
2025-08-22,15.43,15.63,15.41,15.6,3584415,0.0
2025-08-25,15.5,15.5664,15.47,15.47,2735143,0.0
2025-08-26,15.39,15.55,15.34,15.54,2810759,0.0
2025-08-27,15.22,15.31,15.16,15.28,3607820,0.0
2025-08-28,15.4,15.43,15.36,15.4,2944267,0.0
2025-08-29,15.25,15.325,15.195,15.29,2753780,0.0
2025-09-02,15.15,15.32,15.09,15.32,3519548,0.0
2025-09-03,14.92,15.01,14.86,15.01,4828501,0.0
2025-09-04,15.25,15.38,15.185,15.38,4317856,0.0
2025-09-05,15.49,15.5,15.23,15.27,4512969,0.0
2025-09-08,15.45,15.59,15.43,15.59,4441650,0.0
2025-09-09,15.43,15.67,15.37,15.56,6793807,0.0
2025-09-10,15.75,15.875,15.73,15.74,3681635,0.0
2025-09-11,15.61,15.69,15.57,15.65,2167764,0.0
2025-09-12,15.56,15.64,15.51,15.57,2175207,0.0
2025-09-15,15.67,15.7,15.6135,15.67,2394143,0.0
2025-09-16,15.63,15.71,15.46,15.52,2914771,0.0
2025-09-17,15.63,15.69,15.5101,15.6,3638281,0.0
2025-09-18,15.57,15.65,15.51,15.62,3010956,0.0
2025-09-19,15.865,15.9,15.79,15.85,3149396,0.0
2025-09-22,15.96,16.08,15.96,16.05,2223635,0.0
2025-09-23,16.17,16.235,16.01,16.01,1786236,0.0
2025-09-24,15.97,16.01,15.885,15.94,1718668,0.0
2025-09-25,15.88,15.95,15.8,15.89,1678378,0.0
2025-09-26,16.02,16.09,15.985,16.04,1905604,0.0
2025-09-29,15.92,15.95,15.84,15.9,2948100,0.0
2025-09-30,15.99,16.09,15.8,15.94,4440300,0.0
2025-10-01,15.84,15.92,15.63,15.65,3262800,0.0
2025-10-02,15.49,15.5,15.33,15.42,2632600,0.0
2025-10-03,15.72,15.81,15.7,15.76,2733200,0.0
2025-10-06,15.52,15.58,15.5,15.54,4723500,0.0
2025-10-07,15.28,15.3,15.18,15.18,2687300,0.0
2025-10-08,15.36,15.45,15.34,15.36,2748900,0.0
2025-10-09,15.38,15.43,15.28,15.34,2843200,0.0
2025-10-10,14.86,14.98,14.62,14.62,3858300,0.0
2025-10-13,14.85,14.86,14.72,14.82,3856000,0.0
2025-10-14,14.76,15.07,14.73,14.99,3321100,0.0
2025-10-15,15.23,15.24,15.03,15.13,2338600,0.0
2025-10-16,15.25,15.29,15.03,15.11,2422500,0.0
2025-10-17,15.0,15.07,14.94,15.0,4973300,0.0
2025-10-20,15.45,15.49,15.38,15.43,2062500,0.0
2025-10-21,15.18,15.33,15.18,15.27,2060500,0.0
2025-10-22,15.01,15.13,14.91,15.04,3509700,0.0
2025-10-23,14.91,14.97,14.88,14.93,2607600,0.0
2025-10-24,14.78,14.82,14.72,14.77,2284600,0.0
2025-10-27,14.91,14.94,14.86,14.9,2512700,0.0
2025-10-28,15.02,15.14,14.99,15.09,5104400,0.0
2025-10-29,15.04,15.15,14.95,15.0,3270800,0.0
2025-10-30,15.08,15.26,15.06,15.13,3217300,0.0
2025-10-31,15.1,15.2,15.08,15.13,3630000,0.0
2025-11-03,15.11,15.22,15.05,15.17,3044200,0.0
2025-11-04,15.01,15.2,15.01,15.07,3292200,0.0
2025-11-05,14.95,15.15,14.94,15.07,2508400,0.0
2025-11-06,15.18,15.22,15.02,15.09,4397400,0.0
2025-11-07,15.11,15.11,14.88,15.08,3905900,0.0
2025-11-10,15.18,15.29,15.09,15.21,3515800,0.0
2025-11-11,15.17,15.28,15.08,15.19,2574300,0.0
2025-11-12,15.51,15.62,15.5,15.54,3868300,0.0
2025-11-13,15.69,15.74,15.4,15.44,4567000,0.0
2025-11-14,15.57,15.95,15.49,15.79,2482000,0.0
2025-11-17,15.51,15.68,15.36,15.42,4049000,0.0
2025-11-18,15.02,15.27,15.01,15.16,5348800,0.0
2025-11-19,14.99,15.3,14.99,15.26,5196300,0.0
2025-11-20,15.31,15.4,14.88,14.88,6159200,0.0
2025-11-21,15.18,15.26,15.04,15.2,3572600,0.0
2025-11-24,15.19,15.4,15.16,15.38,2280000,0.0
2025-11-25,15.35,15.51,15.26,15.49,2637600,0.0
2025-11-26,15.71,15.87,15.67,15.81,2601500,0.0
2025-11-28,15.68,15.8,15.64,15.78,2285600,0.0
2025-12-01,15.93,16.06,15.92,15.92,4778800,0.0
2025-12-02,16.23,16.39,15.95,15.98,15853900,0.0
2025-12-03,15.78,15.83,15.63,15.8,6135100,0.0
2025-12-04,16.17,16.19,16.01,16.02,2232600,0.0
2025-12-05,16.25,16.34,16.22,16.28,2301600,0.0
2025-12-08,16.14,16.14,15.9,15.92,2670265,0.0
2025-12-09,15.9,15.97,15.37,15.61,15183010,0.0
2025-12-10,15.72,15.93,15.71,15.85,2706500,0.0
2025-12-11,15.82,16.04,15.79,16.0,2768400,0.0
2025-12-12,16.06,16.1,15.9,16.01,2281900,0.0
2025-12-15,16.48,16.56,16.36,16.39,2320900,0.0
2025-12-16,16.01,16.12,15.74,15.76,9058100,0.0
2025-12-17,15.71,15.76,15.52,15.54,4189200,0.0
2025-12-18,15.69,15.71,15.57,15.59,2256700,0.0
2025-12-19,15.72,15.84,15.68,15.74,1911100,0.0
2025-12-22,15.84,15.93,15.77,15.87,2791100,0.0
2025-12-23,16.03,16.18,16.03,16.11,1876700,0.0
2025-12-24,15.91,15.99,15.88,15.95,1233800,0.0
2025-12-26,15.88,16.0,15.84,15.89,1267500,0.0
2025-12-29,15.85,15.95,15.85,15.89,1585200,0.0
2025-12-30,15.95,15.97,15.89,15.93,1457500,0.0
2025-12-31,15.89,15.92,15.75,15.86,1450000,0.0
2026-01-02,15.93,16.01,15.85,15.97,2545900,0.0
2026-01-05,16.18,16.37,16.12,16.31,2365300,0.0
2026-01-06,16.63,16.64,16.43,16.43,3086700,0.0
2026-01-07,16.56,16.66,16.45,16.48,2484300,0.0
2026-01-08,16.59,16.79,16.56,16.78,1997800,0.0
2026-01-09,16.9,17.14,16.71,17.09,6773100,0.0
2026-01-12,17.2,17.31,17.16,17.24,5603700,0.0
2026-01-13,17.61,17.62,17.44,17.49,2257800,0.0
2026-01-14,17.91,18.18,17.83,18.16,3748800,0.0
2026-01-15,18.7,18.75,18.58,18.63,3314200,0.0
2026-01-16,18.8,18.9,18.7,18.9,3065100,0.0
2026-01-20,18.29,18.45,18.22,18.28,3636100,0.0
2026-01-21,17.85,18.31,17.85,18.26,3991900,0.0
2026-01-22,17.9,17.95,17.82,17.9,3526400,0.0
2026-01-23,17.93,17.93,17.77,17.88,4156900,0.0
2026-01-26,17.8,17.94,17.77,17.85,4183600,0.0
2026-01-27,18.03,18.15,18.0,18.15,1875700,0.0
2026-01-28,17.95,18.0,17.75,17.95,3085600,0.0
2026-01-29,18.17,18.33,17.96,18.2,2909400,0.0
2026-01-30,18.15,18.29,17.89,18.05,3286900,0.0
2026-02-02,17.81,18.26,17.81,18.24,2509100,0.0
2026-02-03,18.49,18.58,18.28,18.52,4021300,0.0
2026-02-04,18.65,18.89,18.42,18.55,3910900,0.0
2026-02-05,18.3,18.44,18.19,18.25,3985000,0.0
2026-02-06,19.03,19.17,18.99,19.14,3925300,0.0
2026-02-09,19.02,19.26,18.92,19.21,2707200,0.0
2026-02-10,19.6,19.71,19.27,19.39,3901100,0.0
2026-02-11,19.53,19.63,19.34,19.62,4038700,0.0
2026-02-12,20.0,20.15,19.46,19.6,5588900,0.0
2026-02-13,19.62,19.79,19.41,19.73,3841200,0.0
2026-02-17,18.78,19.3,18.75,19.25,3595200,0.0
2026-02-18,19.29,19.45,19.21,19.3,3719200,0.0
2026-02-19,19.21,19.29,19.15,19.26,2627300,0.0
2026-02-20,18.96,19.36,18.74,19.36,2540000,0.0
2026-02-23,19.34,19.52,18.98,19.04,4080400,0.0
2026-02-24,18.48,18.76,18.38,18.71,3432800,0.0
2026-02-25,18.29,18.69,18.28,18.63,3601100,0.0
2026-02-26,18.83,19.03,18.81,18.95,4933200,0.0
2026-02-27,18.99,19.01,18.42,18.64,4293400,0.0
2026-03-02,17.75,18.18,17.6,18.09,6267000,0.0
2026-03-03,16.96,17.6,16.73,17.51,6785500,0.0
2026-03-04,17.39,17.64,17.39,17.6,3541000,0.0
2026-03-05,17.45,17.53,17.01,17.23,3693900,0.0
2026-03-06,17.0,17.13,16.85,17.04,4428100,0.0
2026-03-09,16.86,17.29,16.59,17.28,6673172,0.0
2026-03-10,17.47,17.79,17.355,17.45,5523949,0.0
2026-03-11,16.94,17.07,16.84,16.97,4418800,0.0
2026-03-12,16.57,16.64,16.31,16.46,5322700,0.0
2026-03-13,16.7,16.78,16.38,16.43,4085100,0.0
2026-03-16,16.7,16.82,16.63,16.73,4241000,0.0
2026-03-17,16.91,16.99,16.8,16.84,3124800,0.0
2026-03-18,16.75,16.93,16.7,16.72,2710900,0.0
2026-03-19,16.58,16.99,16.5,16.9,5219100,0.0
2026-03-20,16.94,16.94,16.39,16.45,4904700,0.0
2026-03-23,16.62,16.88,16.56,16.66,4747600,0.0
2026-03-24,16.51,16.84,16.51,16.72,3538600,0.0
2026-03-25,17.16,17.16,16.87,16.96,3119000,0.0
2026-03-26,16.64,16.88,16.58,16.62,2770700,0.0
2026-03-27,16.53,16.64,16.3,16.33,3770500,0.0
2026-03-30,16.5,16.58,16.255,16.32,3175501,0.0
2026-03-31,16.43,16.97,16.43,16.97,4185600,0.0
2026-04-01,17.69,17.915,17.58,17.7,5308306,0.0
2026-04-02,16.98,17.56,16.98,17.48,3496700,0.0
2026-04-06,17.51,17.66,17.49,17.58,3285200,0.0
2026-04-07,17.49,17.66,17.3,17.64,3324000,0.0
2026-04-08,18.51,18.6,18.31,18.43,2881600,0.0
2026-04-09,17.9,18.26,17.81,18.15,2971700,0.0
2026-04-10,18.06,18.12,17.98,18.05,2487500,0.0
2026-04-13,17.92,18.25,17.89,18.23,2821800,0.0
2026-04-14,18.09,18.22,18.06,18.17,1849100,0.0
2026-04-15,18.34,18.48,18.33,18.45,2520200,0.0
2026-04-16,18.45,18.53,18.32,18.38,1861000,0.0
2026-04-17,18.35,18.65,18.35,18.51,4359700,0.0
2026-04-20,18.35,18.35,18.15,18.23,5195700,0.0
2026-04-21,18.0,18.0,17.5,17.53,4578100,0.0
2026-04-22,17.65,17.67,17.37,17.38,2612100,0.0
2026-04-23,17.32,17.43,17.06,17.22,2650300,0.0
2026-04-24,17.25,17.34,17.19,17.29,2028900,0.0
2026-04-27,17.51,17.62,17.4,17.44,1958700,0.0
2026-04-28,17.82,17.83,17.47,17.54,5426200,0.0
2026-04-29,17.53,17.57,17.375,17.44,2053163,0.0
2026-04-30,17.7,18.04,17.7,17.95,2524000,0.0
2026-05-01,17.79,17.88,17.68,17.69,1513100,0.0
2026-05-04,17.73,17.84,17.56,17.57,2003500,0.0
2026-05-05,17.68,17.89,17.68,17.76,1745100,0.0
2026-05-06,18.3,18.48,18.27,18.39,2533100,0.0
2026-05-07,18.32,18.35,17.99,18.0,3206200,0.0
2026-05-08,18.12,18.12,17.91,17.95,1760000,0.0
2026-05-11,18.22,18.335,18.175,18.19,2376394,0.0
2026-05-12,18.19,18.51,18.19,18.46,3319200,0.0
2026-05-13,18.43,18.8,18.43,18.61,4110900,0.0
2026-05-14,18.43,18.6,18.29,18.48,4101700,0.0
2026-05-15,18.69,19.05,18.67,18.84,5010800,0.0
2026-05-18,19.19,19.24,18.97,19.19,3573500,0.0
2026-05-19,19.49,19.68,19.36,19.45,4021400,0.0
2026-05-20,19.33,19.63,19.3,19.6,3309000,0.0
2026-05-21,19.3,19.51,19.18,19.38,4177400,0.0
2026-05-22,19.45,19.57,19.34,19.4,3150200,0.0
2026-05-26,19.36,19.44,19.27,19.33,2601900,0.0
2026-05-27,19.11,19.11,18.89,18.98,3254400,0.0
2026-05-28,18.77,18.95,18.59,18.82,3089500,0.0
2026-05-29,18.85,18.87,18.69,18.71,4020800,0.0
2026-06-01,18.76,19.02,18.74,18.89,3912300,0.0
2026-06-02,19.04,19.24,19.02,19.17,2106200,0.0
2026-06-03,19.51,19.6,19.42,19.45,2011200,0.0
2026-06-04,19.82,20.18,19.82,20.05,2733200,0.0
2026-06-05,20.14,20.23,19.85,19.91,3999500,0.0
2026-06-08,20.04,20.13,19.9,19.92,2306500,0.0
2026-06-09,20.01,20.11,19.58,19.83,3374600,0.0
2026-06-10,19.92,20.01,19.67,19.67,3196000,0.0
2026-06-11,19.65,20.14,19.57,20.08,3740800,0.0
2026-06-12,19.92,20.16,19.9,20.16,3447800,0.0
2026-06-15,20.34,20.39,20.15,20.18,2339400,0.0
2026-06-16,20.32,20.355,20.22,20.3,3007840,0.0
2026-06-17,20.56,21.05,20.56,20.75,4801400,0.0
2026-06-18,21.14,21.18,21.02,21.08,3642600,0.0
2026-06-22,20.95,21.15,20.79,20.86,5228300,0.0
2026-06-23,20.2,20.32,20.03,20.17,3274762,0.0
2026-06-24,19.9,19.91,19.73,19.81,2997100,0.0
2026-06-25,20.09,20.22,19.94,20.02,2988900,0.0
2026-06-26,20.09,20.33,20.08,20.16,2349100,0.0
2026-06-29,19.95,20.04,19.86,19.98,2102500,0.0
2026-06-30,19.82,19.93,19.775,19.89,2262127,0.0
2026-07-01,20.07,20.33,20.07,20.27,2710600,0.0
2026-07-02,20.79,20.85,20.475,20.61,3839763,0.0
2026-07-06,20.95,21.21,20.95,21.17,4090800,0.0
2026-07-07,21.44,21.5,21.17,21.29,3064500,0.0
2026-07-08,21.08,21.24,20.91,21.08,4246400,0.0
2026-07-09,21.12,21.32,21.08,21.25,2867200,0.0
2026-07-10,21.48,21.73,21.48,21.65,2124100,0.0
2026-07-13,22.03,22.06,21.84,21.94,3854100,0.0
2026-07-14,22.31,22.78,22.27,22.5,5126000,0.0
2026-07-15,22.78,22.83,22.58,22.77,2629400,0.0
2026-07-16,22.37,22.43,22.13,22.13,3772400,0.0
2026-07-17,21.32,21.55,21.19,21.32,5060500,0.0
2026-07-20,21.45,21.62,21.38,21.41,3232700,0.0
2026-07-21,22.0,22.21,21.89,22.12,2312800,0.0
2026-07-22,22.32,22.53,22.32,22.41,2666400,0.0
2026-07-23,22.63,22.68,22.52,22.62,3579100,0.0
2026-07-24,23.0,23.08,22.89,22.89,2829700,0.0
2026-07-27,23.17,23.25,22.87,23.1,3574900,0.0
2026-07-28,22.31,22.55,22.24,22.43,3251200,0.0
2026-07-29,22.4,22.42,21.94,21.94,3890200,0.0
2026-07-30,21.88,22.5,21.86,22.5,4518500,0.0
2026-07-31,22.41,22.65,22.35,22.45,4723900,0.0
2026-08-03,22.74,22.87,22.35,22.49,3811674,0.0
2026-08-04,22.07,22.07,21.81,21.83,4701700,0.0
2026-08-05,22.57,22.64,22.4,22.42,3095500,0.0
2026-08-06,22.69,22.7,22.48,22.52,2212200,0.0
2026-08-07,22.58,22.62,22.39,22.49,2196800,0.0
2026-08-10,22.14,22.24,22.07,22.24,1869700,0.0
2026-08-11,22.2,22.36,22.09,22.12,1590700,0.0
2026-08-12,22.82,22.86,22.72,22.76,2292400,0.0
2026-08-13,23.16,23.235,23.035,23.1,2503023,0.0
