date,open,high,low,close,volume,amount
1999-03-10,102.125,102.3125,100.5625,102.125,5232200,0.0
1999-03-11,102.875,103.4688,100.625,102.625,9688600,0.0
1999-03-12,102.25,102.3125,99.3125,100.125,8743600,0.0
1999-03-15,100.875,103.125,99.8125,103.0,6369000,0.0
1999-03-16,103.4375,104.3125,102.3125,103.875,4905800,0.0
1999-03-17,103.875,104.0,102.8125,103.125,3965000,0.0
1999-03-18,103.0,105.1875,102.9688,105.125,4848400,0.0
1999-03-19,106.5,106.5,102.375,102.4375,7160400,0.0
1999-03-22,102.875,103.125,101.0,101.1875,5024800,0.0
1999-03-23,100.625,101.0,97.4375,97.625,10962400,0.0
1999-03-24,98.5,101.0,97.0,100.9375,8447000,0.0
1999-03-25,102.5,104.625,101.8281,104.625,8133800,0.0
1999-03-26,103.75,104.9375,103.0625,103.5,8256200,0.0
1999-03-29,104.75,107.3125,104.125,107.25,5113800,0.0
1999-03-30,107.125,108.0,106.0625,106.5,4940600,0.0
1999-03-31,108.25,108.375,104.625,104.9375,8256600,0.0
1999-04-01,108.0,108.125,105.375,107.125,8715800,0.0
1999-04-05,108.8594,111.1562,108.1875,111.0,5697200,0.0
1999-04-06,110.875,112.4375,109.9375,111.2188,7522400,0.0
1999-04-07,112.25,112.5,107.6875,110.0625,11923600,0.0
1999-04-08,109.875,111.4688,107.625,110.9375,7952400,0.0
1999-04-09,110.75,111.875,110.4375,111.625,4946800,0.0
1999-04-12,109.0,111.625,108.875,110.875,10934000,0.0
1999-04-13,111.5625,111.8125,108.5,109.375,9962200,0.0
1999-04-14,110.75,110.875,105.0156,105.625,21253800,0.0
1999-04-15,106.0,107.2344,102.25,107.0625,17650600,0.0
1999-04-16,106.8125,106.8125,103.375,103.9375,17274000,0.0
1999-04-19,104.625,105.5,98.0156,99.0625,19460600,0.0
1999-04-20,98.625,102.125,97.6875,101.3125,17413600,0.0
1999-04-21,102.25,106.375,100.875,106.3125,10940400,0.0
1999-04-22,107.3125,109.5,106.6094,109.1875,13630600,0.0
1999-04-23,108.625,111.4375,107.5,110.625,7064400,0.0
1999-04-26,111.375,114.0,111.0156,113.1719,5421000,0.0
1999-04-27,114.0,114.5625,110.0156,111.4375,16482800,0.0
1999-04-28,110.5,110.875,107.1406,107.625,7676800,0.0
1999-04-29,107.125,107.75,104.5,106.75,19148200,0.0
1999-04-30,108.25,108.8125,103.625,107.4375,15295200,0.0
1999-05-03,107.125,107.5625,105.0781,106.875,11109800,0.0
1999-05-04,107.0625,108.75,104.5625,105.1875,15428400,0.0
1999-05-05,105.25,108.375,102.0625,108.375,12642600,0.0
1999-05-06,107.375,108.3125,103.4375,104.4375,15173400,0.0
1999-05-07,105.375,106.25,103.125,105.9375,16430400,0.0
1999-05-10,106.625,107.7188,105.375,107.0,10604200,0.0
1999-05-11,107.875,109.25,107.25,108.6875,8800800,0.0
1999-05-12,109.1875,111.3125,106.0,110.9375,12507400,0.0
1999-05-13,111.8125,112.0,108.375,108.875,9864000,0.0
1999-05-14,106.75,108.0,106.0,106.8125,12205400,0.0
1999-05-17,105.875,109.0625,104.8281,108.7344,9906800,0.0
1999-05-18,108.625,109.25,107.0,108.25,9267800,0.0
1999-05-19,108.6875,109.8125,107.0,109.75,7985600,0.0
1999-05-20,109.9844,109.9844,106.5625,106.7344,5997200,0.0
1999-05-21,107.0625,107.375,105.1875,105.75,10471600,0.0
1999-05-24,105.9375,106.125,102.375,103.0625,9569800,0.0
1999-05-25,102.9375,104.4375,99.25,99.6875,17771200,0.0
1999-05-26,101.0,102.875,97.875,102.4688,26772000,0.0
1999-05-27,102.0625,103.8594,100.75,102.375,23334800,0.0
1999-05-28,103.0,104.625,101.6875,104.0625,12969800,0.0
1999-06-01,103.875,104.375,101.1875,101.75,6960200,0.0
1999-06-02,101.6875,104.0,99.1406,103.4688,11996600,0.0
1999-06-03,104.25,104.25,101.375,102.0,11147800,0.0
1999-06-04,102.75,105.4844,102.75,105.125,12987200,0.0
1999-06-07,105.8594,107.9844,105.625,107.3125,11491800,0.0
1999-06-08,107.5625,108.0625,104.0781,104.625,8134800,0.0
1999-06-09,105.0,106.6719,104.9375,106.375,8384400,0.0
1999-06-10,105.25,105.875,103.8906,105.1562,9392400,0.0
1999-06-11,105.875,105.9844,102.625,103.5625,16567600,0.0
1999-06-14,103.9375,103.9375,101.375,101.6094,14136800,0.0
1999-06-15,101.8594,103.7344,101.5625,103.125,9147800,0.0
1999-06-16,105.6875,108.4219,105.5625,108.4219,15060200,0.0
1999-06-17,107.0,110.125,107.0,109.625,16278200,0.0
1999-06-18,108.625,110.4375,108.4375,110.125,5392800,0.0
1999-06-21,110.875,113.4844,110.6875,113.4219,10565200,0.0
1999-06-22,112.75,114.1875,110.0,110.0,10862800,0.0
1999-06-23,110.0156,112.0,109.3125,111.7344,9607000,0.0
1999-06-24,111.6875,111.75,109.0,109.5156,14988800,0.0
1999-06-25,110.25,111.125,108.375,109.375,8635600,0.0
1999-06-28,110.3125,112.125,109.4062,111.9688,7666200,0.0
1999-06-29,111.875,113.9375,111.3125,113.5,9000400,0.0
1999-06-30,113.6094,119.875,112.2656,115.25,19467600,0.0
1999-07-01,115.625,116.6875,113.625,116.0312,6822600,0.0
1999-07-02,116.0,117.625,116.0,117.5,3302000,0.0
1999-07-06,118.125,119.3125,116.125,116.75,8794800,0.0
1999-07-07,116.6875,117.4375,115.875,116.9375,10520000,0.0
1999-07-08,116.9375,118.9844,116.375,118.5,11225000,0.0
1999-07-09,118.9375,119.8125,118.0625,119.6875,4191200,0.0
1999-07-12,120.125,120.75,118.375,119.0625,7816200,0.0
1999-07-13,118.5,118.9375,117.5625,118.5,6230000,0.0
1999-07-14,119.6875,120.75,118.0,120.5156,6909400,0.0
1999-07-15,120.9375,121.625,120.2656,121.625,6539800,0.0
1999-07-16,121.6875,123.4375,121.6406,122.75,4913800,0.0
1999-07-19,123.25,123.25,121.0156,121.5,6833000,0.0
1999-07-20,120.0156,120.1875,116.5,116.8125,14837400,0.0
1999-07-21,117.0625,118.3906,116.125,117.375,10980400,0.0
1999-07-22,117.375,117.375,114.0625,114.3906,15148400,0.0
1999-07-23,115.25,115.7344,113.375,114.5625,12115000,0.0
1999-07-26,113.0,114.25,111.5625,111.75,10720000,0.0
1999-07-27,114.0,115.75,113.0312,114.0,13732800,0.0
1999-07-28,115.375,116.875,113.8906,116.2344,10161800,0.0
1999-07-29,114.0625,115.0,112.625,113.75,13033800,0.0
1999-07-30,114.25,115.5,113.0156,113.1875,10947400,0.0
1999-08-02,113.375,115.625,112.4375,112.875,9642400,0.0
1999-08-03,114.4219,114.4375,110.5,112.1406,13005000,0.0
1999-08-04,112.1406,112.9844,110.0156,110.1094,13227600,0.0
1999-08-05,110.125,111.8594,107.5,111.8594,18695200,0.0
1999-08-06,111.0625,113.125,109.875,110.6562,12392200,0.0
1999-08-09,111.0625,111.375,109.0156,109.2344,7983400,0.0
1999-08-10,108.9375,109.7344,105.875,108.25,16767200,0.0
1999-08-11,110.1875,112.0,108.5312,111.8125,13101400,0.0
1999-08-12,112.25,113.0,110.25,110.5,12715000,0.0
1999-08-13,112.8125,115.4375,112.625,115.3125,14342600,0.0
1999-08-16,115.25,116.625,114.5,116.2344,11470600,0.0
1999-08-17,117.25,117.375,114.6875,116.8125,11408400,0.0
1999-08-18,116.25,117.6875,115.0625,115.5,7035200,0.0
1999-08-19,114.4375,115.25,113.3906,114.125,10157800,0.0
1999-08-20,114.25,115.9375,113.625,115.9375,6920800,0.0
1999-08-23,117.0,119.625,116.7344,119.625,9652000,0.0
1999-08-24,118.75,121.75,118.5156,120.4375,13891400,0.0
1999-08-25,121.1875,123.5,119.875,123.0,11352000,0.0
1999-08-26,123.0,123.4375,120.7656,120.9531,9753000,0.0
1999-08-27,121.8594,121.875,119.4375,119.75,9635400,0.0
1999-08-30,120.25,120.625,117.75,118.0625,10141600,0.0
1999-08-31,118.875,120.125,116.25,119.375,14590400,0.0
1999-09-01,120.125,121.25,119.375,120.2344,10752000,0.0
1999-09-02,118.0,120.4375,117.75,119.8125,14583200,0.0
1999-09-03,123.25,125.3594,122.8125,125.3125,14195400,0.0
1999-09-07,125.0625,126.3125,124.5625,124.75,9009000,0.0
1999-09-08,124.0,125.25,122.0625,123.0625,14303400,0.0
1999-09-09,123.125,125.125,122.5,124.8125,12677600,0.0
1999-09-10,126.5,127.4844,125.0625,126.25,10251000,0.0
1999-09-13,126.125,126.375,124.0625,124.7344,7240800,0.0
1999-09-14,124.25,126.2969,124.0,125.4219,10022600,0.0
1999-09-15,126.9844,126.9844,122.875,123.0,16096000,0.0
1999-09-16,122.9375,124.0625,120.3906,122.9375,15371000,0.0
1999-09-17,124.0625,126.875,123.875,126.625,14506400,0.0
1999-09-20,127.0,127.5,126.0625,126.9219,6187200,0.0
1999-09-21,125.8125,126.0625,123.5156,123.875,12265800,0.0
1999-09-22,124.0625,125.8438,122.5625,125.1875,12441800,0.0
1999-09-23,126.5,126.75,119.2656,120.0,19766000,0.0
1999-09-24,119.25,120.625,117.25,120.1562,23570800,0.0
1999-09-27,121.875,122.75,120.625,121.0,12608800,0.0
1999-09-28,120.3906,122.0,117.8125,121.5625,20622000,0.0
1999-09-29,121.5625,122.4375,119.125,119.125,15557000,0.0
1999-09-30,120.25,121.625,118.75,120.375,17604200,0.0
1999-10-01,118.75,120.4219,117.5,120.4219,19607400,0.0
1999-10-04,121.0625,123.5625,120.375,123.125,12434200,0.0
1999-10-05,123.5625,125.5,121.375,124.0,19526400,0.0
1999-10-06,124.75,126.6719,122.8594,126.4844,19098200,0.0
1999-10-07,127.1875,127.7969,125.25,126.1875,22013600,0.0
1999-10-08,125.6875,127.875,124.0,127.5156,22523200,0.0
1999-10-11,127.875,129.375,127.5625,129.3125,13016000,0.0
1999-10-12,128.875,129.9062,126.0,126.375,20182800,0.0
1999-10-13,124.9375,126.4375,122.125,122.625,22570600,0.0
1999-10-14,123.0625,124.25,121.0625,123.3906,22130400,0.0
1999-10-15,120.25,122.0,119.0156,119.75,33703000,0.0
1999-10-18,119.875,120.3125,114.8281,118.2344,24714800,0.0
1999-10-19,119.5156,120.125,116.875,118.875,26657200,0.0
1999-10-20,120.6875,123.4844,119.5,122.5,22486400,0.0
1999-10-21,120.5,124.5,119.625,124.5,22454800,0.0
1999-10-22,125.2344,126.5,123.5,123.9375,16589400,0.0
1999-10-25,123.375,125.3594,122.875,124.0,13855400,0.0
1999-10-26,125.5,126.1875,122.75,123.0,13542400,0.0
1999-10-27,122.6875,123.25,120.8906,122.8125,15225200,0.0
1999-10-28,124.75,127.5,123.625,127.0625,14103800,0.0
1999-10-29,130.0,132.5,129.5625,131.5,18998000,0.0
1999-11-01,131.5,133.0625,130.6406,130.8125,9681800,0.0
1999-11-02,131.5,133.125,130.3906,130.8906,12834800,0.0
1999-11-03,132.75,134.25,132.375,133.5,18752600,0.0
1999-11-04,135.3594,135.625,133.5625,135.0,20048600,0.0
1999-11-05,137.75,138.4375,136.375,136.375,15134600,0.0
1999-11-08,136.875,139.6094,136.4375,139.125,10890800,0.0
1999-11-09,140.25,140.5,137.0,138.1875,14629800,0.0
1999-11-10,138.25,141.1875,137.625,140.0,16561000,0.0
1999-11-11,141.5,142.6875,140.25,142.5,18501400,0.0
1999-11-12,143.25,144.5,138.75,144.375,28646600,0.0
1999-11-15,144.5,145.0,143.375,144.0938,10909400,0.0
1999-11-16,144.625,148.4375,144.0,147.75,19126400,0.0
1999-11-17,147.75,148.3906,145.0,145.75,21683600,0.0
1999-11-18,146.75,150.2188,145.875,150.2188,17738400,0.0
1999-11-19,149.5625,151.8125,140.3125,151.5625,17939800,0.0
1999-11-22,151.875,155.0,150.25,155.0,18841600,0.0
1999-11-23,152.875,153.0,148.5,149.9375,24047600,0.0
1999-11-24,150.375,155.4844,148.8125,154.875,18617800,0.0
1999-11-26,156.8125,157.5625,154.75,155.375,8045200,0.0
1999-11-29,155.0625,156.375,152.625,152.8125,20485200,0.0
1999-11-30,153.125,153.375,147.875,148.0,23697800,0.0
1999-12-01,148.625,150.9375,147.5,150.1875,23205800,0.0
1999-12-02,150.75,155.25,150.6562,154.9531,17229200,0.0
1999-12-03,158.625,160.375,157.8125,158.25,21444600,0.0
1999-12-06,158.8594,161.0,157.375,159.6875,16018400,0.0
1999-12-07,160.1875,160.8125,157.6719,159.6875,23397000,0.0
1999-12-08,159.7344,160.9844,157.375,157.75,19563000,0.0
1999-12-09,160.0,160.875,154.5,158.0,28444400,0.0
1999-12-10,159.8125,160.375,156.25,159.0,20427600,0.0
1999-12-13,159.2656,162.6719,158.5625,161.9844,16209200,0.0
1999-12-14,161.5,162.4375,158.0,159.0625,27760000,0.0
1999-12-15,157.25,162.0,155.875,162.0,31796600,0.0
1999-12-16,164.25,166.5,163.5,166.25,27217600,0.0
1999-12-17,169.0,169.75,166.8594,167.5625,23892400,0.0
1999-12-20,168.8125,170.5,167.375,169.75,15391400,0.0
1999-12-21,170.25,177.5,169.2812,177.375,26003400,0.0
1999-12-22,178.375,178.625,174.875,178.3125,22313600,0.0
1999-12-23,179.7344,181.5,178.0,179.3125,17542000,0.0
1999-12-27,180.625,187.1406,175.8125,179.375,19282800,0.0
1999-12-28,179.5,181.0,177.125,178.375,15345400,0.0
1999-12-29,180.0,185.0,179.75,185.0,16512400,0.0
1999-12-30,187.25,187.5,183.0,183.0,21887000,0.0
1999-12-31,185.25,186.375,182.75,182.75,14453200,0.0
2000-01-03,192.375,192.375,180.0,189.5,36358000,0.0
2000-01-04,184.0,187.0,175.875,176.0156,33782800,0.0
2000-01-05,175.0,180.0625,168.5,172.375,42498398,0.0
2000-01-06,173.75,176.0,160.0,161.5,37009398,0.0
2000-01-07,165.875,177.0,165.0,177.0,28129400,0.0
2000-01-10,182.0,187.875,179.875,184.5,29672200,0.0
2000-01-11,183.5,185.75,174.0,176.5,32512600,0.0
2000-01-12,178.0,178.4844,172.0,173.125,29047200,0.0
2000-01-13,177.0,183.0,174.1562,182.5,25163200,0.0
2000-01-14,186.0,187.25,184.0,185.375,21898000,0.0
2000-01-18,184.125,188.875,182.875,188.0,16749000,0.0
2000-01-19,186.9844,192.0,184.8594,190.5625,18995600,0.0
2000-01-20,191.0,193.75,188.0156,191.0,25955600,0.0
2000-01-21,193.0,193.125,190.125,192.5,18696200,0.0
2000-01-24,194.875,195.25,181.9375,182.5,28337200,0.0
2000-01-25,183.75,188.2344,178.8125,186.3125,33273398,0.0
2000-01-26,186.5,186.625,178.0,179.0,23090000,0.0
2000-01-27,183.5,185.0,175.25,181.0,30730200,0.0
2000-01-28,180.0,180.9375,169.5,171.5,35313602,0.0
2000-01-31,171.75,180.0,167.0,180.0,36012200,0.0
2000-02-01,179.0625,185.0,176.875,185.0,26416600,0.0
2000-02-02,184.5,189.4375,184.1875,185.75,26169200,0.0
2000-02-03,188.625,193.25,184.5625,192.25,30578600,0.0
2000-02-04,194.0,196.4844,192.4375,193.8125,26636200,0.0
2000-02-07,194.5,197.0,192.5,196.8125,17760000,0.0
2000-02-08,198.75,204.5,198.75,204.5,21984800,0.0
2000-02-09,204.125,204.3906,197.5,198.0,27294200,0.0
2000-02-10,199.625,204.5,197.1094,204.375,26340200,0.0
2000-02-11,204.125,204.125,196.0,198.0,24875000,0.0
2000-02-14,199.9844,200.0,195.5,198.7188,22813800,0.0
2000-02-15,197.875,201.25,191.75,200.5,30571800,0.0
2000-02-16,199.8125,203.375,198.625,199.8125,25309400,0.0
2000-02-17,202.375,206.5,199.25,203.75,30076600,0.0
2000-02-18,205.25,206.0,196.875,197.625,25269000,0.0
2000-02-22,198.0,199.875,192.5,197.3125,37227000,0.0
2000-02-23,199.3594,210.0,198.3125,208.25,32167600,0.0
2000-02-24,209.75,213.6094,204.0,213.0,48862398,0.0
2000-02-25,212.375,215.0,207.75,208.375,32615800,0.0
2000-02-28,206.5,211.375,201.0,207.5,38215800,0.0
2000-02-29,211.5,214.1875,209.875,214.0,23975000,0.0
2000-03-01,214.5,217.125,213.0,215.25,24466400,0.0
2000-03-02,216.125,216.375,209.5,210.2656,32739200,0.0
2000-03-03,216.0,222.25,214.0,219.0469,32014800,0.0
2000-03-06,223.5,226.4375,220.5,223.0,23269000,0.0
2000-03-07,227.625,227.75,217.5,219.5,39467398,0.0
2000-03-08,222.0,224.0,212.5625,223.125,43508398,0.0
2000-03-09,222.4375,230.0,218.1875,230.0,30096800,0.0
2000-03-10,229.75,232.875,227.0156,229.375,29668400,0.0
2000-03-13,220.0,228.25,219.0625,222.375,37543800,0.0
2000-03-14,225.5,226.75,210.0,214.0,39103800,0.0
2000-03-15,213.0,214.0,203.75,205.9375,51199602,0.0
2000-03-16,210.75,218.5,202.0,217.0,55280398,0.0
2000-03-17,216.0,222.125,215.875,221.625,31422200,0.0
2000-03-20,111.0,111.5,106.25,107.25,21164400,0.0
2000-03-21,106.125,111.875,103.5625,111.5,33431301,0.0
2000-03-22,113.5,115.9688,111.125,114.0,24334199,0.0
2000-03-23,114.4844,117.75,113.5625,116.375,19226900,0.0
2000-03-24,117.4844,120.5,115.0156,117.875,22062400,0.0
2000-03-27,118.0,119.5,117.125,117.3594,11752200,0.0
2000-03-28,116.9844,117.8125,114.375,115.0,18334100,0.0
2000-03-29,115.375,115.4375,110.0,110.5,27189301,0.0
2000-03-30,107.25,112.75,103.5,107.25,42319699,0.0
2000-03-31,108.1406,110.625,104.0,109.5,31348900,0.0
2000-04-03,107.7656,109.125,100.75,103.5,31536600,0.0
2000-04-04,103.625,103.9375,88.3125,100.75,66194102,0.0
2000-04-05,97.5,103.9375,96.25,99.0,37005102,0.0
2000-04-06,102.375,103.875,99.75,102.3125,30496900,0.0
2000-04-07,104.125,107.375,102.625,106.0,20645301,0.0
2000-04-10,107.625,107.6875,99.25,100.0,26985199,0.0
2000-04-11,97.125,101.5,95.75,97.7344,34495602,0.0
2000-04-12,97.625,98.75,63.125,92.0,34824898,0.0
2000-04-13,92.8125,96.0,88.25,89.0,46323801,0.0
2000-04-14,86.0625,88.5,78.0,79.75,60840398,0.0
2000-04-17,78.0156,90.0,78.0,89.0,55386199,0.0
2000-04-18,89.4844,93.0,87.375,91.75,36252602,0.0
2000-04-19,92.5,93.625,89.0625,89.0625,28077900,0.0
2000-04-20,90.375,90.9688,86.1875,86.875,21252000,0.0
2000-04-24,83.4375,85.25,79.875,85.0,31245600,0.0
2000-04-25,86.5,90.5,86.0,90.4375,28614301,0.0
2000-04-26,90.625,92.4219,87.125,87.375,25679699,0.0
2000-04-27,83.5,92.4844,82.25,91.375,37032898,0.0
2000-04-28,93.5625,94.75,92.125,94.5,24826699,0.0
2000-05-01,95.75,96.875,94.25,95.75,23203400,0.0
2000-05-02,94.875,95.625,89.75,90.0,20304600,0.0
2000-05-03,89.5,90.25,85.5156,89.375,26587301,0.0
2000-05-04,89.0,90.75,87.625,89.125,17749301,0.0
2000-05-05,88.125,92.3125,88.0313,91.5,20569199,0.0
2000-05-08,90.5,90.75,87.75,88.25,13901100,0.0
2000-05-09,88.5,89.125,84.75,85.5,19796801,0.0
2000-05-10,84.375,85.4375,79.5,80.0,34814398,0.0
2000-05-11,82.75,85.25,80.875,84.75,24707000,0.0
2000-05-12,85.375,87.5625,84.0,84.6875,17830801,0.0
2000-05-15,84.8125,88.625,82.625,88.625,17946500,0.0
2000-05-16,90.0,91.5,88.0625,91.0625,23826900,0.0
2000-05-17,89.25,90.5,87.75,89.1875,20336801,0.0
2000-05-18,89.0,89.3594,85.375,85.6875,19061100,0.0
2000-05-19,83.75,85.0,81.3125,81.6875,28178100,0.0
2000-05-22,81.625,82.25,75.5781,82.0,43876898,0.0
2000-05-23,81.375,82.625,74.625,75.125,31906900,0.0
2000-05-24,75.0,79.875,72.25,79.75,49469602,0.0
2000-05-25,80.25,82.25,76.5,77.5,29631500,0.0
2000-05-26,77.75,79.25,75.75,77.6875,18199500,0.0
2000-05-30,80.0,85.9375,80.0,85.5,30882400,0.0
2000-05-31,84.4688,86.6719,82.75,83.0,29666801,0.0
2000-06-01,85.1875,88.375,84.0,87.5,28987801,0.0
2000-06-02,92.625,94.1094,91.875,93.25,32238699,0.0
2000-06-05,92.25,95.3125,91.875,93.625,23780600,0.0
2000-06-06,93.1875,95.0,90.875,91.375,23199000,0.0
2000-06-07,91.5625,93.4375,89.5625,93.4375,22520900,0.0
2000-06-08,94.625,94.875,91.625,93.0,19308801,0.0
2000-06-09,94.75,94.75,93.0,93.5625,17013000,0.0
2000-06-12,94.3125,94.3125,90.8125,91.0,16421301,0.0
2000-06-13,90.5,94.1875,89.3594,94.1875,25039400,0.0
2000-06-14,94.875,94.875,91.5625,92.1563,20239600,0.0
2000-06-15,91.875,93.8125,90.875,93.7969,18676500,0.0
2000-06-16,94.75,95.3125,93.0625,94.1719,21158500,0.0
2000-06-19,94.0156,98.25,92.6875,97.8125,19986500,0.0
2000-06-20,98.25,99.6875,97.1875,98.3906,20876199,0.0
2000-06-21,96.8125,99.7188,96.6875,98.6875,20841000,0.0
2000-06-22,98.625,99.0,94.7656,94.7656,21406600,0.0
2000-06-23,95.0,95.5,91.4375,91.6406,24801100,0.0
2000-06-26,93.0625,94.4219,92.0,94.1875,22073100,0.0
2000-06-27,93.7656,95.0625,92.3906,92.7188,14741500,0.0
2000-06-28,92.9844,95.5,92.5,93.8906,19233801,0.0
2000-06-29,92.9375,93.375,90.625,91.7031,21258400,0.0
2000-06-30,91.8125,93.9531,91.3125,93.1875,15065600,0.0
2000-07-03,93.5,95.25,93.25,95.125,5186000,0.0
2000-07-05,93.625,93.9688,90.875,91.25,16069500,0.0
2000-07-06,91.5625,94.75,90.0625,94.5625,23457600,0.0
2000-07-07,95.0,97.0,94.4375,95.4063,16488500,0.0
2000-07-10,94.6875,95.875,94.0,94.25,12591100,0.0
2000-07-11,94.0625,95.75,92.8125,93.2031,14316400,0.0
2000-07-12,95.4375,97.75,94.625,96.9688,18217699,0.0
2000-07-13,97.9375,99.75,97.125,98.9375,19404301,0.0
2000-07-14,100.25,101.125,98.8125,100.625,17140199,0.0
2000-07-17,100.9375,102.0625,99.875,101.4375,12857900,0.0
2000-07-18,100.375,100.7812,98.3594,99.25,20473900,0.0
2000-07-19,98.3125,98.9375,95.6563,96.625,21262100,0.0
2000-07-20,97.875,100.1875,97.2656,100.1875,19338100,0.0
2000-07-21,98.4375,99.5156,97.1406,97.3125,14369400,0.0
2000-07-24,97.9375,99.0,94.3125,94.3125,18449900,0.0
2000-07-25,95.625,96.7344,93.8125,96.0781,18997199,0.0
2000-07-26,95.5,96.125,93.25,95.625,20236900,0.0
2000-07-27,93.9375,95.0625,91.5625,91.5625,25756600,0.0
2000-07-28,92.1875,92.875,86.0,86.8125,36359500,0.0
2000-07-31,87.625,90.125,85.7188,89.5,27316000,0.0
2000-08-01,89.8125,89.9844,87.4844,88.4063,15711900,0.0
2000-08-02,87.875,90.3906,86.6875,86.8594,23445199,0.0
2000-08-03,84.25,90.8125,83.3125,90.8125,35590102,0.0
2000-08-04,92.0,92.7656,89.125,90.0,22236199,0.0
2000-08-07,90.875,93.0313,90.25,92.2656,15046100,0.0
2000-08-08,92.0625,93.4375,91.5,92.0,14368300,0.0
2000-08-09,93.6875,94.4375,91.3906,91.6094,18466400,0.0
2000-08-10,91.8125,92.2344,89.6875,89.9375,15270800,0.0
2000-08-11,89.25,91.1094,87.875,90.875,20825000,0.0
2000-08-14,91.375,93.0,90.2031,92.9375,12466400,0.0
2000-08-15,92.75,93.9844,92.0,93.0625,14048800,0.0
2000-08-16,93.4375,94.6875,92.0,93.4219,15163400,0.0
2000-08-17,92.9375,95.875,92.875,95.4375,14370200,0.0
2000-08-18,95.9375,96.625,94.6875,95.1406,14637100,0.0
2000-08-21,96.0,96.8594,94.375,95.75,13507100,0.0
2000-08-22,96.0,97.3594,95.2656,95.4375,14828300,0.0
2000-08-23,94.6875,97.4375,93.8281,97.0,21311801,0.0
2000-08-24,97.4375,98.6875,96.0625,98.5625,13514400,0.0
2000-08-25,98.4844,99.9531,97.625,98.375,11697900,0.0
2000-08-28,98.25,99.8438,97.9375,98.4375,12272100,0.0
2000-08-29,98.625,99.1719,97.8594,98.8281,11142300,0.0
2000-08-30,98.3125,99.5,97.7656,98.8906,10505700,0.0
2000-08-31,99.625,101.875,99.5625,101.875,15469400,0.0
2000-09-01,103.0,103.5156,101.1875,102.5,14007700,0.0
2000-09-05,101.625,101.75,99.4219,99.5156,16286800,0.0
2000-09-06,99.25,99.4844,95.75,96.0625,20829600,0.0
2000-09-07,96.8125,99.4219,96.5625,98.25,16529801,0.0
2000-09-08,97.7656,98.0,94.8281,94.875,22961100,0.0
2000-09-11,94.5,96.125,92.0,92.7813,27175400,0.0
2000-09-12,93.5,94.6875,90.8438,91.3125,23873801,0.0
2000-09-13,90.25,93.75,90.0,93.4375,33706500,0.0
2000-09-14,95.25,95.9375,92.6406,93.375,28446900,0.0
2000-09-15,93.125,93.625,90.6875,91.375,24538699,0.0
2000-09-18,91.8125,93.0,88.5156,89.8125,28948600,0.0
2000-09-19,90.75,93.7813,89.875,93.5,27517699,0.0
2000-09-20,93.375,95.2344,91.3125,94.6875,33083000,0.0
2000-09-21,93.75,94.4844,92.0625,92.3906,24138699,0.0
2000-09-22,87.625,93.0,87.5,92.9375,33577398,0.0
2000-09-25,93.625,94.25,90.0625,90.1875,20393100,0.0
2000-09-26,90.7656,92.5,88.9375,88.9375,25511000,0.0
2000-09-27,90.625,91.1875,88.0,89.5,28388801,0.0
2000-09-28,88.7188,93.0,88.7188,92.4531,28755100,0.0
2000-09-29,92.0,92.125,88.6875,88.6875,27018000,0.0
2000-10-02,90.25,90.25,86.0,86.75,24968100,0.0
2000-10-03,88.0625,88.8125,83.2656,83.375,35725801,0.0
2000-10-04,83.5,86.8594,82.125,85.625,37675602,0.0
2000-10-05,85.25,87.1875,84.5625,85.875,23442900,0.0
2000-10-06,85.5625,86.5625,81.2539,83.0,36335500,0.0
2000-10-09,82.5625,83.8125,79.375,82.625,28834400,0.0
2000-10-10,81.8125,83.3125,77.875,78.3125,35269602,0.0
2000-10-11,76.875,80.4531,76.0625,77.0625,48462801,0.0
2000-10-12,79.25,79.5625,74.3125,75.125,53223699,0.0
2000-10-13,74.6875,81.625,74.625,81.25,42410102,0.0
2000-10-16,81.125,82.3125,79.75,81.625,27634000,0.0
2000-10-17,83.125,83.1719,78.0,78.25,52082398,0.0
2000-10-18,76.75,81.1875,74.5625,78.0,64770602,0.0
2000-10-19,82.3906,85.1094,81.4375,85.0625,42443699,0.0
2000-10-20,84.5,87.875,84.3906,86.3125,40690898,0.0
2000-10-23,86.1875,87.5,84.125,86.1875,28988199,0.0
2000-10-24,86.4375,87.0,82.375,82.4375,31457199,0.0
2000-10-25,81.25,82.0,76.8906,77.875,48633199,0.0
2000-10-26,78.1875,80.0,73.625,79.875,69995102,0.0
2000-10-27,80.8594,81.8594,77.4844,79.7188,51045398,0.0
2000-10-30,78.1875,79.875,75.7031,76.7656,35494102,0.0
2000-10-31,78.0,82.5625,77.875,81.7031,43862398,0.0
2000-11-01,80.3125,82.8125,79.1875,81.0,45185102,0.0
2000-11-02,82.1875,83.25,81.0625,82.0,26594000,0.0
2000-11-03,82.875,83.9375,81.6406,83.0625,29836500,0.0
2000-11-06,83.625,84.125,82.0,82.4375,23478600,0.0
2000-11-07,81.4375,82.4688,80.25,82.125,24339199,0.0
2000-11-08,82.125,82.25,75.625,75.7031,40330102,0.0
2000-11-09,74.75,76.9375,73.0,75.6875,64953699,0.0
2000-11-10,74.25,75.6875,71.75,71.75,49227000,0.0
2000-11-13,70.9531,74.1875,68.2656,70.0625,75015508,0.0
2000-11-14,73.0,76.0,72.75,75.8438,44828000,0.0
2000-11-15,75.5625,78.0625,74.7969,77.375,37757102,0.0
2000-11-16,75.375,77.0,72.875,72.875,33888000,0.0
2000-11-17,73.1875,75.1875,71.0,72.8281,49911301,0.0
2000-11-20,70.9375,72.0625,69.25,69.8594,46860199,0.0
2000-11-21,70.1875,71.125,68.4375,69.75,42124199,0.0
2000-11-22,68.4375,70.125,66.5,66.625,56618801,0.0
2000-11-24,68.375,70.625,68.1719,70.4375,19980000,0.0
2000-11-27,72.5625,72.9375,68.75,69.5625,35415602,0.0
2000-11-28,68.9375,69.9375,65.3125,65.4531,48807398,0.0
2000-11-29,65.8125,66.75,62.5,62.9375,66173898,0.0
2000-11-30,61.75,64.25,60.5,62.9844,74865508,0.0
2000-12-01,64.0625,66.7656,62.125,64.0,57110398,0.0
2000-12-04,64.125,65.3594,61.75,63.6875,49076000,0.0
2000-12-05,66.0625,71.0,65.5,70.6875,76517203,0.0
2000-12-06,70.5938,72.2969,67.75,68.0,63346801,0.0
2000-12-07,67.0,68.9844,65.5,66.5,41471301,0.0
2000-12-08,71.0938,74.0,67.625,68.0,65840500,0.0
2000-12-11,72.0586,74.7813,70.9531,74.375,51822801,0.0
2000-12-12,73.5,73.875,71.3125,71.6563,31047699,0.0
2000-12-13,73.4375,73.5,68.3125,68.7344,51659102,0.0
2000-12-14,68.5156,69.6875,65.25,65.375,41511602,0.0
2000-12-15,64.25,65.625,62.5625,63.875,59023602,0.0
2000-12-18,65.1563,65.9688,62.5625,64.0,42734500,0.0
2000-12-19,63.4531,65.8594,58.75,59.125,80489703,0.0
2000-12-20,57.3125,58.375,54.75,55.7344,81399398,0.0
2000-12-21,55.0156,58.75,54.25,56.0625,85869102,0.0
2000-12-22,57.625,60.75,57.625,60.5,57243000,0.0
2000-12-26,60.5938,61.9219,58.0,60.875,37078898,0.0
2000-12-27,59.6875,62.1875,58.9375,61.5625,33952500,0.0
2000-12-28,60.7813,62.4844,60.25,61.4375,30996301,0.0
2000-12-29,61.5625,62.2344,58.0,58.375,49190602,0.0
2001-01-02,58.5625,58.6875,52.4375,53.4375,62512898,0.0
2001-01-03,52.1875,65.25,52.1563,62.4375,115366602,0.0
2001-01-04,61.625,63.625,60.2344,61.3125,58452602,0.0
2001-01-05,61.3125,61.3125,56.0,56.625,68776398,0.0
2001-01-08,56.3125,57.5,53.5156,57.25,55546602,0.0
2001-01-09,57.75,59.125,56.625,57.25,53307898,0.0
2001-01-10,56.125,60.375,55.75,60.1875,74232508,0.0
2001-01-11,59.2656,63.6875,59.1875,61.9375,65401301,0.0
2001-01-12,62.7539,64.625,61.5,62.7344,60792699,0.0
2001-01-16,62.5625,62.9219,60.5625,61.9844,32137199,0.0
2001-01-17,64.5,65.6094,63.1406,63.875,61377898,0.0
2001-01-18,64.125,66.75,62.6875,66.5625,54874199,0.0
2001-01-19,68.1406,68.3125,65.5625,66.3125,56280398,0.0
2001-01-22,65.875,67.0,64.75,66.375,35771398,0.0
2001-01-23,65.9063,68.4063,65.3125,67.7656,49829199,0.0
2001-01-24,68.0625,69.125,66.75,67.125,53866602,0.0
2001-01-25,66.875,67.6719,64.3906,64.5,57076199,0.0
2001-01-26,63.5625,65.9375,63.0,65.5469,45679801,0.0
2001-01-29,64.75,67.25,64.25,67.0,31507801,0.0
2001-01-30,67.15,67.74,66.0,66.75,42830000,0.0
2001-01-31,67.25,68.0,64.3,64.3,59310500,0.0
2001-02-01,64.55,65.61,63.6,65.15,45153801,0.0
2001-02-02,64.94,65.3,60.0,61.55,47438301,0.0
2001-02-05,61.19,61.9,60.12,61.5,36015199,0.0
2001-02-06,61.49,63.12,61.16,61.6,42399000,0.0
2001-02-07,60.51,61.2,58.58,60.6,61951801,0.0
2001-02-08,60.9,61.5,58.58,58.79,48146602,0.0
2001-02-09,58.25,61.04,56.0,56.4,55403102,0.0
2001-02-12,56.25,57.94,55.62,57.08,50540301,0.0
2001-02-13,57.65,59.18,54.98,55.3,58908801,0.0
2001-02-14,55.4,57.75,54.125,57.45,63039602,0.0
2001-02-15,58.8,60.49,58.3,58.4,67767797,0.0
2001-02-16,55.96,56.87,54.53,55.13,66756203,0.0
2001-02-20,55.74,55.84,52.3,52.99,55293000,0.0
2001-02-21,51.55,54.07,50.92,51.5,72319602,0.0
2001-02-22,51.45,52.16,48.89,51.0,103867203,0.0
2001-02-23,50.09,51.6,48.23,51.18,93314305,0.0
2001-02-26,52.081,52.6,50.25,52.15,78335000,0.0
2001-02-27,51.54,52.08,48.9,49.0,66727297,0.0
2001-02-28,49.45,50.21,46.86,47.45,102211703,0.0
2001-03-01,46.97,49.2,45.75,48.8,101703203,0.0
2001-03-02,47.2,49.63,45.65,46.7,95924398,0.0
2001-03-05,47.5,48.36,47.09,47.55,43869102,0.0
2001-03-06,49.3,50.66,49.1,49.4,60815301,0.0
2001-03-07,50.4,50.43,48.97,49.42,55187602,0.0
2001-03-08,49.35,49.81,48.1,48.5,48927398,0.0
2001-03-09,47.25,47.37,44.95,45.1,79986797,0.0
2001-03-12,44.0,44.95,41.8,42.3,80650000,0.0
2001-03-13,42.78,44.74,42.13,44.45,80001398,0.0
2001-03-14,42.7,45.19,42.31,43.75,97182906,0.0
2001-03-15,45.2,45.319,42.05,42.15,74099797,0.0
2001-03-16,41.88,42.8,40.56,41.1,77770797,0.0
2001-03-19,41.44,43.26,40.75,43.26,53233801,0.0
2001-03-20,43.44,43.81,40.2,40.35,104988203,0.0
2001-03-21,40.52,41.8,39.71,40.35,96083000,0.0
2001-03-22,40.6,42.8,39.49,42.8,130194203,0.0
2001-03-23,43.55,43.83,41.5,42.8,95267602,0.0
2001-03-26,43.47,43.5,41.55,41.81,57662699,0.0
2001-03-27,41.8,43.72,41.42,43.25,69925203,0.0
2001-03-28,41.9,42.2,39.68,39.7,77963000,0.0
2001-03-29,39.38,40.61,38.45,38.95,79633000,0.0
2001-03-30,39.3,39.98,38.0,39.15,63658301,0.0
2001-04-02,39.17,39.85,37.3,37.4,69702203,0.0
2001-04-03,37.2,37.75,34.62,34.66,88979305,0.0
2001-04-04,34.711,35.81,33.6,34.05,76426203,0.0
2001-04-05,36.0,37.96,35.71,37.31,86971797,0.0
2001-04-06,36.9,37.1,35.5,36.3,86117602,0.0
2001-04-09,36.79,37.39,35.85,37.05,51630199,0.0
2001-04-10,37.9,40.46,37.78,39.8,94167906,0.0
2001-04-11,42.16,42.5,40.45,41.0,92773398,0.0
2001-04-12,40.3,42.8,40.01,42.8,79520797,0.0
2001-04-16,41.941,42.43,40.06,40.25,65200699,0.0
2001-04-17,39.951,42.7,39.9,41.25,94431602,0.0
2001-04-18,43.721,51.0,43.2,45.55,129098906,0.0
2001-04-19,46.1,48.75,45.58,48.3,109699102,0.0
2001-04-20,48.18,49.44,47.0,48.4,80571102,0.0
2001-04-23,46.99,47.72,44.89,45.15,79313000,0.0
2001-04-24,45.1,46.42,43.75,44.3,88875203,0.0
2001-04-25,43.9,45.58,43.1,45.1,68399305,0.0
2001-04-26,45.9,46.25,43.87,43.95,71105305,0.0
2001-04-27,45.15,45.47,44.241,45.15,56462000,0.0
2001-04-30,46.25,47.57,45.3,46.15,73852000,0.0
2001-05-01,46.2,48.08,45.4,48.05,54476898,0.0
2001-05-02,48.8,49.4,47.5,48.98,77552203,0.0
2001-05-03,47.9,47.901,46.2,46.8,67121102,0.0
2001-05-04,45.3,48.2,45.11,48.2,72670906,0.0
2001-05-07,48.0,48.6,47.1,47.2,45558199,0.0
2001-05-08,48.3,48.35,46.99,48.2,56891199,0.0
2001-05-09,47.05,47.95,46.44,46.55,60981000,0.0
2001-05-10,47.92,48.05,45.72,45.77,61115801,0.0
2001-05-11,45.84,46.42,45.09,45.55,48757398,0.0
2001-05-14,45.3,45.36,44.11,44.82,43047398,0.0
2001-05-15,44.9,46.3,44.58,45.15,69004102,0.0
2001-05-16,44.31,47.52,44.06,47.15,80090398,0.0
2001-05-17,47.45,48.79,47.26,47.9,73781797,0.0
2001-05-18,47.64,48.38,47.09,48.04,41091398,0.0
2001-05-21,48.17,51.15,47.65,51.05,85420508,0.0
2001-05-22,51.31,51.95,50.18,50.9,77228797,0.0
2001-05-23,50.449,50.45,48.64,48.65,65610398,0.0
2001-05-24,48.97,49.99,48.27,49.9,61738000,0.0
2001-05-25,49.96,50.02,48.65,48.99,36188500,0.0
2001-05-29,48.5,48.5,46.1,46.12,66603297,0.0
2001-05-30,45.4375,45.85,44.08,44.43,81392000,0.0
2001-05-31,44.54,45.85,44.3,44.73,67973203,0.0
2001-06-01,45.54,46.23,44.33,46.05,61868801,0.0
2001-06-04,46.338,46.9,45.29,45.83,41679500,0.0
2001-06-05,46.301,48.36,46.2,47.85,68143102,0.0
2001-06-06,48.08,48.89,47.07,47.48,61160898,0.0
2001-06-07,47.138,49.49,47.075,48.7,65357199,0.0
2001-06-08,48.72,48.77,46.95,47.35,56389398,0.0
2001-06-11,46.9,48.47,45.49,46.05,48870102,0.0
2001-06-12,44.87,46.8,44.23,45.8,78444398,0.0
2001-06-13,46.274,46.75,44.52,44.55,68526703,0.0
2001-06-14,44.025,44.4,42.0,42.25,91025508,0.0
2001-06-15,41.8,43.1,41.2813,42.6,84583906,0.0
2001-06-18,42.64,43.17,41.4,42.03,63415398,0.0
2001-06-19,43.32,43.56,41.26,41.82,73378703,0.0
2001-06-20,41.3,42.97,41.28,42.77,83583703,0.0
2001-06-21,42.67,44.23,42.3,43.35,67204102,0.0
2001-06-22,43.621,44.2,42.59,43.25,51868602,0.0
2001-06-25,43.61,43.8,42.65,43.36,39194398,0.0
2001-06-26,42.54,43.89,42.481,43.51,55150801,0.0
2001-06-27,43.681,44.15,43.0,43.79,53286500,0.0
2001-06-28,44.402,46.36,44.35,44.35,89940602,0.0
2001-06-29,45.09,46.52,44.7,45.7,59719602,0.0
2001-07-02,45.652,46.48,45.19,45.45,50873000,0.0
2001-07-03,45.25,45.69,44.8,45.64,24758301,0.0
2001-07-05,44.87,45.189,43.45,43.45,44376301,0.0
2001-07-06,43.01,43.11,41.49,41.65,53427699,0.0
2001-07-09,41.898,42.69,41.5,42.01,45536699,0.0
2001-07-10,42.76,42.88,40.4,40.5,58598398,0.0
2001-07-11,40.42,41.1,39.87,41.0,77386508,0.0
2001-07-12,42.63,43.83,42.3,43.6,70337000,0.0
2001-07-13,43.38,44.43,42.9,43.15,62472801,0.0
2001-07-16,43.37,43.86,41.9,42.35,53371398,0.0
2001-07-17,41.829,43.4,41.54,43.3,59775500,0.0
2001-07-18,42.279,42.85,41.14,41.65,64711301,0.0
2001-07-19,42.46,43.35,41.75,42.64,76495508,0.0
2001-07-20,41.49,42.14,41.36,41.65,49006398,0.0
2001-07-23,42.24,42.4,40.55,40.61,55316602,0.0
2001-07-24,40.381,40.9,39.31,40.15,70420398,0.0
2001-07-25,40.1406,40.72,39.4,40.5,68844906,0.0
2001-07-26,40.45,41.89,39.98,41.1,69152703,0.0
2001-07-27,41.64,42.26,40.9,41.95,47484898,0.0
2001-07-30,42.13,42.3,41.4,41.7,39455199,0.0
2001-07-31,41.84,42.78,41.5,41.76,55701898,0.0
2001-08-01,42.637,43.5,42.41,43.1,53861102,0.0
2001-08-02,43.799,44.004,42.82,43.91,53163398,0.0
2001-08-03,43.53,43.53,42.56,43.18,51510000,0.0
2001-08-06,42.539,42.85,42.35,42.5,31099100,0.0
2001-08-07,42.1,42.82,41.94,42.28,38353602,0.0
2001-08-08,41.85,42.65,40.3,40.5,76057305,0.0
2001-08-09,40.41,40.88,39.98,40.67,66830703,0.0
2001-08-10,40.429,40.75,39.23,40.28,68480906,0.0
2001-08-13,40.59,41.34,40.2,41.1,48420602,0.0
2001-08-14,41.49,41.7,40.54,40.6,51157102,0.0
2001-08-15,40.62,40.93,39.07,39.1,58797898,0.0
2001-08-16,38.649,39.59,38.041,39.56,68197398,0.0
2001-08-17,38.441,38.8,37.71,37.76,56641801,0.0
2001-08-20,37.85,38.65,37.52,38.28,49921301,0.0
2001-08-21,38.29,38.65,36.65,36.69,56401602,0.0
2001-08-22,37.45,37.84,36.54,37.69,65213199,0.0
2001-08-23,37.679,38.46,37.299,37.32,54614000,0.0
2001-08-24,37.86,39.39,37.75,39.3,58447398,0.0
2001-08-27,39.28,39.9,38.83,39.35,50918801,0.0
2001-08-28,39.32,39.44,38.011,38.12,65266801,0.0
2001-08-29,38.37,38.45,37.13,37.56,59040500,0.0
2001-08-30,36.8,37.31,35.75,36.17,76090508,0.0
2001-08-31,36.03,37.03,35.94,36.63,54299699,0.0
2001-09-04,36.518,37.5,35.35,35.47,74060305,0.0
2001-09-05,35.49,35.91,34.15,35.33,95447102,0.0
2001-09-06,34.74,35.52,33.78,33.9,88601000,0.0
2001-09-07,33.621,35.1,33.35,33.7,95522508,0.0
2001-09-10,33.49,34.32,33.342,34.1,80367906,0.0
2001-09-17,31.25,32.8,31.09,31.2,97736906,0.0
2001-09-18,31.53,32.5,30.37,30.5,66274203,0.0
2001-09-19,30.64,31.0,28.26,29.97,116627508,0.0
2001-09-20,29.3,30.09,28.8,28.97,90830703,0.0
2001-09-21,27.41,28.97,27.2,28.19,112285203,0.0
2001-09-24,29.08,30.0,28.59,29.61,85674508,0.0
2001-09-25,29.71,30.43,28.95,29.7,83856000,0.0
2001-09-26,29.95,30.0,28.41,28.67,59735602,0.0
2001-09-27,28.4,28.79,27.42,28.48,70034000,0.0
2001-09-28,28.84,29.92,28.31,28.98,84805102,0.0
2001-10-01,28.85,28.98,27.85,28.73,53450699,0.0
2001-10-02,28.65,29.41,28.4,28.82,74170906,0.0
2001-10-03,28.429,31.61,28.33,31.0,136211906,0.0
2001-10-04,31.65,33.2,30.94,31.3,127386906,0.0
2001-10-05,31.0,31.9,30.26,31.76,96560203,0.0
2001-10-08,31.13,32.35,30.96,31.86,67779602,0.0
2001-10-09,31.86,32.02,30.87,31.09,57547500,0.0
2001-10-10,30.871,32.54,30.751,32.5,73838906,0.0
2001-10-11,33.192,35.25,33.14,34.7,117223000,0.0
2001-10-12,34.33,34.8,33.14,34.55,111900703,0.0
2001-10-15,34.12,34.55,33.66,34.4,78295703,0.0
2001-10-16,34.669,35.1,34.07,34.96,81141797,0.0
2001-10-17,35.87,36.0,32.3,32.45,141490094,0.0
2001-10-18,32.7,33.54,32.4,33.33,94346102,0.0
2001-10-19,32.869,33.75,32.0,33.55,73418508,0.0
2001-10-22,33.44,34.5,33.22,34.45,74105508,0.0
2001-10-23,34.822,35.401,34.0,34.63,104050797,0.0
2001-10-24,34.6,35.68,34.32,35.38,90165000,0.0
2001-10-25,34.705,36.82,34.23,36.8,118522703,0.0
2001-10-26,36.5,37.06,36.01,36.01,93816906,0.0
2001-10-29,36.0,36.158,34.04,34.04,92131508,0.0
2001-10-30,33.71,34.09,32.84,33.38,96075906,0.0
2001-10-31,34.04,34.96,33.68,33.9,106165000,0.0
2001-11-01,34.44,35.5625,33.782,35.34,92676203,0.0
2001-11-02,35.271,35.85,34.89,35.6,64913102,0.0
2001-11-05,36.26,37.16,36.16,36.76,64281500,0.0
2001-11-06,36.6094,38.2,36.39,38.19,107185305,0.0
2001-11-07,37.61,38.84,37.5,38.14,92542398,0.0
2001-11-08,38.551,39.4,37.25,37.75,105882203,0.0
2001-11-09,37.598,38.08,37.12,37.73,74112703,0.0
2001-11-12,37.0,38.35,36.3,38.0,112981305,0.0
2001-11-13,39.03,39.5,38.63,39.36,97911398,0.0
2001-11-14,39.96,40.24,38.74,39.64,88629508,0.0
2001-11-15,39.162,40.11,38.95,39.48,86342602,0.0
2001-11-16,39.48,39.68,38.92,39.37,64034102,0.0
2001-11-19,39.79,40.49,39.49,40.49,69180305,0.0
2001-11-20,40.08,40.23,38.48,38.62,85209305,0.0
2001-11-21,38.47,38.95,37.98,38.64,60827102,0.0
2001-11-23,38.76,39.43,38.57,39.28,27042801,0.0
2001-11-26,39.58,40.36,39.01,40.25,75256102,0.0
2001-11-27,40.05,40.97,39.2,40.2,100259102,0.0
2001-11-28,39.73,40.37,38.69,38.75,101523508,0.0
2001-11-29,39.035,40.0,36.74,39.95,83820203,0.0
2001-11-30,39.73,40.04,39.36,39.65,66020797,0.0
2001-12-03,39.29,39.6,38.87,38.97,60391898,0.0
2001-12-04,39.34,40.84,38.44,40.83,79390398,0.0
2001-12-05,41.208,43.15,41.12,42.85,115730203,0.0
2001-12-06,42.709,43.24,42.36,42.91,77684305,0.0
2001-12-07,42.488,42.6,41.14,41.73,81629203,0.0
2001-12-10,41.325,42.23,40.88,41.0,69086000,0.0
2001-12-11,41.46,42.26,41.13,41.23,66045102,0.0
2001-12-12,41.5,41.94,40.6,41.56,76091102,0.0
2001-12-13,40.71,41.0,39.76,39.76,79566305,0.0
2001-12-14,39.872,40.46,39.57,40.11,69999000,0.0
2001-12-17,40.02,41.24,40.02,40.8,62448801,0.0
2001-12-18,41.16,41.5,40.16,41.26,50841199,0.0
2001-12-19,40.56,41.32,40.32,40.51,79590703,0.0
2001-12-20,40.1,40.3,38.68,38.79,83034797,0.0
2001-12-21,39.4219,39.71,39.15,39.48,56203898,0.0
2001-12-24,39.54,39.63,39.15,39.32,13660400,0.0
2001-12-26,39.374,40.3,39.16,39.69,37693500,0.0
2001-12-27,39.85,40.202,39.6,40.01,34249801,0.0
2001-12-28,40.292,40.802,40.23,40.33,38242898,0.0
2001-12-31,40.31,40.45,38.91,38.91,46173000,0.0
2002-01-02,39.57,40.15,38.93,40.11,61704301,0.0
2002-01-03,40.31,41.55,40.26,41.5,85762797,0.0
2002-01-04,41.95,42.29,40.93,41.67,86868398,0.0
2002-01-07,42.118,42.22,40.11,41.21,75096203,0.0
2002-01-08,41.108,41.77,40.84,41.49,66932297,0.0
2002-01-09,42.04,42.6,40.9,41.11,85104398,0.0
2002-01-10,41.174,41.54,40.68,41.38,75530797,0.0
2002-01-11,41.357,41.6,40.47,40.85,60821801,0.0
2002-01-14,40.49,40.68,39.7,39.96,71298906,0.0
2002-01-15,40.036,40.75,39.56,40.34,66891000,0.0
2002-01-16,39.538,39.94,38.77,38.78,90940797,0.0
2002-01-17,39.48,39.977,39.01,39.65,74828906,0.0
2002-01-18,38.83,39.45,38.22,38.59,81983508,0.0
2002-01-22,39.0,39.02,37.33,37.4,81764797,0.0
2002-01-23,37.65,38.69,37.35,38.43,74961000,0.0
2002-01-24,38.94,39.514,38.35,38.94,77212602,0.0
2002-01-25,38.472,39.15,38.36,38.83,58828199,0.0
2002-01-28,39.154,39.39,38.42,39.05,47785398,0.0
2002-01-29,39.132,39.408,37.515,37.98,83329305,0.0
2002-01-30,38.001,38.85,36.85,38.27,101371797,0.0
2002-01-31,38.5781,38.75,38.02,38.51,69653000,0.0
2002-02-01,38.401,38.88,37.7,38.14,61202199,0.0
2002-02-04,37.961,38.07,36.61,36.92,82754602,0.0
2002-02-05,36.59,37.33,36.19,36.31,86839305,0.0
2002-02-06,36.84,36.89,35.7,36.06,98524305,0.0
2002-02-07,35.996,36.55,35.0,35.19,97704906,0.0
2002-02-08,35.46,36.24,34.97,36.17,80470398,0.0
2002-02-11,36.14,39.17,35.25,36.63,57618801,0.0
2002-02-12,36.312,36.98,36.04,36.33,51465398,0.0
2002-02-13,36.722,37.15,36.61,36.95,60978102,0.0
2002-02-14,37.15,37.57,36.6,36.88,77498508,0.0
2002-02-15,36.838,36.91,35.64,35.78,79829602,0.0
2002-02-19,35.375,35.46,34.32,34.68,72417102,0.0
2002-02-20,34.908,35.17,33.93,35.15,106536305,0.0
2002-02-21,34.79,34.95,33.48,33.48,109293203,0.0
2002-02-22,33.619,34.2,33.09,33.65,99812703,0.0
2002-02-25,34.008,35.25,33.955,35.01,88992305,0.0
2002-02-26,35.232,35.43,34.37,34.88,94679797,0.0
2002-02-27,35.397,35.51,34.06,34.4,95150906,0.0
2002-02-28,34.514,34.97,33.75,33.78,95705102,0.0
2002-03-01,34.154,35.75,34.09,35.74,85998305,0.0
2002-03-04,35.702,37.23,32.74,37.15,105721305,0.0
2002-03-05,36.9375,37.87,36.81,37.42,91438203,0.0
2002-03-06,37.08,37.95,36.6,37.6,86833508,0.0
2002-03-07,38.12,38.33,37.01,37.68,85502203,0.0
2002-03-08,38.231,39.03,38.13,38.67,84446906,0.0
2002-03-11,38.35,39.19,38.06,38.53,71055203,0.0
2002-03-12,37.579,38.0,37.32,38.0,82664797,0.0
2002-03-13,37.41,37.66,36.0,37.08,71383000,0.0
2002-03-14,37.069,37.4,36.72,36.86,70726203,0.0
2002-03-15,36.899,37.33,36.596,37.23,63973301,0.0
2002-03-18,37.635,37.94,37.05,37.44,78950398,0.0
2002-03-19,37.6094,37.88,37.22,37.38,58947602,0.0
2002-03-20,36.879,37.08,36.04,36.06,61823301,0.0
2002-03-21,36.15,37.14,35.9,37.02,92291906,0.0
2002-03-22,36.944,37.14,36.47,36.68,58930199,0.0
2002-03-25,36.69,36.901,35.52,35.56,87435203,0.0
2002-03-26,35.427,36.42,35.4,35.89,92457508,0.0
2002-03-27,35.637,36.0,35.4,35.61,64537000,0.0
2002-03-28,36.02,36.37,35.9,36.06,59573398,0.0
2002-04-01,35.8,36.9,35.3,36.75,70732703,0.0
2002-04-02,35.986,36.15,35.0,35.09,77764000,0.0
2002-04-03,35.3,35.45,34.3,35.03,85768508,0.0
2002-04-04,34.508,35.16,34.28,34.76,90533797,0.0
2002-04-05,35.01,35.175,34.18,34.37,68433305,0.0
2002-04-08,33.479,34.8,33.425,34.8,74959906,0.0
2002-04-09,34.78,34.98,33.498,33.59,80925000,0.0
2002-04-10,33.76,34.25,33.13,33.84,85758203,0.0
2002-04-11,33.66,33.85,32.889,33.0,90671203,0.0
2002-04-12,33.325,33.8,32.95,33.52,78359797,0.0
2002-04-15,33.803,33.96,33.2,33.79,69329102,0.0
2002-04-16,34.431,35.22,34.417,35.2,72092305,0.0
2002-04-17,35.4,35.5,34.45,35.02,69130102,0.0
2002-04-18,34.785,35.15,34.0,34.35,91120000,0.0
2002-04-19,35.058,35.06,34.38,34.46,62431699,0.0
2002-04-22,34.01,34.02,33.256,33.59,64641602,0.0
2002-04-23,33.598,33.94,32.7,33.01,73101398,0.0
2002-04-24,33.213,33.31,32.2,32.5,68965102,0.0
2002-04-25,32.308,32.73,32.0,32.42,103085602,0.0
2002-04-26,32.662,34.0,31.01,31.04,100194602,0.0
2002-04-29,31.244,31.55,30.568,31.12,85336398,0.0
2002-04-30,31.032,32.195,30.942,31.73,95421102,0.0
2002-05-01,31.67,31.84,30.58,31.56,109968398,0.0
2002-05-02,31.398,31.99,30.46,30.51,85858398,0.0
2002-05-03,30.47,30.514,29.49,29.74,92128102,0.0
2002-05-06,29.637,29.9844,28.85,28.97,96519203,0.0
2002-05-07,29.27,29.35,28.42,28.7,102059797,0.0
2002-05-08,30.13,31.88,30.0,31.77,129922797,0.0
2002-05-09,31.5781,31.89,30.8,30.95,106527102,0.0
2002-05-10,31.014,31.099,29.5,29.56,112373797,0.0
2002-05-13,29.87,30.98,29.675,30.76,93973797,0.0
2002-05-14,32.055,32.65,31.87,32.57,107841703,0.0
2002-05-15,32.082,33.63,31.85,32.81,204584500,0.0
2002-05-16,32.542,33.05,32.22,32.86,89899203,0.0
2002-05-17,33.29,33.411,32.47,32.93,82720102,0.0
2002-05-20,32.6,32.7,31.94,32.21,78157398,0.0
2002-05-21,32.369,32.59,31.0,31.33,104169906,0.0
2002-05-22,30.99,31.59,30.41,31.4,89542508,0.0
2002-05-23,31.63,32.1,30.8,32.03,94453797,0.0
2002-05-24,31.592,31.69,31.01,31.24,55876898,0.0
2002-05-28,31.471,31.527,30.49,31.1,68838602,0.0
2002-05-29,30.665,30.9,30.24,30.28,73479305,0.0
2002-05-30,30.013,30.72,29.9,30.54,92089703,0.0
2002-05-31,30.76,31.04,30.0,30.04,79907703,0.0
2002-06-03,30.008,30.25,28.79,28.98,77072602,0.0
2002-06-04,28.751,29.68,28.61,29.36,98375703,0.0
2002-06-05,29.421,29.8,28.97,29.66,95370203,0.0
2002-06-06,29.511,29.518,27.9,28.88,93207508,0.0
2002-06-07,27.63,28.79,27.52,28.3,106055305,0.0
2002-06-10,28.36,28.75,28.14,28.25,73149797,0.0
2002-06-11,28.6,28.69,27.363,27.46,84609508,0.0
2002-06-12,27.249,27.96,26.834,27.86,152986406,0.0
2002-06-13,27.765,28.21,27.353,27.68,97610398,0.0
2002-06-14,26.862,27.72,26.2,27.62,122091602,0.0
2002-06-17,28.002,28.75,27.91,28.56,87635906,0.0
2002-06-18,28.317,29.15,28.28,29.02,100205703,0.0
2002-06-19,28.104,28.3239,27.25,27.34,93516102,0.0
2002-06-20,27.27,27.45,25.67,26.46,99923203,0.0
2002-06-21,26.367,26.78,25.65,25.82,101815797,0.0
2002-06-24,25.457,26.8,25.21,26.33,139673109,0.0
2002-06-25,26.584,26.72,25.3,25.46,136737906,0.0
2002-06-26,24.4375,25.78,24.39,25.45,149032297,0.0
2002-06-27,26.0,26.25,25.02,26.21,121381000,0.0
2002-06-28,26.05,26.75,25.85,26.1,87860000,0.0
2002-07-01,25.978,26.14,24.78,24.85,64782398,0.0
2002-07-02,24.608,24.75,23.09,23.95,111611000,0.0
2002-07-03,23.852,24.75,22.73,24.75,101076305,0.0
2002-07-05,25.264,26.39,25.05,26.34,56771102,0.0
2002-07-08,26.2,26.55,25.08,25.38,97348203,0.0
2002-07-09,25.251,25.48,24.59,24.66,91053000,0.0
2002-07-10,24.998,25.03,23.83,23.9,115303398,0.0
2002-07-11,23.767,24.89,23.53,24.8,170214297,0.0
2002-07-12,25.25,25.526,24.55,24.8,130025602,0.0
2002-07-15,24.6875,25.64,23.75,25.57,140525297,0.0
2002-07-16,25.252,26.027,24.9,25.19,148231406,0.0
2002-07-17,26.077,26.44,24.89,25.65,157983406,0.0
2002-07-18,25.389,25.57,24.52,24.73,113974203,0.0
2002-07-19,24.332,24.71,23.8,23.99,124783000,0.0
2002-07-22,23.855,24.5,23.09,23.4,150017297,0.0
2002-07-23,23.4531,23.75,22.28,22.4,150829016,0.0
2002-07-24,21.816,23.66,21.64,23.62,186473906,0.0
2002-07-25,23.258,23.4,21.8,22.25,153921703,0.0
2002-07-26,22.569,22.8438,22.01,22.67,96037398,0.0
2002-07-29,23.277,24.12,23.08,23.83,96715906,0.0
2002-07-30,23.731,24.69,23.59,24.31,117358398,0.0
2002-07-31,24.003,24.19,23.36,23.85,93840102,0.0
2002-08-01,23.74,23.9,22.66,22.73,85188508,0.0
2002-08-02,22.78,22.84,21.82,22.25,86720703,0.0
2002-08-05,22.11,22.324,21.3,21.44,84911102,0.0
2002-08-06,21.804,23.01,21.79,22.5,114818508,0.0
2002-08-07,23.201,23.37,21.96,22.8,126214398,0.0
2002-08-08,22.757,23.6,22.3,23.57,111674000,0.0
2002-08-09,23.207,23.717,22.88,23.33,93577797,0.0
2002-08-12,23.05,23.48,22.9,23.4,62889500,0.0
2002-08-13,23.23,23.87,22.55,22.6,88333703,0.0
2002-08-14,22.67,24.2,22.47,24.04,102656906,0.0
2002-08-15,24.243,24.55,23.72,24.53,120286703,0.0
2002-08-16,24.13,25.0,23.731,24.7,95853000,0.0
2002-08-19,24.77,25.59,24.68,25.3,76021508,0.0
2002-08-20,25.1875,25.43,24.85,25.19,89981797,0.0
2002-08-21,25.396,25.85,25.0,25.75,101371102,0.0
2002-08-22,25.748,26.21,25.42,26.16,80359305,0.0
2002-08-23,25.802,25.81,24.95,25.15,75212906,0.0
2002-08-26,25.3,25.39,24.61,25.25,83341797,0.0
2002-08-27,25.431,25.518,24.15,24.37,92351797,0.0
2002-08-28,24.026,24.093,23.39,23.48,115697102,0.0
2002-08-29,23.2,24.22,23.02,23.79,97065102,0.0
2002-08-30,23.62,24.007,23.38,23.49,59501801,0.0
2002-09-03,23.06,23.43,22.34,22.64,81871508,0.0
2002-09-04,22.5,23.02,22.24,22.73,82711906,0.0
2002-09-05,22.4,22.5,21.93,22.17,92293102,0.0
2002-09-06,22.66,23.22,22.6,22.85,86010906,0.0
2002-09-09,22.677,23.37,22.39,23.08,72684305,0.0
2002-09-10,23.23,23.67,23.03,23.65,74622102,0.0
2002-09-11,24.12,24.35,23.42,23.45,73908508,0.0
2002-09-12,23.237,23.264,22.71,22.81,70772508,0.0
2002-09-13,22.6,23.08,22.52,22.99,79653602,0.0
2002-09-16,22.86,23.005,22.37,22.66,58853602,0.0
2002-09-17,23.05,23.21,22.18,22.18,89176305,0.0
2002-09-18,22.01,22.55,21.78,21.93,92396203,0.0
2002-09-19,21.7,22.13,21.55,21.58,86253102,0.0
2002-09-20,21.831,21.9,21.48,21.67,78120203,0.0
2002-09-23,21.45,21.52,20.81,21.02,72763305,0.0
2002-09-24,20.687,21.45,20.65,21.03,91502102,0.0
2002-09-25,21.35,22.04,21.1,21.87,98052398,0.0
2002-09-26,22.16,22.33,21.37,21.6,104434305,0.0
2002-09-27,21.55,22.21,21.31,21.31,92254602,0.0
2002-09-30,21.07,21.24,20.49,20.72,91527000,0.0
2002-10-01,20.91,21.99,20.47,21.98,102096203,0.0
2002-10-02,21.51,21.97,20.97,21.25,94883508,0.0
2002-10-03,21.06,21.4,20.68,20.74,74364602,0.0
2002-10-04,20.94,21.02,20.1101,20.35,81850398,0.0
2002-10-07,20.26,20.59,19.85,20.16,79871305,0.0
2002-10-08,20.28,20.61,19.76,20.16,94102602,0.0
2002-10-09,19.94,20.53,19.84,20.06,103305602,0.0
2002-10-10,20.1,21.21,19.91,21.08,109583000,0.0
2002-10-11,21.55,22.38,21.42,22.22,124799508,0.0
2002-10-14,21.87,22.5,21.78,22.48,78913398,0.0
2002-10-15,23.44,23.634,23.18,23.56,118106102,0.0
2002-10-16,22.718,23.16,22.07,22.78,97493602,0.0
2002-10-17,23.6,23.81,22.58,23.55,95857203,0.0
2002-10-18,23.28,23.85,22.93,23.81,85208000,0.0
2002-10-21,23.52,24.45,23.3,24.29,85705305,0.0
2002-10-22,23.738,24.34,23.65,24.14,90275203,0.0
2002-10-23,23.85,24.63,23.67,24.6,88296906,0.0
2002-10-24,24.68,24.86,23.92,23.98,88944000,0.0
2002-10-25,23.99,24.751,23.99,24.62,71738703,0.0
2002-10-28,25.0,25.04,24.17,24.49,90285703,0.0
2002-10-29,24.31,24.47,23.37,23.92,90364102,0.0
2002-10-30,24.068,24.79,23.85,24.56,103512000,0.0
2002-10-31,24.66,25.04,24.36,24.55,81518602,0.0
2002-11-01,24.378,25.4,24.14,25.25,86668797,0.0
2002-11-04,26.05,26.82,25.8,25.9,110564797,0.0
2002-11-05,25.71,26.17,25.56,26.1,79619203,0.0
2002-11-06,26.29,26.61,25.64,26.47,116768000,0.0
2002-11-07,25.99,26.1,25.31,25.54,82741398,0.0
2002-11-08,25.49,25.87,24.96,25.07,77013602,0.0
2002-11-11,24.95,25.02,24.15,24.31,74621508,0.0
2002-11-12,24.4,25.4,24.4,24.93,88867602,0.0
2002-11-13,24.7,25.7,24.493,25.23,119372602,0.0
2002-11-14,25.58,26.42,25.52,26.1,86195906,0.0
2002-11-15,25.902,26.45,25.75,26.44,69316102,0.0
2002-11-18,26.715,26.77,25.99,26.05,76733102,0.0
2002-11-19,25.8,26.05,25.3,25.65,88163906,0.0
2002-11-20,25.56,26.75,25.54,26.74,75582398,0.0
2002-11-21,26.93,29.7,26.75,27.73,105562102,0.0
2002-11-22,27.37,27.94,27.32,27.72,73809508,0.0
2002-11-25,27.76,28.205,27.54,27.99,72706602,0.0
2002-11-26,27.78,27.93,26.9,27.05,80042703,0.0
2002-11-27,27.53,28.2,27.487,27.91,73655102,0.0
2002-11-29,28.21,28.29,27.22,27.72,34649301,0.0
2002-12-02,28.42,28.79,27.57,28.0,85952602,0.0
2002-12-03,27.55,27.58,26.93,27.17,76654797,0.0
2002-12-04,26.56,26.95,26.21,26.57,130188102,0.0
2002-12-05,26.95,27.0,26.13,26.2,85120102,0.0
2002-12-06,25.81,26.72,25.74,26.47,81751906,0.0
2002-12-09,26.22,26.55,25.2,25.22,75897305,0.0
2002-12-10,25.42,25.95,25.35,25.6,69633305,0.0
2002-12-11,25.44,26.07,25.32,25.72,64255398,0.0
2002-12-12,26.0,26.69,25.56,25.86,62355898,0.0
2002-12-13,25.52,25.57,25.01,25.04,72672602,0.0
2002-12-16,25.22,25.96,25.07,25.85,60317801,0.0
2002-12-17,25.81,26.2,25.66,25.93,62631301,0.0
2002-12-18,25.55,25.6,25.05,25.38,67522703,0.0
2002-12-19,25.171,25.78,24.81,25.06,96162797,0.0
2002-12-20,25.33,25.45,25.07,25.32,65582500,0.0
2002-12-23,25.18,25.76,25.13,25.67,46000102,0.0
2002-12-24,25.5,25.73,25.32,25.35,16773100,0.0
2002-12-26,25.53,25.91,25.17,25.28,33810102,0.0
2002-12-27,25.18,25.85,24.75,24.82,42511898,0.0
2002-12-30,24.84,24.97,24.36,24.63,57428301,0.0
2002-12-31,24.54,24.71,24.28,24.37,46019898,0.0
2003-01-02,24.72,25.55,24.45,25.4,66280297,0.0
2003-01-03,25.46,25.71,25.28,25.68,39091301,0.0
2003-01-06,25.71,26.59,25.2,26.32,67341102,0.0
2003-01-07,26.41,26.93,26.25,26.65,88761797,0.0
2003-01-08,26.39,26.97,25.84,25.9,75068508,0.0
2003-01-09,26.24,26.98,26.224,26.7,75407602,0.0
2003-01-10,26.35,27.26,26.22,27.1,82627797,0.0
2003-01-13,27.33,27.47,26.73,26.94,72931203,0.0
2003-01-14,26.91,27.32,26.85,27.08,47233898,0.0
2003-01-15,27.24,27.353,26.58,26.74,55430000,0.0
2003-01-16,26.79,26.98,26.25,26.44,69071305,0.0
2003-01-17,25.904,25.94,25.27,25.31,77424102,0.0
2003-01-21,25.41,25.55,25.02,25.03,67998508,0.0
2003-01-22,24.968,25.53,24.87,24.93,80616797,0.0
2003-01-23,25.4,25.84,25.11,25.51,78646203,0.0
2003-01-24,25.53,25.5313,24.64,24.82,74558508,0.0
2003-01-27,24.45,25.03,24.37,24.53,76581906,0.0
2003-01-28,24.77,25.05,24.42,24.78,65269898,0.0
2003-01-29,24.76,25.45,24.34,25.15,95785398,0.0
2003-01-30,25.32,25.42,24.49,24.54,70435398,0.0
2003-01-31,24.06,24.76,24.01,24.44,90543102,0.0
2003-02-03,24.528,24.796,24.38,24.49,53174801,0.0
2003-02-04,24.18,24.3,23.82,24.19,69437906,0.0
2003-02-05,24.33,24.86,24.01,24.08,80154102,0.0
2003-02-06,24.04,24.35,23.86,24.21,103579703,0.0
2003-02-07,24.36,24.45,23.65,23.81,72325000,0.0
2003-02-10,23.899,24.25,23.62,24.02,67587797,0.0
2003-02-11,24.25,24.61,23.92,24.15,77972000,0.0
2003-02-12,24.07,24.33,23.78,23.82,51769500,0.0
2003-02-13,23.85,23.98,23.32,23.94,77763000,0.0
2003-02-14,23.83,24.5,23.62,24.49,67562000,0.0
2003-02-18,24.7,25.34,24.68,25.25,74026508,0.0
2003-02-19,25.2,25.24,24.71,25.08,45587000,0.0
2003-02-20,25.15,25.27,24.84,24.98,59929199,0.0
2003-02-21,24.93,25.37,24.51,25.17,70289102,0.0
2003-02-24,25.13,25.212,24.71,24.74,56669301,0.0
2003-02-25,24.45,24.95,24.08,24.77,74580797,0.0
2003-02-26,24.68,24.94,24.2,24.22,60114801,0.0
2003-02-27,24.42,24.92,24.27,24.77,66507898,0.0
2003-02-28,24.81,25.22,24.72,25.16,50595199,0.0
2003-03-03,25.27,25.48,24.56,24.65,60428199,0.0
2003-03-04,24.66,24.77,24.42,24.5,56064699,0.0
2003-03-05,24.4,24.78,24.32,24.55,69189398,0.0
2003-03-06,24.43,24.68,24.23,24.49,59503500,0.0
2003-03-07,24.08,24.95,23.96,24.54,73309797,0.0
2003-03-10,24.33,24.457,23.91,24.01,55967898,0.0
2003-03-11,24.06,24.24,23.78,23.8,54939699,0.0
2003-03-12,23.76,24.24,23.54,24.23,77899703,0.0
2003-03-13,24.64,25.65,24.4,25.62,128494602,0.0
2003-03-14,25.73,25.98,25.36,25.72,89815203,0.0
2003-03-17,25.43,26.8,25.0,26.6,141133297,0.0
2003-03-18,26.8,26.97,26.42,26.93,97139906,0.0
2003-03-19,26.85,27.76,26.33,26.7,91315102,0.0
2003-03-20,26.54,27.14,26.17,26.8,92825508,0.0
2003-03-21,27.21,27.38,26.2,27.17,93395203,0.0
2003-03-24,26.47,26.6,25.97,26.04,85267102,0.0
2003-03-25,26.158,26.76,26.01,26.41,78758102,0.0
2003-03-26,26.5,26.77,26.36,26.56,67960398,0.0
2003-03-27,26.27,26.65,26.1,26.37,64180801,0.0
2003-03-28,26.14,26.43,25.95,26.08,45382000,0.0
2003-03-31,25.6,25.73,25.21,25.25,89384703,0.0
2003-04-01,25.44,25.67,25.25,25.45,73220508,0.0
2003-04-02,26.06,26.56,26.03,26.36,75908000,0.0
2003-04-03,26.64,26.85,26.31,26.48,70941305,0.0
2003-04-04,26.57,26.6,25.16,26.05,65730398,0.0
2003-04-07,27.11,27.2,26.07,26.09,83852906,0.0
2003-04-08,26.15,26.29,25.88,26.06,54266602,0.0
2003-04-09,26.1,26.28,25.41,25.46,76508906,0.0
2003-04-10,25.46,25.77,25.3,25.77,57179301,0.0
2003-04-11,26.02,26.168,25.36,25.51,67980906,0.0
2003-04-14,25.6,26.14,25.491,26.03,53422602,0.0
2003-04-15,25.97,26.46,25.849,26.28,64213801,0.0
2003-04-16,26.65,26.83,26.12,26.22,70725906,0.0
2003-04-17,26.162,26.98,26.15,26.82,70275000,0.0
2003-04-21,26.948,27.106,26.62,26.92,52742898,0.0
2003-04-22,26.737,27.46,26.65,27.43,70879398,0.0
2003-04-23,27.5,27.75,27.26,27.63,70569906,0.0
2003-04-24,27.36,27.75,27.27,27.48,72466398,0.0
2003-04-25,27.32,27.42,26.86,26.95,63337199,0.0
2003-04-28,27.05,27.63,26.95,27.48,59682398,0.0
2003-04-29,27.64,28.06,27.41,27.73,80365797,0.0
2003-04-30,27.65,27.79,27.43,27.45,60413102,0.0
2003-05-01,27.44,27.87,27.19,27.69,66054297,0.0
2003-05-02,27.607,28.29,27.57,28.28,85030906,0.0
2003-05-05,28.325,28.71,28.17,28.25,80617203,0.0
2003-05-06,28.22,28.9,28.21,28.61,77571797,0.0
2003-05-07,28.41,28.69,28.12,28.29,70367703,0.0
2003-05-08,27.855,28.19,27.76,27.77,80314906,0.0
2003-05-09,28.04,28.48,27.995,28.41,58543898,0.0
2003-05-12,28.36,28.96,28.17,28.84,67547797,0.0
2003-05-13,28.63,28.99,28.54,28.66,65135500,0.0
2003-05-14,28.874,28.97,28.36,28.6,62203000,0.0
2003-05-15,28.75,28.98,28.56,28.92,62305801,0.0
2003-05-16,28.73,28.94,28.48,28.7,70598508,0.0
2003-05-19,28.52,28.68,27.61,27.69,91719797,0.0
2003-05-20,27.76,27.96,27.41,27.77,72004398,0.0
2003-05-21,27.65,27.75,27.44,27.69,64041898,0.0
2003-05-22,27.76,28.32,27.62,28.09,62437898,0.0
2003-05-23,28.041,28.25,27.95,28.1,37929000,0.0
2003-05-27,27.93,29.22,27.9,29.1,101466398,0.0
2003-05-28,29.16,29.4,28.96,29.19,76376508,0.0
2003-05-29,29.23,29.8,29.16,29.31,97613906,0.0
2003-05-30,29.53,29.87,29.45,29.79,78123602,0.0
2003-06-02,30.08,30.2,29.31,29.58,103065703,0.0
2003-06-03,29.44,29.88,28.66,29.86,82165203,0.0
2003-06-04,29.81,30.58,29.72,30.42,87080398,0.0
2003-06-05,30.13,30.68,29.97,30.42,89388203,0.0
2003-06-06,31.17,31.47,30.02,30.13,157161812,0.0
2003-06-09,30.0,30.22,29.53,29.73,94977508,0.0
2003-06-10,29.86,30.2,29.68,30.18,69906703,0.0
2003-06-11,30.07,30.64,29.8,30.52,87349102,0.0
2003-06-12,30.638,30.75,30.26,30.65,79529797,0.0
2003-06-13,30.655,30.73,29.86,29.96,83353602,0.0
2003-06-16,30.17,30.9,30.0,30.88,71259102,0.0
2003-06-17,31.02,31.11,30.56,30.76,67704508,0.0
2003-06-18,30.66,31.225,30.45,30.92,80237203,0.0
2003-06-19,30.98,31.24,30.38,30.42,79510102,0.0
2003-06-20,30.69,30.78,30.25,30.38,71520602,0.0
2003-06-23,30.33,30.371,29.56,29.91,86540000,0.0
2003-06-24,29.73,30.13,29.53,29.68,83036305,0.0
2003-06-25,29.67,30.18,29.47,29.52,94332000,0.0
2003-06-26,29.71,30.28,29.61,30.22,79248102,0.0
2003-06-27,30.25,30.57,29.772,29.83,82480305,0.0
2003-06-30,30.16,30.34,29.8,29.95,72086000,0.0
2003-07-01,29.7,30.38,29.26,30.35,105897398,0.0
2003-07-02,30.412,30.99,30.38,30.97,81985508,0.0
2003-07-03,30.7,31.84,30.47,30.58,50050801,0.0
2003-07-07,30.97,31.9,30.962,31.89,88674906,0.0
2003-07-08,31.78,32.31,31.62,32.28,82302508,0.0
2003-07-09,32.18,32.49,31.93,32.2,89768203,0.0
2003-07-10,31.85,31.99,31.33,31.6,103189000,0.0
2003-07-11,31.652,31.99,31.61,31.84,67770305,0.0
2003-07-14,32.3438,32.75,32.07,32.22,84541305,0.0
2003-07-15,32.53,32.65,31.94,32.26,75521305,0.0
2003-07-16,32.46,32.5,31.73,32.16,81576203,0.0
2003-07-17,31.67,31.84,31.043,31.18,110059797,0.0
2003-07-18,31.4,31.96,30.92,31.28,80548305,0.0
2003-07-21,31.24,31.3,30.61,30.88,111777398,0.0
2003-07-22,31.11,31.5,30.86,31.34,91574602,0.0
2003-07-23,31.39,31.64,30.99,31.6,69177102,0.0
2003-07-24,31.85,32.02,31.08,31.18,83588203,0.0
2003-07-25,31.13,31.84,30.769,31.8,83038203,0.0
2003-07-28,31.86,31.988,31.6,31.89,56215199,0.0
2003-07-29,31.93,32.02,31.23,31.65,80589703,0.0
2003-07-30,31.71,31.74,31.33,31.42,56638500,0.0
2003-07-31,31.79,32.33,31.52,31.8,85682000,0.0
2003-08-01,31.69,31.79,31.3,31.46,73558203,0.0
2003-08-04,31.42,31.92,30.84,31.45,96425000,0.0
2003-08-05,31.41,31.48,30.18,30.21,111155305,0.0
2003-08-06,30.36,30.77,30.1,30.19,96819906,0.0
2003-08-07,30.22,30.51,30.02,30.31,67356203,0.0
2003-08-08,30.43,30.55,29.93,30.07,66695602,0.0
2003-08-11,30.08,30.6,30.03,30.4,63727699,0.0
2003-08-12,30.51,30.9,30.326,30.86,59762102,0.0
2003-08-13,30.98,31.066,30.65,30.87,58071602,0.0
2003-08-14,30.88,31.19,30.67,30.9,51191199,0.0
2003-08-15,31.0,31.29,30.93,31.17,28125801,0.0
2003-08-18,31.31,32.01,31.05,31.97,67278703,0.0
2003-08-19,32.11,32.38,31.846,32.37,68312797,0.0
2003-08-20,32.1,32.52,32.02,32.29,58259602,0.0
2003-08-21,32.59,32.82,32.27,32.64,77240797,0.0
2003-08-22,33.26,33.37,32.33,32.44,93026203,0.0
2003-08-25,32.36,32.57,32.21,32.51,43066000,0.0
2003-08-26,32.28,32.59,31.81,32.54,79903906,0.0
2003-08-27,32.49,32.83,32.37,32.8,47266102,0.0
2003-08-28,32.94,33.12,32.52,33.09,55348801,0.0
2003-08-29,33.04,33.46,32.98,33.39,53194602,0.0
2003-09-02,33.49,33.89,33.13,33.87,80496203,0.0
2003-09-03,34.1,34.2,33.65,33.85,85238000,0.0
2003-09-04,33.83,34.22,33.7,34.16,63826199,0.0
2003-09-05,33.966,34.34,33.67,33.94,91034602,0.0
2003-09-08,34.0,34.53,33.95,34.5,69341305,0.0
2003-09-09,34.33,34.386,33.92,34.09,87998305,0.0
2003-09-10,33.75,33.89,33.11,33.27,111660000,0.0
2003-09-11,33.278,33.78,33.01,33.64,96953797,0.0
2003-09-12,33.34,33.84,33.05,33.82,105007602,0.0
2003-09-15,33.84,33.91,33.444,33.49,54612898,0.0
2003-09-16,33.52,34.43,33.52,34.4,87583602,0.0
2003-09-17,34.33,34.501,34.03,34.26,79816602,0.0
2003-09-18,34.17,34.86,34.0,34.78,91618508,0.0
2003-09-19,34.79,34.86,34.36,34.58,69834508,0.0
2003-09-22,34.13,34.2,33.77,33.92,97494703,0.0
2003-09-23,33.97,34.56,33.91,34.52,77855102,0.0
2003-09-24,34.51,34.8,33.17,33.22,115511703,0.0
2003-09-25,33.38,33.98,32.76,32.79,117906906,0.0
2003-09-26,32.89,33.17,32.52,32.58,106666102,0.0
2003-09-29,32.76,33.17,32.45,33.14,97080703,0.0
2003-09-30,32.92,32.96,32.357,32.42,119186305,0.0
2003-10-01,32.61,33.23,32.42,33.15,106802203,0.0
2003-10-02,33.1,33.43,32.93,33.26,83928703,0.0
2003-10-03,33.85,34.47,33.82,34.19,112922906,0.0
2003-10-06,34.28,34.45,34.06,34.44,49226500,0.0
2003-10-07,34.16,34.65,34.01,34.65,80125508,0.0
2003-10-08,34.81,34.84,34.22,34.43,71417906,0.0
2003-10-09,34.91,35.27,34.43,34.69,118250602,0.0
2003-10-10,34.77,35.03,34.64,35.01,68393000,0.0
2003-10-13,35.14,35.37,34.92,35.24,60972602,0.0
2003-10-14,35.1,35.43,34.96,35.33,64122301,0.0
2003-10-15,35.8,35.85,35.03,35.18,97690602,0.0
2003-10-16,35.1,35.53,35.0,35.46,74077102,0.0
2003-10-17,35.413,35.49,34.6,34.61,97960398,0.0
2003-10-20,34.65,35.68,34.08,35.04,76128508,0.0
2003-10-21,35.14,35.45,34.939,35.25,74688602,0.0
2003-10-22,34.89,34.93,34.44,34.57,88527797,0.0
2003-10-23,34.15,34.507,34.05,34.17,98220602,0.0
2003-10-24,33.79,34.23,33.49,34.2,101812203,0.0
2003-10-27,34.28,34.45,34.04,34.21,63634898,0.0
2003-10-28,34.43,35.41,34.37,35.36,107478305,0.0
2003-10-29,35.2,35.41,35.07,35.32,74101305,0.0
2003-10-30,35.81,36.0,35.14,35.39,95134305,0.0
2003-10-31,35.44,35.49,35.06,35.18,55483699,0.0
2003-11-03,35.43,35.98,35.36,35.76,71164078,0.0
2003-11-04,35.69,35.87,35.446,35.52,60052211,0.0
2003-11-05,35.52,35.89,35.15,35.84,68430508,0.0
2003-11-06,35.79,35.966,35.34,35.939,90613906,0.0
2003-11-07,36.08,36.18,35.6,35.63,63589000,0.0
2003-11-10,35.7,35.743,35.09,35.19,68925703,0.0
2003-11-11,35.149,35.3,34.85,35.06,75924102,0.0
2003-11-12,35.17,35.963,35.14,35.81,81117602,0.0
2003-11-13,35.71,35.9,35.55,35.77,64300500,0.0
2003-11-14,35.811,36.02,34.95,35.04,91039602,0.0
2003-11-17,34.84,34.91,34.256,34.68,108499398,0.0
2003-11-18,34.87,34.97,33.82,33.88,108695703,0.0
2003-11-19,34.01,34.4,33.88,34.21,86370000,0.0
2003-11-20,33.89,34.68,33.81,33.882,117367305,0.0
2003-11-21,34.08,34.265,33.73,34.232,81816508,0.0
2003-11-24,34.52,35.25,34.47,35.18,92178000,0.0
2003-11-25,35.29,35.45,35.09,35.18,72564906,0.0
2003-11-26,35.4,35.52,34.81,35.34,72852398,0.0
2003-11-28,35.26,35.5,35.208,35.38,24809100,0.0
2003-12-01,35.71,36.01,35.47,35.9,82782398,0.0
2003-12-02,35.82,36.05,35.58,35.7,65079500,0.0
2003-12-03,35.84,36.12,35.25,35.25,107764000,0.0
2003-12-04,35.38,35.71,35.08,35.63,102398102,0.0
2003-12-05,35.27,35.5,34.958,35.04,87613203,0.0
2003-12-08,35.02,35.33,34.78,35.235,87057398,0.0
2003-12-09,35.45,35.46,34.35,34.43,109986305,0.0
2003-12-10,34.53,34.7,34.13,34.56,103562906,0.0
2003-12-11,34.5,35.39,34.493,35.3,108409398,0.0
2003-12-12,35.29,35.34,34.9,35.24,72224602,0.0
2003-12-15,35.93,35.99,34.65,34.78,106229508,0.0
2003-12-16,34.79,35.023,34.42,34.85,89852508,0.0
2003-12-17,34.81,35.0,34.574,34.91,68572508,0.0
2003-12-18,34.95,35.64,34.949,35.56,90018602,0.0
2003-12-19,35.61,35.65,35.2,35.46,89768398,0.0
2003-12-22,35.35,35.68,35.29,35.57,63599699,0.0
2003-12-23,35.6,36.02,35.53,35.84,67025500,0.0
2003-12-24,35.84,36.02,35.8,35.9,44840301,0.0
2003-12-26,35.96,36.09,35.82,35.85,25499000,0.0
2003-12-29,36.03,36.53,36.02,36.44,63356199,0.0
2003-12-30,36.53,36.58,36.3,36.56,48258398,0.0
2003-12-31,36.62,36.64,36.25,36.46,60522602,0.0
2004-01-02,36.66,36.79,36.22,36.36,55241898,0.0
2004-01-05,36.58,37.158,36.56,37.09,69744305,0.0
2004-01-06,37.08,37.42,36.95,37.34,60038602,0.0
2004-01-07,37.28,37.68,37.07,37.68,71851797,0.0
2004-01-08,37.85,38.0,37.6,37.979,78234000,0.0
2004-01-09,37.71,38.35,37.59,37.73,94299508,0.0
2004-01-12,37.85,38.35,37.68,38.33,77681000,0.0
2004-01-13,38.27,38.36,37.6,37.949,93037906,0.0
2004-01-14,38.11,38.25,37.75,38.08,68931797,0.0
2004-01-15,37.93,38.46,37.63,38.18,104537703,0.0
2004-01-16,38.38,38.63,38.17,38.57,77348508,0.0
2004-01-20,38.73,39.0,38.307,38.54,82037305,0.0
2004-01-21,38.39,38.66,38.0,38.38,112271102,0.0
2004-01-22,38.55,38.69,38.06,38.15,90790602,0.0
2004-01-23,38.21,38.46,37.78,38.01,88795602,0.0
2004-01-26,37.98,38.65,37.84,38.59,84636305,0.0
2004-01-27,38.51,38.63,37.69,37.74,97315000,0.0
2004-01-28,37.94,38.06,37.004,37.1,128074906,0.0
2004-01-29,37.23,37.31,36.66,37.24,143983812,0.0
2004-01-30,37.2,37.44,36.97,37.07,84291305,0.0
2004-02-02,37.2,37.48,36.82,36.97,94513102,0.0
2004-02-03,36.91,37.24,36.72,36.93,73717203,0.0
2004-02-04,36.62,37.76,36.329,36.33,109982398,0.0
2004-02-05,36.51,36.71,36.33,36.47,96903000,0.0
2004-02-06,36.6,37.28,36.53,37.131,107197508,0.0
2004-02-09,37.34,37.38,37.05,37.12,58863199,0.0
2004-02-10,37.05,37.41,37.03,37.18,65081000,0.0
2004-02-11,37.237,37.67,37.0,37.58,92456102,0.0
2004-02-12,37.52,37.7,37.24,37.25,70706203,0.0
2004-02-13,37.39,37.97,36.76,36.94,90578305,0.0
2004-02-17,37.28,37.62,37.22,37.44,69699703,0.0
2004-02-18,37.51,37.67,37.32,37.55,71014000,0.0
2004-02-19,37.83,37.9,36.82,36.98,100862203,0.0
2004-02-20,36.97,37.14,36.55,36.86,132352797,0.0
2004-02-23,37.0,37.03,35.9,36.45,125254602,0.0
2004-02-24,36.27,36.67,36.0,36.36,124550508,0.0
2004-02-25,36.43,36.67,36.33,36.58,74504797,0.0
2004-02-26,36.47,36.84,36.305,36.67,71437398,0.0
2004-02-27,36.76,36.94,36.27,36.57,99444602,0.0
2004-03-01,36.68,37.07,36.47,37.05,79757305,0.0
2004-03-02,36.983,37.18,36.61,36.62,91576102,0.0
2004-03-03,36.51,36.63,36.21,36.42,83975305,0.0
2004-03-04,36.44,36.83,36.39,36.76,66019000,0.0
2004-03-05,36.41,37.15,36.36,36.63,118126797,0.0
2004-03-08,36.69,36.82,35.73,35.77,112667305,0.0
2004-03-09,35.83,35.98,35.52,35.66,126212000,0.0
2004-03-10,35.75,35.999,35.13,35.19,134306094,0.0
2004-03-11,35.07,35.53,34.8,34.87,152376703,0.0
2004-03-12,35.2,35.59,35.15,35.51,118385398,0.0
2004-03-15,35.36,35.4,34.81,34.89,115864000,0.0
2004-03-16,35.11,35.25,34.63,34.95,123727102,0.0
2004-03-17,35.21,35.62,35.18,35.5,91955203,0.0
2004-03-18,35.37,35.46,34.97,35.34,111283797,0.0
2004-03-19,35.28,35.456,34.725,34.75,100111398,0.0
2004-03-22,34.53,34.55,34.03,34.31,134529203,0.0
2004-03-23,34.59,34.65,34.006,34.03,126039000,0.0
2004-03-24,34.15,34.63,34.01,34.42,118965102,0.0
2004-03-25,34.65,35.46,34.62,35.343,142137406,0.0
2004-03-26,35.3,35.584,35.2,35.22,78441102,0.0
2004-03-29,35.51,35.96,35.49,35.79,103890203,0.0
2004-03-30,35.67,35.943,35.517,35.91,95757508,0.0
2004-03-31,35.92,36.0,35.61,35.84,86025398,0.0
2004-04-01,35.81,36.25,35.78,36.16,93060797,0.0
2004-04-02,36.89,37.16,36.52,37.1,145991109,0.0
2004-04-05,37.04,37.5,36.97,37.45,67357102,0.0
2004-04-06,37.16,37.4,36.92,36.98,98640703,0.0
2004-04-07,36.994,37.11,36.66,36.94,91066797,0.0
2004-04-08,37.35,37.39,36.74,36.94,77242906,0.0
2004-04-12,37.07,37.24,36.98,37.17,55310000,0.0
2004-04-13,37.34,37.36,36.46,36.63,100696703,0.0
2004-04-14,36.41,36.95,36.36,36.81,113732602,0.0
2004-04-15,36.75,36.86,36.02,36.15,123769203,0.0
2004-04-16,36.2,36.32,35.79,36.09,110768602,0.0
2004-04-19,36.01,36.59,35.98,36.53,85855906,0.0
2004-04-20,36.61,36.79,35.64,35.68,119628305,0.0
2004-04-21,35.9,36.11,35.45,35.99,118965508,0.0
2004-04-22,36.0,37.01,35.98,36.92,137797203,0.0
2004-04-23,37.08,37.26,36.9,37.21,91993602,0.0
2004-04-26,37.18,37.29,36.65,36.94,74460000,0.0
2004-04-27,36.95,37.19,36.69,36.87,87613000,0.0
2004-04-28,36.71,36.72,36.019,36.2,111761305,0.0
2004-04-29,36.09,36.34,35.3,35.64,156958797,0.0
2004-04-30,35.66,35.8,34.72,34.77,150893297,0.0
2004-05-03,35.0,35.52,34.89,35.1,117044203,0.0
2004-05-04,35.21,35.75,35.03,35.25,126195000,0.0
2004-05-05,35.42,35.7,35.2,35.53,97546102,0.0
2004-05-06,35.2,35.523,34.85,35.26,102703203,0.0
2004-05-07,35.09,35.64,34.91,34.97,137701703,0.0
2004-05-10,34.67,34.9,34.42,34.671,157059703,0.0
2004-05-11,34.97,35.38,34.92,35.19,120777906,0.0
2004-05-12,35.12,35.3495,34.27,35.26,197845109,0.0
2004-05-13,35.06,35.45,34.92,35.01,138053703,0.0
2004-05-14,35.2,35.314,34.64,34.75,133737406,0.0
2004-05-17,34.38,34.615,34.11,34.42,150674891,0.0
2004-05-18,34.66,34.9,34.6,34.73,96702102,0.0
2004-05-19,35.16,35.511,34.635,34.69,141729016,0.0
2004-05-20,34.78,35.02,34.56,34.85,94968305,0.0
2004-05-21,35.02,35.17,34.738,35.019,111440602,0.0
2004-05-24,35.3,35.46,35.0,35.26,100124508,0.0
2004-05-25,35.15,36.08,34.949,35.96,146377406,0.0
2004-05-26,35.86,36.191,35.81,36.19,93815797,0.0
2004-05-27,36.29,36.5,36.0,36.42,110197102,0.0
2004-05-28,36.38,36.55,36.21,36.55,56392398,0.0
2004-06-01,36.26,36.55,36.11,36.5,90616398,0.0
2004-06-02,36.56,36.66,36.17,36.42,103538305,0.0
2004-06-03,36.3,36.361,35.82,35.98,97613305,0.0
2004-06-04,36.35,36.62,36.17,36.19,91277797,0.0
2004-06-07,36.44,37.1,36.34,37.05,107641703,0.0
2004-06-08,36.9,37.19,36.85,37.102,72546305,0.0
2004-06-09,36.98,37.051,36.37,36.579,98230305,0.0
2004-06-10,36.69,36.84,36.55,36.84,57114699,0.0
2004-06-14,36.61,36.61,36.1,36.32,85266508,0.0
2004-06-15,36.56,36.99,36.56,36.79,91971906,0.0
2004-06-16,36.75,36.9,36.65,36.73,65114500,0.0
2004-06-17,36.65,36.6563,36.25,36.39,77850508,0.0
2004-06-18,36.3,36.84,36.26,36.44,78711797,0.0
2004-06-21,36.52,36.63,36.06,36.15,65402699,0.0
2004-06-22,36.16,36.7,36.015,36.68,101586203,0.0
2004-06-23,36.57,37.19,36.51,37.12,95291305,0.0
2004-06-24,37.02,37.35,36.92,37.05,92375906,0.0
2004-06-25,37.0,37.39,36.98,37.33,81026797,0.0
2004-06-28,37.49,37.52,36.9,37.021,94190203,0.0
2004-06-29,37.1,37.59,37.08,37.37,68334602,0.0
2004-06-30,37.45,37.9,37.35,37.74,97862102,0.0
2004-07-01,37.66,37.66,36.77,37.04,122171797,0.0
2004-07-02,37.04,37.19,36.63,36.82,74084906,0.0
2004-07-06,36.6,36.6,35.83,36.03,130376102,0.0
2004-07-07,35.96,36.29,35.92,36.096,96004203,0.0
2004-07-08,35.81,36.13,35.55,35.7,108920000,0.0
2004-07-09,35.84,36.04,35.63,35.75,86033102,0.0
2004-07-12,35.57,35.69,34.71,35.6,81844703,0.0
2004-07-13,35.69,35.81,35.41,35.55,81609102,0.0
2004-07-14,35.2,35.65,35.05,35.19,119726602,0.0
2004-07-15,35.32,35.49,35.06,35.07,90553508,0.0
2004-07-16,35.44,35.45,34.619,34.67,120408203,0.0
2004-07-19,34.78,34.97,34.47,34.6,106421398,0.0
2004-07-20,34.74,35.587,34.71,35.43,118931305,0.0
2004-07-21,35.59,35.65,34.34,34.4,136136891,0.0
2004-07-22,34.48,35.11,34.25,34.87,132779109,0.0
2004-07-23,34.64,34.66,34.03,34.21,107115508,0.0
2004-07-26,34.24,34.41,33.7,34.06,113004602,0.0
2004-07-27,34.19,34.71,34.04,34.53,103514508,0.0
2004-07-28,34.41,34.626,33.81,34.38,155052297,0.0
2004-07-29,34.71,34.92,34.5,34.78,99018797,0.0
2004-07-30,34.76,35.1,34.65,34.89,83039797,0.0
2004-08-02,34.61,35.02,34.46,34.96,81344000,0.0
2004-08-03,34.84,34.93,34.1875,34.23,85812203,0.0
2004-08-04,34.15,34.461,34.01,34.24,86838703,0.0
2004-08-05,34.35,34.4,33.598,33.6,109879508,0.0
2004-08-06,33.4,33.41,32.0,32.72,148845297,0.0
2004-08-09,32.81,32.96,32.65,32.8,78621602,0.0
2004-08-10,32.97,33.482,32.92,33.21,106294703,0.0
2004-08-11,32.85,33.04,32.55,32.92,121283797,0.0
2004-08-12,32.69,32.857,32.37,32.47,113879102,0.0
2004-08-13,32.65,32.74,32.35,32.52,91426102,0.0
2004-08-16,32.61,33.19,32.586,32.887,77880508,0.0
2004-08-17,33.12,33.44,32.9878,33.26,89578508,0.0
2004-08-18,33.06,33.91,33.01,33.85,107918102,0.0
2004-08-19,33.73,33.85,33.41,33.6719,106807703,0.0
2004-08-20,33.57,34.1406,33.51,34.01,92027000,0.0
2004-08-23,34.05,34.27,33.91,34.09,83568102,0.0
2004-08-24,34.25,34.31,33.81,34.08,86761203,0.0
2004-08-25,34.06,34.6,33.9,34.55,88413398,0.0
2004-08-26,34.46,34.55,34.31,34.4,57768000,0.0
2004-08-27,34.46,34.68,34.44,34.56,58617102,0.0
2004-08-30,34.41,34.43,33.944,33.98,62408000,0.0
2004-08-31,34.02,34.121,33.65,34.02,81401203,0.0
2004-09-01,33.93,34.47,33.8,34.27,96683398,0.0
2004-09-02,34.18,34.88,34.16,34.78,83242906,0.0
2004-09-03,34.44,34.67,34.05,34.1406,90245797,0.0
2004-09-07,34.4,34.61,34.12,34.43,96617305,0.0
2004-09-08,34.31,34.68,34.18,34.299,101674203,0.0
2004-09-09,34.45,34.75,34.13,34.59,104550305,0.0
2004-09-10,34.62,35.19,34.47,35.12,108628000,0.0
2004-09-13,35.25,35.72,35.14,35.58,109441000,0.0
2004-09-14,35.45,35.73,35.36,35.63,76911602,0.0
2004-09-15,35.42,35.45,35.1,35.253,90476797,0.0
2004-09-16,35.26,35.57,35.13,35.32,67131602,0.0
2004-09-17,35.23,35.52,35.16,35.43,84052398,0.0
2004-09-20,35.29,35.77,35.18,35.433,111123906,0.0
2004-09-21,35.543,35.85,35.42,35.57,93714305,0.0
2004-09-22,35.44,35.46,34.87,34.95,101501102,0.0
2004-09-23,34.98,35.15,34.877,34.919,92566508,0.0
2004-09-24,34.99,35.19,34.75,34.799,103269906,0.0
2004-09-27,34.62,34.74,34.38,34.5,86093000,0.0
2004-09-28,34.55,34.69,34.23,34.57,87235602,0.0
2004-09-29,34.56,35.12,34.53,35.08,95787602,0.0
2004-09-30,35.05,35.27,34.89,35.14,74566102,0.0
2004-10-01,35.45,36.15,35.36,36.1,118318305,0.0
2004-10-04,36.36,36.62,36.25,36.3125,108446602,0.0
2004-10-05,36.23,36.49,36.16,36.36,89819508,0.0
2004-10-06,36.31,36.95,36.11,36.65,87944305,0.0
2004-10-07,36.54,36.67,36.17,36.24,82405602,0.0
2004-10-08,36.08,36.24,35.5,35.58,115110000,0.0
2004-10-11,35.69,35.86,35.6,35.75,51304000,0.0
2004-10-12,35.43,35.84,35.2,35.69,98207398,0.0
2004-10-13,36.06,36.14,35.43,35.61,132803406,0.0
2004-10-14,35.69,35.78,35.33,35.45,99445398,0.0
2004-10-15,35.49,35.856,35.28,35.63,129189508,0.0
2004-10-18,35.51,36.25,35.4,36.14,109233203,0.0
2004-10-19,36.38,36.57,35.79,35.88,130060602,0.0
2004-10-20,35.83,36.23,35.65,36.048,106740398,0.0
2004-10-21,36.24,36.79,36.1,36.6,123930602,0.0
2004-10-22,36.61,36.65,35.74,35.8,114365602,0.0
2004-10-25,35.73,35.81,35.49,35.625,102952305,0.0
2004-10-26,35.65,35.84,35.41,35.82,98239203,0.0
2004-10-27,35.84,36.9,35.71,36.73,152504797,0.0
2004-10-28,36.68,37.12,36.57,36.96,111132305,0.0
2004-10-29,36.91,37.24,36.67,36.9,100824305,0.0
2004-11-01,36.98,37.18,36.8,37.038,72418703,0.0
2004-11-02,37.09,37.55,37.01,37.161,109125703,0.0
2004-11-03,37.77,37.9,37.15,37.41,141151594,0.0
2004-11-04,37.26,37.78,37.11,37.62,112586305,0.0
2004-11-05,38.02,38.16,37.61,37.96,117065398,0.0
2004-11-08,37.95,38.1,37.85,38.0,66496703,0.0
2004-11-09,37.93,38.15,37.81,37.92,85228906,0.0
2004-11-10,37.93,38.06,37.64,37.79,95151398,0.0
2004-11-11,37.91,38.38,37.86,38.29,99719203,0.0
2004-11-12,38.34,38.76,38.17,38.66,102694102,0.0
2004-11-15,38.64,38.86,38.5,38.83,82729797,0.0
2004-11-16,38.66,38.68,38.32,38.593,97395906,0.0
2004-11-17,38.83,39.32,38.83,39.11,125392203,0.0
2004-11-18,38.98,39.36,38.887,39.29,94964602,0.0
2004-11-19,39.24,39.29,38.59,38.68,118533906,0.0
2004-11-22,38.61,39.07,38.48,39.05,79960305,0.0
2004-11-23,39.01,39.15,38.61,38.99,91925305,0.0
2004-11-24,39.09,39.39,39.07,39.33,74078000,0.0
2004-11-26,39.37,39.48,39.17,39.21,31303199,0.0
2004-11-29,39.46,39.64,38.97,39.2031,94773305,0.0
2004-11-30,39.3,39.39,39.06,39.122,87703906,0.0
2004-12-01,39.27,39.961,39.27,39.92,102435000,0.0
2004-12-02,39.82,40.39,39.76,40.07,122120906,0.0
2004-12-03,40.31,40.59,40.08,40.13,114235305,0.0
2004-12-06,40.12,40.426,39.91,40.27,70417930,0.0
2004-12-07,40.33,40.5,39.53,39.58,121505797,0.0
2004-12-08,39.66,39.98,38.81,39.81,96342086,0.0
2004-12-09,39.5,40.19,39.24,40.05,134346891,0.0
2004-12-10,39.85,40.07,39.74,39.93,86239945,0.0
2004-12-13,40.22,40.34,39.98,40.28,74318852,0.0
2004-12-14,40.26,40.59,40.25,40.477,91988305,0.0
2004-12-15,40.49,40.68,40.155,40.33,95198469,0.0
2004-12-16,40.32,40.45,39.82,39.95,86167383,0.0
2004-12-17,39.65,39.81,37.21,39.475,101871906,0.0
2004-12-20,39.57,39.771,39.09,39.2,106407000,0.0
2004-12-21,39.38,39.71,39.278,39.68,83226961,0.0
2004-12-22,39.535,39.93,39.488,39.73,75493422,0.0
2004-12-23,39.61,39.91,39.54,39.758,45784379,0.0
2004-12-27,39.98,40.02,39.4,39.59,67230352,0.0
2004-12-28,39.67,40.001,39.61,39.97,62575762,0.0
2004-12-29,39.92,40.16,39.9,40.02,50099352,0.0
2004-12-30,40.07,40.123,39.93,39.99,41709840,0.0
2004-12-31,40.03,40.121,39.78,39.915,44134762,0.0
2005-01-03,40.08,40.292,39.37,39.499,101035906,0.0
2005-01-04,39.69,39.74,38.55,38.78,136649109,0.0
2005-01-05,38.68,38.96,38.47,38.54,128328906,0.0
2005-01-06,38.63,38.71,38.34,38.347,102934508,0.0
2005-01-07,38.57,38.873,38.21,38.55,123107703,0.0
2005-01-10,38.44,38.87,38.389,38.53,88794312,0.0
2005-01-11,38.37,38.496,38.069,38.259,106929305,0.0
2005-01-12,38.44,38.6,38.01,38.58,127792906,0.0
2005-01-13,38.6,38.85,38.01,38.07,102028906,0.0
2005-01-14,38.2,38.52,38.19,38.43,93475789,0.0
2005-01-18,38.28,38.79,38.22,38.72,91890703,0.0
2005-01-19,38.73,38.75,38.06,38.08,105092102,0.0
2005-01-20,37.65,37.811,37.32,37.35,121035602,0.0
2005-01-21,37.49,37.55,36.99,37.05,115457602,0.0
2005-01-24,37.12,37.2,36.46,36.53,137543594,0.0
2005-01-25,36.77,37.09,36.66,36.71,119996602,0.0
2005-01-26,36.96,37.29,36.824,37.15,107635305,0.0
2005-01-27,37.09,37.27,36.87,37.1,109593398,0.0
2005-01-28,37.21,37.27,36.62,36.92,111724906,0.0
2005-01-31,37.36,37.53,37.26,37.4,89147000,0.0
2005-02-01,37.47,37.6482,37.37,37.52,76729914,0.0
2005-02-02,37.65,37.73,37.31,37.58,100399102,0.0
2005-02-03,37.38,37.413,37.0,37.154,90926352,0.0
2005-02-04,37.15,37.82,37.15,37.75,99317008,0.0
2005-02-07,37.8,37.91,37.52,37.674,71621922,0.0
2005-02-08,37.65,38.01,37.62,37.74,73016562,0.0
2005-02-09,37.77,37.8,37.065,37.11,93388422,0.0
2005-02-10,37.26,37.32,36.88,37.15,110393203,0.0
2005-02-11,37.06,37.85,36.927,37.7,108719000,0.0
2005-02-14,37.71,37.94,37.6875,37.869,55035559,0.0
2005-02-15,37.89,38.48,37.82,38.12,133180500,0.0
2005-02-16,38.03,38.16,37.83,37.98,80576742,0.0
2005-02-17,38.05,38.14,37.43,37.47,116252703,0.0
2005-02-18,37.48,37.57,37.26,37.35,69363352,0.0
2005-02-22,37.03,37.5482,36.79,36.89,122511508,0.0
2005-02-23,37.04,37.07,36.697,36.94,95403703,0.0
2005-02-24,36.85,37.44,36.76,37.41,99787430,0.0
2005-02-25,37.38,37.7,37.29,37.62,80130430,0.0
2005-02-28,37.46,37.6,36.923,37.22,95962703,0.0
2005-03-01,37.37,37.7,37.33,37.63,79245945,0.0
2005-03-02,37.43,38.02,37.356,37.61,107853305,0.0
2005-03-03,37.71,37.73,37.02,37.3,90071195,0.0
2005-03-04,37.59,37.75,37.4,37.52,86622000,0.0
2005-03-07,37.61,38.29,37.56,38.06,94835070,0.0
2005-03-08,37.97,38.21,37.65,37.68,89582008,0.0
2005-03-09,37.67,37.93,37.47,37.57,97875555,0.0
2005-03-10,37.61,37.67,37.08,37.52,97573602,0.0
2005-03-11,37.69,37.822,37.0199,37.17,102850906,0.0
2005-03-14,37.24,37.36,37.0305,37.34,71561156,0.0
2005-03-15,37.44,37.48,36.99,37.04,93859211,0.0
2005-03-16,36.92,37.18,36.53,36.615,159637594,0.0
2005-03-17,36.6,36.89,36.54,36.71,100429602,0.0
2005-03-18,36.74,36.785,36.35,36.51,109155398,0.0
2005-03-21,36.61,36.75,36.25,36.58,92772586,0.0
2005-03-22,36.63,36.75,36.11,36.13,114051508,0.0
2005-03-23,36.09,36.494,36.07,36.26,97506242,0.0
2005-03-24,36.39,36.65,36.27,36.27,77697125,0.0
2005-03-28,36.41,36.611,36.31,36.34,59751730,0.0
2005-03-29,36.27,36.58,35.94,36.05,119576797,0.0
2005-03-30,36.23,36.78,36.22,36.73,114997508,0.0
2005-03-31,36.75,36.75,36.44,36.57,86580344,0.0
2005-04-01,36.82,36.884,36.13,36.2,143820203,0.0
2005-04-04,36.26,36.6,36.03,36.46,100090000,0.0
2005-04-05,36.5,36.669,36.415,36.56,66363031,0.0
2005-04-06,36.66,36.905,36.42,36.5,82193609,0.0
2005-04-07,36.52,36.952,36.51,36.94,88610031,0.0
2005-04-08,37.02,37.07,36.6,36.64,92344945,0.0
2005-04-11,36.75,36.78,36.4,36.48,70977961,0.0
2005-04-12,36.44,36.74,35.91,36.66,145167016,0.0
2005-04-13,36.56,36.6,35.98,36.06,109012797,0.0
2005-04-14,36.08,36.1,35.5,35.55,158636797,0.0
2005-04-15,35.23,35.37,34.68,34.74,170169109,0.0
2005-04-18,34.72,35.1,34.64,34.75,110086508,0.0
2005-04-19,35.02,35.1,34.75,34.99,97300359,0.0
2005-04-20,35.21,35.29,34.59,34.704,140246203,0.0
2005-04-21,35.09,35.71,34.96,35.62,124797000,0.0
2005-04-22,35.47,35.47,34.817,35.09,115086102,0.0
2005-04-25,35.3,35.463,35.149,35.375,72170086,0.0
2005-04-26,35.28,35.7,35.04,35.05,108029508,0.0
2005-04-27,34.87,35.25,34.73,35.1,112591398,0.0
2005-04-28,34.93,35.15,34.72,34.75,98348211,0.0
2005-04-29,35.0,35.064,34.35,34.98,144451016,0.0
2005-05-02,35.07,35.2636,34.886,35.12,67669234,0.0
2005-05-03,35.05,35.6,35.03,35.3,103884906,0.0
2005-05-04,35.29,35.832,35.24,35.728,90839156,0.0
2005-05-05,35.76,35.924,35.53,35.76,79363312,0.0
2005-05-06,35.97,36.02,35.723,35.857,77375508,0.0
2005-05-09,35.87,36.06,35.657,36.03,66293359,0.0
2005-05-10,35.85,35.96,35.619,35.7656,77442625,0.0
2005-05-11,35.83,36.026,35.3,35.95,132015203,0.0
2005-05-12,36.01,36.2,35.6563,35.85,116498305,0.0
2005-05-13,35.99,36.47,35.888,36.24,133310000,0.0
2005-05-16,36.24,36.538,36.13,36.4844,79098648,0.0
2005-05-17,36.349,36.74,36.21,36.7,91686117,0.0
2005-05-18,36.8,37.36,36.71,37.2,128100305,0.0
2005-05-19,37.3,37.52,37.2,37.512,92982461,0.0
2005-05-20,37.45,37.69,37.35,37.66,66597859,0.0
2005-05-23,37.66,37.986,37.6,37.85,93068570,0.0
2005-05-24,37.75,38.0,37.7,37.97,100899102,0.0
2005-05-25,37.83,37.881,37.59,37.81,76433477,0.0
2005-05-26,37.98,38.27,37.98,38.19,84069141,0.0
2005-05-27,38.15,38.25,38.02,38.21,50100773,0.0
2005-05-31,38.19,38.24,37.92,38.08,75294961,0.0
2005-06-01,38.03,38.68,38.02,38.41,110875703,0.0
2005-06-02,38.33,38.66,38.3,38.66,76103461,0.0
2005-06-03,38.63,38.64,38.02,38.1,97055766,0.0
2005-06-06,38.12,38.19,37.96,38.11,53063551,0.0
2005-06-07,38.15,38.471,37.738,37.79,109593797,0.0
2005-06-08,37.88,37.95,37.56,37.71,79227477,0.0
2005-06-09,37.66,38.06,37.5,37.95,99401148,0.0
2005-06-10,37.9,37.9,37.38,37.5469,85997148,0.0
2005-06-13,37.48,37.95,37.46,37.73,82346922,0.0
2005-06-14,37.69,37.84,37.5,37.58,62728711,0.0
2005-06-15,37.83,37.87,37.25,37.7,103984398,0.0
2005-06-16,37.74,38.0,37.66,37.9,90509328,0.0
2005-06-17,38.12,38.21,37.75,37.87,89171242,0.0
2005-06-20,37.72,38.08,37.58,37.87,68063688,0.0
2005-06-21,37.83,38.011,37.7,37.85,97887391,0.0
2005-06-22,38.01,38.1,37.63,37.81,75270008,0.0
2005-06-23,37.88,38.18,37.33,37.39,122192398,0.0
2005-06-24,37.38,37.41,36.958,36.97,142314500,0.0
2005-06-27,36.95,37.06,36.7,36.8,72869602,0.0
2005-06-28,36.95,37.26,36.9,37.15,73368172,0.0
2005-06-29,37.25,37.26,36.97,37.068,71542469,0.0
2005-06-30,37.14,37.21,36.75,36.78,87963273,0.0
2005-07-01,36.86,37.001,36.68,36.725,55266953,0.0
2005-07-05,36.64,37.19,36.6,37.11,79261430,0.0
2005-07-06,37.03,37.28,36.864,36.93,79293148,0.0
2005-07-07,36.58,37.09,36.5498,37.06,120171703,0.0
2005-07-08,37.08,37.81,36.993,37.77,101397203,0.0
2005-07-11,37.87,38.16,37.8,38.12,96357758,0.0
2005-07-12,38.12,38.46,38.01,38.3,86074688,0.0
2005-07-13,38.33,38.43,38.17,38.39,72416148,0.0
2005-07-14,38.65,38.88,38.52,38.77,103173602,0.0
2005-07-15,38.85,39.0,38.649,38.89,67268406,0.0
2005-07-18,38.76,38.89,38.6875,38.733,58655633,0.0
2005-07-19,38.92,39.196,38.84,39.18,78322391,0.0
2005-07-20,38.94,39.57,38.9,39.46,91628070,0.0
2005-07-21,39.56,39.693,39.21,39.47,127439203,0.0
2005-07-22,39.46,39.59,39.22,39.42,71684406,0.0
2005-07-25,39.44,39.626,39.2,39.27,51969594,0.0
2005-07-26,39.36,39.53,39.19,39.42,69560203,0.0
2005-07-27,39.44,39.76,39.226,39.72,83541117,0.0
2005-07-28,39.75,39.921,39.64,39.91,66211922,0.0
2005-07-29,39.87,39.92,39.52,39.575,74745703,0.0
2005-08-01,39.64,39.83,39.52,39.65,59795293,0.0
2005-08-02,39.69,40.14,39.654,40.08,79672531,0.0
2005-08-03,39.89,40.13,39.88,40.06,61938133,0.0
2005-08-04,39.88,39.94,39.57,39.673,72043742,0.0
2005-08-05,39.61,39.79,39.427,39.48,71210344,0.0
2005-08-08,39.52,39.61,39.14,39.19,64540398,0.0
2005-08-09,39.37,39.59,39.306,39.45,63796473,0.0
2005-08-10,39.55,39.685,38.97,39.11,104393102,0.0
2005-08-11,39.13,39.541,39.1,39.432,93368078,0.0
2005-08-12,39.12,39.32,38.97,39.21,86406602,0.0
2005-08-15,39.14,39.63,39.077,39.446,63045191,0.0
2005-08-16,39.3,39.33,38.74,38.81,94734047,0.0
2005-08-17,38.92,39.17,38.79,39.04,75598398,0.0
2005-08-18,38.87,39.1,38.77,38.843,72597398,0.0
2005-08-19,38.89,39.001,38.79,38.82,52035293,0.0
2005-08-22,38.88,39.18,38.597,38.84,93175547,0.0
2005-08-23,38.84,38.92,38.61,38.73,57488031,0.0
2005-08-24,38.649,39.18,38.46,38.5,95022438,0.0
2005-08-25,38.53,38.692,38.49,38.588,52338699,0.0
2005-08-26,38.53,38.6,38.27,38.4599,63756840,0.0
2005-08-29,38.26,38.85,38.26,38.76,74932680,0.0
2005-08-30,38.56,38.655,38.32,38.62,87330789,0.0
2005-08-31,38.64,39.01,38.478,38.98,93410555,0.0
2005-09-01,38.99,39.15,38.78,38.92,74876047,0.0
2005-09-02,38.98,39.0313,38.74,38.77,53220180,0.0
2005-09-06,38.94,39.41,38.9,39.34,78093719,0.0
2005-09-07,39.3,39.479,39.21,39.409,57425230,0.0
2005-09-08,39.29,39.57,39.27,39.4,73522344,0.0
2005-09-09,39.41,39.69,39.31,39.619,75344531,0.0
2005-09-12,39.63,39.863,39.58,39.73,51670340,0.0
2005-09-13,39.679,39.91,39.54,39.63,66137352,0.0
2005-09-14,39.65,39.68,39.15,39.18,98642242,0.0
2005-09-15,39.26,39.34,39.05,39.16,80420273,0.0
2005-09-16,39.25,39.46,39.1094,39.4,71028477,0.0
2005-09-19,39.32,39.38,38.91,39.09,73379797,0.0
2005-09-20,39.16,39.541,38.809,38.93,115401203,0.0
2005-09-21,38.82,38.87,38.47,38.5,116388305,0.0
2005-09-22,38.44,38.73,38.24,38.64,118406102,0.0
2005-09-23,38.5,38.88,38.41,38.75,70143148,0.0
2005-09-26,38.97,39.03,38.55,38.76,69323359,0.0
2005-09-27,38.8,38.9,38.51,38.67,64079152,0.0
2005-09-28,38.77,38.95,38.558,38.68,72038352,0.0
2005-09-29,38.63,39.211,38.445,39.2,117623000,0.0
2005-09-30,39.16,39.48,39.13,39.46,79260102,0.0
2005-10-03,39.55,39.75,39.51,39.56,81683273,0.0
2005-10-04,39.62,39.88,39.29,39.3,85337078,0.0
2005-10-05,39.31,39.34,38.73,38.76,106148602,0.0
2005-10-06,38.73,38.86,37.92,38.25,162172500,0.0
2005-10-07,38.41,38.57,38.179,38.34,91116102,0.0
2005-10-10,38.29,38.461,38.06,38.13,64000340,0.0
2005-10-11,38.21,38.24,37.8,37.94,114669398,0.0
2005-10-12,37.76,38.056,37.43,37.487,146088406,0.0
2005-10-13,37.47,37.91,37.33,37.78,138566203,0.0
2005-10-14,37.87,38.07,37.64,38.06,131457797,0.0
2005-10-17,38.06,38.19,37.82,38.18,64069020,0.0
2005-10-18,38.14,38.18,37.91,37.91,88051680,0.0
2005-10-19,37.74,38.6719,37.61,38.67,132859109,0.0
2005-10-20,38.67,38.85,38.1,38.306,132566297,0.0
2005-10-21,38.699,38.86,38.3288,38.55,110024797,0.0
2005-10-24,38.712,39.181,38.467,39.16,111746000,0.0
2005-10-25,39.08,39.1901,38.77,39.01,86752641,0.0
2005-10-26,38.96,39.274,38.76,38.81,89923141,0.0
2005-10-27,38.78,38.8,38.03,38.03,134999500,0.0
2005-10-28,38.17,38.392,37.92,38.322,95334383,0.0
2005-10-31,38.43,39.05,38.42,38.87,115431000,0.0
2005-11-01,38.76,39.01,38.71,38.84,73580242,0.0
2005-11-02,38.725,39.46,38.71,39.347,101491203,0.0
2005-11-03,39.74,40.0901,39.68,39.94,137054000,0.0
2005-11-04,39.994,40.23,39.84,40.08,100944398,0.0
2005-11-07,40.2,40.29,39.95,40.13,65316039,0.0
2005-11-08,40.064,40.35,39.99,40.14,78829383,0.0
2005-11-09,40.13,40.33,40.03,40.159,72162625,0.0
2005-11-10,40.18,40.69,39.92,40.6,120680602,0.0
2005-11-11,40.77,40.918,40.68,40.71,80093383,0.0
2005-11-14,40.76,40.86,40.603,40.714,53627141,0.0
2005-11-15,40.73,40.9,40.38,40.52,79518383,0.0
2005-11-16,40.65,40.78,40.46,40.768,65886992,0.0
2005-11-17,40.91,41.32,40.85,41.307,94411008,0.0
2005-11-18,41.5,41.651,41.0253,41.45,108812398,0.0
2005-11-21,41.397,41.581,41.24,41.549,69701609,0.0
2005-11-22,41.45,41.87,41.36,41.7,88807688,0.0
2005-11-23,41.73,42.02,41.71,41.8,64083422,0.0
2005-11-25,41.84,41.94,41.73,41.89,22930180,0.0
2005-11-28,41.96,42.0,41.5,41.54,74699422,0.0
2005-11-29,41.76,41.85,41.34,41.343,77394703,0.0
2005-11-30,41.29,41.49,41.189,41.24,87051820,0.0
2005-12-01,41.51,42.05,41.5,42.007,91914039,0.0
2005-12-02,41.94,42.133,41.87,42.107,72886516,0.0
2005-12-05,42.05,42.06,41.629,41.8,61585512,0.0
2005-12-06,42.03,42.31,41.9,41.936,81434484,0.0
2005-12-07,42.01,42.03,41.629,41.86,83795008,0.0
2005-12-08,41.96,42.0,41.27,41.561,112020508,0.0
2005-12-09,41.571,41.77,41.3799,41.715,56524051,0.0
2005-12-12,41.87,41.94,41.68,41.867,44861434,0.0
2005-12-13,41.82,42.211,41.76,42.045,75555844,0.0
2005-12-14,41.95,42.096,41.708,41.899,73581555,0.0
2005-12-15,42.0,42.07,41.608,41.97,72584570,0.0
2005-12-16,41.87,41.94,41.549,41.58,63737691,0.0
2005-12-19,41.68,41.71,40.9,40.92,75415031,0.0
2005-12-20,40.95,41.15,40.75,40.95,70257641,0.0
2005-12-21,41.02,41.41,40.95,41.13,68907680,0.0
2005-12-22,41.11,41.462,40.98,41.397,59145660,0.0
2005-12-23,41.51,41.59,41.299,41.403,37929273,0.0
2005-12-27,41.52,41.68,40.97,41.038,55651293,0.0
2005-12-28,41.06,41.23,40.87,40.99,50290301,0.0
2005-12-29,41.03,41.12,40.65,40.72,47278602,0.0
2005-12-30,40.55,40.58,40.36,40.412,60052840,0.0
2006-01-03,40.65,41.49,40.16,41.31,109335203,0.0
2006-01-04,41.41,41.74,41.3158,41.74,92768820,0.0
2006-01-05,41.75,42.0,41.7065,41.92,77647430,0.0
2006-01-06,42.26,42.7,42.06,42.68,110037703,0.0
2006-01-09,42.66,42.9201,42.52,42.8499,80758508,0.0
2006-01-10,42.64,42.92,42.55,42.88,84349602,0.0
2006-01-11,43.01,43.31,42.87,43.21,100760398,0.0
2006-01-12,43.16,43.29,42.85,43.0,82403562,0.0
2006-01-13,42.94,43.05,42.73,42.98,64566910,0.0
2006-01-17,42.66,42.79,42.5,42.7,77836672,0.0
2006-01-18,42.04,42.46,42.02,42.21,122426508,0.0
2006-01-19,42.4,42.82,42.29,42.52,111088602,0.0
2006-01-20,42.44,42.49,41.15,41.25,188602203,0.0
2006-01-23,41.37,41.45,41.08,41.26,111369102,0.0
2006-01-24,41.36,41.7,41.31,41.44,77954961,0.0
2006-01-25,41.64,41.67,41.08,41.26,99814719,0.0
2006-01-26,41.5,41.69,41.23,41.55,108517000,0.0
2006-01-27,41.81,42.39,41.74,42.11,110817102,0.0
2006-01-30,42.15,42.32,42.07,42.19,53915020,0.0
2006-01-31,42.14,42.27,41.81,42.0,100928203,0.0
2006-02-01,41.75,42.17,41.7,42.15,89155516,0.0
2006-02-02,42.01,42.08,41.41,41.43,94025445,0.0
2006-02-03,41.11,41.23,40.78,40.92,121091305,0.0
2006-02-06,40.9,41.01,40.59,40.81,58112633,0.0
2006-02-07,40.74,40.93,40.44,40.63,87224523,0.0
2006-02-08,40.92,41.15,40.69,41.1,89901648,0.0
2006-02-09,41.2,41.37,40.63,40.71,78185547,0.0
2006-02-10,40.68,41.06,40.26,40.96,102532203,0.0
2006-02-13,40.72,40.74,40.3,40.49,70636398,0.0
2006-02-14,40.55,41.02,40.41,40.9,94332406,0.0
2006-02-15,40.79,41.26,40.73,41.16,92222922,0.0
2006-02-16,41.3,41.55,41.15,41.54,103844602,0.0
2006-02-17,41.45,41.46,41.2,41.21,81729023,0.0
2006-02-21,41.21,41.27,40.61,40.75,85067117,0.0
2006-02-22,40.8,41.54,40.68,41.26,91975367,0.0
2006-02-23,41.22,41.54,41.08,41.15,66286375,0.0
2006-02-24,41.15,41.29,41.01,41.26,57085320,0.0
2006-02-27,41.37,41.87,41.33,41.72,64960238,0.0
2006-02-28,41.59,41.72,40.97,41.1,117560398,0.0
2006-03-01,41.21,41.7701,41.15,41.66,80945047,0.0
2006-03-02,41.55,41.84,41.41,41.69,69769875,0.0
2006-03-03,41.45,42.01,41.39,41.45,111993305,0.0
2006-03-06,41.53,41.63,40.96,41.09,99569672,0.0
2006-03-07,41.03,41.07,40.65,40.85,96408148,0.0
2006-03-08,40.77,41.09,40.5,40.87,103959906,0.0
2006-03-09,41.0,41.1501,40.47,40.52,108531305,0.0
2006-03-10,40.48,40.79,40.19,40.56,124472703,0.0
2006-03-13,40.76,40.94,40.62,40.68,69162398,0.0
2006-03-14,40.65,41.42,40.64,41.37,118166797,0.0
2006-03-15,41.53,41.72,41.32,41.72,84371469,0.0
2006-03-16,41.85,41.9201,41.33,41.37,101344305,0.0
2006-03-17,41.32,41.59,41.23,41.45,78213766,0.0
2006-03-20,41.58,41.68,41.4,41.55,60238230,0.0
2006-03-21,41.51,42.01,41.08,41.11,134916094,0.0
2006-03-22,40.88,41.28,40.86,41.21,112282000,0.0
2006-03-23,41.09,41.22,40.82,41.09,75053047,0.0
2006-03-24,41.23,41.5001,41.02,41.3,81785242,0.0
2006-03-27,41.28,41.51,41.24,41.31,54389180,0.0
2006-03-28,41.37,41.67,40.99,41.14,100461305,0.0
2006-03-29,41.2,42.1,41.17,41.92,130632602,0.0
2006-03-30,42.0,42.3001,41.79,42.05,115884703,0.0
2006-03-31,42.14,42.19,41.84,41.93,71060445,0.0
2006-04-03,42.15,42.37,41.9,41.98,80728688,0.0
2006-04-04,42.04,42.31,41.93,42.21,89905273,0.0
2006-04-05,42.3,42.67,42.21,42.61,91608789,0.0
2006-04-06,42.58,42.94,42.4404,42.73,91685102,0.0
2006-04-07,42.89,43.05,42.3,42.32,116591703,0.0
2006-04-10,42.4,42.5,42.09,42.26,58980602,0.0
2006-04-11,42.4,42.43,41.71,41.92,91481766,0.0
2006-04-12,41.95,42.08,41.8,41.93,58521691,0.0
2006-04-13,41.9,42.33,41.79,42.1,63460512,0.0
2006-04-17,42.04,42.21,41.39,41.66,104057797,0.0
2006-04-18,41.78,42.56,41.77,42.46,124255508,0.0
2006-04-19,42.54,42.65,42.3,42.65,79026828,0.0
2006-04-20,42.62,42.82,42.38,42.5,81404023,0.0
2006-04-21,42.67,42.86,41.82,42.0,130171305,0.0
2006-04-24,41.96,42.07,41.72,41.96,78547984,0.0
2006-04-25,42.08,42.1,41.65,41.87,77630742,0.0
2006-04-26,41.87,42.06,41.7,41.86,82530312,0.0
2006-04-27,41.67,42.49,41.5,42.26,173893906,0.0
2006-04-28,42.0,42.22,41.78,41.85,88854945,0.0
2006-05-01,41.93,42.3,41.31,41.44,92853602,0.0
2006-05-02,41.61,41.73,41.4,41.55,85147992,0.0
2006-05-03,41.58,41.64,41.28,41.49,74963727,0.0
2006-05-04,41.53,41.99,41.53,41.83,88690242,0.0
2006-05-05,42.11,42.2101,41.94,42.16,80391281,0.0
2006-05-08,42.08,42.28,42.07,42.2,45047762,0.0
2006-05-09,42.1,42.1801,41.97,42.04,48412160,0.0
2006-05-10,41.93,41.98,41.55,41.67,92397727,0.0
2006-05-11,41.63,41.65,40.63,40.74,140979016,0.0
2006-05-12,40.57,40.76,39.96,40.19,153901016,0.0
2006-05-15,40.03,40.34,39.79,40.16,127816000,0.0
2006-05-16,40.16,40.26,39.77,39.86,132396109,0.0
2006-05-17,39.68,39.81,39.23,39.32,207889109,0.0
2006-05-18,39.49,39.66,39.0,39.05,139660297,0.0
2006-05-19,39.17,39.47,38.75,39.35,194306203,0.0
2006-05-22,39.02,39.24,38.62,38.97,169581500,0.0
2006-05-23,39.26,39.3801,38.57,38.59,141355703,0.0
2006-05-24,38.53,39.04,38.23,38.85,234963406,0.0
2006-05-25,39.08,39.38,38.82,39.36,123506602,0.0
2006-05-26,39.45,39.58,39.23,39.49,91318195,0.0
2006-05-30,39.31,39.33,38.61,38.64,105437398,0.0
2006-05-31,38.72,39.06,38.54,38.82,137063406,0.0
2006-06-01,38.91,39.74,38.84,39.74,119357000,0.0
2006-06-02,39.97,40.0,39.31,39.642,128815508,0.0
2006-06-05,39.55,39.56,38.78,38.78,103156508,0.0
2006-06-06,38.85,38.95,38.35,38.75,127270398,0.0
2006-06-07,38.8,39.17,38.45,38.46,130595797,0.0
2006-06-08,38.27,38.56,37.49,38.4,280486312,0.0
2006-06-09,38.54,38.74,38.11,38.15,144109812,0.0
2006-06-12,38.2,38.26,37.39,37.4,145575594,0.0
2006-06-13,37.52,37.8,37.16,37.25,207070203,0.0
2006-06-14,37.36,37.71,37.2,37.63,201752094,0.0
2006-06-15,37.84,38.79,37.8,38.65,200016203,0.0
2006-06-16,38.55,38.68,38.2,38.34,119952602,0.0
2006-06-19,38.5,38.54,37.91,38.03,129436906,0.0
2006-06-20,38.09,38.48,37.94,38.08,102867906,0.0
2006-06-21,38.14,38.99,38.13,38.68,129539797,0.0
2006-06-22,38.6,38.68,37.99,38.19,143299812,0.0
2006-06-23,38.16,38.53,37.93,38.15,88037508,0.0
2006-06-26,38.17,38.39,38.07,38.25,65071172,0.0
2006-06-27,38.28,38.33,37.49,37.53,126037000,0.0
2006-06-28,37.63,37.84,37.38,37.81,91502328,0.0
2006-06-29,37.96,38.96,37.9,38.96,181969703,0.0
2006-06-30,39.12,39.14,38.68,38.77,82702609,0.0
2006-07-03,38.88,39.0,38.81,39.0,21598539,0.0
2006-07-05,38.64,38.68,38.09,38.15,93711547,0.0
2006-07-06,38.26,38.48,38.01,38.11,70544828,0.0
2006-07-07,37.89,38.17,37.57,37.69,108056398,0.0
2006-07-10,37.79,37.93,37.17,37.36,105098703,0.0
2006-07-11,37.28,37.74,37.08,37.64,136049906,0.0
2006-07-12,37.56,37.64,36.84,36.93,154417812,0.0
2006-07-13,36.66,37.04,36.31,36.31,177507406,0.0
2006-07-14,36.3,36.38,35.79,35.94,172342203,0.0
2006-07-17,35.955,36.25,35.87,36.03,134307406,0.0
2006-07-18,36.22,36.33,35.54,36.15,206928500,0.0
2006-07-19,36.1,36.83,36.09,36.62,192481406,0.0
2006-07-20,36.745,36.8,36.04,36.08,152237906,0.0
2006-07-21,35.88,35.96,35.62,35.7,119250305,0.0
2006-07-24,35.85,36.4301,35.8,36.41,130230602,0.0
2006-07-25,36.47,36.74,36.24,36.62,108827703,0.0
2006-07-26,36.5,36.87,36.23,36.59,106153305,0.0
2006-07-27,36.73,37.04,36.25,36.35,99675711,0.0
2006-07-28,36.56,37.14,36.5,37.11,93543352,0.0
2006-07-31,37.08,37.32,36.89,37.1,78009672,0.0
2006-08-01,36.79,36.8,36.26,36.48,98527906,0.0
2006-08-02,36.61,37.13,36.61,36.89,87360477,0.0
2006-08-03,36.54,37.34,36.48,37.12,99187141,0.0
2006-08-04,37.42,37.63,36.62,36.95,123479398,0.0
2006-08-07,36.92,36.94,36.53,36.71,69650648,0.0
2006-08-08,36.81,36.9,36.26,36.48,123640703,0.0
2006-08-09,37.01,37.31,36.43,36.53,145299906,0.0
2006-08-10,36.455,36.88,36.31,36.79,102474797,0.0
2006-08-11,36.65,36.69,36.37,36.53,86872664,0.0
2006-08-14,36.86,37.27,36.7,36.77,109227703,0.0
2006-08-15,37.22,37.75,37.09,37.7,133646797,0.0
2006-08-16,37.99,38.61,37.84,38.58,135354297,0.0
2006-08-17,38.47,38.98,38.44,38.73,129113906,0.0
2006-08-18,38.65,38.83,38.28,38.79,97728344,0.0
2006-08-21,38.47,38.56,38.26,38.42,66663398,0.0
2006-08-22,38.36,38.81,38.2,38.43,102031906,0.0
2006-08-23,38.47,38.67,37.92,38.14,96046883,0.0
2006-08-24,38.26,38.35,37.92,38.25,78982281,0.0
2006-08-25,38.17,38.64,38.06,38.32,73549273,0.0
2006-08-28,38.28,38.79,38.24,38.61,80000156,0.0
2006-08-29,38.58,38.76,38.18,38.73,104835203,0.0
2006-08-30,38.74,39.03,38.6,38.91,75691891,0.0
2006-08-31,38.94,39.03,38.76,38.87,61203613,0.0
2006-09-01,39.07,39.21,38.9,39.08,69387070,0.0
2006-09-05,39.11,39.48,38.85,39.46,85553570,0.0
2006-09-06,39.08,39.19,38.61,38.67,95143516,0.0
2006-09-07,38.57,38.9,38.36,38.4799,115845203,0.0
2006-09-08,38.54,38.82,38.46,38.72,96612891,0.0
2006-09-11,38.41,39.15,38.3199,38.96,142311594,0.0
2006-09-12,38.95,39.8,38.95,39.68,124046305,0.0
2006-09-13,39.73,39.982,39.63,39.96,116046000,0.0
2006-09-14,39.85,40.22,39.76,39.99,98069891,0.0
2006-09-15,40.35,40.46,40.0,40.11,137817703,0.0
2006-09-18,40.12,40.4,39.94,40.1101,117393398,0.0
2006-09-19,40.24,40.25,39.52,39.85,159027109,0.0
2006-09-20,40.2,40.54,40.19,40.43,116617906,0.0
2006-09-21,40.52,40.67,40.08,40.18,121842102,0.0
2006-09-22,40.15,40.16,39.7,39.87,100991102,0.0
2006-09-25,40.05,40.66,39.68,40.57,136444891,0.0
2006-09-26,40.52,40.8,40.4,40.77,113278797,0.0
2006-09-27,40.7,40.95,40.5,40.72,112995305,0.0
2006-09-28,40.77,40.89,40.43,40.83,85821688,0.0
2006-09-29,40.89,40.93,40.62,40.65,85447828,0.0
2006-10-02,40.6,40.7,40.08,40.14,97139188,0.0
2006-10-03,40.05,40.48,39.88,40.31,116215000,0.0
2006-10-04,40.22,41.31,40.14,41.3,149066406,0.0
2006-10-05,41.28,41.56,41.18,41.5,91676039,0.0
2006-10-06,41.38,41.56,41.24,41.41,85440508,0.0
2006-10-09,41.37,41.74,41.32,41.55,62777520,0.0
2006-10-10,41.61,41.75,41.31,41.62,98176250,0.0
2006-10-11,41.43,41.83,41.17,41.54,136568094,0.0
2006-10-12,41.76,42.25,41.7,42.23,95016188,0.0
2006-10-13,42.22,42.52,42.14,42.43,80445266,0.0
2006-10-16,42.43,42.62,42.4,42.45,61993793,0.0
2006-10-17,42.17,42.2,41.76,42.0,145909016,0.0
2006-10-18,42.22,42.31,41.65,41.8,120266906,0.0
2006-10-19,41.69,42.1101,41.59,41.9,108146000,0.0
2006-10-20,42.05,42.084,41.64,42.0,105404305,0.0
2006-10-23,41.92,42.58,41.82,42.43,126881102,0.0
2006-10-24,42.29,42.45,41.92,42.13,103495797,0.0
2006-10-25,42.14,42.52,42.05,42.43,125317000,0.0
2006-10-26,42.57,42.92,42.22,42.82,130220000,0.0
2006-10-27,42.73,42.82,42.08,42.21,129348203,0.0
2006-10-30,42.17,42.65,42.06,42.48,103876000,0.0
2006-10-31,42.56,42.76,42.31,42.58,135790406,0.0
2006-11-01,42.73,42.77,41.82,42.0,148958500,0.0
2006-11-02,41.815,42.14,41.74,42.04,100185000,0.0
2006-11-03,42.1,42.19,41.61,41.93,119230703,0.0
2006-11-06,42.06,42.71,42.06,42.54,101262398,0.0
2006-11-07,42.53,43.09,42.47,42.83,139197812,0.0
2006-11-08,42.58,43.2,42.47,43.03,179851500,0.0
2006-11-09,43.27,43.35,42.67,42.8,124257508,0.0
2006-11-10,42.84,43.04,42.67,43.03,82377312,0.0
2006-11-13,43.06,43.54,43.0,43.46,89128359,0.0
2006-11-14,43.5,43.97,43.24,43.93,121893508,0.0
2006-11-15,43.98,44.4,43.92,44.11,116556102,0.0
2006-11-16,44.25,44.42,44.02,44.3,113442398,0.0
2006-11-17,44.06,44.3,43.95,44.3,95144125,0.0
2006-11-20,44.16,44.48,44.01,44.39,106137602,0.0
2006-11-21,44.42,44.51,44.25,44.45,68086102,0.0
2006-11-22,44.58,44.75,44.26,44.73,69850586,0.0
2006-11-24,44.4,44.86,44.38,44.65,51794512,0.0
2006-11-27,44.52,44.61,43.64,43.66,159490094,0.0
2006-11-28,43.52,43.84,43.34,43.77,118244398,0.0
2006-11-29,44.0,44.18,43.66,44.07,137893594,0.0
2006-11-30,44.05,44.28,43.79,44.04,123440797,0.0
2006-12-01,44.0,44.35,43.26,43.66,144541109,0.0
2006-12-04,43.79,44.48,43.79,44.26,89943555,0.0
2006-12-05,44.39,44.55,44.19,44.42,84649367,0.0
2006-12-06,44.29,44.4,44.07,44.26,78181531,0.0
2006-12-07,44.34,44.48,43.7,43.7,124916398,0.0
2006-12-08,43.57,44.26,43.47,43.9,133790109,0.0
2006-12-11,43.835,44.37,43.75,44.06,72797086,0.0
2006-12-12,44.03,44.13,43.56,43.8,111225102,0.0
2006-12-13,44.105,44.11,43.62,43.88,78987062,0.0
2006-12-14,43.97,44.57,43.94,44.37,109100398,0.0
2006-12-15,44.66,44.76,44.35,44.43,99911766,0.0
2006-12-18,44.58,44.75,43.8,43.99,121560906,0.0
2006-12-19,43.65,44.06,43.38,43.85,136529406,0.0
2006-12-20,43.89,44.11,43.67,43.69,67239664,0.0
2006-12-21,43.76,43.79,43.21,43.38,102938000,0.0
2006-12-22,43.39,43.41,42.93,42.93,92848086,0.0
2006-12-26,42.93,43.12,42.88,43.11,50821520,0.0
2006-12-27,43.19,43.4,43.1,43.33,54101738,0.0
2006-12-28,43.2,43.38,43.05,43.12,69013914,0.0
2006-12-29,43.21,43.61,43.12,43.16,75163484,0.0
2007-01-03,43.46,44.06,42.52,43.24,167666797,0.0
2007-01-04,43.3,44.21,43.15,44.06,136795406,0.0
2007-01-05,43.93,43.95,43.48,43.85,138600891,0.0
2007-01-08,43.88,44.12,43.64,43.88,106395305,0.0
2007-01-09,44.0,44.29,43.63,44.1,120079102,0.0
2007-01-10,43.96,44.66,43.82,44.62,121002203,0.0
2007-01-11,44.71,45.24,44.65,45.08,174014203,0.0
2007-01-12,45.02,45.35,44.97,45.31,104176703,0.0
2007-01-16,45.33,45.4,45.13,45.28,95455531,0.0
2007-01-17,45.09,45.29,44.83,44.91,126481203,0.0
2007-01-18,44.79,44.84,43.95,44.08,188653594,0.0
2007-01-19,43.98,44.2801,43.91,44.17,127499305,0.0
2007-01-22,44.21,44.23,43.51,43.69,123376000,0.0
2007-01-23,43.64,43.9801,43.5,43.58,131951500,0.0
2007-01-24,43.87,44.32,43.77,44.3,117601703,0.0
2007-01-25,44.37,44.47,43.58,43.73,158288203,0.0
2007-01-26,43.81,43.83,43.29,43.57,146270297,0.0
2007-01-29,43.45,43.91,43.4,43.61,104185703,0.0
2007-01-30,43.68,43.79,43.52,43.63,69526797,0.0
2007-01-31,43.6,44.19,43.33,44.07,157661812,0.0
2007-02-01,44.27,44.4,43.85,44.02,147297906,0.0
2007-02-02,44.11,44.25,43.94,44.16,98148883,0.0
2007-02-05,44.14,44.36,43.96,44.12,96347641,0.0
2007-02-06,44.2,44.23,43.64,44.05,120962797,0.0
2007-02-07,44.29,44.65,44.12,44.46,117773602,0.0
2007-02-08,44.39,44.6,44.23,44.45,89494867,0.0
2007-02-09,44.57,44.72,43.73,43.84,133466500,0.0
2007-02-12,43.88,43.89,43.59,43.7,126914906,0.0
2007-02-13,43.79,44.0,43.7,43.86,93472992,0.0
2007-02-14,44.05,44.71,44.04,44.6,133439000,0.0
2007-02-15,44.63,44.86,44.55,44.86,110406508,0.0
2007-02-16,44.68,44.83,44.57,44.71,72333352,0.0
2007-02-20,44.65,45.12,44.43,45.05,93586469,0.0
2007-02-21,44.92,45.21,44.83,45.19,95806047,0.0
2007-02-22,45.36,45.55,45.07,45.42,116281508,0.0
2007-02-23,45.42,45.46,45.06,45.26,113430602,0.0
2007-02-26,45.48,45.5,43.15,45.04,101621602,0.0
2007-02-27,44.36,44.48,43.06,43.19,317685500,0.0
2007-02-28,43.16,43.76,42.93,43.33,214946094,0.0
2007-03-01,42.55,43.54,42.24,43.13,231795812,0.0
2007-03-02,42.78,43.14,42.47,42.48,183324000,0.0
2007-03-05,42.16,42.8,42.06,42.15,171340609,0.0
2007-03-06,42.56,42.99,42.5,42.85,155507500,0.0
2007-03-07,42.86,42.98,42.65,42.68,116513906,0.0
2007-03-08,43.13,43.24,42.84,42.97,120672000,0.0
2007-03-09,43.33,43.34,42.65,42.98,128581797,0.0
2007-03-12,42.88,43.28,42.83,43.21,81192789,0.0
2007-03-13,43.0,43.24,42.36,42.37,168958094,0.0
2007-03-14,42.43,43.0,42.1,42.99,192045203,0.0
2007-03-15,42.9,43.06,42.72,42.89,111563000,0.0
2007-03-16,42.94,43.04,42.61,42.83,105786492,0.0
2007-03-19,43.06,43.39,42.95,43.27,95870953,0.0
2007-03-20,43.26,43.59,43.21,43.58,78619406,0.0
2007-03-21,43.63,44.44,43.35,44.42,173296984,0.0
2007-03-22,44.44,44.45,44.09,44.26,114854602,0.0
2007-03-23,44.26,44.37,44.07,44.12,68524758,0.0
2007-03-26,44.14,44.32,43.63,44.3,114209797,0.0
2007-03-27,44.23,44.24,43.95,43.99,74859805,0.0
2007-03-28,43.785,44.03,43.51,43.52,142926594,0.0
2007-03-29,43.84,43.85,43.1,43.57,124348602,0.0
2007-03-30,43.56,43.87,43.2215,43.53,120397203,0.0
2007-04-02,43.67,43.76,43.3,43.59,89578578,0.0
2007-04-03,43.82,44.31,43.79,44.16,105809508,0.0
2007-04-04,44.2,44.38,44.13,44.34,85063961,0.0
2007-04-05,44.29,44.58,44.23,44.56,54217953,0.0
2007-04-09,44.71,44.75,44.38,44.45,63049000,0.0
2007-04-10,44.44,44.68,44.41,44.68,76288492,0.0
2007-04-11,44.64,44.66,44.07,44.21,114011695,0.0
2007-04-12,44.135,44.62,43.95,44.56,113789398,0.0
2007-04-13,44.57,44.72,44.29,44.65,94288516,0.0
2007-04-16,44.83,45.15,44.83,45.06,71322000,0.0
2007-04-17,45.14,45.2,44.96,45.16,81649711,0.0
2007-04-18,44.93,45.23,44.83,45.01,81359250,0.0
2007-04-19,44.81,45.25,44.72,45.15,95458469,0.0
2007-04-20,45.52,45.67,45.2,45.4,122405906,0.0
2007-04-23,45.44,45.6,45.34,45.47,85303289,0.0
2007-04-24,45.63,45.83,45.33,45.7,108136000,0.0
2007-04-25,45.85,46.32,45.7,46.31,106680703,0.0
2007-04-26,46.42,46.65,46.33,46.55,99302172,0.0
2007-04-27,46.37,46.7,46.29,46.57,96536258,0.0
2007-04-30,46.5,46.53,45.92,45.96,93145328,0.0
2007-05-01,45.97,46.14,45.66,46.11,135045109,0.0
2007-05-02,46.09,46.58,46.05,46.42,90820562,0.0
2007-05-03,46.53,46.72,46.43,46.59,97905398,0.0
2007-05-04,46.77,46.89,46.42,46.63,93588578,0.0
2007-05-07,46.65,46.78,46.57,46.63,47479801,0.0
2007-05-08,46.47,46.77,46.3,46.73,95119852,0.0
2007-05-09,46.49,46.97,46.46,46.83,116019906,0.0
2007-05-10,46.67,46.78,46.07,46.19,171132297,0.0
2007-05-11,46.24,46.78,46.18,46.78,102175398,0.0
2007-05-14,46.77,46.88,46.19,46.46,118897797,0.0
2007-05-15,46.41,46.7,45.99,46.1,179422891,0.0
2007-05-16,46.21,46.56,45.91,46.55,144420500,0.0
2007-05-17,46.5,46.57,46.29,46.33,109282094,0.0
2007-05-18,46.48,46.71,46.38,46.71,104954492,0.0
2007-05-21,46.74,47.24,46.67,47.01,112834000,0.0
2007-05-22,47.04,47.28,46.87,47.05,98028602,0.0
2007-05-23,47.19,47.37,46.8,46.83,119180703,0.0
2007-05-24,46.855,47.04,45.97,46.16,206274891,0.0
2007-05-25,46.26,46.56,46.18,46.45,87138898,0.0
2007-05-29,46.49,46.86,46.41,46.81,99699438,0.0
2007-05-30,46.48,47.2,46.35,47.19,132017000,0.0
2007-05-31,47.32,47.52,47.21,47.41,109449102,0.0
2007-06-01,47.58,47.77,47.37,47.44,125080492,0.0
2007-06-04,47.27,47.64,47.24,47.5801,64729969,0.0
2007-06-05,47.43,47.58,47.0,47.58,151159391,0.0
2007-06-06,47.37,47.38,46.9614,47.07,183161406,0.0
2007-06-07,46.91,47.21,46.32,46.3399,220880891,0.0
2007-06-08,46.33,46.93,46.16,46.91,177152891,0.0
2007-06-11,46.89,47.19,46.76,46.82,97117922,0.0
2007-06-12,46.57,47.04,46.45,46.54,153964094,0.0
2007-06-13,46.74,47.09,46.54,47.05,147955016,0.0
2007-06-14,47.1,47.49,47.09,47.36,101527398,0.0
2007-06-15,47.75,47.87,47.65,47.73,100372398,0.0
2007-06-18,47.85,47.87,47.67,47.77,75748227,0.0
2007-06-19,47.63,47.86,47.51,47.76,109617398,0.0
2007-06-20,47.83,47.92,47.24,47.31,161888609,0.0
2007-06-21,47.305,47.79,47.08,47.74,143180297,0.0
2007-06-22,47.64,47.71,47.14,47.29,153315109,0.0
2007-06-25,47.31,47.58,46.82,47.09,136595391,0.0
2007-06-26,47.32,47.32,46.74,46.82,127910203,0.0
2007-06-27,46.74,47.56,46.7,47.54,141192297,0.0
2007-06-28,47.52,47.85,47.47,47.52,116464703,0.0
2007-06-29,47.79,47.88,47.21,47.6,124756898,0.0
2007-07-02,47.71,48.048,47.68,48.01,80863594,0.0
2007-07-03,48.1,48.32,48.04,48.31,34793230,0.0
2007-07-05,48.35,48.77,48.29,48.66,73514320,0.0
2007-07-06,48.71,48.91,48.5,48.86,65783641,0.0
2007-07-09,48.9,48.98,48.72,48.89,66134328,0.0
2007-07-10,48.62,48.9,48.43,48.48,103855695,0.0
2007-07-11,48.37,48.81,48.32,48.81,99475156,0.0
2007-07-12,49.05,49.67,48.92,49.56,107650398,0.0
2007-07-13,49.62,49.97,49.5699,49.9,73987477,0.0
2007-07-16,49.9,50.08,49.76,49.85,77655680,0.0
2007-07-17,49.97,50.3,49.92,50.23,123138492,0.0
2007-07-18,49.94,50.17,49.64,50.17,143759016,0.0
2007-07-19,50.41,50.66,50.31,50.32,116168305,0.0
2007-07-20,50.29,50.36,49.74,50.05,163663906,0.0
2007-07-23,50.21,50.31,49.92,50.07,107159297,0.0
2007-07-24,49.71,50.1,49.05,49.33,175244609,0.0
2007-07-25,49.57,49.67,49.06,49.4,169996891,0.0
2007-07-26,49.07,49.47,48.05,48.98,313488094,0.0
2007-07-27,48.89,49.12,47.99,47.99,246316891,0.0
2007-07-30,48.21,48.73,47.95,48.55,165063203,0.0
2007-07-31,48.97,48.99,47.43,47.53,260235016,0.0
2007-08-01,47.39,47.93,46.98,47.9,297969312,0.0
2007-08-02,47.94,48.43,47.79,48.34,177343906,0.0
2007-08-03,48.25,48.31,47.15,47.42,165853906,0.0
2007-08-06,47.46,48.02,47.03,47.97,190787391,0.0
2007-08-07,47.88,48.62,47.48,48.31,167025297,0.0
2007-08-08,48.51,49.06,48.4,48.84,164812703,0.0
2007-08-09,48.19,48.97,47.69,47.71,241920984,0.0
2007-08-10,47.21,47.83,46.63,47.28,246972094,0.0
2007-08-13,47.68,47.88,47.48,47.6,111598398,0.0
2007-08-14,47.69,47.74,46.73,46.79,153491203,0.0
2007-08-15,46.68,47.09,45.813,45.9,213384094,0.0
2007-08-16,45.54,45.91,40.55,45.45,362015500,0.0
2007-08-17,46.31,46.5895,45.589,46.31,223226500,0.0
2007-08-20,46.48,46.72,46.08,46.53,144655109,0.0
2007-08-21,46.48,47.1272,46.39,47.02,114981906,0.0
2007-08-22,47.375,47.7,47.27,47.66,114459297,0.0
2007-08-23,47.82,47.85,47.23,47.53,118482000,0.0
2007-08-24,47.38,48.24,47.32,48.2,88150562,0.0
2007-08-27,48.05,48.2,47.84,47.88,72372250,0.0
2007-08-28,47.6,47.7,46.71,46.74,105720797,0.0
2007-08-29,47.05,48.12,47.05,48.08,112907102,0.0
2007-08-30,47.83,48.74,47.75,48.33,138674891,0.0
2007-08-31,48.86,49.06,48.61,48.87,94645219,0.0
2007-09-04,48.92,50.0,48.91,49.68,98421680,0.0
2007-09-05,49.55,49.65,48.87,49.18,113840398,0.0
2007-09-06,49.23,49.36,48.81,49.14,99189844,0.0
2007-09-07,48.53,48.6,47.95,48.23,152385109,0.0
2007-09-10,48.62,48.75,47.81,48.2,125170492,0.0
2007-09-11,48.51,48.9885,48.43,48.93,102986305,0.0
2007-09-12,48.84,49.37,48.78,48.94,93926602,0.0
2007-09-13,49.29,49.35,48.94,49.18,80613484,0.0
2007-09-14,48.8,49.31,48.73,49.22,99770227,0.0
2007-09-17,48.99,49.1,48.59,48.81,84800234,0.0
2007-09-18,49.09,52.77,48.83,50.04,149326703,0.0
2007-09-19,50.29,50.59,49.98,50.17,126815297,0.0
2007-09-20,50.06,50.26,49.92,50.03,109929695,0.0
2007-09-21,50.28,50.52,50.0143,50.36,86783109,0.0
2007-09-24,50.49,50.96,50.33,50.59,106832703,0.0
2007-09-25,50.42,51.07,50.36,51.07,100983906,0.0
2007-09-26,51.36,51.51,51.12,51.32,96086562,0.0
2007-09-27,51.62,51.65,51.36,51.58,72995523,0.0
2007-09-28,51.54,51.68,51.18,51.41,75363562,0.0
2007-10-01,51.45,52.16,51.38,52.0,100252000,0.0
2007-10-02,52.04,52.06,51.72,52.01,70995406,0.0
2007-10-03,51.84,52.07,51.5,51.65,106650797,0.0
2007-10-04,51.75,51.83,51.34,51.77,84080383,0.0
2007-10-05,52.17,52.9,52.06,52.82,115656305,0.0
2007-10-08,52.8,53.16,52.71,53.15,62942680,0.0
2007-10-09,53.27,53.45,53.03,53.3801,93960047,0.0
2007-10-10,53.39,53.57,53.21,53.51,91719125,0.0
2007-10-11,53.79,53.94,52.28,52.66,239479812,0.0
2007-10-12,52.9,53.54,52.8,53.53,131616406,0.0
2007-10-15,53.61,53.71,52.7,53.12,121191203,0.0
2007-10-16,52.79,53.28,52.68,52.87,193462203,0.0
2007-10-17,53.62,53.66,52.68,53.55,183822703,0.0
2007-10-18,53.33,53.89,53.12,53.78,144317109,0.0
2007-10-19,53.77,53.77,52.39,52.44,244969703,0.0
2007-10-22,52.16,53.1185,52.02,53.07,206904891,0.0
2007-10-23,53.61,54.21,53.34,54.18,161670500,0.0
2007-10-24,53.74,53.94,52.0,53.77,298216812,0.0
2007-10-25,53.88,53.98,52.75,53.05,233093797,0.0
2007-10-26,54.08,54.2,53.44,53.93,146642297,0.0
2007-10-29,54.19,54.33,53.84,54.16,101851602,0.0
2007-10-30,53.94,54.56,53.9,54.26,114569695,0.0
2007-10-31,54.47,55.07,54.04,55.03,148332609,0.0
2007-11-01,54.68,54.77,53.97,54.0,181878797,0.0
2007-11-02,54.42,54.5501,53.6,54.42,217795812,0.0
2007-11-05,53.86,54.4,53.59,54.07,150558297,0.0
2007-11-06,54.33,54.69,53.78,54.68,131841500,0.0
2007-11-07,54.22,54.58,53.31,53.35,193653297,0.0
2007-11-08,53.14,53.33,50.8,51.73,379380500,0.0
2007-11-09,50.73,51.12,50.0,50.0,307724094,0.0
2007-11-12,49.92,50.24,48.65,48.73,282589594,0.0
2007-11-13,49.39,50.79,49.35,50.74,255254094,0.0
2007-11-14,51.39,51.44,49.9,50.09,260351203,0.0
2007-11-15,50.0,50.54,49.37,49.82,250709594,0.0
2007-11-16,50.14,50.49,49.34,50.28,263341781,0.0
2007-11-19,50.17,50.45,49.41,49.7,197556891,0.0
2007-11-20,49.95,50.78,48.93,49.9,300648594,0.0
2007-11-21,49.43,50.17,48.85,49.31,212547703,0.0
2007-11-23,49.63,49.97,49.3724,49.84,46464840,0.0
2007-11-26,49.98,50.37,48.9,48.98,149529203,0.0
2007-11-27,49.39,50.05,49.1,49.96,211284797,0.0
2007-11-28,50.63,51.7,50.6,51.48,214336406,0.0
2007-11-29,51.27,51.89,51.2,51.7,171586203,0.0
2007-11-30,52.21,52.25,50.95,51.31,171358594,0.0
2007-12-03,51.14,51.53,50.82,50.88,107522703,0.0
2007-12-04,50.46,50.94,50.38,50.67,113341297,0.0
2007-12-05,51.2,52.0,51.16,51.57,137255594,0.0
2007-12-06,51.63,52.37,51.61,52.32,99695000,0.0
2007-12-07,52.29,52.54,52.08,52.33,88948148,0.0
2007-12-10,52.44,52.69,52.32,52.54,75522406,0.0
2007-12-11,52.61,52.84,51.21,51.32,166785906,0.0
2007-12-12,52.25,52.43,50.89,51.78,162808000,0.0
2007-12-13,51.33,51.63,50.98,51.5,153577297,0.0
2007-12-14,51.09,51.6,50.92,50.97,128362898,0.0
2007-12-17,50.78,50.9881,49.71,49.73,134095594,0.0
2007-12-18,50.24,50.27,49.18,49.89,154209594,0.0
2007-12-19,49.89,50.2,49.61,49.88,137682297,0.0
2007-12-20,50.67,50.96,50.2,50.9,165997406,0.0
2007-12-21,51.71,51.9,51.48,51.85,107567508,0.0
2007-12-24,52.01,52.4,51.9501,52.24,34499191,0.0
2007-12-26,52.15,52.63,52.0,52.5,58468059,0.0
2007-12-27,52.33,52.5,51.71,51.93,65762477,0.0
2007-12-28,52.04,52.16,51.43,51.86,67551609,0.0
2007-12-31,51.56,51.68,51.21,51.22,70114727,0.0
2008-01-02,51.27,51.47,50.13,50.45,152282703,0.0
2008-01-03,50.4,50.76,50.15,50.62,114015102,0.0
2008-01-04,49.79,49.83,48.21,48.4,212549297,0.0
2008-01-07,48.41,48.6,47.43,48.17,234969906,0.0
2008-01-08,48.29,48.76,46.92,46.92,261287812,0.0
2008-01-09,47.09,47.96,46.46,47.92,253639906,0.0
2008-01-10,47.42,48.41,47.29,47.99,249902000,0.0
2008-01-11,47.72,47.77,46.7,47.05,211641594,0.0
2008-01-14,47.69,48.01,47.31,47.87,167885906,0.0
2008-01-15,47.38,47.52,46.35,46.55,240660891,0.0
2008-01-16,46.19,46.91,45.46,46.05,265622906,0.0
2008-01-17,46.24,46.58,45.2,45.41,253999203,0.0
2008-01-18,45.64,46.14,44.76,45.35,272879188,0.0
2008-01-22,42.83,44.77,42.73,44.18,325026906,0.0
2008-01-23,42.54,44.15,41.61,44.02,388928500,0.0
2008-01-24,44.19,44.93,44.06,44.91,249809703,0.0
2008-01-25,45.86,45.87,43.94,43.99,199241906,0.0
2008-01-28,44.02,44.44,43.57,44.33,163358797,0.0
2008-01-29,44.56,44.68,44.04,44.41,138136797,0.0
2008-01-30,44.24,45.32,44.18,44.37,218972000,0.0
2008-01-31,43.87,45.59,43.82,45.13,245819906,0.0
2008-02-01,45.52,45.88,44.88,45.5899,161862094,0.0
2008-02-04,45.58,45.61,44.94,44.95,100167906,0.0
2008-02-05,44.12,44.6,43.64,43.6699,188860797,0.0
2008-02-06,43.92,44.17,42.77,42.81,177157906,0.0
2008-02-07,42.35,43.79,42.15,43.11,286193688,0.0
2008-02-08,43.18,43.77,42.94,43.6,173685406,0.0
2008-02-11,43.78,44.22,43.54,44.07,119505906,0.0
2008-02-12,44.33,44.68,43.51,43.82,145288000,0.0
2008-02-13,44.39,44.88,44.16,44.78,148281797,0.0
2008-02-14,44.84,44.85,43.89,43.97,170642703,0.0
2008-02-15,43.77,43.98,43.45,43.82,99415297,0.0
2008-02-19,44.39,44.5,43.27,43.74,110389906,0.0
2008-02-20,43.25,44.09,43.24,43.94,137254000,0.0
2008-02-21,44.36,44.47,43.34,43.52,127759000,0.0
2008-02-22,43.67,43.69,42.6,43.68,157319906,0.0
2008-02-25,43.62,44.07,43.34,43.9,121322305,0.0
2008-02-26,43.65,44.48,43.37,44.07,148291297,0.0
2008-02-27,43.77,44.46,43.67,44.29,125436898,0.0
2008-02-28,44.11,44.53,43.95,44.12,128794000,0.0
2008-02-29,43.65,43.77,42.85,42.95,188523016,0.0
2008-03-03,42.93,42.99,42.24,42.67,132770297,0.0
2008-03-04,42.41,43.04,42.02,42.91,183687703,0.0
2008-03-05,42.99,43.54,42.75,43.1199,183090500,0.0
2008-03-06,43.09,43.27,42.1,42.17,152268188,0.0
2008-03-07,41.91,42.64,41.38,42.07,242500500,0.0
2008-03-10,42.01,42.14,41.17,41.26,146723297,0.0
2008-03-11,41.86,42.85,41.51,42.8301,196151016,0.0
2008-03-12,43.02,43.44,42.6,42.71,155344703,0.0
2008-03-13,42.21,43.33,41.81,43.04,208949797,0.0
2008-03-14,43.36,43.38,41.74,42.25,309447500,0.0
2008-03-17,41.26,42.01,41.05,41.48,192932297,0.0
2008-03-18,42.24,43.34,42.11,43.33,212584000,0.0
2008-03-19,43.51,43.6,42.23,42.26,216064984,0.0
2008-03-20,42.35,43.1,42.1,43.09,128325102,0.0
2008-03-24,43.28,44.76,43.28,44.5799,124915398,0.0
2008-03-25,44.68,45.07,44.28,44.83,118078000,0.0
2008-03-26,44.69,44.85,44.28,44.7,124380398,0.0
2008-03-27,44.44,44.51,43.71,43.71,143722406,0.0
2008-03-28,44.03,44.34,43.33,43.49,111781602,0.0
2008-03-31,43.65,44.02,43.45,43.72,113581102,0.0
2008-04-01,44.45,45.61,44.41,45.59,137244188,0.0
2008-04-02,45.69,46.02,45.17,45.49,132391703,0.0
2008-04-03,45.29,45.91,45.14,45.59,139714500,0.0
2008-04-04,45.78,46.35,45.4,45.86,139242406,0.0
2008-04-07,46.15,46.41,45.65,45.76,102261203,0.0
2008-04-08,45.41,45.72,45.18,45.41,97184875,0.0
2008-04-09,45.47,45.49,44.63,44.9,127256898,0.0
2008-04-10,44.93,45.84,44.93,45.54,112800398,0.0
2008-04-11,45.02,45.1,44.12,44.28,120135398,0.0
2008-04-14,44.21,44.48,43.95,44.08,89274578,0.0
2008-04-15,44.24,44.35,43.68,44.14,124232305,0.0
2008-04-16,44.69,45.48,44.65,45.37,134027906,0.0
2008-04-17,45.42,45.75,44.98,45.27,125056797,0.0
2008-04-18,46.51,46.93,46.22,46.71,133022406,0.0
2008-04-21,46.61,47.08,46.49,47.04,83303156,0.0
2008-04-22,46.73,46.77,45.93,46.34,104689508,0.0
2008-04-23,46.68,47.06,46.2736,46.85,131086203,0.0
2008-04-24,46.87,47.79,46.39,47.27,166694594,0.0
2008-04-25,47.31,47.35,46.57,47.15,121945398,0.0
2008-04-28,47.25,47.62,47.13,47.24,71243953,0.0
2008-04-29,47.15,47.76,47.06,47.6,91270602,0.0
2008-04-30,47.69,48.06,47.03,47.21,132152703,0.0
2008-05-01,47.24,48.72,47.22,48.7,143596891,0.0
2008-05-02,49.19,49.19,48.34,48.77,124989906,0.0
2008-05-05,48.73,49.03,48.4,48.63,75624633,0.0
2008-05-06,48.49,49.13,48.14,48.93,139582500,0.0
2008-05-07,48.93,49.23,47.872,48.04,140008297,0.0
2008-05-08,48.24,48.7,48.06,48.4,128058703,0.0
2008-05-09,48.03,48.46,47.9,48.21,97061984,0.0
2008-05-12,48.28,49.19,48.2,49.09,89636008,0.0
2008-05-13,49.13,49.33,48.76,49.22,85448031,0.0
2008-05-14,49.42,49.93,49.04,49.11,143598094,0.0
2008-05-15,49.11,50.02,48.98,49.97,157248797,0.0
2008-05-16,50.09,50.11,49.45,50.0099,146563203,0.0
2008-05-19,50.05,50.47,49.34,49.65,140179594,0.0
2008-05-20,49.45,49.47,48.89,49.27,137163594,0.0
2008-05-21,49.31,49.6,48.02,48.18,192807594,0.0
2008-05-22,48.3,48.69,48.11,48.35,153198203,0.0
2008-05-23,48.18,48.3505,47.82,48.2,121708000,0.0
2008-05-27,48.32,49.11,48.29,49.05,106987695,0.0
2008-05-28,49.28,49.36,48.75,49.25,121369102,0.0
2008-05-29,49.27,49.97,49.25,49.69,143992984,0.0
2008-05-30,49.89,50.24,49.75,50.01,94163594,0.0
2008-06-02,49.92,49.92,48.96,49.4,144359906,0.0
2008-06-03,49.59,49.9,48.67,49.13,167679812,0.0
2008-06-04,48.97,50.1,48.94,49.76,174967391,0.0
2008-06-05,49.87,50.61,49.7,50.55,126653602,0.0
2008-06-06,50.11,50.21,49.02,49.03,189135906,0.0
2008-06-09,49.11,49.19,47.95,48.77,208897203,0.0
2008-06-10,48.28,48.94,48.16,48.54,162798500,0.0
2008-06-11,48.45,48.52,47.35,47.38,170367297,0.0
2008-06-12,47.71,48.11,47.0,47.42,189917109,0.0
2008-06-13,47.7,48.47,47.46,48.37,167855016,0.0
2008-06-16,48.12,49.02,48.07,48.8,136343812,0.0
2008-06-17,48.95,49.06,48.47,48.54,122952602,0.0
2008-06-18,48.26,48.45,47.83,48.02,169338094,0.0
2008-06-19,47.92,49.01,47.61,48.77,221366500,0.0
2008-06-20,48.34,48.35,47.21,47.42,197434094,0.0
2008-06-23,47.62,47.74,46.98,47.05,131548500,0.0
2008-06-24,46.83,47.37,46.41,46.81,178293703,0.0
2008-06-25,47.01,48.0,46.94,47.57,179023391,0.0
2008-06-26,46.7,46.7,45.64,45.65,190028188,0.0
2008-06-27,45.58,45.9,44.97,45.65,181351812,0.0
2008-06-30,45.53,45.83,45.15,45.17,132929406,0.0
2008-07-01,44.86,45.86,44.68,45.81,245494297,0.0
2008-07-02,45.96,46.13,44.64,44.71,199725500,0.0
2008-07-03,44.98,45.08,44.28,44.63,123118203,0.0
2008-07-07,45.05,45.46,44.24,44.9,181011203,0.0
2008-07-08,44.95,46.01,44.77,45.97,206255297,0.0
2008-07-09,45.96,46.03,44.73,44.75,168576297,0.0
2008-07-10,44.82,45.42,44.38,45.28,238811391,0.0
2008-07-11,44.81,45.27,43.85,44.56,265514594,0.0
2008-07-14,45.13,45.18,44.07,44.23,177389797,0.0
2008-07-15,44.01,44.93,43.3,44.24,283891094,0.0
2008-07-16,44.3,45.38,43.92,45.34,186047812,0.0
2008-07-17,45.56,45.82,44.9799,45.64,197555109,0.0
2008-07-18,45.17,45.17,44.59,44.59,160660984,0.0
2008-07-21,45.0,45.19,44.49,44.78,128107797,0.0
2008-07-22,44.02,44.81,43.86,44.78,152524406,0.0
2008-07-23,44.84,45.89,44.72,45.37,169259109,0.0
2008-07-24,45.59,45.61,44.65,44.69,145560891,0.0
2008-07-25,44.98,45.48,44.76,45.27,111616703,0.0
2008-07-28,45.27,45.52,44.21,44.42,124028398,0.0
2008-07-29,44.63,45.54,44.57,45.34,142291391,0.0
2008-07-30,45.46,45.82,44.88,45.57,165679906,0.0
2008-07-31,45.11,46.15,45.02,45.46,180730797,0.0
2008-08-01,45.52,45.55,44.4,44.88,180377406,0.0
2008-08-04,44.87,44.92,44.3,44.43,116306797,0.0
2008-08-05,44.9,45.97,44.84,45.93,151727016,0.0
2008-08-06,45.93,46.81,45.58,46.63,133463703,0.0
2008-08-07,46.35,46.85,46.08,46.27,152805797,0.0
2008-08-08,46.25,47.44,46.15,47.32,143121406,0.0
2008-08-11,47.3,48.28,47.14,47.75,157291109,0.0
2008-08-12,47.76,48.16,47.51,47.8,140596891,0.0
2008-08-13,47.74,48.12,47.25,47.7,169664500,0.0
2008-08-14,47.54,48.46,47.49,48.25,158069109,0.0
2008-08-15,48.35,48.57,47.96,48.16,123116000,0.0
2008-08-18,48.29,48.31,47.26,47.6,151399016,0.0
2008-08-19,47.36,47.59,46.75,47.01,155418500,0.0
2008-08-20,47.36,47.56,46.74,47.09,155466703,0.0
2008-08-21,46.73,47.08,46.38,46.87,118920898,0.0
2008-08-22,47.12,47.68,47.08,47.49,96525445,0.0
2008-08-25,47.15,47.21,46.37,46.49,128076398,0.0
2008-08-26,46.51,46.77,46.12,46.43,107233797,0.0
2008-08-27,46.45,47.09,46.29,46.73,108489906,0.0
2008-08-28,46.92,47.28,46.83,47.11,112808602,0.0
2008-08-29,46.61,47.1217,45.92,46.12,133272094,0.0
2008-09-02,46.86,47.08,45.34,45.55,162403203,0.0
2008-09-03,45.445,45.6381,44.79,45.12,161682797,0.0
2008-09-04,44.85,44.91,43.66,43.66,219363703,0.0
2008-09-05,43.3,43.78,42.81,43.45,247977500,0.0
2008-09-08,44.04,44.22,42.68,43.31,311073969,0.0
2008-09-09,43.35,43.79,42.35,42.45,214180609,0.0
2008-09-10,42.87,43.18,42.45,42.8,160658094,0.0
2008-09-11,42.17,43.69,42.17,43.6,203440984,0.0
2008-09-12,43.23,43.71,42.9,43.43,172094297,0.0
2008-09-15,42.4,43.29,42.03,42.08,616795312,0.0
2008-09-16,41.47,42.84,41.43,42.41,349551281,0.0
2008-09-17,41.84,42.4219,40.19,40.21,340087906,0.0
2008-09-18,41.12,41.97,39.5,41.57,423934500,0.0
2008-09-19,43.82,43.83,42.1,42.9,263401406,0.0
2008-09-22,42.75,42.84,40.8,40.88,164698203,0.0
2008-09-23,41.18,41.75,40.44,40.57,185954500,0.0
2008-09-24,40.85,41.26,40.52,40.85,159305203,0.0
2008-09-25,41.211,42.02,41.03,41.5,148587016,0.0
2008-09-26,40.3,41.4902,40.22,41.08,182678594,0.0
2008-09-29,40.26,40.38,37.18,37.82,307954312,0.0
2008-09-30,37.74,39.3,37.6,38.91,195512797,0.0
2008-10-01,38.83,38.97,38.03,38.5,174123016,0.0
2008-10-02,38.25,38.25,36.64,36.75,192185797,0.0
2008-10-03,37.26,38.18,36.1,36.18,272144000,0.0
2008-10-06,35.26,35.53,32.91,34.86,394158031,0.0
2008-10-07,35.14,35.2,32.27,32.65,329540188,0.0
2008-10-08,31.95,34.12,31.84,32.39,452568281,0.0
2008-10-09,33.15,33.68,30.97,31.52,352617219,0.0
2008-10-10,30.52,32.48,29.38,31.32,472453188,0.0
2008-10-13,32.86,35.25,32.4,35.13,277347000,0.0
2008-10-14,36.1,36.15,33.19,33.61,342311625,0.0
2008-10-15,33.23,33.35,30.54,30.6,312088375,0.0
2008-10-16,30.82,32.27,29.25,32.26,494913312,0.0
2008-10-17,31.62,33.65,31.41,32.3,326593094,0.0
2008-10-20,32.79,33.26,31.7,33.2,232783297,0.0
2008-10-21,32.66,33.2572,31.48,31.48,239932406,0.0
2008-10-22,31.39,31.6,29.71,30.61,289993500,0.0
2008-10-23,30.46,31.09,28.9,30.49,377966781,0.0
2008-10-24,28.13,30.25,28.09,29.51,322129406,0.0
2008-10-27,29.14,30.2,28.66,28.69,239493703,0.0
2008-10-28,29.68,31.88,28.85,31.86,327367625,0.0
2008-10-29,31.95,33.08,31.25,31.78,341390781,0.0
2008-10-30,32.67,33.06,31.98,32.84,255292094,0.0
2008-10-31,32.36,33.43,32.09,32.89,224280297,0.0
2008-11-03,32.81,33.2941,32.51,32.82,128502398,0.0
2008-11-04,33.49,34.01,32.98,33.75,182532984,0.0
2008-11-05,33.49,33.6,31.92,31.99,184147906,0.0
2008-11-06,31.5,31.87,30.3999,30.56,220780500,0.0
2008-11-07,30.92,31.48,30.59,31.19,176977594,0.0
2008-11-10,31.94,31.97,30.4,30.77,142737906,0.0
2008-11-11,30.47,30.76,29.72,30.1,162921203,0.0
2008-11-12,29.65,29.8,28.65,28.71,184936188,0.0
2008-11-13,28.63,30.53,27.28,30.46,318269094,0.0
2008-11-14,29.8,30.42,28.87,28.98,259407109,0.0
2008-11-17,28.49,29.23,28.26,28.37,202894891,0.0
2008-11-18,28.56,28.75,27.39,28.34,252794203,0.0
2008-11-19,28.4,28.78,26.79,26.86,244288891,0.0
2008-11-20,26.54,27.45,25.47,25.56,342471406,0.0
2008-11-21,25.96,26.68,25.05,26.67,282766406,0.0
2008-11-24,27.22,28.64,26.98,28.3,225212500,0.0
2008-11-25,28.62,28.64,27.52,28.17,203052500,0.0
2008-11-26,27.88,29.36,27.81,29.35,165061297,0.0
2008-11-28,29.04,29.19,28.83,29.12,41242840,0.0
2008-12-01,28.5,28.51,26.89,26.93,149331109,0.0
2008-12-02,27.28,27.89,26.8404,27.83,181779297,0.0
2008-12-03,27.13,28.71,27.07,28.62,231010703,0.0
2008-12-04,28.15,28.78,27.32,27.81,188924188,0.0
2008-12-05,27.5,29.07,26.95,28.94,212310891,0.0
2008-12-08,29.55,30.46,29.44,30.08,185853297,0.0
2008-12-09,29.68,30.83,29.57,30.01,178390094,0.0
2008-12-10,30.09,30.46,29.62,29.91,162457500,0.0
2008-12-11,29.8,30.27,28.94,29.09,167448891,0.0
2008-12-12,28.69,29.86,28.47,29.68,158613797,0.0
2008-12-15,29.73,29.76,28.74,29.16,107938898,0.0
2008-12-16,29.42,30.66,29.0993,30.56,172053703,0.0
2008-12-17,30.23,30.6,29.82,30.19,159965406,0.0
2008-12-18,30.19,30.4,29.36,29.66,142773797,0.0
2008-12-19,29.98,30.37,29.66,29.86,118332898,0.0
2008-12-22,29.86,29.92,28.74,29.21,95416289,0.0
2008-12-23,29.28,29.62,28.89,29.06,68804641,0.0
2008-12-24,29.2,29.21,28.98,29.14,27210320,0.0
2008-12-26,29.19,29.23,28.97,29.13,20946301,0.0
2008-12-29,29.23,29.24,28.46,28.89,52742520,0.0
2008-12-30,28.98,29.59,28.94,29.49,77131109,0.0
2008-12-31,29.48,30.08,29.45,29.74,89221195,0.0
2009-01-02,29.77,31.13,29.69,31.03,107920203,0.0
2009-01-05,30.82,31.33,30.59,31.02,91816602,0.0
2009-01-06,31.28,31.63,31.11,31.33,136820000,0.0
2009-01-07,30.81,30.9,30.19,30.44,134061906,0.0
2009-01-08,30.34,30.8,30.08,30.76,131926000,0.0
2009-01-09,30.79,30.79,29.92,30.07,117168305,0.0
2009-01-12,30.12,30.15,29.2,29.52,102778898,0.0
2009-01-13,29.52,29.98,29.18,29.53,186387297,0.0
2009-01-14,29.17,29.28,28.47,28.63,137103203,0.0
2009-01-15,28.55,29.34,28.07,29.099,192790703,0.0
2009-01-16,29.53,29.6,28.7,29.42,175490406,0.0
2009-01-20,29.29,29.43,27.96,27.96,135251016,0.0
2009-01-21,28.43,29.19,28.1,29.15,149242703,0.0
2009-01-22,28.52,29.23,28.26,28.76,200602594,0.0
2009-01-23,28.31,29.35,28.14,28.9,170164094,0.0
2009-01-26,28.96,29.59,28.75,29.11,140480984,0.0
2009-01-27,29.14,29.57,29.12,29.32,110914797,0.0
2009-01-28,29.83,30.65,29.81,30.35,139797203,0.0
2009-01-29,29.97,30.4008,29.48,29.58,130772797,0.0
2009-01-30,29.82,29.93,28.94,29.06,140355203,0.0
2009-02-02,28.77,29.61,28.74,29.41,126883398,0.0
2009-02-03,29.46,30.4271,29.03,29.87,120609297,0.0
2009-02-04,29.93,30.8667,29.79,29.91,175780797,0.0
2009-02-05,29.47,30.77,29.46,30.57,217569594,0.0
2009-02-06,30.71,31.51,30.58,31.37,164509594,0.0
2009-02-09,31.39,31.67,31.19,31.5,98853891,0.0
2009-02-10,31.3,31.68,30.1,30.34,232790500,0.0
2009-02-11,30.34,30.53,29.73,30.2,169172609,0.0
2009-02-12,29.83,30.61,29.64,30.57,201151391,0.0
2009-02-13,30.46,30.78,30.29,30.43,145060609,0.0
2009-02-17,29.47,29.67,29.06,29.22,157782500,0.0
2009-02-18,29.41,29.6699,28.87,29.24,161268297,0.0
2009-02-19,29.43,29.61,28.72,28.79,155322406,0.0
2009-02-20,28.46,29.15,28.39,28.87,210752406,0.0
2009-02-23,29.03,29.05,27.73,27.86,169469906,0.0
2009-02-24,28.0,28.98,27.96,28.78,181335812,0.0
2009-02-25,28.62,29.17,28.14,28.59,220223016,0.0
2009-02-26,28.78,28.95,27.7,27.79,211282797,0.0
2009-02-27,27.49,27.98,27.39,27.53,204492500,0.0
2009-03-02,27.12,27.51,26.47,26.64,188175906,0.0
2009-03-03,26.85,27.16,26.42,26.62,158740000,0.0
2009-03-04,27.01,27.71,26.92,27.33,164906094,0.0
2009-03-05,27.03,27.24,26.42,26.51,199616406,0.0
2009-03-06,26.63,26.81,25.71,26.3,218421500,0.0
2009-03-09,26.05,26.81,25.6301,25.74,181154000,0.0
2009-03-10,26.26,27.39,26.16,27.33,175068094,0.0
2009-03-11,27.63,27.99,27.26,27.75,173147906,0.0
2009-03-12,27.72,28.76,27.44,28.67,184511016,0.0
2009-03-13,28.68,28.84,28.32,28.74,156783500,0.0
2009-03-16,28.9,28.98,28.19,28.26,190329406,0.0
2009-03-17,28.41,29.33,28.3,29.33,169852406,0.0
2009-03-18,29.23,30.2,29.08,29.7,208146891,0.0
2009-03-19,30.12,30.13,29.46,29.68,146766500,0.0
2009-03-20,29.66,30.03,28.98,29.18,149437406,0.0
2009-03-23,29.86,30.94,29.1984,30.9,179642594,0.0
2009-03-24,30.65,30.88,30.31,30.33,120849508,0.0
2009-03-25,30.58,31.05,29.66,30.47,190601594,0.0
2009-03-26,30.88,31.46,30.417,31.41,182459391,0.0
2009-03-27,31.07,31.18,30.71,30.82,156108000,0.0
2009-03-30,30.29,30.32,29.62,30.06,162919594,0.0
2009-03-31,30.31,30.95,30.27,30.32,150243812,0.0
2009-04-01,29.94,30.88,29.79,30.77,137949906,0.0
2009-04-02,31.34,32.27,31.23,31.76,212272297,0.0
2009-04-03,32.05,32.4,31.83,32.35,134577203,0.0
2009-04-06,31.97,32.33,31.65,32.27,160413594,0.0
2009-04-07,31.9,31.92,31.21,31.42,147531203,0.0
2009-04-08,31.72,32.15,31.49,31.95,126126000,0.0
2009-04-09,32.53,33.01,32.43,32.94,131871406,0.0
2009-04-13,32.8,33.07,32.53,32.89,119310398,0.0
2009-04-14,32.69,32.88,32.27,32.49,124069000,0.0
2009-04-15,32.24,32.43,31.85,32.4,124808094,0.0
2009-04-16,32.83,33.43,32.51,33.24,171168000,0.0
2009-04-17,33.16,33.5,32.93,33.31,129835398,0.0
2009-04-20,32.7,32.82,32.06,32.24,123080492,0.0
2009-04-21,32.09,32.74,32.08,32.69,145490203,0.0
2009-04-22,32.5,33.53,32.39,32.79,165040500,0.0
2009-04-23,33.01,33.14,32.49,33.11,181848797,0.0
2009-04-24,33.35,33.93,33.07,33.69,141169906,0.0
2009-04-27,33.42,34.06,33.35,33.73,120749102,0.0
2009-04-28,33.52,33.91,33.36,33.48,108968000,0.0
2009-04-29,33.75,34.4,33.64,33.94,141413594,0.0
2009-04-30,34.37,34.9,34.04,34.28,144120406,0.0
2009-05-01,34.28,34.54,34.01,34.37,100112000,0.0
2009-05-04,34.67,35.09,34.52,35.05,119317297,0.0
2009-05-05,34.99,35.06,34.63,35.02,113638094,0.0
2009-05-06,35.32,35.34,34.46,35.03,178840500,0.0
2009-05-07,35.25,35.27,33.88,34.21,216484609,0.0
2009-05-08,34.35,34.74,33.88,34.23,183507297,0.0
2009-05-11,33.78,34.72,33.68,34.35,142775906,0.0
2009-05-12,34.42,34.48,33.52,33.93,147842094,0.0
2009-05-13,33.63,33.65,32.96,33.02,175548188,0.0
2009-05-14,33.1,33.7,33.08,33.39,140021594,0.0
2009-05-15,33.36,33.82,33.23,33.37,121326305,0.0
2009-05-18,33.59,34.28,33.3901,34.24,114333398,0.0
2009-05-19,34.14,34.74,33.95,34.4,129086398,0.0
2009-05-20,34.54,35.04,34.18,34.28,131873703,0.0
2009-05-21,34.02,34.26,33.31,33.65,139253109,0.0
2009-05-22,33.78,33.97,33.32,33.54,83520289,0.0
2009-05-26,33.19,34.83,33.18,34.79,144857109,0.0
2009-05-27,34.68,35.19,34.43,34.55,121393102,0.0
2009-05-28,34.77,35.07,34.21,34.95,118931297,0.0
2009-05-29,34.98,35.5,34.76,35.38,111535695,0.0
2009-06-01,35.73,36.5,35.61,36.39,119192203,0.0
2009-06-02,36.19,36.79,36.11,36.44,126858602,0.0
2009-06-03,36.28,36.37,35.93,36.33,93329719,0.0
2009-06-04,36.4,36.79,36.34,36.74,89280570,0.0
2009-06-05,36.96,37.08,36.42,36.78,121963000,0.0
2009-06-08,36.53,36.95,36.12,36.67,89194094,0.0
2009-06-09,36.84,37.17,36.67,36.95,109187797,0.0
2009-06-10,37.17,37.18,36.29,36.82,133404594,0.0
2009-06-11,36.76,37.23,36.75,36.82,147909703,0.0
2009-06-12,36.67,36.719,36.2,36.65,109452492,0.0
2009-06-15,36.28,36.33,35.58,35.9,112152898,0.0
2009-06-16,36.06,36.19,35.52,35.55,110550203,0.0
2009-06-17,35.67,36.21,35.45,35.889,153421797,0.0
2009-06-18,35.83,36.06,35.57,35.82,126266703,0.0
2009-06-19,36.04,36.36,35.9101,36.16,122050094,0.0
2009-06-22,35.8,35.89,35.02,35.08,137714797,0.0
2009-06-23,35.2,35.26,34.77,35.0,114903000,0.0
2009-06-24,35.3,35.87,35.28,35.59,103314602,0.0
2009-06-25,35.38,36.36,35.28,36.29,112538094,0.0
2009-06-26,36.13,36.5,36.05,36.37,87677289,0.0
2009-06-29,36.44,36.75,36.12,36.45,93817594,0.0
2009-06-30,36.55,36.73,36.11,36.38,97843000,0.0
2009-07-01,36.54,36.84,36.39,36.4,85975914,0.0
2009-07-02,36.09,36.1,35.5,35.6,113309797,0.0
2009-07-06,35.38,35.54,35.04,35.41,107632492,0.0
2009-07-07,35.42,35.49,34.51,34.53,149772984,0.0
2009-07-08,34.73,34.87,34.3,34.71,152776406,0.0
2009-07-09,34.84,35.01,34.65,34.77,97851469,0.0
2009-07-10,34.66,35.14,34.5626,34.92,108481906,0.0
2009-07-13,34.95,35.6,34.48,35.59,127140305,0.0
2009-07-14,35.52,35.79,35.4,35.72,115631602,0.0
2009-07-15,36.31,36.93,36.14,36.92,160869703,0.0
2009-07-16,36.74,37.44,36.72,37.36,120142398,0.0
2009-07-17,37.36,37.57,37.17,37.56,104906398,0.0
2009-07-20,37.75,38.0,37.61,37.92,97168734,0.0
2009-07-21,38.07,38.18,37.64,38.18,130587602,0.0
2009-07-22,38.2,38.69,38.13,38.5,113808602,0.0
2009-07-23,38.45,39.49,38.39,39.35,160566406,0.0
2009-07-24,38.93,39.37,38.7799,39.05,109312203,0.0
2009-07-27,39.29,39.41,38.87,39.35,94718531,0.0
2009-07-28,39.18,39.59,38.93,39.08,111564305,0.0
2009-07-29,39.32,39.43,39.0,39.34,126538203,0.0
2009-07-30,39.74,40.18,39.51,39.57,108969797,0.0
2009-07-31,39.56,39.8522,39.41,39.45,78208281,0.0
2009-08-03,39.85,40.06,39.64,40.04,111722703,0.0
2009-08-04,39.86,40.19,39.77,40.04,100690703,0.0
2009-08-05,40.13,40.14,39.46,39.73,118093000,0.0
2009-08-06,39.79,39.93,39.24,39.38,116937398,0.0
2009-08-07,39.91,40.07,39.59,39.88,107512203,0.0
2009-08-10,39.73,39.85,39.34,39.6,87163148,0.0
2009-08-11,39.42,39.5,39.05,39.26,91922688,0.0
2009-08-12,39.21,40.22,39.2,39.87,147240000,0.0
2009-08-13,40.1,40.16,39.64,40.09,110107000,0.0
2009-08-14,39.89,39.96,39.28,39.63,124480203,0.0
2009-08-17,38.97,39.01,38.46,38.48,131797203,0.0
2009-08-18,38.72,39.98,38.61,39.03,84607844,0.0
2009-08-19,38.59,39.4,38.54,39.3,88036242,0.0
2009-08-20,39.28,39.84,39.2,39.76,81473477,0.0
2009-08-21,40.01,40.36,39.74,40.29,114660203,0.0
2009-08-24,40.36,40.57,40.1,40.25,109904898,0.0
2009-08-25,40.34,40.76,40.25,40.37,92900336,0.0
2009-08-26,40.29,40.601,40.08,40.3,96407477,0.0
2009-08-27,40.32,40.47,39.67,40.4,121957797,0.0
2009-08-28,40.89,41.08,40.16,40.44,114310203,0.0
2009-08-31,40.16,40.2,39.79,40.03,96415289,0.0
2009-09-01,39.87,40.59,39.16,39.28,162958891,0.0
2009-09-02,39.09,39.47,39.04,39.25,92757102,0.0
2009-09-03,39.44,39.5702,39.02,39.51,76783086,0.0
2009-09-04,39.58,40.38,39.52,40.36,74866555,0.0
2009-09-08,40.65,40.78,40.46,40.74,71024336,0.0
2009-09-09,40.76,41.29,40.59,41.09,99290031,0.0
2009-09-10,41.11,41.53,41.0,41.48,99289070,0.0
2009-09-11,41.5,41.62,41.22,41.52,93869367,0.0
2009-09-14,41.23,41.71,41.21,41.68,90560531,0.0
2009-09-15,41.66,41.95,41.57,41.81,91594547,0.0
2009-09-16,41.98,42.48,41.84,42.42,96888461,0.0
2009-09-17,42.32,42.66,42.21,42.41,102169508,0.0
2009-09-18,42.56,42.62,42.21,42.44,87453055,0.0
2009-09-21,42.22,42.7,42.16,42.57,71351344,0.0
2009-09-22,42.82,42.83,42.4398,42.65,75638367,0.0
2009-09-23,42.83,43.17,42.377,42.45,143924094,0.0
2009-09-24,42.61,42.69,41.77,42.07,111016305,0.0
2009-09-25,41.78,42.09,41.58,41.7,109215906,0.0
2009-09-28,41.92,42.66,41.89,42.41,84484125,0.0
2009-09-29,42.41,42.6201,42.03,42.22,106686398,0.0
2009-09-30,42.39,42.6024,41.6,42.25,173102594,0.0
2009-10-01,42.11,42.13,41.0,41.0,140119109,0.0
2009-10-02,40.72,41.25,40.72,40.88,145291297,0.0
2009-10-05,41.09,41.4,40.83,41.21,97054125,0.0
2009-10-06,41.43,42.14,41.2206,41.94,124628000,0.0
2009-10-07,41.88,42.08,41.77,42.06,93787523,0.0
2009-10-08,42.31,42.62,42.14,42.24,107850398,0.0
2009-10-09,42.15,42.55,42.06,42.48,62827992,0.0
2009-10-12,42.63,42.87,42.28,42.57,53221871,0.0
2009-10-13,42.54,42.75,42.37,42.58,70939211,0.0
2009-10-14,43.1,43.293,42.85,43.16,91004875,0.0
2009-10-15,42.93,43.12,42.87,43.06,85772703,0.0
2009-10-16,42.92,42.99,42.48,42.78,111859602,0.0
2009-10-19,42.81,43.27,42.59,43.21,83511938,0.0
2009-10-20,43.45,43.46,42.94,43.22,89847820,0.0
2009-10-21,43.2,43.82,43.06,43.14,110397297,0.0
2009-10-22,43.07,43.49,42.79,43.31,85871766,0.0
2009-10-23,43.69,43.73,43.02,43.13,117029906,0.0
2009-10-26,43.17,43.76,42.79,42.99,107068492,0.0
2009-10-27,42.95,43.11,42.18,42.34,121438203,0.0
2009-10-28,42.19,42.32,41.3,41.39,143553500,0.0
2009-10-29,41.68,42.19,41.54,42.09,85207523,0.0
2009-10-30,42.06,42.15,40.92,40.96,162796406,0.0
2009-11-02,41.01,41.57,40.64,41.13,142520609,0.0
2009-11-03,40.97,41.32,40.84,41.26,95106969,0.0
2009-11-04,41.51,41.87,41.28,41.33,107970602,0.0
2009-11-05,41.81,42.4,41.78,42.35,135204797,0.0
2009-11-06,42.16,42.65,42.08,42.6,96312211,0.0
2009-11-09,42.92,43.52,42.88,43.51,101620797,0.0
2009-11-10,43.45,43.7714,43.4,43.62,72846445,0.0
2009-11-11,43.94,44.14,43.61,43.9,84676109,0.0
2009-11-12,43.92,44.16,43.55,43.65,92426047,0.0
2009-11-13,43.78,44.14,43.63,44.01,87959484,0.0
2009-11-16,44.19,44.65,44.12,44.46,87776086,0.0
2009-11-17,44.34,44.6,44.25,44.6,81884000,0.0
2009-11-18,44.47,44.49,44.05,44.353,100240797,0.0
2009-11-19,44.06,44.08,43.35,43.66,114557906,0.0
2009-11-20,43.41,43.55,43.28,43.44,70912062,0.0
2009-11-23,43.87,44.4,43.86,44.14,91621406,0.0
2009-11-24,44.14,44.15,43.73,43.99,60669941,0.0
2009-11-25,44.14,44.22,44.01,44.18,37630047,0.0
2009-11-27,43.0,43.83,42.9,43.51,61229930,0.0
2009-11-30,43.41,43.62,43.11,43.56,84819367,0.0
2009-12-01,43.88,44.3,43.88,44.01,81817773,0.0
2009-12-02,44.16,44.49,43.98,44.07,81653516,0.0
2009-12-03,44.24,44.5,43.88,43.89,72460359,0.0
2009-12-04,44.45,44.73,43.66,44.12,125062492,0.0
2009-12-07,44.08,44.29,43.82,43.91,67471805,0.0
2009-12-08,43.68,44.0,43.36,43.642,86621375,0.0
2009-12-09,43.61,44.12,43.32,44.08,78820461,0.0
2009-12-10,44.25,44.54,44.24,44.3,76722312,0.0
2009-12-11,44.52,44.59,43.95,44.13,66643633,0.0
2009-12-14,44.43,44.6,44.19,44.55,47965480,0.0
2009-12-15,44.41,44.67,44.17,44.3,61171039,0.0
2009-12-16,44.47,44.7,44.29,44.36,61629609,0.0
2009-12-17,44.17,44.21,43.76,43.82,90440883,0.0
2009-12-18,44.14,44.48,44.0,44.46,96442562,0.0
2009-12-21,44.67,45.13,44.67,44.96,82381391,0.0
2009-12-22,45.08,45.29,45.03,45.23,51569039,0.0
2009-12-23,45.34,45.57,45.21,45.56,73932203,0.0
2009-12-24,45.61,45.98,45.6,45.98,31770350,0.0
2009-12-28,46.08,46.3,45.94,46.22,49381391,0.0
2009-12-29,46.22,46.25,45.99,46.03,32410150,0.0
2009-12-30,46.0,46.26,45.96,46.17,57612660,0.0
2009-12-31,46.25,46.275,45.75,45.75,50079160,0.0
2010-01-04,46.32,46.485,46.27,46.42,62822801,0.0
2010-01-05,46.38,46.5,46.16,46.42,62935594,0.0
2010-01-06,46.39,46.55,46.07,46.14,96033000,0.0
2010-01-07,46.2,46.27,45.92,46.17,77094031,0.0
2010-01-08,46.04,46.55,45.93,46.55,88886602,0.0
2010-01-11,46.6,46.64,46.12,46.36,104673297,0.0
2010-01-12,46.08,46.14,45.53,45.78,90673828,0.0
2010-01-13,45.93,46.49,45.61,46.35,100661000,0.0
2010-01-14,46.26,46.52,46.22,46.39,75812672,0.0
2010-01-15,46.46,46.55,45.65,45.85,126866094,0.0
2010-01-19,45.96,46.64,45.95,46.59,84388148,0.0
2010-01-20,46.27,46.604,45.43,45.92,145679906,0.0
2010-01-21,46.06,46.35,45.3,45.49,204939500,0.0
2010-01-22,45.34,45.48,44.04,44.16,171098594,0.0
2010-01-25,44.39,44.6,44.12,44.31,154218594,0.0
2010-01-26,44.28,44.89,44.05,44.35,140816406,0.0
2010-01-27,44.29,44.85,44.01,44.7,161632609,0.0
2010-01-28,44.4,44.43,43.32,43.55,221439812,0.0
2010-01-29,43.9,44.02,42.63,42.79,212126000,0.0
2010-02-01,42.91,43.2807,42.88,43.26,136827109,0.0
2010-02-02,43.31,43.78,43.03,43.65,110727602,0.0
2010-02-03,43.45,43.97,43.42,43.89,93581594,0.0
2010-02-04,43.58,43.66,42.62,42.62,151652406,0.0
2010-02-05,42.75,43.02,42.12,42.98,213618500,0.0
2010-02-08,42.92,43.18,42.64,42.67,94354367,0.0
2010-02-09,43.17,43.51,42.76,43.11,118955906,0.0
2010-02-10,43.1,43.31,42.75,43.02,94102844,0.0
2010-02-11,43.01,43.79,42.76,43.67,93050789,0.0
2010-02-12,43.27,43.88,43.16,43.76,93943992,0.0
2010-02-16,44.08,44.35,43.85,44.32,83861367,0.0
2010-02-17,44.5,44.57,44.26,44.57,82691609,0.0
2010-02-18,44.54,44.93,44.45,44.85,65752539,0.0
2010-02-19,44.76,45.05,44.62,44.83,80416414,0.0
2010-02-22,45.01,45.03,44.56,44.74,72054914,0.0
2010-02-23,44.69,44.74,43.95,44.16,95814328,0.0
2010-02-24,44.41,44.79,44.32,44.61,86590992,0.0
2010-02-25,44.11,44.7,43.83,44.6,97961297,0.0
2010-02-26,44.6,44.86,44.4,44.76,66222359,0.0
2010-03-01,44.95,45.49,44.95,45.41,77290016,0.0
2010-03-02,45.54,45.85,45.45,45.55,76368430,0.0
2010-03-03,45.67,45.82,45.43,45.6,65744914,0.0
2010-03-04,45.64,45.81,45.4,45.75,54470840,0.0
2010-03-05,46.1,46.54,45.99,46.44,68136258,0.0
2010-03-08,46.46,46.64,46.44,46.53,58712352,0.0
2010-03-09,46.4,47.05,46.4,46.79,98002734,0.0
2010-03-10,46.8,47.28,46.8,47.17,102578898,0.0
2010-03-11,47.07,47.35,46.98,47.35,67510281,0.0
2010-03-12,47.5,47.53,47.1,47.36,64068262,0.0
2010-03-15,47.26,47.38,46.91,47.24,60150422,0.0
2010-03-16,47.39,47.61,47.23,47.54,74950602,0.0
2010-03-17,47.6,47.9,47.53,47.67,75643453,0.0
2010-03-18,47.72,47.88,47.6,47.83,77829359,0.0
2010-03-19,47.95,47.95,47.32,47.49,86337039,0.0
2010-03-22,47.31,48.11,47.25,47.92,71902750,0.0
2010-03-23,48.0,48.3,47.77,48.2525,59182594,0.0
2010-03-24,48.14,48.17,47.91,48.02,63030102,0.0
2010-03-25,48.42,48.6,47.9,47.95,76350062,0.0
2010-03-26,48.14,48.33,47.74,48.0,78067828,0.0
2010-03-29,48.23,48.4,48.1,48.23,57993219,0.0
2010-03-30,48.36,48.55,48.06,48.39,49455020,0.0
2010-03-31,48.23,48.45,48.07,48.16,59947391,0.0
2010-04-01,48.34,48.7,47.79,48.16,83728570,0.0
2010-04-05,48.26,48.72,48.14,48.61,56220246,0.0
2010-04-06,48.49,48.9,48.39,48.75,54097059,0.0
2010-04-07,48.69,48.87,48.37,48.63,77211453,0.0
2010-04-08,48.51,48.82,48.24,48.74,68323875,0.0
2010-04-09,48.77,49.05,48.635,49.03,54227219,0.0
2010-04-12,49.05,49.2,48.94,49.07,44280602,0.0
2010-04-13,49.02,49.35,48.86,49.32,59375922,0.0
2010-04-14,49.57,49.92,49.5,49.91,69004750,0.0
2010-04-15,49.88,50.19,49.87,50.13,72254148,0.0
2010-04-16,49.95,50.12,49.2,49.53,127387906,0.0
2010-04-19,49.36,49.66,48.9,49.5,98251680,0.0
2010-04-20,49.755,49.88,49.43,49.75,69543633,0.0
2010-04-21,50.09,50.19,49.725,50.03,74748648,0.0
2010-04-22,49.57,50.36,49.26,50.31,110477102,0.0
2010-04-23,50.29,50.57,50.09,50.52,77205133,0.0
2010-04-26,50.53,50.65,50.3,50.41,67360930,0.0
2010-04-27,50.22,50.43,49.21,49.34,112608000,0.0
2010-04-28,49.6,49.63,48.98,49.37,130082094,0.0
2010-04-29,49.61,50.33,49.61,50.23,84180141,0.0
2010-04-30,50.21,50.29,49.2,49.2375,110896898,0.0
2010-05-03,49.43,50.17,49.43,49.93,74169602,0.0
2010-05-04,49.31,49.32,48.08,48.43,141136406,0.0
2010-05-05,47.98,48.5,47.64,48.18,128560203,0.0
2010-05-06,47.85,48.3201,41.55,46.57,274356812,0.0
2010-05-07,46.22,46.8,44.2833,45.41,288200281,0.0
2010-05-10,47.42,47.8,47.31,47.77,136041594,0.0
2010-05-11,47.31,48.39,47.2,47.72,113197000,0.0
2010-05-12,47.98,48.66,47.9,48.62,85462328,0.0
2010-05-13,48.43,48.79,47.7301,47.85,102844203,0.0
2010-05-14,47.49,47.52,46.38,46.93,147386000,0.0
2010-05-17,47.04,47.27,46.07,47.08,120969508,0.0
2010-05-18,47.47,47.58,46.22,46.43,153072094,0.0
2010-05-19,46.26,46.63,45.55,46.06,159000297,0.0
2010-05-20,45.17,45.28,44.25,44.35,189289797,0.0
2010-05-21,43.64,45.64,43.49,44.84,190631109,0.0
2010-05-24,44.81,45.325,44.64,44.66,113386000,0.0
2010-05-25,43.67,44.76,43.23,44.7,155642891,0.0
2010-05-26,44.93,45.57,44.12,44.2,140203109,0.0
2010-05-27,45.22,45.89,45.09,45.87,110736094,0.0
2010-05-28,45.94,45.99,45.2,45.6,128535297,0.0
2010-06-01,45.45,46.25,45.13,45.18,104242703,0.0
2010-06-02,45.45,46.28,45.13,46.25,97249297,0.0
2010-06-03,46.36,46.77,46.08,46.69,98928391,0.0
2010-06-04,45.71,46.29,44.9375,45.0925,112849797,0.0
2010-06-07,45.34,45.46,44.22,44.27,88436594,0.0
2010-06-08,44.37,44.48,43.59,44.19,133990000,0.0
2010-06-09,44.48,44.91,43.69,43.82,102077297,0.0
2010-06-10,44.39,45.12,44.24,45.07,76892305,0.0
2010-06-11,44.63,45.54,44.61,45.5,74347727,0.0
2010-06-14,45.91,46.24,45.41,45.49,68084961,0.0
2010-06-15,45.71,46.77,45.4532,46.71,76332555,0.0
2010-06-16,46.58,47.14,46.5,46.9,78399648,0.0
2010-06-17,47.16,47.18,46.64,47.05,77111820,0.0
2010-06-18,47.06,47.34,46.86,47.0,75921359,0.0
2010-06-21,47.6,47.68,46.33,46.6,95488070,0.0
2010-06-22,46.79,47.14,46.15,46.24,94493352,0.0
2010-06-23,46.29,46.47,45.69,46.05,92397531,0.0
2010-06-24,45.84,45.99,45.2,45.35,114714305,0.0
2010-06-25,45.51,45.66,44.95,45.27,89040242,0.0
2010-06-28,45.29,45.55,44.81,45.11,71378711,0.0
2010-06-29,44.42,44.46,43.07,43.37,136384094,0.0
2010-06-30,43.23,43.67,42.64,42.71,101313203,0.0
2010-07-01,42.82,42.96,41.77,42.59,158694891,0.0
2010-07-02,42.67,42.8215,42.09,42.47,78565281,0.0
2010-07-06,43.09,43.37,42.25,42.6,88591844,0.0
2010-07-07,42.74,44.01,42.7,43.96,72448352,0.0
2010-07-08,44.31,44.38,43.68,44.2,78264578,0.0
2010-07-09,44.18,44.63,44.08,44.62,47861059,0.0
2010-07-12,44.58,45.03,44.46,44.75,60934840,0.0
2010-07-13,45.13,45.5,44.8,45.33,93310492,0.0
2010-07-14,45.42,45.81,45.24,45.56,87694703,0.0
2010-07-15,45.46,45.74,44.99,45.6,95992406,0.0
2010-07-16,45.44,45.6281,44.3,44.34,98831859,0.0
2010-07-19,44.48,44.81,44.1,44.72,81800734,0.0
2010-07-20,43.99,45.26,43.86,45.26,89061203,0.0
2010-07-21,45.75,45.76,44.56,44.64,83576812,0.0
2010-07-22,45.26,45.98,45.24,45.77,82890242,0.0
2010-07-23,45.46,46.1,45.38,46.06,81056047,0.0
2010-07-26,46.12,46.46,45.91,46.44,64850820,0.0
2010-07-27,46.69,46.72,46.21,46.42,67655555,0.0
2010-07-28,46.38,46.58,45.88,46.05,51988121,0.0
2010-07-29,46.3,46.41,45.25,45.71,85693922,0.0
2010-07-30,45.36,46.09,45.07,45.81,98958078,0.0
2010-08-02,46.38,46.79,46.2101,46.67,68706703,0.0
2010-08-03,46.63,46.7,46.25,46.47,60863367,0.0
2010-08-04,46.69,46.99,46.5,46.938,43817793,0.0
2010-08-05,46.72,46.92,46.52,46.83,39150160,0.0
2010-08-06,46.32,46.85,46.05,46.76,71339438,0.0
2010-08-09,47.01,47.19,46.79,47.08,26937010,0.0
2010-08-10,46.72,46.95,46.28,46.6725,86694469,0.0
2010-08-11,45.91,45.92,45.21,45.4,92219648,0.0
2010-08-12,44.56,45.24,44.45,45.04,66000469,0.0
2010-08-13,44.87,45.06,44.71,44.72,46387262,0.0
2010-08-16,44.48,45.11,44.3,44.8,55472859,0.0
2010-08-17,45.11,45.78,45.03,45.372,56927059,0.0
2010-08-18,45.29,45.82,45.11,45.55,61836480,0.0
2010-08-19,45.29,45.46,44.56,44.86,82969469,0.0
2010-08-20,44.79,45.03,44.54,44.92,66806609,0.0
2010-08-23,45.25,45.34,44.46,44.48,69612141,0.0
2010-08-24,44.01,44.12,43.465,43.65,79095766,0.0
2010-08-25,43.35,44.26,43.27,44.07,87347883,0.0
2010-08-26,44.24,44.32,43.5,43.54,91222969,0.0
2010-08-27,43.86,44.16,42.97,44.07,109595906,0.0
2010-08-30,43.87,44.25,43.6,43.61,49373121,0.0
2010-08-31,43.39,43.85,43.18,43.46,72066828,0.0
2010-09-01,44.1,44.91,44.07,44.76,83523102,0.0
2010-09-02,44.84,45.28,44.73,45.26,41816719,0.0
2010-09-03,45.73,46.02,45.55,46.01,64041078,0.0
2010-09-07,45.82,46.03,45.625,45.7,51195141,0.0
2010-09-08,45.84,46.45,45.82,46.25,66883922,0.0
2010-09-09,46.67,46.7,46.32,46.43,61476379,0.0
2010-09-10,46.49,46.67,46.25,46.6,66995680,0.0
2010-09-13,46.95,47.37,46.94,47.25,64523289,0.0
2010-09-14,47.17,47.7,47.08,47.45,91405797,0.0
2010-09-15,47.35,47.8,47.19,47.75,67108125,0.0
2010-09-16,47.68,47.98,47.54,47.94,66885758,0.0
2010-09-17,48.14,48.14,47.75,47.995,76372570,0.0
2010-09-20,48.18,48.93,48.1101,48.8299,84536547,0.0
2010-09-21,48.84,49.17,48.61,48.82,82352602,0.0
2010-09-22,48.61,49.021,48.42,48.69,88315906,0.0
2010-09-23,48.39,49.16,48.32,48.67,85039930,0.0
2010-09-24,49.22,49.69,49.15,49.66,79495883,0.0
2010-09-27,49.65,49.75,49.35,49.39,43883406,0.0
2010-09-28,49.51,49.54,48.59,49.37,104922898,0.0
2010-09-29,49.3,49.53,49.11,49.29,81679172,0.0
2010-09-30,49.54,49.84,48.75,49.07,122458492,0.0
2010-10-01,49.46,49.53,48.781,49.01,77682336,0.0
2010-10-04,48.86,49.05,48.2,48.48,71359477,0.0
2010-10-05,49.03,49.76,49.0,49.66,99301273,0.0
2010-10-06,49.59,49.71,48.91,49.23,81831117,0.0
2010-10-07,49.52,49.54,49.0,49.41,75693266,0.0
2010-10-08,49.45,49.87,49.08,49.75,83223820,0.0
2010-10-11,49.78,50.02,49.62,49.77,46879922,0.0
2010-10-12,49.69,50.21,49.26,50.11,88571609,0.0
2010-10-13,50.4,50.75,50.28,50.52,71122719,0.0
2010-10-14,50.54,50.64,50.17,50.42,68463766,0.0
2010-10-15,51.04,51.5,50.63,51.49,104654000,0.0
2010-10-18,51.52,51.72,51.3,51.3,72505156,0.0
2010-10-19,50.81,51.3,50.42,50.82,105739695,0.0
2010-10-20,50.96,51.57,50.87,51.19,80861039,0.0
2010-10-21,51.51,51.7101,50.79,51.29,85885328,0.0
2010-10-22,51.3,51.69,51.21,51.64,47409152,0.0
2010-10-25,51.85,52.23,51.85,51.89,51413633,0.0
2010-10-26,51.62,52.15,51.42,52.03,60498262,0.0
2010-10-27,51.77,52.23,51.66,52.19,57483180,0.0
2010-10-28,52.42,52.45,51.84,52.3,61220000,0.0
2010-10-29,52.29,52.49,52.1698,52.18,46668688,0.0
2010-11-01,52.38,52.75,51.98,52.22,60555559,0.0
2010-11-02,52.66,52.93,52.575,52.78,48137406,0.0
2010-11-03,52.84,53.04,52.36,53.02,126225797,0.0
2010-11-04,53.63,53.8614,53.5,53.67,84200977,0.0
2010-11-05,53.7,53.81,53.51,53.67,77937078,0.0
2010-11-08,53.57,53.83,53.4499,53.7375,39623434,0.0
2010-11-09,53.97,54.0401,53.21,53.45,66969719,0.0
2010-11-10,53.53,53.77,53.1,53.715,83553609,0.0
2010-11-11,52.9,53.48,52.66,53.385,85163523,0.0
2010-11-12,53.1,53.3672,52.11,52.51,99164258,0.0
2010-11-15,52.78,52.88,52.29,52.315,56723379,0.0
2010-11-16,51.93,52.2462,50.85,51.45,101096602,0.0
2010-11-17,51.49,51.87,51.35,51.6,77836148,0.0
2010-11-18,52.15,52.79,52.13,52.43,71488273,0.0
2010-11-19,52.34,52.59,52.14,52.47,54512711,0.0
2010-11-22,52.25,52.91,52.17,52.91,69918812,0.0
2010-11-23,52.39,52.45,51.77,52.07,76900953,0.0
2010-11-24,52.58,53.25,52.56,53.12,53455539,0.0
2010-11-26,52.8,53.13,52.67,52.968,23640289,0.0
2010-11-29,52.7,52.9,52.1,52.73,89265938,0.0
2010-11-30,52.18,52.7355,51.88,52.085,118861508,0.0
2010-12-01,52.87,53.46,52.84,53.19,81758047,0.0
2010-12-02,53.27,53.81,53.21,53.73,56883980,0.0
2010-12-03,53.5,53.94,53.5,53.87,38014160,0.0
2010-12-06,53.86,53.95,53.68,53.845,39311527,0.0
2010-12-07,54.49,54.52,53.82,53.88,59067230,0.0
2010-12-08,54.02,54.15,53.6899,54.08,48066848,0.0
2010-12-09,54.41,54.44,53.95,54.135,51679727,0.0
2010-12-10,54.29,54.55,54.09,54.495,44696152,0.0
2010-12-13,54.71,54.74,54.27,54.3,53110152,0.0
2010-12-14,54.42,54.62,54.23,54.395,69944031,0.0
2010-12-15,54.37,54.7,54.03,54.16,76951805,0.0
2010-12-16,54.21,54.66,54.06,54.58,65519391,0.0
2010-12-17,54.54,54.68,54.41,54.52,36849559,0.0
2010-12-20,54.59,54.76,54.16,54.56,48159602,0.0
2010-12-21,54.76,54.89,54.62,54.89,35775352,0.0
2010-12-22,54.86,54.96,54.79,54.885,35766434,0.0
2010-12-23,54.78,54.87,54.61,54.742,21668240,0.0
2010-12-27,54.62,54.86,54.21,54.77,29263420,0.0
2010-12-28,54.88,54.92,54.55,54.67,24168600,0.0
2010-12-29,54.82,54.9,54.73,54.79,24132689,0.0
2010-12-30,54.79,54.8,54.55,54.66,27562170,0.0
2010-12-31,54.6,54.62,54.21,54.46,38565922,0.0
2011-01-03,54.959,55.69,54.95,55.31,90994289,0.0
2011-01-04,55.53,55.55,54.92,55.265,43851449,0.0
2011-01-05,55.11,55.76,55.07,55.74,43787168,0.0
2011-01-06,55.79,55.96,55.68,55.92,46139539,0.0
2011-01-07,56.02,56.05,55.32,55.87,72261633,0.0
2011-01-10,55.72,56.18,55.58,56.08,55551762,0.0
2011-01-11,56.29,56.36,55.95,56.16,56663770,0.0
2011-01-12,56.42,56.56,56.2,56.555,51978980,0.0
2011-01-13,56.59,56.73,56.41,56.575,47430379,0.0
2011-01-14,56.59,57.02,56.46,57.0,43867398,0.0
2011-01-18,56.52,57.23,56.49,57.16,65802969,0.0
2011-01-19,57.24,57.26,56.32,56.51,67767188,0.0
2011-01-20,56.3,56.35,55.68,56.11,92357773,0.0
2011-01-21,56.39,56.49,55.65,55.68,59673281,0.0
2011-01-24,55.79,56.46,55.68,56.45,64103246,0.0
2011-01-25,56.18,56.55,56.05,56.5325,55305020,0.0
2011-01-26,56.63,56.98,56.45,56.83,60547609,0.0
2011-01-27,57.01,57.35,56.92,57.18,53656078,0.0
2011-01-28,57.16,57.22,55.47,55.73,123359797,0.0
2011-01-31,55.81,56.16,55.39,56.0,70570594,0.0
2011-02-01,56.419,57.18,56.36,57.05,76952812,0.0
2011-02-02,56.92,57.17,56.84,56.955,48660953,0.0
2011-02-03,56.85,57.14,56.4,57.0575,45341871,0.0
2011-02-04,57.05,57.42,56.9,57.375,47647711,0.0
2011-02-07,57.49,57.97,57.4,57.65,45626801,0.0
2011-02-08,57.65,58.07,57.56,58.025,38099820,0.0
2011-02-09,57.94,58.12,57.75,57.93,62540762,0.0
2011-02-10,57.61,58.1,57.49,58.021,70194656,0.0
2011-02-11,57.87,58.48,57.77,58.44,47853473,0.0
2011-02-14,58.43,58.66,58.38,58.58,48506031,0.0
2011-02-15,58.44,58.57,58.23,58.5,39723754,0.0
2011-02-16,58.64,59.04,58.63,58.881,53061312,0.0
2011-02-17,58.6,58.975,58.55,58.86,38361848,0.0
2011-02-18,58.88,58.97,58.51,58.73,44341727,0.0
2011-02-22,58.0,58.13,56.94,57.03,92596875,0.0
2011-02-23,57.0,57.23,56.13,56.56,97842852,0.0
2011-02-24,56.7,57.03,56.14,56.855,98715930,0.0
2011-02-25,57.16,57.72,57.12,57.65,54094578,0.0
2011-02-28,57.87,58.05,57.43,57.7689,51402738,0.0
2011-03-01,57.99,58.02,56.695,56.84,91992492,0.0
2011-03-02,56.82,57.511,56.79,57.14,61552879,0.0
2011-03-03,57.68,58.365,57.67,58.265,64249930,0.0
2011-03-04,58.25,58.26,57.59,57.9675,62328320,0.0
2011-03-07,58.21,58.2599,56.67,57.19,98469961,0.0
2011-03-08,57.1,57.68,56.77,57.42,62399102,0.0
2011-03-09,57.21,57.27,56.72,57.03,84764141,0.0
2011-03-10,56.39,56.52,55.91,56.14,102991508,0.0
2011-03-11,55.83,56.66,55.82,56.49,81679375,0.0
2011-03-14,56.18,56.59,55.86,56.29,73621758,0.0
2011-03-15,54.64,55.82,54.47,55.49,101275297,0.0
2011-03-16,55.03,55.34,53.77,54.15,176506594,0.0
2011-03-17,55.01,55.24,54.1294,54.65,94434312,0.0
2011-03-18,55.2,55.22,54.41,54.45,94887133,0.0
2011-03-21,55.29,55.78,54.4956,55.5,57419953,0.0
2011-03-22,55.57,55.61,55.28,55.395,36251281,0.0
2011-03-23,55.19,55.87,54.82,55.71,60365078,0.0
2011-03-24,56.12,56.82,55.82,56.7,69502336,0.0
2011-03-25,56.89,57.22,56.7299,56.84,74133875,0.0
2011-03-28,57.09,57.1,56.5,56.53,37823727,0.0
2011-03-29,56.4,57.08,56.23,57.08,47994648,0.0
2011-03-30,57.36,57.43,57.08,57.35,44935859,0.0
2011-03-31,57.25,57.48,57.15,57.43,50143328,0.0
2011-04-01,57.72,57.9,57.29,57.46,68031750,0.0
2011-04-04,57.62,57.68,57.02,57.27,48659039,0.0
2011-04-05,57.16,57.49,57.0,57.12,55384930,0.0
2011-04-06,57.54,57.73,56.93,57.26,49532059,0.0
2011-04-07,57.23,57.6,56.81,57.22,60705871,0.0
2011-04-08,57.48,57.57,56.65,56.95,42782113,0.0
2011-04-11,57.16,57.29,56.56,56.76,42451621,0.0
2011-04-12,56.52,56.64,56.15,56.37,50642848,0.0
2011-04-13,56.77,57.0,56.4,56.85,49979727,0.0
2011-04-14,56.45,56.83,56.23,56.75,53544090,0.0
2011-04-15,56.53,56.87,56.28,56.65,68529969,0.0
2011-04-18,56.09,56.27,55.32,56.25,69073430,0.0
2011-04-19,56.39,56.6,56.1,56.6,38608391,0.0
2011-04-20,57.59,57.94,56.6051,57.875,67397438,0.0
2011-04-21,58.47,58.47,58.16,58.34,43666770,0.0
2011-04-25,58.4,58.52,58.28,58.49,25376721,0.0
2011-04-26,58.65,59.03,58.51,58.82,49392727,0.0
2011-04-27,58.9,59.29,58.66,59.22,56465488,0.0
2011-04-28,59.06,59.23,58.88,59.13,48138340,0.0
2011-04-29,59.04,59.29,58.98,59.08,44831141,0.0
2011-05-02,59.19,59.34,58.82,58.97,48149391,0.0
2011-05-03,58.95,59.0,58.33,58.69,38143406,0.0
2011-05-04,58.72,58.87,58.11,58.6,53105008,0.0
2011-05-05,58.32,58.97,58.08,58.28,72153289,0.0
2011-05-06,58.86,59.2,58.31,58.47,72506781,0.0
2011-05-09,58.56,58.92,58.34,58.69,40028980,0.0
2011-05-10,58.87,59.28,58.775,59.19,38053602,0.0
2011-05-11,59.1,59.31,58.36,58.755,61908941,0.0
2011-05-12,58.56,59.19,58.24,59.11,66128156,0.0
2011-05-13,58.98,59.07,58.39,58.41,63506566,0.0
2011-05-16,58.16,58.32,57.27,57.399,73140227,0.0
2011-05-17,57.12,57.57,56.98,57.56,63176059,0.0
2011-05-18,57.48,58.14,57.41,58.04,42351090,0.0
2011-05-19,58.23,58.34,57.85,58.21,35024230,0.0
2011-05-20,58.15,58.21,57.69,57.765,44703180,0.0
2011-05-23,56.99,57.15,56.65,56.92,43678441,0.0
2011-05-24,57.07,57.07,56.56,56.57,39314207,0.0
2011-05-25,56.49,57.06,56.47,56.79,41368980,0.0
2011-05-26,56.62,57.3,56.61,57.1415,40564078,0.0
2011-05-27,57.24,57.49,57.19,57.43,30132090,0.0
2011-05-31,57.97,58.36,57.67,58.36,47588059,0.0
2011-06-01,58.22,58.36,57.04,57.09,51792340,0.0
2011-06-02,57.21,57.41,56.89,57.21,50198047,0.0
2011-06-03,56.56,56.99,56.27,56.35,57773680,0.0
2011-06-06,56.24,56.53,55.86,55.89,50175539,0.0
2011-06-07,56.05,56.26,55.75,55.79,46311059,0.0
2011-06-08,55.67,55.77,55.23,55.39,46426379,0.0
2011-06-09,55.37,55.76,55.23,55.485,45307500,0.0
2011-06-10,55.23,55.34,54.59,54.64,53740539,0.0
2011-06-13,54.71,54.93,54.45,54.64,37745770,0.0
2011-06-14,55.05,55.47,55.03,55.34,40565262,0.0
2011-06-15,54.83,55.15,54.18,54.29,59022352,0.0
2011-06-16,54.33,54.5,53.615,54.08,66316195,0.0
2011-06-17,54.45,54.598,53.631,53.79,70353109,0.0
2011-06-20,53.66,54.23,53.64,54.07,37402832,0.0
2011-06-21,54.26,55.29,54.03,55.23,55892711,0.0
2011-06-22,55.0,55.32,54.82,54.831,36833207,0.0
2011-06-23,54.28,55.37,54.06,55.34,80743297,0.0
2011-06-24,55.07,55.13,54.27,54.38,56298246,0.0
2011-06-27,54.43,55.53,54.32,55.245,49968848,0.0
2011-06-28,55.38,56.08,55.29,56.07,47028641,0.0
2011-06-29,56.23,56.41,55.9,56.3,65417191,0.0
2011-06-30,56.5,57.09,56.47,57.05,50483922,0.0
2011-07-01,57.1,57.985,56.92,57.91,53203801,0.0
2011-07-05,57.95,58.26,57.83,58.2,43128660,0.0
2011-07-06,58.14,58.49,57.94,58.39,49282641,0.0
2011-07-07,58.82,59.36,58.74,59.19,54799770,0.0
2011-07-08,58.7,59.04,58.37,59.03,69533594,0.0
2011-07-11,58.41,58.71,57.76,57.96,52080762,0.0
2011-07-12,57.94,58.07,57.46,57.52,84000656,0.0
2011-07-13,57.94,58.34,57.55,57.76,82374523,0.0
2011-07-14,57.93,58.18,56.87,57.09,98773906,0.0
2011-07-15,57.72,57.85,57.31,57.85,68287688,0.0
2011-07-18,57.535,57.79,56.98,57.54,59512191,0.0
2011-07-19,58.13,58.9,58.09,58.85,73904281,0.0
2011-07-20,59.18,59.19,58.5,58.6,57084230,0.0
2011-07-21,58.65,59.32,58.34,58.99,70148758,0.0
2011-07-22,58.97,59.7,58.92,59.6,43620359,0.0
2011-07-25,59.13,59.81,59.02,59.48,48916070,0.0
2011-07-26,59.44,59.83,59.32,59.625,40918832,0.0
2011-07-27,59.25,59.29,57.94,58.09,83969484,0.0
2011-07-28,58.1,58.93,57.89,58.19,61031801,0.0
2011-07-29,57.73,58.61,57.44,58.0,82860430,0.0
2011-08-01,58.67,58.82,57.03,57.73,85421008,0.0
2011-08-02,57.46,57.72,56.21,56.27,90851312,0.0
2011-08-03,56.37,56.88,55.35,56.81,103612305,0.0
2011-08-04,55.98,56.09,54.17,54.17,132829906,0.0
2011-08-05,54.79,55.03,52.32,53.83,214111703,0.0
2011-08-08,52.21,53.12,50.59,50.59,204804000,0.0
2011-08-09,51.31,53.08,49.93,53.03,193707109,0.0
2011-08-10,51.82,53.0438,50.8,50.86,205917906,0.0
2011-08-11,51.58,53.69,51.34,53.1,143824500,0.0
2011-08-12,53.42,53.9,52.88,53.57,90483242,0.0
2011-08-15,53.77,54.36,53.53,54.36,73554258,0.0
2011-08-16,53.82,54.35,53.18,53.9,89219195,0.0
2011-08-17,53.98,54.42,53.02,53.58,84416523,0.0
2011-08-18,52.13,52.14,50.48,50.95,130016492,0.0
2011-08-19,50.43,51.67,49.99,50.03,96674516,0.0
2011-08-22,51.21,51.24,50.06,50.21,77107680,0.0
2011-08-23,50.56,52.28,50.34,52.28,75688391,0.0
2011-08-24,52.18,53.42,51.71,52.69,80197609,0.0
2011-08-25,52.64,52.905,51.65,51.83,93623641,0.0
2011-08-26,51.68,53.31,51.15,53.13,91573242,0.0
2011-08-29,53.64,54.67,53.64,54.61,45985738,0.0
2011-08-30,54.39,55.3,54.11,54.97,61617820,0.0
2011-08-31,55.29,55.74,54.6,55.06,60899246,0.0
2011-09-01,55.21,55.64,54.46,54.56,57158367,0.0
2011-09-02,53.58,54.6143,52.99,53.28,58185102,0.0
2011-09-06,52.04,53.366,51.91,53.29,52992168,0.0
2011-09-07,54.03,54.65,53.9,54.64,48952121,0.0
2011-09-08,54.37,55.1684,54.21,54.39,61422793,0.0
2011-09-09,54.01,54.2399,52.85,53.18,63663480,0.0
2011-09-12,52.61,53.9,52.57,53.86,65973000,0.0
2011-09-13,54.08,54.69,53.8,54.58,59019980,0.0
2011-09-14,54.85,55.98,54.32,55.36,90757297,0.0
2011-09-15,55.97,56.28,55.39,56.18,83536086,0.0
2011-09-16,56.25,56.65,56.09,56.59,91901953,0.0
2011-09-19,55.9,56.91,55.43,56.61,73042828,0.0
2011-09-20,56.9,57.35,56.23,56.36,66570062,0.0
2011-09-21,56.65,56.93,55.37,55.38,79937992,0.0
2011-09-22,53.93,54.46,52.75,53.58,151885500,0.0
2011-09-23,53.14,54.38,53.091,54.15,85940570,0.0
2011-09-26,54.42,54.88,53.21,54.78,96260953,0.0
2011-09-27,55.7,56.2,54.98,55.35,81148484,0.0
2011-09-28,55.57,55.97,54.4,54.53,76757047,0.0
2011-09-29,55.36,55.43,52.97,53.88,116900094,0.0
2011-09-30,53.18,53.61,52.46,52.49,104957906,0.0
2011-10-03,52.04,52.85,51.11,51.14,99147914,0.0
2011-10-04,50.595,52.29,50.095,52.19,137011391,0.0
2011-10-05,52.07,53.6787,51.66,53.53,108825695,0.0
2011-10-06,53.47,54.44,53.21,54.43,71939102,0.0
2011-10-07,54.41,54.66,53.72,54.07,72525203,0.0
2011-10-10,54.98,55.94,54.89,55.94,48229047,0.0
2011-10-11,55.81,56.46,55.7,56.32,66449086,0.0
2011-10-12,56.87,57.23,56.56,56.6,85627555,0.0
2011-10-13,56.49,57.19,56.43,57.12,63443633,0.0
2011-10-14,57.84,58.19,57.51,58.18,65643500,0.0
2011-10-17,57.9,58.09,56.9716,57.28,65161281,0.0
2011-10-18,57.19,58.29,56.66,57.99,91434320,0.0
2011-10-19,57.71,57.85,56.68,56.87,67639312,0.0
2011-10-20,56.81,56.92,55.79,56.59,80378273,0.0
2011-10-21,57.17,57.66,56.78,57.3,60455688,0.0
2011-10-24,57.52,58.65,57.3105,58.49,61449359,0.0
2011-10-25,58.27,58.32,57.22,57.34,65299180,0.0
2011-10-26,57.65,57.78,56.2126,57.27,98193773,0.0
2011-10-27,58.64,59.2,58.03,58.85,104455398,0.0
2011-10-28,58.5,59.01,58.5,58.94,42949941,0.0
2011-10-31,58.41,58.64,57.91,57.95,60520129,0.0
2011-11-01,56.56,57.9064,56.12,56.44,99932828,0.0
2011-11-02,57.01,57.16,56.385,56.92,65178762,0.0
2011-11-03,57.36,58.175,56.71,58.1,78994195,0.0
2011-11-04,57.79,58.05,57.22,57.8,61527711,0.0
2011-11-07,57.75,58.25,57.17,58.21,65558602,0.0
2011-11-08,58.63,58.98,57.97,58.88,62906879,0.0
2011-11-09,57.72,57.83,56.63,56.81,69538734,0.0
2011-11-10,57.4,57.42,56.23,56.78,66052383,0.0
2011-11-11,57.28,58.02,57.2,57.85,54470953,0.0
2011-11-14,57.69,58.01,57.28,57.49,44617602,0.0
2011-11-15,57.34,58.36,57.26,58.13,52203871,0.0
2011-11-16,57.73,58.1574,57.06,57.17,68342578,0.0
2011-11-17,57.02,57.04,55.48,55.83,101706797,0.0
2011-11-18,55.85,55.9,55.3,55.4,60416980,0.0
2011-11-21,54.68,54.73,53.78,54.34,52289449,0.0
2011-11-22,54.2,54.68,53.87,54.52,51940090,0.0
2011-11-23,54.11,54.17,53.26,53.29,48467340,0.0
2011-11-25,53.09,53.67,52.87,52.88,25447859,0.0
2011-11-28,54.16,54.79,54.14,54.72,46710680,0.0
2011-11-29,54.65,55.1,54.22,54.38,52056609,0.0
2011-11-30,55.84,56.44,55.67,56.39,66918523,0.0
2011-12-01,56.37,56.925,56.35,56.78,45361473,0.0
2011-12-02,57.33,57.34,56.57,56.62,36938340,0.0
2011-12-05,57.49,57.62,56.915,57.24,40501887,0.0
2011-12-06,57.29,57.45,56.89,57.08,38669473,0.0
2011-12-07,56.9,57.34,56.35,57.08,44576160,0.0
2011-12-08,56.74,57.15,56.01,56.12,51692559,0.0
2011-12-09,56.26,57.19,56.24,57.02,55757848,0.0
2011-12-12,56.42,57.0087,55.9,56.38,55411688,0.0
2011-12-13,56.76,56.98,55.53,55.76,68557664,0.0
2011-12-14,55.52,55.59,54.58,54.89,63682711,0.0
2011-12-15,55.36,55.42,54.66,54.74,58732809,0.0
2011-12-16,54.88,55.61,54.77,54.86,60978711,0.0
2011-12-19,55.06,55.2,54.17,54.32,46733809,0.0
2011-12-20,55.2,56.0,55.17,55.93,81758758,0.0
2011-12-21,55.64,55.64,54.4875,55.13,78552008,0.0
2011-12-22,55.22,55.6261,55.17,55.6,40334031,0.0
2011-12-23,55.68,56.08,55.581,56.08,26594529,0.0
2011-12-27,56.01,56.42,55.93,56.24,21443439,0.0
2011-12-28,56.17,56.26,55.44,55.59,38189527,0.0
2011-12-29,55.68,56.03,55.5,55.99,28077811,0.0
2011-12-30,55.86,56.12,55.82,55.83,21832340,0.0
2012-01-03,56.91,57.19,56.75,56.9,39512871,0.0
2012-01-04,56.8,57.22,56.56,57.14,29403369,0.0
2012-01-05,57.02,57.66,56.8,57.61,41260527,0.0
2012-01-06,57.65,57.94,57.4,57.81,46325168,0.0
2012-01-09,57.95,57.98,57.431,57.62,39195461,0.0
2012-01-10,58.26,58.405,57.6398,58.04,35949859,0.0
2012-01-11,58.02,58.29,57.81,58.16,37144047,0.0
2012-01-12,58.29,58.47,57.86,58.39,26188211,0.0
2012-01-13,58.1,58.2,57.68,58.18,35985090,0.0
2012-01-17,58.71,58.96,58.49,58.71,41790754,0.0
2012-01-18,58.84,59.49,58.6822,59.49,48692633,0.0
2012-01-19,59.76,59.97,59.65,59.86,47774406,0.0
2012-01-20,59.61,59.8,59.56,59.77,41050566,0.0
2012-01-23,59.8,60.21,59.44,59.79,40964633,0.0
2012-01-24,59.54,59.84,59.41,59.68,38440199,0.0
2012-01-25,60.28,60.58,59.8335,60.43,61591781,0.0
2012-01-26,60.67,60.8,59.93,60.22,37852660,0.0
2012-01-27,60.09,60.51,60.06,60.4,45540391,0.0
2012-01-30,59.88,60.54,59.66,60.45,42797539,0.0
2012-01-31,60.75,60.86,60.14,60.53,51449602,0.0
2012-02-01,60.85,61.24,60.66,61.02,46146660,0.0
2012-02-02,61.2,61.41,60.97,61.21,46373512,0.0
2012-02-03,61.78,62.12,61.6799,62.05,36453762,0.0
2012-02-06,61.82,62.02,61.66,62.0,28541029,0.0
2012-02-07,61.95,62.25,61.67,62.13,37935699,0.0
2012-02-08,62.14,62.46,61.91,62.46,41171070,0.0
2012-02-09,62.67,62.98,62.32,62.91,46856289,0.0
2012-02-10,62.47,62.64,62.25,62.475,58093566,0.0
2012-02-13,62.93,63.13,62.65,63.05,36810180,0.0
2012-02-14,62.9,63.22,62.69,63.21,51685262,0.0
2012-02-15,63.52,63.86,62.67,62.77,105708898,0.0
2012-02-16,62.79,63.7,62.63,63.63,83642242,0.0
2012-02-17,63.64,63.69,63.15,63.43,76112281,0.0
2012-02-21,63.51,63.89,63.21,63.61,38141238,0.0
2012-02-22,63.49,63.68,63.23,63.32,43174688,0.0
2012-02-23,63.4,63.81,63.09,63.74,54249246,0.0
2012-02-24,63.92,64.07,63.8,63.96,41369711,0.0
2012-02-27,63.6,64.26,63.33,64.05,42678422,0.0
2012-02-28,64.1,64.7,64.03,64.7,43727289,0.0
2012-02-29,64.74,64.96,64.2,64.41,59784391,0.0
2012-03-01,64.66,64.98,64.46,64.92,67558805,0.0
2012-03-02,64.83,65.0784,64.66,64.87,33358160,0.0
2012-03-05,64.83,64.91,63.99,64.2,45788688,0.0
2012-03-06,63.59,63.72,63.23,63.57,54638578,0.0
2012-03-07,63.86,64.21,63.77,64.06,42741793,0.0
2012-03-08,64.42,64.94,64.3,64.75,43711008,0.0
2012-03-09,64.85,65.14,64.82,65.02,43117168,0.0
2012-03-12,64.97,65.11,64.72,65.05,32687289,0.0
2012-03-13,65.42,66.26,65.27,66.26,61558512,0.0
2012-03-14,66.31,66.74,66.08,66.49,59926887,0.0
2012-03-15,66.69,66.82,66.35,66.68,65531129,0.0
2012-03-16,66.65,66.67,66.36,66.52,53023031,0.0
2012-03-19,66.62,67.15,66.45,66.99,60966113,0.0
2012-03-20,66.66,67.185,66.46,67.11,47290551,0.0
2012-03-21,67.13,67.49,67.03,67.12,39648090,0.0
2012-03-22,66.71,67.14,66.68,66.98,56960473,0.0
2012-03-23,67.06,67.08,66.56,66.939,45547680,0.0
2012-03-26,67.37,68.11,67.33,68.11,40855238,0.0
2012-03-27,68.145,68.49,68.13,68.21,37278180,0.0
2012-03-28,68.25,68.51,67.54,67.938,44421859,0.0
2012-03-29,67.61,67.93,67.2,67.68,53975301,0.0
2012-03-30,67.99,68.02,67.28,67.55,39480219,0.0
2012-04-02,67.46,68.34,67.36,68.25,40031539,0.0
2012-04-03,68.31,68.55,67.85,68.23,45539660,0.0
2012-04-04,67.73,67.76,66.91,67.3,54087961,0.0
2012-04-05,67.19,67.78,67.13,67.72,42938461,0.0
2012-04-09,66.88,67.48,66.76,67.21,36908141,0.0
2012-04-10,67.19,67.44,65.92,66.13,69254195,0.0
2012-04-11,66.705,66.89,66.28,66.45,62949953,0.0
2012-04-12,66.58,67.28,66.4807,67.205,57407352,0.0
2012-04-13,66.96,67.2022,66.16,66.19,55227434,0.0
2012-04-16,66.53,66.56,65.24,65.45,57587273,0.0
2012-04-17,65.75,66.99,65.63,66.78,47362398,0.0
2012-04-18,66.59,67.0,66.41,66.61,42536008,0.0
2012-04-19,66.38,67.17,65.62,65.86,81110273,0.0
2012-04-20,66.22,66.51,65.58,65.68,59906832,0.0
2012-04-23,65.08,65.18,64.49,65.08,70514109,0.0
2012-04-24,64.97,65.23,64.45,64.73,49661434,0.0
2012-04-25,66.06,66.49,65.97,66.45,57526762,0.0
2012-04-26,66.42,66.99,66.35,66.84,41799488,0.0
2012-04-27,67.12,67.45,66.77,67.24,46012480,0.0
2012-04-30,67.02,67.17,66.71,66.76,37787621,0.0
2012-05-01,66.68,67.63,66.59,66.87,37643738,0.0
2012-05-02,66.5,67.11,66.38,67.06,38299219,0.0
2012-05-03,67.1,67.15,66.175,66.35,51307359,0.0
2012-05-04,65.75,66.3524,64.69,64.7,107553906,0.0
2012-05-07,64.31,65.07,64.29,64.76,50266727,0.0
2012-05-08,64.34,64.74,63.48,64.52,72659688,0.0
2012-05-09,63.77,64.68,63.51,64.321,85715266,0.0
2012-05-10,64.61,64.63,63.95,64.19,49448871,0.0
2012-05-11,63.94,64.86,63.91,64.18,47106688,0.0
2012-05-14,63.63,64.08,63.48,63.58,46359980,0.0
2012-05-15,63.79,64.27,63.26,63.37,66908430,0.0
2012-05-16,63.62,63.78,62.81,62.94,52825898,0.0
2012-05-17,62.94,63.06,61.6,61.61,62253441,0.0
2012-05-18,61.79,61.96,60.76,60.81,79496445,0.0
2012-05-21,60.92,62.57,60.85,62.51,61471320,0.0
2012-05-22,62.66,62.95,61.989,62.44,62954719,0.0
2012-05-23,61.93,62.71,61.37,62.56,56951070,0.0
2012-05-24,62.66,62.71,61.69,62.15,83129562,0.0
2012-05-25,62.21,62.3201,61.8899,62.07,32082830,0.0
2012-05-29,62.63,63.15,62.28,62.86,44221461,0.0
2012-05-30,62.29,62.55,61.6773,62.33,56431801,0.0
2012-05-31,62.25,62.41,61.59,62.06,55260020,0.0
2012-06-01,60.97,61.32,60.39,60.409,71430750,0.0
2012-06-04,60.57,60.96,60.04,60.87,74119320,0.0
2012-06-05,60.65,61.24,60.63,61.12,47916879,0.0
2012-06-06,61.6,62.57,61.52,62.52,58781191,0.0
2012-06-07,63.16,63.18,62.22,62.27,38414781,0.0
2012-06-08,62.16,62.95,61.96,62.87,39737102,0.0
2012-06-11,63.35,63.38,61.77,61.805,51008832,0.0
2012-06-12,62.09,62.59,61.68,62.56,48802602,0.0
2012-06-13,62.38,62.85,61.92,62.13,50841078,0.0
2012-06-14,62.14,62.61,61.8,62.36,65170500,0.0
2012-06-15,62.37,63.08,62.36,62.99,41536031,0.0
2012-06-18,62.75,63.74,62.63,63.58,32191109,0.0
2012-06-19,63.9,64.51,63.85,64.239,36476480,0.0
2012-06-20,64.36,64.57,63.81,64.29,51389680,0.0
2012-06-21,64.21,64.31,62.62,62.69,42492621,0.0
2012-06-22,62.88,63.43,62.731,63.35,29513100,0.0
2012-06-25,62.84,62.85,61.95,62.13,33136340,0.0
2012-06-26,62.33,62.7,62.0575,62.52,30610730,0.0
2012-06-27,62.76,63.18,62.6899,62.9,35705770,0.0
2012-06-28,62.42,62.47,61.54,62.2,49793379,0.0
2012-06-29,63.37,64.16,63.21,64.16,44765801,0.0
2012-07-02,64.23,64.38,63.87,64.35,33432711,0.0
2012-07-03,64.38,64.89,64.29,64.89,15895090,0.0
2012-07-05,64.78,65.25,64.48,64.93,37025559,0.0
2012-07-06,64.65,64.69,63.65,64.12,40684059,0.0
2012-07-09,64.03,64.26,63.68,64.0,35636980,0.0
2012-07-10,64.33,64.51,63.12,63.37,47365648,0.0
2012-07-11,63.29,63.46,62.5,63.02,43431953,0.0
2012-07-12,62.55,62.69,61.86,62.43,57680391,0.0
2012-07-13,62.56,63.52,62.56,63.38,32358949,0.0
2012-07-16,63.24,63.52,62.95,63.2,27623180,0.0
2012-07-17,63.58,63.74,62.63,63.53,42476969,0.0
2012-07-18,63.4,64.58,63.39,64.39,44489609,0.0
2012-07-19,64.84,65.31,64.72,65.1,53017699,0.0
2012-07-20,65.09,65.1,64.21,64.235,40572551,0.0
2012-07-23,63.0,63.68,62.51,63.46,48657621,0.0
2012-07-24,63.58,63.66,62.55,62.96,57269688,0.0
2012-07-25,62.49,62.95,62.15,62.54,46267398,0.0
2012-07-26,63.44,63.73,62.97,63.37,41934262,0.0
2012-07-27,63.83,64.99,63.64,64.87,42623488,0.0
2012-07-30,65.01,65.31,64.6,64.82,37821191,0.0
2012-07-31,64.91,65.18,64.74,64.8,34595379,0.0
2012-08-01,65.25,65.2799,64.35,64.61,30919779,0.0
2012-08-02,64.1,65.02,63.91,64.38,40544551,0.0
2012-08-03,65.38,65.88,65.19,65.6,42122941,0.0
2012-08-06,65.94,66.39,65.8,66.1,23529619,0.0
2012-08-07,66.38,66.92,66.28,66.65,28222359,0.0
2012-08-08,66.48,66.762,66.37,66.62,20723500,0.0
2012-08-09,66.62,66.91,66.49,66.82,20726180,0.0
2012-08-10,66.59,66.88,66.41,66.86,20320930,0.0
2012-08-13,66.84,67.03,66.5,67.02,19890260,0.0
2012-08-14,67.28,67.41,66.86,67.05,24218670,0.0
2012-08-15,67.0,67.3199,66.99,67.22,29110350,0.0
2012-08-16,67.47,68.17,67.39,68.02,35706441,0.0
2012-08-17,68.17,68.33,68.01,68.32,22584721,0.0
2012-08-20,68.27,68.43,68.0,68.42,26923939,0.0
2012-08-21,68.63,68.88,67.88,68.15,41390941,0.0
2012-08-22,67.99,68.5601,67.81,68.43,44555648,0.0
2012-08-23,68.14,68.34,67.6905,67.87,28802211,0.0
2012-08-24,67.72,68.45,67.6,68.29,38384754,0.0
2012-08-27,68.6,68.67,68.25,68.4,20671320,0.0
2012-08-28,68.34,68.585,68.11,68.4,27337850,0.0
2012-08-29,68.41,68.57,68.11,68.4,26674510,0.0
2012-08-30,68.11,68.13,67.6,67.71,24430939,0.0
2012-08-31,68.2,68.45,67.47,68.16,42127930,0.0
2012-09-04,68.03,68.35,67.42,68.09,32017180,0.0
2012-09-05,68.04,68.35,67.84,68.02,26133789,0.0
2012-09-06,68.42,69.55,68.42,69.53,43099512,0.0
2012-09-07,69.37,69.55,69.23,69.43,32966129,0.0
2012-09-10,69.26,69.4,68.49,68.54,25489971,0.0
2012-09-11,68.54,68.82,68.32,68.43,29810090,0.0
2012-09-12,68.68,68.81,68.21,68.632,42212160,0.0
2012-09-13,68.71,69.86,68.62,69.56,45417793,0.0
2012-09-14,69.84,70.43,69.79,70.18,38888047,0.0
2012-09-17,70.2,70.24,69.96,70.21,31798340,0.0
2012-09-18,70.04,70.3,70.02,70.27,27169770,0.0
2012-09-19,70.29,70.58,70.06,70.4,36484566,0.0
2012-09-20,70.07,70.4,69.87,70.33,42523441,0.0
2012-09-21,70.47,70.54,70.08,70.15,23681211,0.0
2012-09-24,69.56,69.86,69.42,69.735,32341551,0.0
2012-09-25,69.92,70.08,68.73,68.76,41308848,0.0
2012-09-26,68.67,68.71,67.85,68.2,32770371,0.0
2012-09-27,68.35,69.3,68.25,69.14,25334730,0.0
2012-09-28,68.92,69.12,68.51,68.57,30116100,0.0
2012-10-01,68.9,69.33,68.25,68.47,37715207,0.0
2012-10-02,68.79,68.98,68.13,68.67,33254270,0.0
2012-10-03,68.88,69.24,68.59,69.11,38235969,0.0
2012-10-04,69.24,69.54,69.0,69.35,26128539,0.0
2012-10-05,69.68,69.8,68.8,68.98,25207830,0.0
2012-10-08,68.58,68.72,68.19,68.35,30911410,0.0
2012-10-09,68.17,68.3395,67.1,67.2592,67973914,0.0
2012-10-10,67.25,67.43,66.8,66.92,45134289,0.0
2012-10-11,67.44,67.47,66.67,66.71,30476080,0.0
2012-10-12,66.73,67.06,66.55,66.68,24894930,0.0
2012-10-15,66.94,67.26,66.53,67.17,22220000,0.0
2012-10-16,67.29,68.2,67.25,68.12,33960301,0.0
2012-10-17,67.75,68.3,67.68,68.08,33439371,0.0
2012-10-18,67.87,68.08,67.04,67.29,61706320,0.0
2012-10-19,67.21,67.27,65.6,65.68,75362602,0.0
2012-10-22,65.62,66.19,65.5,66.02,38621406,0.0
2012-10-23,65.49,65.95,65.19,65.39,52598738,0.0
2012-10-24,65.76,65.87,65.06,65.164,39872379,0.0
2012-10-25,65.61,65.72,64.97,65.16,52688680,0.0
2012-10-26,65.18,65.623,64.65,65.35,54222199,0.0
2012-10-31,65.31,65.39,64.73,64.95,38524480,0.0
2012-11-01,65.32,66.0,65.17,65.8729,26944930,0.0
2012-11-02,66.21,66.21,65.11,65.17,44083000,0.0
2012-11-05,65.195,65.73,65.04,65.6,28104131,0.0
2012-11-06,65.71,66.17,65.46,65.72,29608311,0.0
2012-11-07,65.04,65.1,63.9,64.17,70737602,0.0
2012-11-08,64.33,64.495,63.16,63.16,58585719,0.0
2012-11-09,63.19,64.11,63.16,63.43,51549539,0.0
2012-11-12,63.79,63.87,63.25,63.42,32663660,0.0
2012-11-13,62.92,63.58,62.7801,62.98,43287633,0.0
2012-11-14,63.27,63.36,62.14,62.24,82655211,0.0
2012-11-15,62.29,62.49,61.8,62.0299,55124160,0.0
2012-11-16,62.08,62.48,61.31,62.3,70868031,0.0
2012-11-19,62.97,63.83,62.96,63.7806,55306379,0.0
2012-11-20,63.77,63.89,63.19,63.8,52012660,0.0
2012-11-21,63.83,64.02,63.6,63.93,19620061,0.0
2012-11-23,64.32,64.92,64.2501,64.9,16462830,0.0
2012-11-26,64.77,65.22,64.54,65.181,26430891,0.0
2012-11-27,65.16,65.4,64.85,64.96,25828580,0.0
2012-11-28,64.66,65.57,64.25,65.52,37295781,0.0
2012-11-29,65.82,66.135,65.58,65.91,41135809,0.0
2012-11-30,65.92,65.97,65.61,65.8,33502039,0.0
2012-12-03,66.32,66.37,65.64,65.67,28239971,0.0
2012-12-04,65.69,65.77,65.2,65.63,49671699,0.0
2012-12-05,65.53,65.54,64.55,64.9032,54076121,0.0
2012-12-06,64.71,65.4801,64.53,65.32,47519070,0.0
2012-12-07,65.65,65.71,64.71,64.93,30092670,0.0
2012-12-10,64.75,65.455,64.75,65.12,33219551,0.0
2012-12-11,65.58,66.34,65.515,65.97,40750801,0.0
2012-12-12,66.29,66.32,65.65,65.83,45917672,0.0
2012-12-13,65.71,66.16,65.03,65.3111,45467641,0.0
2012-12-14,64.9,65.08,64.47,64.69,39630246,0.0
2012-12-17,64.73,65.57,64.66,65.55,42302840,0.0
2012-12-18,65.85,66.65,65.7,66.5472,55596000,0.0
2012-12-19,66.72,66.76,66.22,66.2605,34832441,0.0
2012-12-20,66.38,66.41,65.93,66.26,40754273,0.0
2012-12-21,64.89,65.28,64.6,65.2,51144551,0.0
2012-12-24,65.06,65.14,64.92,65.07,11418230,0.0
2012-12-26,65.08,65.18,64.29,64.5,21760850,0.0
2012-12-27,64.56,64.64,63.6,64.4,52943141,0.0
2012-12-28,63.93,64.43,63.75,63.78,33082051,0.0
2012-12-31,63.68,65.2521,63.58,65.1301,57553102,0.0
2013-01-02,66.69,67.23,66.48,67.2,70695891,0.0
2013-01-03,67.2,67.34,66.65,66.8521,47366441,0.0
2013-01-04,66.87,66.88,66.47,66.63,33973328,0.0
2013-01-07,66.46,66.76,66.25,66.6504,26766189,0.0
2013-01-08,66.64,66.815,66.17,66.52,28743939,0.0
2013-01-09,66.62,66.95,66.55,66.77,25609170,0.0
2013-01-10,67.21,67.27,66.55,67.17,37534246,0.0
2013-01-11,67.14,67.29,67.0,67.26,21160471,0.0
2013-01-14,66.9,67.15,66.67,66.96,36777289,0.0
2013-01-15,66.63,66.729,66.3321,66.63,31675279,0.0
2013-01-16,66.75,67.13,66.6,66.9,33828121,0.0
2013-01-17,67.18,67.48,67.06,67.22,32030740,0.0
2013-01-18,67.01,67.14,66.77,67.07,31991949,0.0
2013-01-22,67.15,67.23,66.73,67.18,32123010,0.0
2013-01-23,67.56,67.79,67.46,67.59,31977410,0.0
2013-01-24,66.69,67.28,66.56,66.66,42603379,0.0
2013-01-25,66.89,67.19,66.74,67.0,39248727,0.0
2013-01-28,67.01,67.38,66.93,67.15,32933930,0.0
2013-01-29,67.06,67.31,66.63,67.16,35554609,0.0
2013-01-30,67.28,67.48,66.87,67.02,34444953,0.0
2013-01-31,66.99,67.35,66.81,66.87,34870434,0.0
2013-02-01,67.34,67.78,67.07,67.66,53124520,0.0
2013-02-04,67.25,67.4599,66.46,66.48,48483688,0.0
2013-02-05,66.76,67.67,66.61,67.46,35129980,0.0
2013-02-06,67.22,67.55,67.04,67.24,43595141,0.0
2013-02-07,67.33,67.371,66.56,67.3,46011199,0.0
2013-02-08,67.64,68.13,67.63,67.99,39845727,0.0
2013-02-11,68.02,68.06,67.78,68.01,17650350,0.0
2013-02-12,67.92,68.05,67.66,67.73,22061320,0.0
2013-02-13,67.93,68.23,67.765,67.97,23497141,0.0
2013-02-14,67.64,68.05,67.62,67.95,24482420,0.0
2013-02-15,67.95,68.11,67.56,67.75,25334051,0.0
2013-02-19,67.89,68.26,67.86,68.24,23433250,0.0
2013-02-20,68.24,68.25,67.18,67.19,38200238,0.0
2013-02-21,66.96,67.01,66.23,66.47,45855578,0.0
2013-02-22,66.84,67.15,66.59,67.139,21969529,0.0
2013-02-25,67.6,67.81,66.25,66.31,40927520,0.0
2013-02-26,66.42,66.68,65.96,66.56,42088738,0.0
2013-02-27,66.57,67.65,66.47,67.239,36339461,0.0
2013-02-28,67.24,67.74,67.09,67.1,28557150,0.0
2013-03-01,66.86,67.5,66.54,67.38,31617689,0.0
2013-03-04,67.19,67.69,67.07,67.68,19380449,0.0
2013-03-05,68.1,68.77,68.08,68.68,35589441,0.0
2013-03-06,68.89,68.908,68.42,68.51,29070971,0.0
2013-03-07,68.57,68.8,68.45,68.69,21775881,0.0
2013-03-08,68.93,69.02,68.5,68.77,26162119,0.0
2013-03-11,68.68,68.99,68.47,68.97,23194119,0.0
2013-03-12,68.79,68.9299,68.39,68.72,27579250,0.0
2013-03-13,68.8,68.89,68.39,68.63,34297273,0.0
2013-03-14,68.87,69.01,68.711,68.86,31537689,0.0
2013-03-15,68.75,68.79,68.34,68.51,30743670,0.0
2013-03-18,67.885,68.6367,67.73,68.36,36164488,0.0
2013-03-19,68.54,68.7,67.62,68.23,33134570,0.0
2013-03-20,68.74,68.86,68.39,68.709,28035340,0.0
2013-03-21,68.09,68.25,67.77,67.93,30050789,0.0
2013-03-22,68.21,68.64,68.13,68.59,28838420,0.0
2013-03-25,68.81,68.96,68.01,68.34,24909750,0.0
2013-03-26,68.6,68.73,68.45,68.71,19734750,0.0
2013-03-27,68.25,68.85,68.14,68.801,22539420,0.0
2013-03-28,68.81,69.06,68.64,68.97,23669801,0.0
2013-04-01,69.01,69.09,68.31,68.5,28118840,0.0
2013-04-02,68.81,69.27,68.77,69.04,29431881,0.0
2013-04-03,69.08,69.18,68.24,68.41,35131102,0.0
2013-04-04,68.41,68.6,68.06,68.43,32287369,0.0
2013-04-05,67.35,67.96,67.19,67.861,55613281,0.0
2013-04-08,67.88,68.24,67.69,68.22,17898520,0.0
2013-04-09,68.42,68.96,68.09,68.68,30931359,0.0
2013-04-10,68.89,70.17,68.88,70.015,55271262,0.0
2013-04-11,69.84,70.15,69.77,69.99,37238273,0.0
2013-04-12,69.85,69.99,69.41,69.94,32791328,0.0
2013-04-15,69.68,69.79,68.48,68.56,48795793,0.0
2013-04-16,68.99,69.55,68.81,69.47,27682570,0.0
2013-04-17,68.84,68.889,67.71,68.115,60204793,0.0
2013-04-18,68.33,68.33,66.88,67.169,56798121,0.0
2013-04-19,67.31,68.231,67.2,68.09,43066871,0.0
2013-04-22,68.33,69.04,68.08,68.79,34412090,0.0
2013-04-23,69.2,69.7,68.82,69.45,53078207,0.0
2013-04-24,69.26,69.67,69.12,69.42,44500633,0.0
2013-04-25,69.63,70.05,69.59,69.79,26437039,0.0
2013-04-26,69.62,69.77,69.27,69.57,24083910,0.0
2013-04-29,69.78,70.48,69.76,70.21,31663920,0.0
2013-04-30,70.29,70.73,70.04,70.72,30146330,0.0
2013-05-01,70.71,70.85,70.25,70.39,28539539,0.0
2013-05-02,70.51,71.43,70.45,71.28,31744160,0.0
2013-05-03,71.94,72.34,71.91,72.12,34061648,0.0
2013-05-06,72.25,72.51,72.19,72.4,19244279,0.0
2013-05-07,72.5,72.57,72.09,72.36,25838020,0.0
2013-05-08,72.31,72.77,72.2,72.71,24257980,0.0
2013-05-09,72.55,73.099,72.47,72.6065,29344430,0.0
2013-05-10,72.73,73.08,72.63,73.05,20663680,0.0
2013-05-13,72.93,73.32,72.86,73.14,29730020,0.0
2013-05-14,73.13,73.74,73.13,73.52,36017633,0.0
2013-05-15,73.38,73.74,73.2,73.67,27214311,0.0
2013-05-16,73.77,74.095,73.55,73.59,27253369,0.0
2013-05-17,73.95,74.33,73.7301,74.3,31117109,0.0
2013-05-20,74.09,74.425,73.89,74.19,25135779,0.0
2013-05-21,74.18,74.54,73.89,74.27,25899971,0.0
2013-05-22,74.36,74.95,73.24,73.619,59843168,0.0
2013-05-23,72.95,73.7,72.83,73.45,48229441,0.0
2013-05-24,72.96,73.43,72.76,73.41,26435961,0.0
2013-05-28,74.25,74.54,73.66,73.89,27065811,0.0
2013-05-29,73.59,73.8,73.12,73.54,32095600,0.0
2013-05-30,73.57,74.275,73.55,73.93,32390461,0.0
2013-05-31,73.65,74.21,73.17,73.25,38354680,0.0
2013-06-03,73.31,73.4,72.43,73.38,47613031,0.0
2013-06-04,73.52,73.82,72.7,73.0,35256039,0.0
2013-06-05,72.77,73.04,71.99,72.05,48654168,0.0
2013-06-06,72.15,72.41,71.47,72.4,62524008,0.0
2013-06-07,72.73,73.47,72.52,73.39,31971150,0.0
2013-06-10,73.55,73.76,73.26,73.42,25393170,0.0
2013-06-11,72.67,73.34,72.44,72.69,40281422,0.0
2013-06-12,73.12,73.14,71.74,71.85,42081832,0.0
2013-06-13,71.76,72.92,71.55,72.76,28230369,0.0
2013-06-14,72.76,72.84,72.171,72.28,27697010,0.0
2013-06-17,72.88,73.4,72.6,72.98,32443500,0.0
2013-06-18,73.07,73.72,73.06,73.58,24861270,0.0
2013-06-19,73.57,73.68,72.68,72.76,43145078,0.0
2013-06-20,71.92,72.16,70.79,71.025,60908391,0.0
2013-06-21,70.78,70.97,69.84,70.43,51565551,0.0
2013-06-24,69.84,70.27,69.15,69.73,41492207,0.0
2013-06-25,70.41,70.52,69.81,70.24,28897391,0.0
2013-06-26,70.82,71.0,70.59,70.87,23746660,0.0
2013-06-27,71.22,71.62,71.13,71.17,23546420,0.0
2013-06-28,70.92,71.69,70.79,71.27,28301070,0.0
2013-07-01,71.76,72.3,71.64,71.71,24951289,0.0
2013-07-02,71.68,72.1796,71.35,71.74,23069570,0.0
2013-07-03,71.48,72.37,71.42,72.031,18847420,0.0
2013-07-05,72.45,72.61,71.86,72.58,28795990,0.0
2013-07-08,72.94,72.99,72.38,72.65,20563730,0.0
2013-07-09,72.98,73.25,72.65,73.09,26115189,0.0
2013-07-10,73.0,73.62,72.98,73.51,25598891,0.0
2013-07-11,74.29,75.03,74.25,74.97,47777680,0.0
2013-07-12,75.02,75.35,74.82,75.3,31417850,0.0
2013-07-15,75.36,75.52,75.17,75.47,19790971,0.0
2013-07-16,75.54,75.59,75.18,75.37,31747090,0.0
2013-07-17,75.6,75.74,75.35,75.56,24631500,0.0
2013-07-18,75.54,75.74,75.25,75.37,36278801,0.0
2013-07-19,74.72,74.74,74.37,74.59,37734059,0.0
2013-07-22,74.87,74.98,74.58,74.81,21135859,0.0
2013-07-23,74.95,74.96,74.2,74.26,24748779,0.0
2013-07-24,74.99,75.02,74.33,74.5,24426811,0.0
2013-07-25,74.89,75.06,74.46,74.97,23167340,0.0
2013-07-26,74.67,75.38,74.55,75.37,20885520,0.0
2013-07-29,75.22,75.54,75.0299,75.23,20970311,0.0
2013-07-30,75.5,75.95,75.35,75.63,24104510,0.0
2013-07-31,75.77,76.2099,75.63,75.77,25007600,0.0
2013-08-01,76.3,76.65,76.21,76.54,16879930,0.0
2013-08-02,76.56,76.99,76.3801,76.97,18105230,0.0
2013-08-05,76.89,77.08,76.78,77.02,15462780,0.0
2013-08-06,76.92,76.99,76.25,76.56,23680561,0.0
2013-08-07,76.36,76.568,75.87,76.42,20281131,0.0
2013-08-08,76.84,76.98,76.3,76.8,19993949,0.0
2013-08-09,76.7,76.94,76.27,76.49,18569820,0.0
2013-08-12,76.2,76.8099,76.19,76.67,20515859,0.0
2013-08-13,76.77,77.27,76.22,77.1,23916971,0.0
2013-08-14,77.07,77.18,76.7,76.81,29920961,0.0
2013-08-15,75.98,75.99,75.29,75.51,39406559,0.0
2013-08-16,75.54,75.87,75.35,75.485,23824930,0.0
2013-08-19,75.5,76.13,75.33,75.35,29586811,0.0
2013-08-20,75.49,76.03,75.43,75.68,18842750,0.0
2013-08-21,75.46,76.09,75.14,75.42,30705090,0.0
2013-08-22,75.73,76.21,75.71,76.16,17269461,0.0
2013-08-23,76.73,76.77,76.4,76.67,20697260,0.0
2013-08-26,76.72,77.28,76.55,76.71,27525410,0.0
2013-08-27,75.82,76.18,74.96,75.14,40068871,0.0
2013-08-28,75.08,75.75,75.05,75.43,20490381,0.0
2013-08-29,75.4,76.34,75.3,75.96,27287900,0.0
2013-08-30,76.04,76.04,75.2,75.47,26228461,0.0
2013-09-03,76.1,76.44,75.54,75.9,27241430,0.0
2013-09-04,76.14,76.84,75.93,76.71,27142881,0.0
2013-09-05,76.75,77.055,76.73,76.84,17815369,0.0
2013-09-06,77.09,77.34,76.05,76.93,27724539,0.0
2013-09-09,77.23,77.96,77.23,77.83,25161869,0.0
2013-09-10,78.27,78.32,77.92,78.21,27619369,0.0
2013-09-11,77.69,78.11,77.59,78.06,28138590,0.0
2013-09-12,78.06,78.25,77.85,78.01,18332689,0.0
2013-09-13,78.11,78.145,77.64,78.06,16932449,0.0
2013-09-16,78.69,78.72,77.67,77.85,25909891,0.0
2013-09-17,77.99,78.47,77.98,78.37,27182211,0.0
2013-09-18,78.49,79.47,78.33,79.31,31714660,0.0
2013-09-19,79.54,79.685,79.36,79.5,26435609,0.0
2013-09-20,79.47,79.54,78.95,78.985,26328830,0.0
2013-09-23,79.34,79.41,78.455,78.83,30319400,0.0
2013-09-24,79.0,79.25,78.57,78.83,21875699,0.0
2013-09-25,78.88,79.0,78.4,78.56,22746400,0.0
2013-09-26,78.87,79.36,78.85,79.17,22421660,0.0
2013-09-27,78.74,79.21,78.59,79.07,25151520,0.0
2013-09-30,78.27,79.09,78.0,78.88,28031859,0.0
2013-10-01,78.87,79.72,78.8456,79.68,33129750,0.0
2013-10-02,79.13,79.76,79.06,79.65,25503750,0.0
2013-10-03,79.55,79.72,78.3,78.72,42998199,0.0
2013-10-04,78.72,79.51,78.65,79.4,22854270,0.0
2013-10-07,78.72,79.35,78.67,78.74,20234680,0.0
2013-10-08,78.76,78.81,77.19,77.22,43660688,0.0
2013-10-09,77.4,77.44,76.35,76.98,64526688,0.0
2013-10-10,77.8,78.79,77.79,78.61,48062719,0.0
2013-10-11,78.41,79.29,78.4,79.23,25214119,0.0
2013-10-14,78.74,79.79,78.68,79.79,31471881,0.0
2013-10-15,79.73,80.11,79.38,79.48,38683992,0.0
2013-10-16,79.83,80.42,79.79,80.38,46735859,0.0
2013-10-17,80.0,80.87,79.95,80.84,32193529,0.0
2013-10-18,81.56,82.18,81.35,82.15,39628219,0.0
2013-10-21,82.31,82.54,82.07,82.33,31176939,0.0
2013-10-22,82.62,82.9,81.93,82.45,43944820,0.0
2013-10-23,82.04,82.2,81.55,81.95,38021281,0.0
2013-10-24,81.99,82.48,81.88,82.31,23155090,0.0
2013-10-25,83.1,83.28,82.5,82.9,35832379,0.0
2013-10-28,82.9,83.05,82.55,82.92,28618381,0.0
2013-10-29,83.16,83.26,82.7,83.06,36878059,0.0
2013-10-30,83.36,83.485,82.58,82.98,33535469,0.0
2013-10-31,82.77,83.3,82.48,82.79,31309910,0.0
2013-11-01,83.04,83.169,82.4,82.81,30873160,0.0
2013-11-04,83.05,83.07,82.64,82.93,16843631,0.0
2013-11-05,82.59,83.22,82.37,83.02,27975600,0.0
2013-11-06,83.35,83.4,82.73,83.0,25576811,0.0
2013-11-07,82.99,83.13,81.37,81.44,52173219,0.0
2013-11-08,81.73,82.56,81.51,82.54,31480520,0.0
2013-11-11,82.39,82.64,82.14,82.41,24822949,0.0
2013-11-12,82.16,82.66,82.1199,82.54,20108529,0.0
2013-11-13,82.01,83.55,82.0,83.54,31345891,0.0
2013-11-14,83.29,83.86,83.14,83.8,31101160,0.0
2013-11-15,83.83,83.96,83.61,83.96,20515760,0.0
2013-11-18,83.94,84.105,82.98,83.14,31679609,0.0
2013-11-19,83.09,83.49,82.76,82.9,25545289,0.0
2013-11-20,83.14,83.4301,82.455,82.7,32177420,0.0
2013-11-21,83.03,83.61,82.98,83.54,28125029,0.0
2013-11-22,83.69,84.02,83.62,83.99,25361270,0.0
2013-11-25,84.29,84.38,83.98,84.19,21699980,0.0
2013-11-26,84.22,84.84,84.025,84.63,26629289,0.0
2013-11-27,84.79,85.24,84.73,85.22,21638070,0.0
2013-11-29,85.54,85.84,85.4737,85.73,16708900,0.0
2013-12-02,85.83,85.96,85.35,85.48,26354619,0.0
2013-12-03,85.42,85.64,85.08,85.41,37154262,0.0
2013-12-04,85.06,85.77,84.78,85.49,37193219,0.0
2013-12-05,85.57,85.66,85.17,85.38,39829340,0.0
2013-12-06,86.105,86.18,85.59,86.0,36842887,0.0
2013-12-09,86.35,86.53,86.2,86.35,22599900,0.0
2013-12-10,86.19,86.45,86.12,86.29,26965930,0.0
2013-12-11,86.27,86.401,85.06,85.18,36830566,0.0
2013-12-12,85.24,85.4201,84.9,84.96,33662602,0.0
2013-12-13,85.36,85.4,84.709,84.85,34075422,0.0
2013-12-16,85.27,85.81,85.21,85.32,24908320,0.0
2013-12-17,85.32,85.53,84.99,85.15,24454891,0.0
2013-12-18,85.22,86.22,84.05,86.14,68387242,0.0
2013-12-19,85.99,86.01,85.52,85.9,46489559,0.0
2013-12-20,85.75,86.68,85.73,86.5,40475441,0.0
2013-12-23,87.19,87.41,86.95,87.41,28181760,0.0
2013-12-24,87.43,87.51,87.27,87.45,13852480,0.0
2013-12-26,87.6,87.81,87.44,87.74,15241100,0.0
2013-12-27,87.83,87.9,87.412,87.52,15831960,0.0
2013-12-30,87.4,87.51,87.14,87.39,18985619,0.0
2013-12-31,87.54,87.96,87.52,87.96,24896070,0.0
2014-01-02,87.55,87.58,87.02,87.27,29190010,0.0
2014-01-03,87.27,87.35,86.62,86.64,35727320,0.0
2014-01-06,86.65,86.76,86.0,86.32,32092439,0.0
2014-01-07,86.7,87.25,86.56,87.12,25913230,0.0
2014-01-08,87.11,87.55,86.945,87.31,27209990,0.0
2014-01-09,87.62,87.64,86.72,87.02,23695689,0.0
2014-01-10,87.24,87.4,86.58,87.3,38012070,0.0
2014-01-13,87.18,87.48,85.675,86.01,48855230,0.0
2014-01-14,86.3,87.72,86.3,87.65,37194078,0.0
2014-01-15,88.0,88.54,87.94,88.37,39859711,0.0
2014-01-16,88.28,88.51,88.16,88.38,34260219,0.0
2014-01-17,88.12,88.3701,87.67,87.88,36908238,0.0
2014-01-21,88.43,88.59,87.81,88.55,26432340,0.0
2014-01-22,88.75,89.0,88.52,88.78,29425430,0.0
2014-01-23,88.5,88.52,87.86,88.48,35077434,0.0
2014-01-24,88.06,88.18,86.71,86.74,64334898,0.0
2014-01-27,86.77,86.89,85.25,85.9,63676480,0.0
2014-01-28,85.42,85.94,85.31,85.85,44439551,0.0
2014-01-29,85.1,85.74,84.76,84.93,52064566,0.0
2014-01-30,85.99,86.8,85.88,86.5,66863617,0.0
2014-01-31,85.54,86.68,85.45,86.27,45196922,0.0
2014-02-03,86.14,86.5,84.07,84.29,65617211,0.0
2014-02-04,84.7,85.25,84.46,84.91,37801219,0.0
2014-02-05,84.64,84.9901,83.74,84.69,41969199,0.0
2014-02-06,84.94,85.88,84.92,85.77,32338051,0.0
2014-02-07,86.27,87.359,86.0,87.3,38467238,0.0
2014-02-10,87.23,87.84,87.21,87.8,30225160,0.0
2014-02-11,87.94,88.97,87.89,88.8,38682039,0.0
2014-02-12,88.97,89.1695,88.7,88.97,32533010,0.0
2014-02-13,88.31,89.7,88.3,89.63,40492840,0.0
2014-02-14,89.56,90.01,89.33,89.81,34086391,0.0
2014-02-18,89.93,90.4172,89.74,90.25,29614391,0.0
2014-02-19,90.07,90.285,89.45,89.63,41775273,0.0
2014-02-20,89.7,90.22,89.31,90.05,41833207,0.0
2014-02-21,90.33,90.465,89.82,89.93,31221750,0.0
2014-02-24,90.1,90.82,90.04,90.41,31517520,0.0
2014-02-25,90.52,90.72,90.02,90.31,27464711,0.0
2014-02-26,90.57,90.84,89.87,90.23,42968328,0.0
2014-02-27,89.87,90.53,89.73,90.44,28750311,0.0
2014-02-28,90.41,90.96,89.54,90.34,48623160,0.0
2014-03-03,89.48,89.91,88.87,89.67,38946848,0.0
2014-03-04,90.63,90.98,90.56,90.81,33213910,0.0
2014-03-05,90.97,91.22,90.77,91.06,27220600,0.0
2014-03-06,91.25,91.335,90.65,90.98,24086221,0.0
2014-03-07,91.27,91.36,90.071,90.53,31174840,0.0
2014-03-10,90.48,90.655,90.03,90.61,18138199,0.0
2014-03-11,90.83,91.055,89.95,90.22,27505051,0.0
2014-03-12,89.82,90.61,89.48,90.56,27997221,0.0
2014-03-13,90.9,90.93,88.87,89.28,48541953,0.0
2014-03-14,88.99,89.38,88.63,88.67,38738770,0.0
2014-03-17,89.24,89.91,89.19,89.45,28476801,0.0
2014-03-18,89.55,90.64,89.53,90.53,31250240,0.0
2014-03-19,90.56,90.66,89.45,90.04,40869367,0.0
2014-03-20,89.78,90.56,89.58,90.29,31634539,0.0
2014-03-21,90.61,90.65,88.825,89.0,62812719,0.0
2014-03-24,89.32,89.39,87.41,88.22,77735312,0.0
2014-03-25,88.69,89.25,87.7701,88.51,41723340,0.0
2014-03-26,88.96,89.15,87.36,87.37,40930441,0.0
2014-03-27,87.27,87.64,86.4,86.879,64784488,0.0
2014-03-28,87.15,88.01,86.81,87.05,39895070,0.0
2014-03-31,87.73,88.26,87.62,87.67,33924301,0.0
2014-04-01,88.1,89.27,87.7106,89.21,38683840,0.0
2014-04-02,89.59,89.68,89.035,89.44,34631621,0.0
2014-04-03,89.55,89.679,88.22,88.73,30319070,0.0
2014-04-04,89.29,89.41,86.14,86.37,131213203,0.0
2014-04-07,85.84,86.63,84.951,85.55,83995766,0.0
2014-04-08,85.65,86.46,85.35,86.34,51495648,0.0
2014-04-09,86.67,87.87,86.43,87.82,45685230,0.0
2014-04-10,87.87,87.88,84.86,85.1,73659617,0.0
2014-04-11,84.34,85.44,83.91,84.11,93657430,0.0
2014-04-14,84.85,85.22,83.99,84.77,46500754,0.0
2014-04-15,85.06,85.54,83.28,85.0501,84631523,0.0
2014-04-16,85.83,86.18,85.091,86.18,46970898,0.0
2014-04-17,85.89,86.63,85.63,86.2,53719449,0.0
2014-04-21,86.41,86.84,86.0,86.84,25947920,0.0
2014-04-22,87.1,87.745,86.9898,87.53,38593406,0.0
2014-04-23,87.55,87.56,86.71,86.76,34376727,0.0
2014-04-24,88.2,88.21,86.65,87.59,48926262,0.0
2014-04-25,87.08,87.17,85.98,86.19,44341594,0.0
2014-04-28,86.58,87.11,85.11,86.47,58623801,0.0
2014-04-29,86.75,87.32,86.31,87.16,36742660,0.0
2014-04-30,86.79,87.48,86.54,87.39,38689406,0.0
2014-05-01,87.53,88.15,87.31,87.65,37127219,0.0
2014-05-02,87.94,88.11,87.28,87.49,40074152,0.0
2014-05-05,86.98,87.97,86.76,87.95,27924381,0.0
2014-05-06,87.83,87.86,86.77,86.81,33698551,0.0
2014-05-07,87.0,87.08,85.53,86.56,67489133,0.0
2014-05-08,86.26,87.53,86.05,86.48,46556871,0.0
2014-05-09,86.41,86.86,85.85,86.8,35081527,0.0
2014-05-12,87.31,88.26,87.24,88.23,38951059,0.0
2014-05-13,88.32,88.61,88.12,88.29,30311859,0.0
2014-05-14,88.03,88.35,87.62,87.83,26483570,0.0
2014-05-15,87.81,87.96,86.58,87.135,59680281,0.0
2014-05-16,87.24,87.76,86.64,87.71,66807320,0.0
2014-05-19,87.47,88.46,87.3,88.32,32017039,0.0
2014-05-20,88.28,88.6,87.64,88.0,33715953,0.0
2014-05-21,88.16,88.89,88.11,88.84,36837680,0.0
2014-05-22,88.94,89.48,88.8,89.23,30617090,0.0
2014-05-23,89.33,89.9,89.12,89.88,22691250,0.0
2014-05-27,90.28,91.02,90.2,91.001,29725230,0.0
2014-05-28,90.97,91.1,90.645,90.72,30478070,0.0
2014-05-29,91.05,91.31,90.86,91.3,33036102,0.0
2014-05-30,91.33,91.45,90.83,91.31,29916900,0.0
2014-06-02,91.43,91.44,90.64,91.22,30415410,0.0
2014-06-03,90.91,91.33,90.8,91.18,21783689,0.0
2014-06-04,90.96,91.67,90.81,91.52,20128260,0.0
2014-06-05,91.61,92.46,91.29,92.29,35583059,0.0
2014-06-06,92.66,92.82,92.45,92.82,22680641,0.0
2014-06-09,92.85,92.98,92.495,92.75,23402471,0.0
2014-06-10,92.67,92.96,92.56,92.91,20635289,0.0
2014-06-11,92.59,93.02,92.5,92.89,22884330,0.0
2014-06-12,92.69,92.79,91.73,92.05,35275848,0.0
2014-06-13,92.47,92.55,91.92,92.32,39450000,0.0
2014-06-16,92.16,92.67,91.96,92.4,25218561,0.0
2014-06-17,92.34,92.7,92.18,92.45,19984789,0.0
2014-06-18,92.55,93.1,91.98,92.97,34514008,0.0
2014-06-19,93.1,93.17,92.49,92.91,38427398,0.0
2014-06-20,92.7,92.87,92.53,92.77,25897490,0.0
2014-06-23,92.735,92.82,92.51,92.79,20837930,0.0
2014-06-24,92.79,93.57,92.43,92.7,31945760,0.0
2014-06-25,92.49,93.45,92.48,93.29,32818590,0.0
2014-06-26,93.35,93.36,92.62,93.34,22572170,0.0
2014-06-27,93.21,93.765,93.19,93.75,22881510,0.0
2014-06-30,93.71,94.14,93.67,93.91,19764920,0.0
2014-07-01,94.21,95.19,94.2,94.94,31862490,0.0
2014-07-02,94.98,95.24,94.91,95.1,18784391,0.0
2014-07-03,95.41,95.7,95.15,95.7,15291700,0.0
2014-07-07,95.59,95.71,95.23,95.41,23266430,0.0
2014-07-08,95.24,95.3,93.87,94.26,40612449,0.0
2014-07-09,94.51,95.065,94.24,94.96,29928320,0.0
2014-07-10,93.78,95.05,93.63,94.66,44250020,0.0
2014-07-11,94.87,95.27,94.61,95.27,19570391,0.0
2014-07-14,95.7,96.055,95.535,95.84,19579039,0.0
2014-07-15,95.98,96.13,94.83,95.51,39480121,0.0
2014-07-16,96.19,96.3,95.785,95.89,22062000,0.0
2014-07-17,95.63,95.97,94.32,94.619,43111512,0.0
2014-07-18,95.14,96.17,95.0,96.12,36690832,0.0
2014-07-21,95.92,96.16,95.55,96.0,29754811,0.0
2014-07-22,96.44,96.76,96.345,96.61,25770400,0.0
2014-07-23,96.94,97.34,96.77,97.227,28947461,0.0
2014-07-24,97.4,97.51,96.98,97.12,24707180,0.0
2014-07-25,96.65,96.87,96.23,96.74,29903631,0.0
2014-07-28,96.8,97.02,96.02,96.77,25603359,0.0
2014-07-29,96.97,97.2,96.52,96.6,27022230,0.0
2014-07-30,97.13,97.32,96.6,96.98,35348520,0.0
2014-07-31,96.2,96.34,94.88,95.02,50047930,0.0
2014-08-01,94.83,95.34,94.04,94.67,60707992,0.0
2014-08-04,94.9,95.69,94.52,95.32,33230539,0.0
2014-08-05,94.94,95.21,94.15,94.59,50331070,0.0
2014-08-06,93.99,95.11,93.92,94.52,34431910,0.0
2014-08-07,94.95,95.139,93.885,94.22,33274672,0.0
2014-08-08,94.38,95.01,93.97,94.9,40238379,0.0
2014-08-11,95.25,95.76,95.2,95.46,28283279,0.0
2014-08-12,95.38,95.67,94.93,95.42,28158721,0.0
2014-08-13,95.81,96.47,95.76,96.43,27996490,0.0
2014-08-14,96.54,96.95,96.43,96.93,25006600,0.0
2014-08-15,97.46,97.63,96.48,97.4,55205488,0.0
2014-08-18,97.89,98.24,97.77,98.15,38938352,0.0
2014-08-19,98.38,98.76,98.32,98.7,21363391,0.0
2014-08-20,98.61,98.9,98.53,98.7,23435600,0.0
2014-08-21,98.76,98.95,98.6,98.9,19339480,0.0
2014-08-22,98.94,99.25,98.72,99.05,24699449,0.0
2014-08-25,99.52,99.68,99.16,99.4,24124721,0.0
2014-08-26,99.53,99.61,99.27,99.5,20100350,0.0
2014-08-27,99.53,99.64,99.31,99.52,15595930,0.0
2014-08-28,99.2,99.53,99.08,99.41,23563850,0.0
2014-08-29,99.65,99.9141,99.2701,99.78,17912340,0.0
2014-09-02,100.04,100.1,99.6601,100.07,18331920,0.0
2014-09-03,100.32,100.34,99.3,99.48,25950660,0.0
2014-09-04,99.73,100.22,99.14,99.39,24663510,0.0
2014-09-05,99.58,99.95,99.03,99.89,30805770,0.0
2014-09-08,99.89,100.33,99.62,100.08,25581199,0.0
2014-09-09,100.06,100.46,99.0645,99.25,36449191,0.0
2014-09-10,99.38,100.11,99.1,100.07,31080119,0.0
2014-09-11,99.65,100.04,99.24,99.99,28761939,0.0
2014-09-12,99.9,99.93,99.17,99.48,30538400,0.0
2014-09-15,99.59,99.6,98.215,98.52,32972160,0.0
2014-09-16,98.16,99.57,98.05,99.38,38166922,0.0
2014-09-17,99.37,100.0,98.93,99.53,37206379,0.0
2014-09-18,99.83,100.29,99.73,100.28,30196721,0.0
2014-09-19,100.46,100.5646,99.58,99.98,46923047,0.0
2014-09-22,99.74,99.75,98.62,99.05,48658047,0.0
2014-09-23,98.67,99.22,98.58,98.78,33989578,0.0
2014-09-24,98.87,99.8868,98.54,99.84,35958953,0.0
2014-09-25,99.53,99.65,97.7,97.74,68642555,0.0
2014-09-26,98.05,98.96,97.89,98.78,56109113,0.0
2014-09-29,97.8,98.92,97.75,98.65,33342672,0.0
2014-09-30,98.92,99.3,98.32,98.79,41834320,0.0
2014-10-01,98.54,98.61,96.9,97.21,58164859,0.0
2014-10-02,97.19,97.51,95.97,97.21,54501352,0.0
2014-10-03,97.76,98.57,97.44,98.17,41627770,0.0
2014-10-06,98.47,98.72,97.6587,97.96,36038688,0.0
2014-10-07,97.485,97.7799,96.56,96.57,45153969,0.0
2014-10-08,96.66,98.76,96.06,98.45,64931641,0.0
2014-10-09,98.33,98.57,96.71,96.86,62497090,0.0
2014-10-10,96.29,96.83,94.42,94.44,77579430,0.0
2014-10-13,94.29,94.99,92.88,92.96,80835922,0.0
2014-10-14,93.6,94.1699,92.71,92.97,71814461,0.0
2014-10-15,91.55,92.76,90.24,92.37,108847797,0.0
2014-10-16,90.43,92.58,90.39,91.79,93165773,0.0
2014-10-17,92.99,93.89,92.46,93.0,69546719,0.0
2014-10-20,92.96,94.47,92.8,94.39,41479246,0.0
2014-10-21,95.54,96.87,95.32,96.87,53609762,0.0
2014-10-22,97.16,97.3,96.305,96.37,39178047,0.0
2014-10-23,97.32,98.36,97.17,97.82,48123781,0.0
2014-10-24,97.965,98.69,97.64,98.62,43161719,0.0
2014-10-27,98.4,98.87,98.02,98.69,29545670,0.0
2014-10-28,99.1,100.2,99.08,100.18,34495078,0.0
2014-10-29,99.84,100.12,99.1,99.81,40552801,0.0
2014-10-30,99.37,100.26,99.14,100.02,35935793,0.0
2014-10-31,101.67,101.75,101.07,101.4,54254141,0.0
2014-11-03,101.53,101.9701,101.43,101.7,33480949,0.0
2014-11-04,101.36,101.6244,100.67,101.36,22773301,0.0
2014-11-05,102.01,102.03,101.015,101.37,25818600,0.0
2014-11-06,101.32,101.72,100.921,101.69,24671900,0.0
2014-11-07,101.87,101.91,101.07,101.6,20931730,0.0
2014-11-10,101.65,102.09,101.38,101.96,20360010,0.0
2014-11-11,101.98,102.28,101.7,102.28,15454010,0.0
2014-11-12,101.87,102.57,101.87,102.46,22050320,0.0
2014-11-13,102.65,103.28,102.42,102.9,28027779,0.0
2014-11-14,102.87,103.22,102.53,103.22,19251350,0.0
2014-11-17,102.98,103.21,102.42,102.91,23361631,0.0
2014-11-18,103.0,103.82,102.991,103.68,26336811,0.0
2014-11-19,103.57,103.57,102.73,103.21,23760240,0.0
2014-11-20,102.77,103.76,102.69,103.67,22874020,0.0
2014-11-21,104.59,104.69,103.54,103.87,34049129,0.0
2014-11-24,104.15,104.73,104.06,104.68,17928289,0.0
2014-11-25,104.84,105.15,104.57,104.84,17525990,0.0
2014-11-26,104.94,105.58,104.834,105.52,18973801,0.0
2014-11-28,105.795,106.245,105.73,106.01,17360420,0.0
2014-12-01,105.72,105.9199,104.42,104.81,35969488,0.0
2014-12-02,104.92,105.4168,104.7,105.23,26031289,0.0
2014-12-03,105.39,105.565,104.7626,105.42,32974320,0.0
2014-12-04,105.32,105.78,104.93,105.37,31008789,0.0
2014-12-05,105.54,105.7,105.145,105.38,25622240,0.0
2014-12-08,105.11,105.57,104.075,104.63,32685760,0.0
2014-12-09,103.41,105.04,103.0401,104.96,46035141,0.0
2014-12-10,104.77,105.03,103.12,103.31,39330121,0.0
2014-12-11,103.61,105.04,103.59,103.8,47576020,0.0
2014-12-12,102.81,103.99,102.66,102.67,46889391,0.0
2014-12-15,103.2,103.58,101.315,101.61,52968449,0.0
2014-12-16,100.97,102.47,99.96,99.98,65348633,0.0
2014-12-17,100.05,102.09,99.92,101.8,79715320,0.0
2014-12-18,103.26,104.26,102.98,104.25,49840941,0.0
2014-12-19,103.97,104.74,103.71,104.32,51419910,0.0
2014-12-22,104.15,104.61,104.0999,104.58,33869168,0.0
2014-12-23,104.96,104.97,104.09,104.21,30156930,0.0
2014-12-24,104.34,104.7,104.2699,104.3,14291330,0.0
2014-12-26,104.6,105.26,104.57,105.04,13924330,0.0
2014-12-29,104.94,105.25,104.875,105.02,17073770,0.0
2014-12-30,104.72,104.96,104.175,104.32,18603990,0.0
2014-12-31,104.5,104.91,103.1,103.25,24367119,0.0
2015-01-02,103.76,104.2,102.44,102.94,31314600,0.0
2015-01-05,102.49,102.61,101.14,101.43,36521273,0.0
2015-01-06,101.58,101.75,99.62,100.07,66205445,0.0
2015-01-07,100.73,101.6,100.485,101.36,37577359,0.0
2015-01-08,102.22,103.5,102.111,103.3,40212641,0.0
2015-01-09,103.62,103.65,102.02,102.62,41410070,0.0
2015-01-12,102.82,102.93,101.285,101.55,34129754,0.0
2015-01-13,102.54,103.62,100.7,101.52,56162328,0.0
2015-01-14,100.5,101.4829,100.07,100.96,51354219,0.0
2015-01-15,101.43,101.59,99.525,99.65,51005422,0.0
2015-01-16,99.52,100.95,99.36,100.82,35362207,0.0
2015-01-20,101.43,101.88,100.29,101.62,30964061,0.0
2015-01-21,101.32,102.619,100.9648,102.14,40128770,0.0
2015-01-22,102.54,104.14,101.64,104.03,40887168,0.0
2015-01-23,104.02,104.58,103.72,104.26,34782992,0.0
2015-01-26,104.14,104.33,103.61,104.14,19960869,0.0
2015-01-27,102.5,102.56,101.1,101.44,45253207,0.0
2015-01-28,103.07,103.18,100.9,100.92,43591680,0.0
2015-01-29,100.84,102.0779,99.96,101.89,46539727,0.0
2015-01-30,101.8,102.58,100.96,101.1,42927641,0.0
2015-02-02,101.33,102.07,99.75,101.98,43624648,0.0
2015-02-03,102.35,103.03,101.68,102.96,30750359,0.0
2015-02-04,102.54,103.55,102.31,102.87,34073207,0.0
2015-02-05,103.13,103.83,102.87,103.76,23605520,0.0
2015-02-06,103.92,104.17,102.76,103.13,34169262,0.0
2015-02-09,102.73,103.285,102.55,102.8,22604660,0.0
2015-02-10,103.37,104.54,103.21,104.4,23686529,0.0
2015-02-11,104.52,105.02,104.32,104.78,20303619,0.0
2015-02-12,105.46,106.04,105.3,106.0,22520301,0.0
2015-02-13,106.3,106.93,106.101,106.91,29030250,0.0
2015-02-17,106.91,107.08,106.6432,107.01,17675340,0.0
2015-02-18,106.88,107.2199,106.74,107.16,15149620,0.0
2015-02-19,107.09,107.76,107.06,107.69,19828109,0.0
2015-02-20,107.62,108.47,107.28,108.41,28336711,0.0
2015-02-23,108.35,108.55,108.11,108.52,17867971,0.0
2015-02-24,108.38,108.73,108.05,108.6,19745010,0.0
2015-02-25,108.44,108.86,108.09,108.33,19472340,0.0
2015-02-26,108.44,108.94,108.135,108.88,22255480,0.0
2015-02-27,108.84,108.91,108.23,108.4,27757580,0.0
2015-03-02,108.61,109.42,108.59,109.38,22988650,0.0
2015-03-03,109.05,109.16,108.18,108.87,20788920,0.0
2015-03-04,108.51,108.67,107.86,108.45,21007420,0.0
2015-03-05,108.73,108.965,108.19,108.64,15381040,0.0
2015-03-06,108.5,108.71,107.14,107.41,30990369,0.0
2015-03-09,107.63,107.9857,107.19,107.72,26237100,0.0
2015-03-10,106.95,106.98,105.72,105.72,34234500,0.0
2015-03-11,105.875,106.01,105.07,105.11,25459730,0.0
2015-03-12,105.03,105.92,104.96,105.8,21473170,0.0
2015-03-13,105.7,106.12,104.68,105.34,42021102,0.0
2015-03-16,105.73,106.74,105.62,106.7,25674090,0.0
2015-03-17,106.405,107.04,106.16,106.87,19603811,0.0
2015-03-18,106.58,108.41,106.03,107.92,40622191,0.0
2015-03-19,108.03,108.38,107.87,108.08,31314039,0.0
2015-03-20,108.72,109.07,108.51,108.53,31761400,0.0
2015-03-23,108.47,108.77,108.28,108.32,17268510,0.0
2015-03-24,108.31,108.81,107.91,107.93,22445279,0.0
2015-03-25,108.1,108.2,105.42,105.46,41581441,0.0
2015-03-26,104.59,105.7,104.24,105.1,47846281,0.0
2015-03-27,105.08,105.77,104.92,105.52,33878391,0.0
2015-03-30,106.16,106.82,106.16,106.73,30570199,0.0
2015-03-31,106.43,106.65,105.57,105.6,30488100,0.0
2015-04-01,105.6,105.62,104.37,105.05,32970449,0.0
2015-04-02,105.15,105.46,104.78,105.12,19164240,0.0
2015-04-06,104.5,106.27,104.34,105.98,24451141,0.0
2015-04-07,105.92,106.7,105.8,105.8,19379381,0.0
2015-04-08,105.84,106.79,105.83,106.64,25866910,0.0
2015-04-09,106.59,107.35,106.23,107.31,23114730,0.0
2015-04-10,107.27,107.76,107.03,107.75,17164340,0.0
2015-04-13,107.83,108.38,107.36,107.48,17783471,0.0
2015-04-14,107.37,107.68,106.56,107.17,23755750,0.0
2015-04-15,107.45,108.07,107.321,107.84,21128580,0.0
2015-04-16,107.55,107.88,107.4,107.69,16195280,0.0
2015-04-17,106.66,106.95,105.55,106.01,46513961,0.0
2015-04-20,106.54,107.79,106.5,107.6,28945910,0.0
2015-04-21,108.22,108.41,107.93,108.06,22759770,0.0
2015-04-22,108.34,108.83,107.64,108.65,21429189,0.0
2015-04-23,108.28,109.55,108.26,109.06,29473221,0.0
2015-04-24,110.21,110.69,110.03,110.54,32508131,0.0
2015-04-27,110.95,111.16,110.02,110.26,31121320,0.0
2015-04-28,110.34,110.55,109.11,110.04,36849219,0.0
2015-04-29,109.43,110.07,108.75,109.35,34043910,0.0
2015-04-30,108.73,109.17,107.06,107.63,44080551,0.0
2015-05-01,108.05,109.12,108.03,109.05,32874309,0.0
2015-05-04,109.4,109.91,109.17,109.23,23507260,0.0
2015-05-05,108.8,109.0,107.4,107.45,47843273,0.0
2015-05-06,107.64,107.95,105.995,106.71,42687152,0.0
2015-05-07,106.68,107.65,106.6,107.35,29335811,0.0
2015-05-08,108.46,108.92,108.3,108.69,33023340,0.0
2015-05-11,108.76,108.98,108.19,108.27,19679260,0.0
2015-05-12,107.63,108.33,106.8,107.78,33665020,0.0
2015-05-13,108.25,108.81,107.84,108.0,20738430,0.0
2015-05-14,108.88,109.67,108.48,109.58,23904230,0.0
2015-05-15,109.86,110.01,109.31,109.58,23937439,0.0
2015-05-18,109.4,110.28,109.32,110.06,17631141,0.0
2015-05-19,110.18,110.35,109.76,109.94,14212900,0.0
2015-05-20,110.02,110.67,109.425,110.01,21131891,0.0
2015-05-21,109.82,110.73,109.66,110.58,16771801,0.0
2015-05-22,110.45,110.87,110.38,110.47,13543770,0.0
2015-05-26,110.23,110.38,108.76,109.2,25488439,0.0
2015-05-27,109.53,111.08,109.29,110.96,30572699,0.0
2015-05-28,110.75,111.01,110.37,110.71,17302410,0.0
2015-05-29,110.64,110.79,109.79,110.05,30382990,0.0
2015-06-01,110.64,110.72,109.52,110.42,24570189,0.0
2015-06-02,110.01,110.61,109.47,110.07,19449631,0.0
2015-06-03,110.57,110.81,110.13,110.4,20507211,0.0
2015-06-04,109.78,110.48,109.21,109.56,31374590,0.0
2015-06-05,109.43,109.69,108.63,109.3,22641730,0.0
2015-06-08,109.25,109.33,107.97,108.19,24549199,0.0
2015-06-09,107.93,108.4,107.2,108.01,27554600,0.0
2015-06-10,108.38,109.81,108.26,109.49,30297859,0.0
2015-06-11,109.86,110.15,109.46,109.65,17593461,0.0
2015-06-12,109.07,109.3,108.6,108.75,27201770,0.0
2015-06-15,107.94,108.38,107.31,108.21,31238801,0.0
2015-06-16,108.1,108.9799,108.05,108.8,16456869,0.0
2015-06-17,108.98,109.45,108.43,109.1,23296740,0.0
2015-06-18,109.5,110.88,109.44,110.69,43032379,0.0
2015-06-19,110.49,110.575,109.81,109.89,27877570,0.0
2015-06-22,110.7,111.03,110.45,110.7,19120900,0.0
2015-06-23,110.82,110.89,110.33,110.79,18127920,0.0
2015-06-24,110.66,111.13,110.19,110.22,15815910,0.0
2015-06-25,110.65,110.76,109.815,110.0,18326650,0.0
2015-06-26,109.98,110.23,108.86,109.27,32311680,0.0
2015-06-29,108.06,108.66,106.64,106.69,50874898,0.0
2015-06-30,107.49,107.72,106.74,107.07,34809922,0.0
2015-07-01,108.13,108.3464,107.42,107.92,21292961,0.0
2015-07-02,108.23,108.32,107.62,107.95,20499449,0.0
2015-07-06,107.27,108.32,107.04,107.7,24311020,0.0
2015-07-07,107.82,108.07,105.83,107.97,44230770,0.0
2015-07-08,107.2,107.33,105.8942,106.09,39691480,0.0
2015-07-09,107.5,107.5955,106.02,106.03,28381039,0.0
2015-07-10,107.44,108.05,107.05,107.65,26415830,0.0
2015-07-13,108.58,109.63,108.57,109.54,25780730,0.0
2015-07-14,109.69,110.56,109.63,110.26,21977170,0.0
2015-07-15,110.47,110.81,110.07,110.38,28631539,0.0
2015-07-16,111.29,111.96,111.07,111.94,29838949,0.0
2015-07-17,112.84,113.59,112.65,113.59,35926801,0.0
2015-07-20,113.83,114.39,113.48,113.98,26539051,0.0
2015-07-21,114.02,114.2,113.58,113.91,35468871,0.0
2015-07-22,112.17,113.169,112.165,112.62,35574961,0.0
2015-07-23,112.73,113.1,111.91,112.2,25698260,0.0
2015-07-24,112.8,113.003,110.93,111.1,30844711,0.0
2015-07-27,110.47,110.946,109.94,110.18,35994840,0.0
2015-07-28,110.67,111.35,109.785,111.13,33553488,0.0
2015-07-29,111.37,111.79,110.94,111.55,26714070,0.0
2015-07-30,111.29,112.2663,110.621,112.08,25438061,0.0
2015-07-31,112.43,112.49,111.72,111.95,22081730,0.0
2015-08-03,111.97,112.28,110.861,111.6,25001779,0.0
2015-08-04,111.55,111.745,110.93,111.39,22132320,0.0
2015-08-05,112.01,113.0,111.88,112.25,28989900,0.0
2015-08-06,112.35,112.5,109.95,110.45,42125398,0.0
2015-08-07,110.18,110.57,109.4,110.31,30006850,0.0
2015-08-10,111.01,111.81,111.0,111.57,21500779,0.0
2015-08-11,110.98,111.4101,109.53,110.14,36123273,0.0
2015-08-12,109.38,110.735,108.22,110.52,41888961,0.0
2015-08-13,110.63,111.16,110.1,110.34,22510520,0.0
2015-08-14,110.08,110.67,109.86,110.51,17924930,0.0
2015-08-17,110.24,111.46,109.96,111.43,21224910,0.0
2015-08-18,111.275,111.37,110.71,110.86,13984360,0.0
2015-08-19,110.52,111.105,109.49,110.13,42511379,0.0
2015-08-20,109.11,109.46,107.07,107.08,57747352,0.0
2015-08-21,105.57,106.47,102.4,102.4,97763445,0.0
2015-08-24,94.23,102.53,84.74,98.46,150829906,0.0
2015-08-25,102.07,102.74,98.01,98.09,75088281,0.0
2015-08-26,100.96,103.23,98.93,103.03,104103797,0.0
2015-08-27,104.52,105.71,103.2799,105.64,69377688,0.0
2015-08-28,105.08,106.0,104.85,105.62,49919633,0.0
2015-08-31,105.03,105.61,104.05,104.31,39549379,0.0
2015-09-01,101.71,103.29,100.63,101.05,73155539,0.0
2015-09-02,102.88,103.92,101.7,103.9,43963559,0.0
2015-09-03,104.31,105.02,103.1,103.39,45131793,0.0
2015-09-04,101.97,102.845,101.59,102.16,49379641,0.0
2015-09-08,104.12,105.165,103.69,105.04,37343527,0.0
2015-09-09,106.28,106.31,103.59,103.86,47146738,0.0
2015-09-10,103.74,105.68,103.62,104.99,47686711,0.0
2015-09-11,104.51,105.57,104.21,105.57,29106090,0.0
2015-09-14,105.96,105.98,104.85,105.25,19718801,0.0
2015-09-15,105.5,106.82,105.11,106.49,30020221,0.0
2015-09-16,106.51,107.19,106.14,107.09,31329150,0.0
2015-09-17,106.98,108.725,106.64,107.13,56139809,0.0
2015-09-18,105.23,106.6,105.17,105.35,48384000,0.0
2015-09-21,105.93,106.55,104.73,105.68,35772621,0.0
2015-09-22,104.06,104.4225,103.13,104.1,47359648,0.0
2015-09-23,104.38,104.66,103.64,104.18,21775131,0.0
2015-09-24,103.17,104.19,102.27,103.8,38284328,0.0
2015-09-25,104.91,105.01,102.28,102.92,44700008,0.0
2015-09-28,102.48,102.55,99.69,99.99,44077488,0.0
2015-09-29,100.24,101.26,98.75,99.47,49315527,0.0
2015-09-30,100.89,101.87,100.5,101.76,41411434,0.0
2015-10-01,101.94,102.23,100.59,102.22,39339129,0.0
2015-10-02,100.8,104.01,100.48,104.01,59370859,0.0
2015-10-05,104.78,105.78,104.55,105.5,32853531,0.0
2015-10-06,105.25,105.6,104.18,105.0,33051531,0.0
2015-10-07,105.66,105.86,104.29,105.63,37389328,0.0
2015-10-08,105.23,106.23,104.21,106.05,50188871,0.0
2015-10-09,106.1,106.73,105.81,106.53,23916230,0.0
2015-10-12,106.73,106.9899,106.35,106.79,16161960,0.0
2015-10-13,106.18,107.26,106.0,106.1,26999609,0.0
2015-10-14,106.1,106.63,105.49,105.93,30902641,0.0
2015-10-15,106.32,107.675,106.18,107.67,38393840,0.0
2015-10-16,107.9,108.18,107.3794,108.12,27091100,0.0
2015-10-19,107.98,108.81,107.74,108.74,23776270,0.0
2015-10-20,108.545,108.78,107.81,108.18,23404689,0.0
2015-10-21,108.73,108.84,107.48,107.52,30195240,0.0
2015-10-22,108.48,109.8,108.171,109.71,42778699,0.0
2015-10-23,112.66,113.24,112.07,112.78,53170910,0.0
2015-10-26,112.7,113.07,112.27,112.85,25918000,0.0
2015-10-27,112.55,113.24,112.52,113.08,31390510,0.0
2015-10-28,113.25,114.02,112.34,114.02,42221871,0.0
2015-10-29,113.5,114.03,113.38,113.84,24913340,0.0
2015-10-30,113.89,114.08,113.3,113.33,27199230,0.0
2015-11-02,113.63,114.745,113.39,114.61,22176920,0.0
2015-11-03,114.38,115.42,114.21,115.01,20418391,0.0
2015-11-04,115.39,115.47,114.54,115.02,28633051,0.0
2015-11-05,115.12,115.395,114.11,114.71,25004080,0.0
2015-11-06,114.49,114.92,113.76,114.79,29924900,0.0
2015-11-09,114.36,114.51,112.865,113.57,33479762,0.0
2015-11-10,112.97,113.39,112.63,113.28,35452129,0.0
2015-11-11,113.59,114.14,112.95,113.14,22748811,0.0
2015-11-12,112.65,113.23,111.96,112.04,31196881,0.0
2015-11-13,111.57,111.69,109.78,109.84,52836039,0.0
2015-11-16,109.74,111.44,109.48,111.42,33980633,0.0
2015-11-17,111.61,112.29,111.2099,111.49,30579461,0.0
2015-11-18,111.94,113.74,111.83,113.63,32966461,0.0
2015-11-19,113.68,114.23,113.49,113.71,26188119,0.0
2015-11-20,114.24,114.57,114.14,114.48,22727590,0.0
2015-11-23,114.53,114.94,113.66,114.15,20696180,0.0
2015-11-24,113.42,114.32,112.8377,114.05,26374410,0.0
2015-11-25,114.19,114.36,113.91,114.15,14159940,0.0
2015-11-27,114.395,114.541,113.92,114.31,8827991,0.0
2015-11-30,114.6,114.65,113.65,114.02,25041650,0.0
2015-12-01,114.475,115.16,114.34,115.16,28639449,0.0
2015-12-02,115.23,115.75,114.28,114.45,22395480,0.0
2015-12-03,114.76,114.96,111.8432,112.51,42754352,0.0
2015-12-04,112.84,115.33,112.62,115.14,40037320,0.0
2015-12-07,115.22,115.29,114.07,114.62,25892100,0.0
2015-12-08,113.44,114.995,113.38,114.63,30792650,0.0
2015-12-09,114.11,114.76,112.2,112.89,48509199,0.0
2015-12-10,113.15,114.16,112.811,113.4,30154619,0.0
2015-12-11,112.09,112.39,110.72,110.79,56022219,0.0
2015-12-14,110.98,111.68,109.38,111.63,53098512,0.0
2015-12-15,112.6,113.28,112.17,112.31,48428008,0.0
2015-12-16,113.07,114.17,111.89,113.98,44944113,0.0
2015-12-17,114.46,114.48,112.3,112.32,45668801,0.0
2015-12-18,111.58,111.88,109.83,109.83,53746059,0.0
2015-12-21,110.87,111.07,110.05,111.05,26432811,0.0
2015-12-22,111.65,111.94,111.05,111.78,26540311,0.0
2015-12-23,112.34,112.69,112.16,112.61,25656930,0.0
2015-12-24,112.57,112.9,112.54,112.59,11480240,0.0
2015-12-28,112.32,112.55,111.51,112.53,19183641,0.0
2015-12-29,113.215,114.545,113.13,114.3,27725670,0.0
2015-12-30,114.16,114.24,113.25,113.27,19520080,0.0
2015-12-31,112.87,113.08,111.84,111.86,29886850,0.0
2016-01-04,109.43,109.6,108.12,109.5,50807641,0.0
2016-01-05,110.04,110.18,108.8,109.31,38795180,0.0
2016-01-06,107.43,108.89,107.41,108.26,41891090,0.0
2016-01-07,105.96,107.29,104.81,104.87,61386301,0.0
2016-01-08,105.67,106.29,103.9,104.01,69344008,0.0
2016-01-11,104.79,105.06,102.73,104.33,50024090,0.0
2016-01-12,105.31,106.08,104.08,105.54,46734238,0.0
2016-01-13,106.0,106.23,101.74,101.9,69870672,0.0
2016-01-14,102.3,104.98,100.67,104.07,78445742,0.0
2016-01-15,100.57,101.94,99.51,100.84,91443922,0.0
2016-01-19,102.2,102.37,99.88,101.06,56563848,0.0
2016-01-20,99.48,101.83,97.25,100.75,86674977,0.0
2016-01-21,101.19,102.349,99.82,100.85,61660102,0.0
2016-01-22,102.84,103.81,102.5305,103.77,42229801,0.0
2016-01-25,103.46,103.99,102.14,102.23,38881488,0.0
2016-01-26,102.65,103.59,101.76,103.15,36143922,0.0
2016-01-27,102.55,102.99,100.15,100.58,54524738,0.0
2016-01-28,102.19,102.29,100.26,102.0,47641527,0.0
2016-01-29,102.0,104.17,101.94,104.13,54245070,0.0
2016-02-01,103.62,104.8,103.23,104.41,32750350,0.0
2016-02-02,103.97,103.97,101.84,102.15,44928090,0.0
2016-02-03,102.8,102.83,99.88,101.66,61572879,0.0
2016-02-04,101.35,102.455,100.44,101.65,49321641,0.0
2016-02-05,101.29,101.33,97.72,98.12,70749930,0.0
2016-02-08,96.33,97.05,94.84,96.62,91673055,0.0
2016-02-09,95.36,97.78,95.18,96.32,73778430,0.0
2016-02-10,97.5,98.69,96.62,96.69,59421699,0.0
2016-02-11,95.45,97.32,95.19,96.55,76839188,0.0
2016-02-12,97.68,98.12,96.73,98.02,49186488,0.0
2016-02-16,99.44,100.23,98.85,100.23,40565910,0.0
2016-02-17,101.01,102.64,100.7,102.5,41766449,0.0
2016-02-18,102.81,102.84,101.2,101.33,38991473,0.0
2016-02-19,100.91,101.94,100.615,101.63,28257920,0.0
2016-02-22,102.54,103.38,102.48,103.28,23979109,0.0
2016-02-23,102.67,102.96,101.51,101.58,29869660,0.0
2016-02-24,100.44,102.68,99.77,102.55,40739102,0.0
2016-02-25,102.76,103.56,101.84,103.56,29389320,0.0
2016-02-26,104.28,104.3659,103.1835,103.43,30925051,0.0
2016-02-29,103.31,104.1,102.5,102.5,27553939,0.0
2016-03-01,103.45,105.79,103.16,105.79,37699781,0.0
2016-03-02,105.63,105.85,105.01,105.83,29209760,0.0
2016-03-03,105.71,105.75,104.87,105.63,25474631,0.0
2016-03-04,105.76,106.35,104.97,105.67,31655420,0.0
2016-03-07,105.12,105.74,104.27,105.02,25861160,0.0
2016-03-08,104.3,105.2138,103.97,104.15,28898529,0.0
2016-03-09,104.57,104.84,103.96,104.82,31047350,0.0
2016-03-10,105.31,105.86,103.31,104.66,44997648,0.0
2016-03-11,105.8,106.49,105.46,106.49,31453961,0.0
2016-03-14,106.08,106.92,106.06,106.67,25374910,0.0
2016-03-15,106.27,106.75,105.95,106.63,26524631,0.0
2016-03-16,106.37,107.86,106.34,107.58,31693051,0.0
2016-03-17,107.26,107.77,106.87,107.52,29623740,0.0
2016-03-18,107.46,107.635,106.8,107.37,37682289,0.0
2016-03-21,107.16,107.89,107.12,107.79,17288561,0.0
2016-03-22,107.18,108.37,107.16,108.12,18840279,0.0
2016-03-23,107.91,107.99,106.99,107.23,20912869,0.0
2016-03-24,106.67,107.29,106.53,107.26,19017260,0.0
2016-03-28,107.56,107.58,106.92,107.11,13892300,0.0
2016-03-29,106.93,108.9,106.73,108.83,29963920,0.0
2016-03-30,109.48,110.04,109.13,109.36,23807240,0.0
2016-03-31,109.3,109.69,109.03,109.2,21447240,0.0
2016-04-01,108.58,110.4,108.39,110.36,26389051,0.0
2016-04-04,110.31,110.435,109.68,109.94,17162990,0.0
2016-04-05,109.08,109.5,108.74,108.88,20107920,0.0
2016-04-06,109.0,110.71,108.99,110.67,25056029,0.0
2016-04-07,110.04,110.225,108.61,109.08,28567199,0.0
2016-04-08,109.77,110.02,108.615,109.0,22897949,0.0
2016-04-11,109.48,110.02,108.585,108.6,25772061,0.0
2016-04-12,108.66,109.72,108.015,109.51,28564090,0.0
2016-04-13,110.32,111.08,110.21,110.91,25356730,0.0
2016-04-14,110.0,111.33,110.0,110.92,17199670,0.0
2016-04-15,110.83,111.055,110.36,110.64,21353340,0.0
2016-04-18,110.33,111.265,110.25,111.23,17126090,0.0
2016-04-19,111.44,111.44,109.88,110.55,42481441,0.0
2016-04-20,110.54,111.15,110.17,110.64,18078311,0.0
2016-04-21,110.58,111.05,110.15,110.65,20215980,0.0
2016-04-22,109.21,109.72,108.12,108.98,39074000,0.0
2016-04-25,108.62,108.99,108.45,108.98,14351890,0.0
2016-04-26,109.2,109.39,108.12,108.45,19118330,0.0
2016-04-27,107.34,107.83,106.69,107.58,33059789,0.0
2016-04-28,107.69,108.3335,106.0705,106.28,29818160,0.0
2016-04-29,106.22,106.495,104.88,105.72,67502789,0.0
2016-05-02,105.97,106.87,105.5525,106.72,24813811,0.0
2016-05-03,105.96,106.4399,105.45,105.73,38569434,0.0
2016-05-04,105.12,105.4811,104.7902,105.05,27474500,0.0
2016-05-05,105.43,105.66,104.81,105.02,20788119,0.0
2016-05-06,104.51,105.6,104.4,105.58,30758520,0.0
2016-05-09,105.61,106.37,105.54,105.88,19289619,0.0
2016-05-10,106.26,107.38,106.07,107.33,21178850,0.0
2016-05-11,107.16,107.49,106.33,106.36,20966260,0.0
2016-05-12,106.68,106.735,105.14,105.89,29196320,0.0
2016-05-13,105.85,106.449,105.29,105.5,21059260,0.0
2016-05-16,105.67,107.21,105.56,106.82,18311859,0.0
2016-05-17,106.74,107.04,105.2,105.48,29932711,0.0
2016-05-18,105.29,106.43,105.04,105.86,28177910,0.0
2016-05-19,105.45,105.705,104.54,105.31,27334609,0.0
2016-05-20,105.74,106.9,105.67,106.47,29549580,0.0
2016-05-23,106.55,106.97,106.23,106.33,15729760,0.0
2016-05-24,106.92,108.59,106.885,108.46,29931311,0.0
2016-05-25,108.86,109.57,108.684,109.24,38464754,0.0
2016-05-26,109.35,109.7,109.09,109.56,21885869,0.0
2016-05-27,109.65,110.14,109.61,110.13,19870010,0.0
2016-05-31,110.28,110.51,109.7837,110.34,24366109,0.0
2016-06-01,110.0,110.6,109.91,110.35,19571529,0.0
2016-06-02,110.13,110.59,109.53,110.58,15696620,0.0
2016-06-03,110.37,110.42,109.34,110.06,20269920,0.0
2016-06-06,110.25,110.75,110.07,110.46,12502370,0.0
2016-06-07,110.53,110.63,110.13,110.18,12184300,0.0
2016-06-08,110.37,110.6,109.96,110.37,14568700,0.0
2016-06-09,109.93,110.31,109.71,110.19,17571631,0.0
2016-06-10,109.2,109.4,108.56,108.94,32965000,0.0
2016-06-13,108.34,108.93,107.89,108.03,25412180,0.0
2016-06-14,107.78,108.415,107.24,108.03,24588510,0.0
2016-06-15,108.32,108.44,107.54,107.72,24605699,0.0
2016-06-16,107.17,108.14,106.5,108.04,32079930,0.0
2016-06-17,107.53,107.6819,106.24,106.49,29208830,0.0
2016-06-20,107.73,108.24,107.08,107.16,20562770,0.0
2016-06-21,107.33,107.715,107.1,107.5,22804109,0.0
2016-06-22,107.58,108.19,107.15,107.24,22724170,0.0
2016-06-23,108.09,108.79,107.62,108.77,18714230,0.0
2016-06-24,104.81,106.5,104.06,104.29,68012727,0.0
2016-06-27,103.6,103.6,101.75,102.22,50044301,0.0
2016-06-28,103.33,104.51,103.3,104.46,28260600,0.0
2016-06-29,105.26,106.53,105.231,106.31,31356721,0.0
2016-06-30,106.52,107.61,106.13,107.54,36300820,0.0
2016-07-01,107.49,108.48,107.45,108.08,19902801,0.0
2016-07-05,107.58,107.66,106.84,107.42,21167900,0.0
2016-07-06,106.92,108.35,106.57,108.3,24579270,0.0
2016-07-07,108.39,108.86,108.11,108.62,19161750,0.0
2016-07-08,109.17,110.36,109.02,110.3,29457869,0.0
2016-07-11,110.68,111.335,110.66,110.93,20218500,0.0
2016-07-12,111.59,111.79,111.34,111.49,21906150,0.0
2016-07-13,111.79,111.82,111.21,111.22,21107760,0.0
2016-07-14,111.96,112.19,111.7,111.98,20870990,0.0
2016-07-15,112.22,112.3,111.55,111.8,17999311,0.0
2016-07-18,111.86,112.74,111.85,112.54,20713920,0.0
2016-07-19,112.17,112.48,111.93,112.13,18936699,0.0
2016-07-20,112.75,113.65,112.6,113.44,24997930,0.0
2016-07-21,113.52,113.74,112.87,113.18,18885369,0.0
2016-07-22,113.28,113.78,112.911,113.65,20003359,0.0
2016-07-25,113.56,113.69,113.28,113.66,12968090,0.0
2016-07-26,113.63,114.2,113.22,113.79,21223850,0.0
2016-07-27,114.76,114.88,114.1,114.58,27646109,0.0
2016-07-28,114.76,115.11,114.4,114.98,16939660,0.0
2016-07-29,115.24,115.54,114.87,115.23,22385320,0.0
2016-08-01,115.31,118.7799,115.17,115.84,13990080,0.0
2016-08-02,115.68,115.77,114.22,114.96,21278381,0.0
2016-08-03,114.88,115.35,114.8005,115.34,15011270,0.0
2016-08-04,115.32,115.78,115.03,115.67,12835300,0.0
2016-08-05,116.28,117.04,116.13,116.78,23196570,0.0
2016-08-08,116.82,116.87,116.28,116.65,12358180,0.0
2016-08-09,116.73,117.29,116.67,116.92,13276460,0.0
2016-08-10,116.96,117.02,116.31,116.62,14688410,0.0
2016-08-11,117.01,117.37,116.78,117.12,12969800,0.0
2016-08-12,116.91,117.21,116.79,117.2,19379039,0.0
2016-08-15,117.33,117.97,117.31,117.7,11777760,0.0
2016-08-16,117.47,117.49,117.03,117.05,14161450,0.0
2016-08-17,117.08,117.3,116.43,117.26,15980330,0.0
2016-08-18,117.15,117.46,116.945,117.29,10036290,0.0
2016-08-19,117.1,117.52,116.76,117.26,18742961,0.0
2016-08-22,117.09,117.55,116.87,117.35,14500620,0.0
2016-08-23,117.79,118.0095,117.51,117.56,11997930,0.0
2016-08-24,117.49,117.64,116.41,116.8,17728660,0.0
2016-08-25,116.48,116.97,116.36,116.61,24266260,0.0
2016-08-26,116.66,117.54,116.08,116.78,23895961,0.0
2016-08-29,116.81,117.251,116.79,116.94,11184870,0.0
2016-08-30,116.73,117.09,116.16,116.56,19843301,0.0
2016-08-31,116.38,116.56,115.95,116.44,16169790,0.0
2016-09-01,116.48,116.88,115.91,116.74,20944730,0.0
2016-09-02,117.32,117.56,116.68,117.12,18088221,0.0
2016-09-06,117.29,117.85,117.06,117.85,18525230,0.0
2016-09-07,117.95,118.12,117.47,117.92,17546869,0.0
2016-09-08,117.57,117.6,116.92,117.23,20125320,0.0
2016-09-09,116.23,116.51,114.26,114.28,50813289,0.0
2016-09-12,113.64,116.49,113.63,116.33,39645961,0.0
2016-09-13,115.73,116.09,114.73,115.29,45863941,0.0
2016-09-14,115.43,116.47,115.38,115.84,28221760,0.0
2016-09-15,115.89,117.815,115.86,117.64,39466527,0.0
2016-09-16,117.22,117.412,116.71,117.29,27596529,0.0
2016-09-19,117.57,117.95,116.55,116.78,16222870,0.0
2016-09-20,117.19,117.48,116.8,117.0,18078580,0.0
2016-09-21,117.48,118.32,116.81,118.15,31546779,0.0
2016-09-22,118.85,119.22,118.7177,119.09,22614420,0.0
2016-09-23,118.92,119.0,118.16,118.33,22213391,0.0
2016-09-26,117.66,117.8,117.17,117.34,16403881,0.0
2016-09-27,117.31,118.5552,117.15,118.5,20238430,0.0
2016-09-28,118.62,118.77,118.09,118.7,14794330,0.0
2016-09-29,118.51,118.72,117.3338,117.84,27207500,0.0
2016-09-30,118.145,119.07,118.03,118.72,25543199,0.0
2016-10-03,118.53,118.7,118.09,118.55,19216439,0.0
2016-10-04,118.86,119.16,117.92,118.37,21239740,0.0
2016-10-05,118.7,119.17,118.67,118.79,14481290,0.0
2016-10-06,118.63,118.981,118.15,118.73,11987060,0.0
2016-10-07,118.86,119.01,117.89,118.47,19984160,0.0
2016-10-10,119.06,119.48,119.03,119.22,19687340,0.0
2016-10-11,119.1,119.14,117.0,117.52,27774430,0.0
2016-10-12,117.575,117.82,117.06,117.42,14267820,0.0
2016-10-13,116.635,117.32,115.94,117.0,22821010,0.0
2016-10-14,117.58,118.05,117.07,117.14,21313320,0.0
2016-10-17,117.1,117.3,116.672,116.82,14182690,0.0
2016-10-18,118.18,118.41,117.8,117.86,19276660,0.0
2016-10-19,117.77,118.02,117.64,117.85,13702920,0.0
2016-10-20,117.68,117.97,117.03,117.71,18132250,0.0
2016-10-21,117.8,118.22,117.41,118.15,15707800,0.0
2016-10-24,118.93,119.65,118.8918,119.57,19142990,0.0
2016-10-25,119.62,119.66,119.01,119.19,20341840,0.0
2016-10-26,118.41,119.03,118.03,118.38,20463699,0.0
2016-10-27,118.9,118.99,117.67,117.84,19099789,0.0
2016-10-28,117.47,118.11,116.74,117.1,35369246,0.0
2016-10-31,117.53,117.53,116.93,116.99,18749359,0.0
2016-11-01,117.19,117.21,115.1047,116.11,23498711,0.0
2016-11-02,116.05,116.3,114.89,115.18,26960090,0.0
2016-11-03,115.02,115.37,113.92,114.05,36205191,0.0
2016-11-04,113.72,114.54,113.45,113.65,26997449,0.0
2016-11-07,115.45,116.47,115.3,116.35,26591250,0.0
2016-11-08,116.21,117.64,115.96,117.11,20777920,0.0
2016-11-09,115.71,117.84,115.6,117.65,70234391,0.0
2016-11-10,118.14,118.38,114.195,115.75,72824648,0.0
2016-11-11,115.21,116.05,114.84,115.8,41115168,0.0
2016-11-14,115.84,115.94,114.03,114.63,35905980,0.0
2016-11-15,115.47,116.62,115.33,116.22,31796600,0.0
2016-11-16,115.7,116.9932,115.67,116.91,16538131,0.0
2016-11-17,116.86,117.78,116.61,117.76,20598551,0.0
2016-11-18,117.83,118.1,117.21,117.32,16428660,0.0
2016-11-21,117.6,118.65,117.57,118.54,20268551,0.0
2016-11-22,118.97,119.19,118.61,118.9,18850641,0.0
2016-11-23,118.51,118.64,117.9,118.42,22925949,0.0
2016-11-25,118.56,118.85,118.42,118.8,7162785,0.0
2016-11-28,118.64,119.08,118.4101,118.53,13479050,0.0
2016-11-29,118.63,119.51,118.3,118.94,18552961,0.0
2016-11-30,119.06,119.1335,117.46,117.5,30405340,0.0
2016-12-01,117.46,117.47,115.29,115.47,39796594,0.0
2016-12-02,115.57,116.16,115.22,115.7,32876852,0.0
2016-12-05,116.32,117.06,115.77,116.6,21419670,0.0
2016-12-06,116.88,117.08,116.39,116.88,27293350,0.0
2016-12-07,116.64,118.51,116.2919,118.36,26622439,0.0
2016-12-08,118.4,118.87,118.18,118.57,18578430,0.0
2016-12-09,119.03,119.5402,119.0,119.5,21863131,0.0
2016-12-12,118.95,119.21,118.47,118.96,23259311,0.0
2016-12-13,119.35,121.11,119.32,120.46,54477887,0.0
2016-12-14,120.56,121.0,119.86,120.21,28745990,0.0
2016-12-15,120.37,121.11,120.08,120.4,22762311,0.0
2016-12-16,120.28,120.5817,119.36,119.6,26283910,0.0
2016-12-19,119.74,120.83,119.55,120.09,21138660,0.0
2016-12-20,120.43,120.77,120.33,120.55,11461800,0.0
2016-12-21,120.57,120.68,120.19,120.46,7079300,0.0
2016-12-22,120.46,120.5,119.65,120.12,16645000,0.0
2016-12-23,119.96,120.25,119.81,120.2,9007470,0.0
2016-12-27,120.44,121.52,120.41,120.82,16110550,0.0
2016-12-28,121.06,121.19,119.795,119.88,17975240,0.0
2016-12-29,119.86,120.13,119.33,119.71,13267520,0.0
2016-12-30,119.93,119.95,118.14,118.48,41749031,0.0
2017-01-03,119.31,119.99,118.89,119.54,22307609,0.0
2017-01-04,119.67,120.41,119.6561,120.19,19749070,0.0
2017-01-05,120.16,120.95,120.1,120.87,20644250,0.0
2017-01-06,120.99,122.25,120.685,121.93,24074311,0.0
2017-01-09,122.03,122.55,121.95,122.33,18909230,0.0
2017-01-10,122.37,122.97,122.1,122.6,16176630,0.0
2017-01-11,122.63,122.93,122.02,122.93,20685980,0.0
2017-01-12,122.49,122.819,121.6,122.74,19622510,0.0
2017-01-13,122.81,123.37,122.8,123.16,16930801,0.0
2017-01-17,122.79,123.03,122.4342,122.79,14538480,0.0
2017-01-18,122.96,123.16,122.66,123.04,12499660,0.0
2017-01-19,123.19,123.65,122.72,122.98,12710660,0.0
2017-01-20,123.51,123.83,122.92,123.25,22091039,0.0
2017-01-23,123.16,123.53,122.57,123.35,17434170,0.0
2017-01-24,123.59,124.37,123.3847,124.18,17640869,0.0
2017-01-25,124.94,125.46,124.85,125.43,15036220,0.0
2017-01-26,125.59,125.82,125.3438,125.56,16052150,0.0
2017-01-27,125.8,125.9211,125.39,125.8,15052980,0.0
2017-01-30,125.37,125.38,124.13,124.82,25006721,0.0
2017-01-31,124.4,124.6,123.85,124.57,19091131,0.0
2017-02-01,125.42,125.68,124.86,125.43,22861881,0.0
2017-02-02,125.21,125.7,124.86,125.32,15101360,0.0
2017-02-03,125.49,125.81,125.33,125.68,16957150,0.0
2017-02-06,125.42,125.85,125.35,125.83,11630140,0.0
2017-02-07,126.06,126.55,125.97,126.29,17541100,0.0
2017-02-08,126.12,126.68,125.88,126.5,12569150,0.0
2017-02-09,126.63,127.24,126.56,126.96,17542730,0.0
2017-02-10,127.2,127.56,127.02,127.38,13915700,0.0
2017-02-13,127.76,128.26,127.7199,128.1,19120150,0.0
2017-02-14,128.15,128.535,127.74,128.53,16333480,0.0
2017-02-15,128.44,129.35,128.37,129.29,17891359,0.0
2017-02-16,129.36,129.63,128.92,129.25,15098290,0.0
2017-02-17,129.09,129.82,129.04,129.81,15563730,0.0
2017-02-21,130.03,130.53,129.99,130.45,18479631,0.0
2017-02-22,130.32,130.59,130.111,130.5,12110880,0.0
2017-02-23,130.7,130.7,129.49,130.01,17489020,0.0
2017-02-24,129.47,130.26,129.38,130.26,18624490,0.0
2017-02-27,130.02,130.43,129.8,130.42,12008670,0.0
2017-02-28,130.39,130.45,129.66,130.02,16598580,0.0
2017-03-01,130.81,131.68,130.6,131.44,25813830,0.0
2017-03-02,131.43,131.43,130.62,130.78,19951391,0.0
2017-03-03,130.65,131.06,130.341,131.02,13722750,0.0
2017-03-06,130.56,130.95,130.21,130.73,12026150,0.0
2017-03-07,130.45,131.08,130.28,130.51,15500950,0.0
2017-03-08,130.57,131.15,130.46,130.74,15776030,0.0
2017-03-09,130.71,131.02,130.14,130.84,20855250,0.0
2017-03-10,131.42,131.6,130.82,131.39,21922600,0.0
2017-03-13,131.34,131.64,131.27,131.61,10731580,0.0
2017-03-14,131.31,131.36,130.76,131.29,14019690,0.0
2017-03-15,131.58,132.405,131.14,132.1,22709141,0.0
2017-03-16,132.33,132.35,131.71,132.01,18457289,0.0
2017-03-17,131.86,132.04,131.62,131.69,21234529,0.0
2017-03-20,131.65,132.11,131.4601,131.81,10105210,0.0
2017-03-21,132.31,132.43,129.73,129.81,35841898,0.0
2017-03-22,129.89,130.82,129.68,130.69,29177881,0.0
2017-03-23,130.52,130.88,130.14,130.36,20311660,0.0
2017-03-24,130.78,131.29,130.13,130.63,22967570,0.0
2017-03-27,129.73,131.07,129.4,130.84,18472449,0.0
2017-03-28,130.81,132.03,130.55,131.64,23721949,0.0
2017-03-29,131.73,132.3,131.59,132.25,13709970,0.0
2017-03-30,132.22,132.61,132.08,132.47,16092370,0.0
2017-03-31,132.27,132.74,132.125,132.38,19841410,0.0
2017-04-03,132.48,132.81,131.56,132.3,23700311,0.0
2017-04-04,131.9,132.53,131.87,132.51,13400020,0.0
2017-04-05,132.68,133.48,131.72,131.97,32011160,0.0
2017-04-06,132.12,132.39,131.7,132.04,18832189,0.0
2017-04-07,131.99,132.37,131.5,131.97,16743061,0.0
2017-04-10,132.11,132.565,131.6564,132.02,15619280,0.0
2017-04-11,131.86,132.095,130.5,131.45,33778359,0.0
2017-04-12,131.45,131.54,130.78,130.92,15955200,0.0
2017-04-13,130.75,131.51,130.38,130.4,23683020,0.0
2017-04-17,130.8,131.5,130.72,131.48,13325510,0.0
2017-04-18,131.01,131.66,130.95,131.28,12841090,0.0
2017-04-19,131.85,132.29,131.31,131.49,17764820,0.0
2017-04-20,132.04,132.88,131.82,132.59,21977910,0.0
2017-04-21,132.7,132.76,132.22,132.56,22454949,0.0
2017-04-24,134.02,134.285,133.8042,134.16,22469949,0.0
2017-04-25,134.58,135.3664,134.48,135.13,19384400,0.0
2017-04-26,135.17,135.51,134.86,134.94,25398539,0.0
2017-04-27,135.28,135.75,135.19,135.75,16136540,0.0
2017-04-28,136.28,136.34,135.77,135.99,22771949,0.0
2017-05-01,136.46,137.38,136.38,137.2,24815529,0.0
2017-05-02,137.38,137.49,137.02,137.43,18345070,0.0
2017-05-03,137.14,137.17,136.615,136.99,23827551,0.0
2017-05-04,137.01,137.43,136.56,137.04,14630060,0.0
2017-05-05,137.39,137.54,136.88,137.54,19330650,0.0
2017-05-08,137.61,137.84,137.33,137.84,13279930,0.0
2017-05-09,138.05,138.628,137.93,138.32,28426109,0.0
2017-05-10,138.4,138.45,137.91,138.4,20499359,0.0
2017-05-11,138.03,138.33,137.38,138.29,27232070,0.0
2017-05-12,138.37,138.63,138.23,138.6,19738631,0.0
2017-05-15,138.63,139.12,138.53,139.04,20481330,0.0
2017-05-16,139.36,139.64,138.99,139.62,21785990,0.0
2017-05-17,138.55,138.77,136.05,136.07,55642180,0.0
2017-05-18,136.06,137.72,135.87,137.26,41319879,0.0
2017-05-19,137.71,138.42,137.66,137.84,36730113,0.0
2017-05-22,138.14,139.075,138.0967,139.0,19509660,0.0
2017-05-23,139.42,139.42,138.7801,139.14,19687529,0.0
2017-05-24,139.56,139.85,139.17,139.78,18323859,0.0
2017-05-25,140.315,141.33,140.01,140.97,23928590,0.0
2017-05-26,141.0,141.28,140.81,141.22,13851580,0.0
2017-05-30,141.13,141.505,141.06,141.34,20306410,0.0
2017-05-31,141.8,141.84,140.57,141.29,33229398,0.0
2017-06-01,141.57,141.9,140.98,141.84,20120740,0.0
2017-06-02,142.34,143.49,142.11,143.46,37222879,0.0
2017-06-05,143.44,143.68,143.23,143.43,15727530,0.0
2017-06-06,143.28,143.73,142.65,142.86,22393020,0.0
2017-06-07,143.23,143.54,142.6,143.42,18842410,0.0
2017-06-08,143.74,143.8,142.79,143.57,25417410,0.0
2017-06-09,143.73,143.9,138.11,139.98,109783695,0.0
2017-06-12,138.84,139.48,137.47,139.23,104454000,0.0
2017-06-13,140.01,140.56,139.28,140.36,51193008,0.0
2017-06-14,140.92,140.93,138.62,139.75,60093762,0.0
2017-06-15,138.35,139.28,137.49,139.13,55145160,0.0
2017-06-16,138.72,138.777,137.638,138.15,48087406,0.0
2017-06-19,139.45,140.59,139.28,140.46,39626527,0.0
2017-06-20,140.31,140.5,139.31,139.36,40935078,0.0
2017-06-21,139.66,140.81,139.59,140.74,35743367,0.0
2017-06-22,140.94,141.22,140.34,140.7,24099119,0.0
2017-06-23,140.53,141.42,140.15,141.24,21654311,0.0
2017-06-26,142.0,142.29,140.27,140.58,34411090,0.0
2017-06-27,140.07,140.22,138.02,138.03,65957820,0.0
2017-06-28,138.54,140.14,137.74,140.02,57427180,0.0
2017-06-29,139.4,139.44,136.25,137.59,88769352,0.0
2017-06-30,138.0,138.6687,137.19,137.64,68898258,0.0
2017-07-03,138.25,138.43,136.1,136.19,32797012,0.0
2017-07-05,136.57,137.9,136.16,137.53,42116578,0.0
2017-07-06,136.47,137.06,135.8,136.29,48430480,0.0
2017-07-07,136.74,138.13,136.74,137.76,36970398,0.0
2017-07-10,137.84,138.985,137.5,138.66,24853551,0.0
2017-07-11,138.44,139.22,137.94,139.05,31517660,0.0
2017-07-12,140.21,140.86,139.955,140.7,36045801,0.0
2017-07-13,140.85,141.35,140.6,141.01,31073600,0.0
2017-07-14,141.57,142.3,141.19,142.12,34544848,0.0
2017-07-17,142.25,142.69,141.92,142.19,25343160,0.0
2017-07-18,142.06,143.17,141.64,143.14,25748529,0.0
2017-07-19,143.53,144.19,143.5,143.98,33752312,0.0
2017-07-20,144.31,144.44,143.52,144.17,36139449,0.0
2017-07-21,143.62,144.11,143.35,144.11,39697090,0.0
2017-07-24,144.07,144.87,143.92,144.77,26712730,0.0
2017-07-25,144.29,144.74,144.01,144.4,28120881,0.0
2017-07-26,144.74,144.95,144.53,144.87,18610631,0.0
2017-07-27,145.86,145.96,142.3,143.96,80665875,0.0
2017-07-28,143.14,144.0752,142.87,143.84,38013180,0.0
2017-07-31,144.22,144.43,142.92,143.23,33848648,0.0
2017-08-01,143.7,143.76,143.12,143.56,20149420,0.0
2017-08-02,144.45,144.52,142.61,143.95,41769672,0.0
2017-08-03,144.17,144.17,143.13,143.39,27112801,0.0
2017-08-04,143.65,143.97,143.06,143.65,29472910,0.0
2017-08-07,143.89,144.56,143.71,144.56,17933939,0.0
2017-08-08,144.27,145.47,143.9,144.31,30810359,0.0
2017-08-09,143.14,144.19,142.795,144.12,36169473,0.0
2017-08-10,143.33,143.4,140.89,141.03,63331660,0.0
2017-08-11,141.24,142.41,140.9,142.1,45862488,0.0
2017-08-14,143.23,144.15,143.19,143.93,34161020,0.0
2017-08-15,144.22,144.302,143.64,144.03,25509180,0.0
2017-08-16,144.37,144.96,143.8007,144.28,31913000,0.0
2017-08-17,143.73,143.94,141.33,141.33,70190977,0.0
2017-08-18,141.43,142.2,140.65,141.23,60751941,0.0
2017-08-21,141.23,141.53,140.18,141.05,37111488,0.0
2017-08-22,141.8,143.35,141.76,143.2,36294230,0.0
2017-08-23,142.5,143.01,142.38,142.69,25702320,0.0
2017-08-24,143.03,143.17,141.47,142.27,38160801,0.0
2017-08-25,142.8,143.18,141.78,141.97,26380439,0.0
2017-08-28,142.41,142.74,141.9501,142.41,15362140,0.0
2017-08-29,141.18,143.21,141.06,142.97,24498330,0.0
2017-08-30,143.11,144.89,143.0,144.65,33642719,0.0
2017-08-31,145.03,146.21,144.98,146.2,38480754,0.0
2017-09-01,146.36,146.585,145.61,146.0,22293551,0.0
2017-09-05,145.55,145.88,143.6,144.69,45480559,0.0
2017-09-06,145.06,145.46,144.08,145.13,30722721,0.0
2017-09-07,145.4,145.84,144.94,145.47,22721131,0.0
2017-09-08,145.28,145.35,144.06,144.21,27890119,0.0
2017-09-11,145.3,146.12,145.3,145.87,27126330,0.0
2017-09-12,146.25,146.41,145.53,146.22,30256660,0.0
2017-09-13,145.95,146.44,145.73,146.42,28450859,0.0
2017-09-14,145.85,146.2869,145.47,145.56,35296406,0.0
2017-09-15,145.56,146.59,145.29,146.06,46422398,0.0
2017-09-18,145.88,146.37,145.11,145.55,24858160,0.0
2017-09-19,145.81,146.01,145.31,145.8,20871240,0.0
2017-09-20,145.75,145.91,144.23,145.35,34236160,0.0
2017-09-21,145.25,145.26,143.95,144.46,28841840,0.0
2017-09-22,144.0,144.53,143.855,144.32,21702400,0.0
2017-09-25,143.75,143.8299,142.1,142.8,54947711,0.0
2017-09-26,143.51,143.8,142.67,143.17,29628811,0.0
2017-09-27,143.93,145.0,143.57,144.46,33249398,0.0
2017-09-28,144.14,144.5566,143.78,144.41,24149420,0.0
2017-09-29,144.7,145.555,144.32,145.45,43102367,0.0
2017-10-02,145.67,146.17,144.93,145.58,27351260,0.0
2017-10-03,145.74,146.06,145.45,145.89,19715150,0.0
2017-10-04,145.6,146.34,145.47,146.03,26381100,0.0
2017-10-05,146.54,147.54,146.4063,147.46,31562350,0.0
2017-10-06,146.97,147.66,146.96,147.66,23561070,0.0
2017-10-09,147.86,148.0093,147.3,147.49,13704840,0.0
2017-10-10,147.98,148.14,146.95,147.6,19223090,0.0
2017-10-11,147.53,148.07,147.34,148.04,12439050,0.0
2017-10-12,147.84,148.355,147.615,147.77,14513480,0.0
2017-10-13,148.4,148.51,147.7772,148.34,18409891,0.0
2017-10-16,148.7,148.89,148.3928,148.85,21809410,0.0
2017-10-17,148.79,149.06,148.57,149.04,13138160,0.0
2017-10-18,149.21,149.21,148.64,148.86,17218240,0.0
2017-10-19,148.02,148.33,147.27,148.31,27680289,0.0
2017-10-20,148.91,149.04,148.53,148.71,30173270,0.0
2017-10-23,149.01,149.03,147.53,147.74,29297131,0.0
2017-10-24,148.0,148.3,147.44,147.99,20289471,0.0
2017-10-25,147.7,148.18,146.33,147.43,36179121,0.0
2017-10-26,147.36,147.705,146.92,146.96,28230199,0.0
2017-10-27,149.33,151.52,149.2,151.24,60165129,0.0
2017-10-30,151.08,152.19,150.9899,151.58,31733391,0.0
2017-10-31,152.04,152.37,151.63,152.15,26319330,0.0
2017-11-01,152.75,152.83,151.5,152.1,29481570,0.0
2017-11-02,151.92,151.99,150.77,151.81,31017430,0.0
2017-11-03,152.39,153.29,151.84,153.27,26199250,0.0
2017-11-06,153.13,153.85,153.1,153.79,28693920,0.0
2017-11-07,153.67,154.0823,153.34,153.88,21333061,0.0
2017-11-08,153.81,154.54,153.62,154.5,17373520,0.0
2017-11-09,153.26,153.77,152.11,153.69,40594480,0.0
2017-11-10,153.36,153.8,153.06,153.68,20150760,0.0
2017-11-13,153.12,154.0693,153.1,153.87,12522400,0.0
2017-11-14,153.31,153.5,152.57,153.31,25173760,0.0
2017-11-15,152.61,153.0,151.78,152.59,24808000,0.0
2017-11-16,153.38,154.89,153.33,154.54,34790566,0.0
2017-11-17,154.58,154.69,153.8,153.95,28725801,0.0
2017-11-20,154.08,154.2,153.61,153.83,21143939,0.0
2017-11-21,154.56,155.57,154.485,155.5,20147760,0.0
2017-11-22,155.63,155.84,155.341,155.69,17299039,0.0
2017-11-24,155.86,156.31,155.76,156.26,8280586,0.0
2017-11-27,156.2,156.56,155.83,156.19,22653391,0.0
2017-11-28,156.52,156.69,155.7,156.59,25227320,0.0
2017-11-29,156.45,156.45,153.12,153.86,71986336,0.0
2017-11-30,154.46,155.45,154.145,155.15,56595473,0.0
2017-12-01,154.19,155.24,152.26,154.49,59015832,0.0
2017-12-04,155.47,155.625,152.56,152.71,51319152,0.0
2017-12-05,152.64,154.55,152.1,152.81,40604207,0.0
2017-12-06,152.26,153.735,152.06,153.5,28647770,0.0
2017-12-07,153.49,154.46,153.33,154.02,32666211,0.0
2017-12-08,155.1,155.53,154.46,154.7,28081670,0.0
2017-12-11,154.76,155.95,154.76,155.9,20821529,0.0
2017-12-12,155.81,156.15,155.36,155.69,20310250,0.0
2017-12-13,156.28,156.49,155.76,155.99,24418480,0.0
2017-12-14,156.28,156.66,155.71,155.88,24594680,0.0
2017-12-15,156.49,157.82,156.23,157.65,49816152,0.0
2017-12-18,158.29,158.77,158.07,158.64,26844520,0.0
2017-12-19,158.34,158.5,157.26,157.7,31414971,0.0
2017-12-20,158.25,158.28,156.91,157.53,38972602,0.0
2017-12-21,157.73,158.25,157.37,157.55,18638680,0.0
2017-12-22,157.31,157.432,156.95,157.37,23330439,0.0
2017-12-26,156.53,156.72,155.95,156.52,21918721,0.0
2017-12-27,156.52,156.96,156.39,156.54,22388189,0.0
2017-12-28,157.05,157.0653,156.54,156.73,25393830,0.0
2017-12-29,156.9,156.9,155.7,155.76,33185961,0.0
2018-01-02,156.5,158.525,156.17,158.49,32573270,0.0
2018-01-03,158.61,160.17,158.61,160.03,29383561,0.0
2018-01-04,160.59,160.79,160.0825,160.31,24776131,0.0
2018-01-05,161.04,162.03,160.77,161.92,26992340,0.0
2018-01-08,161.9,162.63,161.86,162.55,23159061,0.0
2018-01-09,162.85,163.04,162.07,162.56,24782449,0.0
2018-01-10,161.8,162.21,161.12,162.18,34004031,0.0
2018-01-11,162.48,163.3,162.21,163.29,20473520,0.0
2018-01-12,163.03,164.66,162.94,164.49,37762711,0.0
2018-01-16,165.55,166.415,163.53,164.02,41231848,0.0
2018-01-17,164.77,166.04,163.9982,165.79,33849879,0.0
2018-01-18,165.55,166.1999,165.135,165.82,26432170,0.0
2018-01-19,166.32,166.61,165.535,166.34,38937594,0.0
2018-01-22,166.27,168.12,166.09,168.12,26081391,0.0
2018-01-23,168.64,169.66,168.555,169.51,37989648,0.0
2018-01-24,169.81,170.24,167.44,168.41,54287379,0.0
2018-01-25,169.55,169.63,167.81,168.35,28924961,0.0
2018-01-26,169.27,170.952,168.96,170.93,32038180,0.0
2018-01-29,170.52,170.91,169.74,170.1,37277848,0.0
2018-01-30,168.55,169.42,167.82,168.7,44987688,0.0
2018-01-31,169.67,169.9899,168.34,169.4,42449199,0.0
2018-02-01,168.12,169.73,167.42,167.96,38037879,0.0
2018-02-02,167.34,167.7,164.47,164.61,68478078,0.0
2018-02-05,163.13,165.75,158.0,158.12,105372203,0.0
2018-02-06,155.96,162.51,155.1,162.31,118537906,0.0
2018-02-07,161.79,163.55,160.2,160.21,91028328,0.0
2018-02-08,160.69,160.8,153.45,153.45,94184828,0.0
2018-02-09,155.66,157.24,150.125,156.1,113836602,0.0
2018-02-12,157.67,159.95,156.46,158.87,63050641,0.0
2018-02-13,157.98,160.01,157.7197,159.69,31785600,0.0
2018-02-14,158.79,162.93,158.0,162.68,52107434,0.0
2018-02-15,164.14,165.7,162.44,165.7,51633887,0.0
2018-02-16,165.18,166.755,164.6799,164.96,62256289,0.0
2018-02-20,164.39,166.68,164.31,165.29,36785633,0.0
2018-02-21,166.06,167.72,164.72,164.82,41161781,0.0
2018-02-22,165.54,166.42,164.3769,164.8,37074406,0.0
2018-02-23,166.06,168.17,165.45,168.17,50096922,0.0
2018-02-26,168.93,170.4,168.82,170.4,39266660,0.0
2018-02-27,170.42,170.73,168.21,168.29,42209871,0.0
2018-02-28,169.25,169.8,167.1,167.21,42936328,0.0
2018-03-01,167.29,168.07,163.001,164.48,76809906,0.0
2018-03-02,162.59,166.28,161.96,165.99,57445059,0.0
2018-03-05,165.26,168.26,164.59,167.83,38540207,0.0
2018-03-06,168.61,169.11,167.48,168.54,29480930,0.0
2018-03-07,167.26,169.07,166.96,168.93,34609406,0.0
2018-03-08,169.54,169.98,168.95,169.86,25828369,0.0
2018-03-09,171.1,173.16,170.82,173.16,38310551,0.0
2018-03-12,173.65,174.48,173.28,174.08,37634969,0.0
2018-03-13,174.8,175.21,171.2666,171.71,55638930,0.0
2018-03-14,172.58,172.74,170.93,171.68,40536379,0.0
2018-03-15,171.83,172.53,170.9,171.53,28810369,0.0
2018-03-16,171.78,172.2,170.935,171.02,31176740,0.0
2018-03-19,169.16,169.22,165.6393,167.1,71395055,0.0
2018-03-20,167.1,168.04,166.61,167.65,34075660,0.0
2018-03-21,167.23,168.76,166.19,166.92,43863539,0.0
2018-03-22,164.7,165.77,162.59,162.8,66607289,0.0
2018-03-23,162.6,163.3,158.43,158.51,80110391,0.0
2018-03-26,161.68,164.6,159.16,164.4,57481500,0.0
2018-03-27,165.6,165.62,157.68,159.08,78889109,0.0
2018-03-28,158.25,159.78,156.04,157.25,89369664,0.0
2018-03-29,158.13,161.71,156.6338,160.13,68692570,0.0
2018-04-02,159.0,159.74,153.88,155.51,85549438,0.0
2018-04-03,156.92,157.92,154.44,157.26,64090047,0.0
2018-04-04,154.27,160.23,154.04,159.74,65768688,0.0
2018-04-05,161.33,161.58,159.48,160.65,43054871,0.0
2018-04-06,158.94,160.4601,155.88,156.63,59870871,0.0
2018-04-09,158.01,160.88,157.46,157.73,41810379,0.0
2018-04-10,160.13,161.73,159.07,161.21,48601320,0.0
2018-04-11,160.2,162.0,160.1,160.28,41622141,0.0
2018-04-12,161.3,162.77,161.16,162.21,30467891,0.0
2018-04-13,163.01,163.26,160.67,161.37,44604887,0.0
2018-04-16,162.45,163.19,161.48,162.6,28180779,0.0
2018-04-17,164.19,166.4592,163.91,166.1,35536090,0.0
2018-04-18,166.12,167.0,165.31,166.44,29573881,0.0
2018-04-19,165.65,165.99,164.34,164.91,34705688,0.0
2018-04-20,164.49,164.61,161.73,162.3,49197141,0.0
2018-04-23,163.08,163.73,161.02,161.89,33040648,0.0
2018-04-24,162.62,162.905,157.39,158.46,70256750,0.0
2018-04-25,158.8,159.31,156.47,158.65,52089320,0.0
2018-04-26,160.72,162.53,160.18,161.99,43005527,0.0
2018-04-27,164.35,164.41,161.17,162.09,51043406,0.0
2018-04-30,162.48,163.48,160.54,160.94,35615273,0.0
2018-05-01,160.52,162.8,160.14,162.78,36513527,0.0
2018-05-02,163.1,163.57,161.63,161.82,38646840,0.0
2018-05-03,161.08,162.4,159.22,161.8,60337129,0.0
2018-05-04,161.11,165.25,160.98,164.87,41543238,0.0
2018-05-07,165.64,166.78,165.51,166.24,32500150,0.0
2018-05-08,165.83,166.43,164.86,166.07,26040170,0.0
2018-05-09,166.4,168.0,165.78,167.88,29122721,0.0
2018-05-10,168.43,169.74,168.29,169.62,27067600,0.0
2018-05-11,169.35,169.86,168.72,169.46,24688850,0.0
2018-05-14,169.84,170.82,169.47,169.75,21821750,0.0
2018-05-15,168.4,168.5,166.98,167.87,49361641,0.0
2018-05-16,168.1,169.37,168.01,168.98,22941160,0.0
2018-05-17,168.4,169.61,167.51,168.33,27480160,0.0
2018-05-18,167.71,168.26,167.21,167.46,26217939,0.0
2018-05-21,168.73,169.5,167.68,168.4,22954570,0.0
2018-05-22,169.15,169.45,167.88,168.18,19477721,0.0
2018-05-23,166.9,169.62,166.88,169.6,26557840,0.0
2018-05-24,169.56,169.85,167.84,169.55,27696539,0.0
2018-05-25,169.54,170.33,169.21,169.72,27460539,0.0
2018-05-29,168.91,169.92,167.96,168.97,41220473,0.0
2018-05-30,169.63,170.48,169.22,170.18,22665840,0.0
2018-05-31,170.13,171.2,169.63,170.07,35670953,0.0
2018-06-01,170.88,172.84,170.87,172.74,45543328,0.0
2018-06-04,173.16,174.34,173.07,174.3,20459631,0.0
2018-06-05,174.69,175.13,174.065,174.84,24779279,0.0
2018-06-06,175.025,175.89,174.14,175.86,25036650,0.0
2018-06-07,175.91,175.93,173.55,174.43,39600320,0.0
2018-06-08,173.57,174.8803,173.18,174.44,31780350,0.0
2018-06-11,174.3,175.34,174.28,174.91,22319711,0.0
2018-06-12,175.15,176.0,174.96,175.83,22511830,0.0
2018-06-13,176.09,177.14,175.43,175.82,37858578,0.0
2018-06-14,176.62,177.89,176.5,177.6,35915980,0.0
2018-06-15,176.98,177.325,176.11,176.98,49615727,0.0
2018-06-18,175.53,176.65,174.94,176.5,31633189,0.0
2018-06-19,174.26,176.04,173.71,176.0,38235992,0.0
2018-06-20,176.79,177.98,176.65,177.25,33038039,0.0
2018-06-21,177.69,177.88,175.37,175.71,43469441,0.0
2018-06-22,176.31,176.369,174.69,175.32,30073189,0.0
2018-06-25,173.76,173.99,169.81,171.37,77799727,0.0
2018-06-26,171.99,173.0585,171.37,172.07,39008152,0.0
2018-06-27,172.77,173.58,169.61,169.73,52843500,0.0
2018-06-28,169.52,171.77,169.17,171.19,46407711,0.0
2018-06-29,172.0,172.92,171.395,171.65,36408461,0.0
2018-07-02,170.04,172.85,169.67,172.8,31770029,0.0
2018-07-03,173.41,173.45,170.63,170.8,25512711,0.0
2018-07-05,171.91,173.06,171.03,172.92,31626199,0.0
2018-07-06,173.31,175.74,173.0,175.61,37005566,0.0
2018-07-09,176.49,177.23,175.82,177.19,27362061,0.0
2018-07-10,177.41,177.72,176.71,177.32,23902490,0.0
2018-07-11,175.96,177.07,175.8,176.42,30280551,0.0
2018-07-12,177.21,179.46,177.08,179.46,27930119,0.0
2018-07-13,179.42,179.9,178.95,179.61,28067961,0.0
2018-07-16,179.64,179.95,178.88,179.18,21405311,0.0
2018-07-17,177.3,180.65,177.28,180.27,31034080,0.0
2018-07-18,180.28,180.44,179.38,179.93,23220840,0.0
2018-07-19,179.34,179.88,178.82,179.03,31094150,0.0
2018-07-20,179.57,180.17,178.79,178.99,35907621,0.0
2018-07-23,178.45,179.64,177.74,179.56,22184721,0.0
2018-07-24,181.39,182.05,179.56,180.3,36900281,0.0
2018-07-25,180.36,182.93,180.29,182.82,36022078,0.0
2018-07-26,180.35,180.92,179.81,180.05,40873488,0.0
2018-07-27,181.26,181.31,176.6,177.62,59456090,0.0
2018-07-30,177.66,177.73,174.27,175.11,60192992,0.0
2018-07-31,175.75,177.13,174.82,176.45,47285141,0.0
2018-08-01,176.87,177.65,176.0967,177.12,37101930,0.0
2018-08-02,175.87,179.74,175.79,179.53,47178230,0.0
2018-08-03,179.8,180.09,179.08,180.08,28934449,0.0
2018-08-06,179.97,181.19,179.74,181.14,24808760,0.0
2018-08-07,181.63,182.14,181.26,181.8,29895660,0.0
2018-08-08,181.55,182.35,181.06,182.02,22680750,0.0
2018-08-09,181.94,182.63,181.64,181.91,18852900,0.0
2018-08-10,180.68,181.22,179.84,180.52,33818461,0.0
2018-08-13,180.85,182.01,180.241,180.32,26089199,0.0
2018-08-14,181.01,181.66,180.04,181.45,20913020,0.0
2018-08-15,180.09,180.58,178.12,179.23,58528020,0.0
2018-08-16,180.57,180.99,179.47,179.82,27711760,0.0
2018-08-17,179.36,180.31,178.2679,179.86,36092641,0.0
2018-08-20,180.28,180.3251,179.0,179.7,24938961,0.0
2018-08-21,180.26,181.44,180.13,180.36,26258660,0.0
2018-08-22,179.96,181.27,179.75,181.06,18042381,0.0
2018-08-23,180.77,182.045,180.5,180.8,25776170,0.0
2018-08-24,181.4,182.63,181.36,182.48,23136109,0.0
2018-08-27,183.43,184.34,183.11,184.34,29343551,0.0
2018-08-28,184.8,185.02,184.22,184.61,20277039,0.0
2018-08-29,184.91,186.84,184.86,186.74,29175590,0.0
2018-08-30,186.41,187.5199,185.79,186.41,29315449,0.0
2018-08-31,186.18,187.18,185.98,186.65,28653250,0.0
2018-09-04,186.1,186.4,184.85,185.85,29063539,0.0
2018-09-05,185.55,185.55,182.82,183.45,42623328,0.0
2018-09-06,183.54,183.75,180.58,181.81,46091398,0.0
2018-09-07,180.53,182.67,180.44,181.11,46629500,0.0
2018-09-10,182.12,182.25,180.725,181.72,26131980,0.0
2018-09-11,180.97,183.42,180.52,183.12,30116461,0.0
2018-09-12,182.87,182.98,181.01,182.58,36203969,0.0
2018-09-13,183.67,184.88,183.6401,184.53,31133189,0.0
2018-09-14,184.66,184.945,183.26,183.99,31224131,0.0
2018-09-17,183.66,183.81,181.17,181.34,33071199,0.0
2018-09-18,181.52,183.73,181.4,182.84,31877350,0.0
2018-09-19,182.86,183.3,181.51,182.7,31843381,0.0
2018-09-20,183.95,184.97,183.5199,184.72,33295820,0.0
2018-09-21,185.27,185.48,183.48,183.71,38605352,0.0
2018-09-24,182.05,183.96,181.3,183.89,34945602,0.0
2018-09-25,183.78,184.28,183.18,184.14,25277520,0.0
2018-09-26,184.25,185.99,183.905,184.27,36210566,0.0
2018-09-27,185.04,186.49,184.92,185.83,33113270,0.0
2018-09-28,185.25,186.28,184.97,185.79,28076840,0.0
2018-10-01,186.82,187.53,185.7,186.17,27371301,0.0
2018-10-02,185.95,187.175,185.32,185.75,25618609,0.0
2018-10-03,186.52,186.97,185.66,185.95,29128680,0.0
2018-10-04,185.22,185.32,181.06,182.38,80557281,0.0
2018-10-05,182.39,182.97,178.43,180.15,83325633,0.0
2018-10-08,179.37,180.6427,176.93,179.05,66864477,0.0
2018-10-09,179.2,181.02,178.75,179.63,49097953,0.0
2018-10-10,178.53,178.62,171.5,171.73,114471102,0.0
2018-10-11,171.04,173.4,167.81,169.6,143084500,0.0
2018-10-12,173.99,174.86,170.9328,174.32,102078398,0.0
2018-10-15,173.69,174.04,171.56,172.21,64885262,0.0
2018-10-16,174.02,177.65,173.7,177.22,71979688,0.0
2018-10-17,178.14,178.2585,175.47,177.29,66987641,0.0
2018-10-18,176.6,176.68,172.44,173.18,82486211,0.0
2018-10-19,174.39,176.07,172.39,173.02,82923727,0.0
2018-10-22,174.06,175.2485,172.59,173.91,52909281,0.0
2018-10-23,170.79,174.13,168.82,173.27,77566969,0.0
2018-10-24,173.12,173.36,165.04,165.34,102997398,0.0
2018-10-25,167.99,172.08,167.16,171.06,83481070,0.0
2018-10-26,165.24,169.96,164.23,166.66,130970898,0.0
2018-10-29,169.16,169.86,160.09,163.23,111871906,0.0
2018-10-30,162.8,166.035,162.015,165.92,92583969,0.0
2018-10-31,168.55,171.25,168.54,169.82,73828641,0.0
2018-11-01,170.08,172.24,168.78,172.06,52706820,0.0
2018-11-02,171.53,172.55,168.22,169.38,75966781,0.0
2018-11-05,169.61,169.66,167.08,168.96,39573527,0.0
2018-11-06,168.93,171.19,168.72,170.24,34410391,0.0
2018-11-07,172.25,175.58,171.87,175.58,51169609,0.0
2018-11-08,174.76,175.302,173.63,174.46,40296539,0.0
2018-11-09,172.83,173.25,170.16,171.52,50602711,0.0
2018-11-12,170.33,170.64,166.18,166.33,62578367,0.0
2018-11-13,167.15,169.48,166.0,166.47,64128078,0.0
2018-11-14,168.09,168.7,164.25,165.2,75270711,0.0
2018-11-15,164.84,168.54,163.46,168.09,73254352,0.0
2018-11-16,166.49,168.31,165.78,167.5,65390680,0.0
2018-11-19,166.74,166.9,161.54,162.06,67280477,0.0
2018-11-20,158.37,161.38,157.13,159.16,102652797,0.0
2018-11-21,161.29,161.97,159.2323,160.37,42965840,0.0
2018-11-23,159.09,160.84,159.09,159.21,23503730,0.0
2018-11-26,161.44,162.97,160.76,162.89,42012633,0.0
2018-11-27,162.0,163.85,161.18,163.44,36608059,0.0
2018-11-28,164.62,168.7,163.4719,168.7,70140992,0.0
2018-11-29,168.0,169.26,166.82,168.15,44885711,0.0
2018-11-30,168.38,169.47,167.54,169.37,36722762,0.0
2018-12-03,173.1,173.31,169.5101,172.33,50771699,0.0
2018-12-04,171.38,171.91,165.52,165.72,70594734,0.0
2018-12-06,162.46,166.91,161.77,166.89,71715531,0.0
2018-12-07,166.13,167.12,160.86,161.38,80432180,0.0
2018-12-10,161.11,163.78,159.41,163.07,73960758,0.0
2018-12-11,165.66,165.77,162.23,163.61,59058301,0.0
2018-12-12,166.06,167.6,164.96,165.05,53779992,0.0
2018-12-13,166.06,166.82,164.03,165.1,46377859,0.0
2018-12-14,163.19,163.81,160.7,161.08,56547422,0.0
2018-12-17,160.41,161.67,156.17,157.43,74834078,0.0
2018-12-18,158.67,159.95,157.04,158.42,63642121,0.0
2018-12-19,158.24,160.72,153.34,154.53,81856461,0.0
2018-12-20,154.16,155.87,150.39,152.29,99002141,0.0
2018-12-21,153.06,154.09,146.72,147.57,141129406,0.0
2018-12-24,146.14,147.98,143.46,143.5,56163289,0.0
2018-12-26,145.12,152.54,144.09,152.46,98982062,0.0
2018-12-27,150.57,153.18,147.08,153.05,85824336,0.0
2018-12-28,154.01,155.59,151.72,152.97,77856633,0.0
2018-12-31,154.47,154.98,152.71,154.26,53015312,0.0
2019-01-02,150.99,155.75,150.88,154.88,58576672,0.0
2019-01-03,152.6,153.26,149.49,149.82,74820234,0.0
2019-01-04,152.18,157.0,151.74,156.23,74709320,0.0
2019-01-07,156.54,158.86,156.11,158.09,52059328,0.0
2019-01-08,159.56,160.11,157.2,159.52,49388688,0.0
2019-01-09,160.15,161.5229,159.47,160.82,46491754,0.0
2019-01-10,159.59,161.37,158.7,161.28,38943406,0.0
2019-01-11,160.32,160.86,159.79,160.69,30176641,0.0
2019-01-14,159.32,159.96,158.59,159.27,30710230,0.0
2019-01-15,159.97,162.6,159.9096,162.38,40874219,0.0
2019-01-16,162.63,163.78,162.29,162.35,33812191,0.0
2019-01-17,161.84,164.36,161.57,163.63,39328961,0.0
2019-01-18,164.84,166.02,163.82,165.25,57183238,0.0
2019-01-22,164.05,164.14,160.76,161.94,56711688,0.0
2019-01-23,162.77,163.51,160.32,162.15,38106059,0.0
2019-01-24,162.66,163.44,162.0626,163.2,32413350,0.0
2019-01-25,164.48,165.65,163.95,165.15,36466070,0.0
2019-01-28,163.03,163.12,161.75,163.11,33491219,0.0
2019-01-29,163.2,163.24,160.99,161.57,30784180,0.0
2019-01-30,163.39,166.28,162.89,165.68,41346527,0.0
2019-01-31,166.65,168.99,166.4701,168.16,37258359,0.0
2019-02-01,167.37,168.6,166.99,167.45,32143670,0.0
2019-02-04,167.51,169.53,167.33,169.53,26718779,0.0
2019-02-05,169.75,171.23,169.69,171.03,28156369,0.0
2019-02-06,171.06,171.37,169.75,170.52,27970010,0.0
2019-02-07,169.03,169.4499,166.95,168.23,42036191,0.0
2019-02-08,166.73,168.59,166.57,168.56,29020750,0.0
2019-02-11,169.14,169.58,167.98,168.4,21434090,0.0
2019-02-12,169.59,171.14,169.33,170.89,29722070,0.0
2019-02-13,171.62,172.16,170.82,171.01,26094141,0.0
2019-02-14,170.38,171.83,169.83,171.22,30326830,0.0
2019-02-15,172.51,172.5623,171.1392,171.94,32521689,0.0
2019-02-19,171.39,172.8,171.38,172.28,19487680,0.0
2019-02-20,172.43,173.08,171.32,172.25,32593000,0.0
2019-02-21,171.77,172.26,170.71,171.62,25207400,0.0
2019-02-22,171.98,173.01,171.9,172.89,27735359,0.0
2019-02-25,174.2,174.66,173.4,173.52,32608750,0.0
2019-02-26,173.04,174.25,172.81,173.7,21939721,0.0
2019-02-27,172.92,173.8,171.76,173.59,25162010,0.0
2019-02-28,173.04,173.81,172.7,173.19,25085471,0.0
2019-03-01,174.41,174.65,173.18,174.39,31431160,0.0
2019-03-04,175.37,175.79,172.47,174.42,38063461,0.0
2019-03-05,174.52,175.085,173.685,174.55,22319859,0.0
2019-03-06,174.68,174.75,173.28,173.56,27194580,0.0
2019-03-07,173.09,173.18,170.79,171.43,39407441,0.0
2019-03-08,169.51,171.26,169.3375,171.17,39303230,0.0
2019-03-11,171.86,174.85,171.85,174.73,30518410,0.0
2019-03-12,175.17,176.14,174.7715,175.69,33953500,0.0
2019-03-13,176.6,177.93,176.35,177.01,42426141,0.0
2019-03-14,177.115,177.34,176.66,176.71,23751480,0.0
2019-03-15,177.43,178.88,177.28,178.35,38191961,0.0
2019-03-18,177.95,178.99,177.5915,178.45,32935129,0.0
2019-03-19,179.16,180.0,178.29,179.05,36893340,0.0
2019-03-20,179.06,180.86,178.24,179.76,50105000,0.0
2019-03-21,179.24,182.83,179.2,182.57,42428480,0.0
2019-03-22,181.76,182.27,178.37,178.56,70794547,0.0
2019-03-25,177.92,178.84,176.93,178.22,46336520,0.0
2019-03-26,179.58,180.69,178.14,179.05,33248121,0.0
2019-03-27,179.27,179.72,176.6,177.9,37096699,0.0
2019-03-28,178.36,178.98,177.24,178.31,30368240,0.0
2019-03-29,179.63,179.83,178.59,179.66,35205512,0.0
2019-04-01,181.42,182.26,180.77,182.04,30969471,0.0
2019-04-02,182.23,182.905,181.78,182.73,22645150,0.0
2019-04-03,183.74,184.92,183.2089,183.78,31633480,0.0
2019-04-04,183.81,184.5,182.65,183.71,28530830,0.0
2019-04-05,184.3,184.77,184.0183,184.66,25674660,0.0
2019-04-08,184.37,185.28,183.63,185.13,22697539,0.0
2019-04-09,184.5,185.11,184.09,184.48,25631891,0.0
2019-04-10,184.75,185.53,184.52,185.47,24562961,0.0
2019-04-11,185.77,185.78,184.6899,185.03,20654090,0.0
2019-04-12,185.86,185.95,185.0601,185.83,24989141,0.0
2019-04-15,185.81,186.07,184.62,185.86,21073051,0.0
2019-04-16,186.51,186.91,185.93,186.5,27195711,0.0
2019-04-17,187.75,187.93,186.6,187.15,29651580,0.0
2019-04-18,187.48,187.7905,186.29,187.39,28580859,0.0
2019-04-22,186.54,187.99,186.43,187.92,17936029,0.0
2019-04-23,188.37,190.54,188.13,190.31,33665559,0.0
2019-04-24,190.44,190.71,189.65,189.71,24977109,0.0
2019-04-25,191.15,191.22,189.45,190.48,29517500,0.0
2019-04-26,190.2,190.69,188.59,190.65,26359539,0.0
2019-04-29,190.62,191.32,190.34,191.02,21716240,0.0
2019-04-30,189.48,189.85,188.21,189.54,31495279,0.0
2019-05-01,190.76,191.32,188.795,188.93,34797113,0.0
2019-05-02,188.88,189.85,186.87,188.11,44110121,0.0
2019-05-03,189.69,191.25,189.33,191.11,30386180,0.0
2019-05-06,187.1,190.2,186.76,189.94,38371781,0.0
2019-05-07,187.86,188.67,184.51,186.24,58818129,0.0
2019-05-08,185.68,187.17,184.96,185.77,37165320,0.0
2019-05-09,183.76,185.4121,182.09,184.77,55351672,0.0
2019-05-10,184.06,185.89,181.0302,185.0,58526398,0.0
2019-05-13,180.3,181.26,178.06,178.58,67185766,0.0
2019-05-14,179.51,181.63,178.86,180.54,43360641,0.0
2019-05-15,179.39,183.55,179.31,183.09,40944551,0.0
2019-05-16,183.11,186.07,182.95,184.93,39281160,0.0
2019-05-17,183.1,185.5813,182.88,183.04,44702281,0.0
2019-05-20,180.51,181.1799,179.34,179.95,38608289,0.0
2019-05-21,181.5,182.33,180.92,181.83,31613789,0.0
2019-05-22,180.81,182.07,180.75,181.02,24332551,0.0
2019-05-23,179.0,179.023,177.14,178.25,45351312,0.0
2019-05-24,179.3,179.85,177.94,178.16,25903270,0.0
2019-05-28,178.67,179.66,177.47,177.49,24763820,0.0
2019-05-29,176.45,177.0,175.09,176.03,42178770,0.0
2019-05-30,176.54,177.27,175.77,176.77,30354789,0.0
2019-05-31,174.71,175.29,173.87,173.95,45446207,0.0
2019-06-03,173.52,173.95,169.27,170.12,75842289,0.0
2019-06-04,171.98,174.97,171.37,174.91,47797848,0.0
2019-06-05,176.6,176.61,174.38,176.21,34412699,0.0
2019-06-06,176.52,178.04,175.73,177.61,29913211,0.0
2019-06-07,178.5,181.7666,178.33,181.04,45888352,0.0
2019-06-10,182.23,184.85,182.21,183.15,41385281,0.0
2019-06-11,185.07,185.4,182.78,183.4,41260320,0.0
2019-06-12,182.88,183.28,182.0,182.34,27758119,0.0
2019-06-13,183.12,183.87,182.74,183.42,23715830,0.0
2019-06-14,182.44,183.11,181.94,182.64,22844090,0.0
2019-06-17,183.01,184.25,182.835,183.74,20379480,0.0
2019-06-18,185.88,187.72,185.4291,186.41,48177301,0.0
2019-06-19,186.73,187.53,185.57,187.11,31672859,0.0
2019-06-20,189.72,189.76,187.1585,188.85,40921961,0.0
2019-06-21,188.57,189.77,188.1736,188.57,39980422,0.0
2019-06-24,188.52,188.72,188.06,188.16,19375211,0.0
2019-06-25,188.06,188.14,184.65,184.93,33921113,0.0
2019-06-26,186.13,187.33,185.49,185.79,22595721,0.0
2019-06-27,186.47,186.94,185.99,186.5,19709230,0.0
2019-06-28,186.95,187.15,186.07,186.74,21179250,0.0
2019-07-01,190.3,190.5699,188.38,189.26,31193391,0.0
2019-07-02,189.19,190.03,188.66,190.01,18035770,0.0
2019-07-03,190.45,191.44,190.29,191.44,15792070,0.0
2019-07-05,190.15,191.4,189.39,191.05,21415619,0.0
2019-07-08,189.86,189.87,188.93,189.71,17598830,0.0
2019-07-09,188.79,190.9,188.65,190.66,19193500,0.0
2019-07-10,191.79,193.09,191.47,192.56,28374510,0.0
2019-07-11,192.88,193.34,191.81,192.42,23736119,0.0
2019-07-12,192.63,193.54,192.45,193.53,20211881,0.0
2019-07-15,193.97,194.19,193.44,194.15,15606070,0.0
2019-07-16,193.86,194.09,192.56,193.15,20190891,0.0
2019-07-17,193.2,193.49,192.18,192.2,16765070,0.0
2019-07-18,191.3,192.79,190.69,192.42,29066340,0.0
2019-07-19,193.82,193.83,190.81,191.01,29387949,0.0
2019-07-22,191.5,192.94,191.44,192.53,18953600,0.0
2019-07-23,193.58,193.81,192.29,193.79,23786730,0.0
2019-07-24,193.07,195.16,193.03,195.15,20422869,0.0
2019-07-25,194.48,194.52,192.93,193.3,23434740,0.0
2019-07-26,194.52,195.55,194.43,195.29,20431240,0.0
2019-07-29,195.18,195.18,193.39,194.62,20451650,0.0
2019-07-30,193.16,194.54,192.99,193.78,18705010,0.0
2019-07-31,194.31,194.43,189.32,191.1,41627473,0.0
2019-08-01,191.51,194.98,189.23,190.15,63251648,0.0
2019-08-02,188.82,188.99,186.21,187.35,55214008,0.0
2019-08-05,183.51,183.51,179.2,180.73,75039969,0.0
2019-08-06,182.38,183.8,181.07,183.26,41897246,0.0
2019-08-07,181.32,184.51,179.89,184.25,49990594,0.0
2019-08-08,185.15,188.32,184.57,188.26,38418078,0.0
2019-08-09,187.32,188.0,185.03,186.49,33608930,0.0
2019-08-12,185.34,185.9,183.5,184.35,24642869,0.0
2019-08-13,184.27,189.68,184.02,188.39,40473039,0.0
2019-08-14,185.31,185.95,182.42,182.76,51000551,0.0
2019-08-15,183.11,183.59,181.16,182.55,36848180,0.0
2019-08-16,184.11,185.95,184.1,185.48,34785008,0.0
2019-08-19,188.03,188.83,187.5,188.43,22568631,0.0
2019-08-20,188.0,188.635,186.92,186.97,19939551,0.0
2019-08-21,188.66,189.23,187.96,188.63,20745480,0.0
2019-08-22,188.98,189.46,186.54,188.02,24270520,0.0
2019-08-23,186.76,188.45,181.56,182.07,55442887,0.0
2019-08-26,184.19,184.87,183.08,184.82,27689840,0.0
2019-08-27,186.08,186.42,183.71,184.43,28080090,0.0
2019-08-28,183.84,185.4,182.91,185.09,21848789,0.0
2019-08-29,187.37,188.4562,186.675,187.92,25427211,0.0
2019-08-30,188.94,188.97,186.41,187.47,26332750,0.0
2019-09-03,186.26,187.18,185.03,185.65,28026619,0.0
2019-09-04,187.43,188.49,186.9,188.33,21676340,0.0
2019-09-05,190.39,192.325,190.34,191.78,34060992,0.0
2019-09-06,192.03,192.17,191.17,191.59,19487820,0.0
2019-09-09,192.18,192.27,190.215,191.19,24407580,0.0
2019-09-10,190.19,190.74,188.91,190.64,23744689,0.0
2019-09-11,190.98,192.53,190.56,192.43,25063619,0.0
2019-09-12,193.64,194.71,192.97,193.23,28689881,0.0
2019-09-13,192.95,193.4,192.29,192.54,27669801,0.0
2019-09-16,191.3,192.08,191.11,191.68,20318990,0.0
2019-09-17,191.7,192.6,191.29,192.6,21113680,0.0
2019-09-18,192.2,192.6,190.11,192.52,31173061,0.0
2019-09-19,192.86,194.035,192.47,192.84,26214869,0.0
2019-09-20,193.11,193.31,190.16,190.8,30131529,0.0
2019-09-23,190.36,191.07,189.72,190.5,22917561,0.0
2019-09-24,191.37,191.79,187.151,187.97,41096609,0.0
2019-09-25,187.79,190.58,186.21,190.08,36499191,0.0
2019-09-26,189.87,190.0,187.98,189.38,27030029,0.0
2019-09-27,189.7,189.83,185.75,187.03,40804219,0.0
2019-09-30,187.75,189.11,187.4,188.81,26559840,0.0
2019-10-01,189.54,190.5898,186.955,187.27,32665029,0.0
2019-10-02,186.01,187.204,183.02,184.05,48931980,0.0
2019-10-03,184.07,186.2065,181.82,186.07,39612320,0.0
2019-10-04,186.99,189.08,186.88,188.81,32752670,0.0
2019-10-07,188.23,189.74,187.91,188.24,21404580,0.0
2019-10-08,187.01,187.8562,185.27,185.42,33201941,0.0
2019-10-09,186.96,188.08,186.43,187.23,20829010,0.0
2019-10-10,187.25,189.43,187.12,188.68,26693779,0.0
2019-10-11,190.8,192.63,190.72,191.11,41428910,0.0
2019-10-14,190.82,191.7,190.645,191.09,15372770,0.0
2019-10-15,191.65,193.97,191.56,193.52,23735830,0.0
2019-10-16,192.88,193.53,192.43,193.04,20689211,0.0
2019-10-17,194.18,194.5,192.81,193.55,19161820,0.0
2019-10-18,193.26,193.67,190.705,191.69,27719070,0.0
2019-10-21,192.65,193.52,192.14,193.39,15868950,0.0
2019-10-22,194.06,194.42,191.79,191.85,22988990,0.0
2019-10-23,191.43,192.2582,191.15,192.22,15198330,0.0
2019-10-24,193.62,194.21,192.74,194.09,19264221,0.0
2019-10-25,193.09,195.74,193.05,195.64,21507119,0.0
2019-10-28,196.57,197.83,196.55,197.57,18842301,0.0
2019-10-29,197.24,197.535,196.01,196.04,18569680,0.0
2019-10-30,196.42,197.32,195.29,196.99,21764311,0.0
2019-10-31,197.56,197.65,195.94,197.08,26801801,0.0
2019-11-01,197.93,198.88,197.63,198.87,22131881,0.0
2019-11-04,200.19,200.5251,198.8658,200.1,19015859,0.0
2019-11-05,200.35,200.55,199.55,200.21,15048860,0.0
2019-11-06,199.98,200.0,198.785,199.76,19725490,0.0
2019-11-07,200.76,201.72,199.85,200.43,17832359,0.0
2019-11-08,200.02,201.25,199.54,201.23,15272520,0.0
2019-11-11,200.23,201.0363,199.94,200.96,10187220,0.0
2019-11-12,201.13,202.21,200.82,201.54,14778280,0.0
2019-11-13,200.84,201.775,200.71,201.59,16110340,0.0
2019-11-14,200.83,201.56,200.22,201.43,17055689,0.0
2019-11-15,202.61,202.91,202.0,202.91,18434520,0.0
2019-11-18,202.61,203.39,201.77,203.07,18408801,0.0
2019-11-19,203.84,203.84,202.59,203.37,16997570,0.0
2019-11-20,202.85,203.45,200.62,202.15,36706281,0.0
2019-11-21,201.94,202.07,201.07,201.7,17934350,0.0
2019-11-22,202.17,202.32,200.74,201.83,17197020,0.0
2019-11-25,202.67,204.26,202.67,204.22,17794721,0.0
2019-11-26,204.32,204.87,204.05,204.61,14812920,0.0
2019-11-27,205.13,206.05,204.89,206.04,17060230,0.0
2019-11-29,205.59,205.83,205.0,205.1,9854553,0.0
2019-12-02,205.11,205.18,201.78,203.0,28121020,0.0
2019-12-03,200.32,201.49,193.785,201.41,31425400,0.0
2019-12-04,202.49,202.91,202.14,202.43,15336750,0.0
2019-12-05,203.15,203.15,201.84,202.83,15038790,0.0
2019-12-06,204.25,205.145,204.1501,205.0,16562250,0.0
2019-12-09,204.63,205.5937,203.98,204.07,14032180,0.0
2019-12-10,204.17,204.88,203.44,203.9,21849711,0.0
2019-12-11,204.37,205.19,204.04,204.98,18897760,0.0
2019-12-12,204.77,207.32,204.491,206.51,32704631,0.0
2019-12-13,206.36,207.91,205.96,207.19,32517820,0.0
2019-12-16,208.5,209.53,208.48,209.27,21366180,0.0
2019-12-17,209.5,209.71,209.04,209.39,16034650,0.0
2019-12-18,209.6,210.13,209.33,209.55,15490830,0.0
2019-12-19,209.64,210.93,209.62,210.86,17892061,0.0
2019-12-20,211.81,212.5186,211.27,211.71,27690930,0.0
2019-12-23,212.03,212.15,211.63,211.81,23798670,0.0
2019-12-24,211.97,212.09,211.44,211.92,7089020,0.0
2019-12-26,212.26,213.81,212.23,213.79,17159311,0.0
2019-12-27,214.55,214.56,213.04,213.61,18142240,0.0
2019-12-30,213.51,213.63,211.16,212.21,21829910,0.0
2019-12-31,211.62,212.76,211.2,212.61,18201590,0.0
2020-01-02,214.4,216.16,213.98,216.16,31014900,0.0
2020-01-03,213.29,215.47,213.28,214.18,27532660,0.0
2020-01-06,212.49,215.59,212.24,215.56,21726990,0.0
2020-01-07,215.64,216.14,214.85,215.53,23120990,0.0
2020-01-08,215.47,218.14,215.16,217.15,26464211,0.0
2020-01-09,218.91,219.41,217.7125,218.99,23641289,0.0
2020-01-10,219.76,219.87,218.04,218.43,21914631,0.0
2020-01-13,219.31,220.98,218.98,220.95,22846100,0.0
2020-01-14,220.75,221.21,219.74,220.08,24573340,0.0
2020-01-15,220.18,221.2,219.45,220.17,25742080,0.0
2020-01-16,221.24,222.32,220.8,222.28,18804961,0.0
2020-01-17,223.24,223.56,222.1221,223.38,24325170,0.0
2020-01-21,222.73,223.84,222.66,223.28,21146260,0.0
2020-01-22,224.38,225.15,223.59,223.87,20736400,0.0
2020-01-23,223.71,224.69,222.7,224.59,26496109,0.0
2020-01-24,225.62,225.88,221.6701,222.7,37436480,0.0
2020-01-27,217.72,219.2845,217.18,218.1,42264422,0.0
2020-01-28,219.6,221.96,219.06,221.45,26731881,0.0
2020-01-29,222.66,222.93,220.83,221.81,29063131,0.0
2020-01-30,220.37,222.7,219.6891,222.6,39568090,0.0
2020-01-31,223.5,223.56,218.285,219.07,52015832,0.0
2020-02-03,220.14,222.885,219.99,222.38,25468311,0.0
2020-02-04,225.39,227.86,224.6523,227.47,30691211,0.0
2020-02-05,230.22,230.25,226.85,228.22,38534820,0.0
2020-02-06,228.77,230.25,227.98,230.19,22467080,0.0
2020-02-07,229.16,230.44,228.54,229.2,25884930,0.0
2020-02-10,228.43,231.98,228.38,231.97,21478930,0.0
2020-02-11,233.21,234.02,231.3999,232.01,30197980,0.0
2020-02-12,233.34,234.38,232.8,234.27,24471279,0.0
2020-02-13,232.62,234.93,232.36,233.97,22773160,0.0
2020-02-14,234.28,234.86,233.5501,234.64,23438529,0.0
2020-02-18,233.47,235.17,233.25,234.73,24521240,0.0
2020-02-19,236.07,237.47,235.85,236.98,22230461,0.0
2020-02-20,236.46,236.95,231.88,234.78,42604020,0.0
2020-02-21,233.64,234.01,229.3211,230.27,66058609,0.0
2020-02-24,221.84,224.25,220.26,221.39,84522555,0.0
2020-02-25,223.19,223.9879,214.74,215.37,97742977,0.0
2020-02-26,216.67,220.28,214.9,216.48,80400047,0.0
2020-02-27,211.05,216.4235,205.5,205.64,121822602,0.0
2020-02-28,198.92,207.17,198.17,205.8,149247109,0.0
2020-03-02,208.88,216.57,205.94,216.42,112933906,0.0
2020-03-03,217.11,219.61,207.62,209.48,131953500,0.0
2020-03-04,213.32,218.33,211.37,218.22,73086211,0.0
2020-03-05,212.69,216.36,210.1,211.59,78705453,0.0
2020-03-06,204.67,209.15,202.91,208.02,89828391,0.0
2020-03-09,193.48,201.16,192.11,193.57,116424000,0.0
2020-03-10,201.11,204.3,193.6802,204.11,100599203,0.0
2020-03-11,199.35,200.75,192.73,195.22,89168781,0.0
2020-03-12,182.09,190.78,176.94,177.32,137820703,0.0
2020-03-13,187.07,194.48,178.13,192.34,134882000,0.0
2020-03-16,174.15,184.68,169.16,169.3,92054391,0.0
2020-03-17,175.47,184.39,169.78,182.14,121257102,0.0
2020-03-18,171.605,179.22,166.8,176.6,114156305,0.0
2020-03-19,175.69,183.49,171.63,177.66,120896492,0.0
2020-03-20,181.74,182.87,170.1,170.7,118983906,0.0
2020-03-23,170.92,174.21,164.93,170.46,124639602,0.0
2020-03-24,179.91,183.83,177.95,183.66,94881789,0.0
2020-03-25,184.42,189.51,179.98,182.3,88754914,0.0
2020-03-26,183.87,192.72,183.61,191.9,79887562,0.0
2020-03-27,186.93,190.5149,184.66,185.3,58844980,0.0
2020-03-30,187.1,192.49,186.3406,192.04,49356941,0.0
2020-03-31,191.53,195.25,189.2,190.4,62659273,0.0
2020-04-01,184.81,187.66,180.86,182.31,53715379,0.0
2020-04-02,181.59,190.1,180.97,186.01,56465352,0.0
2020-04-03,185.5,187.0716,181.29,183.37,47487621,0.0
2020-04-06,190.38,197.65,189.19,196.48,62795200,0.0
2020-04-07,202.14,202.66,196.0,196.4,69904477,0.0
2020-04-08,198.0835,201.17,196.1733,200.57,45940441,0.0
2020-04-09,202.27,203.22,199.0281,200.86,68323930,0.0
2020-04-13,199.92,203.42,198.75,203.03,42853953,0.0
2020-04-14,207.17,212.5,206.42,211.86,63959559,0.0
2020-04-15,208.48,211.8338,207.12,209.43,47035953,0.0
2020-04-16,211.78,214.369,209.69,213.25,64657359,0.0
2020-04-17,215.96,216.51,212.0801,215.29,62863219,0.0
2020-04-20,213.27,215.88,212.57,212.74,38249129,0.0
2020-04-21,210.63,211.16,203.63,204.89,72932766,0.0
2020-04-22,209.14,212.35,208.33,210.97,40188770,0.0
2020-04-23,211.8,214.435,210.095,210.52,43278539,0.0
2020-04-24,210.94,214.3,209.5,213.84,34303367,0.0
2020-04-27,216.18,216.63,214.5,215.56,36451699,0.0
2020-04-28,217.27,217.32,211.21,211.5,46862820,0.0
2020-04-29,216.21,219.97,215.14,219.0,48716406,0.0
2020-04-30,220.01,220.04,217.35,218.91,43359480,0.0
2020-05-01,214.54,216.67,211.68,212.74,48794969,0.0
2020-05-04,211.61,215.45,211.12,215.22,32841020,0.0
2020-05-05,217.4,220.14,216.85,217.66,37783078,0.0
2020-05-06,219.37,221.04,218.11,219.0,36455219,0.0
2020-05-07,221.75,222.73,220.42,221.82,38624840,0.0
2020-05-08,223.55,225.0,222.48,224.86,31964420,0.0
2020-05-11,223.5,227.93,223.25,226.87,35714129,0.0
2020-05-12,227.48,228.095,222.09,222.12,41054121,0.0
2020-05-13,222.65,224.61,216.71,219.34,65521207,0.0
2020-05-14,218.12,221.87,215.99,221.83,51549352,0.0
2020-05-15,218.77,223.33,218.33,223.27,55747207,0.0
2020-05-18,226.28,228.68,225.47,227.43,42597551,0.0
2020-05-19,227.66,229.85,226.71,226.86,36237301,0.0
2020-05-20,229.48,231.76,229.48,231.39,37417000,0.0
2020-05-21,231.49,232.135,228.34,228.87,43642910,0.0
2020-05-22,228.46,229.87,227.5,229.66,28762391,0.0
2020-05-26,233.44,233.57,228.79,229.04,33055352,0.0
2020-05-27,228.51,230.41,223.94,230.29,55665566,0.0
2020-05-28,229.05,233.47,229.05,229.99,43008480,0.0
2020-05-29,230.43,233.6,228.76,233.36,50878602,0.0
2020-06-01,232.4,234.45,232.0,234.06,26140131,0.0
2020-06-02,234.42,235.69,232.01,235.63,33383422,0.0
2020-06-03,236.23,237.47,235.35,236.69,37228699,0.0
2020-06-04,236.32,237.79,233.68,235.03,38716102,0.0
2020-06-05,236.06,240.297,235.63,239.69,47365566,0.0
2020-06-08,239.54,241.68,237.91,241.55,32937309,0.0
2020-06-09,240.66,244.18,240.47,243.3,35046246,0.0
2020-06-10,245.0,247.815,244.51,246.22,58084406,0.0
2020-06-11,242.29,243.59,233.96,234.02,72919438,0.0
2020-06-12,239.09,240.4,231.74,235.88,72034789,0.0
2020-06-15,232.44,239.45,231.47,238.75,45307367,0.0
2020-06-16,243.78,244.39,239.1,242.85,48890102,0.0
2020-06-17,244.4,245.5,242.73,243.62,34749273,0.0
2020-06-18,243.29,244.53,242.49,244.28,30578650,0.0
2020-06-19,246.74,247.0,242.45,244.24,49422113,0.0
2020-06-22,243.77,246.87,243.38,246.74,24068680,0.0
2020-06-23,248.39,251.15,247.82,248.84,32767369,0.0
2020-06-24,247.99,249.325,242.16,243.71,46032379,0.0
2020-06-25,243.91,246.34,241.14,246.03,36940809,0.0
2020-06-26,245.75,245.96,239.68,240.22,52824551,0.0
2020-06-29,239.98,242.85,237.35,242.84,34377801,0.0
2020-06-30,242.77,248.16,242.58,247.6,38909219,0.0
2020-07-01,247.66,251.52,247.0802,250.49,34689207,0.0
2020-07-02,252.97,254.27,251.71,252.19,31956500,0.0
2020-07-06,255.46,258.928,255.43,258.39,34589047,0.0
2020-07-07,258.1,260.88,256.3,256.61,36578191,0.0
2020-07-08,258.0,260.02,256.5,259.99,30426270,0.0
2020-07-09,261.89,262.87,257.63,262.18,40312910,0.0
2020-07-10,262.0,264.23,259.26,263.97,32885301,0.0
2020-07-13,266.87,269.79,257.69,258.54,64108090,0.0
2020-07-14,256.07,260.79,252.76,260.37,72230516,0.0
2020-07-15,261.68,262.69,257.49,260.9,54523871,0.0
2020-07-16,257.97,259.78,255.62,259.12,47594113,0.0
2020-07-17,259.71,260.31,257.17,259.42,35137871,0.0
2020-07-20,260.12,267.43,258.79,266.78,40610129,0.0
2020-07-21,268.41,268.41,263.125,264.0,43442969,0.0
2020-07-22,264.46,265.89,262.55,264.93,29865520,0.0
2020-07-23,264.55,265.24,256.55,258.01,51363539,0.0
2020-07-24,254.12,256.93,251.32,255.56,54054539,0.0
2020-07-27,257.36,260.52,256.445,260.12,36445738,0.0
2020-07-28,259.33,259.85,256.51,256.81,31302391,0.0
2020-07-29,258.33,260.66,257.91,259.77,27556881,0.0
2020-07-30,257.78,261.71,256.55,261.13,41774461,0.0
2020-07-31,265.83,265.95,260.85,265.79,53756160,0.0
2020-08-03,268.05,270.15,267.87,269.38,32081570,0.0
2020-08-04,268.74,270.48,268.09,270.38,24911289,0.0
2020-08-05,270.83,271.52,269.96,271.05,21685920,0.0
2020-08-06,270.78,274.98,270.19,274.64,28048221,0.0
2020-08-07,274.04,274.8818,269.245,271.47,44969359,0.0
2020-08-10,271.74,271.98,266.67,270.31,35088367,0.0
2020-08-11,269.1,270.44,264.63,265.19,43104320,0.0
2020-08-12,267.37,272.84,267.37,271.86,38894273,0.0
2020-08-13,272.64,274.83,271.51,272.48,31895721,0.0
2020-08-14,273.01,273.4,270.72,272.16,30799490,0.0
2020-08-17,273.91,275.84,272.1978,275.32,24802971,0.0
2020-08-18,276.41,278.465,274.91,277.97,23529500,0.0
2020-08-19,277.93,279.02,275.57,276.1,31999359,0.0
2020-08-20,275.3,280.43,274.86,279.93,27723381,0.0
2020-08-21,280.07,282.34,279.461,281.87,34748930,0.0
2020-08-24,285.06,286.0,281.27,283.63,36418527,0.0
2020-08-25,282.78,286.06,282.37,285.86,34866594,0.0
2020-08-26,287.11,292.22,285.829,291.96,42216688,0.0
2020-08-27,293.08,293.851,288.705,291.05,49482719,0.0
2020-08-28,292.27,293.18,290.93,292.53,28021020,0.0
2020-08-31,293.16,296.745,292.62,294.88,36321031,0.0
2020-09-01,297.6,300.04,295.79,299.92,36395770,0.0
2020-09-02,303.26,303.5,296.89,302.76,50836770,0.0
2020-09-03,298.2,298.62,284.41,287.41,110083297,0.0
2020-09-04,285.76,288.93,271.8,283.58,123959000,0.0
2020-09-08,272.27,278.22,269.66,269.95,99568648,0.0
2020-09-09,275.54,280.045,273.0,277.88,64837871,0.0
2020-09-10,280.97,282.195,270.56,272.34,69667453,0.0
2020-09-11,274.33,275.22,266.9,270.45,71809008,0.0
2020-09-14,274.28,277.22,272.96,275.16,38525191,0.0
2020-09-15,278.9,280.45,275.1332,279.06,41849930,0.0
2020-09-16,279.77,280.36,274.25,274.61,42435633,0.0
2020-09-17,267.52,274.3955,266.68,270.32,81570844,0.0
2020-09-18,271.62,272.09,262.63,266.87,86251117,0.0
2020-09-21,262.52,267.65,260.11,267.51,57168566,0.0
2020-09-22,270.05,273.08,266.54,272.48,41128887,0.0
2020-09-23,272.15,272.34,263.2502,264.16,48837273,0.0
2020-09-24,261.58,268.7,261.22,265.39,70631695,0.0
2020-09-25,265.82,272.395,264.2999,271.56,55242379,0.0
2020-09-28,276.615,277.2,271.674,277.2,58438289,0.0
2020-09-29,276.72,277.71,275.3719,275.95,27178920,0.0
2020-09-30,276.09,281.09,275.8717,277.84,49380801,0.0
2020-10-01,281.79,282.8794,279.84,282.25,50020219,0.0
2020-10-02,276.01,282.2412,273.44,274.31,75497391,0.0
2020-10-05,276.34,280.49,276.23,280.16,28184580,0.0
2020-10-06,279.29,281.19,274.25,275.16,49704238,0.0
2020-10-07,277.83,280.74,277.28,279.92,27539660,0.0
2020-10-08,282.32,282.47,280.31,281.41,25443289,0.0
2020-10-09,283.09,285.79,282.71,285.71,30201141,0.0
2020-10-12,290.6,297.46,289.47,294.53,79370656,0.0
2020-10-13,296.34,297.0496,293.11,294.52,64240031,0.0
2020-10-14,295.32,296.35,290.26,292.06,37181230,0.0
2020-10-15,287.25,290.71,286.54,290.1,42514180,0.0
2020-10-16,291.8,293.269,288.15,288.51,40570699,0.0
2020-10-19,290.49,291.48,282.79,283.8,36756754,0.0
2020-10-20,284.56,287.62,282.95,284.41,32195359,0.0
2020-10-21,284.67,287.32,283.69,284.19,29306141,0.0
2020-10-22,285.05,285.98,280.82,284.18,32196160,0.0
2020-10-23,284.79,284.91,281.7818,284.74,24658539,0.0
2020-10-26,282.32,285.3,276.76,280.47,38421090,0.0
2020-10-27,281.42,283.505,280.2,282.66,30559119,0.0
2020-10-28,278.13,278.6401,271.38,271.64,53413520,0.0
2020-10-29,273.04,279.49,272.52,276.39,43246301,0.0
2020-10-30,274.375,275.24,267.07,269.38,65935891,0.0
2020-11-02,271.73,273.52,266.97,269.98,39987406,0.0
2020-11-03,271.86,276.82,270.84,274.65,43604152,0.0
2020-11-04,283.56,288.77,281.87,286.91,75728211,0.0
2020-11-05,293.41,295.39,292.0,294.39,52054191,0.0
2020-11-06,293.58,295.36,289.83,294.61,40959762,0.0
2020-11-09,297.31,299.14,288.12,288.59,86537070,0.0
2020-11-10,285.26,286.6599,280.62,283.42,69024883,0.0
2020-11-11,285.92,290.25,283.38,289.76,36102930,0.0
2020-11-12,290.72,292.074,287.25,288.4,34516832,0.0
2020-11-13,290.01,291.57,287.8701,290.93,24880580,0.0
2020-11-16,290.68,293.51,289.99,293.2,30168359,0.0
2020-11-17,293.4,293.74,291.61,292.27,21843461,0.0
2020-11-18,291.7,293.37,290.02,290.11,28069619,0.0
2020-11-19,289.48,292.7,288.85,292.38,22718420,0.0
2020-11-20,292.3,293.065,290.29,290.38,25907311,0.0
2020-11-23,291.41,292.75,288.07,290.39,26875590,0.0
2020-11-24,291.49,294.98,289.63,294.47,24516789,0.0
2020-11-25,295.44,296.94,294.59,296.28,23326830,0.0
2020-11-27,298.29,300.17,297.9,299.01,17163119,0.0
2020-11-30,299.3,299.97,294.78,299.62,27836230,0.0
2020-12-01,301.87,305.14,300.83,303.46,27642641,0.0
2020-12-02,302.22,304.195,300.35,303.85,23620000,0.0
2020-12-03,304.07,305.88,303.531,304.28,22828730,0.0
2020-12-04,304.33,305.67,303.63,305.52,19332080,0.0
2020-12-07,305.71,307.63,305.52,307.25,20850971,0.0
2020-12-08,306.76,308.6,304.95,308.29,18341461,0.0
2020-12-09,308.07,308.36,300.21,301.31,48839312,0.0
2020-12-10,299.21,303.68,298.09,302.52,27519539,0.0
2020-12-11,300.81,301.98,298.47,301.85,26760420,0.0
2020-12-14,303.08,306.05,303.01,304.04,28804830,0.0
2020-12-15,306.37,307.29,304.11,307.29,25790461,0.0
2020-12-16,307.7,309.785,306.621,308.98,25461891,0.0
2020-12-17,310.63,311.24,309.39,311.0,23730520,0.0
2020-12-18,311.66,311.98,307.61,310.06,41173391,0.0
2020-12-21,306.46,309.47,303.6,308.92,37095480,0.0
2020-12-22,309.85,310.7105,306.845,309.76,26378340,0.0
2020-12-23,309.81,310.18,308.035,308.2,21201279,0.0
2020-12-24,308.47,310.02,308.39,309.56,16785000,0.0
2020-12-28,312.25,313.17,310.36,312.68,22497750,0.0
2020-12-29,314.05,314.685,312.03,312.96,25871930,0.0
2020-12-30,314.16,314.49,312.33,312.97,18138070,0.0
2020-12-31,312.87,314.24,311.76,313.74,21611410,0.0
2021-01-04,315.11,315.29,305.18,309.31,45305898,0.0
2021-01-05,308.29,312.14,308.29,311.86,29323410,0.0
2021-01-06,307.0,311.88,305.98,307.54,52809621,0.0
2021-01-07,310.28,315.84,310.25,314.98,30394830,0.0
2021-01-08,317.34,319.39,315.0814,319.03,33955848,0.0
2021-01-11,315.98,317.19,313.75,314.42,32869102,0.0
2021-01-12,314.46,315.58,311.2,313.92,29266760,0.0
2021-01-13,314.19,316.86,313.57,316.04,22898420,0.0
2021-01-14,316.5,317.53,313.8616,314.35,23500131,0.0
2021-01-15,314.13,315.12,310.58,311.86,35118719,0.0
2021-01-19,314.25,316.93,313.12,316.41,24537051,0.0
2021-01-20,320.14,324.74,316.509,323.77,30728100,0.0
2021-01-21,325.15,327.13,323.73,326.36,25316939,0.0
2021-01-22,325.29,326.46,324.71,325.42,21609439,0.0
2021-01-25,328.91,330.32,321.41,328.11,39080641,0.0
2021-01-26,328.85,329.76,327.22,328.59,25498109,0.0
2021-01-27,326.26,326.27,317.36,319.43,55263992,0.0
2021-01-28,320.67,326.42,320.03,321.32,42836320,0.0
2021-01-29,319.58,320.7193,312.76,314.56,55259020,0.0
2021-02-01,318.11,323.54,316.02,322.42,35646008,0.0
2021-02-02,325.48,328.87,325.31,327.68,33930840,0.0
2021-02-03,329.82,330.195,326.32,326.38,24824520,0.0
2021-02-04,327.82,330.33,326.46,330.24,22350949,0.0
2021-02-05,331.22,332.4025,329.53,331.36,22731961,0.0
2021-02-08,333.1,333.74,331.41,333.58,20462811,0.0
2021-02-09,332.62,334.81,332.61,333.51,17597480,0.0
2021-02-10,334.99,335.46,329.5,332.75,28068699,0.0
2021-02-11,334.33,335.0,332.12,334.58,22046070,0.0
2021-02-12,333.71,336.62,332.63,336.45,20346820,0.0
2021-02-16,337.27,338.19,334.34,335.54,27080779,0.0
2021-02-17,332.47,335.657,330.17,333.93,31467461,0.0
2021-02-18,330.23,333.8661,328.36,332.47,32236240,0.0
2021-02-19,333.86,333.99,329.97,331.02,39157680,0.0
2021-02-22,326.5,327.8,322.23,322.44,47256941,0.0
2021-02-23,317.0,323.2,311.0,321.48,97241938,0.0
2021-02-24,318.74,324.45,315.96,324.13,58206273,0.0
2021-02-25,321.39,324.03,311.24,312.83,110182602,0.0
2021-02-26,315.85,319.11,310.88,314.14,104739797,0.0
2021-03-01,319.27,323.94,317.935,323.59,49164520,0.0
2021-03-02,324.25,324.33,318.14,318.4,48370031,0.0
2021-03-03,317.27,318.24,309.1,309.16,86301070,0.0
2021-03-04,308.78,312.04,300.11,304.1,139131594,0.0
2021-03-05,306.795,309.609,297.45,308.68,121523695,0.0
2021-03-08,308.12,310.06,299.51,299.94,88409773,0.0
2021-03-09,307.47,313.73,306.92,311.77,80391109,0.0
2021-03-10,316.16,316.47,310.17,310.88,76798070,0.0
2021-03-11,315.77,319.86,314.85,318.04,53484801,0.0
2021-03-12,313.86,318.2302,311.391,315.46,69315602,0.0
2021-03-15,315.79,319.0,314.095,318.83,43123180,0.0
2021-03-16,321.09,324.2,319.1,320.58,54925898,0.0
2021-03-17,317.45,323.85,315.68,321.9,78258727,0.0
2021-03-18,316.87,317.8801,311.57,312.04,82942273,0.0
2021-03-19,311.87,314.73,309.6601,313.14,78446203,0.0
2021-03-22,315.21,320.74,315.21,318.61,56194762,0.0
2021-03-23,319.73,321.09,316.375,317.22,53455406,0.0
2021-03-24,318.63,318.67,311.72,311.87,64803727,0.0
2021-03-25,309.968,312.885,307.3899,311.33,78729008,0.0
2021-03-26,311.11,316.33,309.67,316.0,63519633,0.0
2021-03-29,315.45,316.99,312.47,315.91,54607961,0.0
2021-03-30,313.89,314.91,311.54,314.32,44635680,0.0
2021-03-31,316.16,320.74,315.81,319.13,55032539,0.0
2021-04-01,323.07,324.71,322.81,324.57,55685602,0.0
2021-04-05,327.13,331.84,324.6375,331.05,42172480,0.0
2021-04-06,330.73,332.83,330.02,330.82,33537211,0.0
2021-04-07,330.33,332.48,329.37,331.62,32046381,0.0
2021-04-08,334.56,335.27,333.7399,335.08,29940801,0.0
2021-04-09,333.68,337.32,332.92,337.11,36664887,0.0
2021-04-12,336.04,337.1,334.73,336.67,25833010,0.0
2021-04-13,338.24,341.08,338.02,340.6,30374029,0.0
2021-04-14,340.85,340.98,335.67,336.51,42564340,0.0
2021-04-15,339.47,342.01,336.2153,341.61,36342820,0.0
2021-04-16,342.15,342.23,340.08,342.01,40860102,0.0
2021-04-19,340.39,341.58,336.9016,338.88,34533129,0.0
2021-04-20,338.2,339.52,334.3816,336.41,38081820,0.0
2021-04-21,335.09,339.48,333.97,339.29,36598078,0.0
2021-04-22,338.89,339.9,334.01,335.2,45936141,0.0
2021-04-23,335.85,340.767,335.85,339.42,36414922,0.0
2021-04-26,339.67,341.92,338.9,341.63,30811971,0.0
2021-04-27,341.93,342.15,339.17,340.15,33187180,0.0
2021-04-28,339.81,340.85,338.3301,339.0,33615699,0.0
2021-04-29,342.37,342.8,336.9001,340.22,37708879,0.0
2021-04-30,337.7,340.26,337.05,337.99,38263422,0.0
2021-05-03,339.23,340.0,335.73,336.19,29729730,0.0
2021-05-04,333.56,333.89,326.21,330.14,65146969,0.0
2021-05-05,332.25,333.14,328.23,329.03,46219312,0.0
2021-05-06,328.76,331.67,326.45,331.51,46814281,0.0
2021-05-07,334.37,336.65,331.6914,334.2,53324461,0.0
2021-05-10,332.78,332.96,325.55,325.76,60700461,0.0
2021-05-11,319.7,326.1299,319.02,325.31,71963609,0.0
2021-05-12,320.23,322.62,316.0,316.89,91164867,0.0
2021-05-13,319.92,322.4,316.9,319.34,69877766,0.0
2021-05-14,322.6,327.33,322.08,326.39,44370020,0.0
2021-05-17,324.63,326.3721,321.45,324.41,39187121,0.0
2021-05-18,325.39,326.65,321.94,322.22,36528449,0.0
2021-05-19,316.66,322.9,316.3,322.59,66319109,0.0
2021-05-20,324.12,329.71,323.89,328.83,46466141,0.0
2021-05-21,330.43,330.86,326.64,327.01,50330449,0.0
2021-05-24,329.37,333.67,326.9032,332.51,32475770,0.0
2021-05-25,334.07,334.81,331.755,332.97,31280311,0.0
2021-05-26,333.66,334.61,332.95,334.13,25444930,0.0
2021-05-27,333.67,334.54,332.67,332.88,27931750,0.0
2021-05-28,334.12,335.5699,333.6,333.93,29927449,0.0
2021-06-01,335.3,335.785,331.43,332.82,31145420,0.0
2021-06-02,333.25,334.34,331.695,333.47,22047939,0.0
2021-06-03,330.55,331.86,328.28,330.0,37057832,0.0
2021-06-04,331.85,336.0582,331.78,335.6,38736551,0.0
2021-06-07,335.05,336.66,334.34,336.6,32611850,0.0
2021-06-08,338.395,339.29,335.03,336.76,27282820,0.0
2021-06-09,338.17,338.97,336.651,336.84,21485320,0.0
2021-06-10,337.19,340.46,336.73,340.35,33702070,0.0
2021-06-11,340.36,341.25,339.69,341.24,21222830,0.0
2021-06-14,341.68,344.52,340.46,344.51,27827721,0.0
2021-06-15,344.15,344.47,341.52,342.26,35963781,0.0
2021-06-16,342.74,343.84,337.45,341.01,55399539,0.0
2021-06-17,339.97,346.38,339.92,345.34,59722699,0.0
2021-06-18,343.63,344.8082,341.86,342.63,55414859,0.0
2021-06-21,342.43,344.69,340.15,344.36,32992648,0.0
2021-06-22,344.15,348.03,343.84,347.57,28941631,0.0
2021-06-23,347.51,348.92,346.88,347.74,27188449,0.0
2021-06-24,349.73,351.46,349.17,349.89,32581609,0.0
2021-06-25,350.47,350.72,348.84,349.46,28682801,0.0
2021-06-28,350.78,353.85,350.72,353.71,39130312,0.0
2021-06-29,353.53,355.0199,352.67,354.99,29426039,0.0
2021-06-30,354.83,355.23,353.83,354.43,32723961,0.0
2021-07-01,354.07,355.09,352.68,354.57,29289980,0.0
2021-07-02,356.52,358.97,356.28,358.64,32727240,0.0
2021-07-06,359.26,360.48,356.49,360.19,38842398,0.0
2021-07-07,362.45,362.76,358.94,360.95,35265238,0.0
2021-07-08,355.74,359.65,354.42,358.77,50890020,0.0
2021-07-09,358.17,361.5,357.57,361.01,35184527,0.0
2021-07-12,362.45,362.89,360.83,362.42,25717680,0.0
2021-07-13,362.03,365.465,361.54,362.42,39723020,0.0
2021-07-14,364.83,365.49,362.22,363.07,35336352,0.0
2021-07-15,362.98,363.19,358.46,360.52,53391559,0.0
2021-07-16,361.4,362.41,357.24,357.6,47261961,0.0
2021-07-19,354.05,355.18,352.04,354.67,64404633,0.0
2021-07-20,355.63,360.28,353.8,358.79,42183699,0.0
2021-07-21,358.35,361.56,358.12,361.56,30259859,0.0
2021-07-22,361.77,363.96,361.77,363.95,30252240,0.0
2021-07-23,365.31,368.485,363.9157,368.2,31960801,0.0
2021-07-26,367.49,368.89,366.601,368.49,28438131,0.0
2021-07-27,368.22,368.22,360.16,364.43,57933152,0.0
2021-07-28,365.6,367.45,363.24,365.83,42066199,0.0
2021-07-29,365.25,367.6794,365.25,366.48,25672529,0.0
2021-07-30,362.44,365.17,362.41,364.57,36484648,0.0
2021-08-02,366.28,366.88,363.87,364.6,27334100,0.0
2021-08-03,365.28,366.93,362.0,366.81,35558512,0.0
2021-08-04,366.77,368.32,365.63,367.34,29602240,0.0
2021-08-05,368.18,369.91,367.45,369.67,21443930,0.0
2021-08-06,368.37,369.37,366.905,368.05,33332109,0.0
2021-08-09,368.52,369.27,367.39,368.73,25960250,0.0
2021-08-10,369.26,369.56,365.62,366.84,35130801,0.0
2021-08-11,368.14,368.65,364.84,366.21,34249809,0.0
2021-08-12,365.69,367.9,364.295,367.53,26003881,0.0
2021-08-13,367.89,369.16,367.38,368.82,19336189,0.0
2021-08-16,367.67,369.02,363.7,368.98,35044113,0.0
2021-08-17,366.15,367.15,363.23,365.73,44793898,0.0
2021-08-18,365.18,366.62,361.865,362.21,38541941,0.0
2021-08-19,360.22,365.68,359.96,363.96,48499367,0.0
2021-08-20,365.06,368.14,364.74,367.73,39486031,0.0
2021-08-23,368.8,373.935,368.79,373.23,34034738,0.0
2021-08-24,373.84,374.99,373.36,374.37,21732910,0.0
2021-08-25,374.63,375.39,373.855,374.8,20441881,0.0
2021-08-26,373.92,374.62,371.97,372.42,29133330,0.0
2021-08-27,373.07,376.56,372.57,376.04,27104750,0.0
2021-08-30,376.85,380.76,376.83,380.26,27295670,0.0
2021-08-31,380.51,380.579,378.36,379.95,29628180,0.0
2021-09-01,381.04,382.71,380.37,380.58,28138311,0.0
2021-09-02,381.97,382.31,379.15,380.4,25503539,0.0
2021-09-03,379.22,381.98,379.2003,381.57,24624939,0.0
2021-09-07,381.68,382.778,380.4882,382.11,23970199,0.0
2021-09-08,381.93,381.93,378.45,380.78,32949160,0.0
2021-09-09,381.01,382.15,379.22,379.47,29398980,0.0
2021-09-10,381.23,381.97,376.245,376.59,40249406,0.0
2021-09-13,378.99,379.43,374.22,376.33,48741781,0.0
2021-09-14,377.86,378.61,374.28,375.26,41826621,0.0
2021-09-15,375.73,378.41,373.37,378.05,34097871,0.0
2021-09-16,376.68,378.9,374.695,378.31,35193078,0.0
2021-09-17,377.82,377.87,372.76,373.83,60912273,0.0
2021-09-20,367.46,369.25,360.93,365.7,76203203,0.0
2021-09-21,367.58,368.81,364.99,366.15,41927480,0.0
2021-09-22,367.09,371.07,365.9584,369.57,46972922,0.0
2021-09-23,370.76,374.04,370.099,372.98,44652000,0.0
2021-09-24,370.65,373.76,370.27,373.33,36056801,0.0
2021-09-27,370.2,371.2516,367.73,370.35,43338078,0.0
2021-09-28,365.67,370.302,359.35,359.87,97701633,0.0
2021-09-29,361.17,363.37,358.635,359.28,58076621,0.0
2021-09-30,360.97,362.68,357.1,357.96,61384578,0.0
2021-10-01,358.6,361.25,354.38,360.18,56375488,0.0
2021-10-04,358.52,358.86,350.32,352.62,76766008,0.0
2021-10-05,353.71,359.69,353.48,357.38,47232898,0.0
2021-10-06,354.08,359.95,353.15,359.67,56806539,0.0
2021-10-07,362.8,365.69,362.25,362.97,39411168,0.0
2021-10-08,364.08,364.3166,360.61,361.16,41822312,0.0
2021-10-11,359.58,363.2,358.3,358.39,34847180,0.0
2021-10-12,359.88,360.33,356.48,357.14,43905102,0.0
2021-10-13,359.51,360.69,357.43,360.0,40120801,0.0
2021-10-14,363.69,366.85,363.01,366.63,43433871,0.0
2021-10-15,367.88,369.06,366.82,368.94,40419879,0.0
2021-10-18,367.61,372.87,366.99,372.65,34513512,0.0
2021-10-19,373.75,375.52,372.6974,375.47,29090961,0.0
2021-10-20,375.94,376.565,373.46,374.98,31390340,0.0
2021-10-21,374.16,377.47,373.85,377.27,25469279,0.0
2021-10-22,375.98,376.97,372.385,374.1,36275820,0.0
2021-10-25,375.56,378.87,373.56,377.93,32597801,0.0
2021-10-26,380.23,382.71,377.905,379.12,47191281,0.0
2021-10-27,379.58,383.15,379.31,380.0,45760500,0.0
2021-10-28,381.95,384.48,381.155,384.22,38007008,0.0
2021-10-29,381.06,386.28,380.7,386.11,37310121,0.0
2021-11-01,386.56,387.56,384.42,387.43,30765301,0.0
2021-11-02,386.8,389.54,386.75,389.05,25135289,0.0
2021-11-03,389.55,393.61,388.48,393.18,33748898,0.0
2021-11-04,394.48,399.2,393.92,398.22,40265312,0.0
2021-11-05,400.04,400.99,397.16,398.6,43383801,0.0
2021-11-08,398.57,399.62,397.4,398.06,29256270,0.0
2021-11-09,399.16,399.57,393.92,395.32,50490719,0.0
2021-11-10,392.47,395.36,387.53,389.51,54937391,0.0
2021-11-11,392.57,392.75,390.24,390.59,32242980,0.0
2021-11-12,391.77,395.25,390.13,394.7,34730559,0.0
2021-11-15,395.91,396.24,392.095,394.61,33716859,0.0
2021-11-16,393.86,397.93,393.66,397.42,27872939,0.0
2021-11-17,397.75,399.7196,396.64,397.63,28703260,0.0
2021-11-18,399.73,402.27,397.45,401.75,45721520,0.0
2021-11-19,403.43,405.3,402.58,403.99,45191719,0.0
2021-11-22,405.57,408.71,399.19,399.3,61715367,0.0
2021-11-23,398.11,400.23,392.92,397.48,70098734,0.0
2021-11-24,394.93,399.05,392.54,398.76,46954379,0.0
2021-11-26,396.11,397.54,389.77,391.2,51533312,0.0
2021-11-29,395.89,400.73,395.14,399.69,54447113,0.0
2021-11-30,398.78,401.19,391.75,393.82,81332688,0.0
2021-12-01,398.28,400.48,386.64,387.12,78379250,0.0
2021-12-02,385.8,391.74,384.34,389.91,84416625,0.0
2021-12-03,391.31,392.34,378.9,383.13,105349102,0.0
2021-12-06,383.63,387.6,379.3,386.2,67588797,0.0
2021-12-07,393.03,398.46,392.99,397.83,56005262,0.0
2021-12-08,398.17,399.82,396.22,399.61,39204039,0.0
2021-12-09,398.35,400.2,393.5299,393.73,49973711,0.0
2021-12-10,396.62,398.28,393.36,398.01,52545770,0.0
2021-12-13,398.0,398.325,391.88,392.26,50166406,0.0
2021-12-14,387.3,390.09,383.63,388.2,75199188,0.0
2021-12-15,387.94,397.4198,383.88,397.05,73858031,0.0
2021-12-16,398.04,398.475,385.21,386.84,82591367,0.0
2021-12-17,383.33,389.19,381.77,384.91,81642852,0.0
2021-12-20,379.565,381.5,377.47,380.69,65336832,0.0
2021-12-21,384.05,389.53,380.201,389.21,48899480,0.0
2021-12-22,388.91,394.16,388.23,393.95,37042199,0.0
2021-12-23,394.31,398.425,394.14,396.92,29595539,0.0
2021-12-27,398.25,403.48,398.2194,403.48,32820711,0.0
2021-12-28,404.4,404.58,400.71,401.61,33113730,0.0
2021-12-29,401.75,403.05,399.11,401.55,32248480,0.0
2021-12-30,401.33,403.5699,399.75,400.35,23850070,0.0
2021-12-31,399.66,401.0589,397.34,397.85,34752879,0.0
2022-01-03,399.05,401.94,396.88,401.68,40575848,0.0
2022-01-04,402.24,402.28,393.288,396.47,58027207,0.0
2022-01-05,394.74,395.89,384.03,384.29,75739852,0.0
2022-01-06,382.42,387.35,380.13,384.02,70814320,0.0
2022-01-07,384.03,385.76,378.04,379.86,72652305,0.0
2022-01-10,374.82,380.64,369.31,380.11,91770492,0.0
2022-01-11,379.355,385.9899,377.2182,385.82,68295695,0.0
2022-01-12,388.46,390.2,385.01,387.35,54576367,0.0
2022-01-13,388.77,389.47,376.7,377.66,77993961,0.0
2022-01-14,375.07,380.35,374.86,380.01,80121211,0.0
2022-01-18,374.04,376.22,369.7704,370.55,75812305,0.0
2022-01-19,372.15,374.69,366.21,366.48,81791477,0.0
2022-01-20,369.79,373.87,361.17,361.72,88610680,0.0
2022-01-21,359.47,362.18,351.4,351.69,143388891,0.0
2022-01-24,345.905,353.98,334.15,353.3,199448094,0.0
2022-01-25,346.67,351.0295,341.68,345.11,124398398,0.0
2022-01-26,352.91,356.88,340.78,344.57,146559500,0.0
2022-01-27,349.4,351.27,340.05,341.1,95255664,0.0
2022-01-28,343.03,352.02,337.95,351.8,108167906,0.0
2022-01-31,353.2,363.65,351.52,363.05,94326391,0.0
2022-02-01,364.43,366.19,359.14,365.52,74433023,0.0
2022-02-02,369.76,370.1,364.285,368.49,78777133,0.0
2022-02-03,358.53,361.93,352.46,353.55,95384766,0.0
2022-02-04,354.08,361.4,351.97,358.01,86318305,0.0
2022-02-07,358.62,361.05,353.84,355.13,58198090,0.0
2022-02-08,353.96,360.24,352.8,359.12,64720898,0.0
2022-02-09,363.76,366.81,362.12,366.73,55766422,0.0
2022-02-10,359.52,366.4885,356.54,358.43,112468492,0.0
2022-02-11,358.43,360.07,345.8,347.06,101569102,0.0
2022-02-14,346.49,350.98,343.89,347.49,80254438,0.0
2022-02-15,352.91,356.37,351.82,356.13,55390809,0.0
2022-02-16,353.82,357.0896,350.71,356.04,58947090,0.0
2022-02-17,352.74,353.46,345.02,345.45,61801352,0.0
2022-02-18,346.41,346.81,339.14,341.51,80001516,0.0
2022-02-22,338.49,344.04,334.35,338.08,85967102,0.0
2022-02-23,341.32,342.183,329.1,329.42,86215367,0.0
2022-02-24,318.84,341.04,318.26,340.49,130614094,0.0
2022-02-25,341.31,345.98,337.39,345.77,78842086,0.0
2022-02-28,342.51,348.54,341.32,346.8,77515539,0.0
2022-03-01,345.75,348.078,338.9,341.49,67407000,0.0
2022-03-02,343.08,348.59,340.24,347.22,70609023,0.0
2022-03-03,349.93,350.04,340.35,342.26,71089391,0.0
2022-03-04,339.84,341.31,334.92,337.3,77009758,0.0
2022-03-07,337.29,338.48,324.65,324.86,89933789,0.0
2022-03-08,324.05,333.21,319.94,323.35,116153906,0.0
2022-03-09,331.75,336.38,329.09,334.99,64723367,0.0
2022-03-10,330.82,332.51,326.71,331.27,69362711,0.0
2022-03-11,334.32,334.64,323.9,324.4,66228430,0.0
2022-03-14,323.13,326.59,317.45,318.17,79802609,0.0
2022-03-15,320.88,328.95,319.23,328.15,76470992,0.0
2022-03-16,332.17,340.44,328.401,340.32,105243000,0.0
2022-03-17,338.37,344.5,337.0406,344.44,67809953,0.0
2022-03-18,342.74,351.79,341.55,351.49,85446352,0.0
2022-03-21,350.2,352.48,345.575,350.08,73799070,0.0
2022-03-22,350.59,357.85,350.2,356.96,63345930,0.0
2022-03-23,354.01,357.66,351.77,351.83,70615453,0.0
2022-03-24,353.8,359.7,351.5939,359.65,53555246,0.0
2022-03-25,359.59,360.67,354.9438,359.35,57584160,0.0
2022-03-28,359.34,365.01,358.07,364.91,56833871,0.0
2022-03-29,368.9,371.83,366.06,371.19,68072961,0.0
2022-03-30,369.275,370.98,365.57,367.09,68757711,0.0
2022-03-31,367.24,367.6,361.68,362.54,67011406,0.0
2022-04-01,362.81,363.61,358.59,361.85,54527762,0.0
2022-04-04,362.71,369.31,362.44,369.3,45950168,0.0
2022-04-05,367.81,368.54,359.93,361.1,62738660,0.0
2022-04-06,355.65,356.78,350.56,353.26,90077070,0.0
2022-04-07,352.24,356.35,348.69,354.1,63777367,0.0
2022-04-08,352.32,353.09,348.5,349.15,61956090,0.0
2022-04-11,344.81,345.75,340.535,340.89,66107398,0.0
2022-04-12,345.76,347.69,338.035,339.45,72790227,0.0
2022-04-13,339.8,347.43,339.06,346.35,61367762,0.0
2022-04-14,346.44,346.97,338.21,338.43,73519367,0.0
2022-04-18,337.35,341.04,335.791,338.69,58560559,0.0
2022-04-19,338.03,346.85,336.98,346.26,56515680,0.0
2022-04-20,347.09,347.56,339.96,341.21,65500020,0.0
2022-04-21,345.19,347.87,333.2,334.15,75801008,0.0
2022-04-22,334.31,335.56,324.96,325.4,82562148,0.0
2022-04-25,323.73,329.9,322.43,329.58,101755906,0.0
2022-04-26,327.47,327.66,316.855,317.14,105819602,0.0
2022-04-27,317.24,322.88,315.0,316.76,111204203,0.0
2022-04-28,321.85,329.89,317.52,328.01,99449961,0.0
2022-04-29,323.7,327.225,312.6,313.25,91977859,0.0
2022-05-02,312.83,318.72,309.645,318.48,115511797,0.0
2022-05-03,318.5,321.17,315.98,318.82,78185531,0.0
2022-05-04,319.31,330.29,313.891,329.6,116083398,0.0
2022-05-05,325.17,325.25,309.62,313.0,154607391,0.0
2022-05-06,310.95,315.09,305.105,309.25,139572797,0.0
2022-05-09,303.48,309.3487,295.72,297.15,113387297,0.0
2022-05-10,304.51,305.76,296.57,300.76,124124602,0.0
2022-05-11,298.44,304.09,290.95,291.84,140326094,0.0
2022-05-12,287.45,295.75,284.94,291.15,120910898,0.0
2022-05-13,295.72,302.999,294.0825,301.94,83684930,0.0
2022-05-16,300.15,302.26,297.13,298.44,59190434,0.0
2022-05-17,304.45,306.56,300.55,306.17,62715289,0.0
2022-05-18,301.54,302.25,289.85,291.14,79477109,0.0
2022-05-19,289.29,294.39,287.58,289.58,79920711,0.0
2022-05-20,293.13,293.8,280.21,288.68,91764172,0.0
2022-05-23,289.75,293.87,287.29,293.48,63648398,0.0
2022-05-24,288.125,288.86,282.25,287.24,73491117,0.0
2022-05-25,285.71,293.39,285.5,291.26,67144555,0.0
2022-05-26,290.44,300.92,290.15,299.33,59462230,0.0
2022-05-27,302.54,309.25,302.42,309.1,66985602,0.0
2022-05-31,309.07,311.33,304.33,308.28,60968328,0.0
2022-06-01,310.47,312.65,303.73,306.0,65341648,0.0
2022-06-02,304.85,314.56,303.4001,314.38,59291328,0.0
2022-06-03,309.03,310.47,304.92,306.2,60914680,0.0
2022-06-06,310.75,312.35,305.62,307.22,51785008,0.0
2022-06-07,303.81,310.67,302.6886,309.87,44900289,0.0
2022-06-08,309.05,311.72,306.77,307.64,38342059,0.0
2022-06-09,305.91,309.05,299.23,299.4,55900480,0.0
2022-06-10,293.65,294.87,288.384,288.84,85963453,0.0
2022-06-13,279.75,282.34,274.53,275.41,94442008,0.0
2022-06-14,277.66,278.66,273.3375,275.91,64697520,0.0
2022-06-15,279.415,286.83,276.61,282.8,86051430,0.0
2022-06-16,275.59,276.06,269.28,271.39,81910305,0.0
2022-06-17,272.18,277.19,270.5119,274.69,82703398,0.0
2022-06-21,278.75,283.45,278.64,281.08,51633738,0.0
2022-06-22,278.52,285.18,277.91,280.67,67472922,0.0
2022-06-23,283.21,285.72,280.31,284.85,57457801,0.0
2022-06-24,287.74,295.04,287.5001,294.61,58422262,0.0
2022-06-27,296.0,296.5799,291.29,292.45,54151449,0.0
2022-06-28,293.0,295.65,283.35,283.54,61867059,0.0
2022-06-29,283.4,285.34,280.84,283.8,57302727,0.0
2022-06-30,280.75,283.9441,275.78,280.28,79313586,0.0
2022-07-01,278.95,282.53,277.03,282.13,56675113,0.0
2022-07-05,278.31,287.08,276.7501,286.96,61829273,0.0
2022-07-06,287.35,290.95,285.59,288.8,63194719,0.0
2022-07-07,289.63,295.7,289.63,294.98,56620113,0.0
2022-07-08,292.08,296.75,291.12,295.35,59895480,0.0
2022-07-11,292.88,293.11,288.14,289.04,55273922,0.0
2022-07-12,290.32,292.28,284.61,286.24,55797090,0.0
2022-07-13,280.6,288.05,280.02,285.65,73939422,0.0
2022-07-14,282.99,287.56,279.8,286.67,63741840,0.0
2022-07-15,289.73,291.98,288.08,291.87,63818152,0.0
2022-07-18,294.72,296.16,288.2,289.4,59519578,0.0
2022-07-19,293.11,298.6,291.47,298.3,55172641,0.0
2022-07-20,298.73,304.24,297.9329,303.03,67769430,0.0
2022-07-21,303.5,307.435,300.78,307.38,55049359,0.0
2022-07-22,306.43,308.55,300.115,301.99,57127719,0.0
2022-07-25,302.02,302.5,298.22,300.27,40582379,0.0
2022-07-26,298.53,298.79,293.54,294.37,50074121,0.0
2022-07-27,299.04,308.54,298.46,306.81,69304359,0.0
2022-07-28,306.59,310.3965,302.745,309.81,55139941,0.0
2022-07-29,311.385,316.39,309.931,315.46,57501039,0.0
2022-08-01,313.65,318.81,312.53,315.27,46358832,0.0
2022-08-02,312.92,318.545,311.8401,314.33,48676500,0.0
2022-08-03,316.05,323.7291,315.99,322.89,53735727,0.0
2022-08-04,322.97,324.72,320.77,324.4,38973660,0.0
2022-08-05,319.19,323.83,318.39,321.75,53893969,0.0
2022-08-08,322.69,326.47,319.21,320.71,44066301,0.0
2022-08-09,318.77,319.03,315.42,317.08,39764219,0.0
2022-08-10,324.59,326.23,322.0601,325.93,51459559,0.0
2022-08-11,328.305,330.36,323.36,324.08,45897648,0.0
2022-08-12,326.175,330.585,325.1001,330.39,40928379,0.0
2022-08-15,329.42,333.5652,329.4,333.06,38266609,0.0
2022-08-16,332.055,334.4209,329.16,332.28,41186859,0.0
2022-08-17,329.07,331.43,326.36,328.49,47842160,0.0
2022-08-18,328.44,330.49,326.79,329.28,41937168,0.0
2022-08-19,326.17,326.84,322.08,322.86,51770566,0.0
2022-08-22,318.5,318.74,313.53,314.36,51098887,0.0
2022-08-23,314.12,317.0,313.33,314.1,39497070,0.0
2022-08-24,313.61,316.87,312.99,315.01,38057059,0.0
2022-08-25,316.83,320.6,315.7577,320.58,38098262,0.0
2022-08-26,320.28,321.51,307.35,307.44,69047742,0.0
2022-08-29,304.62,307.22,303.28,304.41,48321848,0.0
2022-08-30,306.1,306.73,298.44,301.02,51184500,0.0
2022-08-31,303.99,304.91,299.16,299.27,50044039,0.0
2022-09-01,296.72,299.78,292.95,299.4,57990754,0.0
2022-09-02,302.34,303.75,293.52,295.17,64666840,0.0
2022-09-06,295.66,296.6,290.87,293.05,57005441,0.0
2022-09-07,293.54,299.99,293.27,298.97,49260379,0.0
2022-09-08,296.85,301.87,295.45,300.52,55649820,0.0
2022-09-09,302.83,307.6,300.5209,307.09,56125219,0.0
2022-09-12,308.5,311.08,308.18,310.74,45905738,0.0
2022-09-13,301.8,303.02,292.785,293.7,79562172,0.0
2022-09-14,294.865,296.93,293.06,296.03,54907199,0.0
2022-09-15,294.07,296.53,289.46,291.1,65299406,0.0
2022-09-16,287.72,289.72,285.62,289.32,79920391,0.0
2022-09-19,286.1,291.21,286.04,291.05,52613832,0.0
2022-09-20,288.49,291.07,286.38,288.73,51271121,0.0
2022-09-21,289.59,293.95,283.42,283.56,82930961,0.0
2022-09-22,282.0,283.03,278.815,280.07,62757070,0.0
2022-09-23,277.55,277.85,272.02,275.51,74815195,0.0
2022-09-26,275.03,279.49,273.56,274.37,71176688,0.0
2022-09-27,277.81,280.21,272.11,274.48,69780117,0.0
2022-09-28,274.46,281.25,272.945,279.94,79652141,0.0
2022-09-29,275.86,276.25,268.84,271.87,81215961,0.0
2022-09-30,271.03,275.19,267.1,267.26,78482383,0.0
2022-10-03,269.07,275.16,267.53,273.53,61267449,0.0
2022-10-04,278.99,282.85,278.99,282.13,66696930,0.0
2022-10-05,278.28,283.81,275.42,281.98,55766320,0.0
2022-10-06,280.96,284.18,279.43,279.76,53489406,0.0
2022-10-07,275.02,275.15,267.74,269.1,71354672,0.0
2022-10-10,269.3,269.7,263.64,266.41,60392992,0.0
2022-10-11,264.7,267.63,261.03,262.75,66522516,0.0
2022-10-12,263.4,265.36,261.95,262.66,50580180,0.0
2022-10-13,255.16,270.17,254.26,268.82,112894094,0.0
2022-10-14,271.2,271.81,260.14,260.74,77244305,0.0
2022-10-17,266.84,270.24,266.74,269.35,64576449,0.0
2022-10-18,276.53,277.21,268.74,271.48,69781000,0.0
2022-10-19,269.93,273.68,268.07,270.49,53115406,0.0
2022-10-20,269.58,274.84,267.92,269.11,60605500,0.0
2022-10-21,267.98,275.969,266.8236,275.42,77897688,0.0
2022-10-24,275.69,279.4,271.97,278.45,63963566,0.0
2022-10-25,279.41,284.6,277.9,284.21,59014488,0.0
2022-10-26,278.46,283.98,277.43,277.93,63898246,0.0
2022-10-27,276.79,278.2795,272.34,272.87,57760301,0.0
2022-10-28,272.23,281.698,272.06,281.22,62651312,0.0
2022-10-31,278.92,279.76,275.99,277.95,47741953,0.0
2022-11-01,281.495,282.07,274.74,275.11,45895898,0.0
2022-11-02,275.08,278.21,265.61,265.68,79803133,0.0
2022-11-03,263.01,264.5,260.1,260.49,70038898,0.0
2022-11-04,265.53,266.61,259.08,264.68,78313211,0.0
2022-11-07,265.75,268.14,263.57,267.59,47333832,0.0
2022-11-08,269.14,272.85,265.52,269.54,63213793,0.0
2022-11-09,267.76,268.56,263.03,263.32,64862129,0.0
2022-11-10,276.01,283.05,273.85,282.75,99256688,0.0
2022-11-11,282.56,288.64,281.19,287.96,66961750,0.0
2022-11-14,285.86,289.215,284.44,285.44,55080047,0.0
2022-11-15,292.21,293.26,285.97,289.39,73985367,0.0
2022-11-16,287.39,289.4838,284.6,285.44,48859801,0.0
2022-11-17,280.88,286.3189,280.72,284.81,55462078,0.0
2022-11-18,287.89,287.99,282.3211,284.82,53588633,0.0
2022-11-21,283.4,284.58,281.04,281.89,40083527,0.0
2022-11-22,282.64,286.11,280.46,285.95,41873441,0.0
2022-11-23,285.97,289.46,285.79,288.82,46389969,0.0
2022-11-25,287.19,287.91,286.42,286.92,15498800,0.0
2022-11-28,284.9,286.96,281.76,282.71,38877047,0.0
2022-11-29,282.94,283.35,279.17,280.57,35618879,0.0
2022-11-30,280.84,293.47,279.97,293.36,74718086,0.0
2022-12-01,293.69,295.75,290.88,293.72,51547328,0.0
2022-12-02,288.54,293.45,288.36,292.55,53583168,0.0
2022-12-05,290.38,291.68,286.15,287.64,41482121,0.0
2022-12-06,287.48,287.62,280.255,281.68,53937609,0.0
2022-12-07,280.47,282.57,278.7801,280.53,45614246,0.0
2022-12-08,281.91,284.84,279.79,283.85,42594910,0.0
2022-12-09,282.81,285.64,281.59,282.04,47860488,0.0
2022-12-12,282.22,285.64,281.16,285.58,35732520,0.0
2022-12-13,296.65,296.875,285.91,288.65,80667680,0.0
2022-12-14,288.05,291.41,283.19,286.51,64984434,0.0
2022-12-15,282.33,283.01,275.67,276.89,60554121,0.0
2022-12-16,276.2,277.77,272.61,274.25,68300352,0.0
2022-12-19,273.87,273.96,268.49,269.75,44167922,0.0
2022-12-20,268.56,271.32,266.95,269.54,51064199,0.0
2022-12-21,270.6,274.78,269.74,273.45,46394688,0.0
2022-12-22,270.38,270.5149,262.455,266.76,60278379,0.0
2022-12-23,265.47,268.04,263.53,267.36,39373578,0.0
2022-12-27,266.74,266.85,263.03,263.58,38009008,0.0
2022-12-28,263.17,265.47,259.73,260.1,47139039,0.0
2022-12-29,262.96,267.405,262.25,266.44,45893566,0.0
2022-12-30,263.62,266.41,262.29,266.28,37858281,0.0
2023-01-03,268.65,270.155,262.13,264.48,42335328,0.0
2023-01-04,266.64,267.45,262.53,265.74,47754859,0.0
2023-01-05,264.04,264.21,261.26,261.58,45396738,0.0
2023-01-06,263.35,269.94,260.34,268.8,54659738,0.0
2023-01-09,270.83,275.29,269.92,270.54,45568680,0.0
2023-01-10,269.49,272.94,268.97,272.83,35247762,0.0
2023-01-11,273.92,277.66,273.12,277.55,44077039,0.0
2023-01-12,278.12,280.1,273.74,279.05,60599953,0.0
2023-01-13,276.5,281.219,276.16,280.97,44802941,0.0
2023-01-17,280.77,282.85,279.581,281.54,36269738,0.0
2023-01-18,283.11,284.69,277.67,277.88,47754551,0.0
2023-01-19,276.22,277.375,273.89,275.15,44150441,0.0
2023-01-20,276.79,283.02,275.71,282.68,60613609,0.0
2023-01-23,283.54,290.21,282.73,288.96,52799910,0.0
2023-01-24,287.31,289.55,286.78,288.37,44875152,0.0
2023-01-25,283.77,288.36,281.18,287.73,50872020,0.0
2023-01-26,291.22,293.52,288.519,293.34,51596340,0.0
2023-01-27,292.0,298.26,291.88,296.26,56441941,0.0
2023-01-30,292.93,294.38,289.89,290.27,49405832,0.0
2023-01-31,290.31,294.72,290.2,294.62,46705113,0.0
2023-02-01,294.41,303.43,292.3,300.92,67562172,0.0
2023-02-02,307.57,313.68,306.73,311.72,83070633,0.0
2023-02-03,304.94,312.39,304.54,306.18,76170797,0.0
2023-02-06,303.51,305.91,302.22,303.59,40802352,0.0
2023-02-07,303.46,311.03,302.32,309.88,67583984,0.0
2023-02-08,308.54,309.5,303.67,304.37,56720859,0.0
2023-02-09,308.84,308.99,300.2,301.68,49137820,0.0
2023-02-10,299.48,301.57,297.25,299.7,50050102,0.0
2023-02-13,301.13,305.1,299.93,304.5,39636719,0.0
2023-02-14,302.89,307.72,300.91,306.75,64079059,0.0
2023-02-15,304.9,309.27,304.2,309.1,43427301,0.0
2023-02-16,304.38,308.43,303.15,303.3,59498633,0.0
2023-02-17,301.07,301.93,298.1,301.16,58230727,0.0
2023-02-21,297.26,298.73,293.89,294.03,46526711,0.0
2023-02-22,294.62,296.3599,292.56,294.25,51389238,0.0
2023-02-23,297.97,298.13,292.55,296.82,69294438,0.0
2023-02-24,291.76,292.97,290.05,291.85,74331961,0.0
2023-02-27,295.07,296.49,293.34,293.94,48995008,0.0
2023-02-28,293.3,296.124,292.96,293.56,48243141,0.0
2023-03-01,293.26,293.93,290.2,291.2,58286969,0.0
2023-03-02,288.66,294.43,288.37,293.61,53738559,0.0
2023-03-03,295.39,299.92,294.87,299.68,60511539,0.0
2023-03-06,300.94,304.0,299.82,300.02,56736289,0.0
2023-03-07,300.07,301.01,295.72,296.34,65955758,0.0
2023-03-08,296.77,298.43,294.88,297.82,50876273,0.0
2023-03-09,298.33,300.98,291.8299,292.66,71456688,0.0
2023-03-10,292.83,294.35,287.38,288.55,98593562,0.0
2023-03-13,286.73,294.47,285.19,290.69,97123602,0.0
2023-03-14,294.31,297.93,293.45,297.37,73602555,0.0
2023-03-15,294.71,299.27,293.24,298.93,83631539,0.0
2023-03-16,298.0,307.18,297.19,306.81,98556812,0.0
2023-03-17,306.72,309.15,303.37,305.36,89923727,0.0
2023-03-20,304.26,306.3,302.01,305.97,56359488,0.0
2023-03-21,307.94,310.8,306.395,310.34,49757047,0.0
2023-03-22,310.27,315.25,305.95,306.12,75791914,0.0
2023-03-23,309.92,314.15,307.01,309.75,74575984,0.0
2023-03-24,309.32,310.99,306.95,310.89,57245801,0.0
2023-03-27,311.6,312.7,307.89,308.76,50287406,0.0
2023-03-28,308.17,308.2,304.774,307.12,48585922,0.0
2023-03-29,310.88,313.35,310.05,312.72,53274273,0.0
2023-03-30,315.24,316.32,312.8088,315.68,58354809,0.0
2023-03-31,315.91,321.17,315.6,320.93,62138102,0.0
2023-04-03,318.77,320.42,317.4201,320.15,47126840,0.0
2023-04-04,320.6,321.63,317.8251,319.07,45875379,0.0
2023-04-05,318.1,319.06,314.07,315.92,62795711,0.0
2023-04-06,314.24,318.55,312.82,318.05,46916500,0.0
2023-04-10,315.07,317.92,313.25,317.87,45134738,0.0
2023-04-11,317.83,317.89,315.31,315.83,40113594,0.0
2023-04-12,317.82,318.42,312.565,313.04,62813312,0.0
2023-04-13,314.83,319.65,313.63,319.17,54613793,0.0
2023-04-14,317.59,320.36,315.61,318.57,56278281,0.0
2023-04-17,318.15,319.1999,316.04,318.84,43007020,0.0
2023-04-18,320.99,321.42,317.64,318.86,46746941,0.0
2023-04-19,316.41,319.79,316.28,318.71,38960129,0.0
2023-04-20,315.69,319.27,314.97,316.28,62462141,0.0
2023-04-21,315.91,317.4,314.1,316.61,59002289,0.0
2023-04-24,316.38,317.7391,313.74,315.95,44043059,0.0
2023-04-25,314.29,314.97,309.89,309.99,57121641,0.0
2023-04-26,313.44,314.935,311.34,311.87,55400500,0.0
2023-04-27,315.7,320.86,315.05,320.35,65430391,0.0
2023-04-28,320.11,322.65,318.96,322.56,59712641,0.0
2023-05-01,322.09,323.63,321.09,322.19,41013391,0.0
2023-05-02,322.12,322.45,317.61,319.38,56519406,0.0
2023-05-03,319.75,322.47,317.18,317.29,59882070,0.0
2023-05-04,317.06,318.23,315.115,316.17,50224520,0.0
2023-05-05,318.47,323.76,316.2116,322.89,51806102,0.0
2023-05-08,322.42,324.04,321.315,323.69,36465801,0.0
2023-05-09,322.0,322.88,321.32,321.64,31768801,0.0
2023-05-10,324.12,326.01,321.6,325.14,60446621,0.0
2023-05-11,325.7,326.75,324.12,326.2,44278551,0.0
2023-05-12,326.74,327.17,322.94,325.03,48432840,0.0
2023-05-15,325.51,327.03,323.96,326.79,33375559,0.0
2023-05-16,326.06,328.9025,326.02,327.16,40019152,0.0
2023-05-17,328.24,331.71,327.04,331.12,47486121,0.0
2023-05-18,331.52,337.49,331.5,337.27,64213473,0.0
2023-05-19,337.49,338.205,335.43,336.51,61554930,0.0
2023-05-22,336.25,338.67,336.24,337.64,43015953,0.0
2023-05-23,335.89,337.06,333.0,333.36,48216660,0.0
2023-05-24,331.37,332.905,329.56,331.65,62891168,0.0
2023-05-25,339.14,341.01,336.665,339.72,66862766,0.0
2023-05-26,340.76,349.245,340.66,348.4,63006953,0.0
2023-05-30,352.71,353.93,348.53,349.98,72652156,0.0
2023-05-31,348.37,350.6,346.51,347.99,65105379,0.0
2023-06-01,347.73,353.36,346.66,352.01,50488602,0.0
2023-06-02,353.8,355.83,352.01,354.65,53372113,0.0
2023-06-05,354.43,357.495,353.85,354.9,47266230,0.0
2023-06-06,354.28,355.82,352.93,354.84,41390398,0.0
2023-06-07,355.13,357.12,348.18,348.82,69225938,0.0
2023-06-08,349.12,353.62,348.89,353.15,47153922,0.0
2023-06-09,354.63,357.66,353.03,354.5,53196930,0.0
2023-06-12,356.19,360.59,355.2,360.49,44817648,0.0
2023-06-13,363.29,364.11,360.03,363.26,57097801,0.0
2023-06-14,363.27,366.19,360.42,365.9,69525641,0.0
2023-06-15,364.61,371.77,363.98,370.26,71138812,0.0
2023-06-16,372.72,372.85,367.48,367.93,80931969,0.0
2023-06-20,365.95,368.32,363.8899,366.9,49204719,0.0
2023-06-21,365.74,366.18,360.96,361.9,53378262,0.0
2023-06-22,360.63,366.33,360.22,366.17,47603039,0.0
2023-06-23,362.21,364.88,360.8227,362.54,48922910,0.0
2023-06-26,362.0,364.84,357.59,357.68,52685480,0.0
2023-06-27,359.25,364.57,358.51,363.83,49428090,0.0
2023-06-28,361.98,366.52,361.9038,364.54,46498031,0.0
2023-06-29,364.24,364.89,362.14,363.81,46150969,0.0
2023-06-30,367.55,370.49,367.23,369.42,58712500,0.0
2023-07-03,370.07,370.93,368.97,370.29,19379820,0.0
2023-07-05,368.695,372.01,368.66,370.28,34460879,0.0
2023-07-06,366.51,367.91,364.52,367.46,49374727,0.0
2023-07-07,367.23,370.48,366.01,366.24,47133754,0.0
2023-07-10,365.96,367.05,363.41,366.36,48498801,0.0
2023-07-11,366.79,368.632,364.62,368.17,38214152,0.0
2023-07-12,372.34,374.19,370.3,372.82,61703699,0.0
2023-07-13,376.05,379.99,375.46,379.15,46960008,0.0
2023-07-14,379.585,382.86,378.18,379.07,55148500,0.0
2023-07-17,379.8,383.5,379.31,382.61,40868922,0.0
2023-07-18,381.96,387.13,380.0,385.74,55343441,0.0
2023-07-19,386.82,387.98,384.3,385.65,54092961,0.0
2023-07-20,382.61,384.095,375.72,376.76,71941672,0.0
2023-07-21,379.18,379.92,375.191,375.63,60499641,0.0
2023-07-24,376.62,377.58,374.34,376.23,40380059,0.0
2023-07-25,376.95,380.47,376.93,378.78,38894379,0.0
2023-07-26,377.72,379.24,375.18,377.52,47075711,0.0
2023-07-27,383.07,384.71,375.31,376.62,63940230,0.0
2023-07-28,380.74,384.52,380.22,383.48,56902930,0.0
2023-07-31,383.79,384.88,382.34,383.68,44019910,0.0
2023-08-01,382.31,383.56,380.69,382.79,41308461,0.0
2023-08-02,379.26,379.26,373.13,374.39,72687109,0.0
2023-08-03,371.94,375.95,371.77,373.79,47855379,0.0
2023-08-04,375.75,378.1,371.53,372.04,61702762,0.0
2023-08-07,373.88,375.29,371.51,375.19,37230441,0.0
2023-08-08,372.64,372.66,368.82,372.0,44726449,0.0
2023-08-09,372.29,372.45,367.14,367.91,51150898,0.0
2023-08-10,370.97,374.36,367.035,368.59,72035273,0.0
2023-08-11,365.99,368.0,364.69,366.24,48707191,0.0
2023-08-14,365.43,370.47,364.7,370.35,42130801,0.0
2023-08-15,369.36,370.169,365.74,366.42,45539887,0.0
2023-08-16,365.87,367.43,362.44,362.54,53190527,0.0
2023-08-17,363.96,364.31,358.16,358.58,62604340,0.0
2023-08-18,355.26,359.41,354.71,358.13,61191391,0.0
2023-08-21,359.62,364.59,359.15,363.9,50696520,0.0
2023-08-22,366.55,366.56,362.68,363.38,44613512,0.0
2023-08-23,364.58,370.22,364.36,369.11,51770602,0.0
2023-08-24,372.64,372.74,361.01,361.22,66842484,0.0
2023-08-25,362.07,365.74,358.58,364.02,69960469,0.0
2023-08-28,366.99,367.71,364.25,366.76,40910020,0.0
2023-08-29,366.56,375.13,366.231,374.77,58492367,0.0
2023-08-30,374.88,377.4467,373.86,376.86,41731512,0.0
2023-08-31,376.94,379.719,376.87,377.99,35730699,0.0
2023-09-01,380.4,380.83,376.0801,377.59,39801180,0.0
2023-09-05,376.77,379.3093,375.83,378.07,32344221,0.0
2023-09-06,377.28,377.63,372.7,374.74,42998738,0.0
2023-09-07,370.21,372.85,369.15,372.06,52060719,0.0
2023-09-08,372.01,374.85,371.6,372.58,35847359,0.0
2023-09-11,375.66,377.49,373.66,376.97,39936633,0.0
2023-09-12,375.27,376.9517,372.5,372.79,41391020,0.0
2023-09-13,373.03,375.84,371.88,374.21,46300680,0.0
2023-09-14,375.99,378.27,373.89,377.27,48039391,0.0
2023-09-15,375.91,376.32,369.86,370.81,69811211,0.0
2023-09-18,369.32,371.79,369.03,370.66,36903551,0.0
2023-09-19,369.32,370.6826,366.8,369.87,37621727,0.0
2023-09-20,370.95,371.31,364.46,364.54,45514191,0.0
2023-09-21,360.8,361.6,357.69,357.86,69734852,0.0
2023-09-22,359.63,361.8,357.59,357.91,51589688,0.0
2023-09-25,356.93,359.7,355.93,359.61,39167992,0.0
2023-09-26,356.99,357.54,353.2101,354.21,53657754,0.0
2023-09-27,355.38,356.98,351.36,355.04,56065969,0.0
2023-09-28,354.11,360.17,353.24,358.01,56453312,0.0
2023-09-29,361.54,362.95,357.02,358.27,64829621,0.0
2023-10-02,358.54,362.68,357.92,361.26,51625047,0.0
2023-10-03,358.78,361.01,353.275,354.92,60478488,0.0
2023-10-04,355.77,360.61,355.3,359.75,54786688,0.0
2023-10-05,359.74,360.15,355.14,358.69,45897391,0.0
2023-10-06,355.65,365.91,354.85,364.7,75049117,0.0
2023-10-09,362.3,367.11,360.78,366.56,45304770,0.0
2023-10-10,366.9,371.28,366.39,368.59,46968809,0.0
2023-10-11,369.94,371.412,368.19,371.22,38215090,0.0
2023-10-12,371.73,373.74,367.5,369.93,49587941,0.0
2023-10-13,370.57,371.16,363.86,365.28,52519879,0.0
2023-10-16,366.62,370.48,366.47,369.41,44201059,0.0
2023-10-17,365.81,369.92,363.66,368.2,50999102,0.0
2023-10-18,365.67,367.91,362.02,363.37,54280488,0.0
2023-10-19,364.81,366.02,359.16,359.97,72274242,0.0
2023-10-20,359.46,360.04,354.37,354.6,72559719,0.0
2023-10-23,353.26,359.26,351.1199,355.67,60665191,0.0
2023-10-24,357.51,359.91,355.79,359.13,47082078,0.0
2023-10-25,356.7,356.88,349.75,350.34,71190547,0.0
2023-10-26,349.12,350.07,342.35,343.66,78621430,0.0
2023-10-27,346.43,348.84,344.08,345.31,63476711,0.0
2023-10-30,347.83,350.54,346.45,349.2,55298539,0.0
2023-10-31,349.23,351.25,346.62,350.87,47671910,0.0
2023-11-01,351.72,357.5298,351.62,356.96,58992672,0.0
2023-11-02,361.54,363.68,360.3,363.44,58162441,0.0
2023-11-03,364.75,369.02,364.52,367.71,53280461,0.0
2023-11-06,368.49,369.78,366.91,369.21,38848738,0.0
2023-11-07,370.27,373.58,369.045,372.7,50777398,0.0
2023-11-08,373.08,373.79,370.62,372.94,35663367,0.0
2023-11-09,373.64,374.8,369.57,370.07,53859422,0.0
2023-11-10,371.82,378.54,371.28,378.39,58368441,0.0
2023-11-13,376.79,378.28,375.24,377.21,40733512,0.0
2023-11-14,383.71,386.26,383.18,385.33,67792633,0.0
2023-11-15,387.25,387.75,384.235,385.62,54141391,0.0
2023-11-16,384.84,386.19,383.56,385.95,45343539,0.0
2023-11-17,385.21,387.07,384.29,386.04,46622754,0.0
2023-11-20,386.05,391.41,386.05,390.74,44536672,0.0
2023-11-21,389.01,389.23,386.7,388.47,43336992,0.0
2023-11-22,390.57,393.07,389.04,390.06,44178566,0.0
2023-11-24,389.65,390.25,388.5,389.51,15718830,0.0
2023-11-27,389.01,391.1499,388.28,389.17,34139660,0.0
2023-11-28,388.41,390.78,388.05,390.19,35491121,0.0
2023-11-29,392.69,394.14,389.46,389.81,38811754,0.0
2023-11-30,390.08,390.55,385.82,388.83,52834379,0.0
2023-12-01,387.75,390.54,386.0726,389.94,40490070,0.0
2023-12-04,386.09,386.595,382.66,386.32,51186941,0.0
2023-12-05,384.39,388.5,384.21,387.29,42932961,0.0
2023-12-06,390.27,390.37,384.7,385.05,41994070,0.0
2023-12-07,388.07,391.27,386.96,390.43,49593551,0.0
2023-12-08,388.67,392.62,388.4801,392.17,46687527,0.0
2023-12-11,391.74,395.79,391.53,395.52,41198020,0.0
2023-12-12,395.56,398.79,394.41,398.67,39221152,0.0
2023-12-13,399.62,404.36,398.8399,403.74,55408129,0.0
2023-12-14,404.98,406.3,400.34,403.39,55447809,0.0
2023-12-15,404.18,406.5399,403.57,405.34,62896648,0.0
2023-12-18,404.93,407.99,404.6,407.08,46609992,0.0
2023-12-19,407.54,409.28,407.345,409.16,35711859,0.0
2023-12-20,408.35,410.4699,402.9,403.08,54042441,0.0
2023-12-21,407.06,408.14,404.47,407.77,45568910,0.0
2023-12-22,409.0,409.97,406.4787,408.38,34314000,0.0
2023-12-26,409.25,411.56,409.15,410.88,22722551,0.0
2023-12-27,410.95,411.7875,410.08,411.5,31980480,0.0
2023-12-28,412.67,412.92,410.94,411.3,27029150,0.0
2023-12-29,411.28,411.64,407.58,409.52,42662121,0.0
2024-01-02,405.84,406.09,400.24,402.59,58026953,0.0
2024-01-03,399.93,401.0,397.89,398.33,47002801,0.0
2024-01-04,396.44,399.59,396.06,396.28,39432801,0.0
2024-01-05,396.45,399.56,395.34,396.75,44922809,0.0
2024-01-08,397.99,405.24,397.8399,404.95,42473801,0.0
2024-01-09,401.91,406.69,401.71,405.75,39132859,0.0
2024-01-10,406.07,409.515,405.17,408.5,33962770,0.0
2024-01-11,409.79,411.2004,404.242,409.35,54536199,0.0
2024-01-12,410.4,411.25,408.15,409.56,39594953,0.0
2024-01-16,408.31,411.12,406.83,409.52,43903031,0.0
2024-01-17,406.17,407.585,402.92,407.21,54385969,0.0
2024-01-18,410.52,413.575,409.1601,412.99,59562512,0.0
2024-01-19,415.22,421.34,414.625,421.18,70325117,0.0
2024-01-22,423.41,424.7275,421.12,421.73,44880641,0.0
2024-01-23,422.43,423.7,420.57,423.48,33003809,0.0
2024-01-24,427.44,429.85,425.33,425.83,46948020,0.0
2024-01-25,428.36,429.04,423.98,426.35,44367207,0.0
2024-01-26,424.44,426.21,423.15,423.81,37137031,0.0
2024-01-29,424.27,428.35,423.61,428.15,38694719,0.0
2024-01-30,427.1,427.68,424.38,425.3,36738961,0.0
2024-01-31,420.85,422.8699,416.79,416.97,64010648,0.0
2024-02-01,418.79,422.375,417.81,421.88,51008621,0.0
2024-02-02,423.8,430.24,422.79,429.01,59602441,0.0
2024-02-05,429.07,429.61,425.0,428.45,39889207,0.0
2024-02-06,429.61,430.22,425.22,427.59,35846129,0.0
2024-02-07,430.41,432.83,429.09,431.99,37712660,0.0
2024-02-08,432.11,433.56,431.42,432.79,29889891,0.0
2024-02-09,433.94,437.845,433.1401,437.05,36943910,0.0
2024-02-12,436.94,439.14,434.65,435.34,33203309,0.0
2024-02-13,427.28,431.27,425.3305,428.55,64491672,0.0
2024-02-14,431.26,433.65,428.8799,433.22,45092719,0.0
2024-02-15,433.92,434.98,431.33,434.51,38796141,0.0
2024-02-16,434.89,434.99,429.85,430.57,53716480,0.0
2024-02-20,428.55,430.08,423.5,427.32,53999449,0.0
2024-02-21,424.55,425.7,421.63,425.61,50179699,0.0
2024-02-22,434.49,439.12,433.71,438.07,53887754,0.0
2024-02-23,439.65,440.59,435.79,436.78,39853859,0.0
2024-02-26,437.6,438.6,436.355,436.55,33043238,0.0
2024-02-27,437.67,437.99,435.025,437.6,33713219,0.0
2024-02-28,435.43,436.67,434.3,435.27,32938820,0.0
2024-02-29,438.23,440.09,435.02,439.0,42495152,0.0
2024-03-01,439.9,446.58,439.84,445.61,43853031,0.0
2024-03-04,445.61,446.04,443.77,444.02,34325688,0.0
2024-03-05,440.94,440.95,433.65,436.05,57917141,0.0
2024-03-06,440.32,441.99,436.89,438.79,46234461,0.0
2024-03-07,442.42,446.72,440.86,445.45,44526672,0.0
2024-03-08,445.81,448.64,438.34,439.02,72095961,0.0
2024-03-11,437.51,438.66,435.44,437.39,45859992,0.0
2024-03-12,439.73,444.02,436.46,443.66,55300910,0.0
2024-03-13,442.65,442.67,439.12,440.25,37928688,0.0
2024-03-14,441.5,442.03,436.39,439.14,52195207,0.0
2024-03-15,436.07,438.8733,432.7417,433.92,73069820,0.0
2024-03-18,438.73,441.04,437.24,437.48,47323801,0.0
2024-03-19,435.45,438.98,433.33,438.57,43004113,0.0
2024-03-20,439.78,444.11,438.06,443.77,43653488,0.0
2024-03-21,448.88,449.34,445.67,445.87,39345648,0.0
2024-03-22,445.35,447.49,444.49,446.38,28253900,0.0
2024-03-25,443.55,446.26,442.54,444.76,27789150,0.0
2024-03-26,446.3,447.225,443.09,443.32,34142039,0.0
2024-03-27,446.44,446.54,441.93,444.83,41359238,0.0
2024-03-28,444.78,445.64,443.65,444.01,36839641,0.0
2024-04-01,444.97,447.53,443.02,444.95,38728953,0.0
2024-04-02,440.08,441.43,438.03,441.11,44259672,0.0
2024-04-03,438.96,444.0,438.95,442.1,39949754,0.0
2024-04-04,446.33,446.95,435.11,435.34,57267660,0.0
2024-04-05,436.78,443.17,435.96,440.47,54744633,0.0
2024-04-08,441.41,442.5,439.2,440.6,28144939,0.0
2024-04-09,442.96,443.24,437.44,442.23,39521566,0.0
2024-04-10,437.0,439.24,436.28,438.37,61502191,0.0
2024-04-11,440.26,446.33,437.96,445.37,45474551,0.0
2024-04-12,441.1,442.24,436.88,438.27,53665000,0.0
2024-04-15,442.06,442.15,430.21,431.06,63453621,0.0
2024-04-16,430.9,433.76,429.7,431.1,47618961,0.0
2024-04-17,433.1,433.12,424.9,425.84,56880539,0.0
2024-04-18,426.49,428.24,422.83,423.41,46549359,0.0
2024-04-19,422.22,422.75,413.07,414.65,75230992,0.0
2024-04-22,417.31,421.18,413.94,418.82,47807660,0.0
2024-04-23,420.77,426.28,418.8715,425.07,44384738,0.0
2024-04-24,428.2,429.73,424.2,426.51,48440312,0.0
2024-04-25,419.24,425.32,418.14,424.45,57392168,0.0
2024-04-26,427.62,432.55,426.92,431.0,41874910,0.0
2024-04-29,433.13,433.76,429.98,432.75,30022160,0.0
2024-04-30,431.15,432.56,424.51,424.59,43665930,0.0
2024-05-01,423.15,430.14,420.66,421.52,52251711,0.0
2024-05-02,425.3,427.81,420.63,426.9,36559008,0.0
2024-05-03,434.44,436.48,432.62,435.48,48515246,0.0
2024-05-06,437.3,440.34,436.52,440.25,30227199,0.0
2024-05-07,440.7,441.97,439.58,440.32,30996090,0.0
2024-05-08,437.67,441.48,437.55,440.06,24896721,0.0
2024-05-09,440.33,441.6,438.46,441.02,24580119,0.0
2024-05-10,442.54,444.31,440.499,442.06,27116570,0.0
2024-05-13,443.99,444.09,441.65,443.08,22994189,0.0
2024-05-14,442.65,446.465,442.46,445.93,34478320,0.0
2024-05-15,448.43,453.15,446.9,452.9,41464648,0.0
2024-05-16,452.71,454.69,451.81,451.98,34780406,0.0
2024-05-17,452.11,452.72,449.5399,451.76,35803719,0.0
2024-05-20,451.98,455.58,451.785,454.91,24474230,0.0
2024-05-21,453.04,455.99,452.84,455.8,23167721,0.0
2024-05-22,456.06,456.82,453.08,455.71,25120039,0.0
2024-05-23,460.55,460.58,451.8503,453.66,40899230,0.0
2024-05-24,455.29,459.23,453.5674,457.95,29669461,0.0
2024-05-28,459.18,459.74,456.69,459.68,26216820,0.0
2024-05-29,455.48,458.24,455.34,456.44,29739240,0.0
2024-05-30,455.5,455.64,450.21,451.55,30714119,0.0
2024-05-31,451.78,452.48,443.055,450.71,55941301,0.0
2024-06-03,454.57,455.58,447.9,453.13,32997469,0.0
2024-06-04,452.87,455.575,451.1311,454.37,23767439,0.0
2024-06-05,457.98,463.61,454.408,463.53,33817406,0.0
2024-06-06,464.22,464.54,462.19,463.37,21966820,0.0
2024-06-07,463.0,465.74,461.84,462.96,25829721,0.0
2024-06-10,461.82,465.19,461.53,464.83,20719770,0.0
2024-06-11,463.54,468.14,462.03,468.02,22053279,0.0
2024-06-12,471.99,476.5,471.29,474.15,34532594,0.0
2024-06-13,477.72,478.39,474.42,476.72,25859010,0.0
2024-06-14,476.52,479.26,476.05,479.19,23372619,0.0
2024-06-17,479.46,486.86,478.14,485.06,37054500,0.0
2024-06-18,485.01,485.9,483.43,485.21,24438570,0.0
2024-06-20,486.42,486.8387,479.62,481.47,33918680,0.0
2024-06-21,481.19,482.535,478.67,480.18,39432910,0.0
2024-06-24,478.18,479.93,473.82,473.96,37750969,0.0
2024-06-25,476.07,479.68,475.12,479.38,29250211,0.0
2024-06-26,478.55,480.92,478.13,480.37,22737109,0.0
2024-06-27,480.12,483.1,479.3,481.61,26222141,0.0
2024-06-28,482.41,487.2,478.46,479.11,34881578,0.0
2024-07-01,480.04,482.49,476.255,481.92,24898340,0.0
2024-07-02,480.41,487.04,480.28,486.98,26723561,0.0
2024-07-03,486.22,491.17,486.22,491.04,18064881,0.0
2024-07-05,491.89,496.6,491.59,496.16,28495939,0.0
2024-07-08,496.53,497.895,495.5,497.34,22109420,0.0
2024-07-09,498.87,500.0,496.24,497.77,25701250,0.0
2024-07-10,499.71,503.52,498.39,502.96,28046900,0.0
2024-07-11,503.07,503.28,490.725,491.93,49966594,0.0
2024-07-12,492.51,499.62,492.04,494.82,37109398,0.0
2024-07-15,496.61,501.01,494.09,496.15,31151391,0.0
2024-07-16,497.62,498.44,493.15,496.34,25950619,0.0
2024-07-17,488.28,488.7984,481.7,481.77,56268770,0.0
2024-07-18,485.53,485.71,476.27,479.49,49347359,0.0
2024-07-19,479.15,481.69,473.94,475.24,42042859,0.0
2024-07-22,481.16,483.35,477.7068,482.32,40300000,0.0
2024-07-23,481.41,484.43,480.14,480.62,23282449,0.0
2024-07-24,473.82,474.19,462.51,463.38,58818633,0.0
2024-07-25,463.72,467.94,455.63,458.27,59256762,0.0
2024-07-26,462.65,465.93,459.77,462.97,39992129,0.0
2024-07-29,465.71,467.91,461.615,463.9,28218480,0.0
2024-07-30,465.85,466.561,454.15,457.53,41317207,0.0
2024-07-31,467.87,472.79,466.41,471.07,44552129,0.0
2024-08-01,471.76,475.55,455.98,459.66,56653898,0.0
2024-08-02,450.89,453.57,444.47,448.75,66323242,0.0
2024-08-05,424.71,442.29,423.45,435.37,87483445,0.0
2024-08-06,437.23,447.07,434.56,439.53,63164434,0.0
2024-08-07,446.49,449.0,434.37,434.77,54929160,0.0
2024-08-08,441.06,448.99,437.15,448.07,47890070,0.0
2024-08-09,446.74,452.06,445.61,450.41,33573980,0.0
2024-08-12,451.39,454.37,448.5546,451.38,27795010,0.0
2024-08-13,455.82,462.85,455.68,462.58,40084461,0.0
2024-08-14,463.51,465.1093,458.4,462.73,34733754,0.0
2024-08-15,468.76,474.82,468.38,474.42,38280566,0.0
2024-08-16,472.62,476.41,471.65,475.03,38383621,0.0
2024-08-19,475.17,481.31,473.37,481.27,23737670,0.0
2024-08-20,480.35,482.94,478.55,480.26,29209340,0.0
2024-08-21,481.05,484.37,479.32,482.5,25658789,0.0
2024-08-22,484.84,485.54,473.81,474.85,37739578,0.0
2024-08-23,479.24,482.74,475.28,480.0,36061512,0.0
2024-08-26,479.45,480.38,473.24,475.34,27452641,0.0
2024-08-27,473.69,477.84,471.71,476.76,27510000,0.0
2024-08-28,476.29,477.02,467.89,471.35,37372441,0.0
2024-08-29,473.28,477.93,469.372,470.66,41081473,0.0
2024-08-30,475.04,476.9,470.51,476.27,33466469,0.0
2024-09-03,473.2,473.33,459.41,461.81,44834700,0.0
2024-09-04,458.67,464.45,457.73,460.61,32505100,0.0
2024-09-05,458.97,465.36,457.939,461.04,34452391,0.0
2024-09-06,460.33,461.22,448.19,448.69,50624391,0.0
2024-09-09,453.06,455.46,449.8234,454.46,32981172,0.0
2024-09-10,456.24,459.17,452.23,458.66,29680320,0.0
2024-09-11,459.91,469.37,451.28,468.62,57842992,0.0
2024-09-12,468.65,474.04,466.8491,473.22,40175461,0.0
2024-09-13,472.48,476.53,472.25,475.34,29111850,0.0
2024-09-16,473.19,473.8599,469.89,473.24,22585600,0.0
2024-09-17,476.29,477.6,470.97,473.49,30084439,0.0
2024-09-18,474.7,478.83,470.83,471.44,39909219,0.0
2024-09-19,482.61,486.23,480.49,483.36,52782520,0.0
2024-09-20,482.49,483.69,478.3,482.44,34577660,0.0
2024-09-23,482.95,484.14,481.6,483.04,24842971,0.0
2024-09-24,484.46,486.33,480.17,485.37,25952641,0.0
2024-09-25,484.74,487.79,484.56,485.82,26549869,0.0
2024-09-26,493.37,493.7,485.8,489.47,32020211,0.0
2024-09-27,490.5,490.64,485.56,486.75,22851119,0.0
2024-09-30,485.78,488.41,482.92,488.07,30330609,0.0
2024-10-01,487.7,488.0,477.4,481.27,42735422,0.0
2024-10-02,480.36,483.88,477.72,481.95,23744051,0.0
2024-10-03,479.74,484.545,478.99,481.59,25337221,0.0
2024-10-04,487.45,487.88,482.385,487.32,30744910,0.0
2024-10-07,485.39,486.57,480.87,482.1,24975119,0.0
2024-10-08,484.66,489.99,483.845,489.3,28272020,0.0
2024-10-09,489.0,493.73,487.95,493.15,24994949,0.0
2024-10-10,490.85,494.47,489.53,492.59,25750449,0.0
2024-10-11,490.74,494.39,490.17,493.36,20644500,0.0
2024-10-14,495.77,498.83,495.26,497.5,26060150,0.0
2024-10-15,497.83,498.5,488.68,490.85,34784512,0.0
2024-10-16,491.18,491.69,487.57,490.91,22996779,0.0
2024-10-17,496.44,496.49,491.1901,491.25,27210660,0.0
2024-10-18,494.06,495.57,493.3,494.47,25335029,0.0
2024-10-21,493.25,496.23,491.31,495.42,30336551,0.0
2024-10-22,492.73,497.445,491.97,495.96,26685840,0.0
2024-10-23,493.59,494.25,485.05,488.36,39346566,0.0
2024-10-24,492.11,493.0,489.44,492.32,22024930,0.0
2024-10-25,495.14,500.28,494.43,495.32,38762141,0.0
2024-10-28,498.46,498.52,495.1,495.4,20477779,0.0
2024-10-29,495.72,501.35,493.85,500.16,28014061,0.0
2024-10-30,499.39,500.35,495.89,496.38,29755961,0.0
2024-10-31,492.38,492.43,483.75,483.85,41245246,0.0
2024-11-01,485.5,490.7507,485.2,487.43,33655762,0.0
2024-11-04,486.82,489.38,484.2545,486.01,23291580,0.0
2024-11-05,487.61,492.88,487.52,492.21,24353619,0.0
2024-11-06,500.56,506.41,499.6,505.58,43082199,0.0
2024-11-07,508.4,514.33,508.34,513.54,32853121,0.0
2024-11-08,513.035,514.9175,512.41,514.14,22924480,0.0
2024-11-11,515.37,515.58,510.92,513.84,24167480,0.0
2024-11-12,513.77,514.66,509.83,512.91,25835289,0.0
2024-11-13,512.4,514.98,509.95,512.25,24567420,0.0
2024-11-14,511.91,512.79,507.77,508.69,28679520,0.0
2024-11-15,502.94,503.33,494.49,496.57,51461047,0.0
2024-11-18,498.13,502.14,496.73,500.02,27192660,0.0
2024-11-19,497.42,503.9536,497.08,503.46,24523020,0.0
2024-11-20,503.16,503.48,496.555,503.17,29565490,0.0
2024-11-21,506.24,506.96,497.56,504.98,34526738,0.0
2024-11-22,504.42,506.53,502.78,505.79,23826641,0.0
2024-11-25,509.9,511.4525,504.2625,506.59,26375170,0.0
2024-11-26,508.08,510.14,507.23,509.31,26557061,0.0
2024-11-27,508.17,508.24,501.93,505.3,24957439,0.0
2024-11-29,505.93,510.34,505.31,509.74,15333970,0.0
2024-12-02,511.01,516.26,510.62,515.29,25147170,0.0
2024-12-03,513.95,517.15,513.37,516.87,18597900,0.0
2024-12-04,520.32,523.52,519.6,523.26,26086221,0.0
2024-12-05,523.31,524.0399,521.42,521.81,18169631,0.0
2024-12-06,522.48,526.72,522.35,526.48,23762609,0.0
2024-12-09,525.55,526.35,521.22,522.38,20674410,0.0
2024-12-10,523.62,525.38,519.16,520.6,24350039,0.0
2024-12-11,525.0,530.61,524.59,529.92,32168580,0.0
2024-12-12,527.68,528.96,526.02,526.5,23577500,0.0
2024-12-13,530.46,533.1661,527.3001,530.53,28780410,0.0
2024-12-16,533.08,539.15,533.0,538.17,31979859,0.0
2024-12-17,536.36,537.48,534.13,535.8,28579070,0.0
2024-12-18,535.15,536.8799,515.01,516.47,54703160,0.0
2024-12-19,521.19,521.7599,513.83,514.17,46441754,0.0
2024-12-20,510.44,524.82,509.29,518.66,60529961,0.0
2024-12-23,519.55,523.25,516.13,522.87,29672801,0.0
2024-12-24,524.83,530.05,524.19,529.96,17558221,0.0
2024-12-26,528.32,531.24,526.31,529.6,19141490,0.0
2024-12-27,526.01,526.45,517.86,522.56,33839559,0.0
2024-12-30,515.51,519.36,511.83,515.61,34584031,0.0
2024-12-31,516.9,517.66,510.26,511.23,29117029,0.0
2025-01-02,514.3,516.64,505.71,510.23,36389781,0.0
2025-01-03,513.35,519.6454,512.53,518.58,29059520,0.0
2025-01-06,524.02,527.92,522.03,524.54,36109727,0.0
2025-01-07,525.59,525.99,513.28,515.18,36690273,0.0
2025-01-08,515.08,516.9199,510.57,515.27,30777779,0.0
2025-01-10,511.48,511.58,503.92,507.19,40532500,0.0
2025-01-13,501.2,506.02,499.7,505.56,31694211,0.0
2025-01-14,508.74,510.155,501.59,505.08,33737238,0.0
2025-01-15,513.03,517.85,511.46,516.7,34957551,0.0
2025-01-16,518.98,519.0599,512.95,513.08,28229039,0.0
2025-01-17,522.85,524.0733,513.1086,521.74,51837941,0.0
2025-01-21,524.48,525.97,520.06,524.8,23627971,0.0
2025-01-22,529.57,533.82,529.26,531.51,33592992,0.0
2025-01-23,529.04,532.76,528.45,532.64,23096590,0.0
2025-01-24,533.02,533.79,528.15,529.63,19878250,0.0
2025-01-27,511.0,517.99,510.15,514.21,60771699,0.0
2025-01-28,515.22,523.0,511.78,521.81,33194211,0.0
2025-01-29,522.46,522.59,516.8988,520.83,26649010,0.0
2025-01-30,523.71,526.095,518.21,523.05,27431301,0.0
2025-01-31,526.92,531.5178,521.19,522.29,38845473,0.0
2025-02-03,513.47,520.8496,511.05,518.11,40580840,0.0
2025-02-04,518.63,525.11,518.23,524.47,26046750,0.0
2025-02-05,521.82,527.01,520.62,526.85,21134070,0.0
2025-02-06,527.36,529.81,525.7413,529.6,19434449,0.0
2025-02-07,530.14,532.1,522.19,522.92,29605471,0.0
2025-02-10,527.22,530.3571,526.75,529.25,20852779,0.0
2025-02-11,525.96,529.92,525.83,527.99,19325500,0.0
2025-02-12,522.3,529.19,521.95,528.3,25009359,0.0
2025-02-13,529.98,536.22,529.19,535.9,28714801,0.0
2025-02-14,536.005,538.84,535.67,538.15,17862570,0.0
2025-02-18,539.73,540.0,536.04,539.37,20565029,0.0
2025-02-19,538.57,540.81,536.46,539.52,19666859,0.0
2025-02-20,538.73,539.1,532.46,537.23,26550750,0.0
2025-02-21,538.38,538.4,525.71,526.08,47093754,0.0
2025-02-24,527.88,529.069,519.53,519.87,39268391,0.0
2025-02-25,519.24,519.32,509.44,513.32,48940031,0.0
2025-02-26,515.53,519.66,511.37,514.56,34457621,0.0
2025-02-27,518.13,519.0699,500.05,500.27,52447969,0.0
2025-02-28,500.13,508.78,496.93,508.17,47654039,0.0
2025-03-03,511.52,513.04,493.58,497.05,44587199,0.0
2025-03-04,494.18,503.74,487.735,495.55,67875398,0.0
2025-03-05,496.2,503.63,491.26,502.01,46323727,0.0
2025-03-06,493.69,498.58,486.2,488.2,57574328,0.0
2025-03-07,487.16,493.28,480.53,491.79,54714727,0.0
2025-03-10,483.45,483.97,468.66,472.73,76668031,0.0
2025-03-11,472.35,478.805,467.01,471.6,68760766,0.0
2025-03-12,479.16,481.06,471.79,476.92,46971078,0.0
2025-03-13,476.25,476.2801,466.43,468.34,46563352,0.0
2025-03-14,473.73,480.56,473.12,479.66,43563008,0.0
2025-03-17,479.61,485.84,477.8,482.77,41744352,0.0
2025-03-18,479.41,479.61,472.41,474.54,39072273,0.0
2025-03-19,476.81,485.33,474.87,480.89,40430328,0.0
2025-03-20,476.88,484.55,476.18,479.26,36780551,0.0
2025-03-21,474.08,481.61,472.905,480.84,42234871,0.0
2025-03-24,487.74,491.51,484.4,490.66,34567191,0.0
2025-03-25,491.39,493.62,490.42,493.46,26035240,0.0
2025-03-26,492.3,493.16,482.82,484.38,35043359,0.0
2025-03-27,482.41,486.5799,480.25,481.62,33469820,0.0
2025-03-28,479.81,480.52,468.05,468.94,46363801,0.0
2025-03-31,461.92,469.86,457.33,468.92,53000301,0.0
2025-04-01,467.3,473.63,464.42,472.7,41156230,0.0
2025-04-02,466.12,479.56,465.86,476.15,49894488,0.0
2025-04-03,456.44,460.07,450.14,450.66,70456336,0.0
2025-04-04,438.14,440.37,422.67,422.67,117088398,0.0
2025-04-07,408.66,443.14,402.39,423.69,161556984,0.0
2025-04-08,438.16,443.1384,409.79,416.06,101248094,0.0
2025-04-09,415.57,467.83,415.43,466.0,142876891,0.0
2025-04-10,453.56,455.59,432.63,446.18,108384094,0.0
2025-04-11,444.65,455.79,441.33,454.4,52483781,0.0
2025-04-14,464.46,465.05,452.63,457.48,43941180,0.0
2025-04-15,458.54,462.38,456.15,457.99,35404207,0.0
2025-04-16,449.03,452.62,437.76,444.18,48980551,0.0
2025-04-17,447.17,447.75,441.36,444.1,44837047,0.0
2025-04-21,438.23,439.08,427.93,433.11,44149312,0.0
2025-04-22,438.82,447.58,437.62,444.48,52304391,0.0
2025-04-23,458.17,463.38,452.88,454.56,55801141,0.0
2025-04-24,456.48,467.66,455.83,467.35,45956141,0.0
2025-04-25,466.97,473.09,465.39,472.56,38697059,0.0
2025-04-28,473.03,474.808,466.03,472.41,33550781,0.0
2025-04-29,470.17,476.4243,469.59,475.53,30613119,0.0
2025-04-30,467.13,477.2,462.43,475.47,46810609,0.0
2025-05-01,483.41,487.18,480.74,481.68,43316539,0.0
2025-05-02,486.54,490.91,484.83,488.83,39218078,0.0
2025-05-05,484.6,489.03,484.1,485.93,28309490,0.0
2025-05-06,479.56,485.05,478.19,481.41,32786309,0.0
2025-05-07,482.08,485.8,476.782,483.3,38109859,0.0
2025-05-08,488.53,492.7,484.17,488.29,39577594,0.0
2025-05-09,490.21,491.54,486.195,487.97,27767420,0.0
2025-05-12,506.99,507.89,501.48,507.85,45090621,0.0
2025-05-13,509.16,517.39,508.42,515.59,53269566,0.0
2025-05-14,516.77,519.2279,515.75,518.68,47014520,0.0
2025-05-15,516.52,521.93,515.17,519.25,50153281,0.0
2025-05-16,520.66,521.7,517.1,521.51,48394602,0.0
2025-05-19,514.24,522.53,514.24,522.01,52536152,0.0
2025-05-20,519.47,520.93,516.66,520.27,42517559,0.0
2025-05-21,516.27,523.0,511.24,513.04,71292828,0.0
2025-05-22,513.66,517.71,512.3,514.0,55607168,0.0
2025-05-23,506.18,511.84,505.58,509.24,58368078,0.0
2025-05-27,516.15,521.71,514.59,521.22,47226320,0.0
2025-05-28,522.18,523.68,518.39,518.91,46637180,0.0
2025-05-29,526.33,526.48,517.32,519.93,58724070,0.0
2025-05-30,519.44,520.68,511.93,519.11,67662844,0.0
2025-06-02,517.24,523.45,515.97,523.21,44762820,0.0
2025-06-03,523.56,528.74,522.69,527.3,44070328,0.0
2025-06-04,528.01,529.84,525.9694,528.77,41359320,0.0
2025-06-05,530.18,533.05,522.66,524.79,61286621,0.0
2025-06-06,530.0,531.8,528.21,529.92,42467020,0.0
2025-06-09,530.14,532.35,529.01,530.7,33688672,0.0
2025-06-10,531.17,534.9,528.89,534.21,40664801,0.0
2025-06-11,535.62,536.78,530.11,532.41,53701031,0.0
2025-06-12,531.09,534.6438,530.84,533.66,34104887,0.0
2025-06-13,527.68,531.87,525.73,526.96,55814441,0.0
2025-06-16,530.5,535.37,530.45,534.29,37622047,0.0
2025-06-17,531.71,533.325,527.91,529.08,42180871,0.0
2025-06-18,530.1,532.55,527.4,528.99,43983520,0.0
2025-06-20,532.26,533.56,524.88,526.83,61643520,0.0
2025-06-23,526.81,532.17,523.65,531.65,50666152,0.0
2025-06-24,536.89,540.7,536.27,539.78,45441980,0.0
2025-06-25,542.06,543.31,539.38,541.16,44804168,0.0
2025-06-26,543.35,546.67,541.52,546.22,43811434,0.0
2025-06-27,547.26,549.99,544.545,548.09,57577152,0.0
2025-06-30,551.26,552.8,549.01,551.64,45548738,0.0
2025-07-01,549.73,550.71,544.66,546.99,56166738,0.0
2025-07-02,546.16,551.0,546.12,550.8,36538281,0.0
2025-07-03,553.18,557.2,553.18,556.22,26443520,0.0
2025-07-07,553.52,554.34,549.58,552.03,45349320,0.0
2025-07-08,553.38,554.01,551.1,552.34,36153262,0.0
2025-07-09,554.48,557.63,553.1,556.25,43045527,0.0
2025-07-10,556.89,557.3,552.75,555.45,34710910,0.0
2025-07-11,553.3,555.79,552.05,554.2,39618641,0.0
2025-07-14,553.99,556.945,551.63,556.21,36453312,0.0
2025-07-15,560.25,560.8,556.66,556.72,43277660,0.0
2025-07-16,557.28,560.21,551.56,557.29,52314711,0.0
2025-07-17,558.02,562.31,557.21,561.8,40423781,0.0
2025-07-18,563.12,564.7262,559.98,561.26,50484699,0.0
2025-07-21,562.09,566.06,562.06,564.17,39595207,0.0
2025-07-22,564.3,564.35,558.61,561.25,43270648,0.0
2025-07-23,562.34,563.85,559.58,563.81,40215262,0.0
2025-07-24,565.13,566.24,563.295,565.01,42275539,0.0
2025-07-25,564.93,567.695,564.27,566.37,30630811,0.0
2025-07-28,567.74,569.04,566.87,568.14,31498740,0.0
2025-07-29,570.76,572.11,566.53,567.26,45463320,0.0
2025-07-30,568.18,570.62,565.05,568.02,43433781,0.0
2025-07-31,574.54,574.63,563.87,565.01,64613594,0.0
2025-08-01,558.83,559.02,551.68,553.88,69400789,0.0
2025-08-04,559.05,564.315,558.95,564.1,47669754,0.0
2025-08-05,565.39,566.5607,559.73,560.27,48666641,0.0
2025-08-06,561.11,567.76,560.63,567.32,41823680,0.0
2025-08-07,571.67,573.32,565.11,569.24,44462969,0.0
2025-08-08,570.45,574.77,570.15,574.55,35255473,0.0
2025-08-11,574.69,576.8,571.57,572.85,33112922,0.0
2025-08-12,575.16,580.35,572.485,580.05,42271441,0.0
2025-08-13,582.76,583.3199,578.94,580.34,41209289,0.0
2025-08-14,578.28,581.88,577.91,579.89,45425039,0.0
2025-08-15,579.8,579.84,575.5743,577.34,49480160,0.0
2025-08-18,576.44,577.765,575.2412,577.11,29830961,0.0
2025-08-19,576.39,576.56,568.25,569.28,53752641,0.0
2025-08-20,568.33,568.45,558.84,565.9,76781086,0.0
2025-08-21,564.35,566.49,560.98,563.28,46436898,0.0
2025-08-22,564.67,573.99,563.27,571.97,51502129,0.0
2025-08-25,570.4,573.2871,569.16,570.32,34044754,0.0
2025-08-26,569.83,572.92,568.8,572.61,34103008,0.0
2025-08-27,571.59,574.405,570.37,573.49,36927141,0.0
2025-08-28,574.11,578.0,572.46,577.08,46787859,0.0
2025-08-29,574.655,575.03,568.54,570.4,56030406,0.0
2025-09-02,561.31,565.965,559.535,565.62,65876766,0.0
2025-09-03,569.23,571.695,566.725,570.07,54230207,0.0
2025-09-04,570.74,575.6,569.025,575.23,47526281,0.0
2025-09-05,580.49,581.12,571.53,576.06,68342531,0.0
2025-09-08,578.37,580.84,577.77,578.87,46371352,0.0
2025-09-09,579.67,580.94,577.04,580.51,44007594,0.0
2025-09-10,583.74,583.77,578.55,580.7,49307961,0.0
2025-09-11,583.24,584.88,581.62,584.08,44745770,0.0
2025-09-12,585.04,587.86,584.1,586.66,50745887,0.0
2025-09-15,588.44,591.79,588.295,591.68,44360320,0.0
2025-09-16,592.61,592.86,590.49,591.18,36942129,0.0
2025-09-17,591.1,591.75,584.365,590.0,69384812,0.0
2025-09-18,594.91,598.14,592.96,595.32,61069289,0.0
2025-09-19,597.33,600.05,595.85,599.35,58196113,0.0
2025-09-22,597.74,602.87,597.72,602.2,57154770,0.0
2025-09-23,602.37,602.57,596.98,598.2,64635488,0.0
2025-09-24,599.58,599.9,593.36,596.1,49850301,0.0
2025-09-25,592.2,595.115,588.5,593.53,70920211,0.0
2025-09-26,594.35,596.3,591.06,595.97,54337422,0.0
2025-09-29,599.11,602.05,597.41,598.73,48332930,0.0
2025-09-30,598.43,600.71,596.1,600.37,46533809,0.0
2025-10-01,597.17,603.79,596.34,603.25,46899609,0.0
2025-10-02,607.06,607.16,602.93,605.73,43765406,0.0
2025-10-03,606.51,607.3255,601.385,603.18,46482102,0.0
2025-10-06,608.45,609.36,605.97,607.71,41962121,0.0
2025-10-07,609.02,609.71,603.03,604.51,58209461,0.0
2025-10-08,605.41,611.75,605.26,611.44,50629754,0.0
2025-10-09,611.48,611.61,607.48,610.7,45550961,0.0
2025-10-10,611.4,613.18,589.05,589.5,97614781,0.0
2025-10-13,599.68,602.95,597.23,602.01,65872578,0.0
2025-10-14,595.31,602.69,590.13,598.0,69203195,0.0
2025-10-15,604.01,606.7,595.93,602.22,62805461,0.0
2025-10-16,605.11,608.31,595.5,599.99,70981961,0.0
2025-10-17,597.95,605.51,596.37,603.93,72024875,0.0
2025-10-20,607.14,612.8,607.065,611.54,45761699,0.0
2025-10-21,611.64,612.7213,609.32,611.38,44538160,0.0
2025-10-22,610.82,611.41,599.74,605.49,61478801,0.0
2025-10-23,604.91,611.37,604.52,610.58,42844301,0.0
2025-10-24,615.99,618.42,615.13,617.1,47632473,0.0
2025-10-27,624.52,628.55,624.03,628.09,54098609,0.0
2025-10-28,630.36,634.68,629.25,632.92,61195727,0.0
2025-10-29,635.59,637.01,630.25,635.77,67422805,0.0
2025-10-30,632.17,633.5,625.94,626.05,61628621,0.0
2025-10-31,634.17,634.2,626.69,629.07,66305148,0.0
2025-11-03,635.11,635.82,629.85,632.08,37154312,0.0
2025-11-04,623.28,626.95,618.455,619.25,63830770,0.0
2025-11-05,618.49,626.6,617.21,623.28,48688480,0.0
2025-11-06,621.79,622.04,610.3,611.67,72115125,0.0
2025-11-07,608.31,609.95,598.67,609.74,81835391,0.0
2025-11-10,618.92,624.31,616.89,623.23,55919930,0.0
2025-11-11,620.57,622.72,617.52,621.57,44868840,0.0
2025-11-12,624.84,624.86,617.81,621.08,47444379,0.0
2025-11-13,617.54,618.12,606.08,608.4,71333633,0.0
2025-11-14,599.55,613.35,597.17,608.86,80087289,0.0
2025-11-17,606.3,612.48,599.87,603.66,63850367,0.0
2025-11-18,599.62,602.31,591.34,596.31,83327281,0.0
2025-11-19,597.07,606.16,594.59,599.87,73111484,0.0
2025-11-20,611.62,614.03,584.75,585.67,117743203,0.0
2025-11-21,587.47,596.98,580.74,590.07,103344203,0.0
2025-11-24,595.28,606.68,595.16,605.16,60168152,0.0
2025-11-25,603.51,610.2601,597.32,608.89,57560871,0.0
2025-11-26,612.51,616.19,610.39,614.27,42393602,0.0
2025-11-28,616.11,619.32,615.417,619.25,23019700,0.0
2025-12-01,613.63,619.44,612.52,617.17,40390800,0.0
2025-12-02,619.46,623.75,617.59,622.0,54541832,0.0
2025-12-03,619.62,624.22,618.03,623.52,47841633,0.0
2025-12-04,624.93,624.94,619.54,622.94,47067754,0.0
2025-12-05,624.38,628.92,623.71,625.48,53614168,0.0
2025-12-08,627.21,628.84,621.69,624.28,43462406,0.0
2025-12-09,623.01,625.87,621.0,625.05,37156000,0.0
2025-12-10,623.85,629.21,620.99,627.61,55031379,0.0
2025-12-11,623.82,625.78,617.72,625.58,58272840,0.0
2025-12-12,622.08,623.54,611.36,613.62,75158727,0.0
2025-12-15,618.37,618.42,609.32,610.54,49538199,0.0
2025-12-16,608.26,613.51,606.9101,611.75,55152820,0.0
2025-12-17,613.06,613.65,600.28,600.41,70654328,0.0
2025-12-18,609.8,612.93,606.92,609.11,78875820,0.0
2025-12-19,611.95,617.62,611.87,617.05,60369832,0.0
2025-12-22,621.35,621.65,617.77,619.21,43703100,0.0
2025-12-23,618.2,622.41,617.78,622.11,41120400,0.0
2025-12-24,621.99,624.28,621.72,623.93,18468700,0.0
2025-12-26,624.66,625.52,623.14,623.89,28959800,0.0
2025-12-29,620.1,622.78,618.73,620.87,32458300,0.0
2025-12-30,619.84,622.18,619.22,619.43,31226800,0.0
2025-12-31,619.65,619.96,614.05,614.31,40746500,0.0
2026-01-02,620.06,622.85,610.15,613.12,61859200,0.0
2026-01-05,619.32,620.81,616.72,617.99,46828400,0.0
2026-01-06,619.23,624.02,618.54,623.42,43137500,0.0
2026-01-07,623.04,627.94,622.56,624.02,44880300,0.0
2026-01-08,623.03,623.42,617.8,620.47,50435900,0.0
2026-01-09,621.41,627.89,619.06,626.65,49688700,0.0
2026-01-12,622.31,628.85,622.26,627.17,37388700,0.0
2026-01-13,627.27,629.47,623.7,626.24,44481400,0.0
2026-01-14,622.24,623.45,614.56,619.55,72598700,0.0
2026-01-15,626.6,630.0,620.75,621.78,53934900,0.0
2026-01-16,625.5,626.08,618.88,621.26,61058100,0.0
2026-01-20,610.53,615.06,607.05,608.06,81988900,0.0
2026-01-21,609.47,620.42,607.86,616.28,79837900,0.0
2026-01-22,622.35,622.46,617.78,620.76,42254800,0.0
2026-01-23,619.73,625.4,618.65,622.72,43645800,0.0
2026-01-26,623.21,627.61,622.12,625.46,35983000,0.0
2026-01-27,628.91,632.04,627.34,631.13,38997200,0.0
2026-01-28,635.46,636.6,631.81,633.22,50691700,0.0
2026-01-29,632.65,633.67,618.27,629.43,79944000,0.0
2026-01-30,625.71,628.26,619.3,621.87,65650700,0.0
2026-02-02,618.7,628.49,618.66,626.14,49020300,0.0
2026-02-03,628.3,629.98,610.96,616.52,81234000,0.0
2026-02-04,615.02,615.1,600.47,605.75,81850700,0.0
2026-02-05,600.21,604.81,594.76,597.03,89354500,0.0
2026-02-06,600.19,611.41,598.77,609.65,78019300,0.0
2026-02-09,607.54,616.46,605.07,614.32,56797600,0.0
2026-02-10,615.31,617.02,611.01,611.47,53938900,0.0
2026-02-11,616.38,617.52,607.69,613.11,58575100,0.0
2026-02-12,614.71,615.81,599.57,600.64,81378900,0.0
2026-02-13,600.43,606.48,596.42,601.92,69237500,0.0
2026-02-17,598.38,603.95,593.34,601.3,69013800,0.0
2026-02-18,602.11,609.77,600.72,605.79,64250700,0.0
2026-02-19,602.81,605.82,600.75,603.47,60960800,0.0
2026-02-20,600.12,610.35,599.23,608.81,74127300,0.0
2026-02-23,606.61,608.01,599.05,601.41,63859100,0.0
2026-02-24,602.4,608.99,599.73,607.87,55023700,0.0
2026-02-25,611.07,616.83,611.0,616.68,55710700,0.0
2026-02-26,615.59,615.59,603.98,609.24,96178900,0.0
2026-02-27,602.98,608.32,602.19,607.29,68125200,0.0
2026-03-02,598.86,609.92,597.99,608.09,75264600,0.0
2026-03-03,596.33,603.96,591.87,601.58,97015500,0.0
2026-03-04,604.16,612.88,603.43,610.75,70943900,0.0
2026-03-05,607.4,612.76,602.26,608.91,89602400,0.0
2026-03-06,600.31,606.0,598.33,599.75,86302300,0.0
2026-03-09,594.225,609.27,591.33,607.76,93068172,0.0
2026-03-10,607.78,613.29,605.42,607.77,64078871,0.0
2026-03-11,608.95,612.43,605.03,607.69,60114800,0.0
2026-03-12,602.76,604.14,597.05,597.26,71836600,0.0
2026-03-13,599.73,603.6,592.57,593.72,63145500,0.0
2026-03-16,600.04,603.86,599.11,600.38,49077200,0.0
2026-03-17,603.14,605.9,601.87,603.31,47106600,0.0
2026-03-18,601.49,603.16,594.56,594.9,56128000,0.0
2026-03-19,589.51,595.8,587.08,593.02,75597600,0.0
2026-03-20,591.06,591.17,578.54,582.06,91964680,0.0
2026-03-23,590.52,595.08,585.96,588.0,89936117,0.0
2026-03-24,584.81,587.93,581.93,583.98,57750898,0.0
2026-03-25,589.14,591.37,585.69,587.82,60475488,0.0
2026-03-26,582.6,584.63,573.43,573.79,81492117,0.0
2026-03-27,570.81,571.02,561.57,562.58,82497000,0.0
2026-03-30,567.38,568.05,555.6,558.28,70602600,0.0
2026-03-31,564.29,578.64,564.21,577.18,95878000,0.0
2026-04-01,581.48,587.74,580.42,584.31,79435100,0.0
2026-04-02,573.97,586.05,571.92,584.98,50941700,0.0
2026-04-06,586.23,590.61,584.69,588.5,35108500,0.0
2026-04-07,585.64,588.98,578.4,588.59,49948200,0.0
2026-04-08,608.71,609.9,602.12,606.09,63086000,0.0
2026-04-09,605.93,610.5,603.03,610.19,37837500,0.0
2026-04-10,611.84,613.67,609.58,611.07,33831300,0.0
2026-04-13,609.48,626.74,608.11,617.39,32972100,0.0
2026-04-14,620.22,628.6,620.1,628.6,49921100,0.0
2026-04-15,629.08,637.83,628.2,637.4,50102400,0.0
2026-04-16,639.21,642.18,635.26,640.47,42320600,0.0
2026-04-17,645.59,650.0,644.07,648.85,53488900,0.0
2026-04-20,648.04,648.76,642.52,646.79,37138500,0.0
2026-04-21,648.41,650.2,642.21,644.33,39580500,0.0
2026-04-22,650.15,655.33,648.52,655.11,37368400,0.0
2026-04-23,653.55,656.92,645.52,651.42,40099800,0.0
2026-04-24,658.51,664.51,656.53,663.88,45423700,0.0
2026-04-27,663.4,664.43,660.69,664.23,32717000,0.0
2026-04-28,657.41,659.64,653.81,657.55,34147900,0.0
2026-04-29,658.63,661.72,656.59,661.57,31724900,0.0
2026-04-30,665.35,668.9,657.56,667.74,40622200,0.0
2026-05-01,669.16,675.97,668.8,674.15,39055400,0.0
2026-05-04,674.66,676.73,668.9,672.88,34542000,0.0
2026-05-05,677.96,682.77,677.51,681.61,37101100,0.0
2026-05-06,687.78,695.93,686.48,695.77,38778500,0.0
2026-05-07,696.58,701.24,691.77,694.94,43779100,0.0
2026-05-08,699.92,711.23,699.5,711.23,44146300,0.0
2026-05-11,710.36,714.59,708.91,713.29,36019100,0.0
2026-05-12,708.22,710.18,696.64,707.24,45873000,0.0
2026-05-13,709.96,716.65,704.83,714.71,40012500,0.0
2026-05-14,714.62,722.03,714.22,719.79,33327500,0.0
2026-05-15,710.14,715.13,705.55,708.93,51687900,0.0
2026-05-18,711.54,712.07,698.85,705.88,49834500,0.0
2026-05-19,699.81,706.49,695.25,701.53,46827500,0.0
2026-05-20,705.29,713.15,703.79,713.15,36779200,0.0
2026-05-21,708.99,717.12,706.77,714.51,36415400,0.0
2026-05-22,718.07,722.12,715.95,717.54,33118600,0.0
2026-05-26,725.96,731.17,724.16,730.28,34254700,0.0
2026-05-27,732.96,733.32,725.44,729.45,35148700,0.0
2026-05-28,729.73,736.6,726.41,735.6,32840000,0.0
2026-05-29,737.84,741.63,735.25,738.31,37541700,0.0
2026-06-01,737.04,745.65,735.99,742.74,33890600,0.0
2026-06-02,742.4,746.44,739.23,746.16,30085200,0.0
2026-06-03,747.31,748.65,741.01,744.21,40270200,0.0
2026-06-04,735.48,743.5,732.62,740.61,40782600,0.0
2026-06-05,730.06,731.69,704.32,705.06,99178800,0.0
2026-06-08,717.81,723.03,713.07,716.07,47401500,0.0
2026-06-09,722.98,725.66,686.37,707.83,91337800,0.0
2026-06-10,701.66,711.28,692.93,693.69,65334300,0.0
2026-06-11,699.29,718.37,695.0,717.12,71798900,0.0
2026-06-12,717.61,724.01,711.28,721.34,51168400,0.0
2026-06-15,738.1,744.76,737.38,744.0,46710200,0.0
2026-06-16,742.25,744.22,729.64,729.86,45348700,0.0
2026-06-17,735.19,735.68,720.85,722.51,51669300,0.0
2026-06-18,737.2,741.82,732.51,740.62,50154602,0.0
2026-06-22,742.02,745.45,734.39,737.95,43518600,0.0
2026-06-23,715.74,723.61,712.11,713.65,53354200,0.0
2026-06-24,715.37,719.93,704.45,710.62,52480400,0.0
2026-06-25,725.9,726.83,705.3,716.38,50144100,0.0
2026-06-26,707.13,715.56,702.81,706.52,47081800,0.0
2026-06-29,713.99,724.58,705.17,724.08,44939100,0.0
2026-06-30,724.18,737.62,723.91,736.4,42121800,0.0
2026-07-01,729.19,731.92,724.6,725.17,40803800,0.0
2026-07-02,725.58,730.83,707.56,712.6,50959800,0.0
2026-07-06,719.93,726.08,718.45,722.82,30220400,0.0
2026-07-07,714.17,716.35,704.9,709.43,42483100,0.0
2026-07-08,704.95,712.26,700.91,711.44,35603200,0.0
2026-07-09,718.33,724.23,715.13,723.28,33654700,0.0
2026-07-10,720.7,726.39,717.0,725.51,26415900,0.0
2026-07-13,717.72,718.74,710.08,711.74,36552400,0.0
2026-07-14,720.22,722.29,714.34,719.69,29448100,0.0
2026-07-15,723.85,724.36,710.23,717.74,32627600,0.0
2026-07-16,712.01,713.6,702.61,705.94,39402000,0.0
2026-07-17,691.65,702.3,686.76,695.33,53985400,0.0
2026-07-20,702.16,705.8,695.51,696.06,29687600,0.0
2026-07-21,706.57,710.05,702.8,708.97,33728300,0.0
2026-07-22,703.62,709.65,703.62,705.35,23692200,0.0
2026-07-23,694.67,698.66,687.79,691.96,44028600,0.0
2026-07-24,690.41,692.63,682.48,684.23,42783600,0.0
2026-07-27,691.68,692.3,675.95,682.12,42681500,0.0
2026-07-28,676.23,679.4,667.88,675.49,51398700,0.0
2026-07-29,675.51,680.05,661.14,661.73,57233300,0.0
2026-07-30,674.76,685.12,673.3,683.55,66753700,0.0
2026-07-31,692.11,695.77,680.05,687.99,50443900,0.0
2026-08-03,688.3,701.59,685.82,700.07,44965100,0.0
2026-08-04,708.16,725.66,707.53,723.85,59778600,0.0
2026-08-05,726.25,728.54,716.92,717.3,33540200,0.0
2026-08-06,710.82,719.32,708.5,714.65,33035900,0.0
2026-08-07,720.15,723.63,716.51,723.03,31024100,0.0
2026-08-10,722.39,724.67,720.33,720.87,26243200,0.0
2026-08-11,723.29,723.35,715.5,718.45,29286100,0.0
2026-08-12,727.08,727.25,722.92,723.7,29066000,0.0
2026-08-13,725.15,733.96,724.03,732.07,31599737,0.0
