date,open,high,low,close,volume,amount
2012-02-09,25.58,25.59,25.55,25.55,2300,0.0
2012-02-10,25.14,25.26,25.03,25.15,5800,0.0
2012-02-13,25.6,25.6,25.6,25.6,100,0.0
2012-02-15,26.47,26.47,26.43,26.43,5300,0.0
2012-02-17,27.18,27.2,27.12,27.12,5610,0.0
2012-02-21,27.3,27.427,27.3,27.37,14388,0.0
2012-02-22,26.5,26.5,26.3,26.43,5480,0.0
2012-02-23,26.04,26.08,25.99,26.08,18305,0.0
2012-02-24,26.01,26.01,25.97,25.99,10000,0.0
2012-02-27,25.23,25.23,25.02,25.16,16925,0.0
2012-02-28,26.06,26.2,26.06,26.2,17800,0.0
2012-02-29,26.42,26.42,26.22,26.24,3090,0.0
2012-03-01,26.26,26.26,26.26,26.26,2100,0.0
2012-03-02,25.93,25.93,25.93,25.93,300,0.0
2012-03-05,25.43,25.43,25.31,25.36,16400,0.0
2012-03-06,24.8,24.8,24.23,24.29,25101,0.0
2012-03-07,24.59,24.59,24.59,24.59,500,0.0
2012-03-09,25.89,26.16,25.88,25.97,7398,0.0
2012-03-13,26.5,26.65,26.39,26.65,744,0.0
2012-03-14,26.48,26.48,26.4,26.42,4998,0.0
2012-03-15,25.89,26.06,25.89,26.06,1150,0.0
2012-03-16,25.8,25.8,25.69,25.69,4400,0.0
2012-03-19,25.35,25.81,25.3,25.3,850,0.0
2012-03-20,24.994,24.994,24.99,24.99,350,0.0
2012-03-21,25.72,25.72,25.72,25.72,150,0.0
2012-03-22,25.03,25.03,24.9,24.9,1340,0.0
2012-03-23,25.04,25.04,24.89,24.89,1340,0.0
2012-03-26,24.77,24.8,24.77,24.8,600,0.0
2012-03-27,24.86,24.86,24.86,24.86,1500,0.0
2012-03-28,24.5,24.5,24.27,24.27,1327,0.0
2012-03-29,24.25,24.25,24.12,24.12,200,0.0
2012-03-30,24.92,24.92,24.92,24.92,100,0.0
2012-04-02,25.25,25.74,25.25,25.74,1000,0.0
2012-04-05,25.38,25.38,25.38,25.38,195,0.0
2012-04-10,24.75,24.75,24.49,24.49,3200,0.0
2012-04-13,24.46,24.57,24.46,24.57,2550,0.0
2012-04-16,26.98,26.98,24.56,24.56,210,0.0
2012-04-20,24.64,24.64,24.62,24.62,2400,0.0
2012-04-23,24.25,24.25,23.9,23.9,1200,0.0
2012-04-24,23.84,23.84,23.84,23.84,500,0.0
2012-04-25,23.75,23.75,23.75,23.75,725,0.0
2012-04-26,23.71,23.71,23.71,23.71,200,0.0
2012-04-27,23.9,23.9,23.9,23.9,106,0.0
2012-04-30,24.03,24.06,24.03,24.06,394,0.0
2012-05-02,23.58,23.66,23.58,23.59,1200,0.0
2012-05-03,23.05,23.05,23.05,23.05,400,0.0
2012-05-04,22.52,22.53,22.52,22.53,925,0.0
2012-05-09,22.059,22.09,22.059,22.07,685,0.0
2012-05-10,22.32,22.32,22.32,22.32,400,0.0
2012-05-14,21.32,21.32,21.25,21.25,2357,0.0
2012-05-15,21.57,21.57,21.47,21.48,1969,0.0
2012-05-18,21.01,21.01,21.01,21.01,1169,0.0
2012-05-21,21.76,21.76,21.2,21.26,9900,0.0
2012-05-22,21.2,21.2,20.89,20.92,3250,0.0
2012-05-23,21.33,21.33,20.2,20.25,3798,0.0
2012-05-24,20.85,20.86,20.49,20.7,4697,0.0
2012-05-25,20.98,20.98,20.92,20.92,1350,0.0
2012-05-29,21.32,22.5,21.2,21.2,3100,0.0
2012-05-30,20.75,20.75,20.64,20.69,1250,0.0
2012-05-31,20.504,20.83,20.5,20.83,1600,0.0
2012-06-01,20.9,20.9,20.707,20.78,2658,0.0
2012-06-04,20.8,20.8,20.66,20.66,2000,0.0
2012-06-05,20.52,20.82,20.52,20.8,5200,0.0
2012-06-06,21.424,21.424,21.42,21.42,400,0.0
2012-06-07,22.07,22.07,21.82,21.82,2515,0.0
2012-06-08,21.83,21.83,21.66,21.8,3891,0.0
2012-06-11,21.66,21.67,21.0,21.1,3400,0.0
2012-06-12,21.51,21.51,21.51,21.51,760,0.0
2012-06-13,21.5,21.64,21.3,21.3,10900,0.0
2012-06-14,21.84,21.84,21.05,21.05,1000,0.0
2012-06-19,21.925,21.925,21.03,21.14,1350,0.0
2012-06-20,20.984,21.07,20.88,21.07,5910,0.0
2012-06-21,20.98,21.06,20.98,21.06,658,0.0
2012-06-22,21.11,21.11,21.11,21.11,500,0.0
2012-06-25,20.87,21.007,20.87,20.97,650,0.0
2012-06-26,20.6,20.98,20.6,20.98,1900,0.0
2012-06-27,21.32,21.38,21.32,21.38,5000,0.0
2012-06-28,21.36,21.36,21.19,21.3,1100,0.0
2012-07-02,22.2,22.5,21.95,22.5,4600,0.0
2012-07-03,22.98,23.22,22.98,23.2,1150,0.0
2012-07-05,23.2,23.2,23.05,23.05,400,0.0
2012-07-06,22.65,22.65,22.59,22.62,650,0.0
2012-07-09,22.55,22.55,22.35,22.35,1900,0.0
2012-07-10,22.71,22.74,22.7,22.74,10748,0.0
2012-07-11,22.66,22.66,22.66,22.66,200,0.0
2012-07-12,22.6,22.6,22.56,22.56,2200,0.0
2012-07-16,22.85,22.85,22.85,22.85,200,0.0
2012-07-19,22.51,22.65,22.51,22.52,700,0.0
2012-07-24,21.79,21.79,21.49,21.77,3395,0.0
2012-07-26,21.89,21.89,21.69,21.69,1600,0.0
2012-07-31,21.52,21.65,21.52,21.65,1800,0.0
2012-08-01,21.98,22.04,21.98,22.04,300,0.0
2012-08-02,21.6,21.6,21.6,21.6,900,0.0
2012-08-03,21.6,22.12,21.6,22.12,700,0.0
2012-08-06,22.37,22.37,22.37,22.37,225,0.0
2012-08-07,22.51,22.51,22.51,22.51,600,0.0
2012-08-08,22.05,22.32,22.05,22.32,200,0.0
2012-08-10,22.27,22.28,22.26,22.26,20000,0.0
2012-08-13,22.15,22.2,22.15,22.2,425,0.0
2012-08-16,22.16,22.16,22.16,22.16,200,0.0
2012-08-21,22.0,22.241,22.0,22.17,420,0.0
2012-08-22,22.32,22.32,22.12,22.12,1600,0.0
2012-08-23,22.04,22.04,22.04,22.04,200,0.0
2012-08-27,22.0,22.0,21.43,21.52,2000,0.0
2012-08-28,21.37,21.37,21.32,21.32,325,0.0
2012-08-30,21.2,21.2,21.2,21.2,500,0.0
2012-09-04,21.3,21.3,21.3,21.3,300,0.0
2012-09-05,21.85,21.85,21.2,21.2,2003,0.0
2012-09-06,21.7,21.7,21.7,21.7,220,0.0
2012-09-07,21.96,21.96,21.96,21.96,1800,0.0
2012-09-10,22.06,22.06,22.06,22.06,800,0.0
2012-09-11,22.2,22.2,22.18,22.18,4200,0.0
2012-09-12,22.25,22.28,22.19,22.28,6399,0.0
2012-09-13,22.66,22.66,22.66,22.66,826,0.0
2012-09-14,22.86,23.12,22.86,23.11,1475,0.0
2012-09-17,23.2,23.2,23.2,23.2,200,0.0
2012-09-19,23.24,23.24,23.24,23.24,106,0.0
2012-09-21,24.25,24.25,24.25,24.25,200,0.0
2012-09-24,24.22,24.28,24.16,24.28,2551,0.0
2012-09-25,24.4,24.4,24.15,24.15,700,0.0
2012-09-27,24.68,25.07,24.68,25.07,3271,0.0
2012-09-28,25.12,25.12,25.12,25.12,100,0.0
2012-10-01,25.22,25.79,25.22,25.74,4226,0.0
2012-10-02,25.7,25.7,25.61,25.64,800,0.0
2012-10-04,26.13,26.4,26.13,26.4,1311,0.0
2012-10-05,26.1,26.1,25.96,25.99,2200,0.0
2012-10-08,25.7,25.7,25.542,25.542,1200,0.0
2012-10-09,25.48,25.48,25.35,25.35,1225,0.0
2012-10-10,24.98,25.07,24.9,24.99,9600,0.0
2012-10-11,25.49,25.54,25.49,25.54,584,0.0
2012-10-12,25.54,25.54,25.52,25.52,17100,0.0
2012-10-15,25.35,25.51,25.35,25.47,2300,0.0
2012-10-16,25.45,25.45,25.32,25.36,7050,0.0
2012-10-17,25.34,25.49,25.33,25.33,15410,0.0
2012-10-18,25.33,25.42,25.04,25.04,50353,0.0
2012-10-19,24.99,25.02,24.9,24.95,43850,0.0
2012-10-23,24.86,24.97,24.86,24.97,306,0.0
2012-10-24,25.02,25.06,24.93,24.95,4600,0.0
2012-10-26,24.82,24.82,24.77,24.77,216,0.0
2012-10-31,23.23,24.34,23.23,24.34,1550,0.0
2012-11-01,25.0,25.18,25.0,25.18,3562,0.0
2012-11-02,25.9,25.9,24.95,24.95,1255,0.0
2012-11-06,25.03,25.03,24.85,25.0,1800,0.0
2012-11-08,25.42,25.42,25.07,25.15,8860,0.0
2012-11-09,24.68,24.74,24.61,24.61,1390,0.0
2012-11-12,24.8,24.83,24.8,24.83,3835,0.0
2012-11-14,24.92,24.92,24.92,24.92,200,0.0
2012-11-15,25.24,25.24,24.84,24.96,1200,0.0
2012-11-19,24.42,24.7,24.42,24.49,7000,0.0
2012-11-20,24.25,24.25,24.25,24.25,200,0.0
2012-11-21,24.03,24.33,24.03,24.33,1200,0.0
2012-11-26,24.589,25.235,24.47,24.51,18669,0.0
2012-11-29,25.475,25.475,25.41,25.41,782,0.0
2012-11-30,25.4,25.52,25.4,25.52,441,0.0
2012-12-03,26.0,26.1,26.0,26.1,3908,0.0
2012-12-05,26.2,26.34,26.2,26.28,5069,0.0
2012-12-11,26.08,26.08,26.08,26.08,230,0.0
2012-12-12,26.1,26.14,26.1,26.14,400,0.0
2012-12-13,25.81,25.82,25.81,25.82,2112,0.0
2012-12-14,25.85,25.85,25.85,25.85,100,0.0
2012-12-18,25.23,25.64,25.19,25.62,9706,0.0
2012-12-19,26.08,26.08,25.9,26.04,2948,0.0
2012-12-21,24.89,25.43,24.89,25.42,23149,0.0
2012-12-24,25.47,25.47,25.35,25.35,400,0.0
2012-12-26,25.79,25.79,25.79,25.79,196,0.0
2012-12-27,25.67,25.67,25.5,25.5,600,0.0
2012-12-28,25.5,25.53,25.45,25.46,33872,0.0
2012-12-31,25.51,25.63,25.51,25.61,37742,0.0
2013-01-02,26.53,26.55,26.51,26.51,2994,0.0
2013-01-03,26.3,26.59,26.3,26.59,154020,0.0
2013-01-04,26.72,26.72,26.4,26.4,14400,0.0
2013-01-07,26.5,26.5,26.27,26.27,5300,0.0
2013-01-08,26.3,26.3,26.28,26.3,1973,0.0
2013-01-09,26.35,26.35,26.35,26.35,900,0.0
2013-01-10,26.35,26.36,26.34,26.36,1925,0.0
2013-01-11,25.93,25.93,25.91,25.91,800,0.0
2013-01-14,26.11,26.11,26.1,26.1,500,0.0
2013-01-15,26.3,26.3,26.24,26.24,1473,0.0
2013-01-16,25.88,25.88,25.86,25.87,2419,0.0
2013-01-18,26.43,26.44,26.43,26.43,300,0.0
2013-01-22,26.46,26.46,26.01,26.04,7834,0.0
2013-01-23,25.66,25.72,25.66,25.69,2938,0.0
2013-01-24,24.99,24.99,24.9,24.9,3802,0.0
2013-01-25,25.33,25.51,25.29,25.29,12315,0.0
2013-01-28,25.28,25.28,25.28,25.28,700,0.0
2013-01-29,25.63,25.63,25.59,25.62,3100,0.0
2013-01-30,25.72,25.72,25.72,25.72,475,0.0
2013-01-31,25.76,25.79,25.76,25.79,2194,0.0
2013-02-01,25.91,25.91,25.91,25.91,155,0.0
2013-02-04,25.41,25.41,25.26,25.26,228,0.0
2013-02-05,25.18,25.18,25.141,25.141,9509,0.0
2013-02-06,25.07,25.07,25.06,25.06,3058,0.0
2013-02-07,24.93,24.93,24.93,24.93,114,0.0
2013-02-08,24.8,24.8,24.67,24.67,950,0.0
2013-02-11,24.53,24.53,24.51,24.51,1599,0.0
2013-02-12,24.56,24.57,24.56,24.57,1200,0.0
2013-02-13,24.51,24.51,24.35,24.35,950,0.0
2013-02-15,23.75,23.75,23.75,23.75,200,0.0
2013-02-19,24.41,24.44,24.41,24.44,200,0.0
2013-02-20,24.42,24.44,24.16,24.16,2818,0.0
2013-02-21,23.46,23.46,23.32,23.39,500,0.0
2013-02-25,23.5,23.55,23.39,23.39,3611,0.0
2013-02-26,22.9,23.0,22.87,23.0,2640,0.0
2013-02-28,22.25,22.25,22.13,22.13,3021,0.0
2013-03-01,22.01,22.05,22.0,22.05,1750,0.0
2013-03-04,21.8,21.8,21.63,21.63,1805,0.0
2013-03-07,22.89,22.89,22.89,22.89,987,0.0
2013-03-08,23.22,23.22,23.1,23.1,979,0.0
2013-03-11,23.24,23.24,23.1,23.1,18334,0.0
2013-03-12,23.13,23.13,23.1,23.1,700,0.0
2013-03-15,22.96,22.96,22.96,22.96,107,0.0
2013-03-18,22.75,22.75,22.75,22.75,1600,0.0
2013-03-19,22.4,22.4,22.04,22.04,245,0.0
2013-03-20,21.95,21.95,21.83,21.83,3179,0.0
2013-03-21,21.97,21.97,21.42,21.42,5900,0.0
2013-03-22,21.42,21.42,21.42,21.42,300,0.0
2013-03-25,21.53,21.53,21.53,21.53,100,0.0
2013-03-26,21.23,21.44,21.23,21.44,335,0.0
2013-03-27,21.44,21.44,21.44,21.44,400,0.0
2013-04-01,22.18,22.18,22.1,22.16,1558,0.0
2013-04-04,21.658,21.658,21.65,21.65,200,0.0
2013-04-05,21.59,21.59,21.5,21.51,950,0.0
2013-04-08,21.37,21.37,21.37,21.37,200,0.0
2013-04-09,21.3,21.5,21.3,21.5,259,0.0
2013-04-10,21.7,21.7,21.695,21.695,360,0.0
2013-04-11,21.75,21.75,21.75,21.75,600,0.0
2013-04-15,21.31,21.34,21.31,21.34,1238,0.0
2013-04-16,21.68,22.0,21.68,22.0,300,0.0
2013-04-18,21.91,22.05,21.91,22.05,600,0.0
2013-04-19,22.03,22.05,22.03,22.05,200,0.0
2013-04-23,22.37,22.37,22.37,22.37,113,0.0
2013-04-24,22.09,22.09,22.09,22.09,1005,0.0
2013-04-29,22.68,22.7,22.68,22.7,200,0.0
2013-04-30,23.0,23.0,22.98,22.98,800,0.0
2013-05-01,23.28,23.28,23.0,23.08,12600,0.0
2013-05-02,23.17,23.17,23.17,23.17,450,0.0
2013-05-03,23.14,23.14,23.14,23.14,200,0.0
2013-05-06,23.1,23.1,23.1,23.1,220,0.0
2013-05-07,23.58,23.58,23.58,23.58,100,0.0
2013-05-09,23.16,23.28,23.16,23.28,1565,0.0
2013-05-10,23.16,23.17,23.16,23.17,500,0.0
2013-05-13,22.76,22.76,22.76,22.76,100,0.0
2013-05-14,23.04,23.04,23.04,23.04,100,0.0
2013-05-15,23.44,23.44,23.07,23.4,6900,0.0
2013-05-16,23.37,23.37,23.37,23.37,100,0.0
2013-05-17,23.5,23.51,23.5,23.5,400,0.0
2013-05-20,23.41,23.41,23.41,23.41,1020,0.0
2013-05-22,22.8,22.8,22.58,22.58,1200,0.0
2013-05-23,21.95,21.95,21.94,21.94,914,0.0
2013-05-28,22.33,22.62,22.33,22.53,14829,0.0
2013-05-29,22.25,22.27,22.07,22.15,3100,0.0
2013-05-30,22.14,22.215,22.14,22.21,3328,0.0
2013-05-31,21.65,21.75,21.65,21.7,3400,0.0
2013-06-03,21.85,21.95,21.84,21.95,4500,0.0
2013-06-04,21.9,21.9,21.89,21.9,1150,0.0
2013-06-10,21.18,21.51,21.18,21.51,400,0.0
2013-06-11,20.5,20.5,19.81,20.4,7064,0.0
2013-06-12,20.53,20.53,20.53,20.53,1300,0.0
2013-06-13,20.31,20.56,20.31,20.56,720,0.0
2013-06-14,20.66,20.67,20.647,20.67,1150,0.0
2013-06-17,21.11,21.11,20.69,20.77,1800,0.0
2013-06-19,21.15,21.15,20.32,20.52,2400,0.0
2013-06-20,19.83,19.83,19.83,19.83,1100,0.0
2013-06-21,19.57,19.93,19.57,19.85,4375,0.0
2013-06-24,18.86,19.15,18.86,19.15,2910,0.0
2013-06-25,18.98,19.118,18.91,19.118,2925,0.0
2013-06-26,17.67,18.79,17.67,18.79,1500,0.0
2013-06-27,18.95,18.96,18.95,18.95,4900,0.0
2013-06-28,19.19,19.36,19.19,19.33,1900,0.0
2013-07-01,19.76,19.76,19.76,19.76,100,0.0
2013-07-02,19.76,19.85,19.76,19.85,5373,0.0
2013-07-03,19.24,19.24,19.1,19.1,2600,0.0
2013-07-05,19.35,19.35,19.03,19.03,1200,0.0
2013-07-10,19.51,19.51,19.51,19.51,250,0.0
2013-07-11,19.76,19.96,19.76,19.96,1050,0.0
2013-07-12,19.82,19.82,19.65,19.65,1100,0.0
2013-07-15,20.28,20.28,20.28,20.28,100,0.0
2013-07-16,19.849,19.86,19.849,19.86,2169,0.0
2013-07-19,19.46,19.46,19.46,19.46,201,0.0
2013-07-23,19.43,19.48,19.37,19.37,1714,0.0
2013-07-25,19.27,19.27,19.27,19.27,200,0.0
2013-07-29,18.65,18.65,18.65,18.65,1254,0.0
2013-07-30,18.28,18.28,17.77,17.77,1013,0.0
2013-07-31,17.77,17.77,17.77,17.77,108,0.0
2013-08-05,17.45,17.45,17.01,17.01,1675,0.0
2013-08-06,16.94,16.94,16.51,16.51,1505,0.0
2013-08-07,16.62,16.62,16.62,16.62,400,0.0
2013-08-08,17.25,17.28,17.16,17.28,780,0.0
2013-08-09,17.53,17.53,17.29,17.29,6900,0.0
2013-08-12,17.32,17.32,17.21,17.3,3600,0.0
2013-08-14,17.665,17.67,17.64,17.67,900,0.0
2013-08-16,17.11,17.12,16.8,16.8,6800,0.0
2013-08-19,16.81,16.81,16.15,16.16,5650,0.0
2013-08-20,16.13,16.18,16.13,16.18,1100,0.0
2013-08-21,15.915,15.915,15.8,15.83,2100,0.0
2013-08-22,15.89,16.42,15.89,16.42,1479,0.0
2013-08-23,16.39,16.4,16.19,16.35,3600,0.0
2013-08-26,16.37,16.37,16.0,16.0,2400,0.0
2013-08-27,15.42,15.485,15.0,15.29,4550,0.0
2013-08-28,14.895,15.1,14.895,15.1,6000,0.0
2013-08-29,15.23,15.29,15.23,15.29,877,0.0
2013-08-30,15.97,15.97,15.3,15.3,2300,0.0
2013-09-03,15.22,15.3,15.08,15.08,400,0.0
2013-09-04,15.87,16.1,15.47,16.1,6500,0.0
2013-09-05,15.86,16.03,15.81,16.03,47905,0.0
2013-09-06,16.34,16.535,16.34,16.51,5620,0.0
2013-09-09,16.32,17.08,16.32,17.07,3800,0.0
2013-09-10,16.94,16.94,16.725,16.85,3350,0.0
2013-09-11,17.19,17.328,17.19,17.32,3129,0.0
2013-09-12,17.18,17.23,17.18,17.23,6806,0.0
2013-09-13,17.14,17.14,17.14,17.14,300,0.0
2013-09-16,17.21,17.83,16.95,17.83,3108,0.0
2013-09-17,17.22,17.37,17.09,17.37,2540,0.0
2013-09-18,17.21,17.79,17.21,17.79,8177,0.0
2013-09-19,18.02,18.15,17.772,18.15,2602,0.0
2013-09-20,18.33,18.33,17.6,17.75,1220,0.0
2013-09-23,17.62,17.82,17.62,17.82,270,0.0
2013-09-24,17.55,17.56,17.54,17.54,663,0.0
2013-09-25,17.65,17.687,17.65,17.687,981,0.0
2013-09-26,17.81,17.817,17.81,17.817,390,0.0
2013-09-27,17.52,17.52,17.29,17.4,1961,0.0
2013-09-30,17.45,17.56,17.45,17.56,200,0.0
2013-10-01,17.703,17.76,17.69,17.76,1284,0.0
2013-10-02,17.78,17.78,17.64,17.67,1315,0.0
2013-10-03,18.27,18.27,17.988,18.18,1250,0.0
2013-10-09,18.71,18.71,18.708,18.708,3250,0.0
2013-10-10,18.96,19.29,18.96,19.29,1650,0.0
2013-10-11,18.77,18.77,18.76,18.76,300,0.0
2013-10-14,18.81,19.38,18.81,19.38,4640,0.0
2013-10-15,18.8,18.82,18.75,18.75,1553,0.0
2013-10-16,18.94,18.95,18.94,18.95,7898,0.0
2013-10-17,18.948,19.1,18.82,18.823,3686,0.0
2013-10-18,19.13,19.148,18.823,19.14,2336,0.0
2013-10-21,19.09,19.11,19.09,19.11,2500,0.0
2013-10-22,19.3,19.44,19.28,19.44,2900,0.0
2013-10-23,19.13,19.25,19.13,19.25,8080,0.0
2013-10-24,19.84,19.84,19.22,19.22,1066,0.0
2013-10-25,19.25,19.25,19.25,19.25,416,0.0
2013-10-28,19.08,19.1,19.08,19.1,474,0.0
2013-10-29,19.4,19.43,19.4,19.43,800,0.0
2013-11-01,19.78,19.99,19.71,19.86,1422,0.0
2013-11-04,19.98,19.98,19.93,19.94,2961,0.0
2013-11-05,19.98,19.98,19.98,19.98,832,0.0
2013-11-06,20.46,20.46,20.005,20.04,1409,0.0
2013-11-07,20.01,20.01,19.64,19.64,2200,0.0
2013-11-08,19.54,19.67,19.52,19.67,2528,0.0
2013-11-11,19.47,19.47,19.32,19.32,489,0.0
2013-11-12,19.02,19.02,19.02,19.02,1000,0.0
2013-11-13,19.155,19.19,19.06,19.19,1889,0.0
2013-11-14,19.3,19.3,19.3,19.3,1000,0.0
2013-11-15,19.3,20.0,19.3,20.0,6400,0.0
2013-11-18,20.16,20.3,20.16,20.17,5552,0.0
2013-11-19,19.57,20.51,19.57,20.51,3750,0.0
2013-11-20,20.51,20.51,19.71,20.04,2442,0.0
2013-11-21,19.99,20.1,19.71,19.84,5295,0.0
2013-11-22,19.698,20.328,19.698,20.1,5045,0.0
2013-11-25,19.81,20.49,19.6,19.605,701,0.0
2013-11-26,20.39,20.52,20.17,20.52,2698,0.0
2013-11-27,19.82,20.84,19.82,20.05,1384,0.0
2013-11-29,21.02,21.15,20.05,21.03,5236,0.0
2013-12-02,21.98,22.26,21.5,21.77,8356,0.0
2013-12-03,21.0,21.03,20.63,20.63,3950,0.0
2013-12-04,21.3,21.3,21.3,21.3,100,0.0
2013-12-06,20.75,21.24,20.75,21.24,2800,0.0
2013-12-09,21.21,21.7,20.78,20.78,3800,0.0
2013-12-10,21.079,21.079,21.05,21.05,1100,0.0
2013-12-11,21.28,21.28,21.28,21.28,203,0.0
2013-12-12,21.0,21.0,20.53,20.93,12968,0.0
2013-12-13,20.64,20.68,20.039,20.64,807,0.0
2013-12-16,20.63,21.01,20.6,21.01,1187,0.0
2013-12-17,20.6,20.6,20.6,20.6,273,0.0
2013-12-18,20.75,20.76,20.72,20.76,820,0.0
2013-12-19,20.5,20.5,20.3,20.3,765,0.0
2013-12-20,20.65,21.375,20.65,21.25,2356,0.0
2013-12-23,21.49,21.5,21.45,21.5,1749,0.0
2013-12-24,21.88,21.94,21.88,21.94,742,0.0
2013-12-26,21.468,21.8,21.42,21.8,810,0.0
2013-12-27,22.14,22.14,22.04,22.04,2489,0.0
2013-12-31,22.13,22.16,21.9,22.16,4440,0.0
2014-01-02,22.11,22.16,21.15,21.37,1846,0.0
2014-01-03,21.528,21.528,21.12,21.26,1455,0.0
2014-01-06,20.91,21.8,20.91,21.8,438,0.0
2014-01-07,21.54,21.54,21.26,21.26,2705,0.0
2014-01-08,21.46,21.55,21.46,21.55,2421,0.0
2014-01-10,21.95,22.03,21.55,22.03,3076,0.0
2014-01-13,22.34,22.34,21.19,21.19,1972,0.0
2014-01-15,21.31,21.79,21.25,21.255,3078,0.0
2014-01-16,21.2,21.2,21.19,21.19,415,0.0
2014-01-17,21.278,21.278,21.24,21.24,1918,0.0
2014-01-21,21.2,21.79,21.2,21.58,1631,0.0
2014-01-22,21.79,21.79,21.16,21.77,653,0.0
2014-01-23,21.4,21.4,21.14,21.4,1330,0.0
2014-01-24,20.95,20.95,20.05,20.36,6397,0.0
2014-01-27,19.8,19.91,19.5,19.91,2314,0.0
2014-01-28,19.82,19.82,19.8,19.8,1009,0.0
2014-01-29,19.93,19.93,19.6,19.63,1611,0.0
2014-01-30,19.63,19.63,19.5,19.59,851,0.0
2014-01-31,19.53,20.1,19.53,19.75,2273,0.0
2014-02-03,19.62,19.62,18.83,19.4,11656,0.0
2014-02-04,19.67,19.79,19.55,19.55,6500,0.0
2014-02-05,19.46,19.89,19.46,19.77,6743,0.0
2014-02-06,19.8,20.41,19.75,19.755,3032,0.0
2014-02-07,20.2,20.31,19.9,19.905,1208,0.0
2014-02-12,20.8,20.8,19.89,20.0,8111,0.0
2014-02-13,20.29,20.29,20.29,20.29,183,0.0
2014-02-19,20.6,20.6,20.06,20.062,698,0.0
2014-02-21,20.0,20.005,20.0,20.005,342,0.0
2014-02-24,20.54,20.848,20.54,20.848,2272,0.0
2014-02-25,20.736,20.93,20.736,20.93,600,0.0
2014-02-26,20.7,20.72,20.56,20.72,1000,0.0
2014-02-28,20.9,20.9,20.9,20.9,1079,0.0
2014-03-03,20.72,20.72,20.44,20.44,1410,0.0
2014-03-04,21.54,21.54,21.54,21.54,120,0.0
2014-03-05,21.61,21.61,21.55,21.61,1616,0.0
2014-03-06,21.79,22.46,21.79,22.3,3225,0.0
2014-03-07,22.65,22.65,21.432,21.583,3803,0.0
2014-03-10,21.514,21.514,21.514,21.514,104,0.0
2014-03-12,21.9,21.9,21.73,21.75,1100,0.0
2014-03-13,21.55,21.55,21.55,21.55,253,0.0
2014-03-18,21.999,22.21,21.8,21.8,3156,0.0
2014-03-19,22.0,22.0,22.0,22.0,1000,0.0
2014-03-21,22.06,22.49,22.06,22.3,4546,0.0
2014-03-24,22.59,22.59,22.59,22.59,272,0.0
2014-03-25,22.72,22.75,22.47,22.472,940,0.0
2014-03-26,22.73,22.74,22.65,22.73,1608,0.0
2014-03-27,22.75,23.0,22.741,23.0,8558,0.0
2014-03-28,23.0,23.82,23.0,23.5,3822,0.0
2014-03-31,24.12,24.12,23.79,23.79,5186,0.0
2014-04-01,23.9,23.9,23.89,23.89,2500,0.0
2014-04-02,24.11,24.5,24.11,24.15,8200,0.0
2014-04-03,24.17,24.17,23.75,23.99,3352,0.0
2014-04-04,24.4,24.62,23.82,24.5,8758,0.0
2014-04-07,24.46,24.46,23.75,24.18,6000,0.0
2014-04-08,24.553,24.61,24.35,24.61,4617,0.0
2014-04-09,24.48,24.59,24.29,24.31,2634,0.0
2014-04-10,24.32,24.41,24.32,24.41,7876,0.0
2014-04-14,24.57,24.59,24.45,24.45,1827,0.0
2014-04-15,24.18,24.37,23.95,24.37,1650,0.0
2014-04-16,24.32,24.32,24.32,24.32,338,0.0
2014-04-17,24.1,24.694,24.1,24.14,6702,0.0
2014-04-21,24.8,24.84,24.8,24.84,446,0.0
2014-04-22,24.67,24.87,24.41,24.77,5434,0.0
2014-04-23,24.9,24.9,23.87,23.93,5946,0.0
2014-04-28,24.6,24.6,24.5,24.54,1227,0.0
2014-04-29,24.72,25.25,24.72,25.25,1554,0.0
2014-04-30,24.77,24.77,24.51,24.53,9310,0.0
2014-05-01,24.85,24.93,24.6,24.72,14630,0.0
2014-05-02,25.06,25.06,24.8,24.8,1613,0.0
2014-05-05,25.41,25.41,24.6,24.61,989,0.0
2014-05-06,24.995,24.995,24.83,24.83,901,0.0
2014-05-07,24.91,24.99,24.45,24.99,4338,0.0
2014-05-08,25.05,25.05,25.02,25.05,2789,0.0
2014-05-09,25.32,25.46,25.14,25.45,11883,0.0
2014-05-12,26.0,26.55,25.62,25.97,18386,0.0
2014-05-13,26.26,26.26,25.58,25.58,604,0.0
2014-05-14,26.18,26.35,26.12,26.35,1672,0.0
2014-05-15,26.32,26.32,26.02,26.02,3580,0.0
2014-05-16,27.18,27.3,27.0,27.29,2700,0.0
2014-05-19,27.88,28.44,27.46,27.69,18823,0.0
2014-05-20,28.498,28.81,28.339,28.69,14378,0.0
2014-05-21,29.39,29.39,29.1,29.116,11813,0.0
2014-05-22,29.95,30.29,29.11,30.25,30167,0.0
2014-05-23,30.9,31.07,30.5,30.75,30655,0.0
2014-05-27,30.95,30.95,29.0,29.61,27842,0.0
2014-05-28,29.065,29.49,28.2,29.34,18689,0.0
2014-05-29,28.935,29.37,27.74,29.37,3981,0.0
2014-05-30,29.425,29.5,28.59,29.47,5647,0.0
2014-06-02,29.945,30.1,28.66,29.39,14910,0.0
2014-06-03,29.36,30.5,29.36,30.45,7433,0.0
2014-06-04,30.5,31.32,30.5,30.87,7780,0.0
2014-06-05,30.55,31.43,30.55,31.43,9194,0.0
2014-06-06,32.58,32.58,31.5,32.02,16786,0.0
2014-06-09,32.93,32.93,32.44,32.62,20052,0.0
2014-06-10,33.02,33.02,32.05,32.25,9362,0.0
2014-06-11,32.23,32.26,31.57,32.09,5082,0.0
2014-06-12,32.59,32.59,31.62,31.86,3657,0.0
2014-06-13,31.22,31.22,30.11,30.84,10107,0.0
2014-06-16,30.04,31.12,30.04,30.56,3916,0.0
2014-06-17,30.6,31.08,30.59,31.0,7521,0.0
2014-06-18,29.0,30.62,29.0,30.32,5856,0.0
2014-06-19,31.4,31.4,30.5,30.532,1310,0.0
2014-06-20,31.1,31.19,30.05,30.55,7189,0.0
2014-06-23,30.6,31.49,30.05,31.02,13405,0.0
2014-06-24,31.0,31.99,31.0,31.55,9334,0.0
2014-06-25,31.01,31.98,30.48,31.79,9496,0.0
2014-06-26,32.0,32.0,30.844,30.844,10936,0.0
2014-06-27,31.185,31.59,31.185,31.58,952,0.0
2014-06-30,31.64,32.09,31.46,31.95,9550,0.0
2014-07-01,32.0,32.62,31.76,32.57,17896,0.0
2014-07-02,32.69,33.39,32.69,33.248,22509,0.0
2014-07-03,32.375,33.37,32.375,33.0,11485,0.0
2014-07-07,32.245,33.3,32.245,33.18,12243,0.0
2014-07-08,32.42,33.3,31.35,33.3,28572,0.0
2014-07-09,33.1,33.3,31.12,31.73,13981,0.0
2014-07-10,30.585,31.71,30.585,31.38,6369,0.0
2014-07-11,31.0,31.0,30.15,30.3,13771,0.0
2014-07-14,30.06,30.39,30.06,30.34,11189,0.0
2014-07-15,30.36,30.7,30.36,30.68,4539,0.0
2014-07-16,32.12,32.12,31.0,31.2,52247,0.0
2014-07-17,32.48,32.49,30.3,30.3,77663,0.0
2014-07-18,31.25,31.25,31.25,31.25,1119,0.0
2014-07-21,32.36,32.36,31.31,31.35,5348,0.0
2014-07-22,31.95,31.95,31.53,31.71,13228,0.0
2014-07-23,31.8,31.8,31.28,31.46,13699,0.0
2014-07-24,31.39,31.5,31.38,31.454,5726,0.0
2014-07-25,31.3,31.44,31.1,31.43,1129,0.0
2014-07-28,30.89,31.03,30.89,30.96,3044,0.0
2014-07-29,30.91,31.104,30.879,30.879,2167,0.0
2014-07-30,30.6,31.11,30.6,31.038,8615,0.0
2014-07-31,30.94,32.06,30.17,32.06,1661,0.0
2014-08-01,31.1,31.1,30.5,30.93,5254,0.0
2014-08-04,30.61,31.69,30.61,31.01,13866,0.0
2014-08-05,30.82,31.22,30.75,31.22,10449,0.0
2014-08-06,30.84,30.85,30.51,30.84,3731,0.0
2014-08-07,31.1,31.1,30.1,30.36,20517,0.0
2014-08-08,30.06,30.45,30.06,30.11,5653,0.0
2014-08-11,31.235,31.94,30.07,30.2,6866,0.0
2014-08-12,30.45,30.55,30.2,30.27,9525,0.0
2014-08-13,30.74,30.74,29.81,30.02,12376,0.0
2014-08-14,30.4,30.44,30.2,30.3,2820,0.0
2014-08-15,29.85,30.3,29.82,29.95,6884,0.0
2014-08-18,30.25,30.64,30.25,30.5,5137,0.0
2014-08-19,30.5,30.79,30.5,30.79,2241,0.0
2014-08-20,31.138,31.5,30.905,31.2,14103,0.0
2014-08-21,31.16,31.47,31.12,31.12,6656,0.0
2014-08-22,31.486,31.486,31.16,31.37,6326,0.0
2014-08-25,31.98,31.98,31.17,31.44,5185,0.0
2014-08-26,31.49,31.49,31.35,31.35,2158,0.0
2014-08-27,31.22,31.49,31.22,31.41,2797,0.0
2014-08-28,31.28,31.49,31.28,31.4,5401,0.0
2014-08-29,31.4,31.45,31.22,31.338,2867,0.0
2014-09-02,32.05,32.24,31.51,32.029,18367,0.0
2014-09-03,32.28,32.28,32.166,32.25,6496,0.0
2014-09-04,32.865,33.29,32.71,32.74,13417,0.0
2014-09-05,33.09,33.59,33.02,33.39,52271,0.0
2014-09-08,34.36,34.36,33.41,33.85,37994,0.0
2014-09-09,34.32,34.32,32.86,33.61,12627,0.0
2014-09-10,33.22,33.96,33.22,33.96,8114,0.0
2014-09-11,34.09,34.15,33.68,34.04,8905,0.0
2014-09-12,34.23,34.23,33.7,33.99,31850,0.0
2014-09-15,34.99,34.99,33.5,33.85,24271,0.0
2014-09-16,33.5,33.5,32.75,33.32,25787,0.0
2014-09-17,33.26,33.26,32.89,33.06,11692,0.0
2014-09-18,33.0,34.0,33.0,34.0,8283,0.0
2014-09-19,33.95,33.95,33.69,33.79,6428,0.0
2014-09-22,33.345,33.95,33.345,33.54,21017,0.0
2014-09-23,33.67,33.67,33.0,33.05,14876,0.0
2014-09-24,33.15,33.15,31.81,32.9,16663,0.0
2014-09-25,32.2,32.2,31.4,31.7,63753,0.0
2014-09-26,31.65,32.15,31.46,32.15,26609,0.0
2014-09-29,32.7,32.7,31.49,31.95,7605,0.0
2014-09-30,31.4,31.92,31.4,31.73,3343,0.0
2014-10-01,31.55,31.84,31.2,31.748,7686,0.0
2014-10-02,32.09,32.09,31.1,31.6,29239,0.0
2014-10-03,31.22,31.87,31.22,31.87,5395,0.0
2014-10-06,32.66,32.66,31.8,32.21,5580,0.0
2014-10-07,33.01,33.01,31.8,31.8,21018,0.0
2014-10-08,31.5,32.52,31.0,32.52,29450,0.0
2014-10-09,32.525,32.56,32.01,32.36,18453,0.0
2014-10-10,32.12,32.12,31.6,31.84,4330,0.0
2014-10-13,32.24,32.35,31.75,32.153,3325,0.0
2014-10-14,32.46,32.46,31.25,32.175,14858,0.0
2014-10-15,30.53,31.73,30.361,31.38,16382,0.0
2014-10-16,29.85,30.98,29.24,30.8,16549,0.0
2014-10-17,30.38,31.07,30.38,30.64,1410,0.0
2014-10-20,30.5,31.7,30.01,31.31,10825,0.0
2014-10-21,32.89,32.89,31.92,32.5,25361,0.0
2014-10-22,32.27,32.8,31.83,32.343,11600,0.0
2014-10-23,33.12,33.12,32.0,32.32,8136,0.0
2014-10-24,32.9,32.9,32.2,32.42,12145,0.0
2014-10-27,32.18,32.59,32.03,32.4,11619,0.0
2014-10-28,32.3,32.88,32.16,32.88,10095,0.0
2014-10-29,32.88,32.88,32.16,32.16,8963,0.0
2014-10-30,33.31,33.31,32.4,33.1,8221,0.0
2014-10-31,33.5,34.2,33.3,33.49,30167,0.0
2014-11-03,34.59,34.59,33.53,33.71,41410,0.0
2014-11-04,34.46,34.46,32.9,33.99,51268,0.0
2014-11-05,34.33,34.33,33.81,34.0,49244,0.0
2014-11-06,34.54,34.54,33.635,34.06,16894,0.0
2014-11-07,34.44,34.44,33.84,33.89,15187,0.0
2014-11-10,33.54,34.04,33.3,33.77,23850,0.0
2014-11-11,33.7,34.23,33.65,34.22,3624,0.0
2014-11-12,34.45,34.55,34.17,34.31,22231,0.0
2014-11-13,34.54,34.54,34.06,34.2,29627,0.0
2014-11-14,34.93,34.93,34.01,34.31,12690,0.0
2014-11-17,34.83,34.83,34.2,34.46,7287,0.0
2014-11-18,34.2,34.86,34.2,34.8,21335,0.0
2014-11-19,35.1,35.1,34.244,34.59,15984,0.0
2014-11-20,34.7,34.96,34.27,34.45,22705,0.0
2014-11-21,34.155,34.53,34.155,34.49,28787,0.0
2014-11-24,34.75,34.96,34.141,34.38,28096,0.0
2014-11-25,34.57,34.57,33.62,33.97,20617,0.0
2014-11-26,33.938,34.13,33.71,34.07,15955,0.0
2014-11-28,34.55,34.55,34.17,34.17,33918,0.0
2014-12-01,33.78,34.55,33.78,34.08,22598,0.0
2014-12-02,34.54,34.79,34.09,34.79,23403,0.0
2014-12-03,35.04,35.31,34.82,35.29,19372,0.0
2014-12-04,35.91,35.91,35.141,35.23,25563,0.0
2014-12-05,35.221,36.138,35.07,35.11,38360,0.0
2014-12-08,35.4,35.4,34.45,34.55,26342,0.0
2014-12-09,34.45,34.82,34.0,34.14,17791,0.0
2014-12-10,34.14,34.37,33.951,33.951,15671,0.0
2014-12-11,33.75,33.89,33.3,33.35,30913,0.0
2014-12-12,33.27,33.29,32.83,32.853,16080,0.0
2014-12-15,32.445,32.56,31.67,32.0,19619,0.0
2014-12-16,31.2,31.62,30.6,31.23,20208,0.0
2014-12-17,30.34,31.77,30.34,31.599,20723,0.0
2014-12-18,31.8,32.77,31.8,32.592,13673,0.0
2014-12-19,32.78,33.61,32.01,32.24,19490,0.0
2014-12-22,31.945,32.76,31.945,32.72,18362,0.0
2014-12-23,32.38,32.65,32.38,32.48,16408,0.0
2014-12-24,32.365,32.86,32.34,32.75,5745,0.0
2014-12-26,33.278,33.278,32.36,32.61,3894,0.0
2014-12-29,33.5,33.5,32.61,32.98,24028,0.0
2014-12-30,33.01,33.45,33.01,33.11,13065,0.0
2014-12-31,33.58,33.78,33.489,33.641,8361,0.0
2015-01-02,34.5,34.5,33.64,34.1,41174,0.0
2015-01-05,33.93,34.72,33.65,34.02,22996,0.0
2015-01-06,33.49,33.49,32.76,32.87,17799,0.0
2015-01-07,32.95,34.1,32.55,33.68,19178,0.0
2015-01-08,33.975,35.09,33.58,34.5,38656,0.0
2015-01-09,34.7,34.7,34.01,34.3,23161,0.0
2015-01-12,34.99,35.0,34.16,34.63,53155,0.0
2015-01-13,35.0,35.0,34.65,34.69,14399,0.0
2015-01-14,34.7,34.7,34.05,34.32,13296,0.0
2015-01-15,35.0,35.5,34.7,35.16,18908,0.0
2015-01-16,35.4,36.05,35.4,36.0,19614,0.0
2015-01-20,36.95,36.95,35.82,36.24,40503,0.0
2015-01-21,36.55,36.55,35.72,36.23,9003,0.0
2015-01-22,36.26,36.73,35.92,36.71,18681,0.0
2015-01-23,36.76,36.76,35.85,36.09,34584,0.0
2015-01-26,36.7,36.7,36.01,36.3,23249,0.0
2015-01-27,37.09,37.09,36.2,36.4,40349,0.0
2015-01-28,36.5,37.35,36.28,36.3,53438,0.0
2015-01-29,36.53,36.53,35.9,36.211,21961,0.0
2015-01-30,36.21,36.21,35.64,35.79,22310,0.0
2015-02-02,36.1,36.5,36.1,36.38,13308,0.0
2015-02-03,36.48,37.08,36.171,36.34,13084,0.0
2015-02-04,35.58,36.15,35.58,35.88,57306,0.0
2015-02-05,35.81,35.81,35.44,35.46,10024,0.0
2015-02-06,35.25,35.31,34.82,34.85,19921,0.0
2015-02-09,34.77,35.25,34.01,34.24,27055,0.0
2015-02-10,34.26,34.74,34.26,34.715,21778,0.0
2015-02-11,35.115,35.34,34.93,35.24,7000,0.0
2015-02-12,35.6,35.98,35.33,35.85,29587,0.0
2015-02-13,36.2,36.57,36.1,36.21,17446,0.0
2015-02-17,36.25,36.25,35.92,36.08,44843,0.0
2015-02-18,36.459,36.58,36.22,36.4,29619,0.0
2015-02-19,36.897,36.897,36.22,36.38,25391,0.0
2015-02-20,36.19,36.64,36.19,36.476,16587,0.0
2015-02-23,36.21,36.48,35.59,36.03,15214,0.0
2015-02-24,35.8,36.44,35.77,36.3,27082,0.0
2015-02-25,36.77,36.77,36.0,36.14,10794,0.0
2015-02-26,36.45,36.56,35.88,36.0,24572,0.0
2015-02-27,36.285,36.97,36.0,36.93,48119,0.0
2015-03-02,36.99,37.3,36.99,37.13,159920,0.0
2015-03-03,37.13,37.62,37.12,37.27,103516,0.0
2015-03-04,37.3,37.3,36.55,36.71,65331,0.0
2015-03-05,36.94,37.33,36.88,36.96,32127,0.0
2015-03-06,36.95,37.52,36.32,36.509,25505,0.0
2015-03-09,37.12,37.12,36.21,36.29,15902,0.0
2015-03-10,36.0,36.449,35.57,35.97,64056,0.0
2015-03-11,36.09,36.17,35.85,36.025,17215,0.0
2015-03-12,36.47,37.0,36.47,36.98,22089,0.0
2015-03-13,36.5,36.5,35.595,35.74,18960,0.0
2015-03-16,36.125,36.15,35.56,36.15,7552,0.0
2015-03-17,36.49,36.94,36.066,36.13,15356,0.0
2015-03-18,36.3,37.49,36.06,37.14,24251,0.0
2015-03-19,36.21,37.0,36.11,36.11,30653,0.0
2015-03-20,36.1,36.49,35.92,36.22,54652,0.0
2015-03-23,36.02,36.03,35.58,35.62,26982,0.0
2015-03-24,35.74,35.77,35.5,35.6,14237,0.0
2015-03-25,35.6,35.6,35.0,35.11,23443,0.0
2015-03-26,34.99,34.99,34.61,34.8,33517,0.0
2015-03-27,34.87,35.1,34.78,35.01,21821,0.0
2015-03-30,34.91,35.97,34.91,35.75,17609,0.0
2015-03-31,35.48,35.95,35.31,35.89,44894,0.0
2015-04-01,35.84,36.64,35.84,36.64,60642,0.0
2015-04-02,36.3,36.89,36.3,36.89,4725,0.0
2015-04-06,36.375,37.23,36.375,37.06,22486,0.0
2015-04-07,36.52,37.12,36.14,37.052,9637,0.0
2015-04-08,37.53,37.53,37.1,37.14,15384,0.0
2015-04-09,37.7,37.7,37.25,37.494,12106,0.0
2015-04-10,37.69,37.805,37.384,37.8,11725,0.0
2015-04-13,37.95,37.95,37.33,37.37,95375,0.0
2015-04-14,37.5,37.69,37.5,37.55,44485,0.0
2015-04-15,37.84,37.88,37.5,37.62,25383,0.0
2015-04-16,37.56,37.56,36.92,36.92,17434,0.0
2015-04-17,36.55,36.55,36.09,36.16,23848,0.0
2015-04-20,36.0,36.0,35.12,35.2,26364,0.0
2015-04-21,35.75,36.04,35.19,35.21,71974,0.0
2015-04-22,35.2,35.38,35.06,35.38,15058,0.0
2015-04-23,35.22,35.22,34.85,35.02,13092,0.0
2015-04-24,33.885,34.64,33.77,33.78,50921,0.0
2015-04-27,33.12,33.8,32.766,32.77,69279,0.0
2015-04-28,32.95,34.37,32.95,33.6,48579,0.0
2015-04-29,34.31,34.31,33.71,33.82,29456,0.0
2015-04-30,33.35,33.75,33.35,33.64,531730,0.0
2015-05-01,33.1,33.899,33.1,33.84,17922,0.0
2015-05-04,34.505,34.62,34.1,34.61,15482,0.0
2015-05-05,33.87,34.69,33.87,34.505,22794,0.0
2015-05-06,33.53,34.36,32.91,33.17,19101,0.0
2015-05-07,32.7,32.92,32.5,32.92,20200,0.0
2015-05-08,32.92,33.69,32.92,33.55,25983,0.0
2015-05-11,33.53,33.78,33.53,33.75,14220,0.0
2015-05-12,33.26,33.4,32.8,32.97,28498,0.0
2015-05-13,32.97,33.55,32.97,33.15,69244,0.0
2015-05-14,33.71,34.24,33.71,34.13,3974,0.0
2015-05-15,34.2,34.32,34.03,34.26,12077,0.0
2015-05-18,34.08,34.31,34.08,34.15,44034,0.0
2015-05-19,34.06,34.36,34.06,34.19,33302,0.0
2015-05-20,34.725,34.725,34.32,34.52,9091,0.0
2015-05-21,34.53,34.56,34.3,34.41,41426,0.0
2015-05-22,35.13,35.13,34.36,34.48,3605,0.0
2015-05-26,34.16,34.42,33.96,33.96,125486,0.0
2015-05-27,34.26,34.39,34.0,34.361,96853,0.0
2015-05-28,34.38,34.38,33.68,33.9,23505,0.0
2015-05-29,34.48,34.82,34.42,34.67,41269,0.0
2015-06-01,34.95,34.95,34.34,34.65,25158,0.0
2015-06-02,34.4,34.52,33.0,33.55,33890,0.0
2015-06-03,33.06,33.3,32.92,33.04,33586,0.0
2015-06-04,32.91,33.2,32.58,32.64,68302,0.0
2015-06-05,32.54,32.75,32.5,32.52,16923,0.0
2015-06-08,32.2,32.5,32.03,32.1,12050,0.0
2015-06-09,32.79,32.79,32.01,32.28,19620,0.0
2015-06-10,32.49,33.71,32.42,32.65,13459,0.0
2015-06-11,32.1,32.1,31.72,31.98,14575,0.0
2015-06-12,31.65,31.84,31.5,31.66,9086,0.0
2015-06-15,31.525,31.96,31.525,31.81,5253,0.0
2015-06-16,32.19,32.29,31.71,32.28,13926,0.0
2015-06-17,32.4,33.0,32.21,32.806,15439,0.0
2015-06-18,33.05,33.234,32.94,33.05,54029,0.0
2015-06-19,33.36,33.436,32.94,33.18,6427,0.0
2015-06-22,33.18,33.83,33.18,33.53,9670,0.0
2015-06-23,33.69,33.69,33.33,33.6,8261,0.0
2015-06-24,33.3,33.674,33.29,33.43,27931,0.0
2015-06-25,33.55,33.92,33.27,33.49,6510,0.0
2015-06-26,33.4,33.78,33.4,33.521,11570,0.0
2015-06-29,32.64,33.133,32.53,32.53,8772,0.0
2015-06-30,32.492,33.51,32.18,33.3,10074,0.0
2015-07-01,34.0,34.0,33.68,33.81,10131,0.0
2015-07-02,33.9,34.43,33.89,34.35,10113,0.0
2015-07-06,34.83,35.04,34.31,34.31,8878,0.0
2015-07-07,34.33,34.7,34.33,34.47,3479,0.0
2015-07-08,33.93,34.34,33.19,33.81,24185,0.0
2015-07-09,34.453,34.453,34.01,34.15,7567,0.0
2015-07-10,34.43,34.75,34.161,34.39,34045,0.0
2015-07-13,34.89,34.92,34.35,34.84,6986,0.0
2015-07-14,34.87,35.191,34.78,34.88,6742,0.0
2015-07-15,34.8,35.37,34.8,35.2,26868,0.0
2015-07-16,35.58,35.88,35.5,35.82,15355,0.0
2015-07-17,35.92,36.03,35.5,35.75,12968,0.0
2015-07-20,36.04,36.04,35.55,35.84,8790,0.0
2015-07-21,35.55,36.2,35.04,35.54,10720,0.0
2015-07-22,35.3,36.04,35.3,35.65,5697,0.0
2015-07-23,35.724,35.95,35.03,35.46,8381,0.0
2015-07-24,34.95,34.99,34.87,34.99,3037,0.0
2015-07-27,34.87,34.87,34.07,34.105,26720,0.0
2015-07-28,34.42,34.751,34.24,34.35,17836,0.0
2015-07-29,34.57,34.98,34.57,34.85,2320,0.0
2015-07-30,34.92,35.24,34.92,35.15,9983,0.0
2015-07-31,35.39,35.98,35.3,35.61,12757,0.0
2015-08-03,35.65,35.7,35.45,35.64,5525,0.0
2015-08-04,35.85,36.48,35.62,36.22,25269,0.0
2015-08-05,36.86,36.86,36.42,36.64,10408,0.0
2015-08-06,36.84,36.84,36.152,36.44,5272,0.0
2015-08-07,36.49,36.49,36.13,36.48,6335,0.0
2015-08-10,36.99,36.99,36.3,36.52,7946,0.0
2015-08-11,36.09,36.2,35.373,35.6,7598,0.0
2015-08-12,35.6,35.6,34.06,34.5,20277,0.0
2015-08-13,34.0,34.47,34.0,34.47,6618,0.0
2015-08-14,35.498,35.498,34.71,35.08,1558,0.0
2015-08-17,34.55,35.38,34.49,34.63,6788,0.0
2015-08-18,35.5,35.74,34.62,35.01,5748,0.0
2015-08-19,34.8,35.165,34.743,35.01,7750,0.0
2015-08-20,34.74,34.74,34.01,34.16,9277,0.0
2015-08-21,33.35,34.012,32.83,32.83,19648,0.0
2015-08-24,32.0,32.0,28.6,29.72,41014,0.0
2015-08-25,31.4,31.5,30.34,30.34,26641,0.0
2015-08-26,31.985,32.35,31.22,32.03,25835,0.0
2015-08-27,32.94,33.11,32.55,33.01,25465,0.0
2015-08-28,33.01,33.01,31.902,32.82,1671,0.0
2015-08-31,31.92,32.33,31.81,32.33,15748,0.0
2015-09-01,31.797,31.797,30.9,30.9,3047,0.0
2015-09-02,30.9,31.75,30.9,31.564,4326,0.0
2015-09-03,32.0,32.18,31.75,32.08,15467,0.0
2015-09-04,31.34,31.34,30.36,30.64,8163,0.0
2015-09-08,31.247,31.25,30.34,30.52,2908,0.0
2015-09-09,30.74,31.3,30.46,30.46,2961,0.0
2015-09-10,30.66,31.55,30.66,30.86,1511,0.0
2015-09-11,30.86,31.52,30.86,31.52,2643,0.0
2015-09-14,31.55,31.62,31.18,31.391,4433,0.0
2015-09-15,31.9,31.9,31.555,31.73,1240,0.0
2015-09-16,31.28,32.01,31.27,32.01,4609,0.0
2015-09-17,32.134,32.89,32.05,32.545,366591,0.0
2015-09-18,32.1,32.337,31.747,32.04,83664,0.0
2015-09-21,33.0,33.0,32.14,32.61,9984,0.0
2015-09-22,32.25,32.25,31.564,31.99,11459,0.0
2015-09-23,32.3,32.49,31.9,32.132,7390,0.0
2015-09-24,32.28,32.49,31.624,32.44,29773,0.0
2015-09-25,32.22,32.44,32.05,32.2,11041,0.0
2015-09-28,31.81,32.117,31.55,31.86,17541,0.0
2015-09-29,32.35,33.0,32.1,32.25,16832,0.0
2015-09-30,33.0,33.3,32.48,33.12,60330,0.0
2015-10-01,32.614,33.31,32.614,33.245,210014,0.0
2015-10-02,32.83,33.79,32.79,33.78,7439,0.0
2015-10-05,34.02,34.58,33.94,34.25,4740,0.0
2015-10-06,34.08,34.08,33.98,33.99,5836,0.0
2015-10-07,34.37,34.59,34.24,34.53,12028,0.0
2015-10-08,33.959,34.65,33.959,34.64,10916,0.0
2015-10-09,34.4,34.401,34.19,34.301,9455,0.0
2015-10-12,34.4,34.4,34.25,34.31,6785,0.0
2015-10-13,34.18,34.19,34.18,34.19,3575,0.0
2015-10-14,34.1,34.295,34.1,34.203,4432,0.0
2015-10-15,34.58,34.937,34.5,34.937,5972,0.0
2015-10-16,34.78,34.95,34.564,34.95,3527,0.0
2015-10-19,34.87,34.99,34.584,34.706,10925,0.0
2015-10-20,34.99,35.17,34.876,35.0,14904,0.0
2015-10-21,34.69,34.86,34.51,34.86,5361,0.0
2015-10-22,34.978,35.232,34.978,35.232,3249,0.0
2015-10-23,34.95,34.95,34.74,34.88,12178,0.0
2015-10-26,34.6,34.707,34.354,34.53,16465,0.0
2015-10-27,34.35,34.6,34.27,34.6,12132,0.0
2015-10-28,34.204,34.54,33.75,34.27,24892,0.0
2015-10-29,34.1,34.1,33.63,33.66,7844,0.0
2015-10-30,33.65,33.82,33.64,33.82,5649,0.0
2015-11-02,33.6,33.8,33.59,33.66,22766,0.0
2015-11-03,33.45,33.81,33.45,33.69,34269,0.0
2015-11-04,33.73,33.73,33.18,33.18,11929,0.0
2015-11-05,32.9,33.19,32.61,32.64,52040,0.0
2015-11-06,32.5,32.5,32.11,32.37,36904,0.0
2015-11-09,32.5,32.5,31.874,31.985,21297,0.0
2015-11-10,32.15,32.18,31.942,31.944,4494,0.0
2015-11-11,32.31,32.54,32.19,32.33,5112,0.0
2015-11-12,32.13,32.31,31.98,31.98,3350,0.0
2015-11-13,32.115,32.127,31.93,32.09,22911,0.0
2015-11-16,32.365,32.82,32.36,32.78,41151,0.0
2015-11-17,32.69,32.69,32.5,32.58,9925,0.0
2015-11-18,32.51,32.62,32.45,32.57,38871,0.0
2015-11-19,32.825,32.98,32.68,32.98,16336,0.0
2015-11-20,33.05,33.28,33.05,33.08,8468,0.0
2015-11-23,32.97,33.0,32.68,32.915,7197,0.0
2015-11-24,33.0,33.2,32.88,33.14,35120,0.0
2015-11-25,33.08,33.08,32.89,32.97,1199,0.0
2015-11-27,33.045,33.045,33.04,33.04,724,0.0
2015-11-30,33.47,33.78,33.46,33.69,14961,0.0
2015-12-01,33.53,33.78,33.434,33.67,11239,0.0
2015-12-02,33.62,33.68,32.954,33.123,2722,0.0
2015-12-03,33.08,33.17,32.71,32.71,4909,0.0
2015-12-04,33.1,33.37,33.06,33.25,9319,0.0
2015-12-07,32.85,32.92,32.63,32.82,5733,0.0
2015-12-08,32.3,32.44,32.25,32.4,5168,0.0
2015-12-09,32.166,32.19,31.75,31.87,10746,0.0
2015-12-10,32.02,32.38,32.02,32.17,4977,0.0
2015-12-11,31.5,31.676,31.16,31.25,17237,0.0
2015-12-14,31.6,31.7,31.414,31.7,19871,0.0
2015-12-15,32.38,32.5,32.07,32.27,338466,0.0
2015-12-16,32.46,32.79,32.21,32.58,42846,0.0
2015-12-17,33.24,33.24,32.75,32.92,14789,0.0
2015-12-18,32.78,33.24,32.74,32.74,27331,0.0
2015-12-21,33.18,33.18,32.6,32.76,32575,0.0
2015-12-22,32.99,33.12,32.78,33.12,24439,0.0
2015-12-23,33.176,33.43,33.07,33.42,3255,0.0
2015-12-24,33.66,33.66,33.304,33.478,2347,0.0
2015-12-28,33.32,33.42,33.24,33.42,38150,0.0
2015-12-29,33.28,33.5,33.26,33.26,20723,0.0
2015-12-30,33.09,33.4,33.09,33.4,3576,0.0
2015-12-31,33.41,33.57,33.28,33.28,54150,0.0
2016-01-04,33.16,33.41,33.16,33.33,4629,0.0
2016-01-05,33.77,33.982,33.71,33.71,8114,0.0
2016-01-06,33.406,33.49,33.132,33.133,6559,0.0
2016-01-07,32.23,32.69,32.15,32.24,8935,0.0
2016-01-08,32.7,32.78,32.14,32.14,42815,0.0
2016-01-11,32.54,32.72,32.394,32.41,14794,0.0
2016-01-12,32.5,32.5,32.225,32.3,4518,0.0
2016-01-13,31.9,31.937,31.18,31.26,7523,0.0
2016-01-14,31.0,31.25,30.96,31.25,10207,0.0
2016-01-15,30.04,30.04,29.44,29.7,212871,0.0
2016-01-19,29.5,29.5,29.07,29.2,16579,0.0
2016-01-20,28.32,28.6,28.18,28.54,11416,0.0
2016-01-21,28.95,29.29,28.95,29.21,32774,0.0
2016-01-22,29.87,29.87,29.65,29.669,9230,0.0
2016-01-25,29.58,29.8,29.537,29.537,4757,0.0
2016-01-26,29.76,29.83,29.575,29.62,28334,0.0
2016-01-27,29.68,29.82,29.46,29.53,6883,0.0
2016-01-28,29.624,29.624,29.491,29.535,2620,0.0
2016-01-29,29.9,30.25,29.9,30.25,13060,0.0
2016-02-01,29.98,30.098,29.91,29.93,6898,0.0
2016-02-02,29.79,29.79,29.19,29.2,7008,0.0
2016-02-03,28.945,29.2,28.59,29.13,26166,0.0
2016-02-04,28.972,29.0,28.77,28.84,4642,0.0
2016-02-05,29.09,29.09,28.86,28.89,681,0.0
2016-02-08,28.732,28.881,28.572,28.88,4123,0.0
2016-02-09,28.66,28.66,28.17,28.41,5162,0.0
2016-02-10,28.36,28.36,28.02,28.02,1066,0.0
2016-02-11,27.12,27.12,26.74,26.95,21033,0.0
2016-02-12,26.68,26.791,26.55,26.791,11055,0.0
2016-02-16,27.045,27.045,26.7,26.7,6374,0.0
2016-02-17,27.266,27.266,27.06,27.13,23485,0.0
2016-02-18,27.17,27.24,26.79,26.79,18050,0.0
2016-02-19,26.92,26.99,26.72,26.92,9977,0.0
2016-02-22,27.45,27.45,27.15,27.19,8027,0.0
2016-02-23,26.88,26.91,26.74,26.74,1805,0.0
2016-02-24,26.528,26.82,26.5,26.68,27095,0.0
2016-02-25,26.35,26.4,26.22,26.4,29228,0.0
2016-02-26,26.33,26.33,25.88,25.89,6954,0.0
2016-02-29,26.48,26.628,26.18,26.18,96581,0.0
2016-03-01,27.32,27.65,27.27,27.55,20199,0.0
2016-03-02,28.078,28.31,28.0,28.03,55525,0.0
2016-03-03,28.35,28.73,28.32,28.45,41597,0.0
2016-03-04,28.99,29.4,28.86,29.14,25832,0.0
2016-03-07,28.95,29.401,28.92,29.245,34568,0.0
2016-03-08,28.785,28.827,28.54,28.54,10052,0.0
2016-03-09,29.01,29.03,28.952,29.03,1880,0.0
2016-03-10,29.12,29.22,28.66,28.8,5600,0.0
2016-03-11,29.03,29.2,29.02,29.14,5267,0.0
2016-03-14,29.25,29.25,28.96,29.02,9276,0.0
2016-03-15,28.82,28.82,28.62,28.7,3700,0.0
2016-03-16,28.735,29.4,28.73,29.18,8907,0.0
2016-03-17,29.19,29.62,29.18,29.53,9768,0.0
2016-03-18,29.43,29.69,29.43,29.5,7671,0.0
2016-03-21,29.8,29.91,29.78,29.87,7768,0.0
2016-03-22,29.69,29.948,29.69,29.79,6804,0.0
2016-03-23,29.72,29.75,29.51,29.58,6643,0.0
2016-03-24,29.55,29.65,29.36,29.46,4851,0.0
2016-03-28,29.47,29.55,29.41,29.51,6895,0.0
2016-03-29,29.41,29.93,29.41,29.8,5698,0.0
2016-03-30,30.15,30.4,30.12,30.2,11585,0.0
2016-03-31,30.5,30.678,30.41,30.58,12412,0.0
2016-04-01,30.43,30.789,30.22,30.69,4427,0.0
2016-04-04,31.0,31.0,30.6,30.71,4560,0.0
2016-04-05,30.09,30.15,29.84,29.84,25760,0.0
2016-04-06,30.16,30.49,30.16,30.31,33283,0.0
2016-04-07,30.08,30.13,29.62,29.64,16272,0.0
2016-04-08,30.29,30.32,29.99,30.07,74112,0.0
2016-04-11,30.799,30.799,30.62,30.73,1866,0.0
2016-04-12,30.8,31.24,30.8,31.08,25895,0.0
2016-04-13,31.12,31.391,31.12,31.33,2796,0.0
2016-04-14,31.55,31.55,31.32,31.43,13703,0.0
2016-04-15,31.36,31.5,31.26,31.27,55512,0.0
2016-04-18,31.55,31.8,31.54,31.63,4959,0.0
2016-04-19,32.065,32.17,31.97,32.04,4203,0.0
2016-04-20,32.16,32.17,31.99,32.15,2868,0.0
2016-04-21,31.64,31.66,31.49,31.49,6001,0.0
2016-04-22,31.56,31.65,31.42,31.57,1030,0.0
2016-04-25,31.54,31.54,31.28,31.3,12211,0.0
2016-04-26,31.74,31.81,31.711,31.81,1358,0.0
2016-04-27,31.77,32.11,31.75,32.11,7480,0.0
2016-04-28,31.53,31.71,31.5,31.5,1413,0.0
2016-04-29,31.282,31.332,31.23,31.332,1882,0.0
2016-05-02,31.42,31.422,31.42,31.422,1138,0.0
2016-05-03,31.44,31.44,31.14,31.28,7085,0.0
2016-05-04,30.92,30.99,30.57,30.58,41271,0.0
2016-05-05,30.71,30.86,30.63,30.79,64282,0.0
2016-05-06,30.74,30.93,30.73,30.75,54838,0.0
2016-05-09,31.23,31.23,30.92,30.95,25339,0.0
2016-05-10,31.04,31.21,31.04,31.08,10383,0.0
2016-05-11,31.19,31.27,31.05,31.08,11165,0.0
2016-05-12,31.37,31.37,31.15,31.2,10498,0.0
2016-05-13,31.548,31.55,30.96,31.15,6025,0.0
2016-05-16,31.48,31.68,31.47,31.5,9695,0.0
2016-05-17,31.415,31.54,31.23,31.23,3986,0.0
2016-05-18,31.66,31.696,31.29,31.33,2812,0.0
2016-05-19,30.6,30.94,30.6,30.72,1967,0.0
2016-05-20,30.74,30.87,30.65,30.71,51291,0.0
2016-05-23,30.6,30.6,30.6,30.6,419,0.0
2016-05-24,30.36,30.57,30.36,30.51,3001,0.0
2016-05-25,30.84,31.0,30.84,30.96,3843,0.0
2016-05-26,31.512,31.512,31.37,31.37,704,0.0
2016-05-27,31.642,31.677,31.49,31.49,12511,0.0
2016-05-31,31.6,31.78,31.5,31.64,25890,0.0
2016-06-01,31.49,31.49,31.33,31.43,8170,0.0
2016-06-02,31.66,31.88,31.5,31.84,12022,0.0
2016-06-03,31.75,31.81,31.63,31.67,1518,0.0
2016-06-06,31.95,32.13,31.8,32.08,7138,0.0
2016-06-07,32.17,32.354,32.08,32.15,7962,0.0
2016-06-08,32.55,32.69,32.48,32.51,4790,0.0
2016-06-09,32.18,32.54,32.18,32.54,2129,0.0
2016-06-10,32.29,32.29,31.87,32.06,29876,0.0
2016-06-13,31.79,31.86,31.55,31.56,8180,0.0
2016-06-14,31.87,31.875,31.635,31.76,11756,0.0
2016-06-15,32.21,32.52,32.155,32.52,12757,0.0
2016-06-16,31.894,32.18,31.894,32.18,3630,0.0
2016-06-17,32.37,32.37,32.06,32.13,5739,0.0
2016-06-20,32.36,32.36,31.97,31.97,3328,0.0
2016-06-21,32.1,32.3,32.1,32.2,2304,0.0
2016-06-22,31.73,31.86,31.61,31.71,3210,0.0
2016-06-23,31.71,31.71,31.71,31.71,74,0.0
2016-06-24,30.87,31.45,30.87,31.07,16045,0.0
2016-06-27,31.369,31.45,31.05,31.31,6221,0.0
2016-06-28,31.96,32.0,31.68,31.93,11345,0.0
2016-06-29,32.54,32.72,32.382,32.69,7947,0.0
2016-06-30,32.76,33.23,32.52,33.23,120352,0.0
2016-07-01,33.45,33.77,33.16,33.77,4836,0.0
2016-07-05,33.52,33.599,33.13,33.34,14582,0.0
2016-07-06,33.42,33.42,33.06,33.23,4400,0.0
2016-07-07,33.49,33.55,33.3,33.35,5842,0.0
2016-07-08,33.71,33.98,33.56,33.81,23950,0.0
2016-07-11,34.015,34.2,33.96,33.96,29114,0.0
2016-07-12,34.13,34.2,34.0,34.07,14635,0.0
2016-07-13,33.91,33.91,33.62,33.8,7136,0.0
2016-07-14,33.95,34.29,33.95,34.1,7530,0.0
2016-07-15,33.925,33.925,33.58,33.59,6825,0.0
2016-07-18,33.61,33.61,33.4,33.61,583,0.0
2016-07-19,33.6,33.6,33.363,33.385,2339,0.0
2016-07-20,33.6,33.859,33.6,33.79,8360,0.0
2016-07-21,33.93,33.93,33.63,33.69,10384,0.0
2016-07-22,34.095,34.095,33.82,34.04,3660,0.0
2016-07-25,34.29,34.29,34.15,34.22,10386,0.0
2016-07-26,34.22,34.22,33.94,33.98,4711,0.0
2016-07-27,34.37,34.5,34.36,34.445,2341,0.0
2016-07-28,34.85,34.85,34.511,34.78,11334,0.0
2016-07-29,35.12,35.31,35.07,35.07,13402,0.0
2016-08-01,35.38,35.38,35.08,35.3,239952,0.0
2016-08-02,35.2,35.32,34.85,34.925,36244,0.0
2016-08-03,34.74,34.77,34.39,34.701,2308,0.0
2016-08-04,35.01,35.01,34.721,34.797,3041,0.0
2016-08-05,35.275,35.47,35.2,35.31,17254,0.0
2016-08-08,35.54,35.73,35.27,35.422,14092,0.0
2016-08-09,35.53,35.58,35.32,35.57,21126,0.0
2016-08-10,35.053,35.053,34.76,34.86,8306,0.0
2016-08-11,35.12,35.28,35.05,35.28,2918,0.0
2016-08-12,35.26,35.26,34.9,34.9,7424,0.0
2016-08-15,35.14,35.242,35.086,35.11,11075,0.0
2016-08-16,35.11,35.11,34.84,34.84,13251,0.0
2016-08-17,35.1,35.25,34.9,35.25,3181,0.0
2016-08-18,35.55,35.55,35.389,35.52,2262,0.0
2016-08-19,35.535,35.78,35.43,35.78,7676,0.0
2016-08-22,35.47,35.5,35.03,35.03,3911,0.0
2016-08-23,35.1,35.47,35.1,35.19,3098,0.0
2016-08-24,35.35,35.61,35.29,35.46,22437,0.0
2016-08-25,35.46,35.49,35.46,35.486,499,0.0
2016-08-26,35.526,35.526,35.18,35.24,4269,0.0
2016-08-29,35.505,35.67,35.505,35.64,9037,0.0
2016-08-30,36.02,36.18,35.78,35.829,29580,0.0
2016-08-31,36.05,36.079,35.841,36.049,3737,0.0
2016-09-01,36.17,36.17,35.672,35.92,7857,0.0
2016-09-02,36.2,36.55,36.2,36.55,6679,0.0
2016-09-06,36.705,36.99,36.55,36.97,72298,0.0
2016-09-07,37.045,37.06,36.806,36.982,6181,0.0
2016-09-08,37.2,37.2,36.85,36.85,7122,0.0
2016-09-09,36.82,36.82,36.14,36.22,13473,0.0
2016-09-12,35.9,36.35,35.75,36.31,4832,0.0
2016-09-13,36.15,36.15,35.569,35.569,4501,0.0
2016-09-14,36.19,36.41,35.68,36.18,4601,0.0
2016-09-15,36.3,36.595,36.3,36.438,7274,0.0
2016-09-16,36.44,36.44,36.04,36.201,2130,0.0
2016-09-19,36.62,36.86,36.221,36.49,4560,0.0
2016-09-20,36.62,36.62,36.29,36.46,4821,0.0
2016-09-21,36.3,36.97,36.3,36.97,3877,0.0
2016-09-22,37.35,37.372,37.0,37.19,11058,0.0
2016-09-23,37.24,37.24,36.955,36.955,71995,0.0
2016-09-26,36.95,36.99,36.72,36.8,7138,0.0
2016-09-27,36.88,36.91,36.77,36.86,3247,0.0
2016-09-28,37.34,37.853,37.2,37.63,553003,0.0
2016-09-29,36.38,36.38,35.48,35.485,34241,0.0
2016-09-30,36.7,36.81,36.37,36.76,47964,0.0
2016-10-03,37.5,37.98,37.28,37.98,20772,0.0
2016-10-04,38.0,38.15,37.612,37.624,53869,0.0
2016-10-05,38.15,38.218,37.97,37.98,43060,0.0
2016-10-06,37.96,37.96,37.61,37.9,15200,0.0
2016-10-07,37.89,37.95,37.592,37.822,15242,0.0
2016-10-10,38.15,38.15,37.951,38.1,12244,0.0
2016-10-11,37.85,37.85,37.52,37.66,7328,0.0
2016-10-12,37.53,37.64,37.53,37.64,11558,0.0
2016-10-13,37.14,37.409,36.92,36.96,70776,0.0
2016-10-14,37.48,37.66,37.23,37.23,5224,0.0
2016-10-17,37.06,37.24,37.01,37.1,14615,0.0
2016-10-18,37.94,37.94,37.58,37.79,86714,0.0
2016-10-19,37.85,38.001,37.79,37.9,8977,0.0
2016-10-20,37.895,37.94,37.71,37.87,9170,0.0
2016-10-21,37.77,38.0,37.77,37.96,3998,0.0
2016-10-24,38.2,38.2,37.95,38.16,50709,0.0
2016-10-25,38.1,38.13,38.0,38.01,10285,0.0
2016-10-26,37.97,37.97,37.68,37.85,40301,0.0
2016-10-27,37.8,37.8,37.21,37.234,8926,0.0
2016-10-28,37.46,37.75,37.348,37.4,245076,0.0
2016-10-31,37.58,37.85,37.58,37.75,16570,0.0
2016-11-01,37.91,38.0,37.481,37.717,20183,0.0
2016-11-02,37.54,37.54,36.787,37.002,14732,0.0
2016-11-03,37.09,37.09,36.49,36.604,14404,0.0
2016-11-04,36.0,36.45,35.73,35.773,12002,0.0
2016-11-07,36.65,36.86,36.5,36.859,29406,0.0
2016-11-08,36.81,36.81,36.0,36.0,347421,0.0
2016-11-09,35.11,36.03,35.11,35.93,48995,0.0
2016-11-10,35.93,35.93,34.95,35.131,70624,0.0
2016-11-11,34.11,34.84,33.3,33.42,110351,0.0
2016-11-14,33.2,33.73,33.2,33.41,115130,0.0
2016-11-15,32.725,33.19,32.58,33.03,81436,0.0
2016-11-16,32.693,32.693,32.32,32.36,160066,0.0
2016-11-17,32.5,33.2,32.41,32.41,41205,0.0
2016-11-18,32.4,32.8,32.39,32.39,20921,0.0
2016-11-21,32.0,32.0,31.67,31.75,20164,0.0
2016-11-22,31.84,31.97,31.81,31.91,54466,0.0
2016-11-23,31.84,32.03,31.808,31.87,9922,0.0
2016-11-25,32.28,32.85,32.28,32.5,43522,0.0
2016-11-28,32.41,32.83,32.41,32.77,32142,0.0
2016-11-29,32.98,33.237,32.87,33.14,12092,0.0
2016-11-30,33.96,33.96,33.558,33.62,26983,0.0
2016-12-01,33.75,33.75,33.12,33.32,11534,0.0
2016-12-02,32.82,33.27,32.82,33.195,44774,0.0
2016-12-05,33.426,33.426,33.2,33.24,5565,0.0
2016-12-06,33.645,33.74,33.52,33.63,24239,0.0
2016-12-07,33.38,33.915,33.38,33.915,22983,0.0
2016-12-08,33.99,34.45,33.95,34.44,176431,0.0
2016-12-09,34.48,34.48,34.16,34.316,30001,0.0
2016-12-12,33.8,34.17,33.8,33.91,13243,0.0
2016-12-13,33.99,34.14,33.85,34.099,32922,0.0
2016-12-14,33.85,33.865,33.27,33.299,21341,0.0
2016-12-15,33.77,33.78,33.52,33.689,21112,0.0
2016-12-16,33.49,33.758,33.49,33.6,26707,0.0
2016-12-19,33.36,33.58,33.29,33.29,28339,0.0
2016-12-20,33.24,33.24,32.79,32.8,73170,0.0
2016-12-21,32.56,32.809,32.56,32.61,10211,0.0
2016-12-22,32.47,32.47,32.11,32.2,13255,0.0
2016-12-23,32.18,32.24,32.1,32.24,38374,0.0
2016-12-27,32.15,32.15,31.84,31.9,29322,0.0
2016-12-28,31.91,32.23,31.89,32.09,17294,0.0
2016-12-29,32.667,32.84,32.56,32.745,13643,0.0
2016-12-30,32.72,32.936,32.51,32.676,8137,0.0
2017-01-03,32.93,33.489,32.93,33.28,11522,0.0
2017-01-04,33.55,33.735,33.44,33.66,20968,0.0
2017-01-05,34.1,34.13,33.94,34.07,12412,0.0
2017-01-06,33.95,33.95,33.561,33.82,8511,0.0
2017-01-09,33.775,33.805,33.69,33.74,9394,0.0
2017-01-10,33.74,34.122,33.74,33.87,8184,0.0
2017-01-11,34.2,34.549,34.15,34.54,8759,0.0
2017-01-12,34.63,34.77,34.4,34.77,16031,0.0
2017-01-13,34.5,34.61,34.311,34.33,6406,0.0
2017-01-17,34.51,34.785,34.51,34.64,8008,0.0
2017-01-18,34.885,34.96,34.714,34.8,29328,0.0
2017-01-19,34.8,34.96,34.54,34.73,72854,0.0
2017-01-20,34.61,34.61,34.42,34.48,19847,0.0
2017-01-23,34.52,34.74,34.32,34.74,22242,0.0
2017-01-24,35.15,35.31,35.0,35.29,49860,0.0
2017-01-25,35.49,35.49,35.252,35.4,25809,0.0
2017-01-26,35.49,35.61,35.251,35.3,21926,0.0
2017-01-27,35.6,35.67,35.25,35.27,35687,0.0
2017-01-30,35.58,35.58,35.1,35.45,17897,0.0
2017-01-31,35.38,35.59,35.27,35.55,6946,0.0
2017-02-01,35.8,36.23,35.78,35.98,16144,0.0
2017-02-02,36.525,36.72,36.36,36.55,36926,0.0
2017-02-03,36.98,37.5,36.98,37.29,23112,0.0
2017-02-06,37.61,37.63,37.44,37.62,26095,0.0
2017-02-07,37.51,37.74,37.34,37.46,18757,0.0
2017-02-08,37.47,37.97,37.47,37.85,26666,0.0
2017-02-09,38.18,38.18,37.882,38.028,12156,0.0
2017-02-10,38.24,38.25,38.046,38.21,22428,0.0
2017-02-13,37.94,37.94,37.56,37.87,16970,0.0
2017-02-14,37.84,37.97,37.4,37.64,39714,0.0
2017-02-15,37.27,37.49,36.8,37.04,27827,0.0
2017-02-16,37.27,37.68,37.27,37.45,10240,0.0
2017-02-17,37.71,37.71,37.426,37.49,6305,0.0
2017-02-21,37.86,38.345,37.75,38.289,19040,0.0
2017-02-22,38.27,38.27,37.75,38.08,20643,0.0
2017-02-23,38.08,38.43,37.98,38.36,9231,0.0
2017-02-24,38.41,38.41,38.0,38.198,11552,0.0
2017-02-27,38.2,38.64,38.2,38.47,39086,0.0
2017-02-28,38.57,38.94,38.57,38.8,19588,0.0
2017-03-01,38.9,39.29,38.882,39.23,37541,0.0
2017-03-02,38.52,38.52,38.01,38.13,58247,0.0
2017-03-03,38.11,38.79,38.11,38.79,12269,0.0
2017-03-06,38.8,38.81,38.451,38.68,84289,0.0
2017-03-07,38.712,38.89,38.65,38.76,9605,0.0
2017-03-08,38.612,38.65,38.4,38.46,25011,0.0
2017-03-09,38.66,38.779,38.45,38.63,16737,0.0
2017-03-10,38.64,38.78,38.57,38.7,13597,0.0
2017-03-13,39.44,40.2,39.34,40.03,28894,0.0
2017-03-14,39.86,39.948,39.631,39.87,35924,0.0
2017-03-15,40.16,41.743,39.97,40.94,37878,0.0
2017-03-16,40.95,40.97,40.62,40.97,51283,0.0
2017-03-17,40.78,40.78,40.551,40.66,21420,0.0
2017-03-20,40.9,41.15,40.824,41.14,37726,0.0
2017-03-21,41.12,41.12,40.478,40.55,41148,0.0
2017-03-22,40.4,40.63,40.25,40.62,9597,0.0
2017-03-23,40.75,40.86,40.59,40.735,22493,0.0
2017-03-24,40.9,40.935,40.702,40.84,68165,0.0
2017-03-27,40.94,41.35,40.84,41.26,23947,0.0
2017-03-28,41.39,41.5,41.133,41.386,28598,0.0
2017-03-29,41.67,41.81,41.46,41.81,18156,0.0
2017-03-30,41.89,42.03,41.71,41.985,51810,0.0
2017-03-31,42.15,42.29,41.98,41.98,42164,0.0
2017-04-03,42.47,42.61,42.32,42.6,69178,0.0
2017-04-04,42.56,42.56,42.31,42.46,51133,0.0
2017-04-05,42.89,42.958,42.53,42.59,48768,0.0
2017-04-06,42.94,42.98,42.716,42.94,46239,0.0
2017-04-07,43.01,43.159,42.85,42.95,339042,0.0
2017-04-10,43.11,43.14,42.85,42.94,242253,0.0
2017-04-11,43.35,43.41,43.0,43.22,147358,0.0
2017-04-12,43.07,43.07,42.76,42.97,101982,0.0
2017-04-13,43.0,43.23,42.81,42.81,140426,0.0
2017-04-17,43.22,43.5,43.22,43.47,60783,0.0
2017-04-18,43.26,43.26,42.92,42.97,31574,0.0
2017-04-19,43.42,43.51,43.11,43.3,49804,0.0
2017-04-20,43.96,44.02,43.76,43.86,142810,0.0
2017-04-21,44.02,44.02,43.61,43.73,73913,0.0
2017-04-24,44.49,44.49,44.171,44.365,74861,0.0
2017-04-25,44.9,44.9,44.573,44.784,73713,0.0
2017-04-26,44.66,44.66,44.44,44.54,62772,0.0
2017-04-27,44.71,44.71,44.33,44.471,141876,0.0
2017-04-28,44.62,44.78,44.54,44.72,74068,0.0
2017-05-01,45.03,45.04,44.71,44.76,74186,0.0
2017-05-02,44.95,45.26,44.95,45.23,101432,0.0
2017-05-03,45.15,45.15,44.82,44.9,40721,0.0
2017-05-04,45.14,45.15,44.8,44.88,50675,0.0
2017-05-05,44.75,44.93,44.65,44.93,56814,0.0
2017-05-08,45.14,45.18,44.851,44.86,145963,0.0
2017-05-09,45.12,45.27,45.074,45.14,203035,0.0
2017-05-10,45.49,45.9,45.23,45.54,139354,0.0
2017-05-11,45.6,45.6,45.25,45.525,62354,0.0
2017-05-12,45.37,45.387,45.17,45.29,44713,0.0
2017-05-15,45.95,46.07,45.63,46.03,69150,0.0
2017-05-16,46.15,46.22,46.094,46.125,97524,0.0
2017-05-17,45.95,45.95,45.132,45.18,73014,0.0
2017-05-18,44.5,44.5,43.76,44.25,112605,0.0
2017-05-19,44.39,44.39,44.18,44.27,80090,0.0
2017-05-22,43.87,43.99,43.61,43.731,90358,0.0
2017-05-23,42.92,42.92,42.5,42.5,110594,0.0
2017-05-24,42.24,42.3,41.9,42.03,96991,0.0
2017-05-25,42.41,42.93,42.41,42.81,65960,0.0
2017-05-26,43.57,43.59,43.22,43.5,36231,0.0
2017-05-30,43.14,43.23,42.883,42.93,64358,0.0
2017-05-31,43.34,43.607,43.32,43.59,34415,0.0
2017-06-01,43.87,44.28,43.84,44.28,97515,0.0
2017-06-02,44.5,44.68,44.44,44.6,92265,0.0
2017-06-05,44.77,44.77,44.618,44.7,38490,0.0
2017-06-06,44.66,44.66,44.43,44.59,52314,0.0
2017-06-07,44.59,44.9,44.59,44.83,73384,0.0
2017-06-08,45.0,45.06,44.9,44.96,46365,0.0
2017-06-09,45.15,45.15,44.59,44.69,41972,0.0
2017-06-12,44.76,44.76,44.43,44.57,98570,0.0
2017-06-13,44.63,45.0,44.63,44.89,53255,0.0
2017-06-14,45.33,45.46,45.104,45.13,58856,0.0
2017-06-15,44.98,45.09,44.855,45.03,44911,0.0
2017-06-16,45.1,45.16,44.92,45.12,23892,0.0
2017-06-19,45.18,45.26,45.1,45.1,31028,0.0
2017-06-20,45.15,45.17,44.69,44.69,40030,0.0
2017-06-21,45.14,45.26,45.061,45.13,58494,0.0
2017-06-22,44.97,45.0,44.75,44.75,43237,0.0
2017-06-23,44.57,44.57,44.28,44.31,89248,0.0
2017-06-26,44.34,44.65,44.34,44.615,36303,0.0
2017-06-27,43.94,44.01,43.591,43.64,81579,0.0
2017-06-28,44.06,44.08,43.76,44.04,24555,0.0
2017-06-29,43.98,44.16,43.65,43.78,31643,0.0
2017-06-30,43.95,44.76,43.95,44.41,34991,0.0
2017-07-03,44.92,44.922,44.77,44.852,23033,0.0
2017-07-05,44.86,45.258,44.78,45.1,49359,0.0
2017-07-06,45.09,45.1,44.73,44.85,87195,0.0
2017-07-07,45.22,45.22,45.03,45.1,27450,0.0
2017-07-10,45.69,45.69,45.392,45.51,46571,0.0
2017-07-11,45.37,45.37,44.93,44.93,41658,0.0
2017-07-12,45.45,45.86,45.45,45.86,29717,0.0
2017-07-13,45.82,45.9,45.6,45.898,120012,0.0
2017-07-14,45.9,46.186,45.9,46.186,53898,0.0
2017-07-17,46.15,46.15,45.651,45.76,39440,0.0
2017-07-18,45.55,45.55,45.424,45.5,36584,0.0
2017-07-19,46.02,46.14,45.92,46.12,100428,0.0
2017-07-20,46.05,46.19,45.99,46.12,62691,0.0
2017-07-21,45.96,46.01,45.7,45.8,16596,0.0
2017-07-24,46.01,46.12,45.84,46.0,23341,0.0
2017-07-25,46.25,46.25,46.05,46.05,24868,0.0
2017-07-26,46.3,46.48,46.23,46.45,30415,0.0
2017-07-27,46.38,46.38,45.82,46.06,35257,0.0
2017-07-28,46.22,46.378,46.195,46.32,20315,0.0
2017-07-31,46.4,46.4,46.223,46.33,31418,0.0
2017-08-01,46.31,46.69,46.31,46.65,96226,0.0
2017-08-02,46.5,46.742,46.5,46.742,35494,0.0
2017-08-03,46.31,46.36,46.14,46.22,23910,0.0
2017-08-04,46.22,46.366,46.214,46.29,21526,0.0
2017-08-07,46.71,46.87,46.698,46.77,36954,0.0
2017-08-08,46.49,46.554,46.3,46.37,39106,0.0
2017-08-09,45.48,45.78,45.0,45.135,36746,0.0
2017-08-10,43.94,44.16,42.66,42.7,340408,0.0
2017-08-11,42.88,43.419,42.88,43.23,193093,0.0
2017-08-14,44.22,44.75,44.19,44.57,35394,0.0
2017-08-15,44.5,44.79,44.38,44.44,20544,0.0
2017-08-16,45.04,45.18,44.991,45.14,23429,0.0
2017-08-17,45.28,45.28,44.85,44.86,36570,0.0
2017-08-18,45.08,45.172,44.834,45.04,17691,0.0
2017-08-21,44.59,44.81,44.052,44.57,35869,0.0
2017-08-22,44.33,44.646,44.33,44.5,25164,0.0
2017-08-23,44.7,44.94,44.61,44.89,22593,0.0
2017-08-24,45.29,45.39,45.15,45.33,101771,0.0
2017-08-25,45.46,45.694,45.43,45.505,68029,0.0
2017-08-28,45.95,46.04,45.9,45.94,46193,0.0
2017-08-29,45.36,45.74,45.21,45.47,27674,0.0
2017-08-30,45.65,45.76,45.46,45.76,11694,0.0
2017-08-31,46.18,46.37,45.928,46.31,89919,0.0
2017-09-01,46.7,46.9,46.55,46.76,131238,0.0
2017-09-05,46.5,46.64,46.3,46.398,20696,0.0
2017-09-06,46.62,46.8,46.62,46.78,15317,0.0
2017-09-07,47.0,47.195,46.83,47.17,204211,0.0
2017-09-08,47.17,47.308,46.91,46.994,53142,0.0
2017-09-11,47.2,47.7,47.2,47.55,38780,0.0
2017-09-12,47.95,48.089,47.903,48.02,58716,0.0
2017-09-13,47.84,47.84,47.6,47.61,98420,0.0
2017-09-14,47.66,47.9,47.65,47.89,41786,0.0
2017-09-15,48.09,48.361,48.09,48.23,42822,0.0
2017-09-18,48.31,48.67,48.16,48.25,58519,0.0
2017-09-19,48.48,48.54,48.17,48.32,34735,0.0
2017-09-20,48.2,48.23,47.611,47.9,42667,0.0
2017-09-21,47.5,47.77,47.257,47.42,42578,0.0
2017-09-22,46.31,46.57,45.95,46.085,224574,0.0
2017-09-25,45.4,45.559,44.61,44.75,165788,0.0
2017-09-26,45.01,45.44,45.01,45.25,66954,0.0
2017-09-27,44.52,44.52,43.94,44.172,152516,0.0
2017-09-28,44.35,44.9,44.3,44.82,40385,0.0
2017-09-29,45.67,45.792,45.09,45.71,68478,0.0
2017-10-02,45.68,45.68,45.53,45.53,25447,0.0
2017-10-03,45.32,45.59,45.32,45.5,24461,0.0
2017-10-04,45.75,46.12,45.75,46.06,28197,0.0
2017-10-05,46.21,46.4925,46.21,46.4,42162,0.0
2017-10-06,46.36,46.4,46.1,46.38,29338,0.0
2017-10-09,46.75,46.77,46.3,46.49,55415,0.0
2017-10-10,46.99,47.25,46.82,47.0,162051,0.0
2017-10-11,46.59,46.59,46.301,46.49,44360,0.0
2017-10-12,46.79,47.133,46.79,46.93,37029,0.0
2017-10-13,47.51,47.67,46.9149,47.52,245233,0.0
2017-10-16,47.73,47.769,47.51,47.66,49237,0.0
2017-10-17,47.6,47.63,47.36,47.63,22822,0.0
2017-10-18,47.43,47.6989,47.4001,47.5,25035,0.0
2017-10-19,47.34,47.34,47.01,47.22,55680,0.0
2017-10-20,47.52,47.88,47.48,47.77,106598,0.0
2017-10-23,47.99,47.99,47.699,47.85,98122,0.0
2017-10-24,47.99,48.4048,47.99,48.34,73655,0.0
2017-10-25,48.32,48.3299,47.72,48.075,109580,0.0
2017-10-26,48.36,48.47,48.12,48.18,110715,0.0
2017-10-27,48.28,48.7,48.19,48.6989,220462,0.0
2017-10-30,49.15,49.18,48.8101,49.06,52444,0.0
2017-10-31,49.2,49.38,49.09,49.38,27250,0.0
2017-11-01,49.49,49.7248,49.46,49.595,13509,0.0
2017-11-02,49.7,49.999,49.7,49.945,26673,0.0
2017-11-03,49.94,49.94,49.55,49.68,34129,0.0
2017-11-06,49.8,49.94,49.74,49.84,59844,0.0
2017-11-07,49.02,49.16,48.5,48.79,103029,0.0
2017-11-08,48.62,48.76,48.55,48.56,24540,0.0
2017-11-09,48.51,48.92,48.51,48.9,32299,0.0
2017-11-10,48.9,48.9,48.55,48.6,96470,0.0
2017-11-13,48.41,48.69,48.011,48.59,196966,0.0
2017-11-14,48.29,48.43,48.0,48.0,80864,0.0
2017-11-15,47.79,47.95,47.55,47.78,98042,0.0
2017-11-16,48.94,48.94,48.57,48.65,41257,0.0
2017-11-17,49.07,49.46,49.07,49.38,273343,0.0
2017-11-20,49.45,49.67,49.32,49.645,141044,0.0
2017-11-21,49.81,50.0,49.8,49.925,29959,0.0
2017-11-22,49.92,50.08,49.75,49.94,177755,0.0
2017-11-24,50.5,50.5433,50.36,50.43,45060,0.0
2017-11-27,50.9,50.9,50.49,50.5,47578,0.0
2017-11-28,50.99,50.99,50.52,50.88,82113,0.0
2017-11-29,50.64,50.77,50.275,50.35,58672,0.0
2017-11-30,50.4,50.7199,50.38,50.63,88544,0.0
2017-12-01,50.04,50.13,49.54,49.81,60141,0.0
2017-12-04,50.14,50.14,49.33,49.45,62449,0.0
2017-12-05,49.73,49.78,49.425,49.59,39689,0.0
2017-12-06,49.335,49.335,49.05,49.185,126829,0.0
2017-12-07,49.86,50.09,49.6,49.93,16575,0.0
2017-12-08,50.43,50.5,50.22,50.49,130803,0.0
2017-12-11,50.48,50.789,50.44,50.7729,88586,0.0
2017-12-12,50.29,50.43,49.8626,50.19,56144,0.0
2017-12-13,50.01,50.467,50.0,50.255,34085,0.0
2017-12-14,50.6,50.65,50.23,50.45,144633,0.0
2017-12-15,51.0,51.16,50.8224,50.92,57390,0.0
2017-12-18,51.44,51.46,51.1209,51.245,72251,0.0
2017-12-19,51.25,51.3899,51.02,51.125,71777,0.0
2017-12-20,51.38,51.9,51.371,51.67,67405,0.0
2017-12-21,52.0,52.29,51.89,52.1,72152,0.0
2017-12-22,52.15,52.44,52.15,52.41,79898,0.0
2017-12-26,52.33,52.67,52.15,52.47,65300,0.0
2017-12-27,52.07,52.46,51.82,51.91,189094,0.0
2017-12-28,52.13,52.43,51.84,51.97,194399,0.0
2017-12-29,52.64,52.98,52.41,52.57,226271,0.0
2018-01-02,52.91,54.43,52.57,52.9105,98460,0.0
2018-01-03,53.31,53.8189,53.2997,53.56,203542,0.0
2018-01-04,53.94,54.15,53.8,54.0603,80168,0.0
2018-01-05,54.58,54.98,54.55,54.9,98568,0.0
2018-01-08,54.79,55.0312,54.66,54.82,183383,0.0
2018-01-09,54.7,54.85,54.3901,54.615,86349,0.0
2018-01-10,54.295,54.4,54.11,54.22,64071,0.0
2018-01-11,54.63,54.9268,54.55,54.899,95226,0.0
2018-01-12,54.78,55.1337,54.6709,55.07,184408,0.0
2018-01-16,54.0,54.0,53.2,53.3,164022,0.0
2018-01-17,54.01,54.44,53.56,54.295,78234,0.0
2018-01-18,53.36,53.47,52.77,52.78,216548,0.0
2018-01-19,53.78,53.88,52.85,53.65,117545,0.0
2018-01-22,53.93,54.0,53.654,53.96,75983,0.0
2018-01-23,53.98,54.1,53.84,54.04,117565,0.0
2018-01-24,53.84,54.11,53.7698,53.985,222400,0.0
2018-01-25,53.72,53.88,53.5001,53.6,122142,0.0
2018-01-26,53.66,53.9593,53.635,53.905,215888,0.0
2018-01-29,53.0,53.106,52.78,52.815,141333,0.0
2018-01-30,52.5,52.55,52.18,52.35,129237,0.0
2018-01-31,52.54,52.55,51.9,52.03,90382,0.0
2018-02-01,51.6,51.9093,51.12,51.275,116114,0.0
2018-02-02,49.62,49.82,48.41,48.42,229759,0.0
2018-02-05,47.57,48.97,47.2,47.44,196474,0.0
2018-02-06,47.06,48.65,46.81,48.4,142152,0.0
2018-02-07,48.62,49.679,48.61,48.75,83740,0.0
2018-02-08,49.47,49.9899,48.0,48.0,62747,0.0
2018-02-09,49.75,50.37,48.78,50.16,200739,0.0
2018-02-12,50.5,50.98,50.35,50.71,86188,0.0
2018-02-13,50.99,50.99,50.211,50.64,45428,0.0
2018-02-14,50.16,51.31,50.16,51.31,100746,0.0
2018-02-15,50.79,51.259,50.2,50.55,108213,0.0
2018-02-16,50.2,50.2,49.3423,49.59,72642,0.0
2018-02-20,49.04,49.33,48.7023,48.9,50095,0.0
2018-02-21,49.19,49.56,48.56,48.59,141764,0.0
2018-02-22,48.5,48.79,48.29,48.39,46457,0.0
2018-02-23,49.49,49.7399,49.2001,49.68,297949,0.0
2018-02-26,50.05,50.05,49.31,49.99,118136,0.0
2018-02-27,49.59,49.59,48.65,48.78,41134,0.0
2018-02-28,49.38,49.38,48.75,48.75,16921,0.0
2018-03-01,48.88,49.0,48.4341,48.59,71065,0.0
2018-03-02,47.84,48.39,47.8,48.295,245519,0.0
2018-03-05,48.0,48.68,47.92,48.525,97567,0.0
2018-03-06,48.53,48.53,47.76,47.875,92544,0.0
2018-03-07,47.49,47.49,47.11,47.32,76766,0.0
2018-03-08,47.26,47.769,47.24,47.56,152549,0.0
2018-03-09,47.62,48.099,47.51,48.055,70637,0.0
2018-03-12,48.08,48.27,47.88,48.21,223086,0.0
2018-03-13,48.21,49.0,48.21,48.22,25432,0.0
2018-03-14,48.27,48.84,48.23,48.42,66466,0.0
2018-03-15,48.43,48.85,48.3,48.49,30746,0.0
2018-03-16,48.21,48.4,47.8,47.8,53719,0.0
2018-03-19,47.15,47.28,46.6214,46.75,65070,0.0
2018-03-20,46.83,47.24,46.83,47.14,41313,0.0
2018-03-21,47.31,47.72,47.18,47.7,158375,0.0
2018-03-22,46.97,47.27,46.4,46.55,146646,0.0
2018-03-23,46.55,46.6009,45.5,45.5,133729,0.0
2018-03-26,46.86,47.099,46.66,47.06,67910,0.0
2018-03-27,47.26,47.42,46.9,46.91,85287,0.0
2018-03-28,46.91,47.02,46.65,46.905,43210,0.0
2018-03-29,47.165,47.55,46.9625,47.45,21708,0.0
2018-04-02,47.85,47.85,47.161,47.44,38076,0.0
2018-04-03,48.28,48.59,48.09,48.35,54082,0.0
2018-04-04,47.28,48.41,47.28,48.3,90744,0.0
2018-04-05,48.59,49.17,48.59,48.75,40110,0.0
2018-04-06,48.67,49.36,48.3294,48.57,20099,0.0
2018-04-09,49.0,49.23,48.74,48.87,81599,0.0
2018-04-10,49.03,49.25,48.89,49.05,115355,0.0
2018-04-11,48.935,49.175,48.8585,49.08,29579,0.0
2018-04-12,48.98,49.21,48.87,49.085,60132,0.0
2018-04-13,48.97,49.355,48.97,49.05,51108,0.0
2018-04-16,49.15,49.41,49.15,49.26,12150,0.0
2018-04-17,49.41,49.6235,49.25,49.26,65956,0.0
2018-04-18,49.22,49.389,49.2,49.255,17757,0.0
2018-04-19,49.25,49.25,48.76,48.87,20742,0.0
2018-04-20,48.73,48.85,48.421,48.59,30276,0.0
2018-04-23,49.0,49.095,48.74,48.83,179172,0.0
2018-04-24,48.925,49.075,48.27,48.32,411224,0.0
2018-04-25,48.11,48.26,47.8,48.09,50688,0.0
2018-04-26,48.28,48.7,48.28,48.45,27417,0.0
2018-04-27,48.81,48.96,48.6371,48.69,13708,0.0
2018-04-30,49.34,49.49,48.965,49.02,30802,0.0
2018-05-01,48.94,48.94,48.47,48.9,39105,0.0
2018-05-02,48.45,48.505,48.17,48.17,27632,0.0
2018-05-03,47.82,47.99,47.5395,47.76,25587,0.0
2018-05-04,47.58,48.0,47.58,47.98,38142,0.0
2018-05-07,47.9,48.0312,47.73,47.79,28629,0.0
2018-05-08,47.99,47.99,47.73,47.82,21686,0.0
2018-05-09,47.7,47.78,47.41,47.59,46681,0.0
2018-05-10,47.0,47.44,47.0,47.355,82574,0.0
2018-05-11,47.25,47.2984,46.96,47.09,27457,0.0
2018-05-14,46.64,46.89,46.3904,46.41,50865,0.0
2018-05-15,45.7,45.77,45.22,45.31,68586,0.0
2018-05-16,45.99,46.35,45.88,46.18,114746,0.0
2018-05-17,46.29,46.3,46.1501,46.2,15018,0.0
2018-05-18,45.55,45.729,45.1951,45.3,42201,0.0
2018-05-21,45.0,45.05,44.44,44.87,209170,0.0
2018-05-22,44.86,45.2,44.86,44.91,57736,0.0
2018-05-23,44.5,44.86,44.45,44.845,20291,0.0
2018-05-24,44.44,44.6353,44.35,44.605,42212,0.0
2018-05-25,45.27,45.6027,45.15,45.5,126305,0.0
2018-05-29,45.89,46.0,45.49,45.68,27394,0.0
2018-05-30,46.36,46.6528,46.0475,46.365,58042,0.0
2018-05-31,46.18,46.289,45.847,45.87,44133,0.0
2018-06-01,45.39,45.75,45.39,45.67,20498,0.0
2018-06-04,44.78,45.47,44.5,44.83,34919,0.0
2018-06-05,44.13,44.1732,43.95,43.96,53505,0.0
2018-06-06,44.46,44.96,44.46,44.92,84086,0.0
2018-06-07,45.19,45.3,44.67,44.67,68786,0.0
2018-06-08,45.2,45.42,44.99,45.36,16001,0.0
2018-06-11,45.47,45.56,45.3758,45.4,10819,0.0
2018-06-12,45.64,45.75,45.5291,45.5291,20558,0.0
2018-06-13,45.51,45.68,45.2401,45.35,17753,0.0
2018-06-14,45.74,45.74,45.19,45.25,20780,0.0
2018-06-15,44.98,44.98,44.55,44.9,33313,0.0
2018-06-18,44.5,44.7024,44.32,44.49,70345,0.0
2018-06-19,43.47,43.59,43.2,43.44,161596,0.0
2018-06-20,43.33,43.6143,43.32,43.32,74432,0.0
2018-06-21,43.34,43.54,43.12,43.12,82382,0.0
2018-06-22,43.5,43.58,43.39,43.4136,17990,0.0
2018-06-25,42.92,43.38,42.719,42.92,43830,0.0
2018-06-26,42.76,42.8,42.56,42.59,49489,0.0
2018-06-27,42.28,42.28,41.5,41.5,42494,0.0
2018-06-28,41.47,41.49,40.79,41.045,73091,0.0
2018-06-29,41.71,42.43,41.71,42.0,62099,0.0
2018-07-02,41.73,41.785,41.5,41.7,28824,0.0
2018-07-03,41.87,42.11,41.7,41.972,22652,0.0
2018-07-05,41.61,41.78,41.4,41.46,98602,0.0
2018-07-06,41.84,42.32,41.84,42.1,129734,0.0
2018-07-09,42.61,42.99,42.61,42.99,27413,0.0
2018-07-10,43.16,43.16,42.95,43.05,30123,0.0
2018-07-11,42.54,42.92,42.455,42.55,106546,0.0
2018-07-12,43.2,43.2,42.831,43.07,47326,0.0
2018-07-13,42.64,42.82,42.54,42.56,31560,0.0
2018-07-16,41.43,41.99,41.23,41.36,27873,0.0
2018-07-17,41.94,42.51,41.88,42.38,83240,0.0
2018-07-18,41.52,41.88,41.52,41.84,24720,0.0
2018-07-19,41.0,41.3457,40.86,40.98,54349,0.0
2018-07-20,41.38,41.66,41.2022,41.53,49215,0.0
2018-07-23,41.77,42.0,41.51,41.82,39884,0.0
2018-07-24,42.52,42.82,42.4,42.725,28822,0.0
2018-07-25,42.66,43.16,42.5,43.12,89941,0.0
2018-07-26,42.92,43.08,42.75,42.98,100177,0.0
2018-07-27,43.29,43.58,43.29,43.54,23930,0.0
2018-07-30,43.56,43.81,43.56,43.62,30769,0.0
2018-07-31,43.68,44.019,43.68,43.98,69563,0.0
2018-08-01,44.11,44.22,43.9611,44.06,20272,0.0
2018-08-02,43.95,44.0948,43.785,44.03,44752,0.0
2018-08-03,44.17,44.6642,44.17,44.63,20124,0.0
2018-08-06,44.55,44.6,44.445,44.52,19668,0.0
2018-08-07,44.32,44.54,44.32,44.455,14686,0.0
2018-08-08,44.4,44.58,44.24,44.56,19541,0.0
2018-08-09,44.66,44.66,44.55,44.55,29894,0.0
2018-08-10,44.15,44.15,43.83,43.8624,14041,0.0
2018-08-13,43.38,43.499,43.106,43.19,21619,0.0
2018-08-14,43.33,43.625,43.33,43.54,181071,0.0
2018-08-15,42.8,42.89,42.315,42.755,17993,0.0
2018-08-16,43.13,43.4399,42.8,43.22,15871,0.0
2018-08-17,43.5,43.96,43.5,43.94,16953,0.0
2018-08-20,43.88,44.29,43.83,43.97,30605,0.0
2018-08-21,44.15,44.23,44.1058,44.21,11283,0.0
2018-08-22,44.0,44.4283,44.0,44.32,34747,0.0
2018-08-23,43.75,43.84,43.52,43.55,25595,0.0
2018-08-24,43.78,44.14,43.78,44.05,27286,0.0
2018-08-27,44.02,44.48,44.02,44.42,35556,0.0
2018-08-28,44.23,44.39,43.98,44.0,8342,0.0
2018-08-29,43.92,44.09,43.85,44.0,29242,0.0
2018-08-30,44.0,44.0,43.541,43.74,35099,0.0
2018-08-31,43.84,44.14,43.81,44.12,24046,0.0
2018-09-04,42.16,43.59,42.05,42.325,54834,0.0
2018-09-05,42.05,42.39,42.05,42.17,43970,0.0
2018-09-06,42.0,42.189,41.8119,41.945,15841,0.0
2018-09-07,42.16,42.6299,42.1467,42.25,15302,0.0
2018-09-10,42.15,42.15,41.3601,41.37,53088,0.0
2018-09-11,40.87,40.99,40.8,40.98,35437,0.0
2018-09-12,41.38,41.4759,41.0642,41.42,8855,0.0
2018-09-13,41.67,42.05,41.67,42.03,52282,0.0
2018-09-14,42.06,42.22,42.0,42.0405,41888,0.0
2018-09-17,41.66,41.93,41.54,41.54,17699,0.0
2018-09-18,40.72,41.22,40.72,41.06,70562,0.0
2018-09-19,40.91,41.24,40.7,41.22,57155,0.0
2018-09-20,41.6,41.6,41.36,41.51,15423,0.0
2018-09-21,40.6,40.63,39.55,39.88,72852,0.0
2018-09-24,38.9,39.18,38.36,38.57,66342,0.0
2018-09-25,38.47,38.58,38.3,38.43,42595,0.0
2018-09-26,38.46,38.73,38.3,38.545,67932,0.0
2018-09-27,37.62,38.0,37.62,37.64,237343,0.0
2018-09-28,36.68,36.95,36.51,36.68,200123,0.0
2018-10-01,36.66,36.92,36.23,36.36,93422,0.0
2018-10-02,36.05,36.36,35.92,36.1007,79437,0.0
2018-10-03,36.07,36.11,35.47,35.61,41210,0.0
2018-10-04,35.25,35.52,34.65,34.74,159784,0.0
2018-10-05,34.15,34.58,33.61,33.86,78195,0.0
2018-10-08,33.52,33.7499,33.33,33.74,49177,0.0
2018-10-09,33.42,33.48,33.22,33.38,131263,0.0
2018-10-10,34.45,34.58,33.85,33.97,89965,0.0
2018-10-11,34.16,34.62,33.99,34.37,127019,0.0
2018-10-12,35.38,35.58,35.0,35.2965,100251,0.0
2018-10-15,35.39,35.77,35.39,35.49,73596,0.0
2018-10-16,36.35,36.59,35.91,36.5,67651,0.0
2018-10-17,35.38,35.5,35.067,35.36,51805,0.0
2018-10-18,35.02,35.11,34.3858,34.42,26811,0.0
2018-10-19,34.92,34.9894,34.61,34.74,71922,0.0
2018-10-22,34.36,34.4875,33.95,33.95,64442,0.0
2018-10-23,33.88,34.35,33.61,34.31,85693,0.0
2018-10-24,34.27,34.27,33.69,33.8,17445,0.0
2018-10-25,33.68,34.34,33.68,34.21,42383,0.0
2018-10-26,33.95,34.27,33.79,34.12,19029,0.0
2018-10-29,34.59,34.95,33.99,34.24,32142,0.0
2018-10-30,35.11,35.24,34.77,35.16,20348,0.0
2018-10-31,35.48,35.5483,35.2,35.2,30458,0.0
2018-11-01,35.86,36.62,35.844,36.62,56692,0.0
2018-11-02,36.62,36.69,36.1,36.32,38826,0.0
2018-11-05,36.32,36.69,36.16,36.675,31485,0.0
2018-11-06,36.26,36.64,36.0,36.045,34624,0.0
2018-11-07,36.53,37.11,36.5,37.03,54421,0.0
2018-11-08,36.53,36.96,36.3618,36.515,25426,0.0
2018-11-09,36.4,36.95,36.4,36.53,57049,0.0
2018-11-12,36.25,36.46,36.0,36.1,159450,0.0
2018-11-13,36.67,36.92,36.07,36.86,23864,0.0
2018-11-14,36.86,37.07,36.7062,36.9947,33349,0.0
2018-11-15,36.93,37.4964,36.93,37.33,14012,0.0
2018-11-16,36.99,37.39,36.99,37.39,23773,0.0
2018-11-19,37.42,37.42,37.06,37.06,32344,0.0
2018-11-20,36.97,36.97,36.66,36.77,26460,0.0
2018-11-21,37.17,37.51,37.17,37.36,28419,0.0
2018-11-23,37.2,37.4026,37.17,37.17,20967,0.0
2018-11-26,37.03,37.27,36.99,37.24,116690,0.0
2018-11-27,37.48,37.49,37.3,37.49,14792,0.0
2018-11-28,37.51,37.94,37.26,37.93,84534,0.0
2018-11-29,38.01,38.375,37.99,38.19,41536,0.0
2018-11-30,38.48,38.48,38.04,38.15,29657,0.0
2018-12-03,38.25,38.33,38.0001,38.18,27582,0.0
2018-12-04,38.1,38.22,37.73,37.755,180671,0.0
2018-12-06,36.73,37.41,36.4986,37.385,31499,0.0
2018-12-07,36.97,36.97,36.2,36.36,21333,0.0
2018-12-10,34.94,35.795,34.25,34.71,199573,0.0
2018-12-11,35.89,35.9599,35.38,35.765,305375,0.0
2018-12-12,36.9,37.28,36.845,37.24,59641,0.0
2018-12-13,37.49,37.62,37.39,37.51,48519,0.0
2018-12-14,37.14,37.44,37.14,37.36,11348,0.0
2018-12-17,37.28,37.59,37.13,37.32,93411,0.0
2018-12-18,38.07,38.62,38.07,38.42,26729,0.0
2018-12-19,38.81,39.05,37.9,38.12,26924,0.0
2018-12-20,38.96,39.22,38.52,38.62,275410,0.0
2018-12-21,38.29,38.49,38.0401,38.08,37915,0.0
2018-12-24,37.74,37.9,37.65,37.86,58843,0.0
2018-12-26,38.07,38.11,37.53,37.905,266073,0.0
2018-12-27,37.84,38.21,37.61,38.01,55376,0.0
2018-12-28,38.25,38.79,38.2105,38.55,47306,0.0
2018-12-31,38.78,39.0,38.55,38.57,71732,0.0
2019-01-02,38.39,38.56,38.3316,38.49,10063,0.0
2019-01-03,37.98,37.98,37.73,37.93,28223,0.0
2019-01-04,38.15,38.98,38.15,38.95,19501,0.0
2019-01-07,38.61,38.8346,38.31,38.41,94624,0.0
2019-01-08,38.67,38.67,38.255,38.53,23933,0.0
2019-01-09,38.1,38.35,38.1,38.19,11092,0.0
2019-01-10,37.98,38.55,37.98,38.51,90912,0.0
2019-01-11,37.97,38.3844,37.94,38.08,51675,0.0
2019-01-14,37.94,37.94,37.67,37.67,36854,0.0
2019-01-15,37.69,37.91,37.57,37.57,80674,0.0
2019-01-16,37.6,38.09,37.6,37.92,48149,0.0
2019-01-17,37.9899,37.9899,37.72,37.88,17019,0.0
2019-01-18,37.56,37.628,37.43,37.44,55975,0.0
2019-01-22,37.14,37.14,36.57,36.63,137487,0.0
2019-01-23,36.89,37.0,36.85,37.0,20425,0.0
2019-01-24,36.88,37.0599,36.88,37.05,18069,0.0
2019-01-25,36.53,36.75,36.44,36.65,150663,0.0
2019-01-28,35.82,36.1,35.5655,35.995,122639,0.0
2019-01-29,35.72,35.85,35.63,35.67,26309,0.0
2019-01-30,35.75,36.46,35.7001,36.45,46826,0.0
2019-01-31,36.61,36.615,36.19,36.46,86506,0.0
2019-02-01,35.99,36.3,35.9508,36.01,31087,0.0
2019-02-04,35.67,35.96,35.57,35.82,92969,0.0
2019-02-05,35.65,35.915,35.6499,35.85,76720,0.0
2019-02-06,35.87,35.88,35.34,35.34,60417,0.0
2019-02-07,35.68,35.99,35.64,35.98,90272,0.0
2019-02-08,35.513,35.56,35.38,35.38,8453,0.0
2019-02-11,35.2,35.39,35.02,35.04,108079,0.0
2019-02-12,35.22,35.4,35.05,35.36,18889,0.0
2019-02-13,35.0,35.1499,34.8,34.91,45159,0.0
2019-02-14,34.91,35.2999,34.87,35.13,139253,0.0
2019-02-15,34.845,34.88,34.61,34.68,132123,0.0
2019-02-19,34.58,34.72,34.45,34.625,183604,0.0
2019-02-20,35.08,35.1,34.84,34.97,91356,0.0
2019-02-21,35.31,35.31,35.0,35.06,55581,0.0
2019-02-22,35.32,35.49,35.16,35.35,51032,0.0
2019-02-25,35.63,36.0,35.63,35.98,177117,0.0
2019-02-26,35.58,35.9896,35.58,35.89,231369,0.0
2019-02-27,35.62,35.8,35.5,35.6,33113,0.0
2019-02-28,36.01,36.262,36.0,36.15,40150,0.0
2019-03-01,36.54,36.72,36.44,36.47,12104,0.0
2019-03-04,36.46,36.47,36.1,36.34,9426,0.0
2019-03-05,37.69,37.88,37.25,37.72,478215,0.0
2019-03-06,38.0,38.2,37.826,38.0,80403,0.0
2019-03-07,38.05,38.05,37.5,37.57,41331,0.0
2019-03-08,37.53,37.83,37.4,37.78,78749,0.0
2019-03-11,38.59,39.24,38.59,39.17,121582,0.0
2019-03-12,39.27,39.61,39.27,39.34,51634,0.0
2019-03-13,39.33,39.6,39.32,39.46,273461,0.0
2019-03-14,39.4,39.61,39.4,39.61,15667,0.0
2019-03-15,39.72,40.21,39.6,40.11,122886,0.0
2019-03-18,40.17,40.25,40.0901,40.16,98680,0.0
2019-03-19,40.19,40.3,40.1,40.14,47009,0.0
2019-03-20,40.14,40.558,40.0,40.5,50024,0.0
2019-03-21,40.02,40.31,40.02,40.3,25048,0.0
2019-03-22,39.7,39.798,39.2579,39.28,36531,0.0
2019-03-25,39.22,39.35,39.11,39.15,21329,0.0
2019-03-26,39.73,39.73,39.395,39.48,49342,0.0
2019-03-27,39.78,39.9,39.6301,39.795,36868,0.0
2019-03-28,40.07,40.385,40.07,40.32,73763,0.0
2019-03-29,40.41,40.66,40.37,40.48,62975,0.0
2019-04-01,40.765,40.94,40.675,40.93,36964,0.0
2019-04-02,41.0,41.06,40.87,40.98,58986,0.0
2019-04-03,40.98,40.98,40.59,40.95,111796,0.0
2019-04-04,40.5,40.61,40.347,40.425,172557,0.0
2019-04-05,40.73,40.8,40.46,40.74,19915,0.0
2019-04-08,40.41,40.41,40.06,40.17,47823,0.0
2019-04-09,40.31,40.31,40.08,40.2,29101,0.0
2019-04-10,40.23,40.49,40.22,40.41,25785,0.0
2019-04-11,40.27,40.46,40.27,40.365,32565,0.0
2019-04-12,40.42,40.47,40.37,40.43,24420,0.0
2019-04-15,40.6,40.655,40.2,40.65,23565,0.0
2019-04-16,40.62,40.8375,40.62,40.79,15242,0.0
2019-04-17,40.87,40.92,40.7501,40.7569,24847,0.0
2019-04-18,40.6,40.6,40.28,40.54,14770,0.0
2019-04-22,39.86,40.1,39.21,39.62,17760,0.0
2019-04-23,39.61,39.76,39.56,39.6602,24216,0.0
2019-04-24,39.67,39.915,39.15,39.19,155573,0.0
2019-04-25,39.17,39.72,39.16,39.32,67171,0.0
2019-04-26,39.26,39.52,39.22,39.46,40425,0.0
2019-04-29,39.46,39.57,39.32,39.39,38254,0.0
2019-04-30,39.05,39.5,39.0,39.26,52476,0.0
2019-05-01,39.36,39.45,39.2,39.2,25931,0.0
2019-05-02,39.19,39.19,38.72,38.84,78748,0.0
2019-05-03,38.86,39.41,38.86,39.35,54006,0.0
2019-05-06,38.88,39.06,38.78,38.98,15564,0.0
2019-05-07,38.21,38.365,37.61,37.67,83042,0.0
2019-05-08,37.61,37.71,37.53,37.53,26331,0.0
2019-05-09,37.04,37.4,36.74,37.19,55905,0.0
2019-05-10,37.39,37.53,37.09,37.34,17943,0.0
2019-05-13,36.16,36.3207,35.9,36.01,34126,0.0
2019-05-14,36.52,36.88,36.52,36.82,51512,0.0
2019-05-15,36.46,36.725,36.3801,36.72,70143,0.0
2019-05-16,36.725,37.02,36.725,36.8403,24873,0.0
2019-05-17,36.73,37.26,36.73,36.98,57949,0.0
2019-05-20,38.79,38.85,38.415,38.55,188852,0.0
2019-05-21,38.43,38.77,38.33,38.735,79269,0.0
2019-05-22,38.58,38.82,38.5405,38.5987,37979,0.0
2019-05-23,38.47,38.77,38.3638,38.75,241421,0.0
2019-05-24,39.53,39.79,39.332,39.49,128936,0.0
2019-05-28,40.0,40.38,40.0,40.195,102433,0.0
2019-05-29,39.86,40.2,39.77,39.82,14807,0.0
2019-05-30,39.92,40.17,39.785,40.17,123338,0.0
2019-05-31,39.93,40.25,39.8,40.12,31653,0.0
2019-06-03,40.25,40.42,40.22,40.365,34000,0.0
2019-06-04,40.14,40.3299,40.0,40.24,20409,0.0
2019-06-05,40.33,40.34,40.04,40.1348,76656,0.0
2019-06-06,39.75,39.8081,39.4157,39.72,15749,0.0
2019-06-07,39.7236,39.909,39.7001,39.7707,13397,0.0
2019-06-10,39.58,39.58,39.25,39.45,11471,0.0
2019-06-11,39.6751,39.7615,39.61,39.61,28525,0.0
2019-06-12,39.32,39.48,39.18,39.27,28461,0.0
2019-06-13,39.05,39.18,38.81,38.81,74096,0.0
2019-06-14,38.57,38.6423,38.4,38.4,9094,0.0
2019-06-17,37.95,38.13,37.8102,37.98,47866,0.0
2019-06-18,37.95,38.13,37.9,37.91,98812,0.0
2019-06-19,37.38,37.49,37.15,37.355,45662,0.0
2019-06-20,37.87,38.11,37.74,37.93,131261,0.0
2019-06-21,37.97,38.09,37.71,37.98,13533,0.0
2019-06-24,38.02,38.0799,37.93,37.96,17439,0.0
2019-06-25,38.01,38.21,37.97,38.0,20375,0.0
2019-06-26,38.06,38.68,38.06,38.6,114536,0.0
2019-06-27,38.75,39.1244,38.75,39.06,50254,0.0
2019-06-28,39.1,39.11,38.64,38.68,80801,0.0
2019-07-01,39.0,39.3393,38.8147,38.95,112722,0.0
2019-07-02,38.89,38.98,38.84,38.96,26448,0.0
2019-07-03,38.89,39.1,38.8,38.99,20374,0.0
2019-07-05,38.53,38.93,38.115,38.33,354289,0.0
2019-07-08,37.6,38.0,37.5,37.51,312964,0.0
2019-07-09,37.7,37.79,37.69,37.69,32866,0.0
2019-07-10,37.55,37.78,37.5,37.68,197918,0.0
2019-07-11,37.59,37.71,37.425,37.45,462844,0.0
2019-07-12,37.56,37.78,37.43,37.6,137883,0.0
2019-07-15,37.7,37.7,37.46,37.48,39184,0.0
2019-07-16,37.58,37.64,37.48,37.48,15135,0.0
2019-07-17,37.49,37.685,37.3,37.38,10315,0.0
2019-07-18,37.12,37.2906,37.05,37.165,54973,0.0
2019-07-19,36.51,36.88,36.14,36.22,30716,0.0
2019-07-22,36.075,36.135,35.975,36.09,193946,0.0
2019-07-23,36.17,36.17,35.84,35.88,53849,0.0
2019-07-24,35.67,35.67,35.45,35.54,58054,0.0
2019-07-25,35.55,35.6367,35.28,35.42,67900,0.0
2019-07-26,35.62,35.92,35.62,35.915,160466,0.0
2019-07-29,35.7,35.88,35.51,35.845,172405,0.0
2019-07-30,35.02,35.5,34.87,34.93,90321,0.0
2019-07-31,35.07,35.31,34.7901,34.905,17271,0.0
2019-08-01,34.79,35.03,34.26,34.32,72846,0.0
2019-08-02,34.36,34.45,34.17,34.2,58069,0.0
2019-08-05,33.46,33.46,32.64,32.76,52391,0.0
2019-08-06,33.7,33.86,33.45,33.65,37612,0.0
2019-08-07,33.47,33.67,33.09,33.49,91308,0.0
2019-08-08,33.91,34.32,33.85,34.24,232174,0.0
2019-08-09,34.15,34.25,34.01,34.11,4751,0.0
2019-08-12,33.97,34.205,33.55,33.9751,17707,0.0
2019-08-13,33.44,33.95,33.2601,33.84,153031,0.0
2019-08-14,33.54,33.6675,33.21,33.21,101834,0.0
2019-08-15,33.11,33.38,33.0401,33.31,67494,0.0
2019-08-16,33.59,33.95,33.5,33.745,132486,0.0
2019-08-19,33.87,33.9288,33.63,33.64,38407,0.0
2019-08-20,33.56,33.5682,33.41,33.5,30809,0.0
2019-08-21,33.22,33.285,33.05,33.12,153089,0.0
2019-08-22,32.47,32.52,32.19,32.2,137273,0.0
2019-08-23,32.98,33.0,32.36,32.49,97178,0.0
2019-08-26,32.92,33.15,32.7787,33.14,47733,0.0
2019-08-27,33.46,33.78,33.395,33.46,59372,0.0
2019-08-28,32.96,33.36,32.96,33.06,5671,0.0
2019-08-29,33.2466,33.2466,33.0213,33.1043,8536,0.0
2019-08-30,33.29,33.345,33.1,33.13,13181,0.0
2019-09-03,32.68,32.782,32.5001,32.76,66870,0.0
2019-09-04,32.66,32.9581,32.65,32.8199,31154,0.0
2019-09-05,33.08,33.08,32.78,32.805,59619,0.0
2019-09-06,33.08,33.2296,33.07,33.17,15073,0.0
2019-09-09,33.33,33.53,33.29,33.46,18712,0.0
2019-09-10,33.15,33.36,33.15,33.265,18321,0.0
2019-09-11,33.55,34.11,33.4,34.07,153528,0.0
2019-09-12,34.08,34.38,34.08,34.3181,15167,0.0
2019-09-13,34.49,34.56,34.3372,34.53,81310,0.0
2019-09-16,34.36,34.36,33.87,33.87,27509,0.0
2019-09-17,33.675,33.96,33.5808,33.841,15840,0.0
2019-09-18,33.95,34.15,33.8715,33.8807,7068,0.0
2019-09-19,33.56,33.63,33.31,33.34,19581,0.0
2019-09-20,35.18,35.49,35.0,35.29,188189,0.0
2019-09-23,36.22,36.43,35.73,36.35,411512,0.0
2019-09-24,36.15,36.19,36.04,36.11,96047,0.0
2019-09-25,35.71,35.79,35.52,35.685,62180,0.0
2019-09-26,35.88,35.88,35.63,35.63,25977,0.0
2019-09-27,35.8,35.8,35.3,35.39,66127,0.0
2019-09-30,35.19,35.19,35.0,35.16,34216,0.0
2019-10-01,34.16,34.46,34.06,34.24,69718,0.0
2019-10-02,34.08,34.24,33.84,33.98,38448,0.0
2019-10-03,34.245,34.34,34.135,34.23,131560,0.0
2019-10-04,33.97,34.16,33.75,34.16,10575,0.0
2019-10-07,33.79,34.01,33.79,33.865,7469,0.0
2019-10-08,33.69,33.7,33.37,33.46,113264,0.0
2019-10-09,33.92,33.9905,33.77,33.84,23222,0.0
2019-10-10,33.83,34.13,33.805,34.03,111118,0.0
2019-10-11,34.0,34.06,33.81,33.82,142852,0.0
2019-10-14,33.78,33.85,33.77,33.77,48321,0.0
2019-10-15,33.77,34.18,33.77,33.98,87898,0.0
2019-10-16,33.88,34.05,33.8442,33.935,17591,0.0
2019-10-17,34.2,34.52,34.2,34.34,125475,0.0
2019-10-18,34.86,35.2094,34.64,35.1,82153,0.0
2019-10-21,35.16,35.415,35.05,35.2,39571,0.0
2019-10-22,35.2,35.59,35.1677,35.45,52237,0.0
2019-10-23,35.2,35.49,35.2,35.38,47961,0.0
2019-10-24,35.35,35.3905,35.0406,35.2,14790,0.0
2019-10-25,35.04,35.42,35.04,35.18,23768,0.0
2019-10-28,35.46,35.7579,35.3,35.59,34229,0.0
2019-10-29,35.63,35.81,35.51,35.52,96348,0.0
2019-10-30,35.52,35.685,35.4225,35.65,211874,0.0
2019-10-31,36.05,36.08,35.69,35.74,324218,0.0
2019-11-01,36.19,36.65,36.17,36.53,69123,0.0
2019-11-04,36.37,36.52,36.31,36.32,96851,0.0
2019-11-05,36.22,36.22,35.8,36.0,28737,0.0
2019-11-06,35.95,36.0,35.8112,35.91,20404,0.0
2019-11-07,36.15,36.24,35.92,35.92,50835,0.0
2019-11-08,35.8,35.88,35.63,35.765,27403,0.0
2019-11-11,35.58,35.87,35.53,35.77,23429,0.0
2019-11-12,35.65,35.7,35.47,35.525,15465,0.0
2019-11-13,35.1,35.16,35.025,35.15,131639,0.0
2019-11-14,35.21,35.4,35.2,35.39,8820,0.0
2019-11-15,35.47,35.61,35.47,35.56,15481,0.0
2019-11-18,35.465,35.53,35.32,35.45,11272,0.0
2019-11-19,35.53,35.635,35.4401,35.59,26338,0.0
2019-11-20,35.78,35.8,35.61,35.68,8465,0.0
2019-11-21,35.6,35.6,35.32,35.4,5674,0.0
2019-11-22,35.5985,35.5985,35.3418,35.45,9770,0.0
2019-11-25,35.81,36.0,35.8014,35.97,48946,0.0
2019-11-26,35.99,35.99,35.67,35.97,51619,0.0
2019-11-27,36.02,36.2,35.87,36.0973,7072,0.0
2019-11-29,36.3,36.53,36.08,36.24,27841,0.0
2019-12-02,36.12,36.21,36.03,36.18,19490,0.0
2019-12-03,35.74,35.8455,35.48,35.5905,13714,0.0
2019-12-04,36.08,36.32,36.01,36.22,48485,0.0
2019-12-05,36.24,36.47,36.18,36.39,71468,0.0
2019-12-06,35.99,36.23,35.7,35.81,10561,0.0
2019-12-09,35.68,35.85,35.68,35.71,21893,0.0
2019-12-10,35.45,35.5,35.26,35.365,132005,0.0
2019-12-11,35.423,35.568,35.37,35.54,16484,0.0
2019-12-12,35.74,35.95,35.72,35.92,55661,0.0
2019-12-13,35.92,36.1157,35.8427,35.9542,3252,0.0
2019-12-16,35.31,35.79,35.28,35.28,59600,0.0
2019-12-17,35.59,35.75,35.36,35.64,36419,0.0
2019-12-18,35.51,35.57,35.49,35.53,54430,0.0
2019-12-19,35.51,35.54,35.4,35.53,32789,0.0
2019-12-20,35.54,35.54,35.396,35.45,64487,0.0
2019-12-23,35.33,35.377,35.24,35.3,30687,0.0
2019-12-24,35.34,35.3995,35.2151,35.295,29887,0.0
2019-12-26,35.4,35.4,35.1301,35.4,32429,0.0
2019-12-27,35.48,35.53,35.3222,35.41,24213,0.0
2019-12-30,35.5,35.85,35.5,35.635,25580,0.0
2019-12-31,35.83,36.09,35.83,35.94,33061,0.0
2020-01-02,36.49,36.97,36.49,36.97,74537,0.0
2020-01-03,36.41,36.5,36.2555,36.32,22492,0.0
2020-01-06,35.66,35.87,35.3022,35.63,26496,0.0
2020-01-07,35.73,35.81,35.5301,35.54,187219,0.0
2020-01-08,35.95,36.4272,35.95,36.35,30966,0.0
2020-01-09,36.59,36.8,36.59,36.8,74305,0.0
2020-01-10,37.0,37.0,36.8,36.93,51481,0.0
2020-01-13,36.93,37.4,36.93,37.366,56727,0.0
2020-01-14,37.39,37.57,37.39,37.55,40420,0.0
2020-01-15,37.75,37.9,37.72,37.775,46854,0.0
2020-01-16,37.91,38.056,37.89,37.91,34967,0.0
2020-01-17,37.9,38.1,37.8743,38.1,37376,0.0
2020-01-21,37.86,38.0,37.75,37.76,38508,0.0
2020-01-22,37.81,37.99,37.71,37.71,54271,0.0
2020-01-23,37.97,38.16,37.9138,38.07,38627,0.0
2020-01-24,38.575,38.58,38.1911,38.32,19237,0.0
2020-01-27,38.05,38.41,37.92,38.15,14594,0.0
2020-01-28,38.3,38.72,38.265,38.46,37046,0.0
2020-01-29,38.46,38.46,38.17,38.28,111861,0.0
2020-01-30,37.79,37.8899,37.565,37.83,80573,0.0
2020-01-31,37.64,37.83,37.4,37.65,54152,0.0
2020-02-03,37.21,37.3537,37.04,37.05,128823,0.0
2020-02-04,37.77,37.82,37.59,37.59,33365,0.0
2020-02-05,37.96,38.42,37.9093,38.02,120740,0.0
2020-02-06,38.37,38.4803,38.28,38.31,40930,0.0
2020-02-07,38.3,38.45,38.19,38.39,13127,0.0
2020-02-10,37.95,38.4,37.93,38.345,51177,0.0
2020-02-11,38.51,38.59,38.46,38.56,9523,0.0
2020-02-12,38.35,38.4585,38.2505,38.45,27388,0.0
2020-02-13,38.29,38.38,38.18,38.34,64663,0.0
2020-02-14,38.16,38.28,37.89,37.89,61295,0.0
2020-02-18,37.685,37.765,37.38,37.451,132481,0.0
2020-02-19,38.06,38.25,37.76,38.14,27592,0.0
2020-02-20,38.32,38.39,37.88,38.17,10684,0.0
2020-02-21,38.02,38.2129,37.78,37.925,10776,0.0
2020-02-24,37.0,37.445,37.0,37.34,70792,0.0
2020-02-25,37.54,37.8341,36.8,36.85,68583,0.0
2020-02-26,37.26,37.389,37.0,37.08,11119,0.0
2020-02-27,36.51,36.71,36.16,36.4,43528,0.0
2020-02-28,34.95,35.34,34.5801,35.34,88800,0.0
2020-03-02,34.82,34.9994,34.11,34.96,50944,0.0
2020-03-03,35.0,35.55,34.59,34.59,198789,0.0
2020-03-04,34.47,34.5,34.16,34.4404,30964,0.0
2020-03-05,34.32,34.6411,32.91,32.96,42305,0.0
2020-03-06,32.84,33.0971,32.5682,32.78,57040,0.0
2020-03-09,30.39,31.4999,30.19,31.14,113207,0.0
2020-03-10,31.98,32.5,31.39,32.5,41181,0.0
2020-03-11,31.75,31.77,30.98,31.07,54149,0.0
2020-03-12,29.52,29.52,25.71,26.02,222462,0.0
2020-03-13,29.54,29.8381,28.32,29.28,53991,0.0
2020-03-16,27.82,28.3603,26.13,26.52,51402,0.0
2020-03-17,27.14,28.3,26.892,28.15,104374,0.0
2020-03-18,25.68,26.25,24.42,25.25,63035,0.0
2020-03-19,24.4,24.47,23.41,23.99,124674,0.0
2020-03-20,24.34,24.5903,23.3603,23.445,68995,0.0
2020-03-23,21.64,22.61,20.74,21.07,136891,0.0
2020-03-24,21.36,21.96,20.84,21.29,105532,0.0
2020-03-25,21.52,22.6157,21.52,22.175,107295,0.0
2020-03-26,23.28,24.1765,22.97,24.14,115148,0.0
2020-03-27,22.89,22.9961,22.43,22.745,37786,0.0
2020-03-30,22.89,22.93,22.245,22.57,39699,0.0
2020-03-31,23.22,23.39,22.77,23.12,148795,0.0
2020-04-01,21.98,22.36,21.8,21.85,39643,0.0
2020-04-02,22.01,22.53,21.93,22.21,27555,0.0
2020-04-03,22.01,22.17,21.51,21.85,32267,0.0
2020-04-06,22.9,23.2894,22.58,23.08,47167,0.0
2020-04-07,23.87,23.87,22.83,22.83,50099,0.0
2020-04-08,23.48,23.9592,23.285,23.93,67298,0.0
2020-04-09,24.56,24.79,23.89,23.97,220357,0.0
2020-04-13,23.86,24.375,23.74,23.95,87028,0.0
2020-04-14,24.42,25.1499,24.42,24.67,30939,0.0
2020-04-15,24.2,24.4,24.08,24.15,155500,0.0
2020-04-16,24.44,24.8,24.3182,24.54,672899,0.0
2020-04-17,25.5,25.57,25.0,25.2794,51694,0.0
2020-04-20,25.49,25.61,25.075,25.16,26310,0.0
2020-04-21,24.6,24.6,24.1,24.12,48260,0.0
2020-04-22,24.82,25.0329,24.72,24.83,78804,0.0
2020-04-23,25.22,25.75,25.075,25.15,16372,0.0
2020-04-24,24.85,25.0,24.6,24.72,87355,0.0
2020-04-27,25.18,25.69,25.15,25.65,33230,0.0
2020-04-28,26.01,26.01,25.4,25.5,54165,0.0
2020-04-29,26.105,26.83,26.1,26.6,56917,0.0
2020-04-30,26.39,26.39,25.555,25.845,67292,0.0
2020-05-01,25.18,25.18,24.71,24.83,58497,0.0
2020-05-04,25.31,25.6299,25.13,25.54,23293,0.0
2020-05-05,25.175,25.62,25.16,25.32,52938,0.0
2020-05-06,25.11,25.12,24.7,24.87,66234,0.0
2020-05-07,25.11,25.4,25.01,25.07,17473,0.0
2020-05-08,25.05,25.47,25.05,25.44,32725,0.0
2020-05-11,24.95,25.2356,24.95,25.01,31293,0.0
2020-05-12,25.22,26.3369,25.1101,25.6,209121,0.0
2020-05-13,25.53,25.81,24.95,25.11,72600,0.0
2020-05-14,24.85,25.475,24.762,25.45,104957,0.0
2020-05-15,25.15,25.15,24.83,24.93,83994,0.0
2020-05-18,24.84,25.32,24.75,25.24,147949,0.0
2020-05-19,24.78,24.81,24.4,24.44,37082,0.0
2020-05-20,24.8,25.16,24.8,25.0,73098,0.0
2020-05-21,24.99,25.2,24.74,24.94,33366,0.0
2020-05-22,24.9,25.1,24.725,25.05,46912,0.0
2020-05-26,25.24,25.56,25.12,25.12,231341,0.0
2020-05-27,25.31,25.53,25.01,25.43,127236,0.0
2020-05-28,25.87,26.15,25.71,25.86,86620,0.0
2020-05-29,26.0,26.39,25.93,26.36,211115,0.0
2020-06-01,27.01,27.46,26.89,27.3164,227286,0.0
2020-06-02,27.64,27.99,27.4,27.79,58248,0.0
2020-06-03,28.05,28.37,27.8,28.31,82783,0.0
2020-06-04,27.84,28.015,27.6,27.8,94935,0.0
2020-06-05,28.55,29.12,28.55,28.9,64050,0.0
2020-06-08,28.93,29.12,28.7501,29.12,32349,0.0
2020-06-09,28.66,28.66,28.27,28.47,39023,0.0
2020-06-10,28.82,28.93,28.5,28.93,27676,0.0
2020-06-11,27.95,27.99,26.78,26.78,16814,0.0
2020-06-12,28.38,28.38,27.67,28.33,87837,0.0
2020-06-15,27.47,28.12,27.3,28.0,57484,0.0
2020-06-16,27.84,28.2,27.21,27.22,43893,0.0
2020-06-17,27.85,27.9406,27.44,27.68,69891,0.0
2020-06-18,27.68,27.9499,27.57,27.66,24312,0.0
2020-06-19,28.5,28.5,28.005,28.12,21848,0.0
2020-06-22,28.85,29.35,28.72,29.13,35755,0.0
2020-06-23,29.46,29.8199,29.46,29.58,36147,0.0
2020-06-24,29.225,29.38,28.8,28.83,33281,0.0
2020-06-25,29.18,29.78,29.15,29.7,26257,0.0
2020-06-26,29.45,29.5,29.09,29.32,85790,0.0
2020-06-29,29.2,29.54,29.12,29.53,28553,0.0
2020-06-30,29.45,29.45,29.01,29.21,47001,0.0
2020-07-01,29.22,29.59,29.22,29.59,10005,0.0
2020-07-02,30.17,30.47,30.005,30.03,19265,0.0
2020-07-06,30.51,30.73,30.5,30.6,17760,0.0
2020-07-07,30.69,30.75,30.545,30.57,70721,0.0
2020-07-08,30.5,30.78,30.14,30.69,98601,0.0
2020-07-09,30.66,30.81,30.46,30.74,193398,0.0
2020-07-10,30.65,30.65,30.34,30.6,20185,0.0
2020-07-13,30.69,30.95,30.18,30.285,86146,0.0
2020-07-14,29.94,30.31,29.88,30.27,16318,0.0
2020-07-15,30.06,30.32,30.01,30.1,43301,0.0
2020-07-16,29.99,30.28,29.99,30.24,25232,0.0
2020-07-17,30.5866,30.6056,30.49,30.5373,1951,0.0
2020-07-20,30.87,31.13,30.805,31.105,10726,0.0
2020-07-21,31.1,31.2799,30.9301,31.05,42574,0.0
2020-07-22,31.17,31.25,31.06,31.1336,15698,0.0
2020-07-23,31.17,31.25,31.02,31.02,11256,0.0
2020-07-24,31.36,31.4,31.12,31.295,9321,0.0
2020-07-27,31.01,31.15,30.945,31.145,11416,0.0
2020-07-28,31.17,31.2719,31.09,31.15,7857,0.0
2020-07-29,31.21,31.55,31.21,31.55,28165,0.0
2020-07-30,31.18,31.25,30.91,31.1999,35481,0.0
2020-07-31,31.32,31.32,30.95,31.28,36194,0.0
2020-08-03,31.31,31.49,31.31,31.445,12243,0.0
2020-08-04,31.55,31.79,31.46,31.79,22173,0.0
2020-08-05,31.97,32.2065,31.97,32.06,26702,0.0
2020-08-06,32.35,32.35,32.16,32.18,178384,0.0
2020-08-07,32.18,32.48,32.16,32.46,11417,0.0
2020-08-10,32.89,33.0,32.53,32.955,10783,0.0
2020-08-11,33.06,33.06,32.5,32.7,18416,0.0
2020-08-12,32.81,33.05,32.69,32.91,52433,0.0
2020-08-13,33.06,33.2228,33.0,33.03,5969,0.0
2020-08-14,33.03,33.11,32.8201,33.11,17333,0.0
2020-08-17,33.28,33.38,33.11,33.345,35441,0.0
2020-08-18,33.77,33.77,33.55,33.65,25128,0.0
2020-08-19,33.92,33.96,33.55,33.8,21155,0.0
2020-08-20,33.68,34.31,33.68,34.11,8508,0.0
2020-08-21,34.35,34.45,34.2001,34.45,18426,0.0
2020-08-24,35.15,35.15,34.91,35.03,21479,0.0
2020-08-25,35.04,35.24,34.96,35.2157,18510,0.0
2020-08-26,35.11,35.45,35.11,35.32,56799,0.0
2020-08-27,35.8,35.8062,35.48,35.555,19840,0.0
2020-08-28,35.69,36.16,35.69,36.16,45228,0.0
2020-08-31,34.75,34.82,34.2103,34.55,81811,0.0
2020-09-01,34.76,35.03,34.76,34.98,59963,0.0
2020-09-02,35.24,35.38,35.0,35.38,80116,0.0
2020-09-03,35.37,36.0,34.86,34.93,42815,0.0
2020-09-04,34.88,34.92,34.61,34.78,11443,0.0
2020-09-08,34.0,34.2,33.75,33.95,15671,0.0
2020-09-09,34.07,34.21,33.88,34.04,38634,0.0
2020-09-10,34.46,34.578,34.0,34.0,12534,0.0
2020-09-11,34.41,34.86,34.41,34.85,85892,0.0
2020-09-14,35.94,36.05,35.53,36.04,63873,0.0
2020-09-15,36.06,36.47,36.02,36.32,105772,0.0
2020-09-16,36.215,36.48,36.215,36.27,12788,0.0
2020-09-17,35.94,36.32,35.94,36.32,118660,0.0
2020-09-18,36.02,36.19,35.8001,35.9412,9997,0.0
2020-09-21,34.92,35.13,34.46,35.13,182599,0.0
2020-09-22,34.65,34.69,34.13,34.58,140621,0.0
2020-09-23,34.34,34.34,33.81,33.945,16338,0.0
2020-09-24,33.23,33.79,33.23,33.66,43769,0.0
2020-09-25,34.225,34.46,34.02,34.46,10399,0.0
2020-09-28,35.34,35.39,35.225,35.38,8899,0.0
2020-09-29,35.28,35.59,35.1094,35.46,45608,0.0
2020-09-30,35.53,35.92,35.53,35.83,55312,0.0
2020-10-01,35.91,36.08,35.45,36.08,66016,0.0
2020-10-02,35.27,35.78,35.27,35.57,18828,0.0
2020-10-05,35.89,36.33,35.89,36.21,28701,0.0
2020-10-06,36.095,36.33,35.72,35.92,66754,0.0
2020-10-07,36.14,36.14,35.915,36.005,11713,0.0
2020-10-08,36.04,36.04,35.76,35.99,10469,0.0
2020-10-09,35.92,36.22,35.8801,36.11,31202,0.0
2020-10-12,35.79,35.84,35.665,35.82,18573,0.0
2020-10-13,35.44,35.49,35.13,35.395,28113,0.0
2020-10-14,35.5,35.64,35.35,35.425,8280,0.0
2020-10-15,34.9,35.11,34.82,35.0831,26688,0.0
2020-10-16,35.33,35.49,35.28,35.4,10904,0.0
2020-10-19,35.5,35.5338,35.23,35.27,25515,0.0
2020-10-20,35.54,35.88,35.54,35.73,15239,0.0
2020-10-21,35.51,35.88,35.5,35.7,43622,0.0
2020-10-22,35.75,35.91,35.75,35.795,17381,0.0
2020-10-23,35.88,35.98,35.67,35.9679,24288,0.0
2020-10-26,35.41,35.4999,35.03,35.4,27573,0.0
2020-10-27,35.49,35.8758,35.49,35.685,24702,0.0
2020-10-28,35.12,35.12,34.77,34.83,12109,0.0
2020-10-29,34.85,34.96,34.62,34.62,61782,0.0
2020-10-30,35.12,35.12,34.69,34.92,19344,0.0
2020-11-02,34.9,34.96,34.59,34.905,27365,0.0
2020-11-03,35.12,35.13,34.77,35.01,31752,0.0
2020-11-04,35.3,36.03,35.3,36.03,55324,0.0
2020-11-05,36.0,36.19,35.75,36.19,83991,0.0
2020-11-06,36.05,36.5,36.05,36.46,12658,0.0
2020-11-09,37.82,37.82,36.88,36.93,34416,0.0
2020-11-10,36.17,36.44,36.17,36.32,13780,0.0
2020-11-11,36.27,36.28,36.09,36.12,34373,0.0
2020-11-12,36.275,36.385,36.03,36.12,14637,0.0
2020-11-13,36.41,36.83,36.41,36.76,14802,0.0
2020-11-16,37.11,37.3773,37.08,37.27,11941,0.0
2020-11-17,37.41,37.5499,37.2316,37.47,16553,0.0
2020-11-18,37.9,37.9,37.59,37.6,31462,0.0
2020-11-19,37.79,38.0,37.79,37.965,18086,0.0
2020-11-20,38.19,38.24,38.165,38.175,10479,0.0
2020-11-23,38.74,38.74,38.3,38.54,41295,0.0
2020-11-24,38.99,39.13,38.9318,39.12,79552,0.0
2020-11-25,38.67,38.92,38.5502,38.845,46545,0.0
2020-11-27,39.55,39.9799,39.55,39.7,28882,0.0
2020-11-30,39.79,39.79,39.17,39.23,39971,0.0
2020-12-01,39.93,40.39,39.8701,40.254,59888,0.0
2020-12-02,40.021,40.55,40.021,40.16,61491,0.0
2020-12-03,40.58,40.67,40.37,40.37,32663,0.0
2020-12-04,40.47,40.74,40.46,40.72,21812,0.0
2020-12-07,40.78,41.07,40.74,41.02,26742,0.0
2020-12-08,40.75,40.8,40.61,40.7518,12140,0.0
2020-12-09,40.9,40.91,40.59,40.69,15234,0.0
2020-12-10,40.57,40.835,40.5,40.7,94491,0.0
2020-12-11,40.71,40.88,40.59,40.79,9158,0.0
2020-12-14,40.92,41.17,40.78,40.835,21063,0.0
2020-12-15,41.08,41.52,40.89,41.455,36557,0.0
2020-12-16,41.51,41.62,41.45,41.57,37439,0.0
2020-12-17,41.49,41.6195,41.49,41.6194,53529,0.0
2020-12-18,41.46,41.54,41.3001,41.383,11183,0.0
2020-12-21,40.75,40.75,39.28,39.46,54184,0.0
2020-12-22,39.79,39.8263,39.52,39.5983,24519,0.0
2020-12-23,40.74,41.06,40.73,41.02,41211,0.0
2020-12-24,41.28,41.3689,40.9,41.24,22294,0.0
2020-12-28,41.55,41.9,41.55,41.83,13646,0.0
2020-12-29,41.8,41.98,41.72,41.8619,23405,0.0
2020-12-30,41.88,42.26,41.88,42.1753,17335,0.0
2020-12-31,42.43,42.43,42.05,42.32,100315,0.0
2021-01-04,43.17,43.55,42.95,43.045,53888,0.0
2021-01-05,43.36,43.88,43.36,43.88,23418,0.0
2021-01-06,43.77,44.0999,43.56,44.06,83028,0.0
2021-01-07,44.21,44.4,44.21,44.3,127549,0.0
2021-01-08,44.53,44.8282,44.24,44.82,54885,0.0
2021-01-11,44.07,44.34,44.07,44.27,9446,0.0
2021-01-12,44.59,44.9,44.59,44.88,15273,0.0
2021-01-13,44.56,44.8,44.27,44.5185,66500,0.0
2021-01-14,44.5701,44.8,44.5701,44.69,26951,0.0
2021-01-15,44.14,44.14,43.81,43.8939,80481,0.0
2021-01-19,44.16,44.18,43.8,43.9,52064,0.0
2021-01-20,44.7,44.74,44.53,44.72,25518,0.0
2021-01-21,44.64,44.64,44.18,44.47,23060,0.0
2021-01-22,43.98,44.205,43.8901,44.1446,19665,0.0
2021-01-25,43.59,43.59,42.8,42.92,43270,0.0
2021-01-26,42.85,43.1,42.85,43.02,50482,0.0
2021-01-27,42.57,42.93,42.57,42.63,17063,0.0
2021-01-28,42.73,43.4699,42.73,43.2746,29366,0.0
2021-01-29,42.69,42.84,42.2745,42.4802,50086,0.0
2021-02-01,43.48,43.6815,43.39,43.6815,37023,0.0
2021-02-02,44.54,44.81,44.27,44.77,98752,0.0
2021-02-03,44.95,45.43,44.95,45.32,65117,0.0
2021-02-04,45.44,45.83,45.44,45.83,103772,0.0
2021-02-05,45.75,45.92,45.5623,45.83,33791,0.0
2021-02-08,46.1,46.48,45.71,46.29,59831,0.0
2021-02-09,46.21,46.61,46.21,46.47,271319,0.0
2021-02-10,46.66,46.88,46.26,46.43,74967,0.0
2021-02-11,47.12,47.28,46.902,47.115,15145,0.0
2021-02-12,47.045,47.1999,47.02,47.12,16394,0.0
2021-02-16,47.4,47.4899,47.1327,47.225,47676,0.0
2021-02-17,47.32,47.6764,47.3,47.62,28989,0.0
2021-02-18,47.73,47.88,47.54,47.79,19394,0.0
2021-02-19,47.66,47.7899,47.44,47.45,60051,0.0
2021-02-22,47.0,47.44,46.8624,47.21,64196,0.0
2021-02-23,47.42,47.97,46.93,47.6,247625,0.0
2021-02-24,47.66,48.27,47.38,48.27,32702,0.0
2021-02-25,48.37,48.59,47.35,47.4422,88833,0.0
2021-02-26,47.61,47.72,47.0,47.22,193532,0.0
2021-03-01,47.88,48.59,47.88,48.45,52340,0.0
2021-03-02,48.9,49.32,48.7624,49.14,142941,0.0
2021-03-03,49.55,49.8,49.06,49.06,244088,0.0
2021-03-04,50.11,50.72,49.39,49.49,61403,0.0
2021-03-05,49.605,49.78,48.91,49.68,117033,0.0
2021-03-08,49.67,50.12,49.37,49.685,279472,0.0
2021-03-09,50.0,50.1686,49.72,49.96,26525,0.0
2021-03-10,50.05,50.22,49.755,50.03,192240,0.0
2021-03-11,50.72,50.89,50.4001,50.71,43802,0.0
2021-03-12,50.43,50.43,50.14,50.2,70491,0.0
2021-03-15,49.82,50.0699,49.5035,49.94,55277,0.0
2021-03-16,50.1,50.43,50.1,50.28,48582,0.0
2021-03-17,48.93,49.7799,48.51,49.64,89812,0.0
2021-03-18,48.48,48.59,47.77,47.83,62208,0.0
2021-03-19,48.45,49.039,48.15,48.74,153563,0.0
2021-03-22,48.84,49.28,48.83,49.1,58266,0.0
2021-03-23,49.01,49.37,48.75,48.78,15766,0.0
2021-03-24,48.34,48.41,48.11,48.19,24996,0.0
2021-03-25,47.64,48.0,47.22,47.935,32466,0.0
2021-03-26,48.38,49.11,48.22,49.11,204431,0.0
2021-03-29,48.78,48.95,48.385,48.7,78244,0.0
2021-03-30,48.49,48.49,48.15,48.21,87657,0.0
2021-03-31,48.61,49.22,48.61,49.02,61690,0.0
2021-04-01,49.78,49.9099,49.58,49.72,81456,0.0
2021-04-05,49.29,49.29,48.58,48.76,105879,0.0
2021-04-06,48.84,49.2,48.84,48.99,18028,0.0
2021-04-07,48.88,48.95,48.49,48.62,75737,0.0
2021-04-08,49.01,49.24,49.0,49.0,24119,0.0
2021-04-09,49.06,49.18,49.0,49.06,13986,0.0
2021-04-12,46.79,47.01,46.5,46.6,89575,0.0
2021-04-13,47.0,47.02,46.55,46.7,137108,0.0
2021-04-14,47.51,48.11,47.3733,47.81,67251,0.0
2021-04-15,47.34,47.65,47.2989,47.45,19173,0.0
2021-04-16,47.94,48.04,47.67,47.83,68068,0.0
2021-04-19,46.93,47.0,46.3701,46.83,132311,0.0
2021-04-20,46.42,46.52,45.68,45.86,160262,0.0
2021-04-21,45.45,46.0,45.45,45.91,27089,0.0
2021-04-22,46.58,46.85,46.16,46.33,65139,0.0
2021-04-23,46.67,47.0599,46.67,46.98,85037,0.0
2021-04-26,47.16,47.57,47.12,47.55,149274,0.0
2021-04-27,48.08,48.31,48.08,48.185,33118,0.0
2021-04-28,48.68,49.13,48.6,48.845,104972,0.0
2021-04-29,49.08,49.08,48.44,48.92,59276,0.0
2021-04-30,48.72,48.99,48.34,48.45,98989,0.0
2021-05-03,49.06,49.48,49.06,49.31,68421,0.0
2021-05-04,48.69,48.76,48.31,48.62,66819,0.0
2021-05-05,49.34,49.52,49.21,49.302,43052,0.0
2021-05-06,49.81,50.0,49.6002,50.0,296864,0.0
2021-05-07,49.89,50.42,49.8217,50.385,96902,0.0
2021-05-10,50.26,50.26,49.54,49.72,67013,0.0
2021-05-11,49.81,50.346,49.76,50.13,276796,0.0
2021-05-12,49.8,49.9,48.8,48.98,212765,0.0
2021-05-13,49.63,49.8,49.28,49.74,133102,0.0
2021-05-14,49.47,49.96,49.29,49.85,43806,0.0
2021-05-17,50.2,50.73,50.085,50.62,109804,0.0
2021-05-18,50.99,50.9999,50.65,50.65,65745,0.0
2021-05-19,50.51,50.99,50.51,50.895,19065,0.0
2021-05-20,51.04,51.47,51.0,51.42,22495,0.0
2021-05-21,51.35,51.42,50.93,51.025,14008,0.0
2021-05-24,51.64,52.0376,51.52,51.88,41905,0.0
2021-05-25,51.92,51.95,51.64,51.77,152674,0.0
2021-05-26,52.01,52.4199,52.01,52.35,13594,0.0
2021-05-27,52.71,52.82,52.61,52.75,133555,0.0
2021-05-28,52.5,52.7386,52.4301,52.555,26117,0.0
2021-06-01,52.52,52.558,52.26,52.4,68252,0.0
2021-06-02,52.71,53.54,52.53,53.355,78981,0.0
2021-06-03,53.28,53.74,53.14,53.7,219086,0.0
2021-06-04,54.28,54.4399,54.05,54.255,40856,0.0
2021-06-07,54.79,54.8799,54.41,54.69,60379,0.0
2021-06-08,54.92,54.98,54.655,54.94,35259,0.0
2021-06-09,54.79,54.83,54.5,54.5,24264,0.0
2021-06-10,55.14,55.27,54.93,55.27,48827,0.0
2021-06-11,55.16,55.16,54.77,54.975,58286,0.0
2021-06-14,54.82,55.05,54.66,54.79,52839,0.0
2021-06-15,55.09,55.09,54.78,54.78,16620,0.0
2021-06-16,54.7,54.94,54.07,54.15,47500,0.0
2021-06-17,53.95,54.15,53.64,54.0,73806,0.0
2021-06-18,53.48,53.5,53.0004,53.06,70164,0.0
2021-06-21,53.43,54.21,53.41,54.01,17609,0.0
2021-06-22,53.74,54.05,53.48,53.87,56548,0.0
2021-06-23,53.82,54.17,53.69,53.69,61020,0.0
2021-06-24,53.83,54.045,53.72,53.77,19918,0.0
2021-06-25,54.09,54.3699,53.96,54.06,14804,0.0
2021-06-28,54.38,54.74,54.38,54.48,17013,0.0
2021-06-29,54.21,54.56,54.2,54.48,140244,0.0
2021-06-30,54.48,54.81,54.33,54.6,67453,0.0
2021-07-01,54.62,54.7477,54.25,54.53,63855,0.0
2021-07-02,54.75,55.36,54.74,55.18,21203,0.0
2021-07-06,54.89,54.998,54.37,54.57,45770,0.0
2021-07-07,55.14,55.31,54.8032,55.06,14581,0.0
2021-07-08,54.835,55.0723,54.59,54.74,24328,0.0
2021-07-09,55.29,55.85,55.1,55.73,34135,0.0
2021-07-12,55.66,55.9999,55.59,55.98,87311,0.0
2021-07-13,55.67,55.98,55.47,55.5,102944,0.0
2021-07-14,55.95,56.2199,55.76,56.05,18684,0.0
2021-07-15,56.19,56.46,56.11,56.34,38776,0.0
2021-07-16,56.33,56.6,55.89,56.07,108810,0.0
2021-07-19,55.84,55.96,55.41,55.75,34869,0.0
2021-07-20,55.26,56.0899,54.905,55.86,52373,0.0
2021-07-21,55.64,56.16,55.577,56.05,55068,0.0
2021-07-22,56.36,56.4599,56.17,56.37,38192,0.0
2021-07-23,56.58,56.58,56.09,56.23,34881,0.0
2021-07-26,56.32,56.87,55.86,56.82,304914,0.0
2021-07-27,56.25,56.5199,56.05,56.26,54247,0.0
2021-07-28,55.99,56.46,55.6701,56.04,53546,0.0
2021-07-29,56.66,56.7879,56.4403,56.59,18232,0.0
2021-07-30,57.04,57.495,56.76,57.15,73576,0.0
2021-08-02,57.47,57.57,57.26,57.28,41932,0.0
2021-08-03,57.51,57.9971,57.3,57.75,164641,0.0
2021-08-04,57.18,57.37,57.02,57.15,66815,0.0
2021-08-05,57.18,57.4899,57.1177,57.39,85554,0.0
2021-08-06,57.15,57.265,57.01,57.1,14381,0.0
2021-08-09,56.9,56.99,56.48,56.595,25431,0.0
2021-08-10,55.94,56.11,55.37,55.61,168390,0.0
2021-08-11,55.76,55.9299,55.58,55.85,32518,0.0
2021-08-12,56.21,56.7565,56.04,56.38,28633,0.0
2021-08-13,56.38,56.54,56.225,56.38,47999,0.0
2021-08-16,56.23,56.39,56.011,56.37,28382,0.0
2021-08-17,56.1,56.11,55.83,56.1,29334,0.0
2021-08-18,56.1,56.31,55.75,55.82,13762,0.0
2021-08-19,55.43,55.66,55.19,55.24,57008,0.0
2021-08-20,55.3,55.55,55.0001,55.54,32560,0.0
2021-08-23,55.02,55.17,54.29,54.7,99869,0.0
2021-08-24,55.49,55.6,55.12,55.38,42175,0.0
2021-08-25,55.4,55.59,55.21,55.49,82395,0.0
2021-08-26,55.62,55.67,55.33,55.43,19020,0.0
2021-08-27,56.16,57.05,56.16,57.01,37723,0.0
2021-08-30,57.63,57.7,57.41,57.47,160516,0.0
2021-08-31,58.13,58.24,57.76,58.03,229462,0.0
2021-09-01,58.51,58.75,58.5065,58.63,74750,0.0
2021-09-02,59.1,59.2499,58.96,58.96,53631,0.0
2021-09-03,59.2,59.48,59.15,59.4,63319,0.0
2021-09-07,59.24,59.4,59.15,59.27,84905,0.0
2021-09-08,59.18,59.22,58.53,58.67,64334,0.0
2021-09-09,59.27,59.4971,59.12,59.43,19884,0.0
2021-09-10,59.62,59.63,59.29,59.39,39105,0.0
2021-09-13,59.65,60.08,59.6307,59.9179,24418,0.0
2021-09-14,60.64,60.6722,60.2,60.39,84271,0.0
2021-09-15,60.85,61.09,60.6316,60.88,22600,0.0
2021-09-16,60.73,61.12,60.6689,61.0,97862,0.0
2021-09-17,60.67,60.8,59.805,59.95,66147,0.0
2021-09-20,59.05,59.7101,58.88,59.31,35100,0.0
2021-09-21,59.47,59.73,59.32,59.45,50282,0.0
2021-09-22,60.435,60.91,60.06,60.59,66554,0.0
2021-09-23,60.85,61.16,60.65,61.04,136709,0.0
2021-09-24,60.48,60.9833,60.48,60.85,18841,0.0
2021-09-27,60.77,61.03,60.54,60.91,37968,0.0
2021-09-28,59.98,60.18,59.3935,59.42,29181,0.0
2021-09-29,59.82,60.28,59.69,59.89,65683,0.0
2021-09-30,60.65,60.7,59.97,60.1,90195,0.0
2021-10-01,60.9,61.22,60.56,61.22,207119,0.0
2021-10-04,61.62,61.978,60.6035,60.79,165559,0.0
2021-10-05,61.2,61.78,61.14,61.42,67201,0.0
2021-10-06,60.685,61.5,60.59,61.41,30002,0.0
2021-10-07,61.9,62.17,61.63,61.85,39342,0.0
2021-10-08,62.34,62.405,61.9001,62.25,30604,0.0
2021-10-11,62.08,62.275,61.8,61.9,88414,0.0
2021-10-12,62.23,62.24,61.97,62.075,49851,0.0
2021-10-13,63.12,63.12,62.63,62.76,113033,0.0
2021-10-14,63.11,63.71,63.11,63.52,86096,0.0
2021-10-15,63.57,64.05,63.5201,63.71,66190,0.0
2021-10-18,63.71,64.0,63.55,63.92,137257,0.0
2021-10-19,62.84,63.04,62.52,62.88,170777,0.0
2021-10-20,62.25,62.25,61.5,61.87,93001,0.0
2021-10-21,61.32,61.61,61.02,61.58,68711,0.0
2021-10-22,60.8,61.07,60.03,60.76,66882,0.0
2021-10-25,59.78,59.91,59.39,59.73,107756,0.0
2021-10-26,61.07,61.1699,60.42,60.93,78049,0.0
2021-10-27,60.98,60.98,60.6,60.65,106032,0.0
2021-10-28,60.04,60.4,60.01,60.32,46552,0.0
2021-10-29,60.0,60.13,59.635,60.105,80400,0.0
2021-11-01,60.81,61.16,60.68,61.15,99003,0.0
2021-11-02,61.56,61.7999,61.345,61.55,56342,0.0
2021-11-03,61.55,61.82,61.26,61.8,58972,0.0
2021-11-04,62.1,62.1,61.5901,61.79,27784,0.0
2021-11-05,62.33,62.52,62.05,62.34,25605,0.0
2021-11-08,62.78,63.28,62.78,63.18,86474,0.0
2021-11-09,63.22,63.22,62.65,62.85,33989,0.0
2021-11-10,62.69,62.85,62.15,62.19,50057,0.0
2021-11-11,62.46,62.705,62.46,62.6,38913,0.0
2021-11-12,62.72,63.06,62.72,62.93,16403,0.0
2021-11-15,62.95,63.05,62.72,62.8,29751,0.0
2021-11-16,62.54,62.6,62.25,62.38,52996,0.0
2021-11-17,62.5,62.5,62.19,62.27,62481,0.0
2021-11-18,61.53,61.84,61.22,61.47,72227,0.0
2021-11-19,61.61,61.735,61.12,61.22,69881,0.0
2021-11-22,60.4,60.5,59.75,59.79,124933,0.0
2021-11-23,60.9,61.3265,60.26,61.15,179531,0.0
2021-11-24,60.86,60.86,60.065,60.44,107832,0.0
2021-11-26,59.07,59.35,58.15,58.38,32879,0.0
2021-11-29,58.51,58.51,57.78,58.12,99860,0.0
2021-11-30,59.25,59.68,58.53,59.31,145556,0.0
2021-12-01,59.66,59.8,58.8583,58.9,50186,0.0
2021-12-02,59.71,59.99,59.5,59.8,97636,0.0
2021-12-03,59.9,59.9,59.07,59.38,37107,0.0
2021-12-06,58.79,59.2779,58.79,59.12,31743,0.0
2021-12-07,59.43,59.59,59.29,59.42,26953,0.0
2021-12-08,59.85,60.29,59.68,60.03,55058,0.0
2021-12-09,60.1,60.365,60.04,60.17,59053,0.0
2021-12-10,60.72,60.95,60.51,60.87,16844,0.0
2021-12-13,59.98,60.1,59.27,59.29,55878,0.0
2021-12-14,59.43,59.5,59.17,59.35,29650,0.0
2021-12-15,59.02,59.3,58.51,59.26,45531,0.0
2021-12-16,59.02,59.07,58.5,58.55,52873,0.0
2021-12-17,57.69,57.895,57.53,57.66,67153,0.0
2021-12-20,56.79,56.93,56.3,56.56,156194,0.0
2021-12-21,57.3,57.62,57.13,57.6,64729,0.0
2021-12-22,58.22,58.69,57.88,58.44,190186,0.0
2021-12-23,58.9,59.1,58.6657,58.96,22832,0.0
2021-12-27,58.74,59.26,58.74,59.13,67938,0.0
2021-12-28,59.77,60.0199,59.29,59.56,46943,0.0
2021-12-29,59.99,60.09,59.64,60.05,19339,0.0
2021-12-30,60.35,60.56,60.185,60.35,24373,0.0
2021-12-31,60.8,60.88,60.27,60.35,36771,0.0
2022-01-03,60.96,61.5807,60.87,61.47,110454,0.0
2022-01-04,61.52,61.65,61.25,61.29,303872,0.0
2022-01-05,61.57,61.79,60.98,61.0,96754,0.0
2022-01-06,61.67,61.9136,61.465,61.47,21256,0.0
2022-01-07,61.8,62.3,61.6,62.09,53601,0.0
2022-01-10,62.37,62.48,62.06,62.25,60789,0.0
2022-01-11,62.49,63.28,62.49,63.245,62244,0.0
2022-01-12,63.6,63.89,63.45,63.5,218684,0.0
2022-01-13,63.52,63.69,63.25,63.25,74579,0.0
2022-01-14,63.04,63.48,62.96,63.12,37161,0.0
2022-01-18,61.97,62.38,61.67,61.73,223368,0.0
2022-01-19,62.0,62.045,61.52,61.65,120843,0.0
2022-01-20,61.935,62.45,61.51,61.51,95828,0.0
2022-01-21,60.84,61.11,59.79,59.91,70346,0.0
2022-01-24,57.68,58.27,56.27,57.5,221450,0.0
2022-01-25,58.51,58.7631,58.06,58.46,54263,0.0
2022-01-26,58.5,58.5,57.51,57.6166,74755,0.0
2022-01-27,57.825,57.87,57.3101,57.49,62302,0.0
2022-01-28,58.48,58.64,57.98,58.59,260728,0.0
2022-01-31,59.22,59.97,58.98,59.95,86945,0.0
2022-02-01,59.84,59.97,59.15,59.96,41013,0.0
2022-02-02,60.45,60.74,60.08,60.35,53276,0.0
2022-02-03,59.67,60.1947,59.59,59.88,25785,0.0
2022-02-04,59.16,59.74,59.03,59.575,24722,0.0
2022-02-07,59.17,59.57,59.08,59.2,22119,0.0
2022-02-08,58.32,58.765,58.22,58.64,63925,0.0
2022-02-09,59.0,59.35,58.915,59.18,59813,0.0
2022-02-10,58.64,58.65,57.91,58.13,44347,0.0
2022-02-11,57.73,57.785,56.7171,56.72,76956,0.0
2022-02-14,55.87,56.09,55.17,55.4,110527,0.0
2022-02-15,56.8,57.2,56.45,57.13,194098,0.0
2022-02-16,56.85,57.58,56.64,57.4,117938,0.0
2022-02-17,56.75,56.95,56.46,56.49,101156,0.0
2022-02-18,56.63,56.73,56.1,56.13,194066,0.0
2022-02-22,55.11,55.52,54.87,55.2,23937,0.0
2022-02-23,55.78,55.96,54.74,54.77,69391,0.0
2022-02-24,51.76,53.58,51.051,53.46,152229,0.0
2022-02-25,54.42,55.66,54.17,55.48,119959,0.0
2022-02-28,54.36,55.2,54.26,55.2,92671,0.0
2022-03-01,54.49,54.51,53.076,53.26,24231,0.0
2022-03-02,54.22,54.97,54.01,54.53,16585,0.0
2022-03-03,54.16,54.49,53.44,53.55,59755,0.0
2022-03-04,52.59,52.59,51.89,52.25,27208,0.0
2022-03-07,51.9,52.2806,50.34,50.56,98839,0.0
2022-03-08,51.42,52.48,51.12,51.68,41886,0.0
2022-03-09,53.62,54.31,53.19,54.11,42448,0.0
2022-03-10,53.32,53.71,53.075,53.51,70326,0.0
2022-03-11,54.48,54.675,53.13,53.28,111731,0.0
2022-03-14,53.86,54.55,53.49,53.71,23053,0.0
2022-03-15,54.09,55.02,53.915,54.99,106957,0.0
2022-03-16,55.04,56.1,55.04,56.08,84063,0.0
2022-03-17,55.53,55.705,55.205,55.63,73651,0.0
2022-03-18,55.1,55.9205,55.1,55.9205,23958,0.0
2022-03-21,55.48,55.5301,55.05,55.48,22863,0.0
2022-03-22,55.685,55.94,55.35,55.51,20423,0.0
2022-03-23,54.91,55.8643,54.762,55.05,207790,0.0
2022-03-24,55.35,56.01,55.35,55.85,36410,0.0
2022-03-25,55.49,55.62,55.2948,55.54,11438,0.0
2022-03-28,55.35,56.02,55.35,55.89,39258,0.0
2022-03-29,56.79,57.08,56.555,56.95,62134,0.0
2022-03-30,56.69,56.72,56.24,56.365,29808,0.0
2022-03-31,56.72,57.0,56.04,56.15,30608,0.0
2022-04-01,57.09,57.45,57.035,57.385,63833,0.0
2022-04-04,58.42,58.86,58.28,58.86,38077,0.0
2022-04-05,59.23,59.574,58.6901,58.76,132164,0.0
2022-04-06,58.84,59.09,58.282,58.57,49745,0.0
2022-04-07,58.44,58.74,58.17,58.57,30964,0.0
2022-04-08,58.79,59.11,58.61,58.65,39357,0.0
2022-04-11,58.86,58.86,58.33,58.37,67677,0.0
2022-04-12,58.27,58.32,57.78,57.84,25209,0.0
2022-04-13,57.83,58.2099,57.82,58.08,53271,0.0
2022-04-14,58.06,58.11,57.75,57.96,40854,0.0
2022-04-18,57.65,57.92,57.51,57.69,29310,0.0
2022-04-19,56.5,57.03,56.5,56.9,41251,0.0
2022-04-20,56.91,57.21,56.75,57.15,30039,0.0
2022-04-21,57.54,57.63,56.76,57.01,28382,0.0
2022-04-22,57.13,57.17,56.56,56.56,8979,0.0
2022-04-25,56.31,56.7,56.08,56.69,48572,0.0
2022-04-26,56.32,56.5,55.78,55.79,273606,0.0
2022-04-27,56.04,56.58,56.04,56.21,28094,0.0
2022-04-28,56.22,56.81,56.0,56.675,15017,0.0
2022-04-29,56.25,56.54,55.66,55.68,37298,0.0
2022-05-02,55.65,55.9289,55.16,55.82,37070,0.0
2022-05-03,55.44,55.801,55.44,55.8,7428,0.0
2022-05-04,54.8,56.06,54.7011,55.97,40868,0.0
2022-05-05,55.01,55.02,53.74,54.08,22460,0.0
2022-05-06,53.315,53.72,52.9,53.64,65269,0.0
2022-05-09,52.59,52.7,52.07,52.17,112554,0.0
2022-05-10,51.81,51.97,50.93,51.31,68002,0.0
2022-05-11,50.62,51.13,50.23,50.29,26727,0.0
2022-05-12,50.13,50.58,49.892,50.36,131347,0.0
2022-05-13,50.45,50.95,50.4,50.92,166347,0.0
2022-05-16,50.83,50.88,50.54,50.69,58076,0.0
2022-05-17,51.96,52.19,51.702,52.09,34687,0.0
2022-05-18,51.82,51.82,50.68,50.87,13163,0.0
2022-05-19,51.07,51.8,51.0,51.53,106834,0.0
2022-05-20,51.99,51.99,50.74,51.41,35792,0.0
2022-05-23,51.745,51.98,51.59,51.89,90986,0.0
2022-05-24,51.33,51.465,50.84,51.46,15295,0.0
2022-05-25,49.83,50.59,49.83,50.37,31635,0.0
2022-05-26,50.915,51.0199,50.76,50.76,8271,0.0
2022-05-27,51.14,51.54,51.02,51.32,48346,0.0
2022-05-31,52.15,52.23,51.74,51.74,22289,0.0
2022-06-01,52.65,52.97,52.1207,52.28,24549,0.0
2022-06-02,52.67,53.49,52.53,53.35,104505,0.0
2022-06-03,52.11,52.11,51.44,51.53,17498,0.0
2022-06-06,51.77,52.02,51.26,51.32,19433,0.0
2022-06-07,51.15,51.66,51.15,51.61,22817,0.0
2022-06-08,51.19,51.33,50.95,51.01,47650,0.0
2022-06-09,50.9419,51.1176,50.31,50.31,34824,0.0
2022-06-10,50.57,50.57,49.99,50.13,48433,0.0
2022-06-13,49.05,49.25,48.8,48.95,111684,0.0
2022-06-14,49.31,49.32,49.03,49.18,52386,0.0
2022-06-15,49.55,50.17,49.41,50.0,83870,0.0
2022-06-16,48.32,48.45,48.02,48.22,31770,0.0
2022-06-17,47.92,48.3199,47.7701,48.01,32933,0.0
2022-06-21,48.19,48.37,48.18,48.24,11465,0.0
2022-06-22,47.69,47.94,47.61,47.75,8929,0.0
2022-06-23,48.08,48.38,47.9001,48.32,15481,0.0
2022-06-24,48.81,49.38,48.81,49.35,27892,0.0
2022-06-27,49.25,49.25,49.0168,49.07,19476,0.0
2022-06-28,48.935,49.07,48.34,48.47,7827,0.0
2022-06-29,48.76,48.95,48.67,48.82,28233,0.0
2022-06-30,48.32,48.8575,48.18,48.8,44796,0.0
2022-07-01,48.85,49.1,48.76,49.05,7209,0.0
2022-07-05,48.55,49.21,48.52,49.21,8478,0.0
2022-07-06,49.59,50.05,49.33,49.9,17711,0.0
2022-07-07,50.28,50.68,50.17,50.36,8031,0.0
2022-07-08,50.01,50.2,49.75,50.01,19445,0.0
2022-07-11,50.18,50.5,50.06,50.2,27494,0.0
2022-07-12,50.134,50.4,50.05,50.15,11253,0.0
2022-07-13,49.54,50.26,49.3,49.92,68800,0.0
2022-07-14,49.235,49.8,49.16,49.8,10504,0.0
2022-07-15,50.395,50.54,50.28,50.5376,18263,0.0
2022-07-18,50.46,50.66,49.96,49.96,22250,0.0
2022-07-19,50.95,51.4383,50.95,51.2,51875,0.0
2022-07-20,50.72,50.99,50.5,50.81,15902,0.0
2022-07-21,51.07,51.9,51.07,51.81,23743,0.0
2022-07-22,51.59,51.59,51.19,51.3857,6265,0.0
2022-07-25,51.29,51.52,51.17,51.38,200669,0.0
2022-07-26,51.01,51.01,50.48,50.62,117841,0.0
2022-07-27,51.31,51.67,50.97,51.42,31463,0.0
2022-07-28,51.64,52.0468,51.5,52.02,57198,0.0
2022-07-29,52.52,52.6748,52.18,52.66,58310,0.0
2022-08-01,52.95,53.68,52.82,53.4,45174,0.0
2022-08-02,53.83,54.2,53.67,53.95,179418,0.0
2022-08-03,53.3,53.88,53.2601,53.55,6381,0.0
2022-08-04,53.25,53.625,53.25,53.48,6516,0.0
2022-08-05,53.12,53.27,53.0,53.19,19388,0.0
2022-08-08,53.24,53.61,53.18,53.38,77855,0.0
2022-08-09,53.25,53.32,53.13,53.18,21137,0.0
2022-08-10,53.73,54.19,53.73,54.03,15846,0.0
2022-08-11,53.86,54.11,53.7363,53.83,250699,0.0
2022-08-12,53.78,54.35,53.78,54.16,8105,0.0
2022-08-15,54.26,54.3,54.0601,54.24,6740,0.0
2022-08-16,54.57,54.755,54.53,54.67,12181,0.0
2022-08-17,54.65,54.94,54.65,54.8,18056,0.0
2022-08-18,54.76,54.93,54.43,54.51,56982,0.0
2022-08-19,53.99,53.99,53.75,53.75,31303,0.0
2022-08-22,53.41,53.41,53.09,53.13,13711,0.0
2022-08-23,53.79,54.19,53.71,53.8,11870,0.0
2022-08-24,54.17,54.52,54.17,54.475,25281,0.0
2022-08-25,54.29,54.69,54.1,54.35,121721,0.0
2022-08-26,54.5,54.5,53.8097,53.8444,3024,0.0
2022-08-29,53.98,54.144,53.88,53.99,7661,0.0
2022-08-30,54.68,54.98,54.31,54.37,24015,0.0
2022-08-31,54.285,54.5,54.15,54.15,16945,0.0
2022-09-01,55.0,55.28,54.76,55.19,103166,0.0
2022-09-02,55.075,55.3716,54.65,54.73,34864,0.0
2022-09-06,55.11,55.38,54.95,54.95,21359,0.0
2022-09-07,55.6,56.3,55.6,56.1862,6566,0.0
2022-09-08,55.88,56.185,55.7,56.18,116745,0.0
2022-09-09,56.23,56.36,56.18,56.21,12529,0.0
2022-09-12,56.89,57.305,56.72,57.16,26016,0.0
2022-09-13,56.25,56.47,55.57,55.58,55145,0.0
2022-09-14,57.06,57.06,56.48,56.67,35233,0.0
2022-09-15,56.64,56.7399,56.3101,56.35,25501,0.0
2022-09-16,55.45,55.67,55.22,55.67,91819,0.0
2022-09-19,55.54,55.78,55.4,55.76,29496,0.0
2022-09-20,55.83,55.96,55.54,55.67,30470,0.0
2022-09-21,55.58,55.705,55.12,55.32,22865,0.0
2022-09-22,55.06,55.06,54.67,54.82,22846,0.0
2022-09-23,53.88,53.94,53.17,53.37,45385,0.0
2022-09-26,52.25,53.02,51.92,51.95,90310,0.0
2022-09-27,52.42,52.62,51.765,52.01,59290,0.0
2022-09-28,52.25,53.0,52.02,52.98,45061,0.0
2022-09-29,52.33,52.33,51.7701,52.07,134542,0.0
2022-09-30,52.96,53.1099,52.59,52.66,27138,0.0
2022-10-03,52.8,53.41,52.7001,53.33,37797,0.0
2022-10-04,53.85,54.38,53.85,54.0,55402,0.0
2022-10-05,53.68,54.18,53.5339,53.88,31803,0.0
2022-10-06,53.66,53.97,53.42,53.49,31415,0.0
2022-10-07,53.3,53.3,52.56,52.65,39570,0.0
2022-10-10,53.1,53.16,52.86,52.97,15043,0.0
2022-10-11,52.59,52.69,52.16,52.28,138470,0.0
2022-10-12,52.49,52.5599,52.36,52.44,28845,0.0
2022-10-13,51.6,52.86,51.53,52.73,175390,0.0
2022-10-14,52.5,52.6,51.68,51.68,76115,0.0
2022-10-17,52.59,52.84,52.5401,52.82,32492,0.0
2022-10-18,53.06,53.06,52.46,52.74,14411,0.0
2022-10-19,51.88,52.56,51.78,51.88,22266,0.0
2022-10-20,52.23,52.79,52.09,52.24,12212,0.0
2022-10-21,52.055,52.77,51.75,52.7,53546,0.0
2022-10-24,52.54,52.6722,52.4,52.61,8899,0.0
2022-10-25,52.56,52.98,52.2,52.92,38090,0.0
2022-10-26,53.1,53.78,53.09,53.49,30878,0.0
2022-10-27,52.78,53.27,52.75,52.75,36541,0.0
2022-10-28,52.49,53.08,52.49,52.9,23281,0.0
2022-10-31,52.59,52.95,52.59,52.71,40013,0.0
2022-11-01,53.16,53.2,52.85,52.85,18034,0.0
2022-11-02,52.85,53.13,52.35,52.37,34846,0.0
2022-11-03,52.63,53.06,52.5795,52.81,16654,0.0
2022-11-04,53.29,53.79,53.21,53.77,12152,0.0
2022-11-07,53.82,53.935,53.7,53.81,43148,0.0
2022-11-08,54.0,54.42,53.92,54.16,23678,0.0
2022-11-09,53.71,53.88,53.52,53.6,44165,0.0
2022-11-10,54.22,55.05,54.19,54.83,80308,0.0
2022-11-11,54.145,54.4714,54.1,54.35,18084,0.0
2022-11-14,53.89,54.2658,53.8243,53.9,52942,0.0
2022-11-15,54.35,54.39,53.78,53.86,21444,0.0
2022-11-16,53.38,53.46,52.97,53.09,23294,0.0
2022-11-17,52.72,52.96,52.7,52.94,59907,0.0
2022-11-18,52.77,52.8491,52.65,52.81,9733,0.0
2022-11-21,52.81,52.82,52.61,52.67,45608,0.0
2022-11-22,52.83,53.14,52.76,52.99,33091,0.0
2022-11-23,52.87,53.0263,52.82,52.92,19871,0.0
2022-11-25,53.515,53.5795,53.35,53.5,27641,0.0
2022-11-28,53.915,54.14,53.5,53.53,52952,0.0
2022-11-29,53.43,53.8,53.43,53.74,30781,0.0
2022-11-30,54.35,55.11,53.96,54.54,128615,0.0
2022-12-01,54.99,55.01,54.62,54.76,26566,0.0
2022-12-02,54.86,55.14,54.77,55.13,35633,0.0
2022-12-05,54.79,54.79,54.4,54.56,25926,0.0
2022-12-06,54.3,54.4,53.86,53.93,21027,0.0
2022-12-07,54.19,54.19,53.73,53.92,93070,0.0
2022-12-08,54.04,54.27,54.04,54.08,15609,0.0
2022-12-09,53.62,53.7154,53.45,53.45,18303,0.0
2022-12-12,53.43,54.01,53.43,53.92,27703,0.0
2022-12-13,54.72,54.72,54.04,54.17,17001,0.0
2022-12-14,54.35,54.53,54.06,54.17,27475,0.0
2022-12-15,53.78,53.78,53.25,53.31,30493,0.0
2022-12-16,53.11,53.34,53.02,53.21,27141,0.0
2022-12-19,53.38,53.45,53.1201,53.18,13091,0.0
2022-12-20,53.13,53.4073,53.13,53.23,12822,0.0
2022-12-21,52.46,52.46,52.2,52.42,13694,0.0
2022-12-22,51.58,51.59,51.17,51.59,22992,0.0
2022-12-23,50.0,50.71,49.64,49.82,180320,0.0
2022-12-27,51.1,51.43,51.1,51.235,35978,0.0
2022-12-28,51.66,51.8,51.42,51.43,44169,0.0
2022-12-29,51.56,52.56,51.56,51.96,38719,0.0
2022-12-30,52.08,52.19,51.695,51.76,34047,0.0
2023-01-03,52.16,52.47,52.12,52.2592,13889,0.0
2023-01-04,51.97,52.39,51.93,52.19,42211,0.0
2023-01-05,52.2,52.2,51.91,51.98,27967,0.0
2023-01-06,51.8,52.62,51.69,52.62,34920,0.0
2023-01-09,52.62,52.77,52.235,52.31,143309,0.0
2023-01-10,52.54,52.71,52.43,52.64,374574,0.0
2023-01-11,52.59,52.91,52.45,52.71,112236,0.0
2023-01-12,53.0,53.28,52.84,53.28,40592,0.0
2023-01-13,52.66,53.05,52.66,53.02,50641,0.0
2023-01-17,52.67,52.75,52.6,52.6539,7703,0.0
2023-01-18,52.92,52.92,52.4581,52.4581,26759,0.0
2023-01-19,52.57,52.83,52.5,52.83,298330,0.0
2023-01-20,52.65,52.7665,52.46,52.76,6577,0.0
2023-01-23,52.29,52.5,52.2,52.39,146243,0.0
2023-01-24,51.95,52.0854,51.78,51.78,19568,0.0
2023-01-25,51.45,51.57,51.2,51.57,93725,0.0
2023-01-26,51.57,51.64,51.4,51.55,14242,0.0
2023-01-27,50.67,50.84,50.37,50.73,47781,0.0
2023-01-30,50.68,50.84,50.4788,50.56,16929,0.0
2023-01-31,51.57,51.95,51.18,51.95,39755,0.0
2023-02-01,51.2,51.51,50.49,51.19,28497,0.0
2023-02-02,51.28,51.472,51.0,51.32,85240,0.0
2023-02-03,50.73,51.2,50.6,50.6,56275,0.0
2023-02-06,50.98,51.32,50.72,51.04,40471,0.0
2023-02-07,50.9,51.15,50.7,50.96,24548,0.0
2023-02-08,51.39,51.53,51.16,51.53,21495,0.0
2023-02-09,51.425,51.619,51.02,51.18,18287,0.0
2023-02-10,51.64,51.83,51.52,51.64,33809,0.0
2023-02-13,51.07,51.33,51.07,51.15,21407,0.0
2023-02-14,50.51,50.91,50.26,50.53,30947,0.0
2023-02-15,50.77,51.02,50.5,50.96,25260,0.0
2023-02-16,51.12,51.43,51.12,51.15,13591,0.0
2023-02-17,51.13,51.42,50.9601,51.04,12124,0.0
2023-02-21,50.77,50.94,50.52,50.52,11821,0.0
2023-02-22,50.37,50.51,50.19,50.19,60826,0.0
2023-02-23,50.52,50.64,50.26,50.56,42843,0.0
2023-02-24,50.03,50.17,49.8,49.91,207577,0.0
2023-02-27,50.02,50.04,49.78,49.79,37585,0.0
2023-02-28,50.13,50.31,49.93,50.05,28011,0.0
2023-03-01,50.75,50.93,50.49,50.54,15829,0.0
2023-03-02,50.6,50.96,50.39,50.88,11086,0.0
2023-03-03,51.18,51.82,51.18,51.78,58237,0.0
2023-03-06,51.83,51.96,51.67,51.68,8072,0.0
2023-03-07,52.07,52.07,51.33,51.33,13068,0.0
2023-03-08,51.74,51.8499,51.64,51.84,12460,0.0
2023-03-09,51.675,51.83,51.17,51.48,22763,0.0
2023-03-10,51.28,51.37,50.93,50.93,57623,0.0
2023-03-13,50.07,50.46,49.93,49.93,9628,0.0
2023-03-14,49.89,50.01,49.67,49.816,47295,0.0
2023-03-15,48.88,49.175,48.73,49.02,49283,0.0
2023-03-16,48.91,49.61,48.78,49.58,32163,0.0
2023-03-17,49.47,49.55,49.085,49.22,28665,0.0
2023-03-20,49.23,49.31,49.18,49.27,64431,0.0
2023-03-21,49.31,49.47,49.09,49.26,26389,0.0
2023-03-22,49.47,49.68,49.08,49.24,20584,0.0
2023-03-23,49.69,49.8727,49.38,49.41,19515,0.0
2023-03-24,48.9,49.32,48.7295,49.32,80815,0.0
2023-03-27,48.6,48.7024,48.51,48.666,9965,0.0
2023-03-28,48.3,48.4,48.11,48.3,29821,0.0
2023-03-29,49.03,49.16,48.88,49.13,74469,0.0
2023-03-30,49.43,49.54,49.18,49.19,43867,0.0
2023-03-31,49.9183,49.9183,49.61,49.741,10313,0.0
2023-04-03,49.85,50.27,49.79,50.27,14946,0.0
2023-04-04,50.39,50.39,50.11,50.15,3859,0.0
2023-04-05,50.27,50.355,50.16,50.295,7089,0.0
2023-04-06,50.62,51.06,50.57,50.87,57739,0.0
2023-04-10,50.76,50.91,50.58,50.77,15146,0.0
2023-04-11,51.0,51.22,50.96,50.96,10752,0.0
2023-04-12,51.3,51.64,51.13,51.14,6533,0.0
2023-04-13,51.52,51.705,51.4954,51.65,17614,0.0
2023-04-14,51.5,51.71,51.35,51.63,14991,0.0
2023-04-17,51.34,51.395,51.21,51.33,7714,0.0
2023-04-18,51.5,51.5161,51.24,51.2926,10089,0.0
2023-04-19,51.4,51.47,51.21,51.26,9912,0.0
2023-04-20,51.34,51.46,51.34,51.34,8102,0.0
2023-04-21,51.17,51.31,51.01,51.16,9072,0.0
2023-04-24,51.23,51.74,51.23,51.74,20605,0.0
2023-04-25,51.29,51.55,51.01,51.01,48335,0.0
2023-04-26,51.43,51.62,51.38,51.485,124176,0.0
2023-04-27,51.89,52.39,51.89,52.12,50917,0.0
2023-04-28,52.59,52.89,52.59,52.8,30484,0.0
2023-05-01,53.02,53.08,52.79,52.79,13649,0.0
2023-05-02,52.7372,52.93,52.5557,52.8,164409,0.0
2023-05-03,52.99,53.19,52.8,52.8,15648,0.0
2023-05-04,53.25,53.25,52.64,53.09,572709,0.0
2023-05-05,52.86,53.19,52.85,53.18,16462,0.0
2023-05-08,53.47,53.48,53.055,53.3,30274,0.0
2023-05-09,52.97,53.19,52.64,53.18,31788,0.0
2023-05-10,53.35,53.54,53.12,53.35,18392,0.0
2023-05-11,53.34,53.38,53.0968,53.3129,9547,0.0
2023-05-12,53.17,53.36,53.0,53.31,23589,0.0
2023-05-15,53.605,53.87,53.33,53.71,27203,0.0
2023-05-16,53.56,53.865,53.5001,53.755,36965,0.0
2023-05-17,53.88,53.88,53.66,53.8,30552,0.0
2023-05-18,53.18,53.39,52.93,53.38,15562,0.0
2023-05-19,53.285,53.45,52.875,53.0,19229,0.0
2023-05-22,53.38,53.62,53.3,53.4,13347,0.0
2023-05-23,53.4,53.51,53.165,53.165,9367,0.0
2023-05-24,53.66,53.7099,53.41,53.48,18783,0.0
2023-05-25,53.68,53.68,53.4486,53.62,5123,0.0
2023-05-26,53.91,54.17,53.82,54.16,104017,0.0
2023-05-30,54.15,54.15,53.72,53.89,34945,0.0
2023-05-31,54.33,54.33,53.83,54.27,36156,0.0
2023-06-01,54.43,55.06,54.43,55.06,19203,0.0
2023-06-02,55.02,55.42,55.0,55.15,33724,0.0
2023-06-05,55.15,55.34,54.73,55.02,15064,0.0
2023-06-06,55.28,55.53,55.23,55.35,15561,0.0
2023-06-07,55.81,55.92,55.66,55.66,16001,0.0
2023-06-08,55.31,55.58,55.31,55.36,9450,0.0
2023-06-09,55.43,55.67,55.3779,55.455,22015,0.0
2023-06-12,55.81,56.05,55.74,55.87,44933,0.0
2023-06-13,56.54,56.778,56.44,56.65,20216,0.0
2023-06-14,56.97,57.19,56.81,57.08,51117,0.0
2023-06-15,56.92,57.5,56.92,57.39,43471,0.0
2023-06-16,57.65,57.7599,57.3621,57.54,49889,0.0
2023-06-20,57.66,57.99,57.66,57.67,37649,0.0
2023-06-21,58.0,58.07,57.6,57.65,144293,0.0
2023-06-22,57.55,57.722,57.5,57.55,32083,0.0
2023-06-23,57.44,57.44,56.01,56.71,70833,0.0
2023-06-26,57.3,57.34,57.01,57.23,28505,0.0
2023-06-27,57.49,57.85,57.29,57.6,18523,0.0
2023-06-28,57.66,57.75,57.535,57.73,44790,0.0
2023-06-29,57.75,57.93,57.49,57.76,17699,0.0
2023-06-30,57.95,58.2499,57.79,58.11,25577,0.0
2023-07-03,58.24,58.43,58.11,58.25,17307,0.0
2023-07-05,58.2,58.34,58.0,58.0,35837,0.0
2023-07-06,58.11,58.2245,57.52,57.83,71543,0.0
2023-07-07,58.02,58.2099,57.84,58.0,30481,0.0
2023-07-10,57.8,58.1,57.61,58.09,28324,0.0
2023-07-11,58.48,58.61,58.1987,58.59,43551,0.0
2023-07-12,59.0,59.29,58.762,59.13,84572,0.0
2023-07-13,58.75,59.0164,58.5579,58.75,40117,0.0
2023-07-14,59.1,59.34,59.0239,59.13,26904,0.0
2023-07-17,59.65,59.6599,59.455,59.55,26979,0.0
2023-07-18,59.3,59.47,59.15,59.32,85699,0.0
2023-07-19,60.06,60.2093,59.58,59.58,72248,0.0
2023-07-20,59.88,59.88,59.52,59.56,27220,0.0
2023-07-21,59.96,60.12,59.61,59.63,39085,0.0
2023-07-24,59.98,60.1,59.83,60.1,26932,0.0
2023-07-25,60.1,60.48,60.0511,60.1,32737,0.0
2023-07-26,60.16,60.589,60.16,60.24,36404,0.0
2023-07-27,60.4,60.562,59.8601,59.95,39394,0.0
2023-07-28,60.58,60.75,60.45,60.5,22653,0.0
2023-07-31,61.14,61.54,61.14,61.26,1281440,0.0
2023-08-01,61.14,61.315,60.6,61.0,27107,0.0
2023-08-02,60.1,60.125,59.54,59.84,51341,0.0
2023-08-03,59.94,60.2436,59.8,60.11,25958,0.0
2023-08-04,60.51,60.86,60.315,60.69,142498,0.0
2023-08-07,60.7,60.99,60.5101,60.95,84889,0.0
2023-08-08,60.77,61.08,60.21,60.58,114230,0.0
2023-08-09,61.22,61.39,60.69,60.7,73844,0.0
2023-08-10,61.01,61.35,60.85,60.915,70161,0.0
2023-08-11,60.95,60.95,60.5965,60.7,41490,0.0
2023-08-14,60.36,60.46,60.0576,60.38,43122,0.0
2023-08-15,60.34,60.41,59.68,59.95,49086,0.0
2023-08-16,60.5,60.76,60.23,60.25,23080,0.0
2023-08-17,60.83,60.9368,60.48,60.48,24403,0.0
2023-08-18,60.56,60.76,60.48,60.71,33299,0.0
2023-08-21,61.0,61.2299,60.91,61.0,51528,0.0
2023-08-22,61.56,61.7,61.25,61.25,27489,0.0
2023-08-23,61.98,62.51,61.98,62.42,107714,0.0
2023-08-24,62.3,62.3,61.84,62.09,30509,0.0
2023-08-25,61.97,62.1899,61.58,61.98,36264,0.0
2023-08-28,62.44,62.57,62.2844,62.44,66003,0.0
2023-08-29,62.48,63.0699,62.44,62.96,62304,0.0
2023-08-30,62.86,63.3061,62.86,63.14,64067,0.0
2023-08-31,63.53,63.75,63.29,63.49,66961,0.0
2023-09-01,63.55,63.95,63.49,63.88,63015,0.0
2023-09-05,64.34,64.54,64.03,64.07,269656,0.0
2023-09-06,63.96,64.35,63.69,63.73,96771,0.0
2023-09-07,64.06,64.46,64.0,64.33,82978,0.0
2023-09-08,64.77,65.0,64.65,64.9,101454,0.0
2023-09-11,65.31,65.42,65.12,65.35,132824,0.0
2023-09-12,63.26,63.35,62.75,63.21,221297,0.0
2023-09-13,63.36,63.6888,63.36,63.48,171422,0.0
2023-09-14,63.79,64.1414,63.76,63.93,88815,0.0
2023-09-15,63.63,63.96,63.6,63.77,104589,0.0
2023-09-18,63.14,63.68,63.03,63.47,128081,0.0
2023-09-19,63.45,63.6,63.07,63.25,65772,0.0
2023-09-20,63.52,63.78,63.13,63.23,124361,0.0
2023-09-21,62.9,62.99,62.46,62.48,60938,0.0
2023-09-22,62.89,63.09,62.55,62.63,40766,0.0
2023-09-25,62.59,63.14,62.59,63.05,98696,0.0
2023-09-26,63.01,63.1,62.68,62.8,77547,0.0
2023-09-27,63.54,63.54,63.11,63.22,46695,0.0
2023-09-28,63.2,63.4503,63.0001,63.41,87658,0.0
2023-09-29,63.8,63.8,62.97,63.12,107906,0.0
2023-10-02,63.1,63.2599,62.8097,62.87,150033,0.0
2023-10-03,63.54,63.6038,63.05,63.26,150698,0.0
2023-10-04,62.945,63.03,62.5301,62.94,54520,0.0
2023-10-05,63.07,63.49,62.9237,63.31,116940,0.0
2023-10-06,63.62,64.0885,63.5,64.02,65708,0.0
2023-10-09,62.84,62.8532,62.3,62.76,106426,0.0
2023-10-10,63.43,63.79,63.26,63.75,57864,0.0
2023-10-11,64.0,64.03,63.47,63.88,66829,0.0
2023-10-12,64.0,64.08,63.51,63.72,95492,0.0
2023-10-13,63.7,63.87,63.5,63.65,98852,0.0
2023-10-16,64.0,64.33,63.64,64.19,147393,0.0
2023-10-17,64.03,64.39,63.9,64.24,94914,0.0
2023-10-18,64.0,64.0,63.52,63.69,74379,0.0
2023-10-19,64.0,64.5,64.0,64.12,94847,0.0
2023-10-20,63.64,63.83,63.3,63.3,84310,0.0
2023-10-23,61.57,61.98,61.5,61.59,306592,0.0
2023-10-24,61.82,62.09,61.7,61.71,55489,0.0
2023-10-25,61.41,61.41,60.9,61.06,118560,0.0
2023-10-26,60.84,61.16,60.65,60.95,51152,0.0
2023-10-27,61.57,61.71,61.2911,61.39,52713,0.0
2023-10-30,61.79,61.97,61.475,61.78,37901,0.0
2023-10-31,61.585,61.99,61.29,61.75,45222,0.0
2023-11-01,61.66,62.19,61.66,62.01,58774,0.0
2023-11-02,62.45,62.84,62.28,62.73,33940,0.0
2023-11-03,63.19,63.56,63.0,63.44,33444,0.0
2023-11-06,63.82,63.82,63.45,63.54,30112,0.0
2023-11-07,63.6,63.885,63.25,63.7,75288,0.0
2023-11-08,64.0,64.14,63.8,64.02,72244,0.0
2023-11-09,64.05,64.1403,63.73,63.73,84976,0.0
2023-11-10,64.06,64.6499,64.03,64.63,61121,0.0
2023-11-13,64.63,64.9546,64.53,64.69,79388,0.0
2023-11-14,65.1,65.98,65.0,65.83,64806,0.0
2023-11-15,65.48,65.76,65.27,65.4,98611,0.0
2023-11-16,65.64,65.87,65.46,65.86,60235,0.0
2023-11-17,65.99,66.3063,65.87,66.04,87219,0.0
2023-11-20,66.02,66.32,65.75,66.09,81966,0.0
2023-11-21,66.15,66.31,66.03,66.04,52099,0.0
2023-11-22,65.775,65.95,65.52,65.7,92554,0.0
2023-11-24,66.15,66.46,66.145,66.2,35081,0.0
2023-11-27,66.34,66.36,65.89,66.21,60753,0.0
2023-11-28,66.23,66.59,66.18,66.27,171615,0.0
2023-11-29,66.63,66.7,66.31,66.41,128565,0.0
2023-11-30,67.31,67.3989,67.04,67.28,119284,0.0
2023-12-01,67.38,67.97,67.195,67.82,326085,0.0
2023-12-04,68.18,68.24,67.8006,67.85,196361,0.0
2023-12-05,67.92,68.2,67.7,68.05,206155,0.0
2023-12-06,68.23,68.29,67.83,67.84,117307,0.0
2023-12-07,68.43,68.4999,68.21,68.41,91870,0.0
2023-12-08,67.92,68.185,67.6,68.03,216793,0.0
2023-12-11,68.37,68.55,68.23,68.47,96519,0.0
2023-12-12,68.12,68.385,67.86,68.2,215392,0.0
2023-12-13,68.6,69.395,68.47,69.23,191603,0.0
2023-12-14,69.37,69.71,69.2401,69.52,350219,0.0
2023-12-15,69.88,69.88,69.01,69.07,134530,0.0
2023-12-18,69.55,69.8099,69.36,69.61,162719,0.0
2023-12-19,69.7,69.98,69.7,69.78,133100,0.0
2023-12-20,67.83,67.95,66.96,67.0,333025,0.0
2023-12-21,67.91,68.77,67.91,68.63,126556,0.0
2023-12-22,69.05,69.245,68.83,69.14,229718,0.0
2023-12-26,69.26,69.55,69.07,69.25,232627,0.0
2023-12-27,69.42,69.64,69.18,69.3,119094,0.0
2023-12-28,69.56,69.79,69.501,69.63,82912,0.0
2023-12-29,69.83,70.16,69.7626,69.79,114865,0.0
2024-01-02,70.15,70.35,69.97,70.13,175040,0.0
2024-01-03,70.36,70.7,70.13,70.33,229836,0.0
2024-01-04,70.97,71.381,70.97,71.01,197717,0.0
2024-01-05,71.75,71.95,71.34,71.63,250651,0.0
2024-01-08,71.31,71.67,71.1378,71.51,192190,0.0
2024-01-09,71.57,71.57,70.945,71.13,151579,0.0
2024-01-10,71.25,71.59,71.21,71.54,118947,0.0
2024-01-11,71.79,72.0,71.2601,71.79,135123,0.0
2024-01-12,72.31,72.675,72.29,72.53,307051,0.0
2024-01-16,72.51,72.51,71.64,71.86,359747,0.0
2024-01-17,71.3,71.4804,70.9535,71.14,119617,0.0
2024-01-18,71.34,71.599,71.15,71.4,145881,0.0
2024-01-19,72.0,72.5,71.8,72.21,215156,0.0
2024-01-22,72.75,73.0,72.32,72.9,308949,0.0
2024-01-23,71.13,71.13,70.0101,70.17,665356,0.0
2024-01-24,71.46,71.82,71.1,71.35,403013,0.0
2024-01-25,71.59,71.685,71.31,71.32,373173,0.0
2024-01-26,71.51,71.81,71.37,71.57,94796,0.0
2024-01-29,72.27,72.27,71.8198,72.25,95884,0.0
2024-01-30,72.04,72.1808,71.73,72.08,83841,0.0
2024-01-31,73.55,73.98,73.36,73.42,233476,0.0
2024-02-01,73.51,73.69,73.115,73.58,142360,0.0
2024-02-02,73.58,73.81,73.12,73.66,136995,0.0
2024-02-05,73.5,73.58,73.1201,73.28,124278,0.0
2024-02-06,74.33,74.74,74.16,74.47,163427,0.0
2024-02-07,74.7,74.785,74.27,74.57,110428,0.0
2024-02-08,74.21,74.3144,73.7,73.89,125983,0.0
2024-02-09,73.83,73.83,73.05,73.41,111907,0.0
2024-02-12,72.5,73.17,71.65,71.98,497197,0.0
2024-02-13,71.63,71.65,70.8201,71.12,321099,0.0
2024-02-14,72.35,72.64,72.1201,72.48,219197,0.0
2024-02-15,73.07,73.23,72.71,73.2,135281,0.0
2024-02-16,73.34,73.47,73.11,73.18,123089,0.0
2024-02-20,73.66,73.89,73.44,73.58,324867,0.0
2024-02-21,73.08,73.08,72.73,72.92,204557,0.0
2024-02-22,73.3,73.39,73.0101,73.28,101385,0.0
2024-02-23,73.7,73.81,73.46,73.78,143254,0.0
2024-02-26,73.77,73.89,73.55,73.82,95761,0.0
2024-02-27,73.85,73.85,73.2817,73.51,123262,0.0
2024-02-28,72.99,72.99,72.08,72.45,210367,0.0
2024-02-29,73.01,73.01,72.31,72.7,149079,0.0
2024-03-01,73.13,73.52,73.0,73.52,117020,0.0
2024-03-04,73.32,73.32,72.71,72.79,163355,0.0
2024-03-05,72.45,72.76,72.11,72.22,371350,0.0
2024-03-06,71.72,71.8699,71.35,71.51,437034,0.0
2024-03-07,72.15,72.2598,72.04,72.15,207523,0.0
2024-03-08,72.29,72.4999,72.04,72.24,170943,0.0
2024-03-11,71.36,71.36,70.75,70.98,185139,0.0
2024-03-12,70.01,70.01,69.43,69.68,1012666,0.0
2024-03-13,67.3,67.3,66.445,66.69,778392,0.0
2024-03-14,68.09,68.5,67.86,68.01,622856,0.0
2024-03-15,68.71,68.78,68.13,68.53,735035,0.0
2024-03-18,68.54,68.72,68.275,68.45,223966,0.0
2024-03-19,68.09,68.09,67.5,67.69,239743,0.0
2024-03-20,67.54,67.92,67.33,67.77,268650,0.0
2024-03-21,68.82,68.96,68.625,68.82,171084,0.0
2024-03-22,68.94,69.205,68.94,69.04,324557,0.0
2024-03-25,68.87,69.29,68.87,69.08,155898,0.0
2024-03-26,69.38,69.5,69.25,69.31,146326,0.0
2024-03-27,69.91,70.15,69.78,70.15,346118,0.0
2024-03-28,70.24,70.44,70.0901,70.27,150471,0.0
2024-04-01,71.59,71.87,71.41,71.56,165974,0.0
2024-04-02,72.1,72.29,72.0,72.12,354137,0.0
2024-04-03,72.4,72.98,72.4,72.8,129543,0.0
2024-04-04,73.3,73.5,72.675,72.83,287282,0.0
2024-04-05,73.43,73.78,73.37,73.78,217090,0.0
2024-04-08,73.86,74.19,73.77,74.11,204820,0.0
2024-04-09,74.14,74.16,73.74,74.11,102036,0.0
2024-04-10,73.57,73.73,73.27,73.6,78790,0.0
2024-04-11,73.58,73.8,73.2656,73.62,123165,0.0
2024-04-12,73.2,73.39,72.6973,72.76,100739,0.0
2024-04-15,72.76,72.77,72.02,72.03,164902,0.0
2024-04-16,72.45,72.66,72.26,72.38,220771,0.0
2024-04-17,72.72,72.99,72.06,72.23,164395,0.0
2024-04-18,72.49,72.9999,72.32,72.71,196621,0.0
2024-04-19,72.75,72.9184,72.5903,72.79,58007,0.0
2024-04-22,73.37,73.94,73.28,73.88,134391,0.0
2024-04-23,74.27,74.62,74.0,74.62,312991,0.0
2024-04-24,74.68,74.795,74.475,74.75,404068,0.0
2024-04-25,74.76,75.47,74.64,75.47,121228,0.0
2024-04-26,75.48,75.9,75.385,75.79,163876,0.0
2024-04-29,75.6,75.7399,75.02,75.69,323126,0.0
2024-04-30,75.51,75.51,75.06,75.27,118034,0.0
2024-05-01,75.36,75.71,75.04,75.6,112087,0.0
2024-05-02,75.68,75.98,75.475,75.815,210162,0.0
2024-05-03,75.85,75.905,75.24,75.5,386602,0.0
2024-05-06,74.88,74.88,74.27,74.77,275831,0.0
2024-05-07,73.95,73.95,73.55,73.66,278813,0.0
2024-05-08,73.73,73.7848,73.4584,73.62,417979,0.0
2024-05-09,72.47,72.9399,72.1552,72.85,614214,0.0
2024-05-10,73.0,73.25,72.21,72.34,173200,0.0
2024-05-13,72.92,72.92,72.4777,72.59,652561,0.0
2024-05-14,73.74,73.8799,73.52,73.75,252682,0.0
2024-05-15,74.27,74.39,74.1135,74.37,132525,0.0
2024-05-16,74.55,74.85,74.5306,74.83,173102,0.0
2024-05-17,75.51,75.92,75.51,75.92,424485,0.0
2024-05-20,76.51,76.7399,76.32,76.71,196448,0.0
2024-05-21,76.0,76.24,75.825,75.94,582117,0.0
2024-05-22,76.08,76.08,75.7,75.85,634173,0.0
2024-05-23,76.24,76.27,75.7,75.92,548946,0.0
2024-05-24,76.24,76.57,76.15,76.49,658224,0.0
2024-05-28,75.94,75.94,75.2424,75.44,201778,0.0
2024-05-29,75.56,75.57,75.3501,75.55,142334,0.0
2024-05-30,74.78,75.21,74.68,75.16,198765,0.0
2024-05-31,75.54,75.54,74.85,75.34,812946,0.0
2024-06-03,77.03,77.05,76.56,76.92,332877,0.0
2024-06-04,72.26,72.3,71.41,72.05,639957,0.0
2024-06-05,74.0,74.3298,73.8349,74.32,416671,0.0
2024-06-06,75.66,75.8699,75.36,75.55,466341,0.0
2024-06-07,76.66,76.875,76.61,76.67,498960,0.0
2024-06-10,77.38,77.5,77.1901,77.5,167854,0.0
2024-06-11,77.75,77.92,77.59,77.91,237576,0.0
2024-06-12,79.07,79.411,78.76,79.38,223963,0.0
2024-06-13,79.63,79.63,79.11,79.33,186272,0.0
2024-06-14,79.91,80.37,79.77,80.37,217679,0.0
2024-06-17,80.47,80.58,80.2,80.58,149858,0.0
2024-06-18,80.82,81.09,80.78,81.09,147323,0.0
2024-06-20,80.87,80.87,80.16,80.28,487879,0.0
2024-06-21,80.6,80.88,80.39,80.64,231471,0.0
2024-06-24,80.88,81.08,80.48,80.64,635175,0.0
2024-06-25,80.71,80.71,80.245,80.62,345406,0.0
2024-06-26,80.69,80.92,80.4,80.61,58266,0.0
2024-06-27,80.54,80.69,80.42,80.6,156120,0.0
2024-06-28,81.0,81.1625,80.62,80.88,259976,0.0
2024-07-01,82.09,82.2,81.85,82.05,130207,0.0
2024-07-02,81.99,82.249,81.6401,82.04,142027,0.0
2024-07-03,82.66,82.94,82.42,82.94,403823,0.0
2024-07-05,83.23,83.62,83.14,83.45,154191,0.0
2024-07-08,83.38,83.48,83.09,83.16,285603,0.0
2024-07-09,83.39,83.59,83.24,83.5,360085,0.0
2024-07-10,83.16,83.16,82.7901,83.02,437636,0.0
2024-07-11,83.65,83.75,83.45,83.72,162822,0.0
2024-07-12,83.65,83.8,83.46,83.46,245838,0.0
2024-07-15,83.73,83.73,83.38,83.41,285899,0.0
2024-07-16,83.77,84.2499,83.61,84.12,182524,0.0
2024-07-17,83.87,83.97,83.62,83.68,138317,0.0
2024-07-18,83.18,83.19,82.32,82.32,260256,0.0
2024-07-19,81.27,81.45,80.76,80.96,245348,0.0
2024-07-22,81.75,82.1799,81.75,82.09,263207,0.0
2024-07-23,81.79,81.88,80.49,80.74,348466,0.0
2024-07-24,81.61,82.04,81.19,81.42,291479,0.0
2024-07-25,81.35,81.71,81.245,81.36,196506,0.0
2024-07-26,82.35,82.35,81.95,82.08,265685,0.0
2024-07-29,82.44,82.8128,82.44,82.76,116929,0.0
2024-07-30,82.99,83.375,82.9101,83.15,121931,0.0
2024-07-31,83.58,83.99,83.5154,83.95,90626,0.0
2024-08-01,83.35,83.35,82.38,82.38,249912,0.0
2024-08-02,82.49,82.65,81.9401,82.55,315645,0.0
2024-08-05,78.47,80.04,78.29,79.48,350352,0.0
2024-08-06,79.8,80.27,79.5069,79.93,135763,0.0
2024-08-07,81.29,81.29,80.42,80.44,111039,0.0
2024-08-08,81.08,81.34,80.8972,81.33,113836,0.0
2024-08-09,81.05,81.475,80.7922,81.15,211184,0.0
2024-08-12,81.56,81.95,81.4686,81.59,135194,0.0
2024-08-13,81.28,81.28,80.705,80.86,106992,0.0
2024-08-14,80.58,80.87,80.36,80.52,235446,0.0
2024-08-15,80.85,81.44,80.85,81.16,79168,0.0
2024-08-16,81.58,81.97,81.58,81.97,111948,0.0
2024-08-19,82.5,82.61,82.315,82.51,95029,0.0
2024-08-20,82.66,82.85,82.45,82.59,54442,0.0
2024-08-21,83.38,83.66,82.95,83.64,134593,0.0
2024-08-22,83.53,83.5914,83.24,83.25,48425,0.0
2024-08-23,83.53,83.77,83.32,83.59,134179,0.0
2024-08-26,83.69,83.93,83.5405,83.92,73191,0.0
2024-08-27,83.94,84.25,83.77,84.25,223436,0.0
2024-08-28,83.75,84.0,83.551,83.74,92331,0.0
2024-08-29,83.55,83.715,83.06,83.22,81160,0.0
2024-08-30,83.93,84.49,83.93,84.41,107864,0.0
2024-09-03,84.4,84.4,83.8,84.0,82664,0.0
2024-09-04,84.11,84.9,84.11,84.78,92785,0.0
2024-09-05,84.92,85.18,84.73,85.08,113246,0.0
2024-09-06,84.28,84.6699,83.91,83.93,154300,0.0
2024-09-09,84.11,84.56,83.9935,84.35,93385,0.0
2024-09-10,85.23,85.23,84.85,85.19,111956,0.0
2024-09-11,84.79,85.13,84.1,84.99,411440,0.0
2024-09-12,85.22,85.62,84.87,85.59,140983,0.0
2024-09-13,86.045,86.45,85.85,86.45,137829,0.0
2024-09-16,86.49,86.65,86.0101,86.5,117020,0.0
2024-09-17,86.47,86.47,85.905,86.24,122301,0.0
2024-09-18,85.95,86.41,85.65,85.87,95662,0.0
2024-09-19,85.54,85.74,85.261,85.62,163369,0.0
2024-09-20,86.01,86.63,85.83,86.33,189108,0.0
2024-09-23,86.93,87.0599,86.43,86.97,104651,0.0
2024-09-24,86.73,86.84,86.2,86.4,90397,0.0
2024-09-25,86.5,86.7376,86.28,86.44,193207,0.0
2024-09-26,86.1,86.32,85.54,85.7,136825,0.0
2024-09-27,85.89,86.14,85.76,85.9,112952,0.0
2024-09-30,86.04,86.07,85.5,86.0,109987,0.0
2024-10-01,86.45,86.45,85.5,85.82,346236,0.0
2024-10-02,85.77,85.77,85.04,85.39,159742,0.0
2024-10-03,84.88,85.165,84.39,84.56,549509,0.0
2024-10-04,84.54,84.5761,84.24,84.45,110911,0.0
2024-10-07,82.9,82.9,81.46,81.97,678385,0.0
2024-10-08,83.93,83.93,83.385,83.75,418330,0.0
2024-10-09,84.41,85.0,84.21,84.86,159346,0.0
2024-10-10,84.72,84.9841,84.345,84.72,63542,0.0
2024-10-11,84.73,85.1399,84.73,85.1,60329,0.0
2024-10-14,85.175,85.36,85.0193,85.25,57046,0.0
2024-10-15,86.0,86.0,85.52,85.71,66148,0.0
2024-10-16,85.93,86.27,85.73,86.27,116588,0.0
2024-10-17,84.64,84.8973,84.41,84.5,384270,0.0
2024-10-18,84.74,84.95,84.44,84.56,90028,0.0
2024-10-21,83.63,83.8299,83.33,83.81,130278,0.0
2024-10-22,81.67,81.67,81.13,81.42,714193,0.0
2024-10-23,81.78,82.12,81.4601,82.12,383183,0.0
2024-10-24,81.61,82.0,81.27,81.35,349267,0.0
2024-10-25,80.42,80.42,80.02,80.1,242386,0.0
2024-10-28,80.62,81.225,80.61,81.03,173700,0.0
2024-10-29,81.01,81.2252,81.01,81.21,133856,0.0
2024-10-30,81.84,82.0946,81.75,81.82,351653,0.0
2024-10-31,82.89,83.54,82.36,82.91,387684,0.0
2024-11-01,83.68,83.68,82.92,83.0,390475,0.0
2024-11-04,82.31,82.52,82.04,82.37,170839,0.0
2024-11-05,82.49,82.738,82.17,82.45,334497,0.0
2024-11-06,83.52,83.6,82.961,83.56,179339,0.0
2024-11-07,83.59,83.7099,83.0601,83.51,107731,0.0
2024-11-08,82.57,82.57,81.6201,81.64,218014,0.0
2024-11-11,81.51,81.78,81.3303,81.55,152315,0.0
2024-11-12,81.16,81.16,80.51,80.58,128637,0.0
2024-11-13,79.14,79.14,78.62,79.0,329525,0.0
2024-11-14,79.61,79.91,79.32,79.57,364336,0.0
2024-11-15,79.4,79.56,78.84,79.06,164400,0.0
2024-11-18,78.98,79.22,78.8401,78.88,343084,0.0
2024-11-19,79.25,80.21,79.25,79.97,243805,0.0
2024-11-20,80.15,80.3399,79.7994,80.3,104890,0.0
2024-11-21,79.55,79.855,79.0801,79.56,368206,0.0
2024-11-22,80.0,80.46,80.0,80.46,304276,0.0
2024-11-25,81.64,81.89,81.45,81.83,710525,0.0
2024-11-26,81.75,82.0,81.51,81.61,91658,0.0
2024-11-27,82.3,82.72,82.3,82.63,59909,0.0
2024-11-29,82.89,83.1516,82.6,83.015,58148,0.0
2024-12-02,82.8,83.0,82.5101,82.68,102263,0.0
2024-12-03,83.29,83.43,83.081,83.375,213645,0.0
2024-12-04,83.84,84.0,83.7186,83.98,88797,0.0
2024-12-05,84.48,84.48,84.1267,84.4,289066,0.0
2024-12-06,84.65,84.65,84.1901,84.46,65426,0.0
2024-12-09,84.77,84.82,84.13,84.28,50343,0.0
2024-12-10,84.79,84.79,84.31,84.72,141479,0.0
2024-12-11,84.89,84.94,84.75,84.89,69016,0.0
2024-12-12,84.09,84.145,83.81,83.82,69448,0.0
2024-12-13,83.93,84.24,83.89,84.05,68359,0.0
2024-12-16,84.16,84.4373,84.16,84.39,60048,0.0
2024-12-17,78.6,78.99,78.3901,78.67,452673,0.0
2024-12-18,78.1,78.36,76.86,76.86,143783,0.0
2024-12-19,77.86,78.1,77.49,77.68,480363,0.0
2024-12-20,77.1,77.58,76.67,77.26,224389,0.0
2024-12-23,76.99,76.99,76.0183,76.15,177445,0.0
2024-12-24,76.49,77.17,76.49,77.15,114901,0.0
2024-12-26,76.4,76.7,76.3168,76.49,111405,0.0
2024-12-27,76.44,76.5099,76.2,76.4,78640,0.0
2024-12-30,75.77,75.94,75.62,75.68,111334,0.0
2024-12-31,76.41,76.54,76.11,76.45,95094,0.0
2025-01-02,77.26,77.71,76.95,76.95,83820,0.0
2025-01-03,77.19,77.3735,76.9478,77.16,89733,0.0
2025-01-06,75.77,75.88,75.28,75.36,226906,0.0
2025-01-07,76.7,76.7,76.0,76.19,165473,0.0
2025-01-08,75.18,75.18,74.93,75.06,165956,0.0
2025-01-10,73.12,74.48,72.47,72.61,342246,0.0
2025-01-13,70.77,71.085,70.62,70.97,564920,0.0
2025-01-14,71.77,71.855,71.39,71.69,521209,0.0
2025-01-15,72.45,72.45,72.08,72.1,201805,0.0
2025-01-16,72.43,72.5,72.23,72.36,261589,0.0
2025-01-17,72.03,72.6,72.03,72.36,114903,0.0
2025-01-21,71.74,71.915,71.51,71.77,281954,0.0
2025-01-22,70.82,70.885,70.5,70.5,560436,0.0
2025-01-23,71.43,71.76,71.43,71.75,380176,0.0
2025-01-24,70.47,70.55,70.3,70.38,250190,0.0
2025-01-27,68.74,68.85,68.5,68.63,895129,0.0
2025-01-28,67.87,67.87,67.51,67.78,510908,0.0
2025-01-29,69.14,69.455,69.14,69.4,514851,0.0
2025-01-30,69.44,69.75,69.3108,69.65,453825,0.0
2025-01-31,70.11,70.1599,69.51,69.74,625484,0.0
2025-02-03,68.72,69.495,68.67,69.08,1060285,0.0
2025-02-04,69.25,69.7718,69.25,69.72,536019,0.0
2025-02-05,70.39,70.39,70.07,70.38,393710,0.0
2025-02-06,69.91,69.9899,69.67,69.78,220793,0.0
2025-02-07,69.79,69.79,68.9301,69.0,196060,0.0
2025-02-10,68.45,68.69,68.375,68.6,536565,0.0
2025-02-11,67.13,67.393,66.98,67.12,385332,0.0
2025-02-12,66.59,66.62,66.185,66.25,343037,0.0
2025-02-13,66.78,67.02,66.54,67.02,203128,0.0
2025-02-14,65.38,65.4125,64.9,64.95,397781,0.0
2025-02-18,64.35,64.35,63.75,63.87,414124,0.0
2025-02-19,64.67,64.9,64.6601,64.9,243982,0.0
2025-02-20,65.69,66.32,65.6298,66.27,225671,0.0
2025-02-21,65.93,65.93,65.01,65.01,172099,0.0
2025-02-24,64.99,65.005,64.72,64.94,186006,0.0
2025-02-25,64.7,65.03,64.43,64.92,314963,0.0
2025-02-26,64.52,64.85,64.3375,64.54,116374,0.0
2025-02-27,63.09,63.43,62.81,62.96,327990,0.0
2025-02-28,62.11,62.96,61.73,62.72,315981,0.0
2025-03-03,61.94,62.52,61.54,61.54,379068,0.0
2025-03-04,62.19,62.82,61.6,62.46,453498,0.0
2025-03-05,64.36,65.19,64.12,65.13,511571,0.0
2025-03-06,65.52,65.67,65.07,65.15,333201,0.0
2025-03-07,65.51,65.89,65.1366,65.85,187766,0.0
2025-03-10,65.0,65.0,63.8201,64.21,365565,0.0
2025-03-11,64.06,64.5,63.84,64.35,864924,0.0
2025-03-12,63.88,64.26,63.79,64.12,692741,0.0
2025-03-13,63.34,63.7018,63.14,63.48,100058,0.0
2025-03-14,63.88,64.52,63.88,64.35,150770,0.0
2025-03-17,64.0,64.89,64.0,64.88,126401,0.0
2025-03-18,65.99,66.2475,65.72,65.92,508193,0.0
2025-03-19,67.15,68.03,67.15,67.88,389473,0.0
2025-03-20,67.25,67.8,67.165,67.6,307019,0.0
2025-03-21,69.06,69.54,68.59,69.31,495181,0.0
2025-03-24,69.83,70.1,69.6252,70.08,326721,0.0
2025-03-25,69.12,69.26,68.76,69.075,198182,0.0
2025-03-26,68.25,68.25,67.615,67.92,305488,0.0
2025-03-27,68.515,68.85,68.29,68.85,477228,0.0
2025-03-28,68.46,68.85,67.8,68.0,117658,0.0
2025-03-31,67.68,68.3,67.5101,68.09,525982,0.0
2025-04-01,67.95,68.5905,67.61,68.29,268014,0.0
2025-04-02,68.48,69.25,68.48,69.21,133602,0.0
2025-04-03,68.66,69.12,68.56,68.63,630062,0.0
2025-04-04,66.47,66.575,64.4001,64.64,376844,0.0
2025-04-07,63.9,67.5499,63.48,65.1,230987,0.0
2025-04-08,66.21,66.585,64.0646,65.02,122290,0.0
2025-04-09,64.005,68.8828,63.7067,67.63,272969,0.0
2025-04-10,66.1,67.1199,65.5333,66.65,89263,0.0
2025-04-11,66.65,67.545,66.07,67.38,83098,0.0
2025-04-14,68.49,68.49,67.4079,67.99,110425,0.0
2025-04-15,68.51,68.77,68.0,68.24,142409,0.0
2025-04-16,68.69,68.9869,68.07,68.28,132488,0.0
2025-04-17,69.05,70.0,69.04,69.72,142702,0.0
2025-04-21,70.9,70.9365,70.02,70.61,207289,0.0
2025-04-22,71.58,71.9799,71.08,71.4,228251,0.0
2025-04-23,71.27,71.44,70.26,70.44,119182,0.0
2025-04-24,70.71,71.73,70.71,71.61,97830,0.0
2025-04-25,69.63,70.18,69.2851,69.91,370827,0.0
2025-04-28,70.69,70.79,69.72,70.24,507757,0.0
2025-04-29,70.58,70.75,70.4195,70.68,183076,0.0
2025-04-30,69.73,69.85,69.32,69.53,252555,0.0
2025-05-01,69.92,70.07,69.53,69.91,141169,0.0
2025-05-02,70.81,70.82,70.07,70.54,200763,0.0
2025-05-05,71.28,71.4768,71.04,71.05,76636,0.0
2025-05-06,69.8,70.14,69.53,69.53,272703,0.0
2025-05-07,70.02,70.04,69.04,69.04,243803,0.0
2025-05-08,68.01,68.18,66.2405,67.05,905676,0.0
2025-05-09,68.91,69.36,68.32,68.74,239213,0.0
2025-05-12,71.07,71.5,70.8499,71.4,495485,0.0
2025-05-13,71.48,72.54,71.48,72.28,920737,0.0
2025-05-14,72.51,72.8,72.08,72.18,134498,0.0
2025-05-15,72.94,73.3768,72.8129,73.27,65403,0.0
2025-05-16,73.12,73.72,73.02,73.4,218907,0.0
2025-05-19,73.77,74.33,73.7659,74.32,97190,0.0
2025-05-20,73.46,73.46,73.0,73.11,261333,0.0
2025-05-21,73.26,73.4799,72.63,72.99,269744,0.0
2025-05-22,72.97,72.97,72.49,72.59,152099,0.0
2025-05-23,73.19,73.9799,73.0307,73.89,83490,0.0
2025-05-27,74.3,74.3,73.91,74.25,84001,0.0
2025-05-28,74.16,74.3503,74.0,74.2,71041,0.0
2025-05-29,74.58,74.77,74.1492,74.72,61496,0.0
2025-05-30,74.53,74.69,74.07,74.64,92197,0.0
2025-06-02,74.75,75.3,74.65,75.2,84693,0.0
2025-06-03,74.69,74.77,74.46,74.52,91191,0.0
2025-06-04,74.7,74.9699,74.44,74.44,244479,0.0
2025-06-05,75.0,75.22,74.78,74.92,50613,0.0
2025-06-06,75.4,75.8,75.3,75.8,304549,0.0
2025-06-09,76.32,76.6299,76.0,76.57,328948,0.0
2025-06-10,76.63,76.95,76.5,76.65,73328,0.0
2025-06-11,76.76,76.9684,76.56,76.86,57804,0.0
2025-06-12,75.71,76.06,75.59,75.66,143191,0.0
2025-06-13,74.75,75.36,74.54,74.69,236135,0.0
2025-06-16,75.01,75.82,74.76,75.15,126598,0.0
2025-06-17,74.56,74.86,74.1,74.1,83621,0.0
2025-06-18,74.35,74.58,74.0,74.2,61650,0.0
2025-06-20,73.62,73.86,73.25,73.25,117823,0.0
2025-06-23,73.78,74.34,73.681,74.21,336185,0.0
2025-06-24,74.83,75.27,74.45,75.085,70720,0.0
2025-06-25,75.49,76.1348,75.22,75.94,170939,0.0
2025-06-26,76.14,76.6,76.1086,76.17,238214,0.0
2025-06-27,76.56,77.0899,76.56,76.87,249310,0.0
2025-06-30,76.98,77.18,76.7,77.18,59601,0.0
2025-07-01,76.96,77.25,76.61,76.95,115452,0.0
2025-07-02,76.61,76.97,76.5,76.66,59763,0.0
2025-07-03,77.15,77.5,77.049,77.49,145394,0.0
2025-07-07,76.6,77.0869,76.2701,76.64,85942,0.0
2025-07-08,76.62,76.99,76.43,76.99,53176,0.0
2025-07-09,76.91,77.27,76.82,77.14,129472,0.0
2025-07-10,76.91,77.23,76.8205,76.94,153049,0.0
2025-07-11,76.65,76.96,76.05,76.52,546647,0.0
2025-07-14,76.6,77.57,76.6,77.43,433697,0.0
2025-07-15,77.77,77.91,77.31,77.31,562244,0.0
2025-07-16,77.62,78.535,77.49,78.29,450470,0.0
2025-07-17,77.87,78.0786,77.6986,77.87,156736,0.0
2025-07-18,77.21,77.515,76.8784,76.9,85756,0.0
2025-07-21,77.17,77.5,76.93,77.24,233011,0.0
2025-07-22,76.91,76.99,76.61,76.71,331820,0.0
2025-07-23,76.89,76.93,76.6575,76.69,84168,0.0
2025-07-24,76.49,76.61,75.7,75.75,133057,0.0
2025-07-25,75.02,75.1022,74.56,75.08,139852,0.0
2025-07-28,74.34,74.6,73.95,74.06,151092,0.0
2025-07-29,74.66,74.78,74.4,74.65,139497,0.0
2025-07-30,73.97,74.04,73.45,73.48,347612,0.0
2025-07-31,73.49,73.56,73.1401,73.28,196170,0.0
2025-08-01,73.02,73.365,72.7733,73.02,264150,0.0
2025-08-04,73.37,73.41,72.4307,72.62,249713,0.0
2025-08-05,72.62,72.93,72.5,72.55,107403,0.0
2025-08-06,72.32,72.4148,71.73,72.0,155910,0.0
2025-08-07,72.59,72.7916,72.34,72.47,76501,0.0
2025-08-08,71.86,72.01,71.59,71.72,95891,0.0
2025-08-11,71.84,72.15,71.78,71.89,279573,0.0
2025-08-12,72.08,72.44,71.955,72.32,118161,0.0
2025-08-13,72.38,72.945,72.38,72.79,220541,0.0
2025-08-14,72.12,72.4,71.943,72.03,93951,0.0
2025-08-15,72.67,72.78,72.4133,72.65,137268,0.0
2025-08-18,73.53,74.29,73.5,74.12,1074491,0.0
2025-08-19,74.46,74.8,74.42,74.79,303618,0.0
2025-08-20,74.72,75.175,74.69,74.76,256024,0.0
2025-08-21,74.69,74.69,74.26,74.51,166029,0.0
2025-08-22,74.31,74.89,74.21,74.84,139343,0.0
2025-08-25,74.11,74.4,73.84,73.84,114467,0.0
2025-08-26,72.99,73.002,72.76,72.98,179063,0.0
2025-08-27,72.62,73.32,72.52,73.28,214492,0.0
2025-08-28,72.95,72.97,72.67,72.73,122626,0.0
2025-08-29,72.14,72.2329,71.62,71.89,262980,0.0
2025-09-02,72.54,73.28,72.4101,73.26,140240,0.0
2025-09-03,73.6,73.88,73.47,73.57,88743,0.0
2025-09-04,73.05,73.47,72.91,73.28,117065,0.0
2025-09-05,73.35,73.44,72.78,72.8,60885,0.0
2025-09-08,73.11,73.75,73.11,73.49,115779,0.0
2025-09-09,73.48,73.5799,73.04,73.04,63788,0.0
2025-09-10,73.66,74.4505,73.66,74.18,106314,0.0
2025-09-11,73.89,74.3,73.7868,74.05,34031,0.0
2025-09-12,74.08,74.08,73.66,73.67,48592,0.0
2025-09-15,74.2,74.49,74.16,74.35,132016,0.0
2025-09-16,74.94,74.9999,74.54,74.78,175903,0.0
2025-09-17,74.91,75.65,74.91,75.2,164449,0.0
2025-09-18,74.9,75.13,74.3,74.4,243052,0.0
2025-09-19,74.66,75.21,74.66,75.21,66615,0.0
2025-09-22,74.49,74.53,73.83,73.92,582362,0.0
2025-09-23,73.48,73.48,73.0201,73.31,223824,0.0
2025-09-24,73.0,73.0,72.6064,72.77,247787,0.0
2025-09-25,72.21,72.68,72.21,72.48,161022,0.0
2025-09-26,71.6,72.0,71.5115,71.7,156376,0.0
2025-09-29,71.62,72.11,71.62,71.98,118976,0.0
2025-09-30,71.58,71.95,71.58,71.72,126005,0.0
2025-10-01,72.25,72.8,72.25,72.68,87001,0.0
2025-10-02,72.41,72.66,72.0,72.4,135035,0.0
2025-10-03,72.78,73.0,72.65,72.78,81181,0.0
2025-10-06,72.99,72.99,72.5,72.68,75956,0.0
2025-10-07,72.86,73.29,72.7675,73.29,148841,0.0
2025-10-08,72.81,73.0,72.62,72.84,152154,0.0
2025-10-09,72.95,73.18,72.5701,72.72,115711,0.0
2025-10-10,73.59,73.75,72.43,72.61,223401,0.0
2025-10-13,72.93,73.2,72.67,72.87,540961,0.0
2025-10-14,72.35,72.8,72.11,72.43,218863,0.0
2025-10-15,73.4,73.861,73.28,73.85,152254,0.0
2025-10-16,73.92,74.32,73.81,73.98,152423,0.0
2025-10-17,73.98,74.44,73.79,74.34,94828,0.0
2025-10-20,74.25,74.87,74.25,74.76,579480,0.0
2025-10-21,74.53,74.9,74.28,74.28,76531,0.0
2025-10-22,75.48,75.94,75.18,75.73,246898,0.0
2025-10-23,74.81,74.81,74.35,74.5,246412,0.0
2025-10-24,74.71,74.77,74.39,74.46,89229,0.0
2025-10-27,74.73,74.89,74.61,74.7,179067,0.0
2025-10-28,74.65,74.7,74.36,74.53,261023,0.0
2025-10-29,74.88,74.88,74.07,74.36,80598,0.0
2025-10-30,74.27,74.37,73.91,74.15,211038,0.0
2025-10-31,73.89,73.89,73.51,73.7,133093,0.0
2025-11-03,74.0,74.36,73.81,74.31,41394,0.0
2025-11-04,73.75,74.04,73.52,73.69,111049,0.0
2025-11-05,73.69,74.28,73.6601,74.13,30901,0.0
2025-11-06,73.16,73.229,72.36,72.66,250787,0.0
2025-11-07,72.66,72.94,72.37,72.78,99435,0.0
2025-11-10,72.98,73.42,72.95,73.17,36370,0.0
2025-11-11,73.39,74.16,73.39,74.07,91189,0.0
2025-11-12,73.68,73.9,73.64,73.73,29755,0.0
2025-11-13,73.53,73.56,72.71,73.11,145722,0.0
2025-11-14,73.22,73.84,73.07,73.43,107201,0.0
2025-11-17,73.68,74.17,73.62,73.86,67173,0.0
2025-11-18,73.175,73.57,73.0531,73.28,165976,0.0
2025-11-19,73.31,73.68,73.31,73.38,57599,0.0
2025-11-20,73.49,73.63,72.74,72.8,101747,0.0
2025-11-21,71.66,71.82,71.25,71.59,114752,0.0
2025-11-24,71.73,72.19,71.71,71.99,121297,0.0
2025-11-25,71.73,72.41,71.73,72.09,59414,0.0
2025-11-26,72.71,73.03,72.46,72.95,98987,0.0
2025-11-28,72.75,73.195,72.34,72.76,254493,0.0
2025-12-01,72.47,72.66,72.19,72.19,64538,0.0
2025-12-02,71.92,71.92,71.16,71.455,228747,0.0
2025-12-03,71.08,71.17,70.42,70.6,418853,0.0
2025-12-04,70.81,71.0999,70.74,70.83,77746,0.0
2025-12-05,70.83,70.83,70.5,70.56,135197,0.0
2025-12-08,69.51,69.51,68.93,68.99,133838,0.0
2025-12-09,70.14,70.315,69.9,70.26,113441,0.0
2025-12-10,69.86,70.24,69.75,69.96,144974,0.0
2025-12-11,69.66,70.6,69.66,70.38,106630,0.0
2025-12-12,69.96,70.1231,69.51,69.54,64498,0.0
2025-12-15,70.01,70.24,69.83,69.99,86223,0.0
2025-12-16,68.06,68.1693,67.82,67.99,55364,0.0
2025-12-17,67.99,68.25,67.67,67.71,79400,0.0
2025-12-18,68.37,68.55,68.09,68.36,74000,0.0
2025-12-19,69.37,69.95,68.83,69.84,183800,0.0
2025-12-22,70.0,70.0,69.42,69.76,86100,0.0
2025-12-23,69.74,70.46,69.62,70.46,50900,0.0
2025-12-24,69.77,69.89,69.44,69.54,113700,0.0
2025-12-26,69.5,69.53,69.08,69.2,92200,0.0
2025-12-29,68.89,68.89,68.59,68.77,62500,0.0
2025-12-30,68.72,69.23,68.62,69.02,60600,0.0
2025-12-31,69.58,69.91,69.46,69.91,60300,0.0
2026-01-02,70.03,70.37,69.95,70.01,103100,0.0
2026-01-05,69.95,70.63,69.66,70.62,304500,0.0
2026-01-06,69.96,70.32,69.7,69.76,192000,0.0
2026-01-07,70.15,70.34,69.86,70.19,52300,0.0
2026-01-08,69.01,69.29,68.8,69.13,43200,0.0
2026-01-09,68.37,68.45,67.9,68.31,127700,0.0
2026-01-12,67.87,68.12,67.62,68.0,68800,0.0
2026-01-13,68.02,68.02,67.59,67.69,70200,0.0
2026-01-14,67.71,68.26,67.71,67.9,144400,0.0
2026-01-15,68.0,68.28,67.78,67.98,64100,0.0
2026-01-16,67.5,67.78,67.48,67.54,57500,0.0
2026-01-20,65.71,65.99,65.4,65.4,449200,0.0
2026-01-21,64.96,65.22,64.75,65.03,329800,0.0
2026-01-22,65.39,65.7,65.38,65.53,181800,0.0
2026-01-23,64.25,64.52,63.96,64.23,246600,0.0
2026-01-26,64.49,65.04,64.36,64.94,123700,0.0
2026-01-27,64.99,65.11,64.8,64.82,114300,0.0
2026-01-28,65.21,65.29,64.75,65.08,340600,0.0
2026-01-29,65.21,65.21,64.38,65.07,139200,0.0
2026-01-30,65.98,66.02,65.4,65.86,110100,0.0
2026-02-02,65.06,68.45,65.0,68.11,834100,0.0
2026-02-03,68.5,68.5,67.51,67.89,215200,0.0
2026-02-04,68.25,68.29,67.84,68.2,129200,0.0
2026-02-05,67.49,67.7,67.0,67.05,93800,0.0
2026-02-06,67.0,67.5,66.88,67.39,82500,0.0
2026-02-09,68.1,68.77,68.1,68.6,104700,0.0
2026-02-10,68.79,69.28,68.57,69.19,127300,0.0
2026-02-11,68.67,69.0,68.35,68.83,181500,0.0
2026-02-12,68.28,68.82,68.11,68.15,337200,0.0
2026-02-13,67.79,67.98,67.35,67.64,106100,0.0
2026-02-17,67.74,68.16,67.62,68.05,38300,0.0
2026-02-18,67.94,68.19,67.67,67.9,91300,0.0
2026-02-19,66.99,67.06,66.55,66.72,153800,0.0
2026-02-20,67.17,68.47,67.04,68.47,88200,0.0
2026-02-23,67.45,67.7,66.85,66.93,57500,0.0
2026-02-24,67.1,67.49,66.91,67.18,76800,0.0
2026-02-25,67.49,67.55,67.0,67.41,62400,0.0
2026-02-26,67.5,67.52,66.64,66.73,92200,0.0
2026-02-27,66.54,66.74,66.21,66.48,264700,0.0
2026-03-02,64.7,65.28,64.66,64.7,156600,0.0
2026-03-03,63.1,63.69,62.05,63.49,221600,0.0
2026-03-04,63.61,63.99,63.15,63.82,152800,0.0
2026-03-05,63.85,63.92,62.73,63.7,154600,0.0
2026-03-06,63.57,63.89,63.17,63.62,86100,0.0
2026-03-09,62.325,63.645,62.08,63.32,185248,0.0
2026-03-10,63.65,64.2536,63.43,63.49,114640,0.0
2026-03-11,63.74,63.85,63.19,63.38,199800,0.0
2026-03-12,63.19,63.25,62.22,62.44,364800,0.0
2026-03-13,61.99,62.35,61.5,61.58,341300,0.0
2026-03-16,61.69,62.17,61.6,61.97,484400,0.0
2026-03-17,62.11,62.28,61.56,61.62,127500,0.0
2026-03-18,61.58,61.99,61.08,61.13,121300,0.0
2026-03-19,60.66,61.29,60.51,61.0,274400,0.0
2026-03-20,60.78,60.85,59.27,59.49,148900,0.0
2026-03-23,60.55,61.99,60.4,61.1,496300,0.0
2026-03-24,59.69,59.75,58.82,59.14,432100,0.0
2026-03-25,60.84,61.12,60.57,60.83,179600,0.0
2026-03-26,60.3,60.75,59.57,59.67,141500,0.0
2026-03-27,59.0,59.21,58.51,58.64,252200,0.0
2026-03-30,58.16,58.5,57.78,57.89,90300,0.0
2026-03-31,58.41,60.2,58.41,59.96,289100,0.0
2026-04-01,60.26,60.92,60.15,60.71,319800,0.0
2026-04-02,59.81,60.99,59.79,60.48,160000,0.0
2026-04-06,60.95,61.7,60.94,61.52,279000,0.0
2026-04-07,61.28,61.29,60.7,61.23,132700,0.0
2026-04-08,64.16,64.83,63.47,63.87,207100,0.0
2026-04-09,64.07,64.4,63.61,64.18,142200,0.0
2026-04-10,64.62,65.11,64.4,64.89,224700,0.0
2026-04-13,64.3,65.34,64.09,64.93,146200,0.0
2026-04-14,65.64,65.96,65.47,65.76,101800,0.0
2026-04-15,65.85,66.25,65.59,66.14,156600,0.0
2026-04-16,66.12,66.5,66.06,66.26,35500,0.0
2026-04-17,67.86,68.86,67.79,68.36,259100,0.0
2026-04-20,67.01,67.37,66.79,67.09,80900,0.0
2026-04-21,66.99,66.99,66.21,66.21,58700,0.0
2026-04-22,67.07,67.38,67.0,67.27,26700,0.0
2026-04-23,66.95,67.43,66.24,66.63,172900,0.0
2026-04-24,66.34,66.67,66.0,66.31,89900,0.0
2026-04-27,67.04,67.09,66.5,66.81,252200,0.0
2026-04-28,65.94,66.54,65.94,66.54,73500,0.0
2026-04-29,66.2,66.36,65.84,66.0,113200,0.0
2026-04-30,66.2,67.0,66.18,66.9,179000,0.0
2026-05-01,66.59,67.12,66.3,66.3,309700,0.0
2026-05-04,66.24,66.75,65.63,65.87,328400,0.0
2026-05-05,66.62,66.94,66.42,66.74,156900,0.0
2026-05-06,67.57,68.46,67.57,68.39,110800,0.0
2026-05-07,68.74,69.1,68.3,68.33,236100,0.0
2026-05-08,68.77,69.1,68.6,69.08,143300,0.0
2026-05-11,67.98,68.08,67.26,67.26,129000,0.0
2026-05-12,65.86,65.99,65.45,65.77,77900,0.0
2026-05-13,66.08,66.915,65.8601,66.64,76308,0.0
2026-05-14,66.42,66.87,66.42,66.61,90900,0.0
2026-05-15,66.29,66.44,65.95,66.24,50400,0.0
2026-05-18,65.4,65.78,64.71,65.11,123200,0.0
2026-05-19,65.1,65.43,64.8,65.06,95700,0.0
2026-05-20,65.09,66.5,65.07,66.05,131200,0.0
2026-05-21,65.67,66.82,65.58,66.4,89400,0.0
2026-05-22,66.88,66.96,66.44,66.44,133700,0.0
2026-05-26,67.05,67.47,66.77,67.02,52500,0.0
2026-05-27,67.33,67.98,67.03,67.24,577800,0.0
2026-05-28,66.58,67.605,66.45,67.43,88021,0.0
2026-05-29,67.84,68.07,67.05,67.18,210600,0.0
2026-06-01,66.26,67.1,66.1601,66.54,229879,0.0
2026-06-02,66.76,67.035,66.58,66.8,73333,0.0
2026-06-03,66.5,66.51,65.62,65.78,415075,0.0
2026-06-04,67.02,67.2399,66.91,67.13,73267,0.0
2026-06-05,67.15,67.15,65.96,66.18,102200,0.0
2026-06-08,66.04,66.16,65.67,65.69,25800,0.0
2026-06-09,66.95,67.04,66.0,66.65,62200,0.0
2026-06-10,66.18,66.6,65.93,65.93,199200,0.0
2026-06-11,65.59,66.48,65.07,66.14,32300,0.0
2026-06-12,67.25,67.45,66.96,67.09,246400,0.0
2026-06-15,68.43,69.0,68.43,68.89,116500,0.0
2026-06-16,68.73,69.06,68.63,68.69,65900,0.0
2026-06-17,69.12,69.5,68.2,68.35,64600,0.0
2026-06-18,69.65,69.98,69.43,69.43,87000,0.0
2026-06-22,70.1,70.85,70.1,70.8,331700,0.0
2026-06-23,69.54,70.01,69.54,69.75,53600,0.0
2026-06-24,70.29,70.69,69.91,70.2,56300,0.0
2026-06-25,70.0,70.02,69.45,69.69,129000,0.0
2026-06-26,69.79,70.44,69.56,70.14,1488100,0.0
2026-06-29,69.55,69.97,69.51,69.72,135100,0.0
2026-06-30,69.96,70.78,69.96,70.73,195300,0.0
2026-07-01,69.96,70.51,69.86,70.21,142000,0.0
2026-07-02,70.65,71.12,70.47,70.81,66400,0.0
2026-07-06,70.71,71.2,70.34,71.07,146900,0.0
2026-07-07,70.31,70.5,69.8,69.81,152200,0.0
2026-07-08,69.09,69.3,68.51,69.11,106700,0.0
2026-07-09,69.98,70.47,69.86,70.27,347400,0.0
2026-07-10,70.6,71.0,70.6,70.98,65900,0.0
2026-07-13,70.49,70.7,70.03,70.12,125000,0.0
2026-07-14,69.85,70.04,69.4,69.94,58800,0.0
2026-07-15,69.82,70.36,69.82,70.11,55247,0.0
2026-07-16,69.69,70.19,69.69,69.85,283600,0.0
2026-07-17,69.49,69.93,69.44,69.7,103000,0.0
2026-07-20,69.41,69.7,69.2,69.47,85600,0.0
2026-07-21,69.68,69.87,69.44,69.47,61900,0.0
2026-07-22,68.99,69.13,68.48,68.5,57200,0.0
2026-07-23,67.62,67.89,66.97,67.2,169000,0.0
2026-07-24,68.16,68.48,67.641,68.08,410519,0.0
2026-07-27,69.02,69.5,68.79,69.46,163300,0.0
2026-07-28,69.23,70.13,69.23,69.77,75500,0.0
2026-07-29,69.64,70.09,69.38,69.42,87100,0.0
2026-07-30,69.78,69.97,69.49,69.76,52300,0.0
2026-07-31,69.78,70.28,69.56,70.01,178500,0.0
2026-08-03,70.6,70.85,70.44,70.71,50600,0.0
2026-08-04,71.42,71.89,71.11,71.88,127700,0.0
2026-08-05,71.8,72.0,71.64,71.66,49000,0.0
2026-08-06,71.75,71.97,71.34,71.54,19600,0.0
2026-08-07,72.05,72.16,71.64,71.89,70400,0.0
2026-08-10,71.54,71.61,71.19,71.49,132000,0.0
2026-08-11,71.64,71.7,71.48,71.55,95800,0.0
2026-08-12,71.61,71.77,71.3,71.35,57208,0.0
2026-08-13,71.79,72.01,71.54,71.57,47369,0.0
