date,open,high,low,close,volume,amount
2007-07-26,48.48,48.67,47.5,47.9,101000,0.0
2007-07-27,47.78,48.04,47.15,47.17,579000,0.0
2007-07-30,47.87,48.14,47.66,47.96,298400,0.0
2007-07-31,48.51,48.67,47.9,47.9,210400,0.0
2007-08-01,47.68,49.0,47.24,48.1,353900,0.0
2007-08-02,47.92,48.14,47.66,47.96,251800,0.0
2007-08-03,47.82,47.82,47.14,47.17,309600,0.0
2007-08-06,47.29,47.9,47.25,47.89,232100,0.0
2007-08-07,47.4,48.24,47.4,47.96,181800,0.0
2007-08-08,48.4,48.9,48.38,48.68,135700,0.0
2007-08-09,47.46,47.85,47.2,47.22,195800,0.0
2007-08-10,47.25,47.25,46.19,46.59,291300,0.0
2007-08-13,47.03,47.11,46.67,46.67,133700,0.0
2007-08-14,46.91,46.91,46.05,46.07,64200,0.0
2007-08-15,45.49,45.99,44.97,44.98,345800,0.0
2007-08-16,44.73,44.79,43.69,44.77,552000,0.0
2007-08-17,45.7,45.7,44.88,45.4,403200,0.0
2007-08-20,45.63,45.63,45.0,45.46,672200,0.0
2007-08-21,45.33,45.63,45.33,45.45,41200,0.0
2007-08-22,46.18,46.59,46.18,46.59,96800,0.0
2007-08-23,46.95,47.01,46.5,46.79,329600,0.0
2007-08-24,46.81,47.54,46.79,47.54,112700,0.0
2007-08-27,47.3,47.3,47.07,47.07,111200,0.0
2007-08-28,46.76,46.76,45.9,45.92,256100,0.0
2007-08-29,46.55,47.15,46.37,47.14,177400,0.0
2007-08-30,46.43,47.13,46.43,46.8,173300,0.0
2007-08-31,47.76,47.98,47.53,47.86,684900,0.0
2007-09-04,47.62,48.18,47.47,48.09,136700,0.0
2007-09-05,47.35,47.41,47.13,47.26,90600,0.0
2007-09-06,47.39,47.66,47.19,47.54,278000,0.0
2007-09-07,47.01,47.07,46.74,46.88,197200,0.0
2007-09-10,47.0,47.04,46.36,46.69,176800,0.0
2007-09-11,47.16,47.54,47.16,47.53,685900,0.0
2007-09-12,47.3,47.67,47.25,47.49,56200,0.0
2007-09-13,47.73,47.91,47.65,47.75,137700,0.0
2007-09-14,47.28,47.63,47.23,47.53,164700,0.0
2007-09-17,47.13,47.19,46.7,46.86,99400,0.0
2007-09-18,47.12,48.48,47.06,48.35,147200,0.0
2007-09-19,48.83,49.13,48.77,48.86,115100,0.0
2007-09-20,48.89,49.1,48.74,48.76,378600,0.0
2007-09-21,49.13,49.27,48.99,49.11,212800,0.0
2007-09-24,49.34,49.34,49.01,49.06,165400,0.0
2007-09-25,48.94,49.3,48.89,49.3,56100,0.0
2007-09-26,49.54,49.59,49.34,49.48,94000,0.0
2007-09-27,50.06,50.08,49.83,50.07,191900,0.0
2007-09-28,50.14,50.31,49.89,50.14,258000,0.0
2007-10-01,50.14,50.91,50.14,50.86,640000,0.0
2007-10-02,50.77,50.78,50.48,50.7,375000,0.0
2007-10-03,50.62,50.65,50.39,50.42,581100,0.0
2007-10-04,50.63,50.72,50.42,50.64,815600,0.0
2007-10-05,50.86,51.25,50.85,51.13,405800,0.0
2007-10-08,50.79,50.8,50.55,50.64,245200,0.0
2007-10-09,50.76,51.27,50.76,51.27,183200,0.0
2007-10-10,51.04,51.19,50.92,51.12,202700,0.0
2007-10-11,51.68,51.92,51.28,51.37,154000,0.0
2007-10-12,51.3,51.63,51.22,51.52,180400,0.0
2007-10-15,51.51,51.52,50.94,51.08,299500,0.0
2007-10-16,50.57,50.62,50.31,50.38,476200,0.0
2007-10-17,51.04,51.07,50.57,50.9,266400,0.0
2007-10-18,50.85,51.12,50.79,51.02,165100,0.0
2007-10-19,50.74,50.75,49.92,49.95,365600,0.0
2007-10-22,49.55,49.8,49.39,49.78,493200,0.0
2007-10-23,50.47,50.61,50.17,50.6,408300,0.0
2007-10-24,50.38,50.46,49.73,50.44,197500,0.0
2007-10-25,50.48,50.67,50.27,50.62,513000,0.0
2007-10-26,51.26,51.62,51.19,51.57,79500,0.0
2007-10-29,51.7,52.05,51.7,52.04,135500,0.0
2007-10-30,51.67,51.81,51.64,51.66,126000,0.0
2007-10-31,51.93,52.6,51.8,52.36,247300,0.0
2007-11-01,51.55,51.55,51.05,51.05,514500,0.0
2007-11-02,51.11,51.41,50.86,51.35,390400,0.0
2007-11-05,50.53,50.86,50.47,50.76,268000,0.0
2007-11-06,51.29,51.48,51.05,51.48,191100,0.0
2007-11-07,51.17,51.33,50.43,50.49,634900,0.0
2007-11-08,50.76,50.9,50.2,50.83,358900,0.0
2007-11-09,50.65,50.65,49.54,49.64,221900,0.0
2007-11-12,49.23,49.52,48.79,48.85,254500,0.0
2007-11-13,49.68,50.31,49.66,50.29,346200,0.0
2007-11-14,51.02,51.02,50.0,50.11,118900,0.0
2007-11-15,49.5,49.68,48.89,49.2,363100,0.0
2007-11-16,49.53,49.53,49.0,49.39,518900,0.0
2007-11-19,49.5,49.5,47.92,48.15,341900,0.0
2007-11-20,48.9,49.3,48.62,49.14,321100,0.0
2007-11-21,49.12,49.12,47.81,48.14,212800,0.0
2007-11-23,48.33,50.98,48.29,49.18,137500,0.0
2007-11-26,49.62,49.62,48.43,48.43,352100,0.0
2007-11-27,48.98,49.26,48.7,49.25,254800,0.0
2007-11-28,49.4,50.6,49.4,50.53,280400,0.0
2007-11-29,50.16,50.42,49.94,50.21,177000,0.0
2007-11-30,50.42,51.18,50.22,50.39,346200,0.0
2007-12-03,50.45,50.45,50.18,50.2,245800,0.0
2007-12-04,50.2,50.48,49.82,49.85,319400,0.0
2007-12-05,50.36,50.7,50.34,50.55,214700,0.0
2007-12-06,50.04,51.02,50.04,51.02,375500,0.0
2007-12-07,50.86,50.9,50.72,50.82,533500,0.0
2007-12-10,51.04,51.35,51.03,51.31,230500,0.0
2007-12-11,51.32,51.39,49.93,50.06,212500,0.0
2007-12-12,51.53,51.53,50.5,50.85,511500,0.0
2007-12-13,49.98,50.2,49.49,49.99,512600,0.0
2007-12-14,49.97,49.97,48.6,48.64,399900,0.0
2007-12-17,48.83,48.83,47.57,47.59,349100,0.0
2007-12-18,48.33,48.36,47.5,48.11,462100,0.0
2007-12-19,48.45,48.45,47.5,47.78,387800,0.0
2007-12-20,48.0,48.05,47.69,47.94,284100,0.0
2007-12-21,48.5,48.73,48.45,48.73,743100,0.0
2007-12-24,49.32,49.32,47.74,47.95,307400,0.0
2007-12-26,48.26,49.0,47.88,48.22,219900,0.0
2007-12-27,50.4,50.4,47.77,47.78,387000,0.0
2007-12-28,48.33,48.36,48.12,48.29,388500,0.0
2007-12-31,48.38,48.4,47.75,47.92,528900,0.0
2008-01-02,48.27,48.39,47.19,47.81,688200,0.0
2008-01-03,47.9,48.02,47.77,47.89,225300,0.0
2008-01-04,47.54,47.55,46.71,46.84,411100,0.0
2008-01-07,47.0,47.03,46.62,46.9,759900,0.0
2008-01-08,47.37,47.5,46.48,46.52,368600,0.0
2008-01-09,46.85,46.93,46.29,46.82,229400,0.0
2008-01-10,46.7,47.93,46.26,46.77,388200,0.0
2008-01-11,46.64,46.64,45.8,45.96,207700,0.0
2008-01-14,46.76,46.78,46.45,46.7,172700,0.0
2008-01-15,46.44,46.44,45.15,45.23,322000,0.0
2008-01-16,45.07,45.14,43.21,44.3,545800,0.0
2008-01-17,44.93,44.93,43.41,43.55,484400,0.0
2008-01-18,44.44,44.56,43.47,43.71,428600,0.0
2008-01-22,42.0,56.11,40.94,42.47,461800,0.0
2008-01-23,41.09,42.84,40.15,42.38,708800,0.0
2008-01-24,42.8,43.64,42.79,43.56,365500,0.0
2008-01-25,46.28,49.05,43.07,43.37,508200,0.0
2008-01-28,43.45,43.73,42.7,43.71,311600,0.0
2008-01-29,44.39,44.39,43.6,44.02,433300,0.0
2008-01-30,44.34,44.71,43.43,43.73,192900,0.0
2008-01-31,43.32,44.61,43.03,44.38,348100,0.0
2008-02-01,45.4,45.4,44.48,45.0,451700,0.0
2008-02-04,44.67,44.88,44.53,44.54,241700,0.0
2008-02-05,44.19,44.78,42.64,42.76,494000,0.0
2008-02-06,43.2,43.24,42.59,42.65,724600,0.0
2008-02-07,42.59,42.62,41.97,42.35,761900,0.0
2008-02-08,42.62,42.62,41.65,41.94,254200,0.0
2008-02-11,41.61,42.21,41.61,42.09,329100,0.0
2008-02-12,42.76,43.33,42.68,42.91,280400,0.0
2008-02-13,43.46,43.46,42.77,43.16,212900,0.0
2008-02-14,44.18,44.18,43.05,43.12,360800,0.0
2008-02-15,43.17,43.21,42.86,43.18,220800,0.0
2008-02-19,44.16,44.19,43.52,43.79,426900,0.0
2008-02-20,43.65,43.65,42.79,43.39,315100,0.0
2008-02-21,43.82,43.94,43.37,43.46,291000,0.0
2008-02-22,43.85,43.92,43.19,43.92,338800,0.0
2008-02-25,44.17,44.62,43.85,44.57,469100,0.0
2008-02-26,44.87,45.5,44.54,45.33,385800,0.0
2008-02-27,45.35,45.64,44.99,45.4,414500,0.0
2008-02-28,45.14,45.28,44.85,45.04,371700,0.0
2008-02-29,44.83,44.83,43.81,43.93,408000,0.0
2008-03-03,43.92,44.01,43.6,43.94,504400,0.0
2008-03-04,43.28,43.56,42.85,43.37,306900,0.0
2008-03-05,43.77,44.14,43.5,43.81,280100,0.0
2008-03-06,43.92,43.97,43.23,43.36,411400,0.0
2008-03-07,42.99,43.31,42.58,42.78,501600,0.0
2008-03-10,43.05,43.05,42.28,42.36,411700,0.0
2008-03-11,43.04,43.73,42.95,43.72,303700,0.0
2008-03-12,44.02,44.09,43.64,43.75,366300,0.0
2008-03-13,43.37,44.03,42.5,43.79,341900,0.0
2008-03-14,43.95,43.96,42.52,42.83,406900,0.0
2008-03-17,42.39,42.51,41.58,42.16,608000,0.0
2008-03-18,42.91,43.45,42.8,43.45,164700,0.0
2008-03-19,42.98,43.25,41.85,41.85,300700,0.0
2008-03-20,42.08,42.48,41.51,42.28,382400,0.0
2008-03-24,43.01,43.35,42.74,43.13,405300,0.0
2008-03-25,43.78,43.95,43.35,43.87,255700,0.0
2008-03-26,44.18,44.19,43.68,43.83,244700,0.0
2008-03-27,44.87,44.93,43.86,43.9,175300,0.0
2008-03-28,44.17,44.25,43.76,43.81,180200,0.0
2008-03-31,45.15,45.15,43.82,44.08,818100,0.0
2008-04-01,44.37,45.37,44.37,45.36,250300,0.0
2008-04-02,45.72,45.74,45.15,45.51,251100,0.0
2008-04-03,45.0,45.76,44.94,45.63,190200,0.0
2008-04-04,45.79,45.98,45.5,45.84,340900,0.0
2008-04-07,46.58,46.58,46.0,46.02,172100,0.0
2008-04-08,45.77,45.77,45.36,45.62,170000,0.0
2008-04-09,45.55,45.63,45.16,45.33,715200,0.0
2008-04-10,45.11,45.47,44.83,45.14,155200,0.0
2008-04-11,44.6,44.99,44.47,44.55,240000,0.0
2008-04-14,45.12,45.12,44.45,44.58,103900,0.0
2008-04-15,44.93,44.93,44.61,44.84,185300,0.0
2008-04-16,45.68,46.38,45.61,46.38,473200,0.0
2008-04-17,46.01,46.01,45.53,45.89,245100,0.0
2008-04-18,46.91,46.91,45.95,46.17,300500,0.0
2008-04-21,46.44,46.53,46.14,46.53,210000,0.0
2008-04-22,46.62,46.62,45.79,46.01,526200,0.0
2008-04-23,46.13,46.33,45.78,46.18,399700,0.0
2008-04-24,46.52,46.52,45.55,45.95,370900,0.0
2008-04-25,46.6,46.6,46.24,46.47,429600,0.0
2008-04-28,47.15,47.15,46.59,46.66,478200,0.0
2008-04-29,46.82,46.82,46.17,46.22,764300,0.0
2008-04-30,47.53,47.53,46.36,46.45,495000,0.0
2008-05-01,46.56,46.82,46.12,46.82,206200,0.0
2008-05-02,47.19,47.19,46.71,46.94,547800,0.0
2008-05-05,47.29,47.29,46.89,47.01,417100,0.0
2008-05-06,47.18,47.33,46.75,47.19,290900,0.0
2008-05-07,47.05,47.07,46.34,46.44,329400,0.0
2008-05-08,46.83,47.05,46.71,46.72,184400,0.0
2008-05-09,46.52,46.65,46.34,46.56,208100,0.0
2008-05-12,46.48,47.04,46.48,47.0,201300,0.0
2008-05-13,47.05,47.05,46.63,46.83,288600,0.0
2008-05-14,47.47,47.47,46.83,46.86,138700,0.0
2008-05-15,47.14,47.63,47.12,47.56,167500,0.0
2008-05-16,47.87,48.13,47.72,48.13,259500,0.0
2008-05-19,48.07,48.29,47.9,48.05,204100,0.0
2008-05-20,47.9,47.9,47.43,47.61,195500,0.0
2008-05-21,47.74,47.74,46.97,47.08,236200,0.0
2008-05-22,47.38,48.0,47.38,47.53,233400,0.0
2008-05-23,47.78,47.78,46.9,46.9,176400,0.0
2008-05-27,46.81,46.85,46.54,46.85,240200,0.0
2008-05-28,47.08,47.08,46.53,46.92,559800,0.0
2008-05-29,47.13,47.13,46.5,46.77,251700,0.0
2008-05-30,47.09,47.1,46.88,47.01,209600,0.0
2008-06-02,48.25,48.25,46.38,46.57,303600,0.0
2008-06-03,47.07,47.07,46.2,46.41,222500,0.0
2008-06-04,46.4,46.41,46.04,46.18,294200,0.0
2008-06-05,46.97,46.97,46.16,46.9,240300,0.0
2008-06-06,46.49,46.49,45.55,45.58,765600,0.0
2008-06-09,46.08,46.08,45.27,45.55,199800,0.0
2008-06-10,44.77,45.0,44.63,44.73,188800,0.0
2008-06-11,44.91,44.91,44.08,44.12,293500,0.0
2008-06-12,44.01,44.18,43.78,43.94,232300,0.0
2008-06-13,43.93,44.37,43.86,44.3,189300,0.0
2008-06-16,44.35,44.66,44.25,44.52,198800,0.0
2008-06-17,44.55,45.03,44.55,44.68,198800,0.0
2008-06-18,44.5,44.5,44.13,44.28,139000,0.0
2008-06-19,44.34,44.34,43.93,44.16,191200,0.0
2008-06-20,44.13,44.13,43.12,43.22,402800,0.0
2008-06-23,43.45,43.45,43.05,43.15,214200,0.0
2008-06-24,43.14,43.3,42.79,43.04,352600,0.0
2008-06-25,43.14,43.85,43.14,43.53,359300,0.0
2008-06-26,43.37,43.37,42.37,42.45,802000,0.0
2008-06-27,42.26,42.88,42.26,42.66,332500,0.0
2008-06-30,43.15,43.15,42.84,42.93,602000,0.0
2008-07-01,42.21,42.52,41.82,42.5,7577400,0.0
2008-07-02,42.76,43.04,41.67,41.78,954200,0.0
2008-07-03,42.22,42.25,41.69,42.03,682600,0.0
2008-07-07,41.39,42.9,41.39,41.67,1786500,0.0
2008-07-08,41.64,41.92,41.24,41.89,677100,0.0
2008-07-09,42.06,42.17,41.44,41.52,1206700,0.0
2008-07-10,41.5,41.83,41.32,41.75,918400,0.0
2008-07-11,41.34,41.34,40.63,40.98,507500,0.0
2008-07-14,41.49,41.73,40.84,40.91,408300,0.0
2008-07-15,40.8,40.8,40.07,40.23,451800,0.0
2008-07-16,40.24,41.1,40.07,41.01,899900,0.0
2008-07-17,41.66,41.99,41.37,41.6,444300,0.0
2008-07-18,41.47,41.92,41.47,41.92,301200,0.0
2008-07-21,42.17,42.28,41.97,42.22,229200,0.0
2008-07-22,41.82,42.23,41.5,42.21,745900,0.0
2008-07-23,42.46,42.63,42.35,42.47,327600,0.0
2008-07-24,42.84,42.85,41.66,41.74,457200,0.0
2008-07-25,41.7,41.93,41.55,41.74,561900,0.0
2008-07-28,41.51,41.81,41.06,41.19,815200,0.0
2008-07-29,41.08,41.55,41.08,41.52,280200,0.0
2008-07-30,41.98,42.29,41.54,41.98,431100,0.0
2008-07-31,41.55,41.85,41.35,41.44,362900,0.0
2008-08-01,41.37,41.37,40.79,40.9,588700,0.0
2008-08-04,40.85,40.85,40.46,40.52,486700,0.0
2008-08-05,40.89,41.53,40.89,41.51,277200,0.0
2008-08-06,41.61,41.61,41.15,41.53,278100,0.0
2008-08-07,41.26,41.59,40.63,40.72,361200,0.0
2008-08-08,40.45,40.97,40.12,40.85,315300,0.0
2008-08-11,41.0,41.09,40.75,40.88,207400,0.0
2008-08-12,40.86,40.9,40.49,40.69,2245900,0.0
2008-08-13,40.04,40.15,39.66,39.95,346800,0.0
2008-08-14,39.77,39.98,39.56,39.78,554000,0.0
2008-08-15,39.68,39.68,39.36,39.5,618700,0.0
2008-08-18,39.94,39.94,39.2,39.29,1126500,0.0
2008-08-19,38.95,38.95,38.5,38.85,2743000,0.0
2008-08-20,38.88,39.15,38.74,39.05,1957500,0.0
2008-08-21,38.9,39.37,38.9,39.29,845300,0.0
2008-08-22,39.25,39.49,39.2,39.46,693400,0.0
2008-08-25,39.37,39.45,38.7,38.81,470300,0.0
2008-08-26,38.7,39.17,38.67,39.0,710500,0.0
2008-08-27,39.07,39.4,39.06,39.4,343400,0.0
2008-08-28,39.72,39.93,39.72,39.86,632500,0.0
2008-08-29,40.06,40.11,39.7,39.78,260200,0.0
2008-09-02,40.22,40.22,39.08,39.18,576300,0.0
2008-09-03,39.21,39.21,38.79,38.99,505600,0.0
2008-09-04,38.58,38.58,37.26,37.26,1293700,0.0
2008-09-05,37.17,37.28,36.66,37.23,874500,0.0
2008-09-08,38.25,38.37,37.44,37.94,649400,0.0
2008-09-09,37.67,37.84,36.77,36.86,551900,0.0
2008-09-10,37.37,37.37,36.93,37.05,707700,0.0
2008-09-11,36.24,36.97,36.07,36.97,726200,0.0
2008-09-12,36.7,37.73,36.7,37.73,479000,0.0
2008-09-15,36.01,36.58,35.9,36.12,581600,0.0
2008-09-16,35.13,35.99,35.01,35.93,684200,0.0
2008-09-17,35.33,35.44,34.25,34.68,781600,0.0
2008-09-18,35.09,36.27,34.52,36.0,641900,0.0
2008-09-19,38.56,40.0,37.11,38.39,541100,0.0
2008-09-22,38.37,38.56,37.46,37.8,765700,0.0
2008-09-23,37.98,37.98,36.65,36.94,623100,0.0
2008-09-24,37.15,37.58,36.73,36.96,513700,0.0
2008-09-25,37.15,37.84,37.15,37.7,549500,0.0
2008-09-26,36.87,37.4,36.75,37.4,587400,0.0
2008-09-29,35.48,35.49,32.78,33.69,1273600,0.0
2008-09-30,34.56,35.17,34.3,35.17,1891300,0.0
2008-10-01,34.79,35.22,34.32,34.99,669500,0.0
2008-10-02,34.39,34.4,33.28,33.49,875200,0.0
2008-10-03,33.51,34.62,33.25,33.4,789100,0.0
2008-10-06,31.82,32.07,30.1,31.47,860400,0.0
2008-10-07,31.97,32.17,29.97,30.07,784500,0.0
2008-10-08,29.48,30.46,28.88,29.28,780000,0.0
2008-10-09,30.15,30.17,27.23,27.6,885900,0.0
2008-10-10,25.82,27.32,25.09,26.74,1627000,0.0
2008-10-13,28.57,30.84,28.26,30.84,1478800,0.0
2008-10-14,31.83,32.06,29.56,30.2,2294000,0.0
2008-10-15,29.42,29.58,26.87,26.87,1289300,0.0
2008-10-16,27.54,28.27,26.02,28.25,1373900,0.0
2008-10-17,27.25,28.91,26.97,27.8,908500,0.0
2008-10-20,28.59,29.17,28.34,29.17,2216500,0.0
2008-10-21,28.54,28.77,27.71,27.95,781500,0.0
2008-10-22,26.87,27.01,25.11,25.65,1390400,0.0
2008-10-23,25.76,26.53,24.98,26.17,1260400,0.0
2008-10-24,23.73,25.33,23.73,24.75,863400,0.0
2008-10-27,23.95,24.57,23.5,23.63,1143100,0.0
2008-10-28,24.78,26.54,23.99,25.41,1025600,0.0
2008-10-29,26.11,27.69,26.0,26.84,1042000,0.0
2008-10-30,28.09,28.27,27.03,27.65,1476400,0.0
2008-10-31,27.04,28.2,26.87,27.94,1030900,0.0
2008-11-03,27.76,28.1,27.63,27.93,1182900,0.0
2008-11-04,28.85,29.92,28.68,29.91,1415000,0.0
2008-11-05,29.36,29.78,28.3,28.41,1272000,0.0
2008-11-06,28.03,28.19,26.19,26.35,1070400,0.0
2008-11-07,27.29,27.96,27.26,27.96,1358500,0.0
2008-11-10,28.38,28.43,27.13,27.59,1086100,0.0
2008-11-11,26.9,26.96,26.09,26.55,1387400,0.0
2008-11-12,25.98,26.06,25.11,25.16,994200,0.0
2008-11-13,25.53,27.14,24.51,27.06,3193700,0.0
2008-11-14,26.01,26.75,25.44,25.68,1428800,0.0
2008-11-17,25.29,25.9,24.97,25.27,808700,0.0
2008-11-18,24.99,25.59,24.62,25.33,1026500,0.0
2008-11-19,24.82,25.24,23.58,23.7,960600,0.0
2008-11-20,23.53,23.92,22.3,22.49,2025500,0.0
2008-11-21,23.62,24.17,22.33,23.72,1832400,0.0
2008-11-24,24.5,25.9,24.14,25.51,2062200,0.0
2008-11-25,26.17,26.55,25.16,25.85,1375800,0.0
2008-11-26,25.15,26.31,25.04,26.18,1994900,0.0
2008-11-28,25.93,26.18,25.69,26.09,602000,0.0
2008-12-01,25.2,25.25,23.86,23.94,5099700,0.0
2008-12-02,24.85,25.3,24.48,25.25,3496900,0.0
2008-12-03,24.56,25.51,24.34,25.5,2736400,0.0
2008-12-04,24.83,25.25,24.27,24.76,2614900,0.0
2008-12-05,24.39,25.37,23.75,25.26,3314400,0.0
2008-12-08,25.88,26.46,25.69,26.3,2440900,0.0
2008-12-09,26.07,26.64,25.86,26.1,4962300,0.0
2008-12-10,26.46,27.46,26.26,26.75,2908300,0.0
2008-12-11,26.78,27.17,26.34,26.95,2744500,0.0
2008-12-12,27.08,27.08,26.04,26.88,3371500,0.0
2008-12-15,26.98,27.01,26.51,26.92,1903700,0.0
2008-12-16,28.48,28.58,26.88,28.48,3046400,0.0
2008-12-17,27.91,28.6,27.83,28.36,3435800,0.0
2008-12-18,28.22,28.26,27.1,27.42,3844800,0.0
2008-12-19,27.29,27.59,26.92,27.09,3848700,0.0
2008-12-22,27.33,27.39,26.55,27.01,5693600,0.0
2008-12-23,26.98,27.23,26.53,26.72,3685200,0.0
2008-12-24,26.27,26.27,25.82,26.16,2336700,0.0
2008-12-26,26.4,26.41,26.06,26.24,1375500,0.0
2008-12-29,26.77,26.77,26.11,26.28,1950700,0.0
2008-12-30,26.62,27.14,26.56,27.12,4274100,0.0
2008-12-31,26.99,27.68,26.86,27.47,3225000,0.0
2009-01-02,27.36,27.83,27.18,27.64,1257800,0.0
2009-01-05,27.27,27.5,27.1,27.23,2312300,0.0
2009-01-06,27.42,27.79,27.18,27.47,1117200,0.0
2009-01-07,27.41,27.54,26.94,27.14,1378600,0.0
2009-01-08,27.1,27.48,26.93,27.46,667500,0.0
2009-01-09,27.21,27.21,26.6,26.63,1091400,0.0
2009-01-12,26.49,26.5,25.87,25.98,1049400,0.0
2009-01-13,25.49,25.72,25.31,25.51,973200,0.0
2009-01-14,24.86,24.86,24.35,24.39,1340500,0.0
2009-01-15,24.58,24.87,23.96,24.67,1572000,0.0
2009-01-16,25.21,25.3,24.27,24.86,967600,0.0
2009-01-20,24.05,24.07,23.0,23.0,1887500,0.0
2009-01-21,23.47,24.12,23.19,24.07,1297200,0.0
2009-01-22,23.31,23.76,23.08,23.55,1155600,0.0
2009-01-23,22.65,23.56,22.65,23.33,1275700,0.0
2009-01-26,23.62,24.16,23.56,23.87,1169600,0.0
2009-01-27,24.16,24.4,23.92,24.22,1706400,0.0
2009-01-28,24.92,25.16,24.75,25.02,1051300,0.0
2009-01-29,24.35,24.39,23.81,23.88,681000,0.0
2009-01-30,24.12,24.16,23.49,23.62,1541000,0.0
2009-02-02,22.75,23.55,22.75,23.45,927800,0.0
2009-02-03,23.7,24.24,23.49,24.06,701200,0.0
2009-02-04,24.13,24.54,23.87,23.96,907000,0.0
2009-02-05,23.79,24.49,23.64,24.25,728900,0.0
2009-02-06,24.38,24.99,24.34,24.82,787600,0.0
2009-02-09,24.89,25.03,24.68,24.87,846500,0.0
2009-02-10,24.62,24.79,23.54,23.64,1112200,0.0
2009-02-11,24.02,24.1,23.56,23.86,919800,0.0
2009-02-12,23.44,23.85,23.17,23.82,922800,0.0
2009-02-13,23.73,23.9,23.54,23.57,885800,0.0
2009-02-17,22.57,22.65,22.25,22.31,952000,0.0
2009-02-18,22.53,22.53,22.05,22.28,1278500,0.0
2009-02-19,22.78,22.9,22.18,22.25,1407900,0.0
2009-02-20,21.9,22.25,21.56,22.0,1801500,0.0
2009-02-23,22.12,22.17,21.15,21.17,1590200,0.0
2009-02-24,21.35,22.11,21.1,21.99,1644900,0.0
2009-02-25,21.71,21.82,21.15,21.48,1760300,0.0
2009-02-26,21.81,21.96,21.25,21.3,1604500,0.0
2009-02-27,21.42,21.69,21.03,21.24,1506300,0.0
2009-03-02,20.95,20.95,20.03,20.1,2986900,0.0
2009-03-03,20.25,20.43,19.77,19.94,2168000,0.0
2009-03-04,20.56,21.02,20.33,20.77,1615400,0.0
2009-03-05,20.2,20.42,19.7,19.93,1215400,0.0
2009-03-06,20.25,20.38,19.48,19.97,2955000,0.0
2009-03-09,19.31,19.76,19.27,19.44,1779300,0.0
2009-03-10,20.2,20.78,20.15,20.65,1298000,0.0
2009-03-11,20.95,21.11,20.58,20.76,834900,0.0
2009-03-12,20.53,21.31,20.41,21.31,1062000,0.0
2009-03-13,21.41,21.46,21.06,21.36,1008500,0.0
2009-03-16,21.78,22.11,21.59,21.64,697500,0.0
2009-03-17,21.58,22.22,21.47,22.2,1695500,0.0
2009-03-18,21.94,22.95,21.72,22.85,1547800,0.0
2009-03-19,23.36,23.4,22.77,22.84,1372300,0.0
2009-03-20,22.79,23.71,22.41,22.51,1675900,0.0
2009-03-23,23.3,24.15,23.17,24.1,860200,0.0
2009-03-24,23.51,24.85,23.34,23.34,1061000,0.0
2009-03-25,23.53,24.09,23.26,23.76,969100,0.0
2009-03-26,23.97,24.21,23.7,24.05,1434700,0.0
2009-03-27,23.47,23.49,23.19,23.27,2584900,0.0
2009-03-30,22.59,22.59,22.19,22.42,999100,0.0
2009-03-31,22.79,23.29,22.69,23.01,1882800,0.0
2009-04-01,22.84,23.68,22.82,23.62,1999500,0.0
2009-04-02,24.4,25.06,24.4,24.68,1290100,0.0
2009-04-03,24.63,24.83,24.4,24.8,7329200,0.0
2009-04-06,24.32,24.42,24.03,24.36,6231100,0.0
2009-04-07,23.96,24.1,23.76,23.86,1305100,0.0
2009-04-08,24.04,24.25,23.79,24.06,971400,0.0
2009-04-09,24.7,24.7,24.38,24.67,967600,0.0
2009-04-13,24.64,25.18,24.52,24.92,900800,0.0
2009-04-14,24.77,25.03,24.66,24.74,1233400,0.0
2009-04-15,24.6,25.1,24.53,25.03,2630400,0.0
2009-04-16,25.16,25.34,24.9,25.18,543600,0.0
2009-04-17,25.26,25.3,25.01,25.17,557500,0.0
2009-04-20,24.58,24.8,24.06,24.08,693600,0.0
2009-04-21,23.84,24.68,23.83,24.61,115500,0.0
2009-04-22,24.29,24.9,24.21,24.45,990100,0.0
2009-04-23,24.81,25.11,24.58,25.08,762300,0.0
2009-04-24,25.46,25.69,25.32,25.49,891400,0.0
2009-04-27,25.06,25.49,25.0,25.16,869900,0.0
2009-04-28,24.73,25.18,24.64,24.98,566900,0.0
2009-04-29,25.4,25.88,25.32,25.67,939500,0.0
2009-04-30,25.97,26.17,25.61,25.73,1008800,0.0
2009-05-01,25.83,26.09,25.71,26.09,840500,0.0
2009-05-04,26.69,27.09,26.25,27.06,973100,0.0
2009-05-05,27.02,27.06,26.69,26.69,527800,0.0
2009-05-06,27.4,27.57,27.02,27.51,1139600,0.0
2009-05-07,27.81,27.81,26.9,27.1,919300,0.0
2009-05-08,27.7,28.29,27.53,28.21,573800,0.0
2009-05-11,27.68,27.72,27.44,27.57,907700,0.0
2009-05-12,27.89,28.01,27.44,27.8,648900,0.0
2009-05-13,27.19,27.21,26.78,26.85,694900,0.0
2009-05-14,26.83,27.35,26.8,27.17,1671300,0.0
2009-05-15,27.18,27.41,26.8,26.85,2771800,0.0
2009-05-18,27.56,27.97,27.4,27.91,916500,0.0
2009-05-19,28.02,28.28,27.96,28.09,2622400,0.0
2009-05-20,28.35,28.72,28.23,28.29,638900,0.0
2009-05-21,27.94,28.12,27.78,28.02,978500,0.0
2009-05-22,28.26,28.39,28.09,28.24,460900,0.0
2009-05-26,28.25,28.86,27.82,28.74,543200,0.0
2009-05-27,28.82,28.82,28.16,28.27,2082700,0.0
2009-05-28,28.45,28.58,28.02,28.47,815400,0.0
2009-05-29,28.84,29.09,28.64,29.09,596500,0.0
2009-06-01,29.66,30.01,29.58,29.79,686600,0.0
2009-06-02,29.61,30.08,29.61,30.07,700200,0.0
2009-06-03,29.45,29.45,28.83,29.21,1449800,0.0
2009-06-04,29.18,29.37,28.99,29.32,443800,0.0
2009-06-05,29.42,29.42,28.78,28.99,906100,0.0
2009-06-08,28.62,29.02,28.37,28.82,643300,0.0
2009-06-09,28.95,29.27,28.84,29.11,647800,0.0
2009-06-10,29.64,29.64,28.89,29.22,599800,0.0
2009-06-11,29.46,30.06,29.46,29.71,599900,0.0
2009-06-12,29.49,29.65,29.29,29.58,815600,0.0
2009-06-15,29.02,29.02,28.34,28.59,828500,0.0
2009-06-16,28.76,28.79,28.22,28.27,492200,0.0
2009-06-17,28.23,28.5,27.92,28.3,856500,0.0
2009-06-18,28.19,28.55,28.1,28.33,718400,0.0
2009-06-19,28.68,28.81,28.55,28.68,596700,0.0
2009-06-22,28.41,28.42,27.7,27.76,1146600,0.0
2009-06-23,28.19,28.31,27.88,28.22,615500,0.0
2009-06-24,28.6,28.76,28.08,28.08,762000,0.0
2009-06-25,28.04,28.79,28.0,28.78,720800,0.0
2009-06-26,28.82,28.89,28.56,28.78,676200,0.0
2009-06-29,28.9,29.11,28.73,28.88,495400,0.0
2009-06-30,29.02,29.07,28.5,28.56,1296600,0.0
2009-07-01,29.15,29.45,29.08,29.24,3855600,0.0
2009-07-02,28.65,28.86,28.26,28.35,1562800,0.0
2009-07-06,28.0,28.43,27.95,28.39,714200,0.0
2009-07-07,28.22,28.27,27.65,27.69,892500,0.0
2009-07-08,27.78,27.81,27.24,27.54,631800,0.0
2009-07-09,27.99,28.1,27.71,28.1,870700,0.0
2009-07-10,27.51,27.68,27.33,27.55,524200,0.0
2009-07-13,27.72,28.13,27.46,28.05,440100,0.0
2009-07-14,28.23,28.31,27.97,28.12,385900,0.0
2009-07-15,28.84,29.22,28.78,28.97,793600,0.0
2009-07-16,29.19,29.54,29.08,29.44,536600,0.0
2009-07-17,29.3,29.46,29.17,29.4,895000,0.0
2009-07-20,29.81,29.98,29.63,29.91,633100,0.0
2009-07-21,30.29,30.31,29.78,30.06,788000,0.0
2009-07-22,29.91,30.32,29.84,30.17,509700,0.0
2009-07-23,30.16,30.86,30.12,30.61,1103400,0.0
2009-07-24,30.68,30.87,30.46,30.87,566500,0.0
2009-07-27,30.72,30.94,30.54,30.88,510300,0.0
2009-07-28,30.7,30.83,30.42,30.78,1095700,0.0
2009-07-29,30.71,30.76,30.35,30.42,1232600,0.0
2009-07-30,31.2,31.37,30.96,31.14,386400,0.0
2009-07-31,31.31,31.74,31.16,31.58,720900,0.0
2009-08-03,32.16,32.45,31.27,32.43,798800,0.0
2009-08-04,32.08,32.39,31.97,32.39,1077400,0.0
2009-08-05,32.14,32.28,31.71,32.28,873100,0.0
2009-08-06,32.23,32.26,31.7,32.06,520200,0.0
2009-08-07,32.1,32.16,31.88,31.99,532600,0.0
2009-08-10,31.82,31.9,31.58,31.76,576600,0.0
2009-08-11,31.63,31.64,31.36,31.54,509900,0.0
2009-08-12,31.47,32.15,31.47,31.94,507500,0.0
2009-08-13,32.33,32.48,32.1,32.45,1127100,0.0
2009-08-14,32.53,32.53,31.91,32.17,694500,0.0
2009-08-17,31.21,31.22,31.0,31.11,490200,0.0
2009-08-18,31.35,31.75,31.27,31.63,513800,0.0
2009-08-19,31.28,32.0,31.2,31.88,345100,0.0
2009-08-20,31.95,32.32,31.87,32.21,698000,0.0
2009-08-21,32.67,32.95,32.6,32.84,519500,0.0
2009-08-24,33.01,33.13,32.77,32.83,571200,0.0
2009-08-25,33.14,33.4,33.07,33.12,538600,0.0
2009-08-26,32.9,32.98,32.67,32.96,664200,0.0
2009-08-27,32.89,33.33,32.58,33.22,453000,0.0
2009-08-28,33.57,33.59,33.13,33.24,598800,0.0
2009-08-31,32.98,34.27,32.78,33.0,457200,0.0
2009-09-01,32.72,33.1,32.09,32.2,2280100,0.0
2009-09-02,32.07,32.36,31.96,32.24,485500,0.0
2009-09-03,32.54,32.55,32.17,32.49,1102400,0.0
2009-09-04,32.45,32.97,32.29,32.89,444100,0.0
2009-09-08,33.55,33.7,33.37,33.52,1055100,0.0
2009-09-09,33.78,34.05,33.68,33.95,2298900,0.0
2009-09-10,33.92,34.32,33.67,34.22,1076300,0.0
2009-09-11,34.68,34.68,34.03,34.11,842300,0.0
2009-09-14,33.8,34.22,33.72,34.2,816800,0.0
2009-09-15,34.09,34.35,33.85,34.11,723400,0.0
2009-09-16,34.61,35.02,34.51,35.01,3050200,0.0
2009-09-17,34.77,35.0,34.59,34.8,3352800,0.0
2009-09-18,35.0,35.0,34.68,34.86,1323900,0.0
2009-09-21,34.24,34.54,34.15,34.48,482500,0.0
2009-09-22,35.03,35.03,34.78,34.92,710000,0.0
2009-09-23,35.14,35.25,34.59,34.74,1287200,0.0
2009-09-24,34.88,34.92,33.94,34.15,1084700,0.0
2009-09-25,34.14,34.32,33.93,34.15,719100,0.0
2009-09-28,34.11,34.63,34.07,34.45,1370300,0.0
2009-09-29,34.32,34.44,34.09,34.26,653800,0.0
2009-09-30,34.45,34.56,33.97,34.3,1009500,0.0
2009-10-01,34.08,34.12,33.33,33.33,4047900,0.0
2009-10-02,32.91,33.27,32.84,33.03,1572300,0.0
2009-10-05,33.05,33.61,32.99,33.5,750900,0.0
2009-10-06,33.88,34.3,33.84,34.05,2307000,0.0
2009-10-07,34.07,34.17,33.89,34.17,553200,0.0
2009-10-08,34.63,34.9,34.4,34.7,888300,0.0
2009-10-09,34.58,34.64,34.42,34.56,784000,0.0
2009-10-12,34.95,35.03,34.7,34.76,379000,0.0
2009-10-13,34.78,34.82,34.5,34.75,481300,0.0
2009-10-14,35.45,35.61,35.27,35.59,471000,0.0
2009-10-15,35.42,35.73,35.31,35.72,454300,0.0
2009-10-16,35.15,35.29,34.95,35.18,729100,0.0
2009-10-19,35.47,35.85,35.38,35.76,373200,0.0
2009-10-20,35.87,35.88,35.3,35.56,713600,0.0
2009-10-21,35.51,36.01,35.43,35.43,2083600,0.0
2009-10-22,35.42,35.89,35.13,35.79,528600,0.0
2009-10-23,35.68,35.77,35.05,35.2,667700,0.0
2009-10-26,35.32,35.58,34.54,34.64,577500,0.0
2009-10-27,34.74,34.85,34.35,34.46,776800,0.0
2009-10-28,34.12,34.22,33.47,33.54,560400,0.0
2009-10-29,33.9,34.68,33.9,34.56,653000,0.0
2009-10-30,34.38,34.44,33.33,33.35,4095500,0.0
2009-11-02,33.66,34.13,33.3,33.7,1076900,0.0
2009-11-03,33.06,33.61,33.04,33.58,1286300,0.0
2009-11-04,33.95,34.24,33.84,34.07,850000,0.0
2009-11-05,34.3,34.54,34.16,34.38,477500,0.0
2009-11-06,34.11,34.52,34.04,34.46,584900,0.0
2009-11-09,35.1,35.44,35.02,35.38,1097100,0.0
2009-11-10,35.09,35.31,34.98,35.28,1059700,0.0
2009-11-11,35.53,35.64,35.2,35.37,500400,0.0
2009-11-12,35.25,35.4,34.76,34.82,638700,0.0
2009-11-13,35.04,35.42,34.85,35.34,742300,0.0
2009-11-16,35.65,36.1,35.59,35.89,1021700,0.0
2009-11-17,35.54,35.8,35.31,35.63,987000,0.0
2009-11-18,35.68,35.68,35.32,35.54,472800,0.0
2009-11-19,35.03,35.16,34.59,34.79,1222500,0.0
2009-11-20,34.45,34.7,34.39,34.61,2961200,0.0
2009-11-23,35.43,35.52,35.16,35.25,758600,0.0
2009-11-24,35.25,35.34,34.87,35.06,789100,0.0
2009-11-25,35.24,35.61,35.24,35.61,564600,0.0
2009-11-27,34.07,34.8,34.03,34.52,383500,0.0
2009-11-30,34.6,34.88,34.36,34.72,1428000,0.0
2009-12-01,35.41,35.75,35.32,35.65,653100,0.0
2009-12-02,35.65,35.88,35.54,35.69,997700,0.0
2009-12-03,35.92,36.1,35.54,35.62,1004500,0.0
2009-12-04,35.95,36.09,35.26,35.49,972600,0.0
2009-12-07,35.31,35.6,35.23,35.28,901900,0.0
2009-12-08,34.86,34.95,34.57,34.68,666300,0.0
2009-12-09,34.62,34.76,34.28,34.76,642400,0.0
2009-12-10,34.92,34.94,34.64,34.74,665700,0.0
2009-12-11,34.88,34.9,34.67,34.79,751500,0.0
2009-12-14,35.03,35.12,34.89,35.06,812000,0.0
2009-12-15,34.7,34.87,34.63,34.72,871000,0.0
2009-12-16,35.06,35.29,34.98,35.11,1005000,0.0
2009-12-17,34.53,34.54,34.18,34.26,1050600,0.0
2009-12-18,34.36,34.5,33.99,34.3,1056200,0.0
2009-12-21,34.34,34.62,34.34,34.48,737100,0.0
2009-12-22,34.59,34.74,34.49,34.68,955400,0.0
2009-12-23,34.88,35.01,34.73,35.01,864900,0.0
2009-12-24,34.31,34.4,34.27,34.36,525000,0.0
2009-12-28,34.52,34.52,34.38,34.5,789800,0.0
2009-12-29,34.72,34.73,34.39,34.51,1272500,0.0
2009-12-30,34.24,34.49,34.17,34.49,1453100,0.0
2009-12-31,34.6,34.7,34.16,34.2,902000,0.0
2010-01-04,35.18,35.19,34.88,35.12,2165800,0.0
2010-01-05,35.16,35.27,34.96,35.14,881800,0.0
2010-01-06,35.04,35.23,35.01,35.15,2264900,0.0
2010-01-07,34.99,35.08,34.79,35.08,811700,0.0
2010-01-08,35.15,35.48,35.04,35.46,710000,0.0
2010-01-11,35.73,35.76,35.51,35.68,813900,0.0
2010-01-12,35.28,35.42,35.13,35.27,658500,0.0
2010-01-13,35.44,35.65,35.17,35.6,674100,0.0
2010-01-14,35.57,35.84,35.5,35.8,2226300,0.0
2010-01-15,35.57,35.58,35.05,35.22,764900,0.0
2010-01-19,35.14,35.65,35.08,35.61,514600,0.0
2010-01-20,34.92,34.92,34.34,34.7,916300,0.0
2010-01-21,34.66,34.7,33.72,33.98,1492100,0.0
2010-01-22,33.82,33.98,33.21,33.22,1406400,0.0
2010-01-25,33.82,33.96,33.6,33.71,744200,0.0
2010-01-26,33.43,33.78,33.32,33.53,1246800,0.0
2010-01-27,33.32,33.48,33.02,33.46,735100,0.0
2010-01-28,33.47,33.48,32.66,32.91,990700,0.0
2010-01-29,32.96,33.13,32.34,32.34,1481000,0.0
2010-02-01,32.88,33.03,32.82,32.96,2295000,0.0
2010-02-02,33.24,33.6,33.09,33.6,799700,0.0
2010-02-03,33.28,33.43,33.03,33.09,879600,0.0
2010-02-04,32.6,32.64,31.8,31.8,1747700,0.0
2010-02-05,31.62,31.73,30.83,31.52,1681300,0.0
2010-02-08,31.4,31.75,31.17,31.24,939300,0.0
2010-02-09,31.9,32.45,31.59,32.17,1529900,0.0
2010-02-10,32.01,32.11,31.63,31.97,1048500,0.0
2010-02-11,31.81,32.31,31.59,32.24,697700,0.0
2010-02-12,31.69,32.16,31.52,32.16,786200,0.0
2010-02-16,32.19,32.73,31.97,32.67,753200,0.0
2010-02-17,32.79,32.86,32.57,32.71,1256000,0.0
2010-02-18,32.6,33.01,32.57,33.01,1493700,0.0
2010-02-19,32.42,32.78,32.33,32.71,919500,0.0
2010-02-22,32.93,32.94,32.69,32.76,635700,0.0
2010-02-23,32.65,32.71,32.22,32.39,1400600,0.0
2010-02-24,32.41,32.69,32.28,32.49,541600,0.0
2010-02-25,31.91,32.37,31.78,32.36,944900,0.0
2010-02-26,32.3,32.65,32.08,32.58,828100,0.0
2010-03-01,32.67,32.87,32.51,32.82,574500,0.0
2010-03-02,33.07,33.25,32.9,33.06,1060800,0.0
2010-03-03,33.31,33.64,33.25,33.53,775300,0.0
2010-03-04,33.49,33.53,33.18,33.36,845200,0.0
2010-03-05,33.58,34.55,33.52,34.11,939700,0.0
2010-03-08,34.14,34.14,33.88,34.02,719300,0.0
2010-03-09,33.74,34.06,33.64,33.92,829400,0.0
2010-03-10,33.97,34.21,33.88,34.14,635400,0.0
2010-03-11,34.05,34.25,33.89,34.25,707000,0.0
2010-03-12,34.49,34.5,34.26,34.41,1371800,0.0
2010-03-15,34.17,34.22,33.92,34.2,731100,0.0
2010-03-16,34.32,34.65,34.22,34.6,2640600,0.0
2010-03-17,34.77,34.94,34.69,34.8,1089700,0.0
2010-03-18,34.68,34.71,34.37,34.59,803000,0.0
2010-03-19,34.23,34.56,34.05,34.23,3199500,0.0
2010-03-22,33.78,34.33,33.73,34.3,1212900,0.0
2010-03-23,34.31,34.58,34.17,34.58,1893700,0.0
2010-03-24,33.99,34.09,33.85,33.96,760800,0.0
2010-03-25,34.29,34.38,33.94,34.0,782600,0.0
2010-03-26,34.23,34.41,34.06,34.21,2484300,0.0
2010-03-29,34.4,34.58,34.36,34.56,647700,0.0
2010-03-30,34.65,34.77,34.42,34.59,843600,0.0
2010-03-31,34.49,34.71,34.36,34.62,641000,0.0
2010-04-01,34.98,35.14,34.9,35.13,5545900,0.0
2010-04-05,35.15,35.25,35.04,35.08,3538400,0.0
2010-04-06,34.77,35.12,34.72,35.12,1032200,0.0
2010-04-07,34.87,34.95,34.68,34.76,907100,0.0
2010-04-08,34.46,34.83,34.36,34.79,512100,0.0
2010-04-09,34.9,35.35,34.9,35.3,2322400,0.0
2010-04-12,35.36,35.53,35.35,35.44,747100,0.0
2010-04-13,35.48,35.49,35.14,35.4,476100,0.0
2010-04-14,35.68,35.9,35.55,35.85,665000,0.0
2010-04-15,35.63,35.9,35.58,35.88,812100,0.0
2010-04-16,35.55,35.68,34.9,35.04,1077700,0.0
2010-04-19,34.7,35.0,34.55,34.97,538600,0.0
2010-04-20,35.28,35.3,35.12,35.24,512600,0.0
2010-04-21,35.05,35.12,34.79,34.97,965300,0.0
2010-04-22,34.38,34.69,34.2,34.63,698500,0.0
2010-04-23,34.52,34.89,34.41,34.86,1395000,0.0
2010-04-26,34.93,35.06,34.87,34.93,1404400,0.0
2010-04-27,34.4,34.67,33.48,33.55,4184500,0.0
2010-04-28,33.8,33.88,33.22,33.52,1939000,0.0
2010-04-29,33.93,34.17,33.86,34.1,1094100,0.0
2010-04-30,34.12,34.13,33.59,33.66,1583800,0.0
2010-05-03,33.75,33.99,33.64,33.84,1021600,0.0
2010-05-04,32.98,33.0,32.4,32.5,1481000,0.0
2010-05-05,31.77,32.25,31.72,31.94,1871600,0.0
2010-05-06,31.67,31.88,26.98,30.43,2733300,0.0
2010-05-07,30.87,31.07,29.8,30.36,3775100,0.0
2010-05-10,32.37,32.6,32.03,32.33,2894100,0.0
2010-05-11,31.61,32.33,31.53,31.91,8357700,0.0
2010-05-12,32.21,32.4,32.09,32.22,2552600,0.0
2010-05-13,32.04,32.24,31.79,31.83,2144800,0.0
2010-05-14,31.45,31.5,30.66,30.95,1608400,0.0
2010-05-17,31.06,31.17,30.24,30.87,3641500,0.0
2010-05-18,31.21,31.28,30.08,30.2,1437200,0.0
2010-05-19,30.17,30.49,29.86,30.41,2361500,0.0
2010-05-20,29.47,29.83,29.01,29.03,2292400,0.0
2010-05-21,29.04,30.1,28.97,29.97,2222300,0.0
2010-05-24,29.61,29.84,29.29,29.3,1346800,0.0
2010-05-25,28.41,29.24,28.31,29.24,2889100,0.0
2010-05-26,29.31,29.49,28.67,28.77,1782200,0.0
2010-05-27,29.83,30.38,29.63,30.38,1401500,0.0
2010-05-28,30.23,30.3,29.68,29.78,1105400,0.0
2010-06-01,29.57,30.25,29.44,29.44,2028000,0.0
2010-06-02,29.63,30.34,29.47,30.34,1032700,0.0
2010-06-03,30.49,30.51,29.98,30.18,2029500,0.0
2010-06-04,29.52,29.64,28.82,28.95,14135200,0.0
2010-06-07,29.11,29.22,28.51,28.52,3519900,0.0
2010-06-08,28.64,29.03,28.45,28.98,2864400,0.0
2010-06-09,29.18,29.48,28.75,28.9,1225900,0.0
2010-06-10,29.78,30.15,29.66,30.12,1523700,0.0
2010-06-11,29.79,30.2,29.75,30.19,1377100,0.0
2010-06-14,30.6,30.79,30.33,30.36,1451400,0.0
2010-06-15,30.88,31.36,30.77,31.32,1020200,0.0
2010-06-16,30.99,31.33,30.89,31.24,768600,0.0
2010-06-17,31.33,31.36,30.99,31.28,1107700,0.0
2010-06-18,31.23,31.4,31.15,31.24,607200,0.0
2010-06-21,31.76,31.79,31.15,31.27,789100,0.0
2010-06-22,31.35,31.45,30.79,30.87,881900,0.0
2010-06-23,31.14,31.27,30.7,31.05,1111300,0.0
2010-06-24,30.83,30.9,30.44,30.51,962300,0.0
2010-06-25,30.54,30.78,30.27,30.69,876500,0.0
2010-06-28,30.59,30.85,30.4,30.46,834700,0.0
2010-06-29,29.93,29.93,29.29,29.36,1578700,0.0
2010-06-30,29.42,29.74,29.21,29.24,1068000,0.0
2010-07-01,29.57,29.66,29.14,29.58,6058100,0.0
2010-07-02,29.77,29.89,29.34,29.52,1073100,0.0
2010-07-06,30.44,30.62,29.96,30.1,2068100,0.0
2010-07-07,30.31,31.14,30.29,31.07,1324600,0.0
2010-07-08,31.21,31.43,31.0,31.43,857800,0.0
2010-07-09,31.14,31.45,31.08,31.45,778400,0.0
2010-07-12,31.18,31.38,31.11,31.36,926400,0.0
2010-07-13,31.74,31.95,31.65,31.91,797100,0.0
2010-07-14,31.82,32.03,31.67,31.95,1190200,0.0
2010-07-15,32.05,32.21,31.66,32.16,1043300,0.0
2010-07-16,31.79,31.79,31.08,31.12,1013900,0.0
2010-07-19,31.44,31.47,31.05,31.35,659000,0.0
2010-07-20,30.89,31.59,30.84,31.53,811500,0.0
2010-07-21,31.55,31.6,30.89,30.97,1098100,0.0
2010-07-22,31.75,32.14,31.73,32.04,953600,0.0
2010-07-23,31.96,32.4,31.89,32.39,2056800,0.0
2010-07-26,32.21,32.64,32.16,32.64,952000,0.0
2010-07-27,32.86,32.86,32.49,32.74,879700,0.0
2010-07-28,32.66,32.73,32.46,32.53,649400,0.0
2010-07-29,32.98,33.14,32.42,32.68,757200,0.0
2010-07-30,32.3,32.8,32.29,32.65,1200700,0.0
2010-08-02,33.34,33.76,33.27,33.72,922900,0.0
2010-08-03,33.55,33.75,33.39,33.66,1392600,0.0
2010-08-04,33.62,33.75,33.42,33.63,659800,0.0
2010-08-05,33.56,33.67,33.38,33.66,594500,0.0
2010-08-06,33.47,33.78,33.36,33.76,597400,0.0
2010-08-09,33.87,33.92,33.73,33.85,1076400,0.0
2010-08-10,33.25,33.72,33.06,33.61,951100,0.0
2010-08-11,32.51,32.51,32.0,32.04,1338100,0.0
2010-08-12,31.8,32.1,31.77,32.02,1082900,0.0
2010-08-13,32.02,32.19,31.89,31.89,530200,0.0
2010-08-16,31.91,32.29,31.84,32.13,500000,0.0
2010-08-17,32.53,32.69,32.34,32.51,965300,0.0
2010-08-18,32.57,32.73,32.38,32.53,970300,0.0
2010-08-19,32.52,32.61,31.82,32.1,2869100,0.0
2010-08-20,31.7,31.75,31.5,31.71,849900,0.0
2010-08-23,31.88,32.04,31.62,31.66,998400,0.0
2010-08-24,31.21,31.38,30.96,31.17,2530800,0.0
2010-08-25,30.9,31.28,30.76,31.18,1279000,0.0
2010-08-26,31.4,31.57,31.09,31.17,1274500,0.0
2010-08-27,31.58,31.87,31.14,31.81,1437400,0.0
2010-08-30,31.59,31.74,31.36,31.39,2082400,0.0
2010-08-31,31.33,31.67,31.23,31.48,1178700,0.0
2010-09-01,32.28,32.69,32.18,32.59,1428300,0.0
2010-09-02,32.54,32.77,32.48,32.76,697200,0.0
2010-09-03,32.99,33.19,32.84,33.07,1260500,0.0
2010-09-07,32.85,32.85,32.58,32.65,1114200,0.0
2010-09-08,32.81,33.08,32.81,32.88,1016500,0.0
2010-09-09,33.36,33.4,33.0,33.17,809200,0.0
2010-09-10,33.18,33.3,33.13,33.26,575400,0.0
2010-09-13,33.74,33.87,33.68,33.87,1711600,0.0
2010-09-14,33.72,34.2,33.63,34.08,677400,0.0
2010-09-15,33.82,34.12,33.71,34.12,761000,0.0
2010-09-16,33.85,33.97,33.74,33.93,1233200,0.0
2010-09-17,33.92,33.97,33.6,33.68,1866400,0.0
2010-09-20,33.91,34.37,33.82,34.32,798400,0.0
2010-09-21,34.35,34.59,34.02,34.32,3330800,0.0
2010-09-22,34.46,34.62,34.18,34.29,991300,0.0
2010-09-23,33.87,34.23,33.82,33.91,857000,0.0
2010-09-24,34.58,34.92,34.54,34.85,742400,0.0
2010-09-27,34.86,34.87,34.65,34.69,790000,0.0
2010-09-28,34.73,34.96,34.38,34.9,1111200,0.0
2010-09-29,34.86,34.99,34.7,34.83,856300,0.0
2010-09-30,35.03,35.1,34.37,34.52,1569200,0.0
2010-10-01,34.92,34.97,34.61,34.91,4292300,0.0
2010-10-04,34.64,34.74,34.28,34.45,1096200,0.0
2010-10-05,35.05,35.5,34.96,35.4,1450700,0.0
2010-10-06,35.59,35.71,35.48,35.66,785000,0.0
2010-10-07,35.96,35.96,35.4,35.6,878200,0.0
2010-10-08,35.67,35.88,35.53,35.82,1010500,0.0
2010-10-11,35.89,35.91,35.66,35.77,730200,0.0
2010-10-12,35.51,35.77,35.23,35.7,842500,0.0
2010-10-13,36.0,36.28,35.93,36.1,695800,0.0
2010-10-14,36.35,36.46,36.14,36.34,1231400,0.0
2010-10-15,36.45,36.48,35.98,36.28,1349400,0.0
2010-10-18,36.18,36.5,36.06,36.5,894100,0.0
2010-10-19,35.68,35.87,35.33,35.51,1187500,0.0
2010-10-20,35.75,36.3,35.69,36.2,851000,0.0
2010-10-21,36.25,36.44,35.77,36.01,892800,0.0
2010-10-22,36.15,36.2,35.98,36.09,646800,0.0
2010-10-25,36.46,36.58,36.21,36.23,662300,0.0
2010-10-26,35.84,36.0,35.73,35.97,778300,0.0
2010-10-27,35.63,35.74,35.3,35.62,675500,0.0
2010-10-28,35.99,36.01,35.73,35.91,595500,0.0
2010-10-29,35.87,35.98,35.75,35.92,583200,0.0
2010-11-01,35.94,36.09,35.55,35.77,1282000,0.0
2010-11-02,36.32,36.44,36.23,36.35,656700,0.0
2010-11-03,36.44,36.65,36.04,36.64,2839400,0.0
2010-11-04,37.35,37.5,37.25,37.47,1804100,0.0
2010-11-05,37.29,37.45,37.13,37.31,1008900,0.0
2010-11-08,37.06,37.17,36.87,37.12,716900,0.0
2010-11-09,37.33,37.41,36.56,36.72,1358300,0.0
2010-11-10,36.85,36.93,36.34,36.84,1048100,0.0
2010-11-11,36.47,36.56,36.3,36.55,778800,0.0
2010-11-12,36.42,36.6,36.03,36.21,812400,0.0
2010-11-15,36.46,36.5,36.22,36.27,1407400,0.0
2010-11-16,35.94,35.95,35.2,35.36,1700000,0.0
2010-11-17,35.5,35.73,35.45,35.57,774000,0.0
2010-11-18,36.32,36.49,36.29,36.45,674300,0.0
2010-11-19,36.18,36.48,36.0,36.47,1104300,0.0
2010-11-22,36.01,36.21,35.66,36.08,741400,0.0
2010-11-23,35.31,35.38,34.91,34.97,793200,0.0
2010-11-24,35.28,35.54,35.28,35.53,826200,0.0
2010-11-26,34.88,35.12,34.88,34.99,561900,0.0
2010-11-29,34.75,34.75,34.23,34.62,1324000,0.0
2010-11-30,34.01,34.41,34.0,34.16,1300500,0.0
2010-12-01,34.89,35.26,34.84,35.18,1965000,0.0
2010-12-02,35.16,35.92,35.13,35.92,876500,0.0
2010-12-03,35.91,36.25,35.87,36.21,1137600,0.0
2010-12-06,35.93,36.12,35.84,36.02,605800,0.0
2010-12-07,36.52,36.59,36.06,36.09,1139100,0.0
2010-12-08,36.13,36.32,35.91,36.21,1028800,0.0
2010-12-09,36.32,36.32,36.04,36.25,876600,0.0
2010-12-10,36.24,36.4,36.1,36.37,1121300,0.0
2010-12-13,36.66,36.95,36.58,36.76,1111400,0.0
2010-12-14,36.78,37.05,36.74,36.84,643000,0.0
2010-12-15,36.51,36.69,36.21,36.35,1729600,0.0
2010-12-16,36.34,36.55,36.2,36.5,944100,0.0
2010-12-17,36.35,36.35,36.1,36.32,1125000,0.0
2010-12-20,36.5,36.5,36.23,36.4,1660800,0.0
2010-12-21,36.72,36.74,36.64,36.66,1928900,0.0
2010-12-22,35.83,35.89,35.75,35.89,1239700,0.0
2010-12-23,35.8,35.89,35.75,35.84,2040600,0.0
2010-12-27,35.65,35.8,35.56,35.8,1030200,0.0
2010-12-28,35.98,35.98,35.72,35.79,1758900,0.0
2010-12-29,36.06,36.23,35.99,36.11,987100,0.0
2010-12-30,36.06,36.1,35.8,35.97,1966900,0.0
2010-12-31,35.98,36.35,35.93,36.15,1668500,0.0
2011-01-03,36.42,36.54,36.34,36.44,1142300,0.0
2011-01-04,36.62,36.62,36.15,36.33,1552000,0.0
2011-01-05,35.82,36.19,35.79,36.13,1307200,0.0
2011-01-06,36.24,36.26,35.71,35.81,1353900,0.0
2011-01-07,35.86,35.95,35.47,35.69,1836800,0.0
2011-01-10,35.44,35.65,35.27,35.59,1443100,0.0
2011-01-11,35.83,35.9,35.66,35.83,1607400,0.0
2011-01-12,36.28,36.63,36.21,36.59,4087200,0.0
2011-01-13,36.89,36.98,36.69,36.74,1302600,0.0
2011-01-14,36.65,36.96,36.6,36.94,7490100,0.0
2011-01-18,37.09,37.24,37.04,37.18,1742400,0.0
2011-01-19,37.33,37.35,36.88,36.99,2791400,0.0
2011-01-20,36.65,36.77,36.32,36.67,3130500,0.0
2011-01-21,36.96,37.05,36.74,36.87,1876500,0.0
2011-01-24,36.83,37.23,36.81,37.2,1068300,0.0
2011-01-25,37.0,37.18,36.83,37.18,1191500,0.0
2011-01-26,37.34,37.46,37.19,37.36,4434600,0.0
2011-01-27,37.41,37.55,37.29,37.45,1253300,0.0
2011-01-28,37.26,37.35,36.56,36.58,1472100,0.0
2011-01-31,36.91,37.08,36.84,36.93,2606500,0.0
2011-02-01,37.42,37.89,37.37,37.83,1579900,0.0
2011-02-02,37.77,37.9,37.69,37.81,2894500,0.0
2011-02-03,37.75,37.84,37.35,37.82,1323900,0.0
2011-02-04,37.7,37.79,37.44,37.78,1132800,0.0
2011-02-07,37.76,37.92,37.7,37.9,1472800,0.0
2011-02-08,37.94,38.15,37.79,38.1,1901400,0.0
2011-02-09,37.94,38.08,37.81,38.02,1453500,0.0
2011-02-10,37.5,37.77,37.36,37.75,907200,0.0
2011-02-11,37.43,37.83,37.4,37.77,949200,0.0
2011-02-14,37.7,37.88,37.63,37.81,1511500,0.0
2011-02-15,37.81,37.85,37.63,37.71,2584300,0.0
2011-02-16,37.89,38.22,37.84,38.18,1923900,0.0
2011-02-17,38.15,38.42,38.1,38.36,1762600,0.0
2011-02-18,38.34,38.5,38.25,38.49,1450400,0.0
2011-02-22,37.68,37.93,37.32,37.38,1872600,0.0
2011-02-23,37.51,37.64,37.17,37.38,1577600,0.0
2011-02-24,37.45,37.58,37.12,37.41,1420700,0.0
2011-02-25,37.7,37.92,37.66,37.9,3874800,0.0
2011-02-28,38.33,38.4,38.08,38.28,1194400,0.0
2011-03-01,38.39,38.41,37.68,37.72,1801800,0.0
2011-03-02,37.79,38.09,37.74,37.9,1130500,0.0
2011-03-03,38.21,38.43,38.06,38.43,2036200,0.0
2011-03-04,38.3,38.34,37.79,38.06,1925300,0.0
2011-03-07,38.24,38.29,37.58,37.65,1461000,0.0
2011-03-08,37.6,37.91,37.4,37.78,1394100,0.0
2011-03-09,37.77,37.88,37.63,37.74,1494800,0.0
2011-03-10,37.11,37.11,36.77,36.83,2104400,0.0
2011-03-11,36.54,36.94,36.51,36.88,2293100,0.0
2011-03-14,36.02,36.24,35.82,36.21,1790400,0.0
2011-03-15,34.34,35.63,34.12,35.41,3665500,0.0
2011-03-16,35.18,35.31,33.98,34.34,3354600,0.0
2011-03-17,35.55,35.69,35.27,35.45,3009300,0.0
2011-03-18,35.91,36.09,35.83,36.01,3537300,0.0
2011-03-21,36.61,36.97,36.57,36.91,1557200,0.0
2011-03-22,36.91,36.91,36.61,36.81,1203400,0.0
2011-03-23,36.56,36.93,36.42,36.8,1508600,0.0
2011-03-24,37.01,37.34,36.89,37.31,1402400,0.0
2011-03-25,37.05,37.19,36.85,36.85,1470900,0.0
2011-03-28,36.93,37.11,36.84,36.86,2234000,0.0
2011-03-29,36.8,37.1,36.65,37.08,1101700,0.0
2011-03-30,37.33,37.57,37.26,37.49,1493700,0.0
2011-03-31,37.31,37.46,37.19,37.31,2101000,0.0
2011-04-01,37.42,37.79,37.24,37.69,10739000,0.0
2011-04-04,37.78,37.82,37.58,37.68,11924100,0.0
2011-04-05,37.41,37.71,37.36,37.58,1428600,0.0
2011-04-06,37.76,37.96,37.76,37.91,936100,0.0
2011-04-07,37.81,37.94,37.51,37.74,1341400,0.0
2011-04-08,38.14,38.23,37.95,38.03,4356000,0.0
2011-04-11,38.18,38.26,37.9,37.95,936900,0.0
2011-04-12,37.81,37.84,37.51,37.6,895200,0.0
2011-04-13,38.04,38.05,37.63,37.73,1008300,0.0
2011-04-14,37.59,37.97,37.56,37.89,3813000,0.0
2011-04-15,37.79,37.91,37.6,37.84,3843800,0.0
2011-04-18,37.08,37.13,36.65,37.07,3504300,0.0
2011-04-19,37.27,37.39,37.14,37.34,835600,0.0
2011-04-20,38.15,38.35,38.15,38.33,1869000,0.0
2011-04-21,38.59,38.63,38.44,38.56,1267100,0.0
2011-04-25,38.63,38.65,38.4,38.54,1180200,0.0
2011-04-26,38.66,38.9,38.57,38.84,864900,0.0
2011-04-27,38.97,39.36,38.74,39.32,1189000,0.0
2011-04-28,39.3,39.61,39.3,39.59,886300,0.0
2011-04-29,39.61,39.79,39.57,39.62,1100000,0.0
2011-05-02,39.83,39.94,39.59,39.63,1610600,0.0
2011-05-03,39.42,39.63,39.14,39.31,1229400,0.0
2011-05-04,39.39,39.39,38.85,38.97,1383400,0.0
2011-05-05,38.6,38.67,38.07,38.23,2900000,0.0
2011-05-06,38.75,38.89,38.03,38.26,1359400,0.0
2011-05-09,38.26,38.55,38.1,38.51,1240900,0.0
2011-05-10,38.64,38.89,38.56,38.88,1316100,0.0
2011-05-11,38.69,38.7,37.97,38.14,1872700,0.0
2011-05-12,38.0,38.41,37.76,38.26,1445900,0.0
2011-05-13,38.17,38.2,37.44,37.64,1492800,0.0
2011-05-16,37.57,37.99,37.48,37.59,1973900,0.0
2011-05-17,37.4,37.69,37.21,37.67,1514400,0.0
2011-05-18,37.64,38.03,37.56,37.92,1085800,0.0
2011-05-19,38.03,38.17,37.79,38.15,993700,0.0
2011-05-20,37.86,37.91,37.45,37.57,1012800,0.0
2011-05-23,36.74,36.86,36.56,36.7,1800000,0.0
2011-05-24,36.98,37.13,36.8,36.9,1355500,0.0
2011-05-25,36.77,37.28,36.77,37.18,1304700,0.0
2011-05-26,37.37,37.62,37.12,37.54,1015300,0.0
2011-05-27,37.76,37.93,37.68,37.8,1074000,0.0
2011-05-31,38.44,38.56,38.2,38.55,6722800,0.0
2011-06-01,38.39,38.41,37.63,37.66,2255900,0.0
2011-06-02,37.84,37.94,37.45,37.89,1421900,0.0
2011-06-03,37.49,38.1,37.48,37.89,8328100,0.0
2011-06-06,37.77,37.81,37.37,37.39,4411400,0.0
2011-06-07,37.86,38.0,37.69,37.69,1725000,0.0
2011-06-08,37.43,37.54,37.17,37.22,2126300,0.0
2011-06-09,37.35,37.7,37.26,37.64,1221300,0.0
2011-06-10,37.27,37.3,36.61,36.7,2090600,0.0
2011-06-13,36.83,37.01,36.59,36.8,1365700,0.0
2011-06-14,37.35,37.58,37.3,37.44,1345300,0.0
2011-06-15,36.65,36.8,36.07,36.16,3319500,0.0
2011-06-16,36.0,36.23,35.75,36.08,2331600,0.0
2011-06-17,36.53,36.6,36.32,36.44,1317300,0.0
2011-06-20,36.24,36.47,36.19,36.42,1447200,0.0
2011-06-21,36.78,37.23,36.72,37.21,1211400,0.0
2011-06-22,37.0,37.23,36.8,36.8,3413800,0.0
2011-06-23,36.14,36.47,35.89,36.44,3235200,0.0
2011-06-24,36.48,36.49,36.04,36.11,1152700,0.0
2011-06-27,36.05,36.52,36.01,36.42,1490600,0.0
2011-06-28,36.58,36.87,36.52,36.86,935600,0.0
2011-06-29,37.28,37.54,37.06,37.51,2111300,0.0
2011-06-30,37.73,38.17,37.64,38.08,1135100,0.0
2011-07-01,38.02,38.52,37.9,38.48,1100900,0.0
2011-07-05,38.34,38.39,38.13,38.22,1475500,0.0
2011-07-06,37.93,38.06,37.73,38.03,1060200,0.0
2011-07-07,38.27,38.4,38.17,38.34,1154000,0.0
2011-07-08,37.95,38.05,37.64,37.85,1182100,0.0
2011-07-11,36.96,37.09,36.64,36.72,1270100,0.0
2011-07-12,36.49,36.9,36.42,36.45,1419600,0.0
2011-07-13,36.88,37.39,36.79,37.01,1155100,0.0
2011-07-14,37.24,37.31,36.63,36.71,1025900,0.0
2011-07-15,36.94,37.04,36.66,36.85,1046200,0.0
2011-07-18,36.35,36.47,35.98,36.28,1183200,0.0
2011-07-19,36.61,36.92,36.6,36.85,1250100,0.0
2011-07-20,37.17,37.34,36.98,37.3,916700,0.0
2011-07-21,37.72,38.18,37.6,38.1,1854400,0.0
2011-07-22,38.1,38.21,37.88,38.18,1704300,0.0
2011-07-25,37.91,38.09,37.84,37.92,1144300,0.0
2011-07-26,38.13,38.29,37.96,38.16,939400,0.0
2011-07-27,37.85,37.91,37.15,37.23,1144500,0.0
2011-07-28,37.24,37.53,37.04,37.09,1812300,0.0
2011-07-29,36.98,37.51,36.88,37.17,1491600,0.0
2011-08-01,37.61,37.66,36.43,36.74,2005000,0.0
2011-08-02,36.35,36.63,35.76,35.78,2201300,0.0
2011-08-03,35.98,36.03,35.35,35.98,4428900,0.0
2011-08-04,34.78,34.85,33.37,33.41,3557600,0.0
2011-08-05,34.16,34.35,32.83,34.04,6495200,0.0
2011-08-08,32.75,33.17,31.37,31.43,6240900,0.0
2011-08-09,32.71,33.52,31.79,33.52,6185200,0.0
2011-08-10,32.54,32.65,31.52,31.54,4453200,0.0
2011-08-11,31.7,33.35,31.67,33.02,3561100,0.0
2011-08-12,33.44,33.75,33.05,33.52,2832600,0.0
2011-08-15,33.93,34.31,33.87,34.31,2238300,0.0
2011-08-16,33.69,34.15,33.41,33.7,2519300,0.0
2011-08-17,34.08,34.36,33.75,33.92,3713100,0.0
2011-08-18,32.72,32.79,32.01,32.34,2823800,0.0
2011-08-19,32.0,32.72,31.74,31.8,2124300,0.0
2011-08-22,32.8,32.81,31.98,32.04,2224900,0.0
2011-08-23,32.36,33.07,32.17,33.06,2421900,0.0
2011-08-24,32.82,33.25,32.62,33.05,1771500,0.0
2011-08-25,32.97,33.11,32.18,32.29,1946000,0.0
2011-08-26,32.15,32.88,31.81,32.75,1740400,0.0
2011-08-29,33.29,33.55,33.23,33.55,1354800,0.0
2011-08-30,33.17,33.53,32.93,33.41,3707800,0.0
2011-08-31,33.9,34.19,33.75,33.98,2682600,0.0
2011-09-01,33.83,34.1,33.54,33.59,3222100,0.0
2011-09-02,32.87,33.14,32.74,32.78,2224800,0.0
2011-09-06,31.24,31.73,31.15,31.73,2630900,0.0
2011-09-07,32.21,32.68,32.08,32.68,1606600,0.0
2011-09-08,32.19,32.57,31.93,32.02,1469700,0.0
2011-09-09,31.4,31.52,30.81,30.95,1943300,0.0
2011-09-12,30.34,30.78,30.05,30.74,2943700,0.0
2011-09-13,30.79,31.18,30.65,31.07,1797100,0.0
2011-09-14,31.19,31.77,30.67,31.5,2219700,0.0
2011-09-15,32.0,32.22,31.79,32.19,2423700,0.0
2011-09-16,32.27,32.35,31.85,32.17,1964600,0.0
2011-09-19,31.1,31.53,30.92,31.32,1509300,0.0
2011-09-20,31.48,31.79,31.22,31.42,1843800,0.0
2011-09-21,31.4,31.52,30.51,30.52,1987800,0.0
2011-09-22,29.57,29.74,29.11,29.43,4772100,0.0
2011-09-23,29.24,29.82,29.18,29.72,3466700,0.0
2011-09-26,29.93,30.4,29.51,30.38,2451700,0.0
2011-09-27,31.27,31.65,30.91,31.06,5214500,0.0
2011-09-28,31.2,31.42,30.53,30.59,1974900,0.0
2011-09-29,31.36,31.49,30.71,31.2,3167200,0.0
2011-09-30,30.42,30.67,30.12,30.13,1721700,0.0
2011-10-03,29.91,30.26,29.3,29.36,2992500,0.0
2011-10-04,28.98,29.87,28.64,29.87,2856600,0.0
2011-10-05,29.82,30.35,29.58,30.35,3780700,0.0
2011-10-06,30.34,31.16,30.21,31.16,1728000,0.0
2011-10-07,31.29,31.44,30.85,30.96,7407000,0.0
2011-10-10,31.75,32.15,31.72,32.14,763700,0.0
2011-10-11,31.75,32.09,31.66,32.01,1896000,0.0
2011-10-12,32.54,32.88,32.45,32.59,1610200,0.0
2011-10-13,32.37,32.6,32.07,32.56,1092800,0.0
2011-10-14,32.84,33.01,32.63,32.95,1040900,0.0
2011-10-17,32.66,32.68,32.1,32.19,1656500,0.0
2011-10-18,32.12,32.84,31.76,32.58,2062600,0.0
2011-10-19,32.43,32.57,32.01,32.08,2164900,0.0
2011-10-20,32.15,32.19,31.65,32.1,1369100,0.0
2011-10-21,32.67,32.94,32.61,32.93,851900,0.0
2011-10-24,32.93,33.47,32.9,33.42,1212000,0.0
2011-10-25,33.19,33.26,32.71,32.89,3678600,0.0
2011-10-26,33.45,33.5,32.68,33.33,1406200,0.0
2011-10-27,34.85,35.36,34.54,35.17,1668900,0.0
2011-10-28,34.75,34.91,34.63,34.88,1289400,0.0
2011-10-31,33.9,33.93,33.07,33.07,1616600,0.0
2011-11-01,31.8,32.37,31.67,31.97,4668900,0.0
2011-11-02,32.28,32.56,32.13,32.37,1692600,0.0
2011-11-03,32.86,33.29,32.37,33.18,1111400,0.0
2011-11-04,32.78,32.86,32.35,32.73,1232200,0.0
2011-11-07,32.7,32.92,32.44,32.88,1025700,0.0
2011-11-08,33.04,33.38,32.75,33.29,1319600,0.0
2011-11-09,32.06,32.12,31.5,31.57,1570200,0.0
2011-11-10,32.15,32.21,31.64,31.99,1348700,0.0
2011-11-11,32.43,32.85,32.42,32.77,1360900,0.0
2011-11-14,32.35,32.44,32.0,32.17,1221100,0.0
2011-11-15,32.07,32.25,31.83,32.06,1365300,0.0
2011-11-16,31.75,32.03,31.42,31.42,1503400,0.0
2011-11-17,31.59,31.72,30.99,31.11,1673800,0.0
2011-11-18,31.44,31.51,31.13,31.2,1388900,0.0
2011-11-21,30.52,30.6,30.2,30.44,2855000,0.0
2011-11-22,30.39,30.56,30.17,30.35,2171000,0.0
2011-11-23,29.98,30.01,29.48,29.49,3763600,0.0
2011-11-25,29.46,29.77,29.36,29.38,723900,0.0
2011-11-28,30.6,30.76,30.45,30.61,1484500,0.0
2011-11-29,30.75,30.97,30.64,30.81,1931000,0.0
2011-11-30,32.05,32.4,31.97,32.38,2253900,0.0
2011-12-01,32.24,32.42,31.97,32.05,2582100,0.0
2011-12-02,32.51,32.52,32.13,32.16,2575800,0.0
2011-12-05,32.79,32.79,32.28,32.5,2742700,0.0
2011-12-06,32.35,32.59,32.23,32.37,1253800,0.0
2011-12-07,32.16,32.68,32.03,32.58,1547700,0.0
2011-12-08,32.15,32.18,31.46,31.56,2177900,0.0
2011-12-09,31.82,32.31,31.8,32.25,1585800,0.0
2011-12-12,31.61,31.61,31.18,31.32,1807100,0.0
2011-12-13,31.46,31.7,30.79,30.93,2184000,0.0
2011-12-14,30.76,30.85,30.44,30.55,3421000,0.0
2011-12-15,30.9,30.95,30.59,30.72,2394800,0.0
2011-12-16,30.77,30.88,30.43,30.59,3246500,0.0
2011-12-19,30.76,30.79,30.25,30.31,4343500,0.0
2011-12-20,31.0,31.38,30.97,31.33,2623600,0.0
2011-12-21,30.16,30.18,29.89,30.17,4168800,0.0
2011-12-22,30.17,30.42,30.12,30.41,3889000,0.0
2011-12-23,30.48,30.66,30.41,30.66,2580100,0.0
2011-12-27,30.57,30.59,30.44,30.5,3646100,0.0
2011-12-28,30.45,30.45,29.94,29.99,4691400,0.0
2011-12-29,30.04,30.52,30.03,30.51,4490100,0.0
2011-12-30,30.48,30.7,30.45,30.63,2739900,0.0
2012-01-03,31.26,31.57,31.25,31.45,8276700,0.0
2012-01-04,31.29,31.35,31.07,31.27,2609200,0.0
2012-01-05,30.77,30.85,30.59,30.82,2095900,0.0
2012-01-06,30.73,30.73,30.33,30.46,2044000,0.0
2012-01-09,30.61,30.62,30.32,30.53,1652200,0.0
2012-01-10,31.04,31.08,30.94,31.03,1861100,0.0
2012-01-11,30.77,30.93,30.64,30.93,2770400,0.0
2012-01-12,31.03,31.1,30.79,31.02,1348500,0.0
2012-01-13,30.67,30.72,30.33,30.72,2378000,0.0
2012-01-17,31.1,31.24,31.01,31.02,3998200,0.0
2012-01-18,31.24,31.6,31.2,31.58,1866200,0.0
2012-01-19,31.8,31.97,31.68,31.95,1633000,0.0
2012-01-20,31.95,32.11,31.9,32.1,1565300,0.0
2012-01-23,32.2,32.36,32.1,32.26,2783900,0.0
2012-01-24,31.89,32.16,31.82,32.1,2025200,0.0
2012-01-25,31.97,32.53,31.82,32.42,2568900,0.0
2012-01-26,32.77,32.81,32.41,32.5,2016100,0.0
2012-01-27,32.41,32.61,32.39,32.53,2982600,0.0
2012-01-30,32.02,32.21,31.96,32.15,2543200,0.0
2012-01-31,32.53,32.53,32.13,32.35,3781600,0.0
2012-02-01,32.77,33.01,32.73,32.84,2322500,0.0
2012-02-02,32.92,33.02,32.81,32.91,1954800,0.0
2012-02-03,33.09,33.42,33.07,33.38,2508400,0.0
2012-02-06,33.09,33.27,33.05,33.23,1808200,0.0
2012-02-07,33.25,33.52,33.12,33.46,2560600,0.0
2012-02-08,33.56,33.66,33.39,33.59,1521700,0.0
2012-02-09,33.72,33.74,33.49,33.65,1628800,0.0
2012-02-10,33.06,33.13,32.93,33.03,1582300,0.0
2012-02-13,33.42,33.48,33.29,33.41,1317300,0.0
2012-02-14,33.23,33.31,32.96,33.18,1543600,0.0
2012-02-15,33.44,33.47,33.17,33.21,2220300,0.0
2012-02-16,33.13,33.66,33.08,33.65,5507700,0.0
2012-02-17,33.81,33.86,33.61,33.79,1660500,0.0
2012-02-21,33.93,34.02,33.76,33.81,1694300,0.0
2012-02-22,33.75,33.84,33.64,33.73,1183700,0.0
2012-02-23,33.78,34.02,33.61,34.0,1184400,0.0
2012-02-24,34.13,34.32,34.12,34.23,1556600,0.0
2012-02-27,33.77,34.12,33.68,34.01,2218700,0.0
2012-02-28,34.11,34.36,34.04,34.35,2970700,0.0
2012-02-29,34.45,34.5,33.91,33.93,3514000,0.0
2012-03-01,34.09,34.34,34.08,34.29,2787100,0.0
2012-03-02,34.05,34.06,33.86,33.95,1786600,0.0
2012-03-05,33.89,33.89,33.67,33.76,1902100,0.0
2012-03-06,32.99,33.02,32.62,32.7,2094600,0.0
2012-03-07,32.93,33.14,32.84,33.1,2088000,0.0
2012-03-08,33.63,33.94,33.53,33.81,2949100,0.0
2012-03-09,33.62,33.79,33.58,33.68,2388300,0.0
2012-03-12,33.54,33.65,33.39,33.61,1788200,0.0
2012-03-13,33.75,34.17,33.7,34.16,2105600,0.0
2012-03-14,34.05,34.14,33.77,33.85,1519900,0.0
2012-03-15,33.97,34.22,33.86,34.18,1108400,0.0
2012-03-16,34.42,34.53,34.39,34.42,1529100,0.0
2012-03-19,34.32,34.67,34.29,34.59,1270100,0.0
2012-03-20,34.1,34.24,33.97,34.17,1373700,0.0
2012-03-21,34.08,34.09,33.83,33.97,1716900,0.0
2012-03-22,33.61,33.8,33.56,33.72,1941300,0.0
2012-03-23,33.68,33.96,33.52,33.93,1850500,0.0
2012-03-26,34.2,34.42,34.19,34.39,1535000,0.0
2012-03-27,34.45,34.45,34.19,34.2,1340600,0.0
2012-03-28,34.23,34.25,33.8,33.98,1086100,0.0
2012-03-29,33.67,33.79,33.48,33.75,14453700,0.0
2012-03-30,34.0,34.05,33.81,34.03,5777800,0.0
2012-04-02,33.88,34.5,33.8,34.42,7654700,0.0
2012-04-03,34.22,34.23,33.63,33.8,3212100,0.0
2012-04-04,33.14,33.21,32.87,33.06,2625400,0.0
2012-04-05,32.8,33.05,32.77,32.86,2475400,0.0
2012-04-09,32.54,32.78,32.51,32.68,2964700,0.0
2012-04-10,32.59,32.67,32.0,32.03,2672500,0.0
2012-04-11,32.64,32.69,32.41,32.42,4270600,0.0
2012-04-12,32.62,33.08,32.59,33.05,1696900,0.0
2012-04-13,32.77,32.77,32.37,32.4,2546500,0.0
2012-04-16,32.62,32.75,32.39,32.6,1973000,0.0
2012-04-17,32.95,33.23,32.82,33.13,1232000,0.0
2012-04-18,32.91,33.11,32.87,32.94,2162800,0.0
2012-04-19,32.93,33.12,32.59,32.76,1814600,0.0
2012-04-20,33.01,33.18,32.97,33.09,1421600,0.0
2012-04-23,32.45,32.5,32.19,32.43,2028100,0.0
2012-04-24,32.57,32.83,32.54,32.7,1358400,0.0
2012-04-25,33.09,33.17,32.93,33.12,1380400,0.0
2012-04-26,33.0,33.38,32.96,33.33,2366700,0.0
2012-04-27,33.41,33.51,33.26,33.41,1880700,0.0
2012-04-30,33.3,33.31,33.11,33.22,5269800,0.0
2012-05-01,33.17,33.51,33.16,33.39,3097500,0.0
2012-05-02,32.96,33.17,32.84,33.13,3384600,0.0
2012-05-03,33.06,33.1,32.77,32.84,1830900,0.0
2012-05-04,32.66,32.71,32.3,32.31,2010500,0.0
2012-05-07,32.32,32.59,32.29,32.53,1503300,0.0
2012-05-08,32.17,32.19,31.71,32.07,2216700,0.0
2012-05-09,31.44,31.84,31.29,31.68,2303700,0.0
2012-05-10,31.99,32.03,31.77,31.83,2600000,0.0
2012-05-11,31.45,31.9,31.45,31.61,1183900,0.0
2012-05-14,31.14,31.27,31.03,31.05,2709900,0.0
2012-05-15,30.87,31.01,30.59,30.64,2643400,0.0
2012-05-16,30.63,30.79,30.31,30.34,3236300,0.0
2012-05-17,30.3,30.33,29.95,29.97,2881300,0.0
2012-05-18,30.04,30.09,29.67,29.72,2807700,0.0
2012-05-21,29.94,30.4,29.9,30.4,1608000,0.0
2012-05-22,30.41,30.62,30.14,30.29,2453400,0.0
2012-05-23,29.9,30.03,29.5,30.03,3130500,0.0
2012-05-24,30.0,30.05,29.63,29.82,5180800,0.0
2012-05-25,29.66,29.86,29.66,29.73,1631800,0.0
2012-05-29,30.08,30.22,29.86,30.08,2358900,0.0
2012-05-30,29.62,29.63,29.34,29.39,2361500,0.0
2012-05-31,29.53,29.61,29.18,29.51,3914400,0.0
2012-06-01,28.99,29.13,28.75,28.77,4209200,0.0
2012-06-04,29.03,29.13,28.8,29.0,2550900,0.0
2012-06-05,28.98,29.22,28.96,29.15,2254100,0.0
2012-06-06,29.44,30.03,29.42,29.99,2505000,0.0
2012-06-07,30.43,30.44,30.0,30.05,1695300,0.0
2012-06-08,29.6,30.01,29.53,29.94,2236700,0.0
2012-06-11,30.28,30.29,29.65,29.67,2914900,0.0
2012-06-12,29.95,30.2,29.7,30.19,2660400,0.0
2012-06-13,29.95,30.23,29.88,29.96,1729400,0.0
2012-06-14,29.93,30.28,29.87,30.12,2574000,0.0
2012-06-15,30.32,30.63,30.29,30.59,2179300,0.0
2012-06-18,30.45,30.62,30.37,30.52,1419000,0.0
2012-06-19,30.84,31.21,30.8,31.0,4881000,0.0
2012-06-20,31.13,31.41,30.94,31.22,4201200,0.0
2012-06-21,31.13,31.2,30.38,30.4,2831700,0.0
2012-06-22,30.69,30.74,30.48,30.7,1765200,0.0
2012-06-25,30.15,30.17,29.94,30.0,2299200,0.0
2012-06-26,30.16,30.27,29.92,30.17,3863700,0.0
2012-06-27,30.27,30.51,30.21,30.46,2758800,0.0
2012-06-28,30.21,30.53,30.11,30.49,3389500,0.0
2012-06-29,31.47,31.62,31.36,31.57,3631700,0.0
2012-07-02,31.68,31.83,31.54,31.79,6516100,0.0
2012-07-03,31.81,32.14,31.77,32.12,4443000,0.0
2012-07-05,31.61,31.7,31.45,31.63,2699300,0.0
2012-07-06,31.32,31.37,31.11,31.29,2081100,0.0
2012-07-09,31.14,31.24,31.01,31.23,2444700,0.0
2012-07-10,31.34,31.4,30.93,30.98,3495500,0.0
2012-07-11,31.09,31.22,30.93,31.11,4070000,0.0
2012-07-12,30.68,30.85,30.52,30.76,1699100,0.0
2012-07-13,30.79,31.27,30.79,31.21,1568100,0.0
2012-07-16,31.13,31.3,30.97,31.2,1762800,0.0
2012-07-17,31.3,31.39,30.92,31.31,1439000,0.0
2012-07-18,31.19,31.58,31.19,31.54,1637200,0.0
2012-07-19,31.72,31.88,31.64,31.8,1856100,0.0
2012-07-20,31.25,31.28,31.07,31.1,1255500,0.0
2012-07-23,30.26,30.53,30.15,30.45,1506900,0.0
2012-07-24,30.4,30.44,29.91,30.1,1623000,0.0
2012-07-25,30.37,30.43,30.14,30.28,1359700,0.0
2012-07-26,31.11,31.25,31.04,31.2,1253000,0.0
2012-07-27,31.46,32.0,31.43,31.89,1409500,0.0
2012-07-30,31.7,31.92,31.69,31.81,2518000,0.0
2012-07-31,31.8,31.88,31.62,31.65,2702900,0.0
2012-08-01,31.85,31.93,31.63,31.67,2299200,0.0
2012-08-02,31.3,31.57,30.98,31.23,1568100,0.0
2012-08-03,31.88,32.35,31.87,32.28,1630000,0.0
2012-08-06,32.41,32.61,32.36,32.48,1260400,0.0
2012-08-07,32.75,32.92,32.73,32.77,2101800,0.0
2012-08-08,32.56,32.82,32.55,32.78,2169500,0.0
2012-08-09,32.66,32.86,32.63,32.76,1398800,0.0
2012-08-10,32.52,32.82,32.45,32.82,1979400,0.0
2012-08-13,32.75,32.81,32.55,32.67,1600900,0.0
2012-08-14,32.75,32.82,32.66,32.74,878200,0.0
2012-08-15,32.64,32.74,32.61,32.63,862600,0.0
2012-08-16,32.8,33.08,32.71,33.0,1486700,0.0
2012-08-17,33.11,33.12,32.94,33.11,1634600,0.0
2012-08-20,32.96,33.04,32.84,33.0,3678200,0.0
2012-08-21,33.26,33.45,33.12,33.19,2521800,0.0
2012-08-22,32.93,33.24,32.89,33.15,2091300,0.0
2012-08-23,33.07,33.12,32.9,32.97,2020500,0.0
2012-08-24,32.77,33.1,32.69,32.93,5756200,0.0
2012-08-27,33.05,33.13,32.95,32.97,869600,0.0
2012-08-28,32.82,32.99,32.78,32.93,2531500,0.0
2012-08-29,32.87,32.95,32.8,32.84,1616700,0.0
2012-08-30,32.69,32.69,32.37,32.38,2153700,0.0
2012-08-31,32.81,32.86,32.49,32.69,4279000,0.0
2012-09-04,32.58,32.62,32.36,32.49,2790700,0.0
2012-09-05,32.49,32.53,32.34,32.42,1904600,0.0
2012-09-06,32.67,33.28,32.67,33.22,5047900,0.0
2012-09-07,33.54,33.71,33.54,33.71,3006600,0.0
2012-09-10,33.6,33.67,33.4,33.44,1610900,0.0
2012-09-11,33.57,33.88,33.56,33.83,1914500,0.0
2012-09-12,34.07,34.11,33.91,34.01,1737300,0.0
2012-09-13,33.99,34.69,33.88,34.59,2335100,0.0
2012-09-14,34.92,35.17,34.82,34.9,2774400,0.0
2012-09-17,34.84,34.9,34.62,34.7,1982600,0.0
2012-09-18,34.49,34.63,34.44,34.59,1609500,0.0
2012-09-19,34.62,34.75,34.51,34.67,2096600,0.0
2012-09-20,34.25,34.48,34.15,34.45,1444000,0.0
2012-09-21,34.7,34.71,34.5,34.51,1709700,0.0
2012-09-24,33.56,33.87,33.51,33.74,4354600,0.0
2012-09-25,33.79,33.95,33.46,33.48,2958500,0.0
2012-09-26,33.25,33.25,33.0,33.14,2871900,0.0
2012-09-27,33.34,33.64,33.23,33.52,2226700,0.0
2012-09-28,33.18,33.2,32.81,32.88,2942300,0.0
2012-10-01,33.2,33.48,33.08,33.14,3551700,0.0
2012-10-02,33.43,33.48,33.15,33.26,2683200,0.0
2012-10-03,33.24,33.24,33.05,33.13,2950000,0.0
2012-10-04,33.32,33.53,33.28,33.5,1830000,0.0
2012-10-05,33.75,33.86,33.48,33.57,2176800,0.0
2012-10-08,33.35,33.39,33.25,33.35,1190800,0.0
2012-10-09,33.11,33.19,32.85,32.87,1828400,0.0
2012-10-10,32.86,32.93,32.67,32.76,1519500,0.0
2012-10-11,33.12,33.2,32.97,32.97,1325700,0.0
2012-10-12,33.06,33.19,32.9,32.98,3246400,0.0
2012-10-15,33.15,33.32,33.02,33.27,2301600,0.0
2012-10-16,33.65,33.86,33.61,33.83,1565200,0.0
2012-10-17,34.0,34.19,33.93,34.15,2130100,0.0
2012-10-18,34.04,34.24,33.93,34.04,1059100,0.0
2012-10-19,33.92,33.95,33.53,33.58,1499200,0.0
2012-10-22,33.82,33.86,33.59,33.79,1726400,0.0
2012-10-23,33.11,33.16,32.89,33.09,1957200,0.0
2012-10-24,33.3,33.34,33.11,33.13,1802700,0.0
2012-10-25,33.52,33.54,33.2,33.32,1053400,0.0
2012-10-26,33.25,33.33,33.13,33.28,1822200,0.0
2012-10-31,33.47,33.48,33.15,33.23,2785000,0.0
2012-11-01,33.44,33.62,33.39,33.62,2581800,0.0
2012-11-02,33.58,33.58,33.26,33.3,3043400,0.0
2012-11-05,33.21,33.28,33.11,33.19,2742000,0.0
2012-11-06,33.35,33.58,33.32,33.54,2229200,0.0
2012-11-07,33.16,33.16,32.85,33.02,2486400,0.0
2012-11-08,32.91,33.02,32.7,32.7,2653600,0.0
2012-11-09,32.58,32.88,32.54,32.71,7928100,0.0
2012-11-12,32.73,32.77,32.61,32.69,3214600,0.0
2012-11-13,32.38,32.76,32.34,32.52,2138800,0.0
2012-11-14,32.65,32.65,32.14,32.19,2577800,0.0
2012-11-15,32.34,32.45,32.17,32.29,1928500,0.0
2012-11-16,32.33,32.33,31.98,32.27,2968700,0.0
2012-11-19,32.71,32.97,32.68,32.97,3157400,0.0
2012-11-20,32.84,33.01,32.76,33.01,2747900,0.0
2012-11-21,33.03,33.09,32.98,33.08,1746500,0.0
2012-11-23,33.59,33.79,33.56,33.79,1667300,0.0
2012-11-26,33.6,33.71,33.52,33.71,2927100,0.0
2012-11-27,33.62,33.71,33.5,33.51,2183200,0.0
2012-11-28,33.31,33.79,33.27,33.78,1862600,0.0
2012-11-29,34.02,34.15,33.9,34.08,1739000,0.0
2012-11-30,34.12,34.23,34.05,34.13,2341600,0.0
2012-12-03,34.25,34.31,34.12,34.17,2555700,0.0
2012-12-04,34.29,34.33,34.2,34.26,3555200,0.0
2012-12-05,34.24,34.48,34.17,34.33,2164400,0.0
2012-12-06,34.41,34.43,34.25,34.38,2714700,0.0
2012-12-07,34.35,34.41,34.21,34.38,2640100,0.0
2012-12-10,34.34,34.45,34.29,34.4,3461500,0.0
2012-12-11,34.57,34.66,34.55,34.59,2795000,0.0
2012-12-12,34.71,34.93,34.67,34.72,2795400,0.0
2012-12-13,34.67,34.76,34.53,34.61,2039100,0.0
2012-12-14,34.69,34.87,34.63,34.74,1694000,0.0
2012-12-17,34.74,34.93,34.71,34.91,2836200,0.0
2012-12-18,35.08,35.31,35.02,35.23,8275400,0.0
2012-12-19,35.56,35.58,35.32,35.32,5469200,0.0
2012-12-20,35.14,35.28,35.05,35.28,5461600,0.0
2012-12-21,34.85,35.06,34.78,35.06,4488300,0.0
2012-12-24,35.0,35.04,34.89,34.96,1600300,0.0
2012-12-26,35.18,35.18,34.81,34.94,2220900,0.0
2012-12-27,35.16,35.16,34.84,35.07,3250800,0.0
2012-12-28,34.8,34.92,34.71,34.72,3604600,0.0
2012-12-31,34.88,35.29,34.79,35.23,3964300,0.0
2013-01-02,35.81,35.85,35.58,35.81,4903500,0.0
2013-01-03,35.57,35.68,35.41,35.45,3764100,0.0
2013-01-04,35.41,35.69,35.37,35.65,3242400,0.0
2013-01-07,35.36,35.53,35.3,35.47,5281800,0.0
2013-01-08,35.36,35.41,35.16,35.28,2269900,0.0
2013-01-09,35.39,35.53,35.38,35.45,2957000,0.0
2013-01-10,35.85,35.98,35.7,35.94,2827200,0.0
2013-01-11,36.0,36.03,35.86,36.0,3513500,0.0
2013-01-14,36.0,36.06,35.9,36.05,2356400,0.0
2013-01-15,35.78,36.0,35.77,36.0,1850300,0.0
2013-01-16,35.74,35.86,35.68,35.78,2203000,0.0
2013-01-17,36.05,36.16,35.96,36.08,2186700,0.0
2013-01-18,36.08,36.1,35.9,36.06,2375100,0.0
2013-01-22,35.99,36.09,35.87,36.08,2694500,0.0
2013-01-23,35.95,36.07,35.9,36.01,3155200,0.0
2013-01-24,36.12,36.3,36.09,36.22,3211400,0.0
2013-01-25,36.56,36.62,36.42,36.62,2500800,0.0
2013-01-28,36.53,36.53,36.33,36.41,2437700,0.0
2013-01-29,36.53,36.73,36.51,36.68,4171300,0.0
2013-01-30,36.73,36.85,36.68,36.72,3510700,0.0
2013-01-31,36.67,36.75,36.56,36.58,2690100,0.0
2013-02-01,36.83,36.97,36.72,36.87,3148600,0.0
2013-02-04,36.46,36.52,36.14,36.2,4194100,0.0
2013-02-05,36.3,36.46,36.27,36.36,2887100,0.0
2013-02-06,36.15,36.38,36.12,36.36,3290300,0.0
2013-02-07,36.28,36.35,35.88,36.08,5710000,0.0
2013-02-08,36.21,36.36,36.21,36.33,14154900,0.0
2013-02-11,36.29,36.33,36.16,36.3,3617100,0.0
2013-02-12,36.27,36.54,36.27,36.45,3053400,0.0
2013-02-13,36.66,36.72,36.51,36.58,4879300,0.0
2013-02-14,36.26,36.39,36.22,36.37,2586400,0.0
2013-02-15,36.42,36.43,36.15,36.24,2875300,0.0
2013-02-19,36.59,36.73,36.55,36.69,3127800,0.0
2013-02-20,36.78,36.8,36.35,36.35,2820400,0.0
2013-02-21,35.92,35.93,35.65,35.79,3494100,0.0
2013-02-22,36.13,36.32,35.99,36.32,2084300,0.0
2013-02-25,36.55,36.58,35.43,35.47,3597300,0.0
2013-02-26,35.85,35.94,35.54,35.73,4811200,0.0
2013-02-27,35.72,36.25,35.67,36.18,2074500,0.0
2013-02-28,36.19,36.39,36.12,36.16,4837100,0.0
2013-03-01,35.94,36.14,35.79,36.08,5763100,0.0
2013-03-04,36.0,36.24,35.93,36.24,2535400,0.0
2013-03-05,36.56,36.66,36.52,36.59,2735800,0.0
2013-03-06,36.78,36.78,36.54,36.68,2391500,0.0
2013-03-07,36.78,36.86,36.75,36.79,3122200,0.0
2013-03-08,36.82,36.88,36.67,36.87,9391600,0.0
2013-03-11,36.84,36.99,36.77,36.97,3205600,0.0
2013-03-12,36.95,37.01,36.73,36.81,2856400,0.0
2013-03-13,36.71,36.84,36.56,36.73,2813700,0.0
2013-03-14,36.91,37.16,36.88,37.13,2777300,0.0
2013-03-15,37.19,37.25,37.09,37.16,3222300,0.0
2013-03-18,36.73,37.03,36.67,36.75,2564200,0.0
2013-03-19,36.88,36.91,36.41,36.64,3268100,0.0
2013-03-20,36.94,36.96,36.8,36.89,2445200,0.0
2013-03-21,36.61,36.79,36.54,36.58,2447100,0.0
2013-03-22,36.62,36.78,36.56,36.75,2410600,0.0
2013-03-25,36.75,36.78,36.17,36.27,3754300,0.0
2013-03-26,36.41,36.5,36.3,36.48,2256900,0.0
2013-03-27,36.09,36.34,36.01,36.3,2961400,0.0
2013-03-28,36.43,36.55,36.34,36.43,4782100,0.0
2013-04-01,36.25,36.26,35.92,36.0,5633900,0.0
2013-04-02,36.36,36.55,36.32,36.38,2991400,0.0
2013-04-03,36.55,36.61,36.18,36.21,2245400,0.0
2013-04-04,36.33,36.56,36.25,36.53,2236100,0.0
2013-04-05,36.04,36.37,35.98,36.37,2280900,0.0
2013-04-08,36.37,36.5,36.29,36.49,2044900,0.0
2013-04-09,36.47,36.76,36.34,36.64,3858600,0.0
2013-04-10,36.95,37.25,36.95,37.16,1716600,0.0
2013-04-11,37.4,37.63,37.36,37.45,1433200,0.0
2013-04-12,37.29,37.4,37.13,37.4,2269400,0.0
2013-04-15,37.05,37.05,36.61,36.62,3318400,0.0
2013-04-16,37.05,37.17,36.88,37.15,1813100,0.0
2013-04-17,36.75,36.75,36.2,36.39,2413100,0.0
2013-04-18,36.48,36.48,36.14,36.3,2315700,0.0
2013-04-19,36.52,36.59,36.41,36.55,1520000,0.0
2013-04-22,36.55,36.77,36.39,36.73,1852000,0.0
2013-04-23,37.03,37.28,37.01,37.24,2573600,0.0
2013-04-24,37.48,37.66,37.42,37.56,3129400,0.0
2013-04-25,37.74,37.93,37.73,37.77,3408800,0.0
2013-04-26,37.7,37.82,37.67,37.79,1797800,0.0
2013-04-29,37.96,38.29,37.95,38.23,4281400,0.0
2013-04-30,38.27,38.33,38.15,38.33,5729000,0.0
2013-05-01,38.32,38.33,37.98,38.04,2074900,0.0
2013-05-02,37.98,38.25,37.94,38.16,2532100,0.0
2013-05-03,38.5,38.71,38.47,38.62,1953800,0.0
2013-05-06,38.53,38.61,38.44,38.59,1554700,0.0
2013-05-07,38.7,38.72,38.53,38.69,1565800,0.0
2013-05-08,38.9,39.1,38.89,39.09,1968700,0.0
2013-05-09,38.89,38.93,38.58,38.72,3591600,0.0
2013-05-10,38.64,38.8,38.55,38.74,2628400,0.0
2013-05-13,38.74,38.78,38.63,38.74,1862900,0.0
2013-05-14,38.72,38.92,38.69,38.88,2218800,0.0
2013-05-15,38.82,39.02,38.78,39.01,2242900,0.0
2013-05-16,38.84,38.95,38.66,38.69,2524300,0.0
2013-05-17,38.74,39.02,38.71,39.01,1845800,0.0
2013-05-20,39.02,39.25,39.0,39.21,5275200,0.0
2013-05-21,39.07,39.37,38.98,39.27,2587400,0.0
2013-05-22,39.32,39.67,38.79,38.92,2732800,0.0
2013-05-23,37.94,38.36,37.73,38.33,3575300,0.0
2013-05-24,37.86,38.04,37.74,38.03,2178500,0.0
2013-05-28,38.32,38.48,38.04,38.1,3104800,0.0
2013-05-29,37.82,37.85,37.58,37.77,2423100,0.0
2013-05-30,37.8,38.05,37.77,37.95,2531100,0.0
2013-05-31,37.51,37.56,37.18,37.19,4598500,0.0
2013-06-03,37.19,37.52,37.03,37.44,6012600,0.0
2013-06-04,37.71,37.76,37.33,37.52,2536600,0.0
2013-06-05,37.09,37.11,36.68,36.68,3667600,0.0
2013-06-06,36.67,36.92,36.51,36.89,3508800,0.0
2013-06-07,36.92,37.34,36.79,37.32,3204300,0.0
2013-06-10,37.44,37.44,37.2,37.34,2707500,0.0
2013-06-11,36.81,37.08,36.72,36.87,3146100,0.0
2013-06-12,37.31,37.32,36.8,36.85,2009500,0.0
2013-06-13,36.98,37.46,36.87,37.42,1923700,0.0
2013-06-14,37.14,37.32,36.86,36.98,2461100,0.0
2013-06-17,37.63,37.74,37.29,37.51,1925200,0.0
2013-06-18,37.65,37.83,37.63,37.74,2252400,0.0
2013-06-19,37.72,37.8,37.01,37.05,4551500,0.0
2013-06-20,36.18,36.25,35.6,35.67,5257800,0.0
2013-06-21,36.12,36.12,35.47,35.79,3486600,0.0
2013-06-24,34.57,34.87,34.33,34.64,3556500,0.0
2013-06-25,34.99,35.18,34.74,35.14,3814000,0.0
2013-06-26,35.31,35.38,35.13,35.3,2472300,0.0
2013-06-27,35.62,35.81,35.6,35.68,2158600,0.0
2013-06-28,35.63,35.8,35.49,35.6,3390200,0.0
2013-07-01,35.98,36.09,35.88,35.96,4226100,0.0
2013-07-02,35.89,36.09,35.64,35.78,2563900,0.0
2013-07-03,35.5,35.83,35.42,35.77,1982800,0.0
2013-07-05,36.08,36.08,35.63,35.92,2945800,0.0
2013-07-08,36.06,36.17,35.98,36.11,2432700,0.0
2013-07-09,36.42,36.44,36.11,36.33,4859600,0.0
2013-07-10,36.32,36.67,36.26,36.4,5634600,0.0
2013-07-11,37.1,37.44,36.97,37.4,3517300,0.0
2013-07-12,37.13,37.21,37.02,37.19,2449000,0.0
2013-07-15,37.29,37.42,37.23,37.41,3215700,0.0
2013-07-16,37.35,37.42,37.26,37.36,1956000,0.0
2013-07-17,37.62,37.65,37.4,37.5,2503200,0.0
2013-07-18,37.56,37.74,37.24,37.72,3698800,0.0
2013-07-19,37.58,37.73,37.51,37.68,2084200,0.0
2013-07-22,37.77,37.89,37.72,37.88,2801900,0.0
2013-07-23,37.96,38.05,37.84,37.93,2275400,0.0
2013-07-24,38.08,38.1,37.76,37.89,2000800,0.0
2013-07-25,37.6,37.98,37.56,37.93,2455200,0.0
2013-07-26,37.61,37.73,37.42,37.72,3521600,0.0
2013-07-29,37.4,37.46,37.31,37.39,1932200,0.0
2013-07-30,37.55,37.58,37.27,37.38,1841600,0.0
2013-07-31,37.28,37.69,37.28,37.45,7629300,0.0
2013-08-01,37.93,38.03,37.83,37.97,14871200,0.0
2013-08-02,38.0,38.27,38.0,38.27,3388300,0.0
2013-08-05,38.13,38.23,38.02,38.23,2521900,0.0
2013-08-06,38.29,38.31,38.04,38.15,2554700,0.0
2013-08-07,37.94,38.01,37.88,37.93,3540900,0.0
2013-08-08,38.13,38.32,38.01,38.27,2302700,0.0
2013-08-09,38.24,38.37,38.17,38.29,1902700,0.0
2013-08-12,38.11,38.27,38.11,38.23,1942900,0.0
2013-08-13,38.34,38.54,38.14,38.52,2590300,0.0
2013-08-14,38.54,38.59,38.48,38.53,2501700,0.0
2013-08-15,38.07,38.24,37.8,38.2,4027900,0.0
2013-08-16,38.29,38.38,38.23,38.27,2628200,0.0
2013-08-19,38.24,38.29,38.0,38.0,1931200,0.0
2013-08-20,37.84,38.04,37.8,37.94,3442200,0.0
2013-08-21,37.7,37.83,37.36,37.49,2878300,0.0
2013-08-22,37.78,37.93,37.77,37.88,1832600,0.0
2013-08-23,38.09,38.22,38.0,38.21,2294500,0.0
2013-08-26,38.05,38.1,37.93,37.96,2567900,0.0
2013-08-27,37.51,37.65,37.29,37.32,2686000,0.0
2013-08-28,37.11,37.43,37.08,37.28,2618200,0.0
2013-08-29,37.21,37.42,37.18,37.28,2381800,0.0
2013-08-30,37.1,37.1,36.82,36.85,3510100,0.0
2013-09-03,37.71,37.74,37.39,37.54,3378600,0.0
2013-09-04,37.53,37.94,37.48,37.88,2401800,0.0
2013-09-05,37.77,37.91,37.73,37.87,2481400,0.0
2013-09-06,38.04,38.19,37.79,38.09,4463500,0.0
2013-09-09,38.36,38.66,38.31,38.63,2250700,0.0
2013-09-10,38.94,39.06,38.9,39.05,4615300,0.0
2013-09-11,38.93,39.18,38.9,39.16,2449100,0.0
2013-09-12,39.01,39.13,38.94,38.97,7005100,0.0
2013-09-13,38.98,39.13,38.89,39.11,4754500,0.0
2013-09-16,39.63,39.64,39.43,39.46,2349200,0.0
2013-09-17,39.37,39.48,39.36,39.48,2177400,0.0
2013-09-18,39.52,40.59,39.39,40.52,3735400,0.0
2013-09-19,40.56,40.56,40.27,40.34,3071000,0.0
2013-09-20,40.27,40.27,40.01,40.01,2825000,0.0
2013-09-23,39.92,39.93,39.69,39.87,5032300,0.0
2013-09-24,39.82,39.95,39.69,39.79,3806900,0.0
2013-09-25,39.76,39.89,39.69,39.81,4180900,0.0
2013-09-26,39.93,40.06,39.84,39.96,2848400,0.0
2013-09-27,39.84,39.96,39.78,39.88,2742700,0.0
2013-09-30,39.48,39.66,39.41,39.58,6128000,0.0
2013-10-01,39.62,39.89,39.56,39.81,7047900,0.0
2013-10-02,39.63,39.79,39.45,39.77,4647700,0.0
2013-10-03,39.7,39.74,39.45,39.52,7443500,0.0
2013-10-04,39.51,39.67,39.47,39.63,2133300,0.0
2013-10-07,39.13,39.39,39.11,39.23,2536800,0.0
2013-10-08,39.3,39.32,38.94,38.97,3944100,0.0
2013-10-09,39.08,39.19,38.84,39.1,3424500,0.0
2013-10-10,39.47,39.89,39.44,39.83,2571600,0.0
2013-10-11,39.84,40.05,39.81,40.05,3102900,0.0
2013-10-14,39.87,40.2,39.84,40.17,1715300,0.0
2013-10-15,40.05,40.09,39.92,39.96,2943500,0.0
2013-10-16,40.1,40.31,40.07,40.3,2155700,0.0
2013-10-17,40.5,40.8,40.46,40.79,3721200,0.0
2013-10-18,40.92,41.04,40.84,41.03,2437800,0.0
2013-10-21,41.01,41.09,40.94,41.09,2215100,0.0
2013-10-22,41.31,41.56,41.27,41.48,8545300,0.0
2013-10-23,41.06,41.07,40.91,41.03,2865800,0.0
2013-10-24,41.25,41.32,41.16,41.31,2246700,0.0
2013-10-25,41.19,41.2,41.08,41.2,2544000,0.0
2013-10-28,41.12,41.23,41.05,41.14,2391500,0.0
2013-10-29,41.2,41.24,41.12,41.21,2652700,0.0
2013-10-30,41.32,41.32,40.91,41.12,3053800,0.0
2013-10-31,40.99,41.09,40.82,40.85,3825400,0.0
2013-11-01,40.65,40.69,40.43,40.65,4260900,0.0
2013-11-04,40.73,40.83,40.64,40.83,3206400,0.0
2013-11-05,40.46,40.55,40.31,40.48,3421600,0.0
2013-11-06,40.87,40.96,40.78,40.87,2109600,0.0
2013-11-07,40.7,40.7,40.13,40.18,3235900,0.0
2013-11-08,40.1,40.42,40.09,40.42,4894600,0.0
2013-11-11,40.44,40.48,40.37,40.47,1952600,0.0
2013-11-12,40.37,40.47,40.26,40.38,2732800,0.0
2013-11-13,40.07,40.5,40.04,40.49,7775400,0.0
2013-11-14,40.49,40.72,40.44,40.68,1856700,0.0
2013-11-15,40.96,41.05,40.9,41.05,2559800,0.0
2013-11-18,41.3,41.32,41.0,41.08,3023700,0.0
2013-11-19,40.95,41.1,40.91,40.96,2304000,0.0
2013-11-20,41.02,41.09,40.58,40.68,3792100,0.0
2013-11-21,40.79,40.92,40.73,40.92,2725200,0.0
2013-11-22,40.92,41.06,40.88,41.04,2345400,0.0
2013-11-25,41.0,41.01,40.85,40.92,3176600,0.0
2013-11-26,40.86,40.96,40.8,40.91,3171300,0.0
2013-11-27,41.05,41.11,40.97,41.05,2515200,0.0
2013-11-29,41.25,41.32,41.12,41.12,3048200,0.0
2013-12-02,40.99,41.02,40.81,40.84,3005100,0.0
2013-12-03,40.62,40.66,40.38,40.51,2755700,0.0
2013-12-04,40.07,40.32,40.0,40.28,5513100,0.0
2013-12-05,40.17,40.24,40.01,40.06,2103500,0.0
2013-12-06,40.37,40.59,40.35,40.55,2557700,0.0
2013-12-09,40.51,40.6,40.47,40.56,2660800,0.0
2013-12-10,40.43,40.5,40.36,40.43,2741000,0.0
2013-12-11,40.45,40.46,40.06,40.1,4804800,0.0
2013-12-12,39.92,39.93,39.69,39.8,3794100,0.0
2013-12-13,39.8,39.81,39.63,39.76,2611300,0.0
2013-12-16,40.06,40.16,40.01,40.05,4917900,0.0
2013-12-17,39.97,39.97,39.78,39.9,3148200,0.0
2013-12-18,40.17,40.6,39.75,40.49,4402500,0.0
2013-12-19,40.34,40.5,40.27,40.47,3711800,0.0
2013-12-20,40.37,40.54,40.35,40.47,3157800,0.0
2013-12-23,40.75,40.89,40.69,40.87,4007500,0.0
2013-12-24,40.84,40.96,40.79,40.94,1492800,0.0
2013-12-26,41.15,41.2,41.12,41.18,2428100,0.0
2013-12-27,41.54,41.54,41.37,41.39,2871500,0.0
2013-12-30,41.53,41.62,41.48,41.61,2218000,0.0
2013-12-31,41.71,41.88,41.66,41.68,3160100,0.0
2014-01-02,41.22,41.22,40.88,40.98,4919500,0.0
2014-01-03,41.07,41.12,40.92,40.99,2613700,0.0
2014-01-06,41.04,41.06,40.9,40.91,2922600,0.0
2014-01-07,41.11,41.2,41.07,41.15,2195900,0.0
2014-01-08,41.18,41.22,41.06,41.14,3068400,0.0
2014-01-09,41.16,41.16,40.86,41.09,3564500,0.0
2014-01-10,41.27,41.49,41.24,41.46,2911100,0.0
2014-01-13,41.3,41.38,41.04,41.11,2572300,0.0
2014-01-14,41.24,41.46,41.1,41.42,2298700,0.0
2014-01-15,41.42,41.62,41.39,41.62,3691100,0.0
2014-01-16,41.53,41.58,41.39,41.55,2871900,0.0
2014-01-17,41.52,41.59,41.38,41.45,2209600,0.0
2014-01-21,41.7,41.7,41.46,41.62,2855100,0.0
2014-01-22,41.64,41.7,41.56,41.66,2904100,0.0
2014-01-23,41.51,41.51,41.17,41.35,3645400,0.0
2014-01-24,40.74,40.75,40.21,40.21,5200000,0.0
2014-01-27,40.23,40.27,39.79,40.02,5212800,0.0
2014-01-28,40.24,40.44,40.21,40.42,2944800,0.0
2014-01-29,39.95,40.16,39.84,39.94,3117900,0.0
2014-01-30,40.16,40.23,39.97,40.15,3562600,0.0
2014-01-31,39.35,39.77,39.31,39.51,4159900,0.0
2014-02-03,39.47,39.52,38.72,38.75,4690100,0.0
2014-02-04,38.99,39.17,38.89,39.15,3388500,0.0
2014-02-05,39.1,39.25,38.98,39.19,3977200,0.0
2014-02-06,39.52,39.96,39.52,39.96,3659200,0.0
2014-02-07,40.09,40.41,40.01,40.4,4494500,0.0
2014-02-10,40.29,40.29,40.16,40.22,3818300,0.0
2014-02-11,40.47,40.96,40.47,40.88,3055800,0.0
2014-02-12,40.91,41.02,40.85,40.98,3213200,0.0
2014-02-13,40.6,41.1,40.57,41.05,9339400,0.0
2014-02-14,41.04,41.28,41.0,41.23,3600500,0.0
2014-02-18,41.52,41.61,41.39,41.57,3290900,0.0
2014-02-19,41.46,41.65,41.25,41.25,3287500,0.0
2014-02-20,41.2,41.46,41.13,41.4,2497100,0.0
2014-02-21,41.56,41.72,41.5,41.5,2395000,0.0
2014-02-24,41.67,42.06,41.62,41.85,4067200,0.0
2014-02-25,41.89,41.99,41.69,41.77,2448400,0.0
2014-02-26,41.72,41.74,41.51,41.64,2406000,0.0
2014-02-27,41.55,41.81,41.46,41.81,2437800,0.0
2014-02-28,41.89,42.07,41.72,41.86,2975600,0.0
2014-03-03,41.18,41.26,40.88,41.01,4448300,0.0
2014-03-04,41.78,41.85,41.72,41.82,3837000,0.0
2014-03-05,41.74,41.82,41.67,41.73,2607300,0.0
2014-03-06,42.2,42.3,42.14,42.2,1679100,0.0
2014-03-07,42.15,42.15,41.78,41.98,2783700,0.0
2014-03-10,41.69,41.73,41.45,41.7,2519800,0.0
2014-03-11,41.65,41.77,41.37,41.41,3545000,0.0
2014-03-12,41.05,41.29,40.93,41.23,2744300,0.0
2014-03-13,41.3,41.34,40.39,40.5,3214000,0.0
2014-03-14,40.29,40.57,40.25,40.4,3779100,0.0
2014-03-17,40.73,40.96,40.7,40.89,2565900,0.0
2014-03-18,40.94,41.22,40.91,41.15,3984600,0.0
2014-03-19,41.1,41.13,40.38,40.64,3662300,0.0
2014-03-20,40.26,40.55,40.17,40.48,3439400,0.0
2014-03-21,40.69,40.79,40.35,40.41,3039700,0.0
2014-03-24,40.69,40.7,40.26,40.48,3915700,0.0
2014-03-25,40.41,40.59,40.26,40.51,3100700,0.0
2014-03-26,40.81,40.85,40.52,40.52,4167800,0.0
2014-03-27,40.72,40.82,40.62,40.75,3578600,0.0
2014-03-28,41.06,41.17,41.01,41.04,2386900,0.0
2014-03-31,41.39,41.44,41.24,41.27,6154800,0.0
2014-04-01,41.48,41.57,41.44,41.57,7648200,0.0
2014-04-02,41.56,41.65,41.5,41.64,3399800,0.0
2014-04-03,41.61,41.62,41.4,41.5,4195800,0.0
2014-04-04,41.7,41.76,41.34,41.39,3420900,0.0
2014-04-07,41.37,41.39,41.11,41.2,2687300,0.0
2014-04-08,41.03,41.25,41.0,41.17,2752400,0.0
2014-04-09,41.5,41.75,41.35,41.74,2668600,0.0
2014-04-10,41.51,41.58,40.98,40.99,2923800,0.0
2014-04-11,40.76,41.05,40.75,40.76,2953400,0.0
2014-04-14,40.94,41.05,40.79,40.99,4446200,0.0
2014-04-15,40.89,40.94,40.38,40.79,4349000,0.0
2014-04-16,41.17,41.33,41.02,41.33,2406100,0.0
2014-04-17,41.37,41.57,41.27,41.48,3289300,0.0
2014-04-21,41.57,41.58,41.43,41.55,2740400,0.0
2014-04-22,41.66,41.77,41.64,41.72,1607400,0.0
2014-04-23,41.68,41.69,41.55,41.61,2762600,0.0
2014-04-24,41.6,41.65,41.34,41.6,11458700,0.0
2014-04-25,41.53,41.53,41.28,41.4,6941800,0.0
2014-04-28,41.55,41.62,41.24,41.52,4456200,0.0
2014-04-29,41.68,41.86,41.68,41.79,3115400,0.0
2014-04-30,41.78,41.96,41.71,41.92,6180200,0.0
2014-05-01,42.18,42.18,41.92,42.06,3738800,0.0
2014-05-02,41.98,42.09,41.87,42.0,4478900,0.0
2014-05-05,41.86,41.97,41.61,41.95,3945900,0.0
2014-05-06,41.96,42.0,41.84,41.89,2362600,0.0
2014-05-07,41.86,41.95,41.69,41.93,3857600,0.0
2014-05-08,41.97,42.12,41.86,41.92,2218300,0.0
2014-05-09,41.85,41.93,41.72,41.86,2356900,0.0
2014-05-12,42.06,42.18,42.02,42.18,4526600,0.0
2014-05-13,42.2,42.25,42.13,42.24,2214200,0.0
2014-05-14,42.25,42.3,42.13,42.18,1857800,0.0
2014-05-15,42.08,42.12,41.84,41.99,2453500,0.0
2014-05-16,42.01,42.07,41.91,42.06,2251700,0.0
2014-05-19,41.85,42.03,41.84,41.99,1741000,0.0
2014-05-20,41.85,41.87,41.62,41.71,3152400,0.0
2014-05-21,41.89,42.07,41.85,42.05,3071400,0.0
2014-05-22,42.1,42.18,42.06,42.15,1934300,0.0
2014-05-23,42.12,42.29,42.11,42.25,1349000,0.0
2014-05-27,42.51,42.53,42.36,42.51,2434500,0.0
2014-05-28,42.4,42.45,42.32,42.38,2137800,0.0
2014-05-29,42.58,42.66,42.5,42.66,2265000,0.0
2014-05-30,42.6,42.67,42.55,42.66,3623200,0.0
2014-06-02,42.77,42.78,42.65,42.73,2275600,0.0
2014-06-03,42.57,42.67,42.57,42.64,1947700,0.0
2014-06-04,42.58,42.69,42.5,42.66,2165500,0.0
2014-06-05,42.79,42.98,42.61,42.95,1800000,0.0
2014-06-06,43.01,43.17,42.98,43.17,2453600,0.0
2014-06-09,43.02,43.16,42.98,43.12,1822900,0.0
2014-06-10,42.98,43.06,42.9,43.04,5378800,0.0
2014-06-11,42.91,42.93,42.79,42.84,2294100,0.0
2014-06-12,42.99,43.02,42.77,42.85,1940400,0.0
2014-06-13,42.85,42.93,42.75,42.84,1817500,0.0
2014-06-16,42.76,42.92,42.76,42.87,1748500,0.0
2014-06-17,42.69,42.83,42.67,42.82,4111900,0.0
2014-06-18,42.86,43.2,42.73,43.19,4192700,0.0
2014-06-19,43.47,43.48,43.34,43.4,3755200,0.0
2014-06-20,43.34,43.35,43.23,43.31,2036000,0.0
2014-06-23,43.16,43.22,43.03,43.2,2168900,0.0
2014-06-24,42.64,42.69,42.41,42.44,2402500,0.0
2014-06-25,42.26,42.49,42.22,42.48,5235400,0.0
2014-06-26,42.44,42.49,42.14,42.46,2811600,0.0
2014-06-27,42.38,42.54,42.32,42.54,2383200,0.0
2014-06-30,42.49,42.61,42.45,42.59,10264200,0.0
2014-07-01,42.82,43.02,42.79,42.97,6175100,0.0
2014-07-02,42.95,43.03,42.9,43.02,2255200,0.0
2014-07-03,43.03,43.15,42.99,43.09,4219100,0.0
2014-07-07,42.78,42.82,42.7,42.76,2093100,0.0
2014-07-08,42.54,42.54,42.23,42.33,2498700,0.0
2014-07-09,42.31,42.53,42.27,42.49,3775400,0.0
2014-07-10,41.74,42.02,41.7,41.99,2299100,0.0
2014-07-11,41.91,42.05,41.85,42.04,3952200,0.0
2014-07-14,42.42,42.42,42.31,42.34,1752600,0.0
2014-07-15,42.36,42.4,42.05,42.21,2678000,0.0
2014-07-16,42.53,42.55,42.44,42.52,2076100,0.0
2014-07-17,42.27,42.42,41.93,41.96,2813100,0.0
2014-07-18,42.04,42.36,42.04,42.31,4361000,0.0
2014-07-21,42.01,42.16,41.95,42.14,2327000,0.0
2014-07-22,42.4,42.44,42.34,42.36,2002000,0.0
2014-07-23,42.52,42.52,42.39,42.45,1678700,0.0
2014-07-24,42.55,42.57,42.46,42.52,1950800,0.0
2014-07-25,42.49,42.49,42.21,42.37,2174800,0.0
2014-07-28,42.4,42.45,42.17,42.39,2267800,0.0
2014-07-29,42.55,42.57,42.33,42.35,2171600,0.0
2014-07-30,42.4,42.45,42.15,42.31,3327000,0.0
2014-07-31,41.9,41.92,41.55,41.58,4850300,0.0
2014-08-01,41.43,41.59,41.26,41.35,4252500,0.0
2014-08-04,41.46,41.57,41.25,41.49,3471500,0.0
2014-08-05,41.24,41.3,40.9,40.98,3859900,0.0
2014-08-06,40.68,40.99,40.66,40.89,3524700,0.0
2014-08-07,40.94,40.99,40.44,40.55,2774700,0.0
2014-08-08,40.54,40.81,40.43,40.81,2313500,0.0
2014-08-11,40.9,41.02,40.9,40.91,2046800,0.0
2014-08-12,40.9,40.97,40.82,40.91,1848800,0.0
2014-08-13,41.18,41.24,41.09,41.19,2646100,0.0
2014-08-14,41.37,41.39,41.28,41.38,1956000,0.0
2014-08-15,41.55,41.64,41.02,41.36,6917300,0.0
2014-08-18,41.53,41.61,41.48,41.59,1904500,0.0
2014-08-19,41.61,41.7,41.61,41.69,1584400,0.0
2014-08-20,41.47,41.61,41.45,41.55,2419700,0.0
2014-08-21,41.64,41.75,41.62,41.71,2362100,0.0
2014-08-22,41.59,41.62,41.37,41.53,3894100,0.0
2014-08-25,41.74,41.89,41.69,41.81,2291700,0.0
2014-08-26,41.84,41.96,41.8,41.8,1840000,0.0
2014-08-27,41.94,41.97,41.84,41.92,1704000,0.0
2014-08-28,41.63,41.73,41.59,41.72,2932600,0.0
2014-08-29,41.67,41.72,41.53,41.69,4019100,0.0
2014-09-02,41.76,41.79,41.6,41.73,2178900,0.0
2014-09-03,42.07,42.11,41.93,42.0,2032600,0.0
2014-09-04,41.97,42.06,41.7,41.82,2379600,0.0
2014-09-05,41.68,41.81,41.58,41.81,1906400,0.0
2014-09-08,41.53,41.57,41.3,41.39,2090700,0.0
2014-09-09,41.3,41.3,41.1,41.23,2097000,0.0
2014-09-10,41.27,41.47,41.2,41.47,2737000,0.0
2014-09-11,41.19,41.26,41.09,41.24,2944300,0.0
2014-09-12,41.19,41.23,41.08,41.16,2108700,0.0
2014-09-15,41.09,41.14,41.02,41.1,2298500,0.0
2014-09-16,40.91,41.32,40.9,41.27,3501400,0.0
2014-09-17,41.12,41.23,40.89,40.97,2500300,0.0
2014-09-18,41.19,41.28,41.16,41.25,2900100,0.0
2014-09-19,41.33,41.33,41.08,41.1,2261200,0.0
2014-09-22,41.09,41.09,40.83,40.96,2475000,0.0
2014-09-23,40.69,40.8,40.55,40.59,3965200,0.0
2014-09-24,40.41,40.65,40.3,40.6,2384600,0.0
2014-09-25,40.4,40.4,39.97,40.03,3858200,0.0
2014-09-26,40.14,40.3,40.05,40.18,1921300,0.0
2014-09-29,39.76,39.93,39.7,39.83,4002500,0.0
2014-09-30,39.73,39.9,39.62,39.75,6953500,0.0
2014-10-01,39.52,39.58,39.21,39.26,6636300,0.0
2014-10-02,39.03,39.09,38.5,38.83,7207900,0.0
2014-10-03,38.8,38.92,38.71,38.88,5705000,0.0
2014-10-06,39.05,39.17,38.88,39.1,3748600,0.0
2014-10-07,38.88,38.88,38.47,38.47,4012400,0.0
2014-10-08,38.48,39.1,38.35,39.06,3992500,0.0
2014-10-09,38.69,38.76,37.98,38.01,4950400,0.0
2014-10-10,37.84,37.94,37.44,37.44,5080900,0.0
2014-10-13,37.86,37.96,37.41,37.42,4661600,0.0
2014-10-14,37.66,37.8,37.39,37.48,10333000,0.0
2014-10-15,37.24,37.32,36.58,37.27,9320100,0.0
2014-10-16,36.45,37.27,36.36,36.97,10828900,0.0
2014-10-17,37.54,37.7,37.38,37.57,4924800,0.0
2014-10-20,37.56,37.92,37.56,37.89,3739000,0.0
2014-10-21,38.04,38.33,38.02,38.3,4426100,0.0
2014-10-22,38.25,38.37,37.99,38.03,3789700,0.0
2014-10-23,38.4,38.59,38.32,38.43,6064500,0.0
2014-10-24,38.49,38.59,38.37,38.59,3854700,0.0
2014-10-27,38.3,38.56,38.21,38.47,3595600,0.0
2014-10-28,38.78,38.94,38.72,38.94,2611400,0.0
2014-10-29,39.05,39.16,38.56,38.71,3550700,0.0
2014-10-30,38.54,39.22,38.54,38.98,3121200,0.0
2014-10-31,39.48,39.64,39.38,39.61,4484600,0.0
2014-11-03,39.38,39.44,39.18,39.33,3592600,0.0
2014-11-04,39.03,39.1,38.85,39.08,2532600,0.0
2014-11-05,39.13,39.16,38.95,39.09,2920400,0.0
2014-11-06,39.05,39.14,38.84,38.93,3392900,0.0
2014-11-07,38.81,38.94,38.66,38.94,2691000,0.0
2014-11-10,39.09,39.16,38.98,39.12,3480300,0.0
2014-11-11,39.24,39.39,39.13,39.35,2407100,0.0
2014-11-12,38.96,39.1,38.92,39.02,3523400,0.0
2014-11-13,39.07,39.28,39.04,39.18,2743200,0.0
2014-11-14,38.96,39.25,38.95,39.24,4583200,0.0
2014-11-17,38.96,39.12,38.91,39.07,3885400,0.0
2014-11-18,39.33,39.55,39.33,39.49,3588600,0.0
2014-11-19,39.41,39.5,39.2,39.36,3301400,0.0
2014-11-20,39.01,39.23,38.97,39.16,2576700,0.0
2014-11-21,39.62,39.64,39.35,39.49,3276300,0.0
2014-11-24,39.66,39.69,39.56,39.68,3461300,0.0
2014-11-25,39.72,39.81,39.64,39.77,4900400,0.0
2014-11-26,39.82,39.94,39.78,39.93,2281300,0.0
2014-11-28,39.63,39.69,39.57,39.61,3534000,0.0
2014-12-01,39.64,39.64,39.42,39.55,3846200,0.0
2014-12-02,39.64,39.67,39.55,39.66,4755300,0.0
2014-12-03,39.52,39.65,39.51,39.6,3647600,0.0
2014-12-04,39.55,39.69,39.4,39.54,5216900,0.0
2014-12-05,39.62,39.71,39.5,39.62,3671000,0.0
2014-12-08,39.39,39.44,39.22,39.27,4564600,0.0
2014-12-09,38.9,39.07,38.79,39.05,5376500,0.0
2014-12-10,38.96,38.96,38.49,38.54,6748500,0.0
2014-12-11,38.63,38.8,38.44,38.5,5566600,0.0
2014-12-12,38.37,38.47,37.78,37.79,7999800,0.0
2014-12-15,37.94,37.99,37.09,37.21,9766400,0.0
2014-12-16,37.29,37.95,37.21,37.49,9788000,0.0
2014-12-17,37.59,38.16,37.58,37.87,10407100,0.0
2014-12-18,38.3,38.57,38.22,38.55,7255000,0.0
2014-12-19,38.51,38.74,38.38,38.63,14181700,0.0
2014-12-22,38.56,38.6,38.43,38.59,12524300,0.0
2014-12-23,38.48,38.53,38.36,38.41,9966400,0.0
2014-12-24,38.41,38.62,38.4,38.58,3178100,0.0
2014-12-26,38.71,38.79,38.64,38.7,5031800,0.0
2014-12-29,38.45,38.56,38.42,38.45,8090100,0.0
2014-12-30,38.19,38.23,38.09,38.11,9794600,0.0
2014-12-31,38.22,38.28,37.85,37.88,9431100,0.0
2015-01-02,37.95,38.04,37.64,37.69,5970800,0.0
2015-01-05,37.25,37.25,36.77,36.85,8787700,0.0
2015-01-06,36.81,36.94,36.31,36.44,5413000,0.0
2015-01-07,36.69,36.9,36.51,36.83,4906100,0.0
2015-01-08,37.07,37.49,37.06,37.39,5459800,0.0
2015-01-09,37.4,37.45,37.04,37.21,4844500,0.0
2015-01-12,37.22,37.28,36.95,37.17,8086700,0.0
2015-01-13,37.6,37.69,37.08,37.35,4597400,0.0
2015-01-14,37.18,37.3,36.97,37.25,5792400,0.0
2015-01-15,37.66,37.72,37.38,37.46,7711100,0.0
2015-01-16,37.48,37.93,37.42,37.87,5464400,0.0
2015-01-20,38.18,38.2,37.88,38.04,6848000,0.0
2015-01-21,38.06,38.32,37.96,38.32,6008900,0.0
2015-01-22,38.23,38.54,38.13,38.46,7247800,0.0
2015-01-23,38.4,38.49,38.23,38.23,9728400,0.0
2015-01-26,38.47,38.84,38.44,38.74,4562700,0.0
2015-01-27,38.68,38.89,38.59,38.77,4023000,0.0
2015-01-28,38.74,38.87,38.24,38.26,4185300,0.0
2015-01-29,38.54,38.8,38.44,38.78,6399900,0.0
2015-01-30,38.42,38.53,38.14,38.15,7730300,0.0
2015-02-02,38.44,38.69,38.3,38.65,8519700,0.0
2015-02-03,38.86,39.27,38.77,39.2,4602600,0.0
2015-02-04,38.98,39.23,38.88,38.92,7436300,0.0
2015-02-05,39.22,39.36,39.06,39.33,15631300,0.0
2015-02-06,38.95,39.11,38.76,38.86,4267400,0.0
2015-02-09,38.61,38.79,38.59,38.68,3846500,0.0
2015-02-10,38.92,39.06,38.75,39.01,3006900,0.0
2015-02-11,38.79,38.88,38.63,38.8,3083500,0.0
2015-02-12,39.08,39.41,39.06,39.4,10545900,0.0
2015-02-13,39.52,39.69,39.52,39.68,3733100,0.0
2015-02-17,39.65,39.87,39.54,39.77,4627600,0.0
2015-02-18,39.92,40.13,39.83,40.04,3877300,0.0
2015-02-19,40.04,40.19,40.0,40.06,3234700,0.0
2015-02-20,39.99,40.57,39.9,40.46,5727500,0.0
2015-02-23,40.26,40.35,40.18,40.3,4540200,0.0
2015-02-24,40.31,40.58,40.2,40.54,3910200,0.0
2015-02-25,40.52,40.62,40.43,40.58,29699200,0.0
2015-02-26,40.53,40.58,40.39,40.47,4267000,0.0
2015-02-27,40.55,40.65,40.45,40.5,4726400,0.0
2015-03-02,40.52,40.57,40.41,40.56,4683400,0.0
2015-03-03,40.48,40.48,40.23,40.33,4558800,0.0
2015-03-04,40.15,40.19,39.89,40.15,4400900,0.0
2015-03-05,40.33,40.4,40.2,40.28,10852400,0.0
2015-03-06,40.02,40.06,39.7,39.74,3938100,0.0
2015-03-09,39.75,39.83,39.66,39.76,4775500,0.0
2015-03-10,39.21,39.21,38.91,38.93,5425000,0.0
2015-03-11,39.1,39.11,38.86,39.03,3745400,0.0
2015-03-12,39.65,39.7,39.23,39.51,5309800,0.0
2015-03-13,39.23,39.31,39.04,39.27,4263000,0.0
2015-03-16,39.57,39.78,39.54,39.71,4533000,0.0
2015-03-17,39.57,39.72,39.46,39.67,5497100,0.0
2015-03-18,39.8,40.57,39.66,40.49,6198700,0.0
2015-03-19,40.07,40.13,39.93,40.0,4467100,0.0
2015-03-20,40.72,41.01,40.54,40.86,3652900,0.0
2015-03-23,41.03,41.16,40.91,41.05,4152000,0.0
2015-03-24,41.17,41.21,41.01,41.01,3463000,0.0
2015-03-25,41.03,41.03,40.59,40.61,7283000,0.0
2015-03-26,40.36,40.39,40.04,40.28,3268800,0.0
2015-03-27,40.28,40.42,40.2,40.37,3159100,0.0
2015-03-30,40.43,40.5,40.36,40.4,6397800,0.0
2015-03-31,39.75,40.05,39.75,39.83,4832100,0.0
2015-04-01,40.05,40.11,39.83,40.11,9692100,0.0
2015-04-02,40.34,40.49,40.2,40.41,4242100,0.0
2015-04-06,40.67,41.03,40.53,40.8,4333000,0.0
2015-04-07,40.97,41.1,40.79,40.8,3437200,0.0
2015-04-08,41.18,41.23,40.84,40.99,3776700,0.0
2015-04-09,41.03,41.06,40.87,41.05,14238800,0.0
2015-04-10,41.02,41.14,40.93,41.13,3095500,0.0
2015-04-13,41.15,41.15,40.84,40.91,4847600,0.0
2015-04-14,41.19,41.25,41.1,41.22,3423500,0.0
2015-04-15,41.35,41.49,41.18,41.41,7418700,0.0
2015-04-16,41.46,41.63,41.29,41.51,3700700,0.0
2015-04-17,41.08,41.08,40.85,41.01,4674300,0.0
2015-04-20,41.07,41.29,41.02,41.08,2958100,0.0
2015-04-21,41.34,41.51,41.33,41.43,10277800,0.0
2015-04-22,41.47,41.54,41.26,41.52,3325400,0.0
2015-04-23,41.34,41.77,41.26,41.7,3015200,0.0
2015-04-24,41.86,41.99,41.69,41.93,3020300,0.0
2015-04-27,42.15,42.29,42.06,42.09,3479600,0.0
2015-04-28,42.09,42.17,41.88,42.16,3743900,0.0
2015-04-29,41.85,41.98,41.63,41.79,5476400,0.0
2015-04-30,41.5,41.6,41.28,41.37,7966300,0.0
2015-05-01,41.59,41.72,41.42,41.72,4214100,0.0
2015-05-04,41.77,41.9,41.67,41.76,3197600,0.0
2015-05-05,41.58,41.61,41.09,41.13,4727200,0.0
2015-05-06,41.37,41.42,41.05,41.22,3258500,0.0
2015-05-07,41.05,41.13,40.89,41.08,5227300,0.0
2015-05-08,41.72,42.04,41.66,41.97,2906700,0.0
2015-05-11,41.67,41.78,41.58,41.6,2838500,0.0
2015-05-12,41.55,41.7,41.48,41.6,4218800,0.0
2015-05-13,42.05,42.14,41.85,41.9,3101600,0.0
2015-05-14,42.29,42.42,42.21,42.4,2807400,0.0
2015-05-15,42.29,42.48,42.19,42.45,2733500,0.0
2015-05-18,42.26,42.35,42.19,42.31,2412300,0.0
2015-05-19,42.17,42.26,42.1,42.15,4747400,0.0
2015-05-20,42.16,42.39,42.1,42.23,2924700,0.0
2015-05-21,42.29,42.51,42.25,42.46,2587000,0.0
2015-05-22,42.27,42.31,42.17,42.2,2664900,0.0
2015-05-26,41.82,41.85,41.38,41.49,3414800,0.0
2015-05-27,41.5,41.86,41.47,41.84,3807100,0.0
2015-05-28,41.59,41.78,41.42,41.75,2596500,0.0
2015-05-29,41.56,41.63,41.19,41.35,5768600,0.0
2015-06-01,41.46,41.48,41.09,41.25,4166400,0.0
2015-06-02,41.33,41.6,41.26,41.39,4704000,0.0
2015-06-03,41.53,41.81,41.49,41.63,2620500,0.0
2015-06-04,41.33,41.63,41.04,41.15,4941700,0.0
2015-06-05,40.64,40.86,40.48,40.7,3548000,0.0
2015-06-08,40.66,40.69,40.52,40.66,3368800,0.0
2015-06-09,40.48,40.55,40.26,40.43,2786200,0.0
2015-06-10,41.01,41.38,40.97,41.27,2575500,0.0
2015-06-11,41.43,41.5,41.19,41.39,3293700,0.0
2015-06-12,40.92,41.17,40.81,41.06,4435800,0.0
2015-06-15,40.58,40.83,40.53,40.8,5339700,0.0
2015-06-16,40.59,40.8,40.53,40.79,3377700,0.0
2015-06-17,40.65,40.78,40.28,40.68,4701700,0.0
2015-06-18,40.78,41.37,40.78,41.07,7921900,0.0
2015-06-19,41.04,41.1,40.94,40.98,3451000,0.0
2015-06-22,41.71,41.96,41.66,41.69,4391200,0.0
2015-06-23,41.81,41.89,41.76,41.84,2975100,0.0
2015-06-24,41.65,41.73,41.47,41.5,5702500,0.0
2015-06-25,41.67,41.69,41.46,41.49,3495900,0.0
2015-06-26,41.01,41.09,40.8,40.94,5510400,0.0
2015-06-29,40.15,40.28,39.66,39.71,6779100,0.0
2015-06-30,40.15,40.19,39.51,39.65,8670600,0.0
2015-07-01,40.12,40.17,39.77,39.91,8379000,0.0
2015-07-02,40.1,40.1,39.89,40.01,4504900,0.0
2015-07-06,39.18,39.5,39.05,39.19,7686800,0.0
2015-07-07,38.91,39.24,38.42,39.18,10381300,0.0
2015-07-08,38.53,38.57,38.17,38.23,8466600,0.0
2015-07-09,39.06,39.14,38.78,38.85,4590200,0.0
2015-07-10,39.97,40.08,39.79,40.03,3625300,0.0
2015-07-13,40.21,40.26,40.12,40.2,9134000,0.0
2015-07-14,40.33,40.52,40.26,40.48,3326500,0.0
2015-07-15,40.42,40.46,40.21,40.32,3046300,0.0
2015-07-16,40.69,40.77,40.62,40.66,5037800,0.0
2015-07-17,40.63,40.64,40.54,40.6,2328200,0.0
2015-07-20,40.7,40.77,40.57,40.69,3222300,0.0
2015-07-21,40.59,40.65,40.52,40.58,6341700,0.0
2015-07-22,40.18,40.28,40.13,40.24,3813700,0.0
2015-07-23,40.33,40.33,40.06,40.11,6613800,0.0
2015-07-24,40.02,40.06,39.65,39.68,3634300,0.0
2015-07-27,39.62,39.68,39.36,39.43,4463100,0.0
2015-07-28,39.74,39.95,39.53,39.92,3684000,0.0
2015-07-29,39.89,40.19,39.81,40.06,4959300,0.0
2015-07-30,39.95,40.04,39.74,40.04,2922300,0.0
2015-07-31,40.4,40.4,40.15,40.23,7070100,0.0
2015-08-03,40.25,40.27,39.99,40.11,4785500,0.0
2015-08-04,40.21,40.28,40.07,40.15,4030000,0.0
2015-08-05,40.39,40.51,40.33,40.36,3435300,0.0
2015-08-06,40.31,40.35,40.08,40.18,3139200,0.0
2015-08-07,40.05,40.17,39.95,40.14,6327600,0.0
2015-08-10,40.26,40.64,40.22,40.63,3204200,0.0
2015-08-11,40.07,40.12,39.84,39.99,6032800,0.0
2015-08-12,39.49,39.75,39.26,39.73,5319300,0.0
2015-08-13,39.65,39.8,39.58,39.72,5826800,0.0
2015-08-14,39.65,39.82,39.56,39.79,5182300,0.0
2015-08-17,39.48,39.71,39.38,39.71,4422800,0.0
2015-08-18,39.47,39.54,39.34,39.4,4500500,0.0
2015-08-19,39.1,39.27,38.87,39.08,5641000,0.0
2015-08-20,38.68,38.72,38.12,38.12,8959600,0.0
2015-08-21,38.02,38.1,37.14,37.16,11455700,0.0
2015-08-24,35.65,36.74,35.11,35.91,30085700,0.0
2015-08-25,37.52,37.68,36.26,36.27,16331900,0.0
2015-08-26,37.88,37.89,36.36,37.21,12509400,0.0
2015-08-27,37.41,37.77,37.34,37.7,10178800,0.0
2015-08-28,37.52,37.7,37.43,37.6,16730900,0.0
2015-08-31,37.39,37.51,37.21,37.32,5561300,0.0
2015-09-01,36.32,36.47,36.0,36.1,8833200,0.0
2015-09-02,36.7,36.71,36.28,36.66,12515100,0.0
2015-09-03,36.79,37.01,36.64,36.71,6449000,0.0
2015-09-04,35.97,36.09,35.72,35.89,5774100,0.0
2015-09-08,36.8,36.94,36.66,36.93,7679900,0.0
2015-09-09,37.48,37.49,36.74,36.79,9047300,0.0
2015-09-10,36.84,37.16,36.73,37.03,6462000,0.0
2015-09-11,36.72,37.02,36.69,37.02,4743200,0.0
2015-09-14,36.75,36.78,36.59,36.75,3850100,0.0
2015-09-15,36.71,37.05,36.65,37.02,12290600,0.0
2015-09-16,37.31,37.59,37.29,37.55,5132900,0.0
2015-09-17,37.37,38.01,37.35,37.57,6130000,0.0
2015-09-18,36.87,37.05,36.64,36.67,5019400,0.0
2015-09-21,36.82,36.85,36.5,36.67,6297200,0.0
2015-09-22,35.89,35.97,35.58,35.81,9546600,0.0
2015-09-23,35.86,35.88,35.5,35.64,7533800,0.0
2015-09-24,35.39,35.61,35.12,35.52,11915400,0.0
2015-09-25,35.9,35.97,35.54,35.69,8630000,0.0
2015-09-28,35.46,35.49,34.93,35.0,7232700,0.0
2015-09-29,34.91,35.02,34.71,34.93,10210400,0.0
2015-09-30,35.53,35.66,35.27,35.64,11450200,0.0
2015-10-01,35.84,35.92,35.44,35.74,11944100,0.0
2015-10-02,35.63,36.33,35.5,36.33,6594200,0.0
2015-10-05,36.8,37.06,36.78,37.06,5477300,0.0
2015-10-06,36.99,37.22,36.99,37.1,5664300,0.0
2015-10-07,37.54,37.68,37.27,37.54,4639600,0.0
2015-10-08,37.52,37.86,37.32,37.85,4215500,0.0
2015-10-09,37.98,38.04,37.81,37.93,4267800,0.0
2015-10-12,37.82,37.91,37.78,37.86,2732600,0.0
2015-10-13,37.45,37.69,37.37,37.41,7393700,0.0
2015-10-14,37.46,37.6,37.35,37.47,7472100,0.0
2015-10-15,37.83,38.19,37.79,38.16,4211400,0.0
2015-10-16,38.04,38.15,37.97,38.14,8056300,0.0
2015-10-19,37.96,37.99,37.84,37.98,3950100,0.0
2015-10-20,37.87,37.95,37.79,37.85,3867600,0.0
2015-10-21,38.08,38.1,37.79,37.82,3019500,0.0
2015-10-22,37.98,38.39,37.98,38.27,4527000,0.0
2015-10-23,38.56,38.7,38.45,38.62,4939500,0.0
2015-10-26,38.56,38.57,38.44,38.48,3311300,0.0
2015-10-27,38.22,38.25,38.08,38.14,3714700,0.0
2015-10-28,38.27,38.58,38.02,38.35,4545600,0.0
2015-10-29,37.93,38.12,37.91,38.07,3988600,0.0
2015-10-30,38.14,38.28,38.02,38.04,8679000,0.0
2015-11-02,38.23,38.41,38.2,38.41,4404600,0.0
2015-11-03,38.19,38.5,38.13,38.41,4448600,0.0
2015-11-04,38.42,38.44,38.07,38.16,4603200,0.0
2015-11-05,38.26,38.3,38.03,38.11,6804600,0.0
2015-11-06,37.86,37.96,37.69,37.93,4523000,0.0
2015-11-09,37.73,37.74,37.4,37.53,5023500,0.0
2015-11-10,37.39,37.52,37.29,37.52,5948300,0.0
2015-11-11,37.82,37.86,37.64,37.7,3887400,0.0
2015-11-12,37.42,37.53,37.24,37.25,5813200,0.0
2015-11-13,37.09,37.11,36.87,36.96,6452400,0.0
2015-11-16,36.99,37.41,36.95,37.4,9150400,0.0
2015-11-17,37.52,37.64,37.38,37.45,6153500,0.0
2015-11-18,37.56,37.84,37.5,37.81,5392100,0.0
2015-11-19,38.03,38.13,37.96,38.01,5082700,0.0
2015-11-20,38.13,38.19,37.92,37.93,4761300,0.0
2015-11-23,37.84,37.92,37.62,37.7,6850700,0.0
2015-11-24,37.48,37.79,37.44,37.75,6010700,0.0
2015-11-25,37.78,37.88,37.69,37.81,4139500,0.0
2015-11-27,37.82,37.86,37.76,37.8,1730400,0.0
2015-11-30,37.8,37.85,37.71,37.75,6409600,0.0
2015-12-01,38.04,38.17,37.98,38.16,6266900,0.0
2015-12-02,38.01,38.06,37.7,37.76,6458600,0.0
2015-12-03,37.99,38.0,37.42,37.58,7369500,0.0
2015-12-04,37.45,37.93,37.44,37.85,7851700,0.0
2015-12-07,37.69,37.69,37.38,37.54,27559000,0.0
2015-12-08,36.94,37.06,36.81,36.97,7716100,0.0
2015-12-09,37.02,37.29,36.68,36.89,8952800,0.0
2015-12-10,37.02,37.1,36.85,36.88,8758600,0.0
2015-12-11,36.42,36.42,36.15,36.22,13250700,0.0
2015-12-14,36.37,36.42,35.92,36.3,17119500,0.0
2015-12-15,36.47,36.63,36.37,36.44,17785300,0.0
2015-12-16,36.89,37.28,36.72,37.18,13682200,0.0
2015-12-17,37.15,37.16,36.74,36.75,14836400,0.0
2015-12-18,36.56,36.63,36.36,36.36,13327600,0.0
2015-12-21,36.54,36.61,36.17,36.37,14329900,0.0
2015-12-22,36.47,36.68,36.35,36.64,12726000,0.0
2015-12-23,36.94,37.24,36.87,37.24,12581600,0.0
2015-12-24,37.12,37.24,37.05,37.14,6669200,0.0
2015-12-28,37.09,37.09,36.91,37.03,11549900,0.0
2015-12-29,37.35,37.51,37.31,37.42,8858600,0.0
2015-12-30,37.31,37.33,37.16,37.19,8108800,0.0
2015-12-31,37.01,37.02,36.71,36.72,11420100,0.0
2016-01-04,36.11,36.17,35.73,36.17,12529400,0.0
2016-01-05,36.08,36.14,35.87,36.13,6913600,0.0
2016-01-06,35.37,35.59,35.3,35.47,10205400,0.0
2016-01-07,34.9,35.17,34.76,34.8,31307000,0.0
2016-01-08,34.99,35.02,34.32,34.37,15695200,0.0
2016-01-11,34.75,34.78,34.21,34.52,12922300,0.0
2016-01-12,34.79,34.82,34.36,34.66,9926200,0.0
2016-01-13,34.89,34.95,34.04,34.14,12504800,0.0
2016-01-14,34.28,34.72,34.01,34.54,15388200,0.0
2016-01-15,33.4,33.66,33.14,33.34,21773800,0.0
2016-01-19,33.92,33.93,33.41,33.63,17414400,0.0
2016-01-20,32.96,33.06,32.22,32.86,14011600,0.0
2016-01-21,32.73,33.3,32.49,33.11,18334300,0.0
2016-01-22,33.91,34.13,33.84,34.07,14333900,0.0
2016-01-25,33.85,33.94,33.56,33.58,17822600,0.0
2016-01-26,33.79,34.22,33.75,34.19,6704400,0.0
2016-01-27,34.12,34.47,33.83,33.97,8531000,0.0
2016-01-28,34.33,34.34,33.82,34.1,10151300,0.0
2016-01-29,34.24,34.71,34.22,34.69,10950700,0.0
2016-02-01,34.4,34.75,34.28,34.62,12162500,0.0
2016-02-02,34.18,34.19,33.74,33.84,7540900,0.0
2016-02-03,34.03,34.18,33.44,34.14,10571000,0.0
2016-02-04,34.01,34.36,33.92,34.21,11076300,0.0
2016-02-05,34.08,34.13,33.58,33.7,10073200,0.0
2016-02-08,33.18,33.2,32.8,33.09,13906800,0.0
2016-02-09,32.44,32.87,32.42,32.73,14142400,0.0
2016-02-10,32.88,33.08,32.62,32.66,12716300,0.0
2016-02-11,32.26,32.39,31.95,32.23,27173800,0.0
2016-02-12,32.3,32.74,32.17,32.74,11300000,0.0
2016-02-16,33.31,33.38,33.02,33.37,9176700,0.0
2016-02-17,33.6,34.02,33.6,33.97,9328500,0.0
2016-02-18,34.07,34.14,33.77,33.81,8859800,0.0
2016-02-19,33.57,33.78,33.46,33.75,11576300,0.0
2016-02-22,33.99,34.19,33.98,34.16,9063600,0.0
2016-02-23,33.91,33.96,33.55,33.59,6969700,0.0
2016-02-24,33.06,33.55,32.91,33.49,9894700,0.0
2016-02-25,33.66,33.9,33.53,33.89,8416200,0.0
2016-02-26,34.02,34.08,33.73,33.77,5811100,0.0
2016-02-29,33.73,33.92,33.61,33.62,10145300,0.0
2016-03-01,34.09,34.52,34.03,34.49,6417000,0.0
2016-03-02,34.45,34.74,34.39,34.73,9564000,0.0
2016-03-03,34.83,35.11,34.81,35.1,6772000,0.0
2016-03-04,35.34,35.55,35.27,35.37,7626100,0.0
2016-03-07,35.02,35.46,34.99,35.34,12654200,0.0
2016-03-08,35.15,35.17,34.91,34.95,7501500,0.0
2016-03-09,35.09,35.2,35.01,35.1,5706800,0.0
2016-03-10,35.41,35.6,34.8,35.07,28665000,0.0
2016-03-11,35.73,36.0,35.69,35.98,5780600,0.0
2016-03-14,35.89,35.99,35.81,35.9,5980900,0.0
2016-03-15,35.37,35.44,35.24,35.38,5866600,0.0
2016-03-16,35.17,35.79,35.17,35.75,8075400,0.0
2016-03-17,35.75,36.17,35.71,36.08,6595400,0.0
2016-03-18,36.06,36.14,35.96,36.02,6833000,0.0
2016-03-21,35.93,36.02,35.84,35.95,5915700,0.0
2016-03-22,35.71,35.98,35.68,35.91,5297800,0.0
2016-03-23,35.8,35.84,35.48,35.52,5261300,0.0
2016-03-24,35.13,35.3,35.06,35.29,5802700,0.0
2016-03-28,35.59,35.65,35.42,35.51,5374900,0.0
2016-03-29,35.4,35.93,35.3,35.93,4990000,0.0
2016-03-30,36.24,36.4,36.13,36.2,5391300,0.0
2016-03-31,36.06,36.14,35.86,35.88,5447900,0.0
2016-04-01,35.15,35.53,35.1,35.48,5803600,0.0
2016-04-04,35.58,35.62,35.36,35.4,8759600,0.0
2016-04-05,34.79,34.84,34.67,34.74,5392100,0.0
2016-04-06,34.88,35.3,34.81,35.3,5042600,0.0
2016-04-07,35.01,35.11,34.71,34.8,6946300,0.0
2016-04-08,35.46,35.59,35.37,35.46,5736200,0.0
2016-04-11,35.71,35.84,35.49,35.49,9456200,0.0
2016-04-12,35.79,36.12,35.59,36.03,6381000,0.0
2016-04-13,36.5,36.65,36.44,36.6,4354800,0.0
2016-04-14,36.72,36.76,36.6,36.64,5240600,0.0
2016-04-15,36.63,36.67,36.54,36.54,5351600,0.0
2016-04-18,36.48,36.9,36.46,36.87,4375000,0.0
2016-04-19,37.4,37.57,37.35,37.51,5620200,0.0
2016-04-20,37.49,37.7,37.41,37.52,4809800,0.0
2016-04-21,37.49,37.51,37.21,37.3,4594500,0.0
2016-04-22,37.28,37.38,37.14,37.27,5629500,0.0
2016-04-25,37.12,37.14,36.99,37.11,4449500,0.0
2016-04-26,37.28,37.3,37.13,37.25,5341500,0.0
2016-04-27,37.15,37.35,37.08,37.31,4544200,0.0
2016-04-28,36.89,37.16,36.75,36.83,9761000,0.0
2016-04-29,36.88,36.94,36.57,36.71,10557400,0.0
2016-05-02,37.01,37.06,36.86,37.02,12828100,0.0
2016-05-03,36.67,36.7,36.35,36.4,8450300,0.0
2016-05-04,36.09,36.15,35.86,35.96,9979400,0.0
2016-05-05,35.99,36.07,35.79,35.93,7024000,0.0
2016-05-06,35.78,36.03,35.73,36.01,6479000,0.0
2016-05-09,36.07,36.1,35.85,35.89,6645700,0.0
2016-05-10,36.19,36.42,36.14,36.42,4971200,0.0
2016-05-11,36.24,36.35,36.15,36.16,6016200,0.0
2016-05-12,36.42,36.47,35.97,36.13,6321900,0.0
2016-05-13,35.86,35.99,35.66,35.73,5473200,0.0
2016-05-16,35.87,36.21,35.87,36.17,4569600,0.0
2016-05-17,36.14,36.26,35.91,35.96,9874200,0.0
2016-05-18,35.93,36.29,35.79,35.93,10720900,0.0
2016-05-19,35.68,35.77,35.55,35.69,20024200,0.0
2016-05-20,36.0,36.07,35.93,36.02,10857900,0.0
2016-05-23,35.9,35.99,35.82,35.9,7097100,0.0
2016-05-24,36.11,36.42,36.09,36.34,12342500,0.0
2016-05-25,36.54,36.79,36.54,36.7,8883600,0.0
2016-05-26,36.83,36.91,36.7,36.78,6272900,0.0
2016-05-27,36.76,36.81,36.67,36.73,4320300,0.0
2016-05-31,36.89,36.96,36.51,36.6,14875800,0.0
2016-06-01,36.46,36.6,36.38,36.58,8542300,0.0
2016-06-02,36.38,36.59,36.33,36.59,4733700,0.0
2016-06-03,36.76,36.9,36.59,36.88,14495400,0.0
2016-06-06,36.99,37.22,36.97,37.13,9932900,0.0
2016-06-07,37.42,37.5,37.39,37.41,4908800,0.0
2016-06-08,37.54,37.64,37.49,37.53,4654100,0.0
2016-06-09,37.09,37.16,36.96,37.06,6600600,0.0
2016-06-10,36.4,36.4,35.95,36.06,5918400,0.0
2016-06-13,35.61,35.9,35.47,35.54,10385200,0.0
2016-06-14,34.74,34.8,34.37,34.56,13060100,0.0
2016-06-15,34.86,35.0,34.72,34.79,14624200,0.0
2016-06-16,34.28,34.81,34.02,34.8,10151400,0.0
2016-06-17,34.95,35.2,34.76,35.13,9513300,0.0
2016-06-20,36.21,36.21,35.95,35.95,13512400,0.0
2016-06-21,36.18,36.47,36.06,36.23,9676800,0.0
2016-06-22,36.32,36.48,36.16,36.17,14039300,0.0
2016-06-23,36.9,37.18,36.67,37.12,7340800,0.0
2016-06-24,34.22,34.92,34.08,34.08,20033400,0.0
2016-06-27,33.62,33.67,33.01,33.42,16229100,0.0
2016-06-28,34.16,34.31,33.92,34.31,19627400,0.0
2016-06-29,34.78,35.02,34.71,34.93,12729900,0.0
2016-06-30,34.99,35.37,34.87,35.36,15905200,0.0
2016-07-01,35.39,35.53,35.37,35.44,10763000,0.0
2016-07-05,35.04,35.06,34.67,34.74,7082700,0.0
2016-07-06,34.37,34.75,34.17,34.75,10036700,0.0
2016-07-07,34.85,34.93,34.48,34.6,6562500,0.0
2016-07-08,34.97,35.13,34.89,35.08,5240300,0.0
2016-07-11,35.49,35.69,35.49,35.56,8942000,0.0
2016-07-12,36.03,36.2,35.98,36.06,10073600,0.0
2016-07-13,36.11,36.2,35.96,36.03,8674400,0.0
2016-07-14,36.34,36.43,36.27,36.34,6508900,0.0
2016-07-15,36.23,36.27,36.07,36.16,6603800,0.0
2016-07-18,36.15,36.31,36.07,36.24,8629700,0.0
2016-07-19,35.99,36.02,35.87,35.95,4204200,0.0
2016-07-20,36.15,36.29,36.09,36.21,6348100,0.0
2016-07-21,36.14,36.27,36.05,36.12,8032800,0.0
2016-07-22,36.21,36.21,36.06,36.14,7760000,0.0
2016-07-25,36.2,36.21,36.0,36.08,3846900,0.0
2016-07-26,36.23,36.36,36.13,36.25,4521600,0.0
2016-07-27,36.43,36.5,36.13,36.41,5256500,0.0
2016-07-28,36.38,36.45,36.22,36.41,4251200,0.0
2016-07-29,36.72,36.91,36.63,36.83,5422100,0.0
2016-08-01,36.77,36.82,36.58,36.62,10705200,0.0
2016-08-02,36.6,36.6,36.3,36.44,7383400,0.0
2016-08-03,36.16,36.31,36.1,36.3,7072300,0.0
2016-08-04,36.45,36.54,36.36,36.51,7456400,0.0
2016-08-05,36.52,36.66,36.47,36.64,4473600,0.0
2016-08-08,36.74,36.78,36.71,36.76,4865100,0.0
2016-08-09,36.95,37.16,36.89,37.06,7133900,0.0
2016-08-10,37.34,37.34,37.17,37.19,4781100,0.0
2016-08-11,37.37,37.55,37.34,37.47,3871100,0.0
2016-08-12,37.51,37.53,37.32,37.37,3882600,0.0
2016-08-15,37.51,37.62,37.48,37.53,6785800,0.0
2016-08-16,37.46,37.55,37.42,37.44,6848000,0.0
2016-08-17,37.35,37.51,37.17,37.44,6099900,0.0
2016-08-18,37.45,37.63,37.41,37.63,4580100,0.0
2016-08-19,37.26,37.38,37.15,37.35,5043300,0.0
2016-08-22,37.25,37.41,37.17,37.38,4844400,0.0
2016-08-23,37.65,37.7,37.53,37.54,7786300,0.0
2016-08-24,37.55,37.58,37.38,37.43,9368300,0.0
2016-08-25,37.3,37.4,37.27,37.31,4531800,0.0
2016-08-26,37.39,37.69,36.91,37.05,8167800,0.0
2016-08-29,37.0,37.21,36.98,37.19,4362900,0.0
2016-08-30,37.22,37.27,37.05,37.11,4919800,0.0
2016-08-31,37.09,37.12,36.87,36.98,5791700,0.0
2016-09-01,37.18,37.3,37.07,37.29,5829300,0.0
2016-09-02,37.63,37.73,37.51,37.67,5723200,0.0
2016-09-06,37.83,38.04,37.8,38.03,5048700,0.0
2016-09-07,38.16,38.18,37.96,38.03,5116800,0.0
2016-09-08,38.01,38.13,37.91,37.95,8884200,0.0
2016-09-09,37.63,37.63,37.14,37.15,7267600,0.0
2016-09-12,36.88,37.46,36.81,37.44,6300300,0.0
2016-09-13,36.79,36.83,36.33,36.48,11134200,0.0
2016-09-14,36.46,36.68,36.4,36.46,9598400,0.0
2016-09-15,36.44,36.85,36.39,36.78,9381500,0.0
2016-09-16,36.38,36.42,36.26,36.33,7787700,0.0
2016-09-19,36.74,36.78,36.52,36.57,7653400,0.0
2016-09-20,36.89,36.92,36.72,36.73,5993200,0.0
2016-09-21,37.14,37.49,37.01,37.43,10972100,0.0
2016-09-22,37.96,38.04,37.75,37.8,4444200,0.0
2016-09-23,37.5,37.59,37.44,37.44,4717600,0.0
2016-09-26,37.15,37.21,37.07,37.11,9302800,0.0
2016-09-27,36.98,37.32,36.95,37.29,5045600,0.0
2016-09-28,37.38,37.62,37.19,37.62,5659800,0.0
2016-09-29,37.56,37.61,37.05,37.16,6147200,0.0
2016-09-30,37.29,37.53,37.2,37.41,5468900,0.0
2016-10-03,37.35,37.41,37.25,37.34,6687000,0.0
2016-10-04,37.46,37.53,37.11,37.23,7483400,0.0
2016-10-05,37.37,37.48,37.32,37.43,5694900,0.0
2016-10-06,37.24,37.28,37.12,37.23,3518100,0.0
2016-10-07,37.09,37.11,36.73,36.99,5814300,0.0
2016-10-10,36.99,37.25,36.99,37.14,3996500,0.0
2016-10-11,36.96,36.96,36.5,36.6,5274900,0.0
2016-10-12,36.58,36.65,36.45,36.55,6390900,0.0
2016-10-13,36.18,36.53,36.07,36.45,4618700,0.0
2016-10-14,36.69,36.77,36.48,36.48,8612700,0.0
2016-10-17,36.45,36.52,36.36,36.42,9982600,0.0
2016-10-18,36.87,36.9,36.74,36.81,4969200,0.0
2016-10-19,36.85,37.02,36.85,36.94,4518800,0.0
2016-10-20,36.83,37.01,36.79,36.94,10378900,0.0
2016-10-21,36.69,36.86,36.64,36.86,4023500,0.0
2016-10-24,36.9,36.95,36.72,36.81,4953800,0.0
2016-10-25,36.78,36.84,36.66,36.78,5510300,0.0
2016-10-26,36.6,36.72,36.52,36.6,5511400,0.0
2016-10-27,36.71,36.71,36.52,36.56,10445200,0.0
2016-10-28,36.51,36.64,36.45,36.54,6561100,0.0
2016-10-31,36.51,36.58,36.39,36.51,18429300,0.0
2016-11-01,36.67,36.67,36.29,36.41,6305300,0.0
2016-11-02,36.38,36.41,36.1,36.14,5851600,0.0
2016-11-03,36.3,36.32,36.08,36.12,7686200,0.0
2016-11-04,35.93,36.02,35.81,35.82,6716500,0.0
2016-11-07,36.24,36.31,36.15,36.31,4577600,0.0
2016-11-08,36.18,36.5,36.15,36.4,5014900,0.0
2016-11-09,36.02,36.5,36.02,36.34,9636800,0.0
2016-11-10,36.34,36.41,35.97,36.22,6318300,0.0
2016-11-11,36.02,36.07,35.76,35.93,5972100,0.0
2016-11-14,35.68,35.79,35.62,35.77,8338300,0.0
2016-11-15,35.73,35.99,35.68,35.99,9805200,0.0
2016-11-16,35.68,35.77,35.62,35.66,12684400,0.0
2016-11-17,35.82,35.98,35.79,35.9,9553200,0.0
2016-11-18,35.67,35.68,35.52,35.58,7158200,0.0
2016-11-21,35.73,35.9,35.72,35.89,7021900,0.0
2016-11-22,36.0,36.01,35.84,36.0,8564700,0.0
2016-11-23,35.66,35.87,35.61,35.87,9165900,0.0
2016-11-25,35.98,35.98,35.88,35.94,3040500,0.0
2016-11-28,35.9,35.92,35.79,35.81,8419500,0.0
2016-11-29,35.82,36.08,35.76,36.01,6618100,0.0
2016-11-30,36.12,36.12,35.92,35.96,9457100,0.0
2016-12-01,35.97,36.01,35.84,35.87,11308100,0.0
2016-12-02,35.8,36.04,35.8,35.97,5816100,0.0
2016-12-05,36.16,36.35,36.09,36.25,8858000,0.0
2016-12-06,36.29,36.53,36.28,36.5,6882900,0.0
2016-12-07,36.64,37.06,36.61,36.98,7037000,0.0
2016-12-08,36.95,37.05,36.87,37.01,7522300,0.0
2016-12-09,37.02,37.13,36.96,37.12,14272300,0.0
2016-12-12,37.05,37.13,36.95,37.0,7630400,0.0
2016-12-13,37.28,37.46,37.25,37.39,9579900,0.0
2016-12-14,37.3,37.36,36.72,36.78,9630300,0.0
2016-12-15,36.63,36.77,36.62,36.72,15570100,0.0
2016-12-16,36.69,36.84,36.66,36.73,8161000,0.0
2016-12-19,36.73,36.84,36.69,36.7,10052500,0.0
2016-12-20,36.74,36.84,36.7,36.78,12220200,0.0
2016-12-21,36.81,36.82,36.66,36.78,13280800,0.0
2016-12-22,36.47,36.48,36.37,36.38,9488900,0.0
2016-12-23,36.41,36.46,36.38,36.46,7653400,0.0
2016-12-27,36.47,36.5,36.41,36.41,10197000,0.0
2016-12-28,36.44,36.45,36.29,36.34,8027600,0.0
2016-12-29,36.43,36.52,36.41,36.47,8605900,0.0
2016-12-30,36.74,36.75,36.47,36.54,10007300,0.0
2017-01-03,36.72,36.78,36.65,36.77,10866500,0.0
2017-01-04,36.96,37.23,36.96,37.22,8637100,0.0
2017-01-05,37.32,37.58,37.29,37.55,8102200,0.0
2017-01-06,37.4,37.45,37.34,37.4,8368600,0.0
2017-01-09,37.29,37.36,37.2,37.31,9042000,0.0
2017-01-10,37.35,37.47,37.33,37.35,5933000,0.0
2017-01-11,37.3,37.61,37.28,37.61,10396500,0.0
2017-01-12,37.69,37.69,37.5,37.64,13565600,0.0
2017-01-13,37.68,37.79,37.62,37.78,5351700,0.0
2017-01-17,37.73,37.74,37.64,37.68,13265500,0.0
2017-01-18,37.58,37.63,37.4,37.51,6247700,0.0
2017-01-19,37.43,37.5,37.31,37.44,6868800,0.0
2017-01-20,37.55,37.62,37.49,37.62,6399500,0.0
2017-01-23,37.6,37.72,37.52,37.7,10408100,0.0
2017-01-24,37.64,37.87,37.64,37.86,11370900,0.0
2017-01-25,38.03,38.26,38.03,38.23,5481800,0.0
2017-01-26,38.21,38.24,38.06,38.11,5924900,0.0
2017-01-27,38.07,38.09,37.95,38.02,5153300,0.0
2017-01-30,37.73,37.78,37.59,37.75,7074400,0.0
2017-01-31,37.86,37.92,37.71,37.88,21455200,0.0
2017-02-01,38.1,38.11,37.91,38.01,8474200,0.0
2017-02-02,38.09,38.13,37.96,38.07,8355700,0.0
2017-02-03,38.15,38.26,38.09,38.23,6353400,0.0
2017-02-06,37.88,37.96,37.82,37.95,9355600,0.0
2017-02-07,37.88,37.93,37.84,37.92,10453700,0.0
2017-02-08,37.92,38.01,37.83,37.98,5720000,0.0
2017-02-09,38.05,38.15,37.99,38.12,6141900,0.0
2017-02-10,38.12,38.28,38.1,38.26,5006500,0.0
2017-02-13,38.41,38.46,38.33,38.4,5487200,0.0
2017-02-14,38.33,38.38,38.15,38.38,6902300,0.0
2017-02-15,38.24,38.53,38.21,38.52,6229600,0.0
2017-02-16,38.53,38.6,38.49,38.6,7128700,0.0
2017-02-17,38.39,38.49,38.35,38.47,6862100,0.0
2017-02-21,38.48,38.64,38.47,38.64,5225000,0.0
2017-02-22,38.48,38.64,38.44,38.61,8044300,0.0
2017-02-23,38.76,38.79,38.62,38.68,8303800,0.0
2017-02-24,38.29,38.41,38.26,38.35,5977900,0.0
2017-02-27,38.28,38.39,38.24,38.37,5032400,0.0
2017-02-28,38.34,38.43,38.23,38.28,8058800,0.0
2017-03-01,38.52,38.75,38.5,38.65,7916300,0.0
2017-03-02,38.51,38.53,38.38,38.41,6527900,0.0
2017-03-03,38.43,38.61,38.37,38.6,8626800,0.0
2017-03-06,38.47,38.49,38.37,38.47,6501700,0.0
2017-03-07,38.37,38.43,38.29,38.37,6354000,0.0
2017-03-08,38.35,38.37,38.16,38.17,6088200,0.0
2017-03-09,38.28,38.36,38.2,38.33,14453500,0.0
2017-03-10,38.59,38.66,38.49,38.63,13367400,0.0
2017-03-13,38.7,38.82,38.7,38.81,7891900,0.0
2017-03-14,38.55,38.58,38.46,38.52,5433600,0.0
2017-03-15,38.62,39.13,38.58,39.12,12069200,0.0
2017-03-16,39.31,39.34,39.21,39.28,13666800,0.0
2017-03-17,39.36,39.44,39.27,39.34,7982100,0.0
2017-03-20,39.35,39.44,39.24,39.32,6544100,0.0
2017-03-21,39.61,39.64,39.09,39.09,8359800,0.0
2017-03-22,38.99,39.18,38.94,39.14,8815000,0.0
2017-03-23,39.1,39.33,39.08,39.25,9725400,0.0
2017-03-24,39.17,39.28,39.13,39.2,11122000,0.0
2017-03-27,39.13,39.32,39.08,39.29,7904900,0.0
2017-03-28,39.35,39.52,39.33,39.47,9109100,0.0
2017-03-29,39.33,39.51,39.3,39.51,5715100,0.0
2017-03-30,39.4,39.48,39.32,39.36,5419200,0.0
2017-03-31,39.21,39.36,39.17,39.3,9458800,0.0
2017-04-03,39.24,39.28,38.97,39.26,11709700,0.0
2017-04-04,39.08,39.24,39.02,39.24,8516000,0.0
2017-04-05,39.22,39.32,39.02,39.03,10772700,0.0
2017-04-06,39.05,39.11,38.98,39.06,8593100,0.0
2017-04-07,39.0,39.09,38.98,39.01,8311800,0.0
2017-04-10,38.98,39.05,38.94,39.01,6221100,0.0
2017-04-11,39.13,39.17,38.89,39.17,7078900,0.0
2017-04-12,39.12,39.18,38.99,39.14,7282700,0.0
2017-04-13,39.03,39.06,38.88,38.89,6970200,0.0
2017-04-17,39.11,39.21,39.03,39.21,9615100,0.0
2017-04-18,38.92,38.99,38.78,38.98,8820200,0.0
2017-04-19,39.04,39.06,38.78,38.8,7136600,0.0
2017-04-20,39.14,39.23,39.11,39.15,8640900,0.0
2017-04-21,39.14,39.18,39.06,39.17,8488500,0.0
2017-04-24,39.95,40.05,39.92,40.03,7876000,0.0
2017-04-25,40.21,40.33,40.16,40.29,8824000,0.0
2017-04-26,40.2,40.32,40.14,40.14,9383900,0.0
2017-04-27,40.25,40.25,40.1,40.2,5931300,0.0
2017-04-28,40.21,40.23,40.15,40.17,8718400,0.0
2017-05-01,40.25,40.38,40.25,40.28,7222300,0.0
2017-05-02,40.41,40.55,40.4,40.52,7157200,0.0
2017-05-03,40.41,40.47,40.32,40.39,14817900,0.0
2017-05-04,40.52,40.69,40.47,40.68,8104300,0.0
2017-05-05,40.72,41.13,40.69,41.09,8788500,0.0
2017-05-08,40.94,40.94,40.83,40.9,6294800,0.0
2017-05-09,40.89,40.91,40.76,40.83,6998300,0.0
2017-05-10,40.86,40.89,40.78,40.89,6317900,0.0
2017-05-11,40.75,40.82,40.65,40.81,10625300,0.0
2017-05-12,40.85,40.99,40.83,40.99,10749400,0.0
2017-05-15,41.14,41.23,41.12,41.23,9291400,0.0
2017-05-16,41.42,41.46,41.37,41.44,8947800,0.0
2017-05-17,41.21,41.27,40.92,40.94,10037700,0.0
2017-05-18,40.84,41.04,40.78,41.02,7409200,0.0
2017-05-19,41.3,41.52,41.28,41.49,7657400,0.0
2017-05-22,41.58,41.65,41.52,41.6,9855800,0.0
2017-05-23,41.69,41.7,41.53,41.56,7562800,0.0
2017-05-24,41.51,41.65,41.46,41.65,5689000,0.0
2017-05-25,41.67,41.72,41.58,41.64,6054300,0.0
2017-05-26,41.45,41.53,41.42,41.53,5719700,0.0
2017-05-30,41.42,41.5,41.4,41.46,5553500,0.0
2017-05-31,41.68,41.69,41.48,41.54,11459500,0.0
2017-06-01,41.69,41.82,41.65,41.82,11354200,0.0
2017-06-02,42.1,42.25,42.02,42.22,12526000,0.0
2017-06-05,42.03,42.05,41.96,42.04,6422400,0.0
2017-06-06,41.87,41.94,41.81,41.94,8859300,0.0
2017-06-07,42.0,42.05,41.77,41.91,6071400,0.0
2017-06-08,41.77,41.86,41.72,41.85,6673900,0.0
2017-06-09,41.68,41.84,41.56,41.7,7002900,0.0
2017-06-12,41.6,41.65,41.45,41.57,5699500,0.0
2017-06-13,41.86,41.93,41.78,41.93,5147900,0.0
2017-06-14,42.18,42.18,41.75,41.88,9200000,0.0
2017-06-15,41.26,41.46,41.23,41.43,10635600,0.0
2017-06-16,41.61,41.8,41.55,41.8,5207500,0.0
2017-06-19,41.93,42.02,41.91,41.95,7286500,0.0
2017-06-20,41.82,41.86,41.52,41.57,7489100,0.0
2017-06-21,41.04,41.12,40.97,41.05,6565600,0.0
2017-06-22,41.1,41.19,41.04,41.13,4580100,0.0
2017-06-23,41.11,41.27,41.05,41.22,5949100,0.0
2017-06-26,41.47,41.51,41.28,41.3,7147000,0.0
2017-06-27,41.33,41.39,41.22,41.29,20451000,0.0
2017-06-28,41.46,41.69,41.42,41.66,16558100,0.0
2017-06-29,41.55,41.55,41.08,41.24,8548100,0.0
2017-06-30,41.39,41.42,41.09,41.32,10787500,0.0
2017-07-03,41.29,41.37,41.24,41.24,5231100,0.0
2017-07-05,41.14,41.26,41.02,41.26,7208700,0.0
2017-07-06,41.01,41.16,40.94,41.01,7132800,0.0
2017-07-07,40.99,41.12,40.88,41.08,6872900,0.0
2017-07-10,41.07,41.21,41.02,41.15,4998300,0.0
2017-07-11,41.11,41.29,41.03,41.28,6251000,0.0
2017-07-12,41.52,41.7,41.51,41.65,7592300,0.0
2017-07-13,41.71,41.79,41.64,41.77,5408300,0.0
2017-07-14,41.91,42.12,41.89,42.07,5368800,0.0
2017-07-17,42.0,42.08,41.97,42.0,7084200,0.0
2017-07-18,42.03,42.09,41.97,42.09,5403000,0.0
2017-07-19,42.18,42.29,42.15,42.29,5468400,0.0
2017-07-20,42.39,42.48,42.32,42.43,5468100,0.0
2017-07-21,42.27,42.32,42.13,42.32,5023400,0.0
2017-07-24,42.19,42.25,42.07,42.24,13680400,0.0
2017-07-25,42.42,42.44,42.27,42.27,6288900,0.0
2017-07-26,42.37,42.59,42.3,42.54,5841300,0.0
2017-07-27,42.62,42.62,42.26,42.38,6910300,0.0
2017-07-28,42.28,42.42,42.24,42.42,7022400,0.0
2017-07-31,42.47,42.56,42.36,42.51,9722100,0.0
2017-08-01,42.82,42.86,42.71,42.75,12099500,0.0
2017-08-02,42.75,42.79,42.62,42.73,7917600,0.0
2017-08-03,42.69,42.78,42.63,42.67,10051200,0.0
2017-08-04,42.73,42.76,42.56,42.73,7841900,0.0
2017-08-07,42.66,42.77,42.65,42.76,4860600,0.0
2017-08-08,42.7,42.74,42.52,42.54,5742600,0.0
2017-08-09,42.3,42.45,42.24,42.43,5456800,0.0
2017-08-10,42.21,42.21,41.81,41.82,6088200,0.0
2017-08-11,41.83,41.91,41.73,41.81,7542000,0.0
2017-08-14,42.1,42.22,42.08,42.1,6936600,0.0
2017-08-15,42.05,42.08,41.93,42.06,5740700,0.0
2017-08-16,42.18,42.34,42.16,42.32,7648800,0.0
2017-08-17,42.19,42.24,41.84,41.84,6265500,0.0
2017-08-18,41.94,42.09,41.88,41.96,6275100,0.0
2017-08-21,41.99,42.04,41.88,41.97,5113600,0.0
2017-08-22,42.08,42.2,42.07,42.18,7009300,0.0
2017-08-23,42.03,42.22,42.03,42.2,5024600,0.0
2017-08-24,42.24,42.27,42.13,42.15,4743800,0.0
2017-08-25,42.31,42.48,42.26,42.4,6432900,0.0
2017-08-28,42.44,42.46,42.35,42.4,4691200,0.0
2017-08-29,42.14,42.3,42.11,42.22,4998600,0.0
2017-08-30,42.18,42.21,42.11,42.16,6580600,0.0
2017-08-31,42.34,42.55,42.31,42.52,8558300,0.0
2017-09-01,42.72,42.73,42.57,42.6,5650200,0.0
2017-09-05,42.47,42.51,42.16,42.29,9332100,0.0
2017-09-06,42.52,42.66,42.48,42.6,8755800,0.0
2017-09-07,42.94,42.96,42.84,42.95,8976500,0.0
2017-09-08,43.03,43.03,42.92,42.94,4412400,0.0
2017-09-11,43.22,43.33,43.16,43.26,3838200,0.0
2017-09-12,43.34,43.39,43.3,43.35,5504600,0.0
2017-09-13,43.29,43.32,43.12,43.15,4154700,0.0
2017-09-14,43.08,43.27,43.08,43.27,4668500,0.0
2017-09-15,43.31,43.33,43.21,43.29,5258300,0.0
2017-09-18,43.44,43.51,43.28,43.36,8944100,0.0
2017-09-19,43.55,43.58,43.47,43.57,5868100,0.0
2017-09-20,43.42,43.55,43.08,43.28,8169300,0.0
2017-09-21,43.19,43.27,43.14,43.21,4991400,0.0
2017-09-22,43.35,43.39,43.27,43.31,9814700,0.0
2017-09-25,43.19,43.26,43.02,43.12,6579000,0.0
2017-09-26,43.03,43.06,42.86,42.96,12621700,0.0
2017-09-27,42.93,43.07,42.92,43.02,6196000,0.0
2017-09-28,43.04,43.2,43.04,43.16,5278200,0.0
2017-09-29,43.28,43.45,43.2,43.41,9159800,0.0
2017-10-02,43.28,43.42,43.26,43.36,6474500,0.0
2017-10-03,43.4,43.53,43.39,43.53,5919600,0.0
2017-10-04,43.45,43.5,43.41,43.45,5822800,0.0
2017-10-05,43.36,43.44,43.34,43.41,7337700,0.0
2017-10-06,43.25,43.37,43.19,43.36,5228100,0.0
2017-10-09,43.44,43.45,43.34,43.38,3604100,0.0
2017-10-10,43.66,43.81,43.62,43.78,11610600,0.0
2017-10-11,43.83,43.95,43.8,43.93,4630300,0.0
2017-10-12,43.91,44.0,43.85,43.93,5523200,0.0
2017-10-13,44.17,44.21,44.12,44.15,5178700,0.0
2017-10-16,44.14,44.18,44.07,44.11,4093100,0.0
2017-10-17,43.99,44.02,43.9,44.01,4890600,0.0
2017-10-18,44.06,44.12,44.01,44.09,6325300,0.0
2017-10-19,43.89,44.01,43.84,44.01,7668800,0.0
2017-10-20,43.98,43.98,43.88,43.95,5360500,0.0
2017-10-23,43.97,43.99,43.83,43.84,5933300,0.0
2017-10-24,43.94,44.02,43.88,43.94,5581100,0.0
2017-10-25,43.95,43.96,43.6,43.76,6246900,0.0
2017-10-26,43.85,43.88,43.71,43.71,5499400,0.0
2017-10-27,43.73,43.89,43.65,43.88,5806800,0.0
2017-10-30,43.73,43.99,43.73,43.98,6782700,0.0
2017-10-31,44.12,44.22,44.05,44.18,7383200,0.0
2017-11-01,44.4,44.48,44.28,44.28,6043300,0.0
2017-11-02,44.27,44.4,44.25,44.37,22398300,0.0
2017-11-03,44.37,44.37,44.2,44.33,8057800,0.0
2017-11-06,44.26,44.45,44.25,44.41,6684900,0.0
2017-11-07,44.34,44.39,44.15,44.26,7343500,0.0
2017-11-08,44.37,44.48,44.31,44.45,4444500,0.0
2017-11-09,44.06,44.17,43.88,44.15,13268200,0.0
2017-11-10,44.07,44.09,43.95,44.04,5202800,0.0
2017-11-13,43.64,43.88,43.58,43.87,6368500,0.0
2017-11-14,43.8,43.85,43.68,43.83,15887300,0.0
2017-11-15,43.48,43.67,43.41,43.62,5290300,0.0
2017-11-16,43.94,44.07,43.89,44.04,5634600,0.0
2017-11-17,43.89,43.93,43.8,43.87,15984200,0.0
2017-11-20,43.99,44.06,43.95,43.95,4444100,0.0
2017-11-21,44.25,44.36,44.24,44.29,6224700,0.0
2017-11-22,44.47,44.51,44.3,44.44,6459600,0.0
2017-11-24,44.76,44.79,44.71,44.72,2766800,0.0
2017-11-27,44.67,44.67,44.43,44.44,5874700,0.0
2017-11-28,44.58,44.68,44.49,44.66,8238400,0.0
2017-11-29,44.69,44.7,44.4,44.47,6059800,0.0
2017-11-30,44.64,44.69,44.49,44.56,10494700,0.0
2017-12-01,44.42,44.52,44.2,44.43,12404600,0.0
2017-12-04,44.54,44.59,44.24,44.25,9098100,0.0
2017-12-05,44.32,44.39,44.19,44.19,8701000,0.0
2017-12-06,43.99,44.12,43.98,43.99,7545900,0.0
2017-12-07,44.12,44.23,43.99,44.12,7165700,0.0
2017-12-08,44.35,44.38,44.23,44.37,5064100,0.0
2017-12-11,44.46,44.48,44.38,44.46,5710800,0.0
2017-12-12,44.49,44.52,44.38,44.49,6777900,0.0
2017-12-13,44.59,44.77,44.55,44.68,6202800,0.0
2017-12-14,44.64,44.68,44.45,44.47,6137800,0.0
2017-12-15,44.45,44.51,44.35,44.44,10562900,0.0
2017-12-18,44.89,45.06,44.87,44.94,8428900,0.0
2017-12-19,44.85,44.9,44.72,44.8,7037600,0.0
2017-12-20,44.9,44.9,44.73,44.77,6628800,0.0
2017-12-21,44.42,44.57,44.37,44.48,6751600,0.0
2017-12-22,44.48,44.6,44.45,44.59,6891300,0.0
2017-12-26,44.58,44.66,44.55,44.6,5914900,0.0
2017-12-27,44.71,44.79,44.62,44.71,15495000,0.0
2017-12-28,44.92,44.93,44.81,44.85,5982900,0.0
2017-12-29,45.05,45.05,44.86,44.86,7046100,0.0
2018-01-02,45.04,45.26,44.99,45.25,9308000,0.0
2018-01-03,45.31,45.54,45.29,45.53,10178700,0.0
2018-01-04,45.87,45.97,45.79,45.94,9883400,0.0
2018-01-05,46.06,46.19,46.0,46.16,8111400,0.0
2018-01-08,46.12,46.15,46.06,46.14,8245900,0.0
2018-01-09,46.14,46.18,46.0,46.18,7721300,0.0
2018-01-10,46.15,46.17,46.0,46.06,10860500,0.0
2018-01-11,46.17,46.37,46.13,46.36,7529600,0.0
2018-01-12,46.53,46.81,46.45,46.8,8460100,0.0
2018-01-16,46.95,47.0,46.7,46.75,16171900,0.0
2018-01-17,46.9,47.16,46.77,47.0,8804800,0.0
2018-01-18,46.84,46.94,46.75,46.89,8192100,0.0
2018-01-19,47.12,47.13,46.97,47.1,7359800,0.0
2018-01-22,47.15,47.36,47.11,47.35,9186700,0.0
2018-01-23,47.4,47.52,47.33,47.5,7836800,0.0
2018-01-24,47.79,47.83,47.46,47.65,11007800,0.0
2018-01-25,47.84,47.85,47.34,47.48,14271300,0.0
2018-01-26,47.67,47.89,47.67,47.88,7027900,0.0
2018-01-29,47.54,47.55,47.36,47.44,9953000,0.0
2018-01-30,47.26,47.29,46.99,47.08,11411900,0.0
2018-01-31,47.26,47.26,46.93,46.99,13972600,0.0
2018-02-01,46.92,47.16,46.88,47.11,10588800,0.0
2018-02-02,46.63,46.63,46.03,46.09,12300600,0.0
2018-02-05,45.5,45.69,44.09,44.21,24899300,0.0
2018-02-06,44.08,45.18,44.02,45.07,36830300,0.0
2018-02-07,44.64,44.98,44.43,44.46,13805700,0.0
2018-02-08,44.57,44.58,43.33,43.36,25921100,0.0
2018-02-09,43.68,43.84,42.53,43.66,41241300,0.0
2018-02-12,43.94,44.34,43.76,44.24,19705000,0.0
2018-02-13,43.96,44.16,43.89,44.07,11755700,0.0
2018-02-14,43.87,44.94,43.83,44.94,11178000,0.0
2018-02-15,45.21,45.27,44.82,45.23,9923900,0.0
2018-02-16,45.27,45.59,45.25,45.39,9084000,0.0
2018-02-20,45.05,45.22,44.84,44.93,8778500,0.0
2018-02-21,45.09,45.38,44.75,44.76,10894000,0.0
2018-02-22,44.96,45.2,44.85,44.95,9645000,0.0
2018-02-23,45.16,45.42,45.08,45.4,9922500,0.0
2018-02-26,45.57,45.77,45.38,45.76,6249500,0.0
2018-02-27,45.51,45.53,45.05,45.06,7921200,0.0
2018-02-28,45.15,45.17,44.58,44.59,7700200,0.0
2018-03-01,44.35,44.5,43.7,44.01,14945600,0.0
2018-03-02,43.78,44.15,43.6,44.14,11738000,0.0
2018-03-05,43.81,44.37,43.78,44.32,7697900,0.0
2018-03-06,44.76,44.8,44.57,44.69,7502100,0.0
2018-03-07,44.43,44.68,44.31,44.64,8727500,0.0
2018-03-08,44.8,44.86,44.6,44.77,9444800,0.0
2018-03-09,44.89,45.12,44.8,45.1,5860500,0.0
2018-03-12,45.14,45.24,45.05,45.17,6268200,0.0
2018-03-13,45.32,45.35,44.78,44.89,8971800,0.0
2018-03-14,45.22,45.25,44.84,44.96,8914200,0.0
2018-03-15,45.0,45.15,44.86,44.95,9127100,0.0
2018-03-16,44.84,45.01,44.84,44.89,12060400,0.0
2018-03-19,44.73,44.75,44.3,44.52,9602300,0.0
2018-03-20,44.51,44.64,44.44,44.56,7377000,0.0
2018-03-21,44.5,44.84,44.47,44.67,8314200,0.0
2018-03-22,44.2,44.31,43.83,43.85,15901500,0.0
2018-03-23,43.93,43.97,43.29,43.31,13756700,0.0
2018-03-26,43.8,43.95,43.39,43.92,13566600,0.0
2018-03-27,44.12,44.17,43.41,43.56,12650100,0.0
2018-03-28,43.85,44.1,43.64,43.77,13320700,0.0
2018-03-29,44.1,44.41,44.0,44.25,8230000,0.0
2018-04-02,44.07,44.18,43.33,43.59,15016300,0.0
2018-04-03,43.87,43.99,43.66,43.93,12164900,0.0
2018-04-04,43.34,44.05,43.31,44.03,20156300,0.0
2018-04-05,44.23,44.45,44.19,44.36,6644000,0.0
2018-04-06,44.29,44.45,43.86,44.0,12728900,0.0
2018-04-09,44.43,44.67,44.28,44.38,8316300,0.0
2018-04-10,44.79,44.94,44.71,44.87,9749500,0.0
2018-04-11,44.7,44.93,44.66,44.66,6022200,0.0
2018-04-12,44.72,44.89,44.68,44.83,6036100,0.0
2018-04-13,44.99,45.01,44.73,44.87,6468300,0.0
2018-04-16,45.02,45.03,44.87,44.95,11688300,0.0
2018-04-17,45.06,45.27,44.99,45.18,5740100,0.0
2018-04-18,45.37,45.49,45.33,45.45,5022700,0.0
2018-04-19,45.43,45.47,45.13,45.24,6195100,0.0
2018-04-20,45.08,45.11,44.95,45.02,6645200,0.0
2018-04-23,45.01,45.05,44.85,44.97,4742700,0.0
2018-04-24,45.09,45.09,44.62,44.77,10248400,0.0
2018-04-25,44.62,44.74,44.47,44.67,9085100,0.0
2018-04-26,44.94,45.04,44.84,45.0,7172100,0.0
2018-04-27,45.01,45.08,44.88,45.05,4644300,0.0
2018-04-30,45.0,45.13,44.81,44.81,5684200,0.0
2018-05-01,44.86,44.86,44.5,44.77,5858000,0.0
2018-05-02,44.94,45.02,44.67,44.71,6324700,0.0
2018-05-03,44.78,44.91,44.45,44.8,7903900,0.0
2018-05-04,44.52,45.02,44.47,44.97,7123500,0.0
2018-05-07,44.94,45.08,44.85,44.96,12361700,0.0
2018-05-08,44.82,44.97,44.71,44.96,6713700,0.0
2018-05-09,44.94,45.15,44.91,45.1,5192400,0.0
2018-05-10,45.27,45.43,45.19,45.42,13671900,0.0
2018-05-11,45.58,45.63,45.49,45.51,5637000,0.0
2018-05-14,45.69,45.74,45.56,45.59,5169600,0.0
2018-05-15,45.22,45.35,45.08,45.21,7081500,0.0
2018-05-16,45.28,45.4,45.22,45.35,5840000,0.0
2018-05-17,45.37,45.49,45.29,45.41,5153000,0.0
2018-05-18,45.28,45.31,45.19,45.25,4018200,0.0
2018-05-21,45.49,45.54,45.43,45.54,4164300,0.0
2018-05-22,45.62,45.68,45.45,45.51,5238700,0.0
2018-05-23,44.95,45.09,44.84,45.08,6443800,0.0
2018-05-24,45.0,45.02,44.64,44.93,6320100,0.0
2018-05-25,44.69,44.75,44.58,44.68,4372300,0.0
2018-05-29,44.02,44.12,43.61,43.78,13770600,0.0
2018-05-30,44.1,44.44,44.01,44.41,7097700,0.0
2018-05-31,44.3,44.33,43.97,44.17,8894400,0.0
2018-06-01,44.51,44.56,44.35,44.5,8203500,0.0
2018-06-04,44.84,44.89,44.67,44.7,6324800,0.0
2018-06-05,44.71,44.72,44.52,44.65,14417000,0.0
2018-06-06,44.81,45.04,44.73,45.03,5836700,0.0
2018-06-07,45.08,45.08,44.7,44.77,7713000,0.0
2018-06-08,44.78,44.9,44.63,44.85,7188900,0.0
2018-06-11,45.02,45.22,44.98,45.14,5298100,0.0
2018-06-12,45.04,45.07,44.8,44.86,6875900,0.0
2018-06-13,44.98,45.03,44.69,44.88,5963500,0.0
2018-06-14,44.87,44.98,44.74,44.77,6612000,0.0
2018-06-15,44.47,44.5,44.27,44.46,5549800,0.0
2018-06-18,43.99,44.16,43.62,44.15,8370700,0.0
2018-06-19,43.54,43.71,43.45,43.67,13129700,0.0
2018-06-20,43.9,43.99,43.68,43.76,7888000,0.0
2018-06-21,43.61,43.62,43.4,43.46,9282400,0.0
2018-06-22,43.49,43.55,43.28,43.38,7828100,0.0
2018-06-25,43.05,43.11,42.65,42.77,14761700,0.0
2018-06-26,42.86,42.92,42.67,42.82,11488200,0.0
2018-06-27,42.9,43.02,42.41,42.43,11752800,0.0
2018-06-28,42.41,42.61,42.31,42.58,13981600,0.0
2018-06-29,42.91,43.07,42.82,42.9,14208600,0.0
2018-07-02,42.24,42.45,42.21,42.44,10628700,0.0
2018-07-03,42.74,42.77,42.5,42.53,5607100,0.0
2018-07-05,42.87,42.89,42.7,42.8,11226200,0.0
2018-07-06,42.9,43.17,42.86,43.09,6931200,0.0
2018-07-09,43.44,43.51,43.35,43.48,7613500,0.0
2018-07-10,43.44,43.55,43.39,43.53,6864500,0.0
2018-07-11,43.01,43.13,42.65,42.77,7643900,0.0
2018-07-12,43.02,43.16,42.93,43.13,6812800,0.0
2018-07-13,43.1,43.25,43.04,43.25,5308200,0.0
2018-07-16,43.27,43.3,43.16,43.26,8143800,0.0
2018-07-17,43.15,43.37,43.11,43.31,4972400,0.0
2018-07-18,43.24,43.38,43.18,43.33,5268500,0.0
2018-07-19,43.04,43.25,43.0,43.15,9086100,0.0
2018-07-20,43.21,43.44,43.21,43.41,5343000,0.0
2018-07-23,43.36,43.38,43.25,43.34,8638000,0.0
2018-07-24,43.68,43.81,43.52,43.61,6523800,0.0
2018-07-25,43.63,44.01,43.47,43.94,6210800,0.0
2018-07-26,43.83,43.88,43.72,43.76,5301700,0.0
2018-07-27,43.98,44.05,43.79,43.87,6977600,0.0
2018-07-30,43.97,44.05,43.81,43.84,20543500,0.0
2018-07-31,43.98,44.02,43.82,43.88,8507300,0.0
2018-08-01,43.85,43.94,43.7,43.73,5964600,0.0
2018-08-02,43.22,43.41,43.18,43.4,6967000,0.0
2018-08-03,43.28,43.46,43.24,43.46,5908900,0.0
2018-08-06,43.2,43.32,43.11,43.25,6910900,0.0
2018-08-07,43.2,43.72,43.2,43.52,6163800,0.0
2018-08-08,43.49,43.58,43.37,43.51,5502400,0.0
2018-08-09,43.56,43.6,43.4,43.43,5627700,0.0
2018-08-10,42.71,42.75,42.51,42.61,10333800,0.0
2018-08-13,42.5,42.59,42.28,42.4,11000500,0.0
2018-08-14,42.46,42.53,42.34,42.46,7920200,0.0
2018-08-15,41.91,41.96,41.57,41.81,15658500,0.0
2018-08-16,42.06,42.24,42.05,42.1,9928200,0.0
2018-08-17,42.09,42.47,42.04,42.38,6512200,0.0
2018-08-20,42.51,42.61,42.48,42.56,7384300,0.0
2018-08-21,42.85,42.98,42.76,42.84,6822600,0.0
2018-08-22,43.02,43.12,42.97,43.05,6437700,0.0
2018-08-23,42.82,42.91,42.7,42.73,5393000,0.0
2018-08-24,42.95,43.1,42.89,43.05,6412100,0.0
2018-08-27,43.39,43.65,43.32,43.64,7969900,0.0
2018-08-28,43.74,43.74,43.52,43.54,7737200,0.0
2018-08-29,43.57,43.79,43.5,43.78,6574500,0.0
2018-08-30,43.45,43.51,43.28,43.39,7994100,0.0
2018-08-31,43.18,43.32,42.94,43.12,10313700,0.0
2018-09-04,42.59,42.69,42.48,42.69,7757000,0.0
2018-09-05,42.45,42.49,42.21,42.37,9421000,0.0
2018-09-06,42.28,42.38,42.02,42.22,11412000,0.0
2018-09-07,41.85,42.01,41.77,41.88,7552100,0.0
2018-09-10,42.19,42.23,42.07,42.11,7660000,0.0
2018-09-11,41.96,42.18,41.85,42.17,9174700,0.0
2018-09-12,42.21,42.44,42.18,42.35,7249700,0.0
2018-09-13,42.75,42.76,42.51,42.62,7189600,0.0
2018-09-14,42.78,42.82,42.59,42.71,9603800,0.0
2018-09-17,42.88,42.96,42.71,42.75,5925300,0.0
2018-09-18,43.06,43.25,43.04,43.19,8703700,0.0
2018-09-19,43.24,43.39,43.23,43.34,5705100,0.0
2018-09-20,43.74,43.86,43.63,43.81,5950600,0.0
2018-09-21,43.79,43.89,43.75,43.82,6237700,0.0
2018-09-24,43.8,43.83,43.62,43.63,7657800,0.0
2018-09-25,43.96,43.99,43.82,43.84,7012200,0.0
2018-09-26,43.66,43.98,43.63,43.7,6888800,0.0
2018-09-27,43.6,43.79,43.53,43.58,6565900,0.0
2018-09-28,43.25,43.45,43.2,43.27,8478500,0.0
2018-10-01,43.45,43.52,43.33,43.38,8653900,0.0
2018-10-02,43.03,43.16,42.96,43.1,7640600,0.0
2018-10-03,43.19,43.2,42.97,43.03,7127000,0.0
2018-10-04,42.72,42.76,42.3,42.48,9168500,0.0
2018-10-05,42.39,42.44,42.08,42.27,8283200,0.0
2018-10-08,41.78,42.04,41.68,42.04,11331700,0.0
2018-10-09,41.6,41.96,41.53,41.89,11610000,0.0
2018-10-10,41.74,41.87,40.88,40.94,16517000,0.0
2018-10-11,40.79,40.96,40.13,40.37,33864500,0.0
2018-10-12,40.74,40.84,40.15,40.57,34798700,0.0
2018-10-15,40.45,40.68,40.35,40.5,18358700,0.0
2018-10-16,41.01,41.26,40.93,41.2,13520700,0.0
2018-10-17,41.07,41.09,40.77,40.95,11655400,0.0
2018-10-18,40.73,40.82,40.15,40.3,13088800,0.0
2018-10-19,40.46,40.72,40.46,40.51,13201100,0.0
2018-10-22,40.53,40.56,40.2,40.32,9708400,0.0
2018-10-23,39.63,40.06,39.39,39.91,18121600,0.0
2018-10-24,39.68,39.73,38.76,38.81,17447900,0.0
2018-10-25,39.08,39.42,38.94,39.24,15142600,0.0
2018-10-26,38.69,39.15,38.38,38.91,20149700,0.0
2018-10-29,39.31,39.38,38.44,38.75,20833400,0.0
2018-10-30,38.89,39.23,38.8,39.23,19149100,0.0
2018-10-31,39.57,39.73,39.49,39.55,17049400,0.0
2018-11-01,39.89,40.09,39.73,40.07,14964300,0.0
2018-11-02,40.47,40.52,39.93,40.18,16380700,0.0
2018-11-05,40.15,40.27,40.04,40.16,10887600,0.0
2018-11-06,40.2,40.37,40.15,40.37,9456900,0.0
2018-11-07,40.71,40.89,40.57,40.87,10109900,0.0
2018-11-08,40.67,40.77,40.35,40.46,11523800,0.0
2018-11-09,40.18,40.24,39.97,40.17,12446100,0.0
2018-11-12,39.9,39.92,39.45,39.48,11566700,0.0
2018-11-13,39.6,39.92,39.47,39.63,18233600,0.0
2018-11-14,39.9,39.94,39.43,39.67,18431300,0.0
2018-11-15,39.43,39.9,39.25,39.8,21519900,0.0
2018-11-16,39.56,39.88,39.5,39.84,17132900,0.0
2018-11-19,39.81,39.82,39.38,39.51,14276700,0.0
2018-11-20,38.96,39.11,38.69,38.78,20991700,0.0
2018-11-21,39.25,39.5,39.2,39.35,18226000,0.0
2018-11-23,39.03,39.19,39.01,39.09,6264100,0.0
2018-11-26,39.56,39.71,39.5,39.62,16424000,0.0
2018-11-27,39.44,39.51,39.31,39.5,17083200,0.0
2018-11-28,39.53,40.1,39.38,40.08,18897800,0.0
2018-11-29,39.87,40.05,39.77,39.89,15866500,0.0
2018-11-30,39.67,39.78,39.56,39.75,14300400,0.0
2018-12-03,40.36,40.39,40.13,40.28,16144100,0.0
2018-12-04,40.07,40.12,39.21,39.26,20493400,0.0
2018-12-06,38.55,38.91,38.16,38.89,40213600,0.0
2018-12-07,38.93,39.09,38.36,38.48,39750900,0.0
2018-12-10,38.3,38.35,37.76,38.15,31901800,0.0
2018-12-11,38.51,38.51,38.0,38.19,63207200,0.0
2018-12-12,38.8,39.03,38.77,38.79,31096300,0.0
2018-12-13,38.84,38.95,38.67,38.72,23093100,0.0
2018-12-14,38.27,38.43,38.18,38.19,29362600,0.0
2018-12-17,38.19,38.22,37.69,37.86,40511500,0.0
2018-12-18,38.03,38.16,37.79,37.9,34008500,0.0
2018-12-19,38.06,38.35,37.38,37.49,36605200,0.0
2018-12-20,37.55,37.68,37.19,37.35,52253900,0.0
2018-12-21,37.1,37.3,36.59,36.62,57168100,0.0
2018-12-24,36.29,36.41,35.84,35.84,29000600,0.0
2018-12-26,36.05,36.76,35.74,36.75,54247600,0.0
2018-12-27,36.31,36.81,36.06,36.78,56908400,0.0
2018-12-28,37.18,37.21,36.91,37.02,46759800,0.0
2018-12-31,37.24,37.28,36.99,37.1,48032600,0.0
2019-01-02,36.64,37.08,36.6,37.05,16891700,0.0
2019-01-03,36.93,37.0,36.62,36.75,17809700,0.0
2019-01-04,37.31,37.95,37.26,37.88,12485600,0.0
2019-01-07,37.91,38.2,37.81,38.0,15899600,0.0
2019-01-08,38.36,38.38,38.13,38.27,11334300,0.0
2019-01-09,38.63,38.85,38.54,38.74,19657300,0.0
2019-01-10,38.58,38.92,38.57,38.9,16334500,0.0
2019-01-11,38.64,38.74,38.55,38.66,33654600,0.0
2019-01-14,38.33,38.59,38.33,38.46,18893100,0.0
2019-01-15,38.6,38.75,38.46,38.7,11882000,0.0
2019-01-16,38.74,38.88,38.74,38.82,14810700,0.0
2019-01-17,38.6,39.05,38.59,38.95,21667100,0.0
2019-01-18,39.33,39.4,39.21,39.37,19598500,0.0
2019-01-22,38.95,39.0,38.67,38.76,30300000,0.0
2019-01-23,39.06,39.11,38.77,38.96,11262900,0.0
2019-01-24,38.97,39.11,38.87,39.01,12446700,0.0
2019-01-25,39.41,39.56,39.4,39.5,9600800,0.0
2019-01-28,39.18,39.31,39.12,39.31,31278200,0.0
2019-01-29,39.5,39.6,39.41,39.42,15471300,0.0
2019-01-30,39.61,40.03,39.48,39.86,21287500,0.0
2019-01-31,39.78,39.95,39.7,39.87,22931200,0.0
2019-02-01,39.83,39.93,39.73,39.85,11993900,0.0
2019-02-04,39.79,40.01,39.71,39.99,11355000,0.0
2019-02-05,40.2,40.31,40.16,40.31,9177000,0.0
2019-02-06,40.19,40.23,40.02,40.05,8225900,0.0
2019-02-07,39.74,39.8,39.43,39.54,9575700,0.0
2019-02-08,39.27,39.4,39.14,39.4,8842200,0.0
2019-02-11,39.4,39.44,39.27,39.32,15304300,0.0
2019-02-12,39.74,39.87,39.71,39.84,11663000,0.0
2019-02-13,39.98,40.06,39.85,39.85,13952800,0.0
2019-02-14,39.85,40.02,39.76,39.85,12063700,0.0
2019-02-15,40.17,40.41,40.15,40.39,7194400,0.0
2019-02-19,40.29,40.65,40.26,40.59,10200500,0.0
2019-02-20,40.63,40.89,40.63,40.75,7913900,0.0
2019-02-21,40.68,40.72,40.55,40.65,14204700,0.0
2019-02-22,40.78,40.9,40.75,40.8,7491700,0.0
2019-02-25,41.03,41.08,40.9,40.93,11415400,0.0
2019-02-26,40.98,41.21,40.96,41.1,7349500,0.0
2019-02-27,41.03,41.08,40.9,40.97,6379100,0.0
2019-02-28,40.9,40.96,40.8,40.8,8353800,0.0
2019-03-01,41.07,41.14,40.91,41.05,7584200,0.0
2019-03-04,41.08,41.1,40.72,40.89,8081600,0.0
2019-03-05,40.87,41.0,40.81,40.92,8698000,0.0
2019-03-06,40.96,40.97,40.78,40.8,13048000,0.0
2019-03-07,40.64,40.66,40.25,40.28,9295200,0.0
2019-03-08,40.01,40.23,39.99,40.23,7386300,0.0
2019-03-11,40.27,40.6,40.27,40.6,7616000,0.0
2019-03-12,40.62,40.68,40.57,40.62,9305900,0.0
2019-03-13,40.77,40.96,40.74,40.92,5589900,0.0
2019-03-14,40.86,40.95,40.81,40.88,6084800,0.0
2019-03-15,41.14,41.31,41.05,41.29,8872000,0.0
2019-03-18,41.34,41.45,41.28,41.43,8404000,0.0
2019-03-19,41.68,41.7,41.43,41.54,9600600,0.0
2019-03-20,41.39,41.73,41.22,41.5,8245600,0.0
2019-03-21,41.27,41.54,41.27,41.54,13446200,0.0
2019-03-22,41.05,41.12,40.71,40.74,13786300,0.0
2019-03-25,40.66,40.8,40.58,40.74,10398000,0.0
2019-03-26,41.06,41.12,40.9,40.99,6809200,0.0
2019-03-27,41.06,41.11,40.7,40.93,9081600,0.0
2019-03-28,40.72,40.77,40.55,40.73,5665300,0.0
2019-03-29,40.9,40.91,40.69,40.87,10436600,0.0
2019-04-01,41.25,41.42,41.2,41.4,10483400,0.0
2019-04-02,41.35,41.44,41.24,41.43,7091400,0.0
2019-04-03,41.71,41.85,41.65,41.75,6524600,0.0
2019-04-04,41.62,41.7,41.58,41.67,6496000,0.0
2019-04-05,41.65,41.77,41.62,41.76,6636700,0.0
2019-04-08,41.76,41.79,41.66,41.79,8791500,0.0
2019-04-09,41.65,41.66,41.51,41.54,9074300,0.0
2019-04-10,41.63,41.73,41.56,41.71,7879800,0.0
2019-04-11,41.67,41.72,41.54,41.63,6652200,0.0
2019-04-12,41.92,41.96,41.85,41.94,7984600,0.0
2019-04-15,41.97,41.99,41.88,41.96,6677100,0.0
2019-04-16,42.11,42.13,42.0,42.03,9451500,0.0
2019-04-17,42.2,42.21,42.04,42.1,6838600,0.0
2019-04-18,42.0,42.1,41.95,42.02,6382900,0.0
2019-04-22,41.94,42.03,41.85,41.98,5444200,0.0
2019-04-23,41.9,42.08,41.87,42.08,6280000,0.0
2019-04-24,41.83,41.84,41.64,41.71,7732900,0.0
2019-04-25,41.59,41.69,41.55,41.68,5055200,0.0
2019-04-26,41.75,41.84,41.67,41.84,5774000,0.0
2019-04-29,41.89,42.04,41.84,42.0,5154900,0.0
2019-04-30,41.98,42.09,41.85,42.03,9859300,0.0
2019-05-01,42.09,42.14,41.74,41.75,10312700,0.0
2019-05-02,41.82,41.82,41.59,41.67,9772300,0.0
2019-05-03,41.88,42.12,41.85,42.08,7104500,0.0
2019-05-06,41.23,41.71,41.16,41.68,12393600,0.0
2019-05-07,41.3,41.32,40.83,40.98,11427200,0.0
2019-05-08,40.99,41.16,40.91,41.04,8012200,0.0
2019-05-09,40.53,40.81,40.38,40.74,11418700,0.0
2019-05-10,40.77,41.06,40.49,41.01,10374500,0.0
2019-05-13,40.28,40.33,40.0,40.09,9748100,0.0
2019-05-14,40.36,40.6,40.33,40.47,7504400,0.0
2019-05-15,40.22,40.69,40.19,40.65,8211100,0.0
2019-05-16,40.78,41.06,40.74,40.9,9826100,0.0
2019-05-17,40.64,40.85,40.62,40.67,6324900,0.0
2019-05-20,40.47,40.61,40.38,40.49,6632200,0.0
2019-05-21,40.7,40.8,40.6,40.77,5243400,0.0
2019-05-22,40.59,40.69,40.57,40.61,6691900,0.0
2019-05-23,40.16,40.3,40.05,40.2,9943600,0.0
2019-05-24,40.61,40.63,40.46,40.62,4992000,0.0
2019-05-28,40.64,40.68,40.26,40.27,7649300,0.0
2019-05-29,39.98,40.02,39.8,40.0,15917200,0.0
2019-05-30,40.07,40.15,40.0,40.15,10201300,0.0
2019-05-31,39.65,39.86,39.61,39.84,11501200,0.0
2019-06-03,39.92,40.1,39.83,40.0,13251800,0.0
2019-06-04,40.3,40.53,40.19,40.52,6741800,0.0
2019-06-05,40.69,40.69,40.43,40.5,6745200,0.0
2019-06-06,40.64,40.74,40.53,40.67,5489700,0.0
2019-06-07,40.99,41.24,40.99,41.15,4747500,0.0
2019-06-10,41.21,41.35,41.19,41.26,8921800,0.0
2019-06-11,41.61,41.62,41.38,41.46,5219200,0.0
2019-06-12,41.28,41.35,41.11,41.13,5131800,0.0
2019-06-13,41.21,41.25,41.07,41.15,5483300,0.0
2019-06-14,40.91,40.93,40.84,40.87,11293100,0.0
2019-06-17,40.43,40.55,40.39,40.45,11016600,0.0
2019-06-18,40.75,41.02,40.67,41.01,7667300,0.0
2019-06-19,41.08,41.34,41.02,41.24,9811200,0.0
2019-06-20,41.77,41.78,41.52,41.64,7468800,0.0
2019-06-21,41.48,41.59,41.45,41.49,7400100,0.0
2019-06-24,41.58,41.63,41.53,41.55,6369800,0.0
2019-06-25,41.58,41.6,41.31,41.33,9371500,0.0
2019-06-26,41.45,41.49,41.35,41.38,6432400,0.0
2019-06-27,41.48,41.53,41.45,41.48,5449200,0.0
2019-06-28,41.67,41.74,41.63,41.71,13621200,0.0
2019-07-01,42.11,42.11,41.79,41.9,9976600,0.0
2019-07-02,41.99,42.05,41.93,42.03,8552800,0.0
2019-07-03,42.22,42.28,42.14,42.25,4425200,0.0
2019-07-05,41.94,41.99,41.71,41.96,5966800,0.0
2019-07-08,41.66,41.77,41.64,41.71,5973000,0.0
2019-07-09,41.38,41.53,41.35,41.51,4815400,0.0
2019-07-10,41.76,41.81,41.61,41.69,5333700,0.0
2019-07-11,41.8,41.8,41.59,41.7,5383500,0.0
2019-07-12,41.69,41.75,41.62,41.75,4566900,0.0
2019-07-15,41.83,41.83,41.72,41.79,6409900,0.0
2019-07-16,41.7,41.75,41.57,41.6,5385200,0.0
2019-07-17,41.69,41.69,41.52,41.52,5296700,0.0
2019-07-18,41.36,41.66,41.33,41.64,6102800,0.0
2019-07-19,41.66,41.72,41.55,41.58,6632100,0.0
2019-07-22,41.63,41.67,41.55,41.62,7009900,0.0
2019-07-23,41.83,41.87,41.75,41.86,5734700,0.0
2019-07-24,41.75,41.87,41.72,41.87,4641700,0.0
2019-07-25,41.79,41.79,41.42,41.45,7144900,0.0
2019-07-26,41.6,41.6,41.51,41.57,7172300,0.0
2019-07-29,41.64,41.64,41.5,41.56,4483000,0.0
2019-07-30,41.16,41.17,41.04,41.12,6246300,0.0
2019-07-31,41.14,41.23,40.56,40.86,10458000,0.0
2019-08-01,40.86,41.22,40.55,40.7,10101500,0.0
2019-08-02,40.56,40.56,40.2,40.38,11014100,0.0
2019-08-05,39.76,39.76,39.15,39.35,19670400,0.0
2019-08-06,39.64,39.71,39.32,39.62,12852600,0.0
2019-08-07,39.41,39.83,39.3,39.78,13397200,0.0
2019-08-08,39.89,40.25,39.86,40.19,9269800,0.0
2019-08-09,40.02,40.08,39.8,39.9,9542000,0.0
2019-08-12,39.71,39.83,39.48,39.56,9166400,0.0
2019-08-13,39.49,40.03,39.43,39.95,9306400,0.0
2019-08-14,39.21,39.26,38.85,38.87,12302500,0.0
2019-08-15,38.98,39.06,38.79,38.95,15610100,0.0
2019-08-16,39.19,39.45,39.17,39.41,15206500,0.0
2019-08-19,39.73,39.79,39.65,39.65,7340000,0.0
2019-08-20,39.67,39.68,39.49,39.54,7429200,0.0
2019-08-21,39.95,39.97,39.83,39.87,8014700,0.0
2019-08-22,39.84,39.89,39.6,39.73,7855800,0.0
2019-08-23,39.62,39.91,39.22,39.24,11896900,0.0
2019-08-26,39.6,39.64,39.42,39.58,9964200,0.0
2019-08-27,39.76,39.78,39.54,39.57,8188100,0.0
2019-08-28,39.43,39.67,39.35,39.58,6669200,0.0
2019-08-29,39.9,39.96,39.77,39.89,8436700,0.0
2019-08-30,40.18,40.2,39.9,40.09,7499400,0.0
2019-09-03,39.82,39.97,39.77,39.93,10164000,0.0
2019-09-04,40.37,40.51,40.33,40.49,7377400,0.0
2019-09-05,40.81,40.92,40.77,40.82,6302100,0.0
2019-09-06,40.89,41.0,40.87,40.91,6155200,0.0
2019-09-09,41.03,41.05,40.93,40.99,6446800,0.0
2019-09-10,40.95,41.14,40.89,41.11,10696500,0.0
2019-09-11,41.22,41.36,41.2,41.36,7106400,0.0
2019-09-12,41.36,41.64,41.32,41.58,9438000,0.0
2019-09-13,41.77,41.91,41.73,41.77,7986300,0.0
2019-09-16,41.55,41.6,41.47,41.47,7072300,0.0
2019-09-17,41.4,41.63,41.37,41.63,15503100,0.0
2019-09-18,41.55,41.62,41.3,41.52,6214700,0.0
2019-09-19,41.77,41.84,41.67,41.69,4483100,0.0
2019-09-20,41.75,41.82,41.56,41.6,5914500,0.0
2019-09-23,41.37,41.55,41.34,41.54,10087500,0.0
2019-09-24,41.39,41.39,41.06,41.09,13552600,0.0
2019-09-25,40.88,41.06,40.73,41.02,15322500,0.0
2019-09-26,41.19,41.21,41.04,41.11,7247500,0.0
2019-09-27,41.12,41.15,40.84,40.93,9373000,0.0
2019-09-30,40.96,41.12,40.93,41.08,7563800,0.0
2019-10-01,40.99,41.02,40.63,40.71,14038800,0.0
2019-10-02,40.23,40.24,39.8,39.9,10410200,0.0
2019-10-03,39.9,40.18,39.74,40.18,13239800,0.0
2019-10-04,40.18,40.51,40.18,40.49,6326500,0.0
2019-10-07,40.44,40.61,40.4,40.44,8294300,0.0
2019-10-08,40.22,40.27,40.03,40.06,8200700,0.0
2019-10-09,40.33,40.43,40.25,40.38,6044000,0.0
2019-10-10,40.37,40.67,40.32,40.64,10763600,0.0
2019-10-11,41.24,41.52,41.23,41.33,7568500,0.0
2019-10-14,41.14,41.25,41.09,41.18,5466900,0.0
2019-10-15,41.36,41.77,41.3,41.64,6674500,0.0
2019-10-16,41.61,41.77,41.57,41.67,6163000,0.0
2019-10-17,41.88,41.93,41.69,41.78,24813100,0.0
2019-10-18,41.67,41.8,41.58,41.73,6687100,0.0
2019-10-21,42.01,42.04,41.95,41.99,8354000,0.0
2019-10-22,42.02,42.15,41.88,41.89,9853600,0.0
2019-10-23,41.92,42.09,41.91,42.09,8436500,0.0
2019-10-24,42.22,42.26,42.06,42.16,6605900,0.0
2019-10-25,42.03,42.22,42.01,42.19,5005800,0.0
2019-10-28,42.29,42.4,42.24,42.38,5521500,0.0
2019-10-29,42.22,42.38,42.2,42.33,6772500,0.0
2019-10-30,42.32,42.5,42.12,42.5,6277800,0.0
2019-10-31,42.38,42.4,42.21,42.4,7087200,0.0
2019-11-01,42.67,42.81,42.66,42.78,8396500,0.0
2019-11-04,43.08,43.12,42.96,43.01,6367900,0.0
2019-11-05,43.01,43.04,42.9,43.0,7276200,0.0
2019-11-06,43.01,43.06,42.9,42.96,5552000,0.0
2019-11-07,43.22,43.27,43.11,43.15,7658500,0.0
2019-11-08,42.96,43.08,42.87,43.06,6063800,0.0
2019-11-11,42.88,43.03,42.84,43.02,4169100,0.0
2019-11-12,43.05,43.12,42.96,43.03,5746000,0.0
2019-11-13,42.77,42.94,42.74,42.89,5703000,0.0
2019-11-14,42.73,42.86,42.68,42.86,7432900,0.0
2019-11-15,42.97,43.13,42.97,43.12,5645100,0.0
2019-11-18,43.07,43.21,43.01,43.17,10439700,0.0
2019-11-19,43.29,43.29,43.04,43.09,5124800,0.0
2019-11-20,42.88,42.95,42.69,42.83,6732300,0.0
2019-11-21,42.8,42.8,42.63,42.77,4532600,0.0
2019-11-22,42.93,42.93,42.74,42.82,4475100,0.0
2019-11-25,43.03,43.17,43.02,43.15,6874500,0.0
2019-11-26,43.11,43.21,43.07,43.18,7781600,0.0
2019-11-27,43.24,43.31,43.21,43.3,4917900,0.0
2019-11-29,43.02,43.07,42.95,42.97,3377400,0.0
2019-12-02,42.96,42.96,42.6,42.78,11767300,0.0
2019-12-03,42.39,42.63,42.27,42.62,10085700,0.0
2019-12-04,42.87,42.99,42.82,42.99,7314200,0.0
2019-12-05,43.03,43.03,42.86,42.95,7073100,0.0
2019-12-06,43.27,43.33,43.23,43.32,6943400,0.0
2019-12-09,43.24,43.3,43.09,43.09,6856800,0.0
2019-12-10,43.08,43.22,43.0,43.13,8596400,0.0
2019-12-11,43.16,43.41,43.13,43.37,6129000,0.0
2019-12-12,43.38,43.72,43.32,43.71,9972100,0.0
2019-12-13,43.92,44.17,43.81,43.96,9039000,0.0
2019-12-16,44.39,44.47,44.35,44.4,7567800,0.0
2019-12-17,44.24,44.32,44.2,44.24,7978200,0.0
2019-12-18,44.16,44.2,44.09,44.13,6963000,0.0
2019-12-19,44.1,44.18,44.04,44.17,7447100,0.0
2019-12-20,44.28,44.31,44.22,44.24,9037800,0.0
2019-12-23,43.8,43.86,43.77,43.86,6372700,0.0
2019-12-24,43.85,43.85,43.74,43.82,4369000,0.0
2019-12-26,43.9,44.02,43.84,44.02,5075400,0.0
2019-12-27,44.24,44.25,44.06,44.14,7340400,0.0
2019-12-30,44.19,44.19,43.81,43.82,10412900,0.0
2019-12-31,43.87,44.06,43.77,44.06,6629100,0.0
2020-01-02,44.35,44.44,44.25,44.42,8229000,0.0
2020-01-03,43.88,44.16,43.81,43.88,9697300,0.0
2020-01-06,43.82,44.07,43.81,44.03,8579400,0.0
2020-01-07,44.06,44.07,43.94,43.96,7884600,0.0
2020-01-08,43.91,44.18,43.89,44.02,9948100,0.0
2020-01-09,44.16,44.2,44.06,44.2,5887100,0.0
2020-01-10,44.19,44.24,43.99,44.05,8841400,0.0
2020-01-13,44.13,44.32,44.02,44.31,8656500,0.0
2020-01-14,44.21,44.39,44.19,44.34,8757200,0.0
2020-01-15,44.26,44.39,44.26,44.31,10091400,0.0
2020-01-16,44.42,44.55,44.38,44.55,7171400,0.0
2020-01-17,44.64,44.67,44.54,44.66,14186000,0.0
2020-01-21,44.46,44.48,44.29,44.3,10533700,0.0
2020-01-22,44.51,44.54,44.38,44.41,6945800,0.0
2020-01-23,44.23,44.34,44.02,44.3,8803200,0.0
2020-01-24,44.47,44.47,44.01,44.13,7747400,0.0
2020-01-27,43.22,43.41,43.15,43.2,9721700,0.0
2020-01-28,43.36,43.6,43.3,43.57,11134400,0.0
2020-01-29,43.67,43.72,43.51,43.58,5853100,0.0
2020-01-30,43.16,43.5,43.07,43.48,8248600,0.0
2020-01-31,43.08,43.08,42.61,42.74,12227700,0.0
2020-02-03,42.86,43.08,42.86,42.89,21044700,0.0
2020-02-04,43.52,43.65,43.49,43.58,12679100,0.0
2020-02-05,44.01,44.04,43.86,44.0,18014500,0.0
2020-02-06,44.13,44.16,44.05,44.15,12988200,0.0
2020-02-07,43.84,43.87,43.68,43.72,12778600,0.0
2020-02-10,43.66,43.83,43.64,43.82,7295500,0.0
2020-02-11,44.11,44.21,44.02,44.12,7231200,0.0
2020-02-12,44.32,44.32,44.21,44.3,6518500,0.0
2020-02-13,43.96,44.13,43.89,43.98,6793000,0.0
2020-02-14,44.04,44.04,43.86,43.95,8702600,0.0
2020-02-18,43.62,43.76,43.59,43.65,8124600,0.0
2020-02-19,43.81,43.88,43.78,43.83,6371400,0.0
2020-02-20,43.61,43.71,43.29,43.51,9327600,0.0
2020-02-21,43.37,43.44,43.22,43.31,9270700,0.0
2020-02-24,41.64,41.92,41.57,41.62,17685000,0.0
2020-02-25,41.84,41.88,40.86,40.91,21171600,0.0
2020-02-26,41.23,41.52,40.91,40.94,22686100,0.0
2020-02-27,40.29,40.68,39.68,39.69,25284800,0.0
2020-02-28,38.77,39.5,38.45,39.47,51134100,0.0
2020-03-02,39.37,40.05,39.09,39.99,37864100,0.0
2020-03-03,40.29,40.72,39.38,39.67,36357600,0.0
2020-03-04,40.34,40.81,40.02,40.76,23674800,0.0
2020-03-05,39.88,40.14,39.53,39.69,20231100,0.0
2020-03-06,39.04,39.31,38.74,39.11,27329500,0.0
2020-03-09,36.53,37.11,35.88,35.93,50500700,0.0
2020-03-10,37.4,37.47,36.09,37.27,67138600,0.0
2020-03-11,36.26,36.35,35.1,35.33,52331500,0.0
2020-03-12,32.65,32.66,30.97,31.38,67385000,0.0
2020-03-13,33.39,33.62,31.4,33.36,65979800,0.0
2020-03-16,29.28,30.83,28.8,29.75,60833000,0.0
2020-03-17,30.24,31.24,29.71,31.1,51271700,0.0
2020-03-18,29.11,30.06,28.46,29.25,57760500,0.0
2020-03-19,29.13,30.27,28.87,29.68,63671400,0.0
2020-03-20,30.45,30.9,29.36,29.41,54786300,0.0
2020-03-23,29.32,29.53,28.63,28.78,57178400,0.0
2020-03-24,30.89,31.5,30.65,31.34,42462300,0.0
2020-03-25,31.69,32.96,31.28,32.47,48337300,0.0
2020-03-26,32.68,33.9,32.58,33.85,38425000,0.0
2020-03-27,32.64,33.41,32.36,32.81,42774800,0.0
2020-03-30,32.92,33.52,32.71,33.48,39894300,0.0
2020-03-31,33.05,33.65,32.92,33.34,35151700,0.0
2020-04-01,32.24,32.56,31.82,31.86,28504800,0.0
2020-04-02,31.9,32.64,31.86,32.47,33085500,0.0
2020-04-03,32.04,32.16,31.6,31.83,38093100,0.0
2020-04-06,32.97,33.63,32.88,33.54,30789300,0.0
2020-04-07,34.64,34.75,33.69,33.73,36819800,0.0
2020-04-08,33.86,34.2,33.58,34.05,35234700,0.0
2020-04-09,34.52,34.97,34.45,34.78,25835100,0.0
2020-04-13,34.67,34.74,34.2,34.5,34969000,0.0
2020-04-14,35.03,35.37,34.97,35.12,21511100,0.0
2020-04-15,34.06,34.24,33.87,33.98,22435900,0.0
2020-04-16,34.11,34.21,33.7,34.02,36469000,0.0
2020-04-17,34.81,35.03,34.58,34.98,27888500,0.0
2020-04-20,34.5,35.01,34.46,34.47,28400300,0.0
2020-04-21,33.93,34.24,33.68,33.76,22139300,0.0
2020-04-22,34.38,34.46,34.23,34.39,17123200,0.0
2020-04-23,34.49,34.99,34.26,34.33,22064600,0.0
2020-04-24,34.57,34.75,34.32,34.7,14562000,0.0
2020-04-27,34.98,35.26,34.89,35.18,19673500,0.0
2020-04-28,35.85,35.93,35.45,35.46,16352900,0.0
2020-04-29,36.22,36.53,36.14,36.4,19368500,0.0
2020-04-30,35.94,36.03,35.48,35.68,17964300,0.0
2020-05-01,35.05,35.15,34.74,34.89,20722600,0.0
2020-05-04,34.62,34.94,34.51,34.92,28930800,0.0
2020-05-05,35.19,35.35,34.96,35.01,14919900,0.0
2020-05-06,35.26,35.3,34.79,34.8,13380600,0.0
2020-05-07,35.28,35.51,35.17,35.33,18120900,0.0
2020-05-08,35.75,35.94,35.69,35.9,12044700,0.0
2020-05-11,35.67,35.98,35.63,35.89,12319200,0.0
2020-05-12,35.97,36.03,35.41,35.41,16592300,0.0
2020-05-13,35.64,35.65,34.93,35.11,16110600,0.0
2020-05-14,34.33,34.87,34.12,34.85,18021700,0.0
2020-05-15,34.75,34.99,34.64,34.86,17247600,0.0
2020-05-18,35.73,36.35,35.72,36.25,18536800,0.0
2020-05-19,36.1,36.24,35.85,35.86,12690600,0.0
2020-05-20,36.48,36.7,36.4,36.51,14971700,0.0
2020-05-21,36.37,36.49,35.98,36.11,13381500,0.0
2020-05-22,35.92,36.03,35.75,36.01,10603200,0.0
2020-05-26,37.19,37.28,37.05,37.08,13114000,0.0
2020-05-27,37.48,37.5,37.03,37.47,21634900,0.0
2020-05-28,37.88,38.13,37.71,37.72,14323500,0.0
2020-05-29,37.69,37.73,37.24,37.67,18711700,0.0
2020-06-01,37.96,38.5,37.91,38.49,12729000,0.0
2020-06-02,38.75,38.98,38.7,38.91,10213400,0.0
2020-06-03,39.41,39.92,39.35,39.81,11180100,0.0
2020-06-04,39.56,39.85,39.49,39.59,10505400,0.0
2020-06-05,40.4,40.64,40.27,40.37,30764900,0.0
2020-06-08,40.57,40.87,40.32,40.85,17157300,0.0
2020-06-09,40.15,40.46,40.07,40.32,10378900,0.0
2020-06-10,40.44,40.59,40.07,40.25,16997600,0.0
2020-06-11,39.12,39.27,37.97,38.04,18307100,0.0
2020-06-12,39.06,39.16,38.17,38.69,20129400,0.0
2020-06-15,37.91,38.93,37.79,38.81,14497100,0.0
2020-06-16,39.62,39.71,38.89,39.33,15073100,0.0
2020-06-17,39.62,39.64,39.33,39.42,11290100,0.0
2020-06-18,39.12,39.38,39.08,39.24,11393400,0.0
2020-06-19,39.68,39.68,39.0,39.06,12600500,0.0
2020-06-22,39.09,39.37,38.96,39.31,9297600,0.0
2020-06-23,39.74,39.81,39.47,39.5,9750200,0.0
2020-06-24,39.08,39.16,38.41,38.53,15271900,0.0
2020-06-25,38.55,39.06,38.37,39.04,13131700,0.0
2020-06-26,38.96,38.96,38.4,38.45,13671100,0.0
2020-06-29,38.66,38.85,38.43,38.8,11590700,0.0
2020-06-30,38.54,38.93,38.48,38.79,12988200,0.0
2020-07-01,38.73,39.04,38.72,38.92,7967300,0.0
2020-07-02,39.47,39.65,39.28,39.31,8687600,0.0
2020-07-06,39.91,40.05,39.77,39.97,8462200,0.0
2020-07-07,39.58,39.78,39.38,39.42,8054600,0.0
2020-07-08,39.44,39.74,39.33,39.74,7949500,0.0
2020-07-09,39.65,39.68,39.0,39.28,9278800,0.0
2020-07-10,39.4,39.67,39.28,39.65,8127700,0.0
2020-07-13,39.9,40.13,39.37,39.44,8718300,0.0
2020-07-14,39.46,40.04,39.43,39.99,10325900,0.0
2020-07-15,40.55,40.7,40.33,40.44,12277400,0.0
2020-07-16,40.19,40.35,40.1,40.19,7141400,0.0
2020-07-17,40.3,40.42,40.17,40.39,5077100,0.0
2020-07-20,40.43,40.65,40.33,40.62,6749000,0.0
2020-07-21,40.89,40.99,40.73,40.78,6861700,0.0
2020-07-22,40.75,40.93,40.71,40.89,5506500,0.0
2020-07-23,40.79,40.95,40.44,40.55,7814100,0.0
2020-07-24,40.33,40.47,40.24,40.35,6137500,0.0
2020-07-27,40.76,40.97,40.7,40.91,5819400,0.0
2020-07-28,40.76,40.92,40.66,40.72,5727300,0.0
2020-07-29,40.92,41.22,40.83,41.15,9348200,0.0
2020-07-30,40.27,40.66,39.9,40.6,8765500,0.0
2020-07-31,40.38,40.41,39.55,39.81,19441900,0.0
2020-08-03,40.17,40.51,40.08,40.5,7887100,0.0
2020-08-04,40.39,40.82,40.37,40.82,8223100,0.0
2020-08-05,41.13,41.31,41.01,41.04,10052800,0.0
2020-08-06,40.94,41.19,40.83,41.13,6296400,0.0
2020-08-07,40.77,40.96,40.68,40.96,5767500,0.0
2020-08-10,41.02,41.13,40.9,41.12,6542300,0.0
2020-08-11,41.8,41.82,41.25,41.29,10322500,0.0
2020-08-12,42.01,42.27,41.97,42.11,9029700,0.0
2020-08-13,42.0,42.17,41.8,41.93,11250600,0.0
2020-08-14,41.61,41.76,41.56,41.67,8767200,0.0
2020-08-17,41.9,42.03,41.89,41.99,7215100,0.0
2020-08-18,42.14,42.17,41.81,41.98,7639400,0.0
2020-08-19,42.14,42.17,41.72,41.75,6273000,0.0
2020-08-20,41.32,41.68,41.27,41.62,6993800,0.0
2020-08-21,41.18,41.41,41.13,41.4,9278000,0.0
2020-08-24,42.0,42.01,41.74,41.9,5248100,0.0
2020-08-25,42.13,42.14,41.74,41.99,9096600,0.0
2020-08-26,42.01,42.33,41.98,42.3,9328000,0.0
2020-08-27,42.31,42.31,41.7,41.87,7424800,0.0
2020-08-28,42.12,42.18,41.91,42.16,12329500,0.0
2020-08-31,42.05,42.13,41.8,41.87,18615200,0.0
2020-09-01,41.9,42.02,41.73,41.93,11476400,0.0
2020-09-02,42.2,42.46,42.03,42.44,10019000,0.0
2020-09-03,42.27,42.33,41.31,41.48,13320200,0.0
2020-09-04,41.67,41.77,40.81,41.56,14064200,0.0
2020-09-08,41.02,41.4,40.89,41.05,14936300,0.0
2020-09-09,41.67,41.93,41.59,41.76,12640400,0.0
2020-09-10,41.99,42.06,41.3,41.3,10540900,0.0
2020-09-11,41.78,41.88,41.49,41.68,10533900,0.0
2020-09-14,42.05,42.14,41.92,41.96,4914400,0.0
2020-09-15,42.4,42.41,42.15,42.22,10679000,0.0
2020-09-16,42.37,42.54,42.16,42.22,5253700,0.0
2020-09-17,41.93,42.29,41.91,42.28,5816800,0.0
2020-09-18,42.16,42.22,41.83,41.98,6698700,0.0
2020-09-21,40.76,40.78,40.28,40.74,10459600,0.0
2020-09-22,40.77,40.77,40.37,40.73,8189600,0.0
2020-09-23,40.93,40.95,40.27,40.31,8206300,0.0
2020-09-24,40.2,40.52,39.97,40.25,13238300,0.0
2020-09-25,39.95,40.43,39.81,40.4,8351500,0.0
2020-09-28,40.97,41.07,40.9,41.06,5801100,0.0
2020-09-29,41.03,41.15,40.84,41.0,6711100,0.0
2020-09-30,40.91,41.16,40.76,40.9,12413000,0.0
2020-10-01,41.1,41.16,40.9,41.14,7829500,0.0
2020-10-02,40.63,41.14,40.6,41.05,10670800,0.0
2020-10-05,41.41,41.7,41.39,41.69,5014000,0.0
2020-10-06,41.7,41.77,41.17,41.26,7800200,0.0
2020-10-07,41.61,41.71,41.5,41.65,7758800,0.0
2020-10-08,41.85,41.97,41.79,41.96,10005300,0.0
2020-10-09,42.16,42.28,42.08,42.24,5498600,0.0
2020-10-12,42.32,42.5,42.28,42.45,3945200,0.0
2020-10-13,42.14,42.14,41.9,41.98,5947300,0.0
2020-10-14,42.11,42.18,41.85,41.89,8043500,0.0
2020-10-15,41.08,41.47,41.08,41.43,9745300,0.0
2020-10-16,41.55,41.74,41.49,41.56,6077700,0.0
2020-10-19,41.77,41.82,41.34,41.38,7366300,0.0
2020-10-20,41.67,41.83,41.59,41.61,6592600,0.0
2020-10-21,41.58,41.8,41.47,41.47,5414700,0.0
2020-10-22,41.41,41.57,41.22,41.51,7877400,0.0
2020-10-23,41.74,41.75,41.5,41.74,6575500,0.0
2020-10-26,41.19,41.27,40.72,40.96,9573600,0.0
2020-10-27,40.89,40.94,40.62,40.65,9328900,0.0
2020-10-28,39.81,39.89,39.45,39.46,11666400,0.0
2020-10-29,39.49,39.79,39.29,39.65,10035800,0.0
2020-10-30,39.47,39.53,39.13,39.45,13759900,0.0
2020-11-02,39.89,39.96,39.66,39.93,16347500,0.0
2020-11-03,40.71,41.1,40.66,40.95,8549600,0.0
2020-11-04,41.1,41.73,40.94,41.37,8979800,0.0
2020-11-05,42.3,42.45,42.14,42.37,8847400,0.0
2020-11-06,42.53,42.62,42.37,42.46,6321200,0.0
2020-11-09,44.38,44.38,43.57,43.62,11723900,0.0
2020-11-10,43.96,44.18,43.82,43.94,9152400,0.0
2020-11-11,44.26,44.34,44.13,44.31,5697600,0.0
2020-11-12,43.97,44.08,43.56,43.67,7226600,0.0
2020-11-13,43.96,44.35,43.95,44.29,5989700,0.0
2020-11-16,44.8,44.88,44.62,44.86,7570700,0.0
2020-11-17,44.71,44.94,44.58,44.84,6727800,0.0
2020-11-18,44.9,45.06,44.6,44.6,6703900,0.0
2020-11-19,44.56,44.9,44.48,44.87,6344000,0.0
2020-11-20,44.89,45.1,44.85,45.02,5001500,0.0
2020-11-23,45.24,45.32,44.9,45.05,9744200,0.0
2020-11-24,45.44,45.8,45.41,45.77,7320200,0.0
2020-11-25,45.49,45.76,45.37,45.68,9436700,0.0
2020-11-27,45.82,46.02,45.79,46.0,3124300,0.0
2020-11-30,45.81,45.85,45.07,45.09,11957400,0.0
2020-12-01,45.84,46.1,45.8,46.06,13034000,0.0
2020-12-02,45.9,46.16,45.86,46.13,13378800,0.0
2020-12-03,46.31,46.48,46.2,46.29,6177100,0.0
2020-12-04,46.6,46.74,46.6,46.74,6514000,0.0
2020-12-07,46.46,46.58,46.31,46.4,6780200,0.0
2020-12-08,46.28,46.54,46.27,46.51,5952700,0.0
2020-12-09,46.81,46.85,46.28,46.57,8296900,0.0
2020-12-10,46.34,46.77,46.33,46.67,6701600,0.0
2020-12-11,46.42,46.53,46.25,46.51,8139600,0.0
2020-12-14,46.88,46.92,46.5,46.52,6756700,0.0
2020-12-15,46.76,47.06,46.67,47.03,6568500,0.0
2020-12-16,47.1,47.26,46.95,47.19,6429000,0.0
2020-12-17,47.57,47.63,47.45,47.5,6391800,0.0
2020-12-18,47.47,47.47,47.16,47.22,6865600,0.0
2020-12-21,45.72,46.38,45.6,46.28,10377000,0.0
2020-12-22,46.16,46.2,46.0,46.13,7715600,0.0
2020-12-23,46.54,46.71,46.5,46.65,8928100,0.0
2020-12-24,46.76,46.79,46.64,46.77,4133400,0.0
2020-12-28,47.25,47.26,47.03,47.06,7216800,0.0
2020-12-29,47.66,47.67,47.33,47.43,7617300,0.0
2020-12-30,47.68,47.82,47.51,47.53,4801100,0.0
2020-12-31,47.51,47.55,47.13,47.21,10270300,0.0
2021-01-04,48.12,48.15,47.25,47.48,16916400,0.0
2021-01-05,47.66,48.14,47.65,48.02,16523300,0.0
2021-01-06,48.1,48.78,48.06,48.54,14076700,0.0
2021-01-07,48.51,48.74,48.47,48.68,8094800,0.0
2021-01-08,49.09,49.18,48.65,49.14,8202400,0.0
2021-01-11,48.3,48.66,48.27,48.5,9392400,0.0
2021-01-12,48.46,48.78,48.35,48.73,8035600,0.0
2021-01-13,48.65,48.76,48.56,48.64,12509300,0.0
2021-01-14,48.8,49.16,48.8,49.01,11554400,0.0
2021-01-15,48.39,48.46,47.95,48.22,10321000,0.0
2021-01-19,48.59,48.63,48.37,48.56,9083200,0.0
2021-01-20,48.68,48.96,48.6,48.93,6967100,0.0
2021-01-21,49.01,49.06,48.73,49.04,7764900,0.0
2021-01-22,48.56,48.77,48.52,48.7,9665900,0.0
2021-01-25,48.41,48.69,48.11,48.67,10653300,0.0
2021-01-26,48.75,48.78,48.52,48.69,7378100,0.0
2021-01-27,47.84,48.03,47.39,47.55,17187600,0.0
2021-01-28,47.7,48.18,47.65,47.92,10340200,0.0
2021-01-29,47.35,47.47,46.66,46.87,18440200,0.0
2021-02-01,47.51,47.6,47.28,47.53,11963300,0.0
2021-02-02,47.84,48.1,47.72,48.06,7982700,0.0
2021-02-03,48.13,48.24,47.96,48.19,6294300,0.0
2021-02-04,48.02,48.22,47.95,48.21,5971400,0.0
2021-02-05,48.46,48.61,48.31,48.57,7702400,0.0
2021-02-08,48.86,49.0,48.76,48.88,10370400,0.0
2021-02-09,48.94,49.21,48.88,49.16,5571600,0.0
2021-02-10,49.32,49.38,48.83,49.05,8471300,0.0
2021-02-11,49.33,49.38,49.11,49.37,7432400,0.0
2021-02-12,49.21,49.61,49.19,49.6,6961000,0.0
2021-02-16,49.99,50.1,49.79,49.9,7636800,0.0
2021-02-17,49.51,49.65,49.31,49.59,7865500,0.0
2021-02-18,49.18,49.31,48.9,49.27,8100900,0.0
2021-02-19,49.49,49.7,49.42,49.5,7278800,0.0
2021-02-22,49.28,49.64,49.26,49.35,6601600,0.0
2021-02-23,49.23,49.51,48.77,49.37,17006500,0.0
2021-02-24,49.03,49.61,48.94,49.55,11151700,0.0
2021-02-25,49.69,49.78,48.62,48.71,11129200,0.0
2021-02-26,48.57,48.59,47.97,48.01,16625600,0.0
2021-03-01,48.63,49.01,48.61,48.94,10026300,0.0
2021-03-02,48.9,49.06,48.72,48.92,11181300,0.0
2021-03-03,48.8,48.99,48.56,48.62,12733000,0.0
2021-03-04,48.65,48.86,47.82,48.13,13340100,0.0
2021-03-05,48.48,48.57,47.75,48.52,12050700,0.0
2021-03-08,48.27,48.62,48.14,48.28,12981200,0.0
2021-03-09,48.84,49.06,48.74,48.9,10888700,0.0
2021-03-10,49.12,49.17,48.85,49.11,9633200,0.0
2021-03-11,49.32,49.55,49.22,49.47,7169600,0.0
2021-03-12,49.21,49.6,49.16,49.59,9072700,0.0
2021-03-15,49.56,49.72,49.27,49.71,7494600,0.0
2021-03-16,49.84,49.86,49.69,49.79,10017400,0.0
2021-03-17,49.58,50.14,49.52,50.05,8627500,0.0
2021-03-18,49.82,50.13,49.56,49.57,7024200,0.0
2021-03-19,49.61,49.84,49.33,49.74,7464000,0.0
2021-03-22,49.49,49.67,49.4,49.53,8220500,0.0
2021-03-23,49.15,49.21,48.72,48.78,10888000,0.0
2021-03-24,48.71,48.93,48.56,48.57,7748500,0.0
2021-03-25,48.53,48.92,48.36,48.88,9722100,0.0
2021-03-26,49.09,49.57,49.05,49.55,6866200,0.0
2021-03-29,49.21,49.39,49.06,49.31,7404800,0.0
2021-03-30,49.1,49.31,49.01,49.25,14968100,0.0
2021-03-31,49.13,49.35,49.1,49.11,8259500,0.0
2021-04-01,49.43,49.85,49.37,49.75,9224300,0.0
2021-04-05,50.16,50.53,50.07,50.5,9219800,0.0
2021-04-06,49.99,50.14,49.93,50.06,10604800,0.0
2021-04-07,50.08,50.21,50.01,50.15,5940200,0.0
2021-04-08,50.37,50.49,50.26,50.44,7075100,0.0
2021-04-09,50.38,50.57,50.36,50.56,6944600,0.0
2021-04-12,50.42,50.44,50.22,50.29,5710200,0.0
2021-04-13,50.43,50.64,50.38,50.63,5454000,0.0
2021-04-14,50.65,50.86,50.63,50.68,6699800,0.0
2021-04-15,50.98,51.09,50.93,51.07,5908900,0.0
2021-04-16,51.23,51.4,51.14,51.37,9082500,0.0
2021-04-19,51.41,51.46,51.11,51.22,15499900,0.0
2021-04-20,50.74,50.78,50.28,50.37,11657400,0.0
2021-04-21,50.25,50.86,50.21,50.83,11195800,0.0
2021-04-22,50.92,50.96,50.55,50.62,9660600,0.0
2021-04-23,50.86,51.29,50.84,51.2,16386300,0.0
2021-04-26,51.22,51.35,51.2,51.28,11905100,0.0
2021-04-27,51.07,51.17,50.99,51.12,12910100,0.0
2021-04-28,51.07,51.41,51.06,51.26,10869700,0.0
2021-04-29,51.45,51.48,50.98,51.31,7707500,0.0
2021-04-30,50.97,51.04,50.47,50.61,9882200,0.0
2021-05-03,51.0,51.2,50.9,51.14,7245300,0.0
2021-05-04,50.66,50.76,50.19,50.52,9581500,0.0
2021-05-05,50.97,51.2,50.97,51.12,4117800,0.0
2021-05-06,51.18,51.54,51.0,51.54,8396400,0.0
2021-05-07,51.62,52.16,51.59,52.14,7410100,0.0
2021-05-10,52.34,52.34,51.84,51.87,11723400,0.0
2021-05-11,50.98,51.37,50.9,51.25,8673600,0.0
2021-05-12,50.8,51.04,50.24,50.35,9505700,0.0
2021-05-13,50.35,50.8,50.35,50.7,8009700,0.0
2021-05-14,51.14,51.56,51.13,51.51,4776100,0.0
2021-05-17,51.22,51.44,51.16,51.43,7209900,0.0
2021-05-18,51.83,51.86,51.6,51.61,6291400,0.0
2021-05-19,50.97,51.38,50.73,51.15,9117900,0.0
2021-05-20,51.46,51.9,51.45,51.86,10651300,0.0
2021-05-21,51.97,51.98,51.66,51.85,6317300,0.0
2021-05-24,52.0,52.24,51.94,52.17,4771000,0.0
2021-05-25,52.33,52.36,52.08,52.17,7082300,0.0
2021-05-26,52.1,52.25,52.06,52.17,4419300,0.0
2021-05-27,52.25,52.36,52.15,52.27,7097800,0.0
2021-05-28,52.42,52.61,52.38,52.42,7663600,0.0
2021-06-01,52.92,52.93,52.64,52.7,8252800,0.0
2021-06-02,52.75,52.93,52.69,52.85,7365200,0.0
2021-06-03,52.58,52.64,52.41,52.57,6215600,0.0
2021-06-04,52.98,53.09,52.89,53.07,6039600,0.0
2021-06-07,53.15,53.21,53.05,53.19,10276700,0.0
2021-06-08,53.23,53.25,53.04,53.16,6909800,0.0
2021-06-09,53.12,53.14,52.93,52.95,5873300,0.0
2021-06-10,53.03,53.21,52.97,53.12,7050200,0.0
2021-06-11,53.19,53.23,53.03,53.21,4867400,0.0
2021-06-14,53.19,53.3,53.14,53.29,4623500,0.0
2021-06-15,53.3,53.34,53.19,53.3,7736600,0.0
2021-06-16,53.38,53.43,52.78,52.95,7192800,0.0
2021-06-17,52.63,52.75,52.33,52.56,6041500,0.0
2021-06-18,51.69,51.83,51.49,51.56,8868100,0.0
2021-06-21,51.41,51.89,51.32,51.85,6778700,0.0
2021-06-22,51.69,51.99,51.57,51.9,5644600,0.0
2021-06-23,51.85,51.91,51.55,51.62,6192300,0.0
2021-06-24,52.01,52.08,51.93,52.05,7565000,0.0
2021-06-25,52.21,52.22,52.08,52.22,5942400,0.0
2021-06-28,52.05,52.05,51.78,51.88,6246800,0.0
2021-06-29,51.93,51.95,51.79,51.87,7136400,0.0
2021-06-30,51.47,51.64,51.33,51.52,9424200,0.0
2021-07-01,51.5,51.68,51.41,51.67,8125000,0.0
2021-07-02,51.72,51.87,51.55,51.86,7998700,0.0
2021-07-06,51.88,51.88,51.32,51.55,7103900,0.0
2021-07-07,51.72,51.83,51.47,51.73,8151000,0.0
2021-07-08,50.88,51.09,50.71,50.98,13796500,0.0
2021-07-09,51.52,51.88,51.46,51.86,7099500,0.0
2021-07-12,51.85,52.07,51.78,52.05,4810100,0.0
2021-07-13,51.89,51.98,51.72,51.76,5872700,0.0
2021-07-14,52.04,52.04,51.82,51.89,4406700,0.0
2021-07-15,51.47,51.6,51.28,51.47,7503400,0.0
2021-07-16,51.47,51.47,50.99,51.07,5953800,0.0
2021-07-19,50.24,50.28,49.81,50.07,13735600,0.0
2021-07-20,50.0,50.6,49.92,50.52,7918500,0.0
2021-07-21,50.79,51.27,50.77,51.25,12997700,0.0
2021-07-22,51.49,51.49,51.16,51.32,6642400,0.0
2021-07-23,51.61,51.7,51.49,51.63,5845200,0.0
2021-07-26,51.49,51.71,51.49,51.69,5525000,0.0
2021-07-27,51.48,51.51,51.25,51.5,7594500,0.0
2021-07-28,51.53,51.82,51.41,51.73,6511000,0.0
2021-07-29,52.14,52.22,52.1,52.12,8559800,0.0
2021-07-30,51.87,52.01,51.68,51.78,6454500,0.0
2021-08-02,52.2,52.29,51.96,52.03,8113600,0.0
2021-08-03,52.25,52.42,52.03,52.4,8327900,0.0
2021-08-04,52.45,52.54,52.25,52.25,3984800,0.0
2021-08-05,52.51,52.59,52.46,52.52,4226500,0.0
2021-08-06,52.4,52.44,52.24,52.31,4736400,0.0
2021-08-09,52.31,52.33,52.2,52.25,4695800,0.0
2021-08-10,52.24,52.36,52.21,52.36,5559200,0.0
2021-08-11,52.65,52.72,52.54,52.69,5065000,0.0
2021-08-12,52.57,52.6,52.42,52.57,5579600,0.0
2021-08-13,52.7,52.84,52.64,52.84,3832100,0.0
2021-08-16,52.43,52.55,52.26,52.54,8101300,0.0
2021-08-17,52.02,52.1,51.74,51.96,7431900,0.0
2021-08-18,51.99,52.2,51.81,51.83,5289100,0.0
2021-08-19,51.14,51.4,51.06,51.26,11441800,0.0
2021-08-20,51.05,51.46,51.0,51.43,5806100,0.0
2021-08-23,51.73,52.04,51.73,51.97,5915700,0.0
2021-08-24,52.07,52.28,52.02,52.22,4677000,0.0
2021-08-25,52.18,52.29,52.08,52.26,7273400,0.0
2021-08-26,52.07,52.13,51.85,51.93,4918700,0.0
2021-08-27,51.95,52.5,51.94,52.47,5045800,0.0
2021-08-30,52.45,52.52,52.38,52.46,5765000,0.0
2021-08-31,52.56,52.59,52.38,52.46,8926100,0.0
2021-09-01,52.85,53.06,52.81,52.92,6914500,0.0
2021-09-02,53.1,53.24,53.07,53.17,9103400,0.0
2021-09-03,53.24,53.49,53.19,53.43,11074000,0.0
2021-09-07,53.41,53.45,53.3,53.3,8765400,0.0
2021-09-08,53.1,53.18,52.8,52.91,6414000,0.0
2021-09-09,52.87,53.06,52.77,52.85,5085500,0.0
2021-09-10,53.2,53.24,52.69,52.7,6200600,0.0
2021-09-13,53.22,53.22,52.92,53.1,5902300,0.0
2021-09-14,53.26,53.28,52.83,52.87,6409500,0.0
2021-09-15,52.86,53.09,52.77,53.08,7809500,0.0
2021-09-16,52.79,52.95,52.65,52.93,7100200,0.0
2021-09-17,52.66,52.73,52.11,52.27,7350300,0.0
2021-09-20,50.93,51.2,50.64,51.08,16987500,0.0
2021-09-21,51.66,51.78,51.43,51.52,9486100,0.0
2021-09-22,51.77,52.21,51.75,51.8,8370300,0.0
2021-09-23,52.29,52.54,52.25,52.43,6789300,0.0
2021-09-24,51.9,52.05,51.85,51.95,4791000,0.0
2021-09-27,51.83,52.02,51.77,51.95,5785600,0.0
2021-09-28,51.16,51.19,50.64,50.8,11391900,0.0
2021-09-29,50.87,50.94,50.58,50.64,11145200,0.0
2021-09-30,50.73,50.84,50.37,50.49,10238600,0.0
2021-10-01,50.5,50.76,50.17,50.64,11817400,0.0
2021-10-04,50.5,50.56,49.94,50.17,12540200,0.0
2021-10-05,50.22,50.62,50.15,50.46,6756900,0.0
2021-10-06,49.62,50.1,49.45,50.09,12693500,0.0
2021-10-07,50.34,50.7,50.34,50.51,7009400,0.0
2021-10-08,50.62,50.67,50.42,50.52,5801100,0.0
2021-10-11,50.6,50.79,50.36,50.37,5570700,0.0
2021-10-12,50.39,50.54,50.27,50.35,6540300,0.0
2021-10-13,50.67,50.95,50.53,50.91,6880900,0.0
2021-10-14,51.39,51.5,51.3,51.46,5690800,0.0
2021-10-15,51.75,51.89,51.69,51.87,4982100,0.0
2021-10-18,51.52,51.72,51.44,51.68,7051200,0.0
2021-10-19,51.94,52.11,51.91,52.04,5152900,0.0
2021-10-20,52.08,52.27,52.02,52.22,5728700,0.0
2021-10-21,51.9,52.06,51.87,51.96,5191900,0.0
2021-10-22,52.16,52.35,51.99,52.2,6568100,0.0
2021-10-25,52.14,52.25,51.99,52.16,6111200,0.0
2021-10-26,52.47,52.49,52.18,52.26,5467100,0.0
2021-10-27,52.22,52.31,51.98,51.98,6153700,0.0
2021-10-28,52.23,52.54,52.2,52.51,5770000,0.0
2021-10-29,52.06,52.17,51.95,52.12,9654900,0.0
2021-11-01,52.4,52.64,52.33,52.61,8588800,0.0
2021-11-02,52.48,52.57,52.42,52.49,8353400,0.0
2021-11-03,52.41,52.89,52.31,52.85,7539300,0.0
2021-11-04,52.77,52.82,52.61,52.81,9112600,0.0
2021-11-05,52.82,52.93,52.72,52.92,7741600,0.0
2021-11-08,52.95,53.04,52.89,52.95,5451300,0.0
2021-11-09,52.97,53.0,52.65,52.82,7963000,0.0
2021-11-10,52.57,52.7,52.09,52.15,8018800,0.0
2021-11-11,52.41,52.45,52.29,52.33,5638800,0.0
2021-11-12,52.53,52.71,52.45,52.69,6222600,0.0
2021-11-15,52.8,52.83,52.56,52.6,9023800,0.0
2021-11-16,52.57,52.64,52.46,52.48,6965700,0.0
2021-11-17,52.36,52.41,52.26,52.35,8688300,0.0
2021-11-18,52.32,52.41,52.11,52.39,7590700,0.0
2021-11-19,52.1,52.18,51.93,51.99,9985200,0.0
2021-11-22,51.98,52.11,51.7,51.71,9573300,0.0
2021-11-23,51.57,51.78,51.37,51.62,10284600,0.0
2021-11-24,50.98,51.35,50.91,51.35,7906100,0.0
2021-11-26,50.33,50.38,49.77,49.95,11942100,0.0
2021-11-29,50.38,50.39,49.95,50.19,14177300,0.0
2021-11-30,50.04,50.19,49.28,49.7,31057400,0.0
2021-12-01,50.43,50.65,49.43,49.44,18127800,0.0
2021-12-02,49.77,50.26,49.73,50.13,21570800,0.0
2021-12-03,50.29,50.32,49.58,49.88,22553900,0.0
2021-12-06,50.2,50.45,50.01,50.36,14646200,0.0
2021-12-07,51.03,51.46,51.02,51.44,14200900,0.0
2021-12-08,51.45,51.55,51.32,51.51,14731500,0.0
2021-12-09,51.2,51.23,51.03,51.06,21544500,0.0
2021-12-10,51.16,51.21,50.96,51.13,13967300,0.0
2021-12-13,50.93,50.96,50.56,50.61,24679900,0.0
2021-12-14,50.41,50.61,50.15,50.35,15722000,0.0
2021-12-15,50.48,50.97,50.19,50.97,15986100,0.0
2021-12-16,51.24,51.3,50.85,50.98,22374700,0.0
2021-12-17,50.64,50.8,50.37,50.39,19758900,0.0
2021-12-20,49.3,49.44,49.11,49.38,22904100,0.0
2021-12-21,49.68,50.02,49.61,50.0,21469100,0.0
2021-12-22,49.99,50.52,49.94,50.51,15062100,0.0
2021-12-23,50.56,50.9,50.54,50.82,14463100,0.0
2021-12-27,50.88,51.21,50.84,51.21,12630800,0.0
2021-12-28,51.27,51.37,51.18,51.21,13668700,0.0
2021-12-29,51.18,51.27,51.09,51.2,11380800,0.0
2021-12-30,51.2,51.31,51.05,51.08,13691400,0.0
2021-12-31,51.08,51.29,51.01,51.06,15518400,0.0
2022-01-03,51.31,51.4,51.11,51.37,15874300,0.0
2022-01-04,51.64,51.76,51.46,51.56,15991500,0.0
2022-01-05,51.74,51.8,51.09,51.11,13855400,0.0
2022-01-06,50.91,51.07,50.47,50.83,17111300,0.0
2022-01-07,50.81,51.11,50.65,51.04,12525300,0.0
2022-01-10,50.48,50.59,50.1,50.57,20436400,0.0
2022-01-11,50.64,51.21,50.52,51.17,17097500,0.0
2022-01-12,51.53,51.77,51.5,51.72,17788600,0.0
2022-01-13,51.91,51.92,51.28,51.35,13837900,0.0
2022-01-14,51.1,51.35,50.92,51.23,15200500,0.0
2022-01-18,50.66,50.76,50.35,50.48,17386800,0.0
2022-01-19,50.76,50.86,50.43,50.47,14141500,0.0
2022-01-20,50.64,50.92,50.12,50.15,17594000,0.0
2022-01-21,50.06,50.07,49.44,49.46,26963600,0.0
2022-01-24,48.51,48.95,47.6,48.91,39855600,0.0
2022-01-25,48.33,48.97,47.94,48.65,30779500,0.0
2022-01-26,49.21,49.32,48.2,48.42,26780200,0.0
2022-01-27,48.52,48.71,47.97,48.1,24165900,0.0
2022-01-28,47.85,48.33,47.59,48.32,30790600,0.0
2022-01-31,48.36,49.15,48.36,49.09,19645900,0.0
2022-02-01,49.4,49.58,49.06,49.58,20287500,0.0
2022-02-02,49.99,50.04,49.72,49.98,15146400,0.0
2022-02-03,49.48,49.63,49.17,49.18,17215100,0.0
2022-02-04,49.1,49.54,48.97,49.31,15226400,0.0
2022-02-07,49.34,49.64,49.28,49.4,17679600,0.0
2022-02-08,49.35,49.71,49.25,49.64,11582900,0.0
2022-02-09,50.31,50.45,50.24,50.43,12497200,0.0
2022-02-10,49.77,50.54,49.73,49.84,19594700,0.0
2022-02-11,49.83,50.03,49.03,49.15,21576900,0.0
2022-02-14,48.99,49.03,48.54,48.86,22676500,0.0
2022-02-15,49.4,49.7,49.31,49.67,16078800,0.0
2022-02-16,49.54,49.99,49.49,49.88,16225300,0.0
2022-02-17,49.52,49.58,49.08,49.12,14998000,0.0
2022-02-18,49.13,49.23,48.73,48.86,21103000,0.0
2022-02-22,48.46,48.74,48.0,48.35,23406500,0.0
2022-02-23,48.78,48.79,47.82,47.9,22238900,0.0
2022-02-24,46.24,47.35,46.09,47.28,42537400,0.0
2022-02-25,47.75,48.5,47.65,48.47,25452200,0.0
2022-02-28,47.61,48.25,47.5,47.79,26278400,0.0
2022-03-01,47.58,47.74,46.57,46.85,26696700,0.0
2022-03-02,47.12,47.53,46.98,47.42,28569200,0.0
2022-03-03,47.32,47.32,46.5,46.67,23595500,0.0
2022-03-04,45.48,45.57,45.08,45.47,37019400,0.0
2022-03-07,45.23,45.24,43.94,44.13,46667200,0.0
2022-03-08,44.5,45.19,43.93,44.4,47835600,0.0
2022-03-09,45.69,46.35,45.39,46.1,36557900,0.0
2022-03-10,45.51,45.88,45.35,45.58,29302200,0.0
2022-03-11,46.01,46.06,45.13,45.15,33712300,0.0
2022-03-14,45.74,46.03,45.35,45.44,22373000,0.0
2022-03-15,45.59,45.91,45.39,45.84,29380000,0.0
2022-03-16,46.67,47.41,46.31,47.39,23392300,0.0
2022-03-17,47.23,47.89,47.17,47.82,20850500,0.0
2022-03-18,47.43,48.27,47.37,48.23,20866400,0.0
2022-03-21,47.97,48.13,47.66,47.89,23460700,0.0
2022-03-22,48.07,48.4,48.07,48.33,14341300,0.0
2022-03-23,47.84,48.03,47.71,47.72,17635500,0.0
2022-03-24,47.91,48.13,47.78,48.1,14647800,0.0
2022-03-25,48.06,48.2,47.82,48.17,21845800,0.0
2022-03-28,47.85,48.03,47.65,48.02,15933100,0.0
2022-03-29,48.98,49.06,48.56,48.96,18522100,0.0
2022-03-30,48.82,48.99,48.62,48.78,15181800,0.0
2022-03-31,48.47,48.67,48.0,48.03,16292800,0.0
2022-04-01,48.33,48.45,48.1,48.45,14885300,0.0
2022-04-04,48.42,48.7,48.36,48.66,13711700,0.0
2022-04-05,48.45,48.63,47.92,48.08,14409500,0.0
2022-04-06,47.51,47.71,47.21,47.46,16650900,0.0
2022-04-07,47.48,47.66,47.1,47.51,24601700,0.0
2022-04-08,47.34,47.68,47.26,47.5,18270700,0.0
2022-04-11,47.31,47.4,46.97,47.0,16789600,0.0
2022-04-12,47.14,47.23,46.6,46.69,17089800,0.0
2022-04-13,46.76,47.27,46.74,47.24,16348900,0.0
2022-04-14,47.28,47.37,46.97,47.01,14869800,0.0
2022-04-18,46.8,47.11,46.72,46.81,17165800,0.0
2022-04-19,46.59,47.03,46.55,47.02,16475900,0.0
2022-04-20,47.37,47.5,47.21,47.37,17473500,0.0
2022-04-21,47.77,47.84,46.72,46.81,17545200,0.0
2022-04-22,46.66,46.67,45.92,45.95,21819900,0.0
2022-04-25,45.44,45.75,45.05,45.68,30691900,0.0
2022-04-26,45.29,45.34,44.43,44.44,29718900,0.0
2022-04-27,44.59,44.93,44.35,44.64,23657100,0.0
2022-04-28,44.91,45.42,44.56,45.34,19231400,0.0
2022-04-29,45.47,45.74,44.72,44.77,20646400,0.0
2022-05-02,44.58,44.84,44.11,44.62,37477200,0.0
2022-05-03,44.88,45.13,44.78,44.98,31942100,0.0
2022-05-04,44.99,45.85,44.49,45.75,28158800,0.0
2022-05-05,45.15,45.16,43.93,44.29,28388900,0.0
2022-05-06,43.99,44.14,43.6,43.89,31821800,0.0
2022-05-09,43.13,43.15,42.42,42.53,30821800,0.0
2022-05-10,43.2,43.27,42.43,42.74,31894600,0.0
2022-05-11,42.86,43.45,42.48,42.52,36278700,0.0
2022-05-12,42.21,42.74,41.98,42.36,27679000,0.0
2022-05-13,43.01,43.59,42.98,43.55,22443000,0.0
2022-05-16,43.36,43.82,43.23,43.61,14542900,0.0
2022-05-17,44.31,44.45,44.08,44.45,13134000,0.0
2022-05-18,44.05,44.13,43.3,43.39,18732400,0.0
2022-05-19,43.35,44.11,43.34,43.84,18538100,0.0
2022-05-20,44.33,44.37,43.53,44.09,15988900,0.0
2022-05-23,44.58,44.94,44.46,44.85,19729700,0.0
2022-05-24,44.62,44.8,44.35,44.69,14828700,0.0
2022-05-25,44.36,44.88,44.35,44.67,15217300,0.0
2022-05-26,44.75,45.26,44.72,45.16,14358900,0.0
2022-05-27,45.49,45.73,45.44,45.72,11412600,0.0
2022-05-31,45.68,45.81,45.42,45.51,19971500,0.0
2022-06-01,45.76,45.84,44.95,45.1,14072700,0.0
2022-06-02,45.44,46.05,45.29,46.05,15791200,0.0
2022-06-03,45.45,45.56,45.23,45.34,9930300,0.0
2022-06-06,45.86,45.93,45.41,45.51,12516000,0.0
2022-06-07,45.08,45.66,45.03,45.62,11364000,0.0
2022-06-08,45.23,45.39,44.99,45.05,10542400,0.0
2022-06-09,44.82,44.92,44.11,44.11,19332800,0.0
2022-06-10,43.35,43.4,42.95,43.09,23876000,0.0
2022-06-13,41.98,42.16,41.52,41.62,29997600,0.0
2022-06-14,41.6,41.75,40.91,41.24,28145600,0.0
2022-06-15,41.64,42.2,41.12,41.97,19690800,0.0
2022-06-16,40.96,41.27,40.73,40.96,24268300,0.0
2022-06-17,40.98,41.15,40.56,40.82,24727400,0.0
2022-06-21,40.93,41.11,40.85,40.91,17640600,0.0
2022-06-22,40.38,40.87,40.27,40.53,18550400,0.0
2022-06-23,40.43,40.52,40.01,40.38,23782200,0.0
2022-06-24,40.94,41.6,40.9,41.58,18522800,0.0
2022-06-27,41.55,41.75,41.39,41.5,22587600,0.0
2022-06-28,41.82,42.01,41.25,41.28,16572100,0.0
2022-06-29,41.22,41.33,41.0,41.03,15456000,0.0
2022-06-30,40.31,40.87,40.16,40.8,18882600,0.0
2022-07-01,40.28,40.89,40.14,40.89,17836500,0.0
2022-07-05,39.66,40.01,39.42,40.01,23089900,0.0
2022-07-06,39.96,40.11,39.67,40.01,18464700,0.0
2022-07-07,40.36,40.69,40.36,40.66,16530900,0.0
2022-07-08,40.58,40.89,40.42,40.76,14027500,0.0
2022-07-11,40.26,40.33,40.04,40.08,17740500,0.0
2022-07-12,40.01,40.34,39.93,40.04,15331700,0.0
2022-07-13,39.53,40.18,39.49,39.99,18153200,0.0
2022-07-14,39.16,39.45,38.82,39.4,32470600,0.0
2022-07-15,39.67,40.02,39.52,40.0,27153200,0.0
2022-07-18,40.56,40.72,40.19,40.25,21591100,0.0
2022-07-19,40.95,41.32,40.91,41.29,17778000,0.0
2022-07-20,41.18,41.31,40.89,41.09,17571900,0.0
2022-07-21,41.04,41.57,40.98,41.55,14812500,0.0
2022-07-22,41.68,41.93,41.25,41.41,12127700,0.0
2022-07-25,41.74,41.8,41.53,41.75,14863100,0.0
2022-07-26,41.38,41.5,41.18,41.18,12278900,0.0
2022-07-27,41.58,42.19,41.45,42.12,13570900,0.0
2022-07-28,42.1,42.46,41.85,42.39,14879600,0.0
2022-07-29,42.41,42.98,42.35,42.96,11109300,0.0
2022-08-01,42.93,43.16,42.77,42.96,13528600,0.0
2022-08-02,42.63,42.76,42.29,42.29,11511500,0.0
2022-08-03,42.49,42.66,42.26,42.59,7989700,0.0
2022-08-04,42.66,42.86,42.61,42.8,10103600,0.0
2022-08-05,42.23,42.55,42.2,42.5,13178000,0.0
2022-08-08,42.82,43.0,42.56,42.63,20765600,0.0
2022-08-09,42.62,42.67,42.31,42.37,13738900,0.0
2022-08-10,43.28,43.51,43.11,43.38,11472300,0.0
2022-08-11,43.61,43.74,43.31,43.38,12981800,0.0
2022-08-12,43.43,43.74,43.33,43.74,7878100,0.0
2022-08-15,43.32,43.48,43.25,43.43,12669200,0.0
2022-08-16,43.21,43.54,43.2,43.47,9898700,0.0
2022-08-17,43.01,43.33,42.86,43.1,17144600,0.0
2022-08-18,43.04,43.08,42.82,42.96,14228700,0.0
2022-08-19,42.55,42.57,42.24,42.32,10859400,0.0
2022-08-22,41.87,41.93,41.54,41.64,12118700,0.0
2022-08-23,41.57,42.02,41.52,41.72,13577100,0.0
2022-08-24,41.57,41.91,41.51,41.77,10950700,0.0
2022-08-25,41.91,42.26,41.82,42.26,9667100,0.0
2022-08-26,42.25,42.32,41.11,41.14,12140600,0.0
2022-08-29,40.97,41.22,40.91,41.04,15570300,0.0
2022-08-30,41.3,41.37,40.61,40.7,24526700,0.0
2022-08-31,40.75,40.88,40.45,40.46,17199100,0.0
2022-09-01,39.91,39.95,39.49,39.92,29945900,0.0
2022-09-02,40.2,40.51,39.54,39.67,18682000,0.0
2022-09-06,39.78,39.86,39.38,39.5,22467800,0.0
2022-09-07,39.16,39.85,39.16,39.84,19051900,0.0
2022-09-08,39.43,39.93,39.35,39.9,15072500,0.0
2022-09-09,40.64,40.95,40.49,40.93,12474400,0.0
2022-09-12,41.4,41.63,41.34,41.45,15353900,0.0
2022-09-13,40.68,40.9,39.99,40.03,14117200,0.0
2022-09-14,40.19,40.37,39.97,40.21,12421200,0.0
2022-09-15,39.87,40.24,39.73,39.82,20644000,0.0
2022-09-16,39.45,39.71,39.35,39.56,18248300,0.0
2022-09-19,39.01,39.63,38.87,39.59,18253800,0.0
2022-09-20,39.07,39.11,38.68,38.93,22548200,0.0
2022-09-21,38.93,39.23,38.41,38.43,18719200,0.0
2022-09-22,38.56,38.61,38.1,38.25,28673100,0.0
2022-09-23,37.44,37.44,36.72,37.0,31810500,0.0
2022-09-26,36.66,36.95,36.23,36.41,32371100,0.0
2022-09-27,36.58,36.78,35.97,36.19,31473800,0.0
2022-09-28,36.15,37.12,36.01,37.0,28402900,0.0
2022-09-29,36.44,36.55,36.01,36.54,27942200,0.0
2022-09-30,36.4,36.86,36.32,36.36,28723800,0.0
2022-10-03,36.77,37.33,36.63,37.17,45906400,0.0
2022-10-04,38.14,38.69,38.09,38.65,23839400,0.0
2022-10-05,38.01,38.4,37.74,38.19,18149600,0.0
2022-10-06,37.8,38.0,37.51,37.55,22262300,0.0
2022-10-07,37.36,37.43,36.8,36.96,20593100,0.0
2022-10-10,36.9,36.95,36.5,36.71,24846100,0.0
2022-10-11,36.47,36.89,36.19,36.28,29437000,0.0
2022-10-12,36.23,36.4,36.08,36.19,21121500,0.0
2022-10-13,35.52,37.09,35.42,36.94,29001700,0.0
2022-10-14,37.14,37.25,36.29,36.31,24741200,0.0
2022-10-17,37.2,37.44,37.17,37.27,24153900,0.0
2022-10-18,37.81,37.86,37.23,37.52,17318100,0.0
2022-10-19,37.13,37.33,36.83,37.09,23946100,0.0
2022-10-20,37.14,37.57,36.89,36.99,16865200,0.0
2022-10-21,36.68,37.71,36.55,37.68,23168300,0.0
2022-10-24,37.52,37.78,37.3,37.62,27063800,0.0
2022-10-25,37.89,38.49,37.87,38.46,14526600,0.0
2022-10-26,38.48,39.15,38.48,38.85,14273100,0.0
2022-10-27,38.76,39.1,38.56,38.59,18451300,0.0
2022-10-28,38.45,38.9,38.39,38.89,20741600,0.0
2022-10-31,38.52,38.65,38.44,38.57,28799200,0.0
2022-11-01,39.39,39.39,38.73,38.9,19183000,0.0
2022-11-02,38.96,39.45,38.3,38.31,23466200,0.0
2022-11-03,37.77,38.19,37.76,38.0,26424500,0.0
2022-11-04,39.15,39.53,38.88,39.45,21966700,0.0
2022-11-07,39.64,39.78,39.46,39.62,25080700,0.0
2022-11-08,39.89,40.36,39.81,40.1,20492000,0.0
2022-11-09,39.86,40.13,39.53,39.54,16061000,0.0
2022-11-10,41.07,41.74,40.93,41.74,19421500,0.0
2022-11-11,42.15,42.62,41.98,42.52,15765300,0.0
2022-11-14,42.15,42.4,42.02,42.03,20750500,0.0
2022-11-15,42.67,42.78,41.93,42.29,17109500,0.0
2022-11-16,42.27,42.36,42.02,42.13,17159400,0.0
2022-11-17,41.61,42.11,41.54,42.08,16831200,0.0
2022-11-18,42.27,42.28,42.01,42.15,12737900,0.0
2022-11-21,41.76,41.88,41.61,41.81,14394300,0.0
2022-11-22,42.1,42.44,42.04,42.43,12701700,0.0
2022-11-23,42.48,42.95,42.48,42.92,9269900,0.0
2022-11-25,42.96,43.19,42.94,43.1,6450600,0.0
2022-11-28,42.82,43.03,42.45,42.5,13708700,0.0
2022-11-29,42.59,42.85,42.51,42.61,11598200,0.0
2022-11-30,42.97,43.55,42.53,43.41,15610500,0.0
2022-12-01,43.89,43.98,43.56,43.78,14977000,0.0
2022-12-02,43.37,43.87,43.33,43.74,16482500,0.0
2022-12-05,43.59,43.68,42.97,43.08,13694300,0.0
2022-12-06,43.12,43.22,42.64,42.79,11702200,0.0
2022-12-07,42.8,42.99,42.65,42.79,16632000,0.0
2022-12-08,42.83,43.07,42.72,43.03,13719300,0.0
2022-12-09,43.11,43.38,43.02,43.06,14430200,0.0
2022-12-12,43.03,43.17,42.89,43.17,13482000,0.0
2022-12-13,44.3,44.39,43.6,43.73,15123500,0.0
2022-12-14,43.78,44.08,43.39,43.71,18377500,0.0
2022-12-15,43.11,43.19,42.42,42.57,13943700,0.0
2022-12-16,42.24,42.47,42.06,42.24,14511200,0.0
2022-12-19,41.91,41.97,41.54,41.66,17846500,0.0
2022-12-20,41.75,42.04,41.69,41.86,15525100,0.0
2022-12-21,42.09,42.38,42.04,42.28,14202600,0.0
2022-12-22,42.12,42.13,41.54,41.91,17651300,0.0
2022-12-23,41.88,42.16,41.78,42.12,10668100,0.0
2022-12-27,42.1,42.36,42.06,42.2,14392000,0.0
2022-12-28,42.28,42.39,41.72,41.72,14592500,0.0
2022-12-29,42.15,42.48,42.12,42.38,13008000,0.0
2022-12-30,42.14,42.31,41.91,41.97,15892900,0.0
2023-01-03,42.4,42.64,42.03,42.2,11990000,0.0
2023-01-04,42.85,42.95,42.53,42.83,13229500,0.0
2023-01-05,42.42,42.53,42.27,42.35,9324500,0.0
2023-01-06,42.66,43.55,42.45,43.52,10441400,0.0
2023-01-09,43.89,44.14,43.71,43.71,12426200,0.0
2023-01-10,43.69,43.83,43.54,43.82,11492000,0.0
2023-01-11,44.05,44.16,43.88,44.15,14000500,0.0
2023-01-12,44.53,44.86,44.04,44.79,12836700,0.0
2023-01-13,44.61,45.05,44.56,45.02,9144300,0.0
2023-01-17,45.14,45.35,45.05,45.15,12862000,0.0
2023-01-18,45.67,45.73,44.94,44.95,13196900,0.0
2023-01-19,44.87,45.02,44.66,44.9,13017200,0.0
2023-01-20,44.88,45.36,44.8,45.36,19859800,0.0
2023-01-23,45.2,45.6,45.16,45.55,14611000,0.0
2023-01-24,45.3,45.61,45.17,45.54,8094300,0.0
2023-01-25,45.38,45.8,45.29,45.77,9955200,0.0
2023-01-26,45.86,45.93,45.51,45.91,15609000,0.0
2023-01-27,45.65,45.96,45.61,45.86,11993400,0.0
2023-01-30,45.64,45.83,45.48,45.48,13995000,0.0
2023-01-31,45.36,45.77,45.26,45.76,14919700,0.0
2023-02-01,45.75,46.35,45.39,46.17,13761800,0.0
2023-02-02,46.32,46.37,45.87,46.16,10567100,0.0
2023-02-03,45.67,46.03,45.56,45.64,13632600,0.0
2023-02-06,45.2,45.29,44.93,45.15,8634900,0.0
2023-02-07,44.98,45.65,44.88,45.57,11438000,0.0
2023-02-08,45.53,45.59,45.22,45.3,9659000,0.0
2023-02-09,45.95,45.97,45.25,45.34,9026200,0.0
2023-02-10,45.21,45.26,45.0,45.21,7798500,0.0
2023-02-13,45.23,45.6,45.17,45.6,6772900,0.0
2023-02-14,45.36,45.88,45.25,45.64,10336600,0.0
2023-02-15,45.04,45.41,45.02,45.41,10172200,0.0
2023-02-16,45.04,45.48,44.98,45.2,8804700,0.0
2023-02-17,44.97,45.31,44.87,45.27,6358700,0.0
2023-02-21,44.96,45.07,44.68,44.7,8322800,0.0
2023-02-22,44.63,44.71,44.35,44.44,8127400,0.0
2023-02-23,44.69,44.79,44.31,44.7,9051200,0.0
2023-02-24,43.97,44.1,43.81,44.0,9836900,0.0
2023-02-27,44.47,44.62,44.35,44.49,8274000,0.0
2023-02-28,44.36,44.46,44.17,44.17,8185300,0.0
2023-03-01,44.56,44.64,44.28,44.45,11018400,0.0
2023-03-02,44.15,44.56,44.12,44.52,11802200,0.0
2023-03-03,44.75,45.2,44.65,45.17,8819600,0.0
2023-03-06,45.08,45.23,44.99,45.06,8510200,0.0
2023-03-07,44.95,44.98,44.18,44.24,9698400,0.0
2023-03-08,44.38,44.62,44.28,44.47,9292500,0.0
2023-03-09,44.53,44.67,44.0,44.03,8120200,0.0
2023-03-10,44.1,44.21,43.57,43.6,13449600,0.0
2023-03-13,43.19,43.72,43.09,43.35,16105800,0.0
2023-03-14,43.72,43.9,43.53,43.86,10302700,0.0
2023-03-15,42.32,42.62,42.02,42.55,19880800,0.0
2023-03-16,42.38,43.21,42.32,43.21,17464100,0.0
2023-03-17,42.88,42.95,42.55,42.71,9922500,0.0
2023-03-20,42.98,43.31,42.91,43.2,8755300,0.0
2023-03-21,43.75,43.83,43.51,43.76,6731100,0.0
2023-03-22,43.82,44.36,43.57,43.59,8479300,0.0
2023-03-23,44.01,44.27,43.43,43.62,11507200,0.0
2023-03-24,43.3,43.5,43.06,43.47,10299900,0.0
2023-03-27,43.73,43.9,43.61,43.85,24343300,0.0
2023-03-28,43.83,44.0,43.79,43.91,7671400,0.0
2023-03-29,44.32,44.44,44.25,44.41,10685100,0.0
2023-03-30,44.93,44.98,44.82,44.96,7170900,0.0
2023-03-31,45.04,45.24,45.02,45.17,9553300,0.0
2023-04-03,45.26,45.55,45.22,45.54,9184100,0.0
2023-04-04,45.54,45.69,45.38,45.53,7943900,0.0
2023-04-05,45.28,45.38,45.02,45.18,7993800,0.0
2023-04-06,45.11,45.44,45.05,45.33,9567400,0.0
2023-04-10,45.08,45.38,45.07,45.37,8281400,0.0
2023-04-11,45.51,45.66,45.47,45.57,7648300,0.0
2023-04-12,45.96,46.06,45.7,45.83,7301700,0.0
2023-04-13,46.25,46.51,46.2,46.5,14720200,0.0
2023-04-14,46.46,46.57,46.08,46.27,7888800,0.0
2023-04-17,46.15,46.23,45.97,46.23,10834000,0.0
2023-04-18,46.43,46.5,46.31,46.41,7959700,0.0
2023-04-19,46.16,46.31,46.15,46.23,8441900,0.0
2023-04-20,46.14,46.36,46.12,46.25,12788400,0.0
2023-04-21,46.28,46.44,46.06,46.4,9023200,0.0
2023-04-24,46.4,46.5,46.34,46.49,8234700,0.0
2023-04-25,46.23,46.23,45.76,45.76,9776700,0.0
2023-04-26,46.06,46.06,45.7,45.77,9787100,0.0
2023-04-27,46.0,46.35,45.9,46.35,6714400,0.0
2023-04-28,46.01,46.38,45.99,46.36,8602400,0.0
2023-05-01,46.42,46.54,46.3,46.32,10213800,0.0
2023-05-02,45.93,45.93,45.56,45.83,8907300,0.0
2023-05-03,45.99,46.31,45.92,45.92,10310100,0.0
2023-05-04,45.86,46.04,45.74,45.85,10408900,0.0
2023-05-05,46.13,46.67,46.1,46.59,6775300,0.0
2023-05-08,46.72,46.73,46.54,46.61,5574100,0.0
2023-05-09,46.26,46.5,46.21,46.43,8259800,0.0
2023-05-10,46.53,46.53,46.06,46.36,14545200,0.0
2023-05-11,46.07,46.17,45.84,46.15,10105500,0.0
2023-05-12,46.25,46.25,45.89,46.05,7703600,0.0
2023-05-15,46.23,46.45,46.17,46.45,7863200,0.0
2023-05-16,46.25,46.31,45.97,45.97,7124300,0.0
2023-05-17,46.06,46.24,45.86,46.21,8317500,0.0
2023-05-18,46.1,46.14,45.87,46.12,10261300,0.0
2023-05-19,46.35,46.5,46.26,46.4,7726700,0.0
2023-05-22,46.39,46.54,46.36,46.44,9103700,0.0
2023-05-23,46.08,46.15,45.79,45.79,8717800,0.0
2023-05-24,45.38,45.4,45.11,45.14,10880600,0.0
2023-05-25,45.13,45.14,44.87,45.04,11789700,0.0
2023-05-26,45.22,45.52,45.22,45.46,7929900,0.0
2023-05-30,45.39,45.4,44.95,45.07,8594300,0.0
2023-05-31,44.62,44.71,44.32,44.63,12619800,0.0
2023-06-01,44.87,45.36,44.84,45.32,11813400,0.0
2023-06-02,45.93,46.01,45.83,45.99,8823900,0.0
2023-06-05,45.92,45.95,45.69,45.7,12685300,0.0
2023-06-06,45.8,46.14,45.76,46.1,6659300,0.0
2023-06-07,45.93,46.1,45.64,45.66,10547500,0.0
2023-06-08,45.91,46.15,45.8,46.13,7142700,0.0
2023-06-09,46.13,46.23,46.04,46.11,7001100,0.0
2023-06-12,46.25,46.34,46.13,46.32,8055900,0.0
2023-06-13,46.74,46.87,46.66,46.77,7878000,0.0
2023-06-14,47.0,47.13,46.62,46.89,7759000,0.0
2023-06-15,46.85,47.37,46.81,47.33,10366800,0.0
2023-06-16,47.55,47.55,47.18,47.19,13952700,0.0
2023-06-20,46.27,46.32,46.02,46.13,9203200,0.0
2023-06-21,46.07,46.36,45.99,46.2,10583100,0.0
2023-06-22,45.89,45.99,45.84,45.92,10160900,0.0
2023-06-23,45.14,45.3,45.11,45.18,9829000,0.0
2023-06-26,45.25,45.41,45.22,45.32,9830200,0.0
2023-06-27,45.43,45.71,45.29,45.69,7898400,0.0
2023-06-28,45.62,45.77,45.54,45.7,7297900,0.0
2023-06-29,45.47,45.64,45.44,45.64,6635400,0.0
2023-06-30,46.05,46.22,45.99,46.18,8137100,0.0
2023-07-03,46.22,46.33,46.18,46.26,6362600,0.0
2023-07-05,45.92,45.95,45.69,45.76,12565800,0.0
2023-07-06,45.12,45.13,44.71,44.95,8980700,0.0
2023-07-07,45.03,45.54,45.0,45.33,8873700,0.0
2023-07-10,45.24,45.47,45.22,45.45,7842700,0.0
2023-07-11,45.66,45.9,45.56,45.89,7134000,0.0
2023-07-12,46.5,46.8,46.43,46.77,10422000,0.0
2023-07-13,47.3,47.54,47.28,47.49,7276700,0.0
2023-07-14,47.46,47.49,47.17,47.2,7349800,0.0
2023-07-17,47.02,47.24,46.94,47.18,6808700,0.0
2023-07-18,47.25,47.55,47.21,47.52,6484700,0.0
2023-07-19,47.55,47.64,47.39,47.51,7538100,0.0
2023-07-20,47.4,47.5,47.16,47.23,12248800,0.0
2023-07-21,47.32,47.35,47.16,47.29,10494700,0.0
2023-07-24,47.2,47.37,47.15,47.24,6201900,0.0
2023-07-25,47.2,47.44,47.2,47.38,5737500,0.0
2023-07-26,47.1,47.59,47.1,47.44,11708800,0.0
2023-07-27,47.77,47.77,47.21,47.24,8082000,0.0
2023-07-28,47.6,47.78,47.5,47.63,7776900,0.0
2023-07-31,47.66,47.81,47.61,47.63,7654200,0.0
2023-08-01,47.23,47.35,47.0,47.1,8343900,0.0
2023-08-02,46.52,46.57,46.14,46.19,15392900,0.0
2023-08-03,45.86,46.19,45.83,46.05,14960900,0.0
2023-08-04,46.26,46.66,46.13,46.18,9944600,0.0
2023-08-07,46.47,46.56,46.27,46.55,8266900,0.0
2023-08-08,46.0,46.25,45.85,46.2,9403500,0.0
2023-08-09,46.31,46.42,46.14,46.24,8666400,0.0
2023-08-10,46.68,46.95,46.33,46.38,8764800,0.0
2023-08-11,46.09,46.28,46.01,46.12,7614200,0.0
2023-08-14,45.69,45.96,45.55,45.93,7069900,0.0
2023-08-15,45.65,45.66,45.23,45.29,7750600,0.0
2023-08-16,45.14,45.34,44.93,44.93,8465200,0.0
2023-08-17,45.11,45.15,44.58,44.63,10996300,0.0
2023-08-18,44.3,44.7,44.27,44.63,11576400,0.0
2023-08-21,44.73,44.82,44.51,44.77,10914300,0.0
2023-08-22,44.96,44.98,44.63,44.67,10252400,0.0
2023-08-23,44.89,45.24,44.84,45.15,10161700,0.0
2023-08-24,44.98,45.11,44.56,44.58,10026700,0.0
2023-08-25,44.87,45.03,44.47,44.86,10748200,0.0
2023-08-28,45.16,45.36,45.12,45.33,7763400,0.0
2023-08-29,45.22,45.92,45.17,45.91,8886700,0.0
2023-08-30,45.95,46.1,45.81,45.9,10957300,0.0
2023-08-31,45.95,45.96,45.61,45.75,9141700,0.0
2023-09-01,46.17,46.21,45.69,45.82,8335600,0.0
2023-09-05,45.69,45.7,45.41,45.41,9567800,0.0
2023-09-06,45.36,45.47,45.09,45.23,8972300,0.0
2023-09-07,45.1,45.19,44.94,45.05,10296300,0.0
2023-09-08,45.02,45.17,44.95,44.99,9008900,0.0
2023-09-11,45.41,45.53,45.27,45.5,6083200,0.0
2023-09-12,45.25,45.47,45.21,45.3,8404700,0.0
2023-09-13,45.25,45.37,45.12,45.21,6672100,0.0
2023-09-14,45.58,45.85,45.54,45.82,7694300,0.0
2023-09-15,45.9,46.04,45.68,45.72,9970200,0.0
2023-09-18,45.25,45.31,45.08,45.24,7494900,0.0
2023-09-19,45.33,45.41,45.13,45.25,9230400,0.0
2023-09-20,45.44,45.66,45.08,45.1,11025000,0.0
2023-09-21,44.66,44.75,44.34,44.35,11630500,0.0
2023-09-22,44.62,44.76,44.35,44.4,11652600,0.0
2023-09-25,44.07,44.26,43.96,44.23,11703700,0.0
2023-09-26,43.86,43.98,43.56,43.6,13497100,0.0
2023-09-27,43.77,43.8,43.22,43.5,12446100,0.0
2023-09-28,43.55,43.99,43.48,43.86,13567400,0.0
2023-09-29,44.27,44.27,43.62,43.72,16047800,0.0
2023-10-02,43.45,43.47,42.91,43.04,16236200,0.0
2023-10-03,42.65,42.76,42.33,42.5,16168000,0.0
2023-10-04,42.57,42.58,42.17,42.52,14106100,0.0
2023-10-05,42.75,42.95,42.61,42.91,12624600,0.0
2023-10-06,42.81,43.46,42.54,43.36,11812900,0.0
2023-10-09,42.97,43.38,42.95,43.33,9131700,0.0
2023-10-10,43.75,44.05,43.7,43.88,14448500,0.0
2023-10-11,44.13,44.19,43.82,44.07,8211200,0.0
2023-10-12,44.17,44.17,43.51,43.69,9695900,0.0
2023-10-13,43.56,43.68,43.19,43.3,10924200,0.0
2023-10-16,43.39,43.68,43.32,43.64,12284000,0.0
2023-10-17,43.26,43.85,43.24,43.65,15063700,0.0
2023-10-18,43.3,43.35,42.85,42.91,10263400,0.0
2023-10-19,42.79,43.02,42.48,42.56,17765500,0.0
2023-10-20,42.4,42.51,42.14,42.16,12890300,0.0
2023-10-23,41.98,42.46,41.82,42.18,14594500,0.0
2023-10-24,42.27,42.45,42.17,42.39,9538600,0.0
2023-10-25,42.21,42.36,41.98,42.02,12721300,0.0
2023-10-26,41.9,41.99,41.58,41.71,16776800,0.0
2023-10-27,42.0,42.02,41.48,41.58,13817400,0.0
2023-10-30,42.05,42.17,41.87,42.15,14858800,0.0
2023-10-31,42.17,42.29,42.03,42.24,13692100,0.0
2023-11-01,42.36,42.69,42.26,42.67,13871800,0.0
2023-11-02,43.43,43.64,43.32,43.63,11560700,0.0
2023-11-03,44.05,44.32,44.04,44.19,12317000,0.0
2023-11-06,44.33,44.33,43.95,44.05,10769500,0.0
2023-11-07,43.69,43.82,43.57,43.72,10388600,0.0
2023-11-08,43.66,43.81,43.48,43.62,10982000,0.0
2023-11-09,43.98,44.1,43.59,43.6,12652000,0.0
2023-11-10,43.6,43.85,43.3,43.83,7520400,0.0
2023-11-13,43.61,43.97,43.55,43.89,7893800,0.0
2023-11-14,44.65,45.14,44.65,45.08,13479000,0.0
2023-11-15,45.11,45.27,45.0,45.04,17284700,0.0
2023-11-16,44.92,45.12,44.81,44.94,9361200,0.0
2023-11-17,45.32,45.52,45.26,45.5,6926500,0.0
2023-11-20,45.48,45.77,45.47,45.7,9554400,0.0
2023-11-21,45.71,45.73,45.46,45.52,7205700,0.0
2023-11-22,45.56,45.63,45.37,45.61,8971500,0.0
2023-11-24,45.72,45.92,45.72,45.91,4556000,0.0
2023-11-27,45.78,45.84,45.67,45.79,10489700,0.0
2023-11-28,45.72,46.01,45.65,45.87,8909000,0.0
2023-11-29,45.99,46.15,45.85,45.98,9916700,0.0
2023-11-30,45.98,46.03,45.76,45.96,9636900,0.0
2023-12-01,45.9,46.45,45.86,46.43,14005700,0.0
2023-12-04,45.97,46.17,45.88,46.02,10810000,0.0
2023-12-05,45.9,46.04,45.79,45.87,9365600,0.0
2023-12-06,46.31,46.39,45.96,45.96,9458700,0.0
2023-12-07,46.09,46.32,45.89,46.18,17301000,0.0
2023-12-08,46.06,46.38,46.04,46.29,9501400,0.0
2023-12-11,46.28,46.44,46.2,46.42,13939100,0.0
2023-12-12,46.33,46.44,46.15,46.43,11187100,0.0
2023-12-13,46.43,47.2,46.23,47.18,12136100,0.0
2023-12-14,47.46,47.77,47.41,47.59,16856900,0.0
2023-12-15,47.4,47.46,47.1,47.1,18248300,0.0
2023-12-18,46.73,46.75,46.53,46.65,10386200,0.0
2023-12-19,46.99,47.12,46.91,47.1,9253400,0.0
2023-12-20,47.14,47.26,46.59,46.61,15779900,0.0
2023-12-21,47.18,47.4,47.06,47.4,13337700,0.0
2023-12-22,47.5,47.63,47.35,47.51,12007600,0.0
2023-12-26,47.55,47.79,47.4,47.72,7301600,0.0
2023-12-27,47.81,48.03,47.77,47.99,9921200,0.0
2023-12-28,48.06,48.16,47.88,47.91,11909200,0.0
2023-12-29,47.94,48.08,47.8,47.9,10489500,0.0
2024-01-02,47.44,47.61,47.32,47.37,17117300,0.0
2024-01-03,46.9,47.15,46.77,46.99,12564000,0.0
2024-01-04,46.98,47.33,46.97,47.1,14931900,0.0
2024-01-05,47.04,47.55,47.0,47.13,9963100,0.0
2024-01-08,47.2,47.64,47.15,47.62,8156500,0.0
2024-01-09,47.23,47.31,47.11,47.19,13219400,0.0
2024-01-10,47.36,47.51,47.29,47.45,10542900,0.0
2024-01-11,47.52,47.58,46.96,47.4,12648200,0.0
2024-01-12,47.72,47.87,47.48,47.57,7138500,0.0
2024-01-16,46.96,47.0,46.62,46.72,14475600,0.0
2024-01-17,46.08,46.23,45.91,46.21,10354600,0.0
2024-01-18,46.41,46.64,46.33,46.63,9243700,0.0
2024-01-19,46.52,46.79,46.36,46.78,9932800,0.0
2024-01-22,46.9,47.05,46.81,46.9,11607500,0.0
2024-01-23,46.72,46.85,46.6,46.82,8069900,0.0
2024-01-24,47.41,47.43,47.09,47.11,11566400,0.0
2024-01-25,47.22,47.25,47.0,47.23,13899200,0.0
2024-01-26,47.46,47.53,47.36,47.43,8717100,0.0
2024-01-29,47.4,47.76,47.34,47.71,9572100,0.0
2024-01-30,47.62,47.69,47.44,47.65,8228500,0.0
2024-01-31,47.84,47.98,47.31,47.38,14542800,0.0
2024-02-01,47.54,47.89,47.44,47.88,12761000,0.0
2024-02-02,47.55,47.59,47.31,47.54,11569700,0.0
2024-02-05,47.25,47.33,46.99,47.23,13406300,0.0
2024-02-06,47.23,47.53,47.2,47.52,12103700,0.0
2024-02-07,47.54,47.63,47.45,47.55,8819300,0.0
2024-02-08,47.46,47.49,47.29,47.47,10014100,0.0
2024-02-09,47.48,47.66,47.37,47.64,11254800,0.0
2024-02-12,47.63,47.92,47.61,47.76,8598000,0.0
2024-02-13,47.19,47.22,46.72,46.91,19980800,0.0
2024-02-14,47.25,47.5,47.21,47.49,10455600,0.0
2024-02-15,47.69,48.03,47.68,48.02,9979700,0.0
2024-02-16,48.02,48.28,47.91,48.06,9886800,0.0
2024-02-20,48.33,48.38,48.12,48.23,9318000,0.0
2024-02-21,48.13,48.27,48.04,48.26,10143000,0.0
2024-02-22,48.66,48.82,48.58,48.77,17006300,0.0
2024-02-23,48.83,48.91,48.73,48.85,7736300,0.0
2024-02-26,48.85,48.85,48.64,48.74,9505300,0.0
2024-02-27,48.78,48.86,48.72,48.83,8633700,0.0
2024-02-28,48.54,48.65,48.5,48.57,7449500,0.0
2024-02-29,48.82,48.88,48.47,48.68,17630500,0.0
2024-03-01,48.89,49.22,48.71,49.2,11199500,0.0
2024-03-04,49.03,49.16,48.98,49.07,9774600,0.0
2024-03-05,49.1,49.26,48.81,48.95,13584600,0.0
2024-03-06,49.5,49.69,49.41,49.54,13323300,0.0
2024-03-07,49.87,50.17,49.85,50.11,15544900,0.0
2024-03-08,50.31,50.36,49.89,49.97,10492500,0.0
2024-03-11,49.65,49.74,49.48,49.72,7569700,0.0
2024-03-12,49.79,50.1,49.61,50.1,8307400,0.0
2024-03-13,50.06,50.23,50.01,50.11,8727300,0.0
2024-03-14,50.16,50.18,49.58,49.78,12369600,0.0
2024-03-15,49.5,49.57,49.3,49.45,13766700,0.0
2024-03-18,49.61,49.63,49.42,49.46,12116700,0.0
2024-03-19,49.41,49.67,49.32,49.54,10424900,0.0
2024-03-20,49.52,50.13,49.48,50.08,15166000,0.0
2024-03-21,50.17,50.27,50.09,50.11,8951600,0.0
2024-03-22,50.08,50.1,49.89,49.94,9289600,0.0
2024-03-25,49.82,50.05,49.81,49.87,7858000,0.0
2024-03-26,50.11,50.13,49.93,49.94,12502400,0.0
2024-03-27,50.04,50.27,49.99,50.27,7233200,0.0
2024-03-28,50.1,50.24,50.1,50.17,8336000,0.0
2024-04-01,50.1,50.21,49.85,49.97,9987800,0.0
2024-04-02,49.63,49.66,49.5,49.66,15614500,0.0
2024-04-03,49.54,50.0,49.53,49.93,17859100,0.0
2024-04-04,50.26,50.29,49.48,49.53,17525700,0.0
2024-04-05,49.49,49.82,49.37,49.71,13240900,0.0
2024-04-08,49.98,50.05,49.84,49.95,14126200,0.0
2024-04-09,50.16,50.22,49.71,49.96,9098900,0.0
2024-04-10,49.22,49.43,49.02,49.21,14335600,0.0
2024-04-11,49.44,49.48,48.87,49.39,12987500,0.0
2024-04-12,48.94,49.09,48.46,48.53,14173500,0.0
2024-04-15,49.08,49.13,48.27,48.36,20120000,0.0
2024-04-16,47.95,48.08,47.69,47.85,16484100,0.0
2024-04-17,48.08,48.14,47.65,47.88,12166200,0.0
2024-04-18,47.95,48.16,47.73,47.83,13900800,0.0
2024-04-19,47.88,48.05,47.72,47.86,13900300,0.0
2024-04-22,48.14,48.55,48.04,48.38,9371200,0.0
2024-04-23,48.52,48.92,48.46,48.87,7996300,0.0
2024-04-24,48.89,48.91,48.54,48.73,7247700,0.0
2024-04-25,48.06,48.61,47.94,48.52,8433500,0.0
2024-04-26,48.73,48.96,48.71,48.88,9166200,0.0
2024-04-29,49.19,49.25,48.99,49.15,8218500,0.0
2024-04-30,48.93,49.06,48.44,48.46,10083400,0.0
2024-05-01,48.41,48.99,48.26,48.4,12336400,0.0
2024-05-02,48.95,49.2,48.66,49.11,18096900,0.0
2024-05-03,49.66,49.74,49.27,49.56,11883000,0.0
2024-05-06,49.84,49.97,49.78,49.95,8654000,0.0
2024-05-07,50.04,50.14,49.93,50.02,7874700,0.0
2024-05-08,49.76,49.98,49.72,49.97,6547600,0.0
2024-05-09,49.95,50.34,49.95,50.34,7109200,0.0
2024-05-10,50.5,50.52,50.3,50.36,8819900,0.0
2024-05-13,50.4,50.49,50.28,50.35,6602000,0.0
2024-05-14,50.52,50.7,50.48,50.7,9694300,0.0
2024-05-15,50.96,51.21,50.81,51.21,8035100,0.0
2024-05-16,51.13,51.15,50.91,50.92,7410800,0.0
2024-05-17,50.93,51.12,50.84,51.1,7276900,0.0
2024-05-20,51.14,51.28,51.1,51.12,5731000,0.0
2024-05-21,50.96,51.09,50.93,51.04,6900100,0.0
2024-05-22,50.73,50.76,50.43,50.56,7250000,0.0
2024-05-23,50.96,51.0,50.16,50.28,12745600,0.0
2024-05-24,50.47,50.78,50.47,50.69,7106300,0.0
2024-05-28,50.97,50.99,50.55,50.7,7894200,0.0
2024-05-29,50.0,50.1,49.81,49.83,7938700,0.0
2024-05-30,50.16,50.39,50.11,50.28,9017300,0.0
2024-05-31,50.56,50.74,50.3,50.72,10547800,0.0
2024-06-03,50.93,51.02,50.63,50.85,9064800,0.0
2024-06-04,50.69,50.78,50.47,50.7,8275300,0.0
2024-06-05,50.94,51.06,50.65,51.05,7634500,0.0
2024-06-06,51.05,51.21,51.0,51.18,5781400,0.0
2024-06-07,50.76,50.88,50.54,50.55,6722400,0.0
2024-06-10,50.32,50.68,50.21,50.62,6424900,0.0
2024-06-11,50.08,50.16,49.8,50.05,13418500,0.0
2024-06-12,50.92,51.04,50.57,50.66,8405000,0.0
2024-06-13,50.28,50.29,49.75,49.95,5741300,0.0
2024-06-14,49.39,49.52,49.18,49.5,8666400,0.0
2024-06-17,49.38,49.7,49.21,49.68,8490400,0.0
2024-06-18,49.68,49.91,49.68,49.88,11838700,0.0
2024-06-20,49.8,49.97,49.71,49.88,8700500,0.0
2024-06-21,49.08,49.16,48.95,49.09,7126500,0.0
2024-06-24,49.47,49.75,49.47,49.52,7928200,0.0
2024-06-25,49.52,49.65,49.41,49.59,9191200,0.0
2024-06-26,49.18,49.34,49.1,49.26,8628400,0.0
2024-06-27,49.37,49.52,49.27,49.38,8564500,0.0
2024-06-28,49.41,49.59,49.21,49.42,9419000,0.0
2024-07-01,49.63,49.81,49.34,49.46,10764400,0.0
2024-07-02,49.33,49.6,49.26,49.57,10081100,0.0
2024-07-03,49.81,50.22,49.81,50.16,7160900,0.0
2024-07-05,50.62,50.62,50.18,50.48,7272900,0.0
2024-07-08,50.52,50.56,50.23,50.26,8229600,0.0
2024-07-09,50.24,50.24,49.96,50.09,17483700,0.0
2024-07-10,50.52,50.82,50.46,50.79,8188600,0.0
2024-07-11,51.12,51.25,50.95,50.99,7567600,0.0
2024-07-12,51.35,51.68,51.32,51.5,6815000,0.0
2024-07-15,51.4,51.4,51.05,51.11,6455700,0.0
2024-07-16,51.01,51.42,50.95,51.41,6099100,0.0
2024-07-17,51.14,51.33,51.04,51.12,7751700,0.0
2024-07-18,51.22,51.25,50.51,50.62,6991400,0.0
2024-07-19,50.44,50.5,50.24,50.32,10485600,0.0
2024-07-22,50.7,50.83,50.56,50.81,7532100,0.0
2024-07-23,50.59,50.66,50.5,50.55,5498100,0.0
2024-07-24,50.41,50.47,49.89,49.92,6900700,0.0
2024-07-25,49.5,50.06,49.35,49.61,8841400,0.0
2024-07-26,50.02,50.34,49.94,50.26,5992700,0.0
2024-07-29,50.18,50.18,49.83,50.06,9552900,0.0
2024-07-30,50.2,50.31,49.99,50.17,8415500,0.0
2024-07-31,50.95,51.16,50.77,50.91,7592900,0.0
2024-08-01,50.34,50.48,49.36,49.61,8740300,0.0
2024-08-02,48.92,49.01,48.37,48.74,13257200,0.0
2024-08-05,46.87,47.9,46.8,47.6,22549300,0.0
2024-08-06,47.2,47.96,47.12,47.68,13854100,0.0
2024-08-07,48.58,48.74,47.88,47.91,8239300,0.0
2024-08-08,48.37,48.77,48.13,48.73,8135100,0.0
2024-08-09,48.61,48.93,48.49,48.9,6351100,0.0
2024-08-12,48.92,49.06,48.75,48.92,5173900,0.0
2024-08-13,49.23,49.76,49.22,49.72,5785200,0.0
2024-08-14,49.81,49.95,49.73,49.91,5432900,0.0
2024-08-15,50.33,50.64,50.31,50.52,5473500,0.0
2024-08-16,50.59,50.87,50.57,50.82,5669100,0.0
2024-08-19,51.13,51.47,51.08,51.41,5242900,0.0
2024-08-20,51.35,51.45,51.17,51.27,4840200,0.0
2024-08-21,51.57,51.81,51.45,51.72,5308700,0.0
2024-08-22,51.86,51.87,51.32,51.36,5982500,0.0
2024-08-23,51.83,52.4,51.75,52.35,5857000,0.0
2024-08-26,52.25,52.32,52.08,52.14,5216400,0.0
2024-08-27,52.21,52.43,52.15,52.34,5473200,0.0
2024-08-28,52.26,52.35,51.9,52.08,5682900,0.0
2024-08-29,52.3,52.55,52.18,52.22,6437400,0.0
2024-08-30,52.45,52.52,52.08,52.39,5128900,0.0
2024-09-03,52.09,52.12,51.36,51.48,9777700,0.0
2024-09-04,51.15,51.58,51.15,51.32,9505500,0.0
2024-09-05,51.42,51.53,51.15,51.33,9941700,0.0
2024-09-06,51.32,51.35,50.28,50.37,8885200,0.0
2024-09-09,50.81,51.1,50.77,50.91,6081100,0.0
2024-09-10,50.77,50.84,50.28,50.71,6381000,0.0
2024-09-11,50.71,51.02,50.13,51.0,8049200,0.0
2024-09-12,50.99,51.47,50.84,51.46,6521300,0.0
2024-09-13,51.56,51.79,51.51,51.6,4772200,0.0
2024-09-16,51.81,52.02,51.67,52.01,7249300,0.0
2024-09-17,51.99,52.03,51.58,51.76,8026200,0.0
2024-09-18,51.79,52.24,51.48,51.58,8496600,0.0
2024-09-19,52.49,52.67,52.15,52.57,5994800,0.0
2024-09-20,52.15,52.15,51.74,51.95,5783800,0.0
2024-09-23,52.06,52.21,52.01,52.16,8026800,0.0
2024-09-24,52.35,52.51,52.19,52.48,6856300,0.0
2024-09-25,52.54,52.54,52.13,52.15,7740300,0.0
2024-09-26,53.17,53.4,52.99,53.31,7675600,0.0
2024-09-27,53.21,53.38,52.9,52.98,7370200,0.0
2024-09-30,52.99,52.99,52.49,52.81,8297500,0.0
2024-10-01,52.8,52.84,52.17,52.44,9508300,0.0
2024-10-02,52.34,52.49,52.14,52.35,18025500,0.0
2024-10-03,51.89,52.0,51.68,51.86,10946000,0.0
2024-10-04,51.94,52.2,51.89,52.17,7660500,0.0
2024-10-07,52.05,52.08,51.68,51.88,9049400,0.0
2024-10-08,51.79,51.83,51.63,51.8,7346600,0.0
2024-10-09,51.53,51.87,51.51,51.82,7445600,0.0
2024-10-10,51.62,51.76,51.42,51.73,9757000,0.0
2024-10-11,51.72,52.05,51.7,51.99,6439400,0.0
2024-10-14,51.83,52.14,51.79,52.1,5569400,0.0
2024-10-15,51.91,51.96,51.3,51.36,9881600,0.0
2024-10-16,51.51,51.6,51.45,51.56,7796500,0.0
2024-10-17,51.7,51.71,51.48,51.54,7427300,0.0
2024-10-18,51.76,51.85,51.64,51.83,6601800,0.0
2024-10-21,51.56,51.6,51.14,51.24,5380900,0.0
2024-10-22,50.91,51.03,50.85,50.98,7385200,0.0
2024-10-23,50.54,50.66,50.25,50.49,5952300,0.0
2024-10-24,50.8,50.81,50.43,50.67,10057900,0.0
2024-10-25,50.75,50.86,50.4,50.51,6463300,0.0
2024-10-28,50.69,50.96,50.67,50.88,6096600,0.0
2024-10-29,50.75,50.88,50.64,50.71,10640200,0.0
2024-10-30,50.39,50.71,50.35,50.46,6885100,0.0
2024-10-31,50.23,50.26,49.7,50.1,11686300,0.0
2024-11-01,50.39,50.5,50.15,50.21,8733500,0.0
2024-11-04,50.5,50.65,50.24,50.28,11765000,0.0
2024-11-05,50.39,50.83,50.39,50.81,9292200,0.0
2024-11-06,50.09,50.18,49.69,50.16,9072500,0.0
2024-11-07,50.7,50.98,50.64,50.92,12732500,0.0
2024-11-08,50.38,50.4,50.0,50.25,9223900,0.0
2024-11-11,50.35,50.4,50.17,50.23,7435600,0.0
2024-11-12,49.8,49.82,49.15,49.41,20244700,0.0
2024-11-13,49.26,49.26,48.84,49.13,11300900,0.0
2024-11-14,49.44,49.51,49.12,49.17,11520100,0.0
2024-11-15,49.16,49.16,48.91,49.03,10970600,0.0
2024-11-18,49.05,49.45,49.01,49.36,12142200,0.0
2024-11-19,48.98,49.39,48.91,49.3,10521400,0.0
2024-11-20,49.09,49.16,48.84,49.16,9005500,0.0
2024-11-21,49.16,49.33,48.98,49.28,12278500,0.0
2024-11-22,49.26,49.55,49.19,49.5,8174700,0.0
2024-11-25,49.85,49.91,49.58,49.74,9054400,0.0
2024-11-26,49.57,49.6,49.29,49.44,8338900,0.0
2024-11-27,49.64,49.79,49.54,49.7,8229600,0.0
2024-11-29,49.85,50.32,49.82,50.3,5491000,0.0
2024-12-02,50.32,50.46,50.0,50.35,9293000,0.0
2024-12-03,50.53,50.69,50.34,50.56,10515400,0.0
2024-12-04,50.62,50.7,50.51,50.57,8881800,0.0
2024-12-05,50.79,50.9,50.71,50.8,9564000,0.0
2024-12-06,50.95,50.96,50.64,50.73,6815900,0.0
2024-12-09,50.96,51.04,50.61,50.61,8655500,0.0
2024-12-10,50.51,50.57,50.23,50.24,8813900,0.0
2024-12-11,50.55,50.65,50.42,50.6,10432000,0.0
2024-12-12,50.34,50.52,50.09,50.11,10216500,0.0
2024-12-13,50.17,50.2,49.86,49.98,10514700,0.0
2024-12-16,49.81,49.98,49.71,49.77,27011200,0.0
2024-12-17,49.69,49.81,49.59,49.65,11807500,0.0
2024-12-18,49.68,49.75,48.37,48.42,12065600,0.0
2024-12-19,48.64,48.71,48.27,48.3,21518700,0.0
2024-12-20,47.14,47.94,47.09,47.57,21038900,0.0
2024-12-23,47.62,47.9,47.45,47.85,23194300,0.0
2024-12-24,48.1,48.1,47.75,48.04,12487500,0.0
2024-12-26,48.16,48.29,48.02,48.23,15281600,0.0
2024-12-27,48.1,48.23,47.94,48.11,22394000,0.0
2024-12-30,47.88,48.0,47.59,47.81,17423400,0.0
2024-12-31,47.98,48.06,47.71,47.82,14787400,0.0
2025-01-02,47.94,48.03,47.56,47.72,13721300,0.0
2025-01-03,47.94,48.03,47.74,48.0,13622400,0.0
2025-01-06,48.48,48.78,48.4,48.47,11852500,0.0
2025-01-07,48.79,48.86,48.23,48.31,11744600,0.0
2025-01-08,48.08,48.33,47.93,48.25,10278100,0.0
2025-01-10,47.99,47.99,47.42,47.53,14645500,0.0
2025-01-13,47.13,47.41,47.04,47.4,13679300,0.0
2025-01-14,47.54,47.66,47.34,47.58,16618600,0.0
2025-01-15,48.26,48.3,47.99,48.17,9213400,0.0
2025-01-16,48.26,48.49,48.14,48.33,20460100,0.0
2025-01-17,48.57,48.81,48.5,48.57,8939500,0.0
2025-01-21,49.21,49.53,49.13,49.51,17207900,0.0
2025-01-22,49.64,49.64,49.4,49.4,7315700,0.0
2025-01-23,49.48,49.77,49.42,49.74,9509900,0.0
2025-01-24,49.96,50.17,49.93,50.02,8032400,0.0
2025-01-27,49.75,49.95,49.73,49.93,17764500,0.0
2025-01-28,49.87,49.92,49.61,49.88,8915200,0.0
2025-01-29,49.9,50.03,49.71,49.88,9510800,0.0
2025-01-30,50.34,50.65,50.18,50.42,12208500,0.0
2025-01-31,50.34,50.56,49.89,49.94,14215900,0.0
2025-02-03,49.01,49.61,48.88,49.32,14542000,0.0
2025-02-04,49.61,50.0,49.6,49.92,8354100,0.0
2025-02-05,50.21,50.47,50.14,50.4,11821800,0.0
2025-02-06,50.55,50.74,50.5,50.61,9964500,0.0
2025-02-07,50.62,50.72,50.1,50.21,13414400,0.0
2025-02-10,50.44,50.57,50.4,50.53,7178100,0.0
2025-02-11,50.44,50.8,50.42,50.73,7684800,0.0
2025-02-12,50.35,50.96,50.28,50.83,10303500,0.0
2025-02-13,51.04,51.5,51.02,51.49,10109000,0.0
2025-02-14,51.74,51.8,51.5,51.51,8277000,0.0
2025-02-18,51.82,51.9,51.71,51.86,10253100,0.0
2025-02-19,51.4,51.5,51.23,51.41,7659600,0.0
2025-02-20,51.54,51.66,51.37,51.61,6989700,0.0
2025-02-21,51.67,51.67,51.13,51.24,8430500,0.0
2025-02-24,51.42,51.51,51.09,51.19,12448900,0.0
2025-02-25,51.74,51.75,51.32,51.56,10265100,0.0
2025-02-26,51.71,52.04,51.53,51.64,13514600,0.0
2025-02-27,51.46,51.5,51.01,51.03,12252100,0.0
2025-02-28,50.88,51.09,50.59,51.07,13025300,0.0
2025-03-03,51.98,52.09,51.17,51.45,13698800,0.0
2025-03-04,51.04,51.85,50.58,51.31,14522700,0.0
2025-03-05,51.98,52.63,51.98,52.52,18658400,0.0
2025-03-06,52.22,52.62,51.98,52.03,21122800,0.0
2025-03-07,52.11,52.63,51.99,52.58,12723900,0.0
2025-03-10,51.78,51.91,51.02,51.37,14215500,0.0
2025-03-11,51.46,51.5,50.84,51.23,16648900,0.0
2025-03-12,51.62,51.75,51.26,51.61,12650500,0.0
2025-03-13,51.35,51.48,51.09,51.22,13255900,0.0
2025-03-14,51.66,52.22,51.66,52.2,14118700,0.0
2025-03-17,52.36,52.89,52.33,52.82,15984600,0.0
2025-03-18,52.74,52.83,52.47,52.75,11004100,0.0
2025-03-19,52.65,53.15,52.6,52.99,13407700,0.0
2025-03-20,52.27,52.63,52.23,52.58,8143200,0.0
2025-03-21,52.01,52.13,51.84,52.05,8198000,0.0
2025-03-24,52.03,52.2,51.93,52.12,10202000,0.0
2025-03-25,52.46,52.51,52.27,52.4,10177500,0.0
2025-03-26,52.11,52.21,51.67,51.77,15041900,0.0
2025-03-27,51.71,51.96,51.63,51.83,11063900,0.0
2025-03-28,51.62,51.63,51.18,51.24,11998600,0.0
2025-03-31,50.57,50.98,50.36,50.83,18049300,0.0
2025-04-01,50.94,51.16,50.63,51.01,13168500,0.0
2025-04-02,50.6,51.19,50.53,51.15,11739200,0.0
2025-04-03,50.64,50.77,49.98,50.08,17045400,0.0
2025-04-04,48.21,48.36,46.82,46.91,36603400,0.0
2025-04-07,45.48,47.55,45.15,45.89,51925000,0.0
2025-04-08,47.52,47.52,45.14,45.65,36120600,0.0
2025-04-09,45.72,49.23,45.46,49.06,33572600,0.0
2025-04-10,48.26,48.37,47.04,48.09,27617300,0.0
2025-04-11,48.43,49.5,48.32,49.41,17136400,0.0
2025-04-14,49.77,50.2,49.55,49.98,9952700,0.0
2025-04-15,50.21,50.57,50.21,50.32,8984100,0.0
2025-04-16,50.38,50.69,50.0,50.21,9296800,0.0
2025-04-17,50.57,51.03,50.56,50.75,9870700,0.0
2025-04-21,50.98,51.13,50.17,50.51,13408400,0.0
2025-04-22,51.22,51.72,51.14,51.5,15400300,0.0
2025-04-23,51.97,52.28,51.51,51.65,10911000,0.0
2025-04-24,51.9,52.32,51.77,52.31,8252300,0.0
2025-04-25,52.23,52.46,52.08,52.43,7631800,0.0
2025-04-28,52.5,52.83,52.46,52.79,18104800,0.0
2025-04-29,52.81,53.03,52.75,52.95,11431000,0.0
2025-04-30,52.59,53.0,52.29,52.87,10984700,0.0
2025-05-01,53.05,53.08,52.58,52.65,9317900,0.0
2025-05-02,53.54,53.76,53.46,53.61,9884400,0.0
2025-05-05,53.79,53.86,53.71,53.71,8481300,0.0
2025-05-06,53.69,53.85,53.64,53.7,17269100,0.0
2025-05-07,53.61,53.73,53.35,53.51,10961000,0.0
2025-05-08,53.74,53.74,53.33,53.33,12892300,0.0
2025-05-09,53.79,53.79,53.51,53.68,11729400,0.0
2025-05-12,53.77,53.94,53.52,53.94,12161700,0.0
2025-05-13,53.86,54.16,53.81,54.03,9975800,0.0
2025-05-14,54.21,54.23,53.76,53.81,11755400,0.0
2025-05-15,54.16,54.39,54.05,54.38,9895900,0.0
2025-05-16,54.36,54.53,54.21,54.5,10793700,0.0
2025-05-19,54.44,54.94,54.42,54.94,9975100,0.0
2025-05-20,55.03,55.22,54.99,55.2,14531300,0.0
2025-05-21,55.26,55.45,54.87,54.9,16508100,0.0
2025-05-22,54.65,55.0,54.6,54.84,12009200,0.0
2025-05-23,54.45,55.13,54.45,55.03,12360500,0.0
2025-05-27,55.87,55.9,55.7,55.8,12582300,0.0
2025-05-28,55.37,55.45,55.2,55.29,12534800,0.0
2025-05-29,55.56,55.62,55.27,55.51,11628800,0.0
2025-05-30,55.53,55.66,55.18,55.58,14170800,0.0
2025-06-02,55.72,56.23,55.58,56.22,11474800,0.0
2025-06-03,55.75,55.88,55.54,55.81,16827000,0.0
2025-06-04,56.01,56.26,55.95,56.1,12306100,0.0
2025-06-05,56.34,56.37,56.0,56.1,14319000,0.0
2025-06-06,56.23,56.35,56.13,56.28,9887400,0.0
2025-06-09,56.22,56.5,56.19,56.3,11053500,0.0
2025-06-10,56.5,56.53,56.28,56.43,10078900,0.0
2025-06-11,56.57,56.68,56.37,56.42,16068500,0.0
2025-06-12,56.73,56.9,56.65,56.86,9588500,0.0
2025-06-13,56.18,56.48,56.03,56.17,12588200,0.0
2025-06-16,56.66,56.91,56.41,56.45,13452500,0.0
2025-06-17,56.21,56.25,55.68,55.74,12149200,0.0
2025-06-18,55.98,56.19,55.77,55.89,18749600,0.0
2025-06-20,55.52,55.54,55.0,55.0,14499600,0.0
2025-06-23,54.64,55.42,54.63,55.42,25964800,0.0
2025-06-24,55.9,56.21,55.82,56.15,22023200,0.0
2025-06-25,55.86,55.93,55.71,55.87,12783800,0.0
2025-06-26,56.3,56.53,56.2,56.48,15078700,0.0
2025-06-27,56.8,57.05,56.58,56.83,11093400,0.0
2025-06-30,56.77,57.04,56.69,57.01,15742500,0.0
2025-07-01,56.87,57.04,56.81,56.97,14596800,0.0
2025-07-02,56.77,57.16,56.67,57.15,10927900,0.0
2025-07-03,57.13,57.31,57.1,57.22,7279700,0.0
2025-07-07,56.81,56.91,56.37,56.51,15994700,0.0
2025-07-08,56.72,56.98,56.61,56.92,14520300,0.0
2025-07-09,57.16,57.33,57.01,57.31,9479400,0.0
2025-07-10,57.21,57.39,57.08,57.35,8208900,0.0
2025-07-11,56.94,56.97,56.78,56.87,9424800,0.0
2025-07-14,56.71,56.97,56.67,56.94,10144900,0.0
2025-07-15,56.97,57.0,56.34,56.37,9655900,0.0
2025-07-16,56.37,56.65,56.18,56.64,15045300,0.0
2025-07-17,56.51,56.79,56.42,56.77,12344500,0.0
2025-07-18,57.05,57.05,56.58,56.64,7999000,0.0
2025-07-21,56.95,57.26,56.85,57.01,9228500,0.0
2025-07-22,57.01,57.32,56.87,57.28,12246600,0.0
2025-07-23,57.96,58.52,57.91,58.5,12462600,0.0
2025-07-24,58.22,58.34,58.07,58.09,9123800,0.0
2025-07-25,57.72,58.02,57.63,58.02,7312300,0.0
2025-07-28,57.47,57.54,57.06,57.16,11187700,0.0
2025-07-29,57.22,57.23,57.03,57.14,11933800,0.0
2025-07-30,56.98,57.13,56.51,56.71,13314900,0.0
2025-07-31,56.57,56.57,56.1,56.22,19166500,0.0
2025-08-01,56.05,56.11,55.68,56.02,14943600,0.0
2025-08-04,56.63,56.81,56.59,56.8,12578700,0.0
2025-08-05,56.9,57.0,56.69,56.9,8942400,0.0
2025-08-06,57.19,57.4,57.03,57.34,8019200,0.0
2025-08-07,57.92,57.94,57.48,57.75,10237700,0.0
2025-08-08,57.93,58.13,57.86,58.02,7640800,0.0
2025-08-11,57.81,57.92,57.72,57.79,10040100,0.0
2025-08-12,58.0,58.45,57.92,58.44,8588100,0.0
2025-08-13,58.64,58.76,58.57,58.71,8893500,0.0
2025-08-14,58.4,58.63,58.38,58.61,9971200,0.0
2025-08-15,58.92,58.95,58.79,58.87,8013600,0.0
2025-08-18,58.79,58.82,58.64,58.81,12094000,0.0
2025-08-19,58.94,59.02,58.69,58.74,13533800,0.0
2025-08-20,58.85,58.94,58.71,58.89,10937400,0.0
2025-08-21,58.61,58.72,58.48,58.61,9940100,0.0
2025-08-22,58.85,59.67,58.83,59.56,8334100,0.0
2025-08-25,59.32,59.4,58.82,58.82,11252100,0.0
2025-08-26,58.69,58.86,58.65,58.84,10959900,0.0
2025-08-27,58.42,58.79,58.38,58.77,8263400,0.0
2025-08-28,58.99,59.07,58.86,59.01,9558600,0.0
2025-08-29,58.67,58.8,58.58,58.71,13976400,0.0
2025-09-02,57.9,58.26,57.81,58.19,13307700,0.0
2025-09-03,58.18,58.37,58.1,58.32,14512900,0.0
2025-09-04,58.45,58.7,58.37,58.68,8704900,0.0
2025-09-05,59.19,59.34,58.79,58.96,12146000,0.0
2025-09-08,59.38,59.56,59.23,59.53,8503300,0.0
2025-09-09,59.35,59.48,59.24,59.37,11960500,0.0
2025-09-10,59.55,59.65,59.34,59.41,10548400,0.0
2025-09-11,59.59,60.09,59.59,60.07,11815900,0.0
2025-09-12,59.79,59.93,59.7,59.82,9183400,0.0
2025-09-15,60.19,60.31,60.04,60.3,22308900,0.0
2025-09-16,60.36,60.36,60.03,60.23,15148200,0.0
2025-09-17,60.13,60.52,59.74,60.02,12221000,0.0
2025-09-18,60.07,60.27,59.86,60.21,16783200,0.0
2025-09-19,59.75,59.79,59.57,59.65,15449000,0.0
2025-09-22,59.77,60.0,59.62,59.97,10972500,0.0
2025-09-23,60.31,60.31,59.79,59.88,13985500,0.0
2025-09-24,59.59,59.72,59.4,59.46,10955300,0.0
2025-09-25,59.08,59.13,58.82,59.06,14587900,0.0
2025-09-26,59.19,59.42,59.18,59.41,10880300,0.0
2025-09-29,59.61,59.74,59.57,59.71,12227500,0.0
2025-09-30,59.64,59.98,59.62,59.92,14228100,0.0
2025-10-01,60.21,60.47,60.2,60.37,13793900,0.0
2025-10-02,60.63,60.67,60.18,60.5,14710400,0.0
2025-10-03,60.88,61.15,60.82,61.06,10005900,0.0
2025-10-06,61.19,61.32,61.07,61.18,9944100,0.0
2025-10-07,61.02,61.04,60.62,60.65,9942700,0.0
2025-10-08,60.77,60.89,60.68,60.84,10158000,0.0
2025-10-09,60.88,60.9,60.17,60.32,12014800,0.0
2025-10-10,60.16,60.24,59.1,59.18,14102800,0.0
2025-10-13,59.54,59.87,59.48,59.8,10517200,0.0
2025-10-14,59.36,60.19,59.3,59.98,14567200,0.0
2025-10-15,60.31,60.55,60.02,60.4,10995400,0.0
2025-10-16,60.76,60.98,60.46,60.66,13762200,0.0
2025-10-17,60.47,60.76,60.33,60.71,10372100,0.0
2025-10-20,60.97,61.29,60.97,61.24,7678300,0.0
2025-10-21,60.9,60.93,60.66,60.69,8757200,0.0
2025-10-22,60.75,60.9,60.44,60.71,10557400,0.0
2025-10-23,60.81,61.13,60.81,61.02,6856700,0.0
2025-10-24,61.22,61.31,61.12,61.22,8572200,0.0
2025-10-27,61.65,61.69,61.52,61.67,16256400,0.0
2025-10-28,61.56,61.8,61.46,61.66,13252500,0.0
2025-10-29,61.69,61.74,61.02,61.31,16800300,0.0
2025-10-30,60.96,61.28,60.91,61.03,13562000,0.0
2025-10-31,61.07,61.07,60.74,60.98,10372700,0.0
2025-11-03,61.17,61.17,60.87,61.13,9490600,0.0
2025-11-04,60.37,60.66,60.29,60.32,13680200,0.0
2025-11-05,60.32,60.79,60.31,60.7,9545100,0.0
2025-11-06,60.66,60.73,60.24,60.42,14435400,0.0
2025-11-07,60.17,60.61,59.95,60.61,14800600,0.0
2025-11-10,61.1,61.4,60.92,61.35,10063100,0.0
2025-11-11,61.55,61.82,61.51,61.73,7046900,0.0
2025-11-12,61.88,62.2,61.88,62.13,11640200,0.0
2025-11-13,62.03,62.11,61.32,61.4,13987900,0.0
2025-11-14,60.95,61.48,60.89,61.32,11976300,0.0
2025-11-17,60.9,61.13,60.32,60.53,11612500,0.0
2025-11-18,59.79,60.1,59.5,59.91,21744000,0.0
2025-11-19,59.79,60.07,59.45,59.71,14901100,0.0
2025-11-20,60.1,60.26,58.88,58.9,19243500,0.0
2025-11-21,59.38,59.92,59.12,59.77,16449300,0.0
2025-11-24,59.66,60.06,59.56,60.06,24632500,0.0
2025-11-25,60.16,60.64,59.95,60.63,16452800,0.0
2025-11-26,60.84,61.39,60.84,61.28,10988000,0.0
2025-11-28,61.34,61.58,61.26,61.57,5615400,0.0
2025-12-01,61.34,61.55,61.23,61.26,10104700,0.0
2025-12-02,61.49,61.51,61.24,61.46,16957100,0.0
2025-12-03,61.5,61.82,61.5,61.79,10039700,0.0
2025-12-04,62.08,62.13,61.84,61.95,11295900,0.0
2025-12-05,62.21,62.32,61.95,62.04,15165000,0.0
2025-12-08,62.17,62.17,61.82,61.91,13577000,0.0
2025-12-09,61.95,62.11,61.82,61.84,13739000,0.0
2025-12-10,61.92,62.64,61.88,62.54,16608700,0.0
2025-12-11,62.64,62.92,62.56,62.8,17012900,0.0
2025-12-12,62.86,62.91,62.18,62.48,20951400,0.0
2025-12-15,63.02,63.08,62.7,62.84,19714700,0.0
2025-12-16,62.67,62.76,62.32,62.46,26297300,0.0
2025-12-17,62.45,62.57,62.02,62.02,16268800,0.0
2025-12-18,62.6,62.85,62.39,62.51,15461500,0.0
2025-12-19,61.67,62.08,61.67,61.84,18315900,0.0
2025-12-22,61.96,62.17,61.94,62.13,20034300,0.0
2025-12-23,62.49,62.58,62.41,62.54,27124800,0.0
2025-12-24,62.61,62.72,62.55,62.68,9490500,0.0
2025-12-26,62.77,62.81,62.64,62.81,12049000,0.0
2025-12-29,62.71,62.82,62.58,62.72,15346900,0.0
2025-12-30,62.91,63.02,62.78,62.79,13309600,0.0
2025-12-31,62.75,62.75,62.43,62.47,14361400,0.0
2026-01-02,63.15,63.21,62.85,63.2,19524300,0.0
2026-01-05,63.44,63.98,62.92,63.95,23987200,0.0
2026-01-06,64.07,64.19,63.97,64.14,22562900,0.0
2026-01-07,64.1,64.1,63.83,63.88,19224200,0.0
2026-01-08,63.74,63.96,63.68,63.94,14891800,0.0
2026-01-09,64.27,64.59,64.22,64.53,15461400,0.0
2026-01-12,64.72,64.95,64.69,64.92,16176200,0.0
2026-01-13,64.82,64.84,64.42,64.56,21135800,0.0
2026-01-14,64.76,64.89,64.64,64.87,41203100,0.0
2026-01-15,65.11,65.18,64.92,64.96,22070600,0.0
2026-01-16,65.15,65.16,64.83,65.14,18227000,0.0
2026-01-20,64.35,64.71,64.16,64.27,22693500,0.0
2026-01-21,64.6,65.19,64.34,65.01,31394500,0.0
2026-01-22,65.32,65.48,65.14,65.36,19657800,0.0
2026-01-23,65.24,65.82,65.11,65.78,22542400,0.0
2026-01-26,66.2,66.34,66.05,66.08,18359000,0.0
2026-01-27,66.76,67.27,66.75,67.16,22799000,0.0
2026-01-28,66.84,66.92,66.34,66.72,22542200,0.0
2026-01-29,67.33,67.39,66.24,67.07,31529800,0.0
2026-01-30,66.77,66.88,65.93,66.2,28904500,0.0
2026-02-02,66.04,66.51,66.01,66.46,20450700,0.0
2026-02-03,66.59,66.87,66.14,66.72,24292500,0.0
2026-02-04,67.35,67.47,66.52,66.8,27908400,0.0
2026-02-05,66.06,66.48,65.8,65.9,23248900,0.0
2026-02-06,66.74,67.39,66.68,67.37,13752000,0.0
2026-02-09,67.73,68.45,67.69,68.37,21223400,0.0
2026-02-10,68.75,68.77,68.51,68.54,16400400,0.0
2026-02-11,69.06,69.18,68.46,69.05,18412400,0.0
2026-02-12,69.3,69.4,68.3,68.5,19882000,0.0
2026-02-13,68.41,68.87,68.02,68.76,23531700,0.0
2026-02-17,68.26,68.75,67.83,68.58,19239900,0.0
2026-02-18,68.75,69.15,68.64,68.81,11508400,0.0
2026-02-19,68.44,68.8,68.3,68.79,13326800,0.0
2026-02-20,68.79,69.56,68.77,69.52,15188800,0.0
2026-02-23,69.44,69.66,68.99,69.18,13441400,0.0
2026-02-24,69.15,69.64,69.06,69.46,19624000,0.0
2026-02-25,70.0,70.33,69.91,70.26,12223300,0.0
2026-02-26,70.37,70.44,69.72,70.31,19692700,0.0
2026-02-27,70.31,70.55,70.08,70.24,30903000,0.0
2026-03-02,68.57,69.3,68.49,69.01,18858300,0.0
2026-03-03,65.76,66.93,64.92,66.61,28277900,0.0
2026-03-04,66.8,67.53,66.59,67.38,33681900,0.0
2026-03-05,66.33,66.68,65.11,65.79,22636200,0.0
2026-03-06,64.64,65.6,64.41,65.28,18824900,0.0
2026-03-09,64.28,66.13,63.7,65.91,37065500,0.0
2026-03-10,66.32,67.16,65.88,65.97,24941300,0.0
2026-03-11,65.7,66.13,65.36,65.86,15587100,0.0
2026-03-12,65.2,65.2,64.32,64.57,22399400,0.0
2026-03-13,64.87,65.11,63.72,63.82,14972800,0.0
2026-03-16,64.82,65.38,64.71,65.19,16653400,0.0
2026-03-17,65.69,65.82,65.31,65.41,16693500,0.0
2026-03-18,65.11,65.23,64.23,64.28,14904900,0.0
2026-03-19,63.12,64.54,63.02,64.16,28759300,0.0
2026-03-20,63.8,63.8,61.68,62.04,23701300,0.0
2026-03-23,63.35,64.41,63.0,63.66,30015800,0.0
2026-03-24,62.74,63.54,62.57,63.15,21374700,0.0
2026-03-25,64.2,64.33,63.62,63.97,11955800,0.0
2026-03-26,63.16,63.66,62.47,62.48,14445600,0.0
2026-03-27,62.21,62.72,61.83,62.05,23784200,0.0
2026-03-30,62.6,62.68,61.73,62.03,13374700,0.0
2026-03-31,62.8,64.11,62.57,64.08,20633100,0.0
2026-04-01,64.97,65.59,64.8,65.14,22523000,0.0
2026-04-02,63.51,64.96,63.45,64.64,16486000,0.0
2026-04-06,64.83,65.25,64.77,65.12,14882000,0.0
2026-04-07,64.68,65.17,64.01,65.09,14707200,0.0
2026-04-08,68.09,68.09,67.3,67.82,12954500,0.0
2026-04-09,67.09,67.88,66.85,67.55,12114500,0.0
2026-04-10,67.97,68.04,67.44,67.74,10902400,0.0
2026-04-13,67.08,68.24,67.04,68.21,17884500,0.0
2026-04-14,68.58,68.97,68.48,68.89,8838100,0.0
2026-04-15,68.69,68.76,68.45,68.7,8517400,0.0
2026-04-16,68.93,68.99,68.43,68.63,7285500,0.0
2026-04-17,69.73,70.17,69.48,69.63,15122100,0.0
2026-04-20,69.17,69.33,68.8,69.33,9018800,0.0
2026-04-21,68.96,69.05,67.74,67.82,11404800,0.0
2026-04-22,68.43,68.48,68.11,68.35,9559400,0.0
2026-04-23,68.1,68.36,66.96,67.69,18912900,0.0
2026-04-24,67.93,68.24,67.69,68.14,9531100,0.0
2026-04-27,68.31,68.44,67.98,68.07,8949300,0.0
2026-04-28,67.75,67.91,67.44,67.73,11367700,0.0
2026-04-29,67.48,67.54,66.79,67.08,10743700,0.0
2026-04-30,68.04,68.94,67.9,68.8,13300000,0.0
2026-05-01,68.82,69.23,68.7,68.72,12749300,0.0
2026-05-04,68.48,68.72,67.71,67.91,15206300,0.0
2026-05-05,68.65,69.14,68.53,68.98,14930100,0.0
2026-05-06,70.59,70.94,70.47,70.87,9893100,0.0
2026-05-07,71.01,71.12,69.62,69.67,14924700,0.0
2026-05-08,70.42,70.84,70.39,70.83,9468000,0.0
2026-05-11,70.81,71.0,70.72,70.82,9789400,0.0
2026-05-12,70.0,70.11,69.36,69.97,9068200,0.0
2026-05-13,70.17,70.65,70.0,70.63,9963600,0.0
2026-05-14,70.69,70.79,70.46,70.56,10071200,0.0
2026-05-15,69.26,69.35,68.89,69.08,9970000,0.0
2026-05-18,69.73,69.79,68.91,69.52,12279300,0.0
2026-05-19,68.92,69.46,68.66,68.99,11695500,0.0
2026-05-20,69.06,70.33,69.02,70.2,9111400,0.0
2026-05-21,69.82,70.93,69.63,70.69,13456600,0.0
2026-05-22,70.67,70.84,70.38,70.46,8708200,0.0
2026-05-26,71.61,71.88,71.48,71.78,8763600,0.0
2026-05-27,71.71,71.78,71.2,71.41,8579600,0.0
2026-05-28,71.05,71.84,70.88,71.66,8369800,0.0
2026-05-29,72.02,72.23,71.7,71.77,11897300,0.0
2026-06-01,71.55,72.22,71.24,71.87,10528400,0.0
2026-06-02,71.88,72.32,71.8,72.32,7565100,0.0
2026-06-03,72.03,72.1,71.57,71.67,8234700,0.0
2026-06-04,71.51,71.97,71.39,71.84,7337000,0.0
2026-06-05,70.86,70.91,69.01,69.17,14224700,0.0
2026-06-08,70.16,70.29,69.71,69.86,13037900,0.0
2026-06-09,70.75,70.97,68.6,69.84,11879200,0.0
2026-06-10,69.4,69.96,68.78,68.81,11334000,0.0
2026-06-11,69.66,71.4,69.42,71.31,16157700,0.0
2026-06-12,71.14,71.8,70.83,71.55,15850800,0.0
2026-06-15,72.7,72.8,72.29,72.39,10650500,0.0
2026-06-16,72.72,72.85,72.25,72.32,7907100,0.0
2026-06-17,72.88,73.23,71.85,72.0,20840100,0.0
2026-06-18,72.36,72.51,72.15,72.31,8922200,0.0
2026-06-22,72.36,72.56,72.24,72.39,9433800,0.0
2026-06-23,70.16,70.79,70.06,70.17,13265900,0.0
2026-06-24,70.32,70.52,69.92,70.28,9889800,0.0
2026-06-25,71.49,71.54,70.74,71.16,8494400,0.0
2026-06-26,70.41,71.05,70.34,70.56,14441800,0.0
2026-06-29,70.68,70.93,69.96,70.92,11260000,0.0
2026-06-30,70.89,71.32,70.81,71.25,24041500,0.0
2026-07-01,70.49,70.78,70.31,70.36,9515600,0.0
2026-07-02,71.1,71.57,70.17,70.81,17603000,0.0
2026-07-06,71.61,71.92,71.52,71.89,10960200,0.0
2026-07-07,71.23,71.38,70.53,70.78,8613000,0.0
2026-07-08,69.77,70.38,69.34,70.34,27524100,0.0
2026-07-09,70.6,70.93,70.48,70.73,12647700,0.0
2026-07-10,70.78,71.14,70.43,70.99,12687400,0.0
2026-07-13,70.18,70.32,69.64,69.76,9119200,0.0
2026-07-14,70.65,71.04,70.56,70.6,13284600,0.0
2026-07-15,70.82,70.94,70.15,70.82,9670200,0.0
2026-07-16,70.03,70.42,69.84,70.03,8242900,0.0
2026-07-17,69.13,69.97,68.98,69.7,11115300,0.0
2026-07-20,69.77,69.9,69.19,69.23,11088100,0.0
2026-07-21,69.98,70.55,69.73,70.47,7458400,0.0
2026-07-22,70.48,70.75,70.46,70.49,6017500,0.0
2026-07-23,69.71,70.09,69.41,69.78,9653300,0.0
2026-07-24,69.96,70.23,69.6201,69.71,8584786,0.0
2026-07-27,70.45,70.53,69.56,70.0,6613400,0.0
2026-07-28,69.19,69.89,69.08,69.6,9062600,0.0
2026-07-29,69.42,70.19,68.66,68.95,13347400,0.0
2026-07-30,70.15,71.13,70.02,71.09,14299300,0.0
2026-07-31,71.04,71.08,70.06,70.62,10262300,0.0
2026-08-03,70.74,71.08,70.47,71.04,7602400,0.0
2026-08-04,71.74,72.33,71.64,72.22,7536100,0.0
2026-08-05,72.7,72.76,72.33,72.35,6292000,0.0
2026-08-06,72.13,72.53,72.01,72.12,14125500,0.0
2026-08-07,73.06,73.12,72.57,72.89,7978400,0.0
2026-08-10,72.56,72.69,72.46,72.5,10633100,0.0
2026-08-11,72.91,73.02,72.52,72.69,14878300,0.0
2026-08-12,73.37,73.48,73.14,73.3,9404200,0.0
2026-08-13,73.37,73.66,73.345,73.54,6415361,0.0
