date,open,high,low,close,volume,amount
2009-08-14,26.98,27.01,25.66,26.02,0,0.0
2009-08-17,26.05,29.47,25.2,25.23,0,0.0
2009-08-18,26.99,26.99,25.52,25.75,0,0.0
2009-08-19,25.83,26.24,25.57,26.13,0,0.0
2009-08-20,26.41,27.33,26.4,26.97,0,0.0
2009-08-21,27.35,27.57,27.05,27.47,0,0.0
2009-08-24,27.42,27.54,27.12,27.28,0,0.0
2009-08-25,27.44,27.46,25.7,25.7,0,0.0
2009-08-26,27.08,27.08,26.58,26.82,176800,0.0
2009-08-27,27.01,27.01,26.6,26.78,95800,0.0
2009-08-28,27.33,27.4,26.81,27.02,75800,0.0
2009-08-31,27.02,27.28,27.02,27.13,57700,0.0
2009-09-01,27.15,27.4,26.57,26.65,76500,0.0
2009-09-02,26.59,26.93,26.58,26.83,43500,0.0
2009-09-03,27.16,27.25,26.94,27.15,49300,0.0
2009-09-04,27.27,27.34,26.69,26.99,35000,0.0
2009-09-08,27.84,27.84,27.11,27.37,51100,0.0
2009-09-09,27.45,27.74,27.31,27.55,226000,0.0
2009-09-10,27.58,27.74,27.4,27.65,21700,0.0
2009-09-11,28.16,28.21,27.9,28.0,84500,0.0
2009-09-14,28.15,28.65,28.1,28.61,94100,0.0
2009-09-15,28.44,28.62,28.22,28.62,316300,0.0
2009-09-16,28.48,28.87,28.32,28.87,103000,0.0
2009-09-17,28.91,28.91,28.55,28.62,83000,0.0
2009-09-18,29.1,29.1,28.71,28.84,84800,0.0
2009-09-21,28.91,29.69,28.7,29.21,126600,0.0
2009-09-22,29.49,29.6,29.0,29.14,92800,0.0
2009-09-23,28.89,29.37,28.7,28.7,89200,0.0
2009-09-24,28.83,28.85,28.23,28.45,70500,0.0
2009-09-25,28.54,28.92,28.5,28.71,87600,0.0
2009-09-28,28.8,29.06,28.6,29.0,84600,0.0
2009-09-29,29.02,29.13,28.88,29.05,151500,0.0
2009-09-30,29.07,29.07,28.57,28.75,53400,0.0
2009-10-01,28.5,28.57,28.0,28.04,54000,0.0
2009-10-02,27.35,27.87,27.1,27.6,102900,0.0
2009-10-05,27.8,29.16,27.61,27.94,57400,0.0
2009-10-06,28.06,28.42,28.04,28.32,85800,0.0
2009-10-07,28.71,28.71,28.2,28.48,76200,0.0
2009-10-08,29.02,29.21,28.9,29.12,211400,0.0
2009-10-09,29.82,29.82,29.41,29.63,86900,0.0
2009-10-12,30.39,30.45,30.21,30.4,152500,0.0
2009-10-13,30.37,30.37,29.85,30.15,100700,0.0
2009-10-14,31.18,31.35,30.99,31.32,259200,0.0
2009-10-15,31.39,31.87,31.39,31.85,172300,0.0
2009-10-16,31.2,31.28,30.82,31.14,143600,0.0
2009-10-19,31.72,32.15,31.55,31.97,143700,0.0
2009-10-20,32.0,32.05,31.55,31.71,100000,0.0
2009-10-21,31.62,31.92,31.31,31.4,189600,0.0
2009-10-22,31.57,32.2,31.52,32.07,80100,0.0
2009-10-23,31.73,31.73,30.86,30.97,167400,0.0
2009-10-26,31.17,31.44,30.6,30.67,85700,0.0
2009-10-27,30.3,30.42,30.0,30.12,80200,0.0
2009-10-28,29.9,30.0,29.12,29.23,142900,0.0
2009-10-29,29.47,30.04,29.2,29.86,173600,0.0
2009-10-30,29.38,29.39,28.42,28.54,146400,0.0
2009-11-02,28.62,28.72,27.8,28.21,90900,0.0
2009-11-03,27.37,27.56,27.1,27.53,111300,0.0
2009-11-04,27.71,28.27,27.71,27.88,115500,0.0
2009-11-05,28.4,28.94,28.4,28.94,58300,0.0
2009-11-06,28.25,28.78,28.25,28.69,63600,0.0
2009-11-09,28.25,28.52,28.1,28.41,129800,0.0
2009-11-10,27.45,27.54,27.24,27.5,103100,0.0
2009-11-11,27.9,28.28,27.9,28.09,98100,0.0
2009-11-12,28.08,28.23,27.8,27.88,88800,0.0
2009-11-13,28.04,28.3,27.86,28.29,53500,0.0
2009-11-16,28.41,28.81,28.31,28.77,160400,0.0
2009-11-17,28.18,28.18,27.65,28.08,476200,0.0
2009-11-18,28.22,28.37,28.01,28.37,72800,0.0
2009-11-19,28.16,28.18,27.81,28.09,61800,0.0
2009-11-20,27.97,28.07,27.83,28.04,57000,0.0
2009-11-23,28.01,28.07,27.75,27.95,95900,0.0
2009-11-24,27.49,27.5,27.11,27.31,54100,0.0
2009-11-25,26.73,26.73,25.91,25.94,210700,0.0
2009-11-27,24.11,24.9,24.07,24.72,151600,0.0
2009-11-30,24.75,25.38,24.75,25.35,135400,0.0
2009-12-01,25.95,26.29,25.9,26.2,88000,0.0
2009-12-02,25.31,25.35,25.05,25.09,122400,0.0
2009-12-03,25.17,25.28,24.82,24.85,77600,0.0
2009-12-04,25.21,25.44,24.86,25.01,63500,0.0
2009-12-07,25.23,25.3,25.02,25.14,40800,0.0
2009-12-08,24.69,24.83,24.31,24.6,96000,0.0
2009-12-09,24.18,24.18,23.88,24.14,91600,0.0
2009-12-10,23.8,23.96,23.7,23.93,81500,0.0
2009-12-11,23.49,23.49,23.21,23.31,119900,0.0
2009-12-14,23.89,24.17,23.88,24.08,70800,0.0
2009-12-15,24.07,24.15,23.9,24.05,42200,0.0
2009-12-16,23.7,23.85,23.53,23.68,104100,0.0
2009-12-17,23.35,23.76,23.2,23.32,89200,0.0
2009-12-18,23.51,23.66,23.34,23.57,49900,0.0
2009-12-21,24.21,24.57,24.21,24.45,67200,0.0
2009-12-22,24.31,24.5,24.26,24.49,84500,0.0
2009-12-23,25.17,25.17,24.62,24.97,91300,0.0
2009-12-24,25.27,25.48,25.27,25.48,55300,0.0
2009-12-28,25.59,25.7,25.4,25.59,80800,0.0
2009-12-29,25.14,25.2,25.0,25.11,87900,0.0
2009-12-30,25.51,25.79,25.47,25.73,92000,0.0
2009-12-31,25.79,25.79,25.45,25.49,77500,0.0
2010-01-04,26.7,27.0,26.67,27.0,157400,0.0
2010-01-05,27.36,27.74,27.36,27.6,185800,0.0
2010-01-06,27.51,27.56,27.36,27.43,116900,0.0
2010-01-07,27.34,27.49,27.25,27.4,93100,0.0
2010-01-08,27.02,27.47,26.97,27.3,107000,0.0
2010-01-11,27.12,27.12,26.79,27.05,146400,0.0
2010-01-12,26.4,26.4,26.1,26.1,106100,0.0
2010-01-13,26.79,27.09,26.64,27.07,106100,0.0
2010-01-14,27.09,27.29,26.99,27.13,62900,0.0
2010-01-15,26.7,26.7,26.36,26.56,149300,0.0
2010-01-19,26.56,26.57,26.1,26.57,194200,0.0
2010-01-20,25.9,25.9,25.5,25.72,80500,0.0
2010-01-21,25.34,25.36,24.52,24.58,205000,0.0
2010-01-22,24.7,24.89,24.51,24.58,106700,0.0
2010-01-25,25.06,25.06,24.69,24.98,69600,0.0
2010-01-26,25.41,25.75,25.24,25.48,130300,0.0
2010-01-27,24.71,24.86,24.51,24.86,78000,0.0
2010-01-28,24.81,24.81,24.1,24.4,85000,0.0
2010-01-29,24.86,25.06,24.45,24.45,86700,0.0
2010-02-01,25.03,25.3,24.9,25.3,56800,0.0
2010-02-02,25.08,25.5,24.94,25.5,227800,0.0
2010-02-03,25.45,25.45,25.2,25.31,24600,0.0
2010-02-04,25.19,25.4,24.65,24.69,71800,0.0
2010-02-05,24.69,24.94,24.35,24.77,135400,0.0
2010-02-08,24.73,25.06,24.59,24.6,31700,0.0
2010-02-09,24.94,25.53,24.77,25.28,210300,0.0
2010-02-10,25.26,25.29,24.82,24.96,71500,0.0
2010-02-11,24.99,25.46,24.99,25.4,20200,0.0
2010-02-12,25.31,25.51,25.2,25.48,42000,0.0
2010-02-16,25.73,26.13,25.71,26.05,73800,0.0
2010-02-17,26.03,26.24,25.95,26.24,103600,0.0
2010-02-18,26.04,26.29,25.97,26.27,50800,0.0
2010-02-19,25.94,26.15,25.89,26.04,80900,0.0
2010-02-22,25.9,25.9,25.53,25.61,100900,0.0
2010-02-23,25.2,25.2,24.5,24.54,74600,0.0
2010-02-24,24.72,24.87,24.63,24.77,65600,0.0
2010-02-25,24.44,24.83,24.33,24.83,62400,0.0
2010-02-26,25.0,25.16,24.9,25.11,59000,0.0
2010-03-01,25.41,25.75,25.41,25.65,77300,0.0
2010-03-02,25.6,25.66,25.36,25.45,77000,0.0
2010-03-03,25.7,25.89,25.65,25.72,46600,0.0
2010-03-04,25.86,26.07,25.78,25.8,131200,0.0
2010-03-05,26.01,26.42,26.01,26.42,111400,0.0
2010-03-08,26.35,26.41,26.22,26.24,127400,0.0
2010-03-09,26.54,26.9,26.51,26.88,120700,0.0
2010-03-10,26.8,26.9,26.62,26.66,421000,0.0
2010-03-11,26.6,26.72,26.35,26.58,61400,0.0
2010-03-12,26.89,27.01,26.69,26.9,135300,0.0
2010-03-15,26.66,26.83,26.4,26.83,59700,0.0
2010-03-16,26.09,26.54,26.0,26.23,123200,0.0
2010-03-17,26.15,26.32,26.04,26.29,126200,0.0
2010-03-18,26.41,26.41,26.11,26.13,39800,0.0
2010-03-19,25.84,26.25,25.7,25.84,105900,0.0
2010-03-22,25.71,26.07,25.7,26.03,25200,0.0
2010-03-23,25.75,25.76,25.11,25.24,484200,0.0
2010-03-24,25.37,25.45,25.28,25.4,54500,0.0
2010-03-25,25.14,25.19,24.77,24.87,235600,0.0
2010-03-26,25.17,25.35,25.05,25.07,62400,0.0
2010-03-29,25.29,25.37,25.2,25.37,62100,0.0
2010-03-30,25.18,25.18,25.01,25.12,73700,0.0
2010-03-31,24.93,25.21,24.91,25.16,99400,0.0
2010-04-01,25.64,25.82,25.58,25.75,130300,0.0
2010-04-05,25.85,25.99,25.79,25.93,89600,0.0
2010-04-06,25.81,26.0,25.73,25.94,145900,0.0
2010-04-07,25.78,26.0,25.62,25.62,60500,0.0
2010-04-08,25.75,25.87,25.61,25.87,56400,0.0
2010-04-09,26.0,26.13,25.86,26.11,81800,0.0
2010-04-12,26.06,26.17,25.94,26.03,82000,0.0
2010-04-13,25.86,25.93,25.62,25.85,60000,0.0
2010-04-14,25.88,26.22,25.7,26.22,175700,0.0
2010-04-15,26.07,26.21,25.9,26.16,49700,0.0
2010-04-16,25.94,26.0,25.43,25.55,212700,0.0
2010-04-19,25.35,25.81,25.35,25.7,63900,0.0
2010-04-20,25.68,25.83,25.51,25.63,59800,0.0
2010-04-21,25.7,25.79,25.5,25.59,54200,0.0
2010-04-22,26.08,26.4,25.96,26.26,62000,0.0
2010-04-23,26.4,26.94,26.35,26.94,404200,0.0
2010-04-26,26.52,26.68,26.44,26.61,210200,0.0
2010-04-27,26.35,26.5,26.02,26.11,124600,0.0
2010-04-28,26.47,26.69,26.46,26.68,74600,0.0
2010-04-29,26.76,27.14,26.74,27.09,174600,0.0
2010-04-30,26.96,26.96,26.51,26.61,135400,0.0
2010-05-03,26.61,26.9,26.58,26.76,123700,0.0
2010-05-04,26.72,26.72,26.21,26.41,147400,0.0
2010-05-05,26.15,26.37,25.94,26.18,176100,0.0
2010-05-06,26.0,26.42,25.0,25.74,250600,0.0
2010-05-07,25.58,26.0,25.0,25.33,225700,0.0
2010-05-10,25.74,26.68,25.69,26.17,110000,0.0
2010-05-11,26.01,26.4,25.93,25.94,59700,0.0
2010-05-12,26.16,26.16,25.78,26.01,89400,0.0
2010-05-13,26.01,26.04,25.63,25.67,81000,0.0
2010-05-14,25.49,25.55,24.88,25.09,122900,0.0
2010-05-17,25.25,25.27,24.55,24.9,129200,0.0
2010-05-18,25.5,25.5,24.24,24.32,54700,0.0
2010-05-19,24.06,24.06,23.36,23.61,151400,0.0
2010-05-20,23.47,23.72,23.05,23.17,132900,0.0
2010-05-21,22.94,23.2,22.55,23.04,110700,0.0
2010-05-24,23.17,23.46,23.03,23.03,25600,0.0
2010-05-25,22.89,23.8,22.78,23.77,61100,0.0
2010-05-26,23.91,23.91,23.29,23.46,54700,0.0
2010-05-27,24.0,24.4,23.95,24.4,45200,0.0
2010-05-28,24.63,24.7,24.26,24.3,29100,0.0
2010-06-01,24.35,24.67,24.14,24.16,40700,0.0
2010-06-02,24.39,25.04,24.39,25.04,32600,0.0
2010-06-03,24.86,24.86,24.54,24.64,24900,0.0
2010-06-04,24.03,24.26,23.74,23.8,74800,0.0
2010-06-07,23.95,24.15,23.59,23.59,22200,0.0
2010-06-08,23.8,24.17,23.73,24.08,101600,0.0
2010-06-09,24.29,24.48,24.0,24.03,84000,0.0
2010-06-10,24.58,24.97,24.4,24.97,36900,0.0
2010-06-11,24.36,24.74,24.3,24.59,25200,0.0
2010-06-14,25.08,25.17,24.89,25.11,114100,0.0
2010-06-15,25.29,25.71,25.18,25.7,41900,0.0
2010-06-16,25.2,25.54,25.19,25.43,42500,0.0
2010-06-17,25.5,25.53,25.28,25.38,51900,0.0
2010-06-18,25.38,25.63,25.3,25.63,93100,0.0
2010-06-21,25.97,26.48,25.85,25.85,212200,0.0
2010-06-22,25.78,25.82,25.3,25.3,75900,0.0
2010-06-23,25.75,25.75,25.37,25.46,24300,0.0
2010-06-24,25.5,25.5,25.01,25.01,33900,0.0
2010-06-25,25.28,25.38,25.0,25.23,67300,0.0
2010-06-28,25.46,25.62,25.4,25.4,48600,0.0
2010-06-29,25.19,25.19,24.4,24.59,92500,0.0
2010-06-30,24.92,25.26,24.82,24.94,56400,0.0
2010-07-01,24.93,25.18,24.77,24.99,53800,0.0
2010-07-02,24.99,25.18,24.86,24.89,83400,0.0
2010-07-06,25.1,25.37,24.97,25.16,107700,0.0
2010-07-07,24.86,25.41,24.84,25.37,32000,0.0
2010-07-08,25.4,25.4,24.99,25.18,46300,0.0
2010-07-09,25.15,25.25,25.07,25.24,31100,0.0
2010-07-12,25.2,25.2,25.07,25.13,21700,0.0
2010-07-13,25.65,25.85,25.55,25.83,36000,0.0
2010-07-14,25.4,25.53,25.28,25.39,22400,0.0
2010-07-15,25.32,25.41,25.13,25.32,23000,0.0
2010-07-16,25.39,25.48,24.75,24.77,279900,0.0
2010-07-19,25.22,25.35,25.1,25.29,31900,0.0
2010-07-20,25.05,25.47,24.95,25.38,42500,0.0
2010-07-21,25.37,25.4,24.93,24.96,72100,0.0
2010-07-22,25.1,25.48,25.1,25.34,40400,0.0
2010-07-23,25.19,25.42,25.09,25.42,19600,0.0
2010-07-26,25.3,25.58,25.1,25.45,82800,0.0
2010-07-27,25.26,25.43,25.12,25.31,56800,0.0
2010-07-28,24.99,25.11,24.9,24.97,56100,0.0
2010-07-29,25.03,25.27,24.86,24.88,35400,0.0
2010-07-30,24.93,25.21,24.86,25.09,54900,0.0
2010-08-02,25.25,25.51,25.25,25.49,33200,0.0
2010-08-03,25.24,25.32,25.14,25.23,43700,0.0
2010-08-04,25.03,25.28,25.03,25.12,157200,0.0
2010-08-05,25.1,25.18,24.97,25.08,47900,0.0
2010-08-06,24.84,25.02,24.73,24.92,61300,0.0
2010-08-09,24.96,24.96,24.55,24.63,105600,0.0
2010-08-10,24.02,24.18,23.74,24.05,90000,0.0
2010-08-11,23.8,23.8,23.5,23.52,65800,0.0
2010-08-12,23.25,23.47,23.11,23.45,54700,0.0
2010-08-13,23.56,23.66,23.5,23.62,43000,0.0
2010-08-16,23.72,24.21,23.72,24.19,48100,0.0
2010-08-17,24.13,24.36,24.05,24.22,66400,0.0
2010-08-18,24.04,24.04,23.67,23.71,62800,0.0
2010-08-19,23.71,23.71,23.2,23.29,91500,0.0
2010-08-20,23.42,23.62,23.4,23.6,35600,0.0
2010-08-23,23.38,23.52,23.1,23.12,51400,0.0
2010-08-24,22.51,22.59,22.31,22.44,111500,0.0
2010-08-25,22.18,22.24,21.81,22.23,69000,0.0
2010-08-26,22.62,22.62,22.3,22.43,24100,0.0
2010-08-27,22.93,23.2,22.62,23.11,29300,0.0
2010-08-30,23.58,23.58,23.12,23.2,47400,0.0
2010-08-31,23.66,23.83,23.55,23.69,89400,0.0
2010-09-01,24.31,24.7,24.15,24.67,77600,0.0
2010-09-02,24.43,24.68,24.38,24.51,77000,0.0
2010-09-03,24.81,24.81,24.41,24.55,31800,0.0
2010-09-07,24.19,24.5,24.11,24.11,86100,0.0
2010-09-08,24.31,24.56,24.31,24.39,23700,0.0
2010-09-09,24.97,24.97,24.65,24.77,43100,0.0
2010-09-10,24.23,24.29,24.08,24.2,159300,0.0
2010-09-13,24.23,24.36,24.21,24.36,64800,0.0
2010-09-14,24.22,24.4,24.16,24.33,27300,0.0
2010-09-15,24.24,24.43,24.2,24.32,83100,0.0
2010-09-16,24.25,24.39,24.18,24.39,90500,0.0
2010-09-17,24.64,24.64,24.43,24.46,49300,0.0
2010-09-20,24.73,24.99,24.61,24.96,91500,0.0
2010-09-21,24.59,24.62,24.32,24.52,40100,0.0
2010-09-22,24.39,24.67,24.3,24.4,36800,0.0
2010-09-23,24.14,24.34,24.07,24.07,51900,0.0
2010-09-24,24.35,24.69,24.35,24.68,49500,0.0
2010-09-27,24.5,24.53,24.29,24.42,77900,0.0
2010-09-28,24.52,24.66,24.29,24.61,54900,0.0
2010-09-29,24.39,24.52,24.28,24.47,60800,0.0
2010-09-30,24.76,24.85,24.43,24.45,68300,0.0
2010-10-01,24.56,24.67,24.51,24.6,46800,0.0
2010-10-04,24.3,24.34,24.03,24.17,68600,0.0
2010-10-05,24.56,24.98,24.56,24.86,86600,0.0
2010-10-06,25.0,25.19,25.0,25.17,210600,0.0
2010-10-07,25.28,25.28,24.93,25.14,84500,0.0
2010-10-08,24.91,25.16,24.78,24.96,127000,0.0
2010-10-11,25.06,25.09,24.92,24.92,46100,0.0
2010-10-12,24.62,24.83,24.5,24.78,162000,0.0
2010-10-13,24.95,25.14,24.91,25.04,137900,0.0
2010-10-14,24.94,24.97,24.75,24.92,205900,0.0
2010-10-15,25.14,25.16,24.76,25.0,152100,0.0
2010-10-18,24.8,25.22,24.78,24.92,158900,0.0
2010-10-19,24.6,24.76,24.46,24.59,119100,0.0
2010-10-20,24.05,24.47,24.03,24.44,137000,0.0
2010-10-21,24.4,24.52,24.14,24.35,88600,0.0
2010-10-22,24.44,24.44,24.15,24.15,90700,0.0
2010-10-25,24.2,24.44,24.1,24.34,74500,0.0
2010-10-26,24.4,24.68,24.4,24.67,76800,0.0
2010-10-27,24.29,24.4,24.1,24.27,75100,0.0
2010-10-28,24.33,24.49,24.28,24.3,55200,0.0
2010-10-29,24.42,24.78,24.42,24.76,77600,0.0
2010-11-01,24.7,24.74,24.44,24.54,104900,0.0
2010-11-02,24.37,24.5,24.21,24.33,106300,0.0
2010-11-03,24.3,24.45,24.08,24.45,100900,0.0
2010-11-04,24.49,24.98,24.49,24.92,124200,0.0
2010-11-05,24.88,25.28,24.88,25.27,273000,0.0
2010-11-08,25.02,25.14,24.82,25.13,302600,0.0
2010-11-09,24.85,24.85,24.46,24.68,264600,0.0
2010-11-10,25.02,25.25,24.68,25.14,158600,0.0
2010-11-11,24.73,24.9,24.58,24.86,146300,0.0
2010-11-12,24.56,24.66,24.12,24.21,172400,0.0
2010-11-15,24.16,24.16,23.55,23.78,233400,0.0
2010-11-16,23.44,23.44,22.77,23.14,279300,0.0
2010-11-17,23.22,23.37,23.13,23.22,93400,0.0
2010-11-18,23.67,23.93,23.67,23.89,175400,0.0
2010-11-19,23.65,23.79,23.4,23.79,211100,0.0
2010-11-22,23.7,23.8,23.41,23.7,97100,0.0
2010-11-23,23.65,23.65,23.35,23.48,102900,0.0
2010-11-24,23.83,24.25,23.83,24.17,428500,0.0
2010-11-26,23.89,23.94,23.75,23.88,126000,0.0
2010-11-29,24.29,24.6,23.97,24.56,239900,0.0
2010-11-30,24.2,25.08,24.2,25.08,362000,0.0
2010-12-01,25.12,26.91,25.12,26.91,731200,0.0
2010-12-02,27.2,27.2,26.15,26.75,336700,0.0
2010-12-03,26.93,27.7,26.82,27.01,279200,0.0
2010-12-06,27.5,28.37,27.26,27.7,302900,0.0
2010-12-07,28.0,29.88,27.61,28.85,725600,0.0
2010-12-08,28.79,29.06,27.23,27.65,767000,0.0
2010-12-09,27.92,29.22,27.8,27.8,412600,0.0
2010-12-10,28.78,28.86,28.33,28.33,176500,0.0
2010-12-13,29.35,30.34,29.21,30.0,424500,0.0
2010-12-14,29.75,30.19,28.45,28.46,377900,0.0
2010-12-15,28.42,29.07,27.62,27.8,304000,0.0
2010-12-16,29.0,29.0,26.28,27.14,405000,0.0
2010-12-17,27.44,27.64,26.9,27.27,158000,0.0
2010-12-20,27.45,27.45,26.31,26.54,289500,0.0
2010-12-21,26.61,26.99,26.61,26.98,112200,0.0
2010-12-22,27.02,27.07,26.8,26.86,140000,0.0
2010-12-23,26.45,26.45,25.91,26.18,188100,0.0
2010-12-27,26.0,26.47,25.75,26.04,146700,0.0
2010-12-28,26.15,26.24,25.42,25.52,351900,0.0
2010-12-29,25.44,25.79,25.35,25.77,170000,0.0
2010-12-30,25.81,26.02,25.73,25.94,84200,0.0
2010-12-31,26.14,26.2,26.0,26.18,151800,0.0
2011-01-03,26.5,27.46,26.45,27.4,335500,0.0
2011-01-04,27.65,27.85,26.85,26.94,192200,0.0
2011-01-05,26.91,27.12,26.5,26.79,200700,0.0
2011-01-06,27.17,27.17,26.57,26.91,158200,0.0
2011-01-07,27.14,27.14,26.17,26.17,240800,0.0
2011-01-10,26.11,26.47,26.11,26.26,188000,0.0
2011-01-11,26.24,26.43,26.1,26.33,183600,0.0
2011-01-12,26.44,26.77,26.38,26.77,322700,0.0
2011-01-13,27.0,27.66,26.88,27.46,386800,0.0
2011-01-14,27.59,28.2,27.46,27.98,492300,0.0
2011-01-18,28.05,28.29,27.98,28.05,191600,0.0
2011-01-19,28.15,28.4,27.26,27.27,366700,0.0
2011-01-20,26.92,27.3,26.62,26.76,356300,0.0
2011-01-21,27.43,27.69,27.18,27.44,145300,0.0
2011-01-24,27.25,27.94,27.19,27.94,171600,0.0
2011-01-25,27.3,27.45,27.0,27.45,219400,0.0
2011-01-26,27.46,27.99,27.22,27.99,218900,0.0
2011-01-27,28.09,28.48,27.55,28.45,145700,0.0
2011-01-28,28.6,28.89,28.35,28.46,274800,0.0
2011-01-31,28.29,29.0,28.0,29.0,213700,0.0
2011-02-01,28.97,29.79,28.79,29.36,280300,0.0
2011-02-02,29.43,29.52,28.94,29.3,123900,0.0
2011-02-03,29.28,29.32,28.42,28.42,122400,0.0
2011-02-04,28.9,28.9,27.81,28.19,128900,0.0
2011-02-07,28.97,29.19,28.41,28.93,143100,0.0
2011-02-08,29.53,29.58,28.63,28.93,259000,0.0
2011-02-09,28.92,29.08,28.54,28.67,130600,0.0
2011-02-10,28.36,28.61,28.19,28.19,156700,0.0
2011-02-11,28.66,28.66,27.2,27.2,195000,0.0
2011-02-14,27.88,27.88,25.75,26.26,667900,0.0
2011-02-15,26.46,27.07,26.21,26.96,243200,0.0
2011-02-16,27.18,27.18,26.28,26.34,158700,0.0
2011-02-17,26.25,26.76,26.15,26.28,175400,0.0
2011-02-18,26.4,26.69,25.52,25.62,352800,0.0
2011-02-22,24.5,25.1,23.9,23.9,573500,0.0
2011-02-23,23.88,24.34,23.88,24.34,341700,0.0
2011-02-24,24.34,24.34,23.55,23.99,230100,0.0
2011-02-25,24.2,24.35,24.0,24.3,183800,0.0
2011-02-28,24.1,24.33,24.0,24.25,176200,0.0
2011-03-01,24.31,24.5,23.35,23.8,235600,0.0
2011-03-02,23.58,23.58,23.25,23.52,161400,0.0
2011-03-03,23.16,24.02,23.16,23.97,335300,0.0
2011-03-04,24.0,24.1,23.5,23.65,136800,0.0
2011-03-07,23.97,24.0,23.57,23.9,193400,0.0
2011-03-08,23.95,24.14,23.7,23.7,176800,0.0
2011-03-09,23.76,24.01,23.5,23.76,136400,0.0
2011-03-10,23.85,24.04,23.47,24.0,241500,0.0
2011-03-11,23.73,24.43,23.73,24.32,223400,0.0
2011-03-14,23.78,23.8,23.45,23.66,209100,0.0
2011-03-15,23.01,23.37,22.71,23.37,233700,0.0
2011-03-16,23.12,23.3,22.42,22.75,285000,0.0
2011-03-17,23.03,23.18,22.81,22.84,263900,0.0
2011-03-18,23.17,23.59,23.08,23.26,145000,0.0
2011-03-21,23.81,24.06,23.76,23.9,124400,0.0
2011-03-22,23.72,23.8,23.37,23.63,127600,0.0
2011-03-23,23.55,24.01,23.5,24.0,194900,0.0
2011-03-24,23.79,23.89,23.37,23.88,183000,0.0
2011-03-25,23.72,23.85,23.52,23.63,155500,0.0
2011-03-28,23.69,23.76,23.55,23.64,137300,0.0
2011-03-29,23.59,23.76,23.5,23.7,82400,0.0
2011-03-30,23.7,23.79,23.61,23.69,151600,0.0
2011-03-31,23.62,23.73,23.58,23.73,102200,0.0
2011-04-01,23.7,23.77,23.65,23.75,260100,0.0
2011-04-04,23.74,23.85,23.61,23.83,267400,0.0
2011-04-05,23.85,24.05,23.77,24.05,174200,0.0
2011-04-06,24.3,24.75,24.3,24.7,306500,0.0
2011-04-07,24.45,24.73,24.19,24.57,162800,0.0
2011-04-08,24.46,24.69,24.28,24.58,94400,0.0
2011-04-11,24.51,24.71,24.1,24.4,117700,0.0
2011-04-12,24.24,24.29,23.7,23.78,223500,0.0
2011-04-13,24.07,24.09,23.7,23.89,106800,0.0
2011-04-14,23.84,24.13,23.64,24.13,248200,0.0
2011-04-15,23.99,24.0,23.56,23.66,223100,0.0
2011-04-18,23.4,23.57,22.95,23.57,218300,0.0
2011-04-19,23.75,23.98,23.61,23.92,107500,0.0
2011-04-20,23.98,24.06,23.8,23.84,127800,0.0
2011-04-21,23.56,23.8,23.37,23.73,89700,0.0
2011-04-25,24.0,24.05,23.75,23.99,135800,0.0
2011-04-26,23.95,24.0,23.71,23.88,62900,0.0
2011-04-27,23.9,24.0,23.75,24.0,201700,0.0
2011-04-28,23.99,24.0,23.71,23.75,174300,0.0
2011-04-29,23.85,23.95,23.77,23.9,63000,0.0
2011-05-02,23.99,23.99,23.67,23.74,51000,0.0
2011-05-03,23.68,23.81,23.33,23.38,208000,0.0
2011-05-04,23.73,23.83,23.31,23.42,77000,0.0
2011-05-05,23.32,23.41,23.01,23.3,164800,0.0
2011-05-06,23.3,24.0,23.14,23.99,584000,0.0
2011-05-09,23.77,23.91,23.57,23.57,115000,0.0
2011-05-10,23.73,24.1,23.73,24.01,150300,0.0
2011-05-11,23.76,23.8,23.51,23.68,144900,0.0
2011-05-12,23.57,23.85,23.33,23.33,152000,0.0
2011-05-13,23.64,23.64,23.16,23.38,76100,0.0
2011-05-16,23.44,23.6,23.07,23.07,123800,0.0
2011-05-17,23.0,23.06,22.78,22.91,119700,0.0
2011-05-18,22.87,22.95,22.61,22.67,195300,0.0
2011-05-19,22.51,22.56,21.13,21.46,787700,0.0
2011-05-20,21.28,21.28,20.88,20.89,350100,0.0
2011-05-23,20.34,20.37,20.22,20.25,301300,0.0
2011-05-24,20.2,20.2,19.45,19.6,455900,0.0
2011-05-25,19.19,19.6,19.07,19.51,520700,0.0
2011-05-26,20.08,20.5,19.84,20.4,390700,0.0
2011-05-27,20.65,20.72,20.43,20.57,247000,0.0
2011-05-31,20.77,21.0,20.4,20.47,291500,0.0
2011-06-01,21.01,21.01,20.54,20.83,254900,0.0
2011-06-02,21.57,21.83,21.13,21.83,203500,0.0
2011-06-03,21.26,21.46,20.97,21.07,89900,0.0
2011-06-06,21.09,21.09,20.63,20.91,84400,0.0
2011-06-07,21.63,21.79,21.49,21.49,156600,0.0
2011-06-08,21.49,21.68,21.1,21.34,235500,0.0
2011-06-09,21.62,21.86,21.57,21.71,129800,0.0
2011-06-10,21.68,21.69,21.21,21.36,171700,0.0
2011-06-13,21.54,21.64,21.4,21.57,124800,0.0
2011-06-14,21.47,21.7,21.41,21.7,162400,0.0
2011-06-15,21.38,21.38,20.7,20.73,727500,0.0
2011-06-16,21.16,21.21,20.91,21.05,97800,0.0
2011-06-17,20.83,20.83,20.45,20.55,87400,0.0
2011-06-20,20.5,20.5,20.16,20.21,145800,0.0
2011-06-21,20.92,21.15,20.83,20.98,122500,0.0
2011-06-22,20.97,20.97,20.64,20.83,43600,0.0
2011-06-23,20.49,20.67,20.25,20.52,106900,0.0
2011-06-24,20.59,20.7,20.3,20.4,59800,0.0
2011-06-27,20.61,20.75,20.37,20.45,115400,0.0
2011-06-28,20.56,20.81,20.26,20.72,211500,0.0
2011-06-29,20.77,21.14,20.6,21.14,94200,0.0
2011-06-30,20.99,20.99,20.55,20.86,158000,0.0
2011-07-01,20.42,20.49,20.25,20.4,132000,0.0
2011-07-05,20.75,20.75,20.46,20.46,91600,0.0
2011-07-06,20.37,20.5,19.99,19.99,197000,0.0
2011-07-07,20.25,20.5,20.07,20.47,87000,0.0
2011-07-08,20.19,20.19,19.9,20.08,67800,0.0
2011-07-11,19.99,19.99,19.66,19.86,165900,0.0
2011-07-12,19.85,19.98,19.83,19.88,60300,0.0
2011-07-13,19.94,20.15,19.93,19.95,114100,0.0
2011-07-14,20.1,20.2,19.75,19.76,66400,0.0
2011-07-15,19.75,19.76,19.65,19.68,46700,0.0
2011-07-18,19.62,19.7,19.39,19.43,105600,0.0
2011-07-19,19.45,19.76,19.37,19.74,103200,0.0
2011-07-20,20.01,20.01,19.74,19.87,91400,0.0
2011-07-21,19.85,20.08,19.6,19.62,110700,0.0
2011-07-22,19.72,19.99,19.56,19.99,167800,0.0
2011-07-25,19.8,19.97,19.52,19.89,74800,0.0
2011-07-26,19.83,19.88,19.72,19.81,49400,0.0
2011-07-27,19.72,20.0,19.37,19.68,150700,0.0
2011-07-28,19.61,19.99,19.48,19.64,53100,0.0
2011-07-29,19.52,19.54,19.26,19.54,126200,0.0
2011-08-01,19.53,19.54,19.17,19.29,188300,0.0
2011-08-02,19.13,19.14,18.9,18.94,171500,0.0
2011-08-03,18.85,19.03,18.43,18.73,135100,0.0
2011-08-04,18.68,18.77,17.78,17.82,237700,0.0
2011-08-05,18.66,18.69,17.98,18.48,280700,0.0
2011-08-08,17.76,18.09,17.08,17.3,295900,0.0
2011-08-09,17.8,17.99,17.0,17.78,243000,0.0
2011-08-10,17.28,17.61,17.01,17.28,157700,0.0
2011-08-11,17.45,17.65,17.14,17.44,166500,0.0
2011-08-12,17.94,17.94,17.44,17.53,130500,0.0
2011-08-15,17.65,18.12,17.61,17.74,146700,0.0
2011-08-16,17.71,17.9,17.32,17.63,66200,0.0
2011-08-17,18.05,18.35,17.95,17.96,173600,0.0
2011-08-18,18.05,18.08,17.63,17.66,247500,0.0
2011-08-19,17.78,18.02,17.67,17.68,120500,0.0
2011-08-22,18.48,18.5,18.18,18.18,186900,0.0
2011-08-23,18.13,18.44,18.06,18.3,56300,0.0
2011-08-24,18.05,18.08,17.75,17.98,80900,0.0
2011-08-25,18.06,18.06,17.7,17.7,85400,0.0
2011-08-26,17.93,18.3,17.6,18.17,108500,0.0
2011-08-29,18.39,18.8,18.39,18.73,112000,0.0
2011-08-30,18.76,19.06,18.66,18.89,113500,0.0
2011-08-31,19.23,19.49,19.13,19.39,164500,0.0
2011-09-01,19.6,19.95,19.53,19.54,127600,0.0
2011-09-02,19.46,19.73,19.24,19.53,272000,0.0
2011-09-06,19.14,19.57,19.14,19.45,110900,0.0
2011-09-07,19.81,20.66,19.81,20.62,306300,0.0
2011-09-08,20.39,20.68,20.2,20.31,168300,0.0
2011-09-09,20.3,20.3,19.82,19.85,90000,0.0
2011-09-12,20.09,20.32,19.69,20.0,96800,0.0
2011-09-13,19.89,20.29,19.87,20.1,77000,0.0
2011-09-14,20.01,20.09,19.66,19.87,55600,0.0
2011-09-15,19.81,19.89,19.58,19.82,46200,0.0
2011-09-16,19.32,19.5,18.9,18.94,266800,0.0
2011-09-19,19.1,20.16,18.84,19.88,504800,0.0
2011-09-20,19.63,19.67,19.34,19.48,66600,0.0
2011-09-21,19.22,19.22,18.51,18.55,81500,0.0
2011-09-22,18.41,18.67,17.84,17.93,239100,0.0
2011-09-23,18.19,18.23,17.73,18.11,118500,0.0
2011-09-26,17.95,18.22,17.75,18.08,77300,0.0
2011-09-27,18.43,18.84,18.24,18.3,99700,0.0
2011-09-28,18.3,18.3,17.89,17.92,102100,0.0
2011-09-29,17.91,18.27,17.7,17.9,132700,0.0
2011-09-30,17.78,17.78,17.25,17.25,184100,0.0
2011-10-03,17.19,17.49,17.0,17.15,283200,0.0
2011-10-04,16.9,17.12,16.64,17.11,239100,0.0
2011-10-05,17.15,17.35,16.85,17.23,97000,0.0
2011-10-06,17.26,17.71,17.25,17.54,132000,0.0
2011-10-07,17.4,17.53,17.21,17.41,87000,0.0
2011-10-10,17.67,17.8,17.58,17.76,71900,0.0
2011-10-11,17.49,17.68,17.42,17.53,61700,0.0
2011-10-12,17.46,17.71,17.44,17.59,77200,0.0
2011-10-13,17.32,17.52,17.18,17.52,112600,0.0
2011-10-14,17.61,17.79,17.6,17.61,46300,0.0
2011-10-17,17.47,17.49,17.18,17.18,74200,0.0
2011-10-18,17.14,17.88,17.1,17.88,231600,0.0
2011-10-19,17.53,17.77,17.46,17.69,178300,0.0
2011-10-20,17.41,17.61,17.05,17.36,63900,0.0
2011-10-21,17.91,18.12,17.84,17.94,70800,0.0
2011-10-24,18.07,18.21,17.86,17.95,243400,0.0
2011-10-25,17.82,17.87,17.49,17.5,76100,0.0
2011-10-26,18.03,18.03,17.62,17.8,196300,0.0
2011-10-27,18.34,18.6,18.31,18.44,111100,0.0
2011-10-28,18.51,18.67,18.41,18.63,68400,0.0
2011-10-31,18.41,18.43,18.12,18.28,169200,0.0
2011-11-01,17.77,17.84,17.33,17.66,64500,0.0
2011-11-02,17.76,17.9,17.4,17.66,169400,0.0
2011-11-03,17.61,17.9,17.58,17.77,53400,0.0
2011-11-04,17.61,17.65,17.35,17.56,27400,0.0
2011-11-07,17.31,17.49,17.25,17.48,65000,0.0
2011-11-08,17.33,17.6,17.27,17.44,62500,0.0
2011-11-09,17.1,17.1,16.9,17.02,107600,0.0
2011-11-10,17.09,17.27,16.92,17.24,150000,0.0
2011-11-11,17.12,17.3,17.07,17.28,225000,0.0
2011-11-14,16.72,16.88,16.52,16.64,195600,0.0
2011-11-15,16.59,16.65,16.2,16.24,398200,0.0
2011-11-16,16.41,16.5,16.31,16.31,97400,0.0
2011-11-17,16.31,16.41,15.81,15.98,151100,0.0
2011-11-18,16.0,16.0,15.81,15.9,45200,0.0
2011-11-21,15.69,15.69,15.36,15.4,87200,0.0
2011-11-22,15.67,15.69,15.38,15.52,57900,0.0
2011-11-23,15.77,15.77,15.5,15.5,69000,0.0
2011-11-25,15.98,15.98,15.33,15.47,103100,0.0
2011-11-28,15.89,15.89,15.47,15.62,248300,0.0
2011-11-29,15.55,15.7,15.5,15.63,112100,0.0
2011-11-30,15.82,16.16,15.76,16.07,107200,0.0
2011-12-01,15.68,15.96,15.68,15.84,76900,0.0
2011-12-02,15.95,16.12,15.95,16.04,42000,0.0
2011-12-05,16.37,16.6,16.37,16.54,92300,0.0
2011-12-06,16.38,16.49,16.23,16.33,75400,0.0
2011-12-07,16.19,16.35,16.12,16.24,59800,0.0
2011-12-08,15.98,15.99,15.6,15.62,50400,0.0
2011-12-09,15.54,15.9,15.5,15.71,82700,0.0
2011-12-12,15.5,15.53,15.24,15.38,159400,0.0
2011-12-13,15.4,15.63,15.25,15.37,115000,0.0
2011-12-14,15.21,15.52,15.2,15.37,253600,0.0
2011-12-15,15.38,15.49,15.22,15.32,112700,0.0
2011-12-16,15.35,15.72,15.13,15.69,267900,0.0
2011-12-19,15.59,15.8,15.53,15.62,271100,0.0
2011-12-20,15.58,15.99,15.52,15.91,435700,0.0
2011-12-21,15.77,15.85,15.53,15.76,73900,0.0
2011-12-22,15.5,15.64,15.29,15.46,213200,0.0
2011-12-23,15.05,15.15,15.0,15.03,115400,0.0
2011-12-27,14.78,14.81,14.48,14.53,306600,0.0
2011-12-28,14.6,14.66,14.36,14.37,116700,0.0
2011-12-29,14.45,14.59,14.32,14.34,158900,0.0
2011-12-30,14.46,14.66,14.37,14.55,204300,0.0
2012-01-03,14.65,14.8,14.65,14.75,104900,0.0
2012-01-04,14.65,14.68,14.44,14.59,129000,0.0
2012-01-05,14.31,14.41,14.28,14.32,64100,0.0
2012-01-06,14.22,14.42,14.15,14.4,121300,0.0
2012-01-09,14.5,14.64,14.41,14.6,153000,0.0
2012-01-10,14.87,14.99,14.85,14.93,181200,0.0
2012-01-11,14.88,14.96,14.75,14.94,179800,0.0
2012-01-12,14.95,15.23,14.9,15.18,169800,0.0
2012-01-13,15.14,15.37,15.14,15.16,125500,0.0
2012-01-17,15.59,15.59,15.38,15.48,141900,0.0
2012-01-18,15.57,15.94,15.5,15.94,156000,0.0
2012-01-19,16.2,16.39,16.03,16.2,149600,0.0
2012-01-20,16.38,16.38,16.24,16.35,66600,0.0
2012-01-23,16.37,16.37,16.08,16.35,158700,0.0
2012-01-24,16.28,16.3,16.2,16.2,37400,0.0
2012-01-25,16.1,16.5,16.1,16.49,98100,0.0
2012-01-26,16.5,16.52,16.35,16.46,65600,0.0
2012-01-27,16.33,16.65,16.33,16.64,253100,0.0
2012-01-30,16.56,16.86,16.56,16.79,154300,0.0
2012-01-31,16.85,17.15,16.8,17.1,420100,0.0
2012-02-01,17.18,17.49,17.16,17.2,179300,0.0
2012-02-02,17.93,18.35,17.73,17.81,483300,0.0
2012-02-03,17.86,18.0,17.86,17.93,169900,0.0
2012-02-06,17.8,17.88,17.66,17.72,156300,0.0
2012-02-07,17.91,18.05,17.77,17.77,62500,0.0
2012-02-08,18.32,18.32,18.0,18.06,187300,0.0
2012-02-09,18.08,18.31,17.98,17.98,120600,0.0
2012-02-10,17.72,17.78,17.52,17.53,142800,0.0
2012-02-13,17.55,17.58,17.08,17.24,286200,0.0
2012-02-14,17.5,17.55,17.12,17.34,221600,0.0
2012-02-15,17.12,17.43,17.03,17.17,169300,0.0
2012-02-16,17.34,17.59,17.3,17.59,150300,0.0
2012-02-17,17.72,17.85,17.62,17.73,248800,0.0
2012-02-21,18.13,18.3,17.95,18.25,322900,0.0
2012-02-22,18.3,18.63,18.26,18.55,271900,0.0
2012-02-23,18.72,19.1,18.57,19.07,216500,0.0
2012-02-24,19.03,19.77,19.03,19.68,497000,0.0
2012-02-27,19.81,20.08,19.61,19.99,280400,0.0
2012-02-28,19.67,19.76,19.28,19.54,241800,0.0
2012-02-29,19.55,19.55,19.01,19.16,218700,0.0
2012-03-01,19.16,19.83,19.16,19.69,527400,0.0
2012-03-02,19.97,20.26,19.94,20.2,252000,0.0
2012-03-05,20.53,21.05,20.53,20.86,741200,0.0
2012-03-06,20.12,20.31,19.31,19.67,693600,0.0
2012-03-07,19.94,20.2,19.85,20.01,308400,0.0
2012-03-08,20.15,20.2,19.7,20.01,247600,0.0
2012-03-09,20.2,20.23,19.88,20.14,178700,0.0
2012-03-12,20.01,20.04,19.61,19.69,287300,0.0
2012-03-13,19.82,19.88,19.5,19.68,276400,0.0
2012-03-14,20.07,20.07,19.08,19.14,308000,0.0
2012-03-15,20.0,20.37,19.55,20.37,431600,0.0
2012-03-16,19.76,20.02,19.76,20.01,199700,0.0
2012-03-19,20.06,20.06,19.81,19.92,111200,0.0
2012-03-20,19.7,19.97,19.55,19.74,130400,0.0
2012-03-21,20.05,20.05,19.76,19.87,125600,0.0
2012-03-22,19.86,19.9,19.7,19.79,152900,0.0
2012-03-23,20.0,20.1,19.88,19.89,52800,0.0
2012-03-26,19.98,20.14,19.98,20.14,335300,0.0
2012-03-27,19.89,19.91,19.38,19.53,279400,0.0
2012-03-28,19.61,19.61,19.3,19.37,165800,0.0
2012-03-29,19.3,19.54,18.84,19.02,175000,0.0
2012-03-30,19.65,19.65,18.99,19.14,337700,0.0
2012-04-02,19.26,20.24,19.09,19.49,459600,0.0
2012-04-03,19.45,19.6,19.43,19.53,115000,0.0
2012-04-04,19.35,19.46,19.1,19.13,151900,0.0
2012-04-05,19.15,19.51,19.12,19.48,117200,0.0
2012-04-09,19.27,19.71,19.13,19.27,359400,0.0
2012-04-10,19.2,19.35,18.92,18.94,357000,0.0
2012-04-11,19.39,19.96,19.39,19.88,481400,0.0
2012-04-12,19.98,20.6,19.98,20.6,467300,0.0
2012-04-13,20.35,20.39,20.13,20.19,162300,0.0
2012-04-16,20.44,20.72,20.4,20.56,316400,0.0
2012-04-17,20.66,21.2,20.65,21.15,400100,0.0
2012-04-18,20.87,21.0,20.68,20.83,353600,0.0
2012-04-19,20.54,20.59,20.25,20.28,241000,0.0
2012-04-20,20.39,20.44,20.17,20.17,83700,0.0
2012-04-23,20.18,20.18,19.88,20.02,156400,0.0
2012-04-24,20.21,20.36,20.2,20.31,143300,0.0
2012-04-25,20.53,20.68,20.53,20.61,90000,0.0
2012-04-26,20.39,20.58,20.22,20.5,153400,0.0
2012-04-27,20.71,20.83,20.58,20.77,156000,0.0
2012-04-30,20.7,20.88,20.63,20.87,240000,0.0
2012-05-01,20.78,21.16,20.78,21.14,320200,0.0
2012-05-02,20.9,20.9,20.61,20.74,133000,0.0
2012-05-03,20.74,20.74,20.5,20.52,156000,0.0
2012-05-04,20.58,20.62,20.33,20.33,166700,0.0
2012-05-07,20.64,21.06,20.55,21.04,165000,0.0
2012-05-08,20.98,21.15,20.79,21.05,419600,0.0
2012-05-09,20.85,21.28,20.83,21.1,254600,0.0
2012-05-10,20.97,21.26,20.97,21.13,183200,0.0
2012-05-11,20.78,20.78,20.27,20.44,149000,0.0
2012-05-14,19.98,19.99,19.53,19.54,388800,0.0
2012-05-15,19.24,19.24,18.67,18.68,761600,0.0
2012-05-16,18.76,18.79,18.51,18.56,285200,0.0
2012-05-17,18.46,18.47,18.17,18.17,304800,0.0
2012-05-18,18.15,18.15,17.76,17.98,339400,0.0
2012-05-21,18.49,18.91,18.43,18.83,337800,0.0
2012-05-22,18.76,18.84,18.56,18.62,126600,0.0
2012-05-23,18.3,18.3,17.93,18.12,351000,0.0
2012-05-24,18.27,18.27,17.88,18.06,133900,0.0
2012-05-25,18.49,18.67,18.34,18.53,190200,0.0
2012-05-29,18.2,18.82,18.2,18.82,187200,0.0
2012-05-30,18.53,18.72,18.44,18.45,116200,0.0
2012-05-31,18.42,18.44,17.85,18.15,356300,0.0
2012-06-01,17.96,18.02,17.78,17.78,163200,0.0
2012-06-04,17.75,17.79,17.33,17.46,234300,0.0
2012-06-05,17.6,17.82,17.57,17.72,109300,0.0
2012-06-06,18.11,18.41,18.11,18.33,101200,0.0
2012-06-07,18.36,18.76,18.36,18.58,128300,0.0
2012-06-08,18.21,18.55,18.21,18.52,56900,0.0
2012-06-11,18.57,18.57,18.28,18.31,144300,0.0
2012-06-12,18.3,18.39,18.25,18.32,120700,0.0
2012-06-13,18.2,18.42,18.0,18.15,79900,0.0
2012-06-14,18.16,18.27,18.1,18.2,53600,0.0
2012-06-15,18.5,18.62,18.41,18.6,87100,0.0
2012-06-18,18.42,18.91,18.37,18.69,139100,0.0
2012-06-19,18.5,18.99,18.43,18.91,197000,0.0
2012-06-20,18.83,18.95,18.75,18.81,82600,0.0
2012-06-21,18.77,18.8,18.19,18.25,138800,0.0
2012-06-22,18.14,18.45,18.14,18.45,52300,0.0
2012-06-25,18.29,18.29,17.84,17.94,101900,0.0
2012-06-26,17.73,17.95,17.7,17.95,32400,0.0
2012-06-27,17.77,17.95,17.67,17.83,63700,0.0
2012-06-28,17.67,17.79,17.58,17.67,52500,0.0
2012-06-29,18.01,18.38,18.01,18.37,73200,0.0
2012-07-02,18.14,18.17,17.93,18.11,68200,0.0
2012-07-03,17.89,18.14,17.82,18.11,58700,0.0
2012-07-05,18.05,18.2,17.63,17.7,103400,0.0
2012-07-06,17.62,17.82,17.46,17.56,80200,0.0
2012-07-09,17.53,17.53,17.2,17.38,89200,0.0
2012-07-10,17.45,17.52,17.0,17.11,81100,0.0
2012-07-11,17.22,17.4,17.21,17.4,106600,0.0
2012-07-12,17.4,17.53,17.14,17.46,78800,0.0
2012-07-13,17.92,18.24,17.83,18.11,124000,0.0
2012-07-16,17.95,17.97,17.56,17.64,96100,0.0
2012-07-17,18.19,18.27,17.95,18.25,71800,0.0
2012-07-18,18.05,18.3,18.0,18.16,39400,0.0
2012-07-19,18.43,18.62,18.4,18.59,45100,0.0
2012-07-20,18.33,18.33,18.05,18.08,67800,0.0
2012-07-23,17.86,18.0,17.83,17.93,140800,0.0
2012-07-24,17.93,17.93,17.51,17.54,114400,0.0
2012-07-25,17.72,17.75,17.5,17.59,66700,0.0
2012-07-26,17.93,17.93,17.73,17.75,61000,0.0
2012-07-27,17.71,17.9,17.53,17.9,42200,0.0
2012-07-30,17.87,17.88,17.69,17.81,41500,0.0
2012-07-31,17.79,17.84,17.64,17.65,91900,0.0
2012-08-01,17.89,17.89,17.53,17.62,83500,0.0
2012-08-02,17.59,17.65,17.39,17.48,67600,0.0
2012-08-03,17.79,18.03,17.79,17.99,140600,0.0
2012-08-06,18.22,18.22,17.95,17.95,128000,0.0
2012-08-07,17.9,18.04,17.9,17.96,87500,0.0
2012-08-08,17.93,18.05,17.93,18.01,57100,0.0
2012-08-09,18.05,18.22,18.02,18.1,33800,0.0
2012-08-10,18.04,18.1,17.99,18.03,52800,0.0
2012-08-13,17.95,17.95,17.79,17.92,150400,0.0
2012-08-14,18.05,18.27,17.93,17.95,107800,0.0
2012-08-15,17.98,18.22,17.98,18.19,106400,0.0
2012-08-16,18.28,18.29,18.08,18.2,112400,0.0
2012-08-17,18.2,18.21,18.07,18.18,31300,0.0
2012-08-20,18.28,18.32,18.17,18.28,50300,0.0
2012-08-21,17.73,17.81,17.5,17.7,384700,0.0
2012-08-22,17.57,17.63,17.36,17.52,159300,0.0
2012-08-23,16.95,16.98,16.29,16.42,512400,0.0
2012-08-24,16.74,17.05,16.67,16.96,237200,0.0
2012-08-27,16.47,16.55,16.41,16.48,230000,0.0
2012-08-28,16.44,16.62,16.44,16.62,183700,0.0
2012-08-29,16.82,16.92,16.77,16.84,133900,0.0
2012-08-30,16.87,17.0,16.7,16.84,204200,0.0
2012-08-31,16.98,17.09,16.95,17.05,101900,0.0
2012-09-04,17.21,17.25,17.08,17.24,204700,0.0
2012-09-05,17.02,17.07,16.84,16.84,123700,0.0
2012-09-06,16.91,17.1,16.91,17.0,195400,0.0
2012-09-07,16.96,17.0,16.9,16.93,109700,0.0
2012-09-10,16.55,16.6,16.5,16.5,138400,0.0
2012-09-11,16.4,16.54,16.11,16.15,342100,0.0
2012-09-12,16.38,16.38,16.17,16.18,168300,0.0
2012-09-13,16.88,16.88,16.26,16.52,464200,0.0
2012-09-14,16.71,16.98,16.64,16.85,208700,0.0
2012-09-17,16.94,16.94,16.75,16.87,184300,0.0
2012-09-18,16.72,16.72,16.38,16.46,179300,0.0
2012-09-19,16.72,16.72,16.34,16.47,190400,0.0
2012-09-20,16.27,16.27,16.13,16.14,190000,0.0
2012-09-21,16.46,16.72,16.43,16.48,182400,0.0
2012-09-24,16.23,16.24,16.1,16.2,130700,0.0
2012-09-25,16.14,16.17,15.79,15.83,364300,0.0
2012-09-26,16.04,16.09,15.94,16.05,191400,0.0
2012-09-27,16.03,16.21,15.98,16.18,187000,0.0
2012-09-28,16.06,16.06,15.94,16.05,68800,0.0
2012-10-01,16.02,16.06,15.83,15.98,128100,0.0
2012-10-02,15.92,15.92,15.74,15.76,114700,0.0
2012-10-03,15.85,15.99,15.84,15.98,104100,0.0
2012-10-04,15.95,15.99,15.89,15.91,112100,0.0
2012-10-05,16.06,16.09,15.89,15.95,247600,0.0
2012-10-08,16.0,16.08,16.0,16.07,51500,0.0
2012-10-09,16.17,16.17,15.97,16.05,135900,0.0
2012-10-10,16.17,16.18,16.02,16.03,81200,0.0
2012-10-11,16.18,16.38,16.12,16.35,96400,0.0
2012-10-12,16.4,16.4,16.18,16.25,67400,0.0
2012-10-15,16.19,16.44,16.05,16.37,249000,0.0
2012-10-16,16.62,16.99,16.62,16.9,329500,0.0
2012-10-17,16.8,16.91,16.69,16.8,214400,0.0
2012-10-18,16.79,16.89,16.69,16.74,140700,0.0
2012-10-19,16.61,16.62,16.29,16.39,170100,0.0
2012-10-22,16.23,16.51,16.23,16.44,94800,0.0
2012-10-23,16.23,16.27,16.14,16.27,78800,0.0
2012-10-24,16.21,16.34,16.07,16.07,115600,0.0
2012-10-25,16.14,16.19,16.08,16.1,65300,0.0
2012-10-26,16.08,16.18,16.01,16.09,70600,0.0
2012-10-31,16.0,16.03,15.75,15.76,277600,0.0
2012-11-01,15.87,16.16,15.84,16.06,82900,0.0
2012-11-02,15.65,15.75,15.56,15.67,190300,0.0
2012-11-05,15.67,15.67,15.51,15.55,69900,0.0
2012-11-06,15.63,15.75,15.47,15.5,213100,0.0
2012-11-07,15.64,15.68,15.5,15.5,162900,0.0
2012-11-08,15.68,15.86,15.68,15.69,72000,0.0
2012-11-09,15.82,16.0,15.78,15.96,112200,0.0
2012-11-12,16.0,16.03,15.9,15.95,55300,0.0
2012-11-13,15.86,15.88,15.72,15.83,95800,0.0
2012-11-14,15.95,16.0,15.54,15.54,87800,0.0
2012-11-15,15.68,15.71,15.55,15.59,73800,0.0
2012-11-16,15.62,15.77,15.59,15.76,85800,0.0
2012-11-19,15.68,15.76,15.68,15.72,50600,0.0
2012-11-20,15.72,15.72,15.62,15.66,60400,0.0
2012-11-21,15.66,15.73,15.56,15.64,71300,0.0
2012-11-23,15.71,15.77,15.65,15.76,44300,0.0
2012-11-26,15.66,15.66,15.51,15.55,102200,0.0
2012-11-27,15.5,15.55,15.42,15.5,133100,0.0
2012-11-28,15.4,15.51,15.35,15.51,97900,0.0
2012-11-29,15.66,15.69,15.6,15.67,72800,0.0
2012-11-30,15.67,15.7,15.5,15.59,102100,0.0
2012-12-03,15.62,15.69,15.62,15.66,56000,0.0
2012-12-04,15.7,15.86,15.69,15.81,116500,0.0
2012-12-05,15.96,16.15,15.87,16.08,229200,0.0
2012-12-06,16.05,16.16,16.0,16.12,90900,0.0
2012-12-07,16.08,16.48,16.07,16.4,663000,0.0
2012-12-10,16.44,16.5,16.37,16.49,191200,0.0
2012-12-11,16.71,16.71,16.6,16.69,170400,0.0
2012-12-12,16.99,16.99,16.77,16.83,221300,0.0
2012-12-13,16.79,16.82,16.57,16.6,127700,0.0
2012-12-14,16.7,16.73,16.6,16.7,66500,0.0
2012-12-17,16.83,16.98,16.74,16.98,245600,0.0
2012-12-18,16.98,17.0,16.82,17.0,200900,0.0
2012-12-19,17.0,17.05,16.91,16.98,179900,0.0
2012-12-20,17.09,17.5,16.95,17.45,308800,0.0
2012-12-21,17.11,17.34,17.09,17.25,213800,0.0
2012-12-24,16.99,17.36,16.99,17.3,200900,0.0
2012-12-26,17.27,17.59,17.16,17.33,191000,0.0
2012-12-27,17.46,17.51,17.19,17.19,228000,0.0
2012-12-28,17.27,17.5,17.24,17.3,230500,0.0
2012-12-31,17.46,18.15,17.41,18.0,277200,0.0
2013-01-02,18.52,19.5,18.17,18.95,656400,0.0
2013-01-03,18.76,18.92,18.6,18.61,455600,0.0
2013-01-04,18.99,19.37,18.96,19.16,559600,0.0
2013-01-07,19.38,19.77,19.32,19.64,724200,0.0
2013-01-08,20.01,20.18,19.92,20.06,704500,0.0
2013-01-09,19.85,20.0,19.77,19.96,547200,0.0
2013-01-10,20.59,20.91,20.5,20.86,634800,0.0
2013-01-11,20.85,20.91,19.2,19.8,1369600,0.0
2013-01-14,19.58,19.98,19.58,19.82,501000,0.0
2013-01-15,20.1,20.14,19.79,19.91,538500,0.0
2013-01-16,19.93,20.46,19.93,20.36,438800,0.0
2013-01-17,20.2,20.5,20.04,20.43,492100,0.0
2013-01-18,20.4,20.4,20.14,20.23,411900,0.0
2013-01-22,19.91,20.06,19.62,19.88,701700,0.0
2013-01-23,19.8,20.0,19.64,19.72,333300,0.0
2013-01-24,20.23,20.38,19.88,20.05,366000,0.0
2013-01-25,20.53,20.89,20.5,20.79,648800,0.0
2013-01-28,21.25,21.56,21.2,21.46,1055100,0.0
2013-01-29,21.64,21.97,21.46,21.88,602000,0.0
2013-01-30,21.99,22.75,21.95,22.38,1023400,0.0
2013-01-31,22.26,22.26,21.31,21.4,1076400,0.0
2013-02-01,21.71,22.07,21.26,22.02,971600,0.0
2013-02-04,22.03,23.13,22.03,22.95,1492600,0.0
2013-02-05,22.87,22.88,22.42,22.55,846700,0.0
2013-02-06,23.0,23.0,22.3,22.78,816800,0.0
2013-02-07,22.9,22.9,22.22,22.28,779800,0.0
2013-02-08,22.37,22.99,22.37,22.96,649600,0.0
2013-02-11,23.1,23.59,23.0,23.58,681800,0.0
2013-02-12,23.45,23.58,23.36,23.42,389300,0.0
2013-02-13,23.48,23.49,23.15,23.3,597400,0.0
2013-02-14,23.1,23.3,23.01,23.14,373300,0.0
2013-02-15,23.12,23.49,23.12,23.27,556300,0.0
2013-02-19,23.0,23.2,22.89,23.05,716700,0.0
2013-02-20,23.07,23.29,22.9,22.91,659300,0.0
2013-02-21,22.05,22.06,20.67,21.15,1920400,0.0
2013-02-22,21.5,21.69,21.12,21.47,900700,0.0
2013-02-25,21.89,21.97,21.4,21.4,841200,0.0
2013-02-26,20.92,20.92,20.29,20.47,958400,0.0
2013-02-27,20.67,21.58,20.59,21.32,881000,0.0
2013-02-28,21.56,21.98,21.42,21.43,998800,0.0
2013-03-01,21.63,21.64,20.86,20.9,833600,0.0
2013-03-04,20.54,20.56,19.72,19.78,1331600,0.0
2013-03-05,19.67,20.34,19.67,20.02,878200,0.0
2013-03-06,20.55,21.15,20.45,20.65,1361400,0.0
2013-03-07,20.51,20.68,20.43,20.62,759100,0.0
2013-03-08,20.81,20.99,20.77,20.93,716800,0.0
2013-03-11,21.09,21.27,21.03,21.24,673200,0.0
2013-03-12,21.15,21.24,21.0,21.01,873000,0.0
2013-03-13,20.95,21.01,20.42,20.57,779300,0.0
2013-03-14,20.72,20.77,20.32,20.43,808700,0.0
2013-03-15,20.74,20.81,20.5,20.62,705200,0.0
2013-03-18,20.53,20.97,20.49,20.81,769900,0.0
2013-03-19,20.7,20.74,20.3,20.49,1140400,0.0
2013-03-20,20.71,20.99,20.58,20.9,733300,0.0
2013-03-21,20.95,21.0,20.81,20.9,588600,0.0
2013-03-22,20.67,20.71,20.17,20.67,995900,0.0
2013-03-25,20.84,20.9,20.62,20.7,654400,0.0
2013-03-26,20.8,20.87,20.52,20.79,546200,0.0
2013-03-27,20.64,20.73,20.58,20.58,265700,0.0
2013-03-28,20.43,20.47,20.31,20.41,385500,0.0
2013-04-01,20.81,20.85,20.53,20.56,750300,0.0
2013-04-02,20.9,21.0,20.8,20.86,562800,0.0
2013-04-03,20.68,20.8,20.43,20.49,311300,0.0
2013-04-04,20.4,20.48,20.29,20.48,512700,0.0
2013-04-05,20.53,20.55,20.25,20.45,357500,0.0
2013-04-08,20.64,20.7,20.46,20.6,177100,0.0
2013-04-09,20.44,20.51,19.9,20.14,1064900,0.0
2013-04-10,19.7,20.03,19.66,19.98,633700,0.0
2013-04-11,20.22,20.31,20.02,20.19,370900,0.0
2013-04-12,19.89,20.12,19.76,20.09,432000,0.0
2013-04-15,19.51,19.51,18.75,18.79,955300,0.0
2013-04-16,19.35,19.35,18.91,19.16,384700,0.0
2013-04-17,19.11,19.11,18.75,18.84,448400,0.0
2013-04-18,18.81,18.81,18.25,18.36,798200,0.0
2013-04-19,18.61,18.83,18.45,18.71,558300,0.0
2013-04-22,18.5,18.64,18.25,18.3,508000,0.0
2013-04-23,18.56,18.75,18.54,18.73,328300,0.0
2013-04-24,18.72,18.83,18.59,18.73,378600,0.0
2013-04-25,18.97,19.23,18.9,18.93,569700,0.0
2013-04-26,18.99,19.41,18.86,19.26,553100,0.0
2013-04-29,19.4,19.58,19.17,19.35,556600,0.0
2013-04-30,19.54,19.54,19.35,19.51,179200,0.0
2013-05-01,19.41,19.51,19.3,19.41,162400,0.0
2013-05-02,19.41,19.41,19.12,19.12,248800,0.0
2013-05-03,19.46,19.46,19.23,19.28,231400,0.0
2013-05-06,19.82,20.12,19.75,20.06,621000,0.0
2013-05-07,20.25,20.46,20.11,20.44,316100,0.0
2013-05-08,20.26,20.38,20.17,20.31,332700,0.0
2013-05-09,20.28,20.42,20.26,20.37,258600,0.0
2013-05-10,20.25,20.32,20.04,20.32,305200,0.0
2013-05-13,20.32,20.42,20.27,20.27,295100,0.0
2013-05-14,20.07,20.2,20.0,20.16,256200,0.0
2013-05-15,20.2,20.35,20.12,20.31,250200,0.0
2013-05-16,20.43,20.57,20.24,20.28,695600,0.0
2013-05-17,20.37,20.64,20.19,20.39,510900,0.0
2013-05-20,20.58,20.92,20.51,20.77,619400,0.0
2013-05-21,20.96,20.97,20.63,20.82,642600,0.0
2013-05-22,20.96,21.08,20.72,20.81,481400,0.0
2013-05-23,20.42,20.46,20.1,20.25,1871300,0.0
2013-05-24,20.36,20.86,20.23,20.77,454700,0.0
2013-05-28,21.25,21.5,21.19,21.37,574000,0.0
2013-05-29,21.36,21.36,20.94,21.03,391100,0.0
2013-05-30,21.28,21.47,21.15,21.44,466800,0.0
2013-05-31,21.41,21.41,20.91,21.12,470800,0.0
2013-06-03,20.99,21.18,20.85,21.11,208900,0.0
2013-06-04,20.88,20.94,20.68,20.84,367900,0.0
2013-06-05,20.85,20.85,20.38,20.38,293000,0.0
2013-06-06,20.72,20.86,20.62,20.83,247200,0.0
2013-06-07,20.96,21.59,20.85,21.49,1597800,0.0
2013-06-10,20.91,21.25,20.91,21.02,384300,0.0
2013-06-11,20.6,20.7,20.39,20.39,520000,0.0
2013-06-12,20.53,20.76,20.23,20.24,346800,0.0
2013-06-13,20.38,20.54,20.25,20.5,280300,0.0
2013-06-14,20.39,20.5,20.22,20.27,330200,0.0
2013-06-17,20.24,20.24,19.97,20.04,329200,0.0
2013-06-18,19.97,20.16,19.93,20.06,208100,0.0
2013-06-19,20.08,20.11,19.56,19.61,334700,0.0
2013-06-20,19.43,19.45,18.85,18.96,683400,0.0
2013-06-21,19.42,19.42,18.87,19.15,842800,0.0
2013-06-24,18.71,18.9,18.51,18.72,338200,0.0
2013-06-25,18.22,18.38,18.16,18.3,599700,0.0
2013-06-26,18.22,18.55,18.2,18.45,245000,0.0
2013-06-27,18.82,18.92,18.69,18.87,157900,0.0
2013-06-28,18.46,18.75,18.32,18.6,172800,0.0
2013-07-01,18.53,19.23,18.52,19.01,339800,0.0
2013-07-02,19.12,19.35,18.87,18.94,235200,0.0
2013-07-03,18.84,18.92,18.7,18.89,115000,0.0
2013-07-05,18.75,18.78,18.39,18.48,266800,0.0
2013-07-08,18.5,18.5,18.1,18.15,422500,0.0
2013-07-09,18.43,18.64,18.27,18.41,245500,0.0
2013-07-10,18.26,18.42,18.25,18.37,185700,0.0
2013-07-11,18.65,18.82,18.56,18.76,188300,0.0
2013-07-12,18.9,19.01,18.76,18.98,117500,0.0
2013-07-15,18.9,19.13,18.9,18.96,77000,0.0
2013-07-16,18.94,19.06,18.77,18.95,145500,0.0
2013-07-17,19.21,19.25,19.15,19.18,68300,0.0
2013-07-18,19.0,19.27,19.0,19.23,112600,0.0
2013-07-19,19.25,19.38,19.23,19.33,47500,0.0
2013-07-22,19.33,19.39,19.15,19.29,137100,0.0
2013-07-23,19.26,19.33,19.19,19.23,94500,0.0
2013-07-24,19.18,19.18,18.77,18.88,138100,0.0
2013-07-25,18.81,18.81,18.61,18.7,138800,0.0
2013-07-26,18.66,18.82,18.57,18.61,168600,0.0
2013-07-29,18.45,18.45,18.16,18.17,139100,0.0
2013-07-30,18.37,18.37,18.25,18.27,119900,0.0
2013-07-31,18.19,18.77,18.13,18.75,855900,0.0
2013-08-01,18.65,18.91,18.65,18.84,112800,0.0
2013-08-02,18.66,18.88,18.66,18.81,41400,0.0
2013-08-05,18.91,18.91,18.48,18.69,106700,0.0
2013-08-06,18.73,18.73,18.52,18.53,78400,0.0
2013-08-07,18.74,18.86,18.42,18.45,303900,0.0
2013-08-08,18.45,18.55,18.41,18.51,141900,0.0
2013-08-09,18.57,18.57,18.39,18.41,139200,0.0
2013-08-12,18.39,18.49,18.33,18.48,153700,0.0
2013-08-13,18.47,18.47,18.27,18.45,114100,0.0
2013-08-14,18.52,18.72,18.52,18.62,251900,0.0
2013-08-15,18.78,18.78,18.48,18.55,124400,0.0
2013-08-16,18.6,18.9,18.41,18.44,167800,0.0
2013-08-19,18.57,18.75,18.53,18.53,144100,0.0
2013-08-20,18.48,18.48,18.21,18.24,971000,0.0
2013-08-21,18.21,18.28,17.85,17.86,1042000,0.0
2013-08-22,18.05,18.18,17.96,17.97,389800,0.0
2013-08-23,17.85,17.93,17.68,17.78,409500,0.0
2013-08-26,17.69,17.89,17.69,17.72,172900,0.0
2013-08-27,17.5,17.52,17.13,17.15,692200,0.0
2013-08-28,17.17,17.2,17.0,17.11,215500,0.0
2013-08-29,17.11,17.13,17.0,17.03,191500,0.0
2013-08-30,17.15,17.31,17.13,17.25,125100,0.0
2013-09-03,17.33,17.48,17.12,17.2,287400,0.0
2013-09-04,17.1,17.33,17.06,17.28,203600,0.0
2013-09-05,17.41,17.62,17.36,17.57,114300,0.0
2013-09-06,17.67,17.79,17.52,17.71,289800,0.0
2013-09-09,17.61,17.84,17.57,17.83,183600,0.0
2013-09-10,17.81,18.03,17.81,18.01,134500,0.0
2013-09-11,18.0,18.23,17.92,18.22,198400,0.0
2013-09-12,18.13,18.13,17.95,18.03,161900,0.0
2013-09-13,18.05,18.2,18.05,18.2,53300,0.0
2013-09-16,18.16,18.16,18.0,18.01,184300,0.0
2013-09-17,17.89,17.97,17.84,17.9,102700,0.0
2013-09-18,17.84,18.21,17.6,18.2,280500,0.0
2013-09-19,18.04,18.26,18.0,18.17,118600,0.0
2013-09-20,18.2,18.2,18.0,18.14,112600,0.0
2013-09-23,18.12,18.2,18.1,18.2,79800,0.0
2013-09-24,18.2,18.24,18.06,18.23,83600,0.0
2013-09-25,18.3,18.37,18.22,18.34,169900,0.0
2013-09-26,18.35,18.46,18.15,18.24,124500,0.0
2013-09-27,18.27,18.3,18.05,18.07,82600,0.0
2013-09-30,18.13,18.25,17.83,17.91,221300,0.0
2013-10-01,18.06,18.2,18.01,18.16,148100,0.0
2013-10-02,18.2,18.37,18.19,18.35,86500,0.0
2013-10-03,18.24,18.36,18.1,18.22,178300,0.0
2013-10-04,18.25,18.59,18.25,18.59,236000,0.0
2013-10-07,18.51,18.78,18.45,18.7,215300,0.0
2013-10-08,18.74,18.77,18.42,18.57,522900,0.0
2013-10-09,18.67,18.8,18.6,18.75,74300,0.0
2013-10-10,18.82,18.86,18.65,18.86,172600,0.0
2013-10-11,18.78,18.86,18.6,18.81,55200,0.0
2013-10-14,18.75,18.85,18.6,18.81,65900,0.0
2013-10-15,18.77,18.8,18.66,18.73,78700,0.0
2013-10-16,18.81,19.13,18.8,19.13,259300,0.0
2013-10-17,19.13,19.28,19.03,19.21,177000,0.0
2013-10-18,19.29,19.34,19.14,19.33,274200,0.0
2013-10-21,19.35,19.35,19.11,19.35,287700,0.0
2013-10-22,19.41,19.46,19.2,19.29,234500,0.0
2013-10-23,19.13,19.2,19.05,19.14,120700,0.0
2013-10-24,19.02,19.15,19.0,19.1,103100,0.0
2013-10-25,19.0,19.26,19.0,19.26,156900,0.0
2013-10-28,19.12,19.17,18.99,19.0,70000,0.0
2013-10-29,19.07,19.2,19.04,19.04,67500,0.0
2013-10-30,19.04,19.1,18.72,18.84,141400,0.0
2013-10-31,18.72,19.03,18.71,18.98,176400,0.0
2013-11-01,18.94,19.0,18.71,18.83,71500,0.0
2013-11-04,18.83,19.07,18.65,19.05,99600,0.0
2013-11-05,19.12,19.12,18.96,19.01,67200,0.0
2013-11-06,19.11,19.27,19.11,19.14,70400,0.0
2013-11-07,19.23,19.23,18.87,18.93,110900,0.0
2013-11-08,18.92,18.93,18.78,18.83,97600,0.0
2013-11-11,18.84,18.99,18.72,18.78,223300,0.0
2013-11-12,18.83,18.83,18.69,18.69,78300,0.0
2013-11-13,18.79,18.92,18.63,18.83,138800,0.0
2013-11-14,18.86,19.1,18.78,19.06,220500,0.0
2013-11-15,19.0,19.43,19.0,19.39,218200,0.0
2013-11-18,19.49,19.69,19.3,19.67,356600,0.0
2013-11-19,19.67,19.7,19.53,19.59,120800,0.0
2013-11-20,19.67,19.67,19.37,19.37,140600,0.0
2013-11-21,19.47,19.48,19.37,19.39,188300,0.0
2013-11-22,19.4,19.52,19.3,19.51,117300,0.0
2013-11-25,19.44,19.48,19.38,19.46,189600,0.0
2013-11-26,19.51,19.6,19.4,19.58,105400,0.0
2013-11-27,20.39,20.39,19.41,19.57,118900,0.0
2013-11-29,19.66,19.66,19.58,19.58,51400,0.0
2013-12-02,19.66,19.83,19.35,19.36,166800,0.0
2013-12-03,19.49,19.56,19.33,19.41,132600,0.0
2013-12-04,19.4,19.56,19.4,19.56,114600,0.0
2013-12-05,19.31,19.55,19.31,19.47,225900,0.0
2013-12-06,19.42,19.6,19.42,19.59,98200,0.0
2013-12-09,19.69,19.69,19.55,19.65,85900,0.0
2013-12-10,19.5,19.66,19.49,19.62,154300,0.0
2013-12-11,19.43,19.43,18.89,18.89,330200,0.0
2013-12-12,19.03,19.07,18.85,19.01,176000,0.0
2013-12-13,19.0,19.0,18.82,18.96,108700,0.0
2013-12-16,19.0,19.0,18.78,18.82,173700,0.0
2013-12-17,18.8,18.94,18.76,18.9,101100,0.0
2013-12-18,18.93,19.15,18.79,19.09,118000,0.0
2013-12-19,19.03,19.19,18.89,19.04,65900,0.0
2013-12-20,19.12,19.12,18.89,19.0,89400,0.0
2013-12-23,18.63,18.77,18.34,18.53,293400,0.0
2013-12-24,18.5,18.55,18.43,18.54,71900,0.0
2013-12-26,18.49,18.7,18.4,18.63,142300,0.0
2013-12-27,18.43,18.69,18.43,18.53,142900,0.0
2013-12-30,18.36,18.67,18.36,18.62,341100,0.0
2013-12-31,18.69,18.96,18.62,18.79,237800,0.0
2014-01-02,18.65,18.78,18.42,18.58,162100,0.0
2014-01-03,18.66,18.76,18.44,18.53,136200,0.0
2014-01-06,18.59,18.63,18.5,18.55,130200,0.0
2014-01-07,18.68,18.95,18.55,18.93,205800,0.0
2014-01-08,19.2,19.25,18.8,18.92,331000,0.0
2014-01-09,19.07,19.19,19.06,19.09,376600,0.0
2014-01-10,19.15,19.35,19.04,19.3,245700,0.0
2014-01-13,19.37,19.37,19.1,19.2,220000,0.0
2014-01-14,19.35,19.6,19.26,19.55,285000,0.0
2014-01-15,19.5,19.82,19.5,19.8,819300,0.0
2014-01-16,19.95,21.38,19.95,20.75,1234900,0.0
2014-01-17,21.1,22.22,20.96,21.5,2097400,0.0
2014-01-21,21.9,22.16,21.27,21.46,1244300,0.0
2014-01-22,21.46,21.64,20.93,21.1,497200,0.0
2014-01-23,21.0,21.23,20.62,20.92,238100,0.0
2014-01-24,20.82,20.92,20.3,20.35,754900,0.0
2014-01-27,20.54,20.68,20.32,20.53,700600,0.0
2014-01-28,20.53,21.12,20.53,20.91,485900,0.0
2014-01-29,20.5,21.1,20.35,20.76,488700,0.0
2014-01-30,20.83,21.36,20.78,21.31,333400,0.0
2014-01-31,20.89,21.25,20.85,21.07,265200,0.0
2014-02-03,20.88,21.07,20.66,20.9,394200,0.0
2014-02-04,20.91,21.2,20.91,21.11,192200,0.0
2014-02-05,21.09,22.07,20.96,21.22,1060300,0.0
2014-02-06,21.25,21.5,20.55,20.76,1206100,0.0
2014-02-07,20.55,21.06,20.44,20.75,470600,0.0
2014-02-10,21.11,21.7,20.86,21.7,1148600,0.0
2014-02-11,21.56,22.1,21.4,22.05,695600,0.0
2014-02-12,22.05,22.47,22.0,22.42,485600,0.0
2014-02-13,22.5,22.99,22.25,22.85,742900,0.0
2014-02-14,22.67,22.72,22.03,22.24,370300,0.0
2014-02-18,22.27,22.7,22.27,22.55,204700,0.0
2014-02-19,22.69,22.85,22.31,22.45,658000,0.0
2014-02-20,22.11,22.18,21.73,22.03,338500,0.0
2014-02-21,21.99,22.0,21.59,21.75,304000,0.0
2014-02-24,22.5,22.5,22.0,22.02,194800,0.0
2014-02-25,22.24,22.3,21.86,21.98,444500,0.0
2014-02-26,23.03,23.15,22.01,22.04,113800,0.0
2014-02-27,22.05,22.11,21.92,21.92,173000,0.0
2014-02-28,22.11,22.16,21.86,21.86,277600,0.0
2014-03-03,21.69,21.75,21.12,21.15,295500,0.0
2014-03-04,21.39,21.61,21.19,21.51,316600,0.0
2014-03-05,21.79,21.82,21.13,21.17,389000,0.0
2014-03-06,21.63,21.63,21.36,21.48,147600,0.0
2014-03-07,21.69,21.86,21.51,21.82,433700,0.0
2014-03-10,22.01,22.13,22.0,22.12,270200,0.0
2014-03-11,22.33,22.5,22.19,22.23,318600,0.0
2014-03-12,22.03,22.13,21.91,22.03,187400,0.0
2014-03-13,22.17,22.4,21.77,21.94,190500,0.0
2014-03-14,21.92,22.05,21.8,21.99,230200,0.0
2014-03-17,22.21,22.4,22.0,22.11,255600,0.0
2014-03-18,22.09,22.23,21.89,22.05,304400,0.0
2014-03-19,22.1,22.22,21.89,21.96,190500,0.0
2014-03-20,21.92,22.05,21.84,21.9,100400,0.0
2014-03-21,22.08,22.12,21.8,21.87,189600,0.0
2014-03-24,22.05,22.22,21.9,22.06,151100,0.0
2014-03-25,21.88,22.0,21.62,21.73,352800,0.0
2014-03-26,21.4,21.44,21.0,21.11,441900,0.0
2014-03-27,21.22,21.49,21.2,21.39,260100,0.0
2014-03-28,21.5,21.81,21.5,21.7,169700,0.0
2014-03-31,21.5,21.83,21.23,21.69,221100,0.0
2014-04-01,21.33,21.4,21.13,21.31,205600,0.0
2014-04-02,21.2,21.73,21.2,21.72,644800,0.0
2014-04-03,21.62,21.8,21.25,21.34,374000,0.0
2014-04-04,21.52,21.74,21.4,21.54,335300,0.0
2014-04-07,21.77,22.32,21.77,22.18,570400,0.0
2014-04-08,22.19,22.39,21.98,21.99,559900,0.0
2014-04-09,22.18,22.21,21.92,22.19,310500,0.0
2014-04-10,22.04,22.16,21.56,21.6,208400,0.0
2014-04-11,21.6,21.9,21.43,21.66,142700,0.0
2014-04-14,21.45,21.55,21.26,21.49,130900,0.0
2014-04-15,21.2,21.2,20.38,20.74,1026400,0.0
2014-04-16,20.43,20.63,20.21,20.33,520400,0.0
2014-04-17,20.5,20.77,20.33,20.7,316700,0.0
2014-04-21,19.99,20.12,19.8,20.07,439600,0.0
2014-04-22,20.32,20.5,20.17,20.27,269000,0.0
2014-04-23,20.28,20.32,19.95,20.07,180700,0.0
2014-04-24,20.3,20.3,19.81,19.87,445700,0.0
2014-04-25,20.08,20.23,19.88,20.2,315800,0.0
2014-04-28,20.0,20.16,19.95,20.09,141000,0.0
2014-04-29,20.09,20.24,20.0,20.06,198100,0.0
2014-04-30,20.07,20.28,20.05,20.08,328700,0.0
2014-05-01,20.2,20.2,19.75,19.79,540700,0.0
2014-05-02,19.92,20.04,19.82,19.86,311700,0.0
2014-05-05,19.56,19.62,19.26,19.6,405900,0.0
2014-05-06,19.4,19.43,19.16,19.21,417400,0.0
2014-05-07,19.5,19.65,19.38,19.38,326000,0.0
2014-05-08,18.75,18.85,18.51,18.58,1528000,0.0
2014-05-09,19.0,19.09,18.96,19.05,471800,0.0
2014-05-12,18.73,19.22,18.71,19.21,1000900,0.0
2014-05-13,18.99,19.2,18.94,19.19,914700,0.0
2014-05-14,19.42,19.77,19.27,19.69,622000,0.0
2014-05-15,19.49,19.58,19.14,19.22,1212200,0.0
2014-05-16,19.51,19.65,19.25,19.32,340200,0.0
2014-05-19,19.61,19.94,19.53,19.73,418300,0.0
2014-05-20,19.79,19.8,19.62,19.66,223000,0.0
2014-05-21,19.95,20.21,19.89,20.18,409200,0.0
2014-05-22,20.05,20.09,19.69,20.03,430100,0.0
2014-05-23,20.03,20.18,19.91,20.08,212600,0.0
2014-05-27,20.29,20.54,20.28,20.49,715300,0.0
2014-05-28,20.5,20.71,20.45,20.63,624200,0.0
2014-05-29,20.76,20.78,20.21,20.27,672000,0.0
2014-05-30,20.23,20.57,20.23,20.27,290200,0.0
2014-06-02,20.45,20.45,20.2,20.3,80100,0.0
2014-06-03,20.3,20.47,20.3,20.45,243800,0.0
2014-06-04,20.25,20.25,20.0,20.05,223100,0.0
2014-06-05,20.27,20.31,20.09,20.27,128900,0.0
2014-06-06,20.3,20.84,20.3,20.77,610200,0.0
2014-06-09,20.86,20.87,20.7,20.81,216400,0.0
2014-06-10,20.8,20.8,20.54,20.68,376300,0.0
2014-06-11,20.59,20.76,20.54,20.72,192000,0.0
2014-06-12,20.72,20.84,20.63,20.7,282500,0.0
2014-06-13,20.63,20.83,20.63,20.82,425900,0.0
2014-06-16,20.71,20.94,20.68,20.93,216100,0.0
2014-06-17,20.71,20.93,20.7,20.78,220900,0.0
2014-06-18,20.84,21.16,20.78,21.1,286300,0.0
2014-06-19,21.0,21.0,20.68,20.76,1302300,0.0
2014-06-20,20.62,20.75,20.1,20.16,414400,0.0
2014-06-23,20.45,20.45,20.28,20.39,153600,0.0
2014-06-24,20.55,20.6,20.42,20.55,684500,0.0
2014-06-25,20.65,20.75,20.55,20.62,149200,0.0
2014-06-26,20.75,20.75,20.52,20.67,375500,0.0
2014-06-27,20.61,20.85,20.61,20.77,174100,0.0
2014-06-30,20.72,20.84,20.55,20.8,365300,0.0
2014-07-01,20.86,21.05,20.8,20.94,237800,0.0
2014-07-02,20.82,21.08,20.8,20.93,339700,0.0
2014-07-03,21.02,21.08,20.95,21.03,151600,0.0
2014-07-07,21.26,21.5,21.1,21.44,139800,0.0
2014-07-08,21.39,21.44,21.21,21.43,176000,0.0
2014-07-09,21.43,21.53,21.32,21.43,100000,0.0
2014-07-10,21.2,21.25,20.83,21.06,331800,0.0
2014-07-11,21.1,21.27,21.06,21.2,119700,0.0
2014-07-14,21.31,21.34,21.1,21.32,116700,0.0
2014-07-15,21.28,21.59,21.21,21.45,128300,0.0
2014-07-16,21.45,21.7,21.45,21.62,267200,0.0
2014-07-17,21.57,21.7,21.25,21.49,272900,0.0
2014-07-18,21.53,21.69,21.52,21.63,94800,0.0
2014-07-21,21.73,21.75,21.45,21.49,123100,0.0
2014-07-22,21.51,21.7,21.49,21.67,327800,0.0
2014-07-23,21.67,21.97,21.53,21.97,285400,0.0
2014-07-24,21.94,21.97,21.67,21.83,225000,0.0
2014-07-25,21.69,21.87,21.69,21.77,260300,0.0
2014-07-28,21.53,21.53,21.22,21.39,259400,0.0
2014-07-29,21.43,21.47,21.27,21.36,103700,0.0
2014-07-30,21.3,21.4,21.07,21.15,201700,0.0
2014-07-31,21.13,21.21,20.9,20.93,511200,0.0
2014-08-01,20.93,21.2,20.91,21.04,462000,0.0
2014-08-04,20.97,21.45,20.97,21.35,213600,0.0
2014-08-05,21.32,21.59,21.32,21.39,226600,0.0
2014-08-06,21.3,21.59,21.3,21.48,171200,0.0
2014-08-07,21.41,21.67,21.29,21.29,192600,0.0
2014-08-08,21.24,21.45,21.2,21.35,535100,0.0
2014-08-11,21.35,21.4,21.2,21.26,120000,0.0
2014-08-12,21.25,21.51,21.2,21.35,250800,0.0
2014-08-13,21.48,21.73,21.48,21.68,152900,0.0
2014-08-14,21.84,21.99,21.72,21.93,460000,0.0
2014-08-15,21.94,21.98,21.6,21.78,187900,0.0
2014-08-18,21.84,22.14,21.84,22.08,218900,0.0
2014-08-19,22.06,22.08,21.87,21.97,273400,0.0
2014-08-20,21.83,22.1,21.83,21.98,73300,0.0
2014-08-21,21.99,22.15,21.99,22.04,148800,0.0
2014-08-22,22.21,22.4,22.18,22.34,307400,0.0
2014-08-25,22.44,22.74,22.44,22.68,632400,0.0
2014-08-26,22.68,23.05,22.65,22.85,463000,0.0
2014-08-27,22.86,22.98,22.85,22.88,199600,0.0
2014-08-28,22.78,22.96,22.74,22.87,279700,0.0
2014-08-29,22.89,23.1,22.89,23.1,211800,0.0
2014-09-02,23.2,23.29,23.1,23.25,620300,0.0
2014-09-03,23.3,23.82,23.2,23.66,556200,0.0
2014-09-04,23.56,23.57,23.4,23.47,399300,0.0
2014-09-05,23.52,23.57,23.44,23.48,251400,0.0
2014-09-08,23.52,23.58,23.47,23.51,188200,0.0
2014-09-09,23.3,23.3,22.84,22.87,867300,0.0
2014-09-10,22.73,22.97,22.65,22.93,511300,0.0
2014-09-11,22.82,22.93,22.73,22.81,261800,0.0
2014-09-12,22.84,23.0,22.81,22.86,207700,0.0
2014-09-15,22.81,22.95,22.74,22.82,150200,0.0
2014-09-16,22.84,22.96,22.64,22.92,398600,0.0
2014-09-17,22.94,22.98,22.75,22.89,186700,0.0
2014-09-18,22.55,22.8,22.5,22.57,239600,0.0
2014-09-19,22.59,22.73,22.14,22.35,641200,0.0
2014-09-22,22.11,22.38,22.11,22.29,382800,0.0
2014-09-23,22.3,22.49,22.18,22.34,370800,0.0
2014-09-24,22.35,22.54,22.25,22.47,131000,0.0
2014-09-25,22.33,22.44,22.15,22.22,122500,0.0
2014-09-26,22.22,22.35,22.15,22.19,192500,0.0
2014-09-29,21.95,22.0,21.5,21.89,229700,0.0
2014-09-30,21.88,21.98,21.64,21.9,320900,0.0
2014-10-01,22.29,22.38,21.86,22.04,290300,0.0
2014-10-02,22.0,22.54,21.93,22.42,386300,0.0
2014-10-03,22.47,22.47,22.22,22.43,128900,0.0
2014-10-06,22.47,22.63,22.4,22.46,158000,0.0
2014-10-07,22.5,22.54,22.13,22.14,242900,0.0
2014-10-08,22.13,22.22,22.01,22.18,525800,0.0
2014-10-09,22.07,22.32,21.93,21.99,401500,0.0
2014-10-10,21.8,21.85,21.41,21.44,442200,0.0
2014-10-13,21.51,21.76,21.42,21.43,140900,0.0
2014-10-14,21.4,21.61,21.36,21.43,641200,0.0
2014-10-15,21.33,21.33,20.85,21.17,597100,0.0
2014-10-16,20.59,20.77,20.46,20.63,555000,0.0
2014-10-17,20.89,20.98,20.65,20.85,679800,0.0
2014-10-20,20.96,20.97,20.71,20.83,596400,0.0
2014-10-21,20.9,21.24,20.9,21.19,380500,0.0
2014-10-22,21.25,21.33,21.19,21.21,241300,0.0
2014-10-23,21.13,21.2,21.1,21.13,153300,0.0
2014-10-24,21.06,21.15,20.95,21.11,129800,0.0
2014-10-27,20.51,20.63,20.4,20.6,290300,0.0
2014-10-28,20.68,20.85,20.64,20.8,262700,0.0
2014-10-29,20.99,21.0,20.8,20.9,123400,0.0
2014-10-30,20.82,21.06,20.71,21.05,144400,0.0
2014-10-31,21.34,21.39,21.21,21.37,258400,0.0
2014-11-03,21.47,21.61,21.37,21.56,762300,0.0
2014-11-04,21.36,21.36,21.15,21.25,333700,0.0
2014-11-05,21.25,21.29,21.08,21.21,277800,0.0
2014-11-06,21.21,21.37,21.2,21.36,372500,0.0
2014-11-07,21.3,21.45,21.3,21.34,162300,0.0
2014-11-10,21.37,21.42,21.05,21.1,1060400,0.0
2014-11-11,21.1,21.18,21.03,21.07,220700,0.0
2014-11-12,21.16,21.31,21.08,21.25,492800,0.0
2014-11-13,21.13,21.13,21.0,21.04,126500,0.0
2014-11-14,21.1,21.13,21.0,21.11,120000,0.0
2014-11-17,21.11,21.36,21.03,21.35,512800,0.0
2014-11-18,21.11,21.11,20.91,21.06,280600,0.0
2014-11-19,20.88,20.93,20.68,20.87,340300,0.0
2014-11-20,20.99,21.17,20.99,21.04,366200,0.0
2014-11-21,21.2,21.21,21.04,21.15,263300,0.0
2014-11-24,20.98,21.03,20.78,20.95,373100,0.0
2014-11-25,21.01,21.22,20.9,20.94,160600,0.0
2014-11-26,20.75,20.84,20.69,20.75,203500,0.0
2014-11-28,20.55,20.57,20.36,20.44,221000,0.0
2014-12-01,20.44,20.48,20.35,20.42,231600,0.0
2014-12-02,20.41,20.51,20.33,20.51,217700,0.0
2014-12-03,20.58,20.62,20.52,20.52,237100,0.0
2014-12-04,20.59,20.59,20.29,20.3,512700,0.0
2014-12-05,20.4,20.63,20.4,20.57,141600,0.0
2014-12-08,20.5,20.54,20.16,20.16,358100,0.0
2014-12-09,19.9,19.9,19.55,19.6,702500,0.0
2014-12-10,19.71,19.84,19.53,19.6,418300,0.0
2014-12-11,19.5,19.65,19.4,19.61,798900,0.0
2014-12-12,19.63,19.64,19.5,19.53,180400,0.0
2014-12-15,19.57,19.64,19.15,19.19,404900,0.0
2014-12-16,19.05,19.38,18.7,18.72,794000,0.0
2014-12-17,18.63,18.64,18.35,18.54,1087800,0.0
2014-12-18,18.86,19.11,18.74,19.1,782200,0.0
2014-12-19,19.13,19.13,18.63,18.7,342600,0.0
2014-12-22,18.66,18.78,18.45,18.5,425500,0.0
2014-12-23,18.6,18.7,18.53,18.63,197800,0.0
2014-12-24,18.54,18.63,18.51,18.59,329500,0.0
2014-12-26,18.46,18.68,18.45,18.52,203900,0.0
2014-12-29,18.34,18.49,18.32,18.47,442000,0.0
2014-12-30,18.66,18.87,18.55,18.87,646500,0.0
2014-12-31,19.17,19.35,19.16,19.22,270300,0.0
2015-01-02,19.19,19.33,18.85,18.99,1005700,0.0
2015-01-05,19.0,19.05,18.63,18.63,566800,0.0
2015-01-06,18.87,19.0,18.75,18.89,247300,0.0
2015-01-07,18.97,18.99,18.76,18.84,235000,0.0
2015-01-08,18.88,18.88,18.78,18.86,155000,0.0
2015-01-09,19.13,19.13,18.84,18.99,246800,0.0
2015-01-12,18.92,18.95,18.73,18.85,173000,0.0
2015-01-13,19.03,19.03,18.72,18.76,267000,0.0
2015-01-14,18.77,18.79,18.59,18.61,293100,0.0
2015-01-15,18.83,18.89,18.62,18.63,166800,0.0
2015-01-16,18.72,18.9,18.72,18.86,156000,0.0
2015-01-20,18.62,18.64,18.5,18.61,261100,0.0
2015-01-21,18.6,18.6,18.35,18.37,719000,0.0
2015-01-22,18.54,18.68,18.46,18.68,341600,0.0
2015-01-23,18.68,18.68,18.58,18.65,175500,0.0
2015-01-26,18.72,18.72,18.52,18.7,177600,0.0
2015-01-27,18.5,18.5,18.32,18.33,246900,0.0
2015-01-28,18.54,18.57,18.35,18.38,176900,0.0
2015-01-29,18.45,18.47,18.35,18.45,209300,0.0
2015-01-30,18.31,18.4,18.24,18.29,259900,0.0
2015-02-02,18.4,18.51,18.12,18.43,439600,0.0
2015-02-03,18.2,18.38,18.2,18.25,513500,0.0
2015-02-04,18.34,18.43,18.24,18.31,473400,0.0
2015-02-05,18.48,18.98,18.44,18.9,1157300,0.0
2015-02-06,18.91,19.03,18.8,18.83,411100,0.0
2015-02-09,18.84,19.01,18.84,18.92,142800,0.0
2015-02-10,18.95,19.0,18.72,18.83,226800,0.0
2015-02-11,18.92,19.23,18.9,19.21,611700,0.0
2015-02-12,19.39,19.59,19.3,19.57,434400,0.0
2015-02-13,19.47,19.57,19.45,19.53,161700,0.0
2015-02-17,19.6,19.83,19.35,19.77,697100,0.0
2015-02-18,19.61,19.63,19.46,19.59,182900,0.0
2015-02-19,19.48,19.55,19.42,19.49,99700,0.0
2015-02-20,19.55,19.72,19.52,19.64,345100,0.0
2015-02-23,19.55,19.6,19.35,19.55,418700,0.0
2015-02-24,19.61,19.93,19.58,19.82,335400,0.0
2015-02-25,19.68,19.72,19.57,19.62,326100,0.0
2015-02-26,19.6,19.74,19.6,19.67,349600,0.0
2015-02-27,19.57,19.68,19.56,19.63,431600,0.0
2015-03-02,19.54,19.59,19.18,19.2,943100,0.0
2015-03-03,19.39,19.39,19.21,19.26,483800,0.0
2015-03-04,19.28,19.28,18.85,18.94,673700,0.0
2015-03-05,18.86,19.05,18.86,18.96,275500,0.0
2015-03-06,18.89,18.94,18.67,18.76,305400,0.0
2015-03-09,18.81,18.86,18.76,18.78,131600,0.0
2015-03-10,18.68,18.8,18.51,18.54,206900,0.0
2015-03-11,18.56,18.58,18.45,18.55,267800,0.0
2015-03-12,18.71,18.71,18.45,18.46,246200,0.0
2015-03-13,18.47,18.47,18.22,18.31,146500,0.0
2015-03-16,18.02,18.08,17.86,17.97,309500,0.0
2015-03-17,17.92,17.98,17.81,17.85,1088500,0.0
2015-03-18,17.7,18.07,17.63,17.98,259400,0.0
2015-03-19,17.77,17.77,17.45,17.45,1466400,0.0
2015-03-20,17.63,17.81,17.61,17.67,174800,0.0
2015-03-23,17.55,17.65,17.46,17.61,352900,0.0
2015-03-24,17.5,17.6,17.25,17.25,1252000,0.0
2015-03-25,17.23,17.33,17.03,17.07,2017700,0.0
2015-03-26,17.08,17.15,17.02,17.12,204200,0.0
2015-03-27,17.04,17.14,16.95,17.1,149800,0.0
2015-03-30,16.98,17.0,16.89,16.9,261800,0.0
2015-03-31,16.99,16.99,16.85,16.88,207000,0.0
2015-04-01,16.86,16.86,16.62,16.7,918200,0.0
2015-04-02,16.81,16.98,16.65,16.67,2509500,0.0
2015-04-06,16.66,16.73,16.59,16.59,972600,0.0
2015-04-07,16.72,16.93,16.72,16.76,500000,0.0
2015-04-08,16.94,16.95,16.81,16.95,593400,0.0
2015-04-09,17.02,17.25,17.01,17.19,693300,0.0
2015-04-10,17.3,17.4,17.28,17.35,472700,0.0
2015-04-13,17.43,17.52,17.4,17.4,550600,0.0
2015-04-14,17.46,17.75,17.44,17.69,708700,0.0
2015-04-15,17.9,18.39,17.84,18.35,1802700,0.0
2015-04-16,18.19,18.49,18.19,18.43,741300,0.0
2015-04-17,18.1,18.22,18.01,18.22,827100,0.0
2015-04-20,18.05,18.2,18.04,18.18,446800,0.0
2015-04-21,18.06,18.11,18.0,18.02,342300,0.0
2015-04-22,17.95,18.34,17.92,18.3,771900,0.0
2015-04-23,18.21,18.4,18.14,18.25,345300,0.0
2015-04-24,18.2,18.48,18.09,18.28,549600,0.0
2015-04-27,18.19,18.46,18.12,18.41,398600,0.0
2015-04-28,18.48,18.48,18.4,18.4,143200,0.0
2015-04-29,18.3,18.43,18.05,18.22,300400,0.0
2015-04-30,18.18,18.29,18.0,18.03,357900,0.0
2015-05-01,18.21,18.21,17.97,18.12,219300,0.0
2015-05-04,17.79,17.79,17.33,17.41,1571800,0.0
2015-05-05,17.52,17.54,17.25,17.29,884600,0.0
2015-05-06,17.28,17.4,17.1,17.13,267400,0.0
2015-05-07,17.14,17.34,17.14,17.27,380200,0.0
2015-05-08,17.54,17.55,17.24,17.31,725100,0.0
2015-05-11,17.3,17.43,17.0,17.03,456000,0.0
2015-05-12,17.0,17.19,16.86,17.11,573700,0.0
2015-05-13,17.2,17.34,17.13,17.18,270600,0.0
2015-05-14,17.29,17.29,17.03,17.09,322100,0.0
2015-05-15,17.0,17.04,16.86,16.97,285000,0.0
2015-05-18,16.84,16.84,16.65,16.65,672300,0.0
2015-05-19,16.73,16.78,16.65,16.65,532000,0.0
2015-05-20,17.15,17.2,17.03,17.14,512900,0.0
2015-05-21,17.46,17.7,17.28,17.69,1061200,0.0
2015-05-22,17.65,17.9,17.63,17.76,361500,0.0
2015-05-26,17.89,17.9,17.7,17.75,343000,0.0
2015-05-27,17.77,17.93,17.71,17.86,376300,0.0
2015-05-28,17.9,17.97,17.75,17.76,247500,0.0
2015-05-29,17.65,17.79,17.5,17.69,279000,0.0
2015-06-01,17.77,17.79,17.58,17.64,302200,0.0
2015-06-02,17.73,17.79,17.53,17.55,242100,0.0
2015-06-03,17.52,17.55,17.33,17.37,360300,0.0
2015-06-04,17.39,17.44,17.23,17.33,297500,0.0
2015-06-05,17.45,17.59,17.23,17.59,310400,0.0
2015-06-08,17.7,17.79,17.68,17.74,137700,0.0
2015-06-09,17.47,17.67,17.4,17.57,255000,0.0
2015-06-10,17.61,17.77,17.61,17.68,117500,0.0
2015-06-11,17.76,18.06,17.7,18.05,322200,0.0
2015-06-12,18.0,18.29,17.98,18.15,583100,0.0
2015-06-15,18.1,18.24,18.06,18.17,601300,0.0
2015-06-16,18.08,18.2,18.03,18.17,441700,0.0
2015-06-17,18.17,18.2,17.9,18.08,489900,0.0
2015-06-18,18.07,18.35,18.04,18.33,533100,0.0
2015-06-19,18.29,18.31,18.01,18.01,355200,0.0
2015-06-22,18.24,18.4,18.22,18.39,289200,0.0
2015-06-23,18.38,18.39,18.25,18.31,183400,0.0
2015-06-24,18.16,18.26,18.0,18.13,194600,0.0
2015-06-25,18.07,18.19,18.05,18.1,202600,0.0
2015-06-26,18.0,18.1,18.0,18.1,396300,0.0
2015-06-29,18.11,18.46,18.11,18.36,1002200,0.0
2015-06-30,18.43,18.65,18.43,18.64,629200,0.0
2015-07-01,18.7,18.79,18.56,18.78,756000,0.0
2015-07-02,19.0,19.28,18.72,19.13,1011400,0.0
2015-07-06,19.29,19.54,19.2,19.5,607300,0.0
2015-07-07,19.49,19.5,18.9,19.1,897200,0.0
2015-07-08,18.69,18.9,18.6,18.66,617800,0.0
2015-07-09,18.67,19.0,18.66,18.94,583200,0.0
2015-07-10,19.14,19.25,18.96,19.04,779700,0.0
2015-07-13,19.27,19.4,19.15,19.15,358900,0.0
2015-07-14,19.36,19.64,19.26,19.59,565100,0.0
2015-07-15,19.57,19.61,19.2,19.2,340200,0.0
2015-07-16,19.35,19.35,19.14,19.18,341800,0.0
2015-07-17,19.19,19.24,19.1,19.17,252100,0.0
2015-07-20,19.11,19.17,18.86,18.98,450900,0.0
2015-07-21,18.96,18.96,18.71,18.74,135700,0.0
2015-07-22,18.81,18.86,18.62,18.66,272700,0.0
2015-07-23,18.84,19.0,18.68,18.8,272300,0.0
2015-07-24,18.85,18.85,18.63,18.74,206500,0.0
2015-07-27,18.6,18.64,18.31,18.64,478300,0.0
2015-07-28,18.55,18.6,18.33,18.52,401200,0.0
2015-07-29,18.49,18.49,18.4,18.42,361800,0.0
2015-07-30,18.5,18.59,18.42,18.49,719400,0.0
2015-07-31,18.58,18.58,18.36,18.37,445800,0.0
2015-08-03,18.4,18.4,17.85,17.96,643400,0.0
2015-08-04,17.87,17.93,17.76,17.76,462200,0.0
2015-08-05,17.99,18.14,17.94,18.0,478400,0.0
2015-08-06,17.87,17.87,17.68,17.74,250400,0.0
2015-08-07,17.62,17.92,17.62,17.89,320500,0.0
2015-08-10,18.1,18.2,18.04,18.13,314100,0.0
2015-08-11,17.99,18.03,17.78,17.92,371100,0.0
2015-08-12,17.62,17.86,17.41,17.54,639500,0.0
2015-08-13,17.38,17.4,17.12,17.2,504300,0.0
2015-08-14,17.01,17.2,17.0,17.15,198700,0.0
2015-08-17,17.04,17.08,16.81,16.94,396600,0.0
2015-08-18,17.05,17.12,16.95,17.1,459300,0.0
2015-08-19,16.84,16.88,16.56,16.59,472300,0.0
2015-08-20,16.33,16.51,16.25,16.25,751100,0.0
2015-08-21,15.96,15.99,15.6,15.6,895300,0.0
2015-08-24,14.05,14.83,12.34,14.33,1182800,0.0
2015-08-25,14.78,15.11,14.6,14.6,458600,0.0
2015-08-26,15.19,15.52,15.03,15.47,640300,0.0
2015-08-27,15.65,16.19,15.65,15.98,857100,0.0
2015-08-28,15.98,16.5,15.92,16.49,549000,0.0
2015-08-31,16.0,16.4,16.0,16.28,348400,0.0
2015-09-01,15.55,16.08,15.55,15.74,680200,0.0
2015-09-02,15.7,16.1,15.7,16.06,283500,0.0
2015-09-03,15.9,15.96,15.57,15.58,269400,0.0
2015-09-04,15.2,15.63,15.19,15.49,200100,0.0
2015-09-08,15.72,16.0,15.72,15.99,178600,0.0
2015-09-09,16.15,16.31,15.78,15.89,269000,0.0
2015-09-10,15.88,16.14,15.84,16.04,167100,0.0
2015-09-11,16.0,16.04,15.77,15.92,107100,0.0
2015-09-14,15.69,15.74,15.37,15.55,310500,0.0
2015-09-15,15.28,15.79,15.28,15.56,399600,0.0
2015-09-16,15.85,15.92,15.77,15.85,143400,0.0
2015-09-17,15.57,16.08,15.57,15.84,324200,0.0
2015-09-18,15.7,15.84,15.6,15.65,223500,0.0
2015-09-21,15.8,16.08,15.76,16.02,314300,0.0
2015-09-22,15.85,15.89,15.78,15.82,60300,0.0
2015-09-23,15.9,15.91,15.56,15.71,294800,0.0
2015-09-24,15.68,15.9,15.66,15.86,183200,0.0
2015-09-25,15.75,16.06,15.63,15.65,160200,0.0
2015-09-28,15.56,15.57,15.29,15.34,559500,0.0
2015-09-29,15.3,15.54,15.25,15.45,850500,0.0
2015-09-30,15.6,15.89,15.45,15.48,124300,0.0
2015-10-01,15.45,15.59,15.45,15.49,175100,0.0
2015-10-02,15.5,15.85,15.5,15.82,86300,0.0
2015-10-05,16.13,16.36,16.09,16.34,604300,0.0
2015-10-06,16.54,16.89,16.54,16.89,584000,0.0
2015-10-07,16.9,17.31,16.88,17.31,1001500,0.0
2015-10-08,17.48,17.6,17.2,17.56,240800,0.0
2015-10-09,17.72,17.92,17.6,17.82,1006000,0.0
2015-10-12,17.97,17.98,17.53,17.63,163000,0.0
2015-10-13,17.47,17.5,17.1,17.14,257600,0.0
2015-10-14,17.15,17.24,17.06,17.19,169700,0.0
2015-10-15,17.29,17.48,17.28,17.48,171000,0.0
2015-10-16,17.49,17.59,17.4,17.47,117700,0.0
2015-10-19,17.38,17.45,17.22,17.36,546100,0.0
2015-10-20,17.07,17.19,17.06,17.06,182600,0.0
2015-10-21,17.06,17.09,16.81,16.83,462600,0.0
2015-10-22,17.29,17.52,17.16,17.4,292700,0.0
2015-10-23,17.55,17.6,17.35,17.43,424300,0.0
2015-10-26,17.47,17.47,17.22,17.35,250600,0.0
2015-10-27,17.08,17.19,16.96,16.97,184900,0.0
2015-10-28,17.02,17.17,16.94,16.98,164300,0.0
2015-10-29,16.98,17.17,16.94,17.1,158500,0.0
2015-10-30,17.24,17.24,16.95,16.96,239100,0.0
2015-11-02,17.01,17.19,16.94,17.05,114400,0.0
2015-11-03,17.38,17.49,17.25,17.4,187200,0.0
2015-11-04,17.38,17.49,17.32,17.32,167400,0.0
2015-11-05,17.46,17.49,17.35,17.35,125700,0.0
2015-11-06,17.05,17.21,17.03,17.15,115500,0.0
2015-11-09,17.11,17.2,16.87,16.88,135700,0.0
2015-11-10,16.74,16.86,16.55,16.57,240300,0.0
2015-11-11,16.59,16.7,16.42,16.49,273900,0.0
2015-11-12,16.34,16.65,16.26,16.32,162300,0.0
2015-11-13,16.25,16.46,16.24,16.3,408400,0.0
2015-11-16,16.48,16.61,16.4,16.52,421500,0.0
2015-11-17,16.74,16.74,16.52,16.53,262100,0.0
2015-11-18,16.41,16.51,16.36,16.48,296400,0.0
2015-11-19,16.5,16.55,16.39,16.39,399600,0.0
2015-11-20,16.45,16.57,16.42,16.45,289300,0.0
2015-11-23,16.47,16.5,16.34,16.38,268800,0.0
2015-11-24,16.24,16.26,16.13,16.19,348500,0.0
2015-11-25,16.15,16.35,16.15,16.22,485800,0.0
2015-11-27,15.94,16.2,15.72,15.75,538500,0.0
2015-11-30,15.77,15.9,15.52,15.56,336300,0.0
2015-12-01,15.57,15.72,15.52,15.58,450200,0.0
2015-12-02,15.51,15.65,15.39,15.42,255000,0.0
2015-12-03,15.61,15.62,15.38,15.43,320000,0.0
2015-12-04,15.35,15.68,15.35,15.68,596700,0.0
2015-12-07,15.38,15.42,15.11,15.22,505400,0.0
2015-12-08,15.23,15.42,15.17,15.39,644700,0.0
2015-12-09,15.16,15.16,14.93,15.08,439100,0.0
2015-12-10,15.07,15.15,15.02,15.1,229100,0.0
2015-12-11,15.02,15.07,14.81,14.87,277100,0.0
2015-12-14,14.78,14.8,14.62,14.74,244500,0.0
2015-12-15,14.94,15.06,14.89,14.98,475700,0.0
2015-12-16,15.0,15.11,14.85,15.04,308200,0.0
2015-12-17,15.11,15.12,14.91,14.91,198200,0.0
2015-12-18,14.79,14.93,14.61,14.75,732600,0.0
2015-12-21,14.44,14.48,14.18,14.31,425100,0.0
2015-12-22,14.24,14.42,14.14,14.29,416800,0.0
2015-12-23,14.34,14.37,14.26,14.31,169100,0.0
2015-12-24,14.32,14.64,14.3,14.43,85200,0.0
2015-12-28,14.65,14.7,14.54,14.6,221200,0.0
2015-12-29,14.76,14.91,14.72,14.84,295300,0.0
2015-12-30,14.88,14.91,14.74,14.77,317500,0.0
2015-12-31,14.8,14.8,14.7,14.79,80700,0.0
2016-01-04,14.62,14.97,14.55,14.97,834400,0.0
2016-01-05,14.88,15.04,14.8,15.0,1132600,0.0
2016-01-06,14.92,14.92,14.67,14.67,604500,0.0
2016-01-07,14.42,14.43,14.25,14.34,764600,0.0
2016-01-08,14.34,14.42,13.94,13.97,471100,0.0
2016-01-11,14.18,14.22,13.9,14.03,623700,0.0
2016-01-12,14.17,14.2,13.9,14.05,432600,0.0
2016-01-13,14.09,14.1,13.59,13.61,592400,0.0
2016-01-14,13.52,13.71,13.37,13.61,625100,0.0
2016-01-15,13.18,13.34,12.83,12.92,540500,0.0
2016-01-19,13.11,13.18,13.01,13.03,314400,0.0
2016-01-20,12.8,12.87,12.39,12.67,1194000,0.0
2016-01-21,12.7,12.87,12.54,12.81,430500,0.0
2016-01-22,12.9,13.1,12.82,12.97,417600,0.0
2016-01-25,13.19,13.58,13.19,13.4,257800,0.0
2016-01-26,13.43,13.54,13.2,13.43,186500,0.0
2016-01-27,13.54,13.67,13.36,13.45,94300,0.0
2016-01-28,13.45,13.58,13.42,13.57,52800,0.0
2016-01-29,13.76,13.96,13.7,13.96,253000,0.0
2016-02-01,13.77,13.81,13.66,13.71,353500,0.0
2016-02-02,13.53,13.53,13.26,13.27,510000,0.0
2016-02-03,13.51,13.69,13.33,13.67,395800,0.0
2016-02-04,13.68,13.81,13.52,13.64,162300,0.0
2016-02-05,13.76,13.83,13.56,13.58,69000,0.0
2016-02-08,13.56,13.56,13.31,13.39,125100,0.0
2016-02-09,13.27,13.44,13.15,13.37,332600,0.0
2016-02-10,13.47,13.69,13.18,13.21,542900,0.0
2016-02-11,13.08,13.11,12.92,13.08,212800,0.0
2016-02-12,13.16,13.35,13.15,13.29,118600,0.0
2016-02-16,13.69,13.88,13.56,13.86,261100,0.0
2016-02-17,13.8,13.87,13.65,13.85,224100,0.0
2016-02-18,13.93,14.0,13.85,13.93,149000,0.0
2016-02-19,13.85,13.94,13.76,13.88,82800,0.0
2016-02-22,14.08,14.35,14.05,14.32,475900,0.0
2016-02-23,14.32,14.34,14.1,14.25,385000,0.0
2016-02-24,14.14,14.34,14.1,14.25,126100,0.0
2016-02-25,14.13,14.15,13.95,14.09,175200,0.0
2016-02-26,14.17,14.19,14.01,14.06,124000,0.0
2016-02-29,14.06,14.12,13.95,13.96,162100,0.0
2016-03-01,13.97,14.21,13.97,14.14,269200,0.0
2016-03-02,14.11,14.25,14.06,14.25,192400,0.0
2016-03-03,14.25,14.51,14.25,14.46,167100,0.0
2016-03-04,14.5,14.6,14.39,14.59,205400,0.0
2016-03-07,14.68,14.75,14.5,14.75,299900,0.0
2016-03-08,14.72,14.72,14.45,14.47,236300,0.0
2016-03-09,14.44,14.54,14.44,14.48,104800,0.0
2016-03-10,14.53,14.57,14.44,14.5,219200,0.0
2016-03-11,14.5,14.51,14.4,14.48,192200,0.0
2016-03-14,14.4,14.52,14.2,14.2,215000,0.0
2016-03-15,14.11,14.14,13.99,14.06,334600,0.0
2016-03-16,14.07,14.3,14.04,14.3,131400,0.0
2016-03-17,14.38,14.38,14.2,14.23,198500,0.0
2016-03-18,14.16,14.24,14.12,14.17,194000,0.0
2016-03-21,14.12,14.24,14.02,14.19,430200,0.0
2016-03-22,14.17,14.19,14.03,14.08,92300,0.0
2016-03-23,14.06,14.08,13.92,13.96,177800,0.0
2016-03-24,13.85,13.95,13.81,13.95,93200,0.0
2016-03-28,14.01,14.1,13.99,14.07,55500,0.0
2016-03-29,13.88,14.19,13.82,14.17,170800,0.0
2016-03-30,14.12,14.2,14.04,14.04,85300,0.0
2016-03-31,14.05,14.05,13.97,14.0,76400,0.0
2016-04-01,13.81,13.85,13.72,13.83,186800,0.0
2016-04-04,13.85,13.9,13.63,13.72,139800,0.0
2016-04-05,13.75,13.75,13.69,13.7,83700,0.0
2016-04-06,13.77,13.99,13.77,13.96,540700,0.0
2016-04-07,13.85,13.95,13.79,13.81,127900,0.0
2016-04-08,13.9,14.0,13.8,13.87,158600,0.0
2016-04-11,14.04,14.19,14.02,14.08,135500,0.0
2016-04-12,14.12,14.35,14.12,14.32,223500,0.0
2016-04-13,14.24,14.33,14.15,14.25,168500,0.0
2016-04-14,14.3,14.35,14.26,14.34,242600,0.0
2016-04-15,14.27,14.31,14.19,14.23,85300,0.0
2016-04-18,14.17,14.23,14.03,14.1,546700,0.0
2016-04-19,13.95,14.03,13.87,14.02,300300,0.0
2016-04-20,13.98,14.15,13.93,14.02,263800,0.0
2016-04-21,14.15,14.21,13.92,13.98,221500,0.0
2016-04-22,14.26,14.39,14.26,14.37,268300,0.0
2016-04-25,14.38,14.44,14.33,14.42,177500,0.0
2016-04-26,14.43,14.81,14.43,14.64,275300,0.0
2016-04-27,14.51,14.63,14.5,14.59,201900,0.0
2016-04-28,14.49,14.53,14.37,14.4,166100,0.0
2016-04-29,14.44,14.53,14.39,14.42,101600,0.0
2016-05-02,14.44,14.61,14.42,14.54,331400,0.0
2016-05-03,14.47,14.56,14.35,14.5,165500,0.0
2016-05-04,14.42,14.5,14.12,14.12,495600,0.0
2016-05-05,14.34,14.43,14.2,14.28,244800,0.0
2016-05-06,14.39,14.5,14.28,14.45,161900,0.0
2016-05-09,14.38,14.38,14.04,14.06,441300,0.0
2016-05-10,14.0,14.2,14.0,14.12,287100,0.0
2016-05-11,14.4,14.4,14.18,14.18,147600,0.0
2016-05-12,14.34,14.43,14.22,14.27,320800,0.0
2016-05-13,14.23,14.3,14.15,14.23,146900,0.0
2016-05-16,14.31,14.48,14.31,14.48,307200,0.0
2016-05-17,14.67,14.76,14.48,14.69,705500,0.0
2016-05-18,14.69,14.75,14.58,14.65,547400,0.0
2016-05-19,14.53,14.63,14.36,14.44,644500,0.0
2016-05-20,14.4,14.51,14.36,14.45,122900,0.0
2016-05-23,14.43,14.45,14.36,14.36,108500,0.0
2016-05-24,14.39,14.48,14.37,14.4,229600,0.0
2016-05-25,14.35,14.48,14.24,14.45,466800,0.0
2016-05-26,14.25,14.29,14.12,14.18,117900,0.0
2016-05-27,14.15,14.29,14.05,14.05,332200,0.0
2016-05-31,14.21,14.46,14.21,14.4,162800,0.0
2016-06-01,14.47,14.48,14.3,14.42,112900,0.0
2016-06-02,14.42,14.55,14.41,14.49,159400,0.0
2016-06-03,14.49,14.78,14.47,14.76,588700,0.0
2016-06-06,14.78,14.83,14.67,14.71,338100,0.0
2016-06-07,14.9,14.99,14.84,14.86,294400,0.0
2016-06-08,15.0,15.16,15.0,15.1,476200,0.0
2016-06-09,15.03,15.1,15.0,15.03,307100,0.0
2016-06-10,15.02,15.02,14.82,14.82,245500,0.0
2016-06-13,14.7,14.76,14.51,14.61,409900,0.0
2016-06-14,14.61,14.82,14.51,14.61,433000,0.0
2016-06-15,14.74,14.77,14.62,14.62,521900,0.0
2016-06-16,14.64,14.68,14.54,14.62,437900,0.0
2016-06-17,14.5,14.5,14.35,14.41,175600,0.0
2016-06-20,14.66,14.74,14.6,14.61,102500,0.0
2016-06-21,14.62,14.67,14.55,14.63,97700,0.0
2016-06-22,14.78,14.79,14.67,14.72,100500,0.0
2016-06-23,15.0,15.0,14.76,14.88,191600,0.0
2016-06-24,14.23,14.42,14.11,14.19,476700,0.0
2016-06-27,14.17,14.38,13.92,13.98,185200,0.0
2016-06-28,14.27,14.37,14.22,14.34,128000,0.0
2016-06-29,14.52,14.61,14.5,14.59,119800,0.0
2016-06-30,14.55,14.63,14.5,14.62,93800,0.0
2016-07-01,14.65,14.73,14.52,14.65,97500,0.0
2016-07-05,14.72,14.79,14.68,14.72,279300,0.0
2016-07-06,14.62,14.75,14.62,14.72,330500,0.0
2016-07-07,14.98,15.28,14.8,14.92,206500,0.0
2016-07-08,14.98,15.17,14.93,15.1,272600,0.0
2016-07-11,15.0,15.07,14.82,14.82,190900,0.0
2016-07-12,15.02,15.12,14.91,15.11,343300,0.0
2016-07-13,15.43,15.72,15.35,15.45,431700,0.0
2016-07-14,15.4,15.4,15.3,15.32,315900,0.0
2016-07-15,15.43,15.43,15.21,15.24,172800,0.0
2016-07-18,15.49,15.65,15.39,15.52,182900,0.0
2016-07-19,15.37,15.53,15.3,15.33,103100,0.0
2016-07-20,15.2,15.2,15.02,15.1,149600,0.0
2016-07-21,15.06,15.15,15.01,15.02,143100,0.0
2016-07-22,14.98,15.0,14.85,14.9,117700,0.0
2016-07-25,14.9,14.92,14.75,14.79,245700,0.0
2016-07-26,14.79,14.86,14.75,14.82,145400,0.0
2016-07-27,15.0,15.01,14.89,14.98,209900,0.0
2016-07-28,15.0,15.18,14.98,15.04,186200,0.0
2016-07-29,14.99,15.19,14.87,15.19,180600,0.0
2016-08-01,15.1,15.17,14.87,14.87,282500,0.0
2016-08-02,14.69,14.73,14.55,14.57,132400,0.0
2016-08-03,14.57,14.62,14.44,14.62,400500,0.0
2016-08-04,14.55,14.55,14.42,14.48,99300,0.0
2016-08-05,14.42,14.49,14.36,14.4,250800,0.0
2016-08-08,14.47,14.47,14.35,14.42,394800,0.0
2016-08-09,14.62,14.67,14.56,14.62,149700,0.0
2016-08-10,14.84,14.93,14.81,14.86,139200,0.0
2016-08-11,15.0,15.35,15.0,15.3,530400,0.0
2016-08-12,15.19,15.19,15.07,15.1,495000,0.0
2016-08-15,15.26,15.37,15.23,15.35,244600,0.0
2016-08-16,15.3,15.3,15.21,15.25,100400,0.0
2016-08-17,15.21,15.24,15.1,15.24,160900,0.0
2016-08-18,15.21,15.35,15.14,15.34,130200,0.0
2016-08-19,15.3,15.36,15.24,15.35,203100,0.0
2016-08-22,15.14,15.26,15.11,15.15,113500,0.0
2016-08-23,15.2,15.3,15.18,15.26,98100,0.0
2016-08-24,15.18,15.25,15.09,15.11,136900,0.0
2016-08-25,15.12,15.27,15.02,15.02,288800,0.0
2016-08-26,15.28,15.31,15.15,15.21,130900,0.0
2016-08-29,15.14,15.26,14.91,15.23,143000,0.0
2016-08-30,15.13,15.23,15.06,15.18,220000,0.0
2016-08-31,15.12,15.27,15.12,15.18,87800,0.0
2016-09-01,15.09,15.09,14.85,14.91,624900,0.0
2016-09-02,15.13,15.13,14.92,14.96,230700,0.0
2016-09-06,14.97,14.97,14.61,14.63,852900,0.0
2016-09-07,14.76,14.77,14.66,14.69,202000,0.0
2016-09-08,14.69,14.76,14.68,14.75,179300,0.0
2016-09-09,14.66,14.66,14.51,14.56,272600,0.0
2016-09-12,14.49,14.8,14.43,14.78,124600,0.0
2016-09-13,14.75,14.77,14.33,14.37,367300,0.0
2016-09-14,14.37,14.54,14.34,14.35,359700,0.0
2016-09-15,14.41,14.43,14.31,14.4,101900,0.0
2016-09-16,14.26,14.28,14.03,14.13,413700,0.0
2016-09-19,14.28,14.58,14.28,14.48,197700,0.0
2016-09-20,14.66,14.75,14.64,14.75,128400,0.0
2016-09-21,14.76,15.0,14.76,14.97,347400,0.0
2016-09-22,15.0,15.11,14.98,15.01,285000,0.0
2016-09-23,14.96,15.0,14.83,14.87,123700,0.0
2016-09-26,14.96,14.99,14.86,14.9,148100,0.0
2016-09-27,15.0,15.1,14.93,15.09,108500,0.0
2016-09-28,15.05,15.2,15.05,15.2,112600,0.0
2016-09-29,15.07,15.2,15.01,15.03,152800,0.0
2016-09-30,15.02,15.16,15.02,15.1,171500,0.0
2016-10-03,15.05,15.05,14.92,14.92,148100,0.0
2016-10-04,14.93,15.0,14.81,14.87,256300,0.0
2016-10-05,15.0,15.12,14.97,15.09,223700,0.0
2016-10-06,14.98,15.06,14.95,15.01,82200,0.0
2016-10-07,14.98,15.0,14.92,14.96,52300,0.0
2016-10-10,14.93,14.96,14.89,14.9,127800,0.0
2016-10-11,14.89,14.93,14.78,14.79,154000,0.0
2016-10-12,14.83,14.93,14.76,14.78,125300,0.0
2016-10-13,14.76,14.81,14.68,14.78,297100,0.0
2016-10-14,14.78,14.88,14.77,14.81,35200,0.0
2016-10-17,14.79,14.81,14.62,14.62,75000,0.0
2016-10-18,14.87,14.87,14.68,14.75,130000,0.0
2016-10-19,14.96,14.97,14.81,14.91,46500,0.0
2016-10-20,14.85,14.89,14.76,14.85,121300,0.0
2016-10-21,14.76,14.82,14.7,14.75,50100,0.0
2016-10-24,14.6,14.7,14.54,14.54,111000,0.0
2016-10-25,14.5,14.5,14.41,14.43,109700,0.0
2016-10-26,14.45,14.45,14.3,14.39,106300,0.0
2016-10-27,14.56,14.59,14.47,14.53,124400,0.0
2016-10-28,14.55,14.62,14.5,14.52,75900,0.0
2016-10-31,14.35,14.41,14.3,14.33,88200,0.0
2016-11-01,14.33,14.33,14.11,14.18,75900,0.0
2016-11-02,14.14,14.2,14.0,14.0,164200,0.0
2016-11-03,14.14,14.14,13.95,13.95,75300,0.0
2016-11-04,14.09,14.09,13.95,14.04,177000,0.0
2016-11-07,14.17,14.28,14.14,14.18,92000,0.0
2016-11-08,14.13,14.23,14.11,14.21,73200,0.0
2016-11-09,14.04,14.18,13.99,14.03,166900,0.0
2016-11-10,14.12,14.12,13.56,13.59,672000,0.0
2016-11-11,13.61,13.74,13.61,13.68,200300,0.0
2016-11-14,13.6,13.74,13.55,13.61,183300,0.0
2016-11-15,13.7,13.79,13.63,13.68,355800,0.0
2016-11-16,13.64,13.89,13.64,13.73,298200,0.0
2016-11-17,13.71,14.0,13.69,13.85,295800,0.0
2016-11-18,13.84,13.85,13.61,13.72,104600,0.0
2016-11-21,13.89,13.89,13.73,13.77,73900,0.0
2016-11-22,13.84,13.94,13.75,13.79,222000,0.0
2016-11-23,13.72,13.78,13.65,13.75,66500,0.0
2016-11-25,13.6,13.66,13.4,13.43,557300,0.0
2016-11-28,13.41,13.47,13.19,13.23,259000,0.0
2016-11-29,13.18,13.35,13.18,13.31,295400,0.0
2016-11-30,13.26,13.4,13.26,13.38,132700,0.0
2016-12-01,13.44,13.44,13.23,13.3,192000,0.0
2016-12-02,13.27,13.35,13.25,13.29,293200,0.0
2016-12-05,13.27,13.37,13.21,13.31,187400,0.0
2016-12-06,13.17,13.24,13.12,13.18,171500,0.0
2016-12-07,13.16,13.43,13.15,13.37,289900,0.0
2016-12-08,13.36,13.49,13.31,13.44,154600,0.0
2016-12-09,13.44,13.49,13.4,13.49,222400,0.0
2016-12-12,13.4,13.41,13.2,13.3,191900,0.0
2016-12-13,13.25,13.25,13.07,13.11,243200,0.0
2016-12-14,13.21,13.28,13.04,13.06,401200,0.0
2016-12-15,13.12,13.2,12.98,13.05,225000,0.0
2016-12-16,13.16,13.19,13.06,13.08,173700,0.0
2016-12-19,12.89,12.95,12.88,12.91,145200,0.0
2016-12-20,12.87,12.87,12.55,12.59,651600,0.0
2016-12-21,12.71,12.77,12.5,12.56,406100,0.0
2016-12-22,12.61,12.63,12.51,12.55,231500,0.0
2016-12-23,12.58,12.76,12.56,12.76,211100,0.0
2016-12-27,12.72,12.79,12.67,12.74,198700,0.0
2016-12-28,12.73,12.8,12.69,12.8,164100,0.0
2016-12-29,12.59,13.08,12.59,13.08,321100,0.0
2016-12-30,13.08,13.13,13.0,13.04,159300,0.0
2017-01-03,13.19,13.32,13.17,13.26,299500,0.0
2017-01-04,13.35,13.43,13.29,13.38,159600,0.0
2017-01-05,13.38,13.6,13.37,13.6,430000,0.0
2017-01-06,13.6,13.6,13.44,13.47,348700,0.0
2017-01-09,13.43,13.49,13.31,13.32,231000,0.0
2017-01-10,13.33,13.44,13.33,13.38,123300,0.0
2017-01-11,13.43,13.57,13.42,13.53,155100,0.0
2017-01-12,13.48,13.56,13.46,13.52,159300,0.0
2017-01-13,13.56,13.58,13.49,13.51,170500,0.0
2017-01-17,13.43,13.46,13.37,13.38,192300,0.0
2017-01-18,13.44,13.46,13.38,13.42,208200,0.0
2017-01-19,13.23,13.31,13.18,13.21,164000,0.0
2017-01-20,13.26,13.33,13.23,13.3,144800,0.0
2017-01-23,13.4,13.52,13.32,13.5,178800,0.0
2017-01-24,13.5,13.76,13.49,13.71,351000,0.0
2017-01-25,13.62,13.81,13.62,13.8,265400,0.0
2017-01-26,13.55,13.72,13.55,13.63,176900,0.0
2017-01-27,13.61,13.68,13.43,13.63,95300,0.0
2017-01-30,13.52,13.61,13.51,13.6,86800,0.0
2017-01-31,13.56,13.59,13.51,13.56,106000,0.0
2017-02-01,13.6,13.72,13.6,13.72,125100,0.0
2017-02-02,13.74,13.76,13.61,13.67,134600,0.0
2017-02-03,13.74,13.74,13.64,13.67,200700,0.0
2017-02-06,13.73,13.73,13.63,13.66,155600,0.0
2017-02-07,13.73,13.79,13.64,13.69,187100,0.0
2017-02-08,13.71,13.74,13.69,13.71,168800,0.0
2017-02-09,13.71,13.72,13.69,13.72,161400,0.0
2017-02-10,13.73,13.75,13.7,13.72,202300,0.0
2017-02-13,13.84,14.05,13.84,14.03,289700,0.0
2017-02-14,13.95,14.03,13.9,14.01,269200,0.0
2017-02-15,14.01,14.09,14.01,14.09,169700,0.0
2017-02-16,14.03,14.03,13.87,13.9,258900,0.0
2017-02-17,13.87,13.92,13.8,13.9,194200,0.0
2017-02-21,13.97,14.0,13.93,13.94,209800,0.0
2017-02-22,13.92,13.92,13.82,13.86,196600,0.0
2017-02-23,13.83,13.89,13.77,13.77,189000,0.0
2017-02-24,13.76,13.76,13.7,13.71,106000,0.0
2017-02-27,13.75,13.82,13.73,13.79,59500,0.0
2017-02-28,13.72,13.79,13.5,13.51,271600,0.0
2017-03-01,13.6,13.67,13.52,13.6,184400,0.0
2017-03-02,13.54,13.54,13.37,13.37,127400,0.0
2017-03-03,13.45,13.47,13.37,13.42,78800,0.0
2017-03-06,13.5,13.5,13.42,13.45,141300,0.0
2017-03-07,13.44,13.44,13.32,13.4,162900,0.0
2017-03-08,13.46,13.47,13.28,13.31,558000,0.0
2017-03-09,13.33,13.48,13.3,13.37,215500,0.0
2017-03-10,13.42,13.53,13.4,13.47,112000,0.0
2017-03-13,13.46,13.46,13.35,13.42,305800,0.0
2017-03-14,13.44,13.45,13.37,13.42,96300,0.0
2017-03-15,13.41,13.5,13.37,13.5,153800,0.0
2017-03-16,13.61,13.68,13.54,13.58,86600,0.0
2017-03-17,13.63,13.71,13.61,13.68,147100,0.0
2017-03-20,13.75,13.8,13.7,13.74,170600,0.0
2017-03-21,13.83,13.84,13.64,13.72,296800,0.0
2017-03-22,13.75,13.86,13.67,13.76,174300,0.0
2017-03-23,13.88,13.95,13.86,13.93,141800,0.0
2017-03-24,14.0,14.0,13.9,13.94,118600,0.0
2017-03-27,13.9,14.0,13.84,13.97,295300,0.0
2017-03-28,13.84,14.04,13.84,14.03,236800,0.0
2017-03-29,14.0,14.0,13.91,13.92,106600,0.0
2017-03-30,13.99,14.07,13.94,13.99,146800,0.0
2017-03-31,13.98,14.04,13.95,14.02,178100,0.0
2017-04-03,14.1,14.12,13.98,14.02,56400,0.0
2017-04-04,14.12,14.2,14.05,14.16,121200,0.0
2017-04-05,14.05,14.16,13.98,14.0,101400,0.0
2017-04-06,14.0,14.02,13.96,13.96,46100,0.0
2017-04-07,14.08,14.18,14.05,14.16,157300,0.0
2017-04-10,14.16,14.17,14.13,14.14,93700,0.0
2017-04-11,14.18,14.18,14.1,14.17,46900,0.0
2017-04-12,14.03,14.12,13.9,14.08,98400,0.0
2017-04-13,14.08,14.11,14.03,14.05,84300,0.0
2017-04-17,13.91,14.0,13.76,13.77,238000,0.0
2017-04-18,13.86,13.92,13.8,13.83,130200,0.0
2017-04-19,14.0,14.05,13.87,13.89,103100,0.0
2017-04-20,13.9,13.9,13.77,13.82,400000,0.0
2017-04-21,13.8,13.87,13.77,13.83,180600,0.0
2017-04-24,13.81,13.87,13.78,13.81,187400,0.0
2017-04-25,13.9,13.92,13.75,13.8,254200,0.0
2017-04-26,13.81,13.94,13.8,13.91,224500,0.0
2017-04-27,14.05,14.05,13.86,13.96,208500,0.0
2017-04-28,13.9,14.09,13.9,14.04,157100,0.0
2017-05-01,14.1,14.13,14.03,14.11,94600,0.0
2017-05-02,14.11,14.13,14.06,14.11,66800,0.0
2017-05-03,14.08,14.08,13.91,14.04,118000,0.0
2017-05-04,14.06,14.06,13.94,13.95,70900,0.0
2017-05-05,13.9,14.06,13.82,14.03,293000,0.0
2017-05-08,14.0,14.03,13.93,13.99,76200,0.0
2017-05-09,14.09,14.09,14.0,14.03,269800,0.0
2017-05-10,14.03,14.09,13.98,14.0,213600,0.0
2017-05-11,14.0,14.01,13.94,13.99,102700,0.0
2017-05-12,14.0,14.09,13.93,13.98,74800,0.0
2017-05-15,14.03,14.14,14.0,14.1,137200,0.0
2017-05-16,14.09,14.1,14.04,14.05,121700,0.0
2017-05-17,14.06,14.07,13.95,13.97,117100,0.0
2017-05-18,13.97,13.97,13.76,13.85,98700,0.0
2017-05-19,13.98,14.08,13.98,14.05,100700,0.0
2017-05-22,14.15,14.19,14.01,14.04,447800,0.0
2017-05-23,14.07,14.09,14.01,14.03,64800,0.0
2017-05-24,14.06,14.24,14.06,14.22,143800,0.0
2017-05-25,14.09,14.37,14.09,14.35,295300,0.0
2017-05-26,14.36,14.45,14.28,14.35,178800,0.0
2017-05-30,14.34,14.51,14.32,14.44,180100,0.0
2017-05-31,14.46,14.49,14.41,14.44,237900,0.0
2017-06-01,14.46,14.6,14.4,14.6,285000,0.0
2017-06-02,14.58,14.63,14.57,14.61,192000,0.0
2017-06-05,14.61,14.65,14.51,14.56,132500,0.0
2017-06-06,14.56,14.68,14.52,14.65,267200,0.0
2017-06-07,14.66,14.7,14.63,14.64,135700,0.0
2017-06-08,14.63,14.66,14.56,14.63,96400,0.0
2017-06-09,14.6,14.63,14.46,14.52,149100,0.0
2017-06-12,14.52,14.52,14.38,14.42,78800,0.0
2017-06-13,14.42,14.58,14.42,14.52,107200,0.0
2017-06-14,14.6,14.67,14.57,14.57,120000,0.0
2017-06-15,14.52,14.53,14.42,14.52,131400,0.0
2017-06-16,14.59,14.68,14.53,14.68,51100,0.0
2017-06-19,14.76,14.91,14.76,14.91,297100,0.0
2017-06-20,14.87,14.87,14.68,14.76,478200,0.0
2017-06-21,14.76,14.76,14.7,14.73,209900,0.0
2017-06-22,14.68,14.83,14.62,14.77,138600,0.0
2017-06-23,14.71,14.83,14.69,14.79,114300,0.0
2017-06-26,14.87,14.95,14.8,14.93,272300,0.0
2017-06-27,14.8,14.8,14.67,14.72,147600,0.0
2017-06-28,14.63,14.82,14.63,14.82,112400,0.0
2017-06-29,14.86,14.86,14.68,14.72,132900,0.0
2017-06-30,14.81,14.95,14.81,14.93,76900,0.0
2017-07-03,14.95,15.2,14.95,15.19,248700,0.0
2017-07-05,15.06,15.18,15.05,15.13,160300,0.0
2017-07-06,15.15,15.16,15.07,15.1,116300,0.0
2017-07-07,14.86,14.95,14.84,14.89,116000,0.0
2017-07-10,14.75,14.8,14.58,14.6,293000,0.0
2017-07-11,14.58,14.7,14.56,14.67,171600,0.0
2017-07-12,14.71,14.86,14.71,14.8,325700,0.0
2017-07-13,14.8,14.8,14.69,14.74,231200,0.0
2017-07-14,14.82,14.88,14.79,14.87,88900,0.0
2017-07-17,14.64,14.67,14.53,14.54,94200,0.0
2017-07-18,14.63,14.63,14.54,14.56,77500,0.0
2017-07-19,14.64,14.73,14.6,14.65,74300,0.0
2017-07-20,14.66,14.66,14.55,14.58,94500,0.0
2017-07-21,14.58,14.62,14.53,14.6,138500,0.0
2017-07-24,14.67,14.67,14.52,14.54,248600,0.0
2017-07-25,14.71,14.87,14.65,14.68,120100,0.0
2017-07-26,14.76,14.82,14.76,14.79,70800,0.0
2017-07-27,14.85,14.9,14.63,14.68,103100,0.0
2017-07-28,14.84,14.84,14.67,14.73,91800,0.0
2017-07-31,14.82,14.84,14.68,14.78,461000,0.0
2017-08-01,14.78,14.82,14.78,14.78,121900,0.0
2017-08-02,14.8,14.81,14.71,14.74,188100,0.0
2017-08-03,14.79,14.79,14.68,14.7,88900,0.0
2017-08-04,14.75,14.79,14.69,14.75,92700,0.0
2017-08-07,14.71,14.82,14.71,14.8,71000,0.0
2017-08-08,14.78,14.8,14.6,14.66,130100,0.0
2017-08-09,14.58,14.58,14.45,14.51,146700,0.0
2017-08-10,14.4,14.47,14.1,14.14,348000,0.0
2017-08-11,14.31,14.36,14.26,14.32,186500,0.0
2017-08-14,14.4,14.45,14.3,14.35,108600,0.0
2017-08-15,14.32,14.35,14.29,14.34,35500,0.0
2017-08-16,14.41,14.43,14.3,14.36,33300,0.0
2017-08-17,14.34,14.34,14.11,14.11,89700,0.0
2017-08-18,14.19,14.23,14.07,14.19,118000,0.0
2017-08-21,14.23,14.23,14.09,14.15,49400,0.0
2017-08-22,14.1,14.13,14.03,14.07,128100,0.0
2017-08-23,14.07,14.23,14.07,14.16,98200,0.0
2017-08-24,14.25,14.28,14.22,14.25,47100,0.0
2017-08-25,14.29,14.47,14.29,14.41,67800,0.0
2017-08-28,14.48,14.58,14.41,14.49,47700,0.0
2017-08-29,14.45,14.53,14.41,14.5,59300,0.0
2017-08-30,14.54,14.67,14.53,14.55,22400,0.0
2017-08-31,14.61,14.69,14.59,14.68,46800,0.0
2017-09-01,14.73,14.74,14.57,14.65,185200,0.0
2017-09-05,14.67,14.7,14.55,14.65,130600,0.0
2017-09-06,14.65,14.75,14.6,14.75,44200,0.0
2017-09-07,14.75,14.85,14.71,14.82,56100,0.0
2017-09-08,14.85,14.9,14.82,14.83,37900,0.0
2017-09-11,14.83,14.83,14.69,14.76,79800,0.0
2017-09-12,14.74,14.8,14.72,14.8,51000,0.0
2017-09-13,14.82,14.84,14.76,14.79,71300,0.0
2017-09-14,14.88,14.95,14.86,14.9,96900,0.0
2017-09-15,14.9,15.0,14.84,14.97,110800,0.0
2017-09-18,14.99,15.03,14.92,15.0,135200,0.0
2017-09-19,15.0,15.07,14.93,15.03,107000,0.0
2017-09-20,14.88,15.0,14.83,14.92,94100,0.0
2017-09-21,14.82,14.99,14.82,14.97,196100,0.0
2017-09-22,14.85,14.96,14.83,14.9,104200,0.0
2017-09-25,14.88,14.9,14.7,14.72,170900,0.0
2017-09-26,14.84,14.85,14.74,14.8,65100,0.0
2017-09-27,14.8,14.93,14.8,14.87,117600,0.0
2017-09-28,14.81,14.93,14.81,14.88,57500,0.0
2017-09-29,14.97,14.98,14.88,14.91,18400,0.0
2017-10-02,14.9,14.9,14.81,14.83,90000,0.0
2017-10-03,14.84,14.91,14.83,14.89,34100,0.0
2017-10-04,14.94,14.95,14.85,14.85,83300,0.0
2017-10-05,14.89,15.0,14.89,15.0,65400,0.0
2017-10-06,14.92,15.0,14.87,14.97,62400,0.0
2017-10-09,14.99,15.09,14.93,15.06,93500,0.0
2017-10-10,15.12,15.15,15.0,15.15,119800,0.0
2017-10-11,15.16,15.19,15.08,15.18,99600,0.0
2017-10-12,15.18,15.19,15.13,15.19,59600,0.0
2017-10-13,15.21,15.3,15.19,15.3,151000,0.0
2017-10-16,15.3,15.34,15.26,15.33,127400,0.0
2017-10-17,15.37,15.41,15.21,15.23,132200,0.0
2017-10-18,15.28,15.45,15.28,15.42,197500,0.0
2017-10-19,15.41,15.5,15.36,15.49,169400,0.0
2017-10-20,15.49,15.5,15.4,15.46,122400,0.0
2017-10-23,15.45,15.49,15.37,15.39,66300,0.0
2017-10-24,15.42,15.59,15.42,15.56,190100,0.0
2017-10-25,15.6,15.63,15.51,15.6,118800,0.0
2017-10-26,15.6,15.79,15.6,15.71,173300,0.0
2017-10-27,15.8,16.0,15.79,16.0,269800,0.0
2017-10-30,15.8,16.13,15.8,16.09,247100,0.0
2017-10-31,16.0,16.08,15.88,16.02,375800,0.0
2017-11-01,16.02,16.42,16.0,16.36,409000,0.0
2017-11-02,16.09,16.22,16.0,16.07,129300,0.0
2017-11-03,16.08,16.29,16.08,16.16,203600,0.0
2017-11-06,16.14,16.28,16.11,16.14,117300,0.0
2017-11-07,16.18,16.24,16.05,16.11,89400,0.0
2017-11-08,16.12,16.35,16.11,16.35,172900,0.0
2017-11-09,16.13,16.18,15.89,16.02,287400,0.0
2017-11-10,16.1,16.22,16.03,16.14,249100,0.0
2017-11-13,16.24,16.37,16.18,16.34,403600,0.0
2017-11-14,16.31,16.45,16.28,16.36,266900,0.0
2017-11-15,16.34,16.38,16.1,16.32,345600,0.0
2017-11-16,16.48,16.81,16.48,16.78,455500,0.0
2017-11-17,16.73,16.78,16.7,16.75,162800,0.0
2017-11-20,16.87,16.99,16.86,16.98,304900,0.0
2017-11-21,17.01,17.1,16.82,16.86,528300,0.0
2017-11-22,17.0,17.0,16.82,16.86,193300,0.0
2017-11-24,16.97,17.04,16.88,16.95,93200,0.0
2017-11-27,16.99,17.08,16.95,16.95,317600,0.0
2017-11-28,17.02,17.07,16.98,17.0,193400,0.0
2017-11-29,17.05,17.06,16.9,16.98,182400,0.0
2017-11-30,16.98,17.05,16.9,16.94,156800,0.0
2017-12-01,17.1,17.1,16.58,16.77,443500,0.0
2017-12-04,17.12,17.47,17.1,17.15,205300,0.0
2017-12-05,16.99,17.05,16.84,16.86,189500,0.0
2017-12-06,16.59,16.79,16.5,16.69,337300,0.0
2017-12-07,16.53,16.68,16.52,16.6,135900,0.0
2017-12-08,16.74,16.74,16.6,16.69,137000,0.0
2017-12-11,16.57,16.58,16.4,16.5,245600,0.0
2017-12-12,16.47,16.47,16.33,16.36,173700,0.0
2017-12-13,16.37,16.62,16.36,16.6,122400,0.0
2017-12-14,16.69,16.82,16.61,16.81,130100,0.0
2017-12-15,16.82,17.0,16.69,16.75,108000,0.0
2017-12-18,16.82,16.93,16.81,16.9,160000,0.0
2017-12-19,16.9,16.9,16.75,16.81,115400,0.0
2017-12-20,17.05,17.11,16.92,17.06,136600,0.0
2017-12-21,17.09,17.09,16.93,16.94,140000,0.0
2017-12-22,16.94,17.05,16.8,17.02,156900,0.0
2017-12-26,17.05,17.1,16.97,17.03,94200,0.0
2017-12-27,17.11,17.3,17.04,17.26,150100,0.0
2017-12-28,17.44,17.67,17.31,17.64,305500,0.0
2017-12-29,17.77,18.0,17.76,17.88,457900,0.0
2018-01-02,17.95,18.0,17.83,18.0,346100,0.0
2018-01-03,18.02,18.34,18.02,18.3,415000,0.0
2018-01-04,18.36,18.52,18.33,18.51,644900,0.0
2018-01-05,18.45,18.52,18.38,18.49,322200,0.0
2018-01-08,18.64,18.8,18.64,18.77,417500,0.0
2018-01-09,18.89,18.95,18.79,18.81,522000,0.0
2018-01-10,18.81,18.88,18.37,18.42,489600,0.0
2018-01-11,18.64,18.99,18.64,18.98,815300,0.0
2018-01-12,19.0,19.11,18.81,19.1,368600,0.0
2018-01-16,19.23,19.36,19.1,19.11,455400,0.0
2018-01-17,19.06,19.07,18.81,18.93,515300,0.0
2018-01-18,19.04,19.1,18.7,18.73,490100,0.0
2018-01-19,19.1,19.1,18.91,18.94,329300,0.0
2018-01-22,19.29,19.44,19.17,19.41,519200,0.0
2018-01-23,19.5,19.65,19.42,19.61,540000,0.0
2018-01-24,19.61,19.67,19.33,19.38,615100,0.0
2018-01-25,19.58,19.61,19.48,19.58,302100,0.0
2018-01-26,19.7,19.88,19.62,19.88,457200,0.0
2018-01-29,19.71,19.78,19.68,19.73,552600,0.0
2018-01-30,19.43,19.51,19.27,19.27,444700,0.0
2018-01-31,19.34,19.68,19.32,19.67,560400,0.0
2018-02-01,19.48,19.58,19.15,19.49,584500,0.0
2018-02-02,19.49,19.49,18.55,18.56,1025000,0.0
2018-02-05,18.14,18.24,17.26,17.52,1126100,0.0
2018-02-06,17.12,18.13,17.01,18.04,791300,0.0
2018-02-07,18.05,18.2,17.61,17.61,638100,0.0
2018-02-08,17.72,17.89,17.05,17.08,464000,0.0
2018-02-09,17.2,17.35,16.56,17.28,1291000,0.0
2018-02-12,17.66,17.88,17.4,17.55,488700,0.0
2018-02-13,17.63,18.02,17.57,17.95,348700,0.0
2018-02-14,17.95,18.61,17.93,18.61,478400,0.0
2018-02-15,18.67,18.97,18.56,18.95,371000,0.0
2018-02-16,18.8,19.0,18.65,18.9,225100,0.0
2018-02-20,18.65,19.03,18.53,18.88,764400,0.0
2018-02-21,18.9,19.0,18.64,18.64,274200,0.0
2018-02-22,18.83,18.94,18.64,18.75,207900,0.0
2018-02-23,18.88,19.14,18.8,19.12,362800,0.0
2018-02-26,19.12,19.27,19.11,19.24,339400,0.0
2018-02-27,19.2,19.2,18.71,18.74,358200,0.0
2018-02-28,18.8,18.99,18.63,18.68,322200,0.0
2018-03-01,18.73,18.74,18.23,18.32,726600,0.0
2018-03-02,18.33,18.58,18.33,18.49,589000,0.0
2018-03-05,18.27,18.7,18.23,18.65,466800,0.0
2018-03-06,18.92,18.92,18.5,18.66,147200,0.0
2018-03-07,18.46,18.59,18.38,18.56,293600,0.0
2018-03-08,18.64,18.85,18.62,18.81,245400,0.0
2018-03-09,18.88,19.0,18.82,19.0,231700,0.0
2018-03-12,18.92,18.95,18.8,18.9,331200,0.0
2018-03-13,19.03,19.14,18.94,18.99,276900,0.0
2018-03-14,19.11,19.17,18.97,19.02,234800,0.0
2018-03-15,19.1,19.1,18.8,18.83,215000,0.0
2018-03-16,18.89,19.11,18.84,19.07,222000,0.0
2018-03-19,19.07,19.23,19.05,19.16,540400,0.0
2018-03-20,19.24,19.38,19.14,19.38,313200,0.0
2018-03-21,19.42,19.72,19.42,19.69,338500,0.0
2018-03-22,19.42,19.64,19.09,19.12,486400,0.0
2018-03-23,18.99,19.13,18.5,18.61,452200,0.0
2018-03-26,19.03,19.55,19.03,19.53,444800,0.0
2018-03-27,19.65,19.65,19.11,19.25,764000,0.0
2018-03-28,19.4,19.56,19.26,19.44,324300,0.0
2018-03-29,19.44,19.56,19.33,19.56,339600,0.0
2018-04-02,19.65,19.84,19.4,19.53,352000,0.0
2018-04-03,19.77,20.27,19.63,20.25,727900,0.0
2018-04-04,19.91,20.5,19.79,20.39,511800,0.0
2018-04-05,20.32,20.36,20.12,20.27,272200,0.0
2018-04-06,20.38,20.4,20.01,20.02,320900,0.0
2018-04-09,20.25,20.32,20.08,20.17,283900,0.0
2018-04-10,20.12,20.31,20.06,20.17,381700,0.0
2018-04-11,19.74,19.88,19.5,19.54,431700,0.0
2018-04-12,19.59,19.78,19.54,19.74,210600,0.0
2018-04-13,19.71,19.75,19.56,19.61,131400,0.0
2018-04-16,19.61,19.66,19.51,19.59,164800,0.0
2018-04-17,19.61,19.7,19.5,19.61,284200,0.0
2018-04-18,19.49,19.49,19.26,19.29,267300,0.0
2018-04-19,18.94,18.94,18.46,18.49,499700,0.0
2018-04-20,18.84,18.89,18.59,18.62,226700,0.0
2018-04-23,18.43,18.44,18.14,18.21,569100,0.0
2018-04-24,18.29,18.4,17.98,18.06,516700,0.0
2018-04-25,18.12,18.22,17.9,18.09,355800,0.0
2018-04-26,18.01,18.12,17.86,17.86,311700,0.0
2018-04-27,18.01,18.15,17.91,17.96,156400,0.0
2018-04-30,18.13,18.13,17.88,17.88,336400,0.0
2018-05-01,17.86,17.97,17.59,17.71,599900,0.0
2018-05-02,17.76,17.91,17.38,17.39,346400,0.0
2018-05-03,17.47,17.58,17.36,17.47,552600,0.0
2018-05-04,17.52,17.7,17.45,17.64,122800,0.0
2018-05-07,17.89,18.05,17.89,17.95,505100,0.0
2018-05-08,17.99,18.05,17.93,18.03,206500,0.0
2018-05-09,18.03,18.09,17.88,17.94,273100,0.0
2018-05-10,17.85,17.9,17.76,17.87,180200,0.0
2018-05-11,17.94,17.95,17.85,17.85,109700,0.0
2018-05-14,18.2,18.28,18.12,18.15,292900,0.0
2018-05-15,18.2,18.2,18.03,18.06,182000,0.0
2018-05-16,17.88,17.88,17.64,17.86,296100,0.0
2018-05-17,17.66,17.73,17.37,17.43,353000,0.0
2018-05-18,17.45,17.55,17.43,17.52,133800,0.0
2018-05-21,17.34,17.44,17.09,17.16,315400,0.0
2018-05-22,16.75,17.0,16.45,16.49,1125800,0.0
2018-05-23,16.5,16.72,16.49,16.72,350700,0.0
2018-05-24,16.6,16.7,16.36,16.49,318800,0.0
2018-05-25,16.35,16.39,16.2,16.26,308000,0.0
2018-05-29,16.3,16.38,16.0,16.06,467800,0.0
2018-05-30,16.1,16.43,16.1,16.39,406100,0.0
2018-05-31,16.58,16.75,16.55,16.69,256200,0.0
2018-06-01,16.93,17.28,16.83,17.28,345900,0.0
2018-06-04,17.49,17.79,17.4,17.67,797100,0.0
2018-06-05,17.67,17.75,17.33,17.4,624100,0.0
2018-06-06,17.59,17.71,17.5,17.71,140500,0.0
2018-06-07,17.65,17.68,17.5,17.53,184100,0.0
2018-06-08,17.44,17.58,17.41,17.49,190200,0.0
2018-06-11,17.56,17.56,17.4,17.48,119200,0.0
2018-06-12,17.32,17.32,17.02,17.09,278600,0.0
2018-06-13,17.15,17.25,17.08,17.09,107200,0.0
2018-06-14,17.09,17.09,17.0,17.01,146000,0.0
2018-06-15,17.0,17.01,16.8,16.95,212000,0.0
2018-06-18,16.67,16.67,16.36,16.47,225500,0.0
2018-06-19,16.0,16.15,15.9,16.07,320600,0.0
2018-06-20,16.31,16.5,16.18,16.35,348300,0.0
2018-06-21,16.27,16.27,16.02,16.02,304300,0.0
2018-06-22,16.34,16.42,16.24,16.32,143600,0.0
2018-06-25,16.41,16.46,16.26,16.37,436400,0.0
2018-06-26,16.35,16.37,16.21,16.32,108300,0.0
2018-06-27,16.35,16.4,16.08,16.08,122100,0.0
2018-06-28,16.0,16.05,15.68,15.89,191300,0.0
2018-06-29,16.04,16.08,15.9,15.97,96900,0.0
2018-07-02,15.8,15.8,15.65,15.72,210300,0.0
2018-07-03,15.61,15.61,15.13,15.14,528600,0.0
2018-07-05,15.14,15.2,15.03,15.11,310500,0.0
2018-07-06,15.26,15.51,15.26,15.43,204800,0.0
2018-07-09,15.5,15.63,15.39,15.47,415100,0.0
2018-07-10,15.61,15.61,15.38,15.48,241300,0.0
2018-07-11,15.17,15.31,15.17,15.27,368400,0.0
2018-07-12,15.48,15.56,15.4,15.55,218700,0.0
2018-07-13,15.73,15.73,15.56,15.65,182800,0.0
2018-07-16,15.74,15.74,15.64,15.68,53400,0.0
2018-07-17,15.68,15.95,15.68,15.92,124500,0.0
2018-07-18,16.1,16.17,16.03,16.09,191500,0.0
2018-07-19,16.09,16.18,15.87,15.94,302400,0.0
2018-07-20,16.0,16.2,15.76,16.0,190900,0.0
2018-07-23,15.85,15.97,15.74,15.82,166000,0.0
2018-07-24,15.92,16.02,15.85,15.87,141500,0.0
2018-07-25,15.95,16.17,15.87,16.16,85400,0.0
2018-07-26,16.09,16.12,16.05,16.1,131500,0.0
2018-07-27,16.23,16.26,16.03,16.09,131400,0.0
2018-07-30,16.17,16.23,16.11,16.19,102000,0.0
2018-07-31,16.36,16.53,16.3,16.46,248000,0.0
2018-08-01,16.41,16.52,16.3,16.35,228700,0.0
2018-08-02,16.3,16.3,16.12,16.18,266200,0.0
2018-08-03,16.18,16.38,16.18,16.32,66300,0.0
2018-08-06,16.27,16.32,16.15,16.22,51300,0.0
2018-08-07,16.31,16.4,16.25,16.32,89800,0.0
2018-08-08,16.39,16.5,16.27,16.44,59500,0.0
2018-08-09,16.35,16.44,16.31,16.31,61200,0.0
2018-08-10,16.28,16.28,16.09,16.15,337400,0.0
2018-08-13,16.14,16.24,16.1,16.12,106300,0.0
2018-08-14,16.2,16.61,16.18,16.55,283400,0.0
2018-08-15,16.26,16.4,16.0,16.11,176600,0.0
2018-08-16,16.15,16.29,16.12,16.22,144500,0.0
2018-08-17,16.22,16.4,16.15,16.4,80100,0.0
2018-08-20,16.38,16.4,16.1,16.16,142400,0.0
2018-08-21,16.31,16.65,16.31,16.56,286900,0.0
2018-08-22,16.57,16.68,16.57,16.57,109700,0.0
2018-08-23,16.57,16.58,16.42,16.46,47700,0.0
2018-08-24,16.57,16.68,16.48,16.62,153300,0.0
2018-08-27,16.69,16.78,16.66,16.76,174500,0.0
2018-08-28,16.82,16.84,16.68,16.71,74900,0.0
2018-08-29,16.73,16.75,16.56,16.71,96500,0.0
2018-08-30,16.69,16.69,16.44,16.5,123300,0.0
2018-08-31,16.5,16.65,16.49,16.56,107600,0.0
2018-09-04,16.28,16.38,16.2,16.27,451500,0.0
2018-09-05,16.19,16.2,16.07,16.16,268200,0.0
2018-09-06,16.05,16.14,15.98,16.01,195300,0.0
2018-09-07,16.0,16.23,16.0,16.09,230500,0.0
2018-09-10,16.09,16.19,16.04,16.15,78100,0.0
2018-09-11,16.4,16.56,16.27,16.56,147200,0.0
2018-09-12,16.57,16.79,16.5,16.79,247000,0.0
2018-09-13,16.79,16.91,16.69,16.79,289900,0.0
2018-09-14,16.79,16.79,16.54,16.63,213400,0.0
2018-09-17,16.56,16.65,16.51,16.51,110900,0.0
2018-09-18,16.56,16.86,16.56,16.76,397600,0.0
2018-09-19,16.79,16.85,16.78,16.81,248900,0.0
2018-09-20,16.89,16.91,16.71,16.82,326300,0.0
2018-09-21,16.82,16.82,16.58,16.58,259300,0.0
2018-09-24,16.66,16.85,16.38,16.82,396400,0.0
2018-09-25,16.84,16.94,16.84,16.91,99800,0.0
2018-09-26,16.93,16.93,16.73,16.79,281900,0.0
2018-09-27,16.8,16.89,16.79,16.82,401300,0.0
2018-09-28,16.84,16.9,16.73,16.81,257300,0.0
2018-10-01,16.8,16.81,16.55,16.58,378400,0.0
2018-10-02,16.55,16.72,16.53,16.57,190000,0.0
2018-10-03,16.74,16.75,16.47,16.49,86900,0.0
2018-10-04,16.54,16.66,16.4,16.41,192500,0.0
2018-10-05,16.33,16.36,16.11,16.22,216300,0.0
2018-10-08,16.17,16.24,16.07,16.17,280600,0.0
2018-10-09,16.11,16.12,16.05,16.1,254200,0.0
2018-10-10,16.05,16.05,15.65,15.65,330900,0.0
2018-10-11,15.3,15.47,15.03,15.03,760600,0.0
2018-10-12,15.65,15.72,15.42,15.61,225100,0.0
2018-10-15,15.54,15.67,15.51,15.58,193800,0.0
2018-10-16,15.68,16.0,15.65,15.97,221200,0.0
2018-10-17,15.92,15.93,15.69,15.7,216200,0.0
2018-10-18,15.68,15.72,15.3,15.5,232800,0.0
2018-10-19,15.67,15.72,15.56,15.59,89100,0.0
2018-10-22,15.7,15.74,15.5,15.52,75400,0.0
2018-10-23,15.36,15.53,15.19,15.42,179900,0.0
2018-10-24,15.45,15.45,14.93,14.99,413400,0.0
2018-10-25,15.08,15.24,15.0,15.15,352900,0.0
2018-10-26,14.89,14.97,14.66,14.87,234300,0.0
2018-10-29,14.74,14.83,14.37,14.49,274300,0.0
2018-10-30,14.66,14.74,14.54,14.73,188500,0.0
2018-10-31,15.07,15.21,15.02,15.18,152100,0.0
2018-11-01,15.08,15.32,15.08,15.28,243000,0.0
2018-11-02,15.5,15.69,15.19,15.26,446500,0.0
2018-11-05,15.31,15.54,15.31,15.47,200100,0.0
2018-11-06,15.45,15.53,15.39,15.45,112000,0.0
2018-11-07,15.6,15.69,15.51,15.69,76000,0.0
2018-11-08,15.7,15.82,15.51,15.59,134700,0.0
2018-11-09,15.45,15.5,15.25,15.29,151500,0.0
2018-11-12,15.17,15.4,15.15,15.19,206800,0.0
2018-11-13,15.19,15.29,15.11,15.14,114700,0.0
2018-11-14,15.14,15.3,15.02,15.11,67500,0.0
2018-11-15,15.15,15.28,14.97,15.23,214600,0.0
2018-11-16,15.09,15.22,15.01,15.19,119300,0.0
2018-11-19,15.19,15.24,14.96,14.99,172900,0.0
2018-11-20,14.9,15.08,14.89,14.96,196700,0.0
2018-11-21,15.23,15.43,15.17,15.34,123300,0.0
2018-11-23,15.2,15.35,15.16,15.22,30200,0.0
2018-11-26,15.35,15.64,15.35,15.57,171700,0.0
2018-11-27,15.55,15.6,15.43,15.59,301900,0.0
2018-11-28,15.6,16.05,15.6,15.96,617100,0.0
2018-11-29,15.88,15.9,15.75,15.8,287000,0.0
2018-11-30,15.77,15.8,15.64,15.7,196400,0.0
2018-12-03,16.01,16.1,15.91,15.96,240600,0.0
2018-12-04,15.96,16.04,15.69,15.7,267100,0.0
2018-12-06,15.64,15.88,15.46,15.84,290400,0.0
2018-12-07,15.88,15.95,15.5,15.57,239900,0.0
2018-12-10,15.58,15.71,15.3,15.6,435400,0.0
2018-12-11,15.6,15.7,15.5,15.58,164500,0.0
2018-12-12,15.72,15.94,15.72,15.84,201800,0.0
2018-12-13,15.8,15.86,15.74,15.77,135700,0.0
2018-12-14,15.66,15.77,15.52,15.55,160400,0.0
2018-12-17,15.49,15.49,15.19,15.24,256800,0.0
2018-12-18,15.25,15.4,15.22,15.26,117800,0.0
2018-12-19,15.14,15.35,14.82,14.93,236300,0.0
2018-12-20,14.93,15.11,14.93,14.95,154700,0.0
2018-12-21,14.95,15.03,14.58,14.63,220500,0.0
2018-12-24,14.55,14.8,14.52,14.56,85000,0.0
2018-12-26,14.56,14.93,14.54,14.93,168900,0.0
2018-12-27,14.85,14.92,14.68,14.9,178800,0.0
2018-12-28,14.88,14.97,14.75,14.85,262800,0.0
2018-12-31,14.85,14.97,14.7,14.75,237500,0.0
2019-01-02,14.69,15.11,14.65,14.9,267900,0.0
2019-01-03,14.76,14.83,14.4,14.48,203300,0.0
2019-01-04,14.64,14.92,14.61,14.91,187600,0.0
2019-01-07,14.94,15.09,14.84,15.04,264400,0.0
2019-01-08,15.02,15.05,14.81,14.96,120900,0.0
2019-01-09,15.04,15.21,15.02,15.15,149100,0.0
2019-01-10,15.15,15.29,15.09,15.29,156800,0.0
2019-01-11,15.21,15.31,15.1,15.3,86100,0.0
2019-01-14,15.25,15.25,15.11,15.23,205900,0.0
2019-01-15,15.24,15.41,15.24,15.36,278000,0.0
2019-01-16,15.42,15.43,15.33,15.37,124000,0.0
2019-01-17,15.34,15.43,15.21,15.39,247800,0.0
2019-01-18,15.48,15.5,15.36,15.47,213900,0.0
2019-01-22,15.39,15.47,15.14,15.25,267400,0.0
2019-01-23,15.44,15.53,15.38,15.53,104500,0.0
2019-01-24,15.45,15.52,15.35,15.47,232800,0.0
2019-01-25,15.57,15.81,15.5,15.81,805200,0.0
2019-01-28,15.75,15.94,15.7,15.89,469700,0.0
2019-01-29,15.85,15.9,15.64,15.75,220000,0.0
2019-01-30,15.82,15.95,15.67,15.95,245200,0.0
2019-01-31,15.89,15.89,15.72,15.84,264000,0.0
2019-02-01,15.61,15.71,15.49,15.59,307500,0.0
2019-02-04,15.46,15.72,15.39,15.68,106300,0.0
2019-02-05,15.58,15.78,15.57,15.71,127400,0.0
2019-02-06,15.72,15.74,15.62,15.7,83200,0.0
2019-02-07,15.67,15.67,15.32,15.4,174800,0.0
2019-02-08,15.42,15.49,15.35,15.49,133600,0.0
2019-02-11,15.74,15.77,15.65,15.66,189600,0.0
2019-02-12,15.96,16.03,15.92,16.01,470400,0.0
2019-02-13,16.27,16.27,16.07,16.08,369800,0.0
2019-02-14,16.17,16.39,16.15,16.36,467900,0.0
2019-02-15,16.53,16.6,16.41,16.51,615300,0.0
2019-02-19,16.6,16.66,16.54,16.63,315800,0.0
2019-02-20,16.69,16.75,16.63,16.74,350400,0.0
2019-02-21,16.85,16.87,16.68,16.72,368700,0.0
2019-02-22,16.89,17.01,16.82,17.0,399800,0.0
2019-02-25,17.1,17.13,17.04,17.07,347500,0.0
2019-02-26,17.04,17.04,16.91,16.98,479200,0.0
2019-02-27,17.05,17.09,16.98,17.05,379800,0.0
2019-02-28,16.75,16.75,16.55,16.68,568900,0.0
2019-03-01,16.88,16.93,16.64,16.74,384300,0.0
2019-03-04,16.84,17.0,16.8,16.87,274800,0.0
2019-03-05,16.85,16.9,16.66,16.76,333900,0.0
2019-03-06,16.86,16.9,16.52,16.69,540100,0.0
2019-03-07,16.77,16.77,16.3,16.31,508900,0.0
2019-03-08,16.3,16.31,16.09,16.15,545000,0.0
2019-03-11,16.25,16.62,16.2,16.59,312000,0.0
2019-03-12,16.68,17.08,16.68,16.99,673100,0.0
2019-03-13,17.09,17.15,17.05,17.15,326900,0.0
2019-03-14,17.15,17.16,16.93,16.97,243800,0.0
2019-03-15,16.97,16.97,16.81,16.85,217300,0.0
2019-03-18,17.0,17.16,16.91,17.16,840100,0.0
2019-03-19,17.15,17.15,17.02,17.07,326500,0.0
2019-03-20,16.9,17.04,16.79,16.94,514600,0.0
2019-03-21,16.76,16.79,16.61,16.77,444700,0.0
2019-03-22,16.71,16.75,16.46,16.46,351400,0.0
2019-03-25,16.35,16.44,16.3,16.38,355200,0.0
2019-03-26,16.55,16.68,16.5,16.6,258300,0.0
2019-03-27,16.69,16.69,16.45,16.47,206100,0.0
2019-03-28,16.47,16.54,16.41,16.47,240900,0.0
2019-03-29,16.49,16.78,16.49,16.56,144000,0.0
2019-04-01,16.75,17.02,16.7,17.01,496400,0.0
2019-04-02,17.01,17.02,16.8,16.83,689200,0.0
2019-04-03,16.91,17.02,16.85,16.96,258900,0.0
2019-04-04,16.93,17.06,16.82,17.04,258800,0.0
2019-04-05,17.04,17.11,16.97,17.09,312500,0.0
2019-04-08,17.05,17.09,16.96,17.07,205300,0.0
2019-04-09,16.99,17.03,16.93,16.95,231300,0.0
2019-04-10,17.0,17.01,16.82,16.85,245900,0.0
2019-04-11,16.94,17.07,16.87,16.96,460400,0.0
2019-04-12,17.08,17.2,17.06,17.18,350100,0.0
2019-04-15,17.2,17.2,16.99,16.99,377200,0.0
2019-04-16,16.99,17.01,16.91,16.96,264200,0.0
2019-04-17,16.96,16.96,16.8,16.81,398300,0.0
2019-04-18,16.85,16.85,16.64,16.68,282000,0.0
2019-04-22,16.67,16.67,16.57,16.63,173400,0.0
2019-04-23,16.61,16.86,16.61,16.86,355700,0.0
2019-04-24,16.85,16.88,16.79,16.81,112400,0.0
2019-04-25,16.81,16.83,16.71,16.79,179600,0.0
2019-04-26,16.83,16.88,16.61,16.7,895600,0.0
2019-04-29,16.7,16.77,16.65,16.69,270000,0.0
2019-04-30,16.72,16.73,16.58,16.67,209300,0.0
2019-05-01,16.7,16.7,16.47,16.5,315600,0.0
2019-05-02,16.57,16.6,16.41,16.41,376300,0.0
2019-05-03,16.46,16.59,16.43,16.52,117600,0.0
2019-05-06,16.17,16.41,16.03,16.38,393800,0.0
2019-05-07,16.33,16.33,16.12,16.17,313700,0.0
2019-05-08,16.24,16.29,16.17,16.22,243300,0.0
2019-05-09,16.06,16.13,15.88,16.07,359100,0.0
2019-05-10,16.1,16.31,16.01,16.29,472300,0.0
2019-05-13,16.09,16.22,15.98,16.14,617000,0.0
2019-05-14,16.31,16.51,16.31,16.4,524200,0.0
2019-05-15,16.51,16.71,16.4,16.63,588500,0.0
2019-05-16,16.63,16.76,16.53,16.75,736800,0.0
2019-05-17,16.59,16.59,16.36,16.42,613600,0.0
2019-05-20,16.34,16.54,16.32,16.49,554100,0.0
2019-05-21,16.51,16.66,16.5,16.64,269700,0.0
2019-05-22,16.61,16.61,16.4,16.46,314500,0.0
2019-05-23,16.46,16.46,16.3,16.42,426000,0.0
2019-05-24,16.35,16.35,16.15,16.23,471400,0.0
2019-05-28,16.3,16.32,16.16,16.19,361000,0.0
2019-05-29,16.18,16.44,16.11,16.41,534600,0.0
2019-05-30,16.41,16.41,16.15,16.17,330100,0.0
2019-05-31,16.12,16.23,16.08,16.19,779400,0.0
2019-06-03,16.18,16.18,15.95,16.07,429800,0.0
2019-06-04,16.1,16.24,16.1,16.24,611800,0.0
2019-06-05,16.29,16.35,16.16,16.22,357900,0.0
2019-06-06,16.22,16.24,16.09,16.21,341500,0.0
2019-06-07,16.25,16.42,16.25,16.37,380900,0.0
2019-06-10,16.37,16.43,16.32,16.33,303300,0.0
2019-06-11,16.41,16.48,16.36,16.37,199600,0.0
2019-06-12,16.35,16.36,16.2,16.26,245300,0.0
2019-06-13,16.26,16.27,16.18,16.22,209900,0.0
2019-06-14,16.28,16.35,16.22,16.28,162000,0.0
2019-06-17,16.2,16.2,16.06,16.08,298200,0.0
2019-06-18,16.12,16.17,16.05,16.13,329100,0.0
2019-06-19,16.17,16.31,16.15,16.31,585100,0.0
2019-06-20,16.4,16.47,16.37,16.44,304900,0.0
2019-06-21,16.41,16.41,16.33,16.37,257600,0.0
2019-06-24,16.41,16.49,16.4,16.46,666100,0.0
2019-06-25,16.44,16.44,16.31,16.32,791800,0.0
2019-06-26,16.4,16.4,16.22,16.28,332300,0.0
2019-06-27,16.26,16.27,15.99,16.03,744800,0.0
2019-06-28,16.04,16.21,15.99,16.02,484900,0.0
2019-07-01,16.25,16.31,16.16,16.27,565200,0.0
2019-07-02,16.34,16.37,16.24,16.31,320800,0.0
2019-07-03,16.27,16.28,16.19,16.26,296000,0.0
2019-07-05,16.36,16.37,16.24,16.28,414700,0.0
2019-07-08,16.19,16.22,16.07,16.11,513100,0.0
2019-07-09,16.06,16.09,16.0,16.08,348200,0.0
2019-07-10,16.15,16.33,16.15,16.29,328900,0.0
2019-07-11,16.33,16.37,16.2,16.23,255800,0.0
2019-07-12,16.23,16.44,16.23,16.43,263200,0.0
2019-07-15,16.4,16.4,16.22,16.27,271100,0.0
2019-07-16,16.34,16.47,16.32,16.46,334400,0.0
2019-07-17,16.46,16.46,16.21,16.32,541700,0.0
2019-07-18,16.31,16.34,16.13,16.28,227000,0.0
2019-07-19,16.29,16.44,16.29,16.37,326100,0.0
2019-07-22,16.4,16.42,16.28,16.38,137500,0.0
2019-07-23,16.42,16.53,16.39,16.45,356900,0.0
2019-07-24,16.5,16.55,16.32,16.41,489100,0.0
2019-07-25,16.46,16.5,16.33,16.39,210200,0.0
2019-07-26,16.4,16.52,16.4,16.51,171900,0.0
2019-07-29,16.5,16.5,16.37,16.41,156400,0.0
2019-07-30,16.31,16.31,16.1,16.12,421800,0.0
2019-07-31,16.34,16.34,16.11,16.18,199900,0.0
2019-08-01,16.2,16.36,15.96,15.96,673300,0.0
2019-08-02,16.09,16.16,15.95,16.07,446400,0.0
2019-08-05,15.65,15.7,15.12,15.28,969100,0.0
2019-08-06,15.3,15.38,15.2,15.26,301000,0.0
2019-08-07,15.24,15.62,15.21,15.58,329500,0.0
2019-08-08,15.67,15.86,15.65,15.83,327400,0.0
2019-08-09,15.7,15.83,15.62,15.65,320200,0.0
2019-08-12,15.5,15.54,15.35,15.4,445300,0.0
2019-08-13,15.36,15.7,15.36,15.53,435200,0.0
2019-08-14,15.32,15.42,15.24,15.24,529200,0.0
2019-08-15,15.3,15.49,15.3,15.43,381600,0.0
2019-08-16,15.49,15.64,15.46,15.58,202600,0.0
2019-08-19,15.69,15.72,15.62,15.63,253400,0.0
2019-08-20,15.75,15.8,15.64,15.68,145100,0.0
2019-08-21,15.78,15.87,15.76,15.85,180400,0.0
2019-08-22,15.87,15.94,15.82,15.91,174100,0.0
2019-08-23,15.84,15.84,15.56,15.59,297800,0.0
2019-08-26,15.69,15.72,15.53,15.57,266500,0.0
2019-08-27,15.58,15.64,15.46,15.49,258100,0.0
2019-08-28,15.5,15.6,15.45,15.57,196000,0.0
2019-08-29,15.56,15.63,15.44,15.56,309100,0.0
2019-08-30,15.62,15.72,15.57,15.68,175800,0.0
2019-09-03,15.62,15.67,15.56,15.65,138600,0.0
2019-09-04,15.71,15.74,15.66,15.73,181300,0.0
2019-09-05,15.83,15.88,15.78,15.84,171200,0.0
2019-09-06,15.88,15.88,15.76,15.81,151400,0.0
2019-09-09,15.88,15.88,15.68,15.74,112000,0.0
2019-09-10,15.65,15.73,15.63,15.65,108900,0.0
2019-09-11,15.61,15.69,15.58,15.66,112300,0.0
2019-09-12,15.72,15.8,15.66,15.73,74800,0.0
2019-09-13,15.82,15.88,15.79,15.85,116400,0.0
2019-09-16,15.88,16.05,15.88,16.0,611900,0.0
2019-09-17,16.0,16.15,15.98,16.02,490000,0.0
2019-09-18,16.02,16.08,15.9,16.0,236000,0.0
2019-09-19,16.15,16.15,16.08,16.08,163000,0.0
2019-09-20,16.13,16.15,16.02,16.04,70800,0.0
2019-09-23,16.0,16.04,15.95,16.0,64500,0.0
2019-09-24,16.11,16.15,15.98,15.99,128700,0.0
2019-09-25,16.01,16.07,15.95,16.06,123300,0.0
2019-09-26,16.07,16.2,16.07,16.2,321200,0.0
2019-09-27,16.24,16.32,16.13,16.15,242200,0.0
2019-09-30,16.25,16.34,16.25,16.31,148000,0.0
2019-10-01,16.33,16.35,16.11,16.17,222600,0.0
2019-10-02,16.19,16.19,15.97,15.98,868600,0.0
2019-10-03,15.96,16.14,15.95,16.1,87800,0.0
2019-10-04,16.16,16.25,16.13,16.24,79200,0.0
2019-10-07,16.12,16.15,16.03,16.08,114500,0.0
2019-10-08,16.03,16.03,15.91,15.93,83900,0.0
2019-10-09,15.99,16.07,15.96,16.0,224100,0.0
2019-10-10,16.0,16.16,16.0,16.08,45200,0.0
2019-10-11,16.16,16.2,16.11,16.17,156000,0.0
2019-10-14,16.18,16.2,16.06,16.07,90900,0.0
2019-10-15,16.07,16.28,16.07,16.25,225300,0.0
2019-10-16,16.27,16.3,16.22,16.26,174500,0.0
2019-10-17,16.28,16.32,16.16,16.2,92100,0.0
2019-10-18,16.25,16.25,16.07,16.14,92900,0.0
2019-10-21,16.16,16.22,16.14,16.2,126100,0.0
2019-10-22,16.24,16.26,16.19,16.21,124000,0.0
2019-10-23,16.21,16.29,16.21,16.21,99000,0.0
2019-10-24,16.29,16.3,16.16,16.17,606000,0.0
2019-10-25,16.17,16.29,16.17,16.29,117100,0.0
2019-10-28,16.3,16.3,16.22,16.26,79800,0.0
2019-10-29,16.28,16.28,16.2,16.22,257500,0.0
2019-10-30,16.3,16.3,16.21,16.27,120900,0.0
2019-10-31,16.25,16.27,16.2,16.22,171100,0.0
2019-11-01,16.52,16.67,16.4,16.62,322300,0.0
2019-11-04,16.69,16.73,16.63,16.69,274100,0.0
2019-11-05,16.72,16.75,16.61,16.67,458800,0.0
2019-11-06,16.71,16.72,16.57,16.66,159700,0.0
2019-11-07,16.69,16.75,16.58,16.61,133700,0.0
2019-11-08,16.63,16.64,16.58,16.61,87600,0.0
2019-11-11,16.52,16.57,16.5,16.54,119900,0.0
2019-11-12,16.51,16.61,16.51,16.54,102700,0.0
2019-11-13,16.41,16.44,16.31,16.38,202600,0.0
2019-11-14,16.33,16.38,16.3,16.35,201100,0.0
2019-11-15,16.31,16.49,16.31,16.45,100500,0.0
2019-11-18,16.4,16.44,16.32,16.39,86600,0.0
2019-11-19,16.34,16.38,16.34,16.35,105300,0.0
2019-11-20,16.34,16.35,16.22,16.3,151100,0.0
2019-11-21,16.2,16.25,16.09,16.09,172100,0.0
2019-11-22,16.13,16.14,15.97,16.03,446100,0.0
2019-11-25,16.01,16.09,16.01,16.08,97500,0.0
2019-11-26,16.12,16.2,16.1,16.18,107400,0.0
2019-11-27,16.2,16.2,16.1,16.14,137600,0.0
2019-11-29,15.99,16.0,15.92,15.94,104800,0.0
2019-12-02,15.91,15.92,15.76,15.79,133900,0.0
2019-12-03,15.65,15.75,15.6,15.75,243400,0.0
2019-12-04,15.83,15.98,15.83,15.92,198800,0.0
2019-12-05,15.85,15.9,15.79,15.85,66400,0.0
2019-12-06,15.89,16.0,15.85,15.93,206200,0.0
2019-12-09,15.95,15.97,15.8,15.81,267000,0.0
2019-12-10,15.73,15.83,15.71,15.83,223200,0.0
2019-12-11,15.76,15.92,15.75,15.91,203900,0.0
2019-12-12,15.98,16.21,15.95,16.18,177000,0.0
2019-12-13,16.16,16.16,15.93,16.09,263900,0.0
2019-12-16,16.0,16.06,15.97,15.99,143600,0.0
2019-12-17,15.9,15.95,15.85,15.88,141900,0.0
2019-12-18,15.88,15.88,15.78,15.86,157400,0.0
2019-12-19,15.75,15.8,15.75,15.78,256600,0.0
2019-12-20,15.8,15.92,15.8,15.88,119200,0.0
2019-12-23,15.79,15.8,15.75,15.79,96200,0.0
2019-12-24,15.75,15.85,15.74,15.85,64900,0.0
2019-12-26,15.85,15.89,15.8,15.87,118300,0.0
2019-12-27,15.88,15.96,15.83,15.87,146400,0.0
2019-12-30,15.9,15.93,15.86,15.91,214100,0.0
2019-12-31,15.93,15.99,15.88,15.99,94800,0.0
2020-01-02,16.0,16.27,15.99,16.26,615400,0.0
2020-01-03,16.2,16.2,16.0,16.09,402400,0.0
2020-01-06,16.0,16.07,15.9,16.04,157600,0.0
2020-01-07,16.04,16.09,16.01,16.01,108500,0.0
2020-01-08,15.85,15.92,15.77,15.86,193300,0.0
2020-01-09,15.86,15.92,15.8,15.85,220100,0.0
2020-01-10,15.89,15.95,15.86,15.91,75800,0.0
2020-01-13,15.93,16.12,15.91,16.1,353600,0.0
2020-01-14,16.12,16.13,16.06,16.07,153800,0.0
2020-01-15,16.02,16.03,15.93,15.98,146200,0.0
2020-01-16,15.98,16.08,15.98,16.01,195800,0.0
2020-01-17,16.01,16.08,16.01,16.05,121500,0.0
2020-01-21,16.0,16.05,15.97,15.99,312200,0.0
2020-01-22,15.99,16.13,15.99,16.04,177400,0.0
2020-01-23,16.08,16.1,15.96,16.08,218700,0.0
2020-01-24,15.94,16.08,15.91,16.01,82100,0.0
2020-01-27,15.74,15.83,15.5,15.7,402800,0.0
2020-01-28,15.52,15.69,15.5,15.59,496200,0.0
2020-01-29,15.59,15.68,15.53,15.63,161500,0.0
2020-01-30,15.5,15.6,15.45,15.52,344700,0.0
2020-01-31,15.28,15.36,14.89,14.89,745800,0.0
2020-02-03,14.85,14.96,14.85,14.96,343500,0.0
2020-02-04,15.08,15.18,14.97,15.1,266200,0.0
2020-02-05,15.18,15.2,15.01,15.06,351700,0.0
2020-02-06,15.22,15.22,15.1,15.13,245100,0.0
2020-02-07,14.93,15.13,14.93,15.05,461800,0.0
2020-02-10,15.0,15.06,14.94,15.0,254400,0.0
2020-02-11,15.1,15.2,15.1,15.17,233600,0.0
2020-02-12,15.26,15.34,15.26,15.3,146600,0.0
2020-02-13,15.3,15.3,15.23,15.28,301300,0.0
2020-02-14,15.3,15.37,15.27,15.27,167100,0.0
2020-02-18,15.2,15.2,15.05,15.07,294400,0.0
2020-02-19,15.1,15.13,15.0,15.02,218500,0.0
2020-02-20,15.11,15.11,14.96,15.0,169100,0.0
2020-02-21,14.92,15.0,14.91,14.96,126000,0.0
2020-02-24,14.28,14.28,14.01,14.2,689800,0.0
2020-02-25,14.33,14.49,14.06,14.08,528900,0.0
2020-02-26,14.17,14.29,14.11,14.11,193700,0.0
2020-02-27,14.05,14.05,13.69,13.7,609000,0.0
2020-02-28,13.48,13.8,13.31,13.74,723900,0.0
2020-03-02,13.61,13.87,13.58,13.87,581100,0.0
2020-03-03,13.8,13.96,13.63,13.73,233400,0.0
2020-03-04,13.77,13.98,13.77,13.98,103500,0.0
2020-03-05,13.95,13.97,13.65,13.69,224600,0.0
2020-03-06,13.5,13.75,13.5,13.59,354300,0.0
2020-03-09,12.7,12.98,12.33,12.69,601100,0.0
2020-03-10,12.89,13.17,12.75,12.83,606200,0.0
2020-03-11,12.69,12.69,12.33,12.42,470900,0.0
2020-03-12,10.91,11.6,10.48,11.09,722400,0.0
2020-03-13,11.36,11.88,10.94,11.2,685000,0.0
2020-03-16,9.3,10.74,9.3,10.27,406200,0.0
2020-03-17,10.68,11.18,10.55,10.7,509300,0.0
2020-03-18,10.48,10.78,9.88,10.04,478900,0.0
2020-03-19,10.0,10.7,9.93,10.53,917000,0.0
2020-03-20,10.33,10.75,10.23,10.5,757700,0.0
2020-03-23,10.19,10.19,9.7,9.7,403700,0.0
2020-03-24,10.45,10.5,10.1,10.49,385800,0.0
2020-03-25,10.58,11.0,10.4,10.85,450600,0.0
2020-03-26,10.82,11.08,10.82,11.04,401300,0.0
2020-03-27,10.9,10.9,10.36,10.52,308500,0.0
2020-03-30,10.51,10.57,10.11,10.46,338600,0.0
2020-03-31,10.59,10.75,10.44,10.44,136100,0.0
2020-04-01,10.44,10.7,10.3,10.33,250500,0.0
2020-04-02,10.54,10.75,10.5,10.65,97900,0.0
2020-04-03,10.77,10.89,10.66,10.74,117400,0.0
2020-04-06,11.28,11.74,11.14,11.6,284600,0.0
2020-04-07,12.04,12.15,11.62,11.67,382500,0.0
2020-04-08,11.63,12.07,11.63,11.87,401200,0.0
2020-04-09,12.0,12.25,11.88,11.97,285300,0.0
2020-04-13,11.98,11.98,11.74,11.91,250900,0.0
2020-04-14,12.0,12.16,12.0,12.06,237900,0.0
2020-04-15,11.89,11.97,11.8,11.94,311200,0.0
2020-04-16,11.95,12.12,11.95,12.1,342400,0.0
2020-04-17,12.49,12.49,12.21,12.25,202400,0.0
2020-04-20,12.46,12.5,12.16,12.16,180700,0.0
2020-04-21,11.95,11.99,11.68,11.69,210200,0.0
2020-04-22,12.03,12.15,11.93,12.15,130600,0.0
2020-04-23,12.14,12.31,12.01,12.01,187500,0.0
2020-04-24,12.12,12.35,12.08,12.35,113500,0.0
2020-04-27,12.35,12.44,12.21,12.25,114700,0.0
2020-04-28,12.5,12.6,12.23,12.38,120400,0.0
2020-04-29,12.6,12.6,12.41,12.45,157000,0.0
2020-04-30,12.39,12.45,12.3,12.45,221700,0.0
2020-05-01,12.2,12.24,11.85,11.92,96700,0.0
2020-05-04,11.9,12.25,11.9,11.96,127300,0.0
2020-05-05,12.19,12.4,12.19,12.34,242100,0.0
2020-05-06,12.3,12.45,12.3,12.41,183400,0.0
2020-05-07,12.5,12.78,12.34,12.78,375800,0.0
2020-05-08,12.95,13.25,12.88,13.22,385800,0.0
2020-05-11,13.35,13.4,12.85,12.87,845500,0.0
2020-05-12,12.95,13.23,12.88,13.03,222600,0.0
2020-05-13,13.02,13.04,12.65,12.72,275600,0.0
2020-05-14,12.72,12.9,12.61,12.9,130200,0.0
2020-05-15,12.8,12.9,12.65,12.89,221700,0.0
2020-05-18,12.95,13.39,12.95,13.31,240300,0.0
2020-05-19,13.31,13.39,13.04,13.04,310800,0.0
2020-05-20,13.49,13.75,13.35,13.69,257400,0.0
2020-05-21,13.69,13.76,13.5,13.57,258200,0.0
2020-05-22,13.49,13.66,13.41,13.52,286700,0.0
2020-05-26,13.7,13.99,13.7,13.96,455800,0.0
2020-05-27,13.88,13.93,13.56,13.76,367200,0.0
2020-05-28,13.85,13.95,13.75,13.75,233500,0.0
2020-05-29,13.63,13.82,13.6,13.7,203300,0.0
2020-06-01,13.98,14.05,13.75,14.05,280800,0.0
2020-06-02,14.17,14.18,14.02,14.09,259800,0.0
2020-06-03,14.13,14.2,14.03,14.2,291500,0.0
2020-06-04,14.3,14.3,13.83,14.01,533800,0.0
2020-06-05,14.1,14.32,14.1,14.15,235600,0.0
2020-06-08,14.43,14.55,14.41,14.54,664300,0.0
2020-06-09,14.47,14.47,14.22,14.41,262500,0.0
2020-06-10,14.41,14.57,14.41,14.5,160600,0.0
2020-06-11,14.17,14.19,13.61,13.66,528700,0.0
2020-06-12,13.92,14.03,13.68,13.75,220900,0.0
2020-06-15,13.38,13.54,13.25,13.4,349300,0.0
2020-06-16,13.91,13.98,13.55,13.57,288800,0.0
2020-06-17,13.6,13.8,13.6,13.65,306000,0.0
2020-06-18,13.65,13.86,13.65,13.75,158300,0.0
2020-06-19,13.85,13.98,13.72,13.76,199400,0.0
2020-06-22,13.76,13.94,13.7,13.82,318400,0.0
2020-06-23,13.97,13.97,13.75,13.89,236200,0.0
2020-06-24,13.8,13.88,13.51,13.56,301500,0.0
2020-06-25,13.49,13.73,13.49,13.59,460400,0.0
2020-06-26,13.68,13.68,13.46,13.49,315700,0.0
2020-06-29,13.54,13.63,13.4,13.54,252000,0.0
2020-06-30,13.56,13.58,13.42,13.44,179000,0.0
2020-07-01,13.6,13.82,13.52,13.76,292500,0.0
2020-07-02,13.84,13.93,13.8,13.82,272900,0.0
2020-07-06,13.98,14.15,13.97,14.15,376500,0.0
2020-07-07,14.14,14.23,13.97,14.08,370400,0.0
2020-07-08,14.28,14.28,14.11,14.19,270200,0.0
2020-07-09,14.3,14.37,14.11,14.21,280200,0.0
2020-07-10,14.2,14.34,14.14,14.23,138100,0.0
2020-07-13,14.23,14.4,14.11,14.15,192100,0.0
2020-07-14,14.15,14.39,14.13,14.38,92000,0.0
2020-07-15,14.4,14.7,14.39,14.66,519700,0.0
2020-07-16,14.51,14.62,14.51,14.52,113400,0.0
2020-07-17,14.56,14.6,14.45,14.5,81600,0.0
2020-07-20,14.57,14.67,14.4,14.58,398800,0.0
2020-07-21,14.74,14.74,14.41,14.46,261700,0.0
2020-07-22,14.44,14.49,14.35,14.49,370400,0.0
2020-07-23,14.47,14.47,14.16,14.24,286000,0.0
2020-07-24,14.11,14.14,13.88,14.08,391400,0.0
2020-07-27,13.7,13.76,13.63,13.7,379400,0.0
2020-07-28,13.97,13.98,13.82,13.89,225500,0.0
2020-07-29,13.91,13.93,13.8,13.84,318200,0.0
2020-07-30,13.87,13.95,13.8,13.87,249500,0.0
2020-07-31,13.9,13.92,13.66,13.7,234000,0.0
2020-08-03,14.09,14.24,14.0,14.17,407100,0.0
2020-08-04,14.33,14.43,14.21,14.36,217200,0.0
2020-08-05,14.62,14.76,14.5,14.71,180100,0.0
2020-08-06,14.71,14.71,14.56,14.64,226000,0.0
2020-08-07,14.64,14.64,14.45,14.63,266700,0.0
2020-08-10,14.56,14.79,14.56,14.76,183700,0.0
2020-08-11,14.79,14.79,14.52,14.54,369200,0.0
2020-08-12,14.59,14.73,14.56,14.73,113300,0.0
2020-08-13,14.73,14.76,14.62,14.67,109500,0.0
2020-08-14,14.65,14.7,14.6,14.7,81900,0.0
2020-08-17,14.7,14.8,14.7,14.8,300200,0.0
2020-08-18,14.59,14.71,14.38,14.38,311500,0.0
2020-08-19,14.5,14.5,14.22,14.25,230300,0.0
2020-08-20,14.13,14.15,14.01,14.1,157800,0.0
2020-08-21,14.28,14.28,14.1,14.13,85400,0.0
2020-08-24,14.45,14.49,14.41,14.47,144600,0.0
2020-08-25,14.59,14.71,14.55,14.71,142200,0.0
2020-08-26,14.71,14.8,14.67,14.77,261000,0.0
2020-08-27,14.7,14.7,14.53,14.55,161400,0.0
2020-08-28,14.68,14.8,14.53,14.74,253200,0.0
2020-08-31,14.75,14.8,14.62,14.7,192300,0.0
2020-09-01,14.76,14.85,14.73,14.85,247000,0.0
2020-09-02,14.85,15.0,14.85,15.0,180200,0.0
2020-09-03,15.0,15.0,14.7,14.86,294300,0.0
2020-09-04,14.88,15.07,14.77,15.01,291200,0.0
2020-09-08,14.95,14.95,14.74,14.8,190200,0.0
2020-09-09,14.94,15.17,14.94,15.16,283600,0.0
2020-09-10,15.16,15.16,14.76,14.76,278200,0.0
2020-09-11,14.8,14.92,14.73,14.79,221400,0.0
2020-09-14,15.05,15.18,15.0,15.13,167200,0.0
2020-09-15,15.2,15.2,15.16,15.2,182800,0.0
2020-09-16,15.18,15.18,14.98,14.98,144100,0.0
2020-09-17,14.9,15.02,14.85,14.94,122100,0.0
2020-09-18,15.0,15.0,14.82,14.82,166100,0.0
2020-09-21,14.82,14.82,14.57,14.7,261500,0.0
2020-09-22,14.8,14.8,14.67,14.72,60300,0.0
2020-09-23,14.68,14.77,14.5,14.5,152100,0.0
2020-09-24,14.47,14.58,14.3,14.45,305100,0.0
2020-09-25,14.4,14.54,14.33,14.54,310300,0.0
2020-09-28,14.69,14.8,14.61,14.8,126300,0.0
2020-09-29,14.77,14.77,14.63,14.66,178900,0.0
2020-09-30,14.65,14.88,14.65,14.85,96000,0.0
2020-10-01,14.87,14.99,14.85,14.95,159700,0.0
2020-10-02,14.69,14.94,14.68,14.85,214700,0.0
2020-10-05,14.85,14.98,14.85,14.98,181000,0.0
2020-10-06,14.99,15.0,14.74,14.82,122000,0.0
2020-10-07,15.0,15.1,14.97,15.1,134600,0.0
2020-10-08,15.06,15.1,15.02,15.08,51500,0.0
2020-10-09,15.1,15.2,15.08,15.15,232200,0.0
2020-10-12,15.15,15.2,15.13,15.2,70000,0.0
2020-10-13,15.18,15.28,15.15,15.23,332900,0.0
2020-10-14,15.23,15.3,15.16,15.23,118800,0.0
2020-10-15,15.15,15.25,15.1,15.24,145100,0.0
2020-10-16,15.24,15.27,15.15,15.19,59400,0.0
2020-10-19,15.19,15.19,14.91,14.91,311400,0.0
2020-10-20,15.02,15.25,15.02,15.14,140200,0.0
2020-10-21,15.14,15.24,15.05,15.06,363500,0.0
2020-10-22,15.14,15.2,15.13,15.16,263600,0.0
2020-10-23,15.22,15.45,15.22,15.44,98100,0.0
2020-10-26,15.3,15.33,15.1,15.11,257900,0.0
2020-10-27,15.1,15.11,15.03,15.04,116400,0.0
2020-10-28,14.9,14.9,14.57,14.58,213100,0.0
2020-10-29,14.77,14.82,14.61,14.82,169200,0.0
2020-10-30,14.74,14.83,14.64,14.74,121700,0.0
2020-11-02,14.97,14.98,14.8,14.9,104600,0.0
2020-11-03,15.0,15.14,14.9,15.07,82400,0.0
2020-11-04,15.2,15.54,15.2,15.46,165900,0.0
2020-11-05,15.41,15.46,15.33,15.33,160300,0.0
2020-11-06,15.33,15.39,15.21,15.36,141300,0.0
2020-11-09,15.67,15.75,15.44,15.54,289100,0.0
2020-11-10,15.6,15.67,15.5,15.54,228600,0.0
2020-11-11,15.55,15.61,15.51,15.61,146200,0.0
2020-11-12,15.64,15.64,15.4,15.54,161300,0.0
2020-11-13,15.62,15.64,15.54,15.59,82400,0.0
2020-11-16,15.54,15.59,15.4,15.5,198500,0.0
2020-11-17,15.54,15.64,15.5,15.59,111800,0.0
2020-11-18,15.64,15.64,15.47,15.47,153000,0.0
2020-11-19,15.6,15.69,15.52,15.68,181100,0.0
2020-11-20,15.71,16.04,15.71,16.04,323300,0.0
2020-11-23,16.04,16.12,16.01,16.1,305400,0.0
2020-11-24,16.16,16.28,16.11,16.26,225200,0.0
2020-11-25,16.18,16.2,16.02,16.04,205200,0.0
2020-11-27,16.2,16.34,16.15,16.27,131600,0.0
2020-11-30,16.35,16.36,15.96,15.96,327900,0.0
2020-12-01,16.15,16.23,16.05,16.15,203600,0.0
2020-12-02,16.15,16.36,16.15,16.34,276200,0.0
2020-12-03,16.35,16.55,16.35,16.43,203200,0.0
2020-12-04,16.4,16.49,16.36,16.42,156600,0.0
2020-12-07,16.46,16.5,16.42,16.46,170400,0.0
2020-12-08,16.46,16.5,16.45,16.49,127100,0.0
2020-12-09,16.51,16.65,16.43,16.53,260600,0.0
2020-12-10,16.45,16.67,16.41,16.67,297100,0.0
2020-12-11,16.66,16.77,16.63,16.77,199400,0.0
2020-12-14,16.91,17.03,16.91,16.95,425200,0.0
2020-12-15,17.06,17.09,16.88,16.99,299000,0.0
2020-12-16,17.1,17.1,17.01,17.06,266200,0.0
2020-12-17,17.0,17.0,16.82,16.88,306200,0.0
2020-12-18,16.96,17.03,16.84,16.86,199400,0.0
2020-12-21,16.73,16.86,16.62,16.83,326800,0.0
2020-12-22,16.7,16.8,16.58,16.62,260400,0.0
2020-12-23,16.8,16.87,16.73,16.76,165500,0.0
2020-12-24,16.75,16.76,16.69,16.73,90000,0.0
2020-12-28,16.96,17.1,16.96,17.1,341100,0.0
2020-12-29,17.29,17.49,17.28,17.49,420100,0.0
2020-12-30,17.5,17.53,17.4,17.5,203000,0.0
2020-12-31,17.59,17.59,17.42,17.49,151800,0.0
2021-01-04,17.6,17.79,17.53,17.55,580500,0.0
2021-01-05,17.75,17.99,17.73,17.96,502900,0.0
2021-01-06,17.96,18.05,17.83,18.0,641100,0.0
2021-01-07,18.07,18.22,18.01,18.21,813100,0.0
2021-01-08,18.25,18.46,18.21,18.42,499900,0.0
2021-01-11,18.48,18.58,18.42,18.51,410600,0.0
2021-01-12,18.7,18.75,18.57,18.6,381600,0.0
2021-01-13,18.6,18.64,18.52,18.59,223800,0.0
2021-01-14,18.61,18.64,18.5,18.5,269200,0.0
2021-01-15,18.43,18.5,18.34,18.44,483200,0.0
2021-01-19,18.0,18.2,17.8,17.85,623200,0.0
2021-01-20,17.94,18.16,17.94,18.11,422000,0.0
2021-01-21,18.15,18.38,18.15,18.37,536800,0.0
2021-01-22,18.28,18.37,18.26,18.35,228800,0.0
2021-01-25,18.25,18.35,18.08,18.22,479200,0.0
2021-01-26,18.18,18.24,18.1,18.16,306600,0.0
2021-01-27,17.61,17.7,17.3,17.35,774700,0.0
2021-01-28,16.81,16.95,16.6,16.83,753900,0.0
2021-01-29,17.24,17.24,16.83,16.92,641600,0.0
2021-02-01,17.0,17.05,16.81,17.05,629300,0.0
2021-02-02,17.44,17.48,17.24,17.39,505200,0.0
2021-02-03,17.81,17.95,17.66,17.9,394000,0.0
2021-02-04,17.84,17.88,17.77,17.85,304500,0.0
2021-02-05,17.9,18.03,17.85,17.92,266100,0.0
2021-02-08,17.5,17.68,17.27,17.47,394000,0.0
2021-02-09,17.57,17.75,17.55,17.75,253500,0.0
2021-02-10,17.91,17.91,17.74,17.8,255500,0.0
2021-02-11,17.97,17.97,17.8,17.93,234400,0.0
2021-02-12,17.95,18.02,17.85,18.01,326200,0.0
2021-02-16,18.11,18.11,17.83,17.83,568600,0.0
2021-02-17,17.95,18.12,17.88,18.08,432300,0.0
2021-02-18,18.22,18.23,18.09,18.2,505900,0.0
2021-02-19,18.44,18.45,18.2,18.39,428100,0.0
2021-02-22,18.24,18.29,18.1,18.19,203800,0.0
2021-02-23,18.0,18.14,17.8,18.06,268200,0.0
2021-02-24,17.94,18.06,17.77,18.0,279200,0.0
2021-02-25,18.06,18.06,17.4,17.4,263100,0.0
2021-02-26,17.48,17.66,17.4,17.6,331800,0.0
2021-03-01,17.87,18.08,17.81,18.05,183000,0.0
2021-03-02,18.0,18.05,17.9,17.9,310600,0.0
2021-03-03,17.85,17.9,17.6,17.6,209000,0.0
2021-03-04,17.57,17.6,17.29,17.37,427100,0.0
2021-03-05,17.8,17.8,17.42,17.7,345500,0.0
2021-03-08,17.65,17.7,17.5,17.5,244900,0.0
2021-03-09,17.54,17.76,17.54,17.55,187700,0.0
2021-03-10,17.6,17.7,17.53,17.6,172500,0.0
2021-03-11,17.9,17.99,17.73,17.99,172100,0.0
2021-03-12,17.82,17.9,17.75,17.78,262300,0.0
2021-03-15,17.94,17.94,17.76,17.86,107100,0.0
2021-03-16,17.93,17.96,17.84,17.91,109400,0.0
2021-03-17,17.85,17.98,17.75,17.94,110100,0.0
2021-03-18,17.94,17.98,17.75,17.81,232800,0.0
2021-03-19,17.88,18.0,17.82,17.89,133800,0.0
2021-03-22,17.93,18.0,17.88,17.94,164500,0.0
2021-03-23,17.8,17.87,17.56,17.56,422100,0.0
2021-03-24,17.61,17.61,17.4,17.4,267000,0.0
2021-03-25,17.37,17.57,17.31,17.55,257800,0.0
2021-03-26,17.66,17.84,17.6,17.84,85100,0.0
2021-03-29,17.88,17.91,17.84,17.89,244200,0.0
2021-03-30,17.89,17.94,17.83,17.87,76100,0.0
2021-03-31,17.83,18.15,17.8,18.1,201300,0.0
2021-04-01,18.27,18.56,18.27,18.55,326100,0.0
2021-04-05,18.6,18.72,18.59,18.64,268400,0.0
2021-04-06,18.64,18.7,18.5,18.5,317300,0.0
2021-04-07,18.41,18.45,18.08,18.09,306300,0.0
2021-04-08,18.3,18.65,18.3,18.59,167100,0.0
2021-04-09,18.5,18.69,18.4,18.6,196500,0.0
2021-04-12,18.75,18.95,18.68,18.92,276400,0.0
2021-04-13,18.92,19.05,18.9,19.01,569000,0.0
2021-04-14,19.16,19.17,19.01,19.01,565200,0.0
2021-04-15,19.01,19.24,19.01,19.18,391300,0.0
2021-04-16,19.24,19.29,19.21,19.29,386200,0.0
2021-04-19,19.35,19.55,19.35,19.54,425000,0.0
2021-04-20,19.52,19.68,19.51,19.6,301300,0.0
2021-04-21,19.58,19.6,19.42,19.6,279100,0.0
2021-04-22,19.3,19.34,19.13,19.27,321300,0.0
2021-04-23,19.5,19.52,19.32,19.44,326900,0.0
2021-04-26,19.15,19.2,19.05,19.1,361900,0.0
2021-04-27,19.13,19.21,19.1,19.14,157400,0.0
2021-04-28,19.05,19.15,19.0,19.01,891300,0.0
2021-04-29,19.11,19.14,19.01,19.1,260100,0.0
2021-04-30,19.0,19.05,18.78,18.85,291300,0.0
2021-05-03,18.71,18.75,18.51,18.61,254600,0.0
2021-05-04,18.7,18.8,18.57,18.71,247000,0.0
2021-05-05,18.93,19.0,18.8,18.92,282300,0.0
2021-05-06,18.96,18.98,18.8,18.86,164200,0.0
2021-05-07,18.9,19.07,18.9,19.05,125800,0.0
2021-05-10,19.28,19.4,19.15,19.21,311600,0.0
2021-05-11,19.0,19.14,18.81,19.02,384800,0.0
2021-05-12,18.99,19.0,18.61,18.68,276000,0.0
2021-05-13,18.61,18.78,18.54,18.54,276800,0.0
2021-05-14,18.75,18.96,18.74,18.95,254300,0.0
2021-05-17,18.7,18.83,18.6,18.76,176400,0.0
2021-05-18,18.64,18.82,18.62,18.75,340000,0.0
2021-05-19,18.54,18.93,18.54,18.85,214800,0.0
2021-05-20,19.11,19.2,19.03,19.13,202300,0.0
2021-05-21,19.13,19.2,19.0,19.1,182300,0.0
2021-05-24,19.26,19.4,19.2,19.39,174400,0.0
2021-05-25,19.4,19.44,19.26,19.31,188200,0.0
2021-05-26,19.39,19.6,19.36,19.55,486000,0.0
2021-05-27,19.46,19.53,19.4,19.46,158700,0.0
2021-05-28,19.53,19.68,19.5,19.68,217900,0.0
2021-06-01,19.7,19.79,19.69,19.7,310500,0.0
2021-06-02,19.7,19.86,19.7,19.81,271600,0.0
2021-06-03,19.85,20.0,19.81,19.88,229300,0.0
2021-06-04,19.91,20.2,19.91,20.13,296200,0.0
2021-06-07,20.14,20.19,19.96,19.98,191900,0.0
2021-06-08,19.9,19.9,19.6,19.7,296300,0.0
2021-06-09,19.87,19.92,19.81,19.88,171500,0.0
2021-06-10,19.88,19.93,19.8,19.86,144300,0.0
2021-06-11,19.96,20.06,19.95,20.0,158100,0.0
2021-06-14,20.1,20.23,20.05,20.18,276300,0.0
2021-06-15,20.2,20.23,20.1,20.16,203100,0.0
2021-06-16,20.01,20.15,19.73,19.82,325300,0.0
2021-06-17,19.99,20.12,19.84,20.06,200500,0.0
2021-06-18,20.15,20.24,20.0,20.01,206200,0.0
2021-06-21,20.01,20.17,20.0,20.16,121000,0.0
2021-06-22,20.14,20.15,20.02,20.15,103800,0.0
2021-06-23,20.14,20.14,20.0,20.07,227900,0.0
2021-06-24,20.14,20.14,20.01,20.11,181500,0.0
2021-06-25,20.32,20.5,20.16,20.5,227700,0.0
2021-06-28,20.51,20.64,20.51,20.6,253400,0.0
2021-06-29,20.65,20.65,20.55,20.63,202900,0.0
2021-06-30,20.77,20.81,20.7,20.79,321100,0.0
2021-07-01,20.88,20.88,20.75,20.87,172500,0.0
2021-07-02,20.83,20.95,20.82,20.89,113400,0.0
2021-07-06,20.5,20.5,20.2,20.37,426500,0.0
2021-07-07,20.45,20.48,20.3,20.4,309200,0.0
2021-07-08,20.29,20.29,19.91,20.03,377900,0.0
2021-07-09,19.9,19.97,19.82,19.93,204200,0.0
2021-07-12,19.53,19.58,19.33,19.44,531600,0.0
2021-07-13,19.34,19.4,19.15,19.21,487300,0.0
2021-07-14,19.2,19.32,19.15,19.25,210300,0.0
2021-07-15,19.43,19.47,19.35,19.37,138300,0.0
2021-07-16,19.48,19.55,19.37,19.38,242900,0.0
2021-07-19,18.88,18.89,18.6,18.73,659700,0.0
2021-07-20,18.86,19.21,18.82,19.15,435100,0.0
2021-07-21,19.19,19.25,19.04,19.24,222000,0.0
2021-07-22,19.41,19.5,19.3,19.31,187200,0.0
2021-07-23,19.16,19.22,19.0,19.07,311500,0.0
2021-07-26,19.0,19.18,18.93,19.18,218000,0.0
2021-07-27,19.23,19.27,19.02,19.27,129900,0.0
2021-07-28,19.28,19.36,19.16,19.32,136300,0.0
2021-07-29,19.48,19.49,19.31,19.36,124700,0.0
2021-07-30,19.35,19.55,19.3,19.55,153700,0.0
2021-08-02,19.42,19.66,19.4,19.51,267500,0.0
2021-08-03,19.67,19.92,19.67,19.9,269500,0.0
2021-08-04,19.9,19.96,19.81,19.85,162500,0.0
2021-08-05,19.97,20.07,19.95,20.02,270800,0.0
2021-08-06,19.88,20.03,19.75,19.81,136500,0.0
2021-08-09,19.98,20.25,19.89,20.21,228700,0.0
2021-08-10,20.11,20.11,19.93,19.99,213800,0.0
2021-08-11,19.85,19.99,19.85,19.95,199400,0.0
2021-08-12,19.8,19.86,19.71,19.8,116500,0.0
2021-08-13,19.76,19.84,19.76,19.84,145800,0.0
2021-08-16,19.84,19.88,19.66,19.72,194200,0.0
2021-08-17,19.59,19.65,19.37,19.43,180300,0.0
2021-08-18,19.44,19.58,19.4,19.4,184900,0.0
2021-08-19,19.37,19.54,19.26,19.47,282500,0.0
2021-08-20,19.1,19.3,19.03,19.16,361000,0.0
2021-08-23,19.06,19.37,19.06,19.37,307300,0.0
2021-08-24,19.26,19.34,19.21,19.28,187000,0.0
2021-08-25,19.38,19.47,19.3,19.41,199300,0.0
2021-08-26,19.33,19.41,19.17,19.23,192700,0.0
2021-08-27,19.37,19.84,19.36,19.76,337100,0.0
2021-08-30,19.84,19.93,19.72,19.86,207000,0.0
2021-08-31,19.86,19.86,19.7,19.75,165800,0.0
2021-09-01,19.74,19.98,19.74,19.92,236000,0.0
2021-09-02,19.99,20.02,19.92,20.0,195200,0.0
2021-09-03,20.11,20.22,20.06,20.2,273100,0.0
2021-09-07,20.16,20.18,19.93,20.03,183000,0.0
2021-09-08,19.95,19.95,19.73,19.77,330700,0.0
2021-09-09,19.87,20.07,19.82,20.03,159800,0.0
2021-09-10,20.03,20.16,19.99,20.03,151700,0.0
2021-09-13,20.03,20.03,19.7,19.83,140800,0.0
2021-09-14,19.82,19.88,19.71,19.75,183100,0.0
2021-09-15,19.82,19.97,19.75,19.82,161100,0.0
2021-09-16,19.83,19.9,19.74,19.87,100400,0.0
2021-09-17,19.94,19.96,19.76,19.84,143700,0.0
2021-09-20,19.5,19.56,19.31,19.38,264100,0.0
2021-09-21,19.36,19.58,19.36,19.51,124100,0.0
2021-09-22,19.68,19.98,19.62,19.85,204900,0.0
2021-09-23,19.93,19.93,19.61,19.73,748600,0.0
2021-09-24,19.68,19.68,19.55,19.58,138200,0.0
2021-09-27,19.38,19.4,19.18,19.21,315800,0.0
2021-09-28,19.28,19.34,19.11,19.2,214600,0.0
2021-09-29,19.18,19.31,19.04,19.07,379800,0.0
2021-09-30,19.17,19.4,19.17,19.27,178900,0.0
2021-10-01,19.13,19.21,19.07,19.14,153100,0.0
2021-10-04,19.18,19.29,19.1,19.1,134200,0.0
2021-10-05,19.2,19.4,19.2,19.3,159800,0.0
2021-10-06,19.18,19.24,19.14,19.21,125400,0.0
2021-10-07,19.31,19.54,19.31,19.47,240000,0.0
2021-10-08,19.58,19.63,19.53,19.6,209100,0.0
2021-10-11,19.84,19.85,19.61,19.64,99600,0.0
2021-10-12,19.7,19.75,19.56,19.61,115800,0.0
2021-10-13,19.56,19.67,19.54,19.6,90200,0.0
2021-10-14,19.56,19.66,19.56,19.63,87400,0.0
2021-10-15,19.68,19.7,19.45,19.5,344600,0.0
2021-10-18,19.46,19.66,19.46,19.63,200400,0.0
2021-10-19,19.8,19.82,19.67,19.71,76100,0.0
2021-10-20,19.66,19.72,19.61,19.71,195500,0.0
2021-10-21,19.59,19.62,19.54,19.57,32300,0.0
2021-10-22,19.58,19.7,19.57,19.64,98500,0.0
2021-10-25,19.6,19.72,19.6,19.71,249700,0.0
2021-10-26,19.8,19.88,19.72,19.72,190300,0.0
2021-10-27,20.08,20.15,20.0,20.1,324200,0.0
2021-10-28,20.21,20.33,20.2,20.24,296800,0.0
2021-10-29,20.25,20.32,20.19,20.3,269400,0.0
2021-11-01,20.28,20.4,20.25,20.37,177900,0.0
2021-11-02,20.4,20.4,20.32,20.33,164800,0.0
2021-11-03,20.18,20.22,20.02,20.19,161300,0.0
2021-11-04,20.2,20.28,20.13,20.2,243400,0.0
2021-11-05,20.35,20.44,20.35,20.42,123600,0.0
2021-11-08,20.51,20.68,20.47,20.67,351500,0.0
2021-11-09,20.65,20.65,20.5,20.56,167100,0.0
2021-11-10,20.5,20.75,20.5,20.59,310200,0.0
2021-11-11,20.68,20.68,20.56,20.6,169000,0.0
2021-11-12,20.68,20.77,20.6,20.71,141600,0.0
2021-11-15,20.72,20.84,20.71,20.75,193800,0.0
2021-11-16,20.77,20.78,20.68,20.74,207300,0.0
2021-11-17,20.79,20.91,20.77,20.85,205200,0.0
2021-11-18,20.85,20.88,20.8,20.85,196700,0.0
2021-11-19,20.68,20.68,20.51,20.54,159600,0.0
2021-11-22,20.49,20.5,20.28,20.28,192600,0.0
2021-11-23,20.48,20.57,20.48,20.56,205400,0.0
2021-11-24,20.65,20.75,20.65,20.72,142300,0.0
2021-11-26,20.51,20.8,20.51,20.68,236400,0.0
2021-11-29,20.68,20.92,20.61,20.67,304300,0.0
2021-11-30,20.67,20.83,20.67,20.75,322300,0.0
2021-12-01,20.88,20.98,20.75,20.8,195600,0.0
2021-12-02,20.8,20.85,20.68,20.72,296800,0.0
2021-12-03,20.5,20.55,20.28,20.37,251000,0.0
2021-12-06,20.0,20.05,19.87,20.01,502800,0.0
2021-12-07,20.38,20.56,20.32,20.51,339700,0.0
2021-12-08,20.55,20.7,20.55,20.7,204800,0.0
2021-12-09,20.79,20.88,20.78,20.85,293600,0.0
2021-12-10,20.77,20.78,20.63,20.68,133400,0.0
2021-12-13,20.84,20.84,20.62,20.68,275600,0.0
2021-12-14,20.63,20.78,20.6,20.69,56800,0.0
2021-12-15,20.68,20.8,20.65,20.74,117000,0.0
2021-12-16,20.79,20.8,20.61,20.71,168500,0.0
2021-12-17,20.72,20.85,20.72,20.77,160600,0.0
2021-12-20,20.51,20.64,20.51,20.6,178300,0.0
2021-12-21,20.76,20.94,20.76,20.88,217000,0.0
2021-12-22,20.88,20.99,20.85,20.99,169200,0.0
2021-12-23,20.73,20.73,20.64,20.66,165400,0.0
2021-12-27,20.77,21.05,20.68,21.01,350500,0.0
2021-12-28,21.01,21.1,21.0,21.05,107700,0.0
2021-12-29,21.02,21.02,20.95,21.01,100800,0.0
2021-12-30,21.01,21.31,21.01,21.26,305400,0.0
2021-12-31,21.27,21.37,21.19,21.24,126000,0.0
2022-01-03,21.28,21.35,21.25,21.27,360600,0.0
2022-01-04,21.54,21.66,21.52,21.53,422200,0.0
2022-01-05,21.55,21.6,21.45,21.49,315600,0.0
2022-01-06,21.49,21.5,21.22,21.39,227800,0.0
2022-01-07,21.4,21.48,21.39,21.4,160300,0.0
2022-01-10,21.26,21.26,21.03,21.2,427500,0.0
2022-01-11,21.03,21.07,20.91,21.06,226800,0.0
2022-01-12,21.26,21.26,21.05,21.09,140200,0.0
2022-01-13,20.89,20.89,20.67,20.73,297800,0.0
2022-01-14,20.73,20.79,20.65,20.74,164700,0.0
2022-01-18,20.0,20.02,19.68,19.68,569000,0.0
2022-01-19,19.72,19.88,19.72,19.75,495700,0.0
2022-01-20,19.93,20.08,19.89,19.91,336700,0.0
2022-01-21,19.84,19.92,19.78,19.84,497500,0.0
2022-01-24,19.32,19.32,18.85,19.12,682200,0.0
2022-01-25,19.33,19.56,19.3,19.48,435000,0.0
2022-01-26,19.56,19.56,19.3,19.33,187800,0.0
2022-01-27,19.33,19.45,19.31,19.37,238800,0.0
2022-01-28,19.4,19.62,19.37,19.6,202000,0.0
2022-01-31,19.53,19.81,19.53,19.77,123000,0.0
2022-02-01,19.82,19.86,19.64,19.83,123900,0.0
2022-02-02,19.9,19.98,19.79,19.89,112100,0.0
2022-02-03,19.81,19.82,19.71,19.76,243900,0.0
2022-02-04,19.79,19.79,19.67,19.72,108100,0.0
2022-02-07,19.79,19.79,19.69,19.74,165100,0.0
2022-02-08,19.67,19.68,19.55,19.65,208100,0.0
2022-02-09,19.98,20.03,19.87,20.03,420200,0.0
2022-02-10,19.86,19.98,19.77,19.87,168400,0.0
2022-02-11,19.8,19.85,19.6,19.62,283300,0.0
2022-02-14,19.5,19.52,19.33,19.4,252500,0.0
2022-02-15,19.62,19.73,19.59,19.65,102200,0.0
2022-02-16,19.65,19.85,19.62,19.81,59800,0.0
2022-02-17,19.84,19.95,19.76,19.82,281700,0.0
2022-02-18,19.8,19.9,19.79,19.79,114800,0.0
2022-02-22,19.59,19.7,19.46,19.64,286900,0.0
2022-02-23,19.88,19.88,19.64,19.68,222600,0.0
2022-02-24,19.11,19.52,19.03,19.5,423100,0.0
2022-02-25,19.56,19.62,19.51,19.59,219100,0.0
2022-02-28,19.48,19.54,19.41,19.51,193900,0.0
2022-03-01,19.56,19.6,19.41,19.43,142500,0.0
2022-03-02,19.41,19.59,19.4,19.55,176800,0.0
2022-03-03,19.88,19.88,19.72,19.74,134200,0.0
2022-03-04,19.54,19.68,19.54,19.64,134400,0.0
2022-03-07,19.5,19.5,19.22,19.24,221100,0.0
2022-03-08,19.09,19.11,18.94,18.97,232500,0.0
2022-03-09,19.0,19.17,19.0,19.12,170200,0.0
2022-03-10,19.2,19.2,18.93,18.97,184500,0.0
2022-03-11,18.9,18.9,18.53,18.53,258500,0.0
2022-03-14,18.38,18.38,18.14,18.2,292200,0.0
2022-03-15,18.25,18.45,18.2,18.4,293000,0.0
2022-03-16,18.45,18.79,18.45,18.76,331100,0.0
2022-03-17,18.69,18.69,18.56,18.62,252600,0.0
2022-03-18,18.72,18.86,18.6,18.85,151400,0.0
2022-03-21,19.2,19.24,18.98,19.19,183500,0.0
2022-03-22,19.23,19.32,19.13,19.27,148600,0.0
2022-03-23,19.3,19.35,19.21,19.22,104700,0.0
2022-03-24,19.28,19.28,19.15,19.2,112500,0.0
2022-03-25,19.2,19.2,19.09,19.15,102300,0.0
2022-03-28,18.95,19.01,18.78,18.92,225600,0.0
2022-03-29,19.07,19.14,19.0,19.11,115100,0.0
2022-03-30,19.01,19.04,18.89,19.0,222800,0.0
2022-03-31,19.06,19.06,18.83,18.87,82800,0.0
2022-04-01,19.15,19.23,19.08,19.19,135800,0.0
2022-04-04,19.35,19.47,19.29,19.45,203700,0.0
2022-04-05,19.43,19.44,19.22,19.27,150700,0.0
2022-04-06,19.13,19.27,19.02,19.06,189000,0.0
2022-04-07,18.96,19.11,18.92,18.99,101700,0.0
2022-04-08,18.88,18.88,18.76,18.77,146000,0.0
2022-04-11,18.64,18.78,18.64,18.69,253300,0.0
2022-04-12,18.62,18.68,18.55,18.56,92300,0.0
2022-04-13,18.74,18.77,18.47,18.75,115300,0.0
2022-04-14,18.72,18.72,18.54,18.54,100500,0.0
2022-04-18,18.32,18.4,18.0,18.0,197200,0.0
2022-04-19,17.8,17.8,17.68,17.7,326700,0.0
2022-04-20,17.67,17.67,17.5,17.51,229700,0.0
2022-04-21,17.5,17.53,17.35,17.36,315600,0.0
2022-04-22,17.47,17.49,17.26,17.26,184800,0.0
2022-04-25,16.6,16.62,16.46,16.6,487300,0.0
2022-04-26,16.85,16.9,16.7,16.72,232600,0.0
2022-04-27,16.91,17.05,16.91,16.96,237300,0.0
2022-04-28,16.95,16.96,16.82,16.9,340100,0.0
2022-04-29,17.06,17.18,17.02,17.04,282200,0.0
2022-05-02,17.05,17.12,17.02,17.1,222400,0.0
2022-05-03,17.14,17.23,17.13,17.22,237700,0.0
2022-05-04,17.03,17.1,16.89,17.06,314200,0.0
2022-05-05,17.0,17.05,16.82,16.86,269700,0.0
2022-05-06,16.7,16.73,16.58,16.62,233800,0.0
2022-05-09,15.99,16.04,15.73,15.74,517700,0.0
2022-05-10,16.15,16.19,16.01,16.14,327400,0.0
2022-05-11,16.06,16.22,16.06,16.09,243800,0.0
2022-05-12,15.46,15.46,15.25,15.28,694000,0.0
2022-05-13,15.05,15.25,15.05,15.23,492000,0.0
2022-05-16,15.04,15.06,14.94,14.96,347400,0.0
2022-05-17,15.56,15.67,15.56,15.65,442600,0.0
2022-05-18,15.63,15.72,15.4,15.42,141100,0.0
2022-05-19,15.52,15.64,15.51,15.6,170400,0.0
2022-05-20,15.7,15.7,15.39,15.48,140600,0.0
2022-05-23,15.39,15.42,15.29,15.31,224800,0.0
2022-05-24,15.39,15.48,15.37,15.4,244700,0.0
2022-05-25,15.73,15.73,15.61,15.71,323800,0.0
2022-05-26,15.76,15.76,15.69,15.74,279900,0.0
2022-05-27,15.91,15.91,15.87,15.9,149400,0.0
2022-05-31,16.13,16.16,15.96,16.04,317300,0.0
2022-06-01,16.2,16.2,16.02,16.06,159900,0.0
2022-06-02,16.01,16.02,15.92,16.02,225600,0.0
2022-06-03,15.94,15.94,15.8,15.81,174500,0.0
2022-06-06,15.98,15.98,15.8,15.8,146200,0.0
2022-06-07,15.84,15.9,15.8,15.9,172300,0.0
2022-06-08,16.04,16.05,15.94,15.96,222900,0.0
2022-06-09,16.07,16.07,15.92,15.93,138700,0.0
2022-06-10,15.8,15.8,15.63,15.65,217000,0.0
2022-06-13,15.22,15.22,14.93,14.95,468200,0.0
2022-06-14,15.1,15.2,15.01,15.05,115300,0.0
2022-06-15,14.9,15.04,14.79,14.98,275100,0.0
2022-06-16,14.95,14.95,14.76,14.89,403600,0.0
2022-06-17,14.8,14.85,14.72,14.82,117400,0.0
2022-06-21,14.64,14.69,14.51,14.54,351000,0.0
2022-06-22,14.5,14.51,14.3,14.45,189300,0.0
2022-06-23,14.58,14.7,14.5,14.65,270400,0.0
2022-06-24,14.69,14.83,14.65,14.79,175700,0.0
2022-06-27,15.0,15.0,14.8,14.81,292100,0.0
2022-06-28,14.99,14.99,14.76,14.82,109800,0.0
2022-06-29,14.85,14.85,14.67,14.71,115100,0.0
2022-06-30,14.52,14.52,14.34,14.4,238700,0.0
2022-07-01,14.39,14.5,14.34,14.48,325200,0.0
2022-07-05,14.18,14.28,14.0,14.09,986600,0.0
2022-07-06,13.97,13.97,13.76,13.8,375900,0.0
2022-07-07,14.08,14.17,14.08,14.16,219900,0.0
2022-07-08,14.16,14.33,14.09,14.28,203000,0.0
2022-07-11,14.28,14.28,14.16,14.18,95800,0.0
2022-07-12,14.31,14.38,14.26,14.34,112600,0.0
2022-07-13,14.23,14.33,14.16,14.21,209900,0.0
2022-07-14,14.26,14.34,14.25,14.34,204700,0.0
2022-07-15,14.27,14.44,14.27,14.43,179200,0.0
2022-07-18,14.4,14.42,14.25,14.27,316200,0.0
2022-07-19,14.42,14.52,14.42,14.52,78800,0.0
2022-07-20,14.63,14.64,14.55,14.61,177600,0.0
2022-07-21,14.69,14.7,14.58,14.66,74500,0.0
2022-07-22,14.6,14.61,14.47,14.5,135000,0.0
2022-07-25,14.59,14.62,14.53,14.57,98100,0.0
2022-07-26,14.47,14.47,14.33,14.34,133400,0.0
2022-07-27,14.41,14.63,14.41,14.61,56700,0.0
2022-07-28,14.72,14.82,14.64,14.8,134900,0.0
2022-07-29,14.71,14.75,14.64,14.73,107000,0.0
2022-08-01,14.94,15.04,14.84,15.03,503300,0.0
2022-08-02,15.08,15.14,15.02,15.06,147000,0.0
2022-08-03,15.15,15.23,15.05,15.22,183300,0.0
2022-08-04,15.2,15.27,15.11,15.26,304600,0.0
2022-08-05,15.21,15.3,15.2,15.29,139700,0.0
2022-08-08,15.38,15.39,15.29,15.36,462900,0.0
2022-08-09,15.45,15.45,15.36,15.42,118600,0.0
2022-08-10,15.53,15.53,15.43,15.51,137300,0.0
2022-08-11,15.44,15.52,15.37,15.43,249600,0.0
2022-08-12,15.56,15.7,15.53,15.67,78000,0.0
2022-08-15,15.7,15.76,15.67,15.71,115200,0.0
2022-08-16,15.71,15.72,15.62,15.68,84100,0.0
2022-08-17,15.75,15.8,15.68,15.74,131800,0.0
2022-08-18,15.62,15.68,15.58,15.64,293600,0.0
2022-08-19,15.52,15.52,15.37,15.45,151100,0.0
2022-08-22,15.3,15.31,15.25,15.28,76400,0.0
2022-08-23,15.43,15.52,15.36,15.47,222800,0.0
2022-08-24,15.57,15.63,15.51,15.6,73700,0.0
2022-08-25,15.64,15.8,15.64,15.78,389700,0.0
2022-08-26,15.67,15.67,15.3,15.34,452300,0.0
2022-08-29,15.26,15.34,15.22,15.24,359700,0.0
2022-08-30,15.21,15.26,15.13,15.17,89600,0.0
2022-08-31,15.36,15.38,15.27,15.33,259000,0.0
2022-09-01,15.25,15.25,15.14,15.24,101800,0.0
2022-09-02,15.3,15.31,15.17,15.17,41900,0.0
2022-09-06,15.16,15.16,15.02,15.05,401700,0.0
2022-09-07,14.86,14.93,14.75,14.88,135900,0.0
2022-09-08,14.85,14.93,14.83,14.86,88900,0.0
2022-09-09,15.0,15.11,14.96,15.05,506800,0.0
2022-09-12,15.11,15.18,15.06,15.15,122800,0.0
2022-09-13,14.96,14.96,14.61,14.66,514200,0.0
2022-09-14,14.85,14.85,14.7,14.78,442700,0.0
2022-09-15,14.75,14.83,14.62,14.65,358300,0.0
2022-09-16,14.58,14.6,14.5,14.51,212900,0.0
2022-09-19,14.4,14.41,14.31,14.37,150900,0.0
2022-09-20,14.4,14.4,14.32,14.4,291100,0.0
2022-09-21,14.37,14.4,14.25,14.35,206400,0.0
2022-09-22,14.27,14.39,14.19,14.2,186800,0.0
2022-09-23,14.1,14.11,14.0,14.05,125600,0.0
2022-09-26,13.8,13.85,13.57,13.59,393400,0.0
2022-09-27,13.58,13.68,13.52,13.55,207700,0.0
2022-09-28,13.41,13.54,13.38,13.5,225900,0.0
2022-09-29,13.25,13.39,13.05,13.08,188300,0.0
2022-09-30,13.05,13.47,13.05,13.3,1644200,0.0
2022-10-03,12.97,13.0,12.72,12.86,287900,0.0
2022-10-04,12.89,12.96,12.81,12.86,418400,0.0
2022-10-05,12.97,13.06,12.86,13.02,652900,0.0
2022-10-06,12.7,12.74,12.62,12.67,214200,0.0
2022-10-07,12.48,12.48,12.21,12.41,717100,0.0
2022-10-10,12.56,12.56,12.32,12.42,342700,0.0
2022-10-11,12.1,12.14,11.89,12.03,633600,0.0
2022-10-12,12.2,12.36,12.2,12.33,257200,0.0
2022-10-13,12.19,12.53,12.02,12.52,635200,0.0
2022-10-14,12.5,12.64,12.25,12.28,123000,0.0
2022-10-17,12.29,12.38,12.29,12.33,173100,0.0
2022-10-18,12.49,12.49,12.35,12.41,407100,0.0
2022-10-19,12.33,12.35,12.17,12.22,308200,0.0
2022-10-20,12.27,12.27,12.1,12.13,149600,0.0
2022-10-21,11.85,11.88,11.58,11.87,891100,0.0
2022-10-24,11.43,11.43,11.27,11.36,689800,0.0
2022-10-25,11.35,11.41,11.29,11.35,471600,0.0
2022-10-26,11.26,11.55,11.26,11.47,695200,0.0
2022-10-27,11.79,11.82,11.71,11.77,496900,0.0
2022-10-28,11.75,11.78,11.65,11.75,232500,0.0
2022-10-31,11.67,11.72,11.64,11.68,192500,0.0
2022-11-01,11.8,11.85,11.54,11.54,348000,0.0
2022-11-02,11.56,11.74,11.47,11.48,324300,0.0
2022-11-03,11.48,11.48,11.35,11.37,372200,0.0
2022-11-04,11.36,11.42,11.18,11.34,731200,0.0
2022-11-07,11.21,11.21,11.01,11.05,532200,0.0
2022-11-08,11.1,11.27,11.1,11.25,601200,0.0
2022-11-09,11.18,11.18,11.0,11.01,330300,0.0
2022-11-10,11.24,11.25,10.9,10.96,906800,0.0
2022-11-11,11.05,11.3,10.98,11.21,1643200,0.0
2022-11-14,11.08,11.2,10.92,10.94,1630000,0.0
2022-11-15,11.0,11.02,10.73,10.9,1137000,0.0
2022-11-16,11.15,11.34,11.14,11.26,1303300,0.0
2022-11-17,11.49,11.52,11.3,11.48,1383700,0.0
2022-11-18,11.6,11.62,11.34,11.38,591500,0.0
2022-11-21,11.25,11.28,11.13,11.17,538000,0.0
2022-11-22,11.15,11.18,11.08,11.15,542700,0.0
2022-11-23,11.11,11.16,11.06,11.12,450500,0.0
2022-11-25,11.45,11.6,11.37,11.57,528600,0.0
2022-11-28,11.82,12.0,11.77,11.8,1242400,0.0
2022-11-29,12.18,12.22,12.09,12.2,1546400,0.0
2022-11-30,12.39,12.78,12.38,12.78,1618300,0.0
2022-12-01,12.51,12.55,12.31,12.39,1223600,0.0
2022-12-02,12.76,12.91,12.73,12.84,1142200,0.0
2022-12-05,13.08,13.13,12.97,13.04,1811200,0.0
2022-12-06,12.71,12.74,12.47,12.51,1242600,0.0
2022-12-07,12.52,12.71,12.52,12.7,764700,0.0
2022-12-08,12.8,12.84,12.7,12.82,640700,0.0
2022-12-09,12.94,12.97,12.82,12.85,763100,0.0
2022-12-12,12.6,12.61,12.51,12.57,861700,0.0
2022-12-13,12.84,12.9,12.71,12.78,535400,0.0
2022-12-14,12.88,12.92,12.56,12.68,756600,0.0
2022-12-15,12.65,12.75,12.56,12.61,1598500,0.0
2022-12-16,12.51,12.6,12.48,12.51,468000,0.0
2022-12-19,12.32,12.36,12.1,12.15,496000,0.0
2022-12-20,12.03,12.07,11.93,11.98,547000,0.0
2022-12-21,12.0,12.11,11.86,12.06,927800,0.0
2022-12-22,12.03,12.07,11.86,11.95,720300,0.0
2022-12-23,11.97,12.15,11.96,12.14,641700,0.0
2022-12-27,11.96,12.0,11.85,11.92,755600,0.0
2022-12-28,11.96,12.04,11.76,11.85,942600,0.0
2022-12-29,11.88,11.9,11.78,11.89,444400,0.0
2022-12-30,11.85,11.9,11.78,11.84,571300,0.0
2023-01-03,12.11,12.31,12.11,12.31,1271800,0.0
2023-01-04,12.32,12.45,12.26,12.39,1443000,0.0
2023-01-05,12.39,12.4,12.29,12.33,808400,0.0
2023-01-06,12.35,12.45,12.23,12.43,920600,0.0
2023-01-09,12.5,12.51,12.35,12.37,1037100,0.0
2023-01-10,12.39,12.45,12.35,12.45,615700,0.0
2023-01-11,12.52,12.62,12.48,12.61,781300,0.0
2023-01-12,12.64,12.65,12.35,12.53,802100,0.0
2023-01-13,12.52,12.53,12.43,12.49,480700,0.0
2023-01-17,12.77,12.8,12.73,12.79,948200,0.0
2023-01-18,12.9,12.97,12.67,12.71,1427500,0.0
2023-01-19,12.71,12.96,12.71,12.89,807500,0.0
2023-01-20,12.98,13.08,12.89,13.03,1017600,0.0
2023-01-23,13.11,13.17,13.01,13.13,1289900,0.0
2023-01-24,13.1,13.12,12.92,12.96,791500,0.0
2023-01-25,12.98,13.06,12.72,12.78,1138000,0.0
2023-01-26,12.95,13.12,12.81,12.93,941600,0.0
2023-01-27,12.98,13.08,12.93,13.0,929800,0.0
2023-01-30,12.87,12.99,12.64,12.65,842400,0.0
2023-01-31,12.73,12.93,12.71,12.89,466000,0.0
2023-02-01,12.65,12.72,12.51,12.69,1574800,0.0
2023-02-02,12.67,12.68,12.27,12.54,2698500,0.0
2023-02-03,12.48,12.53,12.15,12.27,1686100,0.0
2023-02-06,12.4,12.43,12.3,12.36,1173400,0.0
2023-02-07,12.18,12.27,12.07,12.27,1152100,0.0
2023-02-08,12.27,12.29,12.09,12.09,1284600,0.0
2023-02-09,12.15,12.16,11.9,11.96,1317900,0.0
2023-02-10,11.95,11.97,11.9,11.95,434600,0.0
2023-02-13,11.82,12.0,11.78,11.86,1013300,0.0
2023-02-14,11.83,11.89,11.68,11.83,659400,0.0
2023-02-15,11.88,11.95,11.8,11.86,1074300,0.0
2023-02-16,11.91,12.06,11.85,12.0,1614100,0.0
2023-02-17,11.94,11.95,11.85,11.88,330400,0.0
2023-02-21,12.12,12.16,12.0,12.05,1147200,0.0
2023-02-22,11.9,11.9,11.71,11.76,1155500,0.0
2023-02-23,11.8,11.8,11.52,11.7,1730900,0.0
2023-02-24,11.52,11.52,11.38,11.48,1181400,0.0
2023-02-27,11.36,11.4,11.16,11.24,1586600,0.0
2023-02-28,11.3,11.3,11.21,11.26,919700,0.0
2023-03-01,11.42,11.62,11.42,11.59,1586100,0.0
2023-03-02,11.53,11.58,11.47,11.57,476500,0.0
2023-03-03,11.47,11.61,11.36,11.57,1017400,0.0
2023-03-06,11.6,11.61,11.44,11.48,1372700,0.0
2023-03-07,11.62,11.64,11.52,11.52,1056000,0.0
2023-03-08,11.66,11.76,11.65,11.74,783600,0.0
2023-03-09,11.77,11.82,11.61,11.64,1452900,0.0
2023-03-10,11.81,11.87,11.63,11.66,835600,0.0
2023-03-13,11.65,11.75,11.59,11.69,1094100,0.0
2023-03-14,11.65,11.66,11.57,11.61,1072100,0.0
2023-03-15,11.73,11.8,11.61,11.69,1213600,0.0
2023-03-16,11.65,11.86,11.62,11.86,1217400,0.0
2023-03-17,11.71,11.85,11.62,11.63,1538200,0.0
2023-03-20,11.51,11.53,11.42,11.48,575400,0.0
2023-03-21,11.6,11.78,11.6,11.76,808200,0.0
2023-03-22,11.8,11.87,11.7,11.75,694900,0.0
2023-03-23,11.79,11.94,11.77,11.79,977800,0.0
2023-03-24,11.77,11.84,11.63,11.83,697500,0.0
2023-03-27,11.89,12.1,11.89,12.08,1069500,0.0
2023-03-28,12.06,12.09,12.01,12.09,443900,0.0
2023-03-29,12.15,12.21,12.06,12.15,376200,0.0
2023-03-30,12.16,12.2,12.09,12.15,475400,0.0
2023-03-31,12.2,12.22,12.15,12.18,384400,0.0
2023-04-03,12.3,12.46,12.29,12.46,456800,0.0
2023-04-04,12.44,12.46,12.38,12.42,366800,0.0
2023-04-05,12.41,12.49,12.37,12.39,430000,0.0
2023-04-06,12.32,12.32,12.19,12.29,1042100,0.0
2023-04-10,12.27,12.39,12.19,12.3,338200,0.0
2023-04-11,12.39,12.39,12.24,12.29,789400,0.0
2023-04-12,12.29,12.36,12.26,12.28,347100,0.0
2023-04-13,12.22,12.24,12.17,12.24,268600,0.0
2023-04-14,12.14,12.15,12.01,12.08,734700,0.0
2023-04-17,12.05,12.11,12.05,12.11,222800,0.0
2023-04-18,12.19,12.2,12.11,12.13,802000,0.0
2023-04-19,12.02,12.07,11.95,11.96,716100,0.0
2023-04-20,11.92,12.01,11.91,11.98,553400,0.0
2023-04-21,11.9,11.9,11.85,11.9,859000,0.0
2023-04-24,11.88,11.88,11.82,11.86,694300,0.0
2023-04-25,11.8,11.81,11.66,11.67,1074200,0.0
2023-04-26,11.76,11.82,11.76,11.79,341100,0.0
2023-04-27,11.8,11.97,11.8,11.95,821400,0.0
2023-04-28,12.02,12.15,11.97,12.15,512600,0.0
2023-05-01,12.17,12.18,12.04,12.05,613500,0.0
2023-05-02,12.0,12.09,11.92,11.95,517100,0.0
2023-05-03,11.91,11.97,11.89,11.92,465800,0.0
2023-05-04,11.89,11.92,11.83,11.89,755200,0.0
2023-05-05,11.84,12.0,11.83,12.0,196200,0.0
2023-05-08,12.04,12.15,12.04,12.08,230800,0.0
2023-05-09,12.08,12.12,12.04,12.05,546800,0.0
2023-05-10,12.14,12.28,12.14,12.26,810500,0.0
2023-05-11,12.28,12.39,12.26,12.38,1098500,0.0
2023-05-12,12.44,12.57,12.4,12.49,480900,0.0
2023-05-15,12.51,12.51,12.42,12.47,370700,0.0
2023-05-16,12.44,12.47,12.41,12.44,215500,0.0
2023-05-17,12.34,12.4,12.32,12.34,867100,0.0
2023-05-18,12.34,12.42,12.34,12.4,265000,0.0
2023-05-19,12.4,12.42,12.37,12.37,299600,0.0
2023-05-22,12.44,12.48,12.4,12.46,357000,0.0
2023-05-23,12.34,12.38,12.33,12.34,268400,0.0
2023-05-24,12.29,12.38,12.25,12.25,207000,0.0
2023-05-25,12.27,12.34,12.27,12.34,309000,0.0
2023-05-26,12.27,12.33,12.26,12.3,719800,0.0
2023-05-30,12.4,12.49,12.38,12.44,724600,0.0
2023-05-31,12.4,12.54,12.28,12.43,2147900,0.0
2023-06-01,12.54,12.83,12.46,12.81,1586400,0.0
2023-06-02,12.89,12.92,12.86,12.86,545900,0.0
2023-06-05,12.77,12.86,12.75,12.83,205100,0.0
2023-06-06,12.91,13.1,12.91,13.1,1068200,0.0
2023-06-07,13.23,13.23,13.13,13.14,303300,0.0
2023-06-08,13.07,13.08,12.99,13.0,486700,0.0
2023-06-09,13.1,13.17,13.05,13.15,317400,0.0
2023-06-12,13.22,13.32,13.22,13.32,575200,0.0
2023-06-13,13.4,13.43,13.34,13.35,431200,0.0
2023-06-14,13.23,13.27,13.18,13.24,890600,0.0
2023-06-15,13.24,13.27,13.15,13.17,654900,0.0
2023-06-16,13.17,13.19,13.11,13.13,321500,0.0
2023-06-20,13.06,13.13,13.06,13.11,395600,0.0
2023-06-21,13.18,13.38,13.18,13.34,445800,0.0
2023-06-22,13.4,13.58,13.37,13.55,1233900,0.0
2023-06-23,13.57,13.57,13.4,13.54,543600,0.0
2023-06-26,13.55,13.61,13.51,13.54,318200,0.0
2023-06-27,13.56,13.64,13.56,13.63,434400,0.0
2023-06-28,13.63,13.65,13.56,13.58,315500,0.0
2023-06-29,13.42,13.43,13.27,13.31,1632800,0.0
2023-06-30,13.31,13.36,13.29,13.3,407000,0.0
2023-07-03,13.3,13.34,13.27,13.29,227800,0.0
2023-07-05,13.37,13.47,13.33,13.46,910700,0.0
2023-07-06,13.27,13.33,13.21,13.22,605500,0.0
2023-07-07,13.39,13.5,13.38,13.45,289100,0.0
2023-07-10,13.56,13.74,13.55,13.73,1194300,0.0
2023-07-11,13.73,13.73,13.66,13.71,599700,0.0
2023-07-12,13.8,13.85,13.77,13.82,283600,0.0
2023-07-13,13.96,14.01,13.92,14.0,514000,0.0
2023-07-14,14.11,14.11,14.04,14.05,490200,0.0
2023-07-17,14.11,14.15,14.07,14.09,322400,0.0
2023-07-18,14.14,14.15,14.09,14.1,353600,0.0
2023-07-19,14.1,14.11,13.93,13.96,1123700,0.0
2023-07-20,13.94,14.02,13.93,14.0,461600,0.0
2023-07-21,14.15,14.35,14.15,14.33,1011800,0.0
2023-07-24,14.4,14.52,14.37,14.5,766200,0.0
2023-07-25,14.4,14.5,14.38,14.42,418300,0.0
2023-07-26,14.48,14.57,14.46,14.57,655300,0.0
2023-07-27,14.62,14.62,14.43,14.44,333100,0.0
2023-07-28,14.68,14.82,14.61,14.81,505800,0.0
2023-07-31,15.0,15.09,14.98,15.05,864800,0.0
2023-08-01,14.9,14.92,14.76,14.8,1939500,0.0
2023-08-02,14.76,14.79,14.6,14.62,1602300,0.0
2023-08-03,14.5,14.65,14.49,14.65,335400,0.0
2023-08-04,14.89,15.2,14.89,15.08,826700,0.0
2023-08-07,15.28,15.34,15.23,15.33,762100,0.0
2023-08-08,15.33,15.34,15.22,15.27,403100,0.0
2023-08-09,15.2,15.25,15.04,15.06,506000,0.0
2023-08-10,15.03,15.04,14.92,14.92,485500,0.0
2023-08-11,14.98,15.18,14.98,15.18,649100,0.0
2023-08-14,15.3,15.49,15.25,15.49,1006300,0.0
2023-08-15,15.39,15.39,15.17,15.2,427100,0.0
2023-08-16,15.26,15.4,15.25,15.29,761600,0.0
2023-08-17,15.3,15.3,15.05,15.11,912100,0.0
2023-08-18,14.3,14.33,14.1,14.18,2023300,0.0
2023-08-21,14.27,14.36,14.24,14.34,520300,0.0
2023-08-22,14.4,14.43,14.34,14.38,385700,0.0
2023-08-23,14.36,14.47,14.22,14.32,390800,0.0
2023-08-24,14.48,14.6,14.47,14.5,424600,0.0
2023-08-25,14.58,14.66,14.52,14.58,468500,0.0
2023-08-28,14.78,14.94,14.78,14.91,584400,0.0
2023-08-29,14.9,14.93,14.84,14.92,606700,0.0
2023-08-30,14.95,15.07,14.94,14.99,391900,0.0
2023-08-31,15.15,15.24,15.14,15.16,469000,0.0
2023-09-01,15.24,15.27,15.13,15.13,375200,0.0
2023-09-05,15.24,15.31,15.22,15.24,426000,0.0
2023-09-06,15.38,15.5,15.38,15.49,755700,0.0
2023-09-07,15.38,15.44,15.3,15.43,451900,0.0
2023-09-08,15.46,15.48,15.35,15.46,401700,0.0
2023-09-11,15.3,15.34,15.2,15.26,909400,0.0
2023-09-12,15.52,15.65,15.48,15.61,520200,0.0
2023-09-13,15.46,15.48,15.33,15.33,868000,0.0
2023-09-14,15.14,15.2,15.04,15.06,648600,0.0
2023-09-15,15.0,15.03,14.94,14.95,709900,0.0
2023-09-18,14.86,14.86,14.69,14.81,734700,0.0
2023-09-19,14.81,14.86,14.66,14.71,1097900,0.0
2023-09-20,14.95,15.05,14.91,14.92,1037700,0.0
2023-09-21,14.72,14.76,14.67,14.68,610900,0.0
2023-09-22,14.34,14.4,14.15,14.18,1043100,0.0
2023-09-25,13.58,13.58,13.44,13.47,1168800,0.0
2023-09-26,13.34,13.34,13.21,13.23,1041100,0.0
2023-09-27,13.51,13.61,13.51,13.59,844700,0.0
2023-09-28,13.5,13.59,13.42,13.52,554400,0.0
2023-09-29,13.65,13.67,13.53,13.54,374000,0.0
2023-10-02,13.61,13.69,13.55,13.66,572400,0.0
2023-10-03,13.05,13.08,12.91,12.91,1064200,0.0
2023-10-04,13.13,13.25,13.12,13.18,1071200,0.0
2023-10-05,13.03,13.06,12.97,13.03,462700,0.0
2023-10-06,13.14,13.41,13.14,13.37,560300,0.0
2023-10-09,13.46,13.5,13.4,13.5,425200,0.0
2023-10-10,13.52,13.58,13.49,13.55,729100,0.0
2023-10-11,13.67,13.75,13.64,13.65,373400,0.0
2023-10-12,13.72,13.73,13.6,13.68,374200,0.0
2023-10-13,13.75,13.8,13.66,13.7,585300,0.0
2023-10-16,13.54,13.57,13.46,13.5,489700,0.0
2023-10-17,13.18,13.28,13.04,13.14,959700,0.0
2023-10-18,12.93,12.93,12.78,12.78,944600,0.0
2023-10-19,12.6,12.64,12.35,12.36,1777600,0.0
2023-10-20,12.72,12.82,12.72,12.76,780800,0.0
2023-10-23,12.61,12.73,12.61,12.67,280200,0.0
2023-10-24,12.82,12.99,12.81,12.95,853400,0.0
2023-10-25,12.87,12.89,12.7,12.7,452100,0.0
2023-10-26,12.19,12.2,12.01,12.04,917300,0.0
2023-10-27,12.08,12.15,12.03,12.05,380300,0.0
2023-10-30,11.91,11.91,11.8,11.83,373400,0.0
2023-10-31,11.59,11.6,11.51,11.56,688300,0.0
2023-11-01,11.8,11.83,11.74,11.83,461600,0.0
2023-11-02,12.29,12.49,12.28,12.46,918200,0.0
2023-11-03,12.53,12.55,12.47,12.53,455000,0.0
2023-11-06,12.71,12.75,12.67,12.75,284600,0.0
2023-11-07,12.64,12.66,12.55,12.58,182200,0.0
2023-11-08,13.03,13.12,13.03,13.1,348800,0.0
2023-11-09,13.15,13.22,13.13,13.17,572300,0.0
2023-11-10,13.14,13.18,13.12,13.18,224000,0.0
2023-11-13,13.13,13.14,13.04,13.11,207800,0.0
2023-11-14,13.32,13.4,13.29,13.37,456000,0.0
2023-11-15,13.41,13.44,13.36,13.41,319900,0.0
2023-11-16,13.46,13.49,13.44,13.48,560900,0.0
2023-11-17,13.2,13.26,13.07,13.11,293500,0.0
2023-11-20,13.23,13.29,13.19,13.28,498300,0.0
2023-11-21,13.33,13.44,13.32,13.37,300600,0.0
2023-11-22,13.48,13.56,13.47,13.55,402000,0.0
2023-11-24,13.28,13.41,13.14,13.14,378500,0.0
2023-11-27,13.08,13.11,13.01,13.06,379300,0.0
2023-11-28,13.13,13.21,13.13,13.16,162800,0.0
2023-11-29,13.28,13.32,13.25,13.26,388500,0.0
2023-11-30,13.18,13.18,13.03,13.1,563900,0.0
2023-12-01,13.16,13.33,13.15,13.31,243000,0.0
2023-12-04,13.5,13.61,13.5,13.59,783900,0.0
2023-12-05,13.55,13.6,13.53,13.56,346100,0.0
2023-12-06,13.65,13.73,13.62,13.68,471100,0.0
2023-12-07,13.6,13.65,13.5,13.54,549600,0.0
2023-12-08,13.46,13.52,13.46,13.48,330300,0.0
2023-12-11,13.53,13.64,13.53,13.63,300400,0.0
2023-12-12,13.6,13.61,13.51,13.55,246100,0.0
2023-12-13,13.4,13.43,13.29,13.4,672000,0.0
2023-12-14,13.34,13.36,13.24,13.3,715800,0.0
2023-12-15,13.15,13.17,13.09,13.14,341200,0.0
2023-12-18,12.46,12.5,12.35,12.39,817600,0.0
2023-12-19,12.44,12.51,12.43,12.51,427100,0.0
2023-12-20,12.52,12.61,12.46,12.5,455500,0.0
2023-12-21,12.55,12.63,12.54,12.59,316700,0.0
2023-12-22,12.65,12.68,12.6,12.62,293500,0.0
2023-12-26,12.8,12.95,12.7,12.88,465200,0.0
2023-12-27,12.87,12.89,12.77,12.82,621800,0.0
2023-12-28,12.91,12.94,12.89,12.91,260400,0.0
2023-12-29,12.95,12.95,12.88,12.92,301500,0.0
2024-01-02,12.82,12.83,12.7,12.72,841800,0.0
2024-01-03,12.82,12.89,12.82,12.85,567100,0.0
2024-01-04,12.93,12.96,12.9,12.93,407700,0.0
2024-01-05,12.98,13.12,12.98,13.12,1354500,0.0
2024-01-08,13.17,13.19,13.1,13.16,587500,0.0
2024-01-09,13.03,13.08,13.0,13.05,443100,0.0
2024-01-10,13.0,13.0,12.89,12.93,464000,0.0
2024-01-11,12.96,12.96,12.84,12.91,338300,0.0
2024-01-12,12.82,12.82,12.69,12.73,342100,0.0
2024-01-16,12.75,12.81,12.71,12.75,446400,0.0
2024-01-17,12.72,12.72,12.61,12.63,1056700,0.0
2024-01-18,12.78,12.91,12.7,12.91,649500,0.0
2024-01-19,12.94,12.95,12.86,12.93,270700,0.0
2024-01-22,12.94,12.99,12.88,12.92,358200,0.0
2024-01-23,12.89,12.9,12.78,12.82,354200,0.0
2024-01-24,12.78,12.93,12.78,12.84,1217000,0.0
2024-01-25,12.83,12.85,12.77,12.81,441300,0.0
2024-01-26,12.85,12.88,12.84,12.87,282700,0.0
2024-01-29,12.81,12.85,12.77,12.8,300900,0.0
2024-01-30,12.88,12.96,12.87,12.94,411700,0.0
2024-01-31,12.8,12.83,12.7,12.7,825500,0.0
2024-02-01,12.88,12.94,12.81,12.89,353300,0.0
2024-02-02,12.88,12.95,12.87,12.94,363500,0.0
2024-02-05,12.95,12.96,12.87,12.9,292400,0.0
2024-02-06,12.94,12.97,12.83,12.95,284700,0.0
2024-02-07,13.01,13.09,12.99,13.05,318300,0.0
2024-02-08,13.08,13.12,13.04,13.08,345300,0.0
2024-02-09,13.06,13.08,13.05,13.07,268700,0.0
2024-02-12,13.1,13.16,13.08,13.15,515400,0.0
2024-02-13,13.01,13.04,12.95,12.99,437900,0.0
2024-02-14,13.05,13.06,12.98,13.03,282600,0.0
2024-02-15,13.07,13.1,13.02,13.08,183200,0.0
2024-02-16,13.1,13.22,13.08,13.17,523400,0.0
2024-02-20,13.36,13.54,13.36,13.54,940600,0.0
2024-02-21,13.44,13.44,13.37,13.42,749900,0.0
2024-02-22,13.42,13.42,13.31,13.37,629000,0.0
2024-02-23,13.13,13.13,13.03,13.06,777300,0.0
2024-02-26,13.07,13.1,13.05,13.06,379700,0.0
2024-02-27,13.24,13.3,13.22,13.3,379000,0.0
2024-02-28,13.37,13.53,13.29,13.52,488200,0.0
2024-02-29,13.47,13.52,13.44,13.51,384400,0.0
2024-03-01,13.53,13.61,13.52,13.6,438500,0.0
2024-03-04,13.58,13.64,13.57,13.58,470700,0.0
2024-03-05,13.65,13.68,13.57,13.59,301100,0.0
2024-03-06,13.51,13.55,13.49,13.52,364800,0.0
2024-03-07,13.65,13.79,13.65,13.78,271100,0.0
2024-03-08,13.52,13.55,13.44,13.46,802400,0.0
2024-03-11,13.38,13.38,13.3,13.3,398500,0.0
2024-03-12,13.3,13.35,13.27,13.35,459100,0.0
2024-03-13,13.56,13.64,13.49,13.61,577100,0.0
2024-03-14,13.58,13.67,13.54,13.56,361900,0.0
2024-03-15,13.53,13.57,13.48,13.52,239100,0.0
2024-03-18,13.49,13.51,13.34,13.34,442600,0.0
2024-03-19,13.33,13.42,13.3,13.4,204700,0.0
2024-03-20,13.51,13.59,13.49,13.57,356500,0.0
2024-03-21,13.65,13.7,13.63,13.67,488100,0.0
2024-03-22,13.71,13.74,13.7,13.73,189200,0.0
2024-03-25,13.65,13.7,13.56,13.62,200900,0.0
2024-03-26,13.69,13.74,13.66,13.72,223300,0.0
2024-03-27,13.74,13.84,13.72,13.83,593600,0.0
2024-03-28,13.82,13.91,13.81,13.9,411800,0.0
2024-04-01,13.74,13.79,13.62,13.65,581000,0.0
2024-04-02,13.66,13.69,13.58,13.64,1099000,0.0
2024-04-03,13.58,13.61,13.45,13.56,605600,0.0
2024-04-04,13.6,13.63,13.4,13.43,276300,0.0
2024-04-05,13.37,13.42,13.3,13.37,319900,0.0
2024-04-08,13.34,13.35,13.23,13.25,487200,0.0
2024-04-09,13.38,13.44,13.34,13.38,331500,0.0
2024-04-10,13.24,13.33,13.18,13.32,647600,0.0
2024-04-11,13.38,13.4,13.31,13.37,209100,0.0
2024-04-12,13.35,13.41,13.24,13.26,623800,0.0
2024-04-15,12.75,12.75,12.55,12.55,1331100,0.0
2024-04-16,12.49,12.5,12.41,12.41,478400,0.0
2024-04-17,12.24,12.28,12.09,12.12,1155400,0.0
2024-04-18,12.17,12.21,12.11,12.14,932400,0.0
2024-04-19,11.97,12.05,11.84,11.85,697000,0.0
2024-04-22,12.06,12.19,11.98,12.17,631900,0.0
2024-04-23,11.99,12.02,11.91,12.01,972300,0.0
2024-04-24,12.22,12.28,12.18,12.21,581800,0.0
2024-04-25,12.16,12.29,12.15,12.25,379700,0.0
2024-04-26,12.33,12.34,12.26,12.3,305600,0.0
2024-04-29,12.36,12.4,12.3,12.36,384400,0.0
2024-04-30,12.31,12.34,12.19,12.2,311500,0.0
2024-05-01,12.2,12.25,12.17,12.18,224800,0.0
2024-05-02,12.31,12.31,12.2,12.3,219900,0.0
2024-05-03,12.34,12.45,12.34,12.4,374500,0.0
2024-05-06,12.58,12.66,12.56,12.65,280000,0.0
2024-05-07,12.69,12.72,12.65,12.67,410800,0.0
2024-05-08,12.71,12.72,12.66,12.69,308400,0.0
2024-05-09,12.65,12.69,12.61,12.68,194800,0.0
2024-05-10,12.63,12.68,12.55,12.56,819500,0.0
2024-05-13,12.54,12.59,12.52,12.55,1048000,0.0
2024-05-14,12.59,12.63,12.56,12.57,661900,0.0
2024-05-15,12.7,12.82,12.7,12.82,1068100,0.0
2024-05-16,12.83,12.89,12.81,12.85,503700,0.0
2024-05-17,12.89,12.98,12.87,12.95,604000,0.0
2024-05-20,12.98,12.99,12.93,12.97,461000,0.0
2024-05-21,12.92,13.0,12.9,12.9,810300,0.0
2024-05-22,12.85,12.9,12.73,12.73,869200,0.0
2024-05-23,12.88,12.94,12.8,12.84,757500,0.0
2024-05-24,12.69,12.7,12.59,12.6,386100,0.0
2024-05-28,12.76,12.84,12.76,12.82,440300,0.0
2024-05-29,12.7,12.76,12.67,12.67,531800,0.0
2024-05-30,12.66,12.68,12.59,12.61,310000,0.0
2024-05-31,12.59,12.64,12.56,12.61,320900,0.0
2024-06-03,12.77,12.82,12.72,12.79,695900,0.0
2024-06-04,12.83,12.85,12.78,12.83,597300,0.0
2024-06-05,12.86,12.95,12.86,12.91,696900,0.0
2024-06-06,12.84,12.9,12.78,12.81,379500,0.0
2024-06-07,12.78,12.85,12.77,12.81,307600,0.0
2024-06-10,12.88,12.89,12.79,12.84,292300,0.0
2024-06-11,12.75,12.8,12.64,12.65,440800,0.0
2024-06-12,12.86,12.96,12.86,12.95,596200,0.0
2024-06-13,12.91,12.95,12.87,12.92,483300,0.0
2024-06-14,12.66,12.75,12.62,12.7,1332700,0.0
2024-06-17,12.67,12.69,12.58,12.65,372300,0.0
2024-06-18,12.65,12.75,12.63,12.71,537500,0.0
2024-06-20,12.62,12.7,12.42,12.43,962200,0.0
2024-06-21,12.44,12.47,12.42,12.45,456100,0.0
2024-06-24,12.26,12.29,12.23,12.23,424000,0.0
2024-06-25,12.29,12.31,12.24,12.3,618800,0.0
2024-06-26,12.27,12.4,12.26,12.28,606300,0.0
2024-06-27,12.3,12.39,12.26,12.29,152600,0.0
2024-06-28,12.2,12.26,12.15,12.17,737500,0.0
2024-07-01,12.3,12.35,12.22,12.3,203900,0.0
2024-07-02,12.43,12.44,12.36,12.4,403300,0.0
2024-07-03,12.4,12.46,12.4,12.46,154900,0.0
2024-07-05,12.43,12.48,12.41,12.45,361000,0.0
2024-07-08,12.38,12.44,12.38,12.38,265300,0.0
2024-07-09,12.47,12.53,12.44,12.49,341000,0.0
2024-07-10,12.43,12.49,12.39,12.48,200300,0.0
2024-07-11,12.44,12.5,12.43,12.44,174000,0.0
2024-07-12,12.43,12.5,12.42,12.45,187300,0.0
2024-07-15,12.45,12.45,12.34,12.35,680600,0.0
2024-07-16,12.34,12.39,12.32,12.34,332200,0.0
2024-07-17,12.16,12.16,12.06,12.07,969400,0.0
2024-07-18,12.25,12.29,12.13,12.16,369500,0.0
2024-07-19,12.11,12.12,12.04,12.05,299600,0.0
2024-07-22,12.05,12.1,12.04,12.07,312500,0.0
2024-07-23,11.95,11.98,11.86,11.87,737200,0.0
2024-07-24,11.96,11.98,11.87,11.9,384100,0.0
2024-07-25,11.91,11.98,11.89,11.92,308500,0.0
2024-07-26,11.99,12.07,11.97,12.05,215700,0.0
2024-07-29,12.08,12.09,11.98,12.01,309400,0.0
2024-07-30,11.99,12.03,11.95,11.96,229500,0.0
2024-07-31,12.12,12.13,12.07,12.07,260000,0.0
2024-08-01,11.82,11.86,11.69,11.71,693600,0.0
2024-08-02,11.8,11.83,11.72,11.77,543300,0.0
2024-08-05,11.3,11.46,11.25,11.4,884500,0.0
2024-08-06,11.59,11.72,11.56,11.66,335900,0.0
2024-08-07,11.79,11.83,11.71,11.71,298800,0.0
2024-08-08,11.78,11.85,11.73,11.82,118200,0.0
2024-08-09,11.83,11.91,11.81,11.84,198900,0.0
2024-08-12,11.87,11.89,11.84,11.87,214400,0.0
2024-08-13,11.84,11.89,11.78,11.87,234300,0.0
2024-08-14,11.84,11.88,11.81,11.86,98600,0.0
2024-08-15,11.81,11.86,11.81,11.84,189800,0.0
2024-08-16,12.04,12.15,12.04,12.15,371600,0.0
2024-08-19,12.23,12.35,12.2,12.34,279900,0.0
2024-08-20,12.4,12.48,12.36,12.47,205600,0.0
2024-08-21,12.5,12.55,12.49,12.54,263400,0.0
2024-08-22,12.49,12.51,12.41,12.41,180200,0.0
2024-08-23,12.49,12.57,12.49,12.56,282800,0.0
2024-08-26,12.52,12.58,12.51,12.55,161300,0.0
2024-08-27,12.6,12.67,12.59,12.66,232800,0.0
2024-08-28,12.59,12.6,12.47,12.5,500600,0.0
2024-08-29,12.5,12.58,12.5,12.57,198300,0.0
2024-08-30,12.57,12.63,12.52,12.55,148500,0.0
2024-09-03,12.52,12.55,12.36,12.38,373400,0.0
2024-09-04,12.5,12.57,12.47,12.5,230500,0.0
2024-09-05,12.5,12.55,12.49,12.51,89800,0.0
2024-09-06,12.65,12.69,12.55,12.57,206300,0.0
2024-09-09,12.54,12.63,12.47,12.6,237100,0.0
2024-09-10,12.44,12.57,12.29,12.45,227900,0.0
2024-09-11,12.4,12.45,12.31,12.43,326500,0.0
2024-09-12,12.38,12.42,12.37,12.4,170900,0.0
2024-09-13,12.36,12.44,12.33,12.38,324000,0.0
2024-09-16,12.26,12.26,12.19,12.21,206900,0.0
2024-09-17,12.43,12.48,12.42,12.48,257900,0.0
2024-09-18,12.5,12.5,12.41,12.47,133500,0.0
2024-09-19,12.57,12.62,12.54,12.61,174800,0.0
2024-09-20,12.53,12.58,12.53,12.54,129300,0.0
2024-09-23,12.57,12.6,12.55,12.57,106200,0.0
2024-09-24,12.66,12.68,12.62,12.67,276100,0.0
2024-09-25,12.74,12.83,12.71,12.72,534500,0.0
2024-09-26,12.83,12.85,12.74,12.76,1236800,0.0
2024-09-27,12.8,12.86,12.77,12.8,230800,0.0
2024-09-30,12.84,12.84,12.73,12.78,488400,0.0
2024-10-01,12.83,12.89,12.74,12.84,260300,0.0
2024-10-02,12.75,12.76,12.69,12.7,229300,0.0
2024-10-03,12.54,12.64,12.48,12.52,232000,0.0
2024-10-04,12.5,12.51,12.45,12.48,234900,0.0
2024-10-07,12.48,12.49,12.39,12.39,409800,0.0
2024-10-08,12.44,12.48,12.41,12.45,249500,0.0
2024-10-09,12.49,12.6,12.49,12.6,202100,0.0
2024-10-10,12.52,12.56,12.47,12.5,183300,0.0
2024-10-11,12.57,12.67,12.51,12.65,246700,0.0
2024-10-14,12.62,12.64,12.54,12.62,174300,0.0
2024-10-15,12.46,12.46,12.35,12.35,366000,0.0
2024-10-16,12.37,12.42,12.32,12.34,152300,0.0
2024-10-17,12.37,12.4,12.29,12.33,180600,0.0
2024-10-18,12.29,12.33,12.24,12.25,334100,0.0
2024-10-21,12.24,12.26,12.21,12.22,240300,0.0
2024-10-22,12.11,12.16,12.09,12.12,202700,0.0
2024-10-23,12.1,12.17,12.03,12.05,1231700,0.0
2024-10-24,12.0,12.05,11.94,11.95,574600,0.0
2024-10-25,11.96,11.99,11.89,11.91,306400,0.0
2024-10-28,11.95,11.96,11.89,11.91,436400,0.0
2024-10-29,11.96,12.02,11.94,11.98,378300,0.0
2024-10-30,11.93,11.96,11.87,11.9,194500,0.0
2024-10-31,11.92,11.96,11.87,11.91,514200,0.0
2024-11-01,11.88,11.93,11.79,11.81,587600,0.0
2024-11-04,11.8,11.8,11.71,11.74,409700,0.0
2024-11-05,11.74,11.81,11.74,11.77,250800,0.0
2024-11-06,12.01,12.04,11.91,12.0,779000,0.0
2024-11-07,12.0,12.03,11.99,12.01,561700,0.0
2024-11-08,11.96,11.96,11.9,11.92,232500,0.0
2024-11-11,11.96,11.99,11.91,11.92,454600,0.0
2024-11-12,11.9,11.9,11.8,11.8,348800,0.0
2024-11-13,11.8,11.84,11.76,11.78,305500,0.0
2024-11-14,11.69,11.7,11.59,11.6,405500,0.0
2024-11-15,11.5,11.52,11.4,11.4,401600,0.0
2024-11-18,11.47,11.54,11.47,11.5,237000,0.0
2024-11-19,11.38,11.41,11.36,11.39,216400,0.0
2024-11-20,11.47,11.5,11.43,11.5,271300,0.0
2024-11-21,11.6,11.65,11.58,11.63,255500,0.0
2024-11-22,11.58,11.7,11.52,11.59,1517000,0.0
2024-11-25,11.69,11.72,11.64,11.72,404900,0.0
2024-11-26,11.77,11.78,11.7,11.75,544800,0.0
2024-11-27,11.71,11.73,11.65,11.66,170500,0.0
2024-11-29,11.73,11.78,11.7,11.76,351300,0.0
2024-12-02,11.76,11.76,11.7,11.72,531300,0.0
2024-12-03,11.64,11.68,11.61,11.62,308300,0.0
2024-12-04,11.58,11.58,11.51,11.53,408800,0.0
2024-12-05,11.89,11.97,11.87,11.94,670400,0.0
2024-12-06,11.94,11.99,11.94,11.97,221400,0.0
2024-12-09,11.99,12.03,11.97,11.98,304500,0.0
2024-12-10,11.99,11.99,11.92,11.93,359900,0.0
2024-12-11,11.94,11.97,11.9,11.91,163100,0.0
2024-12-12,11.88,11.88,11.82,11.84,229100,0.0
2024-12-13,11.8,11.82,11.73,11.73,944000,0.0
2024-12-16,11.77,11.84,11.76,11.83,306100,0.0
2024-12-17,11.74,11.79,11.71,11.74,396200,0.0
2024-12-18,11.76,11.81,11.64,11.64,326000,0.0
2024-12-19,11.66,11.75,11.59,11.63,606000,0.0
2024-12-20,11.62,11.74,11.61,11.65,501000,0.0
2024-12-23,11.65,11.69,11.61,11.66,301800,0.0
2024-12-24,11.65,11.68,11.63,11.66,171500,0.0
2024-12-26,11.66,11.74,11.65,11.71,144000,0.0
2024-12-27,11.63,11.63,11.53,11.54,528100,0.0
2024-12-30,11.5,11.57,11.49,11.55,347500,0.0
2024-12-31,11.53,11.56,11.48,11.48,404800,0.0
2025-01-02,11.54,11.6,11.53,11.56,195000,0.0
2025-01-03,11.5,11.55,11.47,11.52,447000,0.0
2025-01-06,11.45,11.51,11.43,11.46,402100,0.0
2025-01-07,11.42,11.42,11.3,11.3,543900,0.0
2025-01-08,11.35,11.39,11.33,11.37,183800,0.0
2025-01-10,11.2,11.23,11.13,11.13,364900,0.0
2025-01-13,11.16,11.27,11.1,11.26,340200,0.0
2025-01-14,11.22,11.22,11.15,11.16,180000,0.0
2025-01-15,11.31,11.36,11.3,11.32,198900,0.0
2025-01-16,11.31,11.32,11.28,11.29,224300,0.0
2025-01-17,11.36,11.4,11.36,11.38,463000,0.0
2025-01-21,11.36,11.42,11.36,11.4,231000,0.0
2025-01-22,11.4,11.44,11.37,11.37,264300,0.0
2025-01-23,11.45,11.55,11.45,11.54,701300,0.0
2025-01-24,11.63,11.63,11.55,11.6,145200,0.0
2025-01-27,11.53,11.56,11.49,11.54,246000,0.0
2025-01-28,11.57,11.61,11.53,11.59,155500,0.0
2025-01-29,11.63,11.66,11.56,11.56,184200,0.0
2025-01-30,11.55,11.64,11.54,11.59,135400,0.0
2025-01-31,11.59,11.68,11.54,11.56,191800,0.0
2025-02-03,11.47,11.48,11.41,11.44,456100,0.0
2025-02-04,11.48,11.61,11.48,11.56,431600,0.0
2025-02-05,11.6,11.69,11.6,11.68,332500,0.0
2025-02-06,11.62,11.67,11.57,11.59,349200,0.0
2025-02-07,11.56,11.57,11.46,11.46,490500,0.0
2025-02-10,11.4,11.43,11.36,11.4,435700,0.0
2025-02-11,11.34,11.37,11.32,11.34,237200,0.0
2025-02-12,11.29,11.35,11.28,11.33,193100,0.0
2025-02-13,11.4,11.52,11.39,11.49,366100,0.0
2025-02-14,11.5,11.5,11.44,11.48,182200,0.0
2025-02-18,11.5,11.54,11.47,11.51,300900,0.0
2025-02-19,11.6,11.77,11.57,11.77,663800,0.0
2025-02-20,11.74,11.84,11.71,11.82,759600,0.0
2025-02-21,11.81,11.84,11.7,11.75,364100,0.0
2025-02-24,11.92,11.98,11.91,11.95,1035800,0.0
2025-02-25,11.97,11.97,11.89,11.94,683300,0.0
2025-02-26,11.94,11.98,11.88,11.89,252200,0.0
2025-02-27,12.0,12.04,11.96,11.97,1117800,0.0
2025-02-28,12.0,12.1,11.98,12.04,728300,0.0
2025-03-03,12.11,12.15,12.03,12.04,801300,0.0
2025-03-04,12.04,12.04,11.94,11.97,971300,0.0
2025-03-05,11.91,12.0,11.9,11.95,745500,0.0
2025-03-06,12.15,12.2,12.12,12.2,1266000,0.0
2025-03-07,12.3,12.4,12.29,12.4,766800,0.0
2025-03-10,12.39,12.42,12.13,12.24,1415600,0.0
2025-03-11,12.33,12.44,12.26,12.41,1208200,0.0
2025-03-12,12.54,12.6,12.5,12.58,1229000,0.0
2025-03-13,12.55,12.58,12.43,12.44,1631000,0.0
2025-03-14,12.58,12.66,12.52,12.66,878700,0.0
2025-03-17,12.68,12.77,12.66,12.76,707600,0.0
2025-03-18,12.64,12.67,12.55,12.62,923000,0.0
2025-03-19,12.6,12.66,12.56,12.6,322400,0.0
2025-03-20,12.51,12.51,12.39,12.4,754600,0.0
2025-03-21,12.39,12.56,12.39,12.54,787500,0.0
2025-03-24,12.69,12.8,12.61,12.7,1002200,0.0
2025-03-25,12.76,12.79,12.67,12.69,992600,0.0
2025-03-26,12.7,12.7,12.49,12.49,785800,0.0
2025-03-27,12.52,12.64,12.51,12.56,799200,0.0
2025-03-28,12.53,12.6,12.34,12.38,1161900,0.0
2025-03-31,12.44,12.48,12.33,12.48,657700,0.0
2025-04-01,12.5,12.59,12.45,12.56,1423100,0.0
2025-04-02,12.56,12.7,12.54,12.7,1217200,0.0
2025-04-03,11.43,11.7,11.12,11.4,6839000,0.0
2025-04-04,11.15,12.29,10.92,11.64,8387900,0.0
2025-04-07,11.33,11.55,11.0,11.16,3722000,0.0
2025-04-08,10.83,10.87,10.1,10.13,3712000,0.0
2025-04-09,10.17,11.75,10.16,11.46,5234000,0.0
2025-04-10,11.41,11.43,11.02,11.31,2298200,0.0
2025-04-11,11.76,11.9,11.5,11.87,1417300,0.0
2025-04-14,12.13,12.14,11.88,11.93,1403300,0.0
2025-04-15,11.87,11.93,11.7,11.74,1444100,0.0
2025-04-16,11.66,11.72,11.46,11.5,1465700,0.0
2025-04-17,11.69,11.79,11.68,11.73,832500,0.0
2025-04-21,11.58,11.6,11.4,11.51,657600,0.0
2025-04-22,11.59,11.64,11.48,11.64,837600,0.0
2025-04-23,11.75,11.77,11.58,11.62,426700,0.0
2025-04-24,11.78,12.0,11.78,12.0,617600,0.0
2025-04-25,11.96,12.07,11.91,12.01,371000,0.0
2025-04-28,11.95,12.01,11.89,11.95,505300,0.0
2025-04-29,11.85,12.05,11.85,12.05,433200,0.0
2025-04-30,12.03,12.07,11.92,12.07,365500,0.0
2025-05-01,12.1,12.15,11.95,12.11,533800,0.0
2025-05-02,12.2,12.25,12.13,12.24,541400,0.0
2025-05-05,12.24,12.29,12.22,12.27,208300,0.0
2025-05-06,12.23,12.3,12.2,12.22,579200,0.0
2025-05-07,12.26,12.42,12.26,12.42,362400,0.0
2025-05-08,12.49,12.64,12.49,12.6,782400,0.0
2025-05-09,12.51,12.59,12.47,12.49,870000,0.0
2025-05-12,12.62,12.74,12.62,12.69,999400,0.0
2025-05-13,12.72,12.78,12.6,12.74,358800,0.0
2025-05-14,12.76,12.82,12.74,12.82,301300,0.0
2025-05-15,12.8,12.85,12.76,12.81,199200,0.0
2025-05-16,12.76,12.77,12.68,12.75,416700,0.0
2025-05-19,12.71,12.88,12.63,12.87,293900,0.0
2025-05-20,13.0,13.15,12.91,13.09,775400,0.0
2025-05-21,13.09,13.33,13.09,13.21,887500,0.0
2025-05-22,13.2,13.24,13.12,13.17,458800,0.0
2025-05-23,13.05,13.14,13.05,13.14,368500,0.0
2025-05-27,13.46,13.62,13.45,13.59,523700,0.0
2025-05-28,13.61,13.74,13.6,13.71,679900,0.0
2025-05-29,13.68,13.68,13.48,13.51,981200,0.0
2025-05-30,13.5,13.64,13.5,13.59,362000,0.0
2025-06-02,13.74,13.83,13.67,13.81,562100,0.0
2025-06-03,13.85,13.98,13.83,13.96,600000,0.0
2025-06-04,13.94,13.95,13.81,13.86,535700,0.0
2025-06-05,13.85,13.89,13.71,13.74,493600,0.0
2025-06-06,13.65,13.72,13.6,13.64,452400,0.0
2025-06-09,13.29,13.39,13.2,13.26,752800,0.0
2025-06-10,13.36,13.4,13.29,13.4,650300,0.0
2025-06-11,13.33,13.4,13.32,13.32,232900,0.0
2025-06-12,13.33,13.36,13.3,13.36,310600,0.0
2025-06-13,13.1,13.32,13.02,13.02,398900,0.0
2025-06-16,13.17,13.27,13.17,13.26,370600,0.0
2025-06-17,13.31,13.38,13.29,13.31,388000,0.0
2025-06-18,13.32,13.42,13.32,13.36,163200,0.0
2025-06-20,13.36,13.44,13.33,13.35,154800,0.0
2025-06-23,13.38,13.41,13.32,13.4,127100,0.0
2025-06-24,13.53,13.65,13.5,13.62,448200,0.0
2025-06-25,13.65,13.67,13.46,13.54,1140600,0.0
2025-06-26,13.58,13.61,13.54,13.61,353000,0.0
2025-06-27,13.64,13.78,13.63,13.73,976300,0.0
2025-06-30,13.75,13.8,13.75,13.75,236000,0.0
2025-07-01,13.69,13.76,13.66,13.72,1128100,0.0
2025-07-02,13.84,14.08,13.69,13.76,2835000,0.0
2025-07-03,13.8,13.96,13.79,13.96,788300,0.0
2025-07-07,14.05,14.23,14.02,14.18,1451600,0.0
2025-07-08,14.34,14.51,14.3,14.51,1562300,0.0
2025-07-09,14.83,14.94,14.8,14.89,2125300,0.0
2025-07-10,15.06,15.13,14.96,15.12,909100,0.0
2025-07-11,15.16,15.24,15.12,15.22,674600,0.0
2025-07-14,15.3,15.34,15.24,15.24,790800,0.0
2025-07-15,15.2,15.24,15.04,15.04,572800,0.0
2025-07-16,15.29,15.45,15.28,15.41,1518000,0.0
2025-07-17,15.62,15.69,15.57,15.67,842700,0.0
2025-07-18,15.69,15.72,15.53,15.58,885400,0.0
2025-07-21,15.45,15.5,15.35,15.35,742800,0.0
2025-07-22,15.71,15.83,15.71,15.82,415200,0.0
2025-07-23,15.9,16.0,15.87,16.0,593300,0.0
2025-07-24,16.02,16.02,15.96,16.0,276100,0.0
2025-07-25,16.2,16.48,16.2,16.47,1191500,0.0
2025-07-28,16.82,16.86,16.67,16.78,714800,0.0
2025-07-29,16.02,16.1,15.9,15.9,1659600,0.0
2025-07-30,16.02,16.07,15.96,16.03,722700,0.0
2025-07-31,16.05,16.1,16.0,16.01,287800,0.0
2025-08-01,15.98,16.07,15.89,15.95,532200,0.0
2025-08-04,16.37,16.58,16.35,16.58,531900,0.0
2025-08-05,16.67,16.74,16.61,16.67,701800,0.0
2025-08-06,16.9,17.09,16.85,17.09,764400,0.0
2025-08-07,17.09,17.09,16.78,16.8,1186100,0.0
2025-08-08,16.99,17.2,16.98,17.18,665300,0.0
2025-08-11,17.31,17.38,17.25,17.27,331500,0.0
2025-08-12,17.34,17.48,17.28,17.44,460600,0.0
2025-08-13,17.5,17.52,17.43,17.46,854700,0.0
2025-08-14,17.53,17.76,17.53,17.76,780200,0.0
2025-08-15,17.7,17.75,17.68,17.71,353500,0.0
2025-08-18,17.76,17.84,17.72,17.84,452800,0.0
2025-08-19,17.84,17.97,17.84,17.9,668000,0.0
2025-08-20,17.84,17.86,17.64,17.69,628300,0.0
2025-08-21,17.69,17.71,17.57,17.6,379200,0.0
2025-08-22,17.2,17.4,17.12,17.36,896600,0.0
2025-08-25,17.12,17.27,17.07,17.22,731500,0.0
2025-08-26,17.86,18.09,17.86,17.96,967400,0.0
2025-08-27,17.99,18.03,17.91,18.02,250400,0.0
2025-08-28,18.16,18.33,18.14,18.32,540000,0.0
2025-08-29,18.34,18.35,18.2,18.29,498600,0.0
2025-09-02,18.17,18.24,18.04,18.14,658300,0.0
2025-09-03,18.22,18.27,18.17,18.25,344600,0.0
2025-09-04,18.31,18.48,18.31,18.43,958000,0.0
2025-09-05,18.12,18.16,17.96,17.97,851500,0.0
2025-09-08,17.53,17.56,17.34,17.37,1274000,0.0
2025-09-09,17.6,17.75,17.6,17.67,636700,0.0
2025-09-10,17.78,17.86,17.71,17.75,253500,0.0
2025-09-11,17.86,18.03,17.86,18.03,569300,0.0
2025-09-12,18.1,18.13,17.94,17.97,922100,0.0
2025-09-15,18.3,18.46,18.24,18.4,1391000,0.0
2025-09-16,18.19,18.24,18.06,18.06,637600,0.0
2025-09-17,18.0,18.05,17.84,17.88,662000,0.0
2025-09-18,17.89,17.92,17.8,17.8,670900,0.0
2025-09-19,17.81,17.82,17.66,17.68,686100,0.0
2025-09-22,17.43,17.61,17.22,17.53,1095500,0.0
2025-09-23,17.49,17.52,17.29,17.29,973100,0.0
2025-09-24,17.58,17.64,17.55,17.58,441900,0.0
2025-09-25,17.69,17.79,17.64,17.67,668800,0.0
2025-09-26,17.65,17.7,17.55,17.55,526900,0.0
2025-09-29,17.68,17.79,17.67,17.69,621800,0.0
2025-09-30,17.78,17.84,17.69,17.84,388300,0.0
2025-10-01,17.84,18.05,17.83,18.04,1215300,0.0
2025-10-02,17.73,17.74,17.5,17.52,900000,0.0
2025-10-03,17.48,17.55,17.45,17.53,505100,0.0
2025-10-06,18.2,18.45,18.2,18.43,1109800,0.0
2025-10-07,18.27,18.33,18.2,18.23,778100,0.0
2025-10-08,18.5,18.51,18.39,18.43,1267500,0.0
2025-10-09,18.66,18.76,18.58,18.75,860100,0.0
2025-10-10,19.07,19.28,18.9,18.98,1760200,0.0
2025-10-13,19.32,19.61,19.32,19.59,1497900,0.0
2025-10-14,19.57,19.77,19.49,19.69,1351800,0.0
2025-10-15,19.59,19.59,19.35,19.42,846300,0.0
2025-10-16,19.53,19.68,19.53,19.64,921400,0.0
2025-10-17,19.32,19.36,19.15,19.2,1785900,0.0
2025-10-20,18.03,18.21,17.91,18.2,2491800,0.0
2025-10-21,18.2,18.25,18.03,18.05,2259800,0.0
2025-10-22,18.25,18.3,18.1,18.17,1287900,0.0
2025-10-23,18.23,18.31,18.2,18.29,629000,0.0
2025-10-24,18.27,18.27,18.2,18.21,460000,0.0
2025-10-27,17.94,17.94,17.67,17.74,1302400,0.0
2025-10-28,18.11,18.18,18.05,18.18,453300,0.0
2025-10-29,18.14,18.19,18.08,18.15,503500,0.0
2025-10-30,17.92,17.92,17.71,17.71,517800,0.0
2025-10-31,17.56,17.56,17.4,17.43,857800,0.0
2025-11-03,17.14,17.18,17.0,17.09,1107300,0.0
2025-11-04,17.57,17.63,17.47,17.53,790700,0.0
2025-11-05,17.59,17.63,17.52,17.57,524300,0.0
2025-11-06,17.45,17.52,17.32,17.32,607500,0.0
2025-11-07,16.94,16.95,16.78,16.88,831400,0.0
2025-11-10,16.7,16.72,16.59,16.71,991400,0.0
2025-11-11,16.9,16.97,16.7,16.93,885100,0.0
2025-11-12,17.33,17.56,17.3,17.53,1222600,0.0
2025-11-13,17.5,17.52,17.31,17.42,560600,0.0
2025-11-14,17.43,17.6,17.39,17.59,900200,0.0
2025-11-17,17.71,17.81,17.62,17.66,928000,0.0
2025-11-18,17.77,17.78,17.64,17.73,658300,0.0
2025-11-19,17.64,17.68,17.54,17.61,460000,0.0
2025-11-20,17.7,17.77,17.43,17.45,764600,0.0
2025-11-21,17.61,17.76,17.53,17.72,895200,0.0
2025-11-24,17.89,17.91,17.8,17.91,506600,0.0
2025-11-25,17.77,17.85,17.71,17.75,912500,0.0
2025-11-26,18.02,18.24,18.02,18.24,922400,0.0
2025-11-28,18.2,18.34,18.06,18.34,524000,0.0
2025-12-01,18.35,18.45,18.32,18.38,685600,0.0
2025-12-02,18.55,18.65,18.52,18.65,1221200,0.0
2025-12-03,18.63,18.72,18.56,18.69,653700,0.0
2025-12-04,18.69,18.7,18.5,18.59,844300,0.0
2025-12-05,18.63,18.69,18.56,18.65,604000,0.0
2025-12-08,18.74,18.78,18.67,18.72,764900,0.0
2025-12-09,18.71,18.74,18.57,18.65,715800,0.0
2025-12-10,18.34,18.39,18.21,18.28,918500,0.0
2025-12-11,18.17,18.3,18.12,18.27,725900,0.0
2025-12-12,17.52,17.61,17.44,17.49,874300,0.0
2025-12-15,17.6,17.62,17.42,17.42,724800,0.0
2025-12-16,17.83,17.95,17.72,17.85,945000,0.0
2025-12-17,17.79,17.79,17.54,17.54,357300,0.0
2025-12-18,17.74,17.92,17.74,17.88,495800,0.0
2025-12-19,18.16,18.39,18.14,18.39,685700,0.0
2025-12-22,18.75,18.75,18.6,18.61,962400,0.0
2025-12-23,18.77,19.09,18.75,19.08,1264300,0.0
2025-12-24,19.11,19.16,18.94,19.01,1275000,0.0
2025-12-26,18.57,18.57,18.4,18.4,853100,0.0
2025-12-29,18.64,18.92,18.63,18.92,587800,0.0
2025-12-30,18.96,19.02,18.93,19.01,616000,0.0
2025-12-31,19.07,19.12,18.98,19.08,600400,0.0
2026-01-02,19.1,19.15,18.98,19.11,936300,0.0
2026-01-05,19.02,19.13,18.95,19.02,662800,0.0
2026-01-06,19.21,19.46,19.21,19.43,1584000,0.0
2026-01-07,19.61,19.65,19.4,19.44,1125400,0.0
2026-01-08,19.36,19.47,19.31,19.31,456400,0.0
2026-01-09,19.22,19.37,19.11,19.28,975000,0.0
2026-01-12,19.4,19.68,19.4,19.67,757500,0.0
2026-01-13,19.8,19.85,19.76,19.8,670400,0.0
2026-01-14,19.74,19.76,19.65,19.69,775200,0.0
2026-01-15,19.51,19.56,19.41,19.53,633700,0.0
2026-01-16,19.62,19.77,19.62,19.73,1222800,0.0
2026-01-20,19.6,19.67,19.34,19.51,840300,0.0
2026-01-21,19.41,19.42,19.32,19.39,859500,0.0
2026-01-22,19.47,19.65,19.47,19.63,785800,0.0
2026-01-23,19.51,19.54,19.34,19.42,604900,0.0
2026-01-26,18.99,19.15,18.88,18.91,1407000,0.0
2026-01-27,18.78,18.84,18.63,18.76,1167200,0.0
2026-01-28,18.57,18.63,18.46,18.5,1026400,0.0
2026-01-29,18.81,18.85,18.6,18.81,912100,0.0
2026-01-30,18.94,19.1,18.89,19.07,783000,0.0
2026-02-02,18.75,18.84,18.71,18.77,803400,0.0
2026-02-03,18.82,18.9,18.45,18.45,1492400,0.0
2026-02-04,18.65,18.76,18.51,18.61,970300,0.0
2026-02-05,18.38,18.51,18.09,18.12,1684900,0.0
2026-02-06,18.12,18.14,18.02,18.03,896700,0.0
2026-02-09,18.1,18.1,17.87,18.05,1203300,0.0
2026-02-10,18.16,18.21,18.06,18.08,558200,0.0
2026-02-11,18.6,18.72,18.51,18.71,897700,0.0
2026-02-12,18.79,18.8,18.48,18.51,1077000,0.0
2026-02-13,18.85,18.93,18.7,18.89,778100,0.0
2026-02-17,18.86,18.89,18.62,18.73,617800,0.0
2026-02-18,18.92,18.94,18.73,18.77,588100,0.0
2026-02-19,18.85,18.91,18.74,18.76,352800,0.0
2026-02-20,18.87,19.29,18.81,19.29,1229900,0.0
2026-02-23,19.34,19.41,19.13,19.23,1389500,0.0
2026-02-24,19.31,19.31,19.16,19.25,406900,0.0
2026-02-25,19.2,19.23,19.02,19.09,589000,0.0
2026-02-26,19.19,19.3,19.08,19.16,555700,0.0
2026-02-27,19.11,19.14,18.99,19.08,634700,0.0
2026-03-02,18.66,18.72,18.6,18.63,1320500,0.0
2026-03-03,18.25,18.25,17.9,18.12,1267200,0.0
2026-03-04,18.15,18.39,18.15,18.3,1004100,0.0
2026-03-05,18.16,18.24,17.9,18.02,1178900,0.0
2026-03-06,17.69,17.74,17.41,17.45,1704000,0.0
2026-03-09,16.65,17.26,16.6,17.23,2141700,0.0
2026-03-10,17.1,17.23,16.97,17.06,1323800,0.0
2026-03-11,17.55,17.74,17.29,17.41,1761800,0.0
2026-03-12,17.2,17.24,16.71,16.75,1563500,0.0
2026-03-13,16.93,17.27,16.61,16.71,1419000,0.0
2026-03-16,17.05,17.33,17.05,17.3,908200,0.0
2026-03-17,17.4,17.54,17.31,17.32,977000,0.0
2026-03-18,17.29,17.29,17.02,17.03,257000,0.0
2026-03-19,17.08,17.09,16.84,16.98,919500,0.0
2026-03-20,16.7,16.73,16.33,16.43,1073800,0.0
2026-03-23,16.42,16.68,16.33,16.42,1375600,0.0
2026-03-24,16.35,16.56,16.31,16.46,950600,0.0
2026-03-25,16.9,16.97,16.75,16.8,1145200,0.0
2026-03-26,16.59,16.72,16.47,16.48,799200,0.0
2026-03-27,16.7,16.86,16.65,16.72,807600,0.0
2026-03-30,16.9,17.04,16.85,16.85,612400,0.0
2026-03-31,17.01,17.36,17.01,17.31,1183900,0.0
2026-04-01,17.51,17.62,17.41,17.41,934300,0.0
2026-04-02,17.35,17.7,17.31,17.47,1552300,0.0
2026-04-06,17.25,17.35,17.06,17.15,443700,0.0
2026-04-07,17.23,17.31,17.13,17.31,661200,0.0
2026-04-08,18.1,18.43,18.1,18.42,1394100,0.0
2026-04-09,18.25,18.39,18.08,18.35,525200,0.0
2026-04-10,18.35,18.35,18.17,18.2,787000,0.0
2026-04-13,18.15,18.3,18.13,18.3,820900,0.0
2026-04-14,18.37,18.47,18.33,18.43,485700,0.0
2026-04-15,18.5,18.68,18.46,18.66,830700,0.0
2026-04-16,18.68,18.75,18.64,18.72,1487200,0.0
2026-04-17,18.81,19.14,18.75,19.04,969600,0.0
2026-04-20,18.9,19.15,18.87,19.07,1027900,0.0
2026-04-21,19.0,19.02,18.85,18.86,825800,0.0
2026-04-22,19.12,19.42,19.03,19.4,752800,0.0
2026-04-23,19.08,19.29,19.02,19.15,861500,0.0
2026-04-24,19.01,19.05,18.91,18.91,509300,0.0
2026-04-27,18.83,18.91,18.77,18.79,288400,0.0
2026-04-28,18.86,19.14,18.86,19.14,1017200,0.0
2026-04-29,18.92,18.92,18.76,18.82,436600,0.0
2026-04-30,18.79,18.87,18.76,18.84,624300,0.0
2026-05-01,18.92,19.11,18.89,19.09,548800,0.0
2026-05-04,18.89,18.93,18.72,18.77,406400,0.0
2026-05-05,18.91,19.2,18.91,19.12,451100,0.0
2026-05-06,19.38,19.6,19.3,19.54,937300,0.0
2026-05-07,19.47,19.62,19.43,19.52,820200,0.0
2026-05-08,19.6,19.78,19.58,19.77,478000,0.0
2026-05-11,19.56,19.57,19.4,19.49,601900,0.0
2026-05-12,19.41,19.44,19.21,19.43,714500,0.0
2026-05-13,19.12,19.26,19.12,19.25,424800,0.0
2026-05-14,19.36,19.5,19.35,19.49,852800,0.0
2026-05-15,19.16,19.32,19.16,19.19,653900,0.0
2026-05-18,19.34,19.38,19.23,19.31,378500,0.0
2026-05-19,19.19,19.26,19.1,19.11,341300,0.0
2026-05-20,19.15,19.31,19.11,19.31,578100,0.0
2026-05-21,19.06,19.14,18.94,18.98,396300,0.0
2026-05-22,18.89,18.89,18.71,18.75,884500,0.0
2026-05-26,18.91,19.01,18.86,18.87,462200,0.0
2026-05-27,18.75,18.83,18.69,18.74,238000,0.0
2026-05-28,18.68,18.74,18.65,18.68,430900,0.0
2026-05-29,18.65,18.75,18.6,18.7,308300,0.0
2026-06-01,18.57,18.58,18.41,18.44,654500,0.0
2026-06-02,18.32,18.37,18.13,18.13,838200,0.0
2026-06-03,18.19,18.2,18.02,18.02,349400,0.0
2026-06-04,18.28,18.32,18.23,18.25,446300,0.0
2026-06-05,18.25,18.32,17.95,17.99,1548700,0.0
2026-06-08,17.86,17.96,17.72,17.76,347800,0.0
2026-06-09,17.88,17.95,17.54,17.71,1747500,0.0
2026-06-10,17.88,18.05,17.81,17.81,525900,0.0
2026-06-11,17.88,18.09,17.78,18.04,1774300,0.0
2026-06-12,17.86,17.89,17.75,17.81,386400,0.0
2026-06-15,18.15,18.25,18.06,18.12,850700,0.0
2026-06-16,18.17,18.25,18.07,18.1,417000,0.0
2026-06-17,18.13,18.26,17.86,17.87,1330700,0.0
2026-06-18,18.2,18.44,18.17,18.35,791200,0.0
2026-06-22,18.53,18.68,18.49,18.65,585900,0.0
2026-06-23,18.39,18.45,18.19,18.19,386900,0.0
2026-06-24,18.32,18.43,18.22,18.37,770400,0.0
2026-06-25,18.39,18.4,18.14,18.16,504500,0.0
2026-06-26,18.3,18.43,18.3,18.36,302400,0.0
2026-06-29,18.41,18.48,18.32,18.44,327000,0.0
2026-06-30,18.32,18.47,18.32,18.47,477000,0.0
2026-07-01,18.47,18.59,18.42,18.53,224100,0.0
2026-07-02,18.58,18.6,18.41,18.49,203000,0.0
2026-07-06,18.29,18.36,18.16,18.19,402900,0.0
2026-07-07,18.19,18.21,18.09,18.09,531700,0.0
2026-07-08,18.12,18.28,18.12,18.22,394400,0.0
2026-07-09,18.17,18.21,18.07,18.09,460000,0.0
2026-07-10,17.99,18.09,17.91,17.98,556900,0.0
2026-07-13,17.69,17.72,17.52,17.53,426800,0.0
2026-07-14,17.66,17.73,17.59,17.67,893000,0.0
2026-07-15,17.51,17.59,17.3,17.34,584200,0.0
2026-07-16,17.74,17.82,17.44,17.46,656100,0.0
2026-07-17,17.36,17.47,17.33,17.34,825400,0.0
2026-07-20,16.94,17.02,16.82,16.84,820500,0.0
2026-07-21,16.85,16.97,16.8,16.93,510600,0.0
2026-07-22,16.46,16.53,16.41,16.48,702900,0.0
2026-07-23,16.74,16.79,16.6,16.66,953600,0.0
2026-07-24,16.66,16.66,16.66,16.66,530600,0.0
2026-07-27,16.3,16.39,16.22,16.34,915700,0.0
2026-07-28,16.5,16.59,16.48,16.58,785600,0.0
2026-07-29,16.75,16.77,16.54,16.54,1078000,0.0
2026-07-30,17.25,17.43,17.25,17.37,836200,0.0
2026-07-31,17.23,17.23,16.98,16.98,800300,0.0
2026-08-03,17.42,17.52,17.39,17.5,717700,0.0
2026-08-04,17.66,17.74,17.56,17.66,1056300,0.0
2026-08-05,17.6,17.65,17.45,17.52,1866500,0.0
2026-08-06,17.4,17.47,17.39,17.45,636000,0.0
2026-08-07,17.45,17.5,17.41,17.44,551900,0.0
2026-08-10,17.55,17.64,17.54,17.64,223300,0.0
2026-08-11,17.71,17.71,17.55,17.55,285000,0.0
2026-08-12,17.7,17.84,17.7,17.8,347000,0.0
2026-08-13,17.58,17.684,17.47,17.52,450250,0.0
