date,open,high,low,close,volume,amount
2001-05-31,114.5,115.52,114.47,114.8,4914400,0.0
2001-06-01,115.05,115.9,114.35,115.57,5084400,0.0
2001-06-04,116.1,116.24,115.31,116.05,2036400,0.0
2001-06-05,116.4,118.0,116.4,117.81,1124800,0.0
2001-06-06,117.5,117.79,116.66,116.84,557000,0.0
2001-06-07,116.7,117.44,116.39,117.39,473400,0.0
2001-06-08,116.95,116.99,115.45,116.39,339400,0.0
2001-06-11,116.1,116.1,114.6,115.2,111400,0.0
2001-06-12,114.1,115.46,113.39,115.26,129200,0.0
2001-06-13,115.15,115.64,114.18,114.23,217200,0.0
2001-06-14,113.35,113.35,111.6,111.6,181800,0.0
2001-06-15,110.85,112.01,110.35,111.33,1067400,0.0
2001-06-18,111.63,111.83,110.62,110.62,282600,0.0
2001-06-19,112.3,112.33,110.47,110.93,1777600,0.0
2001-06-20,110.75,112.15,110.75,112.1,476000,0.0
2001-06-21,112.0,113.45,111.75,113.0,240400,0.0
2001-06-22,112.9,112.9,111.75,112.28,180600,0.0
2001-06-25,112.2,112.38,110.78,111.28,30400,0.0
2001-06-26,110.1,111.55,110.06,110.99,146600,0.0
2001-06-27,111.2,111.68,110.47,111.0,114000,0.0
2001-06-28,111.8,113.38,111.8,112.36,357400,0.0
2001-06-29,112.05,113.62,111.91,113.0,215000,0.0
2001-07-02,112.6,113.94,112.6,113.3,290000,0.0
2001-07-03,113.15,113.35,112.83,113.24,56800,0.0
2001-07-05,112.89,112.94,111.95,111.95,627600,0.0
2001-07-06,111.0,111.08,109.0,109.0,777000,0.0
2001-07-09,109.43,110.2,109.3,109.7,850000,0.0
2001-07-10,110.26,110.31,108.25,108.25,218000,0.0
2001-07-11,108.45,108.52,107.26,108.39,47200,0.0
2001-07-12,109.45,111.09,109.44,110.96,64800,0.0
2001-07-13,110.4,111.74,110.3,111.49,430000,0.0
2001-07-16,111.55,111.55,110.08,110.2,46400,0.0
2001-07-17,110.0,111.5,109.74,111.5,183400,0.0
2001-07-18,110.55,111.09,109.91,110.34,54400,0.0
2001-07-19,111.75,112.24,110.5,110.96,18600,0.0
2001-07-20,111.0,111.29,110.5,110.97,11600,0.0
2001-07-23,111.25,111.39,109.05,109.05,52000,0.0
2001-07-24,108.67,109.04,106.8,107.54,102400,0.0
2001-07-25,107.7,108.94,107.46,108.9,519200,0.0
2001-07-26,108.68,110.29,108.39,110.29,65000,0.0
2001-07-27,110.37,110.84,109.74,110.48,208000,0.0
2001-07-30,110.8,110.8,109.91,110.39,25600,0.0
2001-07-31,110.5,111.84,110.41,110.84,119200,0.0
2001-08-01,111.2,111.94,110.95,111.32,237400,0.0
2001-08-02,112.35,112.4,111.25,111.67,62200,0.0
2001-08-03,111.6,111.6,110.54,111.28,17600,0.0
2001-08-06,111.2,111.2,109.82,110.0,30400,0.0
2001-08-07,109.9,110.34,109.8,110.2,29200,0.0
2001-08-08,109.85,110.44,108.1,108.2,54400,0.0
2001-08-09,108.09,108.52,107.61,108.52,56200,0.0
2001-08-10,108.6,109.25,107.15,108.96,114200,0.0
2001-08-13,109.24,109.46,108.72,109.15,34200,0.0
2001-08-14,109.55,109.9,108.71,108.91,38600,0.0
2001-08-15,109.39,109.39,107.97,107.97,49800,0.0
2001-08-16,107.89,108.3,107.1,108.3,42800,0.0
2001-08-17,107.72,107.8,106.34,106.65,84600,0.0
2001-08-20,106.75,107.45,106.7,107.4,71800,0.0
2001-08-21,107.6,108.3,105.9,105.9,69800,0.0
2001-08-22,106.58,107.15,105.72,106.88,326800,0.0
2001-08-23,106.9,107.07,106.5,106.74,31000,0.0
2001-08-24,107.0,108.69,106.81,108.69,52400,0.0
2001-08-27,108.4,108.7,108.0,108.3,75600,0.0
2001-08-28,108.15,108.15,106.49,106.49,61600,0.0
2001-08-29,106.95,106.95,105.3,105.49,90000,0.0
2001-08-30,105.25,105.64,103.41,103.91,111800,0.0
2001-08-31,104.15,105.12,103.83,104.35,69800,0.0
2001-09-04,104.34,106.07,103.8,103.8,71600,0.0
2001-09-05,103.85,104.12,102.52,103.65,45800,0.0
2001-09-06,103.41,103.41,101.55,101.55,90600,0.0
2001-09-07,101.04,101.68,99.5,99.5,133200,0.0
2001-09-10,99.3,100.6,98.75,100.25,75200,0.0
2001-09-17,94.25,97.1,94.25,95.49,410000,0.0
2001-09-18,95.45,96.0,94.15,94.27,318400,0.0
2001-09-19,94.5,95.05,90.2,93.0,257200,0.0
2001-09-20,91.5,91.9,90.0,90.0,218200,0.0
2001-09-21,87.0,90.0,86.8,88.55,223200,0.0
2001-09-24,91.0,91.95,90.26,91.39,578000,0.0
2001-09-25,91.95,92.64,91.0,92.25,190000,0.0
2001-09-26,92.85,92.85,91.27,91.54,244200,0.0
2001-09-27,91.6,92.89,90.76,92.45,406200,0.0
2001-09-28,93.35,94.95,93.35,94.95,365800,0.0
2001-10-01,94.2,94.6,93.31,94.09,922000,0.0
2001-10-02,94.05,95.34,94.0,95.25,983400,0.0
2001-10-03,94.35,97.8,94.35,96.93,722600,0.0
2001-10-04,98.19,98.98,97.25,97.25,579000,0.0
2001-10-05,97.25,97.55,95.93,97.3,338000,0.0
2001-10-08,96.45,97.29,96.31,96.65,726800,0.0
2001-10-09,96.6,96.65,95.91,96.01,466400,0.0
2001-10-10,96.15,98.35,96.15,98.29,665600,0.0
2001-10-11,99.75,100.26,99.45,100.09,540200,0.0
2001-10-12,99.45,99.91,97.74,99.33,353400,0.0
2001-10-15,98.8,99.55,98.35,99.47,458600,0.0
2001-10-16,99.4,100.61,99.3,100.03,1283000,0.0
2001-10-17,100.79,101.01,98.0,98.0,516200,0.0
2001-10-18,98.01,98.28,97.08,97.49,476600,0.0
2001-10-19,97.11,98.09,96.5,97.76,536800,0.0
2001-10-22,97.7,99.43,97.61,99.22,449800,0.0
2001-10-23,99.7,100.17,98.75,98.85,397600,0.0
2001-10-24,99.0,99.39,98.41,98.8,445000,0.0
2001-10-25,98.0,100.3,97.39,100.2,773600,0.0
2001-10-26,100.25,101.15,99.98,100.74,308000,0.0
2001-10-29,100.4,100.4,98.4,98.4,339800,0.0
2001-10-30,97.78,97.78,96.17,96.78,436800,0.0
2001-10-31,97.35,98.14,96.9,96.9,227400,0.0
2001-11-01,97.45,99.06,96.13,98.94,343200,0.0
2001-11-02,98.2,99.49,98.2,99.1,308000,0.0
2001-11-05,100.8,100.86,100.21,100.52,241400,0.0
2001-11-06,100.42,102.01,100.0,101.98,388000,0.0
2001-11-07,102.0,102.74,101.68,101.8,154800,0.0
2001-11-08,102.55,103.49,101.78,101.86,128200,0.0
2001-11-09,101.83,102.26,101.33,102.08,207400,0.0
2001-11-12,100.98,102.13,100.06,101.9,368400,0.0
2001-11-13,103.2,103.88,102.88,103.7,153400,0.0
2001-11-14,104.85,104.85,103.43,104.34,207800,0.0
2001-11-15,104.2,104.6,103.62,104.01,203800,0.0
2001-11-16,104.25,104.33,103.11,103.97,163800,0.0
2001-11-19,104.5,105.03,104.08,105.03,273800,0.0
2001-11-20,105.15,105.22,104.27,104.28,84000,0.0
2001-11-21,104.4,104.4,103.26,103.64,128600,0.0
2001-11-23,103.8,105.09,103.8,104.91,90800,0.0
2001-11-26,105.33,105.76,104.67,105.55,139000,0.0
2001-11-27,105.5,106.35,104.4,105.26,241400,0.0
2001-11-28,104.9,104.9,103.04,103.04,207600,0.0
2001-11-29,103.82,104.62,103.11,104.62,170400,0.0
2001-11-30,104.38,104.79,104.28,104.28,331800,0.0
2001-12-03,103.67,103.9,103.14,103.56,263800,0.0
2001-12-04,103.96,104.92,103.65,104.92,184600,0.0
2001-12-05,105.95,107.82,105.79,107.5,201000,0.0
2001-12-06,107.7,107.9,107.02,107.3,275800,0.0
2001-12-07,107.36,107.36,106.19,107.07,173400,0.0
2001-12-10,106.4,106.61,104.95,105.05,346800,0.0
2001-12-11,105.5,105.99,104.53,104.78,254400,0.0
2001-12-12,105.15,105.19,103.7,104.72,315400,0.0
2001-12-13,103.98,104.28,103.0,103.16,111000,0.0
2001-12-14,103.05,103.85,102.8,103.63,192400,0.0
2001-12-17,103.7,104.78,103.63,104.39,81600,0.0
2001-12-18,105.4,105.66,105.11,105.47,324600,0.0
2001-12-19,105.0,106.28,104.76,105.95,112200,0.0
2001-12-20,105.9,106.07,105.0,105.0,131800,0.0
2001-12-21,105.15,105.84,105.1,105.56,338200,0.0
2001-12-24,105.4,105.52,105.37,105.4,123200,0.0
2001-12-26,105.15,106.62,105.15,105.92,94600,0.0
2001-12-27,106.2,106.55,106.02,106.53,94400,0.0
2001-12-28,106.94,107.26,106.66,106.85,220000,0.0
2001-12-31,106.95,106.95,105.39,105.39,137600,0.0
2002-01-02,106.0,106.34,104.61,106.25,1627600,0.0
2002-01-03,106.46,107.39,106.35,107.39,354400,0.0
2002-01-04,107.8,108.41,107.29,108.1,487200,0.0
2002-01-07,108.75,108.75,107.36,107.4,760400,0.0
2002-01-08,107.62,107.62,106.85,107.09,278600,0.0
2002-01-09,107.15,108.39,106.48,106.73,219200,0.0
2002-01-10,106.65,107.05,106.34,106.65,281000,0.0
2002-01-11,107.0,107.0,105.73,105.76,80000,0.0
2002-01-14,105.7,105.7,104.93,104.93,442600,0.0
2002-01-15,105.4,105.91,104.92,105.65,271800,0.0
2002-01-16,104.85,105.04,103.9,103.9,346400,0.0
2002-01-17,104.9,105.05,104.35,104.98,212000,0.0
2002-01-18,104.92,104.92,103.75,104.01,215800,0.0
2002-01-22,104.85,104.85,103.1,103.2,140000,0.0
2002-01-23,103.45,104.34,102.95,104.09,42000,0.0
2002-01-24,104.75,105.1,104.46,104.55,50800,0.0
2002-01-25,104.45,105.03,104.09,104.72,47000,0.0
2002-01-28,104.95,105.07,104.1,104.64,439400,0.0
2002-01-29,105.0,105.07,101.85,102.04,117800,0.0
2002-01-30,102.2,103.16,100.43,103.0,300800,0.0
2002-01-31,103.65,104.47,103.32,104.47,237400,0.0
2002-02-01,104.67,104.67,103.63,103.86,199200,0.0
2002-02-04,103.8,103.8,101.24,101.35,183000,0.0
2002-02-05,101.45,101.96,100.46,100.99,204800,0.0
2002-02-06,100.75,101.35,100.01,100.32,304200,0.0
2002-02-07,100.02,101.09,99.9,99.9,198200,0.0
2002-02-08,100.15,101.36,99.93,101.33,160600,0.0
2002-02-11,101.58,102.86,101.45,102.73,381200,0.0
2002-02-12,102.5,102.98,102.09,102.48,271000,0.0
2002-02-13,102.68,103.67,102.68,103.43,91800,0.0
2002-02-14,103.85,104.14,102.94,103.29,110200,0.0
2002-02-15,103.55,103.55,102.02,102.17,51600,0.0
2002-02-19,101.97,101.97,100.13,100.27,181000,0.0
2002-02-20,100.5,101.52,99.45,101.52,121400,0.0
2002-02-21,101.27,101.82,99.9,99.9,46200,0.0
2002-02-22,99.8,101.2,99.54,100.63,47600,0.0
2002-02-25,101.15,102.6,101.15,102.42,146000,0.0
2002-02-26,102.7,102.99,101.71,102.76,51400,0.0
2002-02-27,102.52,103.79,101.9,102.4,2348200,0.0
2002-02-28,102.9,103.6,102.5,102.64,161200,0.0
2002-03-01,102.88,104.69,102.87,104.69,304800,0.0
2002-03-04,105.0,106.74,104.7,106.65,302600,0.0
2002-03-05,106.65,107.11,105.9,106.05,136600,0.0
2002-03-06,106.25,107.82,106.04,107.59,236600,0.0
2002-03-07,107.97,108.09,106.74,107.14,74600,0.0
2002-03-08,108.6,108.68,107.54,107.94,371200,0.0
2002-03-11,108.0,108.69,107.4,108.29,55600,0.0
2002-03-12,107.5,108.31,106.99,108.08,73000,0.0
2002-03-13,108.0,108.0,106.87,107.07,344400,0.0
2002-03-14,107.02,107.36,106.8,106.98,57000,0.0
2002-03-15,107.35,108.15,107.2,107.92,60000,0.0
2002-03-18,108.6,108.69,107.56,108.0,378600,0.0
2002-03-19,108.65,108.84,108.22,108.5,97200,0.0
2002-03-20,108.0,108.0,106.75,106.75,267600,0.0
2002-03-21,106.95,107.41,105.87,107.22,71200,0.0
2002-03-22,107.2,107.4,106.56,106.8,80800,0.0
2002-03-25,106.6,106.68,104.9,104.9,294400,0.0
2002-03-26,105.2,106.38,105.12,105.63,88800,0.0
2002-03-27,105.78,106.45,105.47,106.26,63200,0.0
2002-03-28,106.35,107.06,106.11,106.11,637200,0.0
2002-04-01,106.0,106.47,105.05,106.18,3147600,0.0
2002-04-02,105.93,106.0,105.48,105.49,1023600,0.0
2002-04-03,105.65,105.65,104.0,104.34,103600,0.0
2002-04-04,104.5,104.9,104.07,104.66,103200,0.0
2002-04-05,105.24,105.24,104.27,104.49,91800,0.0
2002-04-08,103.65,104.75,103.36,104.75,155000,0.0
2002-04-09,105.0,105.05,104.06,104.2,74000,0.0
2002-04-10,104.35,105.43,104.33,105.43,39800,0.0
2002-04-11,105.3,105.3,103.05,103.05,95000,0.0
2002-04-12,103.6,103.99,103.05,103.86,79000,0.0
2002-04-15,103.95,104.16,102.87,103.24,78200,0.0
2002-04-16,104.26,105.5,104.23,105.4,77600,0.0
2002-04-17,105.45,105.88,105.0,105.24,56800,0.0
2002-04-18,105.2,105.64,103.76,105.14,71600,0.0
2002-04-19,105.5,105.5,104.96,105.18,36400,0.0
2002-04-22,104.85,104.85,103.5,103.69,66000,0.0
2002-04-23,103.8,103.99,103.0,103.14,90800,0.0
2002-04-24,103.2,103.77,102.3,102.3,53000,0.0
2002-04-25,102.05,102.57,101.8,102.47,77600,0.0
2002-04-26,102.8,102.82,100.56,100.56,133600,0.0
2002-04-29,100.95,101.12,99.9,100.1,204000,0.0
2002-04-30,100.5,101.63,100.0,101.38,109400,0.0
2002-05-01,101.38,102.22,100.2,102.22,123400,0.0
2002-05-02,103.0,103.0,101.45,101.73,63000,0.0
2002-05-03,101.6,101.6,100.53,100.79,55000,0.0
2002-05-06,101.03,101.16,98.89,98.89,88000,0.0
2002-05-07,99.7,99.7,98.44,98.44,143400,0.0
2002-05-08,100.45,102.3,100.3,102.09,201400,0.0
2002-05-09,101.85,101.85,100.73,100.73,63000,0.0
2002-05-10,100.75,100.87,99.0,99.0,99600,0.0
2002-05-13,99.45,100.87,99.08,100.87,87800,0.0
2002-05-14,102.59,103.16,102.05,103.16,99200,0.0
2002-05-15,103.19,103.67,102.25,102.59,1182800,0.0
2002-05-16,102.91,103.08,102.49,103.0,33400,0.0
2002-05-17,103.55,103.79,102.93,103.73,62800,0.0
2002-05-20,103.17,103.17,102.26,102.35,64000,0.0
2002-05-21,102.59,102.94,101.09,101.13,60800,0.0
2002-05-22,101.15,101.72,100.79,101.55,68600,0.0
2002-05-23,102.04,102.63,101.15,102.63,51800,0.0
2002-05-24,102.6,102.6,101.41,101.41,53400,0.0
2002-05-28,101.83,101.83,100.29,100.79,137200,0.0
2002-05-29,100.85,100.85,100.17,100.23,94400,0.0
2002-05-30,99.75,100.37,99.03,99.93,62200,0.0
2002-05-31,100.3,101.21,99.95,99.95,55600,0.0
2002-06-03,100.0,100.36,97.5,97.5,182400,0.0
2002-06-04,97.5,98.1,96.56,97.35,114600,0.0
2002-06-05,97.85,98.42,97.5,98.42,59000,0.0
2002-06-06,98.53,98.53,96.4,96.57,64400,0.0
2002-06-07,95.05,97.08,95.05,96.71,119200,0.0
2002-06-10,96.7,97.6,96.56,96.88,58600,0.0
2002-06-11,97.52,97.52,95.17,95.24,50200,0.0
2002-06-12,95.01,95.8,94.17,95.71,94200,0.0
2002-06-13,95.5,96.14,94.69,94.7,130000,0.0
2002-06-14,93.4,94.85,92.38,94.48,97800,0.0
2002-06-17,95.7,97.32,95.68,97.2,83800,0.0
2002-06-18,96.8,97.83,96.8,97.3,81000,0.0
2002-06-19,96.65,97.5,95.75,95.79,59400,0.0
2002-06-20,95.65,96.0,94.37,94.57,70600,0.0
2002-06-21,94.25,94.42,92.6,93.01,1384200,0.0
2002-06-24,92.75,93.8,90.85,93.07,497200,0.0
2002-06-25,93.6,94.09,91.2,91.36,54400,0.0
2002-06-26,89.2,91.47,89.15,91.1,739200,0.0
2002-06-27,92.2,92.63,90.4,92.63,744000,0.0
2002-06-28,92.7,93.67,92.65,92.8,739400,0.0
2002-07-01,93.0,93.0,90.48,90.48,128400,0.0
2002-07-02,90.05,90.34,88.5,88.62,147000,0.0
2002-07-03,88.15,89.06,87.16,89.06,824400,0.0
2002-07-05,90.1,92.39,90.0,92.39,70200,0.0
2002-07-08,92.4,92.55,90.79,90.98,118600,0.0
2002-07-09,91.05,91.11,88.69,88.73,406000,0.0
2002-07-10,89.05,89.26,86.0,86.02,147200,0.0
2002-07-11,85.9,87.0,84.25,86.65,209400,0.0
2002-07-12,86.35,87.45,85.58,86.45,292600,0.0
2002-07-15,84.8,85.78,82.19,85.6,309200,0.0
2002-07-16,85.3,86.0,84.05,84.52,594000,0.0
2002-07-17,86.55,86.65,84.04,84.97,629600,0.0
2002-07-18,85.15,85.15,82.4,82.47,564600,0.0
2002-07-19,82.2,82.2,79.38,79.7,518200,0.0
2002-07-22,79.2,79.92,76.86,77.42,2653800,0.0
2002-07-23,77.65,78.1,75.07,75.2,1006400,0.0
2002-07-24,73.39,79.6,73.09,79.6,338000,0.0
2002-07-25,78.95,80.4,77.11,78.93,432000,0.0
2002-07-26,79.43,80.1,78.2,80.0,742000,0.0
2002-07-29,82.15,84.5,81.83,84.44,470400,0.0
2002-07-30,83.65,85.49,83.25,84.86,270600,0.0
2002-07-31,84.86,85.28,83.57,85.06,213200,0.0
2002-08-01,84.6,85.14,82.84,82.88,629000,0.0
2002-08-02,82.63,82.69,80.26,80.95,548200,0.0
2002-08-05,80.6,80.7,78.2,78.25,703600,0.0
2002-08-06,80.05,81.99,80.05,80.8,232200,0.0
2002-08-07,82.3,82.3,80.3,82.07,767400,0.0
2002-08-08,82.5,84.75,82.17,84.65,223000,0.0
2002-08-09,83.65,85.45,83.5,84.8,402800,0.0
2002-08-12,83.8,84.88,83.6,84.6,149600,0.0
2002-08-13,84.3,85.29,82.75,82.75,89000,0.0
2002-08-14,83.0,85.91,82.15,85.9,227400,0.0
2002-08-15,86.45,87.21,85.9,86.8,231600,0.0
2002-08-16,86.0,87.49,86.0,86.75,159600,0.0
2002-08-19,86.85,88.89,86.85,88.84,1122400,0.0
2002-08-20,88.2,88.2,87.1,87.7,204000,0.0
2002-08-21,88.65,88.99,87.29,88.99,220200,0.0
2002-08-22,88.9,90.26,88.59,89.96,147800,0.0
2002-08-23,89.4,89.44,87.65,88.15,256800,0.0
2002-08-26,88.3,88.96,87.1,88.75,1022800,0.0
2002-08-27,89.2,89.2,87.15,87.31,197400,0.0
2002-08-28,86.65,86.88,85.55,85.92,676400,0.0
2002-08-29,84.7,86.5,84.56,86.0,92400,0.0
2002-08-30,85.35,86.87,85.35,85.71,117200,0.0
2002-09-03,84.3,84.31,82.35,82.37,301200,0.0
2002-09-04,82.55,84.24,82.35,83.74,854600,0.0
2002-09-05,82.45,83.43,81.95,82.7,754800,0.0
2002-09-06,84.05,84.55,83.45,84.2,148800,0.0
2002-09-09,83.5,85.3,83.1,84.86,1292800,0.0
2002-09-10,85.1,85.5,84.67,85.45,150000,0.0
2002-09-11,86.49,86.49,85.29,85.35,890200,0.0
2002-09-12,84.63,84.63,83.3,83.4,115200,0.0
2002-09-13,83.01,83.9,82.5,83.6,145000,0.0
2002-09-16,83.58,83.82,82.89,83.7,108400,0.0
2002-09-17,84.9,84.9,82.07,82.18,431600,0.0
2002-09-18,81.7,82.58,80.75,81.64,523400,0.0
2002-09-19,81.0,81.15,79.41,79.54,245000,0.0
2002-09-20,79.85,80.05,79.1,79.54,342400,0.0
2002-09-23,79.0,79.0,77.77,78.69,268200,0.0
2002-09-24,77.5,78.44,77.01,77.6,209000,0.0
2002-09-25,78.52,79.55,77.28,79.14,260800,0.0
2002-09-26,80.0,80.63,79.4,80.46,159800,0.0
2002-09-27,79.5,80.36,78.01,78.01,135200,0.0
2002-09-30,76.71,77.65,75.43,76.75,295400,0.0
2002-10-01,77.55,79.63,76.5,79.63,194000,0.0
2002-10-02,79.05,79.9,77.25,77.75,111600,0.0
2002-10-03,77.9,78.69,76.87,76.9,145000,0.0
2002-10-04,77.1,77.1,74.4,75.32,374000,0.0
2002-10-07,75.3,75.6,73.44,73.7,406600,0.0
2002-10-08,74.3,75.65,73.17,74.75,201600,0.0
2002-10-09,73.7,74.75,72.52,72.8,248200,0.0
2002-10-10,72.7,75.3,72.0,75.0,405400,0.0
2002-10-11,75.35,78.7,75.35,78.23,2286000,0.0
2002-10-14,77.45,78.69,77.4,78.65,561200,0.0
2002-10-15,81.3,82.15,80.8,82.15,260800,0.0
2002-10-16,81.25,81.33,79.67,80.28,222800,0.0
2002-10-17,82.3,82.54,81.66,82.04,5168400,0.0
2002-10-18,81.65,82.64,80.97,82.37,248000,0.0
2002-10-21,81.85,84.02,81.45,83.85,228800,0.0
2002-10-22,82.6,83.47,82.2,82.8,194200,0.0
2002-10-23,82.5,83.4,81.51,83.35,232200,0.0
2002-10-24,83.65,83.99,82.0,82.25,109800,0.0
2002-10-25,82.0,83.84,81.8,83.84,228000,0.0
2002-10-28,84.6,84.6,82.63,82.94,143400,0.0
2002-10-29,82.83,82.9,80.97,82.3,151600,0.0
2002-10-30,82.2,83.3,82.19,82.91,241000,0.0
2002-10-31,83.7,83.88,82.2,82.5,125800,0.0
2002-11-01,82.1,84.39,81.99,84.2,109200,0.0
2002-11-04,85.45,86.31,84.61,84.74,336200,0.0
2002-11-05,84.74,85.5,84.55,85.25,128600,0.0
2002-11-06,85.9,86.4,84.71,86.4,279000,0.0
2002-11-07,85.5,85.52,83.95,84.4,181000,0.0
2002-11-08,84.6,84.96,83.24,83.4,342800,0.0
2002-11-11,83.1,83.14,81.7,81.95,336800,0.0
2002-11-12,82.55,83.53,82.21,82.34,728200,0.0
2002-11-13,82.35,83.44,81.59,82.5,478200,0.0
2002-11-14,83.9,84.55,83.6,84.47,611200,0.0
2002-11-15,84.05,85.21,83.92,85.0,579400,0.0
2002-11-18,85.8,85.8,84.22,84.22,319400,0.0
2002-11-19,83.85,84.6,83.49,83.93,255200,0.0
2002-11-20,83.85,85.55,83.76,85.54,139200,0.0
2002-11-21,86.4,87.45,86.21,87.29,210600,0.0
2002-11-22,87.05,87.6,86.86,87.1,1082000,0.0
2002-11-25,87.1,87.74,86.45,87.25,152400,0.0
2002-11-26,86.9,86.96,85.43,85.6,446800,0.0
2002-11-27,86.3,88.11,86.3,88.0,93600,0.0
2002-11-29,88.25,88.25,87.45,87.45,56600,0.0
2002-12-02,89.08,89.4,87.01,87.73,284600,0.0
2002-12-03,87.0,87.0,86.19,86.35,145800,0.0
2002-12-04,85.6,86.62,85.2,86.12,183800,0.0
2002-12-05,86.4,86.4,85.06,85.15,149600,0.0
2002-12-06,85.15,85.9,84.11,85.52,458200,0.0
2002-12-09,84.8,85.0,83.5,83.5,299400,0.0
2002-12-10,84.25,84.95,83.91,84.95,195200,0.0
2002-12-11,84.2,85.4,84.2,85.1,186200,0.0
2002-12-12,85.3,85.31,84.3,84.8,1674000,0.0
2002-12-13,84.01,84.48,83.5,83.5,201000,0.0
2002-12-16,84.1,85.5,83.85,85.5,512600,0.0
2002-12-17,85.35,85.54,84.6,84.82,376000,0.0
2002-12-18,84.3,84.3,83.41,83.61,507800,0.0
2002-12-19,83.42,84.5,82.76,83.1,190000,0.0
2002-12-20,84.0,84.33,83.63,84.07,1275800,0.0
2002-12-23,83.92,84.4,83.6,83.71,562200,0.0
2002-12-24,83.9,83.9,83.31,83.31,551200,0.0
2002-12-26,83.56,84.6,83.15,83.4,121800,0.0
2002-12-27,83.45,83.45,82.0,82.0,200800,0.0
2002-12-30,82.5,82.7,81.6,82.45,2337800,0.0
2002-12-31,82.5,82.74,81.45,82.63,423400,0.0
2003-01-02,83.4,85.05,82.88,85.0,442000,0.0
2003-01-03,85.05,85.28,84.56,84.95,769000,0.0
2003-01-06,85.6,87.05,85.4,86.79,554600,0.0
2003-01-07,86.75,86.88,85.91,86.16,506800,0.0
2003-01-08,85.82,85.9,84.87,85.08,201800,0.0
2003-01-09,85.75,86.68,85.75,86.4,175200,0.0
2003-01-10,86.15,87.0,85.7,86.64,235800,0.0
2003-01-13,87.45,87.45,86.18,86.56,187600,0.0
2003-01-14,86.45,86.95,86.15,86.95,86000,0.0
2003-01-15,86.75,86.75,85.65,86.1,1076400,0.0
2003-01-16,86.15,86.6,85.31,85.85,153600,0.0
2003-01-17,84.75,85.13,84.16,84.6,156600,0.0
2003-01-21,84.85,84.85,83.01,83.15,209600,0.0
2003-01-22,83.0,84.57,82.3,82.3,143600,0.0
2003-01-23,83.15,83.34,82.22,82.85,179800,0.0
2003-01-24,82.75,82.75,80.7,80.97,402800,0.0
2003-01-27,80.45,80.92,79.21,79.46,451000,0.0
2003-01-28,80.0,80.72,79.58,80.2,641600,0.0
2003-01-29,79.5,81.46,79.39,81.15,244800,0.0
2003-01-30,81.1,81.1,79.05,79.05,117000,0.0
2003-01-31,78.85,80.6,78.85,80.34,422600,0.0
2003-02-03,80.7,81.2,80.45,80.64,130600,0.0
2003-02-04,79.65,81.0,78.95,81.0,590000,0.0
2003-02-05,80.25,80.85,79.13,79.4,84600,0.0
2003-02-06,79.2,79.5,78.3,78.67,616000,0.0
2003-02-07,79.3,79.4,77.7,77.9,314200,0.0
2003-02-10,78.05,78.55,77.4,78.53,2427000,0.0
2003-02-11,78.8,79.1,77.6,77.95,215000,0.0
2003-02-12,77.95,78.07,76.9,76.9,108800,0.0
2003-02-13,76.9,77.05,75.76,76.78,1149600,0.0
2003-02-14,77.3,78.08,76.64,78.08,698000,0.0
2003-02-18,79.15,79.87,78.8,79.87,125400,0.0
2003-02-19,79.45,79.72,78.67,79.23,652600,0.0
2003-02-20,79.42,79.62,78.51,78.6,51400,0.0
2003-02-21,78.85,79.95,78.29,79.66,643000,0.0
2003-02-24,79.45,79.45,78.05,78.05,316800,0.0
2003-02-25,77.3,78.99,76.88,78.99,209600,0.0
2003-02-26,78.35,78.82,77.63,77.91,1423800,0.0
2003-02-27,78.43,79.15,77.91,78.81,44200,0.0
2003-02-28,78.75,79.51,78.75,79.1,152600,0.0
2003-03-03,79.8,80.1,78.25,78.51,55200,0.0
2003-03-04,78.15,78.32,77.37,77.4,80600,0.0
2003-03-05,77.15,78.0,77.15,77.87,66800,0.0
2003-03-06,77.15,77.78,77.11,77.45,603400,0.0
2003-03-07,76.45,77.99,76.45,77.99,557200,0.0
2003-03-10,77.18,77.18,76.0,76.09,376600,0.0
2003-03-11,76.3,76.71,75.44,75.48,1562800,0.0
2003-03-12,75.45,75.77,74.39,75.75,1267400,0.0
2003-03-13,76.98,78.34,76.3,78.3,1664000,0.0
2003-03-14,78.8,79.12,77.96,78.6,1613400,0.0
2003-03-17,78.35,81.18,77.81,80.8,2038000,0.0
2003-03-18,81.45,81.55,80.56,81.53,993000,0.0
2003-03-19,81.6,82.04,80.82,81.85,2032200,0.0
2003-03-20,81.8,82.5,80.54,82.25,557400,0.0
2003-03-21,83.25,84.06,82.4,84.0,768200,0.0
2003-03-24,82.24,82.42,80.91,81.15,835800,0.0
2003-03-25,81.0,82.55,81.0,82.11,448600,0.0
2003-03-26,82.3,82.3,81.35,81.71,306400,0.0
2003-03-27,81.0,82.05,80.6,81.55,258800,0.0
2003-03-28,80.6,81.75,80.6,81.16,132200,0.0
2003-03-31,79.71,80.47,79.01,79.4,661000,0.0
2003-04-01,79.85,80.7,79.5,80.55,404200,0.0
2003-04-02,82.25,82.91,82.0,82.4,564600,0.0
2003-04-03,83.0,83.05,82.0,82.0,314600,0.0
2003-04-04,82.5,82.74,81.87,82.29,284400,0.0
2003-04-07,84.5,84.8,82.3,82.3,559000,0.0
2003-04-08,82.6,82.65,81.95,82.25,207600,0.0
2003-04-09,82.25,83.2,81.11,81.3,3984000,0.0
2003-04-10,81.6,81.73,80.86,81.73,176200,0.0
2003-04-11,82.2,82.74,81.11,81.39,247800,0.0
2003-04-14,81.7,83.09,81.57,83.08,239000,0.0
2003-04-15,82.85,83.62,82.57,83.62,203000,0.0
2003-04-16,83.9,83.99,82.37,82.51,257000,0.0
2003-04-17,82.76,83.85,82.41,83.79,143200,0.0
2003-04-21,83.99,84.24,83.46,83.77,198000,0.0
2003-04-22,83.1,85.5,83.1,85.48,209400,0.0
2003-04-23,85.67,86.29,85.4,86.2,775200,0.0
2003-04-24,85.5,85.98,85.05,85.51,242000,0.0
2003-04-25,85.5,85.5,84.19,84.33,350800,0.0
2003-04-28,84.74,86.13,84.65,85.82,224600,0.0
2003-04-29,86.3,86.71,85.51,86.1,379800,0.0
2003-04-30,85.95,86.6,85.57,86.24,477600,0.0
2003-05-01,85.95,86.37,84.88,86.14,241000,0.0
2003-05-02,86.05,87.49,85.77,87.35,446400,0.0
2003-05-05,87.6,87.93,87.09,87.3,720000,0.0
2003-05-06,87.37,88.34,87.37,87.9,314400,0.0
2003-05-07,87.4,88.31,87.33,87.6,494600,0.0
2003-05-08,86.87,87.53,86.7,86.7,213600,0.0
2003-05-09,87.0,87.96,86.97,87.95,200000,0.0
2003-05-12,87.89,89.28,87.5,89.0,204200,0.0
2003-05-13,89.15,89.36,88.56,88.9,199800,0.0
2003-05-14,89.49,89.49,88.33,88.58,248400,0.0
2003-05-15,88.99,89.45,88.53,89.28,219200,0.0
2003-05-16,89.2,89.49,88.5,89.09,165000,0.0
2003-05-19,88.8,88.8,86.85,87.0,596600,0.0
2003-05-20,87.44,87.45,86.16,86.91,502600,0.0
2003-05-21,86.47,87.36,86.47,87.27,266200,0.0
2003-05-22,87.4,88.4,87.25,87.85,266800,0.0
2003-05-23,88.3,88.5,87.71,88.22,148000,0.0
2003-05-27,88.0,90.21,87.75,89.98,227600,0.0
2003-05-28,90.5,90.79,89.99,90.08,323200,0.0
2003-05-29,90.5,91.05,89.61,89.93,346400,0.0
2003-05-30,89.7,91.45,89.7,91.27,336400,0.0
2003-06-02,92.15,92.8,91.56,91.65,314200,0.0
2003-06-03,91.55,92.21,91.41,92.2,236400,0.0
2003-06-04,92.3,93.68,91.95,93.52,354400,0.0
2003-06-05,93.27,94.08,92.74,94.03,270000,0.0
2003-06-06,95.3,95.73,93.61,93.8,370000,0.0
2003-06-09,93.3,93.4,92.15,92.55,240800,0.0
2003-06-10,93.3,93.4,92.55,93.4,194800,0.0
2003-06-11,93.4,94.65,93.05,94.52,191600,0.0
2003-06-12,95.1,95.1,94.14,94.71,247800,0.0
2003-06-13,94.99,94.99,93.42,93.78,301800,0.0
2003-06-16,94.3,95.7,94.2,95.7,428400,0.0
2003-06-17,96.0,96.15,95.44,95.85,225400,0.0
2003-06-18,95.29,96.14,95.11,95.65,238800,0.0
2003-06-19,95.55,95.85,94.16,94.18,314800,0.0
2003-06-20,94.7,94.87,94.18,94.3,182000,0.0
2003-06-23,93.79,93.79,92.3,92.65,378800,0.0
2003-06-24,92.4,93.28,92.4,92.9,266400,0.0
2003-06-25,92.9,93.64,92.17,92.3,172800,0.0
2003-06-26,92.55,93.36,92.3,93.3,136400,0.0
2003-06-27,93.35,93.66,92.3,92.51,213000,0.0
2003-06-30,93.3,93.3,92.29,92.45,252200,0.0
2003-07-01,92.2,93.15,91.34,93.11,347600,0.0
2003-07-02,93.2,94.24,93.15,94.14,138200,0.0
2003-07-03,93.8,94.34,93.4,93.5,128200,0.0
2003-07-07,94.5,95.44,94.45,95.3,310000,0.0
2003-07-08,95.3,95.95,94.91,95.85,186200,0.0
2003-07-09,95.85,96.1,95.1,95.5,260800,0.0
2003-07-10,95.0,95.0,93.74,94.3,168600,0.0
2003-07-11,94.55,95.25,94.5,95.01,92400,0.0
2003-07-14,96.14,96.72,95.1,95.74,293400,0.0
2003-07-15,96.39,96.39,95.09,95.26,222400,0.0
2003-07-16,95.85,95.85,94.31,94.77,140400,0.0
2003-07-17,94.2,94.55,93.22,93.54,135200,0.0
2003-07-18,94.02,94.63,93.42,94.5,132800,0.0
2003-07-21,94.22,94.22,92.9,93.11,148600,0.0
2003-07-22,93.65,94.22,92.93,94.04,130600,0.0
2003-07-23,94.12,94.2,93.21,94.15,142600,0.0
2003-07-24,94.78,95.11,93.42,93.42,98400,0.0
2003-07-25,93.7,95.06,93.15,95.06,162000,0.0
2003-07-28,95.15,95.28,94.51,94.97,211600,0.0
2003-07-29,95.18,95.25,93.92,94.39,302000,0.0
2003-07-30,94.8,94.84,94.07,94.37,78000,0.0
2003-07-31,95.1,95.83,94.49,94.6,215200,0.0
2003-08-01,94.45,94.45,93.5,93.51,186200,0.0
2003-08-04,93.35,94.0,92.31,93.75,197600,0.0
2003-08-05,93.65,93.65,92.04,92.08,293400,0.0
2003-08-06,91.9,92.98,91.65,92.15,196200,0.0
2003-08-07,92.2,92.85,91.82,92.75,170200,0.0
2003-08-08,92.85,93.24,92.61,93.01,97000,0.0
2003-08-11,93.19,93.81,92.81,93.45,91600,0.0
2003-08-12,93.65,94.5,93.35,94.5,96400,0.0
2003-08-13,94.75,94.76,93.73,93.94,143200,0.0
2003-08-14,94.14,94.65,93.7,94.52,76800,0.0
2003-08-15,94.3,94.69,94.3,94.45,26000,0.0
2003-08-18,94.6,95.62,94.6,95.53,102400,0.0
2003-08-19,96.0,96.0,95.35,95.88,287000,0.0
2003-08-20,95.7,96.14,95.5,95.87,208400,0.0
2003-08-21,96.29,96.71,95.96,96.3,199800,0.0
2003-08-22,97.09,97.1,95.21,95.3,202800,0.0
2003-08-25,95.3,95.3,94.74,95.2,117600,0.0
2003-08-26,94.95,95.62,94.2,95.52,275600,0.0
2003-08-27,95.55,95.78,95.2,95.65,255400,0.0
2003-08-28,95.89,96.47,95.14,96.35,104800,0.0
2003-08-29,96.05,96.98,96.05,96.86,511600,0.0
2003-09-02,97.24,98.27,96.55,98.27,274200,0.0
2003-09-03,98.6,98.96,98.35,98.55,461800,0.0
2003-09-04,98.61,98.95,98.3,98.84,184400,0.0
2003-09-05,98.54,98.96,97.92,98.31,516000,0.0
2003-09-08,98.55,99.32,98.5,99.25,148200,0.0
2003-09-09,99.2,99.2,98.3,98.55,329200,0.0
2003-09-10,98.15,98.25,97.01,97.17,303600,0.0
2003-09-11,97.63,98.13,97.25,97.8,127000,0.0
2003-09-12,97.55,98.12,96.75,98.07,192600,0.0
2003-09-15,98.14,98.14,97.55,97.55,145000,0.0
2003-09-16,97.99,99.1,97.99,99.1,138200,0.0
2003-09-17,98.95,99.17,98.51,98.75,193000,0.0
2003-09-18,98.94,100.0,98.7,100.0,227600,0.0
2003-09-19,99.8,99.94,99.37,99.64,342800,0.0
2003-09-22,98.9,98.9,98.09,98.5,272400,0.0
2003-09-23,98.72,99.19,98.39,99.05,277200,0.0
2003-09-24,99.2,99.22,97.25,97.34,273800,0.0
2003-09-25,97.65,97.78,96.51,96.51,278000,0.0
2003-09-26,96.55,96.55,95.8,95.86,206200,0.0
2003-09-29,95.71,96.43,95.27,96.08,197000,0.0
2003-09-30,95.94,96.1,94.84,95.5,243000,0.0
2003-10-01,96.04,97.53,95.83,97.41,145400,0.0
2003-10-02,97.54,97.93,97.24,97.85,125000,0.0
2003-10-03,99.45,99.65,98.58,98.92,258600,0.0
2003-10-06,99.06,99.49,98.73,99.35,194800,0.0
2003-10-07,99.15,99.82,98.61,99.8,188800,0.0
2003-10-08,99.99,99.99,99.1,99.42,101000,0.0
2003-10-09,100.15,100.79,99.61,99.68,196400,0.0
2003-10-10,99.93,100.06,99.53,99.84,139000,0.0
2003-10-13,100.49,100.95,100.28,100.55,192600,0.0
2003-10-14,100.59,101.0,100.12,101.0,214800,0.0
2003-10-15,101.54,101.54,100.39,100.65,143400,0.0
2003-10-16,100.6,101.32,100.41,101.06,126400,0.0
2003-10-17,101.14,101.17,99.66,99.97,160800,0.0
2003-10-20,100.14,100.35,99.67,100.35,150000,0.0
2003-10-21,100.39,100.84,100.16,100.49,119600,0.0
2003-10-22,99.79,99.8,98.79,99.2,247600,0.0
2003-10-23,98.51,99.51,98.51,99.35,216200,0.0
2003-10-24,98.55,98.92,97.95,98.79,170200,0.0
2003-10-27,99.25,99.78,99.06,99.36,121400,0.0
2003-10-28,99.6,100.75,99.6,100.68,499400,0.0
2003-10-29,100.59,101.17,100.41,101.1,154000,0.0
2003-10-30,101.64,101.65,100.75,100.82,316200,0.0
2003-10-31,101.39,101.49,101.09,101.28,121000,0.0
2003-11-03,101.79,102.35,101.52,101.9,231764,0.0
2003-11-04,101.99,102.16,101.58,101.6,188446,0.0
2003-11-05,101.64,101.87,100.96,101.78,158200,0.0
2003-11-06,101.69,102.4,101.25,102.21,252200,0.0
2003-11-07,102.65,102.78,101.75,101.75,367400,0.0
2003-11-10,101.99,102.0,101.13,101.24,196200,0.0
2003-11-11,102.97,102.97,100.74,101.05,180000,0.0
2003-11-12,101.25,102.4,101.24,102.27,238400,0.0
2003-11-13,102.15,102.53,101.9,102.43,250600,0.0
2003-11-14,102.54,102.94,101.45,101.64,175200,0.0
2003-11-17,100.9,101.07,100.03,100.84,281400,0.0
2003-11-18,101.18,101.4,99.99,99.99,200200,0.0
2003-11-19,102.0,102.0,99.88,100.7,141600,0.0
2003-11-20,100.33,101.17,99.83,99.96,187600,0.0
2003-11-21,100.3,100.38,99.75,100.02,130800,0.0
2003-11-24,100.95,101.75,100.9,101.75,191200,0.0
2003-11-25,101.89,102.53,101.67,102.0,166600,0.0
2003-11-26,102.59,102.62,101.7,102.56,180200,0.0
2003-11-28,102.4,102.9,102.4,102.8,54600,0.0
2003-12-01,103.3,104.09,103.16,103.85,343400,0.0
2003-12-02,103.7,104.07,103.48,103.59,332600,0.0
2003-12-03,104.14,104.25,103.22,103.22,202800,0.0
2003-12-04,103.41,103.61,102.8,103.6,197800,0.0
2003-12-05,103.35,103.42,102.6,102.73,259600,0.0
2003-12-08,102.79,103.58,102.6,103.58,233600,0.0
2003-12-09,103.79,103.79,102.41,102.49,128000,0.0
2003-12-10,102.57,102.73,101.68,102.2,575200,0.0
2003-12-11,102.44,103.79,102.37,103.57,298800,0.0
2003-12-12,103.8,103.92,103.1,103.9,187000,0.0
2003-12-15,104.84,104.85,103.08,103.08,978200,0.0
2003-12-16,103.33,103.79,102.9,103.6,157200,0.0
2003-12-17,103.74,103.9,103.25,103.9,353400,0.0
2003-12-18,104.09,105.1,103.9,105.0,245200,0.0
2003-12-19,105.2,105.22,104.6,104.85,272400,0.0
2003-12-22,104.36,105.0,104.36,105.0,217600,0.0
2003-12-23,105.04,105.46,104.97,105.4,241600,0.0
2003-12-24,105.15,105.41,105.01,105.3,92000,0.0
2003-12-26,105.44,105.65,105.3,105.3,131000,0.0
2003-12-29,105.95,106.84,105.75,106.6,331600,0.0
2003-12-30,106.56,106.9,106.5,106.76,200800,0.0
2003-12-31,106.99,107.16,106.45,106.46,286200,0.0
2004-01-02,107.39,107.56,106.26,106.53,390200,0.0
2004-01-05,107.39,107.86,107.12,107.72,368200,0.0
2004-01-06,107.78,108.21,107.51,108.09,244000,0.0
2004-01-07,108.05,108.4,107.5,108.4,209800,0.0
2004-01-08,108.85,108.87,108.35,108.8,269200,0.0
2004-01-09,108.47,109.0,108.03,108.1,227200,0.0
2004-01-12,108.44,108.74,108.0,108.6,454000,0.0
2004-01-13,108.99,108.99,107.58,108.35,448000,0.0
2004-01-14,108.59,109.13,108.37,109.13,157200,0.0
2004-01-15,109.45,109.74,108.49,109.59,334000,0.0
2004-01-16,109.58,110.02,109.43,109.92,397800,0.0
2004-01-20,110.35,110.4,109.68,110.2,416400,0.0
2004-01-21,110.09,110.99,109.65,110.67,298600,0.0
2004-01-22,111.34,111.42,110.37,110.59,307400,0.0
2004-01-23,110.83,111.21,110.0,110.39,222800,0.0
2004-01-26,110.53,111.68,110.34,111.55,920600,0.0
2004-01-27,111.69,111.69,110.6,110.6,332000,0.0
2004-01-28,110.84,111.04,108.77,109.2,293600,0.0
2004-01-29,109.45,109.51,108.29,109.4,293200,0.0
2004-01-30,109.29,109.43,108.8,109.24,345400,0.0
2004-02-02,109.4,110.21,108.76,109.44,234600,0.0
2004-02-03,109.3,109.69,109.05,109.41,150200,0.0
2004-02-04,108.9,109.17,108.26,108.39,289400,0.0
2004-02-05,108.45,109.02,108.3,108.74,138800,0.0
2004-02-06,109.0,110.26,108.8,110.23,186400,0.0
2004-02-09,110.3,110.49,110.01,110.09,148600,0.0
2004-02-10,110.3,110.93,110.0,110.79,133600,0.0
2004-02-11,110.8,111.98,110.45,111.71,341400,0.0
2004-02-12,111.9,111.9,111.31,111.41,200400,0.0
2004-02-13,111.64,111.75,110.51,110.84,209000,0.0
2004-02-17,111.6,112.0,111.41,112.0,298000,0.0
2004-02-18,111.95,111.95,111.12,111.5,170400,0.0
2004-02-19,112.05,112.09,110.8,110.89,250600,0.0
2004-02-20,110.9,110.99,109.85,110.55,298000,0.0
2004-02-23,110.73,110.74,109.54,109.81,224600,0.0
2004-02-24,109.5,110.3,109.36,109.86,138600,0.0
2004-02-25,109.76,110.5,109.76,110.45,262400,0.0
2004-02-26,110.35,110.88,109.84,110.61,539400,0.0
2004-02-27,110.75,111.29,110.26,110.77,219800,0.0
2004-03-01,110.89,112.09,110.77,111.85,315400,0.0
2004-03-02,111.99,112.1,111.16,111.44,231200,0.0
2004-03-03,111.35,111.64,110.71,111.5,110000,0.0
2004-03-04,111.63,112.0,111.25,112.0,195400,0.0
2004-03-05,111.35,112.79,111.35,112.35,182800,0.0
2004-03-08,112.35,112.62,111.32,111.32,266000,0.0
2004-03-09,110.95,111.19,110.23,110.74,371600,0.0
2004-03-10,110.66,110.72,108.65,108.76,268800,0.0
2004-03-11,108.05,109.33,107.22,107.37,805800,0.0
2004-03-12,107.9,108.89,107.69,108.89,311000,0.0
2004-03-15,108.32,108.46,106.9,107.24,482600,0.0
2004-03-16,107.3,108.17,106.85,107.83,292000,0.0
2004-03-17,108.35,109.18,108.34,108.99,179400,0.0
2004-03-18,108.99,109.19,107.93,108.86,394000,0.0
2004-03-19,108.92,108.92,107.6,107.6,152600,0.0
2004-03-22,106.9,107.0,105.75,106.23,449800,0.0
2004-03-23,106.84,106.86,105.87,106.11,289600,0.0
2004-03-24,106.01,106.59,105.25,106.0,243400,0.0
2004-03-25,106.55,107.69,106.3,107.5,177000,0.0
2004-03-26,107.5,108.25,107.4,107.76,1082200,0.0
2004-03-29,108.02,108.8,107.9,108.48,1192000,0.0
2004-03-30,108.71,109.3,108.5,109.08,227800,0.0
2004-03-31,109.25,109.6,108.61,109.28,206600,0.0
2004-04-01,109.3,110.19,109.3,109.84,202400,0.0
2004-04-02,110.75,111.17,110.42,110.84,367000,0.0
2004-04-05,110.96,111.66,110.8,111.57,735200,0.0
2004-04-06,111.57,111.57,110.85,111.27,228800,0.0
2004-04-07,111.02,111.27,110.4,110.81,157400,0.0
2004-04-08,111.15,111.6,110.02,110.65,198000,0.0
2004-04-12,111.05,111.29,110.81,111.0,789000,0.0
2004-04-13,111.4,111.4,109.2,109.51,731600,0.0
2004-04-14,108.65,109.73,108.49,109.15,794400,0.0
2004-04-15,109.69,109.74,108.39,109.2,230800,0.0
2004-04-16,109.32,109.98,108.87,109.72,183200,0.0
2004-04-19,109.56,109.94,109.16,109.85,133000,0.0
2004-04-20,110.01,110.34,108.1,108.1,168200,0.0
2004-04-21,108.42,108.94,108.01,108.8,181400,0.0
2004-04-22,108.65,110.69,108.64,110.53,359800,0.0
2004-04-23,110.73,110.73,109.78,110.52,191800,0.0
2004-04-26,110.65,111.0,109.81,110.05,245000,0.0
2004-04-27,110.0,111.0,110.0,110.3,164400,0.0
2004-04-28,109.97,109.97,108.61,108.75,184000,0.0
2004-04-29,108.5,109.23,107.07,107.72,218400,0.0
2004-04-30,107.55,108.19,106.4,106.85,322800,0.0
2004-05-03,107.65,108.09,106.4,107.99,644200,0.0
2004-05-04,108.15,108.88,107.5,108.1,111800,0.0
2004-05-05,108.29,108.71,107.9,108.55,131000,0.0
2004-05-06,107.88,107.91,106.7,107.48,176200,0.0
2004-05-07,107.25,107.79,105.8,105.98,271600,0.0
2004-05-10,104.75,105.25,103.8,104.51,1250200,0.0
2004-05-11,105.0,105.6,104.8,105.42,348600,0.0
2004-05-12,105.3,105.8,103.65,105.8,310200,0.0
2004-05-13,105.2,106.2,105.2,105.5,744200,0.0
2004-05-14,105.6,106.1,104.7,105.46,193400,0.0
2004-05-17,104.2,104.79,103.8,104.26,1502200,0.0
2004-05-18,104.55,105.26,104.55,105.09,402800,0.0
2004-05-19,106.0,106.6,104.77,104.95,462400,0.0
2004-05-20,104.8,105.24,104.47,104.99,145000,0.0
2004-05-21,105.5,105.87,105.01,105.39,174000,0.0
2004-05-24,106.1,106.25,105.37,105.79,435200,0.0
2004-05-25,105.5,107.58,105.35,107.58,959600,0.0
2004-05-26,107.45,107.93,107.21,107.8,223800,0.0
2004-05-27,108.45,108.64,107.67,108.3,441200,0.0
2004-05-28,108.45,108.49,108.06,108.4,179400,0.0
2004-06-01,108.3,108.59,107.75,108.5,193400,0.0
2004-06-02,108.73,109.12,108.26,108.8,419600,0.0
2004-06-03,108.75,108.75,107.93,107.93,123600,0.0
2004-06-04,108.8,109.16,108.36,108.58,147600,0.0
2004-06-07,109.2,110.24,109.08,110.2,207800,0.0
2004-06-08,110.1,110.4,109.86,110.34,451600,0.0
2004-06-09,110.2,110.2,109.25,109.36,202400,0.0
2004-06-10,109.55,109.71,109.41,109.61,351400,0.0
2004-06-14,109.3,109.3,108.3,108.48,611000,0.0
2004-06-15,109.0,109.8,108.96,109.37,141400,0.0
2004-06-16,109.6,109.6,109.1,109.45,137800,0.0
2004-06-17,109.33,109.44,108.75,109.42,154600,0.0
2004-06-18,109.23,109.99,109.05,109.45,829800,0.0
2004-06-21,109.65,109.81,109.13,109.18,130800,0.0
2004-06-22,109.01,109.59,108.65,109.47,314400,0.0
2004-06-23,109.42,110.65,109.28,110.6,92000,0.0
2004-06-24,110.6,110.76,110.208,110.39,312200,0.0
2004-06-25,110.35,110.78,109.92,110.27,157800,0.0
2004-06-28,110.3,110.35,109.23,109.31,535600,0.0
2004-06-29,109.45,109.93,109.29,109.78,122600,0.0
2004-06-30,110.0,110.52,109.54,110.22,494000,0.0
2004-07-01,110.3,110.43,108.7,109.15,351200,0.0
2004-07-02,109.2,109.2485,108.63,108.87,675000,0.0
2004-07-06,108.7,108.75,107.64,107.99,357000,0.0
2004-07-07,108.0,108.45,107.85,108.06,230400,0.0
2004-07-08,107.9,108.14,107.05,107.1,264000,0.0
2004-07-09,107.2,107.65,107.18,107.43,331600,0.0
2004-07-12,107.4,107.63,106.76,107.4,206000,0.0
2004-07-13,107.4,107.69,107.3,107.59,86200,0.0
2004-07-14,107.05,107.97,106.9,107.1,171400,0.0
2004-07-15,107.35,107.56,106.8,106.84,174200,0.0
2004-07-16,107.4,107.43,106.25,106.35,262200,0.0
2004-07-19,106.55,106.65,105.81,106.35,244000,0.0
2004-07-20,106.15,107.1,106.15,107.1,173600,0.0
2004-07-21,107.7,107.74,105.3,105.3,253800,0.0
2004-07-22,105.1,105.96,104.45,105.66,400000,0.0
2004-07-23,105.1,105.27,104.36,104.5,332400,0.0
2004-07-26,104.7,104.92,103.62,104.19,497800,0.0
2004-07-27,104.49,105.4,104.35,105.22,247800,0.0
2004-07-28,104.99,105.61,104.07,105.3,396400,0.0
2004-07-29,105.7,106.13,105.4,105.97,160200,0.0
2004-07-30,105.87,106.3,105.57,106.3,248800,0.0
2004-08-02,105.5,106.57,105.5,106.57,127400,0.0
2004-08-03,106.5,106.5,105.75,105.75,59800,0.0
2004-08-04,105.1,105.89,104.88,105.47,247200,0.0
2004-08-05,105.6,105.6,103.7,103.7,345800,0.0
2004-08-06,103.1,103.15,102.1,102.25,519800,0.0
2004-08-09,102.48,102.65,102.15,102.28,387600,0.0
2004-08-10,102.75,103.62,102.61,103.5,207400,0.0
2004-08-11,102.95,103.49,102.314,103.24,137400,0.0
2004-08-12,103.1,103.18,102.1,102.1,181800,0.0
2004-08-13,102.4,102.65,101.9,102.26,170800,0.0
2004-08-16,102.54,103.77,102.5,103.55,169000,0.0
2004-08-17,104.03,104.52,103.84,104.07,106000,0.0
2004-08-18,103.8,105.32,103.8,105.32,206600,0.0
2004-08-19,105.01,105.25,104.44,105.0,163400,0.0
2004-08-20,104.9,106.0,104.8,105.88,488600,0.0
2004-08-23,106.1,106.1,105.5,105.64,261600,0.0
2004-08-24,106.15,106.15,105.3,105.466,463200,0.0
2004-08-25,105.8,106.51,105.3,106.41,379400,0.0
2004-08-26,106.4,106.57,106.25,106.36,808600,0.0
2004-08-27,106.5,106.92,106.45,106.75,278400,0.0
2004-08-30,106.6,106.65,105.972,105.99,58200,0.0
2004-08-31,106.15,106.36,105.47,106.36,980600,0.0
2004-09-01,106.45,107.04,106.0,106.56,664800,0.0
2004-09-02,106.8,107.97,106.68,107.76,90400,0.0
2004-09-03,107.76,108.15,107.38,107.4,143400,0.0
2004-09-07,108.2,108.5,107.75,108.152,532800,0.0
2004-09-08,108.25,108.38,107.7,107.7,1112400,0.0
2004-09-09,107.8,108.32,107.5,107.92,268200,0.0
2004-09-10,107.95,108.74,107.56,108.64,654400,0.0
2004-09-13,108.85,109.22,108.6415,108.81,245800,0.0
2004-09-14,109.0,109.2,108.71,109.13,502400,0.0
2004-09-15,109.0,109.0,108.31,108.45,756000,0.0
2004-09-16,108.6,109.09,108.6,108.8,559800,0.0
2004-09-17,109.25,109.42,108.76,109.13,437200,0.0
2004-09-20,108.9,109.05,108.5,108.71,555400,0.0
2004-09-21,108.9,109.57,108.76,109.41,435000,0.0
2004-09-22,108.69,108.69,107.78,107.91,391800,0.0
2004-09-23,108.0,108.0,107.43,107.45,300200,0.0
2004-09-24,107.35,108.06,107.35,107.69,188800,0.0
2004-09-27,106.8,107.1,106.52,106.76,193600,0.0
2004-09-28,106.6,107.45,106.42,107.34,408000,0.0
2004-09-29,107.0,107.63,107.0,107.58,439800,0.0
2004-09-30,107.7,108.02,107.4015,107.76,283200,0.0
2004-10-01,108.35,109.5,108.35,109.5,205200,0.0
2004-10-04,110.0,110.46,109.86,109.86,198800,0.0
2004-10-05,110.0,110.14,109.59,109.83,80400,0.0
2004-10-06,109.7,110.5,109.7,110.5,76000,0.0
2004-10-07,110.4,110.49,109.34,109.5,236400,0.0
2004-10-08,109.4,109.68,108.38,108.59,259200,0.0
2004-10-11,108.95,108.95,108.58,108.85,630200,0.0
2004-10-12,108.1,108.85,107.97,108.61,155600,0.0
2004-10-13,108.75,108.91,107.4,107.81,159000,0.0
2004-10-14,107.9,107.9,106.78,106.85,238000,0.0
2004-10-15,107.25,107.82,106.75,107.43,243200,0.0
2004-10-18,107.3,108.04,106.87,107.9,121000,0.0
2004-10-19,108.2,108.35,106.94,106.95,388600,0.0
2004-10-20,106.75,107.15,106.11,106.98,177200,0.0
2004-10-21,107.2,107.65,106.79,107.47,225200,0.0
2004-10-22,107.7,107.7,106.46,106.5,1027600,0.0
2004-10-25,106.99,106.99,105.99,106.42,1294200,0.0
2004-10-26,106.5,108.1,106.5,108.1,1373200,0.0
2004-10-27,108.0,109.47,107.75,109.43,737600,0.0
2004-10-28,109.3,109.76,108.861,109.38,218400,0.0
2004-10-29,109.5,109.8,109.17,109.7,127400,0.0
2004-11-01,109.85,110.0,109.46,109.86,285200,0.0
2004-11-02,109.98,110.75,109.5,109.6,730600,0.0
2004-11-03,111.58,111.64,110.66,111.02,862400,0.0
2004-11-04,111.18,112.77,110.98,112.76,877200,0.0
2004-11-05,113.25,113.69,112.75,113.16,455800,0.0
2004-11-08,113.1,113.22,112.79,112.88,297000,0.0
2004-11-09,112.95,113.43,112.79,113.0,184000,0.0
2004-11-10,113.02,113.68,112.9,113.06,143200,0.0
2004-11-11,113.3,114.2,113.25,114.1215,180400,0.0
2004-11-12,114.3,115.13,113.91,115.1,219000,0.0
2004-11-15,115.15,115.3,114.85,115.18,814600,0.0
2004-11-16,115.15,115.15,114.41,114.5,924000,0.0
2004-11-17,115.29,115.82,114.75,115.17,343400,0.0
2004-11-18,115.0,115.35,114.81,115.35,125000,0.0
2004-11-19,115.15,115.3,113.77,113.95,799800,0.0
2004-11-22,113.95,114.74,113.65,114.7,1622400,0.0
2004-11-23,114.7,115.0,114.15,114.74,527800,0.0
2004-11-24,115.15,115.4,114.85,115.4,189000,0.0
2004-11-26,115.4,115.85,115.38,115.4,362200,0.0
2004-11-29,115.9,115.97,114.54,115.15,237600,0.0
2004-11-30,115.2,115.24,114.7,114.9,146000,0.0
2004-12-01,115.25,116.48,115.25,116.39,566600,0.0
2004-12-02,116.35,116.86,116.15,116.33,272600,0.0
2004-12-03,116.5,117.07,116.2,116.35,212800,0.0
2004-12-06,116.45,116.64,115.95,116.28,281400,0.0
2004-12-07,116.5,116.52,115.05,115.14,138200,0.0
2004-12-08,115.23,115.72,114.9,115.6,198400,0.0
2004-12-09,115.25,116.24,114.59,116.14,215200,0.0
2004-12-10,116.0,116.42,115.6,116.0,206200,0.0
2004-12-13,116.8,117.1,116.2,117.1,156400,0.0
2004-12-14,117.15,117.88,117.13,117.62,627400,0.0
2004-12-15,117.62,118.13,117.4,118.0,316600,0.0
2004-12-16,117.77,118.17,117.308,117.8,687400,0.0
2004-12-17,116.95,117.5,116.89,117.2,935200,0.0
2004-12-20,117.65,117.84,116.78,116.99,1990600,0.0
2004-12-21,117.55,118.09,117.16,118.08,243600,0.0
2004-12-22,118.1,118.78,118.1,118.52,168400,0.0
2004-12-23,118.7,118.99,118.5,118.65,1108200,0.0
2004-12-27,117.95,118.19,117.3,117.3,423200,0.0
2004-12-28,117.45,118.28,117.45,118.28,295000,0.0
2004-12-29,118.05,118.45,118.05,118.45,226200,0.0
2004-12-30,118.4,118.66,118.31,118.35,163800,0.0
2004-12-31,118.6,118.8,117.9,118.05,286200,0.0
2005-01-03,118.8,118.85,116.9,117.2,525000,0.0
2005-01-04,117.5,117.5,115.28,115.6385,244200,0.0
2005-01-05,115.75,115.95,114.84,114.84,380800,0.0
2005-01-06,115.1,115.79,114.86,115.39,201800,0.0
2005-01-07,115.6,115.65,114.71,115.02,271200,0.0
2005-01-10,115.1,116.1,115.08,115.48,584200,0.0
2005-01-11,115.3,115.3,114.52,114.78,212200,0.0
2005-01-12,114.9,115.29,114.0,115.29,434200,0.0
2005-01-13,115.03,115.26,114.18,114.39,151200,0.0
2005-01-14,114.7,115.21,114.43,114.9,243400,0.0
2005-01-18,114.94,116.28,114.61,116.15,266000,0.0
2005-01-19,116.1,116.25,115.11,115.11,199800,0.0
2005-01-20,114.75,114.92,114.13,114.41,227800,0.0
2005-01-21,114.5,114.82,113.7,113.82,390400,0.0
2005-01-24,113.8,114.18,113.08,113.21,239600,0.0
2005-01-25,113.55,114.16,113.21,113.5,227000,0.0
2005-01-26,113.9,114.34,113.69,114.2,132600,0.0
2005-01-27,113.98,114.61,113.85,114.36,148800,0.0
2005-01-28,114.36,114.43,113.45,113.94,171400,0.0
2005-01-31,114.75,115.12,114.65,115.1,291400,0.0
2005-02-01,115.1,115.94,115.05,115.75,176600,0.0
2005-02-02,116.0,116.5,115.83,116.28,167000,0.0
2005-02-03,116.0,116.09,115.63,116.0,177200,0.0
2005-02-04,115.95,117.25,115.95,117.15,125200,0.0
2005-02-07,117.3,117.52,116.9,117.1,267400,0.0
2005-02-08,117.1,117.53,117.01,117.3,181600,0.0
2005-02-09,117.4,117.41,116.1,116.2,199600,0.0
2005-02-10,116.6,116.84,116.0515,116.6,134200,0.0
2005-02-11,116.6,117.78,116.2,117.55,290000,0.0
2005-02-14,117.55,117.68,117.278,117.58,268000,0.0
2005-02-15,117.7,118.25,117.49,118.0,149800,0.0
2005-02-16,117.8,118.25,117.53,118.02,246400,0.0
2005-02-17,118.15,118.25,117.18,117.25,164600,0.0
2005-02-18,117.15,117.4,116.87,117.2,351200,0.0
2005-02-22,116.7,117.3085,115.43,115.43,361200,0.0
2005-02-23,115.9,116.29,115.49,116.04,156600,0.0
2005-02-24,116.01,117.0,115.49,116.92,129800,0.0
2005-02-25,117.0,118.2,116.95,118.09,505200,0.0
2005-02-28,118.1,118.13,116.94,117.5,207400,0.0
2005-03-01,117.7,118.33,117.7,118.17,90600,0.0
2005-03-02,117.55,118.77,117.55,118.07,199200,0.0
2005-03-03,118.3,118.65,117.57,118.2,128400,0.0
2005-03-04,118.78,119.57,118.65,119.39,213600,0.0
2005-03-07,119.3,120.01,119.3,119.69,202600,0.0
2005-03-08,119.55,119.65,118.85,118.93,118800,0.0
2005-03-09,118.65,118.9,117.773,117.85,200400,0.0
2005-03-10,118.0,118.07,117.076,117.64,114800,0.0
2005-03-11,117.87,118.26,116.96,117.26,191800,0.0
2005-03-14,117.3,117.84,117.18,117.84,184000,0.0
2005-03-15,118.25,118.43,117.16,117.22,227400,0.0
2005-03-16,116.85,116.9,115.91,116.21,317600,0.0
2005-03-17,116.21,116.75,116.0,116.35,183800,0.0
2005-03-18,116.55,116.55,115.64,116.1,535200,0.0
2005-03-21,116.15,116.24,115.25,115.74,280600,0.0
2005-03-22,115.98,116.5,114.75,114.75,257800,0.0
2005-03-23,114.75,115.0,114.2736,114.66,305600,0.0
2005-03-24,114.3,114.98,114.17,114.25,216800,0.0
2005-03-28,114.4,114.89,114.32,114.35,139800,0.0
2005-03-29,114.2,114.88,113.2,113.39,239600,0.0
2005-03-30,113.95,114.99,113.85,114.93,269600,0.0
2005-03-31,115.05,115.26,114.8,114.86,227200,0.0
2005-04-01,115.6,115.94,113.94,114.37,340200,0.0
2005-04-04,114.3,114.89,113.77,114.75,249800,0.0
2005-04-05,114.75,115.3,114.75,115.11,218800,0.0
2005-04-06,115.35,115.89,115.16,115.37,163200,0.0
2005-04-07,115.45,116.05,115.27,116.0,268000,0.0
2005-04-08,116.0,116.03,115.0,115.0,99600,0.0
2005-04-11,115.15,115.2,114.65,114.91,133400,0.0
2005-04-12,114.8,115.84,113.909,115.5,165000,0.0
2005-04-13,115.4,115.47,113.9,114.25,153000,0.0
2005-04-14,114.25,114.27,112.9,112.9,217400,0.0
2005-04-15,112.73,112.93,111.08,111.1,447600,0.0
2005-04-18,111.1,111.79,110.74,111.5,850200,0.0
2005-04-19,112.15,112.5,111.94,112.44,338200,0.0
2005-04-20,112.5,112.6,110.75,110.84,199600,0.0
2005-04-21,112.0,113.04,111.43,112.94,159800,0.0
2005-04-22,112.7,112.94,111.2,112.2,191400,0.0
2005-04-25,112.8,113.4,112.59,113.3,193800,0.0
2005-04-26,112.75,113.45,112.08,112.08,317200,0.0
2005-04-27,111.75,112.81,111.25,112.49,252800,0.0
2005-04-28,112.25,112.3,111.0,111.0,158800,0.0
2005-04-29,111.7,112.33,110.63,112.33,166400,0.0
2005-05-02,112.55,112.9,112.14,112.9,190000,0.0
2005-05-03,112.65,113.45,112.41,113.25,278200,0.0
2005-05-04,113.19,114.35,112.9,114.22,352200,0.0
2005-05-05,114.3,114.63,113.47,114.01,265000,0.0
2005-05-06,114.7,114.7,113.9,113.98,169000,0.0
2005-05-09,114.1,114.79,113.72,114.61,272600,0.0
2005-05-10,114.0,114.3,113.3,113.57,232200,0.0
2005-05-11,113.9,114.2,112.84,114.14,411800,0.0
2005-05-12,114.25,114.35,112.75,112.84,309600,0.0
2005-05-13,113.0,113.3,111.6088,112.36,421800,0.0
2005-05-16,112.5,113.55,112.44,113.48,253400,0.0
2005-05-17,113.3,114.43,113.0,114.26,176400,0.0
2005-05-18,115.0,115.8,114.84,115.64,217200,0.0
2005-05-19,115.75,116.23,115.58,116.16,267800,0.0
2005-05-20,115.92,116.2,115.59,116.0,124200,0.0
2005-05-23,116.16,116.89,116.07,116.6,236600,0.0
2005-05-24,116.45,116.73,116.15,116.6,230600,0.0
2005-05-25,116.45,116.45,115.72,116.17,214200,0.0
2005-05-26,116.55,117.02,116.44,116.83,296600,0.0
2005-05-27,116.75,117.13,116.71,117.01,147400,0.0
2005-05-31,117.01,117.1,116.53,116.69,138600,0.0
2005-06-01,116.7,117.96,116.66,117.66,278800,0.0
2005-06-02,117.25,117.94,117.25,117.84,132000,0.0
2005-06-03,117.84,117.99,117.0,117.16,171600,0.0
2005-06-06,117.25,117.42,116.8,117.35,180000,0.0
2005-06-07,117.65,118.49,117.4,117.43,305200,0.0
2005-06-08,117.75,117.81,116.93,117.16,233200,0.0
2005-06-09,116.9,117.8,116.75,117.77,186400,0.0
2005-06-10,117.9,117.95,117.05,117.62,285200,0.0
2005-06-13,117.58,118.37,117.33,117.89,200600,0.0
2005-06-14,117.85,118.57,117.78,118.29,135000,0.0
2005-06-15,118.7,118.72,117.74,118.45,177800,0.0
2005-06-16,118.4,119.08,118.4,119.0,156800,0.0
2005-06-17,119.75,119.83,119.23,119.51,139600,0.0
2005-06-20,119.15,119.75,119.0,119.5,278800,0.0
2005-06-21,119.55,119.58,119.1,119.27,206200,0.0
2005-06-22,119.75,119.88,119.07,119.5,146000,0.0
2005-06-23,119.5,119.56,118.05,118.05,185200,0.0
2005-06-24,118.05,118.05,116.9,117.05,412200,0.0
2005-06-27,116.9,117.3,116.51,116.76,378400,0.0
2005-06-28,117.19,118.0,116.55,117.95,143400,0.0
2005-06-29,118.15,118.18,117.67,117.75,235000,0.0
2005-06-30,118.03,118.22,117.06,117.17,243400,0.0
2005-07-01,117.4,117.72,117.254,117.6,101400,0.0
2005-07-05,117.45,118.7,117.33,118.62,225000,0.0
2005-07-06,118.53,118.7,117.71,117.71,130600,0.0
2005-07-07,116.5,118.11,116.5,118.05,287000,0.0
2005-07-08,118.1,119.6,118.032,119.5,767400,0.0
2005-07-11,119.5,120.35,119.5,120.35,186400,0.0
2005-07-12,120.38,120.87,119.96,120.55,191600,0.0
2005-07-13,120.67,120.76,120.2776,120.7,97800,0.0
2005-07-14,121.25,121.6,120.57,120.82,206800,0.0
2005-07-15,120.87,121.07,120.37,120.92,188200,0.0
2005-07-18,120.73,120.73,120.25,120.42,162200,0.0
2005-07-19,120.35,121.26,120.35,121.21,234400,0.0
2005-07-20,120.97,121.94,120.6,121.6,165800,0.0
2005-07-21,121.68,121.8,120.69,120.86,246000,0.0
2005-07-22,121.0,121.7,120.9,121.68,179000,0.0
2005-07-25,122.0,122.05,121.1,121.38,174000,0.0
2005-07-26,121.45,121.7,121.25,121.53,167000,0.0
2005-07-27,121.6,122.01,121.21,122.01,552200,0.0
2005-07-28,122.25,122.87,122.0,122.85,137400,0.0
2005-07-29,122.82,122.88,121.98,122.3,464200,0.0
2005-08-01,122.35,122.49,121.97,122.13,148800,0.0
2005-08-02,122.37,123.0,122.24,122.88,167800,0.0
2005-08-03,122.71,123.1,122.64,122.98,154200,0.0
2005-08-04,122.82,122.82,121.89,121.89,212200,0.0
2005-08-05,121.74,121.7436,120.77,120.95,149400,0.0
2005-08-08,121.23,121.54,120.45,120.55,116000,0.0
2005-08-09,121.1,121.46,120.88,121.17,342200,0.0
2005-08-10,121.8,122.358,120.84,121.35,191600,0.0
2005-08-11,121.35,122.01,121.03,121.94,167400,0.0
2005-08-12,121.5,121.65,120.79,121.19,157800,0.0
2005-08-15,121.5,122.58,120.94,121.81,194600,0.0
2005-08-16,121.63,121.63,120.22,120.22,192200,0.0
2005-08-17,120.32,120.86,120.104,120.21,182200,0.0
2005-08-18,119.98,120.54,119.72,120.08,210200,0.0
2005-08-19,120.62,120.7,120.3,120.5,96800,0.0
2005-08-22,120.81,121.16,119.95,120.39,737400,0.0
2005-08-23,120.5,120.5,119.79,120.23,216200,0.0
2005-08-24,120.06,120.83,119.4,119.44,179600,0.0
2005-08-25,119.77,119.91,119.4944,119.82,229400,0.0
2005-08-26,119.82,119.82,118.9,119.0,170400,0.0
2005-08-29,118.95,119.9,118.51,119.83,339000,0.0
2005-08-30,119.37,119.48,118.77,119.43,269400,0.0
2005-08-31,119.29,120.99,119.13,120.97,312000,0.0
2005-09-01,120.85,121.52,120.41,120.96,243600,0.0
2005-09-02,121.08,121.12,120.51,120.65,270000,0.0
2005-09-06,120.9,122.07,120.81,122.05,182400,0.0
2005-09-07,122.15,122.49,121.78,122.45,228800,0.0
2005-09-08,122.06,122.37,121.776,122.02,181400,0.0
2005-09-09,122.27,123.0,122.21,122.85,317000,0.0
2005-09-12,122.82,123.09,122.8,122.88,312600,0.0
2005-09-13,122.95,122.95,122.0,122.1,518600,0.0
2005-09-14,122.1,122.214,121.42,121.6,340000,0.0
2005-09-15,122.02,122.02,121.3,121.63,207600,0.0
2005-09-16,122.13,122.54,121.79,122.46,142000,0.0
2005-09-19,122.15,122.35,121.53,122.01,199000,0.0
2005-09-20,122.24,122.4,120.74,120.81,173600,0.0
2005-09-21,120.42,120.6,119.66,119.66,739800,0.0
2005-09-22,119.26,120.3,119.12,120.07,574800,0.0
2005-09-23,119.75,120.57,119.53,120.31,158600,0.0
2005-09-26,120.34,120.49,119.5,119.89,365000,0.0
2005-09-27,120.05,120.22,119.392,119.89,979000,0.0
2005-09-28,120.25,120.26,119.452,120.0,153000,0.0
2005-09-29,119.8,121.11,119.446,121.0,198200,0.0
2005-09-30,122.03,122.03,120.85,121.35,204800,0.0
2005-10-03,121.6,121.89,121.08,121.41,388800,0.0
2005-10-04,121.55,121.58,119.93,119.93,142200,0.0
2005-10-05,119.9,119.9,118.08,118.08,271200,0.0
2005-10-06,118.25,118.61,116.52,117.6,488600,0.0
2005-10-07,117.6,118.37,117.51,118.02,374000,0.0
2005-10-10,118.05,118.05,116.94,116.99,256200,0.0
2005-10-11,117.11,117.68,116.58,116.59,356400,0.0
2005-10-12,116.71,117.19,115.46,115.72,595600,0.0
2005-10-13,115.73,116.02,114.85,115.63,665400,0.0
2005-10-14,116.3,116.91,115.6,116.86,353000,0.0
2005-10-17,116.55,117.27,116.5,117.17,289000,0.0
2005-10-18,117.19,117.19,115.92,115.98,214600,0.0
2005-10-19,115.53,117.72,115.0801,117.68,316800,0.0
2005-10-20,117.68,117.88,115.32,115.92,399600,0.0
2005-10-21,116.56,116.95,115.76,116.48,235400,0.0
2005-10-24,117.02,118.42,116.85,118.42,395400,0.0
2005-10-25,118.09,118.52,117.274,118.13,265800,0.0
2005-10-26,117.95,118.75,117.458,117.69,180400,0.0
2005-10-27,117.35,117.51,116.1,116.14,321200,0.0
2005-10-28,116.87,117.9899,116.24,117.96,158600,0.0
2005-10-31,118.6,119.49,118.47,118.5,249200,0.0
2005-11-01,118.85,119.11,118.5,118.72,159200,0.0
2005-11-02,118.85,120.15,118.85,120.15,343200,0.0
2005-11-03,120.82,121.11,120.16,120.59,289200,0.0
2005-11-04,120.7,120.79,120.0,120.58,298600,0.0
2005-11-07,121.0,121.08,120.2701,120.67,267800,0.0
2005-11-08,120.47,120.81,120.19,120.6,573000,0.0
2005-11-09,120.6,121.3099,120.191,120.89,2139200,0.0
2005-11-10,120.8,121.76,120.04,121.61,633000,0.0
2005-11-11,121.85,122.22,121.58,122.15,158800,0.0
2005-11-14,122.3,122.3,121.74,121.9,250800,0.0
2005-11-15,122.13,122.4399,121.12,121.42,161200,0.0
2005-11-16,121.65,121.8,121.1825,121.65,148800,0.0
2005-11-17,122.1,122.94,121.87,122.79,206800,0.0
2005-11-18,123.26,123.6,122.6901,123.58,219000,0.0
2005-11-21,123.68,124.28,123.25,124.13,452800,0.0
2005-11-22,124.35,125.0,123.9,124.82,229000,0.0
2005-11-23,124.9,125.84,124.9,125.4,269600,0.0
2005-11-25,125.4,125.61,125.23,125.57,66200,0.0
2005-11-28,125.9,125.9099,124.2501,124.44,456800,0.0
2005-11-29,124.55,125.22,124.3701,124.46,270600,0.0
2005-11-30,124.7,124.78,123.75,123.97,278600,0.0
2005-12-01,124.64,125.59,124.48,125.52,1010400,0.0
2005-12-02,125.52,125.68,125.06,125.56,275600,0.0
2005-12-05,125.39,125.39,124.7,125.28,232200,0.0
2005-12-06,125.61,126.2199,125.13,125.26,216400,0.0
2005-12-07,125.27,125.41,124.2288,124.73,304800,0.0
2005-12-08,124.74,125.44,124.2,124.75,151000,0.0
2005-12-09,125.01,125.38,124.5,125.04,226800,0.0
2005-12-12,125.56,125.56,124.73,125.25,177800,0.0
2005-12-13,125.05,126.27,125.05,125.96,392800,0.0
2005-12-14,126.1,126.6399,125.73,126.21,165200,0.0
2005-12-15,126.41,126.41,125.65,125.89,718000,0.0
2005-12-16,126.2,126.3399,125.56,125.74,254600,0.0
2005-12-19,125.74,125.84,124.63,124.68,280400,0.0
2005-12-20,124.71,125.21,124.38,124.78,208600,0.0
2005-12-21,125.34,125.76,124.9,125.23,346400,0.0
2005-12-22,125.48,125.81,125.2101,125.81,168600,0.0
2005-12-23,125.86,126.0,125.63,125.89,162400,0.0
2005-12-27,125.51,125.56,123.99,124.07,396000,0.0
2005-12-28,124.35,124.5,123.98,124.25,316000,0.0
2005-12-29,124.48,124.49,123.79,123.79,222600,0.0
2005-12-30,123.31,123.61,123.1,123.33,1390200,0.0
2006-01-03,123.71,125.46,122.86,125.15,1769800,0.0
2006-01-04,125.32,126.06,125.25,126.06,763600,0.0
2006-01-05,125.97,126.11,125.5605,125.98,258200,0.0
2006-01-06,126.83,127.27,126.23,127.22,436000,0.0
2006-01-09,127.33,127.88,127.22,127.69,689600,0.0
2006-01-10,127.34,127.89,127.13,127.87,271000,0.0
2006-01-11,127.99,128.4,127.7,128.23,498000,0.0
2006-01-12,128.16,128.2,127.35,127.5,309800,0.0
2006-01-13,127.62,127.74,127.11,127.639,512800,0.0
2006-01-17,127.17,127.1999,126.74,127.19,377000,0.0
2006-01-18,126.19,127.0099,126.03,126.8,468800,0.0
2006-01-19,127.09,127.83,126.82,127.49,337000,0.0
2006-01-20,127.42,127.43,125.2104,125.25,596600,0.0
2006-01-23,125.53,125.98,125.3,125.62,593600,0.0
2006-01-24,125.98,126.53,125.73,126.0,769200,0.0
2006-01-25,126.47,126.61,125.2706,125.72,522600,0.0
2006-01-26,126.65,126.95,126.0804,126.79,252200,0.0
2006-01-27,127.0,128.06,126.9501,127.8,516400,0.0
2006-01-30,127.9,128.19,127.77,127.93,526800,0.0
2006-01-31,127.71,127.97,127.162,127.3,385400,0.0
2006-02-01,127.38,127.89,127.3,127.79,578000,0.0
2006-02-02,127.55,127.72,126.3301,126.65,428800,0.0
2006-02-03,126.11,126.6799,125.65,126.03,452600,0.0
2006-02-06,126.09,126.33,125.81,126.33,348200,0.0
2006-02-07,126.0,126.32,125.0,125.1,570000,0.0
2006-02-08,125.24,126.18,125.01,126.0,396400,0.0
2006-02-09,126.35,126.91,125.64,125.76,213000,0.0
2006-02-10,125.66,126.26,124.81,126.018,359000,0.0
2006-02-13,125.94,125.94,125.09,125.45,334200,0.0
2006-02-14,125.45,126.95,125.298,126.64,131000,0.0
2006-02-15,126.66,127.22,126.448,127.12,204600,0.0
2006-02-16,127.33,128.21,127.2801,128.111,194200,0.0
2006-02-17,128.18,128.3,127.75,127.96,240600,0.0
2006-02-21,128.35,128.55,127.4736,127.6,294200,0.0
2006-02-22,127.69,128.75,127.69,128.6,287600,0.0
2006-02-23,128.36,128.84,127.94,128.28,153800,0.0
2006-02-24,128.14,128.6999,128.0,128.48,180400,0.0
2006-02-27,128.7,129.3,128.7,128.85,460600,0.0
2006-02-28,128.6,128.68,127.4503,127.58,358400,0.0
2006-03-01,128.15,128.9,127.791,128.7,216400,0.0
2006-03-02,128.5,128.7601,128.011,128.61,148800,0.0
2006-03-03,128.26,129.429,128.201,128.4,323200,0.0
2006-03-06,128.64,128.64,127.27,127.46,279800,0.0
2006-03-07,127.24,127.35,126.65,126.94,218400,0.0
2006-03-08,126.72,127.49,126.2001,127.3,491800,0.0
2006-03-09,127.49,127.75,126.61,126.62,258400,0.0
2006-03-10,126.59,127.84,126.5,127.61,246800,0.0
2006-03-13,128.18,128.27,127.62,127.92,309200,0.0
2006-03-14,127.99,129.25,127.65,129.24,331000,0.0
2006-03-15,129.15,130.0,128.99,129.82,341800,0.0
2006-03-16,130.25,130.589,130.0,130.1,210000,0.0
2006-03-17,130.16,130.52,130.01,130.2,262600,0.0
2006-03-20,130.15,130.15,129.36,129.4,268800,0.0
2006-03-21,129.41,130.13,128.51,128.68,247000,0.0
2006-03-22,128.75,129.58,128.62,129.4601,252200,0.0
2006-03-23,129.3,129.48,128.91,129.43,295000,0.0
2006-03-24,129.49,129.91,129.07,129.6,443800,0.0
2006-03-27,129.45,129.66,129.196,129.51,240800,0.0
2006-03-28,129.65,130.0,128.62,128.748,195800,0.0
2006-03-29,128.75,130.15,128.75,129.95,175200,0.0
2006-03-30,130.09,130.6101,129.32,129.6,203600,0.0
2006-03-31,129.85,130.01,129.171,129.67,271600,0.0
2006-04-03,129.9,130.59,129.404,129.53,173400,0.0
2006-04-04,129.75,130.4314,129.234,130.28,207000,0.0
2006-04-05,130.36,130.99,130.12,130.76,317200,0.0
2006-04-06,130.77,130.98,130.0,130.699,223000,0.0
2006-04-07,130.99,131.26,129.16,129.3,276600,0.0
2006-04-10,129.7,129.87,129.01,129.47,381200,0.0
2006-04-11,129.77,129.79,127.88,128.3,453600,0.0
2006-04-12,128.39,128.7499,128.24,128.56,346800,0.0
2006-04-13,128.1,128.93,127.9801,128.53,322200,0.0
2006-04-17,128.36,129.019,127.81,128.33,211600,0.0
2006-04-18,128.86,130.79,128.84,130.54,369600,0.0
2006-04-19,130.7,131.1094,130.22,130.93,508200,0.0
2006-04-20,130.88,131.829,130.5801,131.11,115800,0.0
2006-04-21,131.78,131.8,130.61,131.05,704200,0.0
2006-04-24,130.93,130.93,130.26,130.67,196000,0.0
2006-04-25,130.73,131.0,129.86,130.25,158800,0.0
2006-04-26,130.51,131.05,130.17,130.28,260400,0.0
2006-04-27,129.48,131.37,129.34,130.66,313200,0.0
2006-04-28,130.6,131.42,130.51,130.91,155400,0.0
2006-05-01,131.47,131.5,130.1901,130.28,403400,0.0
2006-05-02,130.93,131.1,130.6,131.05,188600,0.0
2006-05-03,130.96,131.07,130.26,130.6701,196000,0.0
2006-05-04,131.29,131.46,130.8501,131.28,245800,0.0
2006-05-05,131.74,132.76,131.74,132.4,428800,0.0
2006-05-08,132.47,132.77,132.37,132.52,267800,0.0
2006-05-09,132.47,132.74,132.35,132.51,577200,0.0
2006-05-10,132.48,132.58,131.811,132.33,677600,0.0
2006-05-11,132.06,132.08,130.39,130.62,310200,0.0
2006-05-12,130.0,130.37,128.85,128.87,431600,0.0
2006-05-15,128.41,129.11,128.01,129.01,304400,0.0
2006-05-16,129.25,129.34,128.43,128.6,786400,0.0
2006-05-17,128.05,128.4156,126.25,126.25,654400,0.0
2006-05-18,126.69,127.32,125.56,125.66,627600,0.0
2006-05-19,126.1,126.85,125.07,126.37,636000,0.0
2006-05-22,125.56,126.38,124.59,125.62,405600,0.0
2006-05-23,126.85,126.96,124.62,124.64,2607000,0.0
2006-05-24,124.64,125.93,123.72,125.07,788000,0.0
2006-05-25,126.0,126.8,125.59,126.8,282400,0.0
2006-05-26,127.22,127.55,126.75,127.52,350800,0.0
2006-05-30,127.41,127.41,125.21,125.21,415400,0.0
2006-05-31,125.9,126.69,125.69,126.69,402600,0.0
2006-06-01,126.7,128.3,126.46,128.3,246000,0.0
2006-06-02,128.92,129.0,127.83,128.55,370600,0.0
2006-06-05,128.05,128.2399,126.08,126.39,275200,0.0
2006-06-06,126.55,126.72,124.89,125.8172,599400,0.0
2006-06-07,126.05,126.78,125.0,125.0,213000,0.0
2006-06-08,124.55,125.3128,122.76,124.88,996600,0.0
2006-06-09,125.56,125.73,124.37,124.4,277000,0.0
2006-06-12,125.11,125.11,122.74,122.77,536200,0.0
2006-06-13,122.67,123.6,121.26,121.31,1091200,0.0
2006-06-14,121.2,122.2,121.0,122.08,2880400,0.0
2006-06-15,123.3,125.21,122.62,124.9,554000,0.0
2006-06-16,124.9,124.9,123.8601,124.25,415400,0.0
2006-06-19,124.8,124.892,122.91,123.0,461400,0.0
2006-06-20,123.1,123.97,122.9342,123.03,2345200,0.0
2006-06-21,123.35,124.97,123.11,124.4,226400,0.0
2006-06-22,124.4,124.4,123.33,123.72,385800,0.0
2006-06-23,123.84,124.67,123.4,123.91,485600,0.0
2006-06-26,123.9,124.09,123.31,123.98,277600,0.0
2006-06-27,123.9,124.3599,122.8,122.8,238600,0.0
2006-06-28,123.35,123.67,122.53,123.67,202200,0.0
2006-06-29,124.2,126.37,124.2,126.37,400800,0.0
2006-06-30,126.91,126.92,126.06,126.31,463000,0.0
2006-07-03,127.0,127.32,126.5801,127.28,199800,0.0
2006-07-05,126.48,126.65,125.68,126.24,324600,0.0
2006-07-06,126.49,127.02,126.2,126.65,194000,0.0
2006-07-07,126.65,126.73,125.35,125.6,2556200,0.0
2006-07-10,126.0,126.44,125.41,125.75,333400,0.0
2006-07-11,125.73,126.3,124.86,126.21,243600,0.0
2006-07-12,126.27,126.3,124.64,124.86,227000,0.0
2006-07-13,124.2,124.5,123.0,123.0,433400,0.0
2006-07-14,122.7,123.07,121.55,122.28,689800,0.0
2006-07-17,122.12,122.84,121.8,122.07,489800,0.0
2006-07-18,122.12,122.78,121.03,122.48,419600,0.0
2006-07-19,122.86,125.0,122.86,124.5,469400,0.0
2006-07-20,124.98,125.05,123.23,123.23,252400,0.0
2006-07-21,123.3,123.38,122.17,122.25,304600,0.0
2006-07-24,122.9,124.66,122.81,124.63,235000,0.0
2006-07-25,124.35,125.71,124.23,125.05,338200,0.0
2006-07-26,125.1,125.91,124.53,125.39,211400,0.0
2006-07-27,125.95,126.07,124.506,125.07,223800,0.0
2006-07-28,125.12,126.46,125.12,126.17,293600,0.0
2006-07-31,126.14,126.39,125.84,126.16,233800,0.0
2006-08-01,125.65,125.6999,125.0,125.51,211400,0.0
2006-08-02,126.03,126.82,125.93,126.3,171000,0.0
2006-08-03,125.4,127.0,125.36,126.58,172000,0.0
2006-08-04,127.8,127.97,125.89,126.52,258600,0.0
2006-08-07,126.29,126.42,125.75,126.1,153200,0.0
2006-08-08,126.44,126.8,125.21,125.5156,208400,0.0
2006-08-09,126.42,126.7,124.8,124.88,314600,0.0
2006-08-10,124.44,125.61,124.35,125.36,164000,0.0
2006-08-11,125.39,125.39,124.41,124.97,433800,0.0
2006-08-14,125.75,126.21,124.94,125.2,194800,0.0
2006-08-15,126.4,126.9744,125.94,126.8,293800,0.0
2006-08-16,127.33,128.16,127.26,128.04,292800,0.0
2006-08-17,127.95,128.63,127.768,128.33,653400,0.0
2006-08-18,128.48,128.84,127.8,128.84,448400,0.0
2006-08-21,128.18,128.37,127.91,128.35,278200,0.0
2006-08-22,128.01,128.63,127.9,128.39,200200,0.0
2006-08-23,128.26,128.55,127.2,127.79,167600,0.0
2006-08-24,128.16,128.16,127.3,127.76,175200,0.0
2006-08-25,127.8,128.21,127.54,127.81,297800,0.0
2006-08-28,127.45,128.73,127.45,128.55,214000,0.0
2006-08-29,128.44,128.9516,127.8572,128.8,203600,0.0
2006-08-30,128.91,129.22,128.8299,129.08,240200,0.0
2006-08-31,129.28,129.38,128.9,129.06,349000,0.0
2006-09-01,129.65,129.97,129.19,129.81,154800,0.0
2006-09-05,129.82,130.23,129.53,130.07,340000,0.0
2006-09-06,129.55,129.55,128.57,128.68,169000,0.0
2006-09-07,128.21,128.7895,127.77,128.2,299200,0.0
2006-09-08,128.1,128.5799,128.03,128.46,169200,0.0
2006-09-11,128.28,128.81,127.5108,128.5,345200,0.0
2006-09-12,128.78,130.06,128.64,129.9592,158800,0.0
2006-09-13,130.1,130.7599,129.73,130.65,213800,0.0
2006-09-14,130.4,130.49,130.0482,130.37,499400,0.0
2006-09-15,130.99,131.1516,130.4924,130.68,251800,0.0
2006-09-18,130.54,131.19,130.39,130.87,275400,0.0
2006-09-19,131.05,131.05,129.7201,130.44,276200,0.0
2006-09-20,131.15,131.55,130.86,131.22,314400,0.0
2006-09-21,131.5,131.55,130.19,130.4,195400,0.0
2006-09-22,130.19,130.37,129.5801,130.07,177200,0.0
2006-09-25,129.88,130.8792,129.02,130.65,497400,0.0
2006-09-26,130.65,131.56,130.35,131.56,1265000,0.0
2006-09-27,131.5,132.0,131.3507,131.72,188400,0.0
2006-09-28,131.95,132.1188,131.34,131.8501,229400,0.0
2006-09-29,131.75,132.0,131.44,131.47,310200,0.0
2006-10-02,131.5,131.79,130.88,131.07,299400,0.0
2006-10-03,130.9,131.61,130.4206,131.27,200600,0.0
2006-10-04,131.1,132.77,130.91,132.66,673000,0.0
2006-10-05,132.8,133.4,132.6,133.3,424800,0.0
2006-10-06,133.12,133.12,132.4208,133.04,562000,0.0
2006-10-09,133.02,133.4216,132.6907,133.16,148000,0.0
2006-10-10,133.4,133.6699,133.0701,133.47,204200,0.0
2006-10-11,133.3,133.59,132.5,133.23,202400,0.0
2006-10-12,133.78,134.63,133.59,134.56,220200,0.0
2006-10-13,134.65,135.08,134.39,135.03,193000,0.0
2006-10-16,135.03,135.52,134.8507,135.4,251800,0.0
2006-10-17,135.08,135.14,134.09,134.87,392600,0.0
2006-10-18,135.85,135.85,134.5596,135.06,182800,0.0
2006-10-19,134.99,135.36,134.65,135.2084,184000,0.0
2006-10-20,135.37,135.37,134.7224,135.17,117800,0.0
2006-10-23,134.79,136.02,134.68,135.75,441400,0.0
2006-10-24,135.69,136.08,135.4,136.08,254800,0.0
2006-10-25,136.15,136.6,135.82,136.53,187600,0.0
2006-10-26,137.07,137.35,136.2472,137.25,423600,0.0
2006-10-27,137.04,137.14,136.02,136.2,460800,0.0
2006-10-30,135.98,136.54,135.65,136.25,221800,0.0
2006-10-31,136.53,136.64,135.5901,136.21,211200,0.0
2006-11-01,136.69,136.7,134.93,134.98,335600,0.0
2006-11-02,134.87,135.12,134.46,134.9,157200,0.0
2006-11-03,135.36,135.5,134.42,134.88,122800,0.0
2006-11-06,135.02,136.58,135.02,136.38,254600,0.0
2006-11-07,136.7,137.2899,136.4,136.85,252800,0.0
2006-11-08,136.33,137.4299,136.04,137.2,231200,0.0
2006-11-09,137.52,137.52,136.2,136.45,220800,0.0
2006-11-10,136.56,136.76,136.2,136.76,165400,0.0
2006-11-13,136.87,137.41,136.5672,137.07,188400,0.0
2006-11-14,137.6,138.2,136.63,138.14,703000,0.0
2006-11-15,138.3,139.1,138.19,138.6596,285000,0.0
2006-11-16,139.1,139.2,138.75,138.96,501600,0.0
2006-11-17,138.45,138.9,138.26,138.89,370600,0.0
2006-11-20,139.1,139.31,138.7,138.97,249200,0.0
2006-11-21,139.22,139.33,138.89,139.33,282800,0.0
2006-11-22,139.65,139.76,139.2409,139.72,168800,0.0
2006-11-24,139.16,139.65,139.0,139.31,130000,0.0
2006-11-27,139.25,139.25,137.1,137.1,489200,0.0
2006-11-28,136.95,137.7399,136.72,137.62,326000,0.0
2006-11-29,138.28,139.15,138.2108,139.03,312200,0.0
2006-11-30,139.3,139.79,138.51,139.25,342800,0.0
2006-12-01,139.45,139.4599,137.79,138.86,248000,0.0
2006-12-04,139.18,140.4099,139.1632,140.22,360600,0.0
2006-12-05,140.48,140.85,140.17,140.73,237400,0.0
2006-12-06,140.75,140.93,140.3201,140.65,197000,0.0
2006-12-07,141.02,141.12,140.0,140.02,159200,0.0
2006-12-08,140.13,140.77,139.66,140.26,204000,0.0
2006-12-11,140.44,140.83,140.18,140.56,209600,0.0
2006-12-12,140.58,140.61,139.63,140.337,194800,0.0
2006-12-13,141.04,141.04,140.28,140.58,281000,0.0
2006-12-14,140.74,141.82,140.7,141.65,280400,0.0
2006-12-15,142.29,142.29,141.61,141.69,309000,0.0
2006-12-18,142.05,142.17,140.9,141.11,274600,0.0
2006-12-19,140.8,141.53,140.2301,141.31,305800,0.0
2006-12-20,141.5,141.76,141.14,141.25,228800,0.0
2006-12-21,141.49,141.59,140.4,140.7,406800,0.0
2006-12-22,140.15,140.15,139.19,139.2,409200,0.0
2006-12-26,139.36,140.05,139.26,140.05,219400,0.0
2006-12-27,140.46,141.07,140.46,140.97,274000,0.0
2006-12-28,141.08,141.084,140.53,140.77,358400,0.0
2006-12-29,140.85,141.03,140.0,140.21,433800,0.0
2007-01-03,141.15,141.36,139.05,139.95,798600,0.0
2007-01-04,139.95,140.59,139.1684,140.23,3305000,0.0
2007-01-05,140.0,140.0,138.85,139.12,382000,0.0
2007-01-08,139.52,139.812,138.65,139.63,299000,0.0
2007-01-09,139.9,139.9,138.85,139.63,267000,0.0
2007-01-10,139.18,140.1,138.97,139.94,359200,0.0
2007-01-11,140.35,141.3099,140.2,141.0,352600,0.0
2007-01-12,141.1,141.93,140.9001,141.93,359400,0.0
2007-01-16,142.15,142.15,141.5,141.66,390000,0.0
2007-01-17,141.57,142.14,141.46,141.76,334000,0.0
2007-01-18,141.76,141.87,140.8,141.0,444600,0.0
2007-01-19,140.8,141.59,140.8,141.55,328600,0.0
2007-01-22,141.69,141.69,140.52,140.99,379600,0.0
2007-01-23,140.96,141.77,140.7004,141.39,295400,0.0
2007-01-24,141.8,142.68,141.5,142.64,284800,0.0
2007-01-25,142.82,142.82,140.83,141.04,425400,0.0
2007-01-26,141.47,141.55,140.36,140.95,220800,0.0
2007-01-29,141.17,141.56,140.74,140.98,274600,0.0
2007-01-30,141.47,141.7899,141.0952,141.7899,190800,0.0
2007-01-31,141.67,143.0999,141.4101,142.82,272000,0.0
2007-02-01,143.2,143.71,142.9728,143.64,452400,0.0
2007-02-02,143.82,143.99,143.5,143.82,468800,0.0
2007-02-05,144.0,144.0,143.45,143.99,306000,0.0
2007-02-06,144.3,144.3,143.4404,144.0,386200,0.0
2007-02-07,144.42,144.61,143.9899,144.47,511400,0.0
2007-02-08,143.98,144.44,143.654,144.29,178200,0.0
2007-02-09,144.3,144.64,142.6596,143.2,591800,0.0
2007-02-12,143.4,143.4,142.4,142.69,273186,0.0
2007-02-13,142.8,143.9,142.8,143.9,235636,0.0
2007-02-14,144.13,145.06,144.0001,144.86,361486,0.0
2007-02-15,144.95,145.13,144.6101,144.89,396600,0.0
2007-02-16,144.65,144.99,144.41,144.99,323800,0.0
2007-02-20,144.9,145.573,144.31,145.42,372400,0.0
2007-02-21,145.13,145.52,144.76,145.48,348200,0.0
2007-02-22,145.79,145.9,144.76,145.43,293800,0.0
2007-02-23,145.22,145.28,144.59,144.96,239600,0.0
2007-02-26,145.4,145.65,144.2801,144.77,396046,0.0
2007-02-27,143.15,143.28,135.17,139.4,1633600,0.0
2007-02-28,140.03,141.35,139.4,140.5,941200,0.0
2007-03-01,137.96,140.78,137.37,140.1,1120806,0.0
2007-03-02,139.55,140.02,138.05,138.1,387000,0.0
2007-03-05,136.8,138.575,136.33,136.5,803614,0.0
2007-03-06,137.7,139.294,137.6,138.8,541200,0.0
2007-03-07,138.98,139.5781,138.55,138.69,320200,0.0
2007-03-08,139.95,140.36,139.39,139.85,474800,0.0
2007-03-09,140.8,140.8,139.32,139.9,600800,0.0
2007-03-12,139.85,140.57,139.5801,140.27,242000,0.0
2007-03-13,139.5,139.9999,137.48,137.75,451400,0.0
2007-03-14,137.76,138.47,136.1,138.45,543000,0.0
2007-03-15,138.63,139.26,138.25,139.0,331800,0.0
2007-03-16,138.97,139.4,138.14,138.4,192200,0.0
2007-03-19,139.4,140.14,139.11,139.98,519400,0.0
2007-03-20,140.19,140.93,139.84,140.9,359200,0.0
2007-03-21,141.2,143.558,140.79,143.15,377600,0.0
2007-03-22,143.6,143.6,142.77,143.23,302200,0.0
2007-03-23,143.43,143.68,143.15,143.51,599800,0.0
2007-03-26,143.1,143.1,141.55,142.66,380600,0.0
2007-03-27,142.6,142.6,141.72,142.09,383800,0.0
2007-03-28,141.72,141.8155,140.65,141.16,663600,0.0
2007-03-29,142.45,142.45,140.5401,141.55,863000,0.0
2007-03-30,142.05,142.22,140.24,141.47,493200,0.0
2007-04-02,141.98,141.98,141.05,141.82,342800,0.0
2007-04-03,142.75,143.44,142.292,143.11,216600,0.0
2007-04-04,143.14,144.24,142.85,143.26,1364480,0.0
2007-04-05,143.26,143.89,143.1,143.66,411800,0.0
2007-04-09,144.23,144.24,143.696,143.83,335800,0.0
2007-04-10,143.95,144.28,143.88,144.23,237600,0.0
2007-04-11,144.45,144.45,143.02,143.31,265400,0.0
2007-04-12,143.05,144.25,142.8,144.25,316200,0.0
2007-04-13,144.51,144.73,143.85,144.73,235200,0.0
2007-04-16,145.35,146.3,145.35,146.19,697600,0.0
2007-04-17,146.4,146.79,146.09,146.42,307600,0.0
2007-04-18,146.1,146.9,145.94,146.55,847000,0.0
2007-04-19,145.78,146.59,145.48,146.28,452600,0.0
2007-04-20,147.4,147.64,146.8599,147.58,387800,0.0
2007-04-23,147.65,147.86,147.12,147.29,231200,0.0
2007-04-24,147.62,147.62,146.5,147.27,185400,0.0
2007-04-25,148.23,148.75,147.38,148.58,330400,0.0
2007-04-26,148.67,148.89,148.12,148.63,376600,0.0
2007-04-27,148.41,148.7699,147.98,148.47,554800,0.0
2007-04-30,148.75,148.75,147.13,147.1562,471000,0.0
2007-05-01,147.3,147.5604,146.44,147.49,310000,0.0
2007-05-02,147.85,148.9,147.65,148.58,438600,0.0
2007-05-03,148.69,149.34,148.63,149.24,407600,0.0
2007-05-04,149.81,149.98,149.11,149.68,440400,0.0
2007-05-07,149.77,150.08,149.77,149.92,329800,0.0
2007-05-08,149.38,149.8,148.95,149.77,349600,0.0
2007-05-09,149.58,150.51,149.05,150.3,423600,0.0
2007-05-10,149.87,149.97,148.2,148.41,513000,0.0
2007-05-11,148.93,149.81,148.65,149.8,279800,0.0
2007-05-14,149.98,150.19,148.86,149.35,419400,0.0
2007-05-15,149.7,150.35,148.939,148.95,439000,0.0
2007-05-16,149.67,150.23,148.94,150.23,676800,0.0
2007-05-17,150.1,150.51,149.6575,149.87,290600,0.0
2007-05-18,150.5,151.08,150.32,150.99,263800,0.0
2007-05-21,151.08,151.9738,151.0118,151.419,502600,0.0
2007-05-22,151.61,152.0,151.29,151.4,446200,0.0
2007-05-23,152.05,152.44,151.28,151.32,426000,0.0
2007-05-24,151.57,152.0287,149.5,149.77,859800,0.0
2007-05-25,150.45,150.84,150.0699,150.5,289400,0.0
2007-05-29,150.96,151.39,150.47,151.1,242600,0.0
2007-05-30,150.25,152.4,150.25,152.4,296652,0.0
2007-05-31,152.85,152.94,152.24,152.64,245400,0.0
2007-06-01,153.05,153.57,152.8,153.26,456600,0.0
2007-06-04,153.06,153.62,152.72,153.51,265800,0.0
2007-06-05,153.14,153.14,152.14,152.73,390314,0.0
2007-06-06,152.24,152.24,150.91,151.17,543942,0.0
2007-06-07,150.97,151.13,148.19,148.19,791800,0.0
2007-06-08,148.8,150.29,148.17,150.2192,1175600,0.0
2007-06-11,150.02,150.9499,149.72,150.4,881808,0.0
2007-06-12,149.86,150.47,148.55,148.55,408000,0.0
2007-06-13,149.54,150.87,149.25,150.87,488400,0.0
2007-06-14,151.03,152.11,151.03,151.95,445000,0.0
2007-06-15,153.03,153.319,152.58,152.76,364000,0.0
2007-06-18,152.95,153.0799,152.3601,152.52,532800,0.0
2007-06-19,152.4,153.0,152.01,152.94,588000,0.0
2007-06-20,153.31,153.31,150.88,150.93,806200,0.0
2007-06-21,150.87,151.85,150.0202,151.68,957400,0.0
2007-06-22,151.0,151.38,149.7601,150.4,670600,0.0
2007-06-25,149.48,150.41,148.3,148.77,642600,0.0
2007-06-26,149.44,149.49,147.5,147.56,603000,0.0
2007-06-27,147.49,149.74,147.16,149.74,456600,0.0
2007-06-28,149.7,150.55,149.61,149.72,310800,0.0
2007-06-29,150.31,150.86,148.54,149.38,292400,0.0
2007-07-02,149.5,151.26,149.5,151.11,412600,0.0
2007-07-03,151.5,151.79,151.35,151.76,221400,0.0
2007-07-05,151.97,151.97,151.0,151.68,375800,0.0
2007-07-06,151.95,152.59,151.39,152.52,285400,0.0
2007-07-09,152.85,152.85,152.02,152.44,272400,0.0
2007-07-10,151.75,151.91,150.18,150.35,365000,0.0
2007-07-11,150.36,151.48,149.91,151.45,417200,0.0
2007-07-12,152.12,153.9299,151.9,153.74,375800,0.0
2007-07-13,153.82,154.67,153.6,154.2,341600,0.0
2007-07-16,154.24,154.71,153.734,154.09,338394,0.0
2007-07-17,154.19,154.61,153.82,154.0,493600,0.0
2007-07-18,152.99,153.77,152.3488,153.65,984400,0.0
2007-07-19,154.38,154.54,153.93,154.02,335200,0.0
2007-07-20,154.18,154.18,151.92,152.64,795600,0.0
2007-07-23,153.2,153.66,152.88,152.94,803200,0.0
2007-07-24,151.92,152.21,149.6101,150.26,619400,0.0
2007-07-25,151.17,151.24,149.07,150.29,666470,0.0
2007-07-26,148.5,149.26,145.12,146.73,994000,0.0
2007-07-27,147.17,148.03,143.81,143.97,1243718,0.0
2007-07-30,144.94,146.54,144.15,146.1,1127400,0.0
2007-07-31,147.35,147.84,143.94,144.1,1254600,0.0
2007-08-01,144.07,145.469,142.68,144.95,1422820,0.0
2007-08-02,145.45,146.301,144.81,146.18,456288,0.0
2007-08-03,145.9,146.0,141.71,142.38,1675600,0.0
2007-08-06,142.93,145.0,141.16,144.78,1626800,0.0
2007-08-07,144.25,147.11,143.94,145.87,673600,0.0
2007-08-08,147.13,148.9,146.28,148.07,1632200,0.0
2007-08-09,145.65,147.25,143.98,144.05,703200,0.0
2007-08-10,142.77,145.23,141.72,143.72,968800,0.0
2007-08-13,145.69,145.69,144.0,144.0,1150000,0.0
2007-08-14,144.25,144.4878,141.49,141.49,919000,0.0
2007-08-15,141.42,142.87,139.19,139.6,1019000,0.0
2007-08-16,138.2,140.5,135.74,140.5,2626200,0.0
2007-08-17,143.72,144.5,140.82,143.06,1781400,0.0
2007-08-20,143.69,144.0,141.89,143.36,1095800,0.0
2007-08-21,143.05,144.356,142.83,143.38,608400,0.0
2007-08-22,144.96,145.49,144.12,145.38,1192200,0.0
2007-08-23,146.21,146.24,144.29,145.15,1235400,0.0
2007-08-24,145.1,146.85,144.9,146.85,994200,0.0
2007-08-27,146.43,146.48,145.32,145.32,1178400,0.0
2007-08-28,144.57,144.7,142.06,142.34,2046000,0.0
2007-08-29,143.08,145.29,142.655,145.17,2224400,0.0
2007-08-30,143.8,145.82,143.8,144.79,1506400,0.0
2007-08-31,146.43,147.08,145.51,146.22,1065600,0.0
2007-09-04,146.1,148.74,146.1,147.92,1268600,0.0
2007-09-05,147.13,147.21,145.828,146.62,2152400,0.0
2007-09-06,146.66,147.4,145.93,147.06,1160400,0.0
2007-09-07,145.1,145.53,144.04,144.93,2222800,0.0
2007-09-10,145.31,145.45,142.9,144.31,816600,0.0
2007-09-11,144.8,146.26,144.79,146.2,636800,0.0
2007-09-12,145.95,146.94,145.6,146.7,997400,0.0
2007-09-13,146.92,147.89,146.5601,147.25,753600,0.0
2007-09-14,146.31,147.5,146.26,147.376,782600,0.0
2007-09-17,146.97,147.1,146.1,146.6,573000,0.0
2007-09-18,147.34,150.808,146.75,150.69,1233200,0.0
2007-09-19,151.84,152.79,151.19,151.78,1256800,0.0
2007-09-20,151.63,151.87,150.5,150.86,770800,0.0
2007-09-21,151.65,152.04,151.22,151.22,503400,0.0
2007-09-24,150.75,151.34,149.82,150.15,823000,0.0
2007-09-25,149.12,150.076,148.93,149.8,1025000,0.0
2007-09-26,150.88,151.27,150.22,150.9,321400,0.0
2007-09-27,151.45,151.78,151.0,151.73,549368,0.0
2007-09-28,152.35,152.35,150.69,151.2,518800,0.0
2007-10-01,151.5,153.35,151.5,153.15,579200,0.0
2007-10-02,153.4,153.46,152.7,152.9,802200,0.0
2007-10-03,152.75,153.25,152.29,152.66,528000,0.0
2007-10-04,153.1,153.1,152.42,152.95,399000,0.0
2007-10-05,153.94,155.09,153.54,154.61,573600,0.0
2007-10-08,154.63,154.63,153.83,154.41,343800,0.0
2007-10-09,154.64,155.5,154.09,155.49,412000,0.0
2007-10-10,155.17,155.5,154.44,155.19,456600,0.0
2007-10-11,156.06,156.51,153.49,154.31,1170200,0.0
2007-10-12,154.51,155.28,154.25,155.08,325000,0.0
2007-10-15,155.22,155.22,153.0,153.87,524000,0.0
2007-10-16,153.05,153.5,152.44,152.78,665400,0.0
2007-10-17,153.92,153.92,151.36,152.89,414800,0.0
2007-10-18,152.68,153.17,152.02,152.93,212800,0.0
2007-10-19,152.23,152.23,148.75,149.0,886400,0.0
2007-10-22,147.81,149.94,147.81,149.73,610600,0.0
2007-10-23,150.67,150.97,149.3201,150.8,971600,0.0
2007-10-24,150.3,150.76,147.98,150.7,1817800,0.0
2007-10-25,150.6,151.35,148.97,150.6,1041800,0.0
2007-10-26,152.15,152.41,150.84,152.41,550200,0.0
2007-10-29,153.09,153.31,152.44,153.02,470000,0.0
2007-10-30,152.37,152.6768,151.7601,151.93,555200,0.0
2007-10-31,152.72,154.18,151.72,153.91,375400,0.0
2007-11-01,152.22,152.23,149.67,150.01,808600,0.0
2007-11-02,150.5,150.5,148.39,149.98,765600,0.0
2007-11-05,149.7,149.93,147.9,148.8,585862,0.0
2007-11-06,150.63,150.86,148.68,150.86,413270,0.0
2007-11-07,149.36,149.88,146.58,146.7,1427208,0.0
2007-11-08,145.0,147.48,144.118,146.51,1493416,0.0
2007-11-09,144.19,146.49,144.01,144.58,690204,0.0
2007-11-12,143.86,145.54,142.63,142.7,921854,0.0
2007-11-13,144.69,147.118,144.28,146.87,577732,0.0
2007-11-14,148.06,148.2899,145.77,146.36,664342,0.0
2007-11-15,145.86,146.34,143.5,144.25,359078,0.0
2007-11-16,145.37,145.37,143.37,144.82,866718,0.0
2007-11-19,143.81,144.09,142.0,142.45,649872,0.0
2007-11-20,143.59,144.15,140.74,143.0,977670,0.0
2007-11-21,141.52,142.4,140.38,140.5,766120,0.0
2007-11-23,143.45,143.45,141.42,142.6,594994,0.0
2007-11-26,142.76,143.54,139.68,139.81,1282966,0.0
2007-11-27,141.02,141.9,139.7899,141.52,975468,0.0
2007-11-28,142.93,146.0764,142.93,145.85,788956,0.0
2007-11-29,145.0,146.3,144.9,145.916,653082,0.0
2007-11-30,147.61,148.0,146.08,146.95,532138,0.0
2007-12-03,146.86,147.1,146.0,146.06,490816,0.0
2007-12-04,145.17,145.9,144.95,145.12,544024,0.0
2007-12-05,146.23,147.55,146.23,147.29,520458,0.0
2007-12-06,147.21,149.82,147.09,149.42,480004,0.0
2007-12-07,150.15,150.16,149.38,149.6,1367674,0.0
2007-12-10,150.25,151.03,149.6999,150.88,1318012,0.0
2007-12-11,151.0,151.56,146.75,146.77,1135684,0.0
2007-12-12,151.56,151.56,145.93,147.7,780926,0.0
2007-12-13,147.44,147.8804,145.92,147.72,608694,0.0
2007-12-14,146.51,147.57,145.63,145.7,403178,0.0
2007-12-17,145.0,145.19,143.34,143.47,927980,0.0
2007-12-18,144.66,144.92,142.35,144.5,905860,0.0
2007-12-19,144.75,145.23,143.47,144.35,1113970,0.0
2007-12-20,145.0,145.0,142.983,144.58,803012,0.0
2007-12-21,147.02,147.02,145.83,146.81,794650,0.0
2007-12-24,148.0,148.2,147.28,148.18,334288,0.0
2007-12-26,147.65,148.365,147.3144,148.3,662628,0.0
2007-12-27,147.53,147.82,146.01,146.44,841262,0.0
2007-12-28,147.23,147.26,145.66,145.88,698646,0.0
2007-12-31,146.15,146.15,144.88,145.15,1137220,0.0
2008-01-02,145.2,145.6,142.71,143.43,1004438,0.0
2008-01-03,143.5,144.1,142.7,143.26,1166226,0.0
2008-01-04,141.66,142.0,139.4,139.43,1265314,0.0
2008-01-07,140.06,140.56,138.36,139.5,3562526,0.0
2008-01-08,140.19,141.18,136.73,137.0,2889800,0.0
2008-01-09,137.38,138.75,135.6,138.45,3371248,0.0
2008-01-10,137.72,140.75,137.27,139.36,2462618,0.0
2008-01-11,138.87,139.5,137.35,138.05,996512,0.0
2008-01-14,138.76,139.51,138.255,139.38,926942,0.0
2008-01-15,137.74,137.95,135.93,136.0,1058186,0.0
2008-01-16,135.23,137.16,134.22,135.18,2500772,0.0
2008-01-17,135.49,135.79,131.16,131.46,2217990,0.0
2008-01-18,132.05,133.15,129.28,130.57,2552386,0.0
2008-01-22,123.67,130.51,120.0,129.12,3835948,0.0
2008-01-23,125.98,132.5,125.35,132.5,2386534,0.0
2008-01-24,133.2,133.82,131.81,133.35,2845900,0.0
2008-01-25,135.19,135.19,131.18,131.41,2104640,0.0
2008-01-28,131.75,134.16,130.65,134.16,1608258,0.0
2008-01-29,134.84,135.07,133.51,134.71,945688,0.0
2008-01-30,134.33,137.1,133.38,133.49,1737492,0.0
2008-01-31,131.97,137.26,131.77,136.2,1611076,0.0
2008-02-01,136.76,138.45,136.37,138.4,1152358,0.0
2008-02-04,138.55,138.55,136.71,136.76,1430644,0.0
2008-02-05,134.96,135.4,132.81,132.88,1677042,0.0
2008-02-06,133.77,134.3,131.4785,131.87,1308780,0.0
2008-02-07,131.1,133.7543,130.731,133.08,926822,0.0
2008-02-08,132.52,133.28,131.34,132.3,1173474,0.0
2008-02-11,132.12,133.39,131.22,133.07,1605012,0.0
2008-02-12,134.79,135.3399,133.11,134.3,887232,0.0
2008-02-13,135.83,136.11,134.3,135.83,954340,0.0
2008-02-14,136.26,136.26,133.87,134.07,1227374,0.0
2008-02-15,134.34,134.34,132.9,134.1,787516,0.0
2008-02-19,136.4,136.4,133.67,134.53,1134270,0.0
2008-02-20,133.07,135.5,132.7701,135.16,1755364,0.0
2008-02-21,135.94,136.0701,133.1332,133.65,1146296,0.0
2008-02-22,134.04,134.64,131.9,134.27,1572550,0.0
2008-02-25,134.42,136.6,133.72,136.52,1160674,0.0
2008-02-26,135.66,138.02,135.6,137.4,1607696,0.0
2008-02-27,136.69,138.18,136.43,137.18,1033948,0.0
2008-02-28,136.32,136.85,135.5,135.8,708856,0.0
2008-02-29,134.67,134.67,131.829,132.8,1094402,0.0
2008-03-03,132.23,132.7499,131.2148,132.33,752526,0.0
2008-03-04,131.4,132.29,129.98,131.91,1223664,0.0
2008-03-05,132.47,133.59,131.31,132.6499,1359082,0.0
2008-03-06,132.0,132.17,129.4,129.9,1011804,0.0
2008-03-07,128.62,130.46,127.41,128.5,1835672,0.0
2008-03-10,128.73,128.73,126.28,126.54,998834,0.0
2008-03-11,129.67,131.02,127.5059,131.02,1194892,0.0
2008-03-12,131.4,132.174,129.77,129.77,664924,0.0
2008-03-13,127.73,131.2841,127.23,130.61,1079858,0.0
2008-03-14,131.63,131.63,126.75,128.21,1683296,0.0
2008-03-17,125.2,127.75,124.84,126.73,2184408,0.0
2008-03-18,129.03,132.0,128.48,132.0,1506084,0.0
2008-03-19,132.69,132.97,128.47,128.47,868142,0.0
2008-03-20,129.99,131.75,128.32,131.16,1416782,0.0
2008-03-24,132.22,134.85,132.17,134.0,1368488,0.0
2008-03-25,133.33,134.18,132.47,133.57,1363042,0.0
2008-03-26,133.23,133.29,132.0,132.0,1088558,0.0
2008-03-27,132.85,133.18,131.17,131.51,1237874,0.0
2008-03-28,131.76,132.13,129.92,130.34,991180,0.0
2008-03-31,130.2,131.5,129.902,131.0,721352,0.0
2008-04-01,132.65,135.5,132.42,135.47,1024922,0.0
2008-04-02,135.7,136.4,134.8332,135.56,632960,0.0
2008-04-03,134.77,136.192,134.514,135.72,626884,0.0
2008-04-04,135.9,136.86,134.989,135.77,655558,0.0
2008-04-07,136.88,137.37,135.62,135.84,705322,0.0
2008-04-08,135.12,135.7928,134.906,135.59,599092,0.0
2008-04-09,135.68,135.73,133.7,134.37,623526,0.0
2008-04-10,134.26,135.568,133.83,135.05,435878,0.0
2008-04-11,133.65,133.93,132.0,132.29,698238,0.0
2008-04-14,132.2,132.58,131.6,131.8399,776242,0.0
2008-04-15,132.6,132.612,131.3468,132.47,595608,0.0
2008-04-16,133.59,135.75,133.58,135.75,665520,0.0
2008-04-17,135.24,136.0,134.64,135.92,842134,0.0
2008-04-18,137.81,138.4,137.18,137.79,1144640,0.0
2008-04-21,137.17,137.88,136.814,137.5,606138,0.0
2008-04-22,137.14,137.14,135.64,136.3501,640006,0.0
2008-04-23,136.87,137.5,135.98,136.77,711986,0.0
2008-04-24,137.0,138.43,135.78,137.53,1118006,0.0
2008-04-25,138.21,138.76,136.78,138.59,896642,0.0
2008-04-28,138.85,139.18,138.21,138.53,658788,0.0
2008-04-29,138.35,138.62,137.5,137.95,871426,0.0
2008-04-30,138.38,139.4,137.33,137.4,973474,0.0
2008-05-01,137.4,139.836,137.2,139.82,876348,0.0
2008-05-02,141.16,141.2,139.41,140.2199,1010166,0.0
2008-05-05,139.97,140.35,139.28,139.5,848994,0.0
2008-05-06,139.0,141.03,138.67,140.688,978202,0.0
2008-05-07,140.7,141.0,138.22,138.71,1257902,0.0
2008-05-08,138.9,139.38,138.06,138.43,757902,0.0
2008-05-09,137.69,138.61,137.5,138.35,723408,0.0
2008-05-12,138.58,139.78,137.925,139.78,860484,0.0
2008-05-13,140.17,140.194,139.07,139.942,1498264,0.0
2008-05-14,140.6,141.65,140.3,140.38,1250570,0.0
2008-05-15,140.5,142.0,140.28,141.87,2036414,0.0
2008-05-16,142.34,142.36,141.0,142.12,774736,0.0
2008-05-19,142.31,143.6,141.67,142.34,918992,0.0
2008-05-20,141.71,141.71,140.4772,141.17,1100326,0.0
2008-05-21,141.4,141.61,138.55,138.8,2175118,0.0
2008-05-22,139.05,139.67,138.8,139.27,2396382,0.0
2008-05-23,138.51,138.79,137.1684,137.26,1198646,0.0
2008-05-27,137.57,138.65,137.25,138.46,1256656,0.0
2008-05-28,138.94,139.29,137.98,139.29,692310,0.0
2008-05-29,139.06,140.8,139.044,139.9,680020,0.0
2008-05-30,140.39,140.7216,140.0,140.17,1189748,0.0
2008-06-02,139.97,139.98,138.12,139.05,1322168,0.0
2008-06-03,139.52,139.84,137.52,138.3,1897096,0.0
2008-06-04,138.0,139.57,137.92,138.55,977154,0.0
2008-06-05,138.93,141.25,138.75,141.25,961098,0.0
2008-06-06,139.98,140.21,136.99,136.99,1401530,0.0
2008-06-09,137.51,138.0,135.9476,137.1,1953742,0.0
2008-06-10,136.22,137.44,135.99,136.41,790788,0.0
2008-06-11,136.35,136.54,134.35,134.35,873914,0.0
2008-06-12,135.09,136.12,133.88,134.75,1118704,0.0
2008-06-13,135.45,136.75,135.0,136.75,1205078,0.0
2008-06-16,136.0,137.44,135.837,136.98,1009322,0.0
2008-06-17,137.7,137.7,136.0,136.0,1220008,0.0
2008-06-18,67.8,67.89,67.23,67.5,595422,0.0
2008-06-19,67.43,67.95,67.14,67.7,578302,0.0
2008-06-20,67.2,67.23,66.31,66.6,926541,0.0
2008-06-23,66.94,66.94,66.3518,66.4,1169851,0.0
2008-06-24,65.97,66.436,65.4,65.76,963647,0.0
2008-06-25,66.06,66.91,66.06,66.23,1171163,0.0
2008-06-26,65.7,65.71,64.31,64.31,1620564,0.0
2008-06-27,64.36,64.7,63.826,64.22,1577328,0.0
2008-06-30,64.24,64.7,63.95,64.09,1010565,0.0
2008-07-01,63.49,64.39,63.15,64.39,1631499,0.0
2008-07-02,64.56,64.73,63.03,63.07,1119629,0.0
2008-07-03,63.47,63.51,62.48,63.01,1190535,0.0
2008-07-07,63.27,63.56,61.89,62.4,1455431,0.0
2008-07-08,62.36,63.63,61.9,63.55,1888016,0.0
2008-07-09,63.69,63.82,62.1999,62.26,1815811,0.0
2008-07-10,62.32,62.92,61.84,62.65,1456555,0.0
2008-07-11,61.95,62.883,61.26,62.1,1519242,0.0
2008-07-14,62.94,62.94,61.28,61.49,1726033,0.0
2008-07-15,60.95,61.92,60.09,60.7,2949038,0.0
2008-07-16,60.94,62.44,60.7,62.1,2053356,0.0
2008-07-17,62.8,63.51,62.25,62.75,2702140,0.0
2008-07-18,63.33,63.33,62.77,63.1,3186927,0.0
2008-07-21,63.48,63.5164,63.0,63.27,1926211,0.0
2008-07-22,62.86,64.15,62.65,64.11,2734220,0.0
2008-07-23,64.23,64.85,64.05,64.42,2901048,0.0
2008-07-24,64.5,64.5,62.75,62.906,2289528,0.0
2008-07-25,63.14,63.3622,62.81,63.1,1963068,0.0
2008-07-28,63.39,63.39,62.0,62.25,2018562,0.0
2008-07-29,62.26,63.57,62.25,63.57,2603196,0.0
2008-07-30,63.81,64.46,63.5,64.4201,2283386,0.0
2008-07-31,63.9309,64.53,63.64,63.69,1907762,0.0
2008-08-01,63.86,63.93,63.01,63.41,2238454,0.0
2008-08-04,63.38,63.4,62.61,62.88,1165080,0.0
2008-08-05,63.24,64.49,63.17,64.49,958850,0.0
2008-08-06,64.27,64.83,63.982,64.57,1769087,0.0
2008-08-07,64.34,64.4,63.48,63.65,1082451,0.0
2008-08-08,63.62,65.159,63.413,65.0,1044145,0.0
2008-08-11,64.97,66.008,64.85,65.65,1340055,0.0
2008-08-12,65.43,65.46,64.68,64.93,1212098,0.0
2008-08-13,64.7,65.18,64.199,64.78,1474382,0.0
2008-08-14,64.32,65.51,64.32,65.12,1612791,0.0
2008-08-15,65.46,65.7,65.09,65.5,1660796,0.0
2008-08-18,65.67,65.67,64.24,64.54,1846076,0.0
2008-08-19,64.17,64.23,63.62,63.86,2000180,0.0
2008-08-20,64.0,64.31,63.55,64.09,1756994,0.0
2008-08-21,63.73,64.5,63.68,64.26,1372291,0.0
2008-08-22,64.61,65.16,64.55,65.16,1487420,0.0
2008-08-25,64.77,64.77,63.63,63.79,1522266,0.0
2008-08-26,63.8,64.18,63.53,64.0,1304466,0.0
2008-08-27,64.07,64.72,63.94,64.43,1289146,0.0
2008-08-28,64.91,65.48,64.84,65.48,1798222,0.0
2008-08-29,65.17,65.36,64.62,64.62,1194525,0.0
2008-09-02,65.36,65.7,64.05,64.35,1421223,0.0
2008-09-03,64.33,64.5576,63.75,64.23,1210575,0.0
2008-09-04,63.79,63.84,62.26,62.26,1555626,0.0
2008-09-05,61.98,62.74,61.2954,62.63,3153963,0.0
2008-09-08,64.39,64.42,62.75,63.72,1532855,0.0
2008-09-09,63.65,63.79,61.51,61.51,1904265,0.0
2008-09-10,62.19,62.59,61.38,61.92,1427370,0.0
2008-09-11,61.3,62.82,60.95,62.79,1718206,0.0
2008-09-12,62.26,63.41,62.03,63.41,1160214,0.0
2008-09-15,61.2,62.29,60.31,60.5,2179301,0.0
2008-09-16,59.23,61.28,58.82,61.28,3943011,0.0
2008-09-17,60.14,60.45,58.33,58.54,2977978,0.0
2008-09-18,59.26,61.26,57.27,60.5,4643713,0.0
2008-09-19,63.42,63.42,62.33,63.42,2179655,0.0
2008-09-22,63.14,63.2,60.9,61.23,3320194,0.0
2008-09-23,61.04,61.74,60.02,60.19,4866388,0.0
2008-09-24,60.2,60.53,59.38,59.84,1858115,0.0
2008-09-25,60.75,61.21,59.94,60.91,2569366,0.0
2008-09-26,59.59,60.95,59.52,60.86,1947067,0.0
2008-09-29,59.88,60.05,55.89,56.85,4238064,0.0
2008-09-30,58.0,59.23,56.5,58.36,3220184,0.0
2008-10-01,58.29,58.5199,57.1654,58.29,3352646,0.0
2008-10-02,57.89,58.06,55.5,55.67,2146855,0.0
2008-10-03,56.5,57.51,54.63,54.82,2656977,0.0
2008-10-06,53.3,53.439,50.04,52.91,8437402,0.0
2008-10-07,53.18,53.38,49.6,49.68,3767968,0.0
2008-10-08,48.39,50.72,47.87,48.73,4013304,0.0
2008-10-09,49.57,50.07,45.2,45.674,5656956,0.0
2008-10-10,43.17,46.95,41.72,44.35,7939026,0.0
2008-10-13,47.05,50.23,46.66,50.04,7777798,0.0
2008-10-14,52.8,53.5,48.31,49.61,8395338,0.0
2008-10-15,48.48,48.64,44.86,44.97,4040854,0.0
2008-10-16,45.24,47.0499,42.95,47.04,3861908,0.0
2008-10-17,45.62,48.9,45.52,46.6,4685127,0.0
2008-10-20,47.58,48.99,46.95,48.99,3323000,0.0
2008-10-21,48.44,49.0,47.35,47.51,5601159,0.0
2008-10-22,46.31,46.51,43.57,44.86,7076950,0.0
2008-10-23,44.95,45.78,42.47,45.42,8369623,0.0
2008-10-24,41.4,44.36,41.4,43.24,9436401,0.0
2008-10-27,42.5,44.07,41.75,41.84,11272520,0.0
2008-10-28,42.99,46.04,41.63,46.04,11192780,0.0
2008-10-29,45.5,47.8,45.45,45.58,13198470,0.0
2008-10-30,47.46,47.6,45.88,47.12,17878240,0.0
2008-10-31,47.33,48.79,46.72,48.16,19027510,0.0
2008-11-03,48.06,48.47,47.5812,48.0,7864168,0.0
2008-11-04,49.13,49.89,48.67,49.73,9068195,0.0
2008-11-05,49.17,49.58,47.11,47.27,22995039,0.0
2008-11-06,46.78,47.21,44.67,44.95,21517461,0.0
2008-11-07,45.41,46.2,45.0,46.11,17076090,0.0
2008-11-10,47.17,47.28,44.95,45.6,9280196,0.0
2008-11-11,44.95,45.45,43.81,44.56,34453238,0.0
2008-11-12,43.64,43.89,42.08,42.28,26164301,0.0
2008-11-13,42.5,45.1999,40.44,45.07,33461621,0.0
2008-11-14,44.0,45.32,43.01,43.15,13628200,0.0
2008-11-17,42.57,43.59,41.97,42.02,15959670,0.0
2008-11-18,41.99,42.83,40.81,42.41,21076609,0.0
2008-11-19,42.32,42.68,39.73,39.8373,17834301,0.0
2008-11-20,39.33,40.37,36.81,37.18,22540539,0.0
2008-11-21,37.97,39.366,36.32,39.29,18959039,0.0
2008-11-24,40.0,42.49,39.68,41.63,42316180,0.0
2008-11-25,42.7,42.76,41.03,42.21,29996939,0.0
2008-11-26,41.4,43.85,41.33,43.77,21950080,0.0
2008-11-28,43.59,44.3,43.51,44.3,4245828,0.0
2008-12-01,43.09,43.12,40.2,40.34,11007690,0.0
2008-12-02,41.04,41.97,40.39,41.9301,10204200,0.0
2008-12-03,40.98,43.1184,40.84,43.01,13822970,0.0
2008-12-04,42.39,43.33,41.07,41.73,9723284,0.0
2008-12-05,41.08,43.45,40.36,43.21,25469490,0.0
2008-12-08,44.45,45.41,44.17,44.86,9452757,0.0
2008-12-09,44.49,45.38,43.74,44.04,11438420,0.0
2008-12-10,44.44,45.02,43.84,44.54,7437895,0.0
2008-12-11,44.14,44.83,42.92,43.29,6746156,0.0
2008-12-12,42.05,43.81,42.0,43.72,7858134,0.0
2008-12-15,43.91,44.0,42.45,43.0,8839794,0.0
2008-12-16,43.5,45.31,43.44,45.26,8987984,0.0
2008-12-17,44.8,45.6876,44.47,44.93,7840719,0.0
2008-12-18,45.19,45.34,43.63,44.15,8333807,0.0
2008-12-19,44.47,45.1,43.98,44.11,6242704,0.0
2008-12-22,43.96,43.97,42.36,43.16,9594571,0.0
2008-12-23,43.4,43.57,42.5,42.704,10094600,0.0
2008-12-24,42.78,43.03,42.55,42.87,2333644,0.0
2008-12-26,43.25,43.32,42.86,43.32,3522842,0.0
2008-12-29,43.25,43.26,42.362,42.99,6012283,0.0
2008-12-30,43.29,44.12,43.11,44.12,8725889,0.0
2008-12-31,44.14,45.13,44.02,44.74,6681305,0.0
2009-01-02,44.88,46.26,44.56,46.03,7315987,0.0
2009-01-05,45.89,46.41,45.5,46.02,7419060,0.0
2009-01-06,46.5,46.86,46.01,46.4,7688351,0.0
2009-01-07,45.71,45.83,44.81,45.1,6382291,0.0
2009-01-08,44.8,45.31,44.57,45.3,5518385,0.0
2009-01-09,45.37,45.42,44.15,44.19,5931809,0.0
2009-01-12,44.14,44.2,42.9,43.22,5924208,0.0
2009-01-13,43.03,43.59,42.84,43.28,8492361,0.0
2009-01-14,42.51,42.63,41.58,41.87,6675661,0.0
2009-01-15,41.81,42.44,40.57,42.02,9363581,0.0
2009-01-16,42.76,42.77,41.31,42.33,9328810,0.0
2009-01-20,42.0,42.07,40.0312,40.13,9230682,0.0
2009-01-21,40.77,41.88,40.0,41.77,8915113,0.0
2009-01-22,40.95,41.75,40.31,41.05,13116500,0.0
2009-01-23,40.14,41.72,40.0,41.3,11838900,0.0
2009-01-26,41.51,42.41,41.09,41.53,8307721,0.0
2009-01-27,41.78,42.26,41.48,42.02,7170976,0.0
2009-01-28,42.9,43.7,42.76,43.47,7719440,0.0
2009-01-29,42.81,43.55,41.96,42.04,5493053,0.0
2009-01-30,42.21,42.38,40.85,41.14,6640132,0.0
2009-02-02,40.54,41.34,40.41,41.07,7746438,0.0
2009-02-03,41.31,41.91,40.88,41.6499,6198933,0.0
2009-02-04,41.86,42.42,41.3,41.43,8232262,0.0
2009-02-05,41.14,42.41,40.85,42.09,6155401,0.0
2009-02-06,42.19,43.42,42.09,43.3,5202875,0.0
2009-02-09,43.3,43.65,42.935,43.31,3846980,0.0
2009-02-10,42.92,43.33,41.07,41.33,8626510,0.0
2009-02-11,41.58,41.84,41.0,41.58,7875170,0.0
2009-02-12,40.94,41.76,40.36,41.69,8848788,0.0
2009-02-13,41.61,41.97,41.24,41.27,5400592,0.0
2009-02-17,39.94,40.17,39.47,39.49,10270930,0.0
2009-02-18,39.81,39.82,38.98,39.36,9828430,0.0
2009-02-19,39.71,39.91,38.7899,38.94,6116610,0.0
2009-02-20,38.14,38.95,37.65,38.48,9978810,0.0
2009-02-23,38.92,38.92,37.07,37.17,7559661,0.0
2009-02-24,37.4,38.74,37.15,38.52,8534404,0.0
2009-02-25,38.33,38.96,37.58,38.22,6295302,0.0
2009-02-26,38.63,38.89,37.5,37.52,5526503,0.0
2009-02-27,36.83,37.59,36.66,36.81,7457768,0.0
2009-03-02,36.04,36.27,34.95,35.1,8559075,0.0
2009-03-03,35.54,35.5899,34.52,34.8,7251406,0.0
2009-03-04,35.35,36.16,34.97,35.56,6849528,0.0
2009-03-05,34.76,35.18,33.83,34.12,5773147,0.0
2009-03-06,34.4,34.9,33.26,34.11,6384050,0.0
2009-03-09,33.67,34.6999,33.55,33.7,7974015,0.0
2009-03-10,34.42,35.88,34.36,35.85,5978954,0.0
2009-03-11,36.23,36.59,35.64,35.98,5740159,0.0
2009-03-12,35.99,37.62,35.65,37.463,5478035,0.0
2009-03-13,37.81,37.96,37.13,37.86,6277013,0.0
2009-03-16,38.3,38.68,37.59,37.65,5805546,0.0
2009-03-17,37.71,38.84,37.39,38.84,4114140,0.0
2009-03-18,38.65,40.18,38.27,39.67,7645575,0.0
2009-03-19,40.28,40.3,39.17,39.27,4713851,0.0
2009-03-20,39.42,39.51,38.31,38.44,3407003,0.0
2009-03-23,39.43,41.1277,39.24,41.11,5693420,0.0
2009-03-24,40.65,41.2,40.29,40.29,5061348,0.0
2009-03-25,40.36,41.11,39.24,40.43,6892685,0.0
2009-03-26,40.92,41.45,40.5,41.44,6266204,0.0
2009-03-27,40.88,41.1,40.49,40.66,4531190,0.0
2009-03-30,39.78,39.78,38.79,39.23,5386198,0.0
2009-03-31,39.62,40.38,39.34,39.58,4491027,0.0
2009-04-01,39.11,40.49,38.95,40.37,3246409,0.0
2009-04-02,41.35,42.1986,41.23,41.58,5423811,0.0
2009-04-03,41.61,42.14,41.25,42.1,5391537,0.0
2009-04-06,41.7,41.83,41.1,41.69,4136135,0.0
2009-04-07,41.03,41.25,40.62,40.63,3986428,0.0
2009-04-08,40.86,41.34,40.64,41.2,2254973,0.0
2009-04-09,42.28,42.87,42.08,42.87,3068625,0.0
2009-04-13,42.49,43.24,42.25,42.93,3069660,0.0
2009-04-14,42.52,42.86,42.0,42.13,3184953,0.0
2009-04-15,41.86,42.64,41.74,42.58,2904953,0.0
2009-04-16,42.94,43.6,42.36,43.31,3199201,0.0
2009-04-17,43.45,43.87,43.09,43.6,3490482,0.0
2009-04-20,42.8,43.09,41.71,41.75,2938995,0.0
2009-04-21,41.41,42.6,41.34,42.58,3761497,0.0
2009-04-22,42.17,43.31,42.08,42.4,5320205,0.0
2009-04-23,42.51,42.75,41.9,42.7,3654432,0.0
2009-04-24,43.09,43.76,42.88,43.45,4707191,0.0
2009-04-27,42.92,43.61,42.83,43.0,4221476,0.0
2009-04-28,42.52,43.42,42.45,42.92,3880337,0.0
2009-04-29,43.42,44.38,43.29,43.94,3672914,0.0
2009-04-30,44.54,44.79,43.74,43.93,4173827,0.0
2009-05-01,43.93,44.34,43.59,44.18,3597438,0.0
2009-05-04,44.57,45.69,44.4569,45.6875,3903608,0.0
2009-05-05,45.54,45.72,45.15,45.53,3588059,0.0
2009-05-06,46.07,46.2777,45.45,46.24,4753305,0.0
2009-05-07,46.69,46.74,45.21,45.52,4577927,0.0
2009-05-08,46.08,46.7,45.77,46.55,3835787,0.0
2009-05-11,45.99,46.1794,45.612,45.75,3891243,0.0
2009-05-12,46.04,46.11,44.98,45.63,3763893,0.0
2009-05-13,44.93,45.0,44.2,44.33,4119760,0.0
2009-05-14,44.31,45.05,44.13,44.78,2830139,0.0
2009-05-15,44.67,45.0,44.05,44.31,2686709,0.0
2009-05-18,44.75,45.69,44.68,45.67,2532445,0.0
2009-05-19,45.66,46.08,45.46,45.68,2250658,0.0
2009-05-20,46.11,46.54,45.31,45.42,2455483,0.0
2009-05-21,44.86,45.01,44.21,44.6,2764067,0.0
2009-05-22,44.76,45.07,44.43,44.63,1559479,0.0
2009-05-26,44.27,45.89,44.25,45.83,2225316,0.0
2009-05-27,45.81,46.05,44.96,45.06,2778757,0.0
2009-05-28,45.34,45.76,44.67,45.62,2831761,0.0
2009-05-29,45.88,46.36,45.5,46.33,2629301,0.0
2009-06-01,46.96,47.81,46.8766,47.48,2552116,0.0
2009-06-02,47.4,47.92,47.3,47.67,3590952,0.0
2009-06-03,47.3,47.37,46.61,47.09,2144165,0.0
2009-06-04,47.25,47.6,46.89,47.56,2176536,0.0
2009-06-05,48.05,48.13,47.2,47.47,2765620,0.0
2009-06-08,47.25,47.78,46.76,47.34,2058453,0.0
2009-06-09,47.59,47.85,47.29,47.59,1885024,0.0
2009-06-10,48.07,48.1,46.88,47.47,2766805,0.0
2009-06-11,47.61,48.31,47.55,47.75,2324550,0.0
2009-06-12,47.52,47.8,47.24,47.79,1410829,0.0
2009-06-15,47.28,47.28,46.46,46.68,2761813,0.0
2009-06-16,46.88,46.92,45.97,46.03,1805158,0.0
2009-06-17,46.01,46.36,45.5793,45.97,1585890,0.0
2009-06-18,46.08,46.49,45.79,46.22,2233406,0.0
2009-06-19,46.72,46.8,46.2,46.39,1394762,0.0
2009-06-22,46.0,46.02,45.04,45.05,2630167,0.0
2009-06-23,45.14,45.28,44.74,45.05,2142002,0.0
2009-06-24,45.3,45.6509,44.94,45.18,3069443,0.0
2009-06-25,44.98,46.23,44.91,46.23,1841165,0.0
2009-06-26,46.05,46.35,45.86,46.14,1181372,0.0
2009-06-29,46.36,46.65,46.02,46.58,1671709,0.0
2009-06-30,46.61,46.75,45.9,46.27,2871599,0.0
2009-07-01,46.5,46.91,46.43,46.54,2159452,0.0
2009-07-02,45.89,45.89,45.18,45.32,1812798,0.0
2009-07-06,44.78,45.17,44.53,45.15,1877054,0.0
2009-07-07,45.07,45.1,44.16,44.22,1486715,0.0
2009-07-08,44.4,44.53,43.6,44.16,3185844,0.0
2009-07-09,44.44,44.58,44.08,44.25,1255741,0.0
2009-07-10,44.03,44.39,43.79,44.14,1503148,0.0
2009-07-13,44.32,45.21,43.89,45.16,1964998,0.0
2009-07-14,45.27,45.5,45.0,45.48,3939744,0.0
2009-07-15,46.1,46.96,46.03,46.84,2043272,0.0
2009-07-16,46.71,47.5,46.65,47.3,1762778,0.0
2009-07-17,47.29,47.42,47.0112,47.32,1761473,0.0
2009-07-20,47.62,47.92,47.361,47.85,1956451,0.0
2009-07-21,48.22,48.26,47.45,48.06,2463969,0.0
2009-07-22,47.74,48.3495,47.7112,48.09,2460776,0.0
2009-07-23,48.1,49.3995,48.08,49.23,1972927,0.0
2009-07-24,48.91,49.46,48.7277,49.39,1639727,0.0
2009-07-27,49.35,49.61,49.06,49.6,1620458,0.0
2009-07-28,49.26,49.6,48.94,49.48,1510920,0.0
2009-07-29,49.11,49.37,48.9,49.24,1074594,0.0
2009-07-30,49.82,50.32,49.7,49.77,2054066,0.0
2009-07-31,49.78,50.15,49.63,49.85,1122699,0.0
2009-08-03,50.28,50.73,50.07,50.69,2769828,0.0
2009-08-04,50.45,50.95,50.37,50.88,1448690,0.0
2009-08-05,50.95,50.9596,50.29,50.76,1726511,0.0
2009-08-06,51.0,51.03,50.2,50.4118,1283294,0.0
2009-08-07,50.98,51.52,50.67,51.12,1463461,0.0
2009-08-10,50.93,51.1454,50.66,51.0,1358650,0.0
2009-08-11,50.84,50.85,50.23,50.34,1334907,0.0
2009-08-12,50.31,51.3172,50.3,50.89,1646741,0.0
2009-08-13,51.18,51.36,50.67,51.34,1651597,0.0
2009-08-14,51.32,51.36,50.345,50.87,1975598,0.0
2009-08-17,49.92,49.95,49.47,49.548,2036372,0.0
2009-08-18,49.7,50.2,49.6,50.07,2236716,0.0
2009-08-19,49.67,50.6244,49.5824,50.5,1125473,0.0
2009-08-20,50.53,51.09,50.43,50.98,980100,0.0
2009-08-21,51.4,52.07,51.32,51.93,1644235,0.0
2009-08-24,52.25,52.485,51.78,52.0,2001846,0.0
2009-08-25,52.2,52.58,51.98,52.1,2144056,0.0
2009-08-26,51.98,52.3498,51.77,52.06,2400650,0.0
2009-08-27,52.02,52.35,51.43,52.24,2014806,0.0
2009-08-28,52.59,52.7124,51.8556,52.2,1098284,0.0
2009-08-31,51.72,51.77,51.3695,51.7,1153966,0.0
2009-09-01,51.419,52.11,50.44,50.56,1997408,0.0
2009-09-02,50.32,50.62,50.19,50.35,1459983,0.0
2009-09-03,50.56,50.87,50.208,50.81,917773,0.0
2009-09-04,50.88,51.55,50.73,51.46,897393,0.0
2009-09-08,52.02,52.1,51.72,51.98,1412583,0.0
2009-09-09,52.12,52.66,51.94,52.5,1760172,0.0
2009-09-10,52.55,53.045,52.22,53.04,2221913,0.0
2009-09-11,53.14,53.32,52.8,53.08,1291314,0.0
2009-09-14,52.63,53.41,52.59,53.36,1207104,0.0
2009-09-15,53.4,53.7901,53.11,53.62,1684457,0.0
2009-09-16,53.79,54.51,53.65,54.46,2045459,0.0
2009-09-17,54.48,54.9,54.12,54.36,2068571,0.0
2009-09-18,54.58,54.65,54.23,54.44,1593910,0.0
2009-09-21,54.03,54.43,53.87,54.29,1248018,0.0
2009-09-22,54.64,54.779,54.38,54.61,1844435,0.0
2009-09-23,54.8,55.07,54.01,54.05,1878341,0.0
2009-09-24,53.95,54.1099,52.9799,53.2331,1768714,0.0
2009-09-25,53.19,53.33,52.71,52.89,1387768,0.0
2009-09-28,53.09,54.0,53.08,53.88,1574815,0.0
2009-09-29,54.04,54.2654,53.64,53.79,1754059,0.0
2009-09-30,53.96,53.99,53.0,53.59,1484638,0.0
2009-10-01,53.4,53.43,52.12,52.1682,1451683,0.0
2009-10-02,51.6,52.18,51.57,51.86,1941907,0.0
2009-10-05,52.12,52.819,51.96,52.66,1194181,0.0
2009-10-06,53.14,53.76,53.06,53.44,1941232,0.0
2009-10-07,53.36,53.6482,53.2205,53.56,1255035,0.0
2009-10-08,54.0,54.32,53.74,54.03,2355555,0.0
2009-10-09,54.08,54.4,53.92,54.4,1532480,0.0
2009-10-12,54.63,54.8399,54.3801,54.6,867973,0.0
2009-10-13,54.48,54.56,54.0805,54.45,831083,0.0
2009-10-14,55.11,55.478,54.87,55.4172,1322187,0.0
2009-10-15,55.12,55.61,55.0823,55.61,1113318,0.0
2009-10-16,55.1,55.36,54.8,55.2,2161200,0.0
2009-10-19,55.25,55.81,55.05,55.65,1088880,0.0
2009-10-20,55.74,55.76,55.02,55.31,1289061,0.0
2009-10-21,55.15,55.8485,54.71,54.77,2223867,0.0
2009-10-22,54.76,55.49,54.36,55.36,1289767,0.0
2009-10-23,55.55,55.55,54.44,54.65,1397476,0.0
2009-10-26,54.72,55.284,53.87,54.03,2158028,0.0
2009-10-27,54.11,55.0,53.5948,53.74,2151593,0.0
2009-10-28,53.51,53.7,52.48,52.57,2342298,0.0
2009-10-29,52.95,53.77,52.87,53.63,2975477,0.0
2009-10-30,53.45,53.63,52.06,52.18,3381047,0.0
2009-11-02,52.47,53.03,51.8,52.47,2723237,0.0
2009-11-03,52.15,52.7823,52.05,52.71,1622667,0.0
2009-11-04,53.23,53.55,52.7,52.8,1880293,0.0
2009-11-05,53.21,53.84,53.1,53.81,1980560,0.0
2009-11-06,53.56,54.14,53.43,53.95,1946542,0.0
2009-11-09,54.44,55.16,54.38,55.16,1830390,0.0
2009-11-10,55.03,55.35,54.85,55.18,1837172,0.0
2009-11-11,55.5,55.81,55.18,55.46,1967170,0.0
2009-11-12,55.39,55.67,54.6805,54.84,1767735,0.0
2009-11-13,55.0,55.36,54.67,55.16,1788725,0.0
2009-11-16,55.57,56.22,55.51,55.99,2485782,0.0
2009-11-17,55.87,56.1,55.65,56.05,1666048,0.0
2009-11-18,56.05,56.12,55.7,56.01,1530080,0.0
2009-11-19,55.57,55.62,54.85,55.21,1898705,0.0
2009-11-20,54.94,55.15,54.75,55.04,1109050,0.0
2009-11-23,55.68,56.12,55.5402,55.69,1753157,0.0
2009-11-24,55.81,55.81,55.27,55.73,2452764,0.0
2009-11-25,55.84,55.99,55.6636,55.95,1407896,0.0
2009-11-27,54.41,55.4164,54.3,55.01,865038,0.0
2009-11-30,55.0,55.258,54.64,55.15,2746122,0.0
2009-12-01,55.68,56.03,55.57,55.83,1958248,0.0
2009-12-02,55.89,56.33,55.752,55.99,1293784,0.0
2009-12-03,56.11,56.43,55.4302,55.49,1349802,0.0
2009-12-04,56.3,56.5497,55.33,55.9,2489711,0.0
2009-12-07,55.88,56.15,55.66,55.83,1233204,0.0
2009-12-08,55.43,55.575,55.04,55.25,1320551,0.0
2009-12-09,55.23,55.51,54.94,55.43,1433457,0.0
2009-12-10,55.75,55.97,55.605,55.71,940564,0.0
2009-12-11,55.89,56.06,55.67,55.99,1291482,0.0
2009-12-14,56.37,56.45,56.08,56.41,1283636,0.0
2009-12-15,56.27,56.46,56.0475,56.17,1641233,0.0
2009-12-16,56.45,56.6,56.19,56.315,1906466,0.0
2009-12-17,55.9,56.015,55.57,55.68,1845698,0.0
2009-12-18,55.95,56.03,55.5,56.02,2113010,0.0
2009-12-21,56.28,56.75,56.28,56.57,3190728,0.0
2009-12-22,56.38,56.59,56.3,56.5,3581295,0.0
2009-12-23,56.65,56.74,56.39,56.69,1297185,0.0
2009-12-24,56.79,57.0,56.78,56.98,607389,0.0
2009-12-28,57.22,57.22,56.8524,57.05,1742306,0.0
2009-12-29,57.25,57.25,56.95,56.95,1526921,0.0
2009-12-30,56.78,57.0,56.75,56.93,1592254,0.0
2009-12-31,57.02,57.05,56.37,56.37,1322039,0.0
2010-01-04,56.86,57.3799,56.84,57.31,2251561,0.0
2010-01-05,57.34,57.54,57.11,57.53,1597643,0.0
2010-01-06,57.5,57.715,57.41,57.61,2120206,0.0
2010-01-07,57.55,57.889,57.29,57.85,1656639,0.0
2010-01-08,57.7,58.0461,57.56,58.04,1650019,0.0
2010-01-11,58.3,58.35,57.85,58.12,1883013,0.0
2010-01-12,57.75,57.82,57.3,57.52,1730026,0.0
2010-01-13,57.71,58.18,57.36,58.06,1825157,0.0
2010-01-14,58.02,58.275,57.94,58.16,1667014,0.0
2010-01-15,58.1,58.15,57.3016,57.5,2787124,0.0
2010-01-19,57.55,58.29,57.52,58.26,2546626,0.0
2010-01-20,57.9,57.9,57.21,57.72,2755045,0.0
2010-01-21,57.72,57.91,56.57,56.66,4350660,0.0
2010-01-22,56.4,56.6,55.31,55.41,4422970,0.0
2010-01-25,55.88,55.965,55.4601,55.65,2781032,0.0
2010-01-26,55.45,55.9899,55.2701,55.4,1704225,0.0
2010-01-27,55.3,55.75,54.87,55.67,2078159,0.0
2010-01-28,55.89,55.89,54.65,55.01,2235012,0.0
2010-01-29,55.24,55.65,54.28,54.36,2421892,0.0
2010-02-01,54.72,55.238,54.7,55.19,2133111,0.0
2010-02-02,55.34,56.03,55.13,55.9,2565462,0.0
2010-02-03,55.67,55.92,55.43,55.62,1352513,0.0
2010-02-04,55.17,55.18,53.86,53.89,3029617,0.0
2010-02-05,53.88,54.07,52.82,53.98,5416145,0.0
2010-02-08,54.02,54.3,53.54,53.56,1494287,0.0
2010-02-09,54.16,54.7,53.75,54.27,2191610,0.0
2010-02-10,54.2,54.46,53.696,54.19,1340710,0.0
2010-02-11,54.07,54.8399,53.7626,54.77,1302482,0.0
2010-02-12,54.22,54.81,54.0,54.77,2189026,0.0
2010-02-16,55.24,55.7687,55.04,55.69,1186410,0.0
2010-02-17,55.99,56.08,55.7399,56.0,1935984,0.0
2010-02-18,55.94,56.435,55.87,56.32,1537330,0.0
2010-02-19,56.15,56.67,56.065,56.52,1862941,0.0
2010-02-22,56.71,56.72,56.32,56.43,3049478,0.0
2010-02-23,56.31,56.48,55.61,55.75,2144629,0.0
2010-02-24,55.93,56.34,55.79,56.25,1689525,0.0
2010-02-25,55.46,56.24,55.29,56.23,2956042,0.0
2010-02-26,56.22,56.41,55.91,56.23,1272565,0.0
2010-03-01,56.49,56.94,56.47,56.9,1580069,0.0
2010-03-02,57.17,57.37,57.0,57.08,1988835,0.0
2010-03-03,57.28,57.518,57.04,57.15,1617898,0.0
2010-03-04,57.28,57.4,57.01,57.3,1636696,0.0
2010-03-05,57.74,58.2267,57.56,58.21,2699097,0.0
2010-03-08,58.22,58.35,58.1123,58.22,2027597,0.0
2010-03-09,58.05,58.61,58.02,58.34,4736853,0.0
2010-03-10,58.41,58.78,58.34,58.65,1949769,0.0
2010-03-11,58.44,58.88,58.27,58.87,2391816,0.0
2010-03-12,59.14,59.15,58.7,58.87,1227534,0.0
2010-03-15,58.81,58.9,58.42,58.85,1624968,0.0
2010-03-16,58.98,59.3901,58.855,59.33,1048021,0.0
2010-03-17,59.53,59.93,59.51,59.71,2022827,0.0
2010-03-18,59.74,59.8,59.42,59.64,2714812,0.0
2010-03-19,59.83,59.83,59.04,59.25,2010401,0.0
2010-03-22,58.91,59.74,58.86,59.67,1643054,0.0
2010-03-23,59.76,60.13,59.53,60.09,2298474,0.0
2010-03-24,59.9,60.0499,59.6799,59.74,1568990,0.0
2010-03-25,59.93,60.17,59.315,59.4,2437820,0.0
2010-03-26,59.49,59.7805,59.1,59.39,1206273,0.0
2010-03-29,59.65,59.835,59.55,59.74,2434649,0.0
2010-03-30,59.85,60.0,59.53,59.77,1927414,0.0
2010-03-31,59.59,59.88,59.41,59.59,1345908,0.0
2010-04-01,60.01,60.2299,59.63,60.02,1339564,0.0
2010-04-05,60.26,60.609,60.1,60.6,1458297,0.0
2010-04-06,60.46,60.87,60.3619,60.77,1331935,0.0
2010-04-07,60.69,60.79,60.14,60.446,1348299,0.0
2010-04-08,60.19,60.7,60.02,60.59,1336110,0.0
2010-04-09,60.76,61.05,60.61,61.0,1585457,0.0
2010-04-12,61.14,61.27,61.0083,61.14,1276904,0.0
2010-04-13,61.12,61.29,60.75,61.2,1184282,0.0
2010-04-14,61.44,61.95,61.35,61.95,1011139,0.0
2010-04-15,61.9,62.15,61.84,62.03,1120645,0.0
2010-04-16,61.81,61.91,60.71,61.06,2087084,0.0
2010-04-19,60.88,61.27,60.52,61.22,1311730,0.0
2010-04-20,61.6,61.83,61.391,61.8,1004858,0.0
2010-04-21,61.85,61.98,61.38,61.75,1271037,0.0
2010-04-22,61.4,62.0985,60.95,62.05,1260225,0.0
2010-04-23,62.02,62.49,61.82,62.47,1384535,0.0
2010-04-26,62.55,62.65,62.18,62.25,1701658,0.0
2010-04-27,61.95,62.2,60.62,60.75,2555529,0.0
2010-04-28,61.07,61.33,60.62,61.15,1876381,0.0
2010-04-29,61.59,62.07,61.52,61.95,1347384,0.0
2010-04-30,61.99,62.05,60.85,60.89,1892919,0.0
2010-05-03,61.15,61.82,61.05,61.71,1057869,0.0
2010-05-04,61.02,61.02,59.87,60.21,2657926,0.0
2010-05-05,59.62,60.27,59.3,59.72,2728185,0.0
2010-05-06,59.46,59.82,29.76,57.708,6160458,0.0
2010-05-07,57.67,58.1,55.84,56.62,5417247,0.0
2010-05-10,59.14,59.5,58.59,59.22,4080803,0.0
2010-05-11,58.73,59.92,58.62,59.17,2170398,0.0
2010-05-12,59.41,60.1983,59.37,60.12,1394319,0.0
2010-05-13,60.03,60.3,59.3592,59.4,1289657,0.0
2010-05-14,58.97,59.06,57.77,58.33,1997300,0.0
2010-05-17,58.44,58.6874,57.17,58.37,1838679,0.0
2010-05-18,58.84,59.02,57.3297,57.545,2968614,0.0
2010-05-19,57.17,57.72,56.4,57.13,2301160,0.0
2010-05-20,55.87,56.09,54.82,54.91,4711521,0.0
2010-05-21,53.99,55.85,53.83,55.71,3682154,0.0
2010-05-24,55.39,55.85,54.9383,55.01,1564594,0.0
2010-05-25,53.7,55.057,53.19,55.01,4895536,0.0
2010-05-26,55.45,55.97,54.6,54.78,1742829,0.0
2010-05-27,55.88,56.7,55.65,56.695,2101807,0.0
2010-05-28,56.66,56.66,55.72,56.09,1534907,0.0
2010-06-01,55.43,56.28,54.869,54.93,1900406,0.0
2010-06-02,55.25,56.38,54.9895,56.36,2962137,0.0
2010-06-03,56.53,56.8,56.05,56.66,1943489,0.0
2010-06-04,55.55,55.93,54.41,54.669,1940528,0.0
2010-06-07,54.78,54.9781,53.76,53.78,1880114,0.0
2010-06-08,53.87,54.36,53.26,54.24,3281482,0.0
2010-06-09,54.6,55.179,53.81,53.99,3009681,0.0
2010-06-10,54.93,55.69,54.88,55.65,2065881,0.0
2010-06-11,55.17,56.02,55.1,55.99,2089527,0.0
2010-06-14,56.45,56.8299,55.93,56.0,2438167,0.0
2010-06-15,56.35,57.3337,56.27,57.26,2285405,0.0
2010-06-16,57.0,57.5,56.845,57.2,2221810,0.0
2010-06-17,57.38,57.45,56.74,57.3,2050597,0.0
2010-06-18,57.42,57.55,57.14,57.34,4139052,0.0
2010-06-21,58.08,58.13,56.84,57.12,1499462,0.0
2010-06-22,57.17,57.41,56.0576,56.14,1523822,0.0
2010-06-23,56.19,56.38,55.54,55.92,1661107,0.0
2010-06-24,55.44,55.48,54.61,54.77,1815844,0.0
2010-06-25,54.93,55.288,54.43,55.05,2053537,0.0
2010-06-28,55.1,55.33,54.7,54.865,1585707,0.0
2010-06-29,54.08,54.15,52.79,53.14,3210208,0.0
2010-06-30,53.03,53.5,52.42,52.56,2394212,0.0
2010-07-01,52.5,52.725,51.4595,52.33,4678387,0.0
2010-07-02,52.55,52.69,51.76,52.08,3750758,0.0
2010-07-06,52.78,53.1416,51.79,52.24,2451940,0.0
2010-07-07,52.37,53.9885,52.31,53.94,2279027,0.0
2010-07-08,54.42,54.57,53.85,54.47,1213941,0.0
2010-07-09,54.53,54.93,54.38,54.89,953973,0.0
2010-07-12,54.86,55.13,54.5,54.91,1570068,0.0
2010-07-13,55.54,56.03,55.4,55.81,1582159,0.0
2010-07-14,55.7,56.06,55.44,55.8,1623981,0.0
2010-07-15,55.85,55.99,55.04,55.85,1449347,0.0
2010-07-16,55.54,55.55,54.13,54.23,1585484,0.0
2010-07-19,54.46,54.67,53.94,54.54,1190086,0.0
2010-07-20,53.85,55.21,53.73,55.17,1010303,0.0
2010-07-21,55.56,55.56,54.24,54.48,2826167,0.0
2010-07-22,55.1,55.91,55.1,55.69,1637477,0.0
2010-07-23,55.64,56.33,55.43,56.26,1483170,0.0
2010-07-26,56.46,57.0101,56.25,56.95,2204719,0.0
2010-07-27,57.37,57.38,56.69,56.88,2083199,0.0
2010-07-28,56.79,56.96,56.28,56.48,1486416,0.0
2010-07-29,56.88,56.97,55.68,56.19,1108092,0.0
2010-07-30,55.66,56.49,55.46,56.25,1539968,0.0
2010-08-02,57.16,57.55,56.86,57.46,1622956,0.0
2010-08-03,57.35,57.45,56.91,57.15,1360022,0.0
2010-08-04,57.36,57.62,57.14,57.6,1526997,0.0
2010-08-05,57.24,57.51,57.1199,57.48,1022821,0.0
2010-08-06,56.91,57.32,56.49,57.27,3374421,0.0
2010-08-09,57.57,57.655,57.1999,57.57,1773614,0.0
2010-08-10,56.99,57.49,56.7,57.21,2369060,0.0
2010-08-11,56.22,56.26,55.43,55.52,1947646,0.0
2010-08-12,54.71,55.385,54.54,55.21,2799988,0.0
2010-08-13,54.97,55.33,54.94,55.0,1879145,0.0
2010-08-16,54.55,55.16,54.41,54.95,1471111,0.0
2010-08-17,55.46,56.12,55.32,55.73,2374888,0.0
2010-08-18,55.64,56.14,55.37,55.86,1336702,0.0
2010-08-19,55.52,55.7,54.62,54.88,1871518,0.0
2010-08-20,54.66,54.74,54.23,54.69,1100684,0.0
2010-08-23,54.96,55.2161,54.4,54.4,842605,0.0
2010-08-24,53.84,54.03,53.26,53.62,1474424,0.0
2010-08-25,53.22,54.03,52.98,53.79,2182310,0.0
2010-08-26,54.08,54.23,53.34,53.46,1522572,0.0
2010-08-27,53.83,54.42,53.02,54.38,1240125,0.0
2010-08-30,54.28,54.42,53.58,53.585,1814799,0.0
2010-08-31,53.34,53.9,53.13,53.6,1793959,0.0
2010-09-01,54.25,55.25,54.25,55.17,2835461,0.0
2010-09-02,55.29,55.78,55.21,55.75,1399735,0.0
2010-09-03,56.32,56.58,56.04,56.49,1956838,0.0
2010-09-07,56.28,56.31,55.79,55.88,1759390,0.0
2010-09-08,55.95,56.4,55.9,56.17,1155219,0.0
2010-09-09,56.78,56.9,56.281,56.45,1433252,0.0
2010-09-10,56.57,56.78,56.424,56.69,706720,0.0
2010-09-13,57.28,57.49,57.12,57.41,1167496,0.0
2010-09-14,57.3,57.72,57.09,57.4,1262847,0.0
2010-09-15,57.19,57.67,57.03,57.59,1513625,0.0
2010-09-16,57.42,57.6175,57.25,57.57,1011429,0.0
2010-09-17,57.89,57.9,57.39,57.6,1563672,0.0
2010-09-20,57.85,58.65,57.6661,58.55,1289778,0.0
2010-09-21,58.57,58.86,58.22,58.41,2983720,0.0
2010-09-22,58.27,58.64,57.9101,58.1,4076233,0.0
2010-09-23,57.61,58.24,57.47,57.6,3749725,0.0
2010-09-24,57.98,58.55,57.92,58.52,2377665,0.0
2010-09-27,58.61,58.6599,58.24,58.27,1903008,0.0
2010-09-28,58.34,58.72,57.74,58.598,3132016,0.0
2010-09-29,58.47,58.72,58.27,58.5,1842371,0.0
2010-09-30,58.87,59.2,58.1,58.37,2636774,0.0
2010-10-01,58.85,58.88,58.27,58.63,3235419,0.0
2010-10-04,58.51,58.75,57.85,58.11,4308067,0.0
2010-10-05,58.65,59.46,58.5801,59.32,2023107,0.0
2010-10-06,59.3,59.459,59.02,59.26,1312137,0.0
2010-10-07,59.48,59.5072,58.84,59.181,1157381,0.0
2010-10-08,59.26,59.7428,59.06,59.58,1145006,0.0
2010-10-11,59.76,59.82,59.49,59.67,1040412,0.0
2010-10-12,59.54,60.03,59.12,59.88,1504223,0.0
2010-10-13,60.17,60.68,60.06,60.35,1611986,0.0
2010-10-14,60.34,60.42,59.78,60.19,1615291,0.0
2010-10-15,60.5,60.64,59.79,60.24,1934591,0.0
2010-10-18,60.29,60.71,60.17,60.57,2811930,0.0
2010-10-19,59.95,60.318,59.34,59.69,3053582,0.0
2010-10-20,59.77,60.58,59.77,60.29,1665483,0.0
2010-10-21,60.61,60.9,59.9,60.39,2393161,0.0
2010-10-22,60.53,60.6,60.33,60.57,792285,0.0
2010-10-25,60.93,61.3,60.71,60.77,1865849,0.0
2010-10-26,60.43,60.8592,60.3,60.76,905408,0.0
2010-10-27,60.37,60.68,60.06,60.64,2228868,0.0
2010-10-28,60.95,61.02,60.33,60.64,1896893,0.0
2010-10-29,60.59,60.8,60.47,60.72,1665693,0.0
2010-11-01,61.04,61.3401,60.37,60.73,1083956,0.0
2010-11-02,61.21,61.34,60.962,61.21,1003935,0.0
2010-11-03,61.35,61.4832,60.71,61.46,1444723,0.0
2010-11-04,62.19,62.68,62.11,62.66,1676516,0.0
2010-11-05,62.74,63.03,62.64,62.94,1623821,0.0
2010-11-08,62.75,62.91,62.53,62.86,1005675,0.0
2010-11-09,63.0,63.1,62.1,62.37,1001795,0.0
2010-11-10,62.32,62.65,61.89,62.64,897123,0.0
2010-11-11,62.13,62.5672,61.94,62.47,947849,0.0
2010-11-12,62.0,62.3,61.39,61.68,1220828,0.0
2010-11-15,61.87,62.12,61.57,61.59,805820,0.0
2010-11-16,61.23,61.31,60.32,60.61,2118798,0.0
2010-11-17,60.61,60.9199,60.47,60.71,1101289,0.0
2010-11-18,61.29,61.78,61.29,61.565,2305013,0.0
2010-11-19,61.57,61.84,61.22,61.81,3205737,0.0
2010-11-22,61.52,61.82,61.09,61.82,2431796,0.0
2010-11-23,61.14,61.2,60.69,60.94,1481226,0.0
2010-11-24,61.35,61.92,61.35,61.92,924565,0.0
2010-11-26,61.42,61.73,61.33,61.5,351874,0.0
2010-11-29,61.09,61.54,60.66,61.41,1372736,0.0
2010-11-30,60.8,61.39,60.71,61.03,2400685,0.0
2010-12-01,61.92,62.45,61.92,62.34,1611502,0.0
2010-12-02,62.42,63.16,62.4,63.14,1661319,0.0
2010-12-03,62.92,63.4281,62.8826,63.34,1549703,0.0
2010-12-06,63.26,63.46,63.151,63.32,1133782,0.0
2010-12-07,63.94,64.02,63.3438,63.39,2037193,0.0
2010-12-08,63.52,63.68,63.17,63.57,937568,0.0
2010-12-09,63.96,63.96,63.52,63.8,1478561,0.0
2010-12-10,64.03,64.25,63.81,64.21,2079879,0.0
2010-12-13,64.49,64.57,64.2,64.23,9472459,0.0
2010-12-14,64.35,64.56,64.08,64.25,13623270,0.0
2010-12-15,64.2,64.46,63.87,63.97,16901340,0.0
2010-12-16,64.04,64.41,63.81,64.351,11039890,0.0
2010-12-17,64.35,64.58,64.22,64.475,17309920,0.0
2010-12-20,64.69,64.8,64.33,64.64,1738947,0.0
2010-12-21,64.91,65.14,64.81,65.03,1370338,0.0
2010-12-22,64.81,65.02,64.77,64.93,2097529,0.0
2010-12-23,64.9,64.9799,64.71,64.84,1424019,0.0
2010-12-27,64.65,64.929,64.54,64.88,2789858,0.0
2010-12-28,65.0,65.03,64.77,64.94,715286,0.0
2010-12-29,65.08,65.16,64.99,65.04,6472555,0.0
2010-12-30,64.95,65.118,64.88,64.96,5767646,0.0
2010-12-31,64.82,65.0,64.74,64.93,5170754,0.0
2011-01-03,65.36,65.88,65.36,65.6,1465047,0.0
2011-01-04,65.82,65.86,65.04,65.47,1475177,0.0
2011-01-05,65.3,65.86,65.19,65.83,5170880,0.0
2011-01-06,65.91,65.96,65.54,65.68,4318017,0.0
2011-01-07,65.79,65.92,65.04,65.53,2943950,0.0
2011-01-10,65.32,65.67,65.06,65.58,1829992,0.0
2011-01-11,65.82,65.97,65.57,65.84,1091687,0.0
2011-01-12,66.26,66.46,66.09,66.43,4015816,0.0
2011-01-13,66.44,66.48,66.13,66.33,1468844,0.0
2011-01-14,66.25,66.77,66.17,66.76,1292733,0.0
2011-01-18,66.74,66.95,66.63,66.93,1288867,0.0
2011-01-19,66.89,66.91,65.99,66.13,1567618,0.0
2011-01-20,65.95,66.1,65.47,65.93,1857698,0.0
2011-01-21,66.3,66.4501,65.9462,66.04,1341909,0.0
2011-01-24,66.0,66.49,65.94,66.41,2149105,0.0
2011-01-25,66.23,66.45,65.91,66.45,1157468,0.0
2011-01-26,66.59,66.97,66.48,66.83,1396077,0.0
2011-01-27,66.86,67.13,66.72,67.03,1096818,0.0
2011-01-28,67.11,67.18,65.72,65.83,2088224,0.0
2011-01-31,65.92,66.38,65.8272,66.26,1255165,0.0
2011-02-01,66.72,67.48,66.69,67.35,2355466,0.0
2011-02-02,67.2,67.4699,67.18,67.27,1688878,0.0
2011-02-03,67.21,67.5,66.762,67.42,1807116,0.0
2011-02-04,67.5,67.65,67.17,67.61,1343999,0.0
2011-02-07,67.81,68.28,67.76,68.06,1359229,0.0
2011-02-08,68.16,68.42,67.94,68.4,1621861,0.0
2011-02-09,68.23,68.4099,67.91,68.225,2110889,0.0
2011-02-10,67.88,68.37,67.73,68.3,1904370,0.0
2011-02-11,68.09,68.82,68.03,68.75,1559793,0.0
2011-02-14,68.76,68.98,68.67,68.93,1554773,0.0
2011-02-15,68.72,68.834,68.54,68.71,1598390,0.0
2011-02-16,68.96,69.24,68.83,69.16,1926244,0.0
2011-02-17,68.96,69.5,68.93,69.41,2054843,0.0
2011-02-18,69.5,69.63,69.26,69.54,1761535,0.0
2011-02-22,68.78,69.132,67.855,68.05,3180435,0.0
2011-02-23,67.98,68.14,67.03,67.48,3430376,0.0
2011-02-24,67.35,67.76,66.8201,67.49,4472056,0.0
2011-02-25,67.82,68.35,67.7,68.3375,3642242,0.0
2011-02-28,68.65,68.82,68.3,68.71,2694939,0.0
2011-03-01,68.94,68.99,67.53,67.55,1429506,0.0
2011-03-02,67.48,68.03,67.37,67.69,1591982,0.0
2011-03-03,68.36,68.995,68.32,68.92,1299380,0.0
2011-03-04,68.94,68.9599,68.02,68.46,2724804,0.0
2011-03-07,68.7,68.81,67.46,67.84,1564576,0.0
2011-03-08,67.96,68.67,67.62,68.45,1123780,0.0
2011-03-09,68.36,68.56,67.96,68.35,1566591,0.0
2011-03-10,67.65,67.65,66.98,67.04,2239847,0.0
2011-03-11,66.71,67.72,66.71,67.49,2151256,0.0
2011-03-14,67.07,67.3,66.5505,67.08,1624668,0.0
2011-03-15,65.29,66.7424,65.16,66.37,4797913,0.0
2011-03-16,66.15,66.4,64.75,65.22,3849162,0.0
2011-03-17,66.14,66.3,65.64,65.97,1712544,0.0
2011-03-18,66.79,66.84,66.11,66.28,2606203,0.0
2011-03-21,67.0,67.419,67.0,67.32,1680060,0.0
2011-03-22,67.35,67.41,67.01,67.1,2036862,0.0
2011-03-23,66.92,67.43,66.55,67.26,1669337,0.0
2011-03-24,67.66,68.0,67.23,67.9,2420554,0.0
2011-03-25,67.83,68.2,67.66,67.86,1956722,0.0
2011-03-28,68.03,68.21,67.69,67.7,1740430,0.0
2011-03-29,67.72,68.211,67.42,68.2,1354475,0.0
2011-03-30,68.58,68.89,68.4636,68.71,1276354,0.0
2011-03-31,68.7,68.87,68.59,68.71,1318605,0.0
2011-04-01,69.18,69.33,68.86,69.04,1707904,0.0
2011-04-04,69.15,69.3,68.91,69.1,1092407,0.0
2011-04-05,69.01,69.45,68.9699,69.14,1317572,0.0
2011-04-06,69.47,69.55,69.04,69.32,1396940,0.0
2011-04-07,69.2,69.48,68.8,69.12,1507363,0.0
2011-04-08,69.39,69.49,68.5329,68.83,1390992,0.0
2011-04-11,68.92,69.0905,68.3838,68.58,1138496,0.0
2011-04-12,68.15,68.2801,67.75,68.0,1700090,0.0
2011-04-13,68.32,68.39,67.77,68.04,1521456,0.0
2011-04-14,67.64,68.174,67.41,68.08,1434959,0.0
2011-04-15,68.23,68.54,68.01,68.41,1377927,0.0
2011-04-18,67.61,67.721,67.07,67.59,2325576,0.0
2011-04-19,67.75,67.99,67.54,67.98,1048739,0.0
2011-04-20,68.83,69.07,68.7662,68.97,1327751,0.0
2011-04-21,69.25,69.321,69.0,69.31,986347,0.0
2011-04-25,69.31,69.36,69.0172,69.24,886823,0.0
2011-04-26,69.5,70.0,69.3978,69.85,1363590,0.0
2011-04-27,70.0,70.4099,69.7099,70.3099,2148850,0.0
2011-04-28,70.26,70.62,70.2,70.52,2222300,0.0
2011-04-29,70.58,70.8,70.4616,70.7,1713179,0.0
2011-05-02,71.04,71.11,70.43,70.58,1506059,0.0
2011-05-03,70.43,70.51,69.82,70.19,1150766,0.0
2011-05-04,70.18,70.21,69.35,69.67,1717479,0.0
2011-05-05,69.27,69.79,68.8,69.11,1513943,0.0
2011-05-06,69.79,70.14,69.14,69.41,1711957,0.0
2011-05-09,69.5,69.96,69.37,69.78,1165523,0.0
2011-05-10,70.02,70.53,69.96,70.4,2354836,0.0
2011-05-11,70.35,70.37,69.35,69.68,1842289,0.0
2011-05-12,69.47,70.14,69.07,70.01,1860730,0.0
2011-05-13,70.06,70.12,69.18,69.37,1907745,0.0
2011-05-16,69.09,69.68,68.8,68.89,1654688,0.0
2011-05-17,68.56,68.92,68.27,68.83,2059764,0.0
2011-05-18,68.88,69.56,68.73,69.49,1430565,0.0
2011-05-19,69.75,69.86,69.27,69.66,1347562,0.0
2011-05-20,69.46,69.58,68.95,69.14,1274534,0.0
2011-05-23,68.25,68.49,68.06,68.26,1385185,0.0
2011-05-24,68.47,68.6136,68.05,68.19,984684,0.0
2011-05-25,67.95,68.75,67.89,68.47,1159434,0.0
2011-05-26,68.31,68.99,68.2,68.88,1121158,0.0
2011-05-27,69.11,69.37,69.03,69.2,937689,0.0
2011-05-31,69.88,69.95,69.36,69.95,1605972,0.0
2011-06-01,69.77,69.81,68.3,68.36,1760565,0.0
2011-06-02,68.37,68.54,67.86,68.23,1726440,0.0
2011-06-03,67.43,68.05,67.36,67.53,2139750,0.0
2011-06-06,67.36,67.5,66.66,66.75,1893114,0.0
2011-06-07,67.04,67.29,66.7,66.72,1370921,0.0
2011-06-08,66.61,66.8,66.2708,66.37,1482478,0.0
2011-06-09,66.56,67.14,66.38,66.84,1047848,0.0
2011-06-10,66.58,66.6,65.73,65.89,1743251,0.0
2011-06-13,66.01,66.25,65.55,65.88,2814591,0.0
2011-06-14,66.51,67.02,66.48,66.79,1577061,0.0
2011-06-15,66.25,66.48,65.43,65.6,3630887,0.0
2011-06-16,65.62,66.08,65.18,65.71,3039980,0.0
2011-06-17,66.36,66.38,65.69,65.92,5544359,0.0
2011-06-20,65.72,66.38,65.67,66.23,3463192,0.0
2011-06-21,66.57,67.34,66.51,67.24,1916606,0.0
2011-06-22,67.08,67.46,66.84,66.87,1948035,0.0
2011-06-23,66.06,66.77,65.6,66.76,2929491,0.0
2011-06-24,66.5,66.52,65.63,65.72,1942126,0.0
2011-06-27,65.75,66.53,65.61,66.28,1570197,0.0
2011-06-28,66.57,67.2,66.47,67.2,1814080,0.0
2011-06-29,67.45,67.87,67.22,67.79,2576767,0.0
2011-06-30,67.98,68.49,67.9,68.4,1973000,0.0
2011-07-01,68.43,69.47,68.28,69.38,2021223,0.0
2011-07-05,69.35,69.53,69.16,69.37,2260185,0.0
2011-07-06,69.21,69.596,69.03,69.51,1753511,0.0
2011-07-07,70.15,70.42,69.99,70.26,1558817,0.0
2011-07-08,69.5,69.78,69.211,69.76,1598015,0.0
2011-07-11,68.88,69.14,68.29,68.47,1961217,0.0
2011-07-12,68.24,68.835,68.1,68.17,2109212,0.0
2011-07-13,68.52,69.12,68.25,68.43,1903924,0.0
2011-07-14,68.59,68.89,67.72,67.85,2059585,0.0
2011-07-15,68.17,68.31,67.77,68.28,4489680,0.0
2011-07-18,67.97,68.04,67.14,67.65,4783117,0.0
2011-07-19,68.03,68.84,68.03,68.79,1841585,0.0
2011-07-20,68.98,69.0,68.58,68.75,1391069,0.0
2011-07-21,69.08,69.78,68.96,69.59,2109919,0.0
2011-07-22,69.6,69.77,69.25,69.71,1162805,0.0
2011-07-25,69.0,69.63,68.91,69.26,3125918,0.0
2011-07-26,69.22,69.3,68.822,68.97,1500203,0.0
2011-07-27,68.56,68.59,67.38,67.45,2133986,0.0
2011-07-28,67.43,68.08,67.14,67.22,2788582,0.0
2011-07-29,66.57,67.43,66.22,66.85,5091925,0.0
2011-08-01,67.66,67.76,65.93,66.55,5148639,0.0
2011-08-02,66.12,66.48,64.79,64.79,3528720,0.0
2011-08-03,64.84,65.21,63.67,65.15,5828484,0.0
2011-08-04,64.26,64.28,61.84,61.88,7792687,0.0
2011-08-05,62.66,62.82,60.0,61.62,7689962,0.0
2011-08-08,59.87,60.59,57.29,57.35,11877750,0.0
2011-08-09,58.3,60.25,56.42,60.22,9100343,0.0
2011-08-10,59.08,59.7184,57.52,57.66,6008764,0.0
2011-08-11,58.1,61.06,57.88,60.3,5850979,0.0
2011-08-12,60.82,61.21,60.21,60.7,3018795,0.0
2011-08-15,61.22,62.0701,61.14,62.02,2803449,0.0
2011-08-16,61.44,62.02,60.79,61.43,3085229,0.0
2011-08-17,61.8,62.25,60.94,61.44,2398546,0.0
2011-08-18,59.78,59.84,58.11,58.7,5826042,0.0
2011-08-19,57.82,59.36,57.57,57.65,4061786,0.0
2011-08-22,58.96,58.98,57.5,57.66,2331001,0.0
2011-08-23,57.91,59.67,57.55,59.64,3713935,0.0
2011-08-24,59.55,60.56,59.36,60.49,3164383,0.0
2011-08-25,60.87,61.16,59.29,59.48,3379052,0.0
2011-08-26,59.17,60.71,58.26,60.47,2648922,0.0
2011-08-29,61.27,62.38,61.23,62.36,1942383,0.0
2011-08-30,62.08,62.9399,61.62,62.53,2464943,0.0
2011-08-31,63.0,63.51,62.32,62.78,4318025,0.0
2011-09-01,62.81,63.39,61.98,62.07,3652542,0.0
2011-09-02,60.74,61.1,60.18,60.37,2225512,0.0
2011-09-06,58.53,60.04,58.51,59.99,2405552,0.0
2011-09-07,60.92,61.79,60.72,61.78,1325126,0.0
2011-09-08,61.35,62.1,60.93,61.04,2727311,0.0
2011-09-09,60.35,60.63,59.1171,59.45,2610776,0.0
2011-09-12,58.67,59.87,58.51,59.87,2692084,0.0
2011-09-13,60.07,60.69,59.64,60.47,1683612,0.0
2011-09-14,60.82,62.07,59.87,61.33,2517162,0.0
2011-09-15,61.95,62.41,61.43,62.4,3962126,0.0
2011-09-16,62.625,62.96,62.1,62.7,1550424,0.0
2011-09-19,61.64,62.3585,61.2,62.04,2066343,0.0
2011-09-20,62.26,62.86,61.78,61.82,3734145,0.0
2011-09-21,61.8,62.0,59.31,59.81,4795172,0.0
2011-09-22,58.14,58.73,57.15,57.97,7423427,0.0
2011-09-23,57.29,58.34,57.13,58.0,4869256,0.0
2011-09-26,58.63,59.45,57.66,59.37,2532078,0.0
2011-09-27,60.54,61.18,59.76,60.12,3318557,0.0
2011-09-28,60.27,60.57,58.66,58.75,2326925,0.0
2011-09-29,59.81,60.02,58.08,59.18,2724127,0.0
2011-09-30,58.36,58.8869,57.65,57.72,2520410,0.0
2011-10-03,57.38,58.07,55.77,55.81,4172035,0.0
2011-10-04,55.08,57.35,54.58,57.21,4982222,0.0
2011-10-05,57.4,58.53,56.87,58.38,7841539,0.0
2011-10-06,58.3,59.56,57.9,59.51,2284434,0.0
2011-10-07,59.85,59.87,58.66,58.97,3015375,0.0
2011-10-10,60.0,61.0,59.99,61.0,1637084,0.0
2011-10-11,60.6,61.27,60.54,61.05,2688713,0.0
2011-10-12,61.57,62.36,61.459,61.63,2856563,0.0
2011-10-13,61.29,61.75,60.79,61.55,2149056,0.0
2011-10-14,62.32,62.67,61.55,62.67,1654439,0.0
2011-10-17,62.38,62.4,61.25,61.4,3652240,0.0
2011-10-18,61.33,63.08,60.8,62.64,2641153,0.0
2011-10-19,62.56,62.9,61.67,61.81,2145953,0.0
2011-10-20,62.03,62.3,61.0801,62.09,1828926,0.0
2011-10-21,62.83,63.38,62.67,63.26,1808326,0.0
2011-10-24,63.44,64.44,63.389,64.32,1737524,0.0
2011-10-25,63.96,64.0,62.87,63.006,3056511,0.0
2011-10-26,63.73,63.89,62.5,63.69,1772874,0.0
2011-10-27,65.43,66.35,64.8801,65.89,5326986,0.0
2011-10-28,65.65,66.064,65.55,65.95,1285840,0.0
2011-10-31,65.15,65.25,64.28,64.28,1729893,0.0
2011-11-01,62.4,63.28,62.16,62.57,2836973,0.0
2011-11-02,63.5,63.784,62.91,63.6,2117716,0.0
2011-11-03,64.28,64.93,63.35,64.84,2056652,0.0
2011-11-04,64.3,64.61,63.671,64.49,1625736,0.0
2011-11-07,64.44,64.84,63.75,64.82,1455778,0.0
2011-11-08,65.17,65.66,64.43,65.6,1909560,0.0
2011-11-09,64.04,64.34,63.0,63.1,1886884,0.0
2011-11-10,63.95,63.99,63.0,63.66,1363044,0.0
2011-11-11,64.45,65.05,64.39,64.92,1234100,0.0
2011-11-14,64.69,64.75,64.0,64.28,1190299,0.0
2011-11-15,64.08,64.97,63.86,64.67,1076629,0.0
2011-11-16,63.99,64.78,63.48,63.59,3342321,0.0
2011-11-17,63.48,63.65,62.16,62.55,1795447,0.0
2011-11-18,62.8,62.86,62.21,62.46,2139758,0.0
2011-11-21,61.53,61.59,60.75,61.3,2008316,0.0
2011-11-22,61.12,61.49,60.68,61.01,1586548,0.0
2011-11-23,60.43,60.51,59.62,59.648,2141885,0.0
2011-11-25,59.49,60.18,59.45,59.46,1010996,0.0
2011-11-28,61.09,61.46,60.77,61.25,1887691,0.0
2011-11-29,61.46,61.83,61.2,61.44,1229655,0.0
2011-11-30,63.21,64.15,63.11,64.04,2365788,0.0
2011-12-01,63.95,64.41,63.76,64.04,1561307,0.0
2011-12-02,64.65,64.87,63.96,64.01,1746836,0.0
2011-12-05,64.94,65.25,64.35,64.71,2032936,0.0
2011-12-06,64.77,65.14,64.46,64.74,1241402,0.0
2011-12-07,64.52,65.16,63.98,64.91,3885735,0.0
2011-12-08,64.5,64.62,63.28,63.44,1964583,0.0
2011-12-09,63.7,64.7135,63.63,64.57,2100921,0.0
2011-12-12,63.95,64.0,63.07,63.58,1369644,0.0
2011-12-13,63.97,64.3,62.61,62.9,1525456,0.0
2011-12-14,62.6,62.85,62.05,62.18,1896530,0.0
2011-12-15,62.91,62.92,62.2713,62.41,5062369,0.0
2011-12-16,62.85,63.29,62.44,62.62,1320387,0.0
2011-12-19,62.91,63.01,61.76,61.89,2382857,0.0
2011-12-20,62.91,63.92,62.81,63.83,2053123,0.0
2011-12-21,63.46,63.71,62.82,63.59,1728212,0.0
2011-12-22,63.86,64.26,63.76,64.25,1635942,0.0
2011-12-23,64.42,64.74,64.23,64.74,3193948,0.0
2011-12-27,64.64,64.94,64.52,64.75,3100792,0.0
2011-12-28,64.78,64.82,63.81,63.96,2096214,0.0
2011-12-29,64.04,64.62,64.0,64.59,1565128,0.0
2011-12-30,64.47,64.65,64.29,64.3,1267522,0.0
2012-01-03,65.41,65.72,65.14,65.21,2230352,0.0
2012-01-04,65.15,65.35,64.77,65.24,1647893,0.0
2012-01-05,64.94,65.6,64.58,65.53,1146220,0.0
2012-01-06,65.56,65.6,65.1,65.38,1640002,0.0
2012-01-09,65.53,65.62,65.19,65.53,1978953,0.0
2012-01-10,66.2,66.39,66.06,66.18,1368132,0.0
2012-01-11,65.96,66.34,65.88,66.3,1825296,0.0
2012-01-12,66.48,66.51,65.9,66.46,944932,0.0
2012-01-13,65.98,66.15,65.5,66.15,1294628,0.0
2012-01-17,66.73,66.82,66.1785,66.3,2181656,0.0
2012-01-18,66.33,67.1105,66.1701,67.1,2007213,0.0
2012-01-19,67.37,67.57,67.16,67.51,4201242,0.0
2012-01-20,67.36,67.53,67.21,67.53,1537518,0.0
2012-01-23,67.53,67.91,67.19,67.5487,3387425,0.0
2012-01-24,67.16,67.57,67.01,67.54,1551824,0.0
2012-01-25,67.48,68.29,67.21,68.16,1737840,0.0
2012-01-26,68.48,68.599,67.53,67.81,2633588,0.0
2012-01-27,67.48,68.0,67.44,67.86,2056659,0.0
2012-01-30,67.22,67.6799,66.95,67.59,1760461,0.0
2012-01-31,68.0,68.04,67.2699,67.56,2250758,0.0
2012-02-01,68.13,68.62,68.03,68.34,1993168,0.0
2012-02-02,68.49,68.63,68.19,68.46,19893750,0.0
2012-02-03,69.19,69.5,69.06,69.48,2399632,0.0
2012-02-06,69.24,69.47,69.1,69.44,2289554,0.0
2012-02-07,69.3,69.71,69.03,69.6,1966961,0.0
2012-02-08,69.66,69.85,69.288,69.75,2413073,0.0
2012-02-09,69.88,69.96,69.42,69.86,1780802,0.0
2012-02-10,69.23,69.38,69.04,69.31,1365168,0.0
2012-02-13,69.82,69.91,69.51,69.84,1499542,0.0
2012-02-14,69.7,69.78,69.29,69.74,1875899,0.0
2012-02-15,70.0,70.1,69.28,69.44,2022813,0.0
2012-02-16,69.45,70.32,69.3499,70.27,1601427,0.0
2012-02-17,70.48,70.52,70.18,70.37,2093283,0.0
2012-02-21,70.58,70.68,70.13,70.34,1525822,0.0
2012-02-22,70.21,70.41,69.99,70.12,1781753,0.0
2012-02-23,70.08,70.53,69.82,70.51,1500778,0.0
2012-02-24,70.65,70.78,70.47,70.61,1267387,0.0
2012-02-27,70.14,70.89,69.97,70.67,1350442,0.0
2012-02-28,70.74,70.95,70.57,70.87,1839296,0.0
2012-02-29,70.98,71.19,70.4,70.41,2211394,0.0
2012-03-01,70.67,71.0893,70.61,70.95,2414052,0.0
2012-03-02,70.9,70.971,70.44,70.6,1609402,0.0
2012-03-05,70.44,70.5,70.03,70.28,2700308,0.0
2012-03-06,69.61,69.62,68.97,69.15,2394318,0.0
2012-03-07,69.4,69.83,69.3,69.75,1410954,0.0
2012-03-08,70.22,70.6,69.98,70.47,1697396,0.0
2012-03-09,70.6,71.01,70.52,70.82,1462156,0.0
2012-03-12,70.86,70.94,70.55,70.77,1431566,0.0
2012-03-13,71.18,72.08,71.0484,72.08,1521211,0.0
2012-03-14,72.1,72.25,71.71,71.93,1894595,0.0
2012-03-15,72.04,72.39,71.83,72.35,1713816,0.0
2012-03-16,72.5,72.54,72.3,72.46,1178103,0.0
2012-03-19,72.41,72.99,72.33,72.73,1963964,0.0
2012-03-20,72.34,72.58,72.08,72.48,1547262,0.0
2012-03-21,72.51,72.61,72.211,72.4,2033539,0.0
2012-03-22,71.85,72.02,71.57,71.82,1823671,0.0
2012-03-23,71.84,72.175,71.445,72.11,1260594,0.0
2012-03-26,72.34,72.8,72.34,72.8,1585397,0.0
2012-03-27,72.85,72.9373,72.54,72.56,2398079,0.0
2012-03-28,72.5,72.66,71.73,72.2,2864269,0.0
2012-03-29,71.8,72.17,71.4436,72.07,1567290,0.0
2012-03-30,72.47,72.48,71.96,72.26,1244325,0.0
2012-04-02,72.26,73.06,72.09,72.87,2391021,0.0
2012-04-03,72.79,72.94,72.2,72.63,1861201,0.0
2012-04-04,72.08,72.09,71.55,71.82,2401925,0.0
2012-04-05,71.62,71.97,71.5,71.77,1198672,0.0
2012-04-09,70.8,71.205,70.7,70.93,1735620,0.0
2012-04-10,70.78,70.9609,69.57,69.6,5395949,0.0
2012-04-11,70.37,70.5,70.1,70.18,2120432,0.0
2012-04-12,70.32,71.28,70.27,71.24,1428567,0.0
2012-04-13,71.05,71.05,70.33,70.37,1568162,0.0
2012-04-16,70.75,70.848,70.0415,70.3,1438942,0.0
2012-04-17,70.78,71.56,70.72,71.37,1287832,0.0
2012-04-18,71.13,71.35,70.98,71.12,1873467,0.0
2012-04-19,71.08,71.47,70.37,70.71,2368278,0.0
2012-04-20,71.06,71.285,70.8,70.82,1223266,0.0
2012-04-23,70.12,70.25,69.71,70.21,2151682,0.0
2012-04-24,70.32,70.64,70.18,70.44,2764617,0.0
2012-04-25,71.14,71.495,71.1,71.48,1536236,0.0
2012-04-26,71.38,72.0899,71.2975,72.0,1029371,0.0
2012-04-27,72.15,72.3492,71.77,72.17,1215658,0.0
2012-04-30,72.0,72.1,71.65,71.8,1108884,0.0
2012-05-01,71.8,72.7899,71.73,72.26,2125631,0.0
2012-05-02,71.87,72.16,71.59,72.1,1403668,0.0
2012-05-03,72.13,72.15,71.295,71.47,1432539,0.0
2012-05-04,71.08,71.13,70.23,70.28,1771890,0.0
2012-05-07,70.09,70.5583,70.0,70.33,1105562,0.0
2012-05-08,69.94,70.17,69.15,70.07,1908982,0.0
2012-05-09,69.3,70.08,68.99,69.65,2191907,0.0
2012-05-10,70.19,70.22,69.67,69.83,2927966,0.0
2012-05-11,69.35,70.24,69.32,69.64,1075394,0.0
2012-05-14,69.01,69.32,68.73,68.85,1631770,0.0
2012-05-15,68.8,69.2,68.34,68.48,1185173,0.0
2012-05-16,68.75,69.07,68.14,68.16,1893550,0.0
2012-05-17,68.16,68.25,66.98,66.98,2499532,0.0
2012-05-18,67.22,67.38,66.3,66.42,4340747,0.0
2012-05-21,66.62,67.65,66.46,67.65,2172349,0.0
2012-05-22,67.76,68.26,67.28,67.67,1907890,0.0
2012-05-23,67.23,67.8901,66.561,67.79,1777040,0.0
2012-05-24,67.99,68.073,67.33,67.92,1193521,0.0
2012-05-25,67.93,68.08,67.586,67.76,692803,0.0
2012-05-29,68.26,68.69,68.06,68.58,2232882,0.0
2012-05-30,68.0,68.03,67.38,67.5,962336,0.0
2012-05-31,67.51,67.828,66.75,67.33,1701379,0.0
2012-06-01,66.24,66.47,65.57,65.6,2883349,0.0
2012-06-04,65.64,65.88,64.94,65.54,3082973,0.0
2012-06-05,65.39,66.1501,65.3401,66.04,1918893,0.0
2012-06-06,66.56,67.58,66.51,67.58,1571215,0.0
2012-06-07,68.38,68.4,67.42,67.5,2965682,0.0
2012-06-08,67.34,68.09,67.11,68.09,1076841,0.0
2012-06-11,68.65,68.71,67.04,67.14,1440132,0.0
2012-06-12,67.25,67.92,66.9701,67.87,1324515,0.0
2012-06-13,67.65,68.08,67.16,67.37,1517003,0.0
2012-06-14,67.5,68.32,67.324,68.07,1638488,0.0
2012-06-15,68.28,68.85,68.23,68.77,3737147,0.0
2012-06-18,68.55,69.14,68.334,68.97,1790943,0.0
2012-06-19,69.36,69.99,69.25,69.7,1461019,0.0
2012-06-20,69.72,69.93,69.09,69.57,1765386,0.0
2012-06-21,69.64,69.72,67.938,68.0,1732652,0.0
2012-06-22,68.35,68.67,68.1,68.55,1218209,0.0
2012-06-25,67.48,67.5,66.84,67.09,3125454,0.0
2012-06-26,67.26,67.63,66.88,67.41,2155720,0.0
2012-06-27,67.6,68.16,67.58,68.06,2700294,0.0
2012-06-28,67.61,67.98,67.11,67.92,1266592,0.0
2012-06-29,69.19,69.7,68.9666,69.7,2008584,0.0
2012-07-02,69.87,69.95,69.3801,69.89,1567756,0.0
2012-07-03,69.95,70.49,69.84,70.46,1297007,0.0
2012-07-05,70.22,70.489,69.88,70.17,1128017,0.0
2012-07-06,69.54,69.64,69.14,69.51,2092959,0.0
2012-07-09,69.4,69.488,69.042,69.34,1117137,0.0
2012-07-10,69.7,69.8187,68.48,68.72,1234784,0.0
2012-07-11,68.76,68.95,68.3,68.67,854308,0.0
2012-07-12,68.25,68.6574,67.82,68.4,1466560,0.0
2012-07-13,68.54,69.54,68.52,69.47,2240008,0.0
2012-07-16,69.33,69.5,69.01,69.3,670878,0.0
2012-07-17,69.58,69.88,68.81,69.76,1976189,0.0
2012-07-18,69.56,70.45,69.54,70.26,1975401,0.0
2012-07-19,70.41,70.63,70.1418,70.38,1023272,0.0
2012-07-20,70.02,70.0769,69.67,69.74,1028535,0.0
2012-07-23,68.66,69.17,68.3499,68.97,1398035,0.0
2012-07-24,69.04,69.06,67.9,68.35,1128441,0.0
2012-07-25,68.51,68.68,68.025,68.36,1299381,0.0
2012-07-26,69.37,69.569,68.97,69.4,1120931,0.0
2012-07-27,69.82,70.94,69.67,70.77,1422042,0.0
2012-07-30,70.71,71.05,70.485,70.7,1882844,0.0
2012-07-31,70.63,70.82,70.31,70.31,841116,0.0
2012-08-01,70.67,70.6901,69.98,70.03,1300580,0.0
2012-08-02,69.56,70.03,69.03,69.55,1166067,0.0
2012-08-03,70.59,71.129,70.501,70.96,1486318,0.0
2012-08-06,71.13,71.415,71.08,71.14,1019563,0.0
2012-08-07,71.46,71.88,71.43,71.57,1085900,0.0
2012-08-08,71.32,71.7494,71.2939,71.66,945677,0.0
2012-08-09,71.53,71.88,71.51,71.72,699196,0.0
2012-08-10,71.5,71.87,71.33,71.86,1391290,0.0
2012-08-13,71.73,71.8473,71.38,71.8,1489402,0.0
2012-08-14,72.08,72.12,71.59,71.78,1070209,0.0
2012-08-15,71.69,72.03,71.6603,71.94,897302,0.0
2012-08-16,72.02,72.58,71.82,72.49,1422582,0.0
2012-08-17,72.56,72.69,72.4401,72.63,1140306,0.0
2012-08-20,72.53,72.63,72.3,72.62,1145063,0.0
2012-08-21,72.8,73.11,72.25,72.47,2609321,0.0
2012-08-22,72.22,72.53,72.02,72.38,2093285,0.0
2012-08-23,72.26,72.265,71.72,71.84,1682269,0.0
2012-08-24,71.64,72.38,71.5955,72.25,969758,0.0
2012-08-27,72.42,72.52,72.13,72.24,933523,0.0
2012-08-28,72.1,72.44,71.98,72.23,883955,0.0
2012-08-29,72.36,72.51,72.09,72.32,1231521,0.0
2012-08-30,72.05,72.05,71.63,71.78,717924,0.0
2012-08-31,72.23,72.4499,71.68,72.21,1273528,0.0
2012-09-04,72.14,72.39,71.62,72.16,1194825,0.0
2012-09-05,72.23,72.42,72.0094,72.16,998137,0.0
2012-09-06,72.55,73.605,72.55,73.6,1738444,0.0
2012-09-07,73.75,73.96,73.6801,73.96,1408209,0.0
2012-09-10,73.88,73.98,73.5,73.52,962576,0.0
2012-09-11,73.56,73.95,73.55,73.68,1335000,0.0
2012-09-12,73.99,74.039,73.72,73.99,1364779,0.0
2012-09-13,73.97,75.32,73.84,75.1,2242345,0.0
2012-09-14,75.22,75.91,75.2,75.5,5731092,0.0
2012-09-17,75.37,75.43,74.97,75.19,1347811,0.0
2012-09-18,75.04,75.16,74.86,75.06,2004132,0.0
2012-09-19,75.12,75.33,74.95,75.12,836068,0.0
2012-09-20,74.75,75.0508,74.51,75.02,2569462,0.0
2012-09-21,75.4,75.41,75.02,75.04,954526,0.0
2012-09-24,74.33,74.6899,74.26,74.51,1437043,0.0
2012-09-25,74.69,74.79,73.65,73.75,1619147,0.0
2012-09-26,73.67,73.68,73.04,73.26,1482540,0.0
2012-09-27,73.57,74.13,73.35,73.99,956883,0.0
2012-09-28,73.71,73.94,73.3613,73.65,1397918,0.0
2012-10-01,73.99,74.47,73.63,73.78,1864039,0.0
2012-10-02,74.09,74.21,73.55,73.89,2135959,0.0
2012-10-03,74.06,74.34,73.67,74.16,1118760,0.0
2012-10-04,74.41,74.7372,74.31,74.72,1614428,0.0
2012-10-05,75.05,75.25,74.47,74.7,1317303,0.0
2012-10-08,74.38,74.53,74.26,74.41,1128777,0.0
2012-10-09,74.36,74.41,73.64,73.66,4611511,0.0
2012-10-10,73.65,73.71,73.12,73.23,1263960,0.0
2012-10-11,73.8,73.8787,73.33,73.34,1405763,0.0
2012-10-12,73.38,73.58,72.88,73.02,2111862,0.0
2012-10-15,73.17,73.68,72.94,73.62,948774,0.0
2012-10-16,73.95,74.4099,73.9,74.38,2616278,0.0
2012-10-17,74.44,74.79,74.3,74.73,1265164,0.0
2012-10-18,74.57,74.87,74.314,74.58,1156860,0.0
2012-10-19,74.35,74.35,73.1146,73.29,1466694,0.0
2012-10-22,73.19,73.42,72.73,73.29,1394018,0.0
2012-10-23,72.5,72.65,71.9543,72.36,2302350,0.0
2012-10-24,72.63,72.73,72.0401,72.16,1250349,0.0
2012-10-25,72.68,72.8,71.92,72.36,1092506,0.0
2012-10-26,72.3,72.54,71.7999,72.28,1154797,0.0
2012-10-31,72.58,72.63,72.0,72.32,1373191,0.0
2012-11-01,72.54,73.27,72.446,73.23,1519093,0.0
2012-11-02,73.61,73.63,72.43,72.47,1467130,0.0
2012-11-05,72.39,72.82,72.2,72.7,1368142,0.0
2012-11-06,72.9,73.5099,72.82,73.25,1066632,0.0
2012-11-07,72.62,72.63,71.28,71.61,4727214,0.0
2012-11-08,71.6,71.9162,70.7,70.7,1926021,0.0
2012-11-09,70.54,71.719,70.48,70.77,1974105,0.0
2012-11-12,70.99,71.1,70.68,70.81,3436500,0.0
2012-11-13,70.45,71.27,70.36,70.54,1497403,0.0
2012-11-14,70.78,70.87,69.3685,69.55,3587611,0.0
2012-11-15,69.5,69.7914,69.07,69.37,2332065,0.0
2012-11-16,69.47,69.91,68.9,69.75,1807155,0.0
2012-11-19,70.57,71.2,70.54,71.19,2239686,0.0
2012-11-20,71.1,71.34,70.71,71.27,2151197,0.0
2012-11-21,71.3,71.4769,71.18,71.45,1144603,0.0
2012-11-23,71.77,72.38,71.73,72.38,787890,0.0
2012-11-26,72.06,72.29,71.82,72.29,1698442,0.0
2012-11-27,72.17,72.44,71.89,71.91,1655526,0.0
2012-11-28,71.65,72.51,71.24,72.48,1733097,0.0
2012-11-29,72.82,73.05,72.5,72.9,3237058,0.0
2012-11-30,72.91,73.02,72.655,72.88,1773762,0.0
2012-12-03,73.27,73.29,72.51,72.56,1671147,0.0
2012-12-04,72.58,72.78,72.26,72.46,1325585,0.0
2012-12-05,72.58,72.91,72.04,72.6,1913698,0.0
2012-12-06,72.54,72.86,72.43,72.83,1272913,0.0
2012-12-07,73.11,73.19,72.69,73.04,1845687,0.0
2012-12-10,72.99,73.27,72.9497,73.13,1318415,0.0
2012-12-11,73.44,73.92,73.4,73.59,2300622,0.0
2012-12-12,73.94,74.138,73.53,73.6199,2046113,0.0
2012-12-13,73.6,73.79,73.0,73.2,2235567,0.0
2012-12-14,73.02,73.18,72.8,72.89,1810601,0.0
2012-12-17,73.12,73.8,73.05,73.8,3289763,0.0
2012-12-18,73.94,74.71,73.8,74.66,3438881,0.0
2012-12-19,74.84,74.88,74.17,74.2,3682355,0.0
2012-12-20,73.72,74.07,73.48,74.06,4600919,0.0
2012-12-21,73.02,73.54,72.97,73.43,4402420,0.0
2012-12-24,73.2,73.26,73.1,73.18,1430529,0.0
2012-12-26,73.32,73.35,72.68,72.83,2479522,0.0
2012-12-27,72.88,73.02,71.94,72.77,3277481,0.0
2012-12-28,72.33,72.68,71.97,71.98,3619439,0.0
2012-12-31,71.88,73.31,71.82,73.28,8360211,0.0
2013-01-02,74.53,75.15,74.5,75.14,5037791,0.0
2013-01-03,75.12,75.37,74.84,75.03,2634581,0.0
2013-01-04,75.14,75.5199,74.99,75.43,2515007,0.0
2013-01-07,75.18,75.28,74.95,75.21,2511151,0.0
2013-01-08,75.11,75.18,74.7,75.01,1407877,0.0
2013-01-09,75.19,75.41,75.11,75.24,1421860,0.0
2013-01-10,75.62,75.77,75.218,75.76,1404894,0.0
2013-01-11,75.76,75.8,75.51,75.77,1248485,0.0
2013-01-14,75.75,75.8,75.44,75.69,2745051,0.0
2013-01-15,75.4,75.89,75.34,75.83,1109099,0.0
2013-01-16,75.68,75.91,75.59,75.77,1211404,0.0
2013-01-17,76.11,76.5,75.995,76.29,1534789,0.0
2013-01-18,76.32,76.54,76.04,76.5,2173708,0.0
2013-01-22,76.5,76.9,76.33,76.9,3583897,0.0
2013-01-23,76.93,77.08,76.78,76.99,2295163,0.0
2013-01-24,76.92,77.44,76.86,77.08,5386731,0.0
2013-01-25,77.38,77.53,77.122,77.51,2997058,0.0
2013-01-28,77.6,77.61,77.15,77.44,1634073,0.0
2013-01-29,77.34,77.769,77.24,77.7,2279301,0.0
2013-01-30,77.69,77.8299,77.27,77.39,2074184,0.0
2013-01-31,77.33,77.5,77.15,77.25,2611291,0.0
2013-02-01,77.78,78.11,77.61,78.0,2549920,0.0
2013-02-04,77.64,77.72,77.13,77.18,2457618,0.0
2013-02-05,77.62,78.109,77.54,77.91,1609726,0.0
2013-02-06,77.68,78.06,77.6,78.05,1739446,0.0
2013-02-07,78.05,78.1335,77.36,77.91,2260093,0.0
2013-02-08,78.03,78.38,78.01,78.38,4399067,0.0
2013-02-11,78.36,78.39,78.14,78.34,2112681,0.0
2013-02-12,78.34,78.601,78.28,78.47,1568551,0.0
2013-02-13,78.68,78.79,78.34,78.58,1346478,0.0
2013-02-14,78.35,78.75,78.28,78.68,1287478,0.0
2013-02-15,78.75,78.83,78.32,78.59,1248363,0.0
2013-02-19,78.71,79.16,78.71,79.14,1762924,0.0
2013-02-20,79.11,79.13,78.08,78.09,2507558,0.0
2013-02-21,77.89,77.89,77.25,77.56,2641268,0.0
2013-02-22,77.92,78.31,77.77,78.31,1833141,0.0
2013-02-25,78.68,78.78,76.85,76.87,1979344,0.0
2013-02-26,77.19,77.44,76.6701,77.36,2505679,0.0
2013-02-27,77.27,78.53,77.26,78.31,1442467,0.0
2013-02-28,78.31,78.81,78.13,78.24,1569286,0.0
2013-03-01,77.96,78.4954,77.51,78.42,1884737,0.0
2013-03-04,78.24,78.78,78.1,78.78,1418035,0.0
2013-03-05,79.15,79.72,79.1,79.57,1854982,0.0
2013-03-06,79.84,79.89,79.52,79.69,2044933,0.0
2013-03-07,79.8,79.95,79.72,79.88,1563948,0.0
2013-03-08,80.23,80.355,79.82,80.27,1987322,0.0
2013-03-11,80.19,80.53,80.09,80.5,1610002,0.0
2013-03-12,80.47,80.57,80.12,80.36,1506418,0.0
2013-03-13,80.37,80.61,80.15,80.51,1021895,0.0
2013-03-14,80.72,80.99,80.68,80.96,1328113,0.0
2013-03-15,80.9,80.9703,80.6,80.87,1850611,0.0
2013-03-18,80.14,80.7699,80.0,80.43,1983377,0.0
2013-03-19,80.6,80.72,79.6935,80.21,1522477,0.0
2013-03-20,80.65,80.93,80.56,80.81,1475817,0.0
2013-03-21,80.34,80.61,79.99,80.16,1418886,0.0
2013-03-22,80.03,80.32,79.97,80.29,1648168,0.0
2013-03-25,80.55,80.7,79.716,80.02,2905635,0.0
2013-03-26,80.34,80.63,80.24,80.62,1322817,0.0
2013-03-27,80.16,80.71,80.0101,80.68,2494137,0.0
2013-03-28,80.67,81.02,80.5757,80.96,1897616,0.0
2013-04-01,80.95,81.06,80.32,80.53,3097554,0.0
2013-04-02,80.86,81.0359,80.54,80.77,2480868,0.0
2013-04-03,80.82,80.88,79.68,79.89,2266022,0.0
2013-04-04,80.01,80.33,79.82,80.24,1317801,0.0
2013-04-05,79.26,80.01,79.14,79.96,1533466,0.0
2013-04-08,80.0,80.47,79.73,80.45,1927447,0.0
2013-04-09,80.6,80.99,80.34,80.68,1178268,0.0
2013-04-10,80.88,81.8,80.87,81.72,2209439,0.0
2013-04-11,81.73,82.28,81.69,82.03,1263183,0.0
2013-04-12,81.76,81.92,81.32,81.74,1413431,0.0
2013-04-15,81.45,81.45,79.74,79.75,3054426,0.0
2013-04-16,80.36,80.98,80.14,80.93,1945486,0.0
2013-04-17,80.39,80.42,79.29,79.72,2688465,0.0
2013-04-18,79.85,79.909,78.93,79.22,1505732,0.0
2013-04-19,79.49,80.01,79.2332,79.98,965448,0.0
2013-04-22,80.13,80.5,79.55,80.32,1237158,0.0
2013-04-23,80.72,81.24,80.39,81.19,1957530,0.0
2013-04-24,81.2,81.5,81.07,81.31,1039735,0.0
2013-04-25,81.54,82.04,81.45,81.64,1120899,0.0
2013-04-26,81.53,81.68,81.22,81.49,1150153,0.0
2013-04-29,81.71,82.19,81.5901,82.01,2118506,0.0
2013-04-30,82.02,82.3,81.69,82.26,1740806,0.0
2013-05-01,82.11,82.17,81.38,81.42,2159620,0.0
2013-05-02,81.61,82.32,81.61,82.27,1616163,0.0
2013-05-03,82.99,83.38,82.86,83.04,2382815,0.0
2013-05-06,83.15,83.46,83.1,83.36,1879055,0.0
2013-05-07,83.58,83.83,83.31,83.82,1967330,0.0
2013-05-08,83.72,84.21,83.68,84.21,1734875,0.0
2013-05-09,84.19,84.35,83.74,83.93,1495164,0.0
2013-05-10,84.04,84.3,83.81,84.3,1333185,0.0
2013-05-13,84.19,84.44,83.96,84.32,1285270,0.0
2013-05-14,84.4,85.249,84.4,85.19,1440016,0.0
2013-05-15,85.06,85.795,85.02,85.56,2743535,0.0
2013-05-16,85.53,85.76,85.1,85.21,2006233,0.0
2013-05-17,85.57,86.09,85.46,86.08,1540283,0.0
2013-05-20,86.01,86.389,85.9001,86.07,1680805,0.0
2013-05-21,86.14,86.48,85.86,86.21,1483135,0.0
2013-05-22,86.28,87.09,84.995,85.36,3377933,0.0
2013-05-23,84.49,85.37,84.32,85.2,2749617,0.0
2013-05-24,84.66,85.1,84.38,85.09,1151685,0.0
2013-05-28,86.03,86.418,85.3416,85.64,2120814,0.0
2013-05-29,85.2,85.32,84.57,85.06,2420793,0.0
2013-05-30,85.16,85.77,85.08,85.41,1629962,0.0
2013-05-31,85.18,85.648,84.2,84.27,2005196,0.0
2013-06-03,84.45,84.66,83.74,84.61,3620455,0.0
2013-06-04,84.72,84.99,83.77,84.2,2311817,0.0
2013-06-05,83.99,84.11,82.937,83.01,2945337,0.0
2013-06-06,82.99,83.8,82.5332,83.79,2633816,0.0
2013-06-07,84.346,84.9,83.97,84.83,2391530,0.0
2013-06-10,85.15,85.16,84.61,84.86,3643580,0.0
2013-06-11,84.1,84.72,83.77,84.0,2102144,0.0
2013-06-12,84.58,84.63,83.19,83.29,2568602,0.0
2013-06-13,83.22,84.72,83.03,84.58,4100020,0.0
2013-06-14,84.49,84.81,83.93,84.1,1653451,0.0
2013-06-17,84.67,85.0599,84.2599,84.69,2416897,0.0
2013-06-18,84.79,85.52,84.79,85.33,2095060,0.0
2013-06-19,85.19,85.47,84.21,84.24,4448042,0.0
2013-06-20,83.47,83.47,81.9,82.15,4933132,0.0
2013-06-21,82.63,82.7799,81.47,82.36,4227663,0.0
2013-06-24,81.11,81.605,80.1899,80.92,5378382,0.0
2013-06-25,81.66,81.99,81.11,81.73,2625695,0.0
2013-06-26,82.4,82.69,82.05,82.49,2496901,0.0
2013-06-27,83.02,83.4,82.99,83.1,2211598,0.0
2013-06-28,82.93,83.31,82.51,82.67,3023144,0.0
2013-07-01,83.29,83.94,83.1101,83.36,2096908,0.0
2013-07-02,83.33,83.89,82.94,83.27,1958485,0.0
2013-07-03,82.99,83.5934,82.83,83.39,1004787,0.0
2013-07-05,84.02,84.3,83.3331,84.28,2433974,0.0
2013-07-08,84.71,84.96,84.56,84.73,1972639,0.0
2013-07-09,85.23,85.46,84.88,85.33,2229821,0.0
2013-07-10,85.295,85.63,85.12,85.37,4399782,0.0
2013-07-11,86.43,86.64,86.11,86.61,3560846,0.0
2013-07-12,86.54,86.83,86.44,86.69,2141330,0.0
2013-07-15,86.91,87.11,86.73,87.02,2340161,0.0
2013-07-16,87.07,87.1,86.42,86.63,1637833,0.0
2013-07-17,87.01,87.13,86.76,86.91,1718720,0.0
2013-07-18,87.09,87.588,87.0101,87.4,2100027,0.0
2013-07-19,87.2,87.53,87.1,87.53,1604279,0.0
2013-07-22,87.69,87.82,87.47,87.72,2120978,0.0
2013-07-23,87.93,88.0,87.5066,87.56,1915157,0.0
2013-07-24,87.95,87.9899,87.03,87.21,2997510,0.0
2013-07-25,87.0,87.57,86.95,87.53,1781783,0.0
2013-07-26,87.23,87.57,86.79,87.54,1845100,0.0
2013-07-29,87.42,87.57,87.022,87.24,1681843,0.0
2013-07-30,87.54,87.619,87.1,87.33,1379815,0.0
2013-07-31,87.43,88.0,87.32,87.42,2211463,0.0
2013-08-01,88.1,88.6,88.07,88.53,2423286,0.0
2013-08-02,88.43,88.62,88.19,88.57,2224435,0.0
2013-08-05,88.51,88.6884,88.3378,88.58,1167319,0.0
2013-08-06,88.51,88.54,87.7701,88.0,1587847,0.0
2013-08-07,87.66,87.7832,87.29,87.65,1542981,0.0
2013-08-08,88.09,88.18,87.5578,88.01,2251221,0.0
2013-08-09,87.9,88.17,87.47,87.79,2519723,0.0
2013-08-12,87.39,87.83,87.25,87.73,1102109,0.0
2013-08-13,87.92,88.04,87.32,87.92,1298176,0.0
2013-08-14,87.9,88.0,87.44,87.46,1369533,0.0
2013-08-15,86.82,86.82,86.05,86.16,2729740,0.0
2013-08-16,86.08,86.344,85.73,85.88,4933539,0.0
2013-08-19,85.65,86.06,85.3,85.3,2112167,0.0
2013-08-20,85.43,86.14,85.365,85.86,2047454,0.0
2013-08-21,85.63,86.09,85.12,85.36,3103580,0.0
2013-08-22,85.55,86.28,85.55,86.12,2065158,0.0
2013-08-23,86.41,86.56,85.99,86.48,1268711,0.0
2013-08-26,86.59,86.86,86.1401,86.26,1981913,0.0
2013-08-27,85.37,85.6543,84.68,84.73,2188611,0.0
2013-08-28,84.72,85.34,84.6,85.04,1444073,0.0
2013-08-29,84.88,85.68,84.85,85.27,1291291,0.0
2013-08-30,85.44,85.45,84.6201,84.77,2437688,0.0
2013-09-03,85.77,85.9174,84.84,85.2,1807173,0.0
2013-09-04,85.27,86.08,85.12,85.96,2610909,0.0
2013-09-05,86.01,86.272,85.99,86.06,1511229,0.0
2013-09-06,86.4,86.64,85.31,86.13,1807564,0.0
2013-09-09,86.43,87.1261,86.42,87.1,1811126,0.0
2013-09-10,87.66,87.78,87.43,87.78,3454854,0.0
2013-09-11,87.7,88.02,87.49,88.01,1573240,0.0
2013-09-12,88.03,88.12,87.6501,87.74,1124595,0.0
2013-09-13,87.87,88.0,87.62,87.92,1793260,0.0
2013-09-16,88.93,89.0,88.3,88.43,2525666,0.0
2013-09-17,88.54,88.9,88.54,88.9,1656788,0.0
2013-09-18,88.92,90.12,88.579,89.94,2702732,0.0
2013-09-19,90.07,90.232,89.66,89.8,2644450,0.0
2013-09-20,89.89,90.0,89.08,89.2,2673422,0.0
2013-09-23,88.51,88.6799,87.99,88.37,2586567,0.0
2013-09-24,88.24,88.76,88.01,88.23,4013450,0.0
2013-09-25,88.34,88.5,87.95,88.07,1345342,0.0
2013-09-26,88.22,88.658,88.0951,88.41,1209964,0.0
2013-09-27,87.99,88.148,87.79,88.06,1938846,0.0
2013-09-30,87.38,87.88,87.1,87.65,2522110,0.0
2013-10-01,87.74,88.48,87.67,88.41,3075770,0.0
2013-10-02,87.91,88.31,87.61,88.26,2014438,0.0
2013-10-03,88.04,88.157,87.04,87.51,8263253,0.0
2013-10-04,87.57,88.24,87.436,88.15,2509787,0.0
2013-10-07,87.45,87.86,87.3,87.36,1598712,0.0
2013-10-08,87.25,87.4313,86.16,86.2,3431779,0.0
2013-10-09,86.38,86.5099,85.63,86.14,3788990,0.0
2013-10-10,87.08,88.12,87.06,88.08,4044292,0.0
2013-10-11,87.98,88.7254,87.9,88.7,3132979,0.0
2013-10-14,88.12,89.1339,87.98,89.09,1851466,0.0
2013-10-15,88.89,89.15,88.2799,88.41,2603164,0.0
2013-10-16,88.99,89.67,88.8801,89.65,2427801,0.0
2013-10-17,89.35,90.3462,89.26,90.31,4442142,0.0
2013-10-18,90.71,90.98,90.4501,90.95,2996694,0.0
2013-10-21,91.0,91.14,90.72,90.9,2461638,0.0
2013-10-22,91.22,91.73,91.01,91.42,3757725,0.0
2013-10-23,91.17,91.2185,90.63,90.99,2779453,0.0
2013-10-24,91.25,91.39,90.91,91.34,1713387,0.0
2013-10-25,91.57,91.67,91.255,91.67,2038693,0.0
2013-10-28,91.65,91.85,91.46,91.74,1713980,0.0
2013-10-29,91.95,92.2,91.798,92.2,1454409,0.0
2013-10-30,92.35,92.4,91.3114,91.66,2641225,0.0
2013-10-31,91.59,91.948,91.1801,91.385,2938530,0.0
2013-11-01,91.44,91.79,91.0,91.51,2477587,0.0
2013-11-04,91.81,91.97,91.56,91.925,3443708,0.0
2013-11-05,91.7,91.86,91.27,91.66,2301321,0.0
2013-11-06,92.08,92.24,91.67,91.9,2655146,0.0
2013-11-07,92.19,92.19,90.6,90.68,2876240,0.0
2013-11-08,90.75,91.89,90.67,91.89,2638064,0.0
2013-11-11,91.79,92.07,91.73,91.95,1729480,0.0
2013-11-12,91.76,91.95,91.4599,91.81,2067931,0.0
2013-11-13,91.38,92.6,91.3001,92.59,1837936,0.0
2013-11-14,92.74,93.09,92.48,93.03,1971113,0.0
2013-11-15,93.03,93.44,93.0,93.44,1623907,0.0
2013-11-18,93.72,93.72,92.78,93.0,3123311,0.0
2013-11-19,92.98,93.22,92.5499,92.73,1828706,0.0
2013-11-20,92.89,93.18,92.16,92.44,1931365,0.0
2013-11-21,92.77,93.33,92.654,93.27,2720658,0.0
2013-11-22,93.39,93.7499,93.2201,93.73,2687293,0.0
2013-11-25,93.96,93.969,93.5,93.63,1719504,0.0
2013-11-26,93.63,94.01,93.52,93.72,1355109,0.0
2013-11-27,93.93,94.04,93.76,93.99,1480838,0.0
2013-11-29,94.07,94.34,93.86,93.86,934611,0.0
2013-12-02,94.06,94.18,93.54,93.66,3209499,0.0
2013-12-03,93.4,93.5899,92.94,93.3,2129126,0.0
2013-12-04,92.97,93.62,92.48,93.17,2300829,0.0
2013-12-05,93.14,93.26,92.82,92.9,2185366,0.0
2013-12-06,93.8,93.97,93.48,93.86,2071554,0.0
2013-12-09,94.25,94.2799,93.95,94.07,2129635,0.0
2013-12-10,93.93,94.15,93.7201,93.76,2404230,0.0
2013-12-11,93.88,93.88,92.5,92.6,3887996,0.0
2013-12-12,92.56,92.759,92.1807,92.43,3587024,0.0
2013-12-13,92.69,92.72,92.25,92.46,3605683,0.0
2013-12-16,92.94,93.34,92.88,93.11,3207498,0.0
2013-12-17,93.24,93.24,92.57,92.83,3379077,0.0
2013-12-18,93.03,94.34,92.16,94.33,4089920,0.0
2013-12-19,94.13,94.24,93.83,94.2,6352584,0.0
2013-12-20,93.86,94.53,93.84,94.33,6210338,0.0
2013-12-23,94.84,94.95,94.65,94.89,3095055,0.0
2013-12-24,94.99,95.21,94.9,95.15,1362122,0.0
2013-12-26,95.4,95.64,95.26,95.6,2940533,0.0
2013-12-27,95.73,95.92,95.4299,95.54,2370565,0.0
2013-12-30,95.6,95.6599,95.4101,95.57,3159940,0.0
2013-12-31,95.72,96.0,95.66,95.92,4575304,0.0
2014-01-02,95.76,95.76,94.8201,95.08,3728195,0.0
2014-01-03,95.29,95.44,94.95,95.06,3206257,0.0
2014-01-06,95.5,95.56,94.67,94.81,3169428,0.0
2014-01-07,95.19,95.585,95.1,95.42,2617173,0.0
2014-01-08,95.44,95.62,95.09,95.49,3783101,0.0
2014-01-09,95.83,95.83,95.1,95.57,3440502,0.0
2014-01-10,95.78,95.87,95.295,95.84,2903689,0.0
2014-01-13,95.75,95.88,94.388,94.63,4322679,0.0
2014-01-14,94.93,95.7284,94.73,95.67,2660499,0.0
2014-01-15,95.94,96.29,95.8401,96.15,2525070,0.0
2014-01-16,96.05,96.1199,95.789,96.08,3058195,0.0
2014-01-17,96.0,96.13,95.55,95.71,2716468,0.0
2014-01-21,96.36,96.36,95.44,96.03,5557207,0.0
2014-01-22,96.27,96.299,95.91,96.21,1860933,0.0
2014-01-23,95.77,95.85,94.91,95.38,3223541,0.0
2014-01-24,94.77,94.89,93.29,93.32,7277811,0.0
2014-01-27,93.32,93.6,92.21,92.72,6667493,0.0
2014-01-28,92.89,93.47,92.8,93.37,10136080,0.0
2014-01-29,92.67,93.08,92.18,92.41,4720224,0.0
2014-01-30,93.23,93.7799,92.96,93.49,2540836,0.0
2014-01-31,92.44,93.55,92.28,92.88,4101025,0.0
2014-02-03,92.84,93.047,90.542,90.7,6569089,0.0
2014-02-04,91.2,91.63,90.78,91.39,3427235,0.0
2014-02-05,91.02,91.44,90.39,91.25,3407334,0.0
2014-02-06,91.49,92.37,91.35,92.36,3237424,0.0
2014-02-07,92.94,93.61,92.53,93.55,3541428,0.0
2014-02-10,93.62,93.74,93.26,93.66,3419786,0.0
2014-02-11,93.99,94.95,93.82,94.73,4287872,0.0
2014-02-12,94.91,95.21,94.625,94.86,3128653,0.0
2014-02-13,94.145,95.5193,94.145,95.44,2726441,0.0
2014-02-14,95.4,96.05,95.22,95.9,2244504,0.0
2014-02-18,96.06,96.27,95.77,96.18,3006450,0.0
2014-02-19,95.97,96.5,95.44,95.54,2320600,0.0
2014-02-20,95.65,96.33,95.33,96.18,2657942,0.0
2014-02-21,96.39,96.53,96.0301,96.1,1952033,0.0
2014-02-24,96.38,97.27,96.31,96.65,2357611,0.0
2014-02-25,96.77,97.01,96.28,96.61,2427541,0.0
2014-02-26,96.83,97.1,96.45,96.71,1934625,0.0
2014-02-27,96.63,97.22,96.47,97.22,1593974,0.0
2014-02-28,97.17,97.86,96.74,97.4,2302777,0.0
2014-03-03,96.57,96.88,96.01,96.69,2743507,0.0
2014-03-04,97.93,98.35,97.642,98.21,3105445,0.0
2014-03-05,98.26,98.38,98.09,98.23,1855317,0.0
2014-03-06,98.54,98.65,98.265,98.41,2084504,0.0
2014-03-07,98.84,98.85,98.0,98.38,2312130,0.0
2014-03-10,98.32,98.396,97.73,98.31,2586580,0.0
2014-03-11,98.5,98.63,97.53,97.76,3718531,0.0
2014-03-12,97.36,97.86,97.03,97.83,2225616,0.0
2014-03-13,98.18,98.266,96.418,96.7,3482366,0.0
2014-03-14,96.51,97.07,96.4301,96.58,2892370,0.0
2014-03-17,97.09,97.658,97.06,97.35,2735794,0.0
2014-03-18,97.65,98.28,97.5,98.18,3673393,0.0
2014-03-19,98.21,98.28,97.0178,97.62,2705425,0.0
2014-03-20,97.39,98.1899,97.21,98.11,1466975,0.0
2014-03-21,98.57,98.6932,97.65,97.75,2821826,0.0
2014-03-24,98.11,98.2,96.7325,97.18,3922560,0.0
2014-03-25,97.2,97.58,96.59,97.1,1741203,0.0
2014-03-26,97.52,97.65,96.27,96.29,2895955,0.0
2014-03-27,96.09,96.5,95.69,96.09,3835139,0.0
2014-03-28,96.37,97.09,96.28,96.52,1533265,0.0
2014-03-31,97.1,97.58,97.05,97.47,2978396,0.0
2014-04-01,97.89,98.27,97.75,98.23,3882619,0.0
2014-04-02,98.46,98.66,98.18,98.54,2855341,0.0
2014-04-03,98.72,98.74,97.96,98.27,2169733,0.0
2014-04-04,98.84,98.85,96.77,96.92,3026946,0.0
2014-04-07,96.6,96.8099,95.48,95.76,5316174,0.0
2014-04-08,95.76,96.38,95.35,96.18,3728421,0.0
2014-04-09,96.5,97.33,96.2201,97.33,1976352,0.0
2014-04-10,97.3,97.35,95.03,95.19,3285368,0.0
2014-04-11,94.66,95.31,94.1,94.25,3380149,0.0
2014-04-14,95.02,95.2,94.12,94.89,3248568,0.0
2014-04-15,95.13,95.6,94.03,95.54,3339352,0.0
2014-04-16,96.21,96.55,95.75,96.54,4498548,0.0
2014-04-17,96.42,96.97,96.26,96.73,2241079,0.0
2014-04-21,96.78,97.12,96.57,97.12,3042964,0.0
2014-04-22,97.26,97.905,97.19,97.62,2442433,0.0
2014-04-23,97.62,97.68,97.3,97.37,1798403,0.0
2014-04-24,97.84,97.8993,96.96,97.5,1471378,0.0
2014-04-25,97.19,97.25,96.34,96.55,1927679,0.0
2014-04-28,96.9,97.22,95.65,96.69,2046041,0.0
2014-04-29,97.0,97.3,96.765,97.17,3062495,0.0
2014-04-30,97.17,97.5568,96.7601,97.53,1423873,0.0
2014-05-01,97.41,97.84,97.14,97.56,1776279,0.0
2014-05-02,97.59,98.03,97.35,97.48,1687944,0.0
2014-05-05,97.0,97.7,96.6599,97.64,1300868,0.0
2014-05-06,97.4,97.49,96.71,96.74,1335358,0.0
2014-05-07,97.03,97.21,96.16,97.19,1644124,0.0
2014-05-08,97.09,97.8,96.66,96.93,1863494,0.0
2014-05-09,96.93,97.17,96.5,97.17,1637463,0.0
2014-05-12,97.61,98.3,97.55,98.27,1847358,0.0
2014-05-13,98.4,98.57,98.14,98.21,1526629,0.0
2014-05-14,98.14,98.19,97.52,97.67,1387462,0.0
2014-05-15,97.36,97.4302,96.21,96.77,2149185,0.0
2014-05-16,96.92,97.19,96.43,97.18,1151766,0.0
2014-05-19,96.94,97.68,96.78,97.63,1209963,0.0
2014-05-20,97.52,97.62,96.62,96.9,1858833,0.0
2014-05-21,97.23,97.72,97.1,97.65,1286446,0.0
2014-05-22,97.69,98.19,97.53,97.98,962381,0.0
2014-05-23,98.1,98.51,98.01,98.49,1171891,0.0
2014-05-27,98.83,99.16,98.78,99.14,1458809,0.0
2014-05-28,99.16,99.26,98.8234,99.03,1383092,0.0
2014-05-29,99.26,99.56,99.0,99.56,1320144,0.0
2014-05-30,99.44,99.68,99.29,99.58,1444669,0.0
2014-06-02,99.8,99.84,99.16,99.7,2762567,0.0
2014-06-03,99.45,99.72,99.3162,99.66,941969,0.0
2014-06-04,99.38,99.97,99.33,99.87,1754136,0.0
2014-06-05,100.02,100.76,99.64,100.68,1797410,0.0
2014-06-06,100.99,101.25,100.85,101.2,1929381,0.0
2014-06-09,101.2,101.67,101.135,101.37,1683387,0.0
2014-06-10,101.21,101.35,100.98,101.35,1569781,0.0
2014-06-11,101.06,101.1175,100.7301,101.01,2068825,0.0
2014-06-12,100.88,100.93,100.06,100.29,2197374,0.0
2014-06-13,100.45,100.69,100.11,100.62,2099287,0.0
2014-06-16,100.45,100.89,100.31,100.7,2778042,0.0
2014-06-17,100.56,101.1957,100.46,101.06,1089769,0.0
2014-06-18,101.08,101.84,100.87,101.81,1326213,0.0
2014-06-19,101.9,102.0,101.53,101.93,2130674,0.0
2014-06-20,102.2,102.2,101.98,102.17,1952843,0.0
2014-06-23,102.19,102.25,101.945,102.14,1308572,0.0
2014-06-24,101.54,102.0699,100.91,101.009,1613472,0.0
2014-06-25,100.82,101.6,100.781,101.52,1379221,0.0
2014-06-26,101.53,101.53,100.76,101.46,1423897,0.0
2014-06-27,101.22,101.75,101.215,101.73,1378823,0.0
2014-06-30,101.55,101.91,101.55,101.77,1600811,0.0
2014-07-01,102.07,102.82,102.0,102.5,1818541,0.0
2014-07-02,102.53,102.63,102.36,102.44,1504485,0.0
2014-07-03,102.74,103.0,102.6649,102.98,987059,0.0
2014-07-07,102.8,102.81,102.31,102.44,2199762,0.0
2014-07-08,102.34,102.34,101.35,101.66,2130067,0.0
2014-07-09,101.91,102.16,101.65,102.1,1866593,0.0
2014-07-10,101.03,101.95,100.87,101.65,1564138,0.0
2014-07-11,101.63,101.79,101.3,101.74,1253044,0.0
2014-07-14,102.3,102.4143,102.16,102.23,1060690,0.0
2014-07-15,102.3,102.499,101.51,101.97,2591159,0.0
2014-07-16,102.36,102.4799,101.95,102.23,1933303,0.0
2014-07-17,101.88,102.28,100.9069,101.05,1980424,0.0
2014-07-18,101.34,102.24,101.295,102.14,996222,0.0
2014-07-21,101.83,102.38,101.45,101.9,1434685,0.0
2014-07-22,102.29,102.6301,102.242,102.42,1198262,0.0
2014-07-23,102.58,102.78,102.3699,102.66,736525,0.0
2014-07-24,102.84,102.92,102.57,102.68,925987,0.0
2014-07-25,102.37,102.42,101.931,102.14,1145682,0.0
2014-07-28,102.18,102.2757,101.511,102.11,1189382,0.0
2014-07-29,102.29,102.48,101.72,101.74,1090872,0.0
2014-07-30,102.12,102.26,101.38,101.81,1552957,0.0
2014-07-31,101.12,101.28,99.74,99.74,2939894,0.0
2014-08-01,99.55,100.14,98.96,99.49,5157387,0.0
2014-08-04,99.74,100.3752,99.21,100.17,3320072,0.0
2014-08-05,99.7,100.13,98.93,99.29,2856410,0.0
2014-08-06,98.82,99.7799,98.72,99.31,1763235,0.0
2014-08-07,99.82,99.88,98.56,98.79,3313662,0.0
2014-08-08,98.96,99.97,98.7699,99.93,1566847,0.0
2014-08-11,100.32,100.7435,100.22,100.29,1981877,0.0
2014-08-12,100.17,100.49,99.77,100.11,1375270,0.0
2014-08-13,100.52,100.8999,100.31,100.82,1209649,0.0
2014-08-14,100.93,101.26,100.87,101.26,1850375,0.0
2014-08-15,101.62,101.74,100.52,101.27,3760319,0.0
2014-08-18,101.86,102.22,101.73,102.18,2718599,0.0
2014-08-19,102.41,102.76,102.3,102.69,1896845,0.0
2014-08-20,102.5,103.03,102.42,102.93,2929799,0.0
2014-08-21,103.0,103.3066,102.81,103.16,1592271,0.0
2014-08-22,103.12,103.26,102.78,103.01,1746499,0.0
2014-08-25,103.6,103.75,103.38,103.55,1216720,0.0
2014-08-26,103.65,103.9595,103.61,103.74,1464906,0.0
2014-08-27,103.81,103.87,103.52,103.68,1154488,0.0
2014-08-28,103.28,103.65,103.19,103.57,1429743,0.0
2014-08-29,103.75,103.93,103.42,103.88,1736981,0.0
2014-09-02,104.04,104.269,103.56,103.96,1738410,0.0
2014-09-03,104.39,104.44,103.7,103.85,1523948,0.0
2014-09-04,104.01,104.389,103.37,103.63,1591152,0.0
2014-09-05,103.59,104.12,103.21,104.11,1490403,0.0
2014-09-08,103.97,104.16,103.5501,103.9,1416202,0.0
2014-09-09,103.77,103.84,102.99,103.17,1296103,0.0
2014-09-10,103.23,103.6,102.85,103.56,1290855,0.0
2014-09-11,103.15,103.76,103.09,103.75,1617325,0.0
2014-09-12,103.69,103.69,102.78,103.08,2477253,0.0
2014-09-15,103.1,103.24,102.56,102.81,3846239,0.0
2014-09-16,102.55,103.69,102.53,103.54,1242455,0.0
2014-09-17,103.7,104.16,103.19,103.65,2085218,0.0
2014-09-18,104.02,104.23,103.88,104.18,1829160,0.0
2014-09-19,104.59,104.59,103.74,103.98,1932966,0.0
2014-09-22,103.75,103.8,102.83,103.02,2333101,0.0
2014-09-23,102.75,103.0967,102.35,102.3566,1965294,0.0
2014-09-24,101.98,102.75,101.64,102.69,2364260,0.0
2014-09-25,102.43,102.52,101.05,101.08,3000939,0.0
2014-09-26,101.29,102.1,101.11,101.9,2227487,0.0
2014-09-29,101.02,101.84,100.9,101.72,2828096,0.0
2014-09-30,101.86,102.0,101.1257,101.24,2140592,0.0
2014-10-01,101.11,101.34,99.66,99.91,3990407,0.0
2014-10-02,99.86,100.31,98.81,99.96,3237540,0.0
2014-10-03,100.7,101.27,100.36,101.08,2303773,0.0
2014-10-06,101.57,101.6144,100.565,100.88,1758831,0.0
2014-10-07,100.39,100.57,99.29,99.32,2152221,0.0
2014-10-08,99.35,101.0699,98.74,100.97,3456211,0.0
2014-10-09,100.75,100.92,98.87,98.89,3023011,0.0
2014-10-10,98.85,99.34,97.65,97.66,3785416,0.0
2014-10-13,97.71,98.0099,96.03,96.1,5352591,0.0
2014-10-14,96.59,97.5,96.04,96.4,3914107,0.0
2014-10-15,95.19,96.21,93.58,95.86,8266780,0.0
2014-10-16,93.78,96.72,93.78,96.07,6327745,0.0
2014-10-17,97.44,97.799,96.67,97.12,3855146,0.0
2014-10-20,97.02,98.13,96.9341,98.09,2487778,0.0
2014-10-21,98.61,100.12,98.61,100.03,4004368,0.0
2014-10-22,100.3,100.48,99.2,99.25,3905820,0.0
2014-10-23,100.27,101.0799,100.04,100.45,4211561,0.0
2014-10-24,100.58,101.18,100.2,101.15,2899916,0.0
2014-10-27,100.85,101.105,100.35,101.01,2585921,0.0
2014-10-28,101.44,102.33,101.29,102.32,2848280,0.0
2014-10-29,102.46,102.68,101.45,102.17,2621164,0.0
2014-10-30,101.88,103.07,101.72,102.8,2593381,0.0
2014-10-31,104.0,104.2,103.53,104.02,3276341,0.0
2014-11-03,104.19,104.4599,103.83,104.08,3672517,0.0
2014-11-04,103.9,103.961,103.15,103.7,2584189,0.0
2014-11-05,104.5,104.51,103.82,104.19,2580373,0.0
2014-11-06,104.32,104.7,103.88,104.7,2096219,0.0
2014-11-07,104.71,104.8799,104.35,104.78,1746276,0.0
2014-11-10,104.88,105.1,104.69,105.1,2923502,0.0
2014-11-11,105.17,105.24,104.9,105.2,1178039,0.0
2014-11-12,104.81,105.3,104.74,105.18,1089817,0.0
2014-11-13,105.32,105.56,104.73,105.16,1671120,0.0
2014-11-14,105.23,105.325,104.94,105.17,2173866,0.0
2014-11-17,105.0,105.3,104.83,105.16,1449632,0.0
2014-11-18,105.24,105.97,105.22,105.78,1485999,0.0
2014-11-19,105.65,105.72,105.031,105.51,1771170,0.0
2014-11-20,105.07,105.834,104.94,105.81,1502527,0.0
2014-11-21,106.85,106.94,106.0601,106.37,3435550,0.0
2014-11-24,106.65,106.77,106.5,106.76,3990925,0.0
2014-11-25,106.92,107.069,106.5,106.74,2310741,0.0
2014-11-26,106.77,107.0,106.63,106.98,1178328,0.0
2014-11-28,106.95,107.01,106.48,106.6,944071,0.0
2014-12-01,106.5,106.55,105.53,105.7,2754667,0.0
2014-12-02,105.8,106.49,105.75,106.36,2450866,0.0
2014-12-03,106.44,106.99,106.38,106.84,3299494,0.0
2014-12-04,106.7,107.01,106.24,106.71,2417646,0.0
2014-12-05,106.86,107.169,106.696,106.95,3314663,0.0
2014-12-08,106.77,107.07,105.803,106.19,2070153,0.0
2014-12-09,105.04,106.33,104.82,106.25,3044080,0.0
2014-12-10,105.97,106.19,104.373,104.51,3507254,0.0
2014-12-11,104.93,105.991,104.76,104.99,3340104,0.0
2014-12-12,104.22,104.7499,103.33,103.34,3956618,0.0
2014-12-15,103.75,104.18,102.2368,102.59,4328145,0.0
2014-12-16,102.03,104.01,101.8,101.83,7528271,0.0
2014-12-17,102.25,104.21,102.01,104.01,4949023,0.0
2014-12-18,105.56,106.47,105.0299,106.47,6384417,0.0
2014-12-19,106.61,107.25,106.38,106.91,3575627,0.0
2014-12-22,106.66,106.78,106.28,106.77,5630224,0.0
2014-12-23,107.24,107.24,106.82,107.01,4050508,0.0
2014-12-24,107.35,107.35,107.02,107.04,1702637,0.0
2014-12-26,107.31,107.63,107.27,107.36,3293504,0.0
2014-12-29,107.36,107.705,107.29,107.59,3746681,0.0
2014-12-30,107.42,107.46,106.99,107.06,4472965,0.0
2014-12-31,107.19,107.39,105.98,106.0,2224372,0.0
2015-01-02,106.49,106.72,105.27,105.92,5298337,0.0
2015-01-05,105.35,105.55,103.86,104.1,5383515,0.0
2015-01-06,104.4,104.5,102.51,103.08,4226088,0.0
2015-01-07,104.09,104.45,103.55,104.31,3661477,0.0
2015-01-08,105.21,106.24,105.11,106.15,2796199,0.0
2015-01-09,106.32,106.35,104.92,105.27,3272516,0.0
2015-01-12,105.55,105.55,104.12,104.52,3705861,0.0
2015-01-13,105.33,106.0,103.43,104.28,2936211,0.0
2015-01-14,103.04,103.79,102.5,103.71,3291596,0.0
2015-01-15,104.05,104.26,102.57,102.66,5615205,0.0
2015-01-16,102.61,104.11,102.42,104.0199,2768919,0.0
2015-01-20,104.42,104.53,103.2,104.17,3186869,0.0
2015-01-21,103.93,104.95,103.6004,104.64,3119439,0.0
2015-01-22,105.24,106.31,104.27,106.23,3583462,0.0
2015-01-23,106.11,106.28,105.675,105.75,4571863,0.0
2015-01-26,105.75,106.22,105.2,106.19,4106519,0.0
2015-01-27,105.37,105.61,104.3601,104.95,2709263,0.0
2015-01-28,105.64,105.72,103.41,103.53,2830435,0.0
2015-01-29,103.7,104.6199,102.82,104.52,2607177,0.0
2015-01-30,103.67,104.51,102.95,103.1,4486875,0.0
2015-02-02,103.49,104.33,102.2549,104.26,4083160,0.0
2015-02-03,104.9,105.87,104.71,105.86,3321993,0.0
2015-02-04,105.44,106.14,105.24,105.49,3141740,0.0
2015-02-05,105.94,106.72,105.84,106.65,3163473,0.0
2015-02-06,106.88,107.175,106.0212,106.33,2844451,0.0
2015-02-09,105.99,106.35,105.59,105.8,1773849,0.0
2015-02-10,106.5,107.035,105.8428,106.88,1866282,0.0
2015-02-11,106.67,107.19,106.37,106.93,2184558,0.0
2015-02-12,107.47,107.99,107.27,107.96,4443350,0.0
2015-02-13,108.0,108.48,107.92,108.47,3147665,0.0
2015-02-17,108.37,108.76,108.13,108.64,4146990,0.0
2015-02-18,108.42,108.749,108.27,108.7,2542592,0.0
2015-02-19,108.39,108.88,108.2601,108.67,2349039,0.0
2015-02-20,108.47,109.3201,108.01,109.28,2402621,0.0
2015-02-23,109.17,109.27,108.86,109.27,3033984,0.0
2015-02-24,109.28,109.63,109.04,109.52,2856494,0.0
2015-02-25,109.49,109.78,109.26,109.48,2652084,0.0
2015-02-26,109.45,109.53,109.015,109.41,1741959,0.0
2015-02-27,109.35,109.48,108.97,109.02,1825415,0.0
2015-03-02,109.11,109.72,109.02,109.69,2681108,0.0
2015-03-03,109.47,109.61,108.74,109.24,2615721,0.0
2015-03-04,108.9,108.96,108.2,108.8,1949922,0.0
2015-03-05,109.03,109.1,108.63,108.97,1752506,0.0
2015-03-06,108.47,108.66,107.24,107.46,2798958,0.0
2015-03-09,107.6,108.05,107.5199,107.86,1827946,0.0
2015-03-10,107.0,107.1,106.21,106.22,3543754,0.0
2015-03-11,106.43,106.4938,105.98,106.14,3071330,0.0
2015-03-12,106.47,107.505,106.42,107.47,3907553,0.0
2015-03-13,107.37,107.3999,106.1699,106.87,2073039,0.0
2015-03-16,107.36,108.23,107.26,108.21,2706579,0.0
2015-03-17,107.8,108.185,107.47,108.0,1754034,0.0
2015-03-18,107.68,109.63,107.35,109.24,3662875,0.0
2015-03-19,109.03,109.1999,108.57,108.85,3901339,0.0
2015-03-20,109.49,110.02,109.37,109.76,1741058,0.0
2015-03-23,109.72,110.0853,109.57,109.57,2084196,0.0
2015-03-24,109.54,109.74,108.94,108.99,3398636,0.0
2015-03-25,108.64,108.75,106.79,106.79,2817019,0.0
2015-03-26,106.39,107.12,105.98,106.58,3164547,0.0
2015-03-27,106.6,106.9701,106.42,106.87,3297959,0.0
2015-03-30,107.59,108.39,107.52,108.23,1885808,0.0
2015-03-31,107.73,108.67,107.0,107.25,2077136,0.0
2015-04-01,107.34,107.41,106.385,107.05,11026360,0.0
2015-04-02,107.03,107.7,106.85,107.39,2041213,0.0
2015-04-06,107.27,108.41,106.785,108.13,2186632,0.0
2015-04-07,108.13,108.54,107.77,107.77,1983903,0.0
2015-04-08,108.0,108.43,107.72,108.23,2454253,0.0
2015-04-09,108.2,108.71,107.74,108.61,2214155,0.0
2015-04-10,108.87,109.149,108.64,109.12,2406098,0.0
2015-04-13,109.04,109.425,108.66,108.69,3524844,0.0
2015-04-14,108.66,108.978,108.1562,108.85,1460817,0.0
2015-04-15,109.24,109.69,109.08,109.4,1512359,0.0
2015-04-16,109.23,109.6301,109.06,109.35,1490204,0.0
2015-04-17,108.7,108.8,107.606,108.08,2656981,0.0
2015-04-20,108.67,109.18,108.62,108.96,2005044,0.0
2015-04-21,109.45,109.52,108.75,108.93,3909936,0.0
2015-04-22,109.08,109.5,108.53,109.39,1469299,0.0
2015-04-23,109.14,110.08,109.1001,109.73,2340746,0.0
2015-04-24,109.92,110.0,109.6199,109.85,1775126,0.0
2015-04-27,110.19,110.28,109.17,109.28,1827756,0.0
2015-04-28,109.54,109.6543,108.495,109.57,2595002,0.0
2015-04-29,109.01,109.46,108.63,109.09,2432015,0.0
2015-04-30,108.78,108.9205,107.4654,107.91,3635879,0.0
2015-05-01,108.4,108.98,108.23,108.9,3924710,0.0
2015-05-04,109.24,109.66,109.12,109.28,1713296,0.0
2015-05-05,109.17,109.36,107.88,107.98,1692723,0.0
2015-05-06,108.38,108.54,107.01,107.68,3691661,0.0
2015-05-07,107.6,108.365,107.38,108.09,2363484,0.0
2015-05-08,109.11,109.59,109.08,109.45,1796447,0.0
2015-05-11,109.33,109.59,108.93,108.99,1656946,0.0
2015-05-12,108.48,109.005,107.93,108.67,1657497,0.0
2015-05-13,108.97,109.3,108.58,108.73,2424476,0.0
2015-05-14,109.33,109.85,109.1,109.81,1579239,0.0
2015-05-15,109.88,109.99,109.6,109.94,1862709,0.0
2015-05-18,109.81,110.5,109.75,110.35,2769075,0.0
2015-05-19,110.38,110.56,110.12,110.3,2844996,0.0
2015-05-20,110.34,110.68,110.03,110.23,2478426,0.0
2015-05-21,110.18,110.66,110.0701,110.51,1476431,0.0
2015-05-22,110.38,110.5549,110.2199,110.3,1187856,0.0
2015-05-26,110.02,110.02,108.865,109.15,2226684,0.0
2015-05-27,109.45,110.28,109.2,110.15,2562163,0.0
2015-05-28,109.97,110.08,109.57,110.05,2022404,0.0
2015-05-29,109.99,110.02,109.18,109.31,1943247,0.0
2015-06-01,109.8,109.96,109.06,109.58,2354945,0.0
2015-06-02,109.25,109.93,108.95,109.5,1925339,0.0
2015-06-03,109.78,110.22,109.53,109.88,1731329,0.0
2015-06-04,109.5,109.8,108.7701,109.0,1845802,0.0
2015-06-05,108.91,109.2,108.33,108.91,3342744,0.0
2015-06-08,108.88,108.96,108.18,108.24,2990676,0.0
2015-06-09,108.25,108.48,107.731,108.15,2976533,0.0
2015-06-10,108.7,109.66,108.59,109.47,1592645,0.0
2015-06-11,109.71,110.01,109.58,109.78,1850526,0.0
2015-06-12,109.28,109.5,108.88,109.06,1490940,0.0
2015-06-15,108.28,108.76,107.87,108.56,2865500,0.0
2015-06-16,108.45,109.25,108.4,109.16,2604836,0.0
2015-06-17,109.33,109.69,108.74,109.34,1911670,0.0
2015-06-18,109.58,110.76,109.58,110.42,2496324,0.0
2015-06-19,110.39,110.42,109.86,109.94,1735909,0.0
2015-06-22,110.68,110.9,110.45,110.61,1864810,0.0
2015-06-23,110.73,110.85,110.46,110.72,3080410,0.0
2015-06-24,110.56,110.71,109.86,109.88,4931195,0.0
2015-06-25,110.2,110.24,109.45,109.54,2110771,0.0
2015-06-26,109.29,109.39,108.65,109.01,1503910,0.0
2015-06-29,108.03,108.5,106.65,106.73,3642695,0.0
2015-06-30,107.62,107.6499,106.68,107.02,3394044,0.0
2015-07-01,108.02,108.11,107.28,107.72,12016310,0.0
2015-07-02,108.05,108.199,107.345,107.58,3139960,0.0
2015-07-06,106.99,107.79,106.62,107.3,2570835,0.0
2015-07-07,107.44,108.0,105.9299,107.89,3329559,0.0
2015-07-08,107.1,107.28,105.91,106.09,2938858,0.0
2015-07-09,107.15,107.69,106.27,106.31,3064823,0.0
2015-07-10,107.58,107.84,107.1,107.6,3432352,0.0
2015-07-13,108.58,108.885,108.38,108.82,2835289,0.0
2015-07-14,108.8,109.5,108.59,109.31,2292470,0.0
2015-07-15,109.37,109.56,108.91,109.17,2555651,0.0
2015-07-16,109.85,109.95,109.65,109.93,1314002,0.0
2015-07-17,109.99,110.0,109.65,109.96,1295372,0.0
2015-07-20,110.05,110.21,109.7763,109.97,1338976,0.0
2015-07-21,109.88,110.04,109.3,109.49,1661039,0.0
2015-07-22,109.1,109.5,109.0,109.33,1852371,0.0
2015-07-23,109.47,109.53,108.517,108.7,1569545,0.0
2015-07-24,108.75,108.83,107.389,107.56,2073472,0.0
2015-07-27,107.06,107.46,106.6,106.85,2958428,0.0
2015-07-28,107.16,108.2252,106.7814,108.12,2198632,0.0
2015-07-29,108.18,108.98,108.06,108.86,1624215,0.0
2015-07-30,108.57,109.04,108.17,108.95,1390381,0.0
2015-07-31,109.31,109.34,108.7,108.84,2422731,0.0
2015-08-03,108.99,108.99,107.89,108.45,2654615,0.0
2015-08-04,108.45,108.75,108.0,108.27,1600020,0.0
2015-08-05,108.84,109.34,108.455,108.63,1253644,0.0
2015-08-06,108.92,108.92,107.24,107.74,1969453,0.0
2015-08-07,107.62,107.7,106.8863,107.43,3295124,0.0
2015-08-10,108.08,108.85,108.05,108.77,1981326,0.0
2015-08-11,108.0,108.2299,107.3699,107.79,1833141,0.0
2015-08-12,107.01,108.03,106.09,107.9,2611345,0.0
2015-08-13,107.91,108.235,107.44,107.75,3545402,0.0
2015-08-14,107.7,108.23,107.5397,108.16,1154508,0.0
2015-08-17,107.89,108.86,107.5101,108.85,1739109,0.0
2015-08-18,108.78,108.8949,108.3742,108.57,2694955,0.0
2015-08-19,108.05,108.45,107.08,107.6,2183231,0.0
2015-08-20,106.8,107.0,105.25,105.26,4377939,0.0
2015-08-21,104.32,104.74,102.18,102.23,9877628,0.0
2015-08-24,96.4,101.27,93.0,98.12,18137020,0.0
2015-08-25,101.41,101.72,96.87,96.95,9215862,0.0
2015-08-26,99.99,100.58,97.3926,100.47,8299079,0.0
2015-08-27,101.97,103.05,100.92,102.9,8779297,0.0
2015-08-28,102.59,103.32,102.37,102.98,5165601,0.0
2015-08-31,102.53,103.01,101.95,102.21,4526301,0.0
2015-09-01,99.95,100.83,98.75,99.21,9264707,0.0
2015-09-02,100.78,101.08,99.55,101.08,7680958,0.0
2015-09-03,101.58,102.44,100.9,101.2,5151309,0.0
2015-09-04,99.92,100.405,99.2643,99.76,4317822,0.0
2015-09-08,101.59,102.32,101.06,102.28,3342020,0.0
2015-09-09,103.24,103.4,100.69,100.88,3691164,0.0
2015-09-10,100.88,102.07,100.63,101.4,3695957,0.0
2015-09-11,101.04,101.88,100.7,101.86,2007923,0.0
2015-09-14,101.91,101.91,101.2,101.47,3711098,0.0
2015-09-15,101.81,102.9699,101.53,102.75,2388293,0.0
2015-09-16,102.87,103.73,102.6974,103.62,2447541,0.0
2015-09-17,103.64,105.0202,103.24,103.48,4726610,0.0
2015-09-18,102.05,102.89,101.585,101.84,3271785,0.0
2015-09-21,102.42,103.02,101.6701,102.25,2680261,0.0
2015-09-22,101.0,101.2436,100.21,100.88,3034019,0.0
2015-09-23,101.04,101.2785,100.34,100.68,1788923,0.0
2015-09-24,100.02,100.5329,99.1,100.32,3723369,0.0
2015-09-25,100.76,100.87,99.07,99.61,4937826,0.0
2015-09-28,99.06,99.13,96.8,96.94,5606436,0.0
2015-09-29,97.23,97.84,96.37,96.92,4548628,0.0
2015-09-30,98.11,98.79,97.5501,98.72,3747848,0.0
2015-10-01,98.96,99.1178,97.71,98.92,3808754,0.0
2015-10-02,97.96,100.37,97.3801,100.36,3654495,0.0
2015-10-05,101.1,102.36,101.04,102.21,3405842,0.0
2015-10-06,102.21,102.46,101.38,101.88,2463143,0.0
2015-10-07,102.44,102.88,101.7,102.8,2583923,0.0
2015-10-08,102.53,103.8788,102.38,103.69,2521034,0.0
2015-10-09,103.8,104.06,103.43,103.83,1649477,0.0
2015-10-12,103.85,103.95,103.51,103.85,1680112,0.0
2015-10-13,103.29,104.17,102.99,103.09,2221030,0.0
2015-10-14,103.05,103.44,102.38,102.56,1902908,0.0
2015-10-15,102.92,104.12,102.63,104.11,2218205,0.0
2015-10-16,104.37,104.54,103.8539,104.51,1902066,0.0
2015-10-19,104.3,104.67,103.974,104.63,1457904,0.0
2015-10-20,104.39,104.91,104.19,104.51,1806066,0.0
2015-10-21,104.71,104.8645,103.59,103.69,1777795,0.0
2015-10-22,104.28,105.43,104.1175,105.21,1979172,0.0
2015-10-23,106.13,106.47,105.67,106.31,2404344,0.0
2015-10-26,106.26,106.3,105.846,106.06,3078292,0.0
2015-10-27,105.83,105.94,105.26,105.71,1685997,0.0
2015-10-28,105.94,107.12,105.62,107.1,2421690,0.0
2015-10-29,106.72,107.18,106.68,106.94,2666889,0.0
2015-10-30,107.14,107.28,106.5,106.53,2203173,0.0
2015-11-02,106.78,108.0,106.68,107.93,3396368,0.0
2015-11-03,107.71,108.57,107.55,108.2,3100772,0.0
2015-11-04,108.51,108.53,107.5701,107.94,2893622,0.0
2015-11-05,108.04,108.23,107.21,107.82,2143958,0.0
2015-11-06,107.57,107.85,106.92,107.84,2078927,0.0
2015-11-09,107.9,107.9,106.2,106.76,2620785,0.0
2015-11-10,106.46,107.04,106.29,107.0,1605411,0.0
2015-11-11,107.27,107.27,106.53,106.54,1342225,0.0
2015-11-12,105.97,106.16,104.95,104.95,3110403,0.0
2015-11-13,104.76,104.88,103.81,103.84,3003691,0.0
2015-11-16,103.8,105.36,103.69,105.35,2635433,0.0
2015-11-17,105.51,106.09,104.97,105.22,2243298,0.0
2015-11-18,105.58,107.0,105.54,106.9,2106094,0.0
2015-11-19,106.91,107.08,106.62,106.76,1623479,0.0
2015-11-20,107.23,107.6,106.98,107.22,1563642,0.0
2015-11-23,107.23,107.59,106.88,107.11,3145011,0.0
2015-11-24,106.57,107.59,106.314,107.39,2032854,0.0
2015-11-25,107.51,107.66,107.2453,107.47,1820310,0.0
2015-11-27,107.59,107.76,107.22,107.63,552449,0.0
2015-11-30,107.78,107.85,107.11,107.17,3618076,0.0
2015-12-01,107.59,108.21,107.37,108.18,2444590,0.0
2015-12-02,108.1,108.265,106.88,107.05,2937734,0.0
2015-12-03,107.29,107.48,105.06,105.45,3345637,0.0
2015-12-04,105.81,107.54,105.62,107.39,4520885,0.0
2015-12-07,107.23,107.27,106.06,106.55,3000773,0.0
2015-12-08,105.94,106.4,105.27,105.91,3149595,0.0
2015-12-09,105.55,106.75,104.48,105.0,4180200,0.0
2015-12-10,105.18,106.06,104.92,105.31,3685071,0.0
2015-12-11,104.17,104.43,103.07,103.24,5100745,0.0
2015-12-14,103.36,103.72,102.18,103.61,7237788,0.0
2015-12-15,104.44,105.19,104.36,104.72,2918125,0.0
2015-12-16,105.46,106.4182,104.7,106.24,5972417,0.0
2015-12-17,106.44,106.47,104.68,104.68,4939856,0.0
2015-12-18,104.17,104.36,102.9,102.9,4207675,0.0
2015-12-21,103.19,103.28,102.37,103.13,3240650,0.0
2015-12-22,103.65,104.2599,103.04,104.06,2876558,0.0
2015-12-23,104.63,105.4,104.51,105.36,3342450,0.0
2015-12-24,105.22,105.6,105.08,105.23,1460512,0.0
2015-12-28,104.88,105.0,104.32,105.0,3479620,0.0
2015-12-29,105.69,106.24,105.54,106.12,2508257,0.0
2015-12-30,105.96,106.0,105.25,105.32,2406101,0.0
2015-12-31,104.93,105.3158,104.3,104.3,3652676,0.0
2016-01-04,102.58,102.95,101.58,102.74,6138266,0.0
2016-01-05,102.9,103.18,102.3,102.97,3652342,0.0
2016-01-06,101.53,102.23,100.95,101.59,3732756,0.0
2016-01-07,99.9,100.8,98.87,99.1,9256180,0.0
2016-01-08,99.61,99.99,97.78,97.97,7015831,0.0
2016-01-11,98.55,98.6699,96.78,97.91,6863777,0.0
2016-01-12,98.8,99.169,97.28,98.58,4457335,0.0
2016-01-13,99.0,99.2,95.78,96.04,6163017,0.0
2016-01-14,96.36,98.18,95.3301,97.51,5085101,0.0
2016-01-15,95.05,95.8757,94.2214,95.46,8101664,0.0
2016-01-19,96.57,96.67,94.5,95.36,7435664,0.0
2016-01-20,94.0,95.27,91.79,94.42,13845350,0.0
2016-01-21,94.7,95.9641,93.82,94.79,7169464,0.0
2016-01-22,96.33,96.89,95.95,96.81,3701497,0.0
2016-01-25,96.64,96.65,95.11,95.22,4470453,0.0
2016-01-26,95.6,96.82,95.44,96.67,3333445,0.0
2016-01-27,96.4,97.32,95.05,95.57,5202433,0.0
2016-01-28,96.56,96.66,95.05,95.95,4540660,0.0
2016-01-29,96.45,98.36,96.3527,98.33,5005410,0.0
2016-02-01,97.75,98.81,97.37,98.35,3869089,0.0
2016-02-02,97.5,97.55,96.16,96.45,3279550,0.0
2016-02-03,97.09,97.2889,94.89,97.03,5457594,0.0
2016-02-04,96.79,97.92,96.47,97.26,3431865,0.0
2016-02-05,96.94,96.9999,94.95,95.26,3993569,0.0
2016-02-08,94.2,94.38,92.5,93.78,6303904,0.0
2016-02-09,92.84,94.47,92.7,93.66,4793969,0.0
2016-02-10,94.19,95.27,93.6248,93.72,3580039,0.0
2016-02-11,92.39,93.0623,91.58,92.56,7239662,0.0
2016-02-12,93.47,94.38,93.01,94.36,2948064,0.0
2016-02-16,95.62,96.09,94.96,96.08,3577722,0.0
2016-02-17,96.77,97.93,96.59,97.67,3634955,0.0
2016-02-18,97.9,97.92,97.09,97.28,2432109,0.0
2016-02-19,96.85,97.36,96.4301,97.3,2243696,0.0
2016-02-22,98.24,98.8,98.11,98.72,2235382,0.0
2016-02-23,98.38,98.52,97.47,97.53,3203930,0.0
2016-02-24,96.58,98.14,95.99,98.03,3253420,0.0
2016-02-25,98.27,99.19,97.82,99.19,4961947,0.0
2016-02-26,99.67,99.76,98.96,99.11,3194369,0.0
2016-02-29,99.12,99.6901,98.32,98.32,2749374,0.0
2016-03-01,99.13,100.675,98.84,100.66,2955735,0.0
2016-03-02,100.52,101.24,100.256,101.22,3591720,0.0
2016-03-03,101.13,101.75,100.85,101.72,2703609,0.0
2016-03-04,101.89,102.6,101.4,102.07,2442357,0.0
2016-03-07,101.65,102.5563,101.56,102.28,2964056,0.0
2016-03-08,101.73,101.8,100.91,101.01,3436887,0.0
2016-03-09,101.5,101.7,100.98,101.5,2132075,0.0
2016-03-10,101.8,102.3,100.4,101.47,3702567,0.0
2016-03-11,102.37,103.24,102.33,103.19,3253498,0.0
2016-03-14,102.88,103.32,102.69,103.07,2987138,0.0
2016-03-15,102.0,102.26,101.76,102.24,2992775,0.0
2016-03-16,101.99,103.09,101.9101,102.88,3473577,0.0
2016-03-17,102.87,103.92,102.6,103.67,3472464,0.0
2016-03-18,103.95,104.28,103.8,104.13,2942590,0.0
2016-03-21,103.98,104.36,103.8,104.23,2539322,0.0
2016-03-22,103.75,104.52,103.61,104.2,1962747,0.0
2016-03-23,104.04,104.04,103.28,103.35,6087063,0.0
2016-03-24,102.76,103.33,102.53,103.32,2173069,0.0
2016-03-28,103.58,103.71,103.07,103.39,2103399,0.0
2016-03-29,103.19,104.55,102.96,104.54,2925052,0.0
2016-03-30,105.04,105.39,104.73,104.94,2258796,0.0
2016-03-31,104.97,105.22,104.7,104.82,2230072,0.0
2016-04-01,104.3,105.57,103.95,105.48,2996045,0.0
2016-04-04,105.49,105.5481,104.89,105.04,1847375,0.0
2016-04-05,104.31,104.55,103.87,104.02,2572465,0.0
2016-04-06,104.09,105.2,103.9,105.16,2571977,0.0
2016-04-07,104.5,104.74,103.442,103.9,2135038,0.0
2016-04-08,104.57,104.9001,103.91,104.2,2337151,0.0
2016-04-11,104.65,105.0535,103.91,103.91,2276323,0.0
2016-04-12,104.1,105.1001,103.78,104.92,2358024,0.0
2016-04-13,105.5,106.17,105.43,106.15,2864527,0.0
2016-04-14,106.24,106.3925,105.9,106.11,1666887,0.0
2016-04-15,106.12,106.186,105.87,106.06,1622619,0.0
2016-04-18,105.74,106.79,105.61,106.77,1767079,0.0
2016-04-19,107.02,107.31,106.61,107.07,2103937,0.0
2016-04-20,107.21,107.635,106.83,107.18,1958935,0.0
2016-04-21,107.26,107.326,106.48,106.65,1675161,0.0
2016-04-22,106.51,106.93,106.24,106.8,1893763,0.0
2016-04-25,106.5,106.59,106.0601,106.54,2088345,0.0
2016-04-26,106.78,107.048,106.4365,106.83,1747467,0.0
2016-04-27,106.66,107.33,106.42,107.09,2268144,0.0
2016-04-28,106.63,107.3,105.8686,106.13,4834211,0.0
2016-04-29,105.8,105.96,104.805,105.51,3067995,0.0
2016-05-02,105.8,106.4,105.47,106.33,2546483,0.0
2016-05-03,105.62,105.68,104.82,105.26,5172643,0.0
2016-05-04,104.76,105.17,104.37,104.64,2579103,0.0
2016-05-05,104.95,105.17,104.37,104.6,1616677,0.0
2016-05-06,104.14,104.99,104.0,104.98,1759597,0.0
2016-05-09,104.87,105.34,104.77,105.09,1747328,0.0
2016-05-10,105.5,106.4,105.41,106.34,2400917,0.0
2016-05-11,106.09,106.2932,105.34,105.37,1531611,0.0
2016-05-12,105.82,105.88,104.72,105.33,2469976,0.0
2016-05-13,105.08,105.48,104.22,104.42,3754798,0.0
2016-05-16,104.58,105.75,104.41,105.46,2069576,0.0
2016-05-17,105.26,105.46,104.16,104.51,2792411,0.0
2016-05-18,104.26,105.2,103.816,104.5,2798634,0.0
2016-05-19,104.08,104.36,103.37,104.09,2616815,0.0
2016-05-20,104.54,105.14,104.454,104.89,2005471,0.0
2016-05-23,104.92,105.122,104.66,104.76,1662457,0.0
2016-05-24,105.22,106.37,105.22,106.16,2409277,0.0
2016-05-25,106.51,107.14,106.51,106.93,3267056,0.0
2016-05-26,107.02,107.14,106.73,106.91,1803643,0.0
2016-05-27,106.97,107.39,106.95,107.39,1691428,0.0
2016-05-31,107.57,107.6901,106.9564,107.34,2570879,0.0
2016-06-01,107.0,107.7,106.8,107.63,2679647,0.0
2016-06-02,107.4,107.99,107.11,107.99,2112798,0.0
2016-06-03,107.78,107.87,106.94,107.69,2502472,0.0
2016-06-06,107.84,108.46,107.801,108.25,1782262,0.0
2016-06-07,108.39,108.81,108.32,108.46,1271484,0.0
2016-06-08,108.61,108.9299,108.5,108.84,1286767,0.0
2016-06-09,108.45,108.73,108.22,108.62,1743501,0.0
2016-06-10,107.78,107.92,107.1641,107.5,1666944,0.0
2016-06-13,107.15,107.68,106.59,106.61,2378771,0.0
2016-06-14,105.9,106.3261,105.36,105.95,2170479,0.0
2016-06-15,106.19,106.6,105.74,105.84,1841566,0.0
2016-06-16,105.3,106.18,104.7,106.15,1884503,0.0
2016-06-17,106.12,106.12,105.39,105.8,1713104,0.0
2016-06-20,106.93,107.39,106.46,106.52,2403222,0.0
2016-06-21,106.8,106.99,106.3946,106.75,2248555,0.0
2016-06-22,106.8,107.28,106.44,106.51,2002747,0.0
2016-06-23,107.42,107.9999,107.14,107.98,1622336,0.0
2016-06-24,104.12,105.9424,103.86,104.04,7370404,0.0
2016-06-27,103.22,103.23,101.51,101.98,5218039,0.0
2016-06-28,103.08,103.86,102.83,103.85,7569512,0.0
2016-06-29,104.68,105.8299,104.65,105.71,2635744,0.0
2016-06-30,106.01,107.2,105.6199,107.16,5552335,0.0
2016-07-01,107.1,107.75,107.07,107.37,2938114,0.0
2016-07-05,106.94,107.0,106.14,106.57,3019864,0.0
2016-07-06,106.2,107.2599,105.88,107.22,1767721,0.0
2016-07-07,107.37,107.7699,106.75,107.17,1669822,0.0
2016-07-08,107.91,108.99,107.86,108.84,2362227,0.0
2016-07-11,109.19,109.62,109.0,109.29,3868296,0.0
2016-07-12,109.88,110.3973,109.68,110.2,3222836,0.0
2016-07-13,110.43,110.5,109.8133,110.14,1485745,0.0
2016-07-14,110.72,110.99,110.46,110.67,1561056,0.0
2016-07-15,110.89,110.97,110.29,110.55,1385464,0.0
2016-07-18,110.65,110.93,110.4388,110.86,1360000,0.0
2016-07-19,110.62,110.7465,110.4,110.64,3154201,0.0
2016-07-20,110.68,111.33,110.66,111.23,1135936,0.0
2016-07-21,111.18,111.29,110.515,110.79,3393453,0.0
2016-07-22,110.9,111.36,110.71,111.32,3546728,0.0
2016-07-25,111.24,111.27,110.69,111.03,1394356,0.0
2016-07-26,111.06,111.3399,110.63,111.15,1432674,0.0
2016-07-27,111.41,111.4242,110.56,111.02,1977540,0.0
2016-07-28,110.89,111.375,110.66,111.16,1945813,0.0
2016-07-29,111.09,111.615,110.82,111.42,1638362,0.0
2016-08-01,111.4,111.67,111.0,111.27,2093446,0.0
2016-08-02,111.19,111.23,109.95,110.43,2473899,0.0
2016-08-03,110.39,110.86,110.21,110.84,1353615,0.0
2016-08-04,110.85,111.18,110.69,110.97,1113557,0.0
2016-08-05,111.42,111.92,111.3236,111.89,1379619,0.0
2016-08-08,111.99,112.12,111.69,111.82,1238769,0.0
2016-08-09,111.94,112.18,111.75,111.92,1032620,0.0
2016-08-10,111.94,112.046,111.42,111.59,1259054,0.0
2016-08-11,111.98,112.2599,111.73,112.15,1378235,0.0
2016-08-12,111.97,112.17,111.7612,112.04,1542922,0.0
2016-08-15,112.29,112.644,112.07,112.45,1442990,0.0
2016-08-16,112.23,112.24,111.81,111.81,1229024,0.0
2016-08-17,111.84,112.03,111.27,111.95,2791730,0.0
2016-08-18,111.92,112.3,111.71,112.3,972068,0.0
2016-08-19,112.0,112.227,111.725,112.14,1000647,0.0
2016-08-22,112.04,112.25,111.77,112.17,1102386,0.0
2016-08-23,112.48,112.78,112.44,112.47,3252632,0.0
2016-08-24,112.43,112.46,111.591,111.84,2267784,0.0
2016-08-25,111.7,112.07,111.55,111.77,1205186,0.0
2016-08-26,111.87,112.548,111.05,111.54,1851082,0.0
2016-08-29,111.72,112.3336,111.7,112.15,1071153,0.0
2016-08-30,112.16,112.3,111.66,111.97,1534640,0.0
2016-08-31,111.88,111.9,111.2,111.65,1393758,0.0
2016-09-01,111.77,111.89,110.97,111.71,1670927,0.0
2016-09-02,112.19,112.51,111.92,112.28,1563214,0.0
2016-09-06,112.46,112.62,112.02,112.6,4111656,0.0
2016-09-07,112.54,112.75,112.29,112.75,1589960,0.0
2016-09-08,112.57,112.67,112.26,112.46,1152485,0.0
2016-09-09,111.72,111.725,109.65,109.655,3337356,0.0
2016-09-12,109.19,111.4,109.0519,111.19,3043671,0.0
2016-09-13,109.95,110.01,108.57,108.92,5122124,0.0
2016-09-14,109.05,109.71,108.6074,108.93,2041603,0.0
2016-09-15,108.86,110.25,108.74,110.05,2960402,0.0
2016-09-16,109.75,109.77,109.22,109.61,2779419,0.0
2016-09-19,110.19,110.5,109.52,109.77,3430165,0.0
2016-09-20,110.29,110.33,109.69,109.72,1603490,0.0
2016-09-21,110.11,111.075,109.71,110.98,1971782,0.0
2016-09-22,111.63,111.9238,111.53,111.79,1525436,0.0
2016-09-23,111.59,111.68,111.114,111.15,1532059,0.0
2016-09-26,110.64,110.87,110.21,110.27,2136802,0.0
2016-09-27,110.23,110.95,109.99,110.9,1292748,0.0
2016-09-28,111.06,111.6,110.4599,111.55,1439934,0.0
2016-09-29,111.48,111.6165,110.165,110.46,2037346,0.0
2016-09-30,110.97,111.71,110.75,111.33,1722614,0.0
2016-10-03,111.09,111.23,110.63,110.99,2207599,0.0
2016-10-04,111.12,111.22,110.1,110.49,2701120,0.0
2016-10-05,110.78,111.22,110.59,110.92,2119016,0.0
2016-10-06,110.75,111.09,110.39,110.96,1067725,0.0
2016-10-07,111.15,111.23,110.06,110.54,1770625,0.0
2016-10-10,111.1,111.44,111.0,111.14,1134961,0.0
2016-10-11,110.94,110.95,109.24,109.66,1996992,0.0
2016-10-12,109.78,110.13,109.4554,109.79,1849474,0.0
2016-10-13,109.01,109.7191,108.479,109.4,1986165,0.0
2016-10-14,110.0,110.32,109.36,109.37,2673997,0.0
2016-10-17,109.38,109.54,108.94,109.06,2507712,0.0
2016-10-18,109.92,110.025,109.5,109.7,1635215,0.0
2016-10-19,109.94,110.25,109.62,110.05,1408238,0.0
2016-10-20,109.9,110.17,109.42,109.84,2016977,0.0
2016-10-21,109.41,109.895,109.2,109.8,1234425,0.0
2016-10-24,110.39,110.6,110.126,110.35,2004855,0.0
2016-10-25,110.25,110.33,109.79,109.88,2079087,0.0
2016-10-26,109.47,109.965,109.26,109.55,1827448,0.0
2016-10-27,110.0,110.0,109.08,109.18,1598109,0.0
2016-10-28,109.11,109.56,108.47,108.82,2868068,0.0
2016-10-31,109.05,109.205,108.805,108.89,1913647,0.0
2016-11-01,109.1,109.1899,107.39,108.08,3169752,0.0
2016-11-02,107.87,108.08,107.11,107.33,2957396,0.0
2016-11-03,107.42,107.63,106.71,106.86,2096498,0.0
2016-11-04,106.89,107.51,106.69,106.79,2805438,0.0
2016-11-07,108.41,109.17,108.21,109.15,2527683,0.0
2016-11-08,109.01,109.99,108.73,109.62,2074192,0.0
2016-11-09,108.77,111.3299,108.5,111.0,6482023,0.0
2016-11-10,111.59,112.13,110.48,111.37,5083515,0.0
2016-11-11,111.0,111.51,110.69,111.41,4005183,0.0
2016-11-14,111.78,112.05,111.2899,111.7,5234135,0.0
2016-11-15,112.04,112.6,111.76,112.57,6037248,0.0
2016-11-16,112.37,112.5301,112.135,112.41,7113854,0.0
2016-11-17,112.53,113.0354,112.35,112.98,1874960,0.0
2016-11-18,113.05,113.12,112.6666,112.77,2298224,0.0
2016-11-21,113.12,113.63,112.87,113.62,2493871,0.0
2016-11-22,113.88,114.0399,113.44,113.95,2673635,0.0
2016-11-23,113.72,114.12,113.49,114.11,1818707,0.0
2016-11-25,114.35,114.55,114.21,114.55,889818,0.0
2016-11-28,114.32,114.41,113.8,113.89,1849844,0.0
2016-11-29,113.9,114.35,113.68,114.05,1544243,0.0
2016-11-30,114.47,114.55,113.78,113.78,4406342,0.0
2016-12-01,114.03,114.03,113.0748,113.31,2601218,0.0
2016-12-02,113.34,113.67,113.15,113.31,1755885,0.0
2016-12-05,113.9,114.37,113.77,114.1,3843070,0.0
2016-12-06,114.34,114.705,114.02,114.68,2357053,0.0
2016-12-07,114.63,116.19,114.51,116.1,3999999,0.0
2016-12-08,116.18,116.849,115.97,116.52,2679840,0.0
2016-12-09,116.77,117.15,116.62,117.15,2310201,0.0
2016-12-12,117.12,117.35,116.59,116.85,4224688,0.0
2016-12-13,117.3,117.79,117.13,117.53,4394138,0.0
2016-12-14,117.48,117.73,116.23,116.47,3885394,0.0
2016-12-15,116.56,117.53,116.5,116.95,3343080,0.0
2016-12-16,117.27,117.3799,116.59,116.77,1991626,0.0
2016-12-19,116.96,117.32,116.8,117.1,2405748,0.0
2016-12-20,116.88,116.93,116.604,116.87,2942518,0.0
2016-12-21,116.87,116.92,116.54,116.54,2248950,0.0
2016-12-22,116.42,116.51,115.9839,116.24,3105779,0.0
2016-12-23,116.23,116.42,116.13,116.42,2325820,0.0
2016-12-27,116.57,116.9899,116.5,116.71,3386903,0.0
2016-12-28,116.88,116.93,115.66,115.74,2591078,0.0
2016-12-29,115.74,116.0299,115.47,115.75,1622737,0.0
2016-12-30,116.0,116.0,114.959,115.32,2910108,0.0
2017-01-03,116.15,116.55,115.49,116.2,2731646,0.0
2017-01-04,116.47,117.19,116.4151,117.09,3228738,0.0
2017-01-05,116.95,117.0886,116.4,116.86,2604038,0.0
2017-01-06,117.02,117.515,116.64,117.23,2317806,0.0
2017-01-09,117.1,117.1357,116.735,116.78,2461680,0.0
2017-01-10,116.76,117.36,116.62,116.87,2055428,0.0
2017-01-11,116.91,117.24,116.4898,117.24,2751838,0.0
2017-01-12,117.04,117.04,116.01,116.93,2342402,0.0
2017-01-13,116.99,117.4,116.98,117.22,2031780,0.0
2017-01-17,116.86,117.06,116.4741,116.7,2583709,0.0
2017-01-18,116.8,117.0,116.48,116.97,1901752,0.0
2017-01-19,117.03,117.14,116.24,116.51,1899267,0.0
2017-01-20,116.84,117.23,116.59,116.91,2636114,0.0
2017-01-23,116.75,116.97,116.17,116.6,1938950,0.0
2017-01-24,116.82,117.74,116.74,117.51,2165876,0.0
2017-01-25,118.02,118.56,117.94,118.52,2427847,0.0
2017-01-26,118.56,118.62,118.2299,118.35,2178512,0.0
2017-01-27,118.45,118.48,118.0236,118.16,1479541,0.0
2017-01-30,117.73,117.8,116.68,117.36,3006131,0.0
2017-01-31,117.0,117.46,116.73,117.46,3309743,0.0
2017-02-01,117.86,118.0401,117.07,117.45,2614514,0.0
2017-02-02,117.21,117.72,117.02,117.53,1745302,0.0
2017-02-03,117.99,118.5199,117.92,118.42,1837627,0.0
2017-02-06,118.26,118.41,117.94,118.14,1598846,0.0
2017-02-07,118.43,118.53,117.96,118.13,3366070,0.0
2017-02-08,117.92,118.32,117.69,118.26,1835984,0.0
2017-02-09,118.42,119.2063,118.38,119.04,1635319,0.0
2017-02-10,119.29,119.7,119.21,119.54,1837821,0.0
2017-02-13,119.92,120.33,119.87,120.14,1985570,0.0
2017-02-14,120.1,120.63,119.8501,120.58,2051179,0.0
2017-02-15,120.57,121.35,120.45,121.24,1998213,0.0
2017-02-16,121.25,121.37,120.64,121.13,2034805,0.0
2017-02-17,120.66,121.31,120.66,121.31,1948471,0.0
2017-02-21,121.55,122.13,121.39,122.03,2423039,0.0
2017-02-22,121.82,122.03,121.6807,121.87,1973959,0.0
2017-02-23,122.21,122.23,121.32,121.78,2024945,0.0
2017-02-24,121.38,121.99,121.24,121.98,2962944,0.0
2017-02-27,121.92,122.3554,121.74,122.25,2625148,0.0
2017-02-28,122.18,122.18,121.61,121.8,2231827,0.0
2017-03-01,122.81,123.727,122.65,123.44,2874677,0.0
2017-03-02,123.42,123.42,122.61,122.65,2421598,0.0
2017-03-03,122.63,122.8,122.33,122.75,1651644,0.0
2017-03-06,122.48,122.48,121.9,122.27,1716343,0.0
2017-03-07,122.21,122.29,121.75,121.88,1612658,0.0
2017-03-08,121.99,122.18,121.47,121.54,2374579,0.0
2017-03-09,121.6,121.8899,121.02,121.6,3852842,0.0
2017-03-10,122.19,122.25,121.4551,122.04,2987473,0.0
2017-03-13,122.06,122.16,121.86,122.13,2003857,0.0
2017-03-14,121.87,121.87,121.24,121.69,2269587,0.0
2017-03-15,121.98,123.04,121.8914,122.79,1892226,0.0
2017-03-16,122.96,123.0,122.43,122.64,2050110,0.0
2017-03-17,122.84,122.8848,122.45,122.57,1973987,0.0
2017-03-20,122.51,122.62,122.0708,122.2717,3239871,0.0
2017-03-21,122.69,122.72,120.444,120.57,3355145,0.0
2017-03-22,120.48,120.91,120.1,120.73,2896603,0.0
2017-03-23,120.66,121.39,120.4667,120.69,2257114,0.0
2017-03-24,120.42,120.74,119.66,120.16,2305692,0.0
2017-03-27,119.18,120.19,118.89,120.02,2927702,0.0
2017-03-28,119.96,121.14,119.78,120.86,2699241,0.0
2017-03-29,120.88,121.23,120.58,121.08,3196549,0.0
2017-03-30,121.14,121.62,120.99,121.53,2076852,0.0
2017-03-31,121.42,121.7155,121.26,121.32,1815860,0.0
2017-04-03,121.45,121.5,120.33,121.02,3103060,0.0
2017-04-04,120.89,121.105,120.64,121.08,2462645,0.0
2017-04-05,121.49,122.0199,120.441,120.59,3905750,0.0
2017-04-06,120.69,121.26,120.38,120.97,2056068,0.0
2017-04-07,120.84,121.29,120.59,120.88,1997440,0.0
2017-04-10,121.04,121.51,120.7,121.03,1669475,0.0
2017-04-11,120.87,121.0,120.0591,120.99,2895455,0.0
2017-04-12,120.88,120.99,120.23,120.37,1967393,0.0
2017-04-13,120.15,120.56,119.55,119.55,2852219,0.0
2017-04-17,119.88,120.61,119.68,120.59,3198909,0.0
2017-04-18,120.2,120.565,119.85,120.33,1865766,0.0
2017-04-19,120.72,120.92,120.0784,120.23,1807017,0.0
2017-04-20,120.59,121.4299,120.3748,121.22,1783429,0.0
2017-04-21,121.21,121.21,120.61,120.83,2006549,0.0
2017-04-24,122.17,122.2755,121.88,122.11,2178763,0.0
2017-04-25,122.56,123.09,122.52,122.87,2145193,0.0
2017-04-26,122.9,123.45,122.8546,122.9,3080062,0.0
2017-04-27,123.12,123.21,122.69,123.02,1868179,0.0
2017-04-28,123.16,123.21,122.55,122.61,1795827,0.0
2017-05-01,122.93,123.1942,122.62,122.93,1983507,0.0
2017-05-02,123.09,123.25,122.7,122.93,1756917,0.0
2017-05-03,122.59,122.78,122.28,122.63,3690976,0.0
2017-05-04,122.83,122.83,122.1601,122.72,1564459,0.0
2017-05-05,122.95,123.33,122.68,123.33,2057663,0.0
2017-05-08,123.36,123.45,122.9,123.14,2150873,0.0
2017-05-09,123.36,123.4261,122.85,123.1,1846216,0.0
2017-05-10,123.09,123.38,122.93,123.37,1468633,0.0
2017-05-11,123.02,123.129,122.33,123.01,1500018,0.0
2017-05-12,122.91,122.91,122.595,122.77,1235304,0.0
2017-05-15,123.07,123.59,123.04,123.43,3097149,0.0
2017-05-16,123.63,123.65,123.0699,123.36,2128403,0.0
2017-05-17,122.31,122.56,121.07,121.14,3703517,0.0
2017-05-18,120.94,122.02,120.85,121.5,2883455,0.0
2017-05-19,121.91,122.77,121.8159,122.37,2144173,0.0
2017-05-22,122.67,123.0951,122.6352,123.02,1810055,0.0
2017-05-23,123.25,123.3899,122.95,123.23,1796602,0.0
2017-05-24,123.44,123.655,123.23,123.59,1553843,0.0
2017-05-25,123.9,124.268,123.785,124.11,1492278,0.0
2017-05-26,124.0,124.15,123.93,124.09,1320846,0.0
2017-05-30,123.87,124.058,123.71,123.89,1348311,0.0
2017-05-31,124.01,124.09,123.31,123.85,2043851,0.0
2017-06-01,124.17,125.0,123.96,125.0,1926671,0.0
2017-06-02,125.09,125.58,124.87,125.41,2839385,0.0
2017-06-05,125.42,125.5,125.22,125.25,1494246,0.0
2017-06-06,124.96,125.29,124.78,124.93,2985175,0.0
2017-06-07,125.12,125.24,124.68,125.07,1253346,0.0
2017-06-08,125.12,125.53,124.88,125.29,1827022,0.0
2017-06-09,125.48,126.02,124.45,125.19,2585550,0.0
2017-06-12,125.06,125.2,124.63,125.17,1973626,0.0
2017-06-13,125.52,125.84,125.32,125.79,1567671,0.0
2017-06-14,126.0,126.02,125.1,125.61,2584291,0.0
2017-06-15,124.77,125.345,124.625,125.33,2483525,0.0
2017-06-16,125.42,125.53,124.74,125.25,2018198,0.0
2017-06-19,125.67,126.35,125.67,126.27,1816545,0.0
2017-06-20,126.16,126.17,125.4,125.41,1359474,0.0
2017-06-21,125.11,125.2,124.51,124.69,3364563,0.0
2017-06-22,124.78,125.08,124.59,124.74,1639327,0.0
2017-06-23,124.81,125.19,124.5848,125.05,1829284,0.0
2017-06-26,125.45,125.69,124.95,125.14,2605865,0.0
2017-06-27,125.09,125.23,124.1,124.11,2386257,0.0
2017-06-28,124.77,125.41,124.59,125.28,2444525,0.0
2017-06-29,125.46,125.48,123.48,124.28,2354612,0.0
2017-06-30,124.76,124.9,124.3,124.45,1910033,0.0
2017-07-03,124.99,125.3,124.75,124.75,1645734,0.0
2017-07-05,124.98,125.02,124.3947,124.89,2167500,0.0
2017-07-06,124.44,124.55,123.56,123.66,1981844,0.0
2017-07-07,123.96,124.62,123.9,124.52,1710113,0.0
2017-07-10,124.5,124.8299,124.355,124.61,1404761,0.0
2017-07-11,124.53,124.73,123.83,124.58,1560180,0.0
2017-07-12,125.2,125.63,125.1,125.47,1993253,0.0
2017-07-13,125.56,125.76,125.31,125.67,1514053,0.0
2017-07-14,125.77,126.495,125.65,126.23,1410947,0.0
2017-07-17,126.28,126.45,126.12,126.23,1798467,0.0
2017-07-18,126.11,126.33,125.78,126.31,2010037,0.0
2017-07-19,126.51,127.05,126.51,127.04,1276392,0.0
2017-07-20,127.28,127.28,126.8,127.12,1463843,0.0
2017-07-21,126.81,126.99,126.64,126.95,1819509,0.0
2017-07-24,126.91,127.06,126.69,126.96,4897687,0.0
2017-07-25,127.51,127.57,127.2,127.38,1709368,0.0
2017-07-26,127.55,127.599,127.17,127.29,1624423,0.0
2017-07-27,127.58,127.58,126.31,127.07,1708123,0.0
2017-07-28,126.78,126.96,126.54,126.86,1468420,0.0
2017-07-31,127.11,127.18,126.6165,126.79,1496716,0.0
2017-08-01,127.18,127.21,126.8,127.05,1790596,0.0
2017-08-02,127.14,127.14,126.37,126.93,2929534,0.0
2017-08-03,126.9,126.91,126.52,126.64,2582505,0.0
2017-08-04,127.0,127.07,126.7,126.91,972373,0.0
2017-08-07,127.06,127.18,126.88,127.16,1114756,0.0
2017-08-08,127.05,127.72,126.61,126.81,1360306,0.0
2017-08-09,126.35,126.69,126.17,126.67,1679930,0.0
2017-08-10,126.14,126.21,124.8,124.81,2455308,0.0
2017-08-11,124.94,125.328,124.8,125.04,2039164,0.0
2017-08-14,125.8,126.434,125.61,126.32,1467446,0.0
2017-08-15,126.61,126.63,126.08,126.2,1523041,0.0
2017-08-16,126.5,126.8,126.23,126.43,1379829,0.0
2017-08-17,126.09,126.285,124.42,124.42,3440515,0.0
2017-08-18,124.48,124.94,123.95,124.21,2836476,0.0
2017-08-21,124.22,124.4799,123.79,124.39,1627396,0.0
2017-08-22,124.73,125.75,124.56,125.64,2090008,0.0
2017-08-23,125.07,125.51,125.02,125.26,1268854,0.0
2017-08-24,125.5,125.63,124.94,125.06,1381941,0.0
2017-08-25,125.42,125.85,125.24,125.36,1158233,0.0
2017-08-28,125.66,125.66,125.11,125.41,1788224,0.0
2017-08-29,124.59,125.62,124.52,125.46,1312403,0.0
2017-08-30,125.46,126.28,125.38,126.12,1730700,0.0
2017-08-31,126.46,127.14,126.46,126.98,3384425,0.0
2017-09-01,127.23,127.46,127.12,127.27,2122830,0.0
2017-09-05,126.92,127.1,125.69,126.29,2318980,0.0
2017-09-06,126.69,126.86,126.3239,126.64,1449904,0.0
2017-09-07,126.96,126.96,126.32,126.58,1218674,0.0
2017-09-08,126.35,126.74,126.2701,126.49,1206255,0.0
2017-09-11,127.15,127.905,127.15,127.85,1346941,0.0
2017-09-12,128.04,128.34,128.0,128.34,2264212,0.0
2017-09-13,128.23,128.41,128.12,128.4,1692523,0.0
2017-09-14,128.23,128.48,128.07,128.36,1493235,0.0
2017-09-15,128.31,128.62,128.2,128.6,1531454,0.0
2017-09-18,128.85,129.1,128.69,128.91,1792347,0.0
2017-09-19,129.06,129.1,128.85,128.97,1241660,0.0
2017-09-20,129.1,129.21,128.6,129.18,1729440,0.0
2017-09-21,129.12,129.13,128.715,128.82,1730813,0.0
2017-09-22,128.14,128.44,127.9901,128.37,1601623,0.0
2017-09-25,128.24,128.43,127.69,128.16,2185979,0.0
2017-09-26,128.35,128.51,128.11,128.19,1851553,0.0
2017-09-27,128.84,129.1,128.17,128.89,2374427,0.0
2017-09-28,128.82,129.13,128.66,129.1,1484847,0.0
2017-09-29,129.02,129.56,129.01,129.52,1720608,0.0
2017-10-02,129.64,130.2,129.55,130.2,2678088,0.0
2017-10-03,130.31,130.5,130.13,130.46,1825142,0.0
2017-10-04,130.45,130.78,130.3,130.59,1495730,0.0
2017-10-05,130.73,131.34,130.72,131.28,2387491,0.0
2017-10-06,131.06,131.2299,130.911,131.19,1635094,0.0
2017-10-09,131.3,131.3558,130.765,130.93,1012116,0.0
2017-10-10,131.25,131.48,130.94,131.24,2915401,0.0
2017-10-11,131.24,131.43,131.1,131.42,2012689,0.0
2017-10-12,131.16,131.45,131.115,131.26,2171233,0.0
2017-10-13,131.55,131.59,131.28,131.36,1544046,0.0
2017-10-16,131.5,131.65,131.27,131.45,1789809,0.0
2017-10-17,131.5,131.5699,131.34,131.51,1340788,0.0
2017-10-18,131.8,131.83,131.57,131.68,1471106,0.0
2017-10-19,131.25,131.71,130.94,131.71,1942639,0.0
2017-10-20,132.07,132.45,132.07,132.42,1751127,0.0
2017-10-23,132.63,132.68,131.79,131.86,1755907,0.0
2017-10-24,132.16,132.23,131.886,132.09,1574473,0.0
2017-10-25,131.91,131.95,130.69,131.4,2186507,0.0
2017-10-26,131.72,132.01,131.49,131.57,5396704,0.0
2017-10-27,131.94,132.6743,131.765,132.64,2672839,0.0
2017-10-30,132.42,132.54,131.895,132.06,1689237,0.0
2017-10-31,132.27,132.5,132.12,132.33,2378463,0.0
2017-11-01,132.83,133.0342,132.17,132.44,2275546,0.0
2017-11-02,132.34,132.53,131.82,132.47,5097180,0.0
2017-11-03,132.54,132.885,132.28,132.82,2677437,0.0
2017-11-06,132.77,133.165,132.75,133.07,2017896,0.0
2017-11-07,133.16,133.33,132.53,132.84,2527684,0.0
2017-11-08,132.73,133.12,132.55,133.06,1267652,0.0
2017-11-09,132.38,132.74,131.621,132.52,4320598,0.0
2017-11-10,132.24,132.63,132.17,132.54,2042414,0.0
2017-11-13,132.11,132.75,132.08,132.61,1876086,0.0
2017-11-14,132.22,132.42,131.79,132.37,3776831,0.0
2017-11-15,131.79,132.08,131.21,131.69,1772352,0.0
2017-11-16,132.11,133.1,132.11,132.89,1730708,0.0
2017-11-17,132.64,132.91,132.61,132.64,4850402,0.0
2017-11-20,132.82,133.05,132.68,132.98,1805766,0.0
2017-11-21,133.44,133.94,133.415,133.9,1956913,0.0
2017-11-22,133.94,134.0,133.691,133.8,1295577,0.0
2017-11-24,134.08,134.13,133.9752,134.11,670545,0.0
2017-11-27,134.12,134.29,133.865,133.97,1754740,0.0
2017-11-28,134.25,135.3599,134.144,135.3,2922948,0.0
2017-11-29,135.46,135.79,135.0199,135.3,2066469,0.0
2017-11-30,135.88,136.92,135.78,136.34,2854394,0.0
2017-12-01,136.28,136.5,134.04,136.07,3585673,0.0
2017-12-04,137.04,137.3847,135.88,135.89,3119361,0.0
2017-12-05,136.09,136.33,135.23,135.31,2583328,0.0
2017-12-06,135.11,135.46,135.0,135.23,2835638,0.0
2017-12-07,135.14,135.94,135.08,135.77,1537680,0.0
2017-12-08,136.27,136.52,136.07,136.48,1502610,0.0
2017-12-11,136.5,136.83,136.48,136.8,1934509,0.0
2017-12-12,136.98,137.25,136.81,136.95,1517177,0.0
2017-12-13,137.03,137.4299,136.9117,136.97,1859155,0.0
2017-12-14,137.22,137.235,136.27,136.33,1856193,0.0
2017-12-15,136.95,137.83,136.8702,137.55,2293033,0.0
2017-12-18,138.26,138.68,138.26,138.5,2696332,0.0
2017-12-19,138.72,138.72,137.9,137.94,3642122,0.0
2017-12-20,138.5,138.55,137.68,137.93,2522466,0.0
2017-12-21,137.62,137.93,137.39,137.57,2111216,0.0
2017-12-22,137.64,137.86,137.19,137.52,1926229,0.0
2017-12-26,137.34,137.52,137.29,137.41,2051626,0.0
2017-12-27,137.58,137.719,137.341,137.46,2242570,0.0
2017-12-28,137.79,137.81,137.514,137.76,2936469,0.0
2017-12-29,138.08,138.1,137.15,137.25,2256486,0.0
2018-01-02,137.75,138.225,137.44,138.22,3699677,0.0
2018-01-03,138.39,139.1,138.3,139.02,3052284,0.0
2018-01-04,139.42,139.81,139.35,139.55,2572445,0.0
2018-01-05,140.02,140.44,139.72,140.37,2188628,0.0
2018-01-08,140.31,140.77,140.1,140.69,2655542,0.0
2018-01-09,140.92,141.309,140.71,140.95,2625547,0.0
2018-01-10,140.57,140.85,140.07,140.73,2014899,0.0
2018-01-11,141.0,141.92,140.97,141.92,2188037,0.0
2018-01-12,142.08,142.8469,142.0,142.75,2661773,0.0
2018-01-16,143.53,143.82,141.71,142.12,3973396,0.0
2018-01-17,142.72,143.64,142.245,143.43,2756401,0.0
2018-01-18,143.42,143.58,142.9,143.18,2706146,0.0
2018-01-19,143.49,143.93,143.19,143.92,2119076,0.0
2018-01-22,143.84,145.06,143.84,145.06,2849859,0.0
2018-01-23,145.1,145.5652,144.92,145.42,2261308,0.0
2018-01-24,145.85,146.11,144.63,145.28,3409464,0.0
2018-01-25,145.84,145.84,144.87,145.34,4234596,0.0
2018-01-26,145.82,146.87,145.6299,146.86,1995947,0.0
2018-01-29,146.58,146.82,145.8152,145.9,2688224,0.0
2018-01-30,144.74,145.15,144.15,144.38,4898220,0.0
2018-01-31,144.94,145.24,143.79,144.43,4670400,0.0
2018-02-01,143.98,145.02,143.8359,144.37,2924847,0.0
2018-02-02,143.51,143.68,141.24,141.3,5323550,0.0
2018-02-05,140.21,141.3999,135.15,135.74,10357430,0.0
2018-02-06,133.26,138.2424,132.5,137.96,10791180,0.0
2018-02-07,137.83,139.56,137.35,137.35,6176267,0.0
2018-02-08,137.53,137.8,132.35,132.41,7683298,0.0
2018-02-09,133.9,135.21,129.841,134.23,9474028,0.0
2018-02-12,135.35,136.85,134.23,136.02,4251913,0.0
2018-02-13,135.34,136.7,135.01,136.45,2973177,0.0
2018-02-14,135.62,138.55,135.57,138.36,3076820,0.0
2018-02-15,139.33,140.05,137.95,140.05,2853211,0.0
2018-02-16,139.68,141.2289,139.67,140.11,2813489,0.0
2018-02-20,139.56,140.4399,138.8201,139.27,2490012,0.0
2018-02-21,139.45,140.96,138.61,138.62,2182218,0.0
2018-02-22,139.19,140.09,138.38,138.71,2111956,0.0
2018-02-23,139.45,140.86,139.1395,140.86,1439896,0.0
2018-02-26,141.5,142.4101,141.04,142.34,1765701,0.0
2018-02-27,142.41,142.86,140.55,140.55,2305363,0.0
2018-02-28,141.18,141.4,138.97,139.0,2290851,0.0
2018-03-01,139.07,139.88,136.401,137.35,4846702,0.0
2018-03-02,136.28,138.51,135.83,138.24,3021296,0.0
2018-03-05,137.55,140.15,137.5,139.8,2916936,0.0
2018-03-06,140.36,140.61,139.3245,140.31,2788017,0.0
2018-03-07,139.05,140.61,138.97,140.43,2569511,0.0
2018-03-08,140.83,141.03,140.11,140.96,2307547,0.0
2018-03-09,141.79,143.3,141.55,143.3,2325327,0.0
2018-03-12,143.49,143.85,142.9586,143.22,1999165,0.0
2018-03-13,143.86,144.14,142.01,142.33,2080807,0.0
2018-03-14,142.9,142.99,141.35,141.61,2103406,0.0
2018-03-15,141.96,142.22,141.11,141.42,1927886,0.0
2018-03-16,141.58,142.1899,141.58,141.66,2641396,0.0
2018-03-19,141.16,141.4,138.86,139.84,3154271,0.0
2018-03-20,140.0,140.42,139.66,140.05,1671966,0.0
2018-03-21,140.05,141.2352,139.78,139.93,2106651,0.0
2018-03-22,138.15,138.61,135.85,135.95,3130574,0.0
2018-03-23,136.13,136.65,133.0289,133.1,5697042,0.0
2018-03-26,135.09,136.73,133.76,136.61,3859790,0.0
2018-03-27,137.18,137.31,133.43,134.19,3309854,0.0
2018-03-28,134.36,135.19,133.23,133.88,4740435,0.0
2018-03-29,134.49,136.59,134.16,135.72,2350389,0.0
2018-04-02,135.29,135.57,131.26,132.63,5704090,0.0
2018-04-03,133.35,134.54,132.35,134.28,3737634,0.0
2018-04-04,132.19,136.1,132.1,135.79,2928175,0.0
2018-04-05,136.65,137.23,136.11,136.74,2683636,0.0
2018-04-06,135.73,136.54,132.9168,133.87,4942619,0.0
2018-04-09,134.72,136.3,134.16,134.32,2239413,0.0
2018-04-10,136.0,136.9704,135.46,136.5,2154435,0.0
2018-04-11,135.67,136.8283,135.3983,135.87,2063805,0.0
2018-04-12,136.73,137.53,136.51,136.97,1858713,0.0
2018-04-13,137.72,137.75,136.01,136.58,2192597,0.0
2018-04-16,137.54,138.15,136.9713,137.72,2892553,0.0
2018-04-17,138.73,139.53,138.43,139.17,2219864,0.0
2018-04-18,139.54,139.85,139.09,139.36,1554589,0.0
2018-04-19,138.98,139.179,138.02,138.6,4003952,0.0
2018-04-20,138.56,138.67,137.0301,137.5,1669640,0.0
2018-04-23,137.78,138.16,136.81,137.45,2034128,0.0
2018-04-24,138.1,138.19,134.86,135.8,3053646,0.0
2018-04-25,135.77,136.25,134.61,135.95,2275355,0.0
2018-04-26,136.52,137.68,136.25,137.24,1284584,0.0
2018-04-27,137.54,137.74,136.8,137.33,1133874,0.0
2018-04-30,137.69,137.99,136.25,136.33,2277079,0.0
2018-05-01,136.04,136.6,135.12,136.54,1762742,0.0
2018-05-02,136.46,136.97,135.54,135.75,1661568,0.0
2018-05-03,135.19,135.8036,133.66,135.38,2638020,0.0
2018-05-04,134.97,137.56,134.64,137.13,2379386,0.0
2018-05-07,137.65,138.31,137.375,137.73,1448023,0.0
2018-05-08,137.59,138.01,136.98,137.78,1357374,0.0
2018-05-09,138.2,139.27,137.9,139.08,1451742,0.0
2018-05-10,139.51,140.54,139.44,140.29,1810308,0.0
2018-05-11,140.41,140.87,140.05,140.57,1199363,0.0
2018-05-14,140.94,141.3,140.39,140.64,1397024,0.0
2018-05-15,139.95,140.11,139.34,139.79,2279744,0.0
2018-05-16,139.85,140.76,139.85,140.47,1345969,0.0
2018-05-17,140.38,141.04,140.02,140.51,1658539,0.0
2018-05-18,140.36,140.51,139.97,140.2,910248,0.0
2018-05-21,141.06,141.5299,140.84,141.25,1299979,0.0
2018-05-22,141.56,141.66,140.59,140.73,1212989,0.0
2018-05-23,140.09,141.1,140.0,141.1,1431757,0.0
2018-05-24,140.93,141.06,139.8616,140.87,1405061,0.0
2018-05-25,140.6,140.905,140.2801,140.6,1264531,0.0
2018-05-29,139.8,140.16,138.54,139.21,2694971,0.0
2018-05-30,139.97,141.305,139.91,141.01,1587053,0.0
2018-05-31,140.88,140.95,139.805,140.04,1700905,0.0
2018-06-01,140.93,141.65,140.761,141.5,1857761,0.0
2018-06-04,141.9,142.2598,141.73,142.16,1592076,0.0
2018-06-05,142.26,142.52,141.83,142.37,2952164,0.0
2018-06-06,142.75,143.63,142.38,143.63,3011062,0.0
2018-06-07,143.81,144.0,142.9,143.42,1663479,0.0
2018-06-08,143.27,143.94,143.1201,143.91,1084242,0.0
2018-06-11,144.0,144.47,143.97,144.12,1664568,0.0
2018-06-12,144.4,144.61,144.0,144.42,1582287,0.0
2018-06-13,144.54,144.6552,143.7975,143.88,1402047,0.0
2018-06-14,144.4,144.57,143.8948,144.29,1809770,0.0
2018-06-15,143.85,144.33,143.23,144.15,3328544,0.0
2018-06-18,143.3,144.06,143.031,143.99,1606110,0.0
2018-06-19,142.75,143.62,142.4,143.51,1962527,0.0
2018-06-20,143.95,144.19,143.588,143.84,1468385,0.0
2018-06-21,143.83,143.85,142.56,142.85,1881270,0.0
2018-06-22,143.0,143.0836,142.37,142.45,1226467,0.0
2018-06-25,141.85,141.99,139.54,140.45,4347684,0.0
2018-06-26,140.7,141.252,140.3,140.77,2085564,0.0
2018-06-27,141.2,141.89,139.45,139.46,2958960,0.0
2018-06-28,139.43,140.69,138.99,140.33,2490646,0.0
2018-06-29,140.9,141.66,140.39,140.43,1849639,0.0
2018-07-02,139.56,140.88,139.43,140.77,2825879,0.0
2018-07-03,141.36,141.47,140.22,140.41,1325978,0.0
2018-07-05,141.13,141.6249,140.45,141.6,2796422,0.0
2018-07-06,141.66,143.0,141.44,142.79,1756480,0.0
2018-07-09,143.46,144.11,143.14,144.09,2153146,0.0
2018-07-10,144.39,144.6135,144.03,144.46,1437018,0.0
2018-07-11,143.62,144.0999,143.1,143.43,2042602,0.0
2018-07-12,144.18,144.66,143.72,144.61,1440593,0.0
2018-07-13,144.53,144.98,144.2601,144.7,1965410,0.0
2018-07-16,144.77,144.84,144.2173,144.47,1571319,0.0
2018-07-17,144.02,145.33,144.01,145.13,1767208,0.0
2018-07-18,145.13,145.5,144.8488,145.45,1327678,0.0
2018-07-19,145.07,145.42,144.6,145.1,2034581,0.0
2018-07-20,145.0,145.24,144.56,144.84,1507878,0.0
2018-07-23,144.79,145.16,144.47,145.07,1444525,0.0
2018-07-24,145.77,146.09,144.9,145.39,2340093,0.0
2018-07-25,145.3,146.67,145.01,146.63,2126581,0.0
2018-07-26,146.23,146.74,146.0,146.39,2084649,0.0
2018-07-27,146.6,146.6399,144.63,145.22,2535119,0.0
2018-07-30,145.22,145.34,144.06,144.27,5379740,0.0
2018-07-31,144.82,145.51,144.541,145.09,2004218,0.0
2018-08-01,145.19,145.53,144.49,144.92,1524128,0.0
2018-08-02,144.17,145.91,144.078,145.78,1508735,0.0
2018-08-03,145.89,146.2901,145.76,146.27,1977541,0.0
2018-08-06,146.31,147.059,146.091,146.93,1802179,0.0
2018-08-07,147.29,147.62,147.0,147.41,2532728,0.0
2018-08-08,147.33,147.5262,146.98,147.27,1270632,0.0
2018-08-09,147.37,147.68,147.0734,147.17,1233807,0.0
2018-08-10,146.35,146.76,145.941,146.25,1854313,0.0
2018-08-13,146.4,146.75,145.4638,145.69,1898236,0.0
2018-08-14,146.11,146.7837,145.92,146.65,1784336,0.0
2018-08-15,145.87,146.03,144.6366,145.49,2684923,0.0
2018-08-16,146.28,147.15,146.26,146.63,1347589,0.0
2018-08-17,146.45,147.3902,146.3,147.17,2188475,0.0
2018-08-20,147.45,147.69,147.16,147.45,5759790,0.0
2018-08-21,147.78,148.51,147.78,148.0,2090866,0.0
2018-08-22,147.79,148.289,147.712,148.05,1169609,0.0
2018-08-23,147.9,148.37,147.58,147.76,1351215,0.0
2018-08-24,148.15,148.76,148.1,148.68,1712840,0.0
2018-08-27,149.32,149.87,149.1,149.75,2126027,0.0
2018-08-28,150.1,150.1999,149.531,149.84,3015535,0.0
2018-08-29,149.96,150.77,149.82,150.63,2688570,0.0
2018-08-30,150.31,150.6,149.67,150.01,2150500,0.0
2018-08-31,149.81,150.28,149.585,150.07,2537512,0.0
2018-09-04,149.89,150.1,149.22,149.86,2342718,0.0
2018-09-05,149.66,149.69,148.71,149.37,2772163,0.0
2018-09-06,149.46,149.6899,148.3566,148.92,2592428,0.0
2018-09-07,148.37,149.1732,148.13,148.58,2334576,0.0
2018-09-10,149.2,149.33,148.7865,148.9,2156343,0.0
2018-09-11,148.55,149.62,148.33,149.4,2575399,0.0
2018-09-12,149.31,149.64,148.79,149.41,2181426,0.0
2018-09-13,149.97,150.3268,149.75,150.16,1906001,0.0
2018-09-14,150.28,150.48,149.79,150.28,1363920,0.0
2018-09-17,150.24,150.28,149.185,149.33,1661949,0.0
2018-09-18,149.43,150.4436,149.4,150.13,1665536,0.0
2018-09-19,150.12,150.4767,150.01,150.15,1809967,0.0
2018-09-20,150.83,151.47,150.52,151.31,1714284,0.0
2018-09-21,151.82,151.839,151.05,151.16,1986111,0.0
2018-09-24,150.87,150.93,150.27,150.61,1668813,0.0
2018-09-25,150.89,151.075,150.42,150.53,2318989,0.0
2018-09-26,150.61,151.29,149.79,149.95,4903522,0.0
2018-09-27,150.24,150.9481,150.08,150.3,1808332,0.0
2018-09-28,149.28,149.986,149.23,149.65,1797156,0.0
2018-10-01,150.42,150.77,149.52,149.88,2719182,0.0
2018-10-02,149.86,150.1,149.43,149.66,2159458,0.0
2018-10-03,150.26,150.49,149.65,149.86,2564328,0.0
2018-10-04,149.58,149.61,147.71,148.59,3220964,0.0
2018-10-05,148.62,148.95,146.73,147.63,3198024,0.0
2018-10-08,147.28,147.7632,146.36,147.52,2515629,0.0
2018-10-09,147.25,148.02,147.0199,147.26,3690610,0.0
2018-10-10,146.93,146.95,142.411,142.57,6890284,0.0
2018-10-11,142.02,142.9699,138.75,139.53,11707880,0.0
2018-10-12,142.0,142.3168,139.49,141.37,7981221,0.0
2018-10-15,141.16,141.975,140.5,140.74,3386416,0.0
2018-10-16,141.75,144.06,141.36,143.84,3990411,0.0
2018-10-17,143.91,144.15,142.33,143.8,3148305,0.0
2018-10-18,143.31,143.61,141.0,141.72,3783811,0.0
2018-10-19,142.14,143.07,141.01,141.35,2997909,0.0
2018-10-22,141.73,141.9399,140.42,140.79,3220566,0.0
2018-10-23,138.69,140.6699,137.46,139.96,4981584,0.0
2018-10-24,139.89,140.0902,135.4,135.61,6013670,0.0
2018-10-25,136.63,138.96,136.1727,138.16,4885982,0.0
2018-10-26,136.12,137.53,134.17,135.77,6623856,0.0
2018-10-29,137.51,138.33,133.07,135.02,5167312,0.0
2018-10-30,134.96,137.29,134.61,137.13,3675607,0.0
2018-10-31,138.6,139.84,138.37,138.56,4034663,0.0
2018-11-01,139.04,140.37,138.52,140.13,3713883,0.0
2018-11-02,140.93,141.2,138.39,139.56,3171400,0.0
2018-11-05,139.8,140.52,139.19,140.24,3140186,0.0
2018-11-06,140.19,141.11,140.17,141.04,2029999,0.0
2018-11-07,142.3,143.9999,141.97,143.92,2781209,0.0
2018-11-08,143.55,144.0648,142.98,143.64,1874791,0.0
2018-11-09,142.91,142.96,141.29,142.17,2226884,0.0
2018-11-12,141.79,141.97,139.175,139.44,3530714,0.0
2018-11-13,139.77,140.92,138.82,139.24,2290533,0.0
2018-11-14,140.34,140.571,137.38,138.22,2766049,0.0
2018-11-15,137.55,140.01,136.7,139.78,2618743,0.0
2018-11-16,139.07,140.57,138.8201,140.08,2272315,0.0
2018-11-19,139.83,139.93,137.17,137.65,3481785,0.0
2018-11-20,135.73,136.62,134.6401,135.2,4627286,0.0
2018-11-21,136.0,136.89,135.75,135.86,4151435,0.0
2018-11-23,134.92,135.919,134.73,135.13,1300011,0.0
2018-11-26,136.48,137.28,136.18,137.23,4699685,0.0
2018-11-27,136.65,137.42,136.27,137.4,2860130,0.0
2018-11-28,138.03,140.6,137.42,140.6,6061227,0.0
2018-11-29,140.19,141.16,139.48,140.34,2895020,0.0
2018-11-30,140.24,141.51,140.07,141.35,2142095,0.0
2018-12-03,143.6,144.0,142.03,143.0,3655593,0.0
2018-12-04,142.64,142.82,138.0962,138.33,3917715,0.0
2018-12-06,136.15,138.16,134.35,138.16,6542944,0.0
2018-12-07,137.94,138.87,134.427,134.9,4986861,0.0
2018-12-10,134.81,135.5999,132.4519,135.05,5046755,0.0
2018-12-11,136.86,137.015,134.23,135.02,3459208,0.0
2018-12-12,136.72,137.51,135.75,135.79,3720085,0.0
2018-12-13,136.24,136.69,134.89,135.46,3298447,0.0
2018-12-14,134.26,134.92,132.76,133.12,4503463,0.0
2018-12-17,132.54,133.159,129.47,130.28,7193148,0.0
2018-12-18,131.26,131.7399,129.36,130.24,8065590,0.0
2018-12-19,130.28,132.39,127.3,128.24,8010824,0.0
2018-12-20,127.51,128.38,124.8,126.17,13120150,0.0
2018-12-21,126.51,127.97,123.12,123.49,13605030,0.0
2018-12-24,121.9,122.54,119.67,119.7,14488500,0.0
2018-12-26,120.34,125.52,119.35,125.46,12512320,0.0
2018-12-27,123.76,126.59,121.91,126.59,16128460,0.0
2018-12-28,127.5,128.31,125.73,126.43,11668680,0.0
2018-12-31,127.38,127.73,126.28,127.63,9414804,0.0
2019-01-02,125.75,128.16,125.34,127.73,5093162,0.0
2019-01-03,126.91,126.91,124.57,124.77,5253273,0.0
2019-01-04,126.48,129.37,126.32,128.9,4776991,0.0
2019-01-07,129.19,131.04,128.81,130.2,4485145,0.0
2019-01-08,131.45,131.73,130.05,131.54,3949427,0.0
2019-01-09,132.02,132.67,131.36,132.16,6405370,0.0
2019-01-10,131.44,132.89,131.0,132.81,2685675,0.0
2019-01-11,132.13,132.86,131.85,132.84,3033939,0.0
2019-01-14,131.79,132.49,131.56,132.0,2479452,0.0
2019-01-15,132.19,133.56,132.05,133.44,4542135,0.0
2019-01-16,133.67,134.33,133.61,133.82,2963158,0.0
2019-01-17,133.4,135.3996,133.16,134.9,4401077,0.0
2019-01-18,135.89,136.94,135.45,136.65,4224885,0.0
2019-01-22,135.89,135.92,133.89,134.78,5037882,0.0
2019-01-23,135.38,135.77,133.5959,134.92,3934222,0.0
2019-01-24,134.93,135.47,134.46,135.2,3785480,0.0
2019-01-25,136.23,136.82,136.03,136.47,2987329,0.0
2019-01-28,135.24,135.52,134.48,135.47,4371642,0.0
2019-01-29,135.62,135.87,134.84,135.28,2975051,0.0
2019-01-30,136.15,137.81,135.62,137.32,3060684,0.0
2019-01-31,137.27,138.77,137.24,138.53,3932952,0.0
2019-02-01,138.7,139.2,138.248,138.73,3225350,0.0
2019-02-04,138.76,139.7499,138.36,139.72,4938202,0.0
2019-02-05,139.95,140.45,139.66,140.3,2759102,0.0
2019-02-06,140.15,140.4,139.65,140.16,2945194,0.0
2019-02-07,139.18,139.49,137.12,138.83,5097572,0.0
2019-02-08,138.14,138.99,137.66,138.97,2105845,0.0
2019-02-11,139.4,139.5528,138.89,139.26,2337166,0.0
2019-02-12,140.12,141.1799,140.06,141.0,3312319,0.0
2019-02-13,141.45,141.88,141.14,141.44,2369412,0.0
2019-02-14,140.86,141.81,140.385,141.19,2731593,0.0
2019-02-15,142.16,142.77,141.91,142.74,2537630,0.0
2019-02-19,142.41,143.3899,142.34,143.02,2469874,0.0
2019-02-20,143.05,143.53,142.7376,143.32,2357401,0.0
2019-02-21,143.06,143.14,142.25,142.83,3685264,0.0
2019-02-22,143.2,143.836,143.03,143.77,1838422,0.0
2019-02-25,144.56,144.88,143.9,143.98,3919989,0.0
2019-02-26,143.75,144.23,143.59,143.71,2155194,0.0
2019-02-27,143.39,143.97,142.8814,143.76,2046803,0.0
2019-02-28,143.65,143.9,143.315,143.46,2275205,0.0
2019-03-01,144.38,144.6,143.5,144.42,2985134,0.0
2019-03-04,145.0,145.03,142.42,143.75,3555436,0.0
2019-03-05,143.81,143.8999,143.178,143.48,2838008,0.0
2019-03-06,143.52,143.549,142.2348,142.39,2139572,0.0
2019-03-07,142.16,142.25,140.76,141.28,2851774,0.0
2019-03-08,140.13,141.03,139.92,140.99,2327960,0.0
2019-03-11,141.39,143.11,141.36,143.06,1910401,0.0
2019-03-12,143.33,143.8432,143.23,143.54,1966086,0.0
2019-03-13,143.96,144.95,143.935,144.46,2013751,0.0
2019-03-14,144.46,144.64,144.0542,144.34,1493994,0.0
2019-03-15,144.62,145.48,144.55,145.01,2324306,0.0
2019-03-18,145.1,145.76,144.95,145.55,2489764,0.0
2019-03-19,146.12,146.47,144.99,145.52,6104611,0.0
2019-03-20,145.32,145.99,144.25,144.92,2900905,0.0
2019-03-21,144.48,146.8401,144.36,146.62,2949723,0.0
2019-03-22,145.84,146.07,143.5,143.56,5150985,0.0
2019-03-25,142.58,143.31,141.895,142.69,3676498,0.0
2019-03-26,143.7,144.3799,143.01,143.79,2861396,0.0
2019-03-27,143.84,144.15,142.15,143.13,3402785,0.0
2019-03-28,143.46,143.98,142.83,143.76,2654778,0.0
2019-03-29,144.61,144.785,144.03,144.71,3614659,0.0
2019-04-01,145.76,146.48,145.59,146.39,3666802,0.0
2019-04-02,146.42,146.5,145.87,146.38,4292798,0.0
2019-04-03,147.08,147.34,146.32,146.73,2404449,0.0
2019-04-04,146.84,147.15,146.35,147.04,2248427,0.0
2019-04-05,147.39,147.83,147.26,147.78,1744467,0.0
2019-04-08,147.54,147.93,147.11,147.91,2130517,0.0
2019-04-09,147.32,147.48,146.71,147.02,2150772,0.0
2019-04-10,147.24,147.72,147.0744,147.7,2019021,0.0
2019-04-11,147.94,147.96,147.34,147.69,1794589,0.0
2019-04-12,148.55,148.8,148.13,148.68,2612084,0.0
2019-04-15,148.75,148.8,148.06,148.56,2083038,0.0
2019-04-16,149.0,149.06,148.24,148.6,2953275,0.0
2019-04-17,149.2,149.22,147.77,148.05,2983878,0.0
2019-04-18,148.4,148.4,147.51,148.27,2457090,0.0
2019-04-22,147.95,148.405,147.77,148.31,2148667,0.0
2019-04-23,148.55,149.92,148.45,149.8,2344183,0.0
2019-04-24,149.78,150.05,149.465,149.6,1924756,0.0
2019-04-25,149.54,149.69,148.6,149.35,2428605,0.0
2019-04-26,149.41,150.16,148.985,150.16,2184506,0.0
2019-04-29,150.22,150.69,150.13,150.38,2461877,0.0
2019-04-30,150.28,150.6,149.3032,150.39,2224568,0.0
2019-05-01,150.8,150.87,149.24,149.27,3761540,0.0
2019-05-02,149.15,149.74,148.06,149.02,2537824,0.0
2019-05-03,149.8,150.7,149.7,150.63,2147145,0.0
2019-05-06,148.19,150.34,148.0224,150.15,2635339,0.0
2019-05-07,148.84,149.09,146.43,147.56,4385772,0.0
2019-05-08,147.35,148.2396,147.01,147.32,2492088,0.0
2019-05-09,146.06,147.175,145.0617,146.85,2768002,0.0
2019-05-10,146.33,147.96,144.65,147.53,3175474,0.0
2019-05-13,144.7,145.15,143.25,143.8,4242118,0.0
2019-05-14,144.28,145.91,144.14,145.1,3090493,0.0
2019-05-15,144.23,146.27,144.05,145.96,2072281,0.0
2019-05-16,146.33,148.03,146.29,147.28,2319528,0.0
2019-05-17,146.06,147.635,146.01,146.24,1923948,0.0
2019-05-20,145.26,145.9208,144.78,145.2,1669331,0.0
2019-05-21,146.11,146.81,146.04,146.62,1438804,0.0
2019-05-22,146.06,146.57,145.77,146.09,1539829,0.0
2019-05-23,144.83,144.85,143.3799,144.23,2701356,0.0
2019-05-24,144.96,145.23,144.1565,144.58,1381924,0.0
2019-05-28,144.82,145.275,143.25,143.31,3866068,0.0
2019-05-29,142.62,142.8,141.44,142.33,2955070,0.0
2019-05-30,142.69,143.17,141.95,142.61,2621700,0.0
2019-05-31,141.11,141.59,140.595,140.69,2836563,0.0
2019-06-03,140.69,141.38,139.62,140.41,4765473,0.0
2019-06-04,141.73,143.61,141.4718,143.56,2767665,0.0
2019-06-05,144.39,144.82,143.27,144.66,5059723,0.0
2019-06-06,144.82,145.845,144.35,145.47,2795552,0.0
2019-06-07,146.06,147.45,145.98,146.79,1668251,0.0
2019-06-10,147.73,148.57,147.54,147.61,2260005,0.0
2019-06-11,148.62,148.83,147.08,147.47,1724530,0.0
2019-06-12,147.35,147.64,146.9278,147.27,1729920,0.0
2019-06-13,147.79,148.093,147.43,147.95,1726623,0.0
2019-06-14,147.8,147.99,147.27,147.63,1401000,0.0
2019-06-17,147.28,147.67,147.14,147.19,2506104,0.0
2019-06-18,148.2,149.47,148.07,148.8,2261097,0.0
2019-06-19,148.91,149.49,148.39,149.31,4049930,0.0
2019-06-20,150.73,150.85,149.4467,150.68,2968296,0.0
2019-06-21,150.4,150.9427,150.04,150.7,2414269,0.0
2019-06-24,150.33,150.468,149.71,149.86,1977281,0.0
2019-06-25,149.87,149.9,148.3,148.44,2309499,0.0
2019-06-26,148.86,149.19,148.125,148.16,1904009,0.0
2019-06-27,148.66,149.195,148.56,149.05,2392246,0.0
2019-06-28,149.51,150.17,149.305,150.09,2589603,0.0
2019-07-01,151.85,151.92,150.51,151.15,3968482,0.0
2019-07-02,151.12,151.5,150.66,151.5,2705428,0.0
2019-07-03,151.87,152.66,151.75,152.64,2286751,0.0
2019-07-05,152.01,152.62,151.2599,152.55,2446292,0.0
2019-07-08,151.87,152.03,151.37,151.73,2611289,0.0
2019-07-09,151.02,152.09,151.02,152.0,3177994,0.0
2019-07-10,152.59,153.13,152.12,152.62,1852587,0.0
2019-07-11,152.94,153.03,152.24,152.83,2641034,0.0
2019-07-12,153.1,153.64,152.9899,153.61,1656068,0.0
2019-07-15,153.83,153.83,153.27,153.51,2155042,0.0
2019-07-16,153.5,153.6669,152.95,153.12,1778589,0.0
2019-07-17,153.1,153.17,152.11,152.11,2575536,0.0
2019-07-18,151.87,152.8357,151.5901,152.67,1468557,0.0
2019-07-19,153.21,153.28,151.74,151.8,1487931,0.0
2019-07-22,152.06,152.4,151.755,152.16,1510363,0.0
2019-07-23,152.78,153.2,152.3,153.18,1643752,0.0
2019-07-24,152.76,154.15,152.76,154.12,2169091,0.0
2019-07-25,153.94,153.95,152.8874,153.3,2045988,0.0
2019-07-26,153.65,154.51,153.61,154.41,1721689,0.0
2019-07-29,154.35,154.38,153.63,154.04,1587719,0.0
2019-07-30,153.19,154.0,152.9601,153.89,1970511,0.0
2019-07-31,153.91,154.11,151.07,152.21,2512001,0.0
2019-08-01,152.29,153.85,150.26,150.8,3901538,0.0
2019-08-02,150.3,150.41,148.58,149.58,7062278,0.0
2019-08-05,147.18,147.25,143.87,145.14,5701779,0.0
2019-08-06,146.19,147.08,145.21,147.03,3408406,0.0
2019-08-07,145.3,147.5299,144.18,147.19,3195935,0.0
2019-08-08,147.98,150.02,147.7,149.99,4143169,0.0
2019-08-09,149.56,149.7926,148.02,148.92,2350082,0.0
2019-08-12,148.12,148.26,146.5534,147.08,2610183,0.0
2019-08-13,146.89,150.08,146.5262,149.18,2721561,0.0
2019-08-14,146.95,147.1968,144.78,144.87,3938765,0.0
2019-08-15,145.31,145.6599,144.05,145.14,3592092,0.0
2019-08-16,146.08,147.6,146.0,147.34,3659567,0.0
2019-08-19,149.09,149.48,148.625,149.09,2875419,0.0
2019-08-20,148.81,149.0346,147.9,147.95,1739215,0.0
2019-08-21,149.16,149.4,148.82,149.2,1440705,0.0
2019-08-22,149.61,149.9,148.13,149.07,1730745,0.0
2019-08-23,148.41,149.3,144.64,145.31,3809068,0.0
2019-08-26,146.53,146.88,145.66,146.78,3623623,0.0
2019-08-27,147.64,147.83,145.68,146.1,1986677,0.0
2019-08-28,145.69,147.24,145.3088,147.14,1981150,0.0
2019-08-29,148.59,149.38,148.1,149.09,2576181,0.0
2019-08-30,149.88,149.89,148.44,149.04,2268779,0.0
2019-09-03,147.99,148.55,147.37,148.07,4307855,0.0
2019-09-04,149.3,149.65,148.815,149.65,2071883,0.0
2019-09-05,151.0,152.11,150.75,151.65,2991865,0.0
2019-09-06,151.81,152.06,151.397,151.68,1568717,0.0
2019-09-09,152.22,152.27,151.15,151.77,2575630,0.0
2019-09-10,151.36,151.92,150.63,151.92,3435179,0.0
2019-09-11,152.09,153.17,151.7,153.16,3848134,0.0
2019-09-12,153.63,154.13,153.05,153.62,3486754,0.0
2019-09-13,153.87,154.0801,153.28,153.47,3002677,0.0
2019-09-16,152.22,152.69,152.04,152.46,1690960,0.0
2019-09-17,152.35,152.87,152.0,152.83,2104805,0.0
2019-09-18,152.65,152.84,151.35,152.81,1717104,0.0
2019-09-19,153.13,153.61,152.55,152.71,2063229,0.0
2019-09-20,153.0,153.23,151.6,152.04,2106618,0.0
2019-09-23,151.71,152.455,151.57,152.12,2052005,0.0
2019-09-24,152.6,152.81,150.2,150.71,4236036,0.0
2019-09-25,150.73,151.91,149.92,151.66,6144372,0.0
2019-09-26,151.66,151.66,150.47,151.2,1723819,0.0
2019-09-27,151.64,151.7081,149.44,150.3,1940213,0.0
2019-09-30,150.65,151.37,150.55,151.0,1703267,0.0
2019-10-01,151.5,151.88,148.92,149.03,2823598,0.0
2019-10-02,148.18,148.24,145.82,146.61,3812355,0.0
2019-10-03,146.48,147.8,144.9,147.8,4380756,0.0
2019-10-04,148.36,149.81,148.04,149.73,2510543,0.0
2019-10-07,149.38,150.19,148.89,149.14,2237477,0.0
2019-10-08,148.04,148.3603,146.7107,146.73,2215017,0.0
2019-10-09,147.85,148.59,147.5181,148.08,3295815,0.0
2019-10-10,148.0,149.5,147.9883,149.03,3513663,0.0
2019-10-11,150.51,151.9,150.47,150.63,3378040,0.0
2019-10-14,150.52,150.749,150.25,150.49,1213672,0.0
2019-10-15,151.03,152.33,150.915,151.97,2153431,0.0
2019-10-16,151.64,152.0498,151.37,151.69,1596363,0.0
2019-10-17,152.33,152.6398,151.84,152.19,1640487,0.0
2019-10-18,151.94,152.2,150.9,151.58,1720382,0.0
2019-10-21,152.35,152.69,152.06,152.57,1710244,0.0
2019-10-22,152.93,153.01,152.04,152.11,1713238,0.0
2019-10-23,151.97,152.49,151.77,152.42,1804395,0.0
2019-10-24,153.01,153.08,152.2843,152.84,1582511,0.0
2019-10-25,152.49,153.76,152.42,153.45,2462686,0.0
2019-10-28,154.12,154.66,154.0,154.38,2725834,0.0
2019-10-29,154.23,154.8,154.11,154.35,1561685,0.0
2019-10-30,154.4,154.94,153.64,154.72,2288238,0.0
2019-10-31,154.68,154.68,153.4211,154.18,2224482,0.0
2019-11-01,155.0,155.83,154.92,155.83,2408556,0.0
2019-11-04,156.7,156.77,156.18,156.4,2216474,0.0
2019-11-05,156.6,156.7799,156.07,156.26,2377292,0.0
2019-11-06,156.24,156.3,155.63,156.19,2289486,0.0
2019-11-07,157.0,157.34,156.41,156.72,2407990,0.0
2019-11-08,156.56,157.16,156.08,157.16,2132643,0.0
2019-11-11,156.4,156.93,156.25,156.85,1739304,0.0
2019-11-12,157.03,157.69,156.74,157.12,1731027,0.0
2019-11-13,156.57,157.3887,156.39,157.19,2189706,0.0
2019-11-14,156.99,157.44,156.7199,157.35,2096923,0.0
2019-11-15,158.15,158.55,157.785,158.55,2615456,0.0
2019-11-18,158.42,158.74,158.1201,158.64,3143152,0.0
2019-11-19,159.05,159.15,158.26,158.69,2225393,0.0
2019-11-20,158.32,158.72,157.25,158.19,3336937,0.0
2019-11-21,158.27,158.34,157.44,157.79,2220535,0.0
2019-11-22,158.31,158.34,157.6119,158.14,1886328,0.0
2019-11-25,158.76,159.64,158.6,159.64,2527400,0.0
2019-11-26,159.67,160.06,159.4801,159.98,1885416,0.0
2019-11-27,160.38,160.74,160.02,160.74,2344060,0.0
2019-11-29,160.46,160.5527,159.92,160.02,1170966,0.0
2019-12-02,160.26,160.36,158.445,158.57,3769716,0.0
2019-12-03,157.09,157.71,156.38,157.63,4040566,0.0
2019-12-04,158.29,158.96,158.1,158.65,2132290,0.0
2019-12-05,159.0,159.0,158.175,158.88,1858086,0.0
2019-12-06,159.98,160.5437,159.89,160.29,2021049,0.0
2019-12-09,160.09,160.43,159.75,159.78,1934342,0.0
2019-12-10,159.77,160.0999,159.29,159.64,2150764,0.0
2019-12-11,159.89,160.14,159.57,160.02,1781276,0.0
2019-12-12,160.02,161.78,159.84,161.33,3012892,0.0
2019-12-13,161.25,162.09,160.67,161.33,3023140,0.0
2019-12-16,162.36,162.88,162.22,162.51,2466553,0.0
2019-12-17,162.77,162.86,162.44,162.57,4421574,0.0
2019-12-18,162.83,162.9226,162.26,162.64,2139862,0.0
2019-12-19,162.74,163.35,162.701,163.35,3018818,0.0
2019-12-20,164.0,164.3399,163.8612,164.19,3142931,0.0
2019-12-23,164.56,164.59,164.195,164.29,3823857,0.0
2019-12-24,163.68,163.72,163.25,163.44,1624944,0.0
2019-12-26,163.7,164.23,163.63,164.23,2516180,0.0
2019-12-27,164.61,164.68,163.8,164.08,2356758,0.0
2019-12-30,164.3,164.38,162.91,163.19,4504084,0.0
2019-12-31,163.0,163.76,162.721,163.62,3264485,0.0
2020-01-02,164.68,164.98,163.78,164.98,3291790,0.0
2020-01-03,163.29,164.47,163.01,163.93,3625467,0.0
2020-01-06,162.92,164.52,162.83,164.49,6814345,0.0
2020-01-07,164.27,164.455,163.7811,164.1,2506286,0.0
2020-01-08,164.2,165.545,164.04,164.91,4246165,0.0
2020-01-09,165.81,165.9835,165.3634,165.94,2217027,0.0
2020-01-10,166.26,166.3,165.2,165.46,4023446,0.0
2020-01-13,166.0,166.625,165.52,166.59,3997159,0.0
2020-01-14,166.55,167.1216,166.17,166.5,3062057,0.0
2020-01-15,166.5,167.4,166.42,166.91,2479196,0.0
2020-01-16,167.71,168.37,167.61,168.34,2205567,0.0
2020-01-17,169.01,169.01,168.37,168.76,2272024,0.0
2020-01-21,168.4,168.85,168.17,168.4,3174159,0.0
2020-01-22,168.93,169.32,168.35,168.5,2113594,0.0
2020-01-23,168.11,168.765,167.39,168.69,2370043,0.0
2020-01-24,169.09,169.09,166.325,167.09,3292479,0.0
2020-01-27,164.23,165.32,163.84,164.58,4693039,0.0
2020-01-28,165.33,166.665,165.055,166.17,4010898,0.0
2020-01-29,166.96,166.99,165.92,166.06,1751809,0.0
2020-01-30,165.0,166.61,164.47,166.46,2835853,0.0
2020-01-31,166.16,166.205,163.04,163.52,4525336,0.0
2020-02-03,164.35,165.83,164.31,164.96,2783910,0.0
2020-02-04,166.97,168.02,166.81,167.56,2732900,0.0
2020-02-05,169.13,169.35,168.17,169.21,4133721,0.0
2020-02-06,169.76,169.83,169.1862,169.68,2202679,0.0
2020-02-07,169.05,169.4,168.41,168.71,2579243,0.0
2020-02-10,168.28,169.95,168.26,169.95,2494122,0.0
2020-02-11,170.74,171.25,170.11,170.42,2922085,0.0
2020-02-12,171.24,171.55,170.9112,171.49,2154123,0.0
2020-02-13,170.7,171.93,170.55,171.42,2827640,0.0
2020-02-14,171.6,171.77,170.98,171.7,2527813,0.0
2020-02-18,171.27,171.54,170.53,171.3,2460051,0.0
2020-02-19,171.92,172.5567,171.77,172.17,2488116,0.0
2020-02-20,171.96,172.43,169.9,171.65,7061599,0.0
2020-02-21,170.95,171.03,169.4,169.89,2984389,0.0
2020-02-24,164.5,165.87,163.59,164.3,8710887,0.0
2020-02-25,165.04,165.39,158.77,159.28,10112340,0.0
2020-02-26,160.01,161.81,158.0,158.4,8217060,0.0
2020-02-27,155.04,157.53,151.4,151.46,14384250,0.0
2020-02-28,146.42,150.59,145.3,150.44,22283350,0.0
2020-03-02,151.41,156.82,149.5827,156.67,12071610,0.0
2020-03-03,157.34,159.2995,151.08,152.63,8623081,0.0
2020-03-04,155.52,158.75,154.05,158.73,5226594,0.0
2020-03-05,154.81,156.36,152.11,153.44,5343365,0.0
2020-03-06,148.98,151.3396,147.12,150.59,9947744,0.0
2020-03-09,140.0,143.63,138.24,138.5,18537131,0.0
2020-03-10,144.35,145.41,137.9,145.37,11693320,0.0
2020-03-11,141.45,142.2,136.3,138.01,10797620,0.0
2020-03-12,129.18,133.67,124.41,124.59,20969500,0.0
2020-03-13,132.0,135.93,125.0,135.93,15351610,0.0
2020-03-16,121.06,127.99,120.0,120.46,14652950,0.0
2020-03-17,122.21,127.37,118.0,126.5,16645840,0.0
2020-03-18,118.5,122.36,113.0,119.21,15388040,0.0
2020-03-19,117.41,122.8,114.59,120.09,11083540,0.0
2020-03-20,121.15,122.6621,114.8,115.19,12264890,0.0
2020-03-23,113.65,114.9,109.49,111.91,16442961,0.0
2020-03-24,117.63,122.58,117.0,122.53,10986940,0.0
2020-03-25,123.54,129.0303,120.59,124.22,14428140,0.0
2020-03-26,124.84,131.63,124.66,131.11,10549130,0.0
2020-03-27,127.12,130.51,125.51,126.93,9731535,0.0
2020-03-30,127.78,131.17,126.635,130.78,10416330,0.0
2020-03-31,130.97,131.61,128.0162,128.91,8664872,0.0
2020-04-01,124.13,125.62,121.77,122.96,7911466,0.0
2020-04-02,122.38,126.13,122.0204,125.52,6244306,0.0
2020-04-03,124.85,126.04,121.8602,123.38,6584392,0.0
2020-04-06,128.43,132.8,127.78,132.01,9353290,0.0
2020-04-07,137.02,137.28,132.08,132.16,10469910,0.0
2020-04-08,133.73,137.45,132.42,136.8,6610419,0.0
2020-04-09,138.92,140.7801,137.805,139.36,9315671,0.0
2020-04-13,138.75,140.06,135.6322,137.7,7291608,0.0
2020-04-14,140.59,142.21,139.97,141.88,5609276,0.0
2020-04-15,138.74,139.49,137.43,138.55,5164079,0.0
2020-04-16,139.27,139.55,137.43,139.2,5301218,0.0
2020-04-17,142.71,143.48,141.08,143.14,6411164,0.0
2020-04-20,141.0,143.05,140.51,140.82,5413970,0.0
2020-04-21,138.1,138.98,135.8669,136.45,6367548,0.0
2020-04-22,139.26,140.3,138.3615,139.53,6342857,0.0
2020-04-23,140.22,141.98,139.44,139.55,6198326,0.0
2020-04-24,140.5,141.97,139.265,141.63,4407501,0.0
2020-04-27,142.65,144.66,141.0,144.14,4968198,0.0
2020-04-28,146.17,146.48,143.37,143.69,3594939,0.0
2020-04-29,146.81,148.54,146.03,147.76,4990906,0.0
2020-04-30,146.78,147.05,145.12,145.84,4228764,0.0
2020-05-01,143.12,143.6,139.8,141.81,4232478,0.0
2020-05-04,140.67,142.45,139.91,142.35,4741199,0.0
2020-05-05,144.08,145.34,143.46,143.67,3665891,0.0
2020-05-06,144.61,144.87,142.7,142.88,3927285,0.0
2020-05-07,144.7,145.76,144.4,144.75,3798011,0.0
2020-05-08,146.45,147.63,145.88,147.47,4251204,0.0
2020-05-11,146.22,148.21,146.03,147.49,4240948,0.0
2020-05-12,148.08,148.31,144.195,144.35,4864369,0.0
2020-05-13,143.9,144.31,140.02,141.45,5862103,0.0
2020-05-14,139.85,143.09,138.3668,142.97,7561043,0.0
2020-05-15,141.77,143.86,141.19,143.83,3845700,0.0
2020-05-18,147.53,149.41,147.25,148.6,4558802,0.0
2020-05-19,148.36,149.2999,147.02,147.02,3180859,0.0
2020-05-20,149.17,150.19,148.9101,149.74,3893993,0.0
2020-05-21,149.6,150.13,148.02,148.84,3419215,0.0
2020-05-22,148.76,149.28,147.97,149.26,3003046,0.0
2020-05-26,152.84,152.89,151.11,151.34,4197924,0.0
2020-05-27,153.0,153.73,150.02,153.73,5077748,0.0
2020-05-28,154.41,155.19,152.73,153.2,4602622,0.0
2020-05-29,152.8,154.13,151.41,153.71,4777117,0.0
2020-06-01,153.62,155.09,153.27,154.75,3482872,0.0
2020-06-02,155.2,156.0,154.43,155.92,4157219,0.0
2020-06-03,157.2,158.8,157.01,158.35,9496421,0.0
2020-06-04,157.71,158.65,156.62,157.85,5629234,0.0
2020-06-05,161.4,163.08,161.0,161.9,4373362,0.0
2020-06-08,162.9,164.2,162.32,164.1,5851275,0.0
2020-06-09,162.65,163.48,161.88,162.6,3200448,0.0
2020-06-10,162.81,163.25,161.01,161.39,4292883,0.0
2020-06-11,156.91,157.7,151.63,151.87,12504610,0.0
2020-06-12,156.49,156.49,150.83,153.97,6882084,0.0
2020-06-15,150.56,156.16,149.85,155.62,4860192,0.0
2020-06-16,160.12,160.12,155.91,158.61,4583642,0.0
2020-06-17,159.14,159.21,157.41,157.84,3702208,0.0
2020-06-18,156.94,158.3,156.43,157.97,2797839,0.0
2020-06-19,159.86,159.88,156.29,157.08,3824932,0.0
2020-06-22,156.95,158.3,156.05,158.17,2561275,0.0
2020-06-23,159.63,159.98,158.55,158.79,2555142,0.0
2020-06-24,157.63,157.9058,153.41,154.48,3729120,0.0
2020-06-25,153.43,155.77,152.41,155.64,4029197,0.0
2020-06-26,154.98,155.1699,151.73,152.02,3508478,0.0
2020-06-29,152.7,154.28,151.35,154.25,3161581,0.0
2020-06-30,154.48,157.22,154.07,156.53,4317415,0.0
2020-07-01,156.9,158.04,156.61,157.44,3640948,0.0
2020-07-02,159.3,160.07,157.86,158.07,3181623,0.0
2020-07-06,160.5,161.03,159.86,160.56,3307610,0.0
2020-07-07,159.79,160.88,158.73,158.93,2357415,0.0
2020-07-08,159.31,160.28,158.37,160.23,2435084,0.0
2020-07-09,160.56,160.7,157.28,159.24,2465192,0.0
2020-07-10,159.17,161.01,158.428,160.95,2391827,0.0
2020-07-13,162.08,163.55,158.88,159.21,4694747,0.0
2020-07-14,158.5,161.415,157.74,161.3,3221331,0.0
2020-07-15,163.33,163.639,161.67,163.3,3747849,0.0
2020-07-16,162.16,162.8,161.68,162.57,2190948,0.0
2020-07-17,163.09,163.51,162.07,163.19,2141341,0.0
2020-07-20,163.02,164.86,162.6,164.44,3113424,0.0
2020-07-21,165.64,165.9,164.37,164.91,2347469,0.0
2020-07-22,164.59,165.94,164.59,165.77,2723157,0.0
2020-07-23,165.61,166.2,163.08,163.96,3114881,0.0
2020-07-24,162.83,163.4,161.9,162.69,2360911,0.0
2020-07-27,163.06,164.1,162.625,164.09,2423544,0.0
2020-07-28,163.62,164.23,162.78,162.89,1904878,0.0
2020-07-29,163.46,165.431,163.46,165.05,2153251,0.0
2020-07-30,163.44,164.87,162.41,164.68,2473306,0.0
2020-07-31,165.54,165.62,162.96,165.52,3159796,0.0
2020-08-03,166.47,167.3,166.1546,166.96,4341959,0.0
2020-08-04,166.61,167.62,166.53,167.62,2811708,0.0
2020-08-05,168.48,168.915,168.3,168.84,2683234,0.0
2020-08-06,168.62,169.775,168.275,169.66,2150856,0.0
2020-08-07,169.22,169.95,168.6,169.8,2194155,0.0
2020-08-10,170.03,170.3899,169.05,170.27,2496692,0.0
2020-08-11,171.0,171.33,168.48,168.9,3124986,0.0
2020-08-12,170.37,171.519,170.34,171.16,3365388,0.0
2020-08-13,170.79,171.75,170.4826,171.03,2247211,0.0
2020-08-14,170.72,171.295,170.38,170.98,2214103,0.0
2020-08-17,171.43,171.86,171.385,171.71,3422471,0.0
2020-08-18,172.0,172.27,170.98,171.97,3551481,0.0
2020-08-19,172.17,172.5,170.99,171.3,2290966,0.0
2020-08-20,170.26,172.06,170.1877,171.79,2184395,0.0
2020-08-21,171.54,172.3,171.41,172.22,2284651,0.0
2020-08-24,173.51,173.87,172.87,173.87,2467515,0.0
2020-08-25,174.22,174.47,173.42,174.45,5162842,0.0
2020-08-26,174.73,176.175,174.48,176.03,2441127,0.0
2020-08-27,176.52,177.2904,175.53,176.45,3435348,0.0
2020-08-28,177.18,177.71,176.535,177.68,4163149,0.0
2020-08-31,177.66,178.14,176.95,177.28,3189611,0.0
2020-09-01,177.69,178.99,177.165,178.85,2881475,0.0
2020-09-02,180.0,181.67,179.01,181.24,4021944,0.0
2020-09-03,180.0,180.49,173.51,174.94,5341383,0.0
2020-09-04,175.34,176.14,169.2,173.45,4380331,0.0
2020-09-08,170.3,171.04,168.3554,168.58,3976020,0.0
2020-09-09,170.83,173.1434,170.33,171.88,4290412,0.0
2020-09-10,173.06,173.49,168.6,169.06,3507705,0.0
2020-09-11,170.24,170.555,167.5,169.12,3407741,0.0
2020-09-14,171.0,172.37,170.6,171.76,3080821,0.0
2020-09-15,173.2,173.639,172.1103,172.74,2129969,0.0
2020-09-16,173.46,174.38,172.07,172.17,2827182,0.0
2020-09-17,169.56,171.54,169.22,170.75,2780795,0.0
2020-09-18,171.21,171.21,167.53,169.09,3178029,0.0
2020-09-21,166.47,167.06,164.27,167.05,4175277,0.0
2020-09-22,167.76,168.925,166.37,168.71,2090853,0.0
2020-09-23,169.0,169.13,164.35,164.64,2071393,0.0
2020-09-24,163.92,166.69,162.85,164.99,3792190,0.0
2020-09-25,163.78,167.44,163.53,166.96,2985978,0.0
2020-09-28,169.32,170.3,168.8902,169.99,3291301,0.0
2020-09-29,169.84,170.229,168.69,169.04,2121389,0.0
2020-09-30,169.51,171.9679,169.25,170.31,4786367,0.0
2020-10-01,171.72,172.25,170.61,171.73,3234067,0.0
2020-10-02,168.65,171.3073,168.23,170.39,2325608,0.0
2020-10-05,171.61,173.53,171.33,173.46,2574200,0.0
2020-10-06,173.73,174.98,171.01,171.32,2803289,0.0
2020-10-07,172.99,174.729,172.94,174.31,1952662,0.0
2020-10-08,175.53,175.89,174.88,175.84,2335209,0.0
2020-10-09,176.9,177.6344,176.44,177.32,2489202,0.0
2020-10-12,178.65,180.64,178.4125,179.95,2895762,0.0
2020-10-13,179.67,179.82,178.4344,179.0,2448959,0.0
2020-10-14,179.2,179.9226,177.49,177.81,2155683,0.0
2020-10-15,175.61,178.07,175.1601,177.87,2865532,0.0
2020-10-16,178.48,179.31,177.55,177.55,1910310,0.0
2020-10-19,178.31,179.25,174.62,175.01,2713762,0.0
2020-10-20,175.9,177.36,175.2401,175.62,2625933,0.0
2020-10-21,175.66,176.715,175.02,175.02,3237196,0.0
2020-10-22,175.33,176.56,174.12,176.26,3763545,0.0
2020-10-23,176.81,176.95,175.46,176.84,2412692,0.0
2020-10-26,175.04,175.49,171.6,173.63,3873585,0.0
2020-10-27,173.83,174.02,172.82,172.93,2525159,0.0
2020-10-28,169.9,170.23,167.01,167.2,4617505,0.0
2020-10-29,167.5,170.47,166.5,168.78,3101045,0.0
2020-10-30,167.89,168.75,165.02,166.99,3991637,0.0
2020-11-02,168.79,169.805,167.16,168.73,3741619,0.0
2020-11-03,170.7,172.96,170.34,171.97,4095960,0.0
2020-11-04,174.16,177.85,173.69,175.72,3632104,0.0
2020-11-05,178.67,180.0804,178.41,179.35,3678118,0.0
2020-11-06,179.18,179.8,178.08,179.26,3222208,0.0
2020-11-09,187.52,187.52,181.12,181.39,5549833,0.0
2020-11-10,181.01,181.69,179.09,181.09,5609359,0.0
2020-11-11,182.43,182.8966,181.59,182.56,2878914,0.0
2020-11-12,181.95,182.4044,179.7,180.76,3325799,0.0
2020-11-13,181.88,183.64,181.58,183.32,4771512,0.0
2020-11-16,185.54,185.61,184.0901,185.56,6191442,0.0
2020-11-17,184.76,185.69,183.61,185.14,5733468,0.0
2020-11-18,185.45,185.75,183.17,183.18,3281905,0.0
2020-11-19,183.0,184.35,182.21,184.2,3038547,0.0
2020-11-20,184.17,184.17,183.16,183.23,2785776,0.0
2020-11-23,184.29,185.2,183.365,184.73,4390904,0.0
2020-11-24,186.29,187.82,185.6,187.59,5381856,0.0
2020-11-25,187.45,187.68,186.57,187.52,3459403,0.0
2020-11-27,188.13,188.37,187.68,188.18,1742522,0.0
2020-11-30,188.06,188.13,185.54,186.7,3721753,0.0
2020-12-01,189.17,189.8,188.65,189.07,3868707,0.0
2020-12-02,188.44,189.29,187.8,189.23,3831384,0.0
2020-12-03,189.32,190.3,189.02,189.61,4408618,0.0
2020-12-04,190.0,191.51,189.99,191.51,4401562,0.0
2020-12-07,191.3,191.5,190.62,191.3,4319741,0.0
2020-12-08,190.64,192.39,190.6,192.13,3448990,0.0
2020-12-09,192.54,192.64,189.51,190.24,4470461,0.0
2020-12-10,189.33,190.91,188.71,190.52,3223497,0.0
2020-12-11,189.56,190.37,188.6,190.18,3463002,0.0
2020-12-14,191.69,192.19,189.58,189.64,3530473,0.0
2020-12-15,191.19,192.27,190.375,192.24,3229233,0.0
2020-12-16,192.47,192.99,191.89,192.51,2983891,0.0
2020-12-17,193.42,194.02,193.21,194.02,4132796,0.0
2020-12-18,194.38,194.47,192.21,193.47,4542076,0.0
2020-12-21,191.6,193.35,189.82,192.91,5011894,0.0
2020-12-22,193.31,193.4798,192.21,192.95,4338732,0.0
2020-12-23,193.65,194.215,193.16,193.28,3451397,0.0
2020-12-24,192.88,193.0,192.24,192.82,1744035,0.0
2020-12-28,194.59,194.6,193.8,194.04,3780480,0.0
2020-12-29,194.86,194.95,192.82,193.23,4606179,0.0
2020-12-30,193.9,194.3755,193.605,193.75,4314032,0.0
2020-12-31,193.75,194.87,193.25,194.64,3746410,0.0
2021-01-04,195.39,195.43,189.76,191.87,8825771,0.0
2021-01-05,191.49,193.95,191.42,193.42,3893996,0.0
2021-01-06,192.5,196.89,192.46,195.16,6175661,0.0
2021-01-07,196.42,198.62,196.4,198.29,4830893,0.0
2021-01-08,199.14,199.46,196.98,199.25,7538654,0.0
2021-01-11,197.42,199.06,197.22,198.06,3860661,0.0
2021-01-12,198.37,198.99,197.34,198.76,3874058,0.0
2021-01-13,198.73,199.5789,198.05,198.98,3465834,0.0
2021-01-14,199.55,200.03,198.515,198.79,4288989,0.0
2021-01-15,197.96,198.25,195.975,197.06,3444835,0.0
2021-01-19,198.66,199.04,197.83,198.86,4153749,0.0
2021-01-20,200.08,201.76,199.97,201.37,5224929,0.0
2021-01-21,201.85,202.0,200.7761,201.22,2966755,0.0
2021-01-22,200.255,201.31,199.955,200.89,3045862,0.0
2021-01-25,201.27,201.949,198.35,201.46,5323420,0.0
2021-01-26,201.89,202.34,200.68,200.73,4046934,0.0
2021-01-27,199.05,199.08,194.65,195.91,6727727,0.0
2021-01-28,196.84,199.68,196.74,197.45,5310074,0.0
2021-01-29,196.74,197.2515,192.82,193.99,8315713,0.0
2021-02-01,195.88,197.7295,194.53,197.3,3900677,0.0
2021-02-02,199.2,200.955,199.05,200.13,3278672,0.0
2021-02-03,200.82,201.26,199.59,200.43,2905649,0.0
2021-02-04,201.16,202.97,201.03,202.97,2746438,0.0
2021-02-05,204.12,204.29,203.16,204.11,3127208,0.0
2021-02-08,205.19,205.98,204.78,205.94,3676683,0.0
2021-02-09,205.6,206.45,205.25,206.02,3384784,0.0
2021-02-10,207.07,207.22,204.45,205.93,3682381,0.0
2021-02-11,206.7,206.94,204.82,206.42,2630148,0.0
2021-02-12,205.89,207.51,205.8015,207.49,2416655,0.0
2021-02-16,208.31,208.39,206.52,207.12,4955666,0.0
2021-02-17,206.02,206.9,205.04,206.69,4537658,0.0
2021-02-18,205.23,206.09,204.01,205.5,3659561,0.0
2021-02-19,206.43,207.03,205.65,205.97,4921781,0.0
2021-02-22,204.72,205.53,203.91,204.01,4400344,0.0
2021-02-23,202.55,204.68,199.36,203.98,5708246,0.0
2021-02-24,203.6,206.48,202.775,206.27,3722779,0.0
2021-02-25,205.74,206.378,200.0,200.88,7581118,0.0
2021-02-26,201.99,202.69,198.55,200.08,6324563,0.0
2021-03-01,203.15,205.845,203.065,205.22,4696793,0.0
2021-03-02,205.5,205.55,203.17,203.29,4858986,0.0
2021-03-03,203.22,203.54,200.18,200.36,4333981,0.0
2021-03-04,200.04,201.2412,194.52,197.19,7198829,0.0
2021-03-05,199.37,201.21,194.11,200.75,6614765,0.0
2021-03-08,201.44,202.89,199.57,199.77,4281410,0.0
2021-03-09,202.23,204.345,201.71,202.87,4116133,0.0
2021-03-10,204.55,205.27,203.61,204.32,4133772,0.0
2021-03-11,206.08,207.828,205.705,206.99,4102705,0.0
2021-03-12,206.16,207.46,205.55,207.4,4068984,0.0
2021-03-15,207.73,208.9,206.39,208.85,3452054,0.0
2021-03-16,209.14,209.3,207.36,208.01,4599911,0.0
2021-03-17,207.31,209.29,206.36,208.8,3347022,0.0
2021-03-18,207.45,208.44,204.77,205.0,3647862,0.0
2021-03-19,205.14,206.15,203.5703,205.26,3870950,0.0
2021-03-22,205.88,207.26,205.38,206.37,3603913,0.0
2021-03-23,206.19,206.44,203.64,204.02,4764821,0.0
2021-03-24,205.17,205.85,202.33,202.33,4014518,0.0
2021-03-25,200.92,203.66,199.5,203.15,4976764,0.0
2021-03-26,204.11,206.64,203.24,206.47,3554937,0.0
2021-03-29,205.59,206.36,204.24,205.5,4562917,0.0
2021-03-30,205.17,205.89,204.29,205.44,3960465,0.0
2021-03-31,206.05,207.615,206.0,206.69,5494825,0.0
2021-04-01,207.99,209.3,207.56,209.28,4543279,0.0
2021-04-05,210.85,211.96,210.56,211.72,5941387,0.0
2021-04-06,211.69,212.485,211.41,211.8,4029868,0.0
2021-04-07,211.79,212.12,211.09,211.62,3299436,0.0
2021-04-08,212.54,212.85,211.77,212.85,3628920,0.0
2021-04-09,212.85,214.25,212.62,214.14,3559090,0.0
2021-04-12,214.06,214.365,213.3306,214.2,3882769,0.0
2021-04-13,214.36,215.28,214.0,214.8,4056878,0.0
2021-04-14,215.06,215.87,214.035,214.32,3765609,0.0
2021-04-15,215.73,216.67,215.46,216.6,5439597,0.0
2021-04-16,217.46,217.473,216.32,217.15,4306032,0.0
2021-04-19,216.73,216.91,215.0,215.73,3986856,0.0
2021-04-20,215.22,215.54,212.92,213.75,5210303,0.0
2021-04-21,213.65,216.325,213.2529,216.3,3167862,0.0
2021-04-22,216.45,217.04,213.8801,214.61,4394838,0.0
2021-04-23,215.08,217.865,214.965,217.21,4377383,0.0
2021-04-26,217.74,218.27,217.45,218.0,3202476,0.0
2021-04-27,218.3,218.325,217.35,217.9,2669993,0.0
2021-04-28,218.07,218.64,217.621,217.87,2603909,0.0
2021-04-29,219.6,219.65,216.94,218.7,4178773,0.0
2021-04-30,217.51,218.17,216.75,217.1,3256608,0.0
2021-05-03,218.57,218.57,217.3,217.48,3846346,0.0
2021-05-04,216.48,216.54,213.81,215.85,4899970,0.0
2021-05-05,216.94,216.95,215.28,215.81,3130680,0.0
2021-05-06,215.78,216.95,214.08,216.91,4131239,0.0
2021-05-07,217.4,218.99,217.1,218.75,3868069,0.0
2021-05-10,218.89,218.8999,216.05,216.18,4443785,0.0
2021-05-11,213.29,214.91,212.02,214.44,5959913,0.0
2021-05-12,212.94,213.63,209.21,209.61,5788414,0.0
2021-05-13,210.38,212.92,210.33,211.92,4972257,0.0
2021-05-14,213.55,215.96,213.5,215.54,4292564,0.0
2021-05-17,214.9,215.3794,213.74,215.08,4062592,0.0
2021-05-18,215.25,215.63,213.34,213.4,3173141,0.0
2021-05-19,210.57,212.78,209.75,212.78,6014965,0.0
2021-05-20,213.21,215.655,213.18,215.09,3478339,0.0
2021-05-21,216.08,216.738,214.71,214.97,3623280,0.0
2021-05-24,216.24,217.7,215.92,217.14,2873655,0.0
2021-05-25,217.84,218.02,216.2,216.54,3700639,0.0
2021-05-26,216.98,217.555,216.482,217.32,3258066,0.0
2021-05-27,218.0,218.24,217.59,217.72,2617247,0.0
2021-05-28,218.6,218.73,218.025,218.09,2639652,0.0
2021-06-01,219.53,219.53,217.81,218.18,3805673,0.0
2021-06-02,218.62,218.82,217.89,218.47,3599636,0.0
2021-06-03,217.3,218.05,216.08,217.5,2967036,0.0
2021-06-04,218.57,219.4791,218.46,219.39,2287141,0.0
2021-06-07,219.55,219.68,219.03,219.57,2762826,0.0
2021-06-08,220.03,220.2757,218.66,220.02,2831662,0.0
2021-06-09,220.41,220.5,219.35,219.4,2688611,0.0
2021-06-10,220.21,220.9,219.19,220.37,2936714,0.0
2021-06-11,220.78,221.02,220.125,221.02,2837163,0.0
2021-06-14,221.2,221.39,220.38,221.36,3189351,0.0
2021-06-15,221.49,221.53,220.1695,220.78,3094036,0.0
2021-06-16,220.97,220.97,218.3809,219.68,3459612,0.0
2021-06-17,219.44,220.0591,217.95,219.47,3002892,0.0
2021-06-18,217.99,218.15,216.53,216.75,4538330,0.0
2021-06-21,217.67,219.795,217.08,219.74,3870334,0.0
2021-06-22,219.85,221.35,219.18,220.99,2684282,0.0
2021-06-23,221.1,221.59,220.8101,220.9,2662360,0.0
2021-06-24,221.51,221.87,221.29,221.72,2931620,0.0
2021-06-25,222.26,222.7,221.91,222.55,2801325,0.0
2021-06-28,222.99,222.99,221.8601,222.8,3094871,0.0
2021-06-29,223.31,223.4,222.47,222.81,4068267,0.0
2021-06-30,222.69,223.1453,222.46,222.82,3041724,0.0
2021-07-01,223.4,224.0596,223.1,224.03,3835965,0.0
2021-07-02,224.71,225.41,224.3101,225.27,3026358,0.0
2021-07-06,225.38,225.52,223.163,224.78,4147184,0.0
2021-07-07,225.08,225.36,223.52,225.08,4042470,0.0
2021-07-08,221.93,223.7196,221.14,223.18,4486390,0.0
2021-07-09,224.16,225.98,224.02,225.88,3886588,0.0
2021-07-12,225.95,226.61,225.47,226.51,3294631,0.0
2021-07-13,226.1,226.52,225.12,225.25,4668405,0.0
2021-07-14,226.27,226.455,224.42,224.94,2830171,0.0
2021-07-15,224.45,224.76,222.86,224.15,3276480,0.0
2021-07-16,225.0,225.0,222.19,222.39,3203304,0.0
2021-07-19,219.81,219.81,217.822,219.23,6966215,0.0
2021-07-20,219.95,223.71,219.385,223.02,5362926,0.0
2021-07-21,223.75,225.02,223.55,225.02,2542533,0.0
2021-07-22,225.2,225.35,224.18,225.21,2236248,0.0
2021-07-23,226.25,227.61,225.83,227.46,2982715,0.0
2021-07-26,227.25,227.92,227.13,227.92,2849851,0.0
2021-07-27,227.38,227.4301,224.98,226.69,4169619,0.0
2021-07-28,227.12,227.81,226.1881,227.04,3306665,0.0
2021-07-29,227.58,228.75,227.58,228.04,2960948,0.0
2021-07-30,226.57,227.9195,226.4,226.69,2846768,0.0
2021-08-02,227.85,228.1,226.1916,226.37,3558108,0.0
2021-08-03,226.83,228.0,225.28,227.99,3245391,0.0
2021-08-04,227.19,227.69,226.75,226.97,3374500,0.0
2021-08-05,227.52,228.595,227.24,228.59,2461933,0.0
2021-08-06,228.93,229.31,228.39,228.87,2343355,0.0
2021-08-09,228.86,229.04,228.02,228.78,3295454,0.0
2021-08-10,229.0,229.3099,228.51,228.93,2946671,0.0
2021-08-11,229.44,229.49,228.41,229.38,3051428,0.0
2021-08-12,229.35,230.02,228.77,230.02,2747173,0.0
2021-08-13,230.23,230.25,229.76,230.15,2515966,0.0
2021-08-16,229.48,230.245,228.28,230.24,3195416,0.0
2021-08-17,228.72,229.04,226.78,228.53,3735148,0.0
2021-08-18,228.11,228.825,226.06,226.25,3194088,0.0
2021-08-19,224.72,226.82,224.4,226.08,3964540,0.0
2021-08-20,226.32,228.185,226.02,228.11,2655130,0.0
2021-08-23,229.07,230.74,228.78,230.32,3180576,0.0
2021-08-24,230.86,231.41,230.67,231.14,2772623,0.0
2021-08-25,231.39,232.02,230.98,231.8,2896979,0.0
2021-08-26,231.62,231.789,230.16,230.25,3351951,0.0
2021-08-27,230.8,232.935,230.674,232.73,3749765,0.0
2021-08-30,233.22,233.965,232.8,233.61,3193974,0.0
2021-08-31,233.56,233.63,232.77,233.17,3099418,0.0
2021-09-01,233.82,234.21,233.25,233.58,3533123,0.0
2021-09-02,234.31,234.65,233.68,234.37,3275088,0.0
2021-09-03,234.0,234.5,233.63,234.29,2484310,0.0
2021-09-07,234.29,234.2999,233.02,233.28,3258393,0.0
2021-09-08,233.01,233.26,231.59,232.73,3027557,0.0
2021-09-09,232.67,233.65,231.75,231.92,3265898,0.0
2021-09-10,233.03,233.19,229.96,230.08,3385627,0.0
2021-09-13,231.51,231.7353,229.33,230.6,3312726,0.0
2021-09-14,231.41,231.49,228.6201,229.21,3158875,0.0
2021-09-15,229.42,231.34,228.715,231.1,2598871,0.0
2021-09-16,230.94,231.52,229.3,230.89,2537174,0.0
2021-09-17,230.54,230.83,228.65,229.04,3078186,0.0
2021-09-20,225.51,226.308,222.31,225.07,7749278,0.0
2021-09-21,226.51,227.03,224.4619,225.05,4564393,0.0
2021-09-22,226.33,228.43,225.83,227.32,4187319,0.0
2021-09-23,228.44,230.945,228.05,230.09,3778143,0.0
2021-09-24,228.55,229.945,228.1921,229.64,3122838,0.0
2021-09-27,229.16,229.87,228.51,229.14,2856698,0.0
2021-09-28,227.65,227.79,224.05,224.34,5078645,0.0
2021-09-29,225.22,225.99,224.28,224.49,4585452,0.0
2021-09-30,225.35,228.4,221.94,222.06,5084013,0.0
2021-10-01,223.1,225.63,221.02,225.12,5148618,0.0
2021-10-04,224.24,224.4,220.5417,221.73,4983982,0.0
2021-10-05,222.43,224.985,222.1,223.8,3568211,0.0
2021-10-06,221.89,224.81,220.98,224.73,3076020,0.0
2021-10-07,226.5,228.36,226.11,226.89,3081323,0.0
2021-10-08,227.4,227.5516,226.02,226.39,1922568,0.0
2021-10-11,226.07,227.59,224.68,224.76,2354945,0.0
2021-10-12,225.31,225.7,224.16,224.6,2898446,0.0
2021-10-13,225.17,226.03,223.65,225.62,3179840,0.0
2021-10-14,227.71,229.43,227.5,229.37,2689701,0.0
2021-10-15,230.69,231.16,230.27,230.73,2718071,0.0
2021-10-18,230.07,231.66,229.45,231.57,3078252,0.0
2021-10-19,232.5,233.28,232.11,233.26,2683112,0.0
2021-10-20,233.55,234.349,233.39,234.17,2838391,0.0
2021-10-21,233.91,234.95,233.6714,234.81,2839751,0.0
2021-10-22,234.6,235.31,233.315,234.36,2144779,0.0
2021-10-25,235.07,235.96,234.1,235.8,2170066,0.0
2021-10-26,236.65,237.19,235.46,235.71,2759904,0.0
2021-10-27,236.05,236.08,233.99,234.1,3409633,0.0
2021-10-28,234.94,236.6,234.7819,236.6,2104898,0.0
2021-10-29,235.48,237.13,235.37,236.91,3565904,0.0
2021-11-01,237.75,238.12,236.72,238.09,3967507,0.0
2021-11-02,238.32,238.93,237.91,238.83,4005140,0.0
2021-11-03,238.69,240.73,238.295,240.52,3704418,0.0
2021-11-04,241.03,241.801,240.53,241.43,3557018,0.0
2021-11-05,242.75,243.51,241.39,242.36,3919399,0.0
2021-11-08,243.17,243.56,242.43,242.76,3401397,0.0
2021-11-09,243.04,243.14,241.19,242.06,2764135,0.0
2021-11-10,241.14,241.96,238.73,239.68,3356536,0.0
2021-11-11,240.67,240.758,239.955,239.97,2277075,0.0
2021-11-12,240.64,242.04,240.212,241.75,2419879,0.0
2021-11-15,242.44,242.67,241.14,241.75,3630715,0.0
2021-11-16,241.66,243.33,241.41,242.79,2947360,0.0
2021-11-17,242.6,242.6,241.43,241.79,2809299,0.0
2021-11-18,242.3,242.44,240.52,242.17,3508794,0.0
2021-11-19,242.09,242.62,241.3302,241.48,3354681,0.0
2021-11-22,242.34,243.6,240.25,240.32,3903603,0.0
2021-11-23,240.1,241.1,238.2364,240.4,3827112,0.0
2021-11-24,239.14,241.21,238.6251,241.21,2195423,0.0
2021-11-26,237.24,238.1,234.94,235.99,5730319,0.0
2021-11-29,238.48,239.28,236.52,238.21,4789187,0.0
2021-11-30,236.99,237.73,233.1,233.45,7231373,0.0
2021-12-01,236.41,237.8673,229.88,230.16,5280502,0.0
2021-12-02,230.21,234.68,230.09,233.9,4257385,0.0
2021-12-03,234.83,235.27,229.02,231.19,5821948,0.0
2021-12-06,232.61,235.18,230.95,234.16,4210580,0.0
2021-12-07,237.56,239.7,237.34,239.17,4284716,0.0
2021-12-08,239.57,240.38,238.64,240.2,3417403,0.0
2021-12-09,239.52,239.9,237.782,237.91,2853758,0.0
2021-12-10,239.42,239.87,237.57,239.53,2610844,0.0
2021-12-13,239.5,239.6,237.135,237.35,5839127,0.0
2021-12-14,235.45,236.86,234.05,235.57,3360383,0.0
2021-12-15,235.56,239.248,233.85,239.2,3720706,0.0
2021-12-16,240.29,240.4865,235.66,236.52,3876065,0.0
2021-12-17,235.0,237.16,233.34,235.44,4453956,0.0
2021-12-20,232.1,232.35,230.07,232.13,5839757,0.0
2021-12-21,234.19,236.84,233.22,236.68,4158836,0.0
2021-12-22,236.63,239.1,236.5501,239.02,3202945,0.0
2021-12-23,239.87,241.355,239.5,240.67,2925146,0.0
2021-12-27,240.48,242.96,240.34,242.96,4395779,0.0
2021-12-28,243.06,243.78,242.042,242.46,3962146,0.0
2021-12-29,242.55,243.16,241.71,242.6,3044289,0.0
2021-12-30,243.11,243.69,242.0,242.21,4501528,0.0
2021-12-31,242.09,242.6926,241.44,241.44,3499916,0.0
2022-01-03,242.42,242.97,240.8576,242.97,4204016,0.0
2022-01-04,243.73,244.058,241.35,242.51,4216978,0.0
2022-01-05,242.08,242.66,237.2048,237.25,4878333,0.0
2022-01-06,237.2,238.7744,235.5423,237.19,4519248,0.0
2022-01-07,237.19,238.07,235.32,236.11,3580217,0.0
2022-01-10,234.21,235.84,230.97,235.7,5819550,0.0
2022-01-11,235.71,238.11,234.09,238.05,3524791,0.0
2022-01-12,239.04,239.85,237.31,238.42,4033137,0.0
2022-01-13,239.18,239.4,234.48,234.93,4049253,0.0
2022-01-14,233.5,235.13,232.31,235.02,3829926,0.0
2022-01-18,232.5,232.7,229.94,230.45,6514691,0.0
2022-01-19,231.22,232.16,227.9,228.03,4868091,0.0
2022-01-20,229.13,231.91,225.14,225.37,5175143,0.0
2022-01-21,224.62,226.09,220.825,220.91,8582608,0.0
2022-01-24,217.99,222.57,212.1,222.33,22010119,0.0
2022-01-25,219.1,222.015,215.64,219.22,6600378,0.0
2022-01-26,222.72,224.16,216.05,218.37,7096416,0.0
2022-01-27,220.81,222.4,215.9,216.75,5791524,0.0
2022-01-28,217.5,222.17,214.93,222.09,4961209,0.0
2022-01-31,222.09,226.95,221.22,226.81,5306436,0.0
2022-02-01,227.94,228.93,225.14,228.54,4697648,0.0
2022-02-02,229.89,230.4384,227.99,230.05,4048246,0.0
2022-02-03,226.81,227.93,224.1325,224.58,4217696,0.0
2022-02-04,224.83,227.99,223.32,226.07,3585291,0.0
2022-02-07,226.48,227.38,224.84,225.5,2757317,0.0
2022-02-08,225.27,228.05,224.48,227.57,3075478,0.0
2022-02-09,229.86,231.3,229.595,231.27,3698680,0.0
2022-02-10,228.16,231.81,226.14,227.35,3511241,0.0
2022-02-11,227.38,228.5,222.01,222.94,4839824,0.0
2022-02-14,222.52,223.55,220.3,222.12,4402059,0.0
2022-02-15,224.58,226.17,224.4,226.07,4407540,0.0
2022-02-16,225.0,226.88,223.8138,226.28,4812386,0.0
2022-02-17,224.41,224.7,220.715,221.14,5784633,0.0
2022-02-18,221.14,221.99,218.2102,219.37,7007895,0.0
2022-02-22,218.11,220.08,215.06,216.85,7748880,0.0
2022-02-23,218.57,218.825,212.57,212.86,7684541,0.0
2022-02-24,207.64,216.85,207.0,216.59,10471040,0.0
2022-02-25,217.28,221.44,216.16,221.41,4615081,0.0
2022-02-28,219.25,222.06,218.25,221.17,4219782,0.0
2022-03-01,220.62,221.49,216.33,217.72,4764986,0.0
2022-03-02,219.0,222.61,218.421,221.85,3884898,0.0
2022-03-03,222.54,223.09,219.19,220.16,4161744,0.0
2022-03-04,218.21,218.61,215.85,217.96,4536101,0.0
2022-03-07,217.68,217.92,211.22,211.24,7953356,0.0
2022-03-08,211.07,215.49,209.2826,210.05,6132218,0.0
2022-03-09,214.67,216.91,213.57,215.88,4558389,0.0
2022-03-10,213.77,215.35,212.3,214.91,5271254,0.0
2022-03-11,216.32,216.54,211.7,211.99,5510961,0.0
2022-03-14,212.28,213.81,209.27,209.9,6284174,0.0
2022-03-15,211.0,214.64,210.5,214.28,6490951,0.0
2022-03-16,216.36,219.64,213.99,219.64,4863538,0.0
2022-03-17,218.53,222.6,218.28,222.58,6570052,0.0
2022-03-18,221.99,225.45,221.43,225.18,3425055,0.0
2022-03-21,225.44,226.2,223.065,224.97,2802236,0.0
2022-03-22,225.78,228.15,225.595,227.73,3269345,0.0
2022-03-23,225.73,226.5,223.93,223.93,2695449,0.0
2022-03-24,225.01,227.19,224.3335,227.12,2375108,0.0
2022-03-25,227.57,228.25,225.9,228.09,3851908,0.0
2022-03-28,228.03,229.57,226.48,229.57,6799449,0.0
2022-03-29,231.42,233.36,230.45,233.05,4470472,0.0
2022-03-30,232.39,232.81,230.03,231.16,3436440,0.0
2022-03-31,230.68,231.32,227.61,227.67,4087002,0.0
2022-04-01,228.66,228.75,226.63,228.58,3456406,0.0
2022-04-04,228.86,230.54,228.38,230.52,3241105,0.0
2022-04-05,229.89,230.88,226.58,227.15,3268845,0.0
2022-04-06,225.03,225.84,222.9401,224.54,4121968,0.0
2022-04-07,224.2,226.44,222.6372,225.39,4347542,0.0
2022-04-08,224.98,226.35,223.91,224.69,2954839,0.0
2022-04-11,223.17,223.57,221.0,221.18,2942240,0.0
2022-04-12,222.86,224.5,219.74,220.5,3164196,0.0
2022-04-13,220.51,223.785,220.27,223.39,2404612,0.0
2022-04-14,223.58,224.209,220.61,220.67,2465507,0.0
2022-04-18,220.41,221.29,219.1513,220.29,3674362,0.0
2022-04-19,220.23,224.6,220.23,224.17,2631238,0.0
2022-04-20,225.0,225.5176,223.4,223.88,2933209,0.0
2022-04-21,225.7,226.68,219.7,220.22,3172082,0.0
2022-04-22,219.73,219.73,214.02,214.22,6361435,0.0
2022-04-25,213.07,215.7,210.79,215.39,9271765,0.0
2022-04-26,214.26,214.4073,209.25,209.25,6891128,0.0
2022-04-27,209.85,212.4,208.55,209.66,4955886,0.0
2022-04-28,211.88,215.75,209.45,214.77,3767703,0.0
2022-04-29,212.9,214.31,206.71,206.88,7330456,0.0
2022-05-02,207.15,209.13,203.71,208.44,10630490,0.0
2022-05-03,208.49,210.61,207.88,209.43,3901750,0.0
2022-05-04,209.72,215.91,207.692,215.57,3870646,0.0
2022-05-05,213.29,213.39,205.455,207.62,5186663,0.0
2022-05-06,206.42,207.82,203.1073,205.95,5193865,0.0
2022-05-09,203.0,203.3816,197.86,198.65,9551391,0.0
2022-05-10,201.89,202.71,196.55,199.05,7604985,0.0
2022-05-11,198.59,201.6347,195.15,195.45,6365535,0.0
2022-05-12,194.06,197.59,192.12,195.66,7964939,0.0
2022-05-13,197.91,201.75,197.74,200.9,4543150,0.0
2022-05-16,200.39,201.86,198.86,199.91,4479431,0.0
2022-05-17,203.38,204.2599,201.16,204.18,3954519,0.0
2022-05-18,201.82,202.02,195.44,196.19,4712206,0.0
2022-05-19,194.49,197.66,193.875,195.32,5710913,0.0
2022-05-20,197.04,197.54,190.66,195.32,5153289,0.0
2022-05-23,196.65,199.15,195.46,198.66,5017991,0.0
2022-05-24,196.57,197.3,193.319,196.67,4788715,0.0
2022-05-25,195.95,199.86,195.7782,198.86,4921925,0.0
2022-05-26,199.4,203.8,199.37,202.93,4216682,0.0
2022-05-27,204.27,208.09,204.18,208.07,4381082,0.0
2022-05-31,207.17,208.35,205.19,206.36,4100924,0.0
2022-06-01,207.67,208.315,203.46,205.0,3087840,0.0
2022-06-02,205.0,209.2,204.0,209.18,2977799,0.0
2022-06-03,206.68,207.605,205.3,205.84,2694121,0.0
2022-06-06,208.12,208.785,205.91,206.45,2745450,0.0
2022-06-07,204.63,208.88,204.351,208.69,3350475,0.0
2022-06-08,207.93,208.7,205.91,206.35,2187178,0.0
2022-06-09,205.42,206.33,201.38,201.41,3061139,0.0
2022-06-10,198.39,198.39,195.36,195.43,5703756,0.0
2022-06-13,190.65,191.18,186.68,187.45,10468320,0.0
2022-06-14,188.51,189.05,185.27,186.92,7045850,0.0
2022-06-15,188.61,192.1299,186.18,189.64,5011669,0.0
2022-06-16,185.38,185.68,181.6701,183.02,8225100,0.0
2022-06-17,183.26,185.405,181.8,183.71,5252732,0.0
2022-06-21,186.69,189.03,186.69,188.16,6103401,0.0
2022-06-22,185.91,189.9499,185.6205,188.13,7321298,0.0
2022-06-23,188.13,189.57,186.46,189.08,6675843,0.0
2022-06-24,190.92,195.22,190.59,195.19,3856396,0.0
2022-06-27,195.63,196.01,193.9039,194.59,5950393,0.0
2022-06-28,195.44,196.85,190.56,190.58,6018574,0.0
2022-06-29,190.79,191.1799,189.18,190.26,4155823,0.0
2022-06-30,188.0,190.31,186.13,188.62,4250256,0.0
2022-07-01,188.19,190.87,186.9,190.61,3223085,0.0
2022-07-05,188.36,191.31,186.36,191.29,3986078,0.0
2022-07-06,191.29,192.9,189.88,191.67,2980975,0.0
2022-07-07,192.63,195.22,192.59,194.83,2919254,0.0
2022-07-08,194.06,195.6989,193.01,194.63,2799217,0.0
2022-07-11,193.38,193.75,191.81,192.17,3033759,0.0
2022-07-12,192.0,193.2387,189.6,190.51,2640302,0.0
2022-07-13,187.79,191.09,187.39,189.68,3322439,0.0
2022-07-14,187.28,189.19,185.58,188.84,3355628,0.0
2022-07-15,191.19,192.55,189.98,192.51,2914570,0.0
2022-07-18,194.29,194.77,190.54,191.18,3974151,0.0
2022-07-19,193.27,196.72,192.99,196.52,3287492,0.0
2022-07-20,196.43,198.7492,195.99,198.11,3332375,0.0
2022-07-21,197.63,200.07,196.455,200.07,2929346,0.0
2022-07-22,200.0,200.8,196.73,197.9,2717357,0.0
2022-07-25,198.34,198.6,196.99,198.17,2997086,0.0
2022-07-26,197.29,197.325,195.28,195.72,2918479,0.0
2022-07-27,197.51,201.72,197.31,200.86,2902247,0.0
2022-07-28,201.02,203.725,199.333,203.48,2670669,0.0
2022-07-29,204.17,206.78,203.6,206.25,3342437,0.0
2022-08-01,204.97,207.036,204.29,205.77,3531547,0.0
2022-08-02,205.0,207.0412,203.88,204.66,3020876,0.0
2022-08-03,205.92,208.5252,205.7401,207.95,2827053,0.0
2022-08-04,207.94,208.25,206.91,207.75,2261824,0.0
2022-08-05,205.69,208.0799,205.5,207.68,2758913,0.0
2022-08-08,208.62,210.17,207.27,207.87,3024898,0.0
2022-08-09,207.44,207.57,205.97,206.56,1829453,0.0
2022-08-10,210.29,211.42,209.535,211.27,2878186,0.0
2022-08-11,212.82,214.0399,210.92,211.28,2834958,0.0
2022-08-12,212.43,214.99,211.87,214.94,2366502,0.0
2022-08-15,213.84,216.08,213.69,215.78,4479221,0.0
2022-08-16,215.41,217.2,214.585,216.24,2835621,0.0
2022-08-17,214.39,215.78,213.16,214.3,4007942,0.0
2022-08-18,214.33,215.28,213.7,214.86,1640228,0.0
2022-08-19,213.36,213.47,211.225,211.79,2554994,0.0
2022-08-22,209.08,209.44,206.82,207.26,3142894,0.0
2022-08-23,207.36,208.58,206.6526,206.87,2856383,0.0
2022-08-24,206.84,208.52,206.428,207.74,1790926,0.0
2022-08-25,208.6,210.82,208.13,210.75,1874087,0.0
2022-08-26,210.86,210.92,203.7,203.77,3550241,0.0
2022-08-29,202.2,203.95,201.615,202.28,3529137,0.0
2022-08-30,202.94,203.13,198.9016,200.03,4799365,0.0
2022-08-31,200.95,201.564,198.5,198.56,2911424,0.0
2022-09-01,197.4,198.89,195.525,198.68,4555843,0.0
2022-09-02,200.65,201.3646,195.83,196.71,3810375,0.0
2022-09-06,197.47,197.6667,194.73,195.91,5382874,0.0
2022-09-07,195.73,199.94,195.64,199.53,3032416,0.0
2022-09-08,198.34,201.18,197.71,201.11,2971251,0.0
2022-09-09,202.38,204.85,202.32,204.45,2953382,0.0
2022-09-12,205.53,206.99,205.32,206.65,2736926,0.0
2022-09-13,201.97,202.55,197.15,197.77,5190310,0.0
2022-09-14,198.42,199.2,196.75,198.54,2793429,0.0
2022-09-15,197.86,199.37,195.6872,196.42,2491010,0.0
2022-09-16,194.47,194.86,192.82,194.63,4966052,0.0
2022-09-19,192.9,196.08,192.86,196.01,3346747,0.0
2022-09-20,194.43,194.75,192.29,193.73,3244231,0.0
2022-09-21,194.64,196.4099,190.4,190.42,3060229,0.0
2022-09-22,190.11,190.5098,187.97,188.29,5279702,0.0
2022-09-23,185.53,185.87,181.82,184.26,8249899,0.0
2022-09-26,183.5,185.48,181.62,182.24,6603455,0.0
2022-09-27,184.21,185.4,180.67,181.97,6910662,0.0
2022-09-28,182.55,186.7,181.7,185.8,6929095,0.0
2022-09-29,184.24,184.31,180.31,181.94,8241105,0.0
2022-09-30,181.56,183.71,179.28,179.47,8431686,0.0
2022-10-03,181.52,185.02,180.23,184.03,7321619,0.0
2022-10-04,187.19,190.07,187.14,189.94,6212784,0.0
2022-10-05,187.91,190.69,186.36,189.58,4548097,0.0
2022-10-06,188.88,190.458,187.44,187.77,3784145,0.0
2022-10-07,185.69,185.83,181.46,182.4,4780147,0.0
2022-10-10,182.9,183.2,179.69,180.95,4303970,0.0
2022-10-11,180.03,182.47,178.52,179.79,4419091,0.0
2022-10-12,180.17,180.73,178.95,179.3,5016686,0.0
2022-10-13,176.37,184.5517,174.84,183.75,5626894,0.0
2022-10-14,185.09,185.99,179.14,179.42,3800449,0.0
2022-10-17,182.76,184.81,182.58,184.21,4025778,0.0
2022-10-18,188.14,188.7,184.71,186.46,3906830,0.0
2022-10-19,185.25,186.6415,183.34,184.87,2589140,0.0
2022-10-20,184.54,186.99,182.81,183.27,2636230,0.0
2022-10-21,182.99,187.7785,182.285,187.49,3381194,0.0
2022-10-24,188.38,190.115,186.69,189.51,4527769,0.0
2022-10-25,189.57,193.16,189.53,192.94,3287115,0.0
2022-10-26,191.26,194.64,191.26,191.75,4091096,0.0
2022-10-27,192.46,193.47,190.61,190.85,3556262,0.0
2022-10-28,190.84,195.53,190.74,195.29,3178849,0.0
2022-10-31,193.99,195.17,193.51,194.03,5053867,0.0
2022-11-01,196.0,196.439,192.76,193.43,9873764,0.0
2022-11-02,193.07,195.27,188.29,188.34,4689014,0.0
2022-11-03,186.5,188.0927,185.13,186.54,3935573,0.0
2022-11-04,189.32,190.3,185.75,188.94,3586155,0.0
2022-11-07,189.59,190.97,188.47,190.66,3419955,0.0
2022-11-08,191.25,193.31,189.42,191.66,4847493,0.0
2022-11-09,190.46,191.04,187.21,187.53,13959590,0.0
2022-11-10,194.35,198.31,193.65,198.14,3981594,0.0
2022-11-11,198.58,200.7,197.82,200.16,4550171,0.0
2022-11-14,199.26,200.92,198.21,198.35,4248218,0.0
2022-11-15,201.5,202.14,198.34,200.36,4606211,0.0
2022-11-16,199.45,199.72,198.03,198.32,2904962,0.0
2022-11-17,195.67,197.895,195.45,197.49,3705403,0.0
2022-11-18,199.08,199.41,196.9,198.42,3039298,0.0
2022-11-21,197.72,198.21,196.65,197.58,2962114,0.0
2022-11-22,198.13,200.2864,197.79,200.17,3390268,0.0
2022-11-23,200.0,201.755,199.8258,201.39,2685706,0.0
2022-11-25,201.22,201.83,201.03,201.54,1289076,0.0
2022-11-28,199.93,200.755,197.8037,198.27,3366776,0.0
2022-11-29,198.49,199.06,197.1,197.96,2640711,0.0
2022-11-30,198.14,204.1,197.04,204.06,4201324,0.0
2022-12-01,204.83,205.47,202.79,204.18,4354537,0.0
2022-12-02,201.55,204.48,201.1974,203.99,2917063,0.0
2022-12-05,202.51,202.96,199.25,199.98,3840516,0.0
2022-12-06,199.91,200.05,195.84,196.98,3901011,0.0
2022-12-07,196.45,197.97,196.02,196.66,3438113,0.0
2022-12-08,197.55,198.918,196.822,198.36,3982559,0.0
2022-12-09,197.53,198.83,196.623,196.7,3784948,0.0
2022-12-12,197.0,199.53,196.7,199.53,3931575,0.0
2022-12-13,205.628,205.628,199.62,201.02,4191885,0.0
2022-12-14,200.92,202.72,198.27,199.9,3331221,0.0
2022-12-15,197.21,197.71,194.07,194.92,5544545,0.0
2022-12-16,193.51,194.22,191.42,192.69,4755411,0.0
2022-12-19,192.8,192.92,189.95,190.75,6433831,0.0
2022-12-20,190.42,191.97,189.73,191.15,5637787,0.0
2022-12-21,192.47,194.6516,192.2,194.04,4973432,0.0
2022-12-22,191.61,191.68,187.38,190.37,5153889,0.0
2022-12-23,190.0,191.44,189.01,191.42,4214440,0.0
2022-12-27,191.39,191.52,189.75,190.62,6037700,0.0
2022-12-28,190.65,191.5,188.06,188.22,5711907,0.0
2022-12-29,189.49,192.16,189.366,191.68,5425657,0.0
2022-12-30,190.18,191.27,189.28,191.19,5979830,0.0
2023-01-03,192.38,193.36,188.93,190.41,4092466,0.0
2023-01-04,191.51,193.06,190.14,192.1,3852482,0.0
2023-01-05,191.22,191.27,189.46,189.85,4149991,0.0
2023-01-06,191.12,194.64,189.85,194.04,3184261,0.0
2023-01-09,195.457,196.8882,194.008,194.12,3888341,0.0
2023-01-10,193.65,195.65,193.29,195.65,2963520,0.0
2023-01-11,196.55,198.25,196.1539,198.23,3435333,0.0
2023-01-12,198.79,199.8,196.63,199.19,3552746,0.0
2023-01-13,197.62,200.269,197.3001,200.04,2798612,0.0
2023-01-17,200.04,200.88,199.34,199.77,5426661,0.0
2023-01-18,200.4,201.09,196.56,196.62,3890198,0.0
2023-01-19,195.41,196.24,194.32,195.02,2282524,0.0
2023-01-20,195.85,198.81,194.93,198.76,2429314,0.0
2023-01-23,199.2,202.16,198.7,201.28,3438142,0.0
2023-01-24,200.4,201.455,199.74,200.95,2679390,0.0
2023-01-25,198.95,201.2,197.59,201.05,2801970,0.0
2023-01-26,202.35,203.28,200.85,203.12,2806240,0.0
2023-01-27,202.6,205.05,202.575,203.94,4521882,0.0
2023-01-30,202.28,203.61,201.09,201.21,2992250,0.0
2023-01-31,201.65,204.49,201.45,204.43,4827629,0.0
2023-02-01,203.91,208.32,202.51,206.92,4385573,0.0
2023-02-02,209.0,210.88,208.1,210.01,3730807,0.0
2023-02-03,207.51,210.18,207.04,207.84,2854159,0.0
2023-02-06,206.41,207.07,205.5,206.28,2841716,0.0
2023-02-07,206.0,209.563,205.03,208.88,3028103,0.0
2023-02-08,207.91,208.71,206.26,206.65,2945397,0.0
2023-02-09,208.46,208.61,204.1,204.64,2705943,0.0
2023-02-10,204.02,205.1796,203.47,205.01,2159772,0.0
2023-02-13,205.41,207.5,204.99,207.45,3467200,0.0
2023-02-14,206.65,208.6593,205.31,207.53,2743414,0.0
2023-02-15,206.46,208.4978,206.04,208.46,2003152,0.0
2023-02-16,205.97,208.02,205.54,205.68,2458759,0.0
2023-02-17,204.77,205.2327,203.531,205.08,2324041,0.0
2023-02-21,203.15,203.5,200.65,200.83,3110758,0.0
2023-02-22,201.0,201.96,199.9296,200.66,3011715,0.0
2023-02-23,202.09,202.458,199.38,201.73,3440076,0.0
2023-02-24,199.29,199.93,198.16,199.48,3020598,0.0
2023-02-27,201.31,202.03,199.72,200.19,2850494,0.0
2023-02-28,200.25,201.08,199.52,199.52,2299124,0.0
2023-03-01,199.38,200.0,198.2,200.0,4176017,0.0
2023-03-02,197.99,200.8,197.495,200.31,3366143,0.0
2023-03-03,201.08,203.7,200.91,203.57,2484710,0.0
2023-03-06,203.86,204.98,203.03,203.3,3812890,0.0
2023-03-07,203.1,203.47,199.9501,200.27,3346744,0.0
2023-03-08,200.4,201.0,199.4,200.53,1985879,0.0
2023-03-09,200.8,201.75,196.12,196.57,2974271,0.0
2023-03-10,196.25,197.0,192.26,193.26,6310531,0.0
2023-03-13,190.9,195.16,190.18,192.46,6253729,0.0
2023-03-14,195.5,196.95,193.57,195.89,4473782,0.0
2023-03-15,192.63,194.4,191.53,194.38,3855377,0.0
2023-03-16,193.33,197.91,192.8,197.74,3225511,0.0
2023-03-17,197.25,197.43,194.38,195.19,2902376,0.0
2023-03-20,195.75,197.38,195.29,196.89,2898137,0.0
2023-03-21,198.76,200.0499,198.23,199.7,2421657,0.0
2023-03-22,199.85,201.405,196.12,196.13,2187887,0.0
2023-03-23,196.85,198.95,194.25,195.7,2629691,0.0
2023-03-24,194.88,196.97,193.65,196.93,2324909,0.0
2023-03-27,198.27,198.6,196.92,197.43,2425422,0.0
2023-03-28,197.2,197.65,196.14,197.15,3678717,0.0
2023-03-29,199.09,200.09,198.61,199.99,3486491,0.0
2023-03-30,201.27,201.59,200.12,201.07,2259151,0.0
2023-03-31,201.57,204.19,201.57,204.1,2986275,0.0
2023-04-03,203.72,204.99,203.33,204.64,3068203,0.0
2023-04-04,205.0,205.06,202.53,203.27,2881821,0.0
2023-04-05,202.69,203.16,201.58,202.53,3119362,0.0
2023-04-06,202.24,203.3376,201.45,203.2,1989792,0.0
2023-04-10,202.0,203.68,201.65,203.66,2545287,0.0
2023-04-11,203.87,204.64,203.4,203.87,3389481,0.0
2023-04-12,205.0,205.26,202.71,203.01,2431429,0.0
2023-04-13,203.53,205.8,203.34,205.65,2197609,0.0
2023-04-14,205.33,206.5,203.81,205.08,4142040,0.0
2023-04-17,205.03,205.91,204.45,205.9,2780375,0.0
2023-04-18,206.68,206.83,205.3,206.0,2784451,0.0
2023-04-19,205.03,206.478,204.97,206.1,2531413,0.0
2023-04-20,204.46,205.77,204.07,204.82,2563130,0.0
2023-04-21,204.96,205.24,203.92,205.0,2341577,0.0
2023-04-24,204.9,205.44,204.1,205.08,3704562,0.0
2023-04-25,204.02,204.23,201.615,201.66,2606411,0.0
2023-04-26,202.16,202.5094,200.41,200.75,2762335,0.0
2023-04-27,201.86,204.69,201.83,204.52,2254594,0.0
2023-04-28,204.0,206.3,204.0,206.3,2309056,0.0
2023-05-01,206.0,207.18,205.99,206.2,2838492,0.0
2023-05-02,205.62,205.9,202.07,203.68,2700634,0.0
2023-05-03,203.85,205.49,202.35,202.49,2153981,0.0
2023-05-04,201.84,202.02,200.2,200.98,2577646,0.0
2023-05-05,202.85,205.27,202.7864,204.69,1942273,0.0
2023-05-08,204.93,205.1,204.12,204.91,2632608,0.0
2023-05-09,204.03,204.63,203.8,204.07,1802529,0.0
2023-05-10,205.62,205.9395,203.05,204.97,2677618,0.0
2023-05-11,204.47,204.7,203.49,204.7,2108256,0.0
2023-05-12,205.04,205.28,202.93,204.22,2252503,0.0
2023-05-15,204.17,205.38,203.71,205.09,3240021,0.0
2023-05-16,204.41,204.81,203.47,203.5,1884873,0.0
2023-05-17,204.46,206.45,203.65,206.14,2650070,0.0
2023-05-18,206.0,208.37,205.82,208.19,2370198,0.0
2023-05-19,208.64,208.84,207.07,207.69,2683854,0.0
2023-05-22,207.68,208.81,207.2,208.05,2229402,0.0
2023-05-23,207.3,207.99,205.64,205.85,2386678,0.0
2023-05-24,205.0,205.13,203.69,204.26,2083662,0.0
2023-05-25,205.87,206.325,204.53,205.65,2230416,0.0
2023-05-26,206.0,208.72,205.9702,208.36,2347048,0.0
2023-05-30,209.63,209.68,207.69,208.43,2772306,0.0
2023-05-31,207.49,207.975,206.3031,207.18,2325393,0.0
2023-06-01,207.3,209.8,206.65,209.25,2696735,0.0
2023-06-02,210.68,213.085,210.5,212.71,3018681,0.0
2023-06-05,212.74,213.364,207.465,212.15,2584978,0.0
2023-06-06,212.0,213.37,211.6367,213.12,2227748,0.0
2023-06-07,213.34,214.12,212.39,212.7,2272783,0.0
2023-06-08,212.63,213.97,212.085,213.7,1943444,0.0
2023-06-09,214.1,215.08,213.41,213.93,2086509,0.0
2023-06-12,214.5,215.86,214.05,215.85,2481229,0.0
2023-06-13,216.78,217.77,216.46,217.44,4295664,0.0
2023-06-14,217.55,218.5293,215.7,217.44,4131038,0.0
2023-06-15,216.99,220.71,216.91,220.09,2895122,0.0
2023-06-16,221.42,221.42,219.13,219.26,4763693,0.0
2023-06-20,218.38,218.67,217.07,218.18,3157722,0.0
2023-06-21,217.82,218.0786,216.7,216.98,2713394,0.0
2023-06-22,216.51,217.59,216.17,217.56,2669590,0.0
2023-06-23,215.13,215.89,214.58,214.94,3338434,0.0
2023-06-26,214.8,215.82,214.14,214.19,2846758,0.0
2023-06-27,214.75,217.11,214.55,216.8,2653041,0.0
2023-06-28,216.48,217.51,215.96,216.98,4362128,0.0
2023-06-29,216.9,218.1,216.66,218.02,2857869,0.0
2023-06-30,219.61,220.86,219.48,220.28,3444112,0.0
2023-07-03,220.28,220.94,220.05,220.94,2423617,0.0
2023-07-05,220.08,220.6099,219.63,220.27,3341767,0.0
2023-07-06,218.54,218.54,216.8319,218.31,3404304,0.0
2023-07-07,217.91,220.08,217.81,218.04,2771947,0.0
2023-07-10,217.9,219.03,217.8004,218.99,2080530,0.0
2023-07-11,219.38,220.93,219.01,220.71,2158194,0.0
2023-07-12,222.57,223.1,221.86,222.4,3030200,0.0
2023-07-13,223.46,224.64,223.13,224.28,4113258,0.0
2023-07-14,224.85,224.86,223.5,223.95,2914073,0.0
2023-07-17,223.95,225.36,223.76,224.8,2688802,0.0
2023-07-18,224.7,226.92,224.53,226.59,2949451,0.0
2023-07-19,227.08,227.76,226.68,227.18,3106669,0.0
2023-07-20,226.61,227.01,225.14,225.54,2651745,0.0
2023-07-21,226.42,226.536,225.46,225.52,2296817,0.0
2023-07-24,226.05,226.71,225.64,226.32,2291652,0.0
2023-07-25,226.02,227.5999,226.02,226.89,2084431,0.0
2023-07-26,226.43,227.77,226.05,227.06,1985589,0.0
2023-07-27,228.81,228.965,224.83,225.31,4730599,0.0
2023-07-28,227.17,228.03,226.7701,227.66,2260779,0.0
2023-07-31,228.12,228.56,227.56,228.35,2659508,0.0
2023-08-01,227.65,228.0,227.07,227.73,3062774,0.0
2023-08-02,225.99,226.14,224.07,224.5,4243193,0.0
2023-08-03,223.48,224.7699,222.99,223.85,2927252,0.0
2023-08-04,224.74,225.84,222.61,222.9,3024603,0.0
2023-08-07,223.72,224.71,223.2194,224.61,2376584,0.0
2023-08-08,223.2,223.768,221.7,223.57,2796353,0.0
2023-08-09,223.66,223.69,221.56,221.97,2203402,0.0
2023-08-10,223.24,224.878,221.34,222.01,3033313,0.0
2023-08-11,221.1,222.41,220.77,221.8,2220365,0.0
2023-08-14,221.32,222.92,221.05,222.9,2435097,0.0
2023-08-15,222.0,222.24,220.04,220.37,2997270,0.0
2023-08-16,220.13,220.96,218.55,218.55,2933529,0.0
2023-08-17,219.28,219.5,216.55,216.76,3135922,0.0
2023-08-18,215.23,217.56,215.03,217.01,2933259,0.0
2023-08-21,217.41,218.68,216.36,218.26,2755426,0.0
2023-08-22,219.22,219.22,217.38,217.68,2892264,0.0
2023-08-23,218.08,220.4,218.08,220.06,2560157,0.0
2023-08-24,220.7,221.14,217.08,217.11,3099433,0.0
2023-08-25,217.98,219.24,216.05,218.59,3631038,0.0
2023-08-28,219.57,220.32,219.1,219.99,2364716,0.0
2023-08-29,219.94,223.32,219.8,223.19,3160291,0.0
2023-08-30,223.25,224.5,223.046,224.18,2420846,0.0
2023-08-31,224.5,225.1785,223.88,223.94,3043967,0.0
2023-09-01,225.34,225.78,223.96,224.68,3047624,0.0
2023-09-05,224.26,224.64,223.28,223.34,2531516,0.0
2023-09-06,222.99,223.18,220.75,221.94,2473650,0.0
2023-09-07,220.38,221.5,220.08,221.18,2964686,0.0
2023-09-08,221.21,222.176,220.98,221.42,2244708,0.0
2023-09-11,222.66,223.04,221.95,222.81,2087940,0.0
2023-09-12,222.14,222.97,221.4499,221.73,2448512,0.0
2023-09-13,221.79,222.3,221.0992,221.76,1989996,0.0
2023-09-14,222.85,223.98,222.34,223.66,2002386,0.0
2023-09-15,222.89,222.92,220.76,221.03,2639169,0.0
2023-09-18,220.91,221.685,220.55,221.05,2259567,0.0
2023-09-19,220.61,220.87,219.17,220.49,2978021,0.0
2023-09-20,221.13,221.49,218.445,218.54,2448369,0.0
2023-09-21,216.36,216.42,213.98,214.09,4194994,0.0
2023-09-22,214.68,215.3,213.4,213.64,3262885,0.0
2023-09-25,213.15,214.5,212.75,214.5,3440029,0.0
2023-09-26,213.06,213.43,211.01,211.41,4371935,0.0
2023-09-27,212.12,212.46,209.8401,211.63,4407264,0.0
2023-09-28,211.42,213.87,211.14,213.03,2952364,0.0
2023-09-29,214.55,214.67,211.79,212.41,4441367,0.0
2023-10-02,212.2,212.85,210.74,212.13,4358137,0.0
2023-10-03,211.0,211.69,208.3299,209.05,4389145,0.0
2023-10-04,209.23,210.89,208.4,210.56,3045402,0.0
2023-10-05,210.38,210.86,208.78,210.45,2679653,0.0
2023-10-06,209.06,213.775,208.57,212.96,3666530,0.0
2023-10-09,211.91,214.65,211.755,214.3,2869741,0.0
2023-10-10,214.6,216.95,214.57,215.63,3494612,0.0
2023-10-11,216.2,216.63,214.88,216.48,3033014,0.0
2023-10-12,216.63,216.715,213.53,214.74,3244177,0.0
2023-10-13,215.53,216.01,212.75,213.53,3269321,0.0
2023-10-16,214.73,216.46,214.56,216.01,3361558,0.0
2023-10-17,214.37,217.38,214.17,216.29,3627690,0.0
2023-10-18,215.11,215.63,212.59,213.09,3254961,0.0
2023-10-19,213.4,214.35,210.69,211.08,4322728,0.0
2023-10-20,210.86,211.05,208.38,208.47,4447576,0.0
2023-10-23,207.67,209.97,206.66,207.9,5472980,0.0
2023-10-24,209.07,210.21,208.12,209.47,3180907,0.0
2023-10-25,208.45,208.535,206.0898,206.36,3454535,0.0
2023-10-26,205.92,206.3599,203.63,204.22,4133356,0.0
2023-10-27,205.0,205.11,202.44,203.12,4290651,0.0
2023-10-30,204.53,205.98,203.76,205.46,3562658,0.0
2023-10-31,205.63,206.995,204.82,206.79,3325262,0.0
2023-11-01,207.14,209.22,206.87,208.86,5789255,0.0
2023-11-02,210.85,213.11,210.85,213.01,4111550,0.0
2023-11-03,214.32,216.2,214.27,215.41,4217119,0.0
2023-11-06,215.83,216.066,214.47,215.5,2915024,0.0
2023-11-07,215.38,216.5,214.9,216.14,3194330,0.0
2023-11-08,216.34,216.72,215.0,216.11,2813801,0.0
2023-11-09,216.63,216.78,214.06,214.27,2771197,0.0
2023-11-10,215.1,217.61,214.45,217.46,3303916,0.0
2023-11-13,216.81,217.8595,216.34,217.33,2829434,0.0
2023-11-14,220.51,222.78,220.51,222.15,4055052,0.0
2023-11-15,222.86,223.8,222.29,222.7,2819245,0.0
2023-11-16,222.3,222.88,221.6034,222.55,2754455,0.0
2023-11-17,222.866,223.44,222.42,223.11,3124318,0.0
2023-11-20,223.11,225.25,223.0,224.79,2876890,0.0
2023-11-21,224.25,224.43,223.61,224.18,2513822,0.0
2023-11-22,224.85,225.76,224.53,225.14,2880548,0.0
2023-11-24,225.04,225.44,225.01,225.38,1219467,0.0
2023-11-27,225.12,225.53,224.77,225.09,2409965,0.0
2023-11-28,224.77,225.905,224.45,225.23,2761895,0.0
2023-11-29,226.38,227.19,225.11,225.33,2653679,0.0
2023-11-30,225.73,226.385,224.82,226.26,3147997,0.0
2023-12-01,225.99,228.33,225.585,228.17,4078686,0.0
2023-12-04,226.58,227.43,226.08,227.35,3837805,0.0
2023-12-05,226.58,227.4535,226.205,226.91,3019047,0.0
2023-12-06,227.89,228.1596,225.88,225.95,3172934,0.0
2023-12-07,226.99,228.05,226.71,227.76,2724304,0.0
2023-12-08,227.36,229.09,227.27,228.85,2740235,0.0
2023-12-11,228.69,229.83,228.51,229.79,3076566,0.0
2023-12-12,229.59,230.7801,228.96,230.66,3214921,0.0
2023-12-13,230.77,234.425,230.545,234.24,4231060,0.0
2023-12-14,235.66,236.58,234.19,235.63,5014530,0.0
2023-12-15,234.79,235.9387,234.63,235.31,4298616,0.0
2023-12-18,235.86,236.815,235.82,236.33,3855054,0.0
2023-12-19,236.72,238.095,236.72,238.06,3731693,0.0
2023-12-20,237.74,238.69,234.44,234.51,5149738,0.0
2023-12-21,235.08,236.17,234.06,236.09,4427026,0.0
2023-12-22,236.59,237.515,235.64,236.63,3662383,0.0
2023-12-26,236.98,238.31,236.8559,237.8,3829400,0.0
2023-12-27,238.0,238.44,237.47,238.25,5103732,0.0
2023-12-28,238.25,238.7399,238.13,238.13,4099416,0.0
2023-12-29,238.14,238.47,236.48,237.22,4188762,0.0
2024-01-02,235.65,236.51,234.765,235.63,4847610,0.0
2024-01-03,234.53,234.735,233.11,233.37,3925518,0.0
2024-01-04,233.26,234.55,232.66,232.77,3681857,0.0
2024-01-05,232.7,234.39,232.4,233.12,3305525,0.0
2024-01-08,233.27,236.56,233.26,236.45,4156552,0.0
2024-01-09,235.151,236.56,234.74,236.01,4524784,0.0
2024-01-10,236.12,237.6607,235.79,237.23,3343377,0.0
2024-01-11,237.52,237.86,234.92,237.07,3375598,0.0
2024-01-12,237.98,238.37,236.42,237.11,3053406,0.0
2024-01-16,236.29,236.9102,235.1,236.01,3646664,0.0
2024-01-17,234.41,234.87,233.43,234.59,3336627,0.0
2024-01-18,235.64,236.955,234.62,236.66,3509912,0.0
2024-01-19,237.38,239.735,236.76,239.54,3850769,0.0
2024-01-22,240.54,241.4,240.05,240.58,3952716,0.0
2024-01-23,241.02,241.17,240.06,241.02,3015293,0.0
2024-01-24,242.66,242.87,240.85,240.98,3002976,0.0
2024-01-25,242.19,242.5586,241.07,242.32,2993885,0.0
2024-01-26,242.31,243.02,241.73,242.12,2858242,0.0
2024-01-29,242.34,244.34,242.125,244.32,3463378,0.0
2024-01-30,244.07,244.33,243.57,243.98,3098878,0.0
2024-01-31,242.84,243.24,239.856,239.87,3884488,0.0
2024-02-01,240.9,243.1,240.04,243.1,3986825,0.0
2024-02-02,242.96,246.01,242.6922,245.18,3876617,0.0
2024-02-05,244.83,244.99,242.74,244.02,3324777,0.0
2024-02-06,244.48,245.02,243.9,244.85,2568422,0.0
2024-02-07,246.0,247.09,245.385,246.78,2305718,0.0
2024-02-08,246.81,247.47,246.51,247.39,2668150,0.0
2024-02-09,247.75,249.15,247.51,248.9,2367717,0.0
2024-02-12,249.04,250.3359,248.72,249.14,2769737,0.0
2024-02-13,245.61,246.32,243.35,245.15,5832619,0.0
2024-02-14,246.87,248.03,245.61,247.86,2606859,0.0
2024-02-15,248.34,249.9398,248.02,249.77,3181946,0.0
2024-02-16,249.61,250.225,248.1,248.46,2909166,0.0
2024-02-20,247.55,247.7508,245.76,246.9,3445129,0.0
2024-02-21,246.05,246.99,245.13,246.95,2174914,0.0
2024-02-22,249.96,252.21,249.61,251.83,3872960,0.0
2024-02-23,252.46,252.92,251.53,252.0,2855952,0.0
2024-02-26,252.02,252.44,251.202,251.24,2585834,0.0
2024-02-27,251.79,252.1,250.945,251.94,2024611,0.0
2024-02-28,251.1,251.9612,250.97,251.52,2192249,0.0
2024-02-29,252.68,253.3,251.12,252.58,2610405,0.0
2024-03-01,253.04,255.065,252.6847,254.9,3693844,0.0
2024-03-04,254.78,255.5818,254.532,254.65,4966760,0.0
2024-03-05,253.68,253.8599,250.91,251.95,3134811,0.0
2024-03-06,253.87,254.51,252.68,253.44,2501680,0.0
2024-03-07,255.0,256.37,254.65,255.91,2940907,0.0
2024-03-08,256.42,257.71,254.0401,254.43,3673475,0.0
2024-03-11,253.89,254.35,252.703,254.02,3038679,0.0
2024-03-12,254.99,256.74,253.65,256.53,4380105,0.0
2024-03-13,256.57,256.87,255.47,256.21,2667352,0.0
2024-03-14,256.69,256.87,253.72,255.22,3664126,0.0
2024-03-15,253.6,254.6482,252.7,253.71,3216805,0.0
2024-03-18,255.58,256.21,254.81,255.0,3455369,0.0
2024-03-19,254.43,256.55,254.1716,256.47,2900211,0.0
2024-03-20,256.46,259.2,256.19,259.07,2480790,0.0
2024-03-21,260.65,261.07,260.04,260.14,3723188,0.0
2024-03-22,259.19,259.45,258.34,258.5,2465312,0.0
2024-03-25,258.1,258.49,257.79,257.92,2714406,0.0
2024-03-26,258.8,258.83,257.28,257.46,2591495,0.0
2024-03-27,259.13,259.85,258.01,259.73,4030246,0.0
2024-03-28,259.8,260.58,259.76,259.9,2669112,0.0
2024-04-01,260.32,260.38,258.6799,259.7,3292260,0.0
2024-04-02,257.5,257.5,256.19,257.3,3213359,0.0
2024-04-03,256.73,258.44,256.6575,257.7,3241579,0.0
2024-04-04,259.65,259.9858,254.44,254.61,3121253,0.0
2024-04-05,255.11,258.2,255.0,257.18,4178477,0.0
2024-04-08,257.8,258.14,257.1,257.48,3223782,0.0
2024-04-09,258.35,258.5,255.4,257.85,2944127,0.0
2024-04-10,254.72,256.04,253.92,254.97,3348888,0.0
2024-04-11,255.75,257.43,253.88,256.7,3434244,0.0
2024-04-12,255.27,255.6371,252.16,253.0,3574390,0.0
2024-04-15,255.0,255.205,249.26,249.89,4804258,0.0
2024-04-16,249.89,250.65,248.47,249.14,3466819,0.0
2024-04-17,250.44,250.93,246.98,247.68,2861393,0.0
2024-04-18,248.32,249.5316,246.65,247.17,2991692,0.0
2024-04-19,247.07,247.69,244.57,245.23,3469003,0.0
2024-04-22,246.59,248.88,245.38,247.64,3111954,0.0
2024-04-23,248.57,250.95,248.272,250.59,2399022,0.0
2024-04-24,251.21,251.51,249.3,250.65,2285857,0.0
2024-04-25,247.31,249.8853,246.4332,249.46,2473299,0.0
2024-04-26,250.86,252.5399,250.435,251.78,3238126,0.0
2024-04-29,252.75,253.12,251.35,252.77,2086019,0.0
2024-04-30,251.94,252.33,248.56,248.61,2502735,0.0
2024-05-01,248.46,251.975,247.595,247.99,3509546,0.0
2024-05-02,250.13,250.92,247.61,250.56,2580191,0.0
2024-05-03,253.6,254.4,252.2,253.53,2350197,0.0
2024-05-06,254.8,256.25,254.62,256.25,2811467,0.0
2024-05-07,256.59,257.17,256.14,256.48,1829855,0.0
2024-05-08,255.48,256.545,255.33,256.3,2600126,0.0
2024-05-09,256.3,257.88,256.0,257.81,2418707,0.0
2024-05-10,258.67,259.03,257.45,258.05,1922464,0.0
2024-05-13,259.08,259.08,257.56,258.19,1948407,0.0
2024-05-14,258.23,259.67,258.083,259.45,2466842,0.0
2024-05-15,260.85,262.73,260.4428,262.64,2508701,0.0
2024-05-16,262.68,263.28,261.86,261.93,2444983,0.0
2024-05-17,262.15,262.3,261.24,262.3,2208726,0.0
2024-05-20,262.43,263.355,262.21,262.57,2366057,0.0
2024-05-21,262.2,263.16,262.13,263.11,2241920,0.0
2024-05-22,262.86,263.065,261.1345,262.22,2356623,0.0
2024-05-23,263.86,263.92,259.43,259.99,6603017,0.0
2024-05-24,261.04,262.21,260.4468,261.87,3123692,0.0
2024-05-28,262.47,262.47,260.49,261.87,3078124,0.0
2024-05-29,259.62,260.369,259.43,259.72,3178970,0.0
2024-05-30,259.28,259.62,257.75,258.45,3031239,0.0
2024-05-31,259.0,260.6,256.25,260.44,3407439,0.0
2024-06-03,261.66,261.66,258.0772,260.52,6203385,0.0
2024-06-04,259.84,260.89,258.95,260.49,2489841,0.0
2024-06-05,261.8,263.68,260.7,263.68,2384042,0.0
2024-06-06,263.65,263.9614,262.6,263.45,2190196,0.0
2024-06-07,262.89,264.3,262.2458,262.95,1838937,0.0
2024-06-10,262.33,264.0,262.2,263.83,2142670,0.0
2024-06-11,263.0,264.35,261.88,264.28,3017331,0.0
2024-06-12,267.09,268.215,266.21,266.77,2762566,0.0
2024-06-13,267.47,267.8,265.5,266.89,2285244,0.0
2024-06-14,265.86,266.69,265.24,266.69,2205602,0.0
2024-06-17,266.41,269.4,266.04,268.72,2452013,0.0
2024-06-18,268.86,269.54,268.66,269.4,2024347,0.0
2024-06-20,269.94,270.19,267.75,268.72,3168616,0.0
2024-06-21,268.42,268.81,267.4612,268.31,2679439,0.0
2024-06-24,268.34,269.779,267.78,267.86,2226503,0.0
2024-06-25,268.37,268.74,267.49,268.74,2074841,0.0
2024-06-26,267.98,269.1,267.63,268.73,1857531,0.0
2024-06-27,268.62,269.589,268.49,269.38,2655402,0.0
2024-06-28,269.37,270.41,266.95,267.51,2822789,0.0
2024-07-01,268.49,268.49,266.73,268.05,2881044,0.0
2024-07-02,267.46,269.63,267.25,269.6,4207844,0.0
2024-07-03,269.61,270.8995,269.61,270.71,1948509,0.0
2024-07-05,270.82,272.26,270.4,272.12,4237515,0.0
2024-07-08,272.65,272.92,271.91,272.49,2335017,0.0
2024-07-09,272.82,273.18,272.311,272.42,2703874,0.0
2024-07-10,273.21,275.21,272.85,275.06,1992606,0.0
2024-07-11,275.75,276.26,273.44,273.83,3598789,0.0
2024-07-12,274.35,277.357,274.3389,275.64,2729482,0.0
2024-07-15,276.8,278.3,275.88,276.82,3386136,0.0
2024-07-16,277.6,279.21,277.4,279.1,3261052,0.0
2024-07-17,276.24,277.27,274.985,275.16,3346145,0.0
2024-07-18,276.0,276.55,271.65,272.76,2904164,0.0
2024-07-19,272.56,273.33,270.5,271.06,2414152,0.0
2024-07-22,272.78,274.1493,271.9,273.89,2527293,0.0
2024-07-23,273.87,275.1395,273.56,273.69,2229532,0.0
2024-07-24,271.34,271.61,267.08,267.53,3050710,0.0
2024-07-25,267.7,271.07,265.945,266.5,3237817,0.0
2024-07-26,268.64,270.99,268.25,269.69,2757918,0.0
2024-07-29,270.73,271.08,268.7704,269.71,2814350,0.0
2024-07-30,270.5,271.15,266.87,268.59,2174149,0.0
2024-07-31,271.94,274.2896,271.1,272.57,2541526,0.0
2024-08-01,273.25,274.51,266.6121,268.3,3767282,0.0
2024-08-02,264.5,264.77,260.69,262.9,4744241,0.0
2024-08-05,251.21,258.33,251.0,255.18,8463448,0.0
2024-08-06,256.57,261.36,255.53,257.77,5255153,0.0
2024-08-07,261.07,262.35,255.5626,255.8,3398498,0.0
2024-08-08,258.68,262.17,257.5,261.79,2922782,0.0
2024-08-09,261.74,263.64,260.8,262.92,2667356,0.0
2024-08-12,263.63,263.99,261.76,262.75,2548507,0.0
2024-08-13,264.41,267.21,264.3,267.12,2316211,0.0
2024-08-14,267.65,268.47,266.1313,267.88,2335278,0.0
2024-08-15,270.94,272.77,270.58,272.52,3031559,0.0
2024-08-16,271.9,273.54,271.725,273.17,2571935,0.0
2024-08-19,273.62,275.79,273.02,275.75,2660025,0.0
2024-08-20,275.68,276.31,274.4255,275.08,2041866,0.0
2024-08-21,275.77,276.8997,274.95,276.46,1983746,0.0
2024-08-22,277.17,277.59,273.61,274.12,2554281,0.0
2024-08-23,275.74,277.83,275.33,277.59,2281830,0.0
2024-08-26,278.13,278.53,276.255,276.89,2263765,0.0
2024-08-27,276.1,277.38,275.61,277.14,1787938,0.0
2024-08-28,276.8,277.08,273.9195,275.45,1856390,0.0
2024-08-29,276.48,278.31,275.2442,275.72,3018022,0.0
2024-08-30,276.72,278.53,275.085,278.38,2029264,0.0
2024-09-03,276.8,277.0,271.16,272.39,3669700,0.0
2024-09-04,271.005,273.536,270.98,271.78,2946704,0.0
2024-09-05,271.8,273.02,269.83,270.94,3997837,0.0
2024-09-06,271.18,272.04,266.01,266.44,3599857,0.0
2024-09-09,268.39,270.0469,267.58,269.29,2969812,0.0
2024-09-10,270.13,270.49,267.67,270.34,1874652,0.0
2024-09-11,270.22,273.3568,265.92,273.03,2640245,0.0
2024-09-12,273.43,275.55,272.15,275.3,2422039,0.0
2024-09-13,276.0,277.6999,275.76,277.22,2474737,0.0
2024-09-16,277.12,277.8805,276.25,277.77,2065742,0.0
2024-09-17,278.98,279.78,276.97,278.05,2133620,0.0
2024-09-18,278.37,281.06,277.09,277.35,3389903,0.0
2024-09-19,282.1,283.0,280.6,282.05,2660156,0.0
2024-09-20,281.68,282.02,280.0781,281.46,2293603,0.0
2024-09-23,282.2,282.555,281.46,282.16,1920984,0.0
2024-09-24,282.76,282.89,281.14,282.87,1952093,0.0
2024-09-25,282.95,283.15,281.5,281.94,1744156,0.0
2024-09-26,284.27,284.35,282.09,283.2,2616759,0.0
2024-09-27,283.18,283.435,281.463,282.05,2644098,0.0
2024-09-30,281.62,283.3856,280.37,283.16,2829889,0.0
2024-10-01,283.0,283.05,279.16,280.58,4874903,0.0
2024-10-02,280.24,281.17,278.87,280.64,3637510,0.0
2024-10-03,279.83,280.95,278.9,280.04,2369213,0.0
2024-10-04,282.46,282.89,280.345,282.75,2337305,0.0
2024-10-07,282.04,282.13,279.54,280.17,11465570,0.0
2024-10-08,281.28,282.88,280.88,282.53,2164584,0.0
2024-10-09,282.55,284.74,282.26,284.5,2123833,0.0
2024-10-10,283.78,284.61,283.03,283.91,2547233,0.0
2024-10-11,283.97,286.39,283.95,286.11,1799457,0.0
2024-10-14,286.86,288.73,286.6144,288.34,1997049,0.0
2024-10-15,288.32,288.6898,285.91,286.36,3260844,0.0
2024-10-16,286.72,288.11,286.23,287.82,2215254,0.0
2024-10-17,289.47,289.6977,287.73,287.76,2810628,0.0
2024-10-18,288.7,289.262,287.91,288.89,1822120,0.0
2024-10-21,288.51,288.8,286.6395,287.98,2320088,0.0
2024-10-22,286.9,288.2499,286.47,287.65,2029044,0.0
2024-10-23,286.77,286.9052,283.34,285.05,2637314,0.0
2024-10-24,286.12,286.175,284.47,285.81,2235978,0.0
2024-10-25,287.03,288.25,285.05,285.54,2813744,0.0
2024-10-28,287.06,287.48,286.5625,286.7,1874278,0.0
2024-10-29,286.27,287.65,285.45,287.08,2503356,0.0
2024-10-30,286.98,288.1,286.0322,286.37,2204072,0.0
2024-10-31,284.78,284.78,280.96,281.03,3027448,0.0
2024-11-01,282.52,284.49,281.96,282.23,2449367,0.0
2024-11-04,282.17,283.07,280.865,281.72,2383851,0.0
2024-11-05,282.11,285.3,282.01,285.3,2060261,0.0
2024-11-06,292.3,293.61,290.21,293.28,5676826,0.0
2024-11-07,294.02,295.9,294.01,295.33,4108983,0.0
2024-11-08,295.61,297.37,295.5137,296.71,4142370,0.0
2024-11-11,297.93,298.12,296.76,297.54,3200894,0.0
2024-11-12,297.42,297.78,295.09,296.37,3474754,0.0
2024-11-13,296.8,297.55,295.62,296.23,2829056,0.0
2024-11-14,296.5,296.61,293.72,294.04,3280837,0.0
2024-11-15,292.51,292.61,289.35,290.31,4025769,0.0
2024-11-18,290.64,292.24,290.13,291.49,2992125,0.0
2024-11-19,289.9,293.09,289.45,292.83,2342168,0.0
2024-11-20,292.92,293.16,290.135,293.0,2670801,0.0
2024-11-21,294.53,295.77,291.95,295.05,2560659,0.0
2024-11-22,295.13,296.81,295.13,296.51,2639817,0.0
2024-11-25,298.67,299.47,296.9,297.96,3384633,0.0
2024-11-26,298.43,299.385,297.87,299.05,3292833,0.0
2024-11-27,299.13,299.47,297.4017,298.2,2730493,0.0
2024-11-29,298.94,300.38,298.71,299.86,1811915,0.0
2024-12-02,300.3,300.75,299.8,300.43,3583654,0.0
2024-12-03,300.38,300.57,299.6401,300.43,2101218,0.0
2024-12-04,301.48,302.6,301.17,302.45,3258052,0.0
2024-12-05,302.6,302.75,301.52,301.61,2183413,0.0
2024-12-06,302.31,302.945,302.015,302.45,2332856,0.0
2024-12-09,302.53,302.65,300.33,300.52,2953904,0.0
2024-12-10,301.0,301.0,299.07,299.39,2557081,0.0
2024-12-11,301.0,302.2902,300.855,301.8,2235306,0.0
2024-12-12,301.48,301.55,300.04,300.08,2119999,0.0
2024-12-13,301.0,301.2749,299.1001,299.93,2279188,0.0
2024-12-16,300.57,301.75,300.43,301.15,2545400,0.0
2024-12-17,299.96,300.18,299.0,299.66,3059944,0.0
2024-12-18,299.76,300.53,289.95,290.39,3890871,0.0
2024-12-19,292.99,293.7,289.87,289.98,4826208,0.0
2024-12-20,288.61,295.71,288.11,293.28,3836973,0.0
2024-12-23,292.53,294.1897,290.5401,294.0,3704509,0.0
2024-12-24,294.57,297.17,294.25,297.12,2642219,0.0
2024-12-26,296.44,297.78,295.54,297.29,4309083,0.0
2024-12-27,295.33,295.93,291.99,294.07,3636790,0.0
2024-12-30,290.88,292.52,288.78,290.82,4968522,0.0
2024-12-31,291.81,292.1371,289.07,289.81,3893235,0.0
2025-01-02,291.45,292.545,287.345,289.26,3799816,0.0
2025-01-03,290.66,293.35,290.19,293.06,2729826,0.0
2025-01-06,295.2,296.895,293.9333,294.7,3678616,0.0
2025-01-07,295.84,295.87,290.4,291.41,3316993,0.0
2025-01-08,291.42,292.25,289.51,291.68,2971327,0.0
2025-01-10,290.05,290.05,286.22,287.3,4403722,0.0
2025-01-13,285.0,287.88,284.63,287.77,3633299,0.0
2025-01-14,289.41,289.75,286.52,288.42,3803662,0.0
2025-01-15,292.71,294.3,292.1662,293.71,2815260,0.0
2025-01-16,294.23,294.66,292.9319,293.49,3130287,0.0
2025-01-17,296.18,297.1175,295.435,296.2,2603208,0.0
2025-01-21,297.75,299.2215,296.9092,299.14,3893465,0.0
2025-01-22,300.59,301.29,300.27,300.6,3515706,0.0
2025-01-23,300.24,302.18,300.02,302.18,2647808,0.0
2025-01-24,302.26,302.6724,300.8,301.3,2359005,0.0
2025-01-27,295.0,297.5831,294.44,297.1,5321294,0.0
2025-01-28,297.9,300.1099,296.2,299.65,2717273,0.0
2025-01-29,299.32,299.599,296.97,298.37,2620205,0.0
2025-01-30,299.5,301.105,298.28,300.24,2891224,0.0
2025-01-31,301.22,302.6,298.23,298.6,3338461,0.0
2025-02-03,293.32,297.6997,292.7,296.42,5037717,0.0
2025-02-04,296.62,298.74,296.23,298.57,2601945,0.0
2025-02-05,298.24,299.97,297.09,299.95,2226229,0.0
2025-02-06,300.73,300.86,298.9,300.69,2899806,0.0
2025-02-07,300.94,301.6597,297.67,298.0,3631954,0.0
2025-02-10,299.56,300.23,298.91,299.91,2623947,0.0
2025-02-11,298.73,300.07,298.6838,299.75,2719884,0.0
2025-02-12,296.88,299.33,296.24,298.76,3283547,0.0
2025-02-13,299.52,301.97,298.78,301.88,3066774,0.0
2025-02-14,302.0,302.55,301.5,301.84,2376958,0.0
2025-02-18,302.37,302.7,301.22,302.69,2851508,0.0
2025-02-19,301.85,303.3904,301.6821,303.12,2566589,0.0
2025-02-20,302.53,302.7234,299.882,301.49,2863850,0.0
2025-02-21,301.74,301.7935,295.635,295.92,3595026,0.0
2025-02-24,296.96,297.34,293.89,294.41,4465439,0.0
2025-02-25,294.4,294.83,290.54,292.95,3509185,0.0
2025-02-26,293.9,295.695,291.87,293.05,2807312,0.0
2025-02-27,294.34,294.79,288.4,288.51,2747256,0.0
2025-02-28,288.63,293.21,287.35,292.96,3485767,0.0
2025-03-03,293.91,294.72,285.77,287.71,7835571,0.0
2025-03-04,285.2,288.45,281.5,284.12,6449645,0.0
2025-03-05,284.08,288.14,282.32,287.35,3662336,0.0
2025-03-06,283.53,285.8188,280.65,282.01,4836315,0.0
2025-03-07,281.22,284.05,278.11,283.34,3868701,0.0
2025-03-10,279.43,280.28,273.14,275.62,6442941,0.0
2025-03-11,275.0,277.0,271.58,273.69,5282368,0.0
2025-03-12,276.795,277.29,272.48,275.04,3996109,0.0
2025-03-13,274.93,275.0,270.2,271.18,3932466,0.0
2025-03-14,273.6,277.38,273.36,276.99,3610112,0.0
2025-03-17,276.73,280.5965,276.68,279.28,3981121,0.0
2025-03-18,278.2,278.5,275.335,276.27,3120881,0.0
2025-03-19,277.0,281.38,276.625,279.41,2867838,0.0
2025-03-20,277.7,281.2,277.26,278.74,2256439,0.0
2025-03-21,276.41,279.07,275.68,278.85,3382468,0.0
2025-03-24,282.25,284.53,281.9,284.01,3251647,0.0
2025-03-25,284.52,285.09,283.66,284.49,2517248,0.0
2025-03-26,284.15,284.92,280.31,281.16,2473462,0.0
2025-03-27,279.46,281.08,278.05,278.99,2345342,0.0
2025-03-28,278.31,278.75,273.05,273.43,3912899,0.0
2025-03-31,270.27,275.58,268.7305,274.84,6064045,0.0
2025-04-01,273.9,276.79,272.055,275.77,3269917,0.0
2025-04-02,272.85,279.25,272.61,277.95,2594701,0.0
2025-04-03,268.01,269.373,263.7,263.96,8137451,0.0
2025-04-04,256.97,257.7299,248.1808,248.47,16633689,0.0
2025-04-07,240.0,257.03,236.42,247.66,16346700,0.0
2025-04-08,256.5,257.71,240.05,243.75,11064310,0.0
2025-04-09,241.85,268.48,241.62,268.48,12138000,0.0
2025-04-10,261.11,261.66,249.89,257.43,7255672,0.0
2025-04-11,256.71,262.75,254.67,261.74,5007914,0.0
2025-04-14,266.43,266.73,261.4621,264.15,4039902,0.0
2025-04-15,264.25,266.3993,263.15,263.69,4680397,0.0
2025-04-16,260.77,262.5854,255.445,258.21,4295457,0.0
2025-04-17,259.13,260.95,257.3301,258.75,3400998,0.0
2025-04-21,256.23,256.5,249.94,252.6,5523207,0.0
2025-04-22,255.62,260.2065,255.27,259.03,3802289,0.0
2025-04-23,265.93,268.38,262.57,263.44,6842692,0.0
2025-04-24,263.9,269.25,263.393,268.99,3487612,0.0
2025-04-25,268.86,270.8983,267.4076,270.64,3220924,0.0
2025-04-28,271.02,272.26,268.08,271.03,2507695,0.0
2025-04-29,270.13,273.27,270.06,272.66,2209144,0.0
2025-04-30,269.11,273.52,266.25,272.82,4039512,0.0
2025-05-01,275.28,277.28,274.25,274.52,3238000,0.0
2025-05-02,277.52,279.6,276.62,278.8,3170832,0.0
2025-05-05,276.65,278.84,276.39,277.22,2820754,0.0
2025-05-06,274.57,277.1,273.9501,274.97,2444019,0.0
2025-05-07,275.76,277.23,273.58,276.11,2697356,0.0
2025-05-08,278.1,280.8673,276.5003,278.28,2781486,0.0
2025-05-09,279.06,279.6235,277.2508,277.97,2151202,0.0
2025-05-12,286.78,287.27,284.3685,287.27,4184760,0.0
2025-05-13,287.61,290.3472,287.02,289.22,3286796,0.0
2025-05-14,289.72,290.22,288.44,289.41,3198775,0.0
2025-05-15,288.37,290.8556,288.05,290.59,2347024,0.0
2025-05-16,291.08,292.75,290.202,292.58,5440052,0.0
2025-05-19,289.46,293.125,289.32,292.81,3083634,0.0
2025-05-20,291.99,292.5,290.355,291.85,2827180,0.0
2025-05-21,289.54,291.49,286.15,286.77,3166670,0.0
2025-05-22,286.38,288.53,285.88,286.72,2738673,0.0
2025-05-23,283.04,286.23,283.0,285.04,2855772,0.0
2025-05-27,288.46,291.03,287.52,290.9,2980570,0.0
2025-05-28,291.1,291.655,288.8,289.19,2413814,0.0
2025-05-29,291.53,291.82,288.32,290.12,3851641,0.0
2025-05-30,289.47,290.745,286.855,289.88,3178288,0.0
2025-06-02,289.34,291.42,287.58,291.36,2845931,0.0
2025-06-03,291.535,293.847,291.02,293.37,3493717,0.0
2025-06-04,293.82,294.3498,293.03,293.34,2718936,0.0
2025-06-05,293.98,294.9,291.069,291.72,3035764,0.0
2025-06-06,294.71,295.88,294.0225,295.12,2308773,0.0
2025-06-09,295.46,296.27,294.82,295.36,3119667,0.0
2025-06-10,295.74,297.19,295.22,296.92,2823123,0.0
2025-06-11,297.6,298.0677,295.16,296.13,2706554,0.0
2025-06-12,295.3,297.1,295.1,297.08,3092323,0.0
2025-06-13,294.45,296.13,292.84,293.57,3383122,0.0
2025-06-16,295.45,297.3699,295.33,296.47,3113111,0.0
2025-06-17,295.1,296.0465,293.58,294.0,2720404,0.0
2025-06-18,294.32,295.95,293.68,294.11,2409273,0.0
2025-06-20,295.62,295.9941,292.72,293.43,2686087,0.0
2025-06-23,293.49,296.47,291.97,296.25,3340014,0.0
2025-06-24,298.43,300.165,297.94,299.71,3225306,0.0
2025-06-25,300.35,300.425,298.77,299.36,3025946,0.0
2025-06-26,300.37,302.19,300.1,301.94,2286087,0.0
2025-06-27,302.68,304.26,301.39,303.31,3189857,0.0
2025-06-30,303.74,304.53,302.6,303.93,3100040,0.0
2025-07-01,303.04,304.69,302.8,303.93,3970609,0.0
2025-07-02,303.95,305.5594,303.51,305.51,4474722,0.0
2025-07-03,306.55,308.4,306.55,308.03,2238146,0.0
2025-07-07,306.99,307.35,304.2153,305.6,4255808,0.0
2025-07-08,306.09,306.5,305.18,305.58,3497860,0.0
2025-07-09,306.77,307.685,305.8,307.5,2838786,0.0
2025-07-10,307.65,308.925,306.96,308.32,2599171,0.0
2025-07-11,306.88,307.6399,306.15,307.02,2909542,0.0
2025-07-14,306.74,307.95,306.24,307.72,2364506,0.0
2025-07-15,309.09,309.29,306.05,306.1,3447838,0.0
2025-07-16,306.86,307.5544,304.0,307.26,3069738,0.0
2025-07-17,307.5,309.5801,307.31,309.26,4952997,0.0
2025-07-18,310.05,310.2,308.55,309.09,2609068,0.0
2025-07-21,309.94,311.04,309.27,309.44,3205046,0.0
2025-07-22,309.74,310.19,308.23,309.8,2117256,0.0
2025-07-23,311.1,312.45,310.32,312.41,3970919,0.0
2025-07-24,312.5,313.14,312.195,312.3,3661710,0.0
2025-07-25,312.8,313.93,312.41,313.69,3233210,0.0
2025-07-28,314.2,314.24,312.93,313.6,4797910,0.0
2025-07-29,314.34,314.5,312.24,312.61,3745560,0.0
2025-07-30,313.19,314.01,310.77,312.25,5966789,0.0
2025-07-31,314.37,314.84,310.39,310.89,4685867,0.0
2025-08-01,307.98,307.98,304.4,305.74,5607339,0.0
2025-08-04,307.58,310.56,307.58,310.53,4118061,0.0
2025-08-05,310.86,311.338,308.45,309.16,4491817,0.0
2025-08-06,309.55,311.58,309.0501,311.25,3226373,0.0
2025-08-07,313.05,313.4024,309.36,311.07,2974369,0.0
2025-08-08,311.9,313.3,311.69,313.03,2881394,0.0
2025-08-11,313.33,313.93,311.82,312.31,4275206,0.0
2025-08-12,313.72,316.24,312.9801,316.13,3342708,0.0
2025-08-13,317.36,317.93,316.4,317.66,2893615,0.0
2025-08-14,316.32,317.56,316.01,317.19,3486988,0.0
2025-08-15,317.94,317.94,316.01,316.47,3434118,0.0
2025-08-18,316.32,316.81,315.99,316.59,3788571,0.0
2025-08-19,316.58,316.98,314.1,314.67,4135736,0.0
2025-08-20,314.57,314.57,311.24,313.84,6190339,0.0
2025-08-21,312.9,313.84,311.8634,312.76,2697032,0.0
2025-08-22,313.99,318.83,313.68,318.18,3548279,0.0
2025-08-25,317.58,317.97,316.6,316.65,2792723,0.0
2025-08-26,316.74,318.21,316.3347,318.09,2832023,0.0
2025-08-27,317.65,319.25,317.65,318.94,5481253,0.0
2025-08-28,319.43,320.4,318.495,320.1,3236896,0.0
2025-08-29,319.56,319.7,317.2915,318.2,3418766,0.0
2025-09-02,314.52,316.11,313.3,315.99,4816314,0.0
2025-09-03,317.04,317.745,315.86,317.33,3161366,0.0
2025-09-04,317.84,320.23,317.32,320.14,3041972,0.0
2025-09-05,321.61,322.055,317.49,319.55,3872086,0.0
2025-09-08,320.44,320.92,319.71,320.57,4149781,0.0
2025-09-09,320.715,321.28,319.45,320.98,3110528,0.0
2025-09-10,322.5,323.04,320.97,321.8,3702703,0.0
2025-09-11,322.91,325.06,322.5141,324.78,3577788,0.0
2025-09-12,324.8,325.2,324.06,324.31,3055581,0.0
2025-09-15,325.47,326.12,325.21,325.89,3200809,0.0
2025-09-16,326.31,326.4,324.92,325.45,3709285,0.0
2025-09-17,325.66,326.905,322.765,325.16,3643222,0.0
2025-09-18,326.93,328.27,325.92,327.21,3112516,0.0
2025-09-19,328.31,328.85,326.83,328.44,3610364,0.0
2025-09-22,327.755,330.1,327.5438,329.86,3434786,0.0
2025-09-23,329.99,330.36,327.58,328.09,3455182,0.0
2025-09-24,328.9,328.9099,326.27,326.89,2956952,0.0
2025-09-25,325.22,325.84,323.38,325.14,4108104,0.0
2025-09-26,325.89,327.3429,325.22,327.18,3169264,0.0
2025-09-29,327.69,327.81,326.28,327.1,3711754,0.0
2025-09-30,326.9,328.36,325.88,328.17,4210946,0.0
2025-10-01,326.93,329.66,326.6526,329.31,5983133,0.0
2025-10-02,330.2,330.26,328.4501,329.79,4010486,0.0
2025-10-03,330.36,331.735,329.43,329.97,4894017,0.0
2025-10-06,331.41,331.76,330.14,331.21,4899408,0.0
2025-10-07,331.72,331.99,328.8,329.62,4956078,0.0
2025-10-08,330.51,331.87,329.83,331.81,3149299,0.0
2025-10-09,331.93,332.1987,329.75,330.66,3803151,0.0
2025-10-10,331.16,332.15,321.62,321.8,7886724,0.0
2025-10-13,325.785,327.58,325.1632,326.93,4476790,0.0
2025-10-14,323.9,328.62,322.08,326.83,6307297,0.0
2025-10-15,329.39,330.99,325.295,328.38,4245557,0.0
2025-10-16,329.37,329.935,324.08,325.77,5328475,0.0
2025-10-17,325.01,327.94,324.24,327.3,5646772,0.0
2025-10-20,328.95,331.36,328.86,330.95,3919564,0.0
2025-10-21,330.79,331.86,330.12,330.91,4099792,0.0
2025-10-22,331.18,331.2259,326.65,328.9,7357889,0.0
2025-10-23,329.32,331.575,328.99,331.01,2955741,0.0
2025-10-24,333.36,334.54,333.21,333.71,3780088,0.0
2025-10-27,336.7,337.7,336.23,337.43,5496114,0.0
2025-10-28,338.34,338.81,337.11,337.95,3765039,0.0
2025-10-29,338.35,339.0601,335.69,337.71,4818828,0.0
2025-10-30,336.0,337.18,334.05,334.08,5025780,0.0
2025-10-31,336.62,336.62,333.85,335.42,4243081,0.0
2025-11-03,337.0,337.14,333.89,335.8,3344444,0.0
2025-11-04,332.21,334.13,331.389,331.74,3288715,0.0
2025-11-05,331.83,334.68,331.3,333.16,3146967,0.0
2025-11-06,332.79,333.0594,328.63,329.37,2968120,0.0
2025-11-07,328.04,330.125,324.97,330.09,4707092,0.0
2025-11-10,333.32,335.45,332.04,334.92,3658936,0.0
2025-11-11,334.34,336.05,333.749,335.74,2506359,0.0
2025-11-12,336.82,336.925,334.8785,335.86,2730897,0.0
2025-11-13,334.5,334.63,329.24,329.91,4213837,0.0
2025-11-14,326.57,331.85,325.62,329.86,3669197,0.0
2025-11-17,328.705,330.77,324.8,326.43,4336687,0.0
2025-11-18,324.74,326.55,321.9242,324.22,5563257,0.0
2025-11-19,324.65,327.61,323.35,325.28,3538279,0.0
2025-11-20,330.31,331.6,319.85,320.1,4176047,0.0
2025-11-21,321.38,326.32,319.435,323.8,4695333,0.0
2025-11-24,325.51,329.19,324.94,328.64,4167647,0.0
2025-11-25,328.64,332.66,326.76,332.16,3654291,0.0
2025-11-26,333.32,335.49,332.955,334.44,2745511,0.0
2025-11-28,335.4,336.42,334.86,336.31,2287640,0.0
2025-12-01,333.96,336.1,333.75,334.66,4170530,0.0
2025-12-02,335.65,336.36,334.18,335.06,2920009,0.0
2025-12-03,334.76,337.07,334.41,336.56,3779878,0.0
2025-12-04,337.24,337.34,335.59,337.09,3587799,0.0
2025-12-05,337.57,338.96,337.03,337.56,3340543,0.0
2025-12-08,338.2,338.2,335.6012,336.57,3532782,0.0
2025-12-09,336.28,337.55,336.07,336.23,3035694,0.0
2025-12-10,336.12,339.59,335.5,338.73,5697052,0.0
2025-12-11,337.88,339.94,336.4435,339.87,3818952,0.0
2025-12-12,339.5,339.75,334.85,335.99,4258897,0.0
2025-12-15,337.98,338.0,334.68,335.33,3571852,0.0
2025-12-16,334.59,335.51,332.42,334.36,4129247,0.0
2025-12-17,334.92,335.2,330.63,330.71,3980310,0.0
2025-12-18,333.78,335.35,332.47,333.25,3347732,0.0
2025-12-19,334.37,336.59,334.21,336.22,4022606,0.0
2025-12-22,337.0,337.91,336.61,337.6,3782103,0.0
2025-12-23,337.0,338.83,337.0,338.72,3611146,0.0
2025-12-24,338.78,340.1,338.71,339.88,4006460,0.0
2025-12-26,340.135,340.325,339.17,339.67,3543603,0.0
2025-12-29,338.4,339.27,337.57,338.39,3795871,0.0
2025-12-30,338.39,338.78,337.75,337.85,3576246,0.0
2025-12-31,338.04,338.13,335.22,335.27,3493687,0.0
2026-01-02,337.15,337.741,334.6,336.31,5177284,0.0
2026-01-05,338.0,339.6084,337.85,338.84,5442161,0.0
2026-01-06,338.99,341.39,338.81,341.21,6054463,0.0
2026-01-07,341.36,342.075,339.88,340.05,6629562,0.0
2026-01-08,339.77,340.745,339.09,340.14,6800029,0.0
2026-01-09,340.85,342.94,340.0,342.4,6854092,0.0
2026-01-12,340.91,343.41,340.78,343.03,5775945,0.0
2026-01-13,343.4,343.54,341.26,342.34,8088126,0.0
2026-01-14,341.2,341.47,338.905,341.0,12154780,0.0
2026-01-15,343.01,343.665,341.68,342.05,8296861,0.0
2026-01-16,342.87,343.0484,341.07,341.85,6418521,0.0
2026-01-20,336.72,338.625,334.67,335.11,13144320,0.0
2026-01-21,336.19,340.71,335.435,339.08,9761843,0.0
2026-01-22,341.47,342.01,339.985,340.87,5505899,0.0
2026-01-23,340.7,341.55,339.84,340.56,4905901,0.0
2026-01-26,341.15,342.67,340.8,342.03,4957219,0.0
2026-01-27,342.85,343.73,342.29,343.27,3689039,0.0
2026-01-28,344.06,344.42,342.32,343.08,5854752,0.0
2026-01-29,343.54,343.83,337.69,342.29,8936851,0.0
2026-01-30,340.79,342.04,338.36,340.57,9905765,0.0
2026-02-02,339.55,343.29,339.49,342.48,6024494,0.0
2026-02-03,343.02,343.4,336.905,339.85,9060918,0.0
2026-02-04,340.38,340.94,335.93,338.25,8973461,0.0
2026-02-05,335.84,337.23,333.19,333.9,8838501,0.0
2026-02-06,336.07,341.7,335.97,340.96,5093784,0.0
2026-02-09,340.37,343.505,339.8,342.64,4562333,0.0
2026-02-10,343.15,343.93,341.55,341.8,3879358,0.0
2026-02-11,343.95,344.3,339.92,341.47,5056582,0.0
2026-02-12,342.69,343.33,335.625,336.01,7012468,0.0
2026-02-13,336.61,338.98,334.27,336.65,8039375,0.0
2026-02-17,336.11,338.18,333.57,337.07,7112291,0.0
2026-02-18,337.89,340.37,337.06,338.83,5718303,0.0
2026-02-19,337.725,338.88,336.6,338.19,4401624,0.0
2026-02-20,336.99,340.71,336.82,340.27,7051498,0.0
2026-02-23,339.5,340.455,335.435,336.46,10771950,0.0
2026-02-24,336.35,339.6165,335.49,339.21,3642358,0.0
2026-02-25,340.6,342.125,340.315,341.83,3983349,0.0
2026-02-26,342.0,342.13,337.9,340.49,4984478,0.0
2026-02-27,337.33,338.99,336.4898,338.77,6041819,0.0
2026-03-02,335.01,340.13,334.69,339.12,7225692,0.0
2026-03-03,333.08,337.0,330.19,335.73,10751600,0.0
2026-03-04,336.79,339.06,335.34,338.19,5462509,0.0
2026-03-05,336.58,338.36,333.14,336.0,8664932,0.0
2026-03-06,331.91,333.15,330.0,331.41,8635493,0.0
2026-03-09,328.2,335.1,326.13,334.28,8505752,0.0
2026-03-10,334.06,336.9,332.49,333.51,7767702,0.0
2026-03-11,333.91,334.94,331.66,333.24,8631904,0.0
2026-03-12,330.7,330.82,327.83,327.92,7011933,0.0
2026-03-13,329.49,331.1,325.67,326.13,6294851,0.0
2026-03-16,329.22,330.97,328.57,329.46,3766898,0.0
2026-03-17,331.0,332.32,330.14,330.57,3181374,0.0
2026-03-18,329.41,330.0,325.895,326.02,3919432,0.0
2026-03-19,323.66,327.01,322.76,325.44,5183143,0.0
2026-03-20,324.85,324.99,318.565,320.34,6532894,0.0
2026-03-23,325.015,327.85,323.47,324.19,7888310,0.0
2026-03-24,321.66,325.13,321.35,323.18,4382400,0.0
2026-03-25,326.0,327.2,323.72,325.15,3625551,0.0
2026-03-26,322.85,324.42,319.39,319.55,4794444,0.0
2026-03-27,317.27,317.47,312.5,313.09,7027267,0.0
2026-03-30,315.9,316.0,310.399,311.68,6510921,0.0
2026-03-31,315.35,321.52,314.75,320.81,6764032,0.0
2026-04-01,322.91,325.09,322.28,323.24,5540501,0.0
2026-04-02,318.97,324.9,318.225,323.76,3653372,0.0
2026-04-06,323.95,325.62,323.585,325.21,4401879,0.0
2026-04-07,324.22,325.58,321.465,325.43,3567505,0.0
2026-04-08,334.19,334.4799,331.58,333.7,5384335,0.0
2026-04-09,333.31,336.13,332.435,335.45,3436811,0.0
2026-04-10,336.13,336.55,334.57,335.05,2581277,0.0
2026-04-13,333.94,338.74,333.64,338.67,3027336,0.0
2026-04-14,339.8,342.7799,339.6,342.65,3380536,0.0
2026-04-15,343.25,345.41,342.61,345.24,3978475,0.0
2026-04-16,345.7,346.64,344.56,346.03,3837250,0.0
2026-04-17,348.43,351.745,348.18,350.53,4258457,0.0
2026-04-20,349.9,350.61,348.835,350.21,4054133,0.0
2026-04-21,351.05,351.74,347.165,347.84,4910091,0.0
2026-04-22,350.31,351.31,349.95,351.22,2486041,0.0
2026-04-23,350.52,351.69,346.55,349.8,3366712,0.0
2026-04-24,350.87,352.37,349.67,352.05,2705683,0.0
2026-04-27,352.0,352.81,351.28,352.53,2814186,0.0
2026-04-28,351.19,351.61,349.49,350.63,3071572,0.0
2026-04-29,350.46,350.69,348.67,350.21,2742515,0.0
2026-04-30,351.55,354.69,350.0203,354.18,2723427,0.0
2026-05-01,355.56,357.15,355.08,355.29,3752007,0.0
2026-05-04,355.08,356.17,352.53,353.98,3012428,0.0
2026-05-05,355.79,357.58,355.77,356.99,2722213,0.0
2026-05-06,359.46,362.27,359.12,361.86,3794293,0.0
2026-05-07,362.62,362.72,359.38,360.2,3500894,0.0
2026-05-08,362.01,363.125,361.47,362.87,2867447,0.0
2026-05-11,362.61,364.48,362.415,363.63,3672228,0.0
2026-05-12,362.52,363.16,359.62,362.79,3067454,0.0
2026-05-13,363.22,365.4,361.36,364.71,3305266,0.0
2026-05-14,365.5,368.25,365.42,367.4,2931653,0.0
2026-05-15,364.53,364.93,362.275,362.74,3403989,0.0
2026-05-18,363.34,364.0688,359.98,362.36,3577589,0.0
2026-05-19,360.65,361.97,358.802,360.06,3169353,0.0
2026-05-20,361.2,364.39,360.2,364.19,3152983,0.0
2026-05-21,362.8,366.07,362.13,365.09,2766256,0.0
2026-05-22,366.81,368.3,366.09,366.79,2647245,0.0
2026-05-26,368.98,370.24,368.4049,369.46,3572108,0.0
2026-05-27,369.5,370.05,368.4,369.36,3102384,0.0
2026-05-28,369.53,371.92,368.75,371.66,2951085,0.0
2026-05-29,372.04,373.13,371.3525,372.54,3166305,0.0
2026-06-01,372.18,374.44,371.48,373.4,6894653,0.0
2026-06-02,372.88,374.7,372.63,374.36,2682603,0.0
2026-06-03,373.85,373.95,371.315,371.65,3409585,0.0
2026-06-04,370.62,373.99,370.36,373.38,3125639,0.0
2026-06-05,370.98,371.1798,362.46,363.38,5205411,0.0
2026-06-08,366.69,367.5799,364.04,364.47,5431922,0.0
2026-06-09,366.7,368.66,356.2825,363.67,4687865,0.0
2026-06-10,361.87,364.56,357.9,358.04,3389821,0.0
2026-06-11,359.63,365.5,357.75,364.3,3964236,0.0
2026-06-12,366.18,367.93,363.225,366.36,3230595,0.0
2026-06-15,371.8,373.64,371.55,372.53,3560951,0.0
2026-06-16,372.79,373.1599,370.1,370.37,2805769,0.0
2026-06-17,370.78,371.52,365.08,365.76,4766750,0.0
2026-06-18,370.56,370.62,368.3401,369.99,3413596,0.0
2026-06-22,370.28,371.56,368.19,368.81,3295194,0.0
2026-06-23,363.27,366.66,362.8701,363.7,3175544,0.0
2026-06-24,364.788,367.115,362.63,363.65,3035993,0.0
2026-06-25,366.48,366.83,362.31,363.98,2900613,0.0
2026-06-26,360.88,364.79,359.95,362.22,2739430,0.0
2026-06-29,365.15,367.39,362.549,367.12,3829930,0.0
2026-06-30,367.31,370.61,367.09,370.04,4222172,0.0
2026-07-01,369.34,371.38,367.84,369.27,2852369,0.0
2026-07-02,370.39,372.24,366.18,368.76,3122301,0.0
2026-07-06,370.33,372.28,369.96,371.67,3271344,0.0
2026-07-07,371.31,371.7499,368.48,369.61,2881626,0.0
2026-07-08,367.61,368.5833,365.31,368.25,3864261,0.0
2026-07-09,369.47,371.8451,368.7,371.45,5484253,0.0
2026-07-10,372.0,372.97,369.52,372.69,2765861,0.0
2026-07-13,371.59,372.22,369.25,369.78,2931008,0.0
2026-07-14,371.0,371.97,369.75,371.16,3403861,0.0
2026-07-15,372.3,372.96,370.24,372.42,2913939,0.0
2026-07-16,371.55,372.56,369.19,370.58,3215131,0.0
2026-07-17,366.48,369.08,365.7201,367.01,3155046,0.0
2026-07-20,368.75,369.64,366.08,366.25,2863053,0.0
2026-07-21,368.15,369.85,367.3401,369.45,2139919,0.0
2026-07-22,368.81,370.159,368.57,368.87,2389213,0.0
2026-07-23,365.13,366.76,363.1,364.69,3276280,0.0
2026-07-24,364.9,367.3,364.1014,364.8,2609718,0.0
2026-07-27,367.68,368.32,363.61,365.18,2868658,0.0
2026-07-28,365.02,366.8993,363.55,365.99,2635219,0.0
2026-07-29,365.59,366.88,360.2,360.42,4151003,0.0
2026-07-30,363.81,366.58,362.64,366.27,2882432,0.0
2026-07-31,367.8,369.3376,363.95,368.21,3198548,0.0
2026-08-03,369.5,374.26,369.0,373.84,3429584,0.0
2026-08-04,375.35,381.74,375.3,380.82,3302432,0.0
2026-08-05,382.82,383.29,379.56,379.65,2840721,0.0
2026-08-06,379.82,380.94,378.64,379.07,3090038,0.0
2026-08-07,380.69,382.0709,379.93,381.78,2317869,0.0
2026-08-10,381.63,382.66,381.1,381.63,5170871,0.0
2026-08-11,382.51,382.6,380.19,380.65,3900056,0.0
2026-08-12,382.75,382.82,381.13,381.83,2795932,0.0
2026-08-13,383.03,385.12,382.64,384.3,2324186,0.0
