date,open,high,low,close,volume,amount
2011-12-09,0.795,0.814,0.795,0.797,1061772,85143978.0
2011-12-12,0.79,0.803,0.79,0.79,311065,24856695.0
2011-12-13,0.788,0.788,0.763,0.768,967443,74527488.0
2011-12-14,0.768,0.777,0.755,0.76,816094,62820182.0
2011-12-15,0.755,0.764,0.747,0.752,417005,31372889.0
2011-12-16,0.75,0.784,0.748,0.781,829384,63512993.0
2011-12-19,0.775,0.795,0.766,0.795,1068735,83155277.0
2011-12-20,0.795,0.8,0.78,0.78,651991,51697414.0
2011-12-21,0.786,0.791,0.766,0.766,485425,37964790.0
2011-12-22,0.756,0.768,0.73,0.757,709384,53194489.0
2011-12-23,0.75,0.773,0.749,0.761,1013603,77374054.0
2011-12-26,0.759,0.773,0.751,0.755,456854,34883835.0
2011-12-27,0.75,0.754,0.727,0.729,1099159,81111921.0
2011-12-28,0.72,0.724,0.703,0.719,1157038,82723708.0
2011-12-29,0.713,0.726,0.711,0.718,339720,24384469.0
2011-12-30,0.723,0.732,0.722,0.729,772575,56350410.0
2012-01-04,0.735,0.739,0.708,0.708,360493,26238606.0
2012-01-05,0.705,0.705,0.666,0.672,663822,45442460.0
2012-01-06,0.668,0.676,0.647,0.67,1387940,91888786.0
2012-01-09,0.667,0.698,0.658,0.696,1778470,121144405.0
2012-01-10,0.696,0.722,0.691,0.72,755561,53514933.0
2012-01-11,0.717,0.731,0.711,0.723,1259413,90911698.0
2012-01-12,0.717,0.73,0.71,0.711,798386,57588941.0
2012-01-13,0.709,0.711,0.666,0.668,2112041,144361268.0
2012-01-16,0.656,0.66,0.635,0.635,925035,60088861.0
2012-01-17,0.635,0.67,0.627,0.666,2269982,148188816.0
2012-01-18,0.665,0.669,0.624,0.624,877041,56889723.0
2012-01-19,0.619,0.639,0.615,0.635,1010846,63936742.0
2012-01-20,0.634,0.653,0.634,0.648,1076398,69456703.0
2012-01-30,0.649,0.663,0.645,0.655,923796,60531023.0
2012-01-31,0.652,0.655,0.638,0.65,620032,40008395.0
2012-02-01,0.651,0.666,0.648,0.653,1507847,99015040.0
2012-02-02,0.654,0.67,0.653,0.67,738967,48864461.0
2012-02-03,0.669,0.685,0.664,0.682,1039458,70136480.0
2012-02-06,0.683,0.693,0.683,0.69,1299405,89274213.0
2012-02-07,0.683,0.685,0.671,0.675,1092322,73984413.0
2012-02-08,0.677,0.697,0.671,0.696,2008554,138357146.0
2012-02-09,0.694,0.708,0.693,0.701,1164092,81658826.0
2012-02-10,0.7,0.708,0.695,0.701,1130998,79364368.0
2012-02-13,0.694,0.721,0.691,0.718,1172846,83228130.0
2012-02-14,0.715,0.719,0.708,0.715,580792,41446510.0
2012-02-15,0.714,0.727,0.708,0.726,791498,56890899.0
2012-02-16,0.723,0.734,0.715,0.723,500557,36292632.0
2012-02-17,0.726,0.728,0.71,0.719,679877,48817025.0
2012-02-20,0.725,0.734,0.722,0.723,391839,28510220.0
2012-02-21,0.721,0.739,0.716,0.738,773069,56310961.0
2012-02-22,0.738,0.767,0.737,0.762,1931576,145668229.0
2012-02-23,0.765,0.768,0.75,0.76,1242342,94457362.0
2012-02-24,0.758,0.768,0.755,0.764,1364450,103963550.0
2012-02-27,0.764,0.774,0.761,0.763,1102134,84590331.0
2012-02-28,0.758,0.759,0.74,0.75,938066,70379312.0
2012-02-29,0.745,0.751,0.734,0.737,827837,61373415.0
2012-03-01,0.733,0.75,0.733,0.743,825474,61405431.0
2012-03-02,0.744,0.759,0.743,0.759,645976,48707204.0
2012-03-05,0.76,0.769,0.758,0.761,471584,36037263.0
2012-03-06,0.756,0.76,0.744,0.752,541517,40655335.0
2012-03-07,0.743,0.761,0.74,0.749,613844,46156961.0
2012-03-08,0.75,0.766,0.75,0.765,401791,30555141.0
2012-03-09,0.767,0.78,0.765,0.779,1229444,95119583.0
2012-03-12,0.783,0.787,0.779,0.786,1078037,84349755.0
2012-03-13,0.787,0.794,0.783,0.793,353074,27843720.0
2012-03-14,0.8,0.802,0.751,0.756,1256207,97200548.0
2012-03-15,0.759,0.762,0.735,0.747,1291505,96567650.0
2012-03-16,0.749,0.769,0.747,0.767,983076,74565376.0
2012-03-19,0.764,0.783,0.763,0.78,654365,50532542.0
2012-03-20,0.775,0.776,0.755,0.756,890518,68206124.0
2012-03-21,0.759,0.763,0.738,0.75,681998,50961556.0
2012-03-22,0.75,0.759,0.743,0.752,513535,38611832.0
2012-03-23,0.75,0.752,0.735,0.74,776488,57804279.0
2012-03-26,0.738,0.744,0.732,0.739,215877,15910669.0
2012-03-27,0.746,0.748,0.735,0.737,372738,27699841.0
2012-03-28,0.733,0.733,0.699,0.7,462982,32966595.0
2012-03-29,0.698,0.698,0.678,0.686,643974,44421677.0
2012-03-30,0.686,0.69,0.677,0.683,278797,19028335.0
2012-04-05,0.68,0.702,0.678,0.701,648609,44924070.0
2012-04-06,0.7,0.708,0.695,0.703,505092,35485592.0
2012-04-09,0.701,0.705,0.691,0.691,255383,17836989.0
2012-04-10,0.691,0.701,0.675,0.7,432217,29705702.0
2012-04-11,0.69,0.704,0.688,0.701,405369,28306941.0
2012-04-12,0.701,0.718,0.699,0.718,713463,50714407.0
2012-04-13,0.719,0.728,0.716,0.722,635922,45925375.0
2012-04-16,0.715,0.723,0.713,0.719,370351,26581619.0
2012-04-17,0.719,0.721,0.708,0.71,350163,24975119.0
2012-04-18,0.713,0.73,0.712,0.728,1247346,90213545.0
2012-04-19,0.726,0.732,0.724,0.728,618379,45105524.0
2012-04-20,0.726,0.732,0.723,0.729,546081,39793484.0
2012-04-23,0.725,0.725,0.686,0.686,1416033,98936164.0
2012-04-24,0.681,0.691,0.664,0.683,682601,46442462.0
2012-04-25,0.681,0.688,0.676,0.684,349221,23827827.0
2012-04-26,0.689,0.689,0.676,0.681,361390,24719897.0
2012-04-27,0.68,0.693,0.678,0.688,444964,30608611.0
2012-05-02,0.696,0.701,0.689,0.698,661550,46100122.0
2012-05-03,0.697,0.704,0.694,0.703,580504,40676465.0
2012-05-04,0.703,0.719,0.703,0.719,849684,60671969.0
2012-05-07,0.717,0.737,0.714,0.737,961354,69948272.0
2012-05-08,0.739,0.743,0.734,0.734,1159377,85664871.0
2012-05-09,0.729,0.733,0.722,0.724,644415,46811214.0
2012-05-10,0.725,0.735,0.723,0.732,759576,55535878.0
2012-05-11,0.73,0.735,0.722,0.722,581807,42365968.0
2012-05-14,0.728,0.735,0.721,0.722,884658,64332808.0
2012-05-15,0.718,0.725,0.713,0.724,431853,31057993.0
2012-05-16,0.723,0.727,0.714,0.714,609531,43806594.0
2012-05-17,0.715,0.724,0.707,0.72,512169,36787881.0
2012-05-18,0.715,0.722,0.709,0.712,310182,22262298.0
2012-05-21,0.712,0.717,0.703,0.708,625508,44519544.0
2012-05-22,0.711,0.722,0.711,0.721,427355,30676894.0
2012-05-23,0.72,0.722,0.71,0.716,190881,13691499.0
2012-05-24,0.715,0.723,0.714,0.716,608668,43765894.0
2012-05-25,0.718,0.72,0.705,0.706,350700,24978677.0
2012-05-28,0.701,0.714,0.69,0.712,863871,60861793.0
2012-05-29,0.709,0.733,0.708,0.725,570213,41273293.0
2012-05-30,0.725,0.737,0.723,0.732,505872,37042126.0
2012-05-31,0.73,0.747,0.728,0.74,851395,62884138.0
2012-06-01,0.739,0.746,0.735,0.739,424837,31423674.0
2012-06-04,0.727,0.741,0.723,0.723,399901,29143407.0
2012-06-05,0.724,0.73,0.718,0.721,246055,17801089.0
2012-06-06,0.723,0.729,0.716,0.72,187240,13561864.0
2012-06-07,0.725,0.732,0.715,0.717,172865,12494831.0
2012-06-08,0.724,0.728,0.715,0.721,606894,43936337.0
2012-06-11,0.721,0.744,0.72,0.744,889516,65296979.0
2012-06-12,0.74,0.746,0.738,0.741,1617943,119912727.0
2012-06-13,0.743,0.753,0.742,0.752,625821,46867352.0
2012-06-14,0.751,0.757,0.744,0.745,574178,43133875.0
2012-06-15,0.748,0.753,0.739,0.747,420843,31462465.0
2012-06-18,0.755,0.763,0.751,0.759,414608,31380788.0
2012-06-19,0.758,0.758,0.751,0.752,394249,29741089.0
2012-06-20,0.755,0.758,0.751,0.754,795285,59971588.0
2012-06-21,0.753,0.753,0.737,0.744,350100,26018150.0
2012-06-25,0.74,0.742,0.729,0.73,248726,18304532.0
2012-06-26,0.725,0.727,0.71,0.721,979512,70325082.0
2012-06-27,0.72,0.736,0.719,0.725,538399,39309278.0
2012-06-28,0.726,0.735,0.716,0.716,388718,28158119.0
2012-06-29,0.713,0.734,0.712,0.734,1030934,74359840.0
2012-07-02,0.74,0.753,0.735,0.75,484548,36073396.0
2012-07-03,0.747,0.758,0.745,0.749,417137,31338313.0
2012-07-04,0.752,0.753,0.742,0.743,265669,19859267.0
2012-07-05,0.741,0.741,0.726,0.728,771298,56525684.0
2012-07-06,0.732,0.745,0.718,0.745,1664871,122166129.0
2012-07-09,0.74,0.743,0.725,0.725,677715,50016696.0
2012-07-10,0.724,0.727,0.716,0.72,631005,45489553.0
2012-07-11,0.719,0.726,0.713,0.726,427003,30766078.0
2012-07-12,0.723,0.742,0.721,0.738,640806,47011574.0
2012-07-13,0.737,0.741,0.726,0.73,435717,32012361.0
2012-07-16,0.73,0.73,0.696,0.697,285046,20278305.0
2012-07-17,0.688,0.702,0.688,0.702,410815,28685795.0
2012-07-18,0.698,0.708,0.69,0.707,649550,45437908.0
2012-07-19,0.704,0.72,0.704,0.714,713164,51019152.0
2012-07-20,0.714,0.719,0.709,0.71,281832,20140610.0
2012-07-23,0.701,0.714,0.701,0.711,254230,18036372.0
2012-07-24,0.707,0.718,0.702,0.711,490172,34904082.0
2012-07-25,0.711,0.721,0.708,0.713,370049,26516095.0
2012-07-26,0.712,0.723,0.709,0.712,396289,28399628.0
2012-07-27,0.715,0.716,0.704,0.709,193436,13711895.0
2012-07-30,0.708,0.714,0.692,0.694,129821,9111296.0
2012-07-31,0.691,0.693,0.678,0.683,1392908,95599450.0
2012-08-01,0.682,0.701,0.682,0.695,811924,56391312.0
2012-08-02,0.694,0.7,0.689,0.695,396258,27520222.0
2012-08-03,0.697,0.719,0.695,0.719,596821,42331322.0
2012-08-06,0.714,0.738,0.712,0.736,846426,61664248.0
2012-08-07,0.736,0.743,0.735,0.741,390165,28826362.0
2012-08-08,0.741,0.741,0.728,0.735,287187,21084483.0
2012-08-09,0.736,0.749,0.732,0.748,622063,46290405.0
2012-08-10,0.747,0.75,0.739,0.748,260095,19398272.0
2012-08-13,0.746,0.747,0.732,0.732,202545,14989556.0
2012-08-14,0.73,0.743,0.717,0.742,809271,59010799.0
2012-08-15,0.739,0.742,0.733,0.734,402847,29709817.0
2012-08-16,0.732,0.736,0.727,0.729,172661,12617882.0
2012-08-17,0.727,0.729,0.718,0.727,428044,30988098.0
2012-08-20,0.719,0.738,0.717,0.736,739893,54121183.0
2012-08-21,0.735,0.758,0.734,0.753,959658,72001004.0
2012-08-22,0.753,0.762,0.747,0.752,690739,52180765.0
2012-08-23,0.751,0.758,0.748,0.755,681603,51401603.0
2012-08-24,0.753,0.756,0.739,0.739,348915,26071766.0
2012-08-27,0.736,0.736,0.726,0.728,575115,42101079.0
2012-08-28,0.727,0.74,0.722,0.733,1041455,76263560.0
2012-08-29,0.73,0.741,0.727,0.731,714669,52576128.0
2012-08-30,0.727,0.734,0.697,0.707,2098216,149871639.0
2012-08-31,0.704,0.715,0.702,0.713,703634,50058587.0
2012-09-03,0.71,0.73,0.705,0.729,914800,66276077.0
2012-09-04,0.729,0.737,0.725,0.728,410945,30047730.0
2012-09-05,0.724,0.738,0.722,0.736,637442,46733235.0
2012-09-06,0.738,0.745,0.732,0.744,504693,37307771.0
2012-09-07,0.748,0.776,0.748,0.766,1315267,100300343.0
2012-09-10,0.768,0.77,0.76,0.767,779668,59701858.0
2012-09-11,0.764,0.768,0.76,0.766,264110,20193734.0
2012-09-12,0.768,0.771,0.758,0.766,567210,43416307.0
2012-09-13,0.766,0.771,0.751,0.751,263806,20140688.0
2012-09-14,0.755,0.759,0.745,0.748,517150,38876874.0
2012-09-17,0.746,0.746,0.727,0.727,358803,26476534.0
2012-09-18,0.723,0.736,0.723,0.729,647043,47298221.0
2012-09-19,0.729,0.736,0.727,0.734,883205,64745009.0
2012-09-20,0.733,0.733,0.707,0.712,269996,19394154.0
2012-09-21,0.712,0.713,0.694,0.694,1044144,73534581.0
2012-09-24,0.69,0.702,0.682,0.696,1210178,84208797.0
2012-09-25,0.69,0.699,0.684,0.684,224576,15544724.0
2012-09-26,0.686,0.687,0.664,0.666,299801,20236869.0
2012-09-27,0.67,0.686,0.668,0.683,1262489,85739186.0
2012-09-28,0.677,0.696,0.674,0.696,1811373,125074489.0
2012-10-08,0.69,0.697,0.68,0.697,218136,15099691.0
2012-10-09,0.698,0.718,0.693,0.717,689315,49106543.0
2012-10-10,0.716,0.727,0.711,0.725,622087,44936711.0
2012-10-11,0.725,0.729,0.715,0.717,336412,24295744.0
2012-10-12,0.717,0.726,0.703,0.711,546107,39067623.0
2012-10-15,0.712,0.712,0.697,0.708,172886,12157042.0
2012-10-16,0.707,0.716,0.702,0.709,660981,46956475.0
2012-10-17,0.709,0.715,0.704,0.713,586841,41713834.0
2012-10-18,0.713,0.727,0.713,0.724,660799,47660848.0
2012-10-19,0.724,0.727,0.719,0.723,200998,14510928.0
2012-10-22,0.717,0.729,0.717,0.728,170945,12399679.0
2012-10-23,0.729,0.73,0.712,0.713,255885,18384490.0
2012-10-24,0.708,0.718,0.708,0.711,187707,13418404.0
2012-10-25,0.71,0.717,0.699,0.699,307468,21670712.0
2012-10-26,0.699,0.699,0.683,0.688,223240,15397347.0
2012-10-29,0.688,0.695,0.685,0.692,131864,9102434.0
2012-10-30,0.691,0.7,0.69,0.692,258520,17970302.0
2012-10-31,0.692,0.696,0.688,0.695,108355,7498326.0
2012-11-01,0.697,0.708,0.695,0.706,249390,17546042.0
2012-11-02,0.704,0.707,0.7,0.705,134040,9436904.0
2012-11-05,0.705,0.707,0.694,0.696,140448,9788659.0
2012-11-06,0.693,0.696,0.683,0.693,118024,8141110.0
2012-11-07,0.694,0.697,0.69,0.692,91881,6362707.0
2012-11-08,0.687,0.689,0.679,0.679,103003,7042138.0
2012-11-09,0.678,0.683,0.676,0.678,62687,4254704.0
2012-11-12,0.679,0.685,0.675,0.682,120949,8231863.0
2012-11-13,0.682,0.682,0.669,0.671,73749,4978601.0
2012-11-14,0.671,0.672,0.661,0.669,90478,6034815.0
2012-11-15,0.667,0.671,0.661,0.663,77339,5152392.0
2012-11-16,0.663,0.664,0.658,0.661,98280,6490113.0
2012-11-19,0.661,0.661,0.65,0.661,141239,9262353.0
2012-11-20,0.662,0.666,0.658,0.661,124098,8203574.0
2012-11-21,0.661,0.668,0.65,0.666,462706,30493812.0
2012-11-22,0.662,0.662,0.653,0.655,81409,5355106.0
2012-11-23,0.657,0.66,0.652,0.656,84378,5538395.0
2012-11-26,0.656,0.656,0.642,0.643,81136,5254191.0
2012-11-27,0.644,0.644,0.619,0.62,289685,18158985.0
2012-11-28,0.617,0.62,0.609,0.611,313015,19154746.0
2012-11-29,0.613,0.616,0.606,0.607,227926,13954035.0
2012-11-30,0.605,0.613,0.604,0.608,423819,25873456.0
2012-12-03,0.608,0.611,0.597,0.598,152450,9216863.0
2012-12-04,0.597,0.607,0.589,0.603,644276,38597592.0
2012-12-05,0.603,0.632,0.6,0.627,855070,53291523.0
2012-12-06,0.627,0.633,0.622,0.626,245122,15372317.0
2012-12-07,0.626,0.642,0.623,0.641,584985,37293154.0
2012-12-10,0.641,0.652,0.638,0.649,419438,27128947.0
2012-12-11,0.647,0.649,0.641,0.642,140421,9066237.0
2012-12-12,0.641,0.644,0.633,0.642,211085,13503358.0
2012-12-13,0.64,0.644,0.632,0.633,109483,6985426.0
2012-12-14,0.633,0.663,0.633,0.661,1426724,93088774.0
2012-12-17,0.661,0.663,0.647,0.654,277173,18097264.0
2012-12-18,0.652,0.659,0.647,0.649,330363,21590000.0
2012-12-19,0.65,0.658,0.647,0.654,430816,28237087.0
2012-12-20,0.651,0.661,0.65,0.661,324038,21255130.0
2012-12-21,0.661,0.674,0.656,0.671,456461,30495680.0
2012-12-24,0.668,0.683,0.667,0.683,327318,22188428.0
2012-12-25,0.678,0.699,0.678,0.697,438774,30314143.0
2012-12-26,0.697,0.713,0.692,0.711,298091,20989286.0
2012-12-27,0.712,0.715,0.7,0.703,640556,45262468.0
2012-12-28,0.701,0.709,0.696,0.709,403729,28418339.0
2012-12-31,0.711,0.713,0.705,0.713,469280,33337148.0
2013-01-04,0.72,0.721,0.7,0.708,195374,13821761.0
2013-01-07,0.703,0.721,0.702,0.721,413338,29559201.0
2013-01-08,0.72,0.74,0.717,0.737,802998,58672037.0
2013-01-09,0.734,0.742,0.728,0.735,464822,34148878.0
2013-01-10,0.734,0.746,0.731,0.743,373498,27631099.0
2013-01-11,0.744,0.747,0.73,0.731,401086,29614684.0
2013-01-14,0.73,0.764,0.73,0.762,581617,43839467.0
2013-01-15,0.766,0.784,0.765,0.78,665245,51665598.0
2013-01-16,0.78,0.78,0.761,0.774,335897,25939707.0
2013-01-17,0.774,0.777,0.767,0.768,402748,31116159.0
2013-01-18,0.772,0.79,0.772,0.79,888758,69759652.0
2013-01-21,0.79,0.795,0.783,0.794,322880,25550009.0
2013-01-22,0.792,0.793,0.769,0.774,636260,49764292.0
2013-01-23,0.774,0.783,0.764,0.781,365371,28199402.0
2013-01-24,0.78,0.788,0.752,0.759,643381,49884457.0
2013-01-25,0.755,0.768,0.755,0.763,318683,24316542.0
2013-01-28,0.764,0.786,0.764,0.786,431379,33505425.0
2013-01-29,0.788,0.797,0.786,0.792,427087,33871595.0
2013-01-30,0.793,0.793,0.777,0.784,376243,29510302.0
2013-01-31,0.784,0.786,0.771,0.78,237841,18458357.0
2013-02-01,0.778,0.787,0.774,0.783,431919,33824349.0
2013-02-04,0.784,0.788,0.766,0.771,378951,29426053.0
2013-02-05,0.767,0.785,0.766,0.784,436814,34039691.0
2013-02-06,0.782,0.796,0.78,0.791,816403,64474520.0
2013-02-07,0.79,0.807,0.788,0.806,809221,64689467.0
2013-02-08,0.806,0.825,0.805,0.822,1117257,91311325.0
2013-02-18,0.827,0.834,0.823,0.832,822440,68182027.0
2013-02-19,0.833,0.833,0.814,0.818,725873,59523387.0
2013-02-20,0.816,0.851,0.815,0.851,1055827,88519309.0
2013-02-21,0.845,0.853,0.827,0.838,821686,69160952.0
2013-02-22,0.837,0.848,0.833,0.835,453807,38117508.0
2013-02-25,0.833,0.857,0.833,0.854,687822,58324136.0
2013-02-26,0.851,0.864,0.844,0.85,852343,73088045.0
2013-02-27,0.85,0.855,0.833,0.842,531160,44725196.0
2013-02-28,0.843,0.861,0.84,0.86,479318,40819446.0
2013-03-01,0.86,0.885,0.858,0.885,800173,70035536.0
2013-03-04,0.878,0.886,0.849,0.863,947831,82778119.0
2013-03-05,0.863,0.887,0.854,0.887,728769,63710441.0
2013-03-06,0.888,0.904,0.886,0.902,638779,57418447.0
2013-03-07,0.899,0.9,0.865,0.88,695404,61440747.0
2013-03-08,0.878,0.883,0.858,0.863,538787,46688524.0
2013-03-11,0.859,0.871,0.854,0.867,208084,17998829.0
2013-03-12,0.867,0.871,0.825,0.836,806408,67809655.0
2013-03-13,0.832,0.836,0.817,0.832,377387,31224311.0
2013-03-14,0.829,0.845,0.825,0.84,447904,37606427.0
2013-03-15,0.837,0.868,0.834,0.853,646482,55222288.0
2013-03-18,0.848,0.861,0.845,0.85,660709,56443113.0
2013-03-19,0.847,0.853,0.826,0.841,260533,21861535.0
2013-03-20,0.841,0.865,0.838,0.864,809713,69304989.0
2013-03-21,0.865,0.886,0.865,0.88,690381,60570554.0
2013-03-22,0.878,0.883,0.872,0.878,325169,28513614.0
2013-03-25,0.882,0.884,0.87,0.88,331232,29025491.0
2013-03-26,0.875,0.879,0.856,0.872,504714,43794638.0
2013-03-27,0.872,0.884,0.87,0.882,305655,26803839.0
2013-03-28,0.87,0.877,0.855,0.864,416560,36083670.0
2013-03-29,0.865,0.87,0.857,0.86,339706,29268837.0
2013-04-01,0.861,0.88,0.85,0.875,192523,16777204.0
2013-04-02,0.877,0.884,0.839,0.847,390503,33508966.0
2013-04-03,0.84,0.848,0.825,0.829,218596,18183898.0
2013-04-08,0.821,0.854,0.815,0.854,351710,29476215.0
2013-04-09,0.853,0.864,0.848,0.86,197859,16968127.0
2013-04-10,0.857,0.86,0.839,0.849,224291,19093961.0
2013-04-11,0.85,0.856,0.845,0.849,114173,9708629.0
2013-04-12,0.835,0.851,0.835,0.844,81204,6869666.0
2013-04-15,0.844,0.844,0.83,0.834,291757,24369787.0
2013-04-16,0.827,0.843,0.821,0.842,142935,11922525.0
2013-04-17,0.842,0.867,0.838,0.866,268304,22960032.0
2013-04-18,0.861,0.876,0.857,0.871,225912,19590102.0
2013-04-19,0.872,0.897,0.871,0.891,607320,53936824.0
2013-04-22,0.891,0.915,0.888,0.915,545646,49135744.0
2013-04-23,0.919,0.919,0.887,0.892,389975,35056581.0
2013-04-24,0.892,0.926,0.89,0.926,604079,55242934.0
2013-04-25,0.923,0.937,0.898,0.898,711626,65387842.0
2013-04-26,0.892,0.902,0.882,0.89,496714,44276460.0
2013-05-02,0.887,0.914,0.878,0.914,346461,31193384.0
2013-05-03,0.916,0.939,0.914,0.938,553729,51515544.0
2013-05-06,0.94,0.962,0.938,0.953,481960,45901817.0
2013-05-07,0.951,0.963,0.944,0.95,393098,37441662.0
2013-05-08,0.956,0.982,0.955,0.982,434831,42232717.0
2013-05-09,0.979,0.993,0.972,0.99,518132,50991129.0
2013-05-10,0.986,0.993,0.97,0.987,506116,49784741.0
2013-05-13,0.985,0.992,0.974,0.991,1113490,109218848.0
2013-05-14,0.99,0.99,0.964,0.971,367970,35895594.0
2013-05-15,0.971,1.01,0.971,1.01,969603,96513973.0
2013-05-16,1.011,1.034,0.992,1.007,1480437,150533140.0
2013-05-17,1.005,1.027,0.998,1.017,579936,58816666.0
2013-05-20,1.017,1.05,1.016,1.048,651891,67452140.0
2013-05-21,1.047,1.074,1.04,1.073,664532,70068138.0
2013-05-22,1.072,1.072,1.031,1.039,968955,101424774.0
2013-05-23,1.026,1.059,1.026,1.043,1073340,112161141.0
2013-05-24,1.043,1.072,1.043,1.07,560495,59407346.0
2013-05-27,1.066,1.089,1.066,1.085,725469,78486014.0
2013-05-28,1.084,1.084,1.046,1.054,662145,70409455.0
2013-05-29,1.053,1.064,1.047,1.064,662321,70130103.0
2013-05-30,1.059,1.075,1.053,1.068,559015,59619594.0
2013-05-31,1.066,1.084,1.063,1.067,536093,57488852.0
2013-06-03,1.06,1.07,1.045,1.046,500840,52874747.0
2013-06-04,1.046,1.046,1.007,1.02,453726,46400842.0
2013-06-05,1.019,1.037,1.019,1.035,597635,61458297.0
2013-06-06,1.025,1.03,1.018,1.018,240874,24673108.0
2013-06-07,1.02,1.038,1.014,1.032,562564,57711271.0
2013-06-13,1.018,1.028,0.981,1.024,535753,54011529.0
2013-06-14,1.027,1.07,1.013,1.069,812225,85452871.0
2013-06-17,1.073,1.09,1.064,1.067,1009666,108626457.0
2013-06-18,1.067,1.076,1.047,1.068,627661,66581948.0
2013-06-19,1.06,1.069,1.049,1.064,885713,94008080.0
2013-06-20,1.055,1.067,1.023,1.023,726366,76261481.0
2013-06-21,1.0,1.032,0.985,1.027,695204,70267603.0
2013-06-24,1.016,1.018,0.954,0.963,870462,86301438.0
2013-06-25,0.946,0.994,0.902,0.986,1260762,121220510.0
2013-06-26,0.982,1.045,0.978,1.045,1680995,170689586.0
2013-06-27,1.045,1.064,1.016,1.02,1434098,149657095.0
2013-06-28,1.003,1.044,0.996,1.003,763320,77660811.0
2013-07-01,1.002,1.06,1.0,1.06,1881463,194918059.0
2013-07-02,1.059,1.084,1.055,1.083,3253971,348869335.0
2013-07-03,1.072,1.107,1.06,1.1,3206378,348639461.0
2013-07-04,1.093,1.103,1.082,1.087,2177873,238228872.0
2013-07-05,1.086,1.089,1.052,1.052,1104696,118864351.0
2013-07-08,1.024,1.055,1.011,1.027,2173860,225581202.0
2013-07-09,1.026,1.052,1.02,1.048,2159887,224100729.0
2013-07-10,1.046,1.069,1.044,1.069,1551141,164285779.0
2013-07-11,1.068,1.082,1.05,1.082,680921,72760752.0
2013-07-12,1.081,1.119,1.075,1.092,1808008,199291881.0
2013-07-15,1.088,1.14,1.088,1.138,2244858,251138100.0
2013-07-16,1.14,1.15,1.126,1.137,2725218,310059523.0
2013-07-17,1.135,1.147,1.115,1.126,1653198,187339818.0
2013-07-18,1.119,1.136,1.111,1.124,2143762,240911628.0
2013-07-19,1.124,1.153,1.106,1.106,2846602,323610856.0
2013-07-22,1.099,1.154,1.099,1.154,2570605,290954206.0
2013-07-23,1.156,1.18,1.156,1.173,2173727,253928100.0
2013-07-24,1.174,1.203,1.17,1.2,3732268,443027210.0
2013-07-25,1.198,1.2,1.14,1.147,2356047,274491702.0
2013-07-26,1.14,1.156,1.122,1.152,2626616,300131613.0
2013-07-29,1.143,1.158,1.123,1.124,2810274,320399229.0
2013-07-30,1.124,1.135,1.084,1.11,2314290,256621816.0
2013-07-31,1.111,1.13,1.103,1.122,2291752,257332399.0
2013-08-01,1.123,1.182,1.121,1.177,3684741,427684128.0
2013-08-02,1.182,1.193,1.168,1.169,3028624,358793360.0
2013-08-05,1.167,1.193,1.166,1.193,2086144,245945073.0
2013-08-06,1.186,1.206,1.184,1.196,1958856,234511134.0
2013-08-07,1.196,1.196,1.158,1.162,1974473,231465732.0
2013-08-08,1.155,1.184,1.151,1.171,2163542,253027881.0
2013-08-09,1.171,1.181,1.137,1.161,1815301,210573779.0
2013-08-12,1.159,1.172,1.132,1.152,1294421,149127971.0
2013-08-13,1.153,1.169,1.138,1.163,1780801,206281650.0
2013-08-14,1.16,1.172,1.145,1.172,2324774,269932418.0
2013-08-15,1.165,1.172,1.151,1.151,2405838,279773239.0
2013-08-16,1.142,1.163,1.117,1.117,1635158,187813378.0
2013-08-19,1.112,1.164,1.11,1.164,2250595,257270663.0
2013-08-20,1.16,1.168,1.15,1.16,1642534,190693948.0
2013-08-21,1.159,1.172,1.155,1.164,1712150,199334600.0
2013-08-22,1.163,1.191,1.163,1.181,1415174,166667558.0
2013-08-23,1.186,1.211,1.173,1.198,2624517,313523079.0
2013-08-26,1.202,1.226,1.2,1.22,1532379,186173716.0
2013-08-27,1.218,1.233,1.207,1.229,1594952,194318299.0
2013-08-28,1.225,1.234,1.207,1.209,1342590,164385698.0
2013-08-29,1.207,1.219,1.2,1.207,1237749,149938526.0
2013-08-30,1.201,1.207,1.162,1.171,1515885,179851882.0
2013-09-02,1.17,1.197,1.164,1.197,1291636,152539268.0
2013-09-03,1.196,1.217,1.195,1.214,982707,118673942.0
2013-09-04,1.214,1.228,1.208,1.215,1004940,122318108.0
2013-09-05,1.215,1.25,1.211,1.248,1095000,134701657.0
2013-09-06,1.248,1.269,1.235,1.262,1160555,145535031.0
2013-09-09,1.262,1.265,1.236,1.255,853885,106550819.0
2013-09-10,1.253,1.259,1.233,1.244,614481,76516449.0
2013-09-11,1.242,1.242,1.197,1.202,1129188,136196587.0
2013-09-12,1.201,1.219,1.189,1.207,1740595,209833444.0
2013-09-13,1.21,1.242,1.188,1.235,1820892,221213225.0
2013-09-16,1.231,1.276,1.231,1.257,2650733,333803219.0
2013-09-17,1.254,1.265,1.245,1.246,1263686,158723266.0
2013-09-18,1.246,1.272,1.241,1.265,1326950,166959663.0
2013-09-23,1.266,1.306,1.266,1.3,1386806,178369988.0
2013-09-24,1.303,1.318,1.288,1.305,1773285,231579162.0
2013-09-25,1.303,1.324,1.296,1.299,1274971,166623341.0
2013-09-26,1.296,1.312,1.277,1.281,1136326,147481153.0
2013-09-27,1.28,1.31,1.28,1.308,1151551,149104819.0
2013-09-30,1.314,1.35,1.31,1.346,964139,128245831.0
2013-10-08,1.35,1.365,1.337,1.36,1552939,210038042.0
2013-10-09,1.356,1.393,1.352,1.39,1386406,191034118.0
2013-10-10,1.395,1.399,1.348,1.349,1387561,190776988.0
2013-10-11,1.35,1.363,1.333,1.36,805655,109037673.0
2013-10-14,1.36,1.373,1.345,1.373,1184671,161108569.0
2013-10-15,1.372,1.387,1.353,1.365,1403711,192740686.0
2013-10-16,1.365,1.367,1.301,1.312,1798338,236871609.0
2013-10-17,1.314,1.335,1.294,1.299,1167329,153811069.0
2013-10-18,1.301,1.332,1.301,1.332,1284190,169296592.0
2013-10-21,1.333,1.379,1.333,1.376,1369934,186203475.0
2013-10-22,1.373,1.382,1.318,1.318,2017331,272462904.0
2013-10-23,1.313,1.313,1.268,1.289,1773682,228644710.0
2013-10-24,1.28,1.295,1.264,1.268,1238761,158543777.0
2013-10-25,1.267,1.283,1.231,1.252,1422296,177595966.0
2013-10-28,1.252,1.264,1.237,1.255,1553474,194254061.0
2013-10-29,1.251,1.269,1.184,1.234,2565582,312442522.0
2013-10-30,1.233,1.252,1.223,1.252,1256513,155949505.0
2013-10-31,1.243,1.245,1.207,1.211,1225140,150232999.0
2013-11-01,1.206,1.21,1.176,1.199,1427733,170625320.0
2013-11-04,1.195,1.219,1.19,1.202,1226396,148314627.0
2013-11-05,1.192,1.238,1.183,1.236,1767102,214748231.0
2013-11-06,1.23,1.254,1.219,1.22,2181916,270807931.0
2013-11-07,1.211,1.227,1.197,1.2,1702113,206031200.0
2013-11-08,1.188,1.204,1.181,1.189,1689148,201398194.0
2013-11-11,1.185,1.203,1.168,1.19,1118332,132375177.0
2013-11-12,1.19,1.215,1.186,1.206,1060821,127400048.0
2013-11-13,1.2,1.214,1.188,1.189,1412778,170089667.0
2013-11-14,1.18,1.23,1.178,1.225,2252497,272987202.0
2013-11-15,1.227,1.264,1.225,1.247,1580399,197297583.0
2013-11-18,1.251,1.273,1.249,1.268,1102708,139104315.0
2013-11-19,1.267,1.288,1.262,1.276,1222134,156098775.0
2013-11-20,1.275,1.279,1.258,1.274,1281284,162564693.0
2013-11-21,1.265,1.281,1.263,1.272,1044543,132975484.0
2013-11-22,1.269,1.278,1.258,1.268,785755,99655487.0
2013-11-25,1.26,1.281,1.259,1.272,624945,79512097.0
2013-11-26,1.263,1.275,1.255,1.265,641426,81241186.0
2013-11-27,1.262,1.315,1.262,1.308,1390282,180003306.0
2013-11-28,1.308,1.318,1.302,1.311,673983,88343757.0
2013-11-29,1.31,1.344,1.308,1.341,1217332,161885805.0
2013-12-02,1.27,1.293,1.207,1.208,2833708,356403299.0
2013-12-03,1.181,1.237,1.176,1.227,2560858,307932266.0
2013-12-04,1.219,1.254,1.212,1.22,1033547,128308316.0
2013-12-05,1.208,1.213,1.178,1.18,888988,106148497.0
2013-12-06,1.176,1.194,1.172,1.186,948119,112036474.0
2013-12-09,1.187,1.219,1.186,1.217,1403121,169313794.0
2013-12-10,1.22,1.227,1.203,1.208,946716,114735030.0
2013-12-11,1.205,1.233,1.203,1.228,961678,117264980.0
2013-12-12,1.221,1.261,1.218,1.252,1752944,218249770.0
2013-12-13,1.243,1.262,1.243,1.251,1106607,138722043.0
2013-12-16,1.252,1.269,1.24,1.255,1179002,148022659.0
2013-12-17,1.251,1.256,1.223,1.239,1759369,218031320.0
2013-12-18,1.24,1.241,1.22,1.228,648457,79759932.0
2013-12-19,1.23,1.258,1.229,1.234,1441457,180092530.0
2013-12-20,1.232,1.242,1.221,1.23,1139683,140566308.0
2013-12-23,1.225,1.229,1.2,1.215,657204,79658642.0
2013-12-24,1.215,1.242,1.21,1.236,902230,110919565.0
2013-12-25,1.238,1.266,1.23,1.262,1387213,173499465.0
2013-12-26,1.261,1.269,1.238,1.243,1533253,193258889.0
2013-12-27,1.236,1.275,1.236,1.273,1123102,141558327.0
2013-12-30,1.273,1.281,1.266,1.28,1317751,168168047.0
2013-12-31,1.277,1.282,1.26,1.274,629995,80239540.0
2014-01-02,1.273,1.307,1.273,1.306,1371414,177276800.0
2014-01-03,1.3,1.328,1.298,1.325,1549656,203946100.0
2014-01-06,1.324,1.326,1.292,1.299,1474596,194125818.0
2014-01-07,1.29,1.328,1.285,1.324,1643132,214709449.0
2014-01-08,1.342,1.384,1.332,1.375,2236754,305167908.0
2014-01-09,1.37,1.394,1.343,1.348,1661874,228694312.0
2014-01-10,1.338,1.362,1.318,1.324,1127778,151139857.0
2014-01-13,1.323,1.35,1.321,1.336,687060,91775913.0
2014-01-14,1.336,1.377,1.33,1.377,1013575,137393994.0
2014-01-15,1.378,1.395,1.371,1.39,1794091,248781124.0
2014-01-16,1.387,1.399,1.362,1.371,1011538,139537287.0
2014-01-17,1.365,1.383,1.36,1.367,1364667,187355048.0
2014-01-20,1.361,1.371,1.332,1.342,1104930,149542813.0
2014-01-21,1.34,1.381,1.339,1.381,1407238,191916607.0
2014-01-22,1.384,1.403,1.375,1.399,1914606,266995533.0
2014-01-23,1.4,1.443,1.4,1.43,2496424,355576963.0
2014-01-24,1.424,1.464,1.422,1.453,1620570,234222302.0
2014-01-27,1.448,1.469,1.43,1.445,1829348,265562454.0
2014-01-28,1.443,1.453,1.413,1.441,2229166,318616380.0
2014-01-29,1.441,1.466,1.435,1.466,999431,145066601.0
2014-01-30,1.464,1.48,1.448,1.463,755076,110588938.0
2014-02-07,1.451,1.5,1.45,1.498,1446142,213588028.0
2014-02-10,1.505,1.523,1.491,1.516,1424598,214965273.0
2014-02-11,1.515,1.526,1.473,1.492,1855476,278639841.0
2014-02-12,1.488,1.508,1.478,1.506,1460443,218313490.0
2014-02-13,1.499,1.508,1.45,1.45,1999373,296531864.0
2014-02-14,1.449,1.481,1.441,1.479,2312393,338846490.0
2014-02-17,1.483,1.523,1.483,1.521,2336671,351453662.0
2014-02-18,1.521,1.524,1.5,1.507,2458288,371588090.0
2014-02-19,1.505,1.513,1.487,1.506,2093161,313800826.0
2014-02-20,1.501,1.507,1.467,1.483,2464429,365587390.0
2014-02-21,1.47,1.49,1.467,1.483,2168141,321231341.0
2014-02-24,1.481,1.507,1.472,1.505,2596069,386769849.0
2014-02-25,1.505,1.534,1.421,1.432,3793904,565837415.0
2014-02-26,1.406,1.431,1.38,1.431,3915337,552259616.0
2014-02-27,1.432,1.461,1.373,1.385,2045746,292891139.0
2014-02-28,1.38,1.405,1.36,1.4,3037514,419383819.0
2014-03-03,1.4,1.433,1.39,1.43,2222959,314936753.0
2014-03-04,1.42,1.438,1.408,1.421,2279675,324843721.0
2014-03-05,1.425,1.433,1.414,1.427,1431035,203995351.0
2014-03-06,1.418,1.427,1.389,1.426,2027560,285187807.0
2014-03-07,1.425,1.441,1.413,1.428,1117261,159868277.0
2014-03-10,1.408,1.408,1.368,1.37,2071784,287889230.0
2014-03-11,1.367,1.376,1.346,1.363,1223448,166981437.0
2014-03-12,1.358,1.382,1.344,1.364,2899146,395737417.0
2014-03-13,1.365,1.407,1.363,1.405,1965718,272168954.0
2014-03-14,1.396,1.412,1.387,1.398,2262447,317044723.0
2014-03-17,1.401,1.441,1.395,1.438,1709493,242684971.0
2014-03-18,1.441,1.456,1.439,1.444,2182822,316073868.0
2014-03-19,1.44,1.444,1.418,1.427,1939611,277492461.0
2014-03-20,1.426,1.429,1.38,1.382,1474125,208447718.0
2014-03-21,1.373,1.39,1.346,1.382,2656924,363255553.0
2014-03-24,1.375,1.382,1.351,1.359,1093322,149670259.0
2014-03-25,1.354,1.376,1.346,1.359,1538894,210395773.0
2014-03-26,1.36,1.389,1.36,1.385,2039386,281737386.0
2014-03-27,1.375,1.379,1.332,1.332,1502041,203496075.0
2014-03-28,1.326,1.33,1.283,1.292,1679091,218333899.0
2014-03-31,1.293,1.306,1.28,1.297,1541677,200169416.0
2014-04-01,1.298,1.324,1.294,1.321,2168071,284775238.0
2014-04-02,1.323,1.327,1.284,1.292,1483741,193132645.0
2014-04-03,1.29,1.311,1.285,1.294,1889493,245378425.0
2014-04-04,1.29,1.315,1.28,1.314,2218643,288651763.0
2014-04-08,1.295,1.318,1.291,1.318,1285203,167626485.0
2014-04-09,1.316,1.344,1.316,1.336,2179887,290977738.0
2014-04-10,1.34,1.363,1.339,1.347,1856709,250613618.0
2014-04-11,1.342,1.342,1.318,1.329,1637871,217488202.0
2014-04-14,1.329,1.344,1.329,1.339,1121189,150011729.0
2014-04-15,1.337,1.345,1.33,1.333,754966,101216748.0
2014-04-16,1.327,1.335,1.317,1.328,519954,68957510.0
2014-04-17,1.325,1.34,1.325,1.337,843354,112651180.0
2014-04-18,1.331,1.346,1.325,1.344,768585,102836288.0
2014-04-21,1.33,1.351,1.326,1.329,894625,120090236.0
2014-04-22,1.326,1.335,1.286,1.303,748426,98061919.0
2014-04-23,1.298,1.307,1.286,1.297,346561,44944411.0
2014-04-24,1.295,1.3,1.271,1.284,779106,100227567.0
2014-04-25,1.282,1.287,1.256,1.26,1564442,199303385.0
2014-04-28,1.255,1.258,1.225,1.228,2333116,288276887.0
2014-04-29,1.225,1.244,1.22,1.235,1617217,199480704.0
2014-04-30,1.234,1.257,1.23,1.254,1267690,158121230.0
2014-05-05,1.253,1.274,1.25,1.272,1926224,242991351.0
2014-05-06,1.272,1.296,1.27,1.285,1632969,209944845.0
2014-05-07,1.278,1.279,1.256,1.257,542948,68948233.0
2014-05-08,1.251,1.273,1.248,1.252,1132376,142610297.0
2014-05-09,1.25,1.252,1.22,1.23,1199351,147360057.0
2014-05-12,1.236,1.252,1.222,1.252,1323039,164493365.0
2014-05-13,1.251,1.264,1.24,1.245,1596611,200410794.0
2014-05-14,1.241,1.254,1.24,1.253,809005,100952104.0
2014-05-15,1.248,1.256,1.223,1.223,1163371,144630508.0
2014-05-16,1.218,1.227,1.186,1.202,1191425,143047265.0
2014-05-19,1.195,1.21,1.188,1.203,1117823,134201042.0
2014-05-20,1.218,1.236,1.212,1.22,1474573,181050246.0
2014-05-21,1.21,1.234,1.205,1.234,1078508,131510085.0
2014-05-22,1.234,1.261,1.233,1.242,1916107,239496852.0
2014-05-23,1.241,1.272,1.234,1.27,1328109,166364697.0
2014-05-26,1.275,1.297,1.274,1.289,2095019,269793785.0
2014-05-27,1.288,1.29,1.275,1.277,1405583,180103914.0
2014-05-28,1.278,1.314,1.275,1.314,1908133,246881806.0
2014-05-29,1.314,1.321,1.285,1.287,2172673,282007581.0
2014-05-30,1.283,1.296,1.272,1.291,1829122,235355046.0
2014-06-03,1.291,1.305,1.287,1.287,1729296,224372403.0
2014-06-04,1.285,1.295,1.275,1.295,1854614,238374109.0
2014-06-05,1.294,1.329,1.29,1.325,2539178,332260649.0
2014-06-06,1.326,1.335,1.312,1.321,2454249,325247242.0
2014-06-09,1.315,1.321,1.294,1.294,1061738,139065884.0
2014-06-10,1.299,1.329,1.287,1.324,2540289,332820829.0
2014-06-11,1.318,1.343,1.316,1.337,2082832,278039231.0
2014-06-12,1.337,1.347,1.326,1.334,1500821,200894762.0
2014-06-13,1.329,1.359,1.327,1.35,1847799,248652791.0
2014-06-16,1.352,1.368,1.352,1.363,1646778,224176804.0
2014-06-17,1.36,1.363,1.347,1.35,1726759,234179608.0
2014-06-18,1.351,1.355,1.33,1.337,1379141,185306258.0
2014-06-19,1.332,1.342,1.281,1.291,2343008,309084446.0
2014-06-20,1.29,1.307,1.285,1.305,2289471,297546872.0
2014-06-23,1.305,1.337,1.305,1.332,2050762,272484904.0
2014-06-24,1.329,1.344,1.327,1.342,1357536,181649378.0
2014-06-25,1.341,1.341,1.317,1.328,1625876,215899324.0
2014-06-26,1.332,1.362,1.33,1.355,2865133,387577435.0
2014-06-27,1.355,1.368,1.351,1.357,1810901,246029564.0
2014-06-30,1.357,1.375,1.343,1.372,2132771,290074494.0
2014-07-01,1.376,1.385,1.368,1.381,1989054,273774833.0
2014-07-02,1.38,1.395,1.37,1.389,1565388,216829844.0
2014-07-03,1.388,1.398,1.379,1.389,930799,129225392.0
2014-07-04,1.388,1.392,1.375,1.381,1162540,160515220.0
2014-07-07,1.375,1.378,1.35,1.364,1673480,227743748.0
2014-07-08,1.36,1.381,1.348,1.381,1899867,259419931.0
2014-07-09,1.378,1.387,1.35,1.353,2267807,311541407.0
2014-07-10,1.351,1.359,1.33,1.332,1504634,202633024.0
2014-07-11,1.328,1.342,1.321,1.329,1232699,164139194.0
2014-07-14,1.329,1.338,1.313,1.338,1964718,260871301.0
2014-07-15,1.334,1.336,1.303,1.311,1655201,217905753.0
2014-07-16,1.31,1.315,1.28,1.289,1659016,215043889.0
2014-07-17,1.287,1.296,1.276,1.282,2388855,307533013.0
2014-07-18,1.282,1.294,1.273,1.279,1522789,195709600.0
2014-07-21,1.28,1.287,1.26,1.278,2104827,268150112.0
2014-07-22,1.275,1.303,1.274,1.301,2083040,269165504.0
2014-07-23,1.301,1.303,1.26,1.263,2167829,277512755.0
2014-07-24,1.261,1.263,1.228,1.242,2427568,301725718.0
2014-07-25,1.242,1.261,1.237,1.257,2108294,264125557.0
2014-07-28,1.258,1.288,1.255,1.285,2124615,270420428.0
2014-07-29,1.287,1.309,1.281,1.3,2093336,271577412.0
2014-07-30,1.298,1.316,1.295,1.313,1734089,226822535.0
2014-07-31,1.312,1.318,1.302,1.313,1482056,194416885.0
2014-08-01,1.31,1.314,1.29,1.29,1828266,238825861.0
2014-08-04,1.285,1.302,1.285,1.299,1324697,171794408.0
2014-08-05,1.301,1.335,1.289,1.332,3399830,448682902.0
2014-08-06,1.326,1.338,1.321,1.335,2557249,340511612.0
2014-08-07,1.334,1.351,1.329,1.332,2264205,303884401.0
2014-08-08,1.335,1.351,1.335,1.347,924300,124084681.0
2014-08-11,1.348,1.369,1.347,1.366,1424730,193609201.0
2014-08-12,1.364,1.371,1.359,1.364,1347881,183960436.0
2014-08-13,1.36,1.364,1.336,1.35,1047298,141380951.0
2014-08-14,1.351,1.363,1.342,1.346,990951,134421627.0
2014-08-15,1.346,1.36,1.344,1.36,645214,87363234.0
2014-08-18,1.36,1.396,1.36,1.396,2110493,291120684.0
2014-08-19,1.402,1.414,1.391,1.404,1437206,201676182.0
2014-08-20,1.418,1.418,1.385,1.392,944493,132076244.0
2014-08-21,1.39,1.416,1.386,1.415,1608577,225258319.0
2014-08-22,1.417,1.435,1.413,1.429,1253331,178598187.0
2014-08-25,1.426,1.428,1.403,1.408,1748331,247412888.0
2014-08-26,1.403,1.41,1.371,1.377,1779182,246450975.0
2014-08-27,1.376,1.394,1.373,1.388,1326304,184317380.0
2014-08-28,1.388,1.39,1.365,1.37,1734622,239106230.0
2014-08-29,1.371,1.396,1.37,1.394,1215673,168257352.0
2014-09-01,1.395,1.421,1.395,1.417,1230374,173320908.0
2014-09-02,1.422,1.432,1.414,1.43,1350603,192252638.0
2014-09-03,1.428,1.443,1.422,1.439,1353606,193967677.0
2014-09-04,1.437,1.46,1.434,1.457,1117499,161679122.0
2014-09-05,1.456,1.466,1.442,1.46,1027087,148983501.0
2014-09-09,1.453,1.458,1.438,1.458,1329014,192853901.0
2014-09-10,1.454,1.469,1.447,1.467,1363598,198967909.0
2014-09-11,1.466,1.493,1.46,1.471,2196309,324219743.0
2014-09-12,1.469,1.486,1.463,1.483,1223789,180337400.0
2014-09-15,1.478,1.489,1.47,1.483,1252126,185482674.0
2014-09-16,1.485,1.49,1.432,1.438,1643377,240506297.0
2014-09-17,1.439,1.442,1.418,1.44,1753724,250719103.0
2014-09-18,1.439,1.457,1.433,1.456,1622086,234859549.0
2014-09-19,1.457,1.465,1.447,1.46,882395,128412429.0
2014-09-22,1.452,1.454,1.44,1.442,1239092,179188557.0
2014-09-23,1.442,1.464,1.442,1.461,1049933,152437481.0
2014-09-24,1.459,1.481,1.455,1.479,719671,105737234.0
2014-09-25,1.484,1.486,1.464,1.469,645670,95396887.0
2014-09-26,1.462,1.474,1.461,1.472,613749,90057096.0
2014-09-29,1.472,1.489,1.472,1.489,682812,101138999.0
2014-09-30,1.488,1.501,1.483,1.5,591020,88237801.0
2014-10-08,1.501,1.517,1.493,1.515,596333,89795214.0
2014-10-09,1.515,1.524,1.496,1.519,1037143,156802394.0
2014-10-10,1.513,1.52,1.502,1.512,918650,138626945.0
2014-10-13,1.502,1.508,1.484,1.505,1270656,189964918.0
2014-10-14,1.503,1.521,1.49,1.493,1408686,211929515.0
2014-10-15,1.493,1.505,1.483,1.502,937982,140253309.0
2014-10-16,1.492,1.51,1.481,1.482,906413,135782632.0
2014-10-17,1.482,1.488,1.441,1.47,1305246,191574962.0
2014-10-20,1.465,1.495,1.465,1.495,789582,117212892.0
2014-10-21,1.495,1.497,1.474,1.474,911273,135496773.0
2014-10-22,1.47,1.487,1.46,1.464,739402,108914413.0
2014-10-23,1.459,1.461,1.433,1.438,1142806,165007666.0
2014-10-24,1.439,1.455,1.435,1.441,830801,120114973.0
2014-10-27,1.438,1.453,1.429,1.453,875689,126234999.0
2014-10-28,1.456,1.485,1.455,1.483,972288,143030121.0
2014-10-29,1.488,1.494,1.481,1.489,658943,97997460.0
2014-10-30,1.489,1.497,1.479,1.481,573938,85495718.0
2014-10-31,1.481,1.486,1.462,1.473,898437,132111491.0
2014-11-03,1.475,1.493,1.471,1.491,1521726,225612054.0
2014-11-04,1.491,1.496,1.47,1.47,1206132,179213082.0
2014-11-05,1.471,1.479,1.464,1.471,1089532,160178015.0
2014-11-06,1.473,1.493,1.469,1.492,1318310,195168547.0
2014-11-07,1.49,1.503,1.476,1.477,1562923,233734686.0
2014-11-10,1.48,1.483,1.462,1.476,688922,101384235.0
2014-11-11,1.476,1.476,1.412,1.425,1039872,148817198.0
2014-11-12,1.423,1.441,1.418,1.44,1206081,172067125.0
2014-11-13,1.433,1.433,1.395,1.407,1989274,279956693.0
2014-11-14,1.4,1.414,1.397,1.406,1631299,229424843.0
2014-11-17,1.401,1.439,1.398,1.432,2288324,326672665.0
2014-11-18,1.43,1.445,1.425,1.441,2235199,321720195.0
2014-11-19,1.447,1.469,1.446,1.464,1893385,275761434.0
2014-11-20,1.458,1.459,1.425,1.451,893743,129761645.0
2014-11-21,1.45,1.467,1.45,1.462,1392309,203498311.0
2014-11-24,1.483,1.483,1.452,1.47,515242,75392554.0
2014-11-25,1.469,1.5,1.466,1.496,1763350,261623913.0
2014-11-26,1.495,1.516,1.495,1.51,996984,150000583.0
2014-11-27,1.508,1.52,1.498,1.518,925768,139983721.0
2014-11-28,1.517,1.537,1.505,1.524,1460913,222367063.0
2014-12-01,1.52,1.52,1.495,1.505,638226,96119966.0
2014-12-02,1.497,1.523,1.497,1.517,1008287,152795385.0
2014-12-03,1.517,1.56,1.486,1.559,3634521,557038869.0
2014-12-04,1.563,1.586,1.553,1.579,3579509,560879684.0
2014-12-05,1.57,1.57,1.492,1.529,1602144,245732096.0
2014-12-08,1.522,1.553,1.51,1.518,1561445,239760717.0
2014-12-09,1.509,1.53,1.46,1.464,1483175,222767852.0
2014-12-10,1.46,1.538,1.455,1.536,1652099,249196899.0
2014-12-11,1.536,1.548,1.51,1.546,1758037,269703946.0
2014-12-12,1.549,1.577,1.531,1.569,3555971,553083258.0
2014-12-15,1.572,1.611,1.567,1.601,3119282,497321388.0
2014-12-16,1.604,1.617,1.575,1.59,2275193,363445122.0
2014-12-17,1.58,1.6,1.559,1.595,1601654,252998345.0
2014-12-18,1.582,1.61,1.572,1.577,1693569,270867554.0
2014-12-19,1.561,1.57,1.518,1.541,1484179,229155880.0
2014-12-22,1.534,1.534,1.465,1.47,2255973,333882750.0
2014-12-23,1.455,1.504,1.445,1.461,2203348,324563951.0
2014-12-24,1.468,1.482,1.45,1.48,1904739,280317823.0
2014-12-25,1.475,1.486,1.463,1.48,1462511,215895306.0
2014-12-26,1.475,1.493,1.475,1.488,749342,111151077.0
2014-12-29,1.489,1.489,1.446,1.463,987715,143944754.0
2014-12-30,1.458,1.458,1.411,1.423,670700,95651971.0
2014-12-31,1.426,1.438,1.413,1.43,1859285,265389162.0
2015-01-05,1.424,1.432,1.393,1.424,2227001,314526588.0
2015-01-06,1.422,1.506,1.409,1.502,5273027,774540223.0
2015-01-07,1.5,1.504,1.47,1.474,5820002,864140809.0
2015-01-08,1.467,1.518,1.467,1.493,3789821,566618995.0
2015-01-09,1.485,1.536,1.48,1.503,3869420,586347362.0
2015-01-12,1.495,1.542,1.475,1.54,3358343,512100750.0
2015-01-13,1.538,1.562,1.526,1.551,2253851,348447035.0
2015-01-14,1.546,1.554,1.526,1.536,1413701,218119605.0
2015-01-15,1.534,1.558,1.526,1.534,1966260,303252251.0
2015-01-16,1.528,1.596,1.528,1.592,2330180,364731836.0
2015-01-19,1.576,1.637,1.548,1.579,7977037,1271212805.0
2015-01-20,1.581,1.657,1.581,1.657,5223033,844511910.0
2015-01-21,1.662,1.673,1.636,1.668,3539651,588016326.0
2015-01-22,1.661,1.686,1.655,1.683,3227681,540329707.0
2015-01-23,1.682,1.683,1.632,1.638,1632896,270164349.0
2015-01-26,1.639,1.686,1.639,1.686,3345613,558198226.0
2015-01-27,1.686,1.698,1.651,1.688,2664796,448471602.0
2015-01-28,1.672,1.7,1.662,1.668,2591469,436384669.0
2015-01-29,1.655,1.676,1.648,1.652,1348225,223815960.0
2015-01-30,1.651,1.661,1.614,1.623,922305,151518131.0
2015-02-02,1.609,1.653,1.604,1.639,2259328,369609009.0
2015-02-03,1.647,1.701,1.64,1.693,2628277,440291859.0
2015-02-04,1.693,1.708,1.676,1.698,2268565,384401154.0
2015-02-05,1.685,1.746,1.68,1.709,3652199,628657797.0
2015-02-06,1.708,1.719,1.661,1.661,2145361,361980468.0
2015-02-09,1.661,1.693,1.642,1.645,1900737,318342505.0
2015-02-10,1.64,1.687,1.638,1.685,1999416,332532011.0
2015-02-11,1.684,1.717,1.681,1.705,2278237,388552513.0
2015-02-12,1.706,1.734,1.706,1.72,2737830,471228736.0
2015-02-13,1.728,1.763,1.725,1.761,2894762,506492236.0
2015-02-16,1.767,1.83,1.766,1.83,2431714,437738368.0
2015-02-17,1.839,1.839,1.798,1.82,2654238,482832801.0
2015-02-25,1.825,1.837,1.795,1.803,2709115,494844448.0
2015-02-26,1.803,1.823,1.78,1.814,2348805,424540244.0
2015-02-27,1.812,1.863,1.809,1.863,3111361,572008956.0
2015-03-02,1.868,1.918,1.863,1.914,3172606,599872654.0
2015-03-03,1.913,1.929,1.882,1.883,4994665,954930670.0
2015-03-04,1.881,1.942,1.881,1.94,3423006,656215752.0
2015-03-05,1.94,1.958,1.919,1.938,3487308,676207964.0
2015-03-06,1.937,1.939,1.872,1.88,3228519,611165013.0
2015-03-09,1.855,1.928,1.855,1.927,3978674,752710234.0
2015-03-10,1.92,1.974,1.914,1.972,4325494,845177985.0
2015-03-11,1.971,1.977,1.94,1.96,3144627,617268952.0
2015-03-12,1.953,1.976,1.908,1.94,3560430,693323153.0
2015-03-13,1.945,1.996,1.932,1.992,4168892,817182574.0
2015-03-16,2.005,2.07,2.001,2.061,4007189,818641750.0
2015-03-17,2.063,2.08,2.035,2.053,3411386,703232083.0
2015-03-18,2.049,2.104,2.037,2.099,4991478,1034598880.0
2015-03-19,2.09,2.103,2.07,2.095,3171081,662591681.0
2015-03-20,2.094,2.145,2.091,2.126,5335736,1130249967.0
2015-03-23,2.13,2.209,2.126,2.206,4724742,1022061869.0
2015-03-24,2.21,2.286,2.156,2.273,7047470,1560822756.0
2015-03-25,2.269,2.311,2.248,2.288,7446608,1698253725.0
2015-03-26,2.26,2.278,2.17,2.19,3636201,810065643.0
2015-03-27,2.18,2.233,2.17,2.228,6775769,1490547860.0
2015-03-30,2.21,2.236,2.165,2.193,3703908,815630071.0
2015-03-31,2.19,2.264,2.19,2.247,5873710,1311991858.0
2015-04-01,2.241,2.301,2.24,2.296,5257417,1191844635.0
2015-04-02,2.33,2.377,2.306,2.369,5195590,1216884899.0
2015-04-03,2.357,2.406,2.347,2.391,6321722,1501905401.0
2015-04-07,2.402,2.443,2.39,2.438,3927645,951415685.0
2015-04-08,2.439,2.444,2.328,2.377,5641121,1344333874.0
2015-04-09,2.346,2.48,2.24,2.466,5934666,1363077156.0
2015-04-10,2.361,2.453,2.341,2.424,6546874,1574404909.0
2015-04-13,2.435,2.476,2.4,2.451,3947226,966073549.0
2015-04-14,2.455,2.476,2.4,2.44,4012894,984611485.0
2015-04-15,2.43,2.437,2.32,2.33,5447841,1297231115.0
2015-04-16,2.309,2.423,2.304,2.375,5385600,1280744026.0
2015-04-17,2.391,2.405,2.345,2.368,3534354,839890010.0
2015-04-20,2.355,2.395,2.305,2.318,5087122,1199849081.0
2015-04-21,2.33,2.496,2.33,2.496,4654024,1120929390.0
2015-04-22,2.497,2.55,2.497,2.524,4533161,1146203174.0
2015-04-23,2.53,2.611,2.53,2.598,4687812,1208886039.0
2015-04-24,2.566,2.652,2.558,2.645,4511857,1174997714.0
2015-04-27,2.67,2.7,2.623,2.65,3354762,893273791.0
2015-04-28,2.67,2.693,2.555,2.583,5309015,1380590764.0
2015-04-29,2.561,2.723,2.561,2.723,4034540,1063511362.0
2015-04-30,2.72,2.81,2.709,2.748,7016809,1942907936.0
2015-05-04,2.758,2.777,2.691,2.74,6728003,1843431653.0
2015-05-05,2.731,2.737,2.641,2.67,5041356,1362629621.0
2015-05-06,2.7,2.845,2.7,2.738,7597775,2092673960.0
2015-05-07,2.71,2.766,2.68,2.686,6396024,1742324493.0
2015-05-08,2.72,2.91,2.72,2.894,5851598,1627139710.0
2015-05-11,2.908,3.078,2.866,3.05,5692287,1674882396.0
2015-05-12,3.063,3.147,3.002,3.129,8768274,2685475042.0
2015-05-13,3.05,3.115,2.987,3.036,7302386,2236142217.0
2015-05-14,3.03,3.095,2.999,3.008,6678156,2040312804.0
2015-05-15,2.971,3.05,2.928,3.016,9669898,2881276740.0
2015-05-18,3.043,3.157,3.043,3.157,5332171,1664258345.0
2015-05-19,3.176,3.208,3.064,3.185,8042296,2523186269.0
2015-05-20,3.192,3.339,3.192,3.264,6081225,1993205244.0
2015-05-21,3.27,3.411,3.27,3.41,5914396,1969810656.0
2015-05-22,3.456,3.499,3.3,3.382,8721781,2953564735.0
2015-05-25,3.271,3.355,3.225,3.327,7936813,2618822232.0
2015-05-26,3.313,3.465,3.31,3.463,7064685,2411213046.0
2015-05-27,3.475,3.5,3.377,3.463,6649789,2284017150.0
2015-05-28,3.445,3.508,3.265,3.29,9724501,3332792889.0
2015-05-29,3.3,3.437,3.158,3.384,11029588,3667604833.0
2015-06-01,3.398,3.568,3.398,3.568,6905521,2409023543.0
2015-06-02,3.583,3.769,3.567,3.768,9408447,3431849395.0
2015-06-03,3.772,3.828,3.654,3.79,11312070,4252910579.0
2015-06-04,3.798,3.825,3.51,3.751,10838016,4037202568.0
2015-06-05,3.801,3.845,3.645,3.703,7853467,2964324483.0
2015-06-08,3.65,3.679,3.418,3.533,7004367,2479934400.0
2015-06-09,3.475,3.61,3.46,3.526,8024675,2840856554.0
2015-06-10,3.505,3.704,3.484,3.66,8315775,2965429521.0
2015-06-11,3.652,3.69,3.62,3.666,8255892,3024627927.0
2015-06-12,3.692,3.729,3.657,3.704,7650872,2825248892.0
2015-06-15,3.712,3.725,3.492,3.512,6693332,2411824096.0
2015-06-16,3.45,3.475,3.295,3.402,7907813,2684760763.0
2015-06-17,3.39,3.55,3.327,3.545,9467387,3240341356.0
2015-06-18,3.545,3.558,3.3,3.32,7969934,2787887704.0
2015-06-19,3.22,3.313,3.142,3.15,7740590,2505028982.0
2015-06-23,3.15,3.302,2.951,3.208,8647158,2687224891.0
2015-06-24,3.22,3.276,3.13,3.199,7390080,2371324186.0
2015-06-25,3.215,3.223,3.017,3.03,4183573,1315191874.0
2015-06-26,2.947,2.948,2.727,2.767,4186874,1184654860.0
2015-06-29,2.76,2.786,2.49,2.49,3025609,781514032.0
2015-06-30,2.44,2.739,2.25,2.733,5498478,1400490047.0
2015-07-01,2.66,2.843,2.56,2.56,8513714,2346491824.0
2015-07-02,2.55,2.669,2.321,2.47,9082066,2339510905.0
2015-07-03,2.4,2.64,2.296,2.457,10150517,2520953739.0
2015-07-06,2.7,2.7,2.228,2.33,6778303,1655042281.0
2015-07-07,2.245,2.252,2.097,2.097,2027703,435891019.0
2015-07-08,1.887,2.027,1.887,1.899,3956612,751783502.0
2015-07-09,1.901,2.089,1.898,2.089,1466700,295014742.0
2015-07-10,2.29,2.298,2.241,2.298,571717,130780414.0
2015-07-13,2.524,2.528,2.42,2.528,1835719,458516814.0
2015-07-14,2.5,2.781,2.492,2.657,4015740,1067668761.0
2015-07-15,2.607,2.612,2.4,2.405,3747267,935696292.0
2015-07-16,2.302,2.574,2.261,2.489,4253140,1048376690.0
2015-07-17,2.515,2.725,2.499,2.688,6152502,1584828990.0
2015-07-20,2.67,2.78,2.62,2.69,8164417,2207726223.0
2015-07-21,2.64,2.758,2.625,2.707,7875078,2124402225.0
2015-07-22,2.715,2.779,2.651,2.754,9025411,2484888263.0
2015-07-23,2.748,2.833,2.712,2.82,5963832,1642284849.0
2015-07-24,2.819,2.858,2.682,2.74,6432456,1819742673.0
2015-07-27,2.67,2.759,2.466,2.466,6865934,1845696315.0
2015-07-28,2.38,2.559,2.328,2.395,6679255,1626226668.0
2015-07-29,2.441,2.573,2.253,2.573,7529226,1839582288.0
2015-07-30,2.52,2.564,2.399,2.4,6987259,1764586328.0
2015-07-31,2.36,2.47,2.309,2.368,5169819,1236482654.0
2015-08-03,2.325,2.355,2.221,2.24,2227807,509721265.0
2015-08-04,2.256,2.445,2.245,2.442,3029092,702545108.0
2015-08-05,2.417,2.448,2.321,2.358,2658623,637948717.0
2015-08-06,2.295,2.382,2.282,2.35,2253452,527435077.0
2015-08-07,2.386,2.46,2.368,2.459,2562423,622615114.0
2015-08-10,2.475,2.645,2.46,2.622,3762882,957385942.0
2015-08-11,2.614,2.619,2.533,2.565,3637730,940359607.0
2015-08-12,2.52,2.568,2.487,2.489,3317293,843290560.0
2015-08-13,2.483,2.562,2.442,2.558,4253216,1063345871.0
2015-08-14,2.58,2.59,2.523,2.525,3392290,869777174.0
2015-08-17,2.52,2.556,2.474,2.505,3678988,921088139.0
2015-08-18,2.531,2.585,2.29,2.343,3849365,976602616.0
2015-08-19,2.282,2.445,2.226,2.422,3798636,890061470.0
2015-08-20,2.415,2.47,2.36,2.362,3520157,851025634.0
2015-08-21,2.328,2.344,2.22,2.226,3612022,832829736.0
2015-08-24,2.112,2.124,2.003,2.003,2749950,564173302.0
2015-08-25,1.859,1.903,1.803,1.803,1948998,359898957.0
2015-08-26,1.78,1.892,1.715,1.74,2353640,425069993.0
2015-08-27,1.78,1.825,1.702,1.801,2527132,448133936.0
2015-08-28,1.825,1.955,1.785,1.941,2512523,466218713.0
2015-08-31,1.901,1.909,1.811,1.83,2160589,401111099.0
2015-09-01,1.797,1.81,1.719,1.725,1523962,269733139.0
2015-09-02,1.646,1.804,1.638,1.69,1771556,304741697.0
2015-09-07,1.741,1.825,1.726,1.763,1964201,349523333.0
2015-09-08,1.745,1.888,1.723,1.888,3320886,597995721.0
2015-09-09,1.91,1.975,1.88,1.943,4516088,869892385.0
2015-09-10,1.895,1.945,1.879,1.899,3162328,606530545.0
2015-09-11,1.905,1.942,1.89,1.922,2223666,426673888.0
2015-09-14,1.926,1.937,1.73,1.73,2586835,471671694.0
2015-09-15,1.687,1.734,1.621,1.633,2288037,384788169.0
2015-09-16,1.655,1.796,1.65,1.796,2421366,413616244.0
2015-09-17,1.808,1.868,1.75,1.763,2508527,456804395.0
2015-09-18,1.775,1.843,1.737,1.825,1769144,316474508.0
2015-09-21,1.796,1.965,1.77,1.965,3301091,622886339.0
2015-09-22,1.965,2.004,1.903,1.939,3695108,718020352.0
2015-09-23,1.874,1.958,1.874,1.915,2171926,416608637.0
2015-09-24,1.936,1.982,1.91,1.933,2236868,435546876.0
2015-09-25,1.924,1.933,1.803,1.845,1978566,370797933.0
2015-09-28,1.849,1.983,1.81,1.979,2162328,414663519.0
2015-09-29,1.935,1.977,1.911,1.952,1963693,382385653.0
2015-09-30,1.963,1.976,1.89,1.935,1583677,305773297.0
2015-10-08,2.035,2.095,1.993,2.08,2298004,471636430.0
2015-10-09,2.06,2.121,2.056,2.103,1803509,375011635.0
2015-10-12,2.113,2.266,2.103,2.22,4309404,951695039.0
2015-10-13,2.185,2.242,2.177,2.226,1942781,429846291.0
2015-10-14,2.22,2.228,2.17,2.182,1914011,419964389.0
2015-10-15,2.173,2.303,2.163,2.298,2391767,535799788.0
2015-10-16,2.307,2.34,2.267,2.329,3004236,691885091.0
2015-10-19,2.328,2.336,2.259,2.294,3166377,727786008.0
2015-10-20,2.28,2.391,2.28,2.391,2478901,581098559.0
2015-10-21,2.39,2.401,2.215,2.22,4242406,974866607.0
2015-10-22,2.225,2.348,2.225,2.348,3700304,845319728.0
2015-10-23,2.353,2.437,2.326,2.427,3567892,848061563.0
2015-10-26,2.443,2.445,2.366,2.398,2832337,678313460.0
2015-10-27,2.366,2.474,2.296,2.444,3160520,752781240.0
2015-10-28,2.409,2.455,2.351,2.36,2692977,648100272.0
2015-10-29,2.37,2.409,2.313,2.352,2725336,641920398.0
2015-10-30,2.346,2.404,2.308,2.349,3543975,836692073.0
2015-11-02,2.273,2.386,2.273,2.311,2367417,552120078.0
2015-11-03,2.303,2.33,2.281,2.305,2026362,467095028.0
2015-11-04,2.323,2.491,2.323,2.489,3304478,796017638.0
2015-11-05,2.485,2.508,2.421,2.443,4424902,1091233715.0
2015-11-06,2.444,2.558,2.444,2.548,3280866,821483102.0
2015-11-09,2.521,2.617,2.478,2.583,3146622,802242087.0
2015-11-10,2.558,2.64,2.558,2.609,3159368,823001188.0
2015-11-11,2.603,2.68,2.59,2.68,2452363,645447103.0
2015-11-12,2.674,2.688,2.605,2.648,2654556,703187455.0
2015-11-13,2.606,2.63,2.548,2.58,2845472,738721043.0
2015-11-16,2.523,2.67,2.52,2.67,2734824,707905023.0
2015-11-17,2.688,2.699,2.555,2.569,3409452,897869597.0
2015-11-18,2.575,2.594,2.511,2.516,2942606,752396618.0
2015-11-19,2.526,2.63,2.526,2.624,3625919,933511630.0
2015-11-20,2.624,2.666,2.606,2.645,3210896,846150408.0
2015-11-23,2.628,2.684,2.601,2.619,3022552,800807602.0
2015-11-24,2.61,2.665,2.593,2.663,2836073,744535597.0
2015-11-25,2.654,2.755,2.65,2.746,3345481,905010020.0
2015-11-26,2.748,2.754,2.672,2.674,3290003,892239435.0
2015-11-27,2.655,2.685,2.471,2.496,5056396,1313359021.0
2015-11-30,2.505,2.538,2.369,2.52,5203563,1288285162.0
2015-12-01,2.51,2.545,2.449,2.507,3351538,842192619.0
2015-12-02,2.494,2.511,2.384,2.454,3197753,782162148.0
2015-12-03,2.461,2.563,2.46,2.561,3812405,958459282.0
2015-12-04,2.54,2.585,2.512,2.53,2576536,657033814.0
2015-12-07,2.534,2.591,2.527,2.571,2552820,654707021.0
2015-12-08,2.556,2.571,2.516,2.531,2415193,614242595.0
2015-12-09,2.515,2.54,2.493,2.51,2427621,610568362.0
2015-12-10,2.514,2.566,2.501,2.526,2722031,689644399.0
2015-12-11,2.519,2.541,2.502,2.51,1970366,497067965.0
2015-12-14,2.489,2.555,2.463,2.555,2504075,627214848.0
2015-12-15,2.551,2.598,2.547,2.577,2636007,680583754.0
2015-12-16,2.588,2.625,2.576,2.593,2537198,658898337.0
2015-12-17,2.611,2.674,2.611,2.674,2707358,717264519.0
2015-12-18,2.67,2.675,2.63,2.668,2117620,561941918.0
2015-12-21,2.654,2.669,2.631,2.663,2297001,608613292.0
2015-12-22,2.675,2.679,2.637,2.656,1798789,478118793.0
2015-12-23,2.658,2.666,2.599,2.6,2424334,639541132.0
2015-12-24,2.597,2.633,2.565,2.624,2494358,648869534.0
2015-12-25,2.623,2.644,2.598,2.62,2236704,586505705.0
2015-12-28,2.623,2.643,2.551,2.551,1865996,487254721.0
2015-12-29,2.547,2.584,2.539,2.58,1865284,476760932.0
2015-12-30,2.581,2.608,2.56,2.605,1631223,422473639.0
2015-12-31,2.606,2.612,2.539,2.539,1343768,345623211.0
2016-01-04,2.531,2.538,2.301,2.306,1875800,458707940.0
2016-01-05,2.24,2.336,2.2,2.275,3867289,881388238.0
2016-01-06,2.291,2.33,2.25,2.321,3417991,784013360.0
2016-01-07,2.272,2.28,2.09,2.096,1203797,263871424.0
2016-01-08,2.17,2.19,2.03,2.125,4174901,889115173.0
2016-01-11,2.067,2.109,1.99,1.999,4643731,957623520.0
2016-01-12,2.011,2.067,1.979,2.036,2609035,527014904.0
2016-01-13,2.048,2.057,1.936,1.964,2055166,413820685.0
2016-01-14,1.904,2.079,1.885,2.072,2218447,442157883.0
2016-01-15,2.041,2.07,1.98,1.997,2574903,523203693.0
2016-01-18,1.966,2.097,1.964,2.07,2912857,597664915.0
2016-01-19,2.05,2.129,2.03,2.126,3527494,734826067.0
2016-01-20,2.102,2.129,2.069,2.085,3131661,658043678.0
2016-01-21,2.059,2.126,2.006,2.006,2873125,596459690.0
2016-01-22,2.027,2.047,1.971,2.042,3147388,635377343.0
2016-01-25,2.055,2.07,2.02,2.04,1795249,367814952.0
2016-01-26,2.01,2.024,1.845,1.888,4044458,793655109.0
2016-01-27,1.899,1.907,1.794,1.887,4303858,797046009.0
2016-01-28,1.869,1.883,1.799,1.808,2629486,487221670.0
2016-01-29,1.807,1.905,1.801,1.879,2911765,543031446.0
2016-02-01,1.875,1.902,1.85,1.895,2481211,467479739.0
2016-02-02,1.897,1.986,1.894,1.972,3045712,595494842.0
2016-02-03,1.949,2.005,1.924,1.988,2885673,565543220.0
2016-02-04,1.997,2.036,1.991,2.024,5669151,1145774859.0
2016-02-05,2.029,2.037,1.997,1.999,4615431,928874570.0
2016-02-15,1.933,2.027,1.921,2.017,4167725,826385370.0
2016-02-16,2.022,2.106,2.022,2.099,4250795,883624483.0
2016-02-17,2.099,2.116,2.07,2.109,4345463,911283708.0
2016-02-18,2.126,2.135,2.085,2.09,4214812,888019946.0
2016-02-19,2.081,2.123,2.079,2.106,5694718,1194712149.0
2016-02-22,2.134,2.142,2.108,2.142,4314313,916841826.0
2016-02-23,2.14,2.145,2.088,2.117,3993191,845011614.0
2016-02-24,2.102,2.124,2.049,2.097,4070632,848784808.0
2016-02-25,2.094,2.095,1.888,1.896,8334199,1668984467.0
2016-02-26,1.93,1.947,1.872,1.902,5943378,1141784132.0
2016-02-29,1.886,1.897,1.755,1.77,4588137,826103383.0
2016-03-01,1.776,1.844,1.736,1.824,4719124,848028476.0
2016-03-02,1.823,1.918,1.813,1.912,5727378,1067228425.0
2016-03-03,1.907,1.959,1.901,1.902,6073920,1171559189.0
2016-03-04,1.89,1.9,1.795,1.81,6328747,1170632669.0
2016-03-07,1.84,1.893,1.832,1.853,6205237,1152929787.0
2016-03-08,1.847,1.895,1.761,1.888,7583684,1386604343.0
2016-03-09,1.852,1.911,1.832,1.848,5798795,1089503236.0
2016-03-10,1.865,1.889,1.833,1.835,5021457,936159004.0
2016-03-11,1.8,1.846,1.8,1.834,4022368,734025668.0
2016-03-14,1.86,1.948,1.858,1.925,6539860,1249886222.0
2016-03-15,1.917,1.932,1.889,1.891,5133045,981970334.0
2016-03-16,1.927,1.934,1.863,1.878,5759162,1089553762.0
2016-03-17,1.88,1.991,1.879,1.991,11204058,2183952495.0
2016-03-18,2.015,2.095,1.992,2.076,10227920,2088947638.0
2016-03-21,2.1,2.12,2.08,2.116,6438543,1353279953.0
2016-03-22,2.09,2.135,2.082,2.099,6730783,1421503212.0
2016-03-23,2.1,2.152,2.091,2.148,7245495,1533622762.0
2016-03-24,2.122,2.16,2.093,2.1,7282057,1552131283.0
2016-03-25,2.092,2.117,2.067,2.099,6181155,1296099768.0
2016-03-28,2.117,2.143,2.071,2.073,5507095,1164365461.0
2016-03-29,2.072,2.081,2.01,2.039,5438191,1110802597.0
2016-03-30,2.058,2.135,2.05,2.134,5627064,1175813682.0
2016-03-31,2.14,2.158,2.118,2.119,5153021,1101951151.0
2016-04-01,2.109,2.116,2.06,2.097,5730624,1195158275.0
2016-04-05,2.093,2.175,2.092,2.168,6790259,1456233114.0
2016-04-06,2.168,2.193,2.16,2.181,6042147,1315558330.0
2016-04-07,2.199,2.205,2.139,2.145,4668403,1012566336.0
2016-04-08,2.121,2.131,2.084,2.125,4759334,1005494107.0
2016-04-11,2.148,2.193,2.145,2.17,4797405,1043016422.0
2016-04-12,2.17,2.179,2.129,2.162,4846060,1042173813.0
2016-04-13,2.17,2.221,2.17,2.177,5861528,1288245455.0
2016-04-14,2.197,2.217,2.181,2.212,5585268,1229298762.0
2016-04-15,2.214,2.217,2.189,2.195,3395352,746789915.0
2016-04-18,2.176,2.178,2.139,2.16,4743527,1022342879.0
2016-04-19,2.17,2.178,2.142,2.161,4712872,1016926758.0
2016-04-20,2.168,2.173,2.012,2.03,7695534,1594296710.0
2016-04-21,2.03,2.053,1.998,2.003,4630005,941793579.0
2016-04-22,1.989,2.038,1.983,2.038,3644602,735275928.0
2016-04-25,2.027,2.027,1.98,2.023,2980270,596684351.0
2016-04-26,2.016,2.055,2.013,2.054,3170105,644632451.0
2016-04-27,2.058,2.068,2.036,2.041,3197011,656115798.0
2016-04-28,2.041,2.054,2.004,2.048,3045858,618893586.0
2016-04-29,2.036,2.057,2.03,2.033,2465147,503695247.0
2016-05-03,2.036,2.112,2.018,2.112,5746737,1199018184.0
2016-05-04,2.105,2.124,2.096,2.102,4067831,859148204.0
2016-05-05,2.098,2.119,2.091,2.116,3961827,834676082.0
2016-05-06,2.119,2.127,2.018,2.018,6311790,1306158397.0
2016-05-09,2.002,2.002,1.948,1.955,4445741,874502375.0
2016-05-10,1.95,1.966,1.941,1.95,3339783,653029733.0
2016-05-11,1.963,1.97,1.93,1.93,3649158,712182947.0
2016-05-12,1.909,1.936,1.879,1.932,3220814,615260774.0
2016-05-13,1.925,1.954,1.91,1.92,2925200,566175498.0
2016-05-16,1.914,1.955,1.907,1.953,3143014,607941453.0
2016-05-17,1.954,2.002,1.932,1.977,4567617,898711685.0
2016-05-18,1.962,1.963,1.902,1.921,3250507,628278849.0
2016-05-19,1.921,1.972,1.92,1.938,3092647,603954772.0
2016-05-20,1.929,1.965,1.911,1.961,3718797,722932505.0
2016-05-23,1.967,2.004,1.967,1.992,3580265,712501522.0
2016-05-24,1.988,2.0,1.96,1.975,3347927,661083815.0
2016-05-25,1.998,2.01,1.961,1.965,2982242,592385064.0
2016-05-26,1.959,1.986,1.92,1.985,4621033,901795125.0
2016-05-27,1.975,1.989,1.963,1.968,3193705,631617615.0
2016-05-30,1.964,1.983,1.934,1.959,2481896,487072339.0
2016-05-31,1.956,2.07,1.956,2.069,5272626,1069024310.0
2016-06-01,2.067,2.086,2.056,2.067,4225593,875741165.0
2016-06-02,2.065,2.09,2.06,2.088,3056935,633775335.0
2016-06-03,2.08,2.136,2.077,2.109,5251020,1107640862.0
2016-06-06,2.109,2.119,2.087,2.102,3063377,643204194.0
2016-06-07,2.1,2.109,2.084,2.098,2731964,572219697.0
2016-06-08,2.091,2.106,2.072,2.092,3138996,655211550.0
2016-06-13,2.065,2.072,1.967,1.967,4376777,888455599.0
2016-06-14,1.958,1.98,1.947,1.967,3925353,770387851.0
2016-06-15,1.951,2.057,1.95,2.04,5174330,1044164914.0
2016-06-16,2.034,2.047,2.005,2.009,3447651,700002665.0
2016-06-17,2.02,2.065,2.015,2.034,4317037,882089805.0
2016-06-20,2.033,2.042,1.997,2.03,3292487,664499885.0
2016-06-21,2.045,2.065,1.999,2.007,3818565,776822089.0
2016-06-22,1.998,2.06,1.998,2.055,4266317,865497399.0
2016-06-23,2.055,2.066,2.032,2.051,3853562,791066574.0
2016-06-24,2.047,2.07,1.979,2.043,6498082,1324673443.0
2016-06-27,2.03,2.109,2.025,2.109,5492111,1140163141.0
2016-06-28,2.095,2.132,2.085,2.128,5171557,1090948869.0
2016-06-29,2.137,2.149,2.115,2.121,3372756,717396448.0
2016-06-30,2.122,2.142,2.116,2.132,3036061,646909075.0
2016-07-01,2.137,2.148,2.112,2.116,3334124,709968352.0
2016-07-04,2.103,2.161,2.101,2.153,3971360,850193604.0
2016-07-05,2.155,2.164,2.134,2.148,3251295,699381005.0
2016-07-06,2.145,2.152,2.135,2.148,1919199,411401368.0
2016-07-07,2.145,2.152,2.116,2.141,2175191,464693140.0
2016-07-08,2.137,2.16,2.127,2.145,2692981,577716502.0
2016-07-11,2.147,2.157,2.12,2.125,1877318,402537559.0
2016-07-12,2.123,2.155,2.092,2.155,3655279,775995802.0
2016-07-13,2.16,2.201,2.151,2.188,4236044,922693215.0
2016-07-14,2.188,2.194,2.173,2.19,3339478,729436973.0
2016-07-15,2.19,2.192,2.16,2.164,3138970,681817508.0
2016-07-18,2.162,2.168,2.136,2.148,3769672,811263095.0
2016-07-19,2.148,2.176,2.138,2.173,3451597,744453821.0
2016-07-20,2.174,2.188,2.165,2.165,2697471,587356523.0
2016-07-21,2.164,2.189,2.16,2.167,2412058,524294846.0
2016-07-22,2.163,2.169,2.15,2.154,2092158,451820023.0
2016-07-25,2.147,2.165,2.139,2.146,1683286,361954951.0
2016-07-26,2.147,2.182,2.146,2.182,2308504,500350000.0
2016-07-27,2.181,2.185,2.048,2.061,6514482,1364609564.0
2016-07-28,2.06,2.075,2.023,2.044,3956703,810674786.0
2016-07-29,2.053,2.055,2.017,2.031,2351325,478998860.0
2016-08-01,2.024,2.028,1.981,2.013,3943983,788439631.0
2016-08-02,2.012,2.027,2.008,2.025,2179841,440132602.0
2016-08-03,2.021,2.031,2.009,2.017,1797202,362889716.0
2016-08-04,2.017,2.044,2.013,2.04,1795408,364417865.0
2016-08-05,2.036,2.04,2.02,2.022,1474876,299109735.0
2016-08-08,2.019,2.042,1.996,2.041,2156866,436086106.0
2016-08-09,2.041,2.062,2.035,2.061,2343517,480852720.0
2016-08-10,2.063,2.071,2.043,2.043,2688114,552569330.0
2016-08-11,2.04,2.047,2.015,2.017,1989860,403848170.0
2016-08-12,2.013,2.035,2.01,2.035,1671247,338009487.0
2016-08-15,2.035,2.109,2.02,2.103,5594113,1162832983.0
2016-08-16,2.101,2.116,2.097,2.105,2962460,624540055.0
2016-08-17,2.106,2.122,2.099,2.112,2381912,503026881.0
2016-08-18,2.108,2.119,2.097,2.108,2059276,433969243.0
2016-08-19,2.108,2.116,2.099,2.112,1427763,300807540.0
2016-08-22,2.112,2.119,2.072,2.072,1819292,381658602.0
2016-08-23,2.073,2.093,2.058,2.084,2170010,452085948.0
2016-08-24,2.084,2.108,2.082,2.098,2550870,535253691.0
2016-08-25,2.089,2.089,2.061,2.088,2636162,545954320.0
2016-08-26,2.091,2.117,2.087,2.095,2007329,422531772.0
2016-08-29,2.089,2.116,2.088,2.101,1325362,278423110.0
2016-08-30,2.103,2.115,2.097,2.104,1285238,270748686.0
2016-08-31,2.099,2.104,2.081,2.099,1672852,349816405.0
2016-09-01,2.099,2.107,2.084,2.084,1537772,322676200.0
2016-09-02,2.079,2.093,2.068,2.081,1254711,261142228.0
2016-09-05,2.081,2.105,2.081,2.088,1422010,297738402.0
2016-09-06,2.086,2.133,2.069,2.128,2970897,624940696.0
2016-09-07,2.126,2.135,2.109,2.114,3124352,665123774.0
2016-09-08,2.115,2.128,2.112,2.128,1232864,261464140.0
2016-09-09,2.127,2.131,2.107,2.109,1152941,244489137.0
2016-09-12,2.075,2.087,2.054,2.06,3530165,729962334.0
2016-09-13,2.066,2.072,2.05,2.055,1562228,321969371.0
2016-09-14,2.046,2.065,2.04,2.051,1326870,272445521.0
2016-09-19,2.054,2.083,2.054,2.072,1175237,243331683.0
2016-09-20,2.07,2.075,2.062,2.066,741129,153237148.0
2016-09-21,2.068,2.08,2.063,2.068,718913,148953278.0
2016-09-22,2.08,2.085,2.07,2.072,912522,189620785.0
2016-09-23,2.076,2.078,2.065,2.065,649535,134482361.0
2016-09-26,2.061,2.07,2.029,2.032,1414239,290422614.0
2016-09-27,2.031,2.051,2.025,2.049,1854729,377924095.0
2016-09-28,2.052,2.053,2.04,2.05,1151938,235648350.0
2016-09-29,2.052,2.065,2.049,2.058,776504,159790751.0
2016-09-30,2.057,2.063,2.054,2.062,512110,105448565.0
2016-10-10,2.071,2.12,2.068,2.119,1760305,370166636.0
2016-10-11,2.119,2.119,2.106,2.118,1037590,219187386.0
2016-10-12,2.111,2.125,2.108,2.116,893655,189058453.0
2016-10-13,2.117,2.122,2.107,2.113,1109353,234706138.0
2016-10-14,2.114,2.114,2.088,2.104,894257,187584593.0
2016-10-17,2.104,2.106,2.068,2.079,1174629,245419232.0
2016-10-18,2.078,2.108,2.076,2.107,1534366,321326253.0
2016-10-19,2.107,2.108,2.089,2.092,1058788,222265250.0
2016-10-20,2.093,2.107,2.092,2.101,789523,165856226.0
2016-10-21,2.102,2.11,2.079,2.09,1013663,212018762.0
2016-10-24,2.09,2.116,2.086,2.109,2202417,463282059.0
2016-10-25,2.111,2.117,2.104,2.109,1037450,218955787.0
2016-10-26,2.106,2.112,2.088,2.094,1152148,241667421.0
2016-10-27,2.092,2.095,2.081,2.092,666248,139179926.0
2016-10-28,2.09,2.105,2.071,2.071,1489418,311160455.0
2016-10-31,2.07,2.074,2.057,2.071,1238523,255680808.0
2016-11-01,2.071,2.087,2.069,2.082,1340308,278405386.0
2016-11-02,2.079,2.081,2.053,2.054,1336701,276273594.0
2016-11-03,2.045,2.076,2.045,2.062,2105737,434113524.0
2016-11-04,2.059,2.08,2.05,2.056,1687287,348234545.0
2016-11-07,2.054,2.057,2.038,2.043,1108717,226919181.0
2016-11-08,2.048,2.068,2.046,2.063,1592791,328011096.0
2016-11-09,2.062,2.066,2.012,2.032,1814598,370359333.0
2016-11-10,2.052,2.062,2.051,2.053,1723974,354559882.0
2016-11-11,2.051,2.062,2.037,2.06,1686738,345829655.0
2016-11-14,2.057,2.087,2.057,2.07,2135288,443480642.0
2016-11-15,2.07,2.089,2.061,2.089,2037411,422741784.0
2016-11-16,2.096,2.118,2.09,2.091,2662780,560558486.0
2016-11-17,2.085,2.085,2.067,2.074,1234155,256055822.0
2016-11-18,2.074,2.081,2.065,2.07,862819,178860753.0
2016-11-21,2.065,2.075,2.056,2.061,1145398,236595906.0
2016-11-22,2.064,2.086,2.059,2.086,2150688,445694917.0
2016-11-23,2.09,2.1,2.073,2.075,2436437,508367253.0
2016-11-24,2.067,2.08,2.054,2.054,1559165,322423914.0
2016-11-25,2.052,2.078,2.03,2.076,2058856,423535096.0
2016-11-28,2.079,2.086,2.067,2.071,1605870,333733737.0
2016-11-29,2.068,2.086,2.064,2.073,2059937,427638608.0
2016-11-30,2.068,2.11,2.063,2.092,3042287,636902232.0
2016-12-01,2.09,2.097,2.083,2.089,1338250,279487460.0
2016-12-02,2.087,2.096,2.055,2.055,2227676,461522641.0
2016-12-05,2.045,2.071,2.038,2.055,1910268,393002331.0
2016-12-06,2.058,2.066,2.033,2.036,1662374,340406556.0
2016-12-07,2.04,2.045,2.025,2.044,1043243,212243832.0
2016-12-08,2.044,2.045,2.026,2.028,1088349,221128132.0
2016-12-09,2.025,2.029,2.011,2.013,1477668,298445314.0
2016-12-12,2.01,2.011,1.895,1.902,3580867,697865724.0
2016-12-13,1.9,1.911,1.879,1.9,2565921,486450289.0
2016-12-14,1.898,1.905,1.873,1.88,1455802,275129976.0
2016-12-15,1.877,1.908,1.873,1.893,1553878,293984270.0
2016-12-16,1.888,1.922,1.886,1.908,1544205,295061777.0
2016-12-19,1.907,1.909,1.891,1.896,576976,109548498.0
2016-12-20,1.897,1.906,1.89,1.897,966099,183398655.0
2016-12-21,1.899,1.912,1.897,1.904,872115,166079634.0
2016-12-22,1.903,1.904,1.889,1.897,533974,101291791.0
2016-12-23,1.893,1.903,1.874,1.874,675523,127584145.0
2016-12-26,1.869,1.887,1.848,1.886,938586,174914844.0
2016-12-27,1.883,1.892,1.879,1.881,700094,131998753.0
2016-12-28,1.879,1.884,1.861,1.87,598143,112138837.0
2016-12-29,1.869,1.887,1.866,1.876,597377,112222392.0
2016-12-30,1.878,1.885,1.871,1.881,1208164,226871327.0
2017-01-03,1.882,1.89,1.876,1.881,569141,107178845.0
2017-01-04,1.882,1.909,1.876,1.907,1268433,240595462.0
2017-01-05,1.904,1.908,1.897,1.901,808785,153887085.0
2017-01-06,1.897,1.897,1.88,1.886,637272,120224778.0
2017-01-09,1.883,1.889,1.869,1.878,455545,85535738.0
2017-01-10,1.877,1.885,1.868,1.869,637244,119621380.0
2017-01-11,1.863,1.877,1.853,1.857,977105,181990159.0
2017-01-12,1.851,1.867,1.849,1.849,1064767,197737738.0
2017-01-13,1.849,1.854,1.816,1.82,1101222,202323190.0
2017-01-16,1.82,1.82,1.711,1.756,2571600,456937508.0
2017-01-17,1.748,1.797,1.73,1.787,2907816,514410894.0
2017-01-18,1.78,1.785,1.763,1.767,1505930,267403809.0
2017-01-19,1.765,1.775,1.756,1.768,1167288,206294108.0
2017-01-20,1.762,1.813,1.762,1.801,1821480,327812000.0
2017-01-23,1.798,1.818,1.797,1.807,626704,113469294.0
2017-01-24,1.807,1.807,1.78,1.786,708059,126819088.0
2017-01-25,1.78,1.798,1.777,1.794,473825,84850398.0
2017-01-26,1.794,1.81,1.794,1.804,430825,77772028.0
2017-02-03,1.806,1.809,1.794,1.802,412051,74180664.0
2017-02-06,1.799,1.825,1.796,1.82,928864,168414983.0
2017-02-07,1.816,1.822,1.803,1.807,713488,129207055.0
2017-02-08,1.806,1.825,1.803,1.822,919020,166642084.0
2017-02-09,1.822,1.84,1.821,1.833,1049925,192282956.0
2017-02-10,1.833,1.835,1.821,1.824,702525,128295215.0
2017-02-13,1.82,1.842,1.815,1.833,938694,171803120.0
2017-02-14,1.831,1.839,1.826,1.827,897032,164405623.0
2017-02-15,1.828,1.842,1.81,1.812,659948,120533979.0
2017-02-16,1.808,1.822,1.807,1.817,676778,122862188.0
2017-02-17,1.817,1.826,1.8,1.801,847230,153457721.0
2017-02-20,1.804,1.817,1.798,1.817,989914,179040135.0
2017-02-21,1.817,1.845,1.815,1.842,1152992,211397860.0
2017-02-22,1.844,1.845,1.83,1.838,1021327,187733887.0
2017-02-23,1.838,1.848,1.825,1.848,1113450,204384340.0
2017-02-24,1.846,1.859,1.841,1.859,1044112,193378161.0
2017-02-27,1.859,1.864,1.841,1.847,879682,163117297.0
2017-02-28,1.847,1.85,1.836,1.846,865102,159420322.0
2017-03-01,1.842,1.86,1.842,1.85,871857,161545604.0
2017-03-02,1.851,1.856,1.84,1.841,547042,101023148.0
2017-03-03,1.836,1.852,1.829,1.849,737075,135740133.0
2017-03-06,1.848,1.884,1.847,1.883,1464071,274466850.0
2017-03-07,1.885,1.896,1.875,1.895,1088008,205396544.0
2017-03-08,1.895,1.895,1.879,1.884,779682,147008854.0
2017-03-09,1.877,1.881,1.867,1.869,849526,159154934.0
2017-03-10,1.868,1.876,1.863,1.868,590481,110403829.0
2017-03-13,1.864,1.89,1.857,1.89,1215816,228174383.0
2017-03-14,1.888,1.888,1.868,1.875,1124811,211165936.0
2017-03-15,1.871,1.882,1.863,1.876,771932,144644272.0
2017-03-16,1.875,1.886,1.875,1.882,721986,135875459.0
2017-03-17,1.883,1.9,1.862,1.862,1117073,210588723.0
2017-03-20,1.863,1.871,1.856,1.87,892708,166421448.0
2017-03-21,1.869,1.879,1.866,1.879,515699,96557588.0
2017-03-22,1.87,1.879,1.858,1.864,1529803,285377448.0
2017-03-23,1.866,1.879,1.85,1.865,1731105,322406642.0
2017-03-24,1.865,1.884,1.863,1.882,725597,136133231.0
2017-03-27,1.878,1.885,1.863,1.864,665478,124456752.0
2017-03-28,1.863,1.871,1.859,1.863,418696,78072231.0
2017-03-29,1.865,1.869,1.844,1.845,1007642,186918100.0
2017-03-30,1.841,1.845,1.811,1.813,1474102,269193316.0
2017-03-31,1.814,1.827,1.814,1.826,901510,164251518.0
2017-04-05,1.831,1.861,1.831,1.861,665627,123156662.0
2017-04-06,1.863,1.869,1.855,1.859,501456,93346439.0
2017-04-07,1.859,1.871,1.852,1.865,541223,100831619.0
2017-04-10,1.865,1.865,1.828,1.832,476985,87851964.0
2017-04-11,1.829,1.84,1.81,1.836,1127883,205783631.0
2017-04-12,1.832,1.834,1.815,1.819,577018,105362257.0
2017-04-13,1.819,1.84,1.814,1.835,687692,126041845.0
2017-04-14,1.829,1.834,1.808,1.81,862709,156652324.0
2017-04-17,1.806,1.809,1.785,1.79,1299578,233566820.0
2017-04-18,1.79,1.799,1.77,1.772,832395,148672136.0
2017-04-19,1.767,1.77,1.738,1.763,1500866,262950426.0
2017-04-20,1.765,1.778,1.758,1.77,1003610,177607690.0
2017-04-21,1.77,1.784,1.756,1.761,880331,156023292.0
2017-04-24,1.759,1.759,1.723,1.737,1324228,229845186.0
2017-04-25,1.736,1.755,1.732,1.742,792404,138260087.0
2017-04-26,1.74,1.747,1.734,1.743,363643,63329683.0
2017-04-27,1.739,1.774,1.721,1.764,1502604,262127995.0
2017-04-28,1.76,1.779,1.758,1.777,866992,153511342.0
2017-05-02,1.775,1.778,1.766,1.773,501284,88855545.0
2017-05-03,1.767,1.778,1.755,1.763,511278,90252808.0
2017-05-04,1.761,1.781,1.753,1.769,1084637,191762746.0
2017-05-05,1.76,1.765,1.743,1.743,1553911,272700129.0
2017-05-08,1.735,1.75,1.715,1.716,1728978,299627925.0
2017-05-09,1.709,1.73,1.699,1.726,2171479,371764686.0
2017-05-10,1.725,1.74,1.699,1.7,2393477,412446391.0
2017-05-11,1.69,1.698,1.657,1.696,3348574,562541769.0
2017-05-12,1.692,1.7,1.677,1.698,1636129,276100462.0
2017-05-15,1.701,1.713,1.698,1.704,895947,152810443.0
2017-05-16,1.698,1.741,1.69,1.741,1794430,308032672.0
2017-05-17,1.74,1.759,1.737,1.743,1728841,301857871.0
2017-05-18,1.734,1.752,1.731,1.738,1315222,229008516.0
2017-05-19,1.737,1.739,1.719,1.725,982465,169697665.0
2017-05-22,1.723,1.738,1.702,1.711,1288382,221527959.0
2017-05-23,1.706,1.714,1.681,1.681,2049409,347520160.0
2017-05-24,1.676,1.703,1.658,1.703,2870806,483393432.0
2017-05-25,1.698,1.713,1.671,1.703,4058081,687749460.0
2017-05-26,1.696,1.705,1.684,1.689,2655761,450175765.0
2017-05-31,1.719,1.719,1.692,1.692,3189028,542541970.0
2017-06-01,1.687,1.688,1.66,1.661,1663429,278949855.0
2017-06-02,1.652,1.687,1.643,1.678,3507694,583775668.0
2017-06-05,1.681,1.699,1.68,1.689,2207064,373018452.0
2017-06-06,1.686,1.702,1.684,1.692,1314035,222527392.0
2017-06-07,1.692,1.733,1.689,1.73,3146698,539653005.0
2017-06-08,1.728,1.733,1.718,1.722,1689237,291306414.0
2017-06-09,1.718,1.726,1.71,1.725,1662671,285614807.0
2017-06-12,1.715,1.718,1.7,1.702,1608719,274790800.0
2017-06-13,1.702,1.728,1.699,1.723,2180761,374836998.0
2017-06-14,1.721,1.726,1.713,1.72,1333080,229306046.0
2017-06-15,1.719,1.753,1.717,1.744,3352446,583855215.0
2017-06-16,1.744,1.747,1.736,1.739,1318494,229588306.0
2017-06-19,1.737,1.747,1.736,1.746,1137841,198191200.0
2017-06-20,1.747,1.763,1.745,1.748,1815701,318715277.0
2017-06-21,1.756,1.758,1.737,1.753,1111860,194312827.0
2017-06-22,1.752,1.758,1.721,1.725,1067561,186183714.0
2017-06-23,1.724,1.737,1.706,1.737,1861227,320078862.0
2017-06-26,1.734,1.75,1.725,1.749,1476283,256702631.0
2017-06-27,1.749,1.758,1.743,1.746,1324417,231860208.0
2017-06-28,1.743,1.745,1.73,1.734,1093783,189814127.0
2017-06-29,1.733,1.751,1.731,1.742,1066991,185837316.0
2017-06-30,1.737,1.748,1.731,1.748,1184105,205920904.0
2017-07-03,1.747,1.764,1.743,1.764,1614595,283419759.0
2017-07-04,1.764,1.764,1.749,1.755,1120420,196661228.0
2017-07-05,1.753,1.763,1.745,1.761,1094745,192009435.0
2017-07-06,1.76,1.766,1.743,1.753,1335706,234486219.0
2017-07-07,1.747,1.752,1.743,1.75,716998,125282766.0
2017-07-10,1.745,1.745,1.715,1.716,1538696,265984302.0
2017-07-11,1.712,1.719,1.696,1.696,1461933,249616924.0
2017-07-12,1.694,1.703,1.678,1.697,1891946,319582388.0
2017-07-13,1.693,1.696,1.68,1.686,1207065,203911926.0
2017-07-14,1.68,1.682,1.661,1.662,1963989,328168745.0
2017-07-17,1.647,1.648,1.569,1.57,3561888,571619148.0
2017-07-18,1.561,1.589,1.554,1.579,2213341,348115405.0
2017-07-19,1.573,1.595,1.561,1.593,1628131,257042337.0
2017-07-20,1.59,1.617,1.587,1.59,1620749,259995376.0
2017-07-21,1.588,1.602,1.586,1.591,747247,119211178.0
2017-07-24,1.589,1.602,1.582,1.599,946497,150676255.0
2017-07-25,1.598,1.606,1.59,1.599,735777,117549609.0
2017-07-26,1.597,1.6,1.586,1.588,735346,117107550.0
2017-07-27,1.588,1.665,1.584,1.665,2959044,483583424.0
2017-07-28,1.659,1.662,1.643,1.647,1924264,317980078.0
2017-07-31,1.645,1.654,1.636,1.652,1011288,166423450.0
2017-08-01,1.651,1.654,1.639,1.65,1190311,196061875.0
2017-08-02,1.65,1.658,1.638,1.638,1371661,226185155.0
2017-08-03,1.634,1.672,1.63,1.651,1998339,330630187.0
2017-08-04,1.648,1.65,1.635,1.636,1031830,169463097.0
2017-08-07,1.636,1.66,1.635,1.651,1070920,176894386.0
2017-08-08,1.652,1.679,1.646,1.678,2199252,366490589.0
2017-08-09,1.677,1.688,1.668,1.675,1392265,233621334.0
2017-08-10,1.674,1.69,1.661,1.669,1108944,185775541.0
2017-08-11,1.661,1.678,1.656,1.659,1718932,286724194.0
2017-08-14,1.664,1.702,1.662,1.702,2364296,399551999.0
2017-08-15,1.704,1.71,1.695,1.706,1496965,254988656.0
2017-08-16,1.704,1.745,1.701,1.735,1924101,332345503.0
2017-08-17,1.728,1.753,1.725,1.746,2536531,441654993.0
2017-08-18,1.738,1.746,1.728,1.733,1417861,246227716.0
2017-08-21,1.737,1.743,1.728,1.737,1264746,219416648.0
2017-08-22,1.737,1.742,1.72,1.726,1162437,201043042.0
2017-08-23,1.722,1.732,1.714,1.717,1230914,211834376.0
2017-08-24,1.716,1.726,1.705,1.705,1279757,219382488.0
2017-08-25,1.702,1.729,1.702,1.723,1454571,250144026.0
2017-08-28,1.729,1.772,1.727,1.755,2402908,422238188.0
2017-08-29,1.753,1.766,1.743,1.743,1535018,269173870.0
2017-08-30,1.745,1.768,1.743,1.756,1613679,283467231.0
2017-08-31,1.758,1.767,1.755,1.765,1343713,236760541.0
2017-09-01,1.768,1.78,1.755,1.776,1753435,309891085.0
2017-09-04,1.773,1.799,1.769,1.796,1455841,260343930.0
2017-09-05,1.795,1.804,1.785,1.796,1394204,250347097.0
2017-09-06,1.792,1.814,1.79,1.813,1611863,290327649.0
2017-09-07,1.813,1.828,1.797,1.8,1632369,296344185.0
2017-09-08,1.797,1.807,1.783,1.791,1398556,251025855.0
2017-09-11,1.79,1.807,1.788,1.807,1023147,184131587.0
2017-09-12,1.811,1.815,1.792,1.793,1222546,220494664.0
2017-09-13,1.792,1.798,1.784,1.797,972239,174212687.0
2017-09-14,1.797,1.803,1.783,1.787,839012,150416300.0
2017-09-15,1.785,1.792,1.78,1.782,895529,159878870.0
2017-09-18,1.782,1.808,1.78,1.808,1141358,205056836.0
2017-09-19,1.807,1.811,1.785,1.79,1150825,207097411.0
2017-09-20,1.788,1.803,1.786,1.801,761996,136795706.0
2017-09-21,1.802,1.808,1.78,1.78,764903,137266294.0
2017-09-22,1.775,1.78,1.762,1.773,1079248,191300260.0
2017-09-25,1.77,1.778,1.748,1.75,807223,142398148.0
2017-09-26,1.749,1.758,1.734,1.746,966425,168631756.0
2017-09-27,1.75,1.766,1.748,1.757,815793,143255488.0
2017-09-28,1.758,1.771,1.757,1.761,730490,128804556.0
2017-09-29,1.764,1.78,1.764,1.78,570514,101193632.0
2017-10-09,1.797,1.81,1.79,1.8,902553,162208355.0
2017-10-10,1.798,1.828,1.797,1.828,1283464,232829319.0
2017-10-11,1.83,1.835,1.811,1.814,1147732,208922109.0
2017-10-12,1.812,1.819,1.799,1.811,785692,142223062.0
2017-10-13,1.811,1.84,1.806,1.84,1188638,216937353.0
2017-10-16,1.84,1.84,1.795,1.796,2194893,396814981.0
2017-10-17,1.791,1.798,1.781,1.786,922738,164973103.0
2017-10-18,1.789,1.8,1.778,1.778,846062,151658517.0
2017-10-19,1.777,1.787,1.767,1.775,859962,152934960.0
2017-10-20,1.773,1.795,1.771,1.794,712276,126972707.0
2017-10-23,1.791,1.812,1.788,1.806,1204250,217029908.0
2017-10-24,1.805,1.812,1.791,1.812,750795,135096771.0
2017-10-25,1.808,1.822,1.802,1.818,775261,140635222.0
2017-10-26,1.819,1.826,1.808,1.823,947332,172369305.0
2017-10-27,1.821,1.822,1.801,1.801,708488,128277233.0
2017-10-30,1.801,1.807,1.759,1.764,1579106,280053271.0
2017-10-31,1.764,1.778,1.762,1.773,898699,159141759.0
2017-11-01,1.773,1.781,1.768,1.769,929277,164908382.0
2017-11-02,1.766,1.767,1.745,1.745,844634,148274262.0
2017-11-03,1.742,1.757,1.726,1.732,1341181,233255287.0
2017-11-06,1.732,1.754,1.719,1.754,770445,133756193.0
2017-11-07,1.753,1.76,1.742,1.76,716435,125319493.0
2017-11-08,1.758,1.783,1.755,1.765,1038650,183714963.0
2017-11-09,1.764,1.783,1.755,1.779,683479,121051879.0
2017-11-10,1.778,1.8,1.775,1.8,1019939,182887078.0
2017-11-13,1.799,1.807,1.794,1.799,629013,113187797.0
2017-11-14,1.8,1.808,1.781,1.788,839599,150864310.0
2017-11-15,1.786,1.789,1.755,1.758,896095,158323051.0
2017-11-16,1.756,1.771,1.751,1.765,907137,159809970.0
2017-11-17,1.762,1.771,1.722,1.723,1444113,251693346.0
2017-11-20,1.719,1.755,1.697,1.755,1326033,228152092.0
2017-11-21,1.747,1.759,1.737,1.75,1080589,188781134.0
2017-11-22,1.748,1.762,1.732,1.744,1151991,201255732.0
2017-11-23,1.737,1.74,1.691,1.692,1359304,232912790.0
2017-11-24,1.687,1.695,1.678,1.678,997676,168382604.0
2017-11-27,1.671,1.692,1.657,1.66,1068216,178740678.0
2017-11-28,1.66,1.686,1.658,1.682,1356761,227008829.0
2017-11-29,1.682,1.684,1.661,1.674,787181,131678938.0
2017-11-30,1.673,1.681,1.657,1.663,648333,108244149.0
2017-12-01,1.665,1.695,1.662,1.687,1466778,247085286.0
2017-12-04,1.683,1.692,1.673,1.676,1156241,194697807.0
2017-12-05,1.674,1.679,1.632,1.644,1209396,199778563.0
2017-12-06,1.647,1.664,1.631,1.663,2725131,449955323.0
2017-12-07,1.662,1.673,1.654,1.656,1327840,220821668.0
2017-12-08,1.656,1.688,1.654,1.675,1088584,182349395.0
2017-12-11,1.682,1.698,1.678,1.698,1174630,198409111.0
2017-12-12,1.698,1.699,1.675,1.675,707964,119597301.0
2017-12-13,1.679,1.692,1.67,1.691,786222,132199735.0
2017-12-14,1.689,1.692,1.674,1.68,741366,124568443.0
2017-12-15,1.681,1.684,1.666,1.673,957790,160367344.0
2017-12-18,1.673,1.676,1.66,1.667,570027,95003881.0
2017-12-19,1.668,1.688,1.668,1.683,1220989,205326316.0
2017-12-20,1.68,1.682,1.661,1.661,668019,111648626.0
2017-12-21,1.659,1.68,1.647,1.668,878279,146251146.0
2017-12-22,1.669,1.676,1.662,1.663,558833,93269899.0
2017-12-25,1.662,1.663,1.634,1.642,1037449,170675380.0
2017-12-26,1.642,1.646,1.631,1.644,1066960,174894030.0
2017-12-27,1.644,1.647,1.626,1.63,873375,143061507.0
2017-12-28,1.629,1.647,1.627,1.637,984560,161246661.0
2017-12-29,1.638,1.644,1.632,1.644,935020,153104072.0
2018-01-02,1.65,1.676,1.646,1.665,983127,163062394.0
2018-01-03,1.666,1.693,1.663,1.689,1912283,321261914.0
2018-01-04,1.686,1.693,1.682,1.693,925577,156329152.0
2018-01-05,1.693,1.7,1.691,1.696,890407,151083448.0
2018-01-08,1.694,1.701,1.682,1.701,706128,119464243.0
2018-01-09,1.699,1.702,1.694,1.699,577034,97981048.0
2018-01-10,1.695,1.699,1.679,1.689,715802,120750211.0
2018-01-11,1.686,1.707,1.675,1.701,1468519,248536899.0
2018-01-12,1.7,1.7,1.684,1.685,804909,136125215.0
2018-01-15,1.68,1.681,1.63,1.634,1989655,328814258.0
2018-01-16,1.632,1.642,1.621,1.631,1441132,235117492.0
2018-01-17,1.628,1.647,1.601,1.639,3289036,534264989.0
2018-01-18,1.633,1.651,1.631,1.636,1993958,327304674.0
2018-01-19,1.64,1.648,1.629,1.63,1832485,299930572.0
2018-01-22,1.623,1.674,1.616,1.67,2948238,486756213.0
2018-01-23,1.668,1.676,1.661,1.667,2040672,340268750.0
2018-01-24,1.672,1.723,1.653,1.714,5850316,988016907.0
2018-01-25,1.714,1.751,1.705,1.708,7049032,1219092264.0
2018-01-26,1.708,1.733,1.705,1.72,3586477,617135488.0
2018-01-29,1.72,1.725,1.692,1.701,4965787,847216392.0
2018-01-30,1.698,1.709,1.681,1.687,4049142,685449154.0
2018-01-31,1.68,1.68,1.632,1.633,5281660,871475579.0
2018-02-01,1.634,1.647,1.602,1.603,5622719,913368723.0
2018-02-02,1.593,1.627,1.582,1.607,4988302,802212352.0
2018-02-05,1.586,1.601,1.582,1.594,3260216,518994461.0
2018-02-06,1.57,1.578,1.502,1.505,6148774,953692726.0
2018-02-07,1.539,1.543,1.48,1.523,6332947,963662971.0
2018-02-08,1.515,1.556,1.512,1.548,4195420,646892362.0
2018-02-09,1.51,1.535,1.482,1.502,5801713,877744043.0
2018-02-12,1.515,1.562,1.51,1.553,5167943,796551153.0
2018-02-13,1.561,1.574,1.547,1.557,3208401,500876781.0
2018-02-14,1.555,1.556,1.539,1.549,1913003,295943372.0
2018-02-22,1.563,1.581,1.554,1.58,3030288,476359035.0
2018-02-23,1.576,1.584,1.561,1.572,1880539,295671378.0
2018-02-26,1.585,1.633,1.575,1.63,5175198,831373163.0
2018-02-27,1.63,1.656,1.625,1.639,4628523,760274947.0
2018-02-28,1.628,1.672,1.622,1.651,4197628,693341144.0
2018-03-01,1.64,1.687,1.632,1.687,3678587,613346102.0
2018-03-02,1.68,1.699,1.664,1.669,4515403,758910798.0
2018-03-05,1.678,1.693,1.665,1.69,2949835,495291533.0
2018-03-06,1.693,1.705,1.685,1.693,3373910,572301870.0
2018-03-07,1.691,1.695,1.675,1.679,2217324,373416972.0
2018-03-08,1.679,1.692,1.674,1.686,2274747,382777742.0
2018-03-09,1.688,1.755,1.685,1.755,7878414,1364568125.0
2018-03-12,1.773,1.795,1.763,1.777,6867064,1220360110.0
2018-03-13,1.772,1.791,1.758,1.767,3685880,652901345.0
2018-03-14,1.761,1.767,1.735,1.741,4468052,782882932.0
2018-03-15,1.73,1.743,1.707,1.742,6701459,1156915123.0
2018-03-16,1.74,1.75,1.715,1.716,4298468,746399939.0
2018-03-19,1.712,1.754,1.711,1.736,4145098,719170034.0
2018-03-20,1.721,1.762,1.719,1.76,5314534,926038959.0
2018-03-21,1.76,1.768,1.718,1.72,4142582,724969089.0
2018-03-22,1.726,1.735,1.71,1.711,3658480,629648140.0
2018-03-23,1.666,1.688,1.61,1.622,11432223,1890952811.0
2018-03-26,1.609,1.679,1.595,1.673,8328624,1365103699.0
2018-03-27,1.69,1.74,1.686,1.738,8486973,1457090532.0
2018-03-28,1.717,1.748,1.714,1.73,6829592,1185120377.0
2018-03-29,1.736,1.75,1.719,1.739,4242983,736141500.0
2018-03-30,1.744,1.791,1.739,1.791,8552651,1512740120.0
2018-04-02,1.805,1.81,1.781,1.788,7302463,1311747733.0
2018-04-03,1.765,1.778,1.744,1.764,6971304,1229546358.0
2018-04-04,1.773,1.779,1.732,1.732,5269261,924709708.0
2018-04-09,1.732,1.757,1.716,1.737,5599839,973559938.0
2018-04-10,1.733,1.738,1.71,1.732,5783069,995625283.0
2018-04-11,1.737,1.753,1.728,1.729,4809650,837265467.0
2018-04-12,1.725,1.745,1.72,1.72,3665975,635696585.0
2018-04-13,1.736,1.743,1.72,1.721,3978376,688896876.0
2018-04-16,1.722,1.748,1.714,1.736,5560540,961752745.0
2018-04-17,1.737,1.745,1.681,1.683,7492720,1280492179.0
2018-04-18,1.692,1.732,1.659,1.718,9475694,1603547762.0
2018-04-19,1.711,1.735,1.707,1.715,5757563,990967188.0
2018-04-20,1.711,1.726,1.679,1.684,5757464,980923373.0
2018-04-23,1.684,1.692,1.631,1.653,5675704,942863887.0
2018-04-24,1.653,1.705,1.651,1.705,6202016,1043877768.0
2018-04-25,1.698,1.724,1.695,1.715,5353027,915887004.0
2018-04-26,1.713,1.716,1.68,1.681,4445481,754087895.0
2018-04-27,1.689,1.711,1.681,1.707,4338079,737373690.0
2018-05-02,1.711,1.729,1.687,1.701,4266399,728399708.0
2018-05-03,1.697,1.726,1.668,1.726,6793981,1153767237.0
2018-05-04,1.72,1.728,1.71,1.712,4598615,791003288.0
2018-05-07,1.717,1.753,1.715,1.749,5590691,971893948.0
2018-05-08,1.751,1.753,1.736,1.753,3871211,676355459.0
2018-05-09,1.75,1.756,1.741,1.749,3015205,527669643.0
2018-05-10,1.751,1.763,1.743,1.762,4070744,713640096.0
2018-05-11,1.762,1.765,1.732,1.734,4851430,846975237.0
2018-05-14,1.732,1.741,1.724,1.728,2943562,510032183.0
2018-05-15,1.726,1.757,1.724,1.756,4322164,751896330.0
2018-05-16,1.749,1.758,1.742,1.745,3943829,689802762.0
2018-05-17,1.742,1.747,1.725,1.729,3139177,543953056.0
2018-05-18,1.726,1.736,1.712,1.731,4633736,799011068.0
2018-05-21,1.742,1.767,1.742,1.757,5618533,987077075.0
2018-05-22,1.757,1.772,1.752,1.77,4378531,771556995.0
2018-05-23,1.764,1.771,1.744,1.745,3327789,584988065.0
2018-05-24,1.744,1.752,1.735,1.737,2846846,496240855.0
2018-05-25,1.736,1.739,1.704,1.705,5064068,869941128.0
2018-05-28,1.702,1.716,1.69,1.698,3238262,550994495.0
2018-05-29,1.698,1.713,1.677,1.678,4152866,704959976.0
2018-05-30,1.659,1.662,1.626,1.633,5973139,983604703.0
2018-05-31,1.646,1.652,1.621,1.649,5650488,926869082.0
2018-06-01,1.641,1.648,1.609,1.62,4501197,731478490.0
2018-06-04,1.624,1.627,1.602,1.613,4228867,682312727.0
2018-06-05,1.615,1.655,1.613,1.653,5639086,922301309.0
2018-06-06,1.648,1.656,1.642,1.65,3217526,530674166.0
2018-06-07,1.653,1.657,1.634,1.636,2227248,365900542.0
2018-06-08,1.63,1.633,1.607,1.62,3805285,615686834.0
2018-06-11,1.617,1.618,1.596,1.601,3784942,607749237.0
2018-06-12,1.602,1.624,1.592,1.619,4830004,777843435.0
2018-06-13,1.616,1.618,1.596,1.597,3347011,538670364.0
2018-06-14,1.591,1.613,1.581,1.587,4651490,741824595.0
2018-06-15,1.586,1.593,1.55,1.554,5400178,845181897.0
2018-06-19,1.535,1.54,1.449,1.467,7967385,1196499163.0
2018-06-20,1.461,1.492,1.444,1.478,7521336,1106341578.0
2018-06-21,1.475,1.486,1.441,1.441,6174088,902225803.0
2018-06-22,1.434,1.473,1.427,1.466,6509188,948090850.0
2018-06-25,1.479,1.482,1.454,1.455,4237095,623580984.0
2018-06-26,1.444,1.488,1.437,1.485,6668326,978447289.0
2018-06-27,1.479,1.489,1.462,1.466,5151968,758594397.0
2018-06-28,1.463,1.487,1.459,1.462,4661063,686804637.0
2018-06-29,1.464,1.527,1.464,1.524,6748125,1011543159.0
2018-07-02,1.522,1.526,1.489,1.503,5619238,848615552.0
2018-07-03,1.507,1.531,1.477,1.52,7937997,1195307442.0
2018-07-04,1.511,1.514,1.476,1.486,4815750,720058042.0
2018-07-05,1.479,1.496,1.451,1.452,5326490,784496289.0
2018-07-06,1.451,1.493,1.443,1.464,7653538,1125618241.0
2018-07-09,1.474,1.505,1.47,1.504,6562165,978048478.0
2018-07-10,1.505,1.517,1.5,1.516,4653500,701882879.0
2018-07-11,1.49,1.5,1.468,1.488,7056090,1047805881.0
2018-07-12,1.49,1.545,1.489,1.54,7735752,1179858895.0
2018-07-13,1.537,1.548,1.532,1.542,4694873,722846662.0
2018-07-16,1.536,1.546,1.528,1.542,2917485,447756313.0
2018-07-17,1.54,1.545,1.521,1.543,3780669,579864827.0
2018-07-18,1.545,1.557,1.531,1.532,3985458,616009356.0
2018-07-19,1.532,1.543,1.508,1.514,4423700,672792962.0
2018-07-20,1.511,1.54,1.505,1.535,5010057,763760421.0
2018-07-23,1.534,1.541,1.515,1.54,5166962,789030567.0
2018-07-24,1.54,1.562,1.53,1.549,5658661,875600579.0
2018-07-25,1.549,1.567,1.547,1.551,4603271,716231806.0
2018-07-26,1.551,1.557,1.526,1.534,4186107,643905475.0
2018-07-27,1.529,1.532,1.515,1.518,4462205,680220039.0
2018-07-30,1.514,1.52,1.482,1.484,6278487,940162565.0
2018-07-31,1.483,1.499,1.481,1.489,4244350,632526525.0
2018-08-01,1.494,1.507,1.471,1.471,4470316,666099683.0
2018-08-02,1.465,1.467,1.415,1.44,8127045,1169029290.0
2018-08-03,1.44,1.45,1.411,1.414,7348847,1051125527.0
2018-08-06,1.405,1.416,1.368,1.374,12019112,1676927021.0
2018-08-07,1.381,1.412,1.369,1.412,9234153,1285234269.0
2018-08-08,1.403,1.408,1.379,1.381,6866129,956449213.0
2018-08-09,1.379,1.437,1.376,1.426,10025652,1418011046.0
2018-08-10,1.424,1.441,1.421,1.437,5700609,816509066.0
2018-08-13,1.422,1.46,1.42,1.458,6646202,955990438.0
2018-08-14,1.454,1.458,1.44,1.446,5205638,753486432.0
2018-08-15,1.445,1.446,1.403,1.409,7090614,1007923530.0
2018-08-16,1.391,1.419,1.381,1.396,7833649,1098295007.0
2018-08-17,1.407,1.41,1.366,1.369,9120506,1263718539.0
2018-08-20,1.363,1.376,1.34,1.367,10168691,1380052462.0
2018-08-21,1.366,1.393,1.363,1.387,8547493,1179618699.0
2018-08-22,1.385,1.389,1.37,1.375,4488100,619306372.0
2018-08-23,1.376,1.395,1.373,1.388,6059137,839387824.0
2018-08-24,1.38,1.394,1.376,1.382,3896291,539105214.0
2018-08-27,1.387,1.426,1.385,1.426,8237421,1161330676.0
2018-08-28,1.425,1.429,1.416,1.423,4082480,580853910.0
2018-08-29,1.42,1.421,1.405,1.411,3866062,545976663.0
2018-08-30,1.41,1.415,1.389,1.389,5144066,718996040.0
2018-08-31,1.383,1.387,1.366,1.369,5614493,772512959.0
2018-09-03,1.364,1.379,1.35,1.375,5836825,795335898.0
2018-09-04,1.373,1.394,1.365,1.385,6740409,929244498.0
2018-09-05,1.38,1.387,1.363,1.363,5131937,706973510.0
2018-09-06,1.358,1.377,1.351,1.355,6994458,953927052.0
2018-09-07,1.36,1.386,1.351,1.36,8612882,1179201107.0
2018-09-10,1.353,1.36,1.325,1.327,8350878,1118646320.0
2018-09-11,1.327,1.342,1.32,1.332,5717352,759902105.0
2018-09-12,1.331,1.341,1.32,1.32,7147721,950209721.0
2018-09-13,1.336,1.341,1.307,1.326,11026970,1460488591.0
2018-09-14,1.326,1.332,1.304,1.304,8119944,1069370659.0
2018-09-17,1.296,1.302,1.282,1.288,7135335,922151476.0
2018-09-18,1.286,1.314,1.283,1.312,7905014,1026503481.0
2018-09-19,1.308,1.339,1.303,1.324,9878342,1305036662.0
2018-09-20,1.321,1.333,1.319,1.32,4455153,590303321.0
2018-09-21,1.325,1.346,1.317,1.343,7684138,1024990855.0
2018-09-25,1.333,1.347,1.331,1.338,6901895,923984742.0
2018-09-26,1.339,1.361,1.334,1.352,6767440,912659798.0
2018-09-27,1.35,1.353,1.332,1.333,5222583,700940524.0
2018-09-28,1.337,1.346,1.327,1.346,6125985,819172287.0
2018-10-08,1.317,1.322,1.286,1.289,7211934,942760213.0
2018-10-09,1.294,1.301,1.275,1.283,6414966,825557141.0
2018-10-10,1.284,1.293,1.271,1.282,5679269,728727644.0
2018-10-11,1.243,1.249,1.19,1.196,11133686,1363904671.0
2018-10-12,1.192,1.215,1.173,1.206,9926606,1185754490.0
2018-10-15,1.205,1.22,1.189,1.19,5747888,692749519.0
2018-10-16,1.192,1.195,1.154,1.16,9493810,1115771154.0
2018-10-17,1.173,1.182,1.149,1.174,12516772,1460973655.0
2018-10-18,1.163,1.173,1.151,1.153,12504528,1451090242.0
2018-10-19,1.141,1.197,1.136,1.189,13971317,1634560977.0
2018-10-22,1.22,1.268,1.211,1.26,18083601,2241899113.0
2018-10-23,1.26,1.263,1.222,1.231,11243075,1396262096.0
2018-10-24,1.231,1.246,1.22,1.226,8668279,1067748887.0
2018-10-25,1.19,1.224,1.183,1.216,13471964,1613049692.0
2018-10-26,1.221,1.233,1.198,1.203,8200546,996296470.0
2018-10-29,1.205,1.213,1.188,1.192,8231477,989255712.0
2018-10-30,1.189,1.221,1.168,1.204,11584947,1387339851.0
2018-10-31,1.205,1.229,1.201,1.216,11360813,1383473343.0
2018-11-01,1.231,1.253,1.227,1.227,13943364,1727519389.0
2018-11-02,1.28,1.292,1.257,1.291,19396058,2467666578.0
2018-11-05,1.284,1.308,1.261,1.287,16786208,2157876881.0
2018-11-06,1.278,1.287,1.263,1.286,9355637,1191332983.0
2018-11-07,1.287,1.303,1.28,1.282,9105793,1175793482.0
2018-11-08,1.293,1.295,1.264,1.265,6608071,845284515.0
2018-11-09,1.256,1.272,1.252,1.26,7016149,885728184.0
2018-11-12,1.258,1.307,1.256,1.305,12015535,1546244298.0
2018-11-13,1.293,1.333,1.291,1.326,17618752,2314208356.0
2018-11-14,1.321,1.333,1.315,1.32,7536179,995978517.0
2018-11-15,1.315,1.338,1.314,1.336,6782509,899095206.0
2018-11-16,1.337,1.345,1.322,1.332,9070421,1210790655.0
2018-11-19,1.328,1.332,1.31,1.325,10071340,1328533543.0
2018-11-20,1.316,1.317,1.282,1.291,8702469,1133503983.0
2018-11-21,1.285,1.296,1.274,1.294,8239440,1059126762.0
2018-11-22,1.294,1.302,1.282,1.285,6435844,830050682.0
2018-11-23,1.289,1.289,1.244,1.248,9056061,1142474424.0
2018-11-26,1.247,1.254,1.234,1.244,4407784,548533995.0
2018-11-27,1.251,1.259,1.245,1.253,5130197,642337026.0
2018-11-28,1.253,1.277,1.243,1.277,6534659,826287340.0
2018-11-29,1.284,1.287,1.245,1.247,7268236,924483398.0
2018-11-30,1.244,1.269,1.241,1.264,6616891,830518342.0
2018-12-03,1.301,1.316,1.292,1.31,9303419,1214136645.0
2018-12-04,1.308,1.315,1.303,1.315,5345533,700085026.0
2018-12-05,1.297,1.326,1.293,1.315,8071980,1058167285.0
2018-12-06,1.305,1.313,1.277,1.28,6601176,854446548.0
2018-12-07,1.284,1.287,1.273,1.275,3692638,471984698.0
2018-12-10,1.269,1.277,1.263,1.264,3880188,492588975.0
2018-12-11,1.269,1.277,1.266,1.277,3810906,485039260.0
2018-12-12,1.283,1.286,1.273,1.276,3795479,485664560.0
2018-12-13,1.277,1.295,1.265,1.286,7083380,908374714.0
2018-12-14,1.282,1.283,1.247,1.248,7862515,993991916.0
2018-12-17,1.242,1.247,1.227,1.24,7428262,918529881.0
2018-12-18,1.232,1.248,1.224,1.232,8349718,1031565916.0
2018-12-19,1.234,1.235,1.207,1.209,6413677,783048776.0
2018-12-20,1.209,1.223,1.206,1.219,6235317,757899424.0
2018-12-21,1.216,1.22,1.203,1.213,6384173,773884861.0
2018-12-24,1.212,1.228,1.206,1.226,6913223,844408161.0
2018-12-25,1.216,1.224,1.191,1.217,9326526,1126352778.0
2018-12-26,1.216,1.225,1.209,1.211,5538747,673597199.0
2018-12-27,1.229,1.232,1.191,1.192,6453763,783091911.0
2018-12-28,1.194,1.202,1.186,1.194,5159856,615985018.0
2019-01-02,1.198,1.199,1.176,1.178,6001622,711072518.0
2019-01-03,1.176,1.189,1.163,1.164,6784059,797217965.0
2019-01-04,1.155,1.195,1.152,1.195,11840440,1394716032.0
2019-01-07,1.197,1.218,1.193,1.214,9797743,1182027895.0
2019-01-08,1.21,1.217,1.207,1.211,4699100,569627453.0
2019-01-09,1.212,1.232,1.207,1.21,7370433,899897042.0
2019-01-10,1.208,1.219,1.203,1.207,4244881,513995801.0
2019-01-11,1.207,1.214,1.201,1.209,4306085,519954094.0
2019-01-14,1.21,1.212,1.193,1.195,4237977,508589320.0
2019-01-15,1.194,1.216,1.189,1.216,6724998,809254370.0
2019-01-16,1.214,1.224,1.21,1.214,5897142,717668328.0
2019-01-17,1.215,1.215,1.198,1.198,5906280,712958605.0
2019-01-18,1.203,1.218,1.198,1.216,6400240,773286439.0
2019-01-21,1.218,1.231,1.213,1.222,6604166,807735715.0
2019-01-22,1.219,1.22,1.196,1.201,5686735,686557394.0
2019-01-23,1.198,1.204,1.194,1.197,3329008,398752313.0
2019-01-24,1.199,1.221,1.197,1.211,6844337,829071267.0
2019-01-25,1.212,1.224,1.209,1.214,6223129,757284948.0
2019-01-28,1.22,1.227,1.205,1.208,5485220,667701364.0
2019-01-29,1.205,1.207,1.18,1.192,7620725,907947221.0
2019-01-30,1.183,1.197,1.182,1.183,4562772,542973522.0
2019-01-31,1.183,1.194,1.172,1.178,7476244,884261504.0
2019-02-01,1.182,1.222,1.182,1.221,10385764,1250855310.0
2019-02-11,1.223,1.266,1.223,1.264,10998410,1370907948.0
2019-02-12,1.262,1.281,1.259,1.278,8424747,1072222112.0
2019-02-13,1.279,1.305,1.277,1.301,8785253,1136574469.0
2019-02-14,1.3,1.313,1.293,1.304,6180714,804666388.0
2019-02-15,1.301,1.314,1.299,1.302,8317742,1086517434.0
2019-02-18,1.31,1.357,1.308,1.357,8628154,1151787429.0
2019-02-19,1.359,1.368,1.333,1.346,12181710,1647296326.0
2019-02-20,1.346,1.357,1.33,1.348,6955761,934374648.0
2019-02-21,1.344,1.391,1.34,1.355,11258114,1533617413.0
2019-02-22,1.348,1.406,1.347,1.406,10082465,1386485971.0
2019-02-25,1.432,1.495,1.416,1.492,11322086,1643907400.0
2019-02-26,1.487,1.519,1.459,1.479,14183027,2112923531.0
2019-02-27,1.475,1.491,1.436,1.458,12474735,1828844743.0
2019-02-28,1.456,1.482,1.454,1.47,7997755,1174326197.0
2019-03-01,1.489,1.502,1.466,1.5,9410949,1398930828.0
2019-03-04,1.526,1.582,1.525,1.556,12376554,1915610087.0
2019-03-05,1.548,1.615,1.526,1.615,11460402,1807195965.0
2019-03-06,1.624,1.641,1.59,1.635,14250005,2302065548.0
2019-03-07,1.628,1.648,1.597,1.621,14107830,2291266710.0
2019-03-08,1.572,1.644,1.564,1.584,20087675,3233658284.0
2019-03-11,1.6,1.658,1.581,1.658,17024804,2767830203.0
2019-03-12,1.675,1.715,1.659,1.696,22814532,3839093833.0
2019-03-13,1.69,1.69,1.608,1.618,21688079,3571779647.0
2019-03-14,1.604,1.625,1.556,1.583,18379184,2916689594.0
2019-03-15,1.596,1.612,1.572,1.589,13198897,2106826662.0
2019-03-18,1.598,1.634,1.581,1.634,12114715,1947360419.0
2019-03-19,1.633,1.655,1.619,1.633,10383369,1697432004.0
2019-03-20,1.628,1.632,1.583,1.613,9696310,1556244898.0
2019-03-21,1.61,1.643,1.604,1.627,11691110,1902099190.0
2019-03-22,1.628,1.629,1.589,1.621,13073008,2103966291.0
2019-03-25,1.594,1.622,1.588,1.598,8377286,1345112457.0
2019-03-26,1.608,1.61,1.554,1.556,7830212,1237447163.0
2019-03-27,1.567,1.574,1.546,1.568,7526007,1176282782.0
2019-03-28,1.557,1.588,1.553,1.556,7559260,1187543493.0
2019-03-29,1.564,1.627,1.559,1.624,11876845,1905978802.0
2019-04-01,1.635,1.695,1.635,1.694,10597457,1775243957.0
2019-04-02,1.696,1.704,1.675,1.682,8842648,1495342618.0
2019-04-03,1.673,1.701,1.669,1.7,6623400,1116334412.0
2019-04-04,1.704,1.71,1.688,1.701,6827360,1159661092.0
2019-04-08,1.709,1.716,1.645,1.665,8547676,1431801504.0
2019-04-09,1.657,1.677,1.646,1.667,6527201,1085974787.0
2019-04-10,1.657,1.668,1.639,1.654,6106800,1008779218.0
2019-04-11,1.655,1.657,1.616,1.619,7245281,1181550193.0
2019-04-12,1.616,1.63,1.611,1.624,5892095,954790813.0
2019-04-15,1.647,1.651,1.594,1.596,6596021,1073984715.0
2019-04-16,1.586,1.629,1.568,1.629,9685384,1547669918.0
2019-04-17,1.623,1.655,1.621,1.642,8676529,1421519730.0
2019-04-18,1.637,1.645,1.629,1.629,3841242,628750727.0
2019-04-19,1.63,1.645,1.617,1.645,4125438,672817895.0
2019-04-22,1.645,1.649,1.617,1.624,5265639,860784970.0
2019-04-23,1.619,1.636,1.603,1.61,4356214,704956842.0
2019-04-24,1.616,1.648,1.603,1.646,8088347,1316404618.0
2019-04-25,1.635,1.649,1.596,1.598,8327967,1356370198.0
2019-04-26,1.591,1.61,1.584,1.589,6398892,1021292145.0
2019-04-29,1.589,1.594,1.541,1.549,9148151,1433020797.0
2019-04-30,1.546,1.565,1.54,1.553,5226535,812501232.0
2019-05-06,1.496,1.497,1.421,1.424,14214371,2081644694.0
2019-05-07,1.442,1.46,1.413,1.438,9885604,1423184192.0
2019-05-08,1.41,1.45,1.405,1.419,9481467,1353802799.0
2019-05-09,1.41,1.429,1.405,1.409,8748631,1239228632.0
2019-05-10,1.427,1.473,1.402,1.465,14321410,2069524658.0
2019-05-13,1.448,1.457,1.43,1.441,7567191,1094202583.0
2019-05-14,1.432,1.453,1.43,1.431,6841597,985784539.0
2019-05-15,1.444,1.469,1.438,1.462,6691145,971895602.0
2019-05-16,1.461,1.472,1.451,1.468,4649140,679623069.0
2019-05-17,1.469,1.471,1.411,1.416,6313171,910441418.0
2019-05-20,1.412,1.418,1.391,1.407,7550099,1058113191.0
2019-05-21,1.409,1.441,1.405,1.43,6138077,874793590.0
2019-05-22,1.428,1.44,1.415,1.427,4603943,656986153.0
2019-05-23,1.42,1.422,1.389,1.392,7384027,1035834551.0
2019-05-24,1.392,1.403,1.377,1.384,6699349,930957187.0
2019-05-27,1.387,1.436,1.383,1.428,9692343,1368770585.0
2019-05-28,1.431,1.442,1.421,1.432,7628804,1093672103.0
2019-05-29,1.428,1.445,1.424,1.432,4738713,679872551.0
2019-05-30,1.429,1.433,1.405,1.422,4886766,692734095.0
2019-05-31,1.423,1.437,1.416,1.425,4686305,668795557.0
2019-06-03,1.428,1.438,1.407,1.411,5187125,735971029.0
2019-06-04,1.407,1.416,1.392,1.4,4956116,695336188.0
2019-06-05,1.412,1.415,1.391,1.393,5331830,746679198.0
2019-06-06,1.391,1.394,1.355,1.363,7860683,1078153883.0
2019-06-10,1.364,1.383,1.356,1.376,5239491,718712464.0
2019-06-11,1.374,1.432,1.373,1.43,9700598,1365339168.0
2019-06-12,1.425,1.427,1.41,1.412,6898543,978373562.0
2019-06-13,1.412,1.426,1.406,1.422,5511664,781136262.0
2019-06-14,1.421,1.428,1.395,1.397,6190399,875068996.0
2019-06-17,1.395,1.405,1.385,1.39,4243003,590340814.0
2019-06-18,1.392,1.405,1.383,1.4,5047026,705262643.0
2019-06-19,1.445,1.466,1.414,1.417,9636334,1378779392.0
2019-06-20,1.415,1.454,1.41,1.442,9263345,1328203959.0
2019-06-21,1.491,1.494,1.462,1.473,17858132,2634031395.0
2019-06-24,1.467,1.47,1.453,1.46,6482214,946116241.0
2019-06-25,1.458,1.458,1.426,1.442,6872718,988833640.0
2019-06-26,1.433,1.455,1.431,1.448,5238257,757952013.0
2019-06-27,1.45,1.473,1.45,1.469,7072723,1036596568.0
2019-06-28,1.468,1.468,1.444,1.457,5867318,852765463.0
2019-07-01,1.487,1.512,1.477,1.511,10139691,1517431208.0
2019-07-02,1.506,1.518,1.503,1.511,4672654,706458783.0
2019-07-03,1.506,1.506,1.482,1.488,4424900,660271618.0
2019-07-04,1.489,1.494,1.469,1.476,4592315,679582805.0
2019-07-05,1.475,1.496,1.474,1.492,4127199,613067444.0
2019-07-08,1.488,1.488,1.439,1.45,5890928,859786626.0
2019-07-09,1.45,1.467,1.447,1.462,3937259,573417659.0
2019-07-10,1.465,1.468,1.45,1.456,2845376,415331223.0
2019-07-11,1.464,1.476,1.452,1.458,3230503,473267054.0
2019-07-12,1.458,1.472,1.451,1.465,3135136,458763770.0
2019-07-15,1.458,1.502,1.441,1.489,9985541,1478473992.0
2019-07-16,1.486,1.494,1.481,1.489,4182161,622033665.0
2019-07-17,1.486,1.505,1.483,1.492,4401301,658665163.0
2019-07-18,1.486,1.487,1.469,1.47,3488065,515231781.0
2019-07-19,1.473,1.497,1.473,1.486,6410550,953352416.0
2019-07-22,1.488,1.491,1.453,1.461,4944706,726277928.0
2019-07-23,1.46,1.481,1.46,1.481,3961668,582821820.0
2019-07-24,1.483,1.506,1.482,1.498,4515358,675722798.0
2019-07-25,1.493,1.511,1.493,1.506,3899024,585696747.0
2019-07-26,1.502,1.508,1.495,1.506,3513602,527726776.0
2019-07-29,1.504,1.509,1.497,1.509,2813804,423169447.0
2019-07-30,1.508,1.536,1.506,1.522,4907745,748047364.0
2019-07-31,1.515,1.521,1.51,1.512,3849936,583207167.0
2019-08-01,1.506,1.52,1.502,1.516,4069485,615624712.0
2019-08-02,1.486,1.504,1.481,1.501,5367035,800549975.0
2019-08-05,1.495,1.509,1.472,1.473,4401574,656190798.0
2019-08-06,1.445,1.462,1.423,1.451,7338107,1059788342.0
2019-08-07,1.462,1.467,1.446,1.447,3691314,537946780.0
2019-08-08,1.452,1.47,1.452,1.468,2961218,432946666.0
2019-08-09,1.474,1.48,1.449,1.45,3209957,469676780.0
2019-08-12,1.457,1.486,1.452,1.486,3188296,467704152.0
2019-08-13,1.473,1.479,1.463,1.47,2760235,405821659.0
2019-08-14,1.488,1.494,1.476,1.477,4427788,657758900.0
2019-08-15,1.459,1.5,1.451,1.498,5458580,807305560.0
2019-08-16,1.497,1.527,1.491,1.512,5520389,834130062.0
2019-08-19,1.528,1.573,1.524,1.568,8078876,1250126496.0
2019-08-20,1.565,1.571,1.549,1.553,5533235,862848896.0
2019-08-21,1.55,1.557,1.545,1.549,4321599,670373782.0
2019-08-22,1.553,1.556,1.539,1.554,3956920,612815899.0
2019-08-23,1.553,1.563,1.544,1.555,3747349,582706214.0
2019-08-26,1.54,1.549,1.529,1.54,4701493,724143259.0
2019-08-27,1.549,1.586,1.548,1.567,7877236,1235914886.0
2019-08-28,1.566,1.572,1.555,1.565,3786104,591739610.0
2019-08-29,1.566,1.573,1.557,1.558,3319307,518872181.0
2019-08-30,1.569,1.577,1.541,1.549,4498852,701180674.0
2019-09-02,1.55,1.595,1.55,1.592,4827258,760787345.0
2019-09-03,1.592,1.6,1.585,1.595,3522884,561098789.0
2019-09-04,1.595,1.609,1.587,1.607,3824705,610907616.0
2019-09-05,1.618,1.647,1.618,1.627,5320689,869088842.0
2019-09-06,1.634,1.637,1.611,1.631,4064146,660451210.0
2019-09-09,1.639,1.672,1.628,1.67,6398893,1054795861.0
2019-09-10,1.666,1.67,1.65,1.661,3870488,643004584.0
2019-09-11,1.665,1.67,1.636,1.638,4100106,676492945.0
2019-09-12,1.647,1.649,1.632,1.646,3018324,495634839.0
2019-09-16,1.649,1.658,1.639,1.65,3765306,621110353.0
2019-09-17,1.646,1.646,1.609,1.618,4812616,781250293.0
2019-09-18,1.618,1.624,1.607,1.617,3566637,575953639.0
2019-09-19,1.62,1.646,1.612,1.642,4658412,758063900.0
2019-09-20,1.643,1.652,1.637,1.638,3669838,602897496.0
2019-09-23,1.635,1.635,1.607,1.62,3751127,606485700.0
2019-09-24,1.619,1.642,1.614,1.629,4424661,721217705.0
2019-09-25,1.62,1.625,1.608,1.611,3200008,517019620.0
2019-09-26,1.615,1.617,1.56,1.561,5311698,840824877.0
2019-09-27,1.562,1.59,1.561,1.587,4290942,677400696.0
2019-09-30,1.585,1.59,1.565,1.57,2764846,435864755.0
2019-10-08,1.571,1.577,1.554,1.556,2594175,406277448.0
2019-10-09,1.549,1.563,1.543,1.561,4016333,623226961.0
2019-10-10,1.568,1.606,1.563,1.604,5988880,950547665.0
2019-10-11,1.605,1.615,1.592,1.606,4350438,697988479.0
2019-10-14,1.615,1.63,1.611,1.617,3385187,548329005.0
2019-10-15,1.613,1.614,1.596,1.597,2197397,352196392.0
2019-10-16,1.602,1.61,1.592,1.592,4147054,664018015.0
2019-10-17,1.594,1.602,1.591,1.595,3136873,500440549.0
2019-10-18,1.6,1.613,1.582,1.589,3674190,587484309.0
2019-10-21,1.588,1.591,1.57,1.585,3705058,585581482.0
2019-10-22,1.587,1.606,1.585,1.606,3832288,611910772.0
2019-10-23,1.608,1.61,1.587,1.589,2793496,446274974.0
2019-10-24,1.59,1.6,1.581,1.593,2457896,391136570.0
2019-10-25,1.593,1.616,1.586,1.616,4207127,674647385.0
2019-10-28,1.63,1.646,1.622,1.646,4466011,730058999.0
2019-10-29,1.642,1.643,1.622,1.624,3370282,550829067.0
2019-10-30,1.623,1.627,1.609,1.619,2403905,389210561.0
2019-10-31,1.624,1.63,1.607,1.608,2975355,481495096.0
2019-11-01,1.609,1.628,1.602,1.625,3038282,491396091.0
2019-11-04,1.624,1.643,1.624,1.634,3533227,577725833.0
2019-11-05,1.637,1.655,1.631,1.649,3419151,562183178.0
2019-11-06,1.652,1.655,1.632,1.638,2705176,445166154.0
2019-11-07,1.634,1.66,1.632,1.651,2911936,480363702.0
2019-11-08,1.655,1.666,1.645,1.645,3624055,600012097.0
2019-11-11,1.641,1.641,1.609,1.61,2716839,440940707.0
2019-11-12,1.61,1.616,1.593,1.611,2783940,446876481.0
2019-11-13,1.608,1.621,1.604,1.62,2530968,408310121.0
2019-11-14,1.619,1.634,1.616,1.63,2018535,327966834.0
2019-11-15,1.626,1.632,1.614,1.614,2049131,332186948.0
2019-11-18,1.613,1.623,1.603,1.621,2092688,337860860.0
2019-11-19,1.62,1.666,1.618,1.666,4776528,788222843.0
2019-11-20,1.664,1.679,1.654,1.655,3802884,634036650.0
2019-11-21,1.65,1.663,1.643,1.65,2287550,377737001.0
2019-11-22,1.653,1.672,1.608,1.614,5089390,832603944.0
2019-11-25,1.616,1.619,1.591,1.599,3422679,547441021.0
2019-11-26,1.603,1.617,1.596,1.608,3142161,505140331.0
2019-11-27,1.605,1.622,1.594,1.611,2636920,424397582.0
2019-11-28,1.608,1.62,1.605,1.611,1745428,281463781.0
2019-11-29,1.608,1.61,1.585,1.6,2550212,407518790.0
2019-12-02,1.605,1.618,1.601,1.606,2158416,347145402.0
2019-12-03,1.6,1.613,1.586,1.613,2610192,417574909.0
2019-12-04,1.606,1.62,1.602,1.612,2144554,345616193.0
2019-12-05,1.615,1.65,1.615,1.648,3982671,651809837.0
2019-12-06,1.646,1.662,1.641,1.662,2885880,476840772.0
2019-12-09,1.667,1.669,1.65,1.656,2760774,457341260.0
2019-12-10,1.651,1.67,1.645,1.67,2450734,406620424.0
2019-12-11,1.667,1.669,1.649,1.653,2075742,344015143.0
2019-12-12,1.651,1.668,1.651,1.657,2223150,369197091.0
2019-12-13,1.67,1.695,1.667,1.693,4539325,763312314.0
2019-12-16,1.693,1.716,1.686,1.715,3814064,649084597.0
2019-12-17,1.715,1.741,1.713,1.738,4637689,802963009.0
2019-12-18,1.734,1.739,1.721,1.725,2533071,438241665.0
2019-12-19,1.725,1.73,1.714,1.724,2644835,455270871.0
2019-12-20,1.724,1.73,1.705,1.708,2538238,435005293.0
2019-12-23,1.703,1.708,1.667,1.671,3759544,635116965.0
2019-12-24,1.676,1.706,1.675,1.704,3113618,525817088.0
2019-12-25,1.7,1.719,1.697,1.718,2729869,466617979.0
2019-12-26,1.716,1.727,1.711,1.726,2152210,370131866.0
2019-12-27,1.728,1.737,1.698,1.698,3015341,518302678.0
2019-12-30,1.695,1.727,1.684,1.727,2693594,461047327.0
2019-12-31,1.72,1.736,1.718,1.73,3051084,527289200.0
2020-01-02,1.743,1.771,1.731,1.765,3380825,593821307.0
2020-01-03,1.766,1.774,1.751,1.764,2746860,484657154.0
2020-01-06,1.756,1.806,1.753,1.788,4166991,744384661.0
2020-01-07,1.792,1.823,1.792,1.822,3945590,713661489.0
2020-01-08,1.808,1.822,1.789,1.792,4959107,894926575.0
2020-01-09,1.811,1.842,1.811,1.839,4475689,818555090.0
2020-01-10,1.847,1.847,1.821,1.831,3546451,650123952.0
2020-01-13,1.834,1.862,1.82,1.862,4400771,812006315.0
2020-01-14,1.864,1.871,1.849,1.85,3806679,707363702.0
2020-01-15,1.848,1.856,1.829,1.847,2627882,484326113.0
2020-01-16,1.851,1.863,1.842,1.856,2703073,501536387.0
2020-01-17,1.861,1.874,1.853,1.858,2991225,557328141.0
2020-01-20,1.862,1.911,1.861,1.905,4151555,785167602.0
2020-01-21,1.9,1.911,1.881,1.892,5334018,1010621923.0
2020-01-22,1.882,1.93,1.852,1.918,4902212,925446974.0
2020-01-23,1.892,1.918,1.829,1.853,6523278,1220349849.0
2020-02-03,1.67,1.766,1.669,1.708,10226280,1759930596.0
2020-02-04,1.716,1.82,1.715,1.816,6955575,1239347232.0
2020-02-05,1.833,1.896,1.818,1.871,6230237,1159567343.0
2020-02-06,1.855,1.94,1.836,1.93,7059754,1340342441.0
2020-02-07,1.932,1.949,1.9,1.94,5020757,968173696.0
2020-02-10,1.938,1.966,1.924,1.961,4377522,853349833.0
2020-02-11,1.964,1.964,1.935,1.947,2771378,540477051.0
2020-02-12,1.943,2.012,1.939,2.006,3942707,782098796.0
2020-02-13,2.005,2.01,1.971,1.988,4268443,849396215.0
2020-02-14,1.983,2.022,1.965,1.987,3383130,675301608.0
2020-02-17,2.005,2.071,2.004,2.071,6896795,1411302165.0
2020-02-18,2.072,2.09,2.05,2.09,7042729,1461049104.0
2020-02-19,2.08,2.087,2.052,2.054,5724037,1184645191.0
2020-02-20,2.062,2.118,2.056,2.105,5648538,1179806152.0
2020-02-21,2.1,2.162,2.092,2.145,5337412,1138639739.0
2020-02-24,2.137,2.185,2.127,2.178,5040842,1086957992.0
2020-02-25,2.145,2.21,2.082,2.195,7141842,1540210397.0
2020-02-26,2.162,2.176,2.086,2.102,6436769,1371540260.0
2020-02-27,2.111,2.148,2.076,2.111,7620196,1609806401.0
2020-02-28,2.041,2.074,1.985,1.995,11449502,2320203317.0
2020-03-02,2.026,2.071,1.999,2.054,6409490,1304480315.0
2020-03-03,2.101,2.155,2.066,2.092,7589349,1604280861.0
2020-03-04,2.077,2.097,2.04,2.088,4468505,924792440.0
2020-03-05,2.121,2.131,2.09,2.121,5371268,1134560353.0
2020-03-06,2.09,2.14,2.087,2.111,2909523,614750211.0
2020-03-09,2.068,2.09,2.011,2.013,4246042,868558244.0
2020-03-10,2.016,2.068,1.974,2.063,6367021,1291227934.0
2020-03-11,2.07,2.078,2.017,2.024,4429572,906930146.0
2020-03-12,1.996,1.998,1.948,1.971,4160469,820946972.0
2020-03-13,1.895,1.978,1.85,1.952,8280711,1584748402.0
2020-03-16,1.953,1.96,1.83,1.832,6293170,1191112090.0
2020-03-17,1.863,1.886,1.776,1.842,8537146,1563509734.0
2020-03-18,1.86,1.907,1.816,1.818,8089587,1512016753.0
2020-03-19,1.833,1.839,1.768,1.825,11112668,2007773589.0
2020-03-20,1.847,1.854,1.805,1.847,7362101,1351892031.0
2020-03-23,1.79,1.816,1.75,1.761,7333946,1305813917.0
2020-03-24,1.797,1.81,1.748,1.806,7895145,1410852872.0
2020-03-25,1.845,1.867,1.833,1.86,8801154,1630786983.0
2020-03-26,1.845,1.874,1.841,1.853,4843136,900324464.0
2020-03-27,1.878,1.882,1.828,1.83,6472183,1197067635.0
2020-03-30,1.807,1.808,1.762,1.791,6321041,1128069459.0
2020-03-31,1.805,1.813,1.79,1.795,4279999,771482306.0
2020-04-01,1.798,1.829,1.79,1.792,3974344,718993770.0
2020-04-02,1.786,1.845,1.784,1.844,6213601,1125309784.0
2020-04-03,1.834,1.854,1.825,1.834,4144941,762594145.0
2020-04-07,1.871,1.898,1.866,1.894,6965575,1312190878.0
2020-04-08,1.886,1.901,1.879,1.89,2979423,562745117.0
2020-04-09,1.905,1.925,1.896,1.921,4690481,897401396.0
2020-04-10,1.921,1.921,1.868,1.877,3888826,735521437.0
2020-04-13,1.872,1.872,1.84,1.853,3488666,645264331.0
2020-04-14,1.862,1.91,1.856,1.909,4850910,914603651.0
2020-04-15,1.911,1.927,1.899,1.899,3916732,749693136.0
2020-04-16,1.893,1.938,1.891,1.932,3436599,659893804.0
2020-04-17,1.948,1.969,1.936,1.943,4235498,827242036.0
2020-04-20,1.945,1.969,1.94,1.969,2338525,457862504.0
2020-04-21,1.96,1.96,1.92,1.949,3205774,622482683.0
2020-04-22,1.932,1.967,1.927,1.967,3221094,627374184.0
2020-04-23,1.97,1.978,1.947,1.951,3127959,613241023.0
2020-04-24,1.951,1.959,1.921,1.93,2489550,482010977.0
2020-04-27,1.938,1.957,1.919,1.939,3320566,645358325.0
2020-04-28,1.947,1.969,1.89,1.951,4469275,865921543.0
2020-04-29,1.943,1.973,1.94,1.952,3560957,696005741.0
2020-04-30,1.964,1.999,1.96,1.993,4117361,817442890.0
2020-05-06,1.98,2.032,1.974,2.029,3677676,737917205.0
2020-05-07,2.03,2.035,2.014,2.025,2659351,538456242.0
2020-05-08,2.035,2.058,2.033,2.042,3043404,622569015.0
2020-05-11,2.054,2.057,2.01,2.024,3723830,755905404.0
2020-05-12,2.021,2.045,2.012,2.043,2733098,554753045.0
2020-05-13,2.033,2.063,2.033,2.058,2285287,468032260.0
2020-05-14,2.047,2.058,2.035,2.036,2417094,494059208.0
2020-05-15,2.047,2.056,2.03,2.042,2280859,466146590.0
2020-05-18,2.045,2.057,2.015,2.039,2553643,520926432.0
2020-05-19,2.052,2.061,2.046,2.061,3727488,766492302.0
2020-05-20,2.061,2.074,2.033,2.041,3154279,648502009.0
2020-05-21,2.045,2.058,2.015,2.02,2862829,583607040.0
2020-05-22,2.015,2.018,1.96,1.972,4220288,837242315.0
2020-05-25,1.968,1.977,1.958,1.975,2559965,504052566.0
2020-05-26,1.989,2.038,1.986,2.038,3457737,696891564.0
2020-05-27,2.034,2.035,1.986,1.997,4287970,859890900.0
2020-05-28,1.99,1.999,1.948,1.982,4464551,878971372.0
2020-05-29,1.969,2.012,1.967,2.006,3657814,731316339.0
2020-06-01,2.024,2.087,2.02,2.082,4017528,829581441.0
2020-06-02,2.083,2.085,2.054,2.067,3026346,625496280.0
2020-06-03,2.075,2.085,2.059,2.06,2498871,517396638.0
2020-06-04,2.067,2.077,2.057,2.073,2573691,532624121.0
2020-06-05,2.069,2.087,2.062,2.087,2198269,456286887.0
2020-06-08,2.101,2.111,2.07,2.073,2396401,500333439.0
2020-06-09,2.076,2.106,2.068,2.102,2560763,535995825.0
2020-06-10,2.102,2.124,2.099,2.122,2992622,632269236.0
2020-06-11,2.123,2.161,2.103,2.119,3245740,691810132.0
2020-06-12,2.08,2.147,2.078,2.141,3958806,839264058.0
2020-06-15,2.143,2.181,2.14,2.141,3509464,757263998.0
2020-06-16,2.169,2.188,2.161,2.183,3814328,829913780.0
2020-06-17,2.184,2.198,2.171,2.188,2882259,629367513.0
2020-06-18,2.187,2.196,2.17,2.194,3618833,790565833.0
2020-06-19,2.196,2.253,2.191,2.238,3392705,757480675.0
2020-06-22,2.246,2.282,2.245,2.263,3435734,778089550.0
2020-06-23,2.26,2.307,2.255,2.307,2697375,615432633.0
2020-06-24,2.318,2.318,2.29,2.307,2801178,644657419.0
2020-06-29,2.292,2.307,2.28,2.295,2573967,589922238.0
2020-06-30,2.304,2.363,2.304,2.359,2758787,645987864.0
2020-07-01,2.363,2.37,2.303,2.342,4312636,1008298494.0
2020-07-02,2.337,2.355,2.314,2.35,3631422,848789796.0
2020-07-03,2.349,2.39,2.325,2.38,3924943,926308196.0
2020-07-06,2.384,2.459,2.375,2.45,5373576,1298220539.0
2020-07-07,2.459,2.561,2.45,2.503,4396992,1104592913.0
2020-07-08,2.515,2.58,2.489,2.574,3464337,877417271.0
2020-07-09,2.576,2.681,2.56,2.674,4989135,1314914800.0
2020-07-10,2.66,2.706,2.64,2.685,4771821,1279620071.0
2020-07-13,2.693,2.81,2.693,2.802,5342794,1474933369.0
2020-07-14,2.798,2.798,2.695,2.767,7260612,1996260330.0
2020-07-15,2.766,2.797,2.688,2.722,7817439,2153845857.0
2020-07-16,2.718,2.755,2.538,2.558,12691819,3351186154.0
2020-07-17,2.558,2.635,2.529,2.583,9000057,2321894452.0
2020-07-20,2.62,2.629,2.528,2.611,6860347,1770602914.0
2020-07-21,2.62,2.653,2.596,2.643,6598154,1737413414.0
2020-07-22,2.628,2.713,2.621,2.678,6189281,1659035428.0
2020-07-23,2.657,2.706,2.613,2.706,4962724,1324355251.0
2020-07-24,2.68,2.695,2.525,2.537,8178398,2120347856.0
2020-07-27,2.544,2.577,2.513,2.54,4235953,1080018868.0
2020-07-28,2.576,2.587,2.539,2.573,4378313,1122978638.0
2020-07-29,2.564,2.685,2.561,2.68,4852175,1278752610.0
2020-07-30,2.68,2.692,2.641,2.652,4295841,1146614617.0
2020-07-31,2.658,2.724,2.646,2.708,4689587,1262589294.0
2020-08-03,2.734,2.774,2.704,2.774,4057964,1114103916.0
2020-08-04,2.772,2.794,2.721,2.738,4411026,1216085612.0
2020-08-05,2.74,2.779,2.707,2.763,3249325,891682558.0
2020-08-06,2.767,2.77,2.682,2.719,4318767,1173644625.0
2020-08-07,2.701,2.726,2.61,2.657,4497971,1198850617.0
2020-08-10,2.641,2.666,2.603,2.641,3011593,793749024.0
2020-08-11,2.643,2.68,2.59,2.6,3989014,1052834042.0
2020-08-12,2.596,2.604,2.492,2.548,7018783,1776970115.0
2020-08-13,2.56,2.566,2.521,2.535,3378843,860036376.0
2020-08-14,2.533,2.58,2.528,2.579,4848202,1240668232.0
2020-08-17,2.591,2.608,2.56,2.607,5706203,1477528122.0
2020-08-18,2.608,2.631,2.595,2.605,3326428,868339537.0
2020-08-19,2.604,2.61,2.521,2.524,3363203,859262803.0
2020-08-20,2.503,2.541,2.272,2.503,3311967,831085468.0
2020-08-21,2.519,2.554,2.518,2.546,3349568,850586315.0
2020-08-24,2.563,2.612,2.503,2.597,4449750,1144983927.0
2020-08-25,2.591,2.65,2.589,2.611,4042884,1057606842.0
2020-08-26,2.608,2.627,2.546,2.551,4372084,1130157864.0
2020-08-27,2.561,2.609,2.547,2.602,3773585,974798253.0
2020-08-28,2.59,2.67,2.586,2.666,4008136,1056256949.0
2020-08-31,2.676,2.687,2.633,2.637,3485857,927733047.0
2020-09-01,2.628,2.659,2.611,2.658,2594640,684918230.0
2020-09-02,2.657,2.692,2.634,2.676,3319582,885461829.0
2020-09-03,2.667,2.696,2.642,2.653,3431358,915507472.0
2020-09-04,2.609,2.649,2.596,2.638,3137602,821326556.0
2020-09-07,2.628,2.65,2.541,2.549,4232589,1097755996.0
2020-09-08,2.554,2.574,2.524,2.564,3396924,866442624.0
2020-09-09,2.533,2.533,2.421,2.44,5228648,1290302262.0
2020-09-10,2.462,2.478,2.39,2.403,3648363,890871796.0
2020-09-11,2.391,2.457,2.39,2.449,2920433,708370140.0
2020-09-14,2.476,2.515,2.461,2.484,3263080,811189484.0
2020-09-15,2.484,2.51,2.473,2.504,2271611,566728535.0
2020-09-16,2.506,2.507,2.454,2.47,1716909,425309577.0
2020-09-17,2.46,2.495,2.437,2.467,2384302,587710504.0
2020-09-18,2.468,2.514,2.45,2.513,3034122,753809186.0
2020-09-21,2.516,2.517,2.479,2.48,2248765,561392730.0
2020-09-22,2.47,2.508,2.462,2.469,2283205,568003027.0
2020-09-23,2.472,2.52,2.459,2.508,2227099,555643080.0
2020-09-24,2.49,2.496,2.451,2.454,2265188,559422767.0
2020-09-25,2.46,2.482,2.444,2.457,2007067,494279352.0
2020-09-28,2.465,2.467,2.432,2.434,1656324,405194141.0
2020-09-29,2.453,2.49,2.436,2.479,2086201,514655909.0
2020-09-30,2.478,2.513,2.472,2.489,2195074,547313044.0
2020-10-09,2.539,2.586,2.534,2.581,2442025,626372570.0
2020-10-12,2.606,2.683,2.601,2.683,3648370,968069586.0
2020-10-13,2.679,2.697,2.66,2.688,2498942,669090507.0
2020-10-14,2.682,2.696,2.664,2.668,2018388,540189393.0
2020-10-15,2.668,2.675,2.642,2.65,2174800,577161109.0
2020-10-16,2.641,2.658,2.602,2.634,2027924,533554906.0
2020-10-19,2.648,2.656,2.593,2.6,2241531,587731849.0
2020-10-20,2.594,2.646,2.594,2.645,2496863,654281608.0
2020-10-21,2.647,2.65,2.597,2.612,2454994,642838115.0
2020-10-22,2.594,2.599,2.556,2.582,2805171,722984040.0
2020-10-23,2.579,2.609,2.504,2.516,4119059,1049439847.0
2020-10-26,2.5,2.539,2.468,2.533,3124658,783906643.0
2020-10-27,2.52,2.563,2.52,2.56,2534417,645580450.0
2020-10-28,2.552,2.591,2.536,2.577,2699070,692050491.0
2020-10-29,2.548,2.619,2.542,2.607,2774295,717854999.0
2020-10-30,2.607,2.618,2.553,2.563,2528421,653686601.0
2020-11-02,2.57,2.628,2.57,2.617,2891309,751996904.0
2020-11-03,2.622,2.657,2.605,2.649,2027613,533933853.0
2020-11-04,2.644,2.661,2.629,2.658,2190373,580280194.0
2020-11-05,2.682,2.695,2.651,2.69,2606058,698627105.0
2020-11-06,2.693,2.697,2.618,2.637,3040823,803744477.0
2020-11-09,2.653,2.736,2.653,2.719,3721035,1004789886.0
2020-11-10,2.717,2.717,2.619,2.674,3859826,1034456185.0
2020-11-11,2.664,2.671,2.592,2.595,3272014,856982463.0
2020-11-12,2.602,2.628,2.595,2.607,2076144,541944557.0
2020-11-13,2.591,2.628,2.59,2.619,2410436,628170439.0
2020-11-16,2.626,2.627,2.583,2.62,2284801,596375641.0
2020-11-17,2.614,2.622,2.538,2.572,3982737,1021474735.0
2020-11-18,2.57,2.59,2.523,2.534,4662336,1185926304.0
2020-11-19,2.527,2.56,2.506,2.556,3473700,882134455.0
2020-11-20,2.553,2.584,2.552,2.576,3061705,787255429.0
2020-11-23,2.579,2.612,2.557,2.593,3202966,828386719.0
2020-11-24,2.591,2.604,2.571,2.582,1771235,457547113.0
2020-11-25,2.583,2.585,2.526,2.528,2911161,741594595.0
2020-11-26,2.529,2.542,2.498,2.522,3260729,820162179.0
2020-11-27,2.519,2.546,2.504,2.532,2835378,715239094.0
2020-11-30,2.532,2.563,2.506,2.541,3632232,922464799.0
2020-12-01,2.535,2.608,2.53,2.602,4450098,1148264658.0
2020-12-02,2.602,2.607,2.572,2.593,2538751,656776885.0
2020-12-03,2.583,2.628,2.577,2.619,3070061,800328224.0
2020-12-04,2.608,2.64,2.604,2.637,2189828,574346169.0
2020-12-07,2.625,2.643,2.62,2.628,1982819,521625211.0
2020-12-08,2.633,2.659,2.633,2.646,2114235,560165998.0
2020-12-09,2.65,2.665,2.596,2.598,2944265,773982164.0
2020-12-10,2.587,2.642,2.582,2.627,1979315,517199328.0
2020-12-11,2.629,2.637,2.575,2.601,2226660,579549841.0
2020-12-14,2.6,2.641,2.585,2.641,1959530,512961205.0
2020-12-15,2.633,2.668,2.629,2.667,2206104,585048063.0
2020-12-16,2.666,2.677,2.638,2.667,1505525,400176182.0
2020-12-17,2.659,2.695,2.646,2.694,1850877,495452802.0
2020-12-18,2.699,2.706,2.672,2.688,2577184,693602891.0
2020-12-21,2.687,2.781,2.686,2.778,4241577,1164673060.0
2020-12-22,2.767,2.792,2.716,2.718,2725385,750971177.0
2020-12-23,2.721,2.768,2.717,2.745,3288485,901276399.0
2020-12-24,2.741,2.753,2.718,2.726,3884456,1062296686.0
2020-12-25,2.715,2.749,2.695,2.749,5213010,1418883203.0
2020-12-28,2.748,2.764,2.724,2.745,1910388,524052497.0
2020-12-29,2.733,2.747,2.702,2.717,1553207,423359976.0
2020-12-30,2.72,2.807,2.72,2.799,2639808,733734970.0
2020-12-31,2.809,2.869,2.805,2.866,3106916,883262474.0
2021-01-04,2.864,2.99,2.861,2.976,2472764,727814961.0
2021-01-05,2.94,2.997,2.925,2.988,2470004,734648137.0
2021-01-06,3.0,3.03,2.953,3.003,2290438,684446082.0
2021-01-07,2.996,3.056,2.978,3.056,2029990,611873214.0
2021-01-08,3.065,3.086,3.011,3.036,1867431,566629500.0
2021-01-11,3.052,3.054,2.962,2.989,2068085,622614206.0
2021-01-12,2.98,3.076,2.954,3.076,1857681,560342105.0
2021-01-13,3.071,3.094,2.997,3.025,2141047,650804281.0
2021-01-14,3.01,3.036,2.959,2.987,2353512,705882905.0
2021-01-15,2.98,3.004,2.919,2.99,2712678,805189714.0
2021-01-18,2.969,3.058,2.949,3.046,2312313,698319139.0
2021-01-19,3.034,3.046,2.966,2.976,2181228,655650574.0
2021-01-20,2.992,3.098,2.987,3.096,2986081,913406722.0
2021-01-21,3.103,3.19,3.101,3.176,2207908,696148914.0
2021-01-22,3.17,3.252,3.165,3.241,2561056,821750426.0
2021-01-25,3.242,3.307,3.215,3.242,2136784,695590814.0
2021-01-26,3.222,3.228,3.14,3.152,3330042,1054569349.0
2021-01-27,3.151,3.184,3.085,3.166,2279217,714569094.0
2021-01-28,3.111,3.139,3.053,3.057,2763172,853132040.0
2021-01-29,3.089,3.108,2.966,3.029,3193132,971033492.0
2021-02-01,3.024,3.08,3.001,3.056,2008111,613122878.0
2021-02-02,3.062,3.12,3.023,3.118,2701434,833896286.0
2021-02-03,3.128,3.16,3.105,3.106,2202237,690037294.0
2021-02-04,3.09,3.134,3.048,3.098,2097697,648337306.0
2021-02-05,3.102,3.144,3.08,3.084,1967702,612708347.0
2021-02-09,3.171,3.223,3.163,3.222,2343912,749138282.0
2021-02-10,3.23,3.309,3.195,3.293,2423154,791269875.0
2021-02-18,3.353,3.359,3.186,3.202,3195999,1036753338.0
2021-02-19,3.191,3.192,3.086,3.17,3747736,1174621776.0
2021-02-22,3.156,3.159,3.03,3.032,3897255,1203307680.0
2021-02-23,3.0,3.046,2.988,3.009,3111370,936301628.0
2021-02-24,3.01,3.016,2.87,2.904,7980683,2338730955.0
2021-02-25,2.929,2.934,2.866,2.878,4918260,1426992421.0
2021-02-26,2.854,2.858,2.79,2.814,5850851,1649457365.0
2021-03-01,2.85,2.895,2.831,2.894,4940004,1416027184.0
2021-03-02,2.908,2.915,2.834,2.859,3887161,1118995407.0
2021-03-03,2.848,2.9,2.833,2.9,2831522,811821939.0
2021-03-04,2.863,2.863,2.743,2.751,7501829,2089982002.0
2021-03-05,2.706,2.795,2.705,2.772,5270807,1451448559.0
2021-03-08,2.783,2.803,2.631,2.633,8054625,2178710619.0
2021-03-09,2.618,2.64,2.52,2.547,8107633,2092868811.0
2021-03-10,2.607,2.622,2.572,2.586,6051196,1575015535.0
2021-03-11,2.585,2.67,2.581,2.65,5149149,1358033333.0
2021-03-12,2.666,2.673,2.616,2.658,3482583,921889770.0
2021-03-15,2.64,2.64,2.523,2.555,5028761,1292687127.0
2021-03-16,2.562,2.583,2.539,2.579,3414109,876211557.0
2021-03-17,2.56,2.622,2.54,2.607,3636283,942558043.0
2021-03-18,2.619,2.661,2.614,2.65,3539701,935917556.0
2021-03-19,2.608,2.632,2.562,2.579,2947309,764112373.0
2021-03-22,2.583,2.632,2.573,2.607,2926073,761576661.0
2021-03-23,2.595,2.614,2.551,2.579,2756059,710164771.0
2021-03-24,2.558,2.586,2.533,2.543,3386892,864354137.0
2021-03-25,2.522,2.578,2.515,2.567,3315595,845104555.0
2021-03-26,2.576,2.658,2.576,2.65,5451832,1431652370.0
2021-03-29,2.644,2.669,2.621,2.637,3227203,854263481.0
2021-03-30,2.627,2.682,2.625,2.673,2582933,687546255.0
2021-03-31,2.662,2.68,2.637,2.665,1914494,508500220.0
2021-04-01,2.665,2.72,2.665,2.718,2742149,740217400.0
2021-04-02,2.725,2.769,2.718,2.756,2968993,815604781.0
2021-04-06,2.762,2.769,2.711,2.73,2331452,637619882.0
2021-04-07,2.74,2.744,2.678,2.707,2151116,580661063.0
2021-04-08,2.694,2.74,2.682,2.728,1803054,490669312.0
2021-04-09,2.722,2.729,2.677,2.69,1958353,527593054.0
2021-04-12,2.683,2.715,2.618,2.627,2789497,741519335.0
2021-04-13,2.618,2.688,2.618,2.649,2954009,785200584.0
2021-04-14,2.654,2.71,2.652,2.707,2289912,615820090.0
2021-04-15,2.695,2.698,2.663,2.698,2412531,647312838.0
2021-04-16,2.707,2.709,2.65,2.688,2438103,652800006.0
2021-04-19,2.681,2.799,2.672,2.798,3754710,1034483288.0
2021-04-20,2.788,2.82,2.77,2.791,2918739,816627337.0
2021-04-21,2.767,2.818,2.767,2.814,2022147,565760534.0
2021-04-22,2.831,2.847,2.799,2.837,2621638,740860775.0
2021-04-23,2.824,2.905,2.824,2.891,3037408,874385182.0
2021-04-26,2.91,2.954,2.861,2.863,4035399,1176042827.0
2021-04-27,2.857,2.889,2.846,2.884,2171817,622874920.0
2021-04-28,2.884,2.95,2.877,2.949,2653664,775202855.0
2021-04-29,2.946,2.964,2.91,2.952,1928393,567772913.0
2021-04-30,2.941,3.004,2.932,2.989,2523476,750582147.0
2021-05-06,2.963,2.963,2.862,2.904,2544894,740129708.0
2021-05-07,2.91,2.925,2.816,2.819,3130357,895660601.0
2021-05-10,2.82,2.863,2.805,2.827,2472832,699785110.0
2021-05-11,2.796,2.837,2.769,2.823,2832003,794229935.0
2021-05-12,2.813,2.868,2.788,2.865,2184432,618372566.0
2021-05-13,2.836,2.871,2.814,2.845,2053186,583466640.0
2021-05-14,2.857,2.938,2.846,2.937,2676586,777497320.0
2021-05-17,2.945,3.024,2.945,3.007,3406090,1023735203.0
2021-05-18,3.0,3.023,2.964,2.988,1898547,567480769.0
2021-05-19,2.965,3.023,2.965,3.012,1891321,568364190.0
2021-05-20,3.003,3.054,3.003,3.043,1614468,489333569.0
2021-05-21,3.055,3.065,2.992,3.012,1829129,553115435.0
2021-05-24,3.01,3.04,2.972,3.036,1940881,585452168.0
2021-05-25,3.042,3.129,3.042,3.119,2742751,850821570.0
2021-05-26,3.12,3.12,3.08,3.095,2178905,674613045.0
2021-05-27,3.086,3.135,3.066,3.118,1567565,486549848.0
2021-05-28,3.117,3.175,3.099,3.121,2271367,713557221.0
2021-05-31,3.13,3.2,3.13,3.195,1813961,575852843.0
2021-06-01,3.18,3.2,3.136,3.188,1707586,542181208.0
2021-06-02,3.2,3.202,3.12,3.133,1870094,589869894.0
2021-06-03,3.129,3.149,3.094,3.099,1695496,529315628.0
2021-06-04,3.077,3.177,3.077,3.141,2049342,641448618.0
2021-06-07,3.136,3.136,3.092,3.122,1541037,479806179.0
2021-06-08,3.118,3.17,3.082,3.105,2030914,635032067.0
2021-06-09,3.096,3.12,3.079,3.1,1404822,435578853.0
2021-06-10,3.107,3.192,3.107,3.179,2250945,713270044.0
2021-06-11,3.196,3.212,3.159,3.195,1843166,588267819.0
2021-06-15,3.191,3.199,3.139,3.155,1940396,613732086.0
2021-06-16,3.145,3.153,3.021,3.024,2999583,920087844.0
2021-06-17,3.023,3.094,3.023,3.088,2576794,791342335.0
2021-06-18,3.096,3.16,3.095,3.137,2152121,673787908.0
2021-06-21,3.127,3.185,3.1,3.166,1992203,627736799.0
2021-06-22,3.17,3.19,3.119,3.174,1753812,553574197.0
2021-06-23,3.179,3.234,3.164,3.217,2093712,671310049.0
2021-06-24,3.212,3.218,3.16,3.174,1425199,453456757.0
2021-06-25,3.18,3.254,3.18,3.243,2422358,781184723.0
2021-06-28,3.238,3.313,3.236,3.305,2164854,712544778.0
2021-06-29,3.329,3.336,3.282,3.297,1745426,577444735.0
2021-06-30,3.302,3.373,3.277,3.373,1829713,611149624.0
2021-07-01,3.381,3.388,3.32,3.34,2835940,951824063.0
2021-07-02,3.332,3.332,3.224,3.227,2120859,691956110.0
2021-07-05,3.223,3.282,3.215,3.25,2258864,732915447.0
2021-07-06,3.242,3.266,3.142,3.196,2866689,915970994.0
2021-07-07,3.172,3.313,3.157,3.305,2853291,930426565.0
2021-07-08,3.317,3.36,3.305,3.322,1715823,571683061.0
2021-07-09,3.3,3.323,3.23,3.303,2029696,666538529.0
2021-07-12,3.339,3.445,3.315,3.427,1880156,638762656.0
2021-07-13,3.415,3.452,3.372,3.411,1926483,657281859.0
2021-07-14,3.402,3.432,3.357,3.382,1661007,564682483.0
2021-07-15,3.359,3.429,3.345,3.429,2013289,682489975.0
2021-07-16,3.41,3.412,3.322,3.328,1924837,648178347.0
2021-07-19,3.326,3.373,3.311,3.35,1393121,465561968.0
2021-07-20,3.318,3.379,3.311,3.356,1738555,582846563.0
2021-07-21,3.364,3.46,3.362,3.455,2373590,811990161.0
2021-07-22,3.455,3.463,3.404,3.438,1635811,560469837.0
2021-07-23,3.434,3.434,3.356,3.367,1795825,607636773.0
2021-07-26,3.34,3.36,3.193,3.27,2829719,927839850.0
2021-07-27,3.259,3.318,3.135,3.14,3349822,1085320949.0
2021-07-28,3.11,3.201,3.063,3.183,3368791,1061721413.0
2021-07-29,3.26,3.359,3.23,3.358,2961780,975237644.0
2021-07-30,3.34,3.371,3.292,3.328,2059150,685764201.0
2021-08-02,3.328,3.396,3.29,3.393,2784736,934241822.0
2021-08-03,3.39,3.408,3.34,3.363,1647228,554656214.0
2021-08-04,3.356,3.451,3.34,3.446,1694798,577360121.0
2021-08-05,3.44,3.457,3.398,3.419,1509103,516418955.0
2021-08-06,3.435,3.436,3.362,3.386,1841368,625516921.0
2021-08-09,3.351,3.36,3.304,3.348,3469037,1156326384.0
2021-08-10,3.34,3.366,3.315,3.366,1715806,573577342.0
2021-08-11,3.355,3.363,3.314,3.326,1415732,472639528.0
2021-08-12,3.32,3.33,3.276,3.28,1498937,494504748.0
2021-08-13,3.26,3.329,3.228,3.249,1661711,543977763.0
2021-08-16,3.225,3.244,3.187,3.206,1800980,578522395.0
2021-08-17,3.204,3.223,3.115,3.126,2731118,865960512.0
2021-08-18,3.134,3.171,3.123,3.16,2231740,701353916.0
2021-08-19,3.148,3.202,3.134,3.177,2352249,744827921.0
2021-08-20,3.155,3.167,3.067,3.1,2924677,908150035.0
2021-08-23,3.105,3.196,3.102,3.195,2466912,779137829.0
2021-08-24,3.195,3.247,3.169,3.225,2074945,667829702.0
2021-08-25,3.225,3.244,3.193,3.241,1339651,431469088.0
2021-08-26,3.247,3.261,3.161,3.164,1566747,501763345.0
2021-08-27,3.16,3.197,3.141,3.158,1437735,454953282.0
2021-08-30,3.17,3.214,3.147,3.164,1688552,536854670.0
2021-08-31,3.163,3.168,3.086,3.106,1951142,608183537.0
2021-09-01,3.11,3.124,3.035,3.094,2095449,644313449.0
2021-09-02,3.08,3.097,3.039,3.046,1947998,596884967.0
2021-09-03,3.046,3.071,2.996,3.01,2287972,693053342.0
2021-09-06,3.012,3.13,2.993,3.129,2886873,888941415.0
2021-09-07,3.113,3.159,3.107,3.147,2007852,629216445.0
2021-09-08,3.152,3.18,3.115,3.123,1339784,420781306.0
2021-09-09,3.116,3.145,3.076,3.126,1662833,516471508.0
2021-09-10,3.113,3.145,3.089,3.135,1385052,431832875.0
2021-09-13,3.127,3.156,3.085,3.095,1547267,481294888.0
2021-09-14,3.094,3.174,3.085,3.14,1959533,615567749.0
2021-09-15,3.122,3.133,3.088,3.105,1499152,465234504.0
2021-09-16,3.103,3.103,3.032,3.035,1553756,475463022.0
2021-09-17,3.027,3.101,3.026,3.097,1358987,416326537.0
2021-09-22,3.057,3.1,3.051,3.068,1299379,399143225.0
2021-09-23,3.087,3.111,3.059,3.086,1288925,397539178.0
2021-09-24,3.077,3.147,3.071,3.109,2202959,686278130.0
2021-09-27,3.119,3.177,3.111,3.13,1722804,542895651.0
2021-09-28,3.118,3.17,3.102,3.114,1320809,413922395.0
2021-09-29,3.095,3.109,3.067,3.083,1286494,397039747.0
2021-09-30,3.088,3.155,3.084,3.148,1681963,526243733.0
2021-10-08,3.169,3.186,3.125,3.138,1465348,462007151.0
2021-10-11,3.147,3.156,3.092,3.096,1238806,386575054.0
2021-10-12,3.081,3.102,3.013,3.042,1911200,584156111.0
2021-10-13,3.04,3.11,3.04,3.109,1601972,493474527.0
2021-10-14,3.1,3.138,3.1,3.112,1412202,440664711.0
2021-10-15,3.11,3.18,3.088,3.176,1488620,469407102.0
2021-10-18,3.178,3.185,3.128,3.172,1363309,429834368.0
2021-10-19,3.18,3.208,3.168,3.191,1159874,370006963.0
2021-10-20,3.19,3.215,3.172,3.185,996129,318199425.0
2021-10-21,3.188,3.2,3.155,3.174,847815,269220235.0
2021-10-22,3.184,3.205,3.166,3.185,1274677,406128193.0
2021-10-25,3.182,3.237,3.182,3.236,1168058,376354454.0
2021-10-26,3.256,3.262,3.217,3.221,1109509,359486742.0
2021-10-27,3.221,3.221,3.182,3.205,852486,272827856.0
2021-10-28,3.196,3.232,3.163,3.178,1298800,415142999.0
2021-10-29,3.186,3.25,3.151,3.249,1622370,519204474.0
2021-11-01,3.245,3.268,3.201,3.224,1219758,394374040.0
2021-11-02,3.227,3.266,3.205,3.228,1301082,421526526.0
2021-11-03,3.213,3.26,3.198,3.222,1190392,384321855.0
2021-11-04,3.233,3.275,3.233,3.26,1151153,374782365.0
2021-11-05,3.243,3.276,3.243,3.248,986307,321718702.0
2021-11-08,3.24,3.287,3.234,3.278,1064489,347490996.0
2021-11-09,3.278,3.302,3.269,3.3,977717,321415212.0
2021-11-10,3.287,3.3,3.236,3.296,1444681,472925647.0
2021-11-11,3.284,3.333,3.279,3.324,928950,308172879.0
2021-11-12,3.318,3.335,3.3,3.324,910840,302146408.0
2021-11-15,3.324,3.329,3.284,3.295,1094791,361456651.0
2021-11-16,3.292,3.315,3.28,3.282,991753,326985000.0
2021-11-17,3.284,3.319,3.284,3.317,877420,290279981.0
2021-11-18,3.305,3.308,3.268,3.274,1353350,444481595.0
2021-11-19,3.273,3.315,3.271,3.313,1198829,395483410.0
2021-11-22,3.322,3.395,3.314,3.393,1383692,465562680.0
2021-11-23,3.392,3.402,3.371,3.38,874429,296005012.0
2021-11-24,3.381,3.392,3.357,3.362,905310,305382857.0
2021-11-25,3.366,3.386,3.353,3.368,1120023,377306217.0
2021-11-26,3.367,3.39,3.35,3.364,643308,216778344.0
2021-11-29,3.345,3.411,3.338,3.389,1478543,501423047.0
2021-11-30,3.395,3.408,3.364,3.386,1315321,444538659.0
2021-12-01,3.377,3.389,3.352,3.365,785130,264340175.0
2021-12-02,3.354,3.375,3.346,3.355,715812,240583837.0
2021-12-03,3.355,3.372,3.34,3.37,918558,308520263.0
2021-12-06,3.354,3.368,3.293,3.294,1355422,450904339.0
2021-12-07,3.314,3.317,3.235,3.266,1328362,433547035.0
2021-12-08,3.266,3.32,3.266,3.314,1139795,375738217.0
2021-12-09,3.304,3.353,3.29,3.353,1298926,432890826.0
2021-12-10,3.335,3.377,3.324,3.37,795567,266988997.0
2021-12-13,3.362,3.4,3.347,3.389,1037874,351039662.0
2021-12-14,3.37,3.396,3.37,3.384,776587,262770210.0
2021-12-15,3.382,3.411,3.355,3.355,803330,271904784.0
2021-12-16,3.361,3.384,3.357,3.378,744559,250958262.0
2021-12-17,3.376,3.376,3.32,3.328,917412,306517649.0
2021-12-20,3.322,3.328,3.218,3.225,1810235,589476636.0
2021-12-21,3.227,3.25,3.204,3.247,1604192,518742684.0
2021-12-22,3.249,3.273,3.248,3.26,955849,311821720.0
2021-12-23,3.269,3.282,3.252,3.269,744303,243092924.0
2021-12-24,3.268,3.275,3.181,3.196,1182512,379369585.0
2021-12-27,3.183,3.212,3.173,3.19,1026215,327519837.0
2021-12-28,3.193,3.229,3.178,3.226,1425478,456900668.0
2021-12-29,3.216,3.218,3.176,3.182,1414972,451279115.0
2021-12-30,3.18,3.233,3.176,3.219,1940254,623398581.0
2021-12-31,3.231,3.247,3.207,3.218,1135672,365770854.0
2022-01-04,3.236,3.242,3.14,3.154,1329408,420460015.0
2022-01-05,3.151,3.151,3.049,3.064,3326676,1024198003.0
2022-01-06,3.043,3.054,2.999,3.034,3940022,1191713459.0
2022-01-07,3.035,3.046,2.998,3.003,2532898,763631795.0
2022-01-10,3.0,3.018,2.958,2.998,2563940,766782186.0
2022-01-11,2.998,3.008,2.956,2.96,2460580,731615225.0
2022-01-12,2.984,3.039,2.984,3.035,3398322,1024275782.0
2022-01-13,3.042,3.043,2.988,2.99,2161757,650933054.0
2022-01-14,2.975,3.027,2.967,3.015,2101345,631548713.0
2022-01-17,3.0,3.075,3.0,3.068,1880369,574324699.0
2022-01-18,3.057,3.075,3.038,3.047,1633493,499162016.0
2022-01-19,3.036,3.047,2.958,2.985,3143886,940912461.0
2022-01-20,2.973,3.002,2.962,2.975,1806636,538084533.0
2022-01-21,2.957,2.973,2.927,2.941,2693107,792706568.0
2022-01-24,2.929,2.972,2.924,2.962,2375722,701816614.0
2022-01-25,2.94,2.961,2.881,2.881,2869779,838924822.0
2022-01-26,2.893,2.914,2.86,2.906,2292046,663438517.0
2022-01-27,2.889,2.904,2.813,2.815,4025788,1146566921.0
2022-01-28,2.848,2.869,2.794,2.819,3053074,866769773.0
2022-02-07,2.87,2.891,2.815,2.83,2575698,734467155.0
2022-02-08,2.826,2.826,2.697,2.758,4540175,1245274534.0
2022-02-09,2.749,2.797,2.729,2.791,2759428,763262240.0
2022-02-10,2.794,2.8,2.711,2.74,3709244,1016153807.0
2022-02-11,2.715,2.725,2.655,2.66,4349599,1171177439.0
2022-02-14,2.648,2.687,2.626,2.646,3943463,1047249832.0
2022-02-15,2.653,2.728,2.653,2.726,4685596,1262875385.0
2022-02-16,2.733,2.75,2.718,2.725,3140857,859252102.0
2022-02-17,2.716,2.768,2.705,2.744,3360070,922856282.0
2022-02-18,2.727,2.74,2.713,2.739,2491155,679899444.0
2022-02-21,2.739,2.747,2.706,2.713,2448619,666516009.0
2022-02-22,2.689,2.692,2.656,2.678,3733094,996241146.0
2022-02-23,2.683,2.754,2.68,2.754,3632140,989582147.0
2022-02-24,2.721,2.759,2.662,2.693,4697380,1275508051.0
2022-02-25,2.732,2.79,2.732,2.763,4171521,1153131751.0
2022-02-28,2.763,2.787,2.741,2.786,2973351,822801655.0
2022-03-01,2.8,2.814,2.772,2.795,2971590,829887578.0
2022-03-02,2.777,2.777,2.721,2.741,3239070,887831882.0
2022-03-03,2.76,2.761,2.701,2.704,3557835,967361083.0
2022-03-04,2.681,2.71,2.652,2.662,4215688,1129164378.0
2022-03-07,2.641,2.642,2.535,2.543,6574311,1693028057.0
2022-03-08,2.54,2.568,2.486,2.507,8234743,2081933920.0
2022-03-09,2.515,2.526,2.388,2.483,10003297,2464941033.0
2022-03-10,2.552,2.578,2.525,2.547,9371422,2395099653.0
2022-03-11,2.502,2.585,2.484,2.583,5741454,1451675036.0
2022-03-14,2.547,2.564,2.489,2.49,5004129,1264484841.0
2022-03-15,2.455,2.54,2.421,2.421,7203711,1782042420.0
2022-03-16,2.46,2.557,2.4,2.552,11182562,2779605345.0
2022-03-17,2.595,2.674,2.59,2.624,9819180,2582585876.0
2022-03-18,2.61,2.642,2.582,2.635,4074621,1064215120.0
2022-03-21,2.639,2.666,2.614,2.636,4590040,1212819345.0
2022-03-22,2.623,2.626,2.589,2.602,3043426,792870775.0
2022-03-23,2.619,2.639,2.597,2.629,3441752,902277644.0
2022-03-24,2.605,2.638,2.571,2.62,4342960,1128841043.0
2022-03-25,2.612,2.627,2.559,2.565,5088554,1313441848.0
2022-03-28,2.54,2.545,2.494,2.512,5459154,1374741682.0
2022-03-29,2.517,2.548,2.499,2.511,4138832,1044201417.0
2022-03-30,2.527,2.61,2.524,2.61,5443448,1401462034.0
2022-03-31,2.595,2.6,2.563,2.574,3904354,1006760051.0
2022-04-01,2.55,2.599,2.548,2.58,4210102,1086474053.0
2022-04-06,2.566,2.577,2.533,2.55,3535043,900487023.0
2022-04-07,2.535,2.547,2.495,2.496,4428186,1112917409.0
2022-04-08,2.496,2.525,2.467,2.491,3466390,864112991.0
2022-04-11,2.46,2.465,2.378,2.386,6050103,1456176620.0
2022-04-12,2.386,2.442,2.381,2.44,4713928,1136473144.0
2022-04-13,2.418,2.433,2.391,2.394,4781737,1152801771.0
2022-04-14,2.42,2.43,2.365,2.389,7573057,1810300878.0
2022-04-15,2.36,2.406,2.339,2.385,5226941,1238914351.0
2022-04-18,2.361,2.413,2.335,2.412,5381764,1280920676.0
2022-04-19,2.398,2.43,2.368,2.377,4388862,1049972636.0
2022-04-20,2.376,2.376,2.284,2.288,8180802,1899263288.0
2022-04-21,2.27,2.304,2.227,2.24,6554452,1485233314.0
2022-04-22,2.221,2.252,2.207,2.225,5942086,1324393071.0
2022-04-25,2.177,2.192,2.103,2.103,10441595,2241221673.0
2022-04-26,2.103,2.15,2.083,2.086,10201517,2151858221.0
2022-04-27,2.066,2.2,2.057,2.2,13651751,2893831998.0
2022-04-28,2.172,2.194,2.138,2.158,7788323,1683688128.0
2022-04-29,2.166,2.25,2.152,2.244,8381799,1849314397.0
2022-05-05,2.2,2.244,2.174,2.212,7654924,1693006827.0
2022-05-06,2.16,2.203,2.148,2.177,7336270,1598495156.0
2022-05-09,2.165,2.194,2.145,2.162,3274221,709048119.0
2022-05-10,2.136,2.217,2.121,2.204,6378781,1394483030.0
2022-05-11,2.206,2.323,2.203,2.272,12844831,2927962877.0
2022-05-12,2.256,2.295,2.251,2.277,6115130,1390418814.0
2022-05-13,2.29,2.298,2.26,2.285,4332170,987480485.0
2022-05-16,2.295,2.319,2.256,2.257,4600004,1048772706.0
2022-05-17,2.256,2.297,2.249,2.293,3402680,775875478.0
2022-05-18,2.291,2.31,2.277,2.29,2977280,682924954.0
2022-05-19,2.255,2.306,2.255,2.306,3944608,900615499.0
2022-05-20,2.317,2.352,2.31,2.347,3843675,896931093.0
2022-05-23,2.347,2.348,2.313,2.332,3007046,700392454.0
2022-05-24,2.331,2.331,2.246,2.246,5710831,1301870288.0
2022-05-25,2.246,2.26,2.233,2.253,4450353,998804924.0
2022-05-26,2.254,2.271,2.212,2.249,4963802,1114149056.0
2022-05-27,2.268,2.304,2.238,2.251,4631267,1052158839.0
2022-05-30,2.262,2.289,2.252,2.276,3592693,816599724.0
2022-05-31,2.276,2.338,2.251,2.334,3969815,913288792.0
2022-06-01,2.333,2.366,2.321,2.354,4131103,970268951.0
2022-06-02,2.341,2.389,2.336,2.386,3273884,777180735.0
2022-06-06,2.38,2.483,2.379,2.477,4656797,1141794047.0
2022-06-07,2.474,2.498,2.457,2.478,3160635,782226841.0
2022-06-08,2.477,2.498,2.433,2.494,3920410,966851637.0
2022-06-09,2.477,2.487,2.419,2.423,3320643,813530317.0
2022-06-10,2.408,2.481,2.404,2.48,3144430,771162261.0
2022-06-13,2.458,2.488,2.448,2.469,2799829,690639934.0
2022-06-14,2.443,2.48,2.388,2.475,4204232,1020709276.0
2022-06-15,2.476,2.554,2.473,2.497,5041002,1265062247.0
2022-06-16,2.498,2.539,2.494,2.507,3656097,920034935.0
2022-06-17,2.482,2.588,2.482,2.584,4633465,1181373864.0
2022-06-20,2.59,2.661,2.588,2.626,4342664,1139676092.0
2022-06-21,2.626,2.643,2.586,2.615,3433377,896834437.0
2022-06-22,2.614,2.642,2.595,2.596,3377905,885373232.0
2022-06-23,2.601,2.68,2.594,2.68,3333111,879219374.0
2022-06-24,2.697,2.74,2.678,2.738,3443233,934975895.0
2022-06-27,2.751,2.78,2.735,2.741,3511708,967427238.0
2022-06-28,2.739,2.767,2.69,2.754,3019686,821994191.0
2022-06-29,2.734,2.76,2.68,2.683,4188196,1139624743.0
2022-06-30,2.689,2.751,2.689,2.73,3851202,1049192628.0
2022-07-01,2.728,2.738,2.687,2.699,3733177,1012247110.0
2022-07-04,2.682,2.75,2.663,2.75,4224542,1149825963.0
2022-07-05,2.758,2.784,2.701,2.739,3190755,872914386.0
2022-07-06,2.734,2.773,2.694,2.725,3553013,973782192.0
2022-07-07,2.721,2.77,2.709,2.769,2977018,817217265.0
2022-07-08,2.779,2.803,2.727,2.731,3410261,940906417.0
2022-07-11,2.729,2.729,2.661,2.69,3312053,889549018.0
2022-07-12,2.682,2.692,2.618,2.622,3666848,970727725.0
2022-07-13,2.628,2.681,2.595,2.665,4034359,1065751082.0
2022-07-14,2.653,2.758,2.649,2.735,4022018,1094292975.0
2022-07-15,2.729,2.755,2.68,2.68,3179270,865852959.0
2022-07-18,2.685,2.732,2.657,2.717,2959546,797786444.0
2022-07-19,2.715,2.715,2.658,2.67,3179314,853331935.0
2022-07-20,2.682,2.706,2.674,2.68,2115302,569203440.0
2022-07-21,2.674,2.712,2.66,2.67,2400850,645789345.0
2022-07-22,2.694,2.706,2.635,2.651,2731006,729309353.0
2022-07-25,2.647,2.657,2.615,2.629,2688917,707531030.0
2022-07-26,2.628,2.65,2.603,2.634,2964000,778613116.0
2022-07-27,2.629,2.65,2.616,2.637,2480509,652824562.0
2022-07-28,2.653,2.669,2.624,2.629,2803313,741482248.0
2022-07-29,2.633,2.639,2.588,2.594,3248334,847751101.0
2022-08-01,2.58,2.657,2.562,2.657,2966450,776182250.0
2022-08-02,2.627,2.637,2.575,2.605,3618875,943589432.0
2022-08-03,2.613,2.637,2.545,2.553,2941596,761912522.0
2022-08-04,2.56,2.578,2.536,2.565,2737219,700218509.0
2022-08-05,2.566,2.61,2.561,2.606,2975011,770493902.0
2022-08-08,2.588,2.602,2.571,2.596,2255928,584360799.0
2022-08-09,2.596,2.62,2.58,2.614,1817196,473721182.0
2022-08-10,2.606,2.614,2.57,2.579,2017434,522628844.0
2022-08-11,2.59,2.647,2.572,2.647,2920715,764684794.0
2022-08-12,2.633,2.639,2.611,2.613,2392295,626906468.0
2022-08-15,2.606,2.654,2.606,2.638,2141853,564950676.0
2022-08-16,2.639,2.679,2.638,2.652,2113154,562021362.0
2022-08-17,2.653,2.702,2.639,2.695,2512153,671659961.0
2022-08-18,2.687,2.713,2.682,2.693,1946039,525084893.0
2022-08-19,2.693,2.698,2.652,2.653,1925441,514616519.0
2022-08-22,2.65,2.701,2.634,2.699,2411756,645464008.0
2022-08-23,2.69,2.719,2.683,2.697,2043619,551734915.0
2022-08-24,2.714,2.721,2.597,2.6,3869852,1021893624.0
2022-08-25,2.604,2.615,2.558,2.59,2546453,657182670.0
2022-08-26,2.581,2.598,2.556,2.566,2272271,585540538.0
2022-08-29,2.541,2.564,2.525,2.553,2273973,579746547.0
2022-08-30,2.551,2.555,2.52,2.538,2213826,561430724.0
2022-08-31,2.525,2.537,2.474,2.491,3297222,825005583.0
2022-09-01,2.487,2.508,2.457,2.463,2949739,732782105.0
2022-09-02,2.466,2.48,2.443,2.461,3490205,858991298.0
2022-09-05,2.454,2.479,2.445,2.467,2996766,736895176.0
2022-09-06,2.466,2.47,2.42,2.468,4665268,1142575774.0
2022-09-07,2.45,2.509,2.443,2.493,3859395,959508458.0
2022-09-08,2.494,2.496,2.445,2.448,3447969,850822848.0
2022-09-09,2.453,2.477,2.449,2.476,2696311,664274323.0
2022-09-13,2.485,2.494,2.46,2.475,2035526,503964408.0
2022-09-14,2.445,2.454,2.415,2.431,2706495,659194896.0
2022-09-15,2.431,2.438,2.336,2.349,4556434,1083976788.0
2022-09-16,2.341,2.356,2.297,2.297,4833455,1122302443.0
2022-09-19,2.292,2.318,2.27,2.285,3991607,915197463.0
2022-09-20,2.295,2.327,2.285,2.297,3602172,830485845.0
2022-09-21,2.284,2.289,2.256,2.265,5211843,1181944144.0
2022-09-22,2.25,2.28,2.236,2.252,3672890,828818164.0
2022-09-23,2.245,2.268,2.209,2.239,5317417,1189493313.0
2022-09-26,2.226,2.288,2.22,2.253,5280030,1194645335.0
2022-09-27,2.258,2.306,2.258,2.306,4788444,1091035686.0
2022-09-28,2.294,2.3,2.248,2.249,4647200,1052922691.0
2022-09-29,2.269,2.288,2.251,2.267,4075693,925354891.0
2022-09-30,2.259,2.276,2.219,2.221,4371564,982234933.0
2022-10-10,2.219,2.232,2.166,2.166,4171627,915088738.0
2022-10-11,2.183,2.206,2.176,2.192,3940142,863598840.0
2022-10-12,2.191,2.275,2.169,2.274,7392730,1644065087.0
2022-10-13,2.255,2.305,2.252,2.282,5962608,1363147675.0
2022-10-14,2.315,2.38,2.297,2.365,6671160,1559025000.0
2022-10-17,2.349,2.375,2.333,2.362,3898715,918318759.0
2022-10-18,2.38,2.397,2.355,2.373,4509612,1071043942.0
2022-10-19,2.366,2.39,2.351,2.355,4024150,953362760.0
2022-10-20,2.34,2.375,2.296,2.337,6670187,1556557603.0
2022-10-21,2.337,2.342,2.31,2.321,4429153,1030042923.0
2022-10-24,2.323,2.348,2.253,2.266,7715408,1771918160.0
2022-10-25,2.252,2.279,2.214,2.241,6661031,1496709732.0
2022-10-26,2.251,2.329,2.251,2.302,6719579,1543143214.0
2022-10-27,2.319,2.32,2.265,2.265,5303540,1214527194.0
2022-10-28,2.247,2.259,2.179,2.187,7321986,1625576082.0
2022-10-31,2.166,2.231,2.164,2.202,6828842,1503479168.0
2022-11-01,2.208,2.275,2.186,2.275,7625569,1699347630.0
2022-11-02,2.261,2.325,2.256,2.305,7214615,1655586782.0
2022-11-03,2.283,2.316,2.283,2.309,6292292,1449665101.0
2022-11-04,2.307,2.394,2.304,2.383,6868599,1620339902.0
2022-11-07,2.372,2.4,2.36,2.379,5431515,1292475454.0
2022-11-08,2.379,2.386,2.341,2.363,4922189,1162296853.0
2022-11-09,2.356,2.362,2.326,2.326,5089810,1190843693.0
2022-11-10,2.313,2.321,2.276,2.288,7389732,1697717814.0
2022-11-11,2.4,2.4,2.33,2.33,10301881,2423406667.0
2022-11-14,2.333,2.345,2.296,2.302,5736871,1332197394.0
2022-11-15,2.297,2.362,2.287,2.361,6900639,1607887432.0
2022-11-16,2.359,2.372,2.327,2.33,5663526,1328655949.0
2022-11-17,2.322,2.322,2.281,2.316,6296816,1446037619.0
2022-11-18,2.317,2.348,2.312,2.315,7439799,1733414577.0
2022-11-21,2.298,2.32,2.291,2.319,3815406,879699281.0
2022-11-22,2.312,2.316,2.263,2.273,5982903,1368854747.0
2022-11-23,2.269,2.288,2.233,2.269,5826873,1317378800.0
2022-11-24,2.276,2.289,2.262,2.264,3179765,723242428.0
2022-11-25,2.261,2.261,2.238,2.242,3409459,766181308.0
2022-11-28,2.203,2.235,2.197,2.233,4870886,1077709960.0
2022-11-29,2.233,2.28,2.228,2.268,6475879,1462123786.0
2022-11-30,2.266,2.277,2.255,2.265,4449866,1007896822.0
2022-12-01,2.312,2.332,2.308,2.311,6205197,1439503784.0
2022-12-02,2.31,2.339,2.302,2.316,4384055,1018348442.0
2022-12-05,2.327,2.334,2.298,2.313,7615325,1758129142.0
2022-12-06,2.301,2.346,2.299,2.319,4939916,1147772470.0
2022-12-07,2.311,2.359,2.308,2.343,7450582,1744170477.0
2022-12-08,2.337,2.351,2.326,2.338,3043366,711782390.0
2022-12-09,2.337,2.353,2.323,2.348,3583372,837521119.0
2022-12-12,2.342,2.348,2.33,2.333,3881623,907490954.0
2022-12-13,2.334,2.336,2.303,2.305,3623504,838699628.0
2022-12-14,2.309,2.32,2.293,2.299,3335662,768091406.0
2022-12-15,2.299,2.33,2.295,2.326,4351062,1005896265.0
2022-12-16,2.312,2.319,2.291,2.298,3966390,913544785.0
2022-12-19,2.304,2.317,2.267,2.274,4476904,1025543893.0
2022-12-20,2.27,2.271,2.242,2.243,4084808,920756610.0
2022-12-21,2.244,2.253,2.225,2.24,3390578,759300920.0
2022-12-22,2.249,2.259,2.221,2.235,4067703,911848117.0
2022-12-23,2.216,2.236,2.207,2.222,4362469,969067962.0
2022-12-26,2.224,2.265,2.222,2.262,5714695,1287210409.0
2022-12-27,2.268,2.295,2.256,2.293,5650560,1286940340.0
2022-12-28,2.278,2.281,2.257,2.267,4269173,968584394.0
2022-12-29,2.255,2.295,2.252,2.277,4390878,1001296980.0
2022-12-30,2.287,2.298,2.278,2.279,3802277,869409610.0
2023-01-03,2.267,2.293,2.246,2.289,4154350,943665756.0
2023-01-04,2.28,2.283,2.255,2.267,3642832,827058629.0
2023-01-05,2.276,2.334,2.274,2.33,6603989,1524537065.0
2023-01-06,2.321,2.368,2.315,2.35,4965654,1164821538.0
2023-01-09,2.361,2.382,2.356,2.365,3195073,756781803.0
2023-01-10,2.365,2.406,2.36,2.401,3763983,898088948.0
2023-01-11,2.401,2.409,2.369,2.374,2923227,698040665.0
2023-01-12,2.383,2.404,2.375,2.382,3475973,829707689.0
2023-01-13,2.397,2.417,2.388,2.417,3792202,909951500.0
2023-01-16,2.421,2.492,2.417,2.462,5158873,1269926087.0
2023-01-17,2.465,2.483,2.46,2.47,2462065,608463040.0
2023-01-18,2.479,2.482,2.457,2.468,2641094,652164937.0
2023-01-19,2.465,2.498,2.454,2.496,3016618,748630145.0
2023-01-20,2.505,2.518,2.495,2.507,4008460,1004660329.0
2023-01-30,2.577,2.579,2.532,2.533,5683977,1450511413.0
2023-01-31,2.533,2.543,2.497,2.507,3745048,943675151.0
2023-02-01,2.516,2.538,2.495,2.537,4638571,1167804023.0
2023-02-02,2.544,2.554,2.519,2.524,3119554,791120816.0
2023-02-03,2.515,2.527,2.475,2.5,4632210,1158328375.0
2023-02-06,2.486,2.486,2.449,2.468,4240242,1045613922.0
2023-02-07,2.474,2.482,2.445,2.461,3967825,976604426.0
2023-02-08,2.466,2.475,2.445,2.447,3929469,966329485.0
2023-02-09,2.444,2.496,2.44,2.493,4730294,1172120589.0
2023-02-10,2.493,2.494,2.455,2.465,4264098,1054102719.0
2023-02-13,2.463,2.502,2.463,2.495,4003011,995868214.0
2023-02-14,2.502,2.508,2.475,2.49,2709498,673563677.0
2023-02-15,2.488,2.498,2.466,2.468,2759204,682666614.0
2023-02-16,2.473,2.491,2.422,2.436,4404394,1083733097.0
2023-02-17,2.433,2.439,2.375,2.378,5949468,1429280289.0
2023-02-20,2.372,2.409,2.353,2.403,5333660,1269505061.0
2023-02-21,2.401,2.407,2.378,2.395,3780998,905100097.0
2023-02-22,2.385,2.399,2.372,2.377,3420616,815119185.0
2023-02-23,2.379,2.398,2.374,2.385,3849257,918343003.0
2023-02-24,2.388,2.39,2.354,2.357,4935288,1167374629.0
2023-02-27,2.347,2.362,2.333,2.34,5052813,1183931502.0
2023-02-28,2.35,2.362,2.334,2.359,4766879,1120630125.0
2023-03-01,2.358,2.378,2.344,2.372,6412398,1515000132.0
2023-03-02,2.368,2.371,2.341,2.347,5046453,1187932735.0
2023-03-03,2.353,2.362,2.332,2.352,5632116,1323371045.0
2023-03-06,2.356,2.365,2.32,2.361,7738048,1815382144.0
2023-03-07,2.354,2.359,2.311,2.312,8956964,2091310410.0
2023-03-08,2.303,2.319,2.296,2.308,7611736,1754539003.0
2023-03-09,2.309,2.316,2.296,2.303,6948051,1602665742.0
2023-03-10,2.295,2.318,2.284,2.3,9929630,2284813245.0
2023-03-13,2.295,2.306,2.276,2.287,10195900,2333097120.0
2023-03-14,2.285,2.287,2.238,2.276,11674301,2646251583.0
2023-03-15,2.285,2.303,2.266,2.268,10187440,2327203774.0
2023-03-16,2.257,2.265,2.23,2.233,12835765,2884549879.0
2023-03-17,2.248,2.252,2.221,2.228,16480314,3685846849.0
2023-03-20,2.229,2.25,2.213,2.226,15921009,3546732507.0
2023-03-21,2.233,2.266,2.232,2.265,16259210,3658666378.0
2023-03-22,2.27,2.286,2.26,2.27,14370671,3267475374.0
2023-03-23,2.262,2.288,2.259,2.288,8626970,1965791419.0
2023-03-24,2.292,2.3,2.282,2.297,8485594,1946226679.0
2023-03-27,2.293,2.325,2.29,2.323,12049124,2786917097.0
2023-03-28,2.322,2.322,2.293,2.298,6173109,1422968347.0
2023-03-29,2.3,2.309,2.294,2.297,5585027,1286214706.0
2023-03-30,2.3,2.313,2.29,2.313,5651995,1301419790.0
2023-03-31,2.321,2.328,2.314,2.327,6808435,1580918255.0
2023-04-03,2.327,2.37,2.327,2.366,11096153,2608463108.0
2023-04-04,2.366,2.367,2.336,2.35,7764314,1822002563.0
2023-04-06,2.334,2.355,2.331,2.354,5487069,1285376423.0
2023-04-07,2.351,2.38,2.347,2.369,5684291,1346645921.0
2023-04-10,2.379,2.385,2.358,2.368,8264410,1960483425.0
2023-04-11,2.367,2.386,2.351,2.362,5058054,1197323525.0
2023-04-12,2.364,2.364,2.342,2.353,5356209,1259523938.0
2023-04-13,2.345,2.352,2.332,2.332,4415316,1033292670.0
2023-04-14,2.342,2.356,2.336,2.355,5338872,1254207925.0
2023-04-17,2.354,2.366,2.348,2.364,4229752,997150264.0
2023-04-18,2.362,2.372,2.35,2.354,4686560,1105884332.0
2023-04-19,2.356,2.356,2.338,2.339,3090913,724993726.0
2023-04-20,2.337,2.338,2.304,2.314,5434874,1259885382.0
2023-04-21,2.318,2.326,2.268,2.269,6917726,1587990018.0
2023-04-24,2.267,2.269,2.22,2.234,7294237,1633647557.0
2023-04-25,2.236,2.241,2.178,2.193,13608452,2993352612.0
2023-04-26,2.187,2.238,2.184,2.226,11083037,2461077825.0
2023-04-27,2.219,2.247,2.215,2.24,4590208,1025641028.0
2023-04-28,2.247,2.26,2.236,2.255,4133146,929424455.0
2023-05-04,2.253,2.253,2.224,2.23,3845670,858954724.0
2023-05-05,2.228,2.23,2.194,2.202,5257951,1161401101.0
2023-05-08,2.21,2.214,2.188,2.213,7761581,1709956981.0
2023-05-09,2.209,2.211,2.179,2.18,8089629,1776822707.0
2023-05-10,2.176,2.21,2.166,2.199,11774381,2574160725.0
2023-05-11,2.201,2.229,2.2,2.211,8314269,1841293786.0
2023-05-12,2.211,2.22,2.185,2.185,5986893,1317692906.0
2023-05-15,2.192,2.235,2.19,2.234,6916403,1532618072.0
2023-05-16,2.242,2.244,2.222,2.228,6250010,1395160843.0
2023-05-17,2.23,2.236,2.217,2.229,6221353,1384597411.0
2023-05-18,2.233,2.237,2.198,2.215,7670419,1699666378.0
2023-05-19,2.212,2.229,2.206,2.215,4472283,991730762.0
2023-05-22,2.216,2.227,2.201,2.214,5172903,1144617725.0
2023-05-23,2.216,2.218,2.186,2.187,6933644,1527019908.0
2023-05-24,2.181,2.204,2.175,2.183,7395047,1618149752.0
2023-05-25,2.179,2.194,2.166,2.184,8126967,1770841547.0
2023-05-26,2.183,2.183,2.153,2.167,9181841,1990154129.0
2023-05-29,2.171,2.177,2.136,2.143,7125225,1531858751.0
2023-05-30,2.139,2.157,2.12,2.155,7249693,1552001556.0
2023-05-31,2.149,2.153,2.125,2.131,8498795,1815634532.0
2023-06-01,2.133,2.163,2.127,2.148,8826449,1899353699.0
2023-06-02,2.156,2.179,2.152,2.175,7879769,1708637641.0
2023-06-05,2.173,2.173,2.138,2.143,8672138,1861880058.0
2023-06-06,2.14,2.141,2.102,2.106,9012032,1912088170.0
2023-06-07,2.105,2.106,2.069,2.075,9359429,1949152965.0
2023-06-08,2.075,2.083,2.064,2.071,9368152,1941993647.0
2023-06-09,2.073,2.086,2.064,2.086,8745659,1814523637.0
2023-06-12,2.08,2.106,2.076,2.095,7595908,1588662807.0
2023-06-13,2.093,2.113,2.09,2.111,7058034,1485189091.0
2023-06-14,2.115,2.121,2.106,2.106,6824060,1441646659.0
2023-06-15,2.114,2.18,2.114,2.179,18945139,4072250914.0
2023-06-16,2.185,2.215,2.178,2.208,10714323,2354504582.0
2023-06-19,2.211,2.219,2.201,2.207,7367843,1627002667.0
2023-06-20,2.203,2.22,2.199,2.21,5795831,1280742117.0
2023-06-21,2.206,2.208,2.155,2.156,7175166,1563223806.0
2023-06-26,2.14,2.158,2.118,2.133,6925302,1478758273.0
2023-06-27,2.133,2.151,2.124,2.138,5959136,1273123146.0
2023-06-28,2.134,2.135,2.107,2.126,6467057,1373018915.0
2023-06-29,2.121,2.139,2.121,2.129,3774614,804433119.0
2023-06-30,2.126,2.174,2.118,2.164,10091436,2177900541.0
2023-07-03,2.168,2.185,2.16,2.171,5582985,1213190974.0
2023-07-04,2.169,2.178,2.161,2.174,4306543,934176287.0
2023-07-05,2.176,2.182,2.152,2.156,3978490,861355843.0
2023-07-06,2.15,2.163,2.133,2.137,5978724,1281170745.0
2023-07-07,2.13,2.132,2.116,2.118,4742779,1006764646.0
2023-07-10,2.127,2.158,2.126,2.145,5823235,1248499024.0
2023-07-11,2.147,2.162,2.138,2.161,3706789,797744814.0
2023-07-12,2.162,2.163,2.138,2.139,4353128,935868566.0
2023-07-13,2.151,2.182,2.151,2.182,6341780,1378630702.0
2023-07-14,2.184,2.187,2.167,2.169,5191818,1128574320.0
2023-07-17,2.163,2.164,2.142,2.152,3642698,783461345.0
2023-07-18,2.155,2.159,2.143,2.147,4462889,958560160.0
2023-07-19,2.145,2.148,2.117,2.125,6795781,1445979320.0
2023-07-20,2.129,2.145,2.098,2.103,8536235,1811813284.0
2023-07-21,2.1,2.123,2.097,2.11,5375403,1134454100.0
2023-07-24,2.1,2.114,2.088,2.09,6242250,1308892789.0
2023-07-25,2.123,2.14,2.113,2.136,9349575,1988807314.0
2023-07-26,2.13,2.138,2.125,2.135,6837817,1458159714.0
2023-07-27,2.14,2.15,2.125,2.129,4941275,1056226088.0
2023-07-28,2.12,2.169,2.117,2.163,9366865,2013407724.0
2023-07-31,2.172,2.199,2.172,2.182,6609653,1445212383.0
2023-08-01,2.18,2.192,2.161,2.168,4864460,1058105268.0
2023-08-02,2.166,2.177,2.158,2.164,4060986,879593774.0
2023-08-03,2.158,2.187,2.158,2.187,4455753,969634983.0
2023-08-04,2.21,2.225,2.19,2.204,8867475,1959096598.0
2023-08-07,2.198,2.201,2.179,2.185,5951739,1301999178.0
2023-08-08,2.183,2.19,2.171,2.177,5264217,1147757817.0
2023-08-09,2.17,2.185,2.169,2.174,4116312,895238678.0
2023-08-10,2.173,2.186,2.165,2.184,4737376,1031790344.0
2023-08-11,2.187,2.187,2.129,2.129,7023687,1512087615.0
2023-08-14,2.112,2.115,2.087,2.113,7658517,1610654412.0
2023-08-15,2.112,2.116,2.078,2.096,6416059,1342676080.0
2023-08-16,2.085,2.102,2.08,2.082,4670580,976619953.0
2023-08-17,2.078,2.099,2.061,2.094,7563131,1574016215.0
2023-08-18,2.09,2.101,2.064,2.065,6226475,1297043878.0
2023-08-21,2.061,2.061,2.033,2.035,6871950,1407292362.0
2023-08-22,2.043,2.05,1.998,2.038,11460186,2319842201.0
2023-08-23,2.023,2.028,1.984,1.987,9056674,1816410148.0
2023-08-24,1.995,2.031,1.99,2.014,9914098,1994099514.0
2023-08-25,2.0,2.007,1.982,1.991,6827771,1362246860.0
2023-08-28,2.136,2.136,2.003,2.01,13123418,2700032793.0
2023-08-29,2.002,2.08,2.0,2.067,10960279,2248179739.0
2023-08-30,2.064,2.088,2.057,2.066,6586467,1364718724.0
2023-08-31,2.062,2.064,2.048,2.052,4098959,842366261.0
2023-09-01,2.058,2.068,2.04,2.049,3885205,797102947.0
2023-09-04,2.058,2.069,2.038,2.067,6799681,1398673132.0
2023-09-05,2.06,2.069,2.055,2.057,4350852,896796269.0
2023-09-06,2.05,2.053,2.037,2.049,4481243,916192384.0
2023-09-07,2.043,2.043,2.003,2.003,6253926,1262214404.0
2023-09-08,2.0,2.005,1.987,1.998,4690669,936024551.0
2023-09-11,2.0,2.025,1.99,2.011,5840379,1172438835.0
2023-09-12,2.007,2.012,1.997,1.998,4265938,854262967.0
2023-09-13,1.995,2.002,1.964,1.974,7345141,1453391113.0
2023-09-14,1.969,1.974,1.952,1.96,7055404,1383425958.0
2023-09-15,1.962,1.972,1.946,1.954,8965208,1753078110.0
2023-09-18,1.951,1.982,1.946,1.968,7729081,1521163681.0
2023-09-19,1.966,1.967,1.945,1.952,6882452,1343148109.0
2023-09-20,1.947,1.952,1.935,1.936,5492624,1066751867.0
2023-09-21,1.93,1.94,1.917,1.917,5594249,1077187922.0
2023-09-22,1.913,1.964,1.911,1.964,9745011,1892135675.0
2023-09-25,1.955,1.963,1.949,1.953,4760782,930583694.0
2023-09-26,1.951,1.958,1.938,1.938,4548459,884715811.0
2023-09-27,1.935,1.977,1.935,1.956,7918953,1549533282.0
2023-09-28,1.958,1.968,1.945,1.953,4960486,969167462.0
2023-10-09,1.95,1.956,1.928,1.947,5801127,1125998596.0
2023-10-10,1.954,1.962,1.936,1.938,4585178,893269399.0
2023-10-11,1.945,1.969,1.945,1.954,5787960,1132965435.0
2023-10-12,1.969,1.971,1.951,1.968,5099397,1001556845.0
2023-10-13,1.954,1.956,1.936,1.945,5708362,1110367167.0
2023-10-16,1.945,1.947,1.9,1.906,7719278,1479735211.0
2023-10-17,1.91,1.919,1.9,1.912,4152577,793332533.0
2023-10-18,1.906,1.906,1.885,1.887,5781098,1093760512.0
2023-10-19,1.878,1.887,1.864,1.867,7172698,1345516353.0
2023-10-20,1.86,1.874,1.845,1.85,7344155,1363194268.0
2023-10-23,1.845,1.845,1.806,1.815,9515482,1734577390.0
2023-10-24,1.818,1.842,1.812,1.832,8474434,1548311384.0
2023-10-25,1.844,1.848,1.814,1.815,9044607,1655296717.0
2023-10-26,1.802,1.83,1.793,1.829,8462440,1530249533.0
2023-10-27,1.82,1.888,1.816,1.881,13235087,2456974471.0
2023-10-30,1.874,1.933,1.874,1.926,14828830,2835314842.0
2023-10-31,1.92,1.923,1.907,1.916,4614183,883490876.0
2023-11-01,1.921,1.923,1.899,1.908,4354752,831878498.0
2023-11-02,1.912,1.922,1.889,1.89,4815026,916837551.0
2023-11-03,1.894,1.925,1.894,1.918,6255220,1196348049.0
2023-11-06,1.93,1.982,1.93,1.981,10733074,2108232238.0
2023-11-07,1.974,1.98,1.96,1.967,6945658,1367621073.0
2023-11-08,1.964,1.983,1.957,1.971,6967776,1374036921.0
2023-11-09,1.968,1.983,1.961,1.967,5760086,1134900129.0
2023-11-10,1.958,1.96,1.948,1.955,5055579,987856579.0
2023-11-13,1.965,1.97,1.945,1.958,5083840,994005985.0
2023-11-14,1.957,1.973,1.943,1.953,5992595,1173304817.0
2023-11-15,1.98,1.983,1.956,1.963,6513422,1282823008.0
2023-11-16,1.961,1.962,1.925,1.925,7428397,1439596749.0
2023-11-17,1.92,1.935,1.918,1.934,3698543,713018363.0
2023-11-20,1.934,1.947,1.918,1.942,6020104,1162760020.0
2023-11-21,1.949,1.962,1.928,1.931,7599572,1477950379.0
2023-11-22,1.923,1.93,1.899,1.899,7736300,1478989709.0
2023-11-23,1.898,1.912,1.891,1.911,5082927,966151374.0
2023-11-24,1.908,1.91,1.885,1.888,5475884,1036666689.0
2023-11-27,1.883,1.886,1.868,1.878,4792836,898970208.0
2023-11-28,1.874,1.89,1.87,1.89,4044168,760640145.0
2023-11-29,1.886,1.888,1.867,1.867,4509925,846641824.0
2023-11-30,1.869,1.884,1.863,1.874,4464594,836239285.0
2023-12-01,1.873,1.887,1.856,1.881,6312007,1181661361.0
2023-12-04,1.878,1.88,1.858,1.858,6568211,1226999419.0
2023-12-05,1.854,1.857,1.822,1.823,7334469,1349960021.0
2023-12-06,1.818,1.85,1.816,1.834,5351235,983248291.0
2023-12-07,1.828,1.841,1.817,1.829,5021061,917245048.0
2023-12-08,1.831,1.848,1.823,1.843,4918462,903724815.0
2023-12-11,1.836,1.872,1.819,1.868,9670301,1784431939.0
2023-12-12,1.861,1.865,1.851,1.856,6573033,1220686877.0
2023-12-13,1.85,1.85,1.822,1.822,6941014,1272670979.0
2023-12-14,1.833,1.846,1.812,1.812,5317268,971479846.0
2023-12-15,1.82,1.83,1.795,1.802,7355922,1331806827.0
2023-12-18,1.792,1.799,1.767,1.773,6636733,1182987159.0
2023-12-19,1.771,1.791,1.767,1.781,6635994,1178902788.0
2023-12-20,1.783,1.787,1.755,1.755,7435957,1314787691.0
2023-12-21,1.749,1.794,1.747,1.787,9659934,1712190864.0
2023-12-22,1.779,1.801,1.766,1.78,8841372,1576158511.0
2023-12-25,1.777,1.791,1.772,1.783,5703304,1015507698.0
2023-12-26,1.78,1.781,1.753,1.761,8185801,1442271689.0
2023-12-27,1.762,1.771,1.75,1.763,6536878,1150699719.0
2023-12-28,1.761,1.84,1.757,1.833,15884491,2875816785.0
2023-12-29,1.828,1.848,1.827,1.842,7493274,1378547224.0
2024-01-02,1.842,1.842,1.806,1.806,7089134,1289636676.0
2024-01-03,1.802,1.809,1.778,1.787,7887162,1412240535.0
2024-01-04,1.783,1.786,1.748,1.754,10753851,1892807410.0
2024-01-05,1.751,1.768,1.72,1.728,11806031,2058616833.0
2024-01-08,1.724,1.734,1.698,1.699,12421990,2127475776.0
2024-01-09,1.702,1.729,1.691,1.706,12561517,2143990454.0
2024-01-10,1.696,1.726,1.681,1.698,11066784,1886530670.0
2024-01-11,1.694,1.744,1.694,1.732,13703936,2359728392.0
2024-01-12,1.722,1.739,1.713,1.714,10125457,1746324895.0
2024-01-15,1.702,1.72,1.692,1.698,8517910,1451523478.0
2024-01-16,1.692,1.709,1.679,1.708,12847605,2176231828.0
2024-01-17,1.7,1.7,1.653,1.656,12653379,2123585814.0
2024-01-18,1.643,1.69,1.635,1.683,16880885,2794540413.0
2024-01-19,1.675,1.697,1.669,1.669,14864531,2498436774.0
2024-01-22,1.663,1.67,1.612,1.623,13022844,2144565815.0
2024-01-23,1.62,1.656,1.612,1.642,14088142,2311645670.0
2024-01-24,1.65,1.657,1.599,1.65,15021493,2449723396.0
2024-01-25,1.641,1.676,1.628,1.675,17851989,2958236063.0
2024-01-26,1.665,1.67,1.633,1.637,13965335,2307114645.0
2024-01-29,1.638,1.643,1.58,1.58,16865287,2705441120.0
2024-01-30,1.57,1.589,1.541,1.544,15955558,2493371606.0
2024-01-31,1.544,1.56,1.53,1.533,18661332,2884546065.0
2024-02-01,1.527,1.574,1.522,1.548,19813258,3070980291.0
2024-02-02,1.546,1.554,1.471,1.508,25536277,3868328778.0
2024-02-05,1.491,1.56,1.444,1.527,62847942,9548912110.0
2024-02-06,1.508,1.624,1.502,1.623,36880751,5835093267.0
2024-02-07,1.622,1.666,1.614,1.66,43618911,7203702865.0
2024-02-08,1.67,1.718,1.669,1.681,25603676,4328895568.0
2024-02-19,1.704,1.707,1.675,1.697,22819199,3851174613.0
2024-02-20,1.688,1.701,1.676,1.696,13329437,2253230303.0
2024-02-21,1.681,1.736,1.676,1.703,12371674,2116292414.0
2024-02-22,1.7,1.714,1.694,1.71,9607940,1636373905.0
2024-02-23,1.717,1.719,1.695,1.709,8398755,1432116124.0
2024-02-26,1.706,1.72,1.69,1.704,12311415,2098414307.0
2024-02-27,1.696,1.746,1.694,1.746,12148528,2089515169.0
2024-02-28,1.749,1.78,1.701,1.701,18649875,3255806446.0
2024-02-29,1.696,1.762,1.693,1.761,14247782,2471440725.0
2024-03-01,1.757,1.781,1.746,1.775,12881947,2273286642.0
2024-03-04,1.773,1.796,1.767,1.783,9626856,1715526745.0
2024-03-05,1.771,1.794,1.765,1.78,34464320,6145635731.0
2024-03-06,1.773,1.805,1.761,1.782,15007242,2665126135.0
2024-03-07,1.779,1.788,1.74,1.742,12194754,2142139665.0
2024-03-08,1.745,1.763,1.73,1.756,8227489,1438428485.0
2024-03-11,1.76,1.84,1.76,1.84,20127243,3627820398.0
2024-03-12,1.845,1.863,1.832,1.851,11138939,2058508901.0
2024-03-13,1.854,1.859,1.838,1.841,8936894,1650375298.0
2024-03-14,1.841,1.86,1.818,1.832,8278951,1520527764.0
2024-03-15,1.825,1.836,1.796,1.833,10764747,1953112039.0
2024-03-18,1.85,1.875,1.848,1.875,14211896,2643711004.0
2024-03-19,1.87,1.873,1.852,1.853,7903054,1474010253.0
2024-03-20,1.848,1.862,1.844,1.856,6171236,1143969188.0
2024-03-21,1.86,1.868,1.844,1.846,7108849,1316880020.0
2024-03-22,1.843,1.844,1.808,1.817,10667121,1943555229.0
2024-03-25,1.809,1.819,1.781,1.781,11583246,2087959021.0
2024-03-26,1.782,1.805,1.777,1.792,10141589,1815893657.0
2024-03-27,1.787,1.788,1.741,1.742,7599032,1339840543.0
2024-03-28,1.74,1.778,1.738,1.758,7390774,1300045015.0
2024-03-29,1.756,1.773,1.75,1.768,5988697,1055046937.0
2024-04-01,1.78,1.822,1.78,1.822,8830135,1596048944.0
2024-04-02,1.822,1.822,1.801,1.808,6401949,1158298114.0
2024-04-03,1.804,1.804,1.789,1.79,4609270,827315040.0
2024-04-08,1.785,1.789,1.756,1.758,5396913,955289218.0
2024-04-09,1.759,1.778,1.752,1.777,4864696,859278565.0
2024-04-10,1.774,1.774,1.731,1.739,9000053,1569964686.0
2024-04-11,1.725,1.752,1.725,1.731,7246190,1258500431.0
2024-04-12,1.73,1.74,1.711,1.713,7251324,1249364654.0
2024-04-15,1.712,1.757,1.712,1.746,11357926,1979130288.0
2024-04-16,1.74,1.742,1.709,1.713,7561462,1303733279.0
2024-04-17,1.718,1.748,1.718,1.747,6311060,1094935987.0
2024-04-18,1.739,1.759,1.717,1.738,7231806,1258117105.0
2024-04-19,1.725,1.728,1.692,1.705,8437475,1441227373.0
2024-04-22,1.695,1.718,1.687,1.703,5119593,872464901.0
2024-04-23,1.708,1.716,1.693,1.705,4772879,813383060.0
2024-04-24,1.709,1.72,1.696,1.719,5444651,930652227.0
2024-04-25,1.71,1.73,1.7,1.716,5916390,1015097835.0
2024-04-26,1.717,1.777,1.717,1.774,10455629,1835092513.0
2024-04-29,1.78,1.854,1.78,1.837,12330808,2249887446.0
2024-04-30,1.837,1.837,1.816,1.816,7158340,1307150516.0
2024-05-06,1.852,1.863,1.846,1.853,8690891,1611906606.0
2024-05-07,1.851,1.857,1.844,1.85,5551162,1027079885.0
2024-05-08,1.847,1.847,1.82,1.821,5926798,1083975322.0
2024-05-09,1.828,1.86,1.828,1.856,7593648,1404404803.0
2024-05-10,1.858,1.859,1.829,1.84,6345733,1166185263.0
2024-05-13,1.819,1.835,1.808,1.817,5506427,1003162015.0
2024-05-14,1.821,1.831,1.809,1.813,5137245,933390405.0
2024-05-15,1.814,1.823,1.795,1.797,6397224,1155215878.0
2024-05-16,1.806,1.819,1.794,1.801,6594689,1191189941.0
2024-05-17,1.795,1.825,1.791,1.824,7089806,1282770696.0
2024-05-20,1.828,1.844,1.823,1.831,8230898,1508793859.0
2024-05-21,1.826,1.831,1.813,1.818,4508421,820583253.0
2024-05-22,1.819,1.842,1.814,1.839,7434674,1358050288.0
2024-05-23,1.837,1.837,1.807,1.811,6599889,1199542616.0
2024-05-24,1.804,1.821,1.778,1.781,6828319,1226193736.0
2024-05-27,1.784,1.793,1.762,1.792,6219239,1104233033.0
2024-05-28,1.784,1.789,1.766,1.769,4237288,752314720.0
2024-05-29,1.768,1.793,1.765,1.772,6817607,1212774231.0
2024-05-30,1.772,1.783,1.767,1.777,4575191,811975922.0
2024-05-31,1.781,1.794,1.77,1.772,5199314,926361099.0
2024-06-03,1.769,1.786,1.764,1.782,5534371,983357008.0
2024-06-04,1.778,1.812,1.777,1.806,7450205,1338179961.0
2024-06-05,1.805,1.821,1.796,1.796,5298417,958489683.0
2024-06-06,1.804,1.808,1.778,1.785,6577509,1180252981.0
2024-06-07,1.784,1.786,1.729,1.748,10017845,1757294814.0
2024-06-11,1.735,1.757,1.727,1.752,6034655,1050263762.0
2024-06-12,1.746,1.754,1.742,1.743,3943802,689179251.0
2024-06-13,1.752,1.766,1.741,1.742,7245042,1267620108.0
2024-06-14,1.745,1.762,1.726,1.756,6487355,1130929526.0
2024-06-17,1.746,1.775,1.743,1.768,6088884,1074684609.0
2024-06-18,1.769,1.785,1.766,1.776,4924351,874882847.0
2024-06-19,1.781,1.783,1.752,1.753,6303647,1108481829.0
2024-06-20,1.75,1.758,1.727,1.728,5944620,1033472874.0
2024-06-21,1.725,1.729,1.709,1.723,6062895,1042667756.0
2024-06-24,1.711,1.721,1.693,1.696,7359958,1256397081.0
2024-06-25,1.694,1.698,1.657,1.666,8888546,1489330686.0
2024-06-26,1.665,1.7,1.662,1.699,7668659,1288964861.0
2024-06-27,1.689,1.689,1.669,1.67,7214333,1209479321.0
2024-06-28,1.665,1.688,1.647,1.652,7560791,1261766760.0
2024-07-01,1.648,1.658,1.621,1.65,8680997,1421609502.0
2024-07-02,1.643,1.652,1.627,1.633,6926318,1134882671.0
2024-07-03,1.633,1.645,1.616,1.629,7416438,1208017829.0
2024-07-04,1.633,1.643,1.615,1.616,7168739,1165540300.0
2024-07-05,1.615,1.63,1.601,1.623,8138205,1313878495.0
2024-07-08,1.615,1.62,1.592,1.596,7936130,1273747612.0
2024-07-09,1.594,1.629,1.584,1.62,11008810,1768440724.0
2024-07-10,1.609,1.636,1.608,1.618,7768890,1262057166.0
2024-07-11,1.64,1.664,1.627,1.654,9657457,1590536255.0
2024-07-12,1.648,1.661,1.64,1.653,8332844,1376375909.0
2024-07-15,1.644,1.648,1.633,1.64,7912562,1297951099.0
2024-07-16,1.638,1.665,1.637,1.664,8758555,1448026915.0
2024-07-17,1.66,1.674,1.653,1.663,7834300,1303083812.0
2024-07-18,1.653,1.687,1.649,1.686,20806962,3469057541.0
2024-07-19,1.673,1.699,1.672,1.692,14700685,2486560315.0
2024-07-22,1.693,1.702,1.679,1.693,7726957,1307253170.0
2024-07-23,1.691,1.691,1.639,1.64,7606749,1262944816.0
2024-07-24,1.634,1.651,1.614,1.619,6715404,1095298509.0
2024-07-25,1.61,1.627,1.607,1.614,5649908,912831629.0
2024-07-26,1.617,1.638,1.615,1.627,7502581,1220285927.0
2024-07-29,1.622,1.623,1.603,1.604,5724428,920370351.0
2024-07-30,1.6,1.607,1.591,1.601,6106035,975027426.0
2024-07-31,1.594,1.658,1.592,1.658,14320519,2339588940.0
2024-08-01,1.659,1.663,1.631,1.636,9030439,1484320326.0
2024-08-02,1.621,1.639,1.604,1.609,11190243,1810881105.0
2024-08-05,1.592,1.625,1.576,1.576,12579838,2010902183.0
2024-08-06,1.594,1.607,1.581,1.597,8932552,1423912521.0
2024-08-07,1.593,1.601,1.587,1.589,6887508,1098120312.0
2024-08-08,1.582,1.599,1.568,1.582,8938446,1413969051.0
2024-08-09,1.59,1.598,1.566,1.566,8196082,1294422205.0
2024-08-12,1.566,1.572,1.558,1.563,6462704,1011415437.0
2024-08-13,1.562,1.578,1.558,1.578,7636057,1195477104.0
2024-08-14,1.575,1.576,1.554,1.555,8798504,1373900547.0
2024-08-15,1.551,1.579,1.55,1.565,13802745,2158889978.0
2024-08-16,1.564,1.573,1.558,1.561,6554594,1025138603.0
2024-08-19,1.56,1.577,1.557,1.559,7943774,1244095195.0
2024-08-20,1.561,1.562,1.536,1.539,9367585,1447293515.0
2024-08-21,1.532,1.543,1.527,1.529,7341937,1125584865.0
2024-08-22,1.53,1.534,1.515,1.516,8555917,1301647484.0
2024-08-23,1.512,1.526,1.509,1.517,12097258,1835561828.0
2024-08-26,1.517,1.528,1.511,1.515,7052690,1070720952.0
2024-08-27,1.511,1.512,1.497,1.5,7951119,1194899265.0
2024-08-28,1.499,1.505,1.494,1.501,7883197,1182047814.0
2024-08-29,1.488,1.522,1.484,1.513,18401290,2770964892.0
2024-08-30,1.511,1.571,1.511,1.552,20670044,3199131567.0
2024-09-02,1.547,1.552,1.506,1.507,15867300,2416710682.0
2024-09-03,1.504,1.532,1.503,1.525,11015247,1675797248.0
2024-09-04,1.512,1.54,1.51,1.525,9785096,1492736475.0
2024-09-05,1.525,1.546,1.524,1.536,8624512,1323868191.0
2024-09-06,1.535,1.538,1.508,1.508,9896846,1503394564.0
2024-09-09,1.5,1.519,1.498,1.513,18135289,2736028698.0
2024-09-10,1.514,1.524,1.495,1.512,15412588,2323816829.0
2024-09-11,1.51,1.534,1.507,1.528,14352293,2187736485.0
2024-09-12,1.536,1.549,1.521,1.525,12617763,1936399815.0
2024-09-13,1.525,1.528,1.508,1.509,8784237,1332460552.0
2024-09-18,1.505,1.513,1.494,1.504,9657148,1451166497.0
2024-09-19,1.511,1.537,1.492,1.519,18394237,2789678359.0
2024-09-20,1.516,1.517,1.498,1.508,20920584,3150914899.0
2024-09-23,1.507,1.52,1.5,1.501,13035359,1967069133.0
2024-09-24,1.515,1.588,1.504,1.587,33377295,5158211996.0
2024-09-25,1.621,1.649,1.609,1.61,26730083,4346647262.0
2024-09-26,1.604,1.686,1.595,1.686,28442155,4662498812.0
2024-09-27,1.713,1.89,1.713,1.86,56125985,10096030846.0
2024-09-30,2.0,2.232,1.928,2.232,69772145,14533319604.0
2024-10-08,2.678,2.678,2.29,2.678,185677265,47486377734.0
2024-10-09,2.41,2.478,2.238,2.242,164618813,38584923664.0
2024-10-10,2.241,2.297,2.137,2.174,80625516,17811734056.0
2024-10-11,2.134,2.152,2.026,2.06,72995288,15183685404.0
2024-10-14,2.078,2.124,2.022,2.116,57004799,11851253261.0
2024-10-15,2.094,2.135,2.045,2.045,43784762,9145503483.0
2024-10-16,2.001,2.044,1.989,2.0,38151331,7664940633.0
2024-10-17,2.019,2.042,1.993,1.995,31361055,6333780718.0
2024-10-18,1.986,2.256,1.986,2.156,81695885,17246253906.0
2024-10-21,2.162,2.225,2.139,2.167,52905363,11510502662.0
2024-10-22,2.158,2.186,2.139,2.175,27314769,5911593010.0
2024-10-23,2.166,2.211,2.145,2.162,30454404,6623460718.0
2024-10-24,2.149,2.161,2.126,2.132,19996473,4281073036.0
2024-10-25,2.147,2.236,2.138,2.196,41856616,9158136091.0
2024-10-28,2.193,2.193,2.158,2.188,20357121,4432947300.0
2024-10-29,2.191,2.198,2.133,2.135,26794604,5783642893.0
2024-10-30,2.119,2.138,2.086,2.111,23065017,4870460597.0
2024-10-31,2.105,2.164,2.09,2.122,31276690,6665871258.0
2024-11-01,2.104,2.125,2.08,2.084,23885768,5027417592.0
2024-11-04,2.081,2.146,2.08,2.145,20837386,4424060317.0
2024-11-05,2.144,2.258,2.13,2.249,52481838,11653247663.0
2024-11-06,2.249,2.316,2.202,2.223,45986097,10389830349.0
2024-11-07,2.202,2.306,2.198,2.306,36027816,8123542737.0
2024-11-08,2.355,2.365,2.274,2.282,34984930,8113596732.0
2024-11-11,2.25,2.35,2.249,2.349,31861165,7362300483.0
2024-11-12,2.365,2.402,2.316,2.345,32230534,7623609143.0
2024-11-13,2.325,2.381,2.3,2.372,28539851,6672901457.0
2024-11-14,2.37,2.372,2.285,2.288,21661199,5043001876.0
2024-11-15,2.276,2.294,2.201,2.204,27246692,6126017644.0
2024-11-18,2.205,2.219,2.132,2.149,28609469,6207444236.0
2024-11-19,2.155,2.219,2.132,2.215,31529902,6860088377.0
2024-11-20,2.201,2.24,2.195,2.223,23956979,5309861882.0
2024-11-21,2.213,2.237,2.206,2.223,15526239,3449564222.0
2024-11-22,2.218,2.226,2.133,2.136,20256843,4419031312.0
2024-11-25,2.14,2.151,2.1,2.132,19946017,4239346267.0
2024-11-26,2.122,2.146,2.107,2.109,13881308,2950218246.0
2024-11-27,2.1,2.167,2.079,2.165,23812605,5063215464.0
2024-11-28,2.162,2.165,2.124,2.128,15812142,3390963014.0
2024-11-29,2.122,2.221,2.12,2.179,30698302,6686251148.0
2024-12-02,2.172,2.218,2.166,2.211,20748569,4569798100.0
2024-12-03,2.211,2.219,2.182,2.198,15916814,3502377943.0
2024-12-04,2.195,2.203,2.161,2.17,14083118,3072274745.0
2024-12-05,2.167,2.195,2.163,2.177,10881280,2370569445.0
2024-12-06,2.18,2.247,2.17,2.224,25903279,5742016666.0
2024-12-09,2.219,2.23,2.185,2.206,14918244,3292494593.0
2024-12-10,2.32,2.32,2.214,2.221,35328843,7987491172.0
2024-12-11,2.215,2.235,2.209,2.218,14406912,3197772570.0
2024-12-12,2.217,2.258,2.212,2.248,19109548,4274890548.0
2024-12-13,2.231,2.233,2.19,2.193,17805550,3936277775.0
2024-12-16,2.19,2.192,2.148,2.158,12552537,2716261843.0
2024-12-17,2.156,2.189,2.153,2.159,16959955,3681413046.0
2024-12-18,2.167,2.173,2.15,2.158,10734338,2318259676.0
2024-12-19,2.137,2.178,2.132,2.171,14482076,3123320233.0
2024-12-20,2.166,2.19,2.157,2.169,12555582,2726937858.0
2024-12-23,2.163,2.18,2.142,2.147,13008414,2810536450.0
2024-12-24,2.148,2.172,2.143,2.17,15581880,3361542137.0
2024-12-25,2.173,2.175,2.144,2.156,11594528,2502557661.0
2024-12-26,2.16,2.176,2.152,2.166,10655084,2309054268.0
2024-12-27,2.166,2.192,2.154,2.163,14826588,3218106312.0
2024-12-30,2.158,2.174,2.155,2.165,10202963,2207790488.0
2024-12-31,2.162,2.165,2.101,2.102,19047476,4056325482.0
2025-01-02,2.096,2.097,2.0,2.019,22999093,4709844390.0
2025-01-03,2.02,2.027,1.976,1.978,20166724,4033494990.0
2025-01-06,1.978,1.994,1.962,1.976,16794769,3322854220.0
2025-01-07,1.965,1.99,1.951,1.99,16954313,3344010729.0
2025-01-08,1.975,1.99,1.925,1.968,22795329,4466166489.0
2025-01-09,1.956,1.985,1.954,1.971,13525681,2671984315.0
2025-01-10,1.967,1.983,1.938,1.938,12061622,2366472762.0
2025-01-13,1.916,1.959,1.916,1.942,13517608,2622517596.0
2025-01-14,1.95,2.037,1.942,2.036,28363155,5666356596.0
2025-01-15,2.022,2.025,1.992,1.999,17505191,3511330420.0
2025-01-16,2.009,2.044,1.99,2.01,19330738,3896733940.0
2025-01-17,1.999,2.043,1.998,2.026,16072145,3249604106.0
2025-01-20,2.047,2.077,2.046,2.062,19351278,3993926763.0
2025-01-21,2.081,2.083,2.048,2.07,10659994,2200295028.0
2025-01-22,2.063,2.069,2.041,2.059,11106114,2281647143.0
2025-01-23,2.082,2.11,2.052,2.052,17381341,3618632282.0
2025-01-24,2.045,2.092,2.044,2.084,15011413,3113708667.0
2025-01-27,2.086,2.087,2.028,2.028,14246932,2922348702.0
2025-02-05,2.043,2.047,2.016,2.024,11049675,2240818341.0
2025-02-06,2.022,2.082,2.017,2.08,17017750,3505456955.0
2025-02-07,2.08,2.159,2.08,2.131,27469983,5838438099.0
2025-02-10,2.14,2.147,2.114,2.142,13228398,2821357496.0
2025-02-11,2.141,2.142,2.11,2.113,10674532,2260595044.0
2025-02-12,2.107,2.154,2.101,2.15,15623364,3322841476.0
2025-02-13,2.145,2.163,2.133,2.135,14983656,3217541986.0
2025-02-14,2.134,2.181,2.132,2.174,21577861,4668509747.0
2025-02-17,2.198,2.2,2.166,2.182,16500527,3606618049.0
2025-02-18,2.178,2.19,2.131,2.14,13363110,2892733134.0
2025-02-19,2.136,2.186,2.133,2.185,13819064,2996598071.0
2025-02-20,2.179,2.191,2.161,2.184,10073320,2194588122.0
2025-02-21,2.185,2.242,2.185,2.239,18182523,4035502064.0
2025-02-24,2.232,2.24,2.201,2.221,15447324,3431453111.0
2025-02-25,2.189,2.222,2.185,2.197,14558336,3203034928.0
2025-02-26,2.199,2.225,2.19,2.223,13441086,2970832857.0
2025-02-27,2.224,2.237,2.183,2.212,13424835,2963835960.0
2025-02-28,2.197,2.198,2.123,2.128,18951792,4095199128.0
2025-03-03,2.133,2.189,2.12,2.154,20129437,4353725070.0
2025-03-04,2.131,2.151,2.12,2.149,10755616,2299059817.0
2025-03-05,2.147,2.159,2.131,2.149,9583045,2053850545.0
2025-03-06,2.162,2.2,2.16,2.191,17630606,3849695005.0
2025-03-07,2.181,2.183,2.152,2.16,12596179,2731623950.0
2025-03-10,2.166,2.174,2.14,2.159,10578257,2277006445.0
2025-03-11,2.135,2.161,2.131,2.159,11097012,2382242786.0
2025-03-12,2.17,2.172,2.148,2.149,10441195,2254199739.0
2025-03-13,2.146,2.158,2.113,2.125,11140607,2373852234.0
2025-03-14,2.125,2.19,2.12,2.186,19647221,4259564959.0
2025-03-17,2.188,2.191,2.169,2.173,10186892,2217737744.0
2025-03-18,2.182,2.201,2.173,2.185,11167341,2442376910.0
2025-03-19,2.181,2.195,2.166,2.178,9564472,2084327408.0
2025-03-20,2.178,2.18,2.155,2.158,8744022,1894715234.0
2025-03-21,2.153,2.159,2.108,2.112,14212017,3023428322.0
2025-03-24,2.11,2.118,2.084,2.112,9427423,1982939078.0
2025-03-25,2.112,2.123,2.094,2.105,9336352,1967146654.0
2025-03-26,2.1,2.117,2.097,2.098,8839485,1861535855.0
2025-03-27,2.093,2.125,2.076,2.103,9348640,1963608468.0
2025-03-28,2.101,2.112,2.087,2.089,8162006,1710499759.0
2025-03-31,2.079,2.083,2.047,2.064,12318221,2541748555.0
2025-04-01,2.067,2.087,2.06,2.062,9304839,1927320561.0
2025-04-02,2.062,2.081,2.057,2.064,7303188,1510412683.0
2025-04-03,2.042,2.057,2.018,2.027,15626423,3181472986.0
2025-04-07,1.93,1.931,1.721,1.775,69505868,12659759619.0
2025-04-08,1.792,1.844,1.777,1.804,29297322,5298034546.0
2025-04-09,1.762,1.838,1.743,1.823,31929857,5760841736.0
2025-04-10,1.88,1.908,1.86,1.863,29094618,5475498058.0
2025-04-11,1.845,1.907,1.844,1.892,18605349,3492329846.0
2025-04-14,1.915,1.919,1.892,1.895,13033281,2481540099.0
2025-04-15,1.895,1.903,1.881,1.893,9943364,1879135555.0
2025-04-16,1.885,1.885,1.844,1.87,17281809,3218073684.0
2025-04-17,1.859,1.887,1.856,1.873,11084084,2081248945.0
2025-04-18,1.865,1.881,1.862,1.878,8888570,1664135334.0
2025-04-21,1.874,1.91,1.865,1.908,12287907,2328928106.0
2025-04-22,1.903,1.911,1.895,1.899,8689827,1652435883.0
2025-04-23,1.917,1.933,1.906,1.919,15179641,2915749901.0
2025-04-24,1.916,1.929,1.902,1.907,12207396,2336068858.0
2025-04-25,1.913,1.932,1.908,1.92,12024520,2309659992.0
2025-04-28,1.918,1.921,1.901,1.906,6991261,1334167133.0
2025-04-29,1.902,1.912,1.895,1.903,6795070,1293918095.0
2025-04-30,1.905,1.926,1.904,1.921,10655595,2044909415.0
2025-05-06,1.936,1.959,1.935,1.958,10395145,2026370672.0
2025-05-07,1.995,2.007,1.953,1.967,17348732,3426132325.0
2025-05-08,1.963,2.006,1.961,2.001,15804047,3148925965.0
2025-05-09,2.0,2.001,1.975,1.984,8209132,1629568540.0
2025-05-12,2.013,2.037,2.007,2.037,15584949,3149770588.0
2025-05-13,2.062,2.065,2.027,2.03,10952122,2234622684.0
2025-05-14,2.032,2.074,2.021,2.054,12210653,2496059353.0
2025-05-15,2.046,2.047,2.012,2.012,8533395,1727955312.0
2025-05-16,2.006,2.02,2.005,2.008,5946975,1197218183.0
2025-05-19,2.006,2.008,1.988,2.002,7379950,1474714685.0
2025-05-20,2.009,2.031,1.997,2.018,7844446,1580369547.0
2025-05-21,2.02,2.047,2.019,2.034,10241285,2083759004.0
2025-05-22,2.036,2.037,2.014,2.016,5615394,1135814240.0
2025-05-23,2.015,2.03,1.994,1.994,7272379,1463619653.0
2025-05-26,1.99,1.997,1.965,1.977,7532962,1489711308.0
2025-05-27,1.976,1.976,1.957,1.967,7464291,1466776070.0
2025-05-28,1.969,1.975,1.956,1.959,7195168,1414015462.0
2025-05-29,1.962,1.991,1.961,1.989,9341379,1850177077.0
2025-05-30,1.98,1.98,1.963,1.972,6612255,1303691547.0
2025-06-03,1.961,1.987,1.96,1.977,5758778,1139384009.0
2025-06-04,1.983,2.006,1.982,2.0,7389093,1475808291.0
2025-06-05,2.001,2.029,1.989,2.023,8084529,1624628219.0
2025-06-06,2.022,2.027,2.01,2.017,5147504,1037863344.0
2025-06-09,2.02,2.051,2.02,2.034,8445347,1721674805.0
2025-06-10,2.034,2.041,1.999,2.012,9385023,1894152205.0
2025-06-11,2.016,2.053,2.016,2.038,8732720,1781856917.0
2025-06-12,2.033,2.052,2.027,2.04,6124760,1250732889.0
2025-06-13,2.033,2.042,2.015,2.02,7302115,1480102735.0
2025-06-16,2.019,2.039,2.016,2.037,4976448,1011261424.0
2025-06-17,2.04,2.041,2.023,2.028,4252575,863471367.0
2025-06-18,2.027,2.038,2.017,2.034,4931127,999608204.0
2025-06-19,2.028,2.036,2.0,2.005,6989479,1408373550.0
2025-06-20,2.005,2.015,1.987,1.988,5926744,1183215436.0
2025-06-23,1.98,2.001,1.975,1.998,6068657,1207204146.0
2025-06-24,2.004,2.044,2.003,2.044,12388429,2518135496.0
2025-06-25,2.05,2.113,2.05,2.109,16381973,3406556995.0
2025-06-26,2.109,2.121,2.092,2.093,11040739,2325635078.0
2025-06-27,2.1,2.125,2.091,2.101,11326780,2389373180.0
2025-06-30,2.11,2.134,2.106,2.133,10634131,2255934779.0
2025-07-01,2.128,2.131,2.112,2.126,6758008,1434048675.0
2025-07-02,2.123,2.123,2.097,2.104,6869308,1445894926.0
2025-07-03,2.11,2.147,2.108,2.141,10437516,2221641222.0
2025-07-04,2.141,2.167,2.131,2.133,10770847,2308805612.0
2025-07-07,2.126,2.134,2.106,2.11,7631514,1613281869.0
2025-07-08,2.109,2.161,2.107,2.159,12591227,2700369074.0
2025-07-09,2.157,2.183,2.155,2.163,11223645,2435284014.0
2025-07-10,2.17,2.179,2.153,2.169,8455356,1830798185.0
2025-07-11,2.169,2.202,2.159,2.185,11419299,2493790368.0
2025-07-14,2.18,2.187,2.167,2.177,6661325,1449095599.0
2025-07-15,2.184,2.223,2.184,2.212,14273177,3151896333.0
2025-07-16,2.217,2.237,2.205,2.206,8014571,1778554120.0
2025-07-17,2.205,2.247,2.204,2.247,9615694,2146267402.0
2025-07-18,2.256,2.274,2.241,2.252,9440410,2131513000.0
2025-07-21,2.258,2.275,2.251,2.275,9911442,2244881619.0
2025-07-22,2.274,2.291,2.267,2.289,10784625,2460630714.0
2025-07-23,2.288,2.31,2.281,2.287,12335622,2829799317.0
2025-07-24,2.297,2.325,2.291,2.325,10346952,2386144787.0
2025-07-25,2.326,2.326,2.308,2.318,7610292,1763030434.0
2025-07-28,2.322,2.344,2.311,2.342,8647995,2015532116.0
2025-07-29,2.338,2.384,2.332,2.383,10423053,2458006718.0
2025-07-30,2.378,2.378,2.325,2.345,17952943,4225955580.0
2025-07-31,2.354,2.37,2.299,2.301,19803836,4628163692.0
2025-08-01,2.296,2.324,2.281,2.303,11371253,2620619508.0
2025-08-04,2.285,2.313,2.282,2.313,7651039,1755984114.0
2025-08-05,2.326,2.328,2.3,2.32,10464315,2423350451.0
2025-08-06,2.314,2.338,2.312,2.336,8691742,2023667990.0
2025-08-07,2.338,2.35,2.3,2.32,11035689,2561935101.0
2025-08-08,2.314,2.331,2.307,2.312,7461764,1728760970.0
2025-08-11,2.317,2.362,2.312,2.357,11597518,2719858279.0
2025-08-12,2.358,2.385,2.345,2.385,11120495,2635788947.0
2025-08-13,2.395,2.475,2.391,2.473,18976851,4624232806.0
2025-08-14,2.473,2.489,2.438,2.446,14892827,3670028993.0
2025-08-15,2.435,2.518,2.435,2.509,14271173,3545929725.0
2025-08-18,2.52,2.608,2.504,2.582,22969315,5893785524.0
2025-08-19,2.575,2.61,2.561,2.575,16354090,4222774161.0
2025-08-20,2.551,2.588,2.524,2.588,20594441,5260550950.0
2025-08-21,2.589,2.605,2.558,2.572,18828044,4859237812.0
2025-08-22,2.566,2.663,2.563,2.662,21659089,5681941122.0
2025-08-25,2.693,2.76,2.675,2.737,27514140,7457636147.0
2025-08-26,2.727,2.75,2.702,2.716,20918322,5706483426.0
2025-08-27,2.716,2.796,2.696,2.696,29434776,8091776959.0
2025-08-28,2.68,2.807,2.677,2.806,26820208,7337066719.0
2025-08-29,2.799,2.909,2.78,2.865,24760608,7050495858.0
2025-09-01,2.88,2.932,2.859,2.927,20641012,5979182419.0
2025-09-02,2.922,2.954,2.815,2.848,30202205,8691244492.0
2025-09-03,2.852,2.899,2.832,2.87,29187032,8367566301.0
2025-09-04,2.899,2.93,2.716,2.751,35046019,9856433541.0
2025-09-05,2.75,2.947,2.749,2.944,27420789,7802431010.0
2025-09-08,2.946,2.951,2.856,2.908,24968782,7234949537.0
2025-09-09,2.866,2.898,2.818,2.845,17046755,4870733789.0
2025-09-10,2.857,2.9,2.833,2.875,18595794,5345322585.0
2025-09-11,2.883,3.027,2.871,3.025,26297373,7786806668.0
2025-09-12,3.01,3.033,2.982,2.995,21253623,6394148105.0
2025-09-15,3.006,3.08,3.006,3.037,17136620,5227741888.0
2025-09-16,3.039,3.064,2.993,3.059,18886350,5729177908.0
2025-09-17,3.055,3.125,3.036,3.119,16687573,5154304123.0
2025-09-18,3.115,3.141,3.024,3.067,27190632,8408306051.0
2025-09-19,3.067,3.101,3.046,3.062,17122318,5266798692.0
2025-09-22,3.068,3.082,3.026,3.082,13820787,4228087839.0
2025-09-23,3.115,3.13,3.015,3.093,22320034,6865555807.0
2025-09-24,3.063,3.162,3.061,3.16,19449895,6065237036.0
2025-09-25,3.15,3.24,3.134,3.211,16257324,5199641840.0
2025-09-26,3.193,3.226,3.126,3.129,16927559,5368043518.0
2025-09-29,3.126,3.233,3.126,3.213,16328471,5208289767.0
2025-09-30,3.221,3.254,3.194,3.217,12401712,3995389304.0
2025-10-09,3.217,3.297,3.217,3.235,17435666,5667232669.0
2025-10-10,3.201,3.217,3.072,3.095,22276431,6981652423.0
2025-10-13,2.952,3.073,2.951,3.054,22235483,6730538312.0
2025-10-14,3.093,3.106,2.92,2.934,24116473,7241505141.0
2025-10-15,2.932,3.01,2.905,3.003,18770043,5552036995.0
2025-10-16,2.984,3.044,2.978,3.014,15488704,4670184541.0
2025-10-17,3.002,3.021,2.91,2.915,15526407,4576629143.0
2025-10-20,2.976,3.02,2.948,2.971,15566787,4642754506.0
2025-10-21,2.999,3.078,2.972,3.062,17359633,5272466543.0
2025-10-22,3.037,3.067,3.02,3.039,11741287,3571697635.0
2025-10-23,3.021,3.045,2.98,3.038,9985458,3006639972.0
2025-10-24,3.069,3.147,3.058,3.147,14948805,4637974087.0
2025-10-27,3.209,3.218,3.155,3.209,15096685,4823568499.0
2025-10-28,3.189,3.258,3.181,3.205,13533297,4352354390.0
2025-10-29,3.235,3.3,3.234,3.3,13701356,4473209145.0
2025-10-30,3.296,3.308,3.235,3.239,14068840,4602035004.0
2025-10-31,3.235,3.258,3.164,3.166,14956429,4795957338.0
2025-11-03,3.152,3.178,3.098,3.176,12919888,4057838466.0
2025-11-04,3.166,3.184,3.087,3.112,12779003,3999079270.0
2025-11-05,3.06,3.157,3.046,3.142,13128615,4073292024.0
2025-11-06,3.158,3.213,3.153,3.201,13344230,4251348431.0
2025-11-07,3.184,3.218,3.155,3.185,9705146,3090346851.0
2025-11-10,3.2,3.215,3.117,3.158,11746888,3697770212.0
2025-11-11,3.175,3.188,3.107,3.113,10573098,3323335998.0
2025-11-12,3.095,3.116,3.058,3.108,11814661,3648762908.0
2025-11-13,3.094,3.188,3.086,3.182,16018683,5045454814.0
2025-11-14,3.146,3.146,3.091,3.093,12217523,3818689061.0
2025-11-17,3.074,3.101,3.06,3.084,9828891,3024962847.0
2025-11-18,3.069,3.095,3.032,3.051,12524587,3834326362.0
2025-11-19,3.051,3.092,3.041,3.057,13254195,4059815544.0
2025-11-20,3.106,3.113,3.019,3.026,13808023,4222309799.0
2025-11-21,2.99,2.99,2.903,2.904,23813254,7001980046.0
2025-11-24,2.925,2.932,2.873,2.908,15108009,4394186366.0
2025-11-25,2.951,3.008,2.94,2.961,21847137,6485664185.0
2025-11-26,2.955,3.061,2.943,3.027,18263483,5496575402.0
2025-11-27,3.018,3.093,3.007,3.012,12497687,3812794595.0
2025-11-28,3.008,3.048,2.993,3.035,9092535,2745371289.0
2025-12-01,3.044,3.074,3.017,3.073,10046772,3065143122.0
2025-12-02,3.075,3.075,3.036,3.052,6232246,1904764494.0
2025-12-03,3.058,3.086,3.01,3.019,7761190,2361211728.0
2025-12-04,3.014,3.056,2.997,3.051,8084380,2449923929.0
2025-12-05,3.063,3.098,3.028,3.089,8738437,2681407787.0
2025-12-08,3.101,3.194,3.099,3.171,12681256,4001557936.0
2025-12-09,3.168,3.215,3.153,3.188,10825661,3451146147.0
2025-12-10,3.185,3.2,3.124,3.192,8529586,2694949380.0
2025-12-11,3.192,3.226,3.145,3.146,9362313,2993222525.0
2025-12-12,3.152,3.186,3.12,3.174,10110131,3194779883.0
2025-12-15,3.14,3.167,3.119,3.12,7984532,2506448325.0
2025-12-16,3.112,3.125,3.043,3.06,13098987,4025761888.0
2025-12-17,3.057,3.165,3.054,3.164,15861637,4937699275.0
2025-12-18,3.134,3.14,3.092,3.092,13805174,4297352252.0
2025-12-19,3.118,3.141,3.096,3.107,10670931,3326085604.0
2025-12-22,3.135,3.18,3.135,3.175,13260799,4197241563.0
2025-12-23,3.18,3.21,3.166,3.185,9460188,3015016522.0
2025-12-24,3.194,3.219,3.177,3.212,7828621,2505014135.0
2025-12-25,3.21,3.234,3.184,3.222,8825070,2835992188.0
2025-12-26,3.222,3.252,3.202,3.226,9532784,3075750266.0
2025-12-29,3.217,3.234,3.19,3.205,9520732,3055961797.0
2025-12-30,3.19,3.234,3.19,3.229,11809655,3800219966.0
2025-12-31,3.23,3.239,3.182,3.186,7178897,2302045751.0
2026-01-05,3.215,3.281,3.21,3.281,10935771,3551323048.0
2026-01-06,3.278,3.305,3.249,3.303,13170598,4324236361.0
2026-01-07,3.311,3.336,3.281,3.311,12270467,4059296355.0
2026-01-08,3.291,3.313,3.27,3.287,11039130,3632320850.0
2026-01-09,3.269,3.315,3.253,3.314,15451463,5087072562.0
2026-01-12,3.314,3.387,3.267,3.371,21937201,7314374488.0
2026-01-13,3.372,3.402,3.291,3.306,19314673,6466148012.0
2026-01-14,3.307,3.388,3.292,3.332,28740079,9606956788.0
2026-01-15,3.306,3.359,3.293,3.352,38865233,12904865517.0
2026-01-16,3.382,3.394,3.337,3.346,40925188,13720977212.0
2026-01-19,3.327,3.369,3.31,3.318,19437418,6480798729.0
2026-01-20,3.319,3.335,3.242,3.263,23282675,7628206634.0
2026-01-21,3.243,3.315,3.242,3.281,11950615,3933094022.0
2026-01-22,3.298,3.323,3.264,3.315,17919800,5894354074.0
2026-01-23,3.322,3.337,3.304,3.337,9079939,3018742908.0
2026-01-26,3.352,3.355,3.292,3.305,16782457,5559095523.0
2026-01-27,3.31,3.352,3.263,3.327,17652715,5853388036.0
2026-01-28,3.342,3.345,3.29,3.307,19496402,6465046669.0
2026-01-29,3.297,3.342,3.284,3.292,16261187,5378675115.0
2026-01-30,3.286,3.355,3.241,3.335,12918381,4271421135.0
2026-02-02,3.338,3.376,3.248,3.252,11487593,3801816673.0
2026-02-03,3.302,3.32,3.238,3.313,12015893,3952454659.0
2026-02-04,3.29,3.307,3.233,3.297,11797862,3852326601.0
2026-02-05,3.264,3.278,3.227,3.238,9852894,3200834322.0
2026-02-06,3.21,3.275,3.187,3.229,8785306,2843474221.0
2026-02-09,3.288,3.327,3.263,3.321,9896213,3265112642.0
2026-02-10,3.327,3.335,3.307,3.311,5381156,1786183381.0
2026-02-11,3.3,3.312,3.272,3.273,8118673,2669085868.0
2026-02-12,3.28,3.323,3.277,3.319,9516282,3145580563.0
2026-02-13,3.303,3.313,3.263,3.265,9359664,3077154441.0
2026-02-24,3.318,3.331,3.282,3.295,9249640,3059400028.0
2026-02-25,3.301,3.352,3.293,3.344,11022264,3669068169.0
2026-02-26,3.338,3.343,3.301,3.336,8912843,2959414786.0
2026-02-27,3.31,3.317,3.283,3.301,12708821,4189212906.0
2026-03-02,3.251,3.308,3.25,3.282,16917591,5551369278.0
2026-03-03,3.303,3.32,3.198,3.205,16751169,5460114837.0
2026-03-04,3.17,3.207,3.138,3.154,14046228,4453321263.0
2026-03-05,3.216,3.254,3.183,3.206,15918683,5123994848.0
2026-03-06,3.191,3.238,3.169,3.225,8594461,2755966767.0
2026-03-09,3.183,3.21,3.1,3.201,13719189,4311143643.0
2026-03-10,3.267,3.298,3.252,3.296,12409336,4069373222.0
2026-03-11,3.303,3.377,3.303,3.335,10731783,3585290331.0
2026-03-12,3.34,3.35,3.278,3.308,7876461,2601723474.0
2026-03-13,3.29,3.334,3.28,3.3,8097919,2682651220.0
2026-03-16,3.308,3.35,3.275,3.349,10653744,3529085209.0
2026-03-17,3.369,3.379,3.271,3.273,11597774,3853089118.0
2026-03-18,3.293,3.341,3.265,3.338,11208680,3701559654.0
2026-03-19,3.297,3.353,3.287,3.303,12469345,4139744623.0
2026-03-20,3.337,3.417,3.337,3.341,19596729,6613612449.0
2026-03-23,3.3,3.326,3.206,3.228,16832932,5505326627.0
2026-03-24,3.275,3.277,3.145,3.237,14810267,4747716096.0
2026-03-25,3.279,3.315,3.262,3.307,11788368,3885554464.0
2026-03-26,3.306,3.338,3.256,3.263,9530418,3137106084.0
2026-03-27,3.241,3.313,3.221,3.293,9411777,3079351984.0
2026-03-30,3.242,3.273,3.216,3.264,9884804,3210679548.0
2026-03-31,3.248,3.272,3.178,3.182,13794790,4434723769.0
2026-04-01,3.245,3.247,3.2,3.232,11374568,3666283809.0
2026-04-02,3.224,3.224,3.148,3.164,10357474,3296758515.0
2026-04-03,3.182,3.189,3.139,3.141,7353196,2326714624.0
2026-04-07,3.153,3.173,3.125,3.151,7493724,2361499071.0
2026-04-08,3.241,3.345,3.235,3.345,14569399,4785824705.0
2026-04-09,3.316,3.331,3.292,3.32,7267214,2407159486.0
2026-04-10,3.339,3.462,3.339,3.437,13933264,4765722093.0
2026-04-13,3.43,3.485,3.421,3.468,10417629,3606546237.0
2026-04-14,3.501,3.552,3.484,3.55,10632436,3744100707.0
2026-04-15,3.589,3.595,3.482,3.511,13524690,4785008636.0
2026-04-16,3.522,3.624,3.511,3.624,14796542,5298080774.0
2026-04-17,3.638,3.678,3.61,3.67,15033058,5489998910.0
2026-04-20,3.657,3.689,3.636,3.672,14853588,5444544523.0
2026-04-21,3.663,3.688,3.614,3.681,13828383,5051182322.0
2026-04-22,3.66,3.761,3.66,3.758,18615006,6923895010.0
2026-04-23,3.769,3.789,3.684,3.728,14580921,5446610050.0
2026-04-24,3.689,3.704,3.63,3.674,17128265,6285359225.0
2026-04-27,3.68,3.691,3.643,3.652,9604111,3519636450.0
2026-04-28,3.63,3.643,3.588,3.602,11061019,3998704631.0
2026-04-29,3.585,3.7,3.578,3.694,10641461,3886447435.0
2026-04-30,3.703,3.727,3.668,3.689,10039840,3710117031.0
2026-05-06,3.763,3.824,3.733,3.786,19639487,7445851677.0
2026-05-07,3.814,3.849,3.769,3.845,8949955,3408781901.0
2026-05-08,3.811,3.851,3.796,3.806,9696180,3704430721.0
2026-05-11,3.834,3.947,3.806,3.947,13488228,5237822670.0
2026-05-12,3.952,3.966,3.907,3.94,12480831,4919168159.0
2026-05-13,3.91,4.054,3.904,4.048,12150099,4827427703.0
2026-05-14,4.092,4.104,3.948,3.961,14719688,5906571388.0
2026-05-15,3.961,4.015,3.88,3.97,19036007,7510651174.0
2026-05-18,3.912,3.971,3.892,3.923,13870922,5450614720.0
2026-05-19,3.901,3.931,3.82,3.922,14732403,5712080576.0
2026-05-20,3.895,3.959,3.895,3.932,11602678,4551859988.0
2026-05-21,3.97,4.029,3.835,3.846,18284145,7219559132.0
2026-05-22,3.877,3.959,3.866,3.946,14475800,5660833953.0
2026-05-25,3.982,4.034,3.916,4.034,13650326,5436396959.0
2026-05-26,4.012,4.07,3.997,4.055,16023246,6460251325.0
2026-05-27,4.053,4.158,4.027,4.056,17473331,7161587254.0
2026-05-28,4.039,4.148,3.984,4.138,14011682,5679123150.0
2026-05-29,4.143,4.174,4.022,4.053,16171881,6627594234.0
2026-06-01,4.047,4.094,3.956,3.964,13224451,5325031114.0
2026-06-02,3.981,4.098,3.959,4.071,14821750,5968727719.0
2026-06-03,4.095,4.23,4.076,4.145,16490581,6853479731.0
2026-06-04,4.074,4.131,4.065,4.1,10599121,4344953805.0
2026-06-05,4.083,4.122,3.947,3.977,14663505,5925661224.0
2026-06-08,3.83,3.916,3.79,3.827,17916388,6918765209.0
2026-06-09,3.877,3.975,3.836,3.972,15787653,6169162413.0
2026-06-10,3.925,3.942,3.835,3.87,12698150,4932052567.0
2026-06-11,3.843,3.925,3.77,3.83,15131492,5811234668.0
2026-06-12,3.932,3.934,3.835,3.846,12496087,4861543972.0
2026-06-15,3.912,4.053,3.858,4.045,14610496,5783322879.0
2026-06-16,4.068,4.154,4.063,4.111,10921491,4481671129.0
2026-06-17,4.086,4.183,4.071,4.183,10937036,4511811472.0
2026-06-18,4.169,4.288,4.16,4.269,10580532,4493982913.0
2026-06-22,4.291,4.379,4.24,4.379,15925980,6869550101.0
2026-06-23,4.379,4.379,4.17,4.21,18967385,8095279908.0
2026-06-24,4.206,4.271,4.174,4.258,16634732,7032563317.0
2026-06-25,4.287,4.395,4.254,4.395,13760514,5951167240.0
2026-06-26,4.328,4.344,4.19,4.215,15360304,6542724816.0
2026-06-29,4.2,4.28,4.118,4.236,15535904,6516025415.0
2026-06-30,4.224,4.37,4.221,4.364,11087849,4776124320.0
2026-07-01,4.364,4.378,4.234,4.274,12692150,5484765907.0
2026-07-02,4.207,4.207,4.016,4.036,18764852,7700524824.0
2026-07-03,4.002,4.13,4.0,4.037,13752185,5595214367.0
2026-07-06,4.051,4.077,3.918,3.97,12422136,4961682397.0
2026-07-07,3.93,3.991,3.872,3.932,13412604,5277354423.0
2026-07-08,3.948,3.98,3.842,3.867,16494278,6443919120.0
2026-07-09,3.904,4.048,3.831,4.04,19492045,7646989098.0
2026-07-10,4.046,4.088,3.86,3.862,19048314,7609789601.0
2026-07-13,3.81,3.876,3.712,3.751,19042355,7214651859.0
2026-07-14,3.739,3.874,3.693,3.867,23142777,8767464813.0
2026-07-15,3.885,3.925,3.812,3.828,17779717,6879496074.0
2026-07-16,3.769,3.816,3.68,3.723,20748558,7769713737.0
2026-07-17,3.679,3.679,3.408,3.463,43622986,15426969213.0
2026-07-20,3.512,3.572,3.358,3.477,56299394,19456636143.0
2026-07-21,3.488,3.713,3.393,3.709,42769293,15265724239.0
2026-07-22,3.65,3.716,3.575,3.586,25917736,9480428887.0
2026-07-23,3.597,3.645,3.559,3.597,17742764,6389409936.0
2026-07-24,3.536,3.584,3.507,3.508,18185051,6442931154.0
2026-07-27,3.502,3.618,3.47,3.612,18966400,6740596949.0
2026-07-28,3.513,3.538,3.335,3.355,37337710,12793024818.0
2026-07-29,3.346,3.435,3.273,3.402,37079183,12446158036.0
2026-07-30,3.35,3.379,3.182,3.27,51464921,16874598852.0
2026-07-31,3.437,3.486,3.367,3.368,43947412,15089205628.0
2026-08-03,3.323,3.365,3.3,3.325,19144861,6381406431.0
2026-08-04,3.375,3.533,3.361,3.514,27905764,9646117693.0
2026-08-05,3.4,3.607,3.4,3.56,30236017,10611238477.0
2026-08-06,3.497,3.596,3.465,3.54,20671227,7293013968.0
2026-08-07,3.54,3.636,3.529,3.586,21234975,7613154132.0
2026-08-10,3.586,3.601,3.495,3.559,16580700,5864196999.0
2026-08-11,3.545,3.62,3.535,3.565,14968815,5356011856.0
2026-08-12,3.556,3.643,3.556,3.621,13170474,4751624393.0
2026-08-13,3.666,3.7,3.603,3.604,15868009,5821154570.0
2026-08-14,3.627,3.65,3.595,3.645,12995922,4713644300.0
