date,open,high,low,close,volume,amount
2012-05-28,2.551,2.607,2.544,2.604,12775187,3285755320.0
2012-05-29,2.602,2.661,2.602,2.644,7149490,1875593354.0
2012-05-30,2.642,2.647,2.633,2.636,2658871,701725789.0
2012-05-31,2.621,2.645,2.613,2.63,1781559,468193104.0
2012-06-01,2.629,2.66,2.62,2.63,1793500,473477195.0
2012-06-04,2.601,2.604,2.555,2.558,5460742,1413413525.0
2012-06-05,2.562,2.572,2.556,2.561,1271674,326150601.0
2012-06-06,2.563,2.574,2.548,2.559,1369227,350839411.0
2012-06-07,2.578,2.583,2.536,2.543,3364240,860028328.0
2012-06-08,2.558,2.56,2.53,2.534,2101822,534630030.0
2012-06-11,2.543,2.577,2.536,2.564,2254555,576327103.0
2012-06-12,2.55,2.562,2.538,2.548,1577237,401878820.0
2012-06-13,2.56,2.588,2.55,2.585,1881335,483872804.0
2012-06-14,2.58,2.598,2.571,2.574,1525546,394044038.0
2012-06-15,2.582,2.594,2.557,2.584,1598352,411542174.0
2012-06-18,2.589,2.608,2.588,2.592,1321265,342959058.0
2012-06-19,2.59,2.59,2.572,2.573,1050116,270933104.0
2012-06-20,2.58,2.587,2.57,2.57,1192773,307520556.0
2012-06-21,2.563,2.564,2.517,2.53,1792241,453655580.0
2012-06-25,2.527,2.527,2.476,2.48,2314811,579443696.0
2012-06-26,2.472,2.485,2.462,2.48,1852289,458451961.0
2012-06-27,2.478,2.493,2.47,2.471,1513657,375457752.0
2012-06-28,2.48,2.486,2.455,2.457,1695739,418670239.0
2012-06-29,2.451,2.488,2.448,2.485,1972042,486289905.0
2012-07-02,2.495,2.495,2.476,2.485,1862222,463059443.0
2012-07-03,2.488,2.516,2.482,2.489,1469031,367051138.0
2012-07-04,2.494,2.504,2.484,2.489,1103364,275036931.0
2012-07-05,2.479,2.479,2.452,2.461,2087739,513592301.0
2012-07-06,2.466,2.512,2.452,2.501,1757978,436554831.0
2012-07-09,2.489,2.499,2.448,2.451,1648643,408098778.0
2012-07-10,2.449,2.453,2.438,2.441,2041959,499158637.0
2012-07-11,2.438,2.458,2.435,2.452,1692976,414092857.0
2012-07-12,2.446,2.487,2.437,2.474,2660444,655043267.0
2012-07-13,2.473,2.496,2.471,2.478,1778904,441479099.0
2012-07-16,2.481,2.482,2.437,2.438,2273611,556372742.0
2012-07-17,2.437,2.449,2.431,2.443,2585328,630134240.0
2012-07-18,2.441,2.451,2.406,2.443,3152959,766719579.0
2012-07-19,2.441,2.473,2.437,2.451,3380439,830268783.0
2012-07-20,2.445,2.451,2.427,2.433,2702978,659710351.0
2012-07-23,2.411,2.411,2.392,2.403,1856885,445845218.0
2012-07-24,2.397,2.423,2.395,2.408,2304236,554385067.0
2012-07-25,2.4,2.414,2.39,2.393,1389067,333627584.0
2012-07-26,2.395,2.407,2.38,2.382,2548959,610152261.0
2012-07-27,2.389,2.396,2.377,2.385,3724685,888581778.0
2012-07-30,2.389,2.399,2.372,2.377,2303206,549167623.0
2012-07-31,2.378,2.385,2.366,2.371,4214983,1001090738.0
2012-08-01,2.372,2.401,2.372,2.389,2615555,624664260.0
2012-08-02,2.386,2.389,2.359,2.371,2087258,495894114.0
2012-08-03,2.375,2.386,2.368,2.385,1737366,412710948.0
2012-08-06,2.383,2.42,2.382,2.416,3144257,755432645.0
2012-08-07,2.415,2.421,2.412,2.419,2584403,624693716.0
2012-08-08,2.423,2.436,2.416,2.421,2329502,564756029.0
2012-08-09,2.422,2.448,2.412,2.445,2010003,488752019.0
2012-08-10,2.447,2.447,2.433,2.438,1118701,273056082.0
2012-08-13,2.431,2.431,2.389,2.392,2959366,713474273.0
2012-08-14,2.393,2.396,2.36,2.388,3226022,767577944.0
2012-08-15,2.383,2.383,2.364,2.366,1910109,453117708.0
2012-08-16,2.367,2.37,2.357,2.359,1228662,290402422.0
2012-08-17,2.359,2.36,2.335,2.349,1757265,412189237.0
2012-08-20,2.333,2.343,2.242,2.336,1705061,396240929.0
2012-08-21,2.336,2.367,2.333,2.345,2348894,552081888.0
2012-08-22,2.347,2.349,2.323,2.328,1298019,302900817.0
2012-08-23,2.333,2.348,2.322,2.339,1670546,390070494.0
2012-08-24,2.33,2.332,2.313,2.316,1584418,367720684.0
2012-08-27,2.305,2.305,2.267,2.268,3143233,716814677.0
2012-08-28,2.265,2.284,2.26,2.268,2176241,493740043.0
2012-08-29,2.262,2.274,2.25,2.253,2133281,482331412.0
2012-08-30,2.246,2.255,2.226,2.243,2326744,521648616.0
2012-08-31,2.24,2.251,2.238,2.243,2031862,456087329.0
2012-09-03,2.238,2.27,2.233,2.257,2388425,538901338.0
2012-09-04,2.261,2.267,2.232,2.233,2247647,506401971.0
2012-09-05,2.233,2.241,2.223,2.232,2181559,486821063.0
2012-09-06,2.235,2.254,2.232,2.254,1696507,380480259.0
2012-09-07,2.267,2.385,2.267,2.357,5589337,1308147825.0
2012-09-10,2.36,2.37,2.353,2.365,2390915,564596260.0
2012-09-11,2.349,2.35,2.331,2.347,2863742,670007779.0
2012-09-12,2.365,2.378,2.334,2.359,2773826,652823793.0
2012-09-13,2.352,2.363,2.335,2.336,2056526,483482351.0
2012-09-14,2.354,2.37,2.335,2.352,3237676,762010302.0
2012-09-17,2.346,2.348,2.295,2.297,2706171,628467027.0
2012-09-18,2.282,2.287,2.262,2.269,2229305,507931997.0
2012-09-19,2.269,2.284,2.262,2.278,2784850,632625616.0
2012-09-20,2.273,2.273,2.226,2.229,4082695,918380882.0
2012-09-21,2.221,2.25,2.219,2.228,2770521,618928591.0
2012-09-24,2.214,2.263,2.204,2.248,3142901,701343622.0
2012-09-25,2.241,2.257,2.235,2.245,1721810,386972275.0
2012-09-26,2.243,2.252,2.218,2.221,1629607,363710512.0
2012-09-27,2.225,2.336,2.224,2.285,4791727,1089681314.0
2012-09-28,2.271,2.339,2.265,2.338,5021109,1158247609.0
2012-10-08,2.335,2.339,2.29,2.303,1904078,440638937.0
2012-10-09,2.315,2.368,2.315,2.356,3686399,866502519.0
2012-10-10,2.347,2.36,2.339,2.356,1927380,453337654.0
2012-10-11,2.348,2.356,2.335,2.34,2362345,553800263.0
2012-10-12,2.348,2.368,2.321,2.338,2837152,665542699.0
2012-10-15,2.344,2.344,2.315,2.33,1733319,403148814.0
2012-10-16,2.329,2.352,2.321,2.331,3033133,709483994.0
2012-10-17,2.343,2.348,2.317,2.34,2331499,544501175.0
2012-10-18,2.345,2.376,2.344,2.369,2827927,667742679.0
2012-10-19,2.366,2.375,2.363,2.369,1633135,386981333.0
2012-10-22,2.359,2.384,2.352,2.378,2331994,551873077.0
2012-10-23,2.377,2.379,2.349,2.351,2618563,618942681.0
2012-10-24,2.345,2.359,2.342,2.347,2154703,505998006.0
2012-10-25,2.347,2.357,2.327,2.328,2435806,570138479.0
2012-10-26,2.329,2.332,2.268,2.276,3059710,701312998.0
2012-10-29,2.272,2.279,2.258,2.265,2383104,540850432.0
2012-10-30,2.268,2.289,2.263,2.27,3304971,750876413.0
2012-10-31,2.272,2.288,2.265,2.286,2433534,554099080.0
2012-11-01,2.291,2.344,2.287,2.334,3381281,785933185.0
2012-11-02,2.334,2.343,2.318,2.339,2662089,620991736.0
2012-11-05,2.337,2.357,2.323,2.333,2417404,564524913.0
2012-11-06,2.338,2.34,2.291,2.324,3118478,721092974.0
2012-11-07,2.32,2.338,2.309,2.322,3100630,719763291.0
2012-11-08,2.307,2.31,2.279,2.28,3506991,805645246.0
2012-11-09,2.276,2.285,2.269,2.274,3025110,688809239.0
2012-11-12,2.276,2.289,2.264,2.282,3249623,740234171.0
2012-11-13,2.282,2.282,2.242,2.247,3892473,878118527.0
2012-11-14,2.25,2.256,2.243,2.253,3216383,723166484.0
2012-11-15,2.244,2.255,2.224,2.226,4147741,929461173.0
2012-11-16,2.223,2.224,2.196,2.205,4158326,917425292.0
2012-11-19,2.204,2.207,2.183,2.205,3386253,744459640.0
2012-11-20,2.211,2.215,2.195,2.199,3023697,667054250.0
2012-11-21,2.2,2.229,2.186,2.226,4892438,1080560498.0
2012-11-22,2.212,2.217,2.2,2.213,2998818,662953420.0
2012-11-23,2.217,2.235,2.214,2.225,4164643,925710016.0
2012-11-26,2.221,2.222,2.203,2.211,3380703,748807817.0
2012-11-27,2.202,2.206,2.186,2.187,3698311,812727447.0
2012-11-28,2.182,2.182,2.16,2.163,3551281,770908119.0
2012-11-29,2.168,2.173,2.154,2.155,3790226,820276322.0
2012-11-30,2.15,2.172,2.147,2.165,4168374,899064508.0
2012-12-03,2.168,2.18,2.143,2.145,3061587,663143487.0
2012-12-04,2.14,2.166,2.138,2.162,3993001,857559413.0
2012-12-05,2.161,2.252,2.158,2.238,6195195,1371643814.0
2012-12-06,2.239,2.246,2.226,2.235,4236821,947438519.0
2012-12-07,2.235,2.287,2.233,2.28,5774855,1305741576.0
2012-12-10,2.293,2.307,2.285,2.301,4975709,1141330177.0
2012-12-11,2.292,2.306,2.288,2.294,3256954,747541519.0
2012-12-12,2.296,2.306,2.286,2.299,4694800,1076884260.0
2012-12-13,2.29,2.297,2.279,2.281,3332026,761751487.0
2012-12-14,2.279,2.4,2.279,2.396,5740475,1348512304.0
2012-12-17,2.398,2.408,2.392,2.403,4750981,1141079039.0
2012-12-18,2.37,2.407,2.35,2.366,4463113,1060453203.0
2012-12-19,2.365,2.387,2.36,2.372,3245530,769414111.0
2012-12-20,2.364,2.398,2.352,2.388,4912790,1163009008.0
2012-12-21,2.396,2.413,2.366,2.378,4193594,1001019650.0
2012-12-24,2.377,2.398,2.372,2.38,5083167,1211686278.0
2012-12-25,2.372,2.459,2.368,2.446,4771781,1154822664.0
2012-12-26,2.442,2.455,2.441,2.453,3720029,910876806.0
2012-12-27,2.465,2.481,2.447,2.448,4017302,986785752.0
2012-12-28,2.455,2.486,2.448,2.484,5157085,1269570130.0
2012-12-31,2.492,2.529,2.492,2.524,7702944,1934472774.0
2013-01-04,2.554,2.56,2.499,2.53,5364707,1358421981.0
2013-01-07,2.522,2.544,2.516,2.534,4148279,1048573711.0
2013-01-08,2.533,2.539,2.503,2.523,4000972,1008486882.0
2013-01-09,2.519,2.534,2.504,2.521,4399883,1109167575.0
2013-01-10,2.522,2.553,2.51,2.527,4556250,1153669810.0
2013-01-11,2.534,2.54,2.478,2.489,5847044,1466409444.0
2013-01-14,2.489,2.588,2.482,2.577,7471833,1894441213.0
2013-01-15,2.579,2.603,2.578,2.592,4902077,1268348566.0
2013-01-16,2.591,2.596,2.536,2.573,4960657,1272410239.0
2013-01-17,2.569,2.574,2.537,2.557,4390935,1123009535.0
2013-01-18,2.573,2.61,2.552,2.595,4614400,1191041031.0
2013-01-21,2.6,2.609,2.58,2.604,4112879,1068176066.0
2013-01-22,2.599,2.616,2.577,2.6,7695141,2002372346.0
2013-01-23,2.599,2.61,2.58,2.605,4179259,1084472566.0
2013-01-24,2.605,2.666,2.568,2.588,7873514,2056159924.0
2013-01-25,2.588,2.591,2.573,2.576,5722447,1476636530.0
2013-01-28,2.583,2.647,2.583,2.646,5635543,1476431209.0
2013-01-29,2.649,2.679,2.645,2.666,7826804,2081586927.0
2013-01-30,2.673,2.683,2.661,2.681,5385049,1440600309.0
2013-01-31,2.692,2.697,2.67,2.688,6927571,1856557770.0
2013-02-01,2.679,2.745,2.671,2.74,5398153,1458735972.0
2013-02-04,2.748,2.763,2.732,2.745,4247564,1167276490.0
2013-02-05,2.732,2.78,2.73,2.765,7356517,2027097936.0
2013-02-06,2.767,2.78,2.764,2.773,4626880,1281889007.0
2013-02-07,2.77,2.773,2.725,2.76,6087426,1675465189.0
2013-02-08,2.767,2.787,2.749,2.769,6296267,1743742744.0
2013-02-18,2.775,2.778,2.722,2.728,6967875,1916816549.0
2013-02-19,2.73,2.735,2.671,2.684,5411521,1458203207.0
2013-02-20,2.685,2.697,2.668,2.696,4610176,1236732016.0
2013-02-21,2.67,2.67,2.576,2.6,7321565,1916687191.0
2013-02-22,2.603,2.611,2.587,2.592,4107547,1069329850.0
2013-02-25,2.599,2.626,2.582,2.596,5475509,1423529867.0
2013-02-26,2.58,2.625,2.553,2.558,7929723,2059004731.0
2013-02-27,2.569,2.61,2.565,2.582,4683230,1210049094.0
2013-02-28,2.606,2.673,2.59,2.669,6133326,1613396370.0
2013-03-01,2.669,2.677,2.619,2.666,4276796,1133952013.0
2013-03-04,2.632,2.634,2.527,2.54,7400084,1910709787.0
2013-03-05,2.545,2.616,2.541,2.613,5414035,1393273915.0
2013-03-06,2.631,2.658,2.614,2.641,5958096,1569376890.0
2013-03-07,2.63,2.65,2.584,2.609,7909465,2078437329.0
2013-03-08,2.625,2.629,2.598,2.605,5495201,1435194390.0
2013-03-11,2.587,2.607,2.567,2.587,3553997,919683613.0
2013-03-12,2.587,2.615,2.525,2.55,5303135,1365783892.0
2013-03-13,2.546,2.549,2.509,2.522,4421041,1118845743.0
2013-03-14,2.509,2.542,2.505,2.527,4439762,1121465887.0
2013-03-15,2.533,2.604,2.5,2.529,5027987,1278782973.0
2013-03-18,2.522,2.544,2.5,2.502,4252109,1069712559.0
2013-03-19,2.506,2.532,2.49,2.524,4337150,1088743435.0
2013-03-20,2.525,2.603,2.525,2.601,5888569,1511969742.0
2013-03-21,2.607,2.622,2.596,2.608,3606871,941534688.0
2013-03-22,2.609,2.624,2.598,2.615,3630827,947921616.0
2013-03-25,2.625,2.638,2.6,2.611,3428520,896857829.0
2013-03-26,2.598,2.603,2.545,2.568,5746422,1475459040.0
2013-03-27,2.57,2.609,2.559,2.574,4445452,1148263798.0
2013-03-28,2.537,2.537,2.49,2.494,4066694,1018776723.0
2013-03-29,2.502,2.507,2.48,2.487,3232432,806035552.0
2013-04-01,2.478,2.505,2.477,2.483,3309090,823004666.0
2013-04-02,2.489,2.523,2.47,2.487,3725639,928741508.0
2013-04-03,2.495,2.509,2.472,2.482,3168155,788828351.0
2013-04-08,2.45,2.474,2.433,2.47,3319435,814316335.0
2013-04-09,2.477,2.509,2.477,2.485,4870228,1213062462.0
2013-04-10,2.485,2.491,2.469,2.485,2322471,576536595.0
2013-04-11,2.508,2.512,2.473,2.474,2170251,540065913.0
2013-04-12,2.476,2.485,2.463,2.466,2090345,516829586.0
2013-04-15,2.46,2.465,2.433,2.441,2735599,667778045.0
2013-04-16,2.429,2.46,2.421,2.456,4082437,993056445.0
2013-04-17,2.455,2.464,2.439,2.462,4156771,1018533278.0
2013-04-18,2.439,2.486,2.438,2.467,4113051,1012514426.0
2013-04-19,2.471,2.548,2.47,2.537,5905394,1481482908.0
2013-04-22,2.535,2.542,2.52,2.529,2310740,584348880.0
2013-04-23,2.529,2.529,2.447,2.452,3106698,768642717.0
2013-04-24,2.453,2.514,2.447,2.494,3133921,777134481.0
2013-04-25,2.483,2.509,2.455,2.468,2978324,738931466.0
2013-04-26,2.479,2.488,2.434,2.445,1865287,459050667.0
2013-05-02,2.427,2.45,2.418,2.447,2140702,521417056.0
2013-05-03,2.458,2.524,2.453,2.491,3344747,834387244.0
2013-05-06,2.5,2.533,2.499,2.52,2359820,594058097.0
2013-05-07,2.518,2.538,2.503,2.526,2855262,719952425.0
2013-05-08,2.543,2.567,2.531,2.542,2997252,763095484.0
2013-05-09,2.538,2.544,2.508,2.529,1895550,478844414.0
2013-05-10,2.518,2.547,2.517,2.539,2832553,716622932.0
2013-05-13,2.541,2.549,2.513,2.529,1987403,502329909.0
2013-05-14,2.524,2.528,2.473,2.492,2646563,660115201.0
2013-05-15,2.493,2.505,2.49,2.504,1927893,481307164.0
2013-05-16,2.499,2.556,2.487,2.555,4129314,1042569861.0
2013-05-17,2.555,2.603,2.547,2.599,4774811,1228780434.0
2013-05-20,2.606,2.632,2.596,2.614,2825607,737865834.0
2013-05-21,2.615,2.619,2.599,2.614,2034481,530951399.0
2013-05-22,2.617,2.63,2.607,2.617,1936315,507000634.0
2013-05-23,2.601,2.628,2.579,2.589,2900756,755195521.0
2013-05-24,2.6,2.618,2.571,2.603,4073632,1057177195.0
2013-05-27,2.597,2.612,2.587,2.597,2916019,758056880.0
2013-05-28,2.598,2.652,2.586,2.651,3491582,911112710.0
2013-05-29,2.657,2.667,2.641,2.642,3895438,1034408878.0
2013-05-30,2.642,2.647,2.623,2.635,5674699,1496917863.0
2013-05-31,2.636,2.645,2.6,2.605,5440863,1429483613.0
2013-06-03,2.609,2.632,2.602,2.61,3199071,836355643.0
2013-06-04,2.607,2.608,2.564,2.572,4436294,1145987081.0
2013-06-05,2.571,2.577,2.556,2.565,2254500,578718159.0
2013-06-06,2.557,2.568,2.538,2.54,2638058,673739615.0
2013-06-07,2.541,2.548,2.482,2.494,3947621,989801063.0
2013-06-13,2.457,2.457,2.391,2.417,6174687,1488974523.0
2013-06-14,2.424,2.441,2.411,2.434,3912454,950012500.0
2013-06-17,2.443,2.447,2.415,2.419,3077433,746798449.0
2013-06-18,2.425,2.442,2.408,2.435,3738954,907946401.0
2013-06-19,2.425,2.425,2.384,2.421,2864449,689411560.0
2013-06-20,2.405,2.407,2.34,2.345,3712644,883962883.0
2013-06-21,2.306,2.348,2.294,2.334,3579532,832415323.0
2013-06-24,2.321,2.323,2.183,2.191,7667555,1715836844.0
2013-06-25,2.165,2.194,2.04,2.192,9678250,2076047521.0
2013-06-26,2.192,2.199,2.152,2.187,5090008,1106983861.0
2013-06-27,2.202,2.225,2.182,2.188,4750804,1045183330.0
2013-06-28,2.206,2.262,2.17,2.228,4976379,1102861244.0
2013-07-01,2.204,2.242,2.19,2.237,2225312,493576354.0
2013-07-02,2.236,2.25,2.214,2.244,4514809,1008709304.0
2013-07-03,2.238,2.24,2.196,2.239,3017410,670289901.0
2013-07-04,2.222,2.28,2.208,2.255,2991884,671172411.0
2013-07-05,2.26,2.286,2.254,2.263,1874797,425156218.0
2013-07-08,2.232,2.242,2.196,2.202,1660162,367617162.0
2013-07-09,2.2,2.211,2.189,2.197,4259903,937165031.0
2013-07-10,2.197,2.259,2.191,2.258,2528365,564145262.0
2013-07-11,2.28,2.411,2.275,2.371,4163258,977406622.0
2013-07-12,2.368,2.377,2.311,2.312,5941637,1400016785.0
2013-07-15,2.327,2.382,2.315,2.345,4048451,949315634.0
2013-07-16,2.336,2.36,2.319,2.359,4723110,1103431710.0
2013-07-17,2.352,2.371,2.32,2.324,3068787,718581829.0
2013-07-18,2.316,2.323,2.278,2.288,3601863,827790488.0
2013-07-19,2.289,2.302,2.224,2.225,4124883,935501475.0
2013-07-22,2.2,2.245,2.182,2.239,3737519,831492752.0
2013-07-23,2.247,2.326,2.247,2.309,3892940,893371627.0
2013-07-24,2.305,2.307,2.257,2.292,3726980,851700312.0
2013-07-25,2.305,2.32,2.271,2.286,3240231,743760061.0
2013-07-26,2.27,2.284,2.251,2.265,2351804,533143734.0
2013-07-29,2.245,2.245,2.215,2.221,3077217,685757565.0
2013-07-30,2.238,2.271,2.212,2.234,2436356,544952120.0
2013-07-31,2.253,2.286,2.232,2.239,2474481,557573473.0
2013-08-01,2.26,2.299,2.249,2.298,3144439,716302025.0
2013-08-02,2.323,2.329,2.289,2.294,2824115,651723965.0
2013-08-05,2.3,2.329,2.287,2.327,2275330,524892165.0
2013-08-06,2.316,2.355,2.3,2.342,3002480,697988412.0
2013-08-07,2.34,2.365,2.321,2.326,2567649,602110172.0
2013-08-08,2.327,2.35,2.315,2.327,3007778,700958935.0
2013-08-09,2.338,2.353,2.302,2.337,2875774,670552251.0
2013-08-12,2.359,2.409,2.344,2.407,5206173,1235941966.0
2013-08-13,2.406,2.41,2.39,2.407,3349543,804325968.0
2013-08-14,2.411,2.44,2.39,2.402,3988343,963290960.0
2013-08-15,2.4,2.411,2.369,2.374,2973782,712161450.0
2013-08-16,2.367,2.455,2.342,2.357,6019936,1438879737.0
2013-08-19,2.348,2.393,2.334,2.377,3923917,925169374.0
2013-08-20,2.375,2.402,2.35,2.36,4416315,1048835093.0
2013-08-21,2.37,2.376,2.337,2.36,2680073,631195649.0
2013-08-22,2.355,2.382,2.349,2.352,3156205,746448009.0
2013-08-23,2.365,2.373,2.301,2.337,4276942,1004016906.0
2013-08-26,2.342,2.39,2.334,2.389,4385999,1037622734.0
2013-08-27,2.384,2.395,2.369,2.389,4062534,967557818.0
2013-08-28,2.372,2.397,2.353,2.378,3317215,787662499.0
2013-08-29,2.39,2.394,2.356,2.371,2969749,704722499.0
2013-08-30,2.365,2.384,2.35,2.367,3279187,776630630.0
2013-09-02,2.372,2.38,2.35,2.369,3840557,908253353.0
2013-09-03,2.375,2.405,2.374,2.405,3079873,736481136.0
2013-09-04,2.401,2.407,2.397,2.404,3695617,887658076.0
2013-09-05,2.403,2.403,2.385,2.394,2763756,661631490.0
2013-09-06,2.389,2.412,2.389,2.408,3928209,942252862.0
2013-09-09,2.419,2.503,2.419,2.497,4642993,1141745072.0
2013-09-10,2.497,2.535,2.492,2.53,3997592,1000413265.0
2013-09-11,2.545,2.555,2.53,2.541,3801874,967497540.0
2013-09-12,2.538,2.585,2.529,2.566,4560582,1163333046.0
2013-09-13,2.562,2.57,2.539,2.547,2681877,684978617.0
2013-09-16,2.56,2.563,2.524,2.534,3715187,943221800.0
2013-09-17,2.533,2.535,2.482,2.484,3053840,766213779.0
2013-09-18,2.484,2.491,2.46,2.487,2512067,623254262.0
2013-09-23,2.491,2.529,2.491,2.522,3926610,985237519.0
2013-09-24,2.522,2.522,2.47,2.498,3125181,779963440.0
2013-09-25,2.496,2.509,2.48,2.483,2211582,552023970.0
2013-09-26,2.474,2.476,2.437,2.442,2794751,685861122.0
2013-09-27,2.438,2.455,2.435,2.451,2248896,550046169.0
2013-09-30,2.458,2.487,2.452,2.467,2088410,513976871.0
2013-10-08,2.442,2.504,2.442,2.502,3137910,777114915.0
2013-10-09,2.49,2.505,2.484,2.505,2725497,680222972.0
2013-10-10,2.509,2.51,2.478,2.483,2755380,687043910.0
2013-10-11,2.494,2.529,2.492,2.523,3498972,879173069.0
2013-10-14,2.528,2.534,2.516,2.524,3536378,892681757.0
2013-10-15,2.528,2.53,2.502,2.521,2412414,607784754.0
2013-10-16,2.511,2.514,2.467,2.477,2719204,675035725.0
2013-10-17,2.489,2.493,2.463,2.464,1984921,491967771.0
2013-10-18,2.465,2.488,2.463,2.476,2550712,631434173.0
2013-10-21,2.481,2.532,2.473,2.529,3419880,855379655.0
2013-10-22,2.528,2.528,2.492,2.501,2876840,721430490.0
2013-10-23,2.504,2.53,2.466,2.474,3043314,758582949.0
2013-10-24,2.471,2.477,2.45,2.454,2305747,567791421.0
2013-10-25,2.455,2.464,2.401,2.415,2488843,605720744.0
2013-10-28,2.423,2.43,2.405,2.418,2092769,505785892.0
2013-10-29,2.422,2.459,2.382,2.421,4750693,1149568485.0
2013-10-30,2.424,2.457,2.416,2.455,3245840,790962181.0
2013-10-31,2.449,2.449,2.422,2.431,1753139,426820599.0
2013-11-01,2.433,2.45,2.421,2.441,2826247,687485066.0
2013-11-04,2.451,2.461,2.428,2.434,2000607,488222544.0
2013-11-05,2.425,2.439,2.397,2.434,2825303,684486056.0
2013-11-06,2.426,2.435,2.402,2.406,2289483,553821266.0
2013-11-07,2.406,2.408,2.383,2.396,2052677,491768807.0
2013-11-08,2.389,2.396,2.355,2.36,2656413,630850987.0
2013-11-11,2.357,2.372,2.343,2.363,2122232,500440743.0
2013-11-12,2.371,2.393,2.365,2.387,2565124,610545902.0
2013-11-13,2.375,2.375,2.341,2.342,2478247,583338018.0
2013-11-14,2.342,2.352,2.332,2.349,2382375,558115488.0
2013-11-15,2.359,2.429,2.357,2.398,5462143,1306770713.0
2013-11-18,2.417,2.478,2.408,2.477,3787733,924018941.0
2013-11-19,2.473,2.479,2.461,2.466,2654410,655037630.0
2013-11-20,2.484,2.49,2.458,2.477,3702883,913976580.0
2013-11-21,2.466,2.471,2.438,2.465,3391181,831607461.0
2013-11-22,2.468,2.475,2.445,2.451,3555561,874881401.0
2013-11-25,2.438,2.472,2.43,2.438,3914382,959349313.0
2013-11-26,2.439,2.45,2.429,2.437,2609521,637084155.0
2013-11-27,2.436,2.479,2.431,2.465,4380607,1075627197.0
2013-11-28,2.472,2.517,2.47,2.491,4348594,1085311299.0
2013-11-29,2.494,2.5,2.485,2.493,2455758,612023757.0
2013-12-02,2.484,2.516,2.449,2.47,5338789,1323278289.0
2013-12-03,2.466,2.501,2.462,2.492,3994628,990420089.0
2013-12-04,2.496,2.539,2.49,2.524,5593421,1410762832.0
2013-12-05,2.525,2.531,2.515,2.524,3567310,900666039.0
2013-12-06,2.519,2.521,2.499,2.507,4617587,1158253932.0
2013-12-09,2.518,2.525,2.5,2.506,3990465,1000869923.0
2013-12-10,2.508,2.519,2.499,2.505,3323144,833138972.0
2013-12-11,2.493,2.493,2.451,2.466,4144818,1025348385.0
2013-12-12,2.465,2.473,2.458,2.461,2974763,733177135.0
2013-12-13,2.439,2.471,2.433,2.46,3112769,764172818.0
2013-12-16,2.462,2.466,2.417,2.42,3608669,880155255.0
2013-12-17,2.42,2.422,2.401,2.405,3966720,957011894.0
2013-12-18,2.407,2.417,2.403,2.407,3015111,726410725.0
2013-12-19,2.414,2.419,2.383,2.384,4290503,1030390654.0
2013-12-20,2.386,2.387,2.327,2.333,4594765,1081160749.0
2013-12-23,2.333,2.345,2.307,2.333,2598022,605010435.0
2013-12-24,2.341,2.364,2.313,2.336,2634764,616659414.0
2013-12-25,2.34,2.357,2.33,2.348,3246848,760168631.0
2013-12-26,2.345,2.347,2.309,2.316,1922186,447136578.0
2013-12-27,2.317,2.366,2.316,2.347,3564712,834400434.0
2013-12-30,2.36,2.36,2.339,2.349,1999413,469649357.0
2013-12-31,2.335,2.379,2.33,2.376,3527363,831355104.0
2014-01-02,2.369,2.375,2.356,2.368,1877797,444109566.0
2014-01-03,2.358,2.36,2.326,2.342,4404445,1030051291.0
2014-01-06,2.335,2.335,2.28,2.286,4834089,1106968667.0
2014-01-07,2.27,2.295,2.265,2.287,1525888,348214906.0
2014-01-08,2.287,2.309,2.272,2.285,2050543,469652278.0
2014-01-09,2.28,2.306,2.269,2.271,3371288,769178854.0
2014-01-10,2.269,2.273,2.249,2.255,3701781,834948901.0
2014-01-13,2.255,2.268,2.23,2.239,4884821,1095835588.0
2014-01-14,2.239,2.261,2.225,2.254,2509259,562495465.0
2014-01-15,2.253,2.257,2.235,2.254,3339884,750456441.0
2014-01-16,2.25,2.271,2.244,2.255,2001024,451540757.0
2014-01-17,2.248,2.252,2.222,2.223,2523919,563263757.0
2014-01-20,2.222,2.226,2.201,2.212,2296621,508466678.0
2014-01-21,2.17,2.195,2.167,2.182,2902637,633712020.0
2014-01-22,2.185,2.243,2.184,2.242,3794402,843228384.0
2014-01-23,2.239,2.242,2.225,2.23,2536862,566386375.0
2014-01-24,2.222,2.255,2.22,2.242,2700642,604352000.0
2014-01-27,2.226,2.228,2.205,2.213,2731127,604898595.0
2014-01-28,2.22,2.232,2.202,2.215,2401396,531613310.0
2014-01-29,2.221,2.226,2.215,2.222,1701587,377868540.0
2014-01-30,2.218,2.222,2.19,2.191,2744494,604906044.0
2014-02-07,2.173,2.206,2.169,2.205,3417277,745821656.0
2014-02-10,2.215,2.271,2.215,2.269,6386221,1439529454.0
2014-02-11,2.265,2.29,2.257,2.28,2883879,654990740.0
2014-02-12,2.281,2.29,2.273,2.284,2525284,575696114.0
2014-02-13,2.279,2.298,2.275,2.278,2815558,643169089.0
2014-02-14,2.28,2.287,2.273,2.286,1647132,375423869.0
2014-02-17,2.308,2.312,2.289,2.302,1971993,453309571.0
2014-02-18,2.303,2.303,2.269,2.275,2936986,670554640.0
2014-02-19,2.273,2.312,2.27,2.305,3371678,772723559.0
2014-02-20,2.31,2.327,2.283,2.285,2017748,465146931.0
2014-02-21,2.284,2.289,2.249,2.259,2603374,590099435.0
2014-02-24,2.23,2.236,2.188,2.208,2691035,594375666.0
2014-02-25,2.209,2.219,2.147,2.151,3435203,749344447.0
2014-02-26,2.141,2.156,2.133,2.154,4173650,895412229.0
2014-02-27,2.16,2.17,2.147,2.149,3264826,704614436.0
2014-02-28,2.148,2.178,2.124,2.171,3394211,729654578.0
2014-03-03,2.168,2.19,2.159,2.179,2663613,579375743.0
2014-03-04,2.174,2.179,2.158,2.174,1879749,407738094.0
2014-03-05,2.18,2.183,2.152,2.155,3938169,853328136.0
2014-03-06,2.153,2.173,2.129,2.166,4127699,889208671.0
2014-03-07,2.165,2.18,2.155,2.159,2439539,528828362.0
2014-03-10,2.139,2.139,2.089,2.092,2703461,572028434.0
2014-03-11,2.091,2.118,2.084,2.101,2862876,600469397.0
2014-03-12,2.093,2.122,2.089,2.103,2646605,556321891.0
2014-03-13,2.111,2.141,2.106,2.136,2247717,477755042.0
2014-03-14,2.121,2.131,2.108,2.118,1126162,238786341.0
2014-03-17,2.135,2.139,2.115,2.134,1372904,292134403.0
2014-03-18,2.136,2.145,2.13,2.132,946710,202272096.0
2014-03-19,2.125,2.125,2.098,2.119,1518427,320463110.0
2014-03-20,2.119,2.133,2.081,2.082,2852527,601873113.0
2014-03-21,2.08,2.162,2.073,2.159,4046807,857354353.0
2014-03-24,2.156,2.18,2.144,2.169,3081317,665984650.0
2014-03-25,2.162,2.188,2.158,2.166,2641547,573663272.0
2014-03-26,2.173,2.178,2.159,2.166,1587732,344269055.0
2014-03-27,2.16,2.182,2.14,2.151,3566803,769053406.0
2014-03-28,2.151,2.167,2.139,2.15,2004820,431701738.0
2014-03-31,2.155,2.163,2.126,2.141,2376535,510111315.0
2014-04-01,2.139,2.169,2.135,2.153,1706956,367242347.0
2014-04-02,2.156,2.176,2.154,2.17,1623971,351622805.0
2014-04-03,2.18,2.189,2.154,2.155,3269472,711761592.0
2014-04-04,2.152,2.181,2.148,2.181,1885587,408046057.0
2014-04-08,2.175,2.24,2.172,2.233,3717930,822435035.0
2014-04-09,2.237,2.241,2.223,2.229,2688656,600207668.0
2014-04-10,2.233,2.287,2.22,2.265,4754513,1067702271.0
2014-04-11,2.268,2.275,2.253,2.264,3067077,694358105.0
2014-04-14,2.264,2.27,2.251,2.263,2134907,482261582.0
2014-04-15,2.253,2.253,2.218,2.223,2262150,505649912.0
2014-04-16,2.223,2.241,2.213,2.223,3070273,683803095.0
2014-04-17,2.229,2.235,2.214,2.219,1966073,437056075.0
2014-04-18,2.209,2.224,2.191,2.215,3439955,758780421.0
2014-04-21,2.2,2.225,2.174,2.175,3798473,838967065.0
2014-04-22,2.175,2.192,2.158,2.19,4551193,990477065.0
2014-04-23,2.181,2.194,2.177,2.184,3426667,748980706.0
2014-04-24,2.184,2.203,2.181,2.188,3374683,739068784.0
2014-04-25,2.193,2.195,2.16,2.161,4353856,949030897.0
2014-04-28,2.16,2.167,2.129,2.131,5070553,1085750096.0
2014-04-29,2.131,2.155,2.128,2.15,4387669,937664879.0
2014-04-30,2.148,2.154,2.143,2.149,2976963,639550468.0
2014-05-05,2.142,2.159,2.121,2.15,4780497,1020314760.0
2014-05-06,2.148,2.169,2.14,2.147,4025842,866970238.0
2014-05-07,2.142,2.147,2.131,2.133,2808434,600756264.0
2014-05-08,2.13,2.167,2.126,2.129,3038288,650736443.0
2014-05-09,2.136,2.139,2.117,2.128,3148898,670368295.0
2014-05-12,2.142,2.178,2.134,2.171,3896263,841487798.0
2014-05-13,2.171,2.176,2.159,2.165,2396768,519898257.0
2014-05-14,2.166,2.178,2.163,2.165,2676012,580350980.0
2014-05-15,2.164,2.166,2.141,2.141,3704599,798054123.0
2014-05-16,2.14,2.149,2.131,2.14,5072993,1086209992.0
2014-05-19,2.136,2.136,2.101,2.111,5314496,1121742537.0
2014-05-20,2.12,2.128,2.105,2.109,2911718,616297525.0
2014-05-21,2.104,2.134,2.092,2.129,5292158,1119750248.0
2014-05-22,2.13,2.16,2.122,2.123,4562228,977132780.0
2014-05-23,2.127,2.149,2.125,2.147,3598523,767787850.0
2014-05-26,2.159,2.17,2.142,2.154,4659010,1002771461.0
2014-05-27,2.152,2.16,2.144,2.147,3877246,834619879.0
2014-05-28,2.148,2.17,2.137,2.169,4454642,958595127.0
2014-05-29,2.172,2.177,2.156,2.156,3954068,856821100.0
2014-05-30,2.156,2.167,2.146,2.154,4536523,978272647.0
2014-06-03,2.157,2.166,2.147,2.147,3880030,837596880.0
2014-06-04,2.147,2.147,2.118,2.128,4080484,868859175.0
2014-06-05,2.128,2.154,2.126,2.153,4302066,918605755.0
2014-06-06,2.151,2.152,2.121,2.135,4490880,959412772.0
2014-06-09,2.129,2.157,2.125,2.133,4674114,1000180783.0
2014-06-10,2.142,2.163,2.134,2.162,6639836,1427574234.0
2014-06-11,2.158,2.162,2.15,2.158,3218439,694289629.0
2014-06-12,2.153,2.163,2.151,2.156,2515414,542378417.0
2014-06-13,2.155,2.188,2.153,2.18,6213266,1350450393.0
2014-06-16,2.181,2.203,2.18,2.194,6881177,1506529020.0
2014-06-17,2.189,2.189,2.176,2.176,6756314,1473704890.0
2014-06-18,2.176,2.181,2.165,2.166,7097536,1542334926.0
2014-06-19,2.167,2.172,2.127,2.135,6884162,1481160057.0
2014-06-20,2.136,2.147,2.132,2.143,6533089,1398361067.0
2014-06-23,2.145,2.157,2.139,2.14,5523417,1185837339.0
2014-06-24,2.14,2.159,2.14,2.158,4436853,953056804.0
2014-06-25,2.156,2.156,2.14,2.151,3202631,687503140.0
2014-06-26,2.152,2.167,2.152,2.161,4077076,881282900.0
2014-06-27,2.157,2.179,2.153,2.165,4702265,1016373189.0
2014-06-30,2.171,2.187,2.171,2.179,5286535,1151883720.0
2014-07-01,2.188,2.19,2.172,2.18,2669586,581758996.0
2014-07-02,2.181,2.19,2.172,2.19,3432223,748954002.0
2014-07-03,2.19,2.206,2.185,2.198,3632747,797733525.0
2014-07-04,2.198,2.202,2.191,2.198,3259942,716074745.0
2014-07-07,2.196,2.205,2.19,2.196,3058048,671829283.0
2014-07-08,2.191,2.199,2.184,2.199,3291169,721526060.0
2014-07-09,2.198,2.2,2.169,2.171,3637034,795522848.0
2014-07-10,2.172,2.175,2.164,2.169,3337756,724524498.0
2014-07-11,2.169,2.185,2.167,2.175,3890224,846748597.0
2014-07-14,2.18,2.206,2.175,2.205,5707724,1248086866.0
2014-07-15,2.201,2.205,2.196,2.202,3536152,778543806.0
2014-07-16,2.203,2.213,2.2,2.201,4748280,1047415813.0
2014-07-17,2.201,2.202,2.183,2.192,3624173,794468413.0
2014-07-18,2.189,2.213,2.187,2.203,3685581,811405197.0
2014-07-21,2.203,2.207,2.195,2.202,3228193,710655357.0
2014-07-22,2.2,2.238,2.196,2.228,6256008,1390346230.0
2014-07-23,2.229,2.248,2.226,2.232,5186599,1159109501.0
2014-07-24,2.237,2.281,2.237,2.28,5738975,1299845135.0
2014-07-25,2.285,2.308,2.28,2.306,4877040,1115493798.0
2014-07-28,2.31,2.381,2.31,2.368,8375148,1973371427.0
2014-07-29,2.369,2.388,2.359,2.374,4265830,1011495433.0
2014-07-30,2.364,2.384,2.363,2.366,6079403,1441953148.0
2014-07-31,2.366,2.399,2.361,2.398,4861899,1154963095.0
2014-08-01,2.392,2.42,2.368,2.369,7790077,1866413153.0
2014-08-04,2.38,2.422,2.378,2.42,6360271,1526931040.0
2014-08-05,2.421,2.423,2.397,2.413,6128304,1476141959.0
2014-08-06,2.396,2.411,2.375,2.398,6313654,1511187144.0
2014-08-07,2.405,2.408,2.369,2.372,5575378,1332550655.0
2014-08-08,2.373,2.385,2.365,2.373,4976759,1181841580.0
2014-08-11,2.384,2.412,2.378,2.406,4944974,1185674748.0
2014-08-12,2.4,2.4,2.385,2.396,5253015,1256878742.0
2014-08-13,2.402,2.412,2.378,2.403,5660159,1354455768.0
2014-08-14,2.401,2.406,2.374,2.374,5364936,1282770158.0
2014-08-15,2.378,2.415,2.376,2.404,5759061,1379086776.0
2014-08-18,2.406,2.422,2.401,2.412,6385631,1538919579.0
2014-08-19,2.416,2.418,2.397,2.414,4951745,1194388399.0
2014-08-20,2.413,2.417,2.402,2.405,5345229,1287131821.0
2014-08-21,2.405,2.408,2.381,2.396,5065403,1211641781.0
2014-08-22,2.395,2.412,2.393,2.408,4913119,1179554780.0
2014-08-25,2.411,2.412,2.382,2.387,4375767,1047611134.0
2014-08-26,2.38,2.393,2.362,2.372,4553470,1083990885.0
2014-08-27,2.37,2.379,2.368,2.371,4512459,1071312448.0
2014-08-28,2.372,2.376,2.357,2.36,5478509,1296932600.0
2014-08-29,2.36,2.385,2.36,2.383,4426938,1048873434.0
2014-09-01,2.383,2.396,2.38,2.394,5255470,1254769952.0
2014-09-02,2.396,2.436,2.39,2.43,7328855,1761457427.0
2014-09-03,2.437,2.461,2.436,2.453,5170650,1267476863.0
2014-09-04,2.456,2.477,2.45,2.476,4312598,1061497579.0
2014-09-05,2.484,2.504,2.477,2.5,6407412,1595146469.0
2014-09-09,2.501,2.502,2.485,2.494,3962325,988107843.0
2014-09-10,2.477,2.481,2.466,2.478,5310511,1314486433.0
2014-09-11,2.478,2.514,2.457,2.464,7222657,1792262749.0
2014-09-12,2.464,2.484,2.455,2.484,5116385,1262555864.0
2014-09-15,2.47,2.482,2.461,2.477,6564734,1622379514.0
2014-09-16,2.486,2.49,2.431,2.434,6259853,1546780005.0
2014-09-17,2.445,2.449,2.428,2.442,5165643,1260590974.0
2014-09-18,2.44,2.457,2.432,2.452,8462794,2070466545.0
2014-09-19,2.452,2.48,2.449,2.472,7218656,1776588036.0
2014-09-22,2.464,2.464,2.416,2.42,6310351,1538269159.0
2014-09-23,2.423,2.449,2.423,2.445,6642956,1618846701.0
2014-09-24,2.435,2.497,2.428,2.492,10530459,2600157346.0
2014-09-25,2.5,2.514,2.472,2.479,11766577,2937912956.0
2014-09-26,2.479,2.486,2.462,2.48,7014042,1736331365.0
2014-09-29,2.479,2.493,2.475,2.491,7302410,1814938048.0
2014-09-30,2.49,2.499,2.482,2.491,5853168,1458106791.0
2014-10-08,2.498,2.52,2.484,2.518,8155297,2039983998.0
2014-10-09,2.522,2.529,2.505,2.519,6124161,1543374971.0
2014-10-10,2.506,2.521,2.497,2.507,6974427,1750510080.0
2014-10-13,2.496,2.499,2.467,2.493,6893526,1710794498.0
2014-10-14,2.491,2.505,2.478,2.484,7137540,1779253568.0
2014-10-15,2.483,2.505,2.471,2.5,5035690,1252644973.0
2014-10-16,2.489,2.519,2.481,2.491,5907807,1476957154.0
2014-10-17,2.491,2.497,2.456,2.48,7260138,1798229146.0
2014-10-20,2.485,2.492,2.479,2.491,5267683,1310533030.0
2014-10-21,2.491,2.498,2.473,2.475,5479022,1361900228.0
2014-10-22,2.475,2.486,2.46,2.461,6098876,1508038966.0
2014-10-23,2.46,2.465,2.434,2.435,7750311,1900925506.0
2014-10-24,2.436,2.444,2.43,2.433,5816379,1417553996.0
2014-10-27,2.423,2.423,2.4,2.41,6444636,1553008715.0
2014-10-28,2.415,2.459,2.413,2.458,7081639,1721206307.0
2014-10-29,2.463,2.504,2.455,2.489,9098717,2248880880.0
2014-10-30,2.489,2.51,2.484,2.504,8426431,2102347962.0
2014-10-31,2.511,2.557,2.509,2.554,7323906,1854248065.0
2014-11-03,2.555,2.561,2.542,2.549,6135850,1567749185.0
2014-11-04,2.543,2.552,2.538,2.547,5776701,1470642854.0
2014-11-05,2.554,2.56,2.537,2.544,5502652,1400953468.0
2014-11-06,2.547,2.552,2.521,2.545,7252257,1843076703.0
2014-11-07,2.546,2.582,2.527,2.54,8261054,2108778568.0
2014-11-10,2.551,2.612,2.55,2.611,6772235,1742567025.0
2014-11-11,2.615,2.638,2.574,2.594,8693650,2271677281.0
2014-11-12,2.591,2.633,2.583,2.632,5575938,1450145046.0
2014-11-13,2.631,2.64,2.608,2.617,11701384,3068184439.0
2014-11-14,2.61,2.62,2.597,2.62,5247875,1368618633.0
2014-11-17,2.65,2.657,2.609,2.609,6877927,1806762178.0
2014-11-18,2.608,2.608,2.575,2.581,5918560,1533084636.0
2014-11-19,2.58,2.586,2.567,2.573,6915317,1782400743.0
2014-11-20,2.566,2.582,2.555,2.577,5993677,1539629491.0
2014-11-21,2.577,2.629,2.568,2.626,10309707,2672090483.0
2014-11-24,2.65,2.72,2.646,2.701,13277666,3558361667.0
2014-11-25,2.697,2.734,2.692,2.729,12741722,3453210771.0
2014-11-26,2.733,2.76,2.733,2.759,11842240,3250517978.0
2014-11-27,2.767,2.786,2.756,2.784,14180399,3926209672.0
2014-11-28,2.775,2.87,2.773,2.85,13651346,3811497440.0
2014-12-01,2.859,2.879,2.845,2.853,8192861,2347291964.0
2014-12-02,2.85,3.0,2.838,2.966,14079458,4100692041.0
2014-12-03,2.974,3.066,2.951,2.998,18562139,5585140409.0
2014-12-04,3.029,3.183,3.008,3.18,17863904,5501004464.0
2014-12-05,3.19,3.24,3.059,3.161,19759233,6227736556.0
2014-12-08,3.135,3.323,3.109,3.313,16625137,5362135332.0
2014-12-09,3.261,3.435,3.0,3.13,16196280,5348207091.0
2014-12-10,3.196,3.274,3.093,3.243,23570021,7474615082.0
2014-12-11,3.2,3.277,3.175,3.208,19211225,6202198689.0
2014-12-12,3.225,3.277,3.195,3.218,13442354,4359288196.0
2014-12-15,3.218,3.268,3.177,3.255,11291791,3626937570.0
2014-12-16,3.253,3.338,3.24,3.331,16418864,5381309978.0
2014-12-17,3.344,3.395,3.309,3.388,20043030,6730894013.0
2014-12-18,3.39,3.434,3.364,3.384,22410690,7618953290.0
2014-12-19,3.387,3.443,3.311,3.434,21429541,7257019606.0
2014-12-22,3.434,3.482,3.399,3.41,18691135,6434036851.0
2014-12-23,3.385,3.454,3.331,3.341,19073574,6475316799.0
2014-12-24,3.341,3.368,3.202,3.248,20900443,6880308770.0
2014-12-25,3.268,3.37,3.263,3.366,17610132,5812237741.0
2014-12-26,3.368,3.505,3.36,3.497,17964517,6177881022.0
2014-12-29,3.57,3.595,3.427,3.48,24745093,8721863695.0
2014-12-30,3.483,3.527,3.45,3.48,13477504,4693485207.0
2014-12-31,3.488,3.585,3.484,3.574,14748614,5217474169.0
2015-01-05,3.604,3.735,3.589,3.688,30758984,11300578265.0
2015-01-06,3.665,3.708,3.612,3.663,16023424,5869771044.0
2015-01-07,3.645,3.69,3.625,3.662,17043221,6243527347.0
2015-01-08,3.672,3.682,3.57,3.582,12361365,4461717117.0
2015-01-09,3.572,3.725,3.542,3.556,20780562,7508849872.0
2015-01-12,3.557,3.58,3.487,3.545,13826504,4895407726.0
2015-01-13,3.542,3.576,3.512,3.538,9697400,3440029382.0
2015-01-14,3.545,3.573,3.49,3.53,9631631,3410790325.0
2015-01-15,3.53,3.636,3.504,3.63,13119280,4667964822.0
2015-01-16,3.643,3.685,3.633,3.662,13133958,4802719176.0
2015-01-19,3.469,3.499,3.296,3.296,12765272,4374566506.0
2015-01-20,3.31,3.414,3.302,3.382,17005137,5718203367.0
2015-01-21,3.394,3.556,3.391,3.537,13881855,4796846412.0
2015-01-22,3.543,3.568,3.501,3.543,9941913,3519047039.0
2015-01-23,3.568,3.613,3.53,3.56,9745623,3483961889.0
2015-01-26,3.58,3.6,3.542,3.594,8802064,3141158254.0
2015-01-27,3.602,3.607,3.486,3.558,12312449,4364745837.0
2015-01-28,3.531,3.57,3.489,3.501,9584008,3377022678.0
2015-01-29,3.455,3.488,3.432,3.464,9530566,3303736479.0
2015-01-30,3.484,3.503,3.406,3.421,11179817,3856952113.0
2015-02-02,3.36,3.399,3.333,3.344,8583404,2885463709.0
2015-02-03,3.383,3.435,3.353,3.423,8725036,2952260340.0
2015-02-04,3.439,3.47,3.38,3.384,10930569,3754964874.0
2015-02-05,3.475,3.48,3.34,3.344,14647722,5016368644.0
2015-02-06,3.344,3.361,3.269,3.294,13323765,4433202592.0
2015-02-09,3.294,3.37,3.29,3.332,12518566,4161309851.0
2015-02-10,3.336,3.401,3.333,3.399,13935345,4692324621.0
2015-02-11,3.403,3.435,3.402,3.421,11911260,4072350319.0
2015-02-12,3.421,3.446,3.393,3.435,7785122,2662860155.0
2015-02-13,3.443,3.503,3.443,3.457,10813775,3752357196.0
2015-02-16,3.456,3.495,3.451,3.486,8421547,2922890507.0
2015-02-17,3.501,3.529,3.5,3.517,8973060,3155300457.0
2015-02-25,3.514,3.514,3.444,3.463,13779805,4794796604.0
2015-02-26,3.46,3.569,3.445,3.566,12517040,4392817112.0
2015-02-27,3.564,3.585,3.542,3.559,10331788,3683288825.0
2015-03-02,3.583,3.598,3.551,3.587,11512422,4115162821.0
2015-03-03,3.563,3.563,3.485,3.489,11965033,4216664811.0
2015-03-04,3.501,3.532,3.478,3.518,8696866,3049939829.0
2015-03-05,3.497,3.506,3.451,3.488,10619007,3692919673.0
2015-03-06,3.485,3.501,3.457,3.466,9184233,3197044440.0
2015-03-09,3.432,3.544,3.401,3.534,14989497,5181077873.0
2015-03-10,3.521,3.537,3.496,3.509,10614478,3729284939.0
2015-03-11,3.51,3.565,3.495,3.514,14136149,4990033278.0
2015-03-12,3.538,3.597,3.526,3.578,14385133,5121790510.0
2015-03-13,3.586,3.625,3.573,3.598,9200028,3312797664.0
2015-03-16,3.62,3.694,3.601,3.687,12419541,4527500478.0
2015-03-17,3.715,3.742,3.701,3.734,13772577,5121293799.0
2015-03-18,3.742,3.839,3.742,3.833,13322043,5037976352.0
2015-03-19,3.816,3.832,3.793,3.813,13747984,5245857586.0
2015-03-20,3.824,3.896,3.81,3.867,12711220,4883603658.0
2015-03-23,3.907,3.98,3.902,3.945,9506119,3736073657.0
2015-03-24,3.951,3.962,3.868,3.941,16266947,6375751760.0
2015-03-25,3.926,3.951,3.881,3.917,12189714,4781120246.0
2015-03-26,3.9,3.966,3.86,3.92,12752408,4992388131.0
2015-03-27,3.927,3.972,3.91,3.95,8845228,3479800392.0
2015-03-30,3.983,4.09,3.975,4.076,12802761,5176868805.0
2015-03-31,4.134,4.15,3.975,4.031,27410138,11212696565.0
2015-04-01,4.035,4.125,4.028,4.097,14824100,6043660820.0
2015-04-02,4.127,4.139,4.035,4.091,20198227,8235441310.0
2015-04-03,4.083,4.162,4.073,4.157,10549230,4336932434.0
2015-04-07,4.183,4.23,4.156,4.23,12398463,5197239263.0
2015-04-08,4.24,4.277,4.185,4.264,9368158,3965108711.0
2015-04-09,4.282,4.298,4.193,4.233,11668331,4952893209.0
2015-04-10,4.233,4.339,4.213,4.332,10284434,4405115375.0
2015-04-13,4.357,4.423,4.341,4.404,8257742,3608508411.0
2015-04-14,4.395,4.458,4.37,4.406,9848463,4330542209.0
2015-04-15,4.406,4.45,4.364,4.369,11917793,5249948100.0
2015-04-16,4.369,4.517,4.323,4.512,10711659,4736441700.0
2015-04-17,4.53,4.631,4.529,4.59,12126834,5540718313.0
2015-04-20,4.59,4.649,4.47,4.49,12638763,5762100556.0
2015-04-21,4.493,4.588,4.486,4.585,13299154,6030545029.0
2015-04-22,4.6,4.717,4.6,4.71,12169515,5674757621.0
2015-04-23,4.737,4.749,4.666,4.705,9725637,4586792638.0
2015-04-24,4.67,4.7,4.592,4.688,8708712,4049351138.0
2015-04-27,4.737,4.795,4.702,4.785,11266967,5353433481.0
2015-04-28,4.769,4.804,4.679,4.723,12519068,5953969684.0
2015-04-29,4.723,4.775,4.681,4.749,8027906,3794297628.0
2015-04-30,4.76,4.797,4.737,4.739,7658200,3652174922.0
2015-05-04,4.739,4.77,4.688,4.765,7988415,3780818886.0
2015-05-05,4.76,4.76,4.553,4.584,9813952,4587563034.0
2015-05-06,4.59,4.678,4.497,4.536,18782493,8636284065.0
2015-05-07,4.511,4.528,4.442,4.457,25005675,11223533648.0
2015-05-08,4.49,4.53,4.42,4.526,13094727,5873287654.0
2015-05-11,4.55,4.68,4.508,4.675,27020156,12360263655.0
2015-05-12,4.674,4.731,4.642,4.729,7819125,3658799316.0
2015-05-13,4.735,4.735,4.656,4.685,6823684,3211349610.0
2015-05-14,4.686,4.707,4.653,4.674,6155977,2879906291.0
2015-05-15,4.668,4.67,4.567,4.588,8241200,3802627676.0
2015-05-18,4.573,4.597,4.533,4.554,7372686,3374658938.0
2015-05-19,4.554,4.727,4.547,4.711,15114416,7043775897.0
2015-05-20,4.737,4.833,4.697,4.733,20741770,9894178931.0
2015-05-21,4.745,4.833,4.732,4.83,11635718,5558786152.0
2015-05-22,4.865,4.938,4.849,4.934,12159245,5944489222.0
2015-05-25,4.928,5.092,4.922,5.09,11365784,5710572960.0
2015-05-26,5.1,5.18,5.039,5.165,11309206,5782825184.0
2015-05-27,5.185,5.21,5.097,5.165,15048546,7762775626.0
2015-05-28,5.159,5.18,4.755,4.815,15097912,7610282076.0
2015-05-29,4.83,4.896,4.64,4.818,20550189,9838144077.0
2015-06-01,4.818,5.08,4.801,5.07,17542104,8685471395.0
2015-06-02,5.07,5.162,5.002,5.156,15123215,7672665809.0
2015-06-03,5.156,5.166,5.025,5.113,14301795,7299557514.0
2015-06-04,5.115,5.18,4.709,5.171,21827335,10946362054.0
2015-06-05,5.2,5.25,5.051,5.179,14405085,7453938491.0
2015-06-08,5.195,5.35,5.132,5.306,25233080,13131363944.0
2015-06-09,5.315,5.323,5.196,5.263,17623198,9287378574.0
2015-06-10,5.234,5.347,5.196,5.258,7031789,3702360691.0
2015-06-11,5.258,5.3,5.206,5.259,7340937,3854687482.0
2015-06-12,5.281,5.328,5.235,5.298,8205332,4335710070.0
2015-06-15,5.313,5.331,5.158,5.171,8778392,4609475740.0
2015-06-16,5.149,5.166,4.98,5.035,9127585,4640656712.0
2015-06-17,5.037,5.138,4.935,5.11,10940242,5492839152.0
2015-06-18,5.079,5.09,4.894,4.909,8722978,4378607959.0
2015-06-19,4.844,4.889,4.591,4.603,10840079,5187811575.0
2015-06-23,4.616,4.784,4.446,4.766,17606865,8199907823.0
2015-06-24,4.79,4.877,4.68,4.871,13416412,6445209706.0
2015-06-25,4.892,4.915,4.662,4.696,6760862,3271482098.0
2015-06-26,4.59,4.658,4.229,4.346,9893036,4430493516.0
2015-06-29,4.443,4.445,3.96,4.182,17347939,7391458850.0
2015-06-30,4.19,4.485,3.996,4.484,27653175,11729333490.0
2015-07-01,4.414,4.532,4.171,4.197,13863663,6149233954.0
2015-07-02,4.28,4.322,3.96,4.108,22616373,9438253216.0
2015-07-03,4.108,4.185,3.785,3.919,35819537,14236856008.0
2015-07-06,4.308,4.308,3.83,4.025,49183037,19912432421.0
2015-07-07,3.92,3.982,3.769,3.848,33833890,13128635187.0
2015-07-08,3.55,3.7,3.463,3.463,16586074,5895770507.0
2015-07-09,3.42,3.809,3.41,3.809,13925565,5089642671.0
2015-07-10,3.93,4.19,3.862,4.189,12497600,5136731548.0
2015-07-13,4.15,4.316,4.1,4.234,10322504,4339159945.0
2015-07-14,4.165,4.297,4.092,4.154,9097319,3809522965.0
2015-07-15,4.092,4.139,3.9,3.945,6006835,2404061461.0
2015-07-16,3.93,4.103,3.89,4.036,6337549,2542514322.0
2015-07-17,4.07,4.23,4.023,4.2,7336477,3034018931.0
2015-07-20,4.183,4.254,4.134,4.188,6895961,2891973773.0
2015-07-21,4.134,4.244,4.105,4.214,4712593,1976835746.0
2015-07-22,4.2,4.225,4.136,4.194,3665737,1537754927.0
2015-07-23,4.199,4.32,4.181,4.308,5204889,2217880716.0
2015-07-24,4.302,4.336,4.192,4.218,4200409,1801340003.0
2015-07-27,4.136,4.196,3.796,3.803,5086913,2052935219.0
2015-07-28,3.722,3.92,3.666,3.847,7616118,2880899924.0
2015-07-29,3.881,3.996,3.81,3.988,5245456,2022710467.0
2015-07-30,3.95,4.011,3.839,3.851,3901715,1544667140.0
2015-07-31,3.841,3.91,3.805,3.851,3505091,1350562942.0
2015-08-03,3.794,3.86,3.765,3.852,2193440,835974327.0
2015-08-04,3.861,4.011,3.839,4.005,2827401,1111271118.0
2015-08-05,3.987,3.995,3.877,3.916,3735916,1472703872.0
2015-08-06,3.856,3.93,3.838,3.873,2958714,1150671715.0
2015-08-07,3.901,3.98,3.9,3.953,6858932,2705637706.0
2015-08-10,3.98,4.164,3.961,4.148,3991595,1618145565.0
2015-08-11,4.135,4.148,4.081,4.099,3004252,1238087893.0
2015-08-12,4.058,4.128,4.048,4.057,3885215,1587147009.0
2015-08-13,4.058,4.117,4.001,4.112,4652587,1892387093.0
2015-08-14,4.127,4.145,4.091,4.102,5458428,2250593513.0
2015-08-17,4.08,4.116,4.045,4.109,3455986,1409200780.0
2015-08-18,4.11,4.135,3.82,3.827,4606012,1844399266.0
2015-08-19,3.795,3.935,3.7,3.915,5919634,2256707950.0
2015-08-20,3.874,3.913,3.801,3.815,2333264,901579322.0
2015-08-21,3.8,3.813,3.616,3.625,6931379,2581531245.0
2015-08-24,3.51,3.514,3.263,3.263,5422396,1823944953.0
2015-08-25,3.105,3.23,2.974,2.983,7105358,2219017290.0
2015-08-26,3.07,3.221,2.986,3.067,7356206,2287585040.0
2015-08-27,3.123,3.27,3.066,3.257,7086962,2222078411.0
2015-08-28,3.277,3.42,3.236,3.402,5682560,1881063908.0
2015-08-31,3.32,3.402,3.245,3.395,3136290,1038036446.0
2015-09-01,3.301,3.398,3.218,3.382,2274113,757897777.0
2015-09-02,3.279,3.42,3.231,3.372,2444088,821052345.0
2015-09-07,3.37,3.472,3.277,3.289,1785874,605459202.0
2015-09-08,3.25,3.394,3.19,3.378,2032500,667680121.0
2015-09-09,3.398,3.468,3.373,3.442,1883864,644982528.0
2015-09-10,3.397,3.448,3.376,3.381,1016279,345908492.0
2015-09-11,3.389,3.442,3.359,3.388,2550799,868424190.0
2015-09-14,3.398,3.407,3.2,3.269,1980071,650565772.0
2015-09-15,3.238,3.277,3.162,3.173,2166237,694110622.0
2015-09-16,3.183,3.395,3.16,3.345,5723573,1856030502.0
2015-09-17,3.303,3.381,3.274,3.28,4197731,1400918770.0
2015-09-18,3.3,3.313,3.26,3.279,2581483,848541013.0
2015-09-21,3.251,3.36,3.231,3.339,2525744,832870113.0
2015-09-22,3.338,3.413,3.329,3.365,2116112,712112568.0
2015-09-23,3.3,3.35,3.28,3.287,873019,288875761.0
2015-09-24,3.32,3.333,3.28,3.315,772058,255551647.0
2015-09-25,3.303,3.314,3.223,3.243,1123987,366955037.0
2015-09-28,3.249,3.274,3.225,3.262,1018359,331322710.0
2015-09-29,3.224,3.233,3.18,3.199,732166,234741281.0
2015-09-30,3.212,3.25,3.21,3.221,502082,161905220.0
2015-10-08,3.355,3.362,3.336,3.337,1102589,369034636.0
2015-10-09,3.33,3.399,3.33,3.379,972618,326881857.0
2015-10-12,3.38,3.545,3.38,3.52,1969043,685890490.0
2015-10-13,3.483,3.505,3.463,3.495,1443107,503192823.0
2015-10-14,3.478,3.508,3.455,3.457,1138425,396439496.0
2015-10-15,3.448,3.548,3.44,3.546,1263222,443506439.0
2015-10-16,3.56,3.598,3.545,3.595,2075699,742938878.0
2015-10-19,3.597,3.624,3.563,3.589,1203407,432133734.0
2015-10-20,3.587,3.64,3.564,3.636,795328,285474679.0
2015-10-21,3.64,3.647,3.472,3.527,1658596,592576963.0
2015-10-22,3.5,3.579,3.498,3.572,973251,343982970.0
2015-10-23,3.573,3.641,3.568,3.635,1197798,430869158.0
2015-10-26,3.666,3.672,3.619,3.641,1803183,658806960.0
2015-10-27,3.633,3.659,3.538,3.643,1322360,475940222.0
2015-10-28,3.623,3.646,3.568,3.579,1744483,631290182.0
2015-10-29,3.582,3.62,3.558,3.584,1213244,435133940.0
2015-10-30,3.577,3.626,3.545,3.585,995648,356856861.0
2015-11-02,3.554,3.594,3.514,3.525,2680803,952078777.0
2015-11-03,3.531,3.54,3.48,3.498,2212780,778391910.0
2015-11-04,3.507,3.715,3.507,3.708,2712068,977551741.0
2015-11-05,3.696,3.855,3.671,3.767,2727443,1025950678.0
2015-11-06,3.766,3.867,3.755,3.857,2646076,1009144243.0
2015-11-09,3.85,3.94,3.85,3.897,2517805,983571983.0
2015-11-10,3.86,3.923,3.859,3.886,1401064,544369799.0
2015-11-11,3.885,3.895,3.83,3.881,1765150,681401999.0
2015-11-12,3.885,3.89,3.813,3.841,1444702,556205423.0
2015-11-13,3.816,3.841,3.782,3.804,1474506,562264717.0
2015-11-16,3.758,3.83,3.74,3.826,1374760,520044672.0
2015-11-17,3.843,3.918,3.8,3.812,1486758,573675494.0
2015-11-18,3.814,3.828,3.699,3.779,1370454,518943673.0
2015-11-19,3.781,3.838,3.766,3.836,1001048,379709095.0
2015-11-20,3.835,3.849,3.811,3.825,1190018,456082374.0
2015-11-23,3.82,3.862,3.8,3.806,877202,336171196.0
2015-11-24,3.794,3.81,3.75,3.809,1253068,474458307.0
2015-11-25,3.802,3.836,3.787,3.832,1485888,566591305.0
2015-11-26,3.856,3.857,3.802,3.814,1267994,486306839.0
2015-11-27,3.8,3.8,3.586,3.608,1851805,684370608.0
2015-11-30,3.615,3.638,3.51,3.609,2035672,728916223.0
2015-12-01,3.604,3.663,3.58,3.637,2790143,1011698201.0
2015-12-02,3.634,3.8,3.618,3.793,1869803,692873206.0
2015-12-03,3.783,3.816,3.749,3.801,1456643,550680644.0
2015-12-04,3.783,3.783,3.714,3.729,1394298,522056076.0
2015-12-07,3.732,3.76,3.707,3.735,785126,293026111.0
2015-12-08,3.711,3.717,3.663,3.681,949081,350102623.0
2015-12-09,3.679,3.708,3.66,3.686,942590,347389833.0
2015-12-10,3.696,3.734,3.656,3.679,2103556,778783653.0
2015-12-11,3.66,3.688,3.635,3.661,1507339,550808869.0
2015-12-14,3.639,3.775,3.629,3.773,1989950,735628586.0
2015-12-15,3.77,3.772,3.726,3.737,1409126,529036979.0
2015-12-16,3.751,3.768,3.731,3.738,971984,364722086.0
2015-12-17,3.759,3.819,3.759,3.808,1571513,596617979.0
2015-12-18,3.808,3.856,3.797,3.822,1489845,569504272.0
2015-12-21,3.81,3.949,3.8,3.922,1594825,620696316.0
2015-12-22,3.928,3.933,3.883,3.927,1541484,603217075.0
2015-12-23,3.928,3.98,3.912,3.922,2892636,1139663311.0
2015-12-24,3.916,3.922,3.843,3.875,1982188,768152157.0
2015-12-25,3.885,3.899,3.861,3.895,1475444,572968428.0
2015-12-28,3.884,3.899,3.774,3.778,1661648,638347630.0
2015-12-29,3.771,3.814,3.766,3.813,1529129,579206624.0
2015-12-30,3.813,3.818,3.781,3.812,1391575,528767931.0
2015-12-31,3.801,3.829,3.776,3.778,1270700,482833516.0
2016-01-04,3.776,3.776,3.528,3.535,3108539,1137173590.0
2016-01-05,3.467,3.578,3.429,3.527,4268877,1497174452.0
2016-01-06,3.525,3.592,3.52,3.582,1752465,622444909.0
2016-01-07,3.539,3.539,3.403,3.484,750405,260993448.0
2016-01-08,3.485,3.485,3.29,3.408,4083360,1387037113.0
2016-01-11,3.345,3.387,3.23,3.233,4612187,1533396223.0
2016-01-12,3.26,3.295,3.221,3.256,2766902,902582530.0
2016-01-13,3.283,3.301,3.19,3.211,2500409,815542532.0
2016-01-14,3.135,3.272,3.128,3.265,3469088,1107232395.0
2016-01-15,3.245,3.259,3.146,3.169,3014651,966523075.0
2016-01-18,3.129,3.207,3.12,3.171,3142912,995915221.0
2016-01-19,3.17,3.275,3.158,3.262,2523184,815841813.0
2016-01-20,3.2,3.216,3.145,3.169,2565343,815923963.0
2016-01-21,3.138,3.199,3.071,3.078,2733316,858371429.0
2016-01-22,3.112,3.13,3.05,3.108,2439672,754819446.0
2016-01-25,3.136,3.146,3.092,3.12,1795483,560271257.0
2016-01-26,3.075,3.103,2.93,2.944,2987120,902898748.0
2016-01-27,2.95,2.98,2.838,2.912,5350877,1555167656.0
2016-01-28,2.899,2.933,2.835,2.849,2435148,704307095.0
2016-01-29,2.85,2.961,2.846,2.93,3053497,887994285.0
2016-02-01,2.928,2.938,2.86,2.898,1669836,485387638.0
2016-02-02,2.892,2.966,2.892,2.96,2210159,650514919.0
2016-02-03,2.93,2.952,2.902,2.946,2278307,665970636.0
2016-02-04,2.955,2.994,2.952,2.985,4273606,1270882184.0
2016-02-05,2.983,2.983,2.948,2.95,4766111,1414850238.0
2016-02-15,2.899,2.954,2.885,2.939,2216572,645516477.0
2016-02-16,2.951,3.032,2.95,3.022,2719884,817548445.0
2016-02-17,3.023,3.058,3.015,3.053,2351820,714641656.0
2016-02-18,3.075,3.09,3.042,3.049,2211639,678382026.0
2016-02-19,3.047,3.066,3.025,3.041,2113775,643254118.0
2016-02-22,3.088,3.116,3.062,3.104,7328682,2263230940.0
2016-02-23,3.102,3.106,3.052,3.08,2300797,709597975.0
2016-02-24,3.072,3.107,3.043,3.103,2805922,862853078.0
2016-02-25,3.098,3.098,2.885,2.905,3757682,1125399586.0
2016-02-26,2.926,2.955,2.899,2.933,4618957,1354173923.0
2016-02-29,2.921,2.929,2.811,2.864,3940303,1123408226.0
2016-03-01,2.871,2.94,2.81,2.918,2345625,679926886.0
2016-03-02,2.921,3.056,2.921,3.049,4514134,1350518122.0
2016-03-03,3.048,3.086,3.033,3.042,2388758,729281996.0
2016-03-04,3.04,3.095,3.021,3.079,4606083,1411889934.0
2016-03-07,3.092,3.178,3.07,3.103,3423065,1062124021.0
2016-03-08,3.086,3.096,2.999,3.092,2890422,876806225.0
2016-03-09,3.043,3.053,3.006,3.046,2647694,803040606.0
2016-03-10,3.042,3.07,3.001,3.005,1373433,417118402.0
2016-03-11,2.98,3.018,2.959,2.999,1589932,475963053.0
2016-03-14,3.027,3.105,3.027,3.064,5780534,1778753112.0
2016-03-15,3.058,3.065,3.018,3.054,2931010,892527467.0
2016-03-16,3.041,3.099,3.041,3.074,2877220,885143667.0
2016-03-17,3.078,3.15,3.063,3.124,4099649,1276388468.0
2016-03-18,3.125,3.198,3.124,3.168,9687665,3073815207.0
2016-03-21,3.191,3.262,3.191,3.238,3885501,1256109013.0
2016-03-22,3.218,3.24,3.211,3.216,1688627,544804991.0
2016-03-23,3.213,3.238,3.19,3.222,2526467,812332861.0
2016-03-24,3.201,3.212,3.17,3.172,3537115,1128611604.0
2016-03-25,3.174,3.2,3.165,3.185,2554327,812493930.0
2016-03-28,3.197,3.227,3.15,3.155,2537084,809289995.0
2016-03-29,3.158,3.168,3.111,3.129,5106344,1600486312.0
2016-03-30,3.149,3.218,3.149,3.215,3213459,1023688965.0
2016-03-31,3.225,3.232,3.194,3.209,2677769,860786486.0
2016-04-01,3.2,3.22,3.153,3.219,2554756,815859427.0
2016-04-05,3.204,3.269,3.196,3.25,3410879,1105926644.0
2016-04-06,3.237,3.256,3.232,3.244,2822235,915319379.0
2016-04-07,3.253,3.264,3.196,3.204,2359795,760739370.0
2016-04-08,3.18,3.204,3.15,3.177,2876953,911962836.0
2016-04-11,3.203,3.248,3.203,3.212,2939344,949251599.0
2016-04-12,3.213,3.219,3.188,3.208,4237926,1355859601.0
2016-04-13,3.226,3.29,3.226,3.249,6647237,2175119947.0
2016-04-14,3.262,3.275,3.241,3.261,1963763,640055611.0
2016-04-15,3.268,3.274,3.25,3.264,1908464,621949248.0
2016-04-18,3.242,3.242,3.21,3.218,2255223,726682573.0
2016-04-19,3.229,3.245,3.209,3.222,2768542,891538328.0
2016-04-20,3.235,3.238,3.09,3.166,4679624,1477267984.0
2016-04-21,3.147,3.195,3.136,3.151,2547429,806651994.0
2016-04-22,3.141,3.169,3.13,3.165,1534014,483590303.0
2016-04-25,3.163,3.163,3.111,3.155,1560969,490143680.0
2016-04-26,3.153,3.178,3.138,3.173,1301659,411143884.0
2016-04-27,3.173,3.179,3.15,3.158,1447533,458068899.0
2016-04-28,3.159,3.166,3.128,3.156,1445679,454960936.0
2016-04-29,3.148,3.166,3.142,3.152,1135890,358665715.0
2016-05-03,3.157,3.218,3.138,3.213,2341180,748201332.0
2016-05-04,3.198,3.218,3.186,3.201,1844622,590306513.0
2016-05-05,3.197,3.209,3.187,3.201,1320283,422287537.0
2016-05-06,3.203,3.207,3.126,3.128,2155428,684329077.0
2016-05-09,3.12,3.12,3.054,3.064,3272033,1004431928.0
2016-05-10,3.06,3.076,3.053,3.061,1135479,347961925.0
2016-05-11,3.07,3.095,3.059,3.073,994515,305936108.0
2016-05-12,3.06,3.089,3.033,3.084,1195078,366291994.0
2016-05-13,3.073,3.101,3.059,3.073,908964,279919199.0
2016-05-16,3.067,3.088,3.041,3.085,1102906,338736028.0
2016-05-17,3.088,3.098,3.062,3.08,961064,295797361.0
2016-05-18,3.072,3.073,3.03,3.06,1192441,363787909.0
2016-05-19,3.058,3.085,3.05,3.054,1112604,341617203.0
2016-05-20,3.048,3.076,3.038,3.074,1390692,425379889.0
2016-05-23,3.078,3.1,3.068,3.079,1078091,332507465.0
2016-05-24,3.079,3.079,3.048,3.06,967809,296006429.0
2016-05-25,3.066,3.086,3.053,3.058,837863,257099787.0
2016-05-26,3.058,3.072,3.026,3.058,1424764,433670399.0
2016-05-27,3.056,3.068,3.046,3.06,856851,261992521.0
2016-05-30,3.056,3.072,3.027,3.062,792382,241917771.0
2016-05-31,3.063,3.172,3.062,3.169,4945933,1554177036.0
2016-06-01,3.17,3.175,3.152,3.156,1713478,541843489.0
2016-06-02,3.158,3.161,3.144,3.159,923857,291409483.0
2016-06-03,3.162,3.206,3.157,3.196,1777932,564204393.0
2016-06-06,3.191,3.204,3.172,3.177,816479,259805697.0
2016-06-07,3.181,3.185,3.171,3.177,576210,183029382.0
2016-06-08,3.174,3.182,3.152,3.173,726250,229820366.0
2016-06-13,3.15,3.15,3.066,3.069,3299624,1026673569.0
2016-06-14,3.065,3.083,3.062,3.082,1750902,538000790.0
2016-06-15,3.059,3.152,3.05,3.123,1945951,605204882.0
2016-06-16,3.122,3.122,3.095,3.104,877244,272860069.0
2016-06-17,3.106,3.14,3.105,3.117,2013080,628220777.0
2016-06-20,3.12,3.13,3.097,3.118,821084,255483683.0
2016-06-21,3.13,3.168,3.1,3.111,1445445,452800477.0
2016-06-22,3.109,3.134,3.097,3.13,1172913,366208104.0
2016-06-23,3.13,3.132,3.101,3.12,993872,309928173.0
2016-06-24,3.12,3.137,3.04,3.087,1543955,478738659.0
2016-06-27,3.08,3.128,3.077,3.126,1355577,421471183.0
2016-06-28,3.116,3.145,3.101,3.142,1814889,566115620.0
2016-06-29,3.145,3.166,3.144,3.156,1195419,376789519.0
2016-06-30,3.157,3.169,3.152,3.161,928512,293590840.0
2016-07-01,3.161,3.177,3.155,3.158,937666,296840461.0
2016-07-04,3.153,3.225,3.143,3.211,1378107,441388873.0
2016-07-05,3.211,3.23,3.207,3.219,1607143,517232170.0
2016-07-06,3.216,3.238,3.206,3.235,2780687,896513394.0
2016-07-07,3.231,3.25,3.217,3.239,1856771,600682507.0
2016-07-08,3.234,3.236,3.222,3.227,1680194,542424347.0
2016-07-11,3.232,3.275,3.231,3.235,1079600,350916204.0
2016-07-12,3.233,3.319,3.233,3.317,1723628,564574968.0
2016-07-13,3.32,3.349,3.315,3.324,2498416,832961385.0
2016-07-14,3.324,3.325,3.306,3.319,1304280,432771845.0
2016-07-15,3.326,3.33,3.313,3.323,916969,304596326.0
2016-07-18,3.318,3.325,3.299,3.311,1384781,458828260.0
2016-07-19,3.309,3.313,3.277,3.294,1169010,384975531.0
2016-07-20,3.29,3.303,3.283,3.287,648020,213343016.0
2016-07-21,3.287,3.324,3.287,3.305,1073903,355314941.0
2016-07-22,3.298,3.304,3.273,3.276,1152247,378582872.0
2016-07-25,3.273,3.296,3.27,3.275,950112,311708019.0
2016-07-26,3.275,3.318,3.275,3.317,1080209,356695888.0
2016-07-27,3.318,3.323,3.206,3.256,2287308,745666299.0
2016-07-28,3.245,3.284,3.244,3.265,2122106,692839988.0
2016-07-29,3.265,3.274,3.243,3.254,1267244,413434583.0
2016-08-01,3.245,3.252,3.211,3.227,1333762,430354683.0
2016-08-02,3.226,3.248,3.218,3.235,1164915,376188247.0
2016-08-03,3.23,3.246,3.225,3.239,2018836,653488041.0
2016-08-04,3.238,3.25,3.22,3.249,930974,301068101.0
2016-08-05,3.25,3.277,3.243,3.262,1014150,330558969.0
2016-08-08,3.262,3.29,3.24,3.289,849697,277754509.0
2016-08-09,3.283,3.31,3.28,3.304,2312882,763092409.0
2016-08-10,3.304,3.312,3.291,3.294,1765682,582763539.0
2016-08-11,3.292,3.328,3.286,3.29,1265069,418084133.0
2016-08-12,3.282,3.353,3.281,3.348,2173901,720561694.0
2016-08-15,3.355,3.484,3.353,3.447,3925780,1347967780.0
2016-08-16,3.457,3.476,3.432,3.437,2741304,945310645.0
2016-08-17,3.431,3.449,3.416,3.429,1188311,407992203.0
2016-08-18,3.435,3.448,3.407,3.424,953905,327156065.0
2016-08-19,3.422,3.427,3.393,3.42,1322039,450920918.0
2016-08-22,3.42,3.432,3.393,3.396,1053783,358992839.0
2016-08-23,3.396,3.416,3.378,3.398,2416251,821466099.0
2016-08-24,3.398,3.402,3.378,3.384,1542670,523023613.0
2016-08-25,3.367,3.375,3.335,3.366,1262291,423460361.0
2016-08-26,3.368,3.393,3.358,3.362,791422,267092367.0
2016-08-29,3.357,3.37,3.351,3.361,778727,261703238.0
2016-08-30,3.363,3.386,3.358,3.375,1034445,348315005.0
2016-08-31,3.372,3.396,3.359,3.389,1120571,378639362.0
2016-09-01,3.388,3.389,3.35,3.353,923902,311604981.0
2016-09-02,3.35,3.377,3.35,3.368,988755,332709841.0
2016-09-05,3.375,3.402,3.37,3.375,1592257,538325910.0
2016-09-06,3.377,3.411,3.352,3.404,1428755,483032706.0
2016-09-07,3.407,3.423,3.401,3.406,1969668,672253498.0
2016-09-08,3.403,3.406,3.393,3.401,748924,254578323.0
2016-09-09,3.401,3.407,3.382,3.384,1204615,409027743.0
2016-09-12,3.34,3.343,3.298,3.317,2064725,685240743.0
2016-09-13,3.319,3.327,3.31,3.317,954381,316642791.0
2016-09-14,3.308,3.314,3.293,3.297,719668,237676355.0
2016-09-19,3.298,3.321,3.296,3.318,1007976,334221068.0
2016-09-20,3.32,3.324,3.309,3.314,706943,234298807.0
2016-09-21,3.314,3.332,3.311,3.327,680127,225902307.0
2016-09-22,3.341,3.365,3.335,3.349,989000,331304621.0
2016-09-23,3.35,3.355,3.338,3.341,673587,225265235.0
2016-09-26,3.337,3.337,3.283,3.285,1633492,540512626.0
2016-09-27,3.285,3.304,3.28,3.302,1068961,351901550.0
2016-09-28,3.302,3.305,3.292,3.297,471316,155394118.0
2016-09-29,3.301,3.32,3.301,3.312,1111320,368023390.0
2016-09-30,3.305,3.327,3.305,3.322,1096255,363733274.0
2016-10-10,3.33,3.366,3.32,3.36,1563660,523323072.0
2016-10-11,3.362,3.371,3.354,3.368,1019210,342683149.0
2016-10-12,3.359,3.364,3.351,3.36,689821,231631940.0
2016-10-13,3.365,3.37,3.353,3.36,950245,319338549.0
2016-10-14,3.359,3.372,3.343,3.37,1169801,392571003.0
2016-10-17,3.37,3.373,3.31,3.339,1169468,392904897.0
2016-10-18,3.339,3.382,3.335,3.381,1854193,623176856.0
2016-10-19,3.382,3.395,3.372,3.379,1334998,451465644.0
2016-10-20,3.377,3.383,3.371,3.374,1087664,367226558.0
2016-10-21,3.376,3.398,3.367,3.391,1529253,517338637.0
2016-10-24,3.391,3.449,3.388,3.432,2065991,708239092.0
2016-10-25,3.432,3.433,3.415,3.423,1881782,643812663.0
2016-10-26,3.422,3.425,3.408,3.413,1426709,487518693.0
2016-10-27,3.41,3.413,3.395,3.408,892224,303649117.0
2016-10-28,3.406,3.436,3.402,3.403,1492268,510243043.0
2016-10-31,3.402,3.402,3.373,3.396,891945,302195855.0
2016-11-01,3.394,3.422,3.392,3.417,866924,295386210.0
2016-11-02,3.412,3.412,3.39,3.394,852540,289919433.0
2016-11-03,3.382,3.437,3.382,3.42,2258266,771607690.0
2016-11-04,3.418,3.434,3.404,3.409,1114074,381040628.0
2016-11-07,3.409,3.42,3.402,3.412,1008059,344044269.0
2016-11-08,3.419,3.446,3.417,3.43,1422438,487640872.0
2016-11-09,3.43,3.43,3.374,3.417,1960762,668832774.0
2016-11-10,3.427,3.461,3.427,3.452,1448274,499217381.0
2016-11-11,3.449,3.486,3.439,3.482,1734271,600639535.0
2016-11-14,3.476,3.51,3.468,3.487,2619852,913221114.0
2016-11-15,3.486,3.491,3.471,3.483,1363919,474805211.0
2016-11-16,3.485,3.493,3.475,3.484,1439264,501424495.0
2016-11-17,3.479,3.493,3.468,3.492,1314599,457641863.0
2016-11-18,3.493,3.499,3.475,3.48,1097434,382865958.0
2016-11-21,3.475,3.525,3.473,3.496,1362852,477608881.0
2016-11-22,3.499,3.533,3.499,3.531,1721437,606165664.0
2016-11-23,3.536,3.553,3.528,3.537,911253,322725905.0
2016-11-24,3.535,3.568,3.53,3.547,1755186,622021452.0
2016-11-25,3.547,3.588,3.521,3.586,1347871,480069676.0
2016-11-28,3.594,3.62,3.593,3.602,1483483,534775703.0
2016-11-29,3.592,3.648,3.58,3.63,1591360,575802838.0
2016-11-30,3.621,3.632,3.591,3.597,1660676,598824969.0
2016-12-01,3.599,3.643,3.599,3.631,1128864,408535640.0
2016-12-02,3.628,3.628,3.582,3.591,938826,337964550.0
2016-12-05,3.544,3.559,3.514,3.519,2228656,788857097.0
2016-12-06,3.522,3.535,3.512,3.513,1268854,447422124.0
2016-12-07,3.515,3.533,3.501,3.529,1113534,391741733.0
2016-12-08,3.539,3.55,3.529,3.537,2079600,736364886.0
2016-12-09,3.529,3.568,3.525,3.557,1113083,394957333.0
2016-12-12,3.555,3.555,3.46,3.463,1479028,516726039.0
2016-12-13,3.452,3.474,3.43,3.458,1611875,556255408.0
2016-12-14,3.45,3.466,3.433,3.434,1013558,350073302.0
2016-12-15,3.416,3.433,3.381,3.395,2297927,783089346.0
2016-12-16,3.391,3.413,3.387,3.395,1422497,483458713.0
2016-12-19,3.395,3.398,3.377,3.385,870418,294947468.0
2016-12-20,3.38,3.384,3.341,3.36,1674659,562356451.0
2016-12-21,3.365,3.398,3.365,3.397,1291631,437133425.0
2016-12-22,3.393,3.395,3.376,3.391,1035923,350703088.0
2016-12-23,3.383,3.388,3.355,3.364,802605,270285946.0
2016-12-26,3.354,3.379,3.325,3.376,1452620,486226403.0
2016-12-27,3.37,3.384,3.365,3.371,1132960,382302241.0
2016-12-28,3.368,3.374,3.342,3.353,1049116,352092182.0
2016-12-29,3.349,3.368,3.339,3.355,848783,284718664.0
2016-12-30,3.354,3.368,3.35,3.358,960788,322779315.0
2017-01-03,3.362,3.404,3.362,3.396,1058679,359017999.0
2017-01-04,3.394,3.427,3.387,3.426,1134839,386401179.0
2017-01-05,3.425,3.43,3.411,3.419,656748,224689515.0
2017-01-06,3.416,3.423,3.403,3.408,778859,265624396.0
2017-01-09,3.403,3.424,3.4,3.42,775128,264758569.0
2017-01-10,3.419,3.426,3.407,3.411,697214,238188561.0
2017-01-11,3.405,3.422,3.385,3.386,947053,322318168.0
2017-01-12,3.386,3.395,3.366,3.369,840009,284381828.0
2017-01-13,3.368,3.393,3.362,3.375,974975,329078585.0
2017-01-16,3.368,3.373,3.316,3.371,1469151,492412441.0
2017-01-17,3.36,3.383,3.349,3.376,864949,291327185.0
2017-01-18,3.371,3.409,3.37,3.398,1138662,386681352.0
2017-01-19,3.389,3.404,3.38,3.386,1060346,359710681.0
2017-01-20,3.38,3.416,3.378,3.415,2063693,703729070.0
2017-01-23,3.36,3.386,3.357,3.361,1421798,478936401.0
2017-01-24,3.361,3.369,3.353,3.363,842962,283122754.0
2017-01-25,3.361,3.375,3.35,3.373,670239,225504014.0
2017-01-26,3.373,3.397,3.373,3.387,661762,224128556.0
2017-02-03,3.387,3.389,3.357,3.367,1120450,377377161.0
2017-02-06,3.368,3.376,3.356,3.366,1011688,340453257.0
2017-02-07,3.363,3.371,3.35,3.36,919571,308980882.0
2017-02-08,3.359,3.389,3.342,3.383,951701,319982375.0
2017-02-09,3.379,3.408,3.378,3.395,983411,334000230.0
2017-02-10,3.398,3.42,3.392,3.413,1061427,361430904.0
2017-02-13,3.412,3.436,3.412,3.431,1225064,419765182.0
2017-02-14,3.431,3.436,3.425,3.435,774969,265836733.0
2017-02-15,3.434,3.446,3.416,3.423,1245321,427278620.0
2017-02-16,3.423,3.438,3.416,3.438,905007,310095292.0
2017-02-17,3.438,3.455,3.417,3.418,1253715,430590652.0
2017-02-20,3.418,3.485,3.417,3.474,1382844,477381323.0
2017-02-21,3.474,3.487,3.47,3.474,1118515,388819576.0
2017-02-22,3.477,3.488,3.47,3.485,951852,331353653.0
2017-02-23,3.482,3.488,3.461,3.47,1028588,357287094.0
2017-02-24,3.471,3.471,3.454,3.467,897411,310748415.0
2017-02-27,3.468,3.468,3.432,3.44,735681,253856619.0
2017-02-28,3.436,3.457,3.435,3.445,950733,327340268.0
2017-03-01,3.447,3.472,3.441,3.449,1355897,468346597.0
2017-03-02,3.455,3.503,3.427,3.437,955485,329333173.0
2017-03-03,3.427,3.428,3.407,3.424,778375,266094270.0
2017-03-06,3.424,3.444,3.418,3.441,999939,343393498.0
2017-03-07,3.439,3.447,3.434,3.446,761854,262134060.0
2017-03-08,3.444,3.451,3.439,3.45,1101721,379539858.0
2017-03-09,3.444,3.444,3.413,3.419,809001,276909945.0
2017-03-10,3.416,3.431,3.416,3.422,825743,282727138.0
2017-03-13,3.416,3.461,3.407,3.459,1236681,425156076.0
2017-03-14,3.456,3.46,3.447,3.451,680534,234993212.0
2017-03-15,3.445,3.46,3.442,3.457,576086,198854471.0
2017-03-16,3.465,3.493,3.465,3.478,934775,325318442.0
2017-03-17,3.478,3.483,3.436,3.439,1037742,359081742.0
2017-03-20,3.44,3.448,3.427,3.441,889350,305764003.0
2017-03-21,3.441,3.465,3.437,3.465,1077074,371423613.0
2017-03-22,3.451,3.459,3.428,3.447,628258,216426259.0
2017-03-23,3.45,3.467,3.432,3.457,853839,294742450.0
2017-03-24,3.458,3.5,3.456,3.49,1283551,446211837.0
2017-03-27,3.489,3.499,3.47,3.474,867856,302554850.0
2017-03-28,3.474,3.481,3.46,3.469,669608,232236124.0
2017-03-29,3.469,3.478,3.45,3.462,790107,273799428.0
2017-03-30,3.455,3.462,3.418,3.429,1197410,411529536.0
2017-03-31,3.429,3.455,3.428,3.454,886199,305008271.0
2017-04-05,3.474,3.512,3.472,3.511,1351355,472558860.0
2017-04-06,3.509,3.512,3.49,3.507,960783,336535704.0
2017-04-07,3.509,3.526,3.501,3.514,755353,265254246.0
2017-04-10,3.517,3.518,3.503,3.505,821129,288180830.0
2017-04-11,3.504,3.518,3.467,3.514,1057268,369694160.0
2017-04-12,3.512,3.518,3.494,3.501,988676,346896362.0
2017-04-13,3.497,3.52,3.494,3.514,784438,275414679.0
2017-04-14,3.514,3.515,3.479,3.485,860763,300482671.0
2017-04-17,3.478,3.481,3.456,3.473,1357762,470981564.0
2017-04-18,3.468,3.484,3.464,3.465,832006,288999060.0
2017-04-19,3.458,3.458,3.423,3.438,2120401,729202650.0
2017-04-20,3.436,3.462,3.435,3.457,1158008,399723864.0
2017-04-21,3.46,3.47,3.444,3.46,814365,281667351.0
2017-04-24,3.451,3.455,3.406,3.423,1700779,582007611.0
2017-04-25,3.43,3.445,3.425,3.434,983835,337966324.0
2017-04-26,3.434,3.462,3.434,3.442,876264,302137649.0
2017-04-27,3.438,3.45,3.4,3.444,2097326,717275570.0
2017-04-28,3.441,3.441,3.416,3.431,715289,245193219.0
2017-05-02,3.426,3.43,3.414,3.426,920826,315153111.0
2017-05-03,3.422,3.43,3.405,3.409,821768,280638583.0
2017-05-04,3.406,3.419,3.393,3.396,1043228,354995516.0
2017-05-05,3.391,3.393,3.362,3.374,1465209,494947112.0
2017-05-08,3.37,3.374,3.337,3.345,1643938,551753639.0
2017-05-09,3.34,3.356,3.329,3.348,1400235,467728686.0
2017-05-10,3.349,3.364,3.334,3.336,1670224,560475410.0
2017-05-11,3.328,3.361,3.316,3.353,2181884,727387609.0
2017-05-12,3.351,3.385,3.347,3.38,1451197,488589563.0
2017-05-15,3.389,3.405,3.386,3.394,1024391,348045633.0
2017-05-16,3.391,3.435,3.378,3.434,1033131,351932708.0
2017-05-17,3.43,3.432,3.41,3.411,1097918,375710169.0
2017-05-18,3.399,3.413,3.39,3.396,974236,331211738.0
2017-05-19,3.395,3.407,3.395,3.402,715944,243482041.0
2017-05-22,3.403,3.422,3.39,3.405,863365,294185619.0
2017-05-23,3.404,3.434,3.401,3.42,1514699,517643732.0
2017-05-24,3.415,3.421,3.389,3.42,1404383,478014233.0
2017-05-25,3.417,3.497,3.41,3.493,2489525,861101229.0
2017-05-26,3.487,3.503,3.478,3.487,2032029,709039519.0
2017-05-31,3.498,3.519,3.473,3.489,1480334,517279009.0
2017-06-01,3.483,3.499,3.48,3.497,907181,316723298.0
2017-06-02,3.495,3.499,3.469,3.488,1315412,458835033.0
2017-06-05,3.478,3.49,3.462,3.465,1101787,382517627.0
2017-06-06,3.465,3.493,3.462,3.492,959068,333744289.0
2017-06-07,3.496,3.542,3.491,3.54,1667237,588224310.0
2017-06-08,3.538,3.57,3.533,3.565,1460939,518490291.0
2017-06-09,3.564,3.596,3.563,3.587,1512315,541579944.0
2017-06-12,3.58,3.607,3.571,3.58,1240740,445107822.0
2017-06-13,3.571,3.595,3.569,3.587,1316253,471603241.0
2017-06-14,3.585,3.585,3.545,3.551,1425761,508242894.0
2017-06-15,3.55,3.561,3.525,3.539,1208419,427918147.0
2017-06-16,3.539,3.555,3.528,3.533,1023956,362702880.0
2017-06-19,3.535,3.576,3.535,3.573,1413142,503221278.0
2017-06-20,3.576,3.583,3.554,3.562,1298320,462757488.0
2017-06-21,3.585,3.608,3.562,3.607,2026660,726053671.0
2017-06-22,3.6,3.652,3.598,3.611,1900073,689630291.0
2017-06-23,3.608,3.648,3.592,3.646,979933,354015578.0
2017-06-26,3.646,3.694,3.646,3.691,1073945,395226720.0
2017-06-27,3.689,3.699,3.67,3.693,806651,297031207.0
2017-06-28,3.69,3.69,3.663,3.668,792487,291471786.0
2017-06-29,3.669,3.695,3.668,3.69,868377,319708765.0
2017-06-30,3.678,3.695,3.666,3.684,824750,303289203.0
2017-07-03,3.685,3.688,3.653,3.668,965188,354075693.0
2017-07-04,3.667,3.668,3.63,3.638,1352154,492446683.0
2017-07-05,3.636,3.692,3.636,3.685,1333338,488489676.0
2017-07-06,3.685,3.69,3.656,3.682,1618320,595546773.0
2017-07-07,3.677,3.685,3.661,3.68,826426,303788034.0
2017-07-10,3.679,3.7,3.675,3.684,950921,350798538.0
2017-07-11,3.68,3.743,3.679,3.714,1314196,488047743.0
2017-07-12,3.708,3.728,3.676,3.692,1174760,435484089.0
2017-07-13,3.693,3.733,3.693,3.73,1112379,413674310.0
2017-07-14,3.731,3.759,3.72,3.755,855766,319746137.0
2017-07-17,3.752,3.761,3.676,3.704,1942105,721614615.0
2017-07-18,3.698,3.711,3.672,3.706,1608456,594672822.0
2017-07-19,3.705,3.788,3.701,3.783,1741180,651901900.0
2017-07-20,3.78,3.802,3.774,3.801,976975,369859503.0
2017-07-21,3.791,3.804,3.77,3.782,977614,370647639.0
2017-07-24,3.778,3.809,3.771,3.801,642642,243903316.0
2017-07-25,3.8,3.802,3.765,3.772,969983,367104728.0
2017-07-26,3.772,3.789,3.735,3.751,1542540,579533892.0
2017-07-27,3.752,3.771,3.726,3.762,1463574,548556299.0
2017-07-28,3.757,3.78,3.75,3.776,741486,279473445.0
2017-07-31,3.776,3.804,3.767,3.79,1194636,452022175.0
2017-08-01,3.79,3.824,3.788,3.82,1224510,466016813.0
2017-08-02,3.822,3.84,3.814,3.82,1180979,451860536.0
2017-08-03,3.814,3.823,3.774,3.782,1072928,407643789.0
2017-08-04,3.782,3.796,3.758,3.759,1040716,393420957.0
2017-08-07,3.752,3.789,3.749,3.782,1062490,400289016.0
2017-08-08,3.784,3.791,3.772,3.783,1211295,458104572.0
2017-08-09,3.78,3.792,3.767,3.78,961916,363926510.0
2017-08-10,3.773,3.801,3.744,3.772,1386799,523518863.0
2017-08-11,3.748,3.756,3.695,3.7,1816643,676532342.0
2017-08-14,3.701,3.753,3.701,3.746,1489558,556588431.0
2017-08-15,3.747,3.771,3.742,3.756,2386280,896629433.0
2017-08-16,3.752,3.757,3.729,3.75,881399,330127586.0
2017-08-17,3.756,3.78,3.754,3.779,703318,264849652.0
2017-08-18,3.767,3.79,3.755,3.781,724997,273300464.0
2017-08-21,3.791,3.806,3.782,3.797,490788,186243891.0
2017-08-22,3.796,3.811,3.786,3.803,723347,274716419.0
2017-08-23,3.803,3.829,3.797,3.813,563945,215028427.0
2017-08-24,3.813,3.822,3.788,3.793,764001,290507256.0
2017-08-25,3.792,3.86,3.791,3.859,2023895,777247449.0
2017-08-28,3.862,3.928,3.862,3.903,2297449,897023272.0
2017-08-29,3.904,3.907,3.888,3.895,1218355,474880037.0
2017-08-30,3.894,3.912,3.889,3.891,837834,326837100.0
2017-08-31,3.891,3.901,3.862,3.884,1166771,452601022.0
2017-09-01,3.884,3.902,3.875,3.889,900118,350147397.0
2017-09-04,3.889,3.906,3.87,3.903,1280226,498484877.0
2017-09-05,3.903,3.924,3.9,3.917,703198,275197292.0
2017-09-06,3.908,3.918,3.891,3.905,787843,307521821.0
2017-09-07,3.908,3.92,3.887,3.888,513055,200326578.0
2017-09-08,3.89,3.904,3.868,3.884,586515,228110193.0
2017-09-11,3.889,3.917,3.881,3.89,760060,295901109.0
2017-09-12,3.9,3.913,3.884,3.9,623236,242811422.0
2017-09-13,3.902,3.908,3.885,3.903,593111,231145733.0
2017-09-14,3.901,3.915,3.881,3.89,625454,243709475.0
2017-09-15,3.888,3.901,3.877,3.896,926836,360429126.0
2017-09-18,3.893,3.93,3.89,3.911,1107037,433280766.0
2017-09-19,3.912,3.915,3.872,3.886,887575,345678308.0
2017-09-20,3.884,3.909,3.882,3.904,697777,271873425.0
2017-09-21,3.904,3.916,3.891,3.905,1208402,471686526.0
2017-09-22,3.89,3.899,3.876,3.894,747234,290348466.0
2017-09-25,3.889,3.891,3.87,3.878,845460,327969280.0
2017-09-26,3.873,3.882,3.871,3.88,605663,234783027.0
2017-09-27,3.879,3.894,3.874,3.883,548811,213162344.0
2017-09-28,3.883,3.893,3.873,3.889,496638,192874070.0
2017-09-29,3.889,3.919,3.889,3.902,887625,346351779.0
2017-10-09,3.972,3.985,3.941,3.943,1653136,655239548.0
2017-10-10,3.94,3.957,3.92,3.948,1417638,558063646.0
2017-10-11,3.948,3.969,3.941,3.963,1082136,428214368.0
2017-10-12,3.962,3.981,3.956,3.98,1102176,437032183.0
2017-10-13,3.971,3.989,3.971,3.988,548574,218430412.0
2017-10-16,3.988,4.003,3.973,3.974,1052853,419997107.0
2017-10-17,3.974,3.982,3.963,3.972,734482,291842255.0
2017-10-18,3.971,4.001,3.971,3.996,955523,380778417.0
2017-10-19,3.998,3.998,3.98,3.985,956388,381387925.0
2017-10-20,3.982,3.987,3.973,3.983,516507,205545192.0
2017-10-23,3.987,3.998,3.976,3.995,884069,352641372.0
2017-10-24,3.986,4.022,3.984,4.021,939317,376229856.0
2017-10-25,4.015,4.039,4.011,4.034,640827,258041081.0
2017-10-26,4.035,4.077,4.027,4.063,1403180,569599034.0
2017-10-27,4.058,4.084,4.056,4.083,699861,284877590.0
2017-10-30,4.086,4.09,4.019,4.065,1557691,631582012.0
2017-10-31,4.052,4.067,4.042,4.062,676835,274321225.0
2017-11-01,4.061,4.088,4.044,4.048,1298294,528341303.0
2017-11-02,4.048,4.056,4.031,4.055,982106,396901127.0
2017-11-03,4.051,4.06,4.018,4.044,1125905,454646222.0
2017-11-06,4.038,4.082,4.031,4.08,608521,246647548.0
2017-11-07,4.079,4.13,4.077,4.12,1032092,423893334.0
2017-11-08,4.116,4.155,4.103,4.111,994467,410490252.0
2017-11-09,4.107,4.143,4.102,4.142,1217573,501131323.0
2017-11-10,4.134,4.185,4.126,4.179,1260335,524278190.0
2017-11-13,4.18,4.2,4.177,4.188,889665,372765992.0
2017-11-14,4.19,4.193,4.152,4.156,1327241,552965529.0
2017-11-15,4.149,4.159,4.119,4.126,2554123,1056078422.0
2017-11-16,4.125,4.169,4.121,4.165,1933054,800920002.0
2017-11-17,4.158,4.175,4.142,4.17,1888910,785716570.0
2017-11-20,4.158,4.204,4.124,4.203,1403474,582537825.0
2017-11-21,4.197,4.288,4.19,4.286,1728882,735785939.0
2017-11-22,4.287,4.325,4.25,4.285,1549476,665099896.0
2017-11-23,4.279,4.279,4.139,4.149,2992733,1263614871.0
2017-11-24,4.139,4.172,4.116,4.153,2160149,895477111.0
2017-11-27,4.14,4.147,4.083,4.086,2731052,1119758002.0
2017-11-28,4.081,4.11,4.07,4.105,1048320,429268915.0
2017-11-29,4.109,4.12,4.051,4.101,1191682,487608676.0
2017-11-30,4.097,4.106,4.044,4.054,1176151,479533342.0
2017-12-01,4.053,4.085,4.04,4.057,847132,343851087.0
2017-12-04,4.053,4.091,4.036,4.074,778886,317184942.0
2017-12-05,4.064,4.106,4.063,4.099,818564,335054289.0
2017-12-06,4.09,4.09,4.026,4.068,908335,369190696.0
2017-12-07,4.063,4.076,4.008,4.022,897478,362413810.0
2017-12-08,4.022,4.072,4.017,4.061,941707,381443852.0
2017-12-11,4.06,4.13,4.06,4.128,921277,377600248.0
2017-12-12,4.124,4.124,4.061,4.063,1094854,448726510.0
2017-12-13,4.063,4.101,4.056,4.092,1159791,472838973.0
2017-12-14,4.093,4.104,4.063,4.079,1559101,636128736.0
2017-12-15,4.068,4.07,4.021,4.025,925487,374175030.0
2017-12-18,4.028,4.057,4.013,4.026,1028030,414628236.0
2017-12-19,4.03,4.081,4.03,4.079,1052969,427717906.0
2017-12-20,4.076,4.088,4.061,4.07,930046,378936961.0
2017-12-21,4.062,4.134,4.06,4.12,2415533,993428001.0
2017-12-22,4.118,4.123,4.097,4.101,1297648,533563762.0
2017-12-25,4.104,4.136,4.072,4.082,1702341,698948632.0
2017-12-26,4.085,4.104,4.065,4.094,2089951,854166367.0
2017-12-27,4.095,4.098,4.022,4.026,2084858,845669698.0
2017-12-28,4.031,4.078,4.021,4.063,1939509,786210867.0
2017-12-29,4.066,4.083,4.054,4.076,1083159,440609295.0
2018-01-02,4.086,4.138,4.084,4.136,1688765,695160731.0
2018-01-03,4.136,4.186,4.132,4.158,1267933,527466330.0
2018-01-04,4.158,4.18,4.15,4.171,922207,384082441.0
2018-01-05,4.179,4.197,4.165,4.187,1271316,531271769.0
2018-01-08,4.186,4.214,4.173,4.204,1056967,443371348.0
2018-01-09,4.204,4.241,4.197,4.238,1079460,455234072.0
2018-01-10,4.234,4.26,4.221,4.256,1449656,614504153.0
2018-01-11,4.249,4.256,4.232,4.25,984750,417892590.0
2018-01-12,4.25,4.277,4.245,4.273,1035749,441244227.0
2018-01-15,4.273,4.31,4.261,4.265,1573647,674167930.0
2018-01-16,4.265,4.311,4.26,4.308,1231839,528244298.0
2018-01-17,4.309,4.327,4.281,4.295,1589397,684342130.0
2018-01-18,4.301,4.336,4.298,4.323,1250863,540068089.0
2018-01-19,4.325,4.365,4.322,4.335,2185064,948695894.0
2018-01-22,4.322,4.393,4.322,4.39,1398733,609570930.0
2018-01-23,4.353,4.389,4.35,4.388,1584662,692085166.0
2018-01-24,4.388,4.4,4.356,4.391,1613457,707011909.0
2018-01-25,4.388,4.39,4.341,4.363,1548719,675877088.0
2018-01-26,4.35,4.414,4.345,4.385,984131,431465307.0
2018-01-29,4.395,4.4,4.291,4.302,2140531,928592912.0
2018-01-30,4.292,4.31,4.255,4.258,1616871,692033502.0
2018-01-31,4.246,4.286,4.24,4.271,1667368,710282987.0
2018-02-01,4.27,4.288,4.216,4.241,4390735,1861964695.0
2018-02-02,4.21,4.273,4.188,4.267,2127961,900347625.0
2018-02-05,4.229,4.268,4.21,4.263,2308395,979154068.0
2018-02-06,4.2,4.213,4.136,4.143,3131731,1306561662.0
2018-02-07,4.2,4.209,4.039,4.045,3395178,1400842660.0
2018-02-08,4.04,4.072,3.981,4.012,3123485,1257459010.0
2018-02-09,3.905,3.921,3.764,3.827,4168371,1597192107.0
2018-02-12,3.836,3.905,3.824,3.882,1935588,749100613.0
2018-02-13,3.917,3.981,3.917,3.929,1624624,641207460.0
2018-02-14,3.941,3.971,3.927,3.964,930356,367327722.0
2018-02-22,4.016,4.053,4.002,4.046,1890640,762189665.0
2018-02-23,4.054,4.078,4.033,4.068,1576572,639724875.0
2018-02-26,4.098,4.133,4.05,4.12,2027722,830732992.0
2018-02-27,4.128,4.129,4.055,4.061,2118232,865489044.0
2018-02-28,4.028,4.055,3.995,4.02,2392245,962934464.0
2018-03-01,4.0,4.067,3.993,4.049,1186369,479103432.0
2018-03-02,4.02,4.043,4.008,4.022,906146,364642458.0
2018-03-05,4.025,4.049,3.99,4.013,960124,385767882.0
2018-03-06,4.042,4.074,3.997,4.073,1335938,539875126.0
2018-03-07,4.07,4.093,4.031,4.04,1397285,568031944.0
2018-03-08,4.042,4.083,4.031,4.081,932075,378638988.0
2018-03-09,4.088,4.117,4.074,4.111,1116871,457659735.0
2018-03-12,4.131,4.148,4.117,4.123,2949891,1217400451.0
2018-03-13,4.12,4.127,4.077,4.079,1435127,588518518.0
2018-03-14,4.07,4.085,4.061,4.065,1209033,492145660.0
2018-03-15,4.06,4.098,4.052,4.095,1000794,408458351.0
2018-03-16,4.09,4.105,4.049,4.05,883232,360428554.0
2018-03-19,4.049,4.075,4.029,4.072,809020,328421749.0
2018-03-20,4.059,4.082,4.034,4.07,754936,306450965.0
2018-03-21,4.086,4.114,4.04,4.049,1291002,527036025.0
2018-03-22,4.056,4.069,4.003,4.013,984440,396821608.0
2018-03-23,3.9,3.923,3.825,3.894,2789760,1086361137.0
2018-03-26,3.863,3.886,3.827,3.876,2339575,902528341.0
2018-03-27,3.921,3.93,3.885,3.911,1437933,562269231.0
2018-03-28,3.874,3.904,3.829,3.832,1350991,521665681.0
2018-03-29,3.847,3.919,3.793,3.902,1934539,746819665.0
2018-03-30,3.903,3.915,3.878,3.896,923031,359636705.0
2018-04-02,3.897,3.936,3.88,3.883,1775059,693287261.0
2018-04-03,3.859,3.878,3.837,3.858,1409852,543351694.0
2018-04-04,3.867,3.896,3.843,3.848,1028784,398759731.0
2018-04-09,3.852,3.875,3.828,3.853,1191991,459331572.0
2018-04-10,3.857,3.929,3.853,3.928,1590734,618424471.0
2018-04-11,3.938,3.957,3.926,3.933,1364955,537937545.0
2018-04-12,3.932,3.938,3.891,3.892,967303,378606246.0
2018-04-13,3.915,3.927,3.858,3.865,1212467,470493231.0
2018-04-16,3.858,3.87,3.791,3.804,1141596,436296437.0
2018-04-17,3.815,3.82,3.745,3.748,1382998,523630373.0
2018-04-18,3.781,3.795,3.71,3.756,2125676,796578445.0
2018-04-19,3.765,3.819,3.764,3.809,1714951,651728801.0
2018-04-20,3.797,3.81,3.743,3.75,1631785,615887355.0
2018-04-23,3.743,3.789,3.731,3.766,1064099,399919034.0
2018-04-24,3.774,3.855,3.774,3.845,1794867,687344861.0
2018-04-25,3.829,3.837,3.813,3.822,1072139,410074478.0
2018-04-26,3.827,3.834,3.74,3.746,1279568,482929627.0
2018-04-27,3.766,3.769,3.712,3.754,1178761,441623030.0
2018-05-02,3.77,3.789,3.741,3.766,1130980,425241655.0
2018-05-03,3.756,3.802,3.731,3.788,1500874,565842658.0
2018-05-04,3.786,3.799,3.764,3.77,1112293,420677781.0
2018-05-07,3.776,3.835,3.77,3.831,1519752,579308584.0
2018-05-08,3.835,3.891,3.83,3.881,1882643,728175015.0
2018-05-09,3.88,3.881,3.853,3.87,872673,337422352.0
2018-05-10,3.881,3.898,3.862,3.896,994891,386259701.0
2018-05-11,3.903,3.91,3.869,3.873,850967,330549504.0
2018-05-14,3.881,3.916,3.881,3.907,1809287,706411152.0
2018-05-15,3.915,3.922,3.884,3.922,1444888,563948808.0
2018-05-16,3.908,3.917,3.882,3.89,878034,342418772.0
2018-05-17,3.892,3.897,3.856,3.857,835910,323714464.0
2018-05-18,3.862,3.904,3.844,3.899,1916792,742237810.0
2018-05-21,3.925,3.942,3.906,3.918,1582573,620802680.0
2018-05-22,3.918,3.918,3.878,3.902,846887,330057427.0
2018-05-23,3.892,3.893,3.85,3.851,1100044,425876946.0
2018-05-24,3.85,3.86,3.816,3.82,1216399,466989765.0
2018-05-25,3.819,3.839,3.801,3.811,1031684,394358878.0
2018-05-28,3.819,3.85,3.801,3.835,916134,350526730.0
2018-05-29,3.83,3.84,3.797,3.799,1263855,482554985.0
2018-05-30,3.762,3.767,3.726,3.727,1440322,539595347.0
2018-05-31,3.748,3.806,3.742,3.803,1701936,641624945.0
2018-06-01,3.786,3.799,3.76,3.777,1210254,457363166.0
2018-06-04,3.797,3.818,3.784,3.814,1260796,479680888.0
2018-06-05,3.81,3.85,3.803,3.846,1048859,401237872.0
2018-06-06,3.841,3.849,3.831,3.839,835028,320637990.0
2018-06-07,3.853,3.869,3.831,3.838,1098143,422900700.0
2018-06-08,3.83,3.83,3.768,3.787,1353332,513530040.0
2018-06-11,3.771,3.805,3.77,3.797,768349,291013492.0
2018-06-12,3.798,3.848,3.779,3.835,1221683,467011537.0
2018-06-13,3.822,3.827,3.79,3.796,1148816,437627116.0
2018-06-14,3.785,3.821,3.776,3.786,1372525,520482488.0
2018-06-15,3.78,3.802,3.76,3.78,1303403,492809287.0
2018-06-19,3.755,3.755,3.611,3.65,3515761,1292738873.0
2018-06-20,3.637,3.667,3.605,3.65,2490302,904915505.0
2018-06-21,3.652,3.696,3.614,3.62,3337199,1221213656.0
2018-06-22,3.61,3.637,3.572,3.636,1542609,556599130.0
2018-06-25,3.648,3.654,3.584,3.585,1154244,417813385.0
2018-06-26,3.551,3.571,3.507,3.55,2023401,716286616.0
2018-06-27,3.553,3.56,3.457,3.466,2008945,702852611.0
2018-06-28,3.45,3.499,3.44,3.446,1625310,564116635.0
2018-06-29,3.449,3.543,3.449,3.537,1706049,597021733.0
2018-07-02,3.531,3.535,3.405,3.443,2121981,735873210.0
2018-07-03,3.442,3.453,3.349,3.43,3615524,1233354151.0
2018-07-04,3.423,3.44,3.389,3.394,1268908,433275639.0
2018-07-05,3.395,3.427,3.36,3.366,1726212,584959041.0
2018-07-06,3.372,3.431,3.33,3.395,2354378,795708989.0
2018-07-09,3.41,3.497,3.41,3.494,2299572,795175061.0
2018-07-10,3.5,3.507,3.469,3.503,1457344,508628683.0
2018-07-11,3.44,3.46,3.399,3.445,1954317,670565340.0
2018-07-12,3.443,3.546,3.441,3.528,2089339,731987741.0
2018-07-13,3.529,3.543,3.517,3.534,1327475,468721618.0
2018-07-16,3.531,3.559,3.506,3.519,1265179,445644461.0
2018-07-17,3.515,3.519,3.47,3.497,1215373,424438862.0
2018-07-18,3.502,3.535,3.48,3.481,1276136,447725445.0
2018-07-19,3.499,3.522,3.468,3.483,1419531,496040524.0
2018-07-20,3.481,3.565,3.454,3.55,1934021,678380244.0
2018-07-23,3.53,3.582,3.52,3.573,1737761,617794895.0
2018-07-24,3.581,3.657,3.581,3.639,2602805,946219415.0
2018-07-25,3.64,3.645,3.621,3.638,2022573,734740073.0
2018-07-26,3.635,3.649,3.582,3.591,1554862,560786022.0
2018-07-27,3.586,3.604,3.57,3.582,876624,314271002.0
2018-07-30,3.581,3.607,3.544,3.562,1599820,571061221.0
2018-07-31,3.557,3.594,3.553,3.575,1057737,377612133.0
2018-08-01,3.595,3.609,3.494,3.495,2696107,955861968.0
2018-08-02,3.484,3.487,3.378,3.417,2706062,928219556.0
2018-08-03,3.416,3.43,3.368,3.369,1675735,570042885.0
2018-08-06,3.369,3.4,3.313,3.334,2222049,745138907.0
2018-08-07,3.34,3.429,3.323,3.427,2250980,760035075.0
2018-08-08,3.421,3.422,3.363,3.377,1975636,671015987.0
2018-08-09,3.375,3.469,3.363,3.458,2292219,786909755.0
2018-08-10,3.453,3.482,3.436,3.464,1376743,476328436.0
2018-08-13,3.43,3.458,3.392,3.449,1707540,585048476.0
2018-08-14,3.446,3.451,3.412,3.434,971810,333235953.0
2018-08-15,3.432,3.434,3.345,3.352,1514897,511733358.0
2018-08-16,3.33,3.377,3.292,3.338,2077489,693606301.0
2018-08-17,3.362,3.366,3.278,3.287,1801104,599148758.0
2018-08-20,3.295,3.325,3.27,3.322,2046795,675291675.0
2018-08-21,3.321,3.396,3.321,3.379,2322492,782217697.0
2018-08-22,3.385,3.385,3.356,3.373,1165533,392672642.0
2018-08-23,3.375,3.403,3.345,3.383,2450655,828514161.0
2018-08-24,3.377,3.416,3.349,3.388,2031330,686112193.0
2018-08-27,3.395,3.474,3.395,3.473,2241291,771738584.0
2018-08-28,3.474,3.484,3.453,3.463,1432062,496834087.0
2018-08-29,3.459,3.463,3.441,3.45,1323573,456314437.0
2018-08-30,3.45,3.468,3.41,3.416,1629236,559016733.0
2018-08-31,3.402,3.424,3.372,3.39,1491240,506223122.0
2018-09-03,3.386,3.395,3.351,3.383,1405627,474050719.0
2018-09-04,3.382,3.438,3.37,3.423,1749978,596721022.0
2018-09-05,3.41,3.416,3.352,3.353,1952639,661947227.0
2018-09-06,3.351,3.378,3.314,3.324,2133340,713999170.0
2018-09-07,3.334,3.384,3.313,3.346,1850577,620163732.0
2018-09-10,3.333,3.343,3.294,3.298,1603305,530067963.0
2018-09-11,3.299,3.314,3.274,3.286,2253782,741946471.0
2018-09-12,3.285,3.291,3.259,3.263,2061822,675164145.0
2018-09-13,3.296,3.315,3.257,3.298,2597714,853411395.0
2018-09-14,3.302,3.315,3.288,3.303,1756240,579892804.0
2018-09-17,3.285,3.291,3.264,3.272,1156508,378852956.0
2018-09-18,3.261,3.339,3.26,3.335,2367468,781592571.0
2018-09-19,3.33,3.407,3.323,3.38,4463292,1506129693.0
2018-09-20,3.38,3.413,3.371,3.378,2440904,825539581.0
2018-09-21,3.388,3.486,3.377,3.484,4773660,1638859067.0
2018-09-25,3.447,3.458,3.43,3.449,2089806,720037973.0
2018-09-26,3.45,3.516,3.448,3.487,3015784,1051659669.0
2018-09-27,3.475,3.487,3.46,3.472,2312028,802583651.0
2018-09-28,3.477,3.512,3.473,3.508,3022668,1056783601.0
2018-10-08,3.431,3.434,3.34,3.341,4299047,1455777086.0
2018-10-09,3.348,3.371,3.336,3.348,1965700,659150601.0
2018-10-10,3.351,3.378,3.314,3.346,2636640,882335127.0
2018-10-11,3.25,3.272,3.15,3.174,6675568,2150656828.0
2018-10-12,3.178,3.249,3.161,3.233,5007325,1602829891.0
2018-10-15,3.239,3.242,3.183,3.186,2926292,939523911.0
2018-10-16,3.19,3.228,3.153,3.165,4938840,1573220157.0
2018-10-17,3.205,3.215,3.125,3.176,6437365,2044127833.0
2018-10-18,3.155,3.165,3.105,3.106,5932914,1856470334.0
2018-10-19,3.09,3.2,3.073,3.185,6731053,2107742152.0
2018-10-22,3.25,3.37,3.2,3.353,9341863,3089534699.0
2018-10-23,3.35,3.352,3.222,3.24,8599759,2826511885.0
2018-10-24,3.236,3.309,3.229,3.245,5306689,1729656791.0
2018-10-25,3.17,3.266,3.161,3.261,5283845,1694329466.0
2018-10-26,3.268,3.285,3.203,3.228,4499657,1458792282.0
2018-10-29,3.219,3.226,3.11,3.131,4083248,1289984523.0
2018-10-30,3.121,3.202,3.108,3.168,5465880,1725356929.0
2018-10-31,3.175,3.233,3.164,3.205,3798124,1215577185.0
2018-11-01,3.241,3.28,3.222,3.228,5178410,1684628650.0
2018-11-02,3.35,3.378,3.283,3.363,8571833,2850227373.0
2018-11-05,3.34,3.344,3.286,3.32,4511809,1498256838.0
2018-11-06,3.308,3.315,3.267,3.299,3370718,1109603464.0
2018-11-07,3.302,3.336,3.269,3.272,3920487,1293442439.0
2018-11-08,3.304,3.312,3.265,3.269,3121866,1026631712.0
2018-11-09,3.251,3.253,3.226,3.228,3006413,974269058.0
2018-11-12,3.22,3.269,3.215,3.264,3474718,1126558732.0
2018-11-13,3.228,3.317,3.223,3.298,4499381,1469919911.0
2018-11-14,3.288,3.297,3.25,3.258,3412692,1117143888.0
2018-11-15,3.258,3.302,3.255,3.301,3344245,1098160730.0
2018-11-16,3.306,3.344,3.278,3.311,4153067,1376601906.0
2018-11-19,3.31,3.349,3.303,3.348,3650422,1215420373.0
2018-11-20,3.326,3.334,3.264,3.275,3825191,1261365697.0
2018-11-21,3.245,3.286,3.243,3.278,2891170,945423662.0
2018-11-22,3.285,3.287,3.246,3.269,3222327,1052449859.0
2018-11-23,3.263,3.266,3.18,3.184,3672487,1182063370.0
2018-11-26,3.193,3.22,3.174,3.189,4260560,1361422638.0
2018-11-27,3.201,3.213,3.176,3.186,2798289,894557364.0
2018-11-28,3.187,3.238,3.18,3.234,2517277,809476316.0
2018-11-29,3.251,3.26,3.2,3.202,2037879,659013720.0
2018-11-30,3.2,3.236,3.191,3.235,2691270,865231833.0
2018-12-03,3.327,3.339,3.292,3.319,5925490,1967884136.0
2018-12-04,3.314,3.329,3.302,3.324,2204018,730675740.0
2018-12-05,3.288,3.328,3.284,3.309,2694282,890764781.0
2018-12-06,3.281,3.281,3.237,3.242,4354709,1417004889.0
2018-12-07,3.244,3.251,3.234,3.235,1924266,624489237.0
2018-12-10,3.213,3.23,3.192,3.205,2601286,835086526.0
2018-12-11,3.213,3.221,3.2,3.218,1518318,487594880.0
2018-12-12,3.235,3.246,3.217,3.229,2090476,675103349.0
2018-12-13,3.235,3.299,3.23,3.284,4177232,1369000784.0
2018-12-14,3.273,3.274,3.224,3.227,3001484,974869576.0
2018-12-17,3.221,3.233,3.197,3.223,3507314,1128489162.0
2018-12-18,3.207,3.23,3.17,3.183,3278632,1047493725.0
2018-12-19,3.186,3.193,3.143,3.15,2910277,922374195.0
2018-12-20,3.143,3.156,3.103,3.127,3465180,1083554506.0
2018-12-21,3.119,3.121,3.068,3.088,3864981,1192539194.0
2018-12-24,3.077,3.098,3.066,3.095,2414407,745420761.0
2018-12-25,3.067,3.09,3.026,3.076,4031315,1230561366.0
2018-12-26,3.067,3.085,3.051,3.059,2164598,663819224.0
2018-12-27,3.097,3.102,3.046,3.052,2353475,724428292.0
2018-12-28,3.058,3.087,3.046,3.059,3892666,1192574438.0
2019-01-02,3.07,3.07,3.009,3.017,3509348,1062967158.0
2019-01-03,3.016,3.061,3.01,3.017,2681762,811656819.0
2019-01-04,3.001,3.096,2.997,3.094,4798477,1465170852.0
2019-01-07,3.109,3.118,3.091,3.107,4168316,1293817436.0
2019-01-08,3.107,3.11,3.094,3.107,1970848,611718745.0
2019-01-09,3.119,3.179,3.118,3.13,4396881,1385615363.0
2019-01-10,3.129,3.154,3.114,3.133,2476923,776376036.0
2019-01-11,3.131,3.165,3.129,3.156,2513682,791053147.0
2019-01-14,3.155,3.155,3.122,3.129,2039120,638696708.0
2019-01-15,3.133,3.19,3.126,3.188,3518301,1112566271.0
2019-01-16,3.131,3.132,3.114,3.129,1877281,586525234.0
2019-01-17,3.129,3.145,3.11,3.112,2381766,744200059.0
2019-01-18,3.121,3.175,3.121,3.166,3889859,1226138122.0
2019-01-21,3.166,3.2,3.163,3.183,2851848,908445491.0
2019-01-22,3.177,3.177,3.135,3.143,2543107,801998520.0
2019-01-23,3.135,3.162,3.127,3.135,2255126,708959829.0
2019-01-24,3.139,3.167,3.118,3.159,2543769,800011755.0
2019-01-25,3.162,3.203,3.162,3.183,2722859,867447674.0
2019-01-28,3.197,3.229,3.171,3.179,2966955,950568916.0
2019-01-29,3.172,3.203,3.15,3.193,3587900,1139850227.0
2019-01-30,3.178,3.203,3.169,3.172,2129268,677812070.0
2019-01-31,3.184,3.216,3.178,3.202,3342948,1068335725.0
2019-02-01,3.219,3.257,3.202,3.255,3512648,1134007540.0
2019-02-11,3.245,3.305,3.232,3.3,3872537,1267715658.0
2019-02-12,3.299,3.331,3.294,3.324,3728810,1235580870.0
2019-02-13,3.329,3.41,3.323,3.393,4278016,1439016760.0
2019-02-14,3.389,3.414,3.38,3.397,3797560,1288823469.0
2019-02-15,3.381,3.395,3.336,3.341,4479468,1507132013.0
2019-02-18,3.363,3.44,3.363,3.438,4711063,1605204751.0
2019-02-19,3.445,3.471,3.411,3.429,6782305,2336311876.0
2019-02-20,3.437,3.453,3.415,3.438,6116144,2102498557.0
2019-02-21,3.439,3.488,3.418,3.434,6352929,2191410162.0
2019-02-22,3.429,3.528,3.41,3.526,5921217,2046074090.0
2019-02-25,3.58,3.78,3.56,3.775,11513198,4191233265.0
2019-02-26,3.744,3.758,3.673,3.69,7820035,2911479206.0
2019-02-27,3.689,3.723,3.63,3.67,5994358,2212624245.0
2019-02-28,3.669,3.687,3.643,3.663,4628979,1697133454.0
2019-03-01,3.69,3.749,3.657,3.738,6527375,2409031109.0
2019-03-04,3.77,3.878,3.75,3.777,6603305,2509089921.0
2019-03-05,3.774,3.814,3.761,3.809,4431034,1677260192.0
2019-03-06,3.809,3.85,3.774,3.835,5804959,2208529318.0
2019-03-07,3.83,3.835,3.763,3.793,6184209,2349302237.0
2019-03-08,3.714,3.76,3.651,3.661,5360776,1984438722.0
2019-03-11,3.661,3.722,3.647,3.71,4523059,1666485417.0
2019-03-12,3.738,3.793,3.708,3.735,5307450,1992691909.0
2019-03-13,3.738,3.748,3.693,3.713,4832336,1796583884.0
2019-03-14,3.705,3.731,3.668,3.686,3621079,1340665788.0
2019-03-15,3.696,3.779,3.696,3.735,3870055,1445462172.0
2019-03-18,3.736,3.852,3.725,3.85,5714156,2172220321.0
2019-03-19,3.852,3.862,3.805,3.822,3970864,1523709159.0
2019-03-20,3.818,3.846,3.78,3.822,3278933,1250007722.0
2019-03-21,3.826,3.854,3.81,3.824,3800127,1456872033.0
2019-03-22,3.823,3.837,3.772,3.829,3023844,1152049537.0
2019-03-25,3.768,3.796,3.727,3.734,4359508,1639701920.0
2019-03-26,3.748,3.758,3.678,3.695,3201400,1190190240.0
2019-03-27,3.709,3.738,3.701,3.727,3507393,1304048305.0
2019-03-28,3.714,3.744,3.698,3.717,2568844,955866280.0
2019-03-29,3.725,3.878,3.725,3.869,6344016,2426004332.0
2019-04-01,3.894,3.973,3.894,3.969,6910356,2731589887.0
2019-04-02,3.971,3.988,3.946,3.962,3839400,1522890283.0
2019-04-03,3.94,4.029,3.935,4.015,5420179,2161151180.0
2019-04-04,4.027,4.072,4.007,4.062,5213701,2110326811.0
2019-04-08,4.098,4.128,4.001,4.036,7639483,3102817036.0
2019-04-09,4.042,4.076,4.021,4.06,3712237,1502839356.0
2019-04-10,4.042,4.106,4.016,4.066,3859946,1562381804.0
2019-04-11,4.066,4.084,3.973,3.996,5021041,2018585322.0
2019-04-12,3.983,3.998,3.953,3.982,2823988,1122866512.0
2019-04-15,4.044,4.074,3.956,3.957,7225803,2903101545.0
2019-04-16,3.938,4.079,3.934,4.077,6690852,2686061416.0
2019-04-17,4.076,4.097,4.042,4.067,4181515,1701577295.0
2019-04-18,4.067,4.081,4.046,4.06,3569518,1451119731.0
2019-04-19,4.063,4.12,4.029,4.12,4578385,1866441120.0
2019-04-22,4.12,4.12,4.0,4.017,5775086,2339510346.0
2019-04-23,4.005,4.051,3.994,4.01,3532000,1418835091.0
2019-04-24,4.019,4.032,3.953,4.016,4631226,1854784689.0
2019-04-25,4.0,4.01,3.931,3.933,3785555,1504043079.0
2019-04-26,3.919,3.938,3.871,3.879,6288098,2457759245.0
2019-04-29,3.888,3.945,3.871,3.894,5593755,2184244009.0
2019-04-30,3.888,3.911,3.878,3.896,3992608,1554463815.0
2019-05-06,3.778,3.79,3.64,3.673,12145227,4499823765.0
2019-05-07,3.688,3.731,3.667,3.707,4835996,1790820380.0
2019-05-08,3.657,3.717,3.643,3.659,4753727,1745381560.0
2019-05-09,3.635,3.652,3.569,3.607,5540530,2001315075.0
2019-05-10,3.635,3.728,3.573,3.72,6719964,2468212416.0
2019-05-13,3.685,3.688,3.642,3.652,4257770,1560795956.0
2019-05-14,3.63,3.677,3.623,3.634,2900685,1060006491.0
2019-05-15,3.662,3.74,3.662,3.712,3575137,1320562727.0
2019-05-16,3.707,3.735,3.691,3.73,2474374,919412280.0
2019-05-17,3.73,3.734,3.63,3.646,3153907,1158993573.0
2019-05-20,3.634,3.644,3.576,3.606,3882247,1400009998.0
2019-05-21,3.605,3.685,3.604,3.651,3503829,1278867495.0
2019-05-22,3.654,3.663,3.62,3.642,2835080,1032358158.0
2019-05-23,3.625,3.632,3.578,3.584,3106083,1116377298.0
2019-05-24,3.586,3.623,3.573,3.59,2994092,1076879362.0
2019-05-27,3.591,3.649,3.554,3.633,4351010,1566298427.0
2019-05-28,3.628,3.678,3.625,3.65,3850672,1405784020.0
2019-05-29,3.64,3.69,3.632,3.652,2928526,1070983408.0
2019-05-30,3.646,3.654,3.607,3.65,3054263,1107801233.0
2019-05-31,3.642,3.675,3.629,3.632,2760300,1007992259.0
2019-06-03,3.645,3.682,3.613,3.64,3308130,1205594361.0
2019-06-04,3.637,3.645,3.592,3.607,3263229,1177428523.0
2019-06-05,3.632,3.64,3.596,3.599,3285644,1189233603.0
2019-06-06,3.599,3.608,3.567,3.568,3660674,1312429002.0
2019-06-10,3.58,3.635,3.577,3.614,3354975,1210624406.0
2019-06-11,3.62,3.736,3.62,3.727,4667963,1721944270.0
2019-06-12,3.722,3.722,3.691,3.699,2597249,961944225.0
2019-06-13,3.695,3.711,3.66,3.692,3012291,1109255185.0
2019-06-14,3.694,3.717,3.658,3.67,3445139,1270771660.0
2019-06-17,3.664,3.699,3.66,3.673,2352061,865085583.0
2019-06-18,3.678,3.692,3.647,3.681,2653705,975436690.0
2019-06-19,3.772,3.807,3.732,3.735,6289014,2366152485.0
2019-06-20,3.734,3.875,3.732,3.843,6609284,2522649388.0
2019-06-21,3.855,3.88,3.833,3.85,4219551,1626602097.0
2019-06-24,3.855,3.869,3.832,3.856,3074540,1184601126.0
2019-06-25,3.855,3.855,3.77,3.817,5057034,1926078216.0
2019-06-26,3.795,3.83,3.79,3.818,2402084,915875695.0
2019-06-27,3.82,3.88,3.82,3.86,4730768,1825070981.0
2019-06-28,3.86,3.86,3.829,3.859,3862690,1485096138.0
2019-07-01,3.922,3.965,3.91,3.954,5102660,2012117160.0
2019-07-02,3.954,3.966,3.937,3.96,3338435,1319955759.0
2019-07-03,3.951,3.951,3.912,3.927,2518385,989488521.0
2019-07-04,3.92,3.939,3.877,3.901,3860217,1509568953.0
2019-07-05,3.9,3.929,3.888,3.921,2362039,924064389.0
2019-07-08,3.903,3.903,3.8,3.831,4225313,1625813687.0
2019-07-09,3.836,3.844,3.806,3.822,2183460,835183233.0
2019-07-10,3.835,3.848,3.81,3.823,1744793,667520298.0
2019-07-11,3.838,3.872,3.81,3.824,2345244,900919956.0
2019-07-12,3.821,3.87,3.819,3.855,2460107,947469653.0
2019-07-15,3.841,3.901,3.79,3.869,4484611,1725285115.0
2019-07-16,3.863,3.876,3.845,3.853,1828874,705319206.0
2019-07-17,3.842,3.866,3.828,3.847,2199668,847318549.0
2019-07-18,3.834,3.839,3.82,3.822,2305494,882753326.0
2019-07-19,3.832,3.883,3.832,3.862,3199381,1235677324.0
2019-07-22,3.862,3.872,3.81,3.832,3088632,1186817430.0
2019-07-23,3.836,3.845,3.822,3.841,1670290,640637075.0
2019-07-24,3.854,3.9,3.852,3.872,2974453,1154191782.0
2019-07-25,3.871,3.908,3.866,3.907,2336295,908142115.0
2019-07-26,3.89,3.921,3.887,3.912,2857908,1115742690.0
2019-07-29,3.91,3.914,3.892,3.906,2471021,964260317.0
2019-07-30,3.91,3.949,3.909,3.924,2396548,941746113.0
2019-07-31,3.911,3.914,3.887,3.896,2164228,843556613.0
2019-08-01,3.879,3.888,3.845,3.86,3124656,1206953804.0
2019-08-02,3.79,3.81,3.773,3.801,4906139,1859709599.0
2019-08-05,3.785,3.791,3.73,3.735,3542146,1331928152.0
2019-08-06,3.676,3.704,3.637,3.696,5837026,2140168125.0
2019-08-07,3.705,3.711,3.668,3.672,2785811,1029304079.0
2019-08-08,3.696,3.73,3.696,3.726,2809849,1042883478.0
2019-08-09,3.739,3.745,3.689,3.697,2109639,783418416.0
2019-08-12,3.708,3.758,3.701,3.756,1801155,670864658.0
2019-08-13,3.727,3.74,3.712,3.724,1553489,578461083.0
2019-08-14,3.769,3.774,3.737,3.738,1937005,727773776.0
2019-08-15,3.68,3.759,3.676,3.753,2443061,907979338.0
2019-08-16,3.751,3.795,3.741,3.769,2574125,971656245.0
2019-08-19,3.798,3.86,3.78,3.859,3279432,1254127715.0
2019-08-20,3.851,3.865,3.841,3.843,2069120,796970858.0
2019-08-21,3.841,3.852,3.836,3.842,2422452,931096029.0
2019-08-22,3.852,3.855,3.83,3.85,2647785,1017422996.0
2019-08-23,3.853,3.892,3.843,3.877,2856820,1106705439.0
2019-08-26,3.823,3.846,3.816,3.834,2674902,1024561340.0
2019-08-27,3.849,3.914,3.847,3.874,3661760,1423007683.0
2019-08-28,3.873,3.883,3.853,3.862,1739579,672483875.0
2019-08-29,3.867,3.869,3.828,3.851,2339282,899467510.0
2019-08-30,3.876,3.897,3.836,3.861,2762817,1068497906.0
2019-09-02,3.859,3.923,3.858,3.904,3019441,1177245792.0
2019-09-03,3.91,3.914,3.893,3.908,2313452,903328007.0
2019-09-04,3.909,3.959,3.908,3.957,2937605,1154462918.0
2019-09-05,3.971,4.048,3.971,3.994,5274016,2116380664.0
2019-09-06,4.007,4.023,3.992,4.021,2640293,1057696400.0
2019-09-09,4.048,4.057,4.017,4.037,2828454,1140490057.0
2019-09-10,4.034,4.04,4.005,4.026,1686928,678146853.0
2019-09-11,4.038,4.04,3.994,3.997,3041955,1218851127.0
2019-09-12,4.01,4.048,4.004,4.038,2172055,873683977.0
2019-09-16,4.046,4.047,4.004,4.024,1818498,731512753.0
2019-09-17,4.018,4.019,3.939,3.951,3810790,1515230655.0
2019-09-18,3.966,3.985,3.959,3.968,2010310,798496633.0
2019-09-19,3.984,3.988,3.956,3.987,2421778,962786617.0
2019-09-20,3.994,4.004,3.985,3.993,2325043,928123393.0
2019-09-23,3.982,3.983,3.936,3.958,2898921,1144938516.0
2019-09-24,3.96,3.997,3.954,3.961,2114820,840079465.0
2019-09-25,3.954,3.958,3.932,3.934,2349764,927174175.0
2019-09-26,3.949,3.958,3.904,3.907,3170949,1245839973.0
2019-09-27,3.913,3.923,3.9,3.916,2677340,1047443010.0
2019-09-30,3.91,3.919,3.864,3.869,2632883,1025545904.0
2019-10-08,3.874,3.921,3.874,3.894,3234238,1261877855.0
2019-10-09,3.885,3.907,3.863,3.905,2507896,975532606.0
2019-10-10,3.903,3.94,3.889,3.933,2363352,925785530.0
2019-10-11,3.941,3.993,3.927,3.981,3060200,1211436364.0
2019-10-14,4.002,4.05,3.998,4.01,3956546,1591550456.0
2019-10-15,4.009,4.014,3.995,3.997,2950005,1180542819.0
2019-10-16,4.002,4.031,3.98,3.983,3143663,1257411220.0
2019-10-17,3.987,4.002,3.977,3.989,1936427,772383216.0
2019-10-18,3.991,4.006,3.921,3.931,3081430,1219432835.0
2019-10-21,3.922,3.943,3.917,3.94,1849392,727143485.0
2019-10-22,3.948,3.964,3.93,3.955,1641342,647323688.0
2019-10-23,3.956,3.961,3.922,3.934,1478262,582892945.0
2019-10-24,3.935,3.954,3.913,3.939,2021671,795479683.0
2019-10-25,3.933,3.968,3.909,3.963,2502907,985865186.0
2019-10-28,3.97,3.992,3.962,3.986,2674342,1063994683.0
2019-10-29,3.989,3.989,3.969,3.973,2095535,833722136.0
2019-10-30,3.966,3.97,3.939,3.947,2628461,1038323004.0
2019-10-31,3.956,3.965,3.936,3.945,1927827,762011573.0
2019-11-01,3.94,4.027,3.934,4.026,3206513,1281238312.0
2019-11-04,4.025,4.047,4.023,4.039,2359682,952642394.0
2019-11-05,4.039,4.101,4.032,4.062,3529356,1435062389.0
2019-11-06,4.06,4.066,4.033,4.045,2059389,835011380.0
2019-11-07,4.045,4.074,4.033,4.05,2377225,963751239.0
2019-11-08,4.08,4.084,4.03,4.034,2972162,1205845626.0
2019-11-11,4.013,4.013,3.96,3.967,3470689,1383687075.0
2019-11-12,3.962,3.979,3.938,3.962,3300546,1306746070.0
2019-11-13,3.957,3.965,3.942,3.959,2020165,798607025.0
2019-11-14,3.959,3.976,3.952,3.962,2385877,945812675.0
2019-11-15,3.963,3.979,3.94,3.943,1877914,742722417.0
2019-11-18,3.941,3.978,3.932,3.971,2408752,953614221.0
2019-11-19,3.969,4.013,3.963,4.011,2378889,950390311.0
2019-11-20,4.01,4.01,3.959,3.97,2166102,863321145.0
2019-11-21,3.96,3.967,3.937,3.95,2448406,967498735.0
2019-11-22,3.959,3.986,3.894,3.908,3547071,1395855015.0
2019-11-25,3.915,3.937,3.903,3.936,2524576,990424084.0
2019-11-26,3.947,3.956,3.924,3.942,2858215,1126251532.0
2019-11-27,3.94,3.954,3.921,3.936,2112391,831877049.0
2019-11-28,3.936,3.952,3.917,3.93,1694809,666322581.0
2019-11-29,3.922,3.928,3.868,3.887,3029171,1180162224.0
2019-12-02,3.891,3.911,3.887,3.895,1743557,680076866.0
2019-12-03,3.886,3.913,3.87,3.911,1985519,772475070.0
2019-12-04,3.9,3.914,3.888,3.913,1589396,620313854.0
2019-12-05,3.921,3.949,3.92,3.942,2192064,862802158.0
2019-12-06,3.944,3.967,3.939,3.966,2130769,841690001.0
2019-12-09,3.966,3.975,3.942,3.953,2322208,918540389.0
2019-12-10,3.946,3.961,3.941,3.956,1869954,738991639.0
2019-12-11,3.902,3.904,3.883,3.9,1704989,663923736.0
2019-12-12,3.901,3.904,3.885,3.889,1371519,533964092.0
2019-12-13,3.924,3.975,3.923,3.968,4360829,1721558479.0
2019-12-16,3.967,3.988,3.951,3.98,3028483,1201480497.0
2019-12-17,3.978,4.068,3.974,4.042,5256304,2117785566.0
2019-12-18,4.043,4.057,4.022,4.027,3631176,1467298741.0
2019-12-19,4.03,4.033,4.012,4.02,2641920,1062562557.0
2019-12-20,4.019,4.046,4.014,4.016,3287798,1323871265.0
2019-12-23,4.015,4.032,3.962,3.964,4471447,1788105548.0
2019-12-24,3.965,3.993,3.964,3.985,3127921,1244533039.0
2019-12-25,3.985,3.997,3.973,3.992,3105784,1237399739.0
2019-12-26,3.989,4.026,3.987,4.021,3322559,1331523237.0
2019-12-27,4.025,4.068,4.016,4.017,4368130,1766178612.0
2019-12-30,4.006,4.088,4.0,4.075,5423814,2198624414.0
2019-12-31,4.069,4.099,4.062,4.096,3521859,1437559663.0
2020-01-02,4.12,4.174,4.118,4.149,6276236,2603983236.0
2020-01-03,4.156,4.162,4.133,4.139,4696737,1948030083.0
2020-01-06,4.126,4.171,4.094,4.123,6665047,2760524448.0
2020-01-07,4.134,4.16,4.128,4.155,4649595,1927362283.0
2020-01-08,4.135,4.149,4.097,4.114,5628520,2321782204.0
2020-01-09,4.138,4.165,4.134,4.158,3944317,1636905845.0
2020-01-10,4.165,4.176,4.144,4.157,3795550,1576677929.0
2020-01-13,4.156,4.205,4.141,4.202,3736391,1558366390.0
2020-01-14,4.202,4.222,4.18,4.184,4099628,1723090045.0
2020-01-15,4.184,4.19,4.145,4.152,3196074,1330016015.0
2020-01-16,4.159,4.163,4.135,4.146,4162978,1726422321.0
2020-01-17,4.152,4.175,4.137,4.151,3216273,1335598763.0
2020-01-20,4.156,4.183,4.142,4.181,3534882,1472153087.0
2020-01-21,4.163,4.163,4.1,4.105,6182946,2548564521.0
2020-01-22,4.089,4.133,4.034,4.119,9073932,3709564742.0
2020-01-23,4.081,4.09,3.956,3.996,7535834,3042046038.0
2020-02-03,3.73,3.736,3.636,3.659,14710757,5431562760.0
2020-02-04,3.65,3.776,3.649,3.77,7358437,2749866008.0
2020-02-05,3.784,3.855,3.768,3.807,5532874,2109910834.0
2020-02-06,3.823,3.913,3.797,3.897,5279652,2038967051.0
2020-02-07,3.87,3.892,3.844,3.888,3469890,1340754089.0
2020-02-10,3.868,3.91,3.851,3.901,3985191,1549146625.0
2020-02-11,3.909,3.96,3.907,3.943,4222588,1663318182.0
2020-02-12,3.939,3.977,3.93,3.971,2907834,1150842638.0
2020-02-13,3.97,3.985,3.938,3.95,3259610,1290560943.0
2020-02-14,3.945,3.995,3.943,3.977,3139793,1247221633.0
2020-02-17,3.986,4.07,3.986,4.064,5811400,2345003457.0
2020-02-18,4.057,4.062,4.012,4.039,7099509,2867046795.0
2020-02-19,4.036,4.069,4.029,4.04,4403772,1783390983.0
2020-02-20,4.055,4.144,4.039,4.131,6052410,2472181763.0
2020-02-21,4.123,4.178,4.117,4.145,4444701,1839049777.0
2020-02-24,4.123,4.136,4.082,4.112,3727272,1532512765.0
2020-02-25,4.051,4.116,4.012,4.104,6038307,2459159332.0
2020-02-26,4.064,4.118,4.048,4.07,6417933,2617010934.0
2020-02-27,4.083,4.097,4.061,4.071,4753305,1938047426.0
2020-02-28,4.01,4.019,3.924,3.933,5600710,2224760713.0
2020-03-02,3.948,4.09,3.948,4.076,4266837,1721101323.0
2020-03-03,4.117,4.139,4.055,4.073,4087760,1677225022.0
2020-03-04,4.065,4.104,4.048,4.102,2954532,1204615735.0
2020-03-05,4.151,4.208,4.111,4.2,5478312,2282136998.0
2020-03-06,4.167,4.169,4.117,4.121,2499877,1035853463.0
2020-03-09,4.068,4.068,3.981,3.99,4236423,1701717888.0
2020-03-10,3.992,4.088,3.943,4.078,8596481,3457073174.0
2020-03-11,4.078,4.078,4.009,4.011,7032693,2845979722.0
2020-03-12,3.973,3.975,3.919,3.948,3881192,1531041364.0
2020-03-13,3.833,3.93,3.75,3.889,7178928,2753021876.0
2020-03-16,3.885,3.885,3.716,3.726,5710800,2168080979.0
2020-03-17,3.759,3.788,3.615,3.693,9852558,3645999364.0
2020-03-18,3.706,3.763,3.626,3.631,7833047,2903199190.0
2020-03-19,3.634,3.647,3.492,3.596,12481638,4456146356.0
2020-03-20,3.612,3.657,3.582,3.644,6786895,2456318768.0
2020-03-23,3.54,3.582,3.513,3.526,8072780,2858519648.0
2020-03-24,3.589,3.623,3.536,3.611,8328985,2993488749.0
2020-03-25,3.693,3.721,3.67,3.706,10100836,3732548148.0
2020-03-26,3.683,3.722,3.67,3.683,3556541,1314493551.0
2020-03-27,3.729,3.754,3.698,3.7,4915442,1829774379.0
2020-03-30,3.659,3.685,3.63,3.666,4971344,1817215400.0
2020-03-31,3.703,3.706,3.66,3.669,3740030,1377646905.0
2020-04-01,3.664,3.723,3.654,3.673,3554388,1309936605.0
2020-04-02,3.658,3.728,3.641,3.723,4630489,1702317215.0
2020-04-03,3.71,3.724,3.683,3.697,3247170,1202415071.0
2020-04-07,3.76,3.793,3.758,3.78,5467405,2064202707.0
2020-04-08,3.766,3.779,3.752,3.765,2219174,835369077.0
2020-04-09,3.781,3.788,3.77,3.776,3285436,1241868021.0
2020-04-10,3.776,3.812,3.746,3.764,4642471,1752635038.0
2020-04-13,3.75,3.758,3.732,3.743,2466969,923357829.0
2020-04-14,3.76,3.808,3.755,3.805,3761247,1423412717.0
2020-04-15,3.805,3.814,3.781,3.783,2392008,907994642.0
2020-04-16,3.77,3.797,3.766,3.785,2273172,859202032.0
2020-04-17,3.814,3.845,3.81,3.819,5704808,2183824470.0
2020-04-20,3.826,3.836,3.813,3.835,3822960,1463235135.0
2020-04-21,3.82,3.825,3.77,3.795,2927572,1110170605.0
2020-04-22,3.779,3.83,3.772,3.829,3456710,1313936907.0
2020-04-23,3.832,3.842,3.812,3.822,2015207,771450450.0
2020-04-24,3.807,3.812,3.778,3.79,3058295,1159836790.0
2020-04-27,3.792,3.833,3.787,3.807,3094609,1180911446.0
2020-04-28,3.82,3.844,3.756,3.831,4228655,1614577806.0
2020-04-29,3.826,3.865,3.823,3.851,2778349,1069637523.0
2020-04-30,3.865,3.916,3.863,3.908,5279981,2059990936.0
2020-05-06,3.865,3.926,3.86,3.918,3834535,1490004472.0
2020-05-07,3.918,3.925,3.899,3.911,2746388,1073971198.0
2020-05-08,3.929,3.972,3.927,3.953,3706743,1464209061.0
2020-05-11,3.959,3.992,3.935,3.946,4123096,1634097108.0
2020-05-12,3.947,3.96,3.917,3.945,5866052,2310845675.0
2020-05-13,3.933,3.96,3.92,3.954,2783969,1096626960.0
2020-05-14,3.94,3.94,3.917,3.921,3001796,1178568299.0
2020-05-15,3.928,3.94,3.901,3.902,5435703,2129155229.0
2020-05-18,3.901,3.938,3.892,3.914,3020530,1184460537.0
2020-05-19,3.95,3.957,3.932,3.943,2781211,1096942157.0
2020-05-20,3.94,3.944,3.92,3.927,1975618,777073054.0
2020-05-21,3.933,3.94,3.899,3.901,2365234,926829388.0
2020-05-22,3.898,3.898,3.813,3.815,5328616,2048425731.0
2020-05-25,3.812,3.829,3.797,3.817,2505597,955690447.0
2020-05-26,3.834,3.866,3.834,3.863,4751108,1829472410.0
2020-05-27,3.863,3.864,3.833,3.845,2311996,889357448.0
2020-05-28,3.847,3.884,3.815,3.85,2840731,1093611518.0
2020-05-29,3.83,3.869,3.823,3.866,2509198,966708845.0
2020-06-01,3.898,3.976,3.895,3.968,3509289,1385589758.0
2020-06-02,3.968,3.989,3.96,3.979,1628382,647069165.0
2020-06-03,3.998,4.02,3.976,3.978,3657525,1461404414.0
2020-06-04,3.991,3.995,3.965,3.98,2813844,1119665735.0
2020-06-05,3.979,4.004,3.965,4.003,2013596,801832963.0
2020-06-08,4.02,4.047,4.012,4.022,2856037,1149881973.0
2020-06-09,4.024,4.05,4.013,4.049,2944925,1189397524.0
2020-06-10,4.045,4.046,4.027,4.04,3183572,1285096270.0
2020-06-11,4.033,4.05,3.984,4.003,3051933,1226496439.0
2020-06-12,3.962,4.023,3.942,4.013,3090733,1230613931.0
2020-06-15,3.982,4.009,3.955,3.956,2805261,1117257834.0
2020-06-16,3.995,4.019,3.991,4.018,2476953,992947046.0
2020-06-17,4.02,4.023,3.996,4.022,2790256,1118948762.0
2020-06-18,4.013,4.055,4.005,4.053,3430027,1385004401.0
2020-06-19,4.05,4.125,4.05,4.105,3695636,1514130381.0
2020-06-22,4.105,4.14,4.097,4.109,5212442,2146227183.0
2020-06-23,4.1,4.133,4.086,4.128,3981678,1638145515.0
2020-06-24,4.138,4.167,4.136,4.164,4579422,1899221459.0
2020-06-29,4.15,4.16,4.106,4.128,2126550,876863744.0
2020-06-30,4.148,4.192,4.146,4.178,5424685,2264019132.0
2020-07-01,4.187,4.276,4.183,4.272,5740641,2425293927.0
2020-07-02,4.27,4.375,4.263,4.37,5504378,2380221137.0
2020-07-03,4.386,4.464,4.369,4.457,5867687,2583513174.0
2020-07-06,4.527,4.799,4.508,4.784,9293175,4319345422.0
2020-07-07,4.821,4.85,4.724,4.736,10745019,5140703744.0
2020-07-08,4.734,4.838,4.708,4.798,9034869,4300342496.0
2020-07-09,4.796,4.884,4.76,4.872,6424342,3104867386.0
2020-07-10,4.838,4.857,4.763,4.785,5644168,2719824197.0
2020-07-13,4.782,4.927,4.777,4.885,8243783,4008141929.0
2020-07-14,4.877,4.899,4.765,4.842,7376414,3569719095.0
2020-07-15,4.86,4.895,4.765,4.784,6624029,3200591192.0
2020-07-16,4.79,4.828,4.55,4.556,12899181,6024138887.0
2020-07-17,4.57,4.654,4.541,4.605,9042923,4154619226.0
2020-07-20,4.647,4.74,4.585,4.727,7249762,3384863206.0
2020-07-21,4.749,4.764,4.711,4.739,4653507,2204859169.0
2020-07-22,4.732,4.856,4.728,4.792,7054372,3385495850.0
2020-07-23,4.742,4.789,4.662,4.766,4305771,2037385931.0
2020-07-24,4.726,4.742,4.527,4.554,6482820,3002698170.0
2020-07-27,4.583,4.616,4.537,4.582,3111014,1424772722.0
2020-07-28,4.615,4.641,4.587,4.617,3742573,1726997386.0
2020-07-29,4.605,4.753,4.599,4.749,4883854,2295204610.0
2020-07-30,4.75,4.757,4.709,4.714,2974744,1407409977.0
2020-07-31,4.71,4.809,4.672,4.75,5185247,2461206603.0
2020-08-03,4.79,4.829,4.772,4.825,4343933,2085189584.0
2020-08-04,4.849,4.863,4.804,4.829,3114025,1504562149.0
2020-08-05,4.822,4.845,4.761,4.831,3006974,1444229400.0
2020-08-06,4.831,4.852,4.747,4.813,2246670,1078135870.0
2020-08-07,4.803,4.805,4.7,4.765,3430551,1633338710.0
2020-08-10,4.733,4.818,4.695,4.781,2404258,1145210281.0
2020-08-11,4.785,4.851,4.726,4.734,2480529,1192172419.0
2020-08-12,4.725,4.74,4.622,4.702,4240605,1982239077.0
2020-08-13,4.715,4.724,4.678,4.687,1978058,929510040.0
2020-08-14,4.688,4.78,4.67,4.778,4221856,2003224521.0
2020-08-17,4.798,4.91,4.783,4.877,5634750,2736783499.0
2020-08-18,4.882,4.892,4.844,4.87,3493118,1701347304.0
2020-08-19,4.867,4.871,4.791,4.794,4058191,1960455849.0
2020-08-20,4.77,4.781,4.723,4.743,3442808,1635643695.0
2020-08-21,4.767,4.807,4.744,4.783,2893291,1383398799.0
2020-08-24,4.805,4.831,4.778,4.813,4159345,2001903982.0
2020-08-25,4.826,4.87,4.803,4.822,2161333,1045169798.0
2020-08-26,4.819,4.849,4.747,4.763,3349817,1602850783.0
2020-08-27,4.769,4.801,4.74,4.799,2074315,990307792.0
2020-08-28,4.793,4.925,4.778,4.917,5549965,2700358154.0
2020-08-31,4.945,4.968,4.87,4.874,4886972,2411052931.0
2020-09-01,4.866,4.91,4.86,4.908,2405330,1174549249.0
2020-09-02,4.919,4.925,4.854,4.904,3859047,1888805896.0
2020-09-03,4.898,4.94,4.861,4.884,2298303,1126381241.0
2020-09-04,4.81,4.847,4.791,4.829,3751025,1805338853.0
2020-09-07,4.82,4.855,4.71,4.732,4457466,2132974128.0
2020-09-08,4.74,4.77,4.704,4.756,4858203,2301096971.0
2020-09-09,4.7,4.71,4.615,4.645,5154947,2407141145.0
2020-09-10,4.684,4.706,4.634,4.649,4235369,1982854311.0
2020-09-11,4.63,4.693,4.627,4.685,2799463,1305435223.0
2020-09-14,4.707,4.724,4.685,4.712,2635947,1240126300.0
2020-09-15,4.705,4.755,4.694,4.747,2928606,1384217308.0
2020-09-16,4.745,4.749,4.702,4.719,1889127,893325907.0
2020-09-17,4.703,4.735,4.667,4.69,4081454,1916736898.0
2020-09-18,4.695,4.813,4.693,4.811,8735178,4159028072.0
2020-09-21,4.815,4.85,4.75,4.756,3816204,1825584796.0
2020-09-22,4.725,4.776,4.679,4.699,5785134,2730884257.0
2020-09-23,4.703,4.729,4.684,4.713,4660062,2194437868.0
2020-09-24,4.685,4.696,4.625,4.636,3445023,1602695301.0
2020-09-25,4.643,4.666,4.621,4.639,3253692,1509949944.0
2020-09-28,4.642,4.681,4.635,4.649,3046796,1418157832.0
2020-09-29,4.67,4.687,4.652,4.66,3158810,1474785387.0
2020-09-30,4.673,4.695,4.62,4.646,4549102,2117459399.0
2020-10-09,4.721,4.765,4.72,4.739,3596667,1703741731.0
2020-10-12,4.765,4.893,4.763,4.887,3609528,1747762574.0
2020-10-13,4.888,4.914,4.86,4.903,3200439,1562011927.0
2020-10-14,4.89,4.897,4.863,4.879,2789483,1360025596.0
2020-10-15,4.874,4.901,4.858,4.867,3305283,1611849494.0
2020-10-16,4.864,4.892,4.824,4.853,2835707,1379059690.0
2020-10-19,4.88,4.92,4.804,4.822,6019252,2924978826.0
2020-10-20,4.811,4.854,4.807,4.852,2739130,1322702077.0
2020-10-21,4.855,4.864,4.818,4.858,3488947,1690610422.0
2020-10-22,4.844,4.859,4.792,4.842,2571483,1239996905.0
2020-10-23,4.832,4.867,4.781,4.786,7768057,3742156537.0
2020-10-26,4.757,4.776,4.706,4.75,5071474,2405937650.0
2020-10-27,4.737,4.77,4.733,4.764,2993488,1423170547.0
2020-10-28,4.762,4.818,4.747,4.804,4828291,2308480718.0
2020-10-29,4.759,4.871,4.752,4.848,3710248,1788027264.0
2020-10-30,4.838,4.847,4.748,4.757,3845878,1841396295.0
2020-11-02,4.759,4.804,4.759,4.785,2001660,957490285.0
2020-11-03,4.8,4.863,4.8,4.836,3561129,1720609438.0
2020-11-04,4.845,4.895,4.83,4.873,3447388,1675789715.0
2020-11-05,4.92,4.953,4.9,4.949,3758944,1854962369.0
2020-11-06,4.958,4.962,4.908,4.951,3541237,1747900635.0
2020-11-09,4.98,5.074,4.98,5.048,5979880,3010717306.0
2020-11-10,5.06,5.063,4.992,5.021,3847847,1934778678.0
2020-11-11,5.008,5.028,4.969,4.974,3940726,1969353182.0
2020-11-12,4.98,4.994,4.956,4.971,2580329,1283521965.0
2020-11-13,4.951,4.953,4.887,4.92,4329279,2124647713.0
2020-11-16,4.945,4.975,4.911,4.973,2851087,1409715394.0
2020-11-17,4.967,4.97,4.934,4.964,2987696,1479905275.0
2020-11-18,4.96,4.982,4.934,4.957,3606987,1790609652.0
2020-11-19,4.946,5.012,4.938,4.999,2700795,1345193263.0
2020-11-20,5.0,5.02,4.986,5.014,2845033,1423546309.0
2020-11-23,5.03,5.105,5.009,5.072,5211471,2636959456.0
2020-11-24,5.069,5.075,5.031,5.04,3461421,1747429494.0
2020-11-25,5.055,5.077,4.976,4.978,4251960,2134951326.0
2020-11-26,4.976,4.99,4.937,4.985,3958386,1966293317.0
2020-11-27,4.985,5.06,4.977,5.056,3787808,1897536955.0
2020-11-30,5.069,5.13,5.028,5.031,5351157,2720233205.0
2020-12-01,5.027,5.15,5.026,5.142,4752837,2427406342.0
2020-12-02,5.145,5.165,5.108,5.131,2929469,1504583763.0
2020-12-03,5.126,5.147,5.103,5.129,2489868,1276108539.0
2020-12-04,5.12,5.147,5.08,5.14,3301548,1690672152.0
2020-12-07,5.14,5.142,5.077,5.096,3593753,1833454989.0
2020-12-08,5.096,5.12,5.072,5.08,3612519,1839851218.0
2020-12-09,5.095,5.107,5.011,5.02,5685506,2876485547.0
2020-12-10,5.01,5.032,4.992,5.01,3189474,1598596517.0
2020-12-11,5.02,5.035,4.918,4.954,4030120,2000650455.0
2020-12-14,4.959,5.002,4.948,4.998,2518877,1254112959.0
2020-12-15,4.998,5.02,4.966,5.013,2844127,1419141947.0
2020-12-16,5.02,5.03,5.004,5.023,2840815,1425691988.0
2020-12-17,5.022,5.098,5.014,5.094,4662309,2356909280.0
2020-12-18,5.09,5.095,5.043,5.065,4607113,2334924963.0
2020-12-21,5.062,5.121,5.035,5.11,4458961,2272522629.0
2020-12-22,5.099,5.117,5.026,5.033,5153970,2620513199.0
2020-12-23,5.04,5.098,5.037,5.074,3386872,1715172080.0
2020-12-24,5.074,5.097,5.05,5.074,3833767,1946157074.0
2020-12-25,5.054,5.119,5.043,5.116,4033561,2053182584.0
2020-12-28,5.112,5.16,5.103,5.13,4471300,2291869850.0
2020-12-29,5.138,5.152,5.106,5.114,3427179,1756155512.0
2020-12-30,5.11,5.18,5.107,5.178,3406715,1756760313.0
2020-12-31,5.188,5.293,5.186,5.287,8617992,4531294876.0
2021-01-04,5.28,5.366,5.26,5.334,5067056,2697192786.0
2021-01-05,5.321,5.445,5.305,5.433,6228308,3349890567.0
2021-01-06,5.447,5.514,5.417,5.482,3749451,2048972312.0
2021-01-07,5.49,5.6,5.483,5.599,4706592,2604546536.0
2021-01-08,5.608,5.631,5.519,5.571,6975648,3884322786.0
2021-01-11,5.572,5.62,5.477,5.508,6359652,3536919284.0
2021-01-12,5.496,5.672,5.492,5.668,5962808,3327361995.0
2021-01-13,5.684,5.715,5.61,5.646,5524344,3129878571.0
2021-01-14,5.646,5.646,5.538,5.543,6960480,3885747946.0
2021-01-15,5.543,5.576,5.46,5.526,7090492,3916989378.0
2021-01-18,5.451,5.547,5.415,5.513,3967686,2176480901.0
2021-01-19,5.518,5.53,5.416,5.438,4170097,2282323327.0
2021-01-20,5.436,5.495,5.43,5.468,4223858,2307751582.0
2021-01-21,5.483,5.588,5.483,5.562,5116203,2833318057.0
2021-01-22,5.557,5.57,5.506,5.565,5543093,3074483607.0
2021-01-25,5.564,5.649,5.531,5.631,4501772,2518875353.0
2021-01-26,5.607,5.61,5.503,5.511,3927450,2175771665.0
2021-01-27,5.505,5.532,5.45,5.521,5915416,3252544454.0
2021-01-28,5.46,5.46,5.364,5.385,4699518,2541914763.0
2021-01-29,5.407,5.423,5.282,5.348,6221139,3343269149.0
2021-02-01,5.348,5.414,5.346,5.411,4362881,2352426025.0
2021-02-02,5.42,5.494,5.411,5.491,5731569,3133181944.0
2021-02-03,5.491,5.525,5.464,5.485,2819695,1549207312.0
2021-02-04,5.46,5.51,5.416,5.474,3000842,1639395452.0
2021-02-05,5.486,5.547,5.476,5.482,5600005,3085296672.0
2021-02-08,5.52,5.573,5.482,5.554,4750134,2628084266.0
2021-02-09,5.575,5.694,5.55,5.692,4182998,2349537935.0
2021-02-10,5.706,5.833,5.697,5.807,3419099,1973984357.0
2021-02-18,5.923,5.933,5.748,5.764,4707657,2747359954.0
2021-02-19,5.742,5.801,5.671,5.796,7090647,4060011755.0
2021-02-22,5.785,5.786,5.584,5.589,7760760,4399449170.0
2021-02-23,5.55,5.637,5.547,5.574,5912504,3308715193.0
2021-02-24,5.588,5.6,5.371,5.427,10112690,5539235696.0
2021-02-25,5.481,5.523,5.442,5.478,6693054,3670095572.0
2021-02-26,5.389,5.42,5.321,5.329,8370703,4486159732.0
2021-03-01,5.381,5.42,5.348,5.418,5582085,3007992810.0
2021-03-02,5.446,5.451,5.307,5.349,4338598,2338148826.0
2021-03-03,5.333,5.458,5.316,5.454,3611546,1950248200.0
2021-03-04,5.4,5.4,5.258,5.287,6449816,3428246550.0
2021-03-05,5.202,5.311,5.179,5.266,5936329,3111411979.0
2021-03-08,5.3,5.325,5.07,5.08,5637220,2929014217.0
2021-03-09,5.077,5.095,4.926,4.979,9317191,4677125840.0
2021-03-10,5.037,5.061,4.983,5.0,6365358,3197285817.0
2021-03-11,5.024,5.132,5.015,5.129,6206769,3161968866.0
2021-03-12,5.145,5.152,5.08,5.142,4482015,2295113622.0
2021-03-15,5.118,5.119,4.993,5.04,3865724,1952657088.0
2021-03-16,5.042,5.086,5.012,5.073,3232361,1635219630.0
2021-03-17,5.059,5.121,5.013,5.096,3062946,1554332781.0
2021-03-18,5.108,5.159,5.106,5.136,3196101,1639545016.0
2021-03-19,5.072,5.088,4.983,4.997,4921956,2478004771.0
2021-03-22,4.995,5.072,4.99,5.054,4234868,2132916087.0
2021-03-23,5.049,5.058,4.967,5.009,4916388,2459560323.0
2021-03-24,4.988,5.03,4.912,4.933,7550529,3741109719.0
2021-03-25,4.906,4.951,4.888,4.929,2849086,1402397542.0
2021-03-26,4.95,5.056,4.946,5.033,5565350,2790146481.0
2021-03-29,5.045,5.08,5.005,5.043,6392568,3229920086.0
2021-03-30,5.04,5.104,5.03,5.087,2682839,1361536031.0
2021-03-31,5.083,5.084,5.013,5.05,2308127,1163103562.0
2021-04-01,5.056,5.12,5.052,5.112,3229964,1641836114.0
2021-04-02,5.13,5.166,5.109,5.161,2803346,1440678165.0
2021-04-06,5.173,5.177,5.12,5.133,2346355,1206265186.0
2021-04-07,5.138,5.14,5.067,5.098,1752173,891976442.0
2021-04-08,5.081,5.13,5.057,5.109,1407559,718026030.0
2021-04-09,5.095,5.095,5.025,5.038,2223298,1122455291.0
2021-04-12,5.026,5.049,4.937,4.954,6639382,3300299232.0
2021-04-13,4.946,4.994,4.929,4.947,4535452,2247446204.0
2021-04-14,4.952,4.989,4.943,4.975,5271842,2620909273.0
2021-04-15,4.96,4.965,4.894,4.947,4935407,2431754041.0
2021-04-16,4.959,4.975,4.918,4.963,4998940,2476638366.0
2021-04-19,4.959,5.097,4.936,5.089,5673692,2864077168.0
2021-04-20,5.071,5.116,5.062,5.081,3698516,1882537197.0
2021-04-21,5.049,5.108,5.047,5.093,4143214,2104768796.0
2021-04-22,5.101,5.118,5.065,5.089,4483992,2279984129.0
2021-04-23,5.081,5.15,5.081,5.14,3229926,1656258286.0
2021-04-26,5.151,5.191,5.071,5.076,5380616,2762169537.0
2021-04-27,5.08,5.098,5.053,5.089,3177926,1612968576.0
2021-04-28,5.071,5.13,5.056,5.127,3012460,1535175286.0
2021-04-29,5.128,5.18,5.12,5.173,3809845,1964024088.0
2021-04-30,5.161,5.172,5.094,5.128,4042413,2075946585.0
2021-05-06,5.109,5.142,5.035,5.061,4075746,2073197356.0
2021-05-07,5.073,5.097,4.996,5.0,3382892,1705351377.0
2021-05-10,5.004,5.025,4.955,4.999,3691991,1843018242.0
2021-05-11,4.967,5.044,4.932,5.025,3979265,1985720797.0
2021-05-12,5.014,5.063,4.996,5.056,2539712,1277881517.0
2021-05-13,5.016,5.027,4.976,5.001,4725439,2363024820.0
2021-05-14,5.02,5.129,4.992,5.127,8489630,4316323603.0
2021-05-17,5.123,5.215,5.117,5.188,6672555,3464215782.0
2021-05-18,5.199,5.212,5.167,5.19,2834588,1469848173.0
2021-05-19,5.18,5.196,5.153,5.176,3933595,2034732842.0
2021-05-20,5.172,5.206,5.152,5.19,2701391,1400149094.0
2021-05-21,5.197,5.227,5.123,5.135,5410635,2791300042.0
2021-05-24,5.135,5.164,5.096,5.163,3496128,1796637071.0
2021-05-25,5.163,5.338,5.163,5.327,15361601,8133780760.0
2021-05-26,5.331,5.353,5.316,5.328,4868611,2596720927.0
2021-05-27,5.32,5.394,5.296,5.347,5307535,2835202994.0
2021-05-28,5.346,5.373,5.3,5.332,3456219,1843452031.0
2021-05-31,5.329,5.339,5.29,5.338,3286030,1745986740.0
2021-06-01,5.333,5.35,5.271,5.346,4544228,2415673323.0
2021-06-02,5.351,5.357,5.276,5.303,5776071,3069526940.0
2021-06-03,5.3,5.323,5.26,5.262,4432764,2344157011.0
2021-06-04,5.25,5.352,5.233,5.295,5581178,2951205181.0
2021-06-07,5.295,5.298,5.251,5.289,2652774,1399803061.0
2021-06-08,5.289,5.34,5.213,5.247,4542037,2392039783.0
2021-06-09,5.233,5.266,5.231,5.255,2595132,1362104027.0
2021-06-10,5.249,5.324,5.248,5.289,4041126,2139819984.0
2021-06-11,5.293,5.307,5.236,5.24,3375558,1774141747.0
2021-06-15,5.24,5.25,5.154,5.181,4312366,2237735909.0
2021-06-16,5.175,5.183,5.094,5.11,5573017,2861614500.0
2021-06-17,5.1,5.144,5.097,5.121,3422105,1752532813.0
2021-06-18,5.12,5.155,5.089,5.126,5237657,2681620828.0
2021-06-21,5.108,5.155,5.087,5.119,4492631,2297972209.0
2021-06-22,5.14,5.151,5.111,5.145,6783142,3481237670.0
2021-06-23,5.152,5.203,5.136,5.176,5864652,3034353444.0
2021-06-24,5.18,5.19,5.155,5.189,2175097,1125515428.0
2021-06-25,5.193,5.289,5.191,5.27,6192587,3253306021.0
2021-06-28,5.278,5.29,5.257,5.279,4454965,2349760661.0
2021-06-29,5.279,5.279,5.215,5.225,2901856,1520211071.0
2021-06-30,5.226,5.267,5.225,5.256,3711710,1948238474.0
2021-07-01,5.273,5.284,5.222,5.254,5643739,2964560981.0
2021-07-02,5.22,5.222,5.111,5.113,4422360,2278045477.0
2021-07-05,5.113,5.132,5.09,5.12,2575703,1316062244.0
2021-07-06,5.12,5.13,5.071,5.127,3816887,1946038944.0
2021-07-07,5.105,5.202,5.097,5.18,3494651,1802156519.0
2021-07-08,5.189,5.196,5.121,5.136,3280350,1689688923.0
2021-07-09,5.12,5.128,5.056,5.112,4262319,2174685021.0
2021-07-12,5.15,5.209,5.122,5.18,5966929,3088418555.0
2021-07-13,5.179,5.214,5.168,5.196,3464404,1798359498.0
2021-07-14,5.191,5.191,5.128,5.139,3824693,1970051836.0
2021-07-15,5.131,5.214,5.124,5.207,3552867,1839020775.0
2021-07-16,5.2,5.205,5.152,5.156,3702351,1916254592.0
2021-07-19,5.147,5.188,5.106,5.178,3320462,1709347745.0
2021-07-20,5.14,5.179,5.131,5.165,3066793,1581145200.0
2021-07-21,5.18,5.225,5.172,5.204,5784303,3011038370.0
2021-07-22,5.205,5.233,5.198,5.209,2696841,1405906247.0
2021-07-23,5.21,5.211,5.145,5.157,2681441,1384583057.0
2021-07-26,5.137,5.138,4.923,4.982,9152734,4590557872.0
2021-07-27,4.979,5.0,4.803,4.809,8072052,3972490920.0
2021-07-28,4.803,4.843,4.735,4.819,9133473,4378815460.0
2021-07-29,4.899,4.917,4.858,4.906,6402064,3130337228.0
2021-07-30,4.883,4.884,4.821,4.872,2258702,1097220227.0
2021-08-02,4.856,5.004,4.824,4.993,3752039,1853444876.0
2021-08-03,4.971,5.019,4.955,4.995,2330098,1161609447.0
2021-08-04,4.984,5.04,4.982,5.039,2486453,1248682987.0
2021-08-05,5.004,5.058,4.981,5.009,2098716,1053873943.0
2021-08-06,5.0,5.005,4.962,4.993,1126992,561475942.0
2021-08-09,4.97,5.067,4.952,5.048,2290906,1151898657.0
2021-08-10,5.036,5.108,5.002,5.105,3241224,1635519300.0
2021-08-11,5.098,5.124,5.075,5.078,2391296,1219614186.0
2021-08-12,5.06,5.081,5.036,5.046,1339717,677135203.0
2021-08-13,5.033,5.066,4.99,5.019,2025664,1017354166.0
2021-08-16,5.013,5.044,5.001,5.016,1862036,934436575.0
2021-08-17,5.01,5.042,4.895,4.904,3523009,1751144106.0
2021-08-18,4.904,4.986,4.892,4.957,3847710,1901295854.0
2021-08-19,4.94,4.957,4.901,4.923,2403110,1185219027.0
2021-08-20,4.912,4.913,4.788,4.833,4184413,2023086385.0
2021-08-23,4.843,4.911,4.84,4.905,3529613,1724629446.0
2021-08-24,4.91,4.978,4.91,4.957,3177054,1571638429.0
2021-08-25,4.965,4.973,4.938,4.971,2076564,1029752682.0
2021-08-26,4.968,4.969,4.87,4.886,1948403,956302469.0
2021-08-27,4.879,4.944,4.876,4.899,2322364,1140911545.0
2021-08-30,4.911,4.922,4.859,4.881,2155322,1052155091.0
2021-08-31,4.882,4.897,4.81,4.879,2450326,1190430817.0
2021-09-01,4.88,4.988,4.84,4.949,3865183,1903964598.0
2021-09-02,4.96,4.968,4.92,4.945,2240048,1107121906.0
2021-09-03,4.945,4.969,4.909,4.918,3483673,1718509769.0
2021-09-06,4.918,5.016,4.914,5.002,4945359,2468976363.0
2021-09-07,5.0,5.089,4.986,5.065,4574956,2304933623.0
2021-09-08,5.069,5.093,5.028,5.044,2369431,1198609525.0
2021-09-09,5.031,5.043,5.002,5.042,1825452,917262214.0
2021-09-10,5.037,5.127,5.034,5.091,3893350,1982110598.0
2021-09-13,5.085,5.109,5.035,5.064,3200157,1620670961.0
2021-09-14,5.065,5.082,4.977,4.998,3277120,1645687915.0
2021-09-15,4.99,4.991,4.917,4.945,2707359,1340902838.0
2021-09-16,4.945,4.955,4.881,4.889,4293484,2106848912.0
2021-09-17,4.888,4.934,4.868,4.928,5139927,2520613347.0
2021-09-22,4.86,4.912,4.852,4.895,4916296,2399574657.0
2021-09-23,4.917,4.955,4.906,4.924,2869733,1413518503.0
2021-09-24,4.928,4.975,4.918,4.931,4647712,2299464435.0
2021-09-27,4.945,4.998,4.921,4.963,3598936,1786172115.0
2021-09-28,4.955,4.98,4.926,4.954,2636353,1306079041.0
2021-09-29,4.922,4.949,4.878,4.921,5922611,2909490209.0
2021-09-30,4.923,4.953,4.921,4.935,3129597,1544835059.0
2021-10-08,4.978,5.015,4.971,5.006,2446241,1222701431.0
2021-10-11,5.014,5.06,5.001,5.005,2603224,1309512481.0
2021-10-12,4.987,4.998,4.913,4.953,3306068,1639579407.0
2021-10-13,4.945,5.025,4.943,5.009,2535737,1264333991.0
2021-10-14,5.003,5.028,4.971,4.982,1998087,998317197.0
2021-10-15,4.979,5.017,4.96,5.006,2179701,1089703600.0
2021-10-18,5.003,5.004,4.916,4.948,2512605,1241208468.0
2021-10-19,4.94,5.0,4.937,4.995,2884698,1436191679.0
2021-10-20,5.0,5.022,4.971,4.981,1566963,782001177.0
2021-10-21,4.98,5.027,4.962,5.003,2240855,1119219633.0
2021-10-22,5.01,5.072,5.01,5.036,3345973,1686635694.0
2021-10-25,5.022,5.061,5.011,5.053,2653745,1336929143.0
2021-10-26,5.055,5.088,5.023,5.036,2479095,1251852282.0
2021-10-27,5.024,5.024,4.958,4.97,2781043,1385676615.0
2021-10-28,4.96,4.977,4.926,4.949,4413412,2185194500.0
2021-10-29,4.946,4.982,4.934,4.981,4264847,2114092670.0
2021-11-01,4.957,4.988,4.939,4.965,1950023,967955364.0
2021-11-02,4.962,4.995,4.874,4.913,4294135,2119278887.0
2021-11-03,4.91,4.936,4.879,4.893,3406351,1671068454.0
2021-11-04,4.913,4.951,4.912,4.94,2844233,1403738125.0
2021-11-05,4.93,4.967,4.922,4.923,2656008,1312374545.0
2021-11-08,4.92,4.948,4.902,4.919,3124852,1539084826.0
2021-11-09,4.935,4.952,4.892,4.917,2628400,1292760723.0
2021-11-10,4.913,4.913,4.826,4.892,4894264,2379856064.0
2021-11-11,4.882,4.975,4.88,4.972,3523650,1740182227.0
2021-11-12,4.976,4.991,4.954,4.97,2729067,1355972393.0
2021-11-15,4.974,4.991,4.943,4.964,3359154,1667408825.0
2021-11-16,4.966,4.996,4.95,4.96,3518703,1750476662.0
2021-11-17,4.953,4.974,4.941,4.959,2269818,1125215664.0
2021-11-18,4.947,4.952,4.902,4.915,3606012,1774308236.0
2021-11-19,4.91,4.976,4.905,4.97,2759206,1365616714.0
2021-11-22,4.974,4.995,4.967,4.983,3536475,1761554915.0
2021-11-23,4.976,5.0,4.966,4.986,3172672,1582334509.0
2021-11-24,4.986,5.016,4.974,4.997,1785947,891904463.0
2021-11-25,4.998,4.999,4.97,4.978,1372600,683495479.0
2021-11-26,4.965,4.966,4.927,4.936,2046378,1011650370.0
2021-11-29,4.9,4.938,4.9,4.929,2338560,1151391533.0
2021-11-30,4.932,4.949,4.888,4.911,1836800,903625434.0
2021-12-01,4.911,4.929,4.907,4.924,2116262,1040600306.0
2021-12-02,4.92,4.945,4.903,4.934,1610351,794007121.0
2021-12-03,4.934,4.98,4.926,4.979,2196321,1087954879.0
2021-12-06,4.982,5.016,4.969,4.974,3328991,1663482019.0
2021-12-07,4.995,5.009,4.978,5.002,2124268,1060624162.0
2021-12-08,5.007,5.079,4.989,5.074,3411917,1721655415.0
2021-12-09,5.078,5.204,5.076,5.158,6332212,3267970660.0
2021-12-10,5.143,5.15,5.123,5.143,3961260,2035800619.0
2021-12-13,5.167,5.227,5.149,5.156,4290338,2227870764.0
2021-12-14,5.137,5.155,5.115,5.125,3626878,1860581410.0
2021-12-15,5.12,5.136,5.075,5.079,2035832,1038757245.0
2021-12-16,5.082,5.107,5.065,5.106,3773043,1919332421.0
2021-12-17,5.098,5.101,5.031,5.033,6226189,3145885077.0
2021-12-20,5.019,5.05,4.947,4.958,8518253,4250322969.0
2021-12-21,4.953,4.992,4.949,4.979,5171335,2572582597.0
2021-12-22,4.992,5.004,4.97,4.982,6660462,3320651900.0
2021-12-23,4.993,5.026,4.978,5.02,3023053,1512949495.0
2021-12-24,5.026,5.032,4.978,4.997,2603961,1301806385.0
2021-12-27,4.997,5.018,4.97,5.001,5044913,2520394801.0
2021-12-28,5.001,5.037,4.992,5.027,6399142,3209575435.0
2021-12-29,5.025,5.031,4.959,4.96,4038656,2011288440.0
2021-12-30,4.96,5.017,4.955,4.996,4744980,2369943644.0
2021-12-31,5.01,5.029,4.994,5.008,3514166,1760912797.0
2022-01-04,5.025,5.027,4.942,4.99,4863553,2417587490.0
2022-01-05,4.979,4.992,4.925,4.943,4640731,2300116660.0
2022-01-06,4.923,4.933,4.857,4.887,5172728,2530768429.0
2022-01-07,4.9,4.93,4.893,4.899,4785197,2349400429.0
2022-01-10,4.888,4.923,4.859,4.912,4911223,2406258642.0
2022-01-11,4.912,4.924,4.864,4.867,4122189,2014962361.0
2022-01-12,4.884,4.933,4.884,4.919,5113326,2511098388.0
2022-01-13,4.93,4.932,4.836,4.838,4882723,2379000209.0
2022-01-14,4.825,4.84,4.791,4.794,4100290,1972987305.0
2022-01-17,4.798,4.851,4.797,4.835,4983491,2407274463.0
2022-01-18,4.832,4.897,4.815,4.881,6241671,3038466592.0
2022-01-19,4.815,4.839,4.756,4.78,5224393,2501399275.0
2022-01-20,4.775,4.847,4.774,4.818,5412785,2608626685.0
2022-01-21,4.81,4.815,4.764,4.784,7814370,3739337873.0
2022-01-24,4.76,4.799,4.748,4.786,4605740,2197609279.0
2022-01-25,4.762,4.777,4.676,4.68,5952709,2814468229.0
2022-01-26,4.695,4.711,4.65,4.706,5218421,2449571754.0
2022-01-27,4.693,4.699,4.616,4.625,6076217,2827030197.0
2022-01-28,4.637,4.659,4.55,4.554,8583917,3950302957.0
2022-02-07,4.625,4.663,4.606,4.626,4845868,2243165816.0
2022-02-08,4.626,4.626,4.515,4.604,4481413,2050015387.0
2022-02-09,4.606,4.653,4.59,4.643,4589381,2124086971.0
2022-02-10,4.65,4.653,4.606,4.632,4953831,2291737788.0
2022-02-11,4.614,4.658,4.593,4.596,4617436,2134586499.0
2022-02-14,4.58,4.594,4.526,4.547,3299679,1503834184.0
2022-02-15,4.548,4.593,4.546,4.589,6043144,2765515057.0
2022-02-16,4.61,4.634,4.598,4.61,4498005,2076275356.0
2022-02-17,4.605,4.644,4.599,4.62,6290407,2909007334.0
2022-02-18,4.6,4.645,4.595,4.644,3041052,1405440367.0
2022-02-21,4.636,4.637,4.605,4.627,3241951,1497429121.0
2022-02-22,4.59,4.597,4.549,4.567,3153168,1438664973.0
2022-02-23,4.58,4.618,4.571,4.615,4469039,2054646294.0
2022-02-24,4.59,4.602,4.489,4.53,5912365,2683234005.0
2022-02-25,4.553,4.611,4.553,4.565,3844661,1760979832.0
2022-02-28,4.562,4.573,4.522,4.571,2693171,1225032615.0
2022-03-01,4.588,4.617,4.573,4.609,3261629,1499507431.0
2022-03-02,4.589,4.59,4.552,4.574,1946013,889476591.0
2022-03-03,4.59,4.6,4.535,4.545,2006899,914647557.0
2022-03-04,4.505,4.534,4.48,4.494,4053766,1823719304.0
2022-03-07,4.459,4.459,4.328,4.346,5831130,2553534379.0
2022-03-08,4.347,4.371,4.248,4.264,6917081,2976687582.0
2022-03-09,4.272,4.294,4.07,4.224,7867488,3301655736.0
2022-03-10,4.3,4.326,4.282,4.284,5528465,2377355398.0
2022-03-11,4.228,4.318,4.175,4.312,3973422,1687296407.0
2022-03-14,4.25,4.274,4.171,4.172,4331004,1828943108.0
2022-03-15,4.135,4.164,3.968,3.973,10444778,4244938233.0
2022-03-16,4.035,4.17,3.942,4.146,13251385,5383854367.0
2022-03-17,4.223,4.294,4.205,4.23,11475616,4866876953.0
2022-03-18,4.21,4.276,4.189,4.258,4030217,1703858645.0
2022-03-21,4.263,4.28,4.212,4.252,3720164,1581985311.0
2022-03-22,4.232,4.282,4.231,4.248,2504225,1064168279.0
2022-03-23,4.258,4.286,4.24,4.273,3082447,1314097169.0
2022-03-24,4.25,4.27,4.213,4.246,2206418,935511944.0
2022-03-25,4.245,4.254,4.167,4.169,3568083,1499894627.0
2022-03-28,4.134,4.174,4.083,4.144,4155938,1715993645.0
2022-03-29,4.155,4.173,4.119,4.126,2310331,957679748.0
2022-03-30,4.154,4.252,4.154,4.249,5002575,2107747773.0
2022-03-31,4.239,4.244,4.21,4.218,4242790,1791950308.0
2022-04-01,4.187,4.289,4.185,4.269,3752472,1594296080.0
2022-04-06,4.243,4.269,4.228,4.257,3398938,1443714218.0
2022-04-07,4.237,4.268,4.202,4.205,2783984,1177384174.0
2022-04-08,4.208,4.236,4.175,4.233,3202713,1349449555.0
2022-04-11,4.205,4.206,4.088,4.101,5800585,2391596005.0
2022-04-12,4.103,4.176,4.076,4.171,8064759,3334403949.0
2022-04-13,4.151,4.187,4.135,4.139,3872602,1609161765.0
2022-04-14,4.176,4.212,4.153,4.183,5736892,2400662553.0
2022-04-15,4.16,4.206,4.15,4.181,5322380,2224422362.0
2022-04-18,4.145,4.164,4.117,4.161,2797093,1159501389.0
2022-04-19,4.16,4.186,4.11,4.134,3139962,1301465627.0
2022-04-20,4.132,4.138,4.058,4.064,3903434,1596762869.0
2022-04-21,4.052,4.081,3.975,3.996,7925085,3193817666.0
2022-04-22,3.965,4.037,3.952,4.006,6173784,2469379279.0
2022-04-25,3.945,3.959,3.807,3.813,16542843,6447291622.0
2022-04-26,3.816,3.873,3.774,3.783,15437597,5888627373.0
2022-04-27,3.771,3.891,3.76,3.889,13725839,5260465092.0
2022-04-28,3.872,3.935,3.869,3.915,10729261,4183266934.0
2022-04-29,3.929,4.019,3.893,4.015,7631212,3024738240.0
2022-05-05,3.98,4.031,3.97,4.0,7360954,2950065279.0
2022-05-06,3.925,3.943,3.9,3.903,5206697,2042557049.0
2022-05-09,3.878,3.906,3.85,3.871,3187006,1234844481.0
2022-05-10,3.833,3.933,3.808,3.916,5474672,2129935211.0
2022-05-11,3.909,4.026,3.909,3.971,6290116,2502148839.0
2022-05-12,3.955,3.979,3.933,3.951,3071058,1215316563.0
2022-05-13,3.988,3.999,3.952,3.982,2799732,1113468054.0
2022-05-16,4.0,4.014,3.94,3.951,4425843,1755248936.0
2022-05-17,3.96,4.001,3.949,4.0,3008496,1197703803.0
2022-05-18,4.007,4.017,3.96,3.986,2640173,1052734331.0
2022-05-19,3.947,3.997,3.936,3.995,3249620,1289180789.0
2022-05-20,4.02,4.08,4.01,4.079,6004614,2434115747.0
2022-05-23,4.079,4.079,4.021,4.047,5120913,2070370273.0
2022-05-24,4.046,4.049,3.96,3.965,4156645,1664349497.0
2022-05-25,3.96,3.984,3.948,3.982,4576841,1814584625.0
2022-05-26,3.983,4.02,3.932,3.992,4816141,1914318710.0
2022-05-27,4.022,4.057,3.985,4.002,5532972,2228537581.0
2022-05-30,4.02,4.043,4.007,4.025,4505319,1813277775.0
2022-05-31,4.025,4.103,4.016,4.089,4522581,1836840908.0
2022-06-01,4.089,4.096,4.06,4.083,3774345,1540652770.0
2022-06-02,4.066,4.098,4.058,4.094,2901326,1183803267.0
2022-06-06,4.092,4.177,4.065,4.176,4238359,1751273369.0
2022-06-07,4.161,4.202,4.155,4.182,3808642,1592929720.0
2022-06-08,4.185,4.23,4.165,4.224,4272911,1796493323.0
2022-06-09,4.215,4.234,4.173,4.19,2916148,1226358662.0
2022-06-10,4.159,4.26,4.158,4.248,6480691,2738650040.0
2022-06-13,4.21,4.223,4.17,4.196,5799002,2431783718.0
2022-06-14,4.165,4.24,4.115,4.236,6249026,2613833381.0
2022-06-15,4.233,4.364,4.233,4.285,11218852,4834544988.0
2022-06-16,4.298,4.317,4.249,4.258,5075120,2175195322.0
2022-06-17,4.241,4.337,4.235,4.321,7156474,3070562903.0
2022-06-20,4.331,4.388,4.308,4.342,7324345,3177526646.0
2022-06-21,4.342,4.378,4.305,4.34,4224015,1833860937.0
2022-06-22,4.34,4.347,4.282,4.29,3619643,1560986297.0
2022-06-23,4.291,4.367,4.284,4.365,4056939,1755177553.0
2022-06-24,4.375,4.426,4.363,4.413,4148338,1823076990.0
2022-06-27,4.429,4.499,4.429,4.461,4559811,2036731655.0
2022-06-28,4.46,4.526,4.433,4.513,3748824,1678987256.0
2022-06-29,4.498,4.527,4.443,4.458,5448356,2437464367.0
2022-06-30,4.454,4.545,4.453,4.508,5680516,2558737770.0
2022-07-01,4.52,4.525,4.474,4.493,4455712,2004084502.0
2022-07-04,4.478,4.523,4.449,4.521,3874217,1742756113.0
2022-07-05,4.526,4.565,4.462,4.511,3921158,1764375389.0
2022-07-06,4.5,4.51,4.423,4.452,3189627,1422718113.0
2022-07-07,4.445,4.488,4.422,4.468,4030459,1799540021.0
2022-07-08,4.491,4.513,4.457,4.464,2082490,933514536.0
2022-07-11,4.446,4.446,4.37,4.388,4522075,1985923670.0
2022-07-12,4.382,4.407,4.338,4.352,3435392,1500811278.0
2022-07-13,4.355,4.379,4.328,4.359,2956003,1286893961.0
2022-07-14,4.355,4.389,4.336,4.36,3264143,1423957223.0
2022-07-15,4.35,4.4,4.293,4.295,7373071,3198511730.0
2022-07-18,4.312,4.359,4.274,4.341,3891151,1680718462.0
2022-07-19,4.337,4.337,4.285,4.319,3535270,1526690226.0
2022-07-20,4.34,4.36,4.318,4.331,2998384,1301780820.0
2022-07-21,4.315,4.338,4.285,4.286,3104926,1336941254.0
2022-07-22,4.301,4.335,4.259,4.289,3147688,1353688808.0
2022-07-25,4.285,4.288,4.253,4.271,2516761,1074518097.0
2022-07-26,4.277,4.32,4.274,4.3,3762545,1616765933.0
2022-07-27,4.29,4.297,4.268,4.276,2571786,1100930340.0
2022-07-28,4.292,4.33,4.275,4.279,3695810,1591342846.0
2022-07-29,4.283,4.305,4.211,4.22,4712654,2000643545.0
2022-08-01,4.206,4.248,4.181,4.238,2983915,1259938955.0
2022-08-02,4.21,4.21,4.132,4.167,5439733,2264729834.0
2022-08-03,4.18,4.209,4.111,4.122,3766628,1569163066.0
2022-08-04,4.139,4.162,4.122,4.153,2617509,1084601677.0
2022-08-05,4.156,4.224,4.153,4.218,3933852,1643679831.0
2022-08-08,4.201,4.219,4.193,4.204,1572824,661606877.0
2022-08-09,4.202,4.219,4.19,4.211,2418244,1017515521.0
2022-08-10,4.202,4.216,4.148,4.166,2037632,851095724.0
2022-08-11,4.183,4.26,4.176,4.254,3480503,1469915003.0
2022-08-12,4.252,4.266,4.238,4.255,2055898,874286490.0
2022-08-15,4.242,4.286,4.238,4.245,2328228,991661294.0
2022-08-16,4.25,4.272,4.227,4.235,1684834,715599992.0
2022-08-17,4.236,4.287,4.211,4.276,2810228,1196207108.0
2022-08-18,4.27,4.274,4.234,4.239,1999681,849821038.0
2022-08-19,4.235,4.251,4.207,4.209,2894411,1223343184.0
2022-08-22,4.2,4.248,4.196,4.236,3109324,1316161171.0
2022-08-23,4.233,4.25,4.203,4.222,2758776,1164226234.0
2022-08-24,4.234,4.238,4.136,4.145,4031611,1683776031.0
2022-08-25,4.153,4.186,4.124,4.181,3325107,1381245566.0
2022-08-26,4.179,4.201,4.168,4.175,2268554,949304012.0
2022-08-29,4.141,4.161,4.125,4.15,2345945,972243824.0
2022-08-30,4.154,4.156,4.106,4.141,2320948,958534782.0
2022-08-31,4.124,4.182,4.113,4.141,5552796,2299526279.0
2022-09-01,4.13,4.153,4.098,4.107,3202516,1320917293.0
2022-09-02,4.11,4.119,4.064,4.084,2637374,1078568286.0
2022-09-05,4.075,4.083,4.04,4.082,2158650,876596965.0
2022-09-06,4.095,4.116,4.074,4.111,2641015,1081646065.0
2022-09-07,4.097,4.131,4.094,4.119,1835728,755009708.0
2022-09-08,4.123,4.131,4.1,4.101,1716322,705978922.0
2022-09-09,4.107,4.167,4.106,4.159,3929759,1630730745.0
2022-09-13,4.166,4.195,4.162,4.173,3274312,1368323051.0
2022-09-14,4.134,4.155,4.114,4.127,4299139,1777685334.0
2022-09-15,4.134,4.147,4.065,4.09,5888444,2414072683.0
2022-09-16,4.077,4.087,3.996,4.0,7257809,2929005272.0
2022-09-19,3.994,4.015,3.975,3.989,3977904,1588020723.0
2022-09-20,4.006,4.023,3.98,3.991,3015150,1206397489.0
2022-09-21,3.98,3.99,3.943,3.961,3634886,1441702412.0
2022-09-22,3.945,3.964,3.92,3.932,2798468,1101764633.0
2022-09-23,3.932,3.951,3.892,3.924,5202490,2042024440.0
2022-09-26,3.9,3.958,3.894,3.899,7560336,2966154628.0
2022-09-27,3.91,3.957,3.892,3.949,5191603,2035835677.0
2022-09-28,3.935,3.938,3.89,3.893,5300816,2073607923.0
2022-09-29,3.916,3.937,3.873,3.894,5060836,1977736758.0
2022-09-30,3.895,3.915,3.865,3.868,6383788,2480624616.0
2022-10-10,3.867,3.87,3.777,3.789,6841092,2614912261.0
2022-10-11,3.791,3.804,3.77,3.786,4913807,1861116627.0
2022-10-12,3.787,3.851,3.719,3.848,7315130,2765038458.0
2022-10-13,3.816,3.847,3.806,3.815,3451403,1318777601.0
2022-10-14,3.852,3.923,3.843,3.903,7496291,2913802969.0
2022-10-17,3.895,3.906,3.869,3.902,3887601,1512958472.0
2022-10-18,3.924,3.93,3.887,3.895,4311344,1683477555.0
2022-10-19,3.89,3.902,3.834,3.836,2881623,1112398864.0
2022-10-20,3.82,3.876,3.791,3.824,3723050,1422560648.0
2022-10-21,3.837,3.839,3.784,3.802,3275721,1248398834.0
2022-10-24,3.799,3.833,3.686,3.704,6297940,2356237577.0
2022-10-25,3.692,3.739,3.661,3.688,8235170,3041126027.0
2022-10-26,3.69,3.768,3.689,3.716,6862870,2555494776.0
2022-10-27,3.739,3.75,3.689,3.69,5123971,1906381171.0
2022-10-28,3.677,3.683,3.595,3.604,7381372,2686507817.0
2022-10-31,3.58,3.616,3.552,3.565,5976564,2139122276.0
2022-11-01,3.585,3.705,3.58,3.703,10691572,3904744293.0
2022-11-02,3.685,3.767,3.678,3.737,7516463,2800488062.0
2022-11-03,3.717,3.732,3.689,3.707,4881107,1811025929.0
2022-11-04,3.705,3.851,3.704,3.834,11292457,4301093449.0
2022-11-07,3.81,3.855,3.809,3.834,5340734,2046292254.0
2022-11-08,3.834,3.843,3.787,3.811,8012579,3048899191.0
2022-11-09,3.811,3.824,3.767,3.771,5209240,1973017696.0
2022-11-10,3.75,3.766,3.727,3.75,5064964,1895277956.0
2022-11-11,3.842,3.898,3.81,3.848,13767023,5298752150.0
2022-11-14,3.898,3.919,3.84,3.85,8509669,3301268208.0
2022-11-15,3.842,3.934,3.835,3.925,7671835,2991368782.0
2022-11-16,3.918,3.938,3.891,3.896,5377972,2102969876.0
2022-11-17,3.886,3.886,3.835,3.879,7916228,3054875919.0
2022-11-18,3.882,3.902,3.859,3.866,6491949,2516386318.0
2022-11-21,3.837,3.837,3.79,3.833,5182489,1975747610.0
2022-11-22,3.827,3.871,3.805,3.831,6490256,2485266857.0
2022-11-23,3.82,3.856,3.814,3.834,5487916,2103792365.0
2022-11-24,3.85,3.868,3.81,3.816,4821489,1848016848.0
2022-11-25,3.819,3.854,3.805,3.837,5492158,2105975532.0
2022-11-28,3.772,3.799,3.73,3.792,6260914,2355441433.0
2022-11-29,3.814,3.917,3.814,3.908,7207068,2792262749.0
2022-11-30,3.898,3.927,3.895,3.911,4594858,1796654800.0
2022-12-01,3.98,4.01,3.955,3.956,6354126,2528610659.0
2022-12-02,3.955,3.964,3.931,3.933,10304210,4066062110.0
2022-12-05,3.974,4.007,3.957,4.004,8761771,3492977853.0
2022-12-06,3.992,4.05,3.988,4.027,7658073,3081714196.0
2022-12-07,4.02,4.066,4.0,4.015,6820751,2745026152.0
2022-12-08,4.015,4.033,4.003,4.024,5094095,2047176131.0
2022-12-09,4.023,4.069,4.008,4.058,6474552,2613255569.0
2022-12-12,4.045,4.045,4.012,4.016,4668575,1880206884.0
2022-12-13,4.018,4.028,4.0,4.005,3636743,1459236500.0
2022-12-14,4.01,4.033,3.995,4.015,6219074,2495651006.0
2022-12-15,4.016,4.025,3.988,4.013,5307513,2126027806.0
2022-12-16,4.011,4.026,3.992,4.017,9083687,3639862008.0
2022-12-19,4.022,4.033,3.942,3.959,7451965,2965759177.0
2022-12-20,3.945,3.948,3.873,3.896,8155655,3188456650.0
2022-12-21,3.901,3.911,3.882,3.893,5230558,2038360701.0
2022-12-22,3.916,3.944,3.881,3.901,6878210,2690306339.0
2022-12-23,3.884,3.912,3.872,3.891,10847910,4222061973.0
2022-12-26,3.89,3.92,3.888,3.9,6511937,2542745278.0
2022-12-27,3.94,3.953,3.919,3.947,5820488,2292894562.0
2022-12-28,3.939,3.945,3.917,3.934,6492690,2553573421.0
2022-12-29,3.919,3.933,3.896,3.922,7212710,2825957366.0
2022-12-30,3.937,3.951,3.934,3.938,6302286,2485143924.0
2023-01-03,3.937,3.961,3.89,3.949,6563108,2576087718.0
2023-01-04,3.948,3.965,3.931,3.954,9807997,3874438388.0
2023-01-05,3.975,4.035,3.972,4.029,7745023,3108571448.0
2023-01-06,4.03,4.062,4.026,4.045,5410808,2187353311.0
2023-01-09,4.065,4.086,4.052,4.07,7809599,3178181433.0
2023-01-10,4.068,4.092,4.062,4.076,7442622,3033001135.0
2023-01-11,4.077,4.105,4.069,4.076,5715114,2334923330.0
2023-01-12,4.083,4.095,4.068,4.082,3255872,1328948654.0
2023-01-13,4.089,4.148,4.089,4.144,6559090,2702284069.0
2023-01-16,4.085,4.184,4.083,4.143,17163759,7109168359.0
2023-01-17,4.143,4.152,4.122,4.139,6015131,2488168863.0
2023-01-18,4.146,4.152,4.126,4.13,4456901,1843406131.0
2023-01-19,4.121,4.16,4.103,4.158,6074324,2513066753.0
2023-01-20,4.173,4.194,4.165,4.181,5700822,2382114372.0
2023-01-30,4.26,4.267,4.198,4.205,8013471,3386449597.0
2023-01-31,4.208,4.217,4.152,4.159,11392222,4761842944.0
2023-02-01,4.164,4.192,4.133,4.19,7156520,2981748341.0
2023-02-02,4.202,4.205,4.163,4.18,10018528,4188623374.0
2023-02-03,4.154,4.157,4.101,4.137,9600521,3961301299.0
2023-02-06,4.103,4.104,4.058,4.08,7314597,2982940562.0
2023-02-07,4.086,4.101,4.07,4.09,5539881,2263547380.0
2023-02-08,4.092,4.109,4.065,4.073,4628713,1889787993.0
2023-02-09,4.067,4.131,4.063,4.127,5958886,2450554135.0
2023-02-10,4.128,4.128,4.086,4.103,5205224,2135893097.0
2023-02-13,4.09,4.141,4.083,4.135,8280101,3415190764.0
2023-02-14,4.141,4.147,4.119,4.144,3326324,1374345788.0
2023-02-15,4.141,4.154,4.108,4.116,6455068,2658512888.0
2023-02-16,4.12,4.168,4.062,4.087,7925101,3275079466.0
2023-02-17,4.085,4.101,4.025,4.029,7433949,3025278809.0
2023-02-20,4.034,4.137,4.028,4.134,10495255,4282521265.0
2023-02-21,4.134,4.15,4.114,4.139,5609025,2318009475.0
2023-02-22,4.123,4.134,4.092,4.099,4529454,1861371777.0
2023-02-23,4.103,4.125,4.081,4.099,4655595,1908740957.0
2023-02-24,4.098,4.098,4.04,4.06,8087762,3282777176.0
2023-02-27,4.04,4.063,4.028,4.045,4569575,1848791378.0
2023-02-28,4.057,4.076,4.02,4.071,4845454,1963458643.0
2023-03-01,4.067,4.136,4.06,4.12,11804810,4856375177.0
2023-03-02,4.11,4.134,4.107,4.115,4391329,1808866224.0
2023-03-03,4.126,4.136,4.094,4.124,4201757,1730990673.0
2023-03-06,4.125,4.127,4.08,4.099,9293025,3808515076.0
2023-03-07,4.095,4.118,4.039,4.042,6746494,2756431261.0
2023-03-08,4.03,4.035,4.01,4.026,4313154,1735039806.0
2023-03-09,4.032,4.036,3.992,4.016,4079365,1639051249.0
2023-03-10,3.99,4.004,3.959,3.961,4981129,1982846712.0
2023-03-13,3.961,4.008,3.961,4.005,4674529,1865984620.0
2023-03-14,4.0,4.0,3.945,3.98,4635416,1842611053.0
2023-03-15,4.006,4.016,3.978,3.979,3933011,1571377024.0
2023-03-16,3.96,3.979,3.93,3.933,4331438,1713141943.0
2023-03-17,3.96,4.004,3.935,3.954,11235012,4453754362.0
2023-03-20,3.954,3.976,3.926,3.932,5709548,2258210593.0
2023-03-21,3.943,3.979,3.941,3.975,5567437,2206195773.0
2023-03-22,3.985,4.009,3.979,3.993,5817562,2323803781.0
2023-03-23,3.98,4.032,3.978,4.031,5344729,2143951550.0
2023-03-24,4.023,4.034,4.014,4.026,2548953,1025007603.0
2023-03-27,4.025,4.025,3.984,4.005,4912547,1966086521.0
2023-03-28,4.006,4.018,3.99,3.997,5072061,2029086627.0
2023-03-29,4.018,4.019,3.991,3.997,6163363,2467227537.0
2023-03-30,3.998,4.041,3.981,4.04,5572070,2238129589.0
2023-03-31,4.045,4.063,4.039,4.05,6711625,2718176592.0
2023-04-03,4.05,4.091,4.045,4.08,5513397,2243377317.0
2023-04-04,4.08,4.102,4.072,4.1,4803087,1960368642.0
2023-04-06,4.085,4.093,4.073,4.088,3782868,1544679079.0
2023-04-07,4.088,4.129,4.086,4.117,3295857,1355999026.0
2023-04-10,4.128,4.129,4.098,4.102,4743616,1948356331.0
2023-04-11,4.105,4.112,4.078,4.092,5359550,2195224021.0
2023-04-12,4.093,4.098,4.08,4.088,3358337,1373120380.0
2023-04-13,4.079,4.085,4.057,4.063,4021907,1635782613.0
2023-04-14,4.075,4.094,4.071,4.084,4560326,1860596353.0
2023-04-17,4.081,4.147,4.08,4.145,6325480,2605868198.0
2023-04-18,4.144,4.163,4.136,4.152,4160543,1726660642.0
2023-04-19,4.154,4.154,4.115,4.119,4085730,1688498846.0
2023-04-20,4.118,4.122,4.09,4.103,6073086,2491260807.0
2023-04-21,4.103,4.106,4.024,4.03,6836486,2776624903.0
2023-04-24,4.029,4.032,3.963,3.979,5940937,2372492823.0
2023-04-25,3.98,3.988,3.924,3.96,9664268,3820424644.0
2023-04-26,3.958,3.97,3.934,3.951,9034653,3570141037.0
2023-04-27,3.948,4.0,3.94,3.986,4677697,1857891159.0
2023-04-28,3.997,4.03,3.991,4.025,4518062,1813115078.0
2023-05-04,4.013,4.027,3.996,4.025,3378611,1356998397.0
2023-05-05,4.026,4.038,3.989,4.009,3379499,1355979468.0
2023-05-08,4.016,4.064,4.011,4.054,6848152,2769137971.0
2023-05-09,4.059,4.085,4.019,4.019,5668907,2299963548.0
2023-05-10,4.017,4.019,3.98,3.988,9165933,3663507046.0
2023-05-11,3.998,4.008,3.98,3.983,3216150,1284651681.0
2023-05-12,3.982,3.996,3.93,3.932,5187745,2053102560.0
2023-05-15,3.934,3.996,3.923,3.995,8107574,3203031252.0
2023-05-16,3.994,4.0,3.962,3.978,4068203,1620578488.0
2023-05-17,3.971,3.982,3.941,3.951,6405805,2535368771.0
2023-05-18,3.958,3.978,3.931,3.95,7006002,2770097587.0
2023-05-19,3.94,3.966,3.922,3.944,3417126,1347166083.0
2023-05-22,3.943,3.985,3.93,3.964,5003757,1981482735.0
2023-05-23,3.967,3.971,3.906,3.907,6117573,2405349012.0
2023-05-24,3.902,3.903,3.852,3.854,7672776,2973586312.0
2023-05-25,3.848,3.858,3.812,3.845,4918567,1888723116.0
2023-05-26,3.843,3.861,3.813,3.85,4462037,1713952910.0
2023-05-29,3.858,3.87,3.819,3.834,4030135,1546653526.0
2023-05-30,3.826,3.847,3.79,3.838,5720979,2186287405.0
2023-05-31,3.828,3.828,3.785,3.802,7338757,2792006056.0
2023-06-01,3.799,3.84,3.794,3.81,6749757,2579669883.0
2023-06-02,3.83,3.873,3.83,3.863,6929781,2672332967.0
2023-06-05,3.857,3.861,3.835,3.845,3611549,1389909743.0
2023-06-06,3.846,3.874,3.804,3.808,4115697,1579493947.0
2023-06-07,3.82,3.827,3.783,3.796,3721767,1416641429.0
2023-06-08,3.796,3.843,3.783,3.828,3834889,1462204388.0
2023-06-09,3.829,3.847,3.822,3.844,5270689,2021624139.0
2023-06-12,3.84,3.87,3.825,3.848,4596593,1768357700.0
2023-06-13,3.84,3.88,3.837,3.877,3503880,1353181342.0
2023-06-14,3.879,3.904,3.875,3.877,4441136,1727523754.0
2023-06-15,3.886,3.943,3.88,3.942,5084305,1990297387.0
2023-06-16,3.949,3.988,3.949,3.979,6021488,2389873017.0
2023-06-19,3.979,3.979,3.944,3.949,4003074,1583693179.0
2023-06-20,3.941,3.959,3.936,3.942,3538923,1396571289.0
2023-06-21,3.935,3.939,3.885,3.887,4893537,1915610962.0
2023-06-26,3.866,3.87,3.831,3.843,6404956,2462685974.0
2023-06-27,3.842,3.879,3.835,3.869,3971021,1532293882.0
2023-06-28,3.863,3.878,3.837,3.877,4627456,1786039957.0
2023-06-29,3.877,3.879,3.847,3.859,3002626,1159259690.0
2023-06-30,3.858,3.9,3.853,3.882,5299183,2058017000.0
2023-07-03,3.89,3.939,3.888,3.927,4739097,1857984546.0
2023-07-04,3.925,3.936,3.919,3.934,2521213,990312869.0
2023-07-05,3.928,3.934,3.901,3.907,2712152,1061461518.0
2023-07-06,3.9,3.92,3.874,3.879,3467439,1349288877.0
2023-07-07,3.875,3.884,3.859,3.868,3022777,1170006594.0
2023-07-10,3.886,3.91,3.872,3.884,4284868,1668025659.0
2023-07-11,3.897,3.915,3.887,3.91,5874389,2292218456.0
2023-07-12,3.914,3.92,3.881,3.891,3894108,1520311053.0
2023-07-13,3.91,3.957,3.91,3.954,5722866,2254997240.0
2023-07-14,3.96,3.964,3.95,3.952,3632621,1437431006.0
2023-07-17,3.946,3.946,3.908,3.924,4486126,1757874089.0
2023-07-18,3.925,3.932,3.905,3.918,2666707,1044528809.0
2023-07-19,3.91,3.924,3.895,3.916,5012407,1958620837.0
2023-07-20,3.923,3.942,3.881,3.888,8715071,3409059171.0
2023-07-21,3.888,3.917,3.875,3.89,7272501,2831069309.0
2023-07-24,3.87,3.897,3.864,3.873,4549820,1762582928.0
2023-07-25,3.92,3.986,3.92,3.985,11409824,4516702930.0
2023-07-26,3.98,3.982,3.961,3.976,5880386,2336248742.0
2023-07-27,3.985,3.998,3.96,3.972,6024658,2399970524.0
2023-07-28,3.953,4.075,3.953,4.068,14964884,6045486970.0
2023-07-31,4.1,4.141,4.074,4.084,17906350,7347223022.0
2023-08-01,4.08,4.105,4.055,4.066,11359816,4628166309.0
2023-08-02,4.059,4.08,4.026,4.037,7894398,3195405068.0
2023-08-03,4.031,4.075,4.031,4.073,7379311,2990984772.0
2023-08-04,4.115,4.132,4.08,4.094,14223575,5844695555.0
2023-08-07,4.076,4.076,4.049,4.063,12814224,5203107906.0
2023-08-08,4.048,4.075,4.035,4.048,11165791,4524172048.0
2023-08-09,4.038,4.055,4.034,4.04,13325079,5388159549.0
2023-08-10,4.038,4.05,4.014,4.045,9382509,3788454446.0
2023-08-11,4.045,4.048,3.948,3.95,12885598,5137860063.0
2023-08-14,3.919,3.932,3.884,3.923,10386003,4062406138.0
2023-08-15,3.927,3.935,3.881,3.919,8165194,3193418408.0
2023-08-16,3.902,3.922,3.887,3.889,8558495,3338499228.0
2023-08-17,3.871,3.909,3.855,3.902,11561183,4488757418.0
2023-08-18,3.904,3.914,3.851,3.852,12755465,4949895035.0
2023-08-21,3.843,3.854,3.797,3.8,11009244,4211773045.0
2023-08-22,3.818,3.841,3.772,3.823,13315289,5068251898.0
2023-08-23,3.81,3.821,3.759,3.768,10824197,4103294099.0
2023-08-24,3.775,3.82,3.772,3.791,9526548,3613485225.0
2023-08-25,3.776,3.809,3.768,3.784,11745355,4441349667.0
2023-08-28,4.011,4.011,3.81,3.837,28220118,10967426433.0
2023-08-29,3.82,3.888,3.818,3.859,21940525,8447914072.0
2023-08-30,3.864,3.884,3.85,3.858,10361323,4005949852.0
2023-08-31,3.858,3.865,3.83,3.839,8384688,3223625329.0
2023-09-01,3.857,3.88,3.85,3.862,7926925,3061777815.0
2023-09-04,3.89,3.93,3.874,3.92,11855233,4631839161.0
2023-09-05,3.91,3.912,3.885,3.893,6297701,2454185740.0
2023-09-06,3.88,3.893,3.866,3.883,7151761,2772119111.0
2023-09-07,3.875,3.876,3.826,3.83,9410350,3620025670.0
2023-09-08,3.815,3.828,3.796,3.809,8186358,3117927088.0
2023-09-11,3.81,3.861,3.803,3.837,8166508,3130054721.0
2023-09-12,3.834,3.846,3.825,3.832,5949369,2280742952.0
2023-09-13,3.831,3.842,3.787,3.807,10321331,3927790358.0
2023-09-14,3.806,3.818,3.785,3.804,9282830,3527433204.0
2023-09-15,3.811,3.818,3.769,3.787,11906221,4515384978.0
2023-09-18,3.778,3.811,3.764,3.8,9859264,3740921119.0
2023-09-19,3.796,3.798,3.772,3.795,7270063,2752539515.0
2023-09-20,3.785,3.793,3.777,3.777,6341355,2399486875.0
2023-09-21,3.769,3.783,3.741,3.742,8991970,3378417953.0
2023-09-22,3.736,3.818,3.735,3.817,12471166,4719058010.0
2023-09-25,3.806,3.809,3.782,3.789,7009057,2656946227.0
2023-09-26,3.786,3.797,3.766,3.768,8629085,3257834057.0
2023-09-27,3.767,3.805,3.766,3.778,10780540,4074752971.0
2023-09-28,3.785,3.791,3.756,3.764,11206124,4221645459.0
2023-10-09,3.757,3.768,3.713,3.754,8752131,3273783140.0
2023-10-10,3.766,3.778,3.724,3.727,9279324,3475885457.0
2023-10-11,3.745,3.762,3.727,3.735,8934987,3346389864.0
2023-10-12,3.77,3.785,3.752,3.771,9335216,3516113484.0
2023-10-13,3.75,3.751,3.724,3.736,11350953,4239502340.0
2023-10-16,3.736,3.738,3.682,3.693,11389806,4217878506.0
2023-10-17,3.7,3.713,3.687,3.705,8880603,3286594496.0
2023-10-18,3.699,3.703,3.675,3.677,8102706,2986654336.0
2023-10-19,3.66,3.66,3.595,3.6,16903688,6128588638.0
2023-10-20,3.583,3.6,3.565,3.582,17404462,6233727376.0
2023-10-23,3.568,3.57,3.512,3.544,27102417,9591980200.0
2023-10-24,3.553,3.563,3.52,3.549,15350130,5440874384.0
2023-10-25,3.588,3.603,3.567,3.569,13833516,4957392955.0
2023-10-26,3.555,3.586,3.548,3.582,11436095,4074940755.0
2023-10-27,3.574,3.649,3.565,3.636,16476624,5952697550.0
2023-10-30,3.622,3.663,3.62,3.652,9614014,3503763582.0
2023-10-31,3.645,3.65,3.622,3.644,8396600,3053046237.0
2023-11-01,3.68,3.68,3.632,3.642,8119834,2960433483.0
2023-11-02,3.648,3.669,3.624,3.625,10753816,3915900772.0
2023-11-03,3.631,3.668,3.63,3.653,10578227,3863396873.0
2023-11-06,3.675,3.705,3.674,3.701,11766496,4344615629.0
2023-11-07,3.692,3.701,3.676,3.69,6575291,2424393951.0
2023-11-08,3.683,3.696,3.658,3.679,11353212,4175672871.0
2023-11-09,3.671,3.695,3.669,3.682,8185694,3012831353.0
2023-11-10,3.668,3.668,3.643,3.655,7841768,2864208754.0
2023-11-13,3.659,3.666,3.63,3.65,6744633,2456900620.0
2023-11-14,3.654,3.67,3.635,3.65,7533172,2750944509.0
2023-11-15,3.68,3.691,3.663,3.675,9940631,3654308894.0
2023-11-16,3.67,3.673,3.637,3.639,8815567,3216526669.0
2023-11-17,3.63,3.638,3.612,3.634,11984509,4344183851.0
2023-11-20,3.637,3.657,3.61,3.645,8584304,3119864711.0
2023-11-21,3.655,3.686,3.64,3.65,9316055,3414862520.0
2023-11-22,3.641,3.646,3.61,3.611,7622027,2765607794.0
2023-11-23,3.609,3.632,3.595,3.63,7749718,2800813039.0
2023-11-24,3.626,3.627,3.598,3.605,7434533,2684275512.0
2023-11-27,3.604,3.604,3.557,3.581,7762956,2773819650.0
2023-11-28,3.575,3.59,3.566,3.585,7274837,2603222024.0
2023-11-29,3.586,3.589,3.545,3.558,7590570,2702123586.0
2023-11-30,3.554,3.572,3.547,3.562,6678101,2377329010.0
2023-12-01,3.561,3.567,3.519,3.548,8604681,3046328676.0
2023-12-04,3.551,3.554,3.523,3.524,6925230,2448340185.0
2023-12-05,3.519,3.519,3.457,3.458,10087896,3519764103.0
2023-12-06,3.454,3.483,3.444,3.463,10019449,3471511576.0
2023-12-07,3.461,3.468,3.431,3.454,9345058,3222732043.0
2023-12-08,3.455,3.473,3.45,3.461,7091986,2456531937.0
2023-12-11,3.44,3.497,3.415,3.485,9982478,3440612626.0
2023-12-12,3.476,3.495,3.473,3.493,6407242,2232549949.0
2023-12-13,3.482,3.486,3.432,3.435,7088152,2449237490.0
2023-12-14,3.451,3.465,3.414,3.419,7415331,2548257393.0
2023-12-15,3.43,3.454,3.405,3.412,8999768,3083345817.0
2023-12-18,3.398,3.419,3.38,3.398,8473038,2880805451.0
2023-12-19,3.397,3.414,3.38,3.4,10985366,3728059629.0
2023-12-20,3.404,3.409,3.365,3.369,10347176,3505163477.0
2023-12-21,3.355,3.411,3.352,3.4,15924481,5392955427.0
2023-12-22,3.397,3.43,3.382,3.406,20765265,7076759645.0
2023-12-25,3.405,3.42,3.401,3.415,10041465,3425066434.0
2023-12-26,3.413,3.413,3.385,3.395,7771693,2637394901.0
2023-12-27,3.396,3.411,3.378,3.405,8361725,2840693989.0
2023-12-28,3.401,3.498,3.4,3.489,23832992,8259924175.0
2023-12-29,3.488,3.505,3.482,3.499,25188735,8806298908.0
2024-01-02,3.502,3.502,3.451,3.453,9429306,3269676679.0
2024-01-03,3.446,3.46,3.428,3.443,10617503,3654757871.0
2024-01-04,3.442,3.442,3.387,3.413,16661525,5674869534.0
2024-01-05,3.404,3.439,3.377,3.396,16996697,5796964474.0
2024-01-08,3.389,3.403,3.346,3.349,17304244,5816612453.0
2024-01-09,3.351,3.371,3.339,3.357,11312178,3794394933.0
2024-01-10,3.35,3.381,3.332,3.341,9582541,3211385597.0
2024-01-11,3.341,3.38,3.334,3.36,12662372,4254642485.0
2024-01-12,3.351,3.377,3.346,3.349,8413273,2826380699.0
2024-01-15,3.33,3.375,3.324,3.345,9055706,3030920178.0
2024-01-16,3.34,3.368,3.326,3.367,17689524,5925099758.0
2024-01-17,3.357,3.357,3.29,3.292,12862152,4278633103.0
2024-01-18,3.218,3.275,3.166,3.268,47543511,15257021704.0
2024-01-19,3.249,3.285,3.242,3.275,36944521,12079016731.0
2024-01-22,3.265,3.275,3.193,3.206,46470565,15113081733.0
2024-01-23,3.199,3.247,3.186,3.228,13924804,4481443569.0
2024-01-24,3.239,3.28,3.188,3.279,22789369,7373901841.0
2024-01-25,3.27,3.34,3.261,3.335,16487014,5449682868.0
2024-01-26,3.328,3.35,3.312,3.329,21833051,7273329362.0
2024-01-29,3.331,3.345,3.298,3.299,10113930,3358335864.0
2024-01-30,3.281,3.298,3.241,3.243,18892623,6186331951.0
2024-01-31,3.233,3.249,3.197,3.222,19090997,6157214385.0
2024-02-01,3.2,3.248,3.19,3.218,18909976,6091552414.0
2024-02-02,3.218,3.232,3.102,3.188,25386942,8074716502.0
2024-02-05,3.158,3.234,3.111,3.208,26601787,8439536816.0
2024-02-06,3.185,3.314,3.182,3.311,20089182,6562526022.0
2024-02-07,3.31,3.342,3.287,3.34,34658147,11514587248.0
2024-02-08,3.352,3.366,3.333,3.362,23942620,8019665628.0
2024-02-19,3.374,3.392,3.355,3.389,14861876,5016056179.0
2024-02-20,3.383,3.405,3.372,3.401,9801668,3322077448.0
2024-02-21,3.388,3.496,3.382,3.449,16009581,5528334980.0
2024-02-22,3.447,3.477,3.441,3.475,9446351,3270537309.0
2024-02-23,3.475,3.497,3.464,3.478,10908774,3794512188.0
2024-02-26,3.476,3.482,3.437,3.443,11172368,3865703825.0
2024-02-27,3.435,3.486,3.433,3.484,10468849,3620336718.0
2024-02-28,3.487,3.514,3.446,3.448,28549979,9926190298.0
2024-02-29,3.44,3.507,3.437,3.503,14835850,5163736038.0
2024-03-01,3.501,3.54,3.495,3.53,12256393,4311480716.0
2024-03-04,3.526,3.537,3.508,3.527,10146550,3576642516.0
2024-03-05,3.515,3.566,3.508,3.556,27991019,9924986737.0
2024-03-06,3.551,3.572,3.538,3.542,12995274,4612496593.0
2024-03-07,3.541,3.56,3.515,3.523,10589480,3740550492.0
2024-03-08,3.525,3.54,3.504,3.533,8621877,3038389403.0
2024-03-11,3.531,3.584,3.53,3.581,11207615,3980306235.0
2024-03-12,3.583,3.599,3.568,3.586,11058396,3962320648.0
2024-03-13,3.585,3.585,3.555,3.565,6858706,2448621615.0
2024-03-14,3.56,3.587,3.535,3.552,7018811,2499760281.0
2024-03-15,3.542,3.566,3.522,3.561,8490238,3005272035.0
2024-03-18,3.561,3.593,3.561,3.592,7873329,2817049387.0
2024-03-19,3.586,3.6,3.565,3.569,6548752,2344663833.0
2024-03-20,3.561,3.582,3.558,3.572,5379620,1920793104.0
2024-03-21,3.58,3.594,3.565,3.57,6197332,2218906080.0
2024-03-22,3.567,3.568,3.512,3.539,14506378,5127448694.0
2024-03-25,3.53,3.555,3.517,3.52,6305427,2227919111.0
2024-03-26,3.52,3.538,3.512,3.531,8791033,3098650768.0
2024-03-27,3.526,3.532,3.492,3.493,8746475,3074186800.0
2024-03-28,3.491,3.544,3.481,3.51,10319251,3626832966.0
2024-03-29,3.507,3.53,3.505,3.526,6511959,2290152714.0
2024-04-01,3.54,3.594,3.539,3.584,10932625,3911633845.0
2024-04-02,3.583,3.587,3.561,3.572,5831914,2083908475.0
2024-04-03,3.57,3.572,3.548,3.558,5983464,2129802753.0
2024-04-08,3.55,3.556,3.524,3.529,7099487,2511699150.0
2024-04-09,3.527,3.534,3.512,3.523,5345371,1882130476.0
2024-04-10,3.524,3.524,3.48,3.497,6816711,2385834189.0
2024-04-11,3.481,3.513,3.475,3.494,5391159,1884073688.0
2024-04-12,3.494,3.505,3.457,3.466,7405129,2575786144.0
2024-04-15,3.466,3.545,3.464,3.539,10999537,3869936517.0
2024-04-16,3.524,3.535,3.491,3.507,9132298,3210005558.0
2024-04-17,3.507,3.557,3.491,3.553,9964664,3514407052.0
2024-04-18,3.544,3.594,3.541,3.559,9302193,3319194192.0
2024-04-19,3.545,3.554,3.518,3.531,6442757,2277856492.0
2024-04-22,3.53,3.552,3.518,3.524,7251824,2562064527.0
2024-04-23,3.524,3.53,3.493,3.499,9428474,3302843911.0
2024-04-24,3.505,3.517,3.489,3.513,5942319,2081789894.0
2024-04-25,3.503,3.537,3.495,3.523,6647552,2337486533.0
2024-04-26,3.524,3.581,3.524,3.573,13743140,4889467155.0
2024-04-29,3.577,3.638,3.572,3.616,15303224,5523568416.0
2024-04-30,3.615,3.624,3.596,3.598,8231090,2971763282.0
2024-05-06,3.64,3.664,3.635,3.648,13090611,4778963455.0
2024-05-07,3.645,3.656,3.637,3.65,6860184,2503006857.0
2024-05-08,3.643,3.644,3.618,3.621,6387759,2318202807.0
2024-05-09,3.62,3.662,3.619,3.656,6502023,2372500248.0
2024-05-10,3.663,3.67,3.631,3.658,8650954,3157134929.0
2024-05-13,3.637,3.666,3.619,3.655,7411594,2701728525.0
2024-05-14,3.655,3.67,3.638,3.649,5876668,2144402883.0
2024-05-15,3.647,3.651,3.617,3.623,8559463,3109209781.0
2024-05-16,3.63,3.651,3.621,3.635,10511975,3822598483.0
2024-05-17,3.635,3.679,3.623,3.676,9320469,3401620100.0
2024-05-20,3.682,3.7,3.67,3.684,9365359,3450627455.0
2024-05-21,3.679,3.683,3.66,3.672,4969839,1824951018.0
2024-05-22,3.67,3.689,3.663,3.68,6766846,2488949571.0
2024-05-23,3.671,3.674,3.631,3.643,6988061,2548466424.0
2024-05-24,3.632,3.65,3.598,3.602,8412742,3048259226.0
2024-05-27,3.605,3.634,3.601,3.632,6696225,2421614804.0
2024-05-28,3.631,3.633,3.602,3.609,5317532,1923959394.0
2024-05-29,3.608,3.633,3.601,3.61,6152451,2225724205.0
2024-05-30,3.603,3.625,3.588,3.596,7779253,2801007806.0
2024-05-31,3.602,3.616,3.58,3.582,7232183,2602439724.0
2024-06-03,3.58,3.599,3.565,3.587,7075116,2533469501.0
2024-06-04,3.585,3.624,3.579,3.612,6817379,2455442420.0
2024-06-05,3.613,3.622,3.597,3.599,5839394,2108415409.0
2024-06-06,3.606,3.63,3.585,3.599,10266993,3703349866.0
2024-06-07,3.602,3.61,3.555,3.576,10281271,3679748332.0
2024-06-11,3.567,3.569,3.533,3.551,8799170,3120655858.0
2024-06-12,3.544,3.556,3.536,3.547,5698353,2021361645.0
2024-06-13,3.555,3.558,3.525,3.534,5488037,1942881857.0
2024-06-14,3.527,3.558,3.517,3.554,6741040,2384388229.0
2024-06-17,3.537,3.553,3.532,3.544,3930172,1393127820.0
2024-06-18,3.549,3.565,3.543,3.555,5490352,1951607302.0
2024-06-19,3.557,3.561,3.54,3.545,5308595,1883345443.0
2024-06-20,3.543,3.551,3.516,3.522,5546558,1957492953.0
2024-06-21,3.517,3.525,3.493,3.516,19658677,6909858710.0
2024-06-24,3.502,3.526,3.493,3.499,20875455,7315197212.0
2024-06-25,3.495,3.504,3.459,3.478,17384585,6057065481.0
2024-06-26,3.47,3.507,3.464,3.499,10454895,3639499501.0
2024-06-27,3.49,3.496,3.474,3.48,14337049,4995169625.0
2024-06-28,3.474,3.511,3.473,3.487,12755434,4457663634.0
2024-07-01,3.487,3.507,3.467,3.501,8536040,2977313191.0
2024-07-02,3.494,3.511,3.489,3.496,5992049,2097312039.0
2024-07-03,3.494,3.503,3.48,3.49,7914240,2761083445.0
2024-07-04,3.493,3.509,3.473,3.475,15599237,5436186195.0
2024-07-05,3.47,3.478,3.428,3.458,16363845,5643439643.0
2024-07-08,3.451,3.458,3.426,3.434,9426255,3240708452.0
2024-07-09,3.429,3.484,3.418,3.471,10688956,3689270214.0
2024-07-10,3.464,3.482,3.46,3.463,5792821,2010659819.0
2024-07-11,3.49,3.519,3.477,3.509,10524378,3685787239.0
2024-07-12,3.511,3.524,3.505,3.519,8723694,3066853429.0
2024-07-15,3.511,3.531,3.508,3.526,12550082,4423002980.0
2024-07-16,3.52,3.555,3.517,3.551,16125087,5710212236.0
2024-07-17,3.549,3.57,3.54,3.556,22565644,8028962162.0
2024-07-18,3.541,3.579,3.532,3.577,19611815,6976289739.0
2024-07-19,3.565,3.606,3.552,3.6,31696626,11368072270.0
2024-07-22,3.595,3.598,3.551,3.571,17163073,6131911990.0
2024-07-23,3.566,3.571,3.498,3.501,9195337,3244779189.0
2024-07-24,3.495,3.509,3.466,3.479,14910835,5196094516.0
2024-07-25,3.464,3.476,3.441,3.459,20455525,7073298526.0
2024-07-26,3.46,3.483,3.452,3.474,13579703,4708501591.0
2024-07-29,3.47,3.472,3.453,3.454,5949376,2058113230.0
2024-07-30,3.446,3.446,3.417,3.431,15250861,5228653801.0
2024-07-31,3.431,3.51,3.427,3.508,15389083,5353003146.0
2024-08-01,3.502,3.515,3.481,3.483,7965404,2783731528.0
2024-08-02,3.46,3.483,3.441,3.447,12997733,4492045041.0
2024-08-05,3.431,3.474,3.407,3.408,20183109,6920794410.0
2024-08-06,3.428,3.438,3.381,3.408,12936275,4403870273.0
2024-08-07,3.401,3.425,3.391,3.401,6125438,2088374404.0
2024-08-08,3.396,3.429,3.383,3.405,8541072,2910131505.0
2024-08-09,3.416,3.43,3.392,3.393,6040536,2060032809.0
2024-08-12,3.391,3.402,3.383,3.389,5102200,1730501718.0
2024-08-13,3.391,3.398,3.372,3.394,6958063,2355493509.0
2024-08-14,3.395,3.395,3.369,3.37,5610998,1895836817.0
2024-08-15,3.365,3.423,3.361,3.408,19046381,6477429750.0
2024-08-16,3.404,3.422,3.398,3.41,16407617,5598868064.0
2024-08-19,3.409,3.444,3.407,3.419,7478253,2564014062.0
2024-08-20,3.424,3.426,3.388,3.403,15944748,5419638977.0
2024-08-21,3.391,3.406,3.374,3.388,10553698,3580301585.0
2024-08-22,3.39,3.395,3.371,3.379,12504794,4229630780.0
2024-08-23,3.371,3.405,3.371,3.393,8203428,2781431192.0
2024-08-26,3.395,3.407,3.378,3.394,14006799,4747763549.0
2024-08-27,3.387,3.39,3.367,3.377,12142201,4098131754.0
2024-08-28,3.37,3.377,3.345,3.357,19955803,6698906857.0
2024-08-29,3.349,3.362,3.34,3.347,15082477,5052924865.0
2024-08-30,3.342,3.423,3.342,3.392,17858998,6055678708.0
2024-09-02,3.381,3.383,3.33,3.332,11333065,3798026307.0
2024-09-03,3.33,3.352,3.328,3.344,12935523,4323110376.0
2024-09-04,3.331,3.343,3.321,3.323,6803058,2264442533.0
2024-09-05,3.326,3.34,3.32,3.33,16005558,5326213535.0
2024-09-06,3.335,3.345,3.3,3.302,7933157,2635539673.0
2024-09-09,3.292,3.296,3.25,3.261,10188971,3333497562.0
2024-09-10,3.263,3.275,3.239,3.261,8666554,2821540043.0
2024-09-11,3.253,3.267,3.241,3.254,7808902,2540394225.0
2024-09-12,3.259,3.272,3.241,3.243,6423793,2090444738.0
2024-09-13,3.245,3.257,3.227,3.228,8504681,2758508174.0
2024-09-18,3.227,3.251,3.215,3.238,12254391,3961249915.0
2024-09-19,3.243,3.286,3.216,3.265,16348870,5332278336.0
2024-09-20,3.258,3.279,3.239,3.274,23065620,7514201387.0
2024-09-23,3.269,3.3,3.263,3.283,8973165,2948484470.0
2024-09-24,3.314,3.429,3.293,3.427,39185162,13212614699.0
2024-09-25,3.489,3.544,3.467,3.474,32373469,11342949010.0
2024-09-26,3.468,3.643,3.467,3.64,44429621,15792061339.0
2024-09-27,3.7,3.933,3.67,3.869,25594612,9610052344.0
2024-09-30,4.007,4.24,3.876,4.233,63702341,25799279642.0
2024-10-08,4.656,4.656,4.208,4.412,86298224,38303717305.0
2024-10-09,4.285,4.285,4.005,4.022,54091966,22450547643.0
2024-10-10,4.07,4.185,3.999,4.086,37790001,15473060494.0
2024-10-11,4.057,4.06,3.923,3.977,40900777,16347430929.0
2024-10-14,3.987,4.06,3.946,4.04,31049317,12444027076.0
2024-10-15,4.014,4.046,3.927,3.931,26138707,10426846503.0
2024-10-16,3.891,3.96,3.882,3.906,21611196,8450464021.0
2024-10-17,3.93,3.96,3.862,3.863,29354356,11450617810.0
2024-10-18,3.858,4.118,3.846,4.016,36209179,14349439594.0
2024-10-21,4.017,4.06,3.98,4.016,25293364,10167737315.0
2024-10-22,4.002,4.046,4.001,4.04,16669245,6711416524.0
2024-10-23,4.04,4.097,4.021,4.055,22666292,9196021921.0
2024-10-24,4.038,4.042,3.993,4.011,15982487,6418011399.0
2024-10-25,4.012,4.078,4.003,4.04,16852658,6801807389.0
2024-10-28,4.035,4.047,4.0,4.046,13963081,5622580497.0
2024-10-29,4.05,4.079,4.003,4.013,17946282,7237339621.0
2024-10-30,4.001,4.011,3.945,3.971,18128591,7210707530.0
2024-10-31,3.969,4.007,3.938,3.971,17636493,7004839523.0
2024-11-01,3.964,4.018,3.961,3.979,18177560,7259471612.0
2024-11-04,3.982,4.034,3.971,4.032,12493144,4997179234.0
2024-11-05,4.024,4.139,4.01,4.137,27630144,11308231751.0
2024-11-06,4.137,4.18,4.085,4.111,21734248,8976072158.0
2024-11-07,4.08,4.25,4.076,4.248,27887189,11598082835.0
2024-11-08,4.282,4.29,4.178,4.194,28080232,11867165449.0
2024-11-11,4.152,4.219,4.13,4.215,23043651,9617369865.0
2024-11-12,4.21,4.268,4.145,4.169,23041668,9698713979.0
2024-11-13,4.15,4.206,4.146,4.195,15727943,6569000903.0
2024-11-14,4.188,4.203,4.117,4.124,14438853,6015521584.0
2024-11-15,4.114,4.134,4.05,4.055,16769935,6875318302.0
2024-11-18,4.071,4.118,4.013,4.038,16100926,6552723785.0
2024-11-19,4.04,4.061,3.981,4.058,16705449,6731130787.0
2024-11-20,4.046,4.085,4.038,4.068,15485304,6285302021.0
2024-11-21,4.06,4.082,4.048,4.073,10454707,4249179703.0
2024-11-22,4.071,4.074,3.946,3.953,17571913,7058103342.0
2024-11-25,3.955,3.972,3.894,3.931,13590858,5349569691.0
2024-11-26,3.914,3.956,3.913,3.923,7847079,3086739740.0
2024-11-27,3.916,3.992,3.901,3.987,14519874,5739351636.0
2024-11-28,3.984,3.989,3.948,3.958,10724073,4256335685.0
2024-11-29,3.96,4.047,3.957,4.001,15297716,6126864756.0
2024-12-02,3.997,4.043,3.987,4.031,9816348,3948066718.0
2024-12-03,4.03,4.052,4.005,4.035,15244237,6140454912.0
2024-12-04,4.03,4.041,4.003,4.014,10069479,4047901832.0
2024-12-05,4.006,4.022,3.994,4.007,7595229,3042872203.0
2024-12-06,4.007,4.085,4.006,4.057,17762294,7198784380.0
2024-12-09,4.054,4.08,4.03,4.054,12464187,5050072365.0
2024-12-10,4.179,4.198,4.073,4.085,24827953,10257484391.0
2024-12-11,4.078,4.094,4.065,4.075,12587160,5136178221.0
2024-12-12,4.077,4.122,4.066,4.117,13601804,5577925837.0
2024-12-13,4.092,4.092,4.012,4.02,23465697,9490500688.0
2024-12-16,4.018,4.021,3.986,3.996,9893231,3956401792.0
2024-12-17,3.993,4.043,3.991,4.007,13646692,5482919074.0
2024-12-18,4.02,4.039,4.015,4.024,10236096,4121893614.0
2024-12-19,4.0,4.038,3.981,4.03,9903622,3977931242.0
2024-12-20,4.024,4.045,4.012,4.018,12230620,4921231692.0
2024-12-23,4.017,4.053,4.015,4.022,14247022,5749434770.0
2024-12-24,4.024,4.076,4.022,4.069,14563434,5907574012.0
2024-12-25,4.072,4.094,4.054,4.072,14181375,5775975676.0
2024-12-26,4.072,4.079,4.056,4.073,9470234,3855435790.0
2024-12-27,4.076,4.099,4.061,4.067,10869639,4428609591.0
2024-12-30,4.066,4.093,4.065,4.086,13119335,5359063002.0
2024-12-31,4.087,4.094,4.02,4.022,18436188,7479851076.0
2025-01-02,4.02,4.021,3.881,3.909,21729803,8582891966.0
2025-01-03,3.909,3.921,3.853,3.869,15930226,6191152281.0
2025-01-06,3.865,3.873,3.828,3.853,12986739,5000830631.0
2025-01-07,3.845,3.882,3.836,3.88,9689740,3741067135.0
2025-01-08,3.87,3.899,3.815,3.874,14097968,5440502616.0
2025-01-09,3.863,3.88,3.857,3.866,8060658,3119907404.0
2025-01-10,3.865,3.875,3.822,3.823,8265725,3179602825.0
2025-01-13,3.801,3.826,3.793,3.808,9493947,3613570705.0
2025-01-14,3.815,3.918,3.809,3.906,16445462,6369926276.0
2025-01-15,3.896,3.904,3.877,3.883,7420496,2886729493.0
2025-01-16,3.896,3.933,3.861,3.885,11090052,4322396833.0
2025-01-17,3.875,3.922,3.868,3.898,8476993,3304922190.0
2025-01-20,3.921,3.949,3.908,3.917,9202943,3619235609.0
2025-01-21,3.937,3.941,3.905,3.922,7439264,2916284005.0
2025-01-22,3.916,3.916,3.868,3.886,10996807,4270106497.0
2025-01-23,3.915,3.958,3.894,3.897,10385928,4075002566.0
2025-01-24,3.889,3.943,3.883,3.929,11436475,4485387449.0
2025-01-27,3.936,3.945,3.904,3.907,13053850,5123431141.0
2025-02-05,3.93,3.934,3.879,3.887,7515497,2927530877.0
2025-02-06,3.884,3.937,3.881,3.932,13886365,5435915349.0
2025-02-07,3.933,4.014,3.926,3.988,19306314,7669642167.0
2025-02-10,3.989,4.0,3.974,3.992,12672646,5055466090.0
2025-02-11,3.997,3.998,3.963,3.976,9990359,3973032663.0
2025-02-12,3.974,4.019,3.96,4.014,9789537,3903102518.0
2025-02-13,4.009,4.034,3.998,4.004,11758227,4719508133.0
2025-02-14,4.0,4.04,3.997,4.034,12924287,5196144834.0
2025-02-17,4.044,4.053,4.012,4.041,13341020,5380966546.0
2025-02-18,4.035,4.058,3.996,4.012,12465911,5027787885.0
2025-02-19,4.005,4.041,4.0,4.033,10190769,4102654822.0
2025-02-20,4.029,4.033,4.008,4.021,10186035,4094980472.0
2025-02-21,4.032,4.08,4.02,4.075,14372665,5834090272.0
2025-02-24,4.07,4.089,4.041,4.062,15385782,6256202737.0
2025-02-25,4.035,4.051,4.008,4.021,8924900,3596194905.0
2025-02-26,4.028,4.055,4.019,4.054,13456581,5430499637.0
2025-02-27,4.056,4.069,4.028,4.067,11285856,4570197712.0
2025-02-28,4.049,4.065,3.982,3.994,13293340,5343803359.0
2025-03-03,3.995,4.027,3.966,3.981,11457686,4581300848.0
2025-03-04,3.96,3.984,3.952,3.977,10121848,4019370464.0
2025-03-05,3.98,3.999,3.968,3.994,11919016,4748819506.0
2025-03-06,4.015,4.062,4.011,4.049,13710079,5540793751.0
2025-03-07,4.04,4.061,4.03,4.039,11559971,4671741021.0
2025-03-10,4.037,4.042,3.999,4.023,14427837,5792520821.0
2025-03-11,3.994,4.036,3.99,4.035,10029170,4027510341.0
2025-03-12,4.038,4.05,4.018,4.025,6092317,2456951615.0
2025-03-13,4.024,4.033,3.993,4.005,6410438,2572874364.0
2025-03-14,4.012,4.113,4.01,4.106,19037183,7767222868.0
2025-03-17,4.118,4.123,4.088,4.094,11330420,4647468370.0
2025-03-18,4.108,4.115,4.091,4.103,8114043,3329371908.0
2025-03-19,4.098,4.121,4.084,4.109,8798313,3609853058.0
2025-03-20,4.109,4.109,4.068,4.076,8751426,3573521338.0
2025-03-21,4.063,4.079,4.0,4.01,10149157,4092584085.0
2025-03-24,4.009,4.031,4.004,4.027,7912221,3179823658.0
2025-03-25,4.028,4.039,4.017,4.029,6115316,2463223975.0
2025-03-26,4.025,4.04,4.01,4.013,7742554,3114333330.0
2025-03-27,4.011,4.05,3.995,4.027,8015252,3224972886.0
2025-03-28,4.027,4.029,4.0,4.008,7043048,2826192921.0
2025-03-31,4.004,4.024,3.969,3.984,9021729,3600807134.0
2025-04-01,3.988,4.003,3.979,3.982,6150155,2452333015.0
2025-04-02,3.983,3.996,3.971,3.979,6291176,2505793835.0
2025-04-03,3.948,3.98,3.943,3.959,11143308,4411676416.0
2025-04-07,3.8,3.84,3.604,3.695,65609880,24314516116.0
2025-04-08,3.698,3.739,3.671,3.73,58535333,21668647143.0
2025-04-09,3.695,3.774,3.678,3.766,16982014,6334479040.0
2025-04-10,3.817,3.847,3.798,3.829,14296317,5465041115.0
2025-04-11,3.81,3.851,3.8,3.84,8619842,3298517131.0
2025-04-14,3.859,3.865,3.842,3.848,9415710,3627429751.0
2025-04-15,3.844,3.857,3.825,3.851,9817935,3773853446.0
2025-04-16,3.841,3.869,3.811,3.86,21771337,8373466072.0
2025-04-17,3.842,3.871,3.841,3.863,13873406,5357723628.0
2025-04-18,3.857,3.879,3.847,3.873,13780507,5327127532.0
2025-04-21,3.865,3.886,3.857,3.875,7126315,2762708291.0
2025-04-22,3.875,3.893,3.873,3.878,7520436,2919236921.0
2025-04-23,3.892,3.907,3.873,3.882,6155041,2391310228.0
2025-04-24,3.882,3.903,3.871,3.882,4873615,1894334207.0
2025-04-25,3.887,3.899,3.875,3.882,5771935,2243036186.0
2025-04-28,3.883,3.886,3.864,3.876,6247090,2421364302.0
2025-04-29,3.874,3.88,3.862,3.869,4947350,1914265261.0
2025-04-30,3.87,3.886,3.864,3.866,5004537,1937487287.0
2025-05-06,3.886,3.906,3.88,3.903,7178253,2795762533.0
2025-05-07,3.95,3.962,3.91,3.927,10470812,4110994908.0
2025-05-08,3.918,3.966,3.918,3.95,7820057,3087094213.0
2025-05-09,3.946,3.95,3.932,3.945,6933748,2734071470.0
2025-05-12,3.963,3.992,3.957,3.99,8365002,3327197559.0
2025-05-13,4.011,4.012,3.988,3.994,7934009,3170416334.0
2025-05-14,3.995,4.066,3.992,4.045,12147902,4893477242.0
2025-05-15,4.038,4.041,4.004,4.011,8177224,3287897242.0
2025-05-16,4.002,4.009,3.977,3.989,7302837,2913902471.0
2025-05-19,3.984,3.988,3.965,3.983,5562981,2212057935.0
2025-05-20,3.984,4.016,3.98,4.003,5499875,2198868086.0
2025-05-21,4.004,4.031,4.003,4.019,5606031,2253851046.0
2025-05-22,4.018,4.027,4.003,4.017,4919320,1975447858.0
2025-05-23,4.012,4.039,3.987,3.988,8450891,3391996057.0
2025-05-26,3.982,3.993,3.956,3.967,7404857,2939168237.0
2025-05-27,3.965,3.969,3.939,3.946,5782884,2285272068.0
2025-05-28,3.947,3.956,3.938,3.942,5399202,2130111536.0
2025-05-29,3.945,3.979,3.939,3.966,8910394,3531865335.0
2025-05-30,3.959,3.964,3.932,3.959,7370307,2910576350.0
2025-06-03,3.946,3.972,3.942,3.957,5967868,2361902723.0
2025-06-04,3.959,3.985,3.958,3.974,4645434,1846404388.0
2025-06-05,3.978,3.994,3.967,3.984,5319657,2116243913.0
2025-06-06,3.987,3.999,3.978,3.986,4888808,1948178948.0
2025-06-09,3.989,4.01,3.984,3.995,5810982,2322756628.0
2025-06-10,3.997,4.005,3.958,3.972,7710518,3069054930.0
2025-06-11,3.974,4.024,3.974,4.004,11035095,4422015631.0
2025-06-12,3.998,4.013,3.98,4.006,6900872,2758909222.0
2025-06-13,3.998,4.002,3.967,3.98,6980168,2779843230.0
2025-06-16,3.974,3.994,3.971,3.99,6493267,2586770171.0
2025-06-17,3.991,3.997,3.974,3.989,4828913,1925078391.0
2025-06-18,3.903,3.91,3.882,3.904,4808034,1874167101.0
2025-06-19,3.898,3.899,3.863,3.873,6007886,2331339243.0
2025-06-20,3.872,3.888,3.871,3.878,4230441,1641824026.0
2025-06-23,3.869,3.902,3.862,3.891,7492447,2908735828.0
2025-06-24,3.896,3.95,3.896,3.936,12245549,4815432117.0
2025-06-25,3.939,4.003,3.935,4.001,17241161,6841352725.0
2025-06-26,3.995,4.004,3.985,3.986,9379679,3745893284.0
2025-06-27,3.99,4.013,3.958,3.963,10696914,4258505726.0
2025-06-30,3.961,3.985,3.956,3.982,10819590,4300171928.0
2025-07-01,3.98,3.992,3.969,3.988,6406861,2551468709.0
2025-07-02,3.985,3.999,3.975,3.992,5188835,2069608324.0
2025-07-03,3.994,4.02,3.991,4.015,6863819,2748927253.0
2025-07-04,4.011,4.065,4.004,4.032,10525621,4241383565.0
2025-07-07,4.026,4.032,4.005,4.014,4022514,1614976763.0
2025-07-08,4.016,4.056,4.013,4.048,6122487,2473798113.0
2025-07-09,4.048,4.069,4.04,4.045,6476608,2626402688.0
2025-07-10,4.045,4.09,4.044,4.065,6323877,2569715942.0
2025-07-11,4.066,4.13,4.065,4.079,12648551,5184103110.0
2025-07-14,4.078,4.094,4.076,4.078,8205479,3351107668.0
2025-07-15,4.082,4.104,4.053,4.078,8074813,3292797650.0
2025-07-16,4.079,4.093,4.056,4.069,4791819,1951853024.0
2025-07-17,4.069,4.103,4.068,4.102,5978225,2443096232.0
2025-07-18,4.108,4.136,4.105,4.132,7131296,2940955208.0
2025-07-21,4.137,4.16,4.134,4.157,7674613,3184284274.0
2025-07-22,4.159,4.203,4.142,4.201,10821091,4516788944.0
2025-07-23,4.204,4.234,4.188,4.199,9947315,4188253000.0
2025-07-24,4.195,4.228,4.19,4.225,8852360,3729028292.0
2025-07-25,4.225,4.225,4.193,4.203,8200860,3452281674.0
2025-07-28,4.203,4.223,4.186,4.214,6027713,2535151857.0
2025-07-29,4.208,4.236,4.192,4.235,8059786,3395606595.0
2025-07-30,4.227,4.265,4.207,4.232,9502522,4023783503.0
2025-07-31,4.221,4.221,4.142,4.155,11229126,4687659264.0
2025-08-01,4.148,4.162,4.118,4.133,6115671,2531113831.0
2025-08-04,4.122,4.154,4.117,4.152,4355672,1801388564.0
2025-08-05,4.154,4.185,4.151,4.183,5480681,2282989180.0
2025-08-06,4.181,4.199,4.176,4.194,4089449,1713095761.0
2025-08-07,4.196,4.21,4.171,4.193,5339656,2236786689.0
2025-08-08,4.188,4.201,4.175,4.183,4230624,1771777749.0
2025-08-11,4.183,4.218,4.183,4.202,6881519,2891923703.0
2025-08-12,4.2,4.237,4.2,4.228,4824872,2036818306.0
2025-08-13,4.234,4.272,4.229,4.263,7588408,3227703467.0
2025-08-14,4.265,4.303,4.248,4.256,8879344,3797429985.0
2025-08-15,4.242,4.302,4.24,4.295,10718339,4584387161.0
2025-08-18,4.298,4.36,4.285,4.327,10092475,4362087157.0
2025-08-19,4.326,4.347,4.297,4.305,7743324,3347920291.0
2025-08-20,4.295,4.365,4.267,4.364,13784166,5938089045.0
2025-08-21,4.368,4.394,4.358,4.378,9130025,3997377735.0
2025-08-22,4.375,4.484,4.374,4.479,13602634,6031204221.0
2025-08-25,4.501,4.572,4.497,4.565,14560918,6599627198.0
2025-08-26,4.554,4.572,4.527,4.541,11142941,5068845227.0
2025-08-27,4.541,4.585,4.473,4.475,14126904,6408311259.0
2025-08-28,4.469,4.561,4.452,4.559,12764157,5746035433.0
2025-08-29,4.55,4.613,4.54,4.601,13550574,6208498370.0
2025-09-01,4.607,4.624,4.58,4.616,11939867,5495420182.0
2025-09-02,4.613,4.643,4.55,4.59,10344122,4755250317.0
2025-09-03,4.592,4.609,4.52,4.549,9188625,4187703184.0
2025-09-04,4.546,4.555,4.416,4.456,14208228,6352441030.0
2025-09-05,4.45,4.563,4.442,4.554,10603325,4780253830.0
2025-09-08,4.554,4.573,4.524,4.555,10340220,4701185135.0
2025-09-09,4.545,4.564,4.502,4.528,6803545,3084847254.0
2025-09-10,4.526,4.562,4.507,4.538,6086583,2761984289.0
2025-09-11,4.527,4.662,4.517,4.66,9783418,4504295390.0
2025-09-12,4.662,4.664,4.615,4.621,9158580,4251540392.0
2025-09-15,4.622,4.662,4.614,4.629,7211915,3346337207.0
2025-09-16,4.632,4.652,4.591,4.62,7889034,3642646550.0
2025-09-17,4.615,4.659,4.599,4.653,7154079,3315621288.0
2025-09-18,4.655,4.676,4.554,4.594,11873727,5488692045.0
2025-09-19,4.59,4.633,4.587,4.604,7316138,3369611818.0
2025-09-22,4.604,4.621,4.582,4.619,6292766,2896946428.0
2025-09-23,4.627,4.656,4.558,4.622,10550001,4859849641.0
2025-09-24,4.597,4.664,4.596,4.663,10044859,4656117026.0
2025-09-25,4.663,4.718,4.657,4.695,7713362,3614405601.0
2025-09-26,4.677,4.699,4.65,4.651,7153059,3344592886.0
2025-09-29,4.648,4.755,4.64,4.728,11954365,5620190347.0
2025-09-30,4.734,4.75,4.72,4.741,7403809,3508639995.0
2025-10-09,4.754,4.836,4.75,4.816,8970906,4308933449.0
2025-10-10,4.787,4.794,4.704,4.719,11746426,5581932563.0
2025-10-13,4.598,4.704,4.596,4.692,9658362,4499844601.0
2025-10-14,4.725,4.74,4.62,4.645,11619095,5445976980.0
2025-10-15,4.648,4.715,4.627,4.706,9974013,4649845988.0
2025-10-16,4.689,4.747,4.689,4.721,8124633,3835512324.0
2025-10-17,4.715,4.724,4.612,4.624,8400582,3909864092.0
2025-10-20,4.651,4.678,4.624,4.64,7644178,3554256321.0
2025-10-21,4.656,4.723,4.652,4.71,9598685,4511371971.0
2025-10-22,4.69,4.708,4.668,4.695,5544842,2601506365.0
2025-10-23,4.687,4.719,4.642,4.713,6993428,3267824361.0
2025-10-24,4.728,4.772,4.727,4.77,8653036,4110591097.0
2025-10-27,4.808,4.831,4.796,4.826,7585249,3652922850.0
2025-10-28,4.815,4.85,4.792,4.802,7259491,3497088820.0
2025-10-29,4.81,4.864,4.81,4.862,6792784,3284668925.0
2025-10-30,4.858,4.874,4.816,4.823,8164619,3955485339.0
2025-10-31,4.819,4.826,4.755,4.756,14325686,6851751219.0
2025-11-03,4.752,4.767,4.705,4.763,7759881,3674194550.0
2025-11-04,4.76,4.773,4.706,4.729,12015243,5708778783.0
2025-11-05,4.692,4.751,4.668,4.735,7633533,3599158874.0
2025-11-06,4.742,4.813,4.742,4.805,7326649,3506780405.0
2025-11-07,4.79,4.812,4.774,4.795,5392556,2584816479.0
2025-11-10,4.797,4.811,4.763,4.807,4483488,2146884969.0
2025-11-11,4.814,4.824,4.757,4.763,5651936,2702663134.0
2025-11-12,4.754,4.783,4.731,4.765,5236907,2491775456.0
2025-11-13,4.757,4.815,4.752,4.812,6459561,3096198221.0
2025-11-14,4.785,4.796,4.739,4.741,5936317,2832605947.0
2025-11-17,4.73,4.74,4.691,4.71,7524669,3545084093.0
2025-11-18,4.7,4.717,4.664,4.683,8568239,4018390177.0
2025-11-19,4.678,4.717,4.678,4.697,8569615,4026545623.0
2025-11-20,4.724,4.729,4.673,4.676,5619395,2644705315.0
2025-11-21,4.645,4.654,4.562,4.564,14964004,6884359920.0
2025-11-24,4.579,4.585,4.533,4.557,11557477,5269730484.0
2025-11-25,4.58,4.623,4.579,4.597,8959406,4120829562.0
2025-11-26,4.6,4.646,4.594,4.626,9140793,4228349386.0
2025-11-27,4.629,4.674,4.618,4.622,4793694,2226374836.0
2025-11-28,4.621,4.642,4.603,4.635,5192341,2403092677.0
2025-12-01,4.646,4.688,4.639,4.687,5783014,2698559001.0
2025-12-02,4.686,4.686,4.651,4.666,3834449,1790231961.0
2025-12-03,4.665,4.684,4.635,4.645,3950348,1840202209.0
2025-12-04,4.648,4.671,4.628,4.657,4026188,1871831892.0
2025-12-05,4.656,4.71,4.643,4.698,6872031,3217071412.0
2025-12-08,4.711,4.754,4.709,4.732,8263438,3908784386.0
2025-12-09,4.727,4.739,4.694,4.708,7001055,3302885875.0
2025-12-10,4.7,4.709,4.658,4.702,6207764,2903153594.0
2025-12-11,4.708,4.722,4.662,4.668,6199443,2910601742.0
2025-12-12,4.678,4.702,4.648,4.694,8671539,4057237306.0
2025-12-15,4.674,4.712,4.55,4.667,6917855,3241015143.0
2025-12-16,4.66,4.667,4.601,4.62,7693550,3559031617.0
2025-12-17,4.619,4.715,4.616,4.699,10856133,5079203142.0
2025-12-18,4.683,4.692,4.661,4.668,6780189,3169750209.0
2025-12-19,4.68,4.714,4.666,4.688,8317889,3901916782.0
2025-12-22,4.702,4.735,4.702,4.73,8371220,3956863484.0
2025-12-23,4.735,4.763,4.726,4.74,8083405,3833240598.0
2025-12-24,4.74,4.765,4.726,4.757,5334294,2531260594.0
2025-12-25,4.75,4.777,4.744,4.766,4272443,2033628744.0
2025-12-26,4.766,4.801,4.755,4.784,8160801,3902900785.0
2025-12-29,4.78,4.794,4.749,4.763,8529050,4069832488.0
2025-12-30,4.746,4.79,4.742,4.773,4772242,2275508778.0
2025-12-31,4.777,4.789,4.742,4.753,6668292,3175879377.0
2026-01-05,4.783,4.848,4.78,4.844,10171325,4902061805.0
2026-01-06,4.85,4.92,4.848,4.919,10523015,5141603633.0
2026-01-07,4.92,4.927,4.876,4.901,9334026,4578481053.0
2026-01-08,4.888,4.894,4.843,4.863,6827198,3324674355.0
2026-01-09,4.857,4.903,4.844,4.885,11348553,5535581862.0
2026-01-12,4.893,4.929,4.861,4.913,13330753,6529675045.0
2026-01-13,4.922,4.965,4.876,4.896,12717832,6249488306.0
2026-01-14,4.896,4.949,4.841,4.866,21367223,10465332592.0
2026-01-15,4.849,4.894,4.843,4.875,52171489,25390672681.0
2026-01-16,4.905,4.919,4.838,4.859,53201665,25922582412.0
2026-01-19,4.737,4.769,4.718,4.738,29134399,13792576409.0
2026-01-20,4.735,4.751,4.688,4.724,28867656,13613769428.0
2026-01-21,4.709,4.764,4.709,4.73,49039740,23207895509.0
2026-01-22,4.741,4.76,4.703,4.727,43163442,20376067887.0
2026-01-23,4.732,4.742,4.687,4.704,67693781,31834663643.0
2026-01-26,4.712,4.76,4.694,4.712,59398529,28002364939.0
2026-01-27,4.712,4.742,4.679,4.71,43391350,20450057577.0
2026-01-28,4.725,4.743,4.704,4.725,84977823,40100175381.0
2026-01-29,4.724,4.779,4.704,4.768,35456647,16773879626.0
2026-01-30,4.736,4.758,4.642,4.711,16702748,7860479504.0
2026-02-02,4.68,4.719,4.591,4.6,26511344,12299263716.0
2026-02-03,4.64,4.668,4.585,4.664,10529446,4881749326.0
2026-02-04,4.652,4.709,4.643,4.707,10525059,4914865553.0
2026-02-05,4.68,4.695,4.645,4.679,9339829,4364498239.0
2026-02-06,4.643,4.691,4.61,4.649,8816737,4106577054.0
2026-02-09,4.695,4.73,4.686,4.727,7011195,3304026961.0
2026-02-10,4.733,4.739,4.72,4.733,6804617,3219183511.0
2026-02-11,4.727,4.732,4.714,4.723,3720787,1757895647.0
2026-02-12,4.729,4.735,4.716,4.727,3980124,1881073591.0
2026-02-13,4.714,4.714,4.667,4.671,13673572,6405790170.0
2026-02-24,4.725,4.736,4.705,4.716,6242456,2946760847.0
2026-02-25,4.717,4.778,4.716,4.75,8734031,4148107679.0
2026-02-26,4.751,4.754,4.712,4.735,7663721,3624553287.0
2026-02-27,4.72,4.732,4.7,4.725,6062453,2859792911.0
2026-03-02,4.694,4.743,4.674,4.739,12423675,5860854055.0
2026-03-03,4.741,4.751,4.665,4.678,9665579,4550837091.0
2026-03-04,4.64,4.65,4.587,4.61,8292240,3830984400.0
2026-03-05,4.647,4.678,4.639,4.654,5684210,2646464156.0
2026-03-06,4.64,4.682,4.624,4.667,5043759,2349185776.0
2026-03-09,4.623,4.638,4.56,4.629,8380983,3854535508.0
2026-03-10,4.642,4.689,4.641,4.683,5460125,2550822882.0
2026-03-11,4.686,4.719,4.682,4.711,5937122,2792866730.0
2026-03-12,4.711,4.711,4.665,4.694,3433836,1610201018.0
2026-03-13,4.672,4.716,4.67,4.677,3251129,1526480622.0
2026-03-16,4.675,4.686,4.632,4.68,4038627,1881524447.0
2026-03-17,4.686,4.731,4.645,4.646,7233377,3388771831.0
2026-03-18,4.652,4.67,4.616,4.662,7702627,3575798297.0
2026-03-19,4.621,4.641,4.581,4.599,7722418,3558170504.0
2026-03-20,4.598,4.635,4.573,4.576,7612736,3509938019.0
2026-03-23,4.528,4.537,4.406,4.43,15234981,6799292789.0
2026-03-24,4.463,4.48,4.405,4.479,8504351,3784113263.0
2026-03-25,4.51,4.549,4.504,4.544,8677126,3932266869.0
2026-03-26,4.536,4.547,4.477,4.488,4742424,2139118213.0
2026-03-27,4.45,4.53,4.445,4.508,5626908,2529639239.0
2026-03-30,4.462,4.505,4.453,4.5,5439943,2434696108.0
2026-03-31,4.501,4.529,4.462,4.463,5305656,2385310576.0
2026-04-01,4.52,4.542,4.501,4.534,5012281,2267466693.0
2026-04-02,4.521,4.526,4.47,4.489,4663511,2098973595.0
2026-04-03,4.495,4.506,4.446,4.454,4261096,1903072420.0
2026-04-07,4.455,4.47,4.431,4.446,4285686,1908516205.0
2026-04-08,4.519,4.604,4.517,4.602,9968846,4550818244.0
2026-04-09,4.573,4.586,4.56,4.572,7049553,3223934997.0
2026-04-10,4.588,4.664,4.588,4.642,9063873,4203124967.0
2026-04-13,4.629,4.66,4.623,4.652,3928926,1825187755.0
2026-04-14,4.679,4.712,4.663,4.712,4276571,2005429241.0
2026-04-15,4.732,4.746,4.684,4.694,6759806,3185349113.0
2026-04-16,4.704,4.747,4.7,4.746,8532344,4036951794.0
2026-04-17,4.737,4.75,4.722,4.739,7361501,3485941360.0
2026-04-20,4.735,4.777,4.728,4.765,7624578,3627929894.0
2026-04-21,4.764,4.786,4.73,4.776,6361081,3026895923.0
2026-04-22,4.76,4.813,4.756,4.811,10125926,4851593064.0
2026-04-23,4.82,4.834,4.772,4.801,10085181,4848688474.0
2026-04-24,4.785,4.798,4.75,4.782,7193226,3432906825.0
2026-04-27,4.786,4.81,4.773,4.782,9280360,4443760487.0
2026-04-28,4.766,4.79,4.757,4.77,8644202,4125806961.0
2026-04-29,4.755,4.828,4.755,4.821,12796798,6139314265.0
2026-04-30,4.83,4.841,4.808,4.824,16517864,7965711080.0
2026-05-06,4.866,4.914,4.852,4.888,18677828,9131466569.0
2026-05-07,4.905,4.914,4.879,4.912,20946226,10262731527.0
2026-05-08,4.89,4.902,4.862,4.886,12535649,6121164078.0
2026-05-11,4.911,4.98,4.9,4.966,21165218,10456512044.0
2026-05-12,4.975,4.987,4.944,4.963,10021705,4976355850.0
2026-05-13,4.94,5.023,4.939,5.017,12726150,6331249193.0
2026-05-14,5.037,5.041,4.931,4.941,10281646,5118663487.0
2026-05-15,4.935,4.954,4.852,4.878,10479024,5135152284.0
2026-05-18,4.855,4.885,4.819,4.852,5835764,2832450612.0
2026-05-19,4.843,4.874,4.789,4.869,9674999,4670192858.0
2026-05-20,4.845,4.882,4.84,4.871,9597201,4664422387.0
2026-05-21,4.897,4.954,4.801,4.808,12055773,5913215496.0
2026-05-22,4.828,4.868,4.807,4.862,13250518,6421618436.0
2026-05-25,4.88,4.938,4.872,4.937,16250559,7970991059.0
2026-05-26,4.912,4.975,4.91,4.972,9686752,4786813577.0
2026-05-27,4.963,4.993,4.913,4.932,6405215,3174582673.0
2026-05-28,4.917,4.948,4.866,4.932,4396498,2155076599.0
2026-05-29,4.946,4.978,4.9,4.923,6566854,3243446893.0
2026-06-01,4.923,4.94,4.861,4.868,4990927,2443095510.0
2026-06-02,4.867,4.956,4.856,4.936,6809437,3345673270.0
2026-06-03,4.938,5.016,4.928,4.965,7604619,3784497955.0
2026-06-04,4.919,4.961,4.91,4.926,6097283,3006706301.0
2026-06-05,4.909,4.948,4.825,4.843,6182927,3023262809.0
2026-06-08,4.79,4.808,4.705,4.739,9232724,4394322754.0
2026-06-09,4.764,4.828,4.741,4.826,4361645,2085593718.0
2026-06-10,4.79,4.814,4.751,4.784,3931623,1879211957.0
2026-06-11,4.766,4.793,4.718,4.751,4160688,1975529542.0
2026-06-12,4.81,4.846,4.789,4.818,7808859,3761995011.0
2026-06-15,4.858,4.92,4.839,4.919,16233007,7928405421.0
2026-06-16,4.92,4.933,4.893,4.91,9085294,4467242130.0
2026-06-17,4.898,4.96,4.894,4.958,13911870,6854308726.0
2026-06-18,4.943,5.001,4.941,4.984,12933430,6434057084.0
2026-06-22,4.983,5.095,4.954,5.091,19131578,9643147387.0
2026-06-23,5.079,5.095,4.915,4.942,26173354,13121283632.0
2026-06-24,4.929,4.978,4.916,4.967,25906734,12839317641.0
2026-06-25,4.973,5.055,4.966,5.048,26406087,13252886361.0
2026-06-26,5.008,5.015,4.88,4.907,9582429,4730764080.0
2026-06-29,4.897,4.966,4.866,4.959,14848057,7294621804.0
2026-06-30,4.947,5.022,4.942,5.019,20297213,10142732805.0
2026-07-01,5.009,5.054,4.957,4.998,9626190,4820926453.0
2026-07-02,4.955,4.96,4.835,4.85,13691536,6704066004.0
2026-07-03,4.83,4.927,4.828,4.876,19983308,9792434457.0
2026-07-06,4.9,4.914,4.831,4.877,6179918,3016661205.0
2026-07-07,4.858,4.877,4.796,4.826,6986968,3378515920.0
2026-07-08,4.836,4.872,4.793,4.798,4846848,2337287019.0
2026-07-09,4.813,4.925,4.777,4.916,9558592,4636438104.0
2026-07-10,4.918,4.949,4.827,4.829,8242800,4039507184.0
2026-07-13,4.802,4.821,4.719,4.744,16190530,7705111563.0
2026-07-14,4.744,4.838,4.696,4.837,18084400,8630537927.0
2026-07-15,4.829,4.87,4.819,4.838,7220327,3497653884.0
2026-07-16,4.775,4.825,4.724,4.753,16578228,7909234146.0
2026-07-17,4.72,4.73,4.546,4.589,31647757,14648790580.0
2026-07-20,4.63,4.685,4.577,4.65,40104538,18562451759.0
2026-07-21,4.677,4.789,4.617,4.787,27388321,12894642144.0
2026-07-22,4.75,4.823,4.75,4.765,12650379,6059305801.0
2026-07-23,4.774,4.795,4.755,4.787,5811786,2775499281.0
2026-07-24,4.75,4.759,4.699,4.701,10247632,4844479626.0
2026-07-27,4.702,4.758,4.674,4.753,9715927,4584814670.0
2026-07-28,4.69,4.7,4.609,4.627,16853987,7832309396.0
2026-07-29,4.624,4.686,4.574,4.657,15092027,6987965715.0
2026-07-30,4.63,4.655,4.536,4.605,15120389,6953209405.0
2026-07-31,4.68,4.703,4.644,4.653,15016263,7016550822.0
2026-08-03,4.624,4.638,4.591,4.599,9263921,4269964026.0
2026-08-04,4.618,4.672,4.615,4.651,11730429,5451256791.0
2026-08-05,4.62,4.737,4.613,4.714,14245658,6690045414.0
2026-08-06,4.688,4.731,4.668,4.709,8783560,4127254988.0
2026-08-07,4.706,4.764,4.706,4.751,9435356,4474693309.0
2026-08-10,4.755,4.772,4.72,4.759,5610852,2663755926.0
2026-08-11,4.75,4.775,4.722,4.728,5353219,2541400132.0
2026-08-12,4.727,4.759,4.72,4.748,9010137,4275919625.0
2026-08-13,4.77,4.786,4.725,4.729,9155827,4364799044.0
2026-08-14,4.737,4.742,4.7010000000000005,4.726,6859530,3238306200.0
