date,open,high,low,close,volume,amount
2007-01-18,2.019,2.023,1.926,1.997,2360059,466070565.0
2007-01-19,1.996,2.042,1.993,2.04,986428,199196018.0
2007-01-22,2.051,2.128,2.051,2.128,561721,117685923.0
2007-01-23,2.15,2.175,2.081,2.168,717309,152652902.0
2007-01-24,2.17,2.255,2.162,2.239,539028,119818958.0
2007-01-25,2.237,2.237,2.14,2.145,792363,173112426.0
2007-01-26,2.1,2.195,2.041,2.192,774924,163586554.0
2007-01-29,2.204,2.258,2.2,2.258,720452,161225930.0
2007-01-30,2.261,2.306,2.247,2.272,688981,156778200.0
2007-01-31,2.269,2.269,2.108,2.116,637624,139513671.0
2007-02-01,2.1,2.123,2.02,2.094,944330,196206858.0
2007-02-02,2.088,2.11,2.001,2.007,1030615,210178463.0
2007-02-05,1.98,2.0,1.95,1.963,560316,110566528.0
2007-02-06,1.966,1.999,1.895,1.998,1081485,209717648.0
2007-02-07,2.009,2.063,1.997,2.044,588612,119784338.0
2007-02-08,2.03,2.075,2.012,2.071,388687,79712198.0
2007-02-09,2.071,2.072,2.025,2.04,260798,53283819.0
2007-02-12,2.038,2.12,2.031,2.119,379640,79004591.0
2007-02-13,2.121,2.159,2.119,2.152,282739,60488529.0
2007-02-14,2.152,2.22,2.138,2.208,284267,62348629.0
2007-02-15,2.235,2.3,2.225,2.298,519810,117922321.0
2007-02-16,2.34,2.359,2.298,2.321,630791,146866539.0
2007-02-26,2.314,2.439,2.314,2.435,1013958,241804859.0
2007-02-27,2.451,2.458,2.2,2.21,972518,224873343.0
2007-02-28,2.201,2.33,2.159,2.319,1049975,234850697.0
2007-03-01,2.319,2.321,2.17,2.259,523686,118633678.0
2007-03-02,2.25,2.297,2.23,2.275,528194,119761223.0
2007-03-05,2.27,2.309,2.17,2.235,556396,124321500.0
2007-03-06,2.211,2.28,2.2,2.255,447395,100517025.0
2007-03-07,2.263,2.32,2.263,2.304,578361,133094897.0
2007-03-08,2.297,2.322,2.29,2.319,636575,147294082.0
2007-03-09,2.322,2.34,2.296,2.318,360392,83670423.0
2007-03-12,2.319,2.338,2.286,2.336,359381,83340364.0
2007-03-13,2.33,2.355,2.321,2.347,266314,62355245.0
2007-03-14,2.308,2.31,2.265,2.288,341052,78012944.0
2007-03-15,2.286,2.336,2.28,2.334,295224,68573314.0
2007-03-16,2.335,2.349,2.266,2.275,348409,80221181.0
2007-03-19,2.23,2.33,2.207,2.318,406317,92961768.0
2007-03-20,2.317,2.342,2.304,2.339,218495,50801233.0
2007-03-21,2.339,2.372,2.331,2.369,266714,62951022.0
2007-03-22,2.371,2.425,2.371,2.388,366535,87980307.0
2007-03-23,2.383,2.403,2.342,2.397,265494,63038637.0
2007-03-26,2.393,2.453,2.393,2.452,404925,98449115.0
2007-03-27,2.451,2.473,2.45,2.469,391208,96358365.0
2007-03-28,2.469,2.498,2.388,2.49,541551,133263633.0
2007-03-29,2.495,2.518,2.45,2.476,503306,125533815.0
2007-03-30,2.467,2.501,2.45,2.477,173441,42960704.0
2007-04-02,2.482,2.574,2.482,2.568,375058,95148913.0
2007-04-03,2.576,2.62,2.575,2.594,278626,72374840.0
2007-04-04,2.599,2.616,2.575,2.595,265502,68826053.0
2007-04-05,2.595,2.63,2.577,2.625,307839,80058391.0
2007-04-06,2.62,2.65,2.6,2.648,324804,85600734.0
2007-04-09,2.651,2.742,2.651,2.728,209605,56947783.0
2007-04-10,2.731,2.781,2.7,2.78,336668,92743749.0
2007-04-11,2.781,2.818,2.763,2.818,417723,117037331.0
2007-04-12,2.819,2.858,2.808,2.857,238385,67455616.0
2007-04-13,2.857,2.878,2.826,2.839,237807,67761180.0
2007-04-16,2.835,2.908,2.833,2.905,216433,62255094.0
2007-04-17,2.908,2.945,2.84,2.945,342641,99364758.0
2007-04-18,2.945,2.971,2.908,2.963,236394,69643856.0
2007-04-19,2.94,2.95,2.75,2.821,517527,148274364.0
2007-04-20,2.829,2.94,2.829,2.931,295455,85404706.0
2007-04-23,2.942,3.106,2.942,3.103,231314,70646762.0
2007-04-24,3.15,3.203,3.108,3.168,543468,172198603.0
2007-04-25,3.162,3.31,3.1,3.16,544676,173065804.0
2007-04-26,3.16,3.235,3.16,3.21,428206,137098903.0
2007-04-27,3.219,3.23,3.152,3.193,508018,162180066.0
2007-04-30,3.19,3.237,3.164,3.235,378227,121115631.0
2007-05-08,3.3,3.389,3.3,3.388,368614,123890865.0
2007-05-09,3.387,3.43,3.3,3.404,479759,161677949.0
2007-05-10,3.403,3.497,3.389,3.467,321393,110816112.0
2007-05-11,3.468,3.468,3.395,3.437,1173440,402765084.0
2007-05-14,3.41,3.49,3.3,3.475,1817129,625642641.0
2007-05-15,3.479,3.482,3.321,3.329,859620,291174083.0
2007-05-16,3.32,3.396,3.23,3.387,1029346,342413272.0
2007-05-17,3.395,3.478,3.392,3.451,672521,232043362.0
2007-05-18,3.441,3.487,3.42,3.461,645756,223781617.0
2007-05-21,3.381,3.51,3.358,3.492,637451,220722454.0
2007-05-22,3.492,3.568,3.492,3.537,307540,108870554.0
2007-05-23,3.54,3.632,3.525,3.628,416087,148696704.0
2007-05-24,3.631,3.65,3.535,3.593,792519,283585862.0
2007-05-25,3.554,3.61,3.531,3.598,487331,174782585.0
2007-05-28,3.61,3.698,3.61,3.683,450558,165678668.0
2007-05-29,3.701,3.784,3.695,3.782,395184,147676447.0
2007-05-30,3.589,3.75,3.48,3.5,1171615,421828938.0
2007-05-31,3.453,3.608,3.275,3.542,1165967,402319252.0
2007-06-01,3.527,3.601,3.358,3.36,716872,249837377.0
2007-06-04,3.38,3.42,3.045,3.05,1001794,316661080.0
2007-06-05,3.026,3.2,2.792,3.19,1612232,485797469.0
2007-06-06,3.219,3.266,3.1,3.215,1102330,354862980.0
2007-06-07,3.231,3.335,3.216,3.329,867193,284279144.0
2007-06-08,3.34,3.362,3.305,3.351,953919,318510927.0
2007-06-11,3.346,3.402,3.346,3.39,681618,230000363.0
2007-06-12,3.395,3.543,3.348,3.54,575423,197786415.0
2007-06-13,3.57,3.652,3.57,3.636,512249,185375515.0
2007-06-14,3.605,3.61,3.518,3.547,542827,193847325.0
2007-06-15,3.546,3.569,3.498,3.537,569257,201107518.0
2007-06-18,3.565,3.641,3.565,3.621,534089,193556637.0
2007-06-19,3.607,3.688,3.6,3.656,384122,140025501.0
2007-06-20,3.65,3.728,3.58,3.6,497043,182651267.0
2007-06-21,3.581,3.63,3.547,3.617,333162,119977918.0
2007-06-22,3.613,3.65,3.41,3.504,431579,153577677.0
2007-06-25,3.509,3.536,3.281,3.297,410482,139840839.0
2007-06-26,3.236,3.37,3.2,3.363,553614,180597304.0
2007-06-27,3.375,3.458,3.339,3.45,393260,133409589.0
2007-06-28,3.425,3.46,3.289,3.29,329055,111604835.0
2007-06-29,3.204,3.275,3.155,3.171,323693,103769037.0
2007-07-02,3.145,3.247,3.12,3.203,450506,143155221.0
2007-07-03,3.223,3.279,3.205,3.263,182887,59434193.0
2007-07-04,3.264,3.284,3.189,3.202,207056,67332947.0
2007-07-05,3.189,3.189,3.0,3.009,978169,301334326.0
2007-07-06,3.0,3.15,2.945,3.146,513865,155696212.0
2007-07-09,3.156,3.248,3.151,3.239,306829,98112402.0
2007-07-10,3.23,3.239,3.152,3.165,197674,63123373.0
2007-07-11,3.152,3.193,3.126,3.19,138829,43945978.0
2007-07-12,3.192,3.229,3.178,3.21,137520,43975060.0
2007-07-13,3.209,3.22,3.17,3.214,132883,42524685.0
2007-07-16,3.21,3.212,3.102,3.112,126641,39856105.0
2007-07-17,3.091,3.192,3.08,3.167,119900,37535563.0
2007-07-18,3.165,3.24,3.135,3.19,143631,45903982.0
2007-07-19,3.18,3.199,3.155,3.158,82863,26262700.0
2007-07-20,3.159,3.283,3.159,3.282,202444,65625689.0
2007-07-23,3.3,3.492,3.3,3.489,271671,92960227.0
2007-07-24,3.509,3.585,3.49,3.5,379976,134626221.0
2007-07-25,3.478,3.6,3.47,3.599,329195,117257556.0
2007-07-26,3.61,3.644,3.582,3.624,341261,123252940.0
2007-07-27,3.6,3.67,3.562,3.659,455074,165452657.0
2007-07-30,3.659,3.809,3.641,3.785,332142,124990445.0
2007-07-31,3.78,3.82,3.758,3.809,265878,100887066.0
2007-08-01,3.809,3.835,3.66,3.671,453143,170079283.0
2007-08-02,3.7,3.802,3.696,3.787,606741,227200558.0
2007-08-03,3.79,3.855,3.79,3.852,453357,173507678.0
2007-08-06,3.854,3.973,3.854,3.963,554304,218287380.0
2007-08-07,3.968,4.05,3.925,4.01,466899,186726410.0
2007-08-08,3.974,3.989,3.854,3.928,297803,117002914.0
2007-08-09,3.923,4.005,3.91,4.0,259036,103065536.0
2007-08-10,3.982,4.01,3.611,3.975,739803,290144984.0
2007-08-13,3.974,4.04,3.942,3.981,297876,119025178.0
2007-08-14,3.982,4.038,3.981,4.031,181318,72842090.0
2007-08-15,4.03,4.08,3.961,4.056,275748,110798119.0
2007-08-16,4.066,4.066,3.941,3.992,207708,82797980.0
2007-08-17,3.98,4.04,3.901,3.921,423705,167005531.0
2007-08-20,3.988,4.248,3.988,4.247,384341,158369928.0
2007-08-21,4.27,4.28,4.2,4.229,319477,135054655.0
2007-08-22,4.209,4.268,4.159,4.241,209071,88484605.0
2007-08-23,4.243,4.285,4.221,4.276,233957,99533855.0
2007-08-24,4.29,4.432,4.281,4.425,397283,174078044.0
2007-08-27,4.445,4.539,4.426,4.478,332748,148822007.0
2007-08-28,4.449,4.478,4.378,4.474,291421,129422024.0
2007-08-29,4.445,4.471,4.37,4.392,346175,152735374.0
2007-08-30,4.4,4.461,4.388,4.453,232352,103050683.0
2007-08-31,4.454,4.533,4.453,4.529,228412,102967987.0
2007-09-03,4.579,4.737,4.571,4.719,308759,144024829.0
2007-09-04,4.75,4.78,4.679,4.709,526042,248178662.0
2007-09-05,4.703,4.725,4.62,4.696,551594,256763798.0
2007-09-06,4.718,4.828,4.718,4.817,425216,203743426.0
2007-09-07,4.8,4.81,4.725,4.755,737312,351991614.0
2007-09-10,4.694,4.818,4.65,4.815,440002,207915166.0
2007-09-11,4.812,4.857,4.5,4.58,648530,307062998.0
2007-09-12,4.58,4.684,4.498,4.627,571215,261118454.0
2007-09-13,4.641,4.82,4.6,4.812,662428,314227631.0
2007-09-14,4.822,4.98,4.81,4.956,579321,283317407.0
2007-09-17,4.956,5.129,4.95,5.127,489629,247917169.0
2007-09-18,5.17,5.2,4.995,5.049,1113958,564200113.0
2007-09-19,5.049,5.073,4.897,4.971,729735,361945189.0
2007-09-20,4.977,5.046,4.93,4.979,394494,196656179.0
2007-09-21,4.98,4.998,4.8,4.874,597111,290776469.0
2007-09-24,4.874,4.93,4.76,4.915,417202,202514538.0
2007-09-25,4.913,4.934,4.828,4.84,309515,150591901.0
2007-09-26,4.82,4.875,4.7,4.734,355756,169938975.0
2007-09-27,4.734,4.78,4.691,4.76,271281,128197010.0
2007-09-28,4.832,4.911,4.805,4.905,423735,206257436.0
2007-10-08,4.971,4.988,4.86,4.875,494052,241904756.0
2007-10-09,4.858,4.882,4.78,4.865,331716,160385663.0
2007-10-10,4.863,5.0,4.863,4.914,487699,241131690.0
2007-10-11,4.914,4.96,4.85,4.923,349428,171570653.0
2007-10-12,4.94,5.03,4.75,4.936,562877,277460301.0
2007-10-15,4.921,5.191,4.88,5.188,857472,433462151.0
2007-10-16,5.194,5.29,5.131,5.173,443199,230605714.0
2007-10-17,5.141,5.208,5.066,5.155,388527,199967539.0
2007-10-18,5.148,5.177,4.96,4.966,599340,301210133.0
2007-10-19,4.985,5.07,4.875,4.921,426827,210606221.0
2007-10-22,4.857,4.859,4.701,4.719,509777,243216567.0
2007-10-23,4.71,4.76,4.57,4.755,514482,239720169.0
2007-10-24,4.783,4.934,4.755,4.891,442658,214808665.0
2007-10-25,4.834,4.837,4.585,4.6,725982,339452193.0
2007-10-26,4.507,4.7,4.49,4.661,532699,243650388.0
2007-10-29,4.688,4.767,4.637,4.762,271818,127883274.0
2007-10-30,4.789,4.875,4.701,4.874,261775,125651807.0
2007-10-31,4.95,4.95,4.868,4.903,350640,172217257.0
2007-11-01,4.9,4.994,4.9,4.918,429102,212697501.0
2007-11-02,4.862,4.9,4.818,4.86,296623,143912024.0
2007-11-05,4.856,4.856,4.669,4.706,381223,180369803.0
2007-11-06,4.7,4.706,4.533,4.55,574254,264312432.0
2007-11-07,4.599,4.61,4.48,4.568,365225,165882664.0
2007-11-08,4.55,4.55,4.317,4.322,605001,267073735.0
2007-11-09,4.298,4.366,4.151,4.292,410031,174701716.0
2007-11-12,4.198,4.291,4.044,4.209,440597,183254290.0
2007-11-13,4.25,4.381,4.198,4.265,653775,280454245.0
2007-11-14,4.35,4.435,4.26,4.432,555655,241538084.0
2007-11-15,4.4,4.42,4.326,4.339,254722,111571003.0
2007-11-16,4.289,4.321,4.25,4.309,182611,78216261.0
2007-11-19,4.321,4.347,4.286,4.318,138895,59968289.0
2007-11-20,4.297,4.426,4.26,4.389,277257,120550063.0
2007-11-21,4.429,4.465,4.33,4.336,240283,105714463.0
2007-11-22,4.264,4.31,4.185,4.199,268138,113691713.0
2007-11-23,4.179,4.24,4.138,4.238,182069,76322177.0
2007-11-26,4.29,4.328,4.17,4.177,279673,119054834.0
2007-11-27,4.141,4.197,4.1,4.102,223114,92273087.0
2007-11-28,4.1,4.14,3.98,3.996,322623,130796675.0
2007-11-29,4.025,4.168,3.981,4.166,373118,152477452.0
2007-11-30,4.165,4.165,4.05,4.061,246596,100956479.0
2007-12-03,4.02,4.118,4.02,4.089,118290,48288625.0
2007-12-04,4.099,4.225,4.099,4.165,302982,126629557.0
2007-12-05,4.165,4.345,4.155,4.336,536793,230234991.0
2007-12-06,4.357,4.357,4.29,4.325,465353,201348060.0
2007-12-07,4.34,4.449,4.332,4.43,335845,148126618.0
2007-12-10,4.388,4.525,4.35,4.516,871186,389307501.0
2007-12-11,4.53,4.568,4.472,4.526,522055,236276676.0
2007-12-12,4.5,4.525,4.426,4.484,358015,160268702.0
2007-12-13,4.46,4.46,4.286,4.29,449993,196635051.0
2007-12-14,4.239,4.36,4.202,4.351,362753,154965196.0
2007-12-17,4.359,4.36,4.248,4.253,271862,116538478.0
2007-12-18,4.235,4.26,4.188,4.197,243492,102486139.0
2007-12-19,4.26,4.36,4.252,4.345,444105,191077756.0
2007-12-20,4.35,4.475,4.322,4.465,478739,211544267.0
2007-12-21,4.455,4.525,4.445,4.513,612962,275876231.0
2007-12-24,4.535,4.62,4.511,4.572,485843,221794142.0
2007-12-25,4.577,4.615,4.552,4.587,337034,154625051.0
2007-12-26,4.6,4.656,4.58,4.632,354757,163881360.0
2007-12-27,4.65,4.685,4.61,4.685,408286,189990480.0
2007-12-28,4.691,4.719,4.62,4.637,313962,146850283.0
2008-01-02,4.64,4.692,4.581,4.649,415614,192465727.0
2008-01-03,4.63,4.801,4.61,4.794,533222,249559588.0
2008-01-04,4.798,4.849,4.74,4.834,362475,175169459.0
2008-01-07,4.831,4.871,4.783,4.855,241925,117162938.0
2008-01-08,4.878,4.978,4.812,4.86,422799,207736321.0
2008-01-09,4.82,4.96,4.81,4.958,318694,156442756.0
2008-01-10,4.971,5.03,4.952,4.97,356876,177998134.0
2008-01-11,4.972,4.997,4.905,4.962,337623,166742397.0
2008-01-14,4.958,5.024,4.933,5.003,283475,141211388.0
2008-01-15,4.995,5.042,4.95,4.965,374075,186574268.0
2008-01-16,4.95,4.95,4.838,4.847,382609,186620989.0
2008-01-17,4.77,4.847,4.55,4.671,1085738,507890155.0
2008-01-18,4.64,4.689,4.585,4.65,441118,204504223.0
2008-01-21,4.636,4.678,4.39,4.406,628256,284515402.0
2008-01-22,4.3,4.3,4.001,4.041,1216183,504823256.0
2008-01-23,4.11,4.277,4.09,4.275,462799,194005805.0
2008-01-24,4.316,4.34,4.225,4.28,413369,177237244.0
2008-01-25,4.278,4.338,4.19,4.312,329362,140704509.0
2008-01-28,4.26,4.26,3.985,3.991,586577,238300348.0
2008-01-29,4.021,4.08,3.966,3.999,739500,296023357.0
2008-01-30,4.043,4.12,3.926,4.003,658811,265228486.0
2008-01-31,4.003,4.08,3.951,3.97,307241,123274565.0
2008-02-01,3.999,4.01,3.773,3.889,464006,180005995.0
2008-02-04,4.001,4.278,4.001,4.278,582055,240604478.0
2008-02-05,4.278,4.3,4.17,4.237,354329,150493478.0
2008-02-13,4.169,4.201,4.102,4.139,267145,110814050.0
2008-02-14,4.19,4.239,4.16,4.206,296785,124922163.0
2008-02-15,4.163,4.175,4.103,4.168,391271,161993870.0
2008-02-18,4.218,4.284,4.189,4.234,332978,140993831.0
2008-02-19,4.249,4.358,4.21,4.354,338731,145676321.0
2008-02-20,4.357,4.414,4.287,4.289,452197,196110030.0
2008-02-21,4.268,4.344,4.186,4.297,309412,131784782.0
2008-02-22,4.249,4.28,4.111,4.152,434261,181387540.0
2008-02-25,4.152,4.186,4.001,4.013,355320,144214650.0
2008-02-26,4.141,4.169,3.898,4.003,482649,193920151.0
2008-02-27,4.02,4.088,3.98,4.078,251008,101818245.0
2008-02-28,4.08,4.128,4.001,4.074,273757,111327246.0
2008-02-29,4.048,4.11,4.027,4.088,402239,164544389.0
2008-03-03,4.065,4.184,4.03,4.179,368957,152542114.0
2008-03-04,4.185,4.215,4.05,4.055,363867,150249109.0
2008-03-05,4.04,4.055,3.889,3.972,584482,231626396.0
2008-03-06,3.983,4.054,3.918,3.991,289000,115505071.0
2008-03-07,3.95,3.981,3.91,3.928,195027,76795635.0
2008-03-10,3.915,3.915,3.748,3.791,524652,199808460.0
2008-03-11,3.745,3.777,3.68,3.776,268615,100177880.0
2008-03-12,3.862,3.886,3.67,3.673,331902,124915689.0
2008-03-13,3.601,3.649,3.483,3.542,481685,171224538.0
2008-03-14,3.5,3.56,3.459,3.502,317669,111007706.0
2008-03-17,3.498,3.498,3.32,3.329,317162,108080619.0
2008-03-18,3.32,3.378,3.08,3.137,536682,172770806.0
2008-03-19,3.21,3.315,3.171,3.261,450233,145961109.0
2008-03-20,3.19,3.44,3.095,3.397,658507,216753585.0
2008-03-21,3.36,3.515,3.347,3.481,546313,188446810.0
2008-03-24,3.51,3.539,3.31,3.315,491228,168310203.0
2008-03-25,3.264,3.393,3.212,3.361,444032,146874652.0
2008-03-26,3.39,3.443,3.33,3.359,252186,85471549.0
2008-03-27,3.3,3.339,3.15,3.177,622647,200951890.0
2008-03-28,3.111,3.293,3.042,3.279,533492,169389931.0
2008-03-31,3.16,3.237,3.13,3.133,421528,133638195.0
2008-04-01,3.112,3.15,2.885,2.911,663787,196965460.0
2008-04-02,2.941,2.99,2.812,2.844,475231,137303484.0
2008-04-03,2.842,2.975,2.821,2.959,949393,275714045.0
2008-04-07,2.92,3.141,2.902,3.129,509886,156051897.0
2008-04-08,3.14,3.197,3.1,3.16,334230,105365339.0
2008-04-09,3.11,3.204,3.03,3.034,342200,106893840.0
2008-04-10,2.995,3.072,2.95,3.067,331080,99887525.0
2008-04-11,3.099,3.137,3.068,3.101,232479,72089919.0
2008-04-14,3.055,3.055,2.89,2.907,452682,133489834.0
2008-04-15,2.88,2.94,2.796,2.938,245632,70220286.0
2008-04-16,2.924,2.93,2.841,2.847,244290,70524621.0
2008-04-17,2.851,2.892,2.7,2.737,309496,86455141.0
2008-04-18,2.7,2.71,2.6,2.612,351206,92780503.0
2008-04-21,2.85,2.85,2.6,2.634,633376,171652360.0
2008-04-22,2.58,2.666,2.522,2.665,257092,66443678.0
2008-04-23,2.6,2.823,2.599,2.802,443214,121383819.0
2008-04-24,3.06,3.082,3.0,3.082,1302887,398006142.0
2008-04-25,3.08,3.269,3.052,3.152,1473923,464574320.0
2008-04-28,3.083,3.139,3.072,3.084,592888,184179405.0
2008-04-29,3.055,3.169,3.055,3.15,506871,158995824.0
2008-04-30,3.173,3.343,3.168,3.317,1051902,343679174.0
2008-05-05,3.37,3.39,3.325,3.378,955641,320925399.0
2008-05-06,3.359,3.392,3.288,3.336,693622,231747769.0
2008-05-07,3.328,3.365,3.18,3.193,847233,278213391.0
2008-05-08,3.15,3.278,3.14,3.27,652221,208585363.0
2008-05-09,3.294,3.349,3.218,3.283,879586,289223127.0
2008-05-12,3.21,3.358,3.208,3.321,681888,224075926.0
2008-05-13,3.24,3.373,3.226,3.32,1221804,405583582.0
2008-05-14,3.309,3.388,3.3,3.376,864841,290166639.0
2008-05-15,3.39,3.468,3.385,3.389,786782,269663908.0
2008-05-16,3.388,3.425,3.309,3.344,614582,206486449.0
2008-05-19,3.325,3.357,3.291,3.331,351002,116827349.0
2008-05-20,3.321,3.369,3.14,3.156,587383,191606178.0
2008-05-21,3.105,3.282,3.055,3.248,1020601,319880666.0
2008-05-22,3.195,3.266,3.15,3.191,710976,228391414.0
2008-05-23,3.17,3.21,3.1,3.142,593804,187506430.0
2008-05-26,3.1,3.119,3.039,3.044,511637,156659889.0
2008-05-27,3.0,3.062,2.996,3.037,494524,149865933.0
2008-05-28,3.05,3.156,3.011,3.127,431315,132767489.0
2008-05-29,3.11,3.137,3.039,3.041,452532,139835689.0
2008-05-30,3.058,3.105,3.037,3.092,470235,144573043.0
2008-06-02,3.08,3.13,3.058,3.103,412708,128030862.0
2008-06-03,3.104,3.122,3.07,3.09,353529,109537347.0
2008-06-04,3.072,3.092,3.018,3.036,484286,147348806.0
2008-06-05,3.032,3.05,2.976,3.0,352225,106149322.0
2008-06-06,3.002,3.046,2.991,3.004,217736,65676512.0
2008-06-10,2.9,2.9,2.704,2.718,520631,144689147.0
2008-06-11,2.691,2.73,2.645,2.687,744914,200557202.0
2008-06-12,2.67,2.693,2.572,2.63,546330,143953791.0
2008-06-13,2.635,2.675,2.551,2.559,426017,111207280.0
2008-06-16,2.581,2.61,2.513,2.565,539860,138548113.0
2008-06-17,2.555,2.581,2.45,2.468,549975,138667948.0
2008-06-18,2.458,2.619,2.4,2.614,808958,205753103.0
2008-06-19,2.585,2.585,2.375,2.395,829521,206312086.0
2008-06-20,2.467,2.545,2.321,2.445,960833,237221026.0
2008-06-23,2.429,2.437,2.35,2.36,519544,124343253.0
2008-06-24,2.36,2.399,2.315,2.365,684047,161693330.0
2008-06-25,2.37,2.498,2.355,2.488,693637,169528659.0
2008-06-26,2.489,2.525,2.433,2.502,761079,188866947.0
2008-06-27,2.42,2.422,2.29,2.321,944785,222700603.0
2008-06-30,2.285,2.339,2.239,2.285,520076,118486210.0
2008-07-01,2.272,2.299,2.205,2.209,443172,99146891.0
2008-07-02,2.22,2.255,2.195,2.226,326689,72644497.0
2008-07-03,2.196,2.323,2.17,2.286,782039,176261755.0
2008-07-04,2.265,2.296,2.241,2.26,539161,122277317.0
2008-07-07,2.266,2.406,2.261,2.393,834573,197187703.0
2008-07-08,2.403,2.443,2.361,2.416,915178,220450057.0
2008-07-09,2.443,2.52,2.443,2.516,1085864,270048419.0
2008-07-10,2.48,2.54,2.466,2.469,898141,224166033.0
2008-07-11,2.465,2.48,2.409,2.443,581017,141502514.0
2008-07-14,2.428,2.479,2.401,2.469,317210,77680274.0
2008-07-15,2.478,2.499,2.381,2.384,607792,147890079.0
2008-07-16,2.359,2.371,2.262,2.299,611913,141772545.0
2008-07-17,2.33,2.359,2.255,2.262,435464,100587915.0
2008-07-18,2.286,2.353,2.242,2.352,510073,117433298.0
2008-07-21,2.33,2.441,2.318,2.436,621129,148724482.0
2008-07-22,2.431,2.446,2.407,2.432,637419,154966816.0
2008-07-23,2.455,2.47,2.41,2.412,683537,166621275.0
2008-07-24,2.431,2.488,2.416,2.479,603714,147996735.0
2008-07-25,2.45,2.465,2.429,2.437,330793,80823899.0
2008-07-28,2.446,2.492,2.446,2.47,378470,93704168.0
2008-07-29,2.442,2.446,2.411,2.431,341685,83009755.0
2008-07-30,2.46,2.466,2.399,2.414,331558,80492291.0
2008-07-31,2.428,2.439,2.34,2.343,553322,131009945.0
2008-08-01,2.32,2.378,2.281,2.34,452986,105375762.0
2008-08-04,2.326,2.326,2.271,2.274,220446,50684583.0
2008-08-05,2.272,2.29,2.201,2.207,349673,78134319.0
2008-08-06,2.228,2.244,2.191,2.219,243741,54048808.0
2008-08-07,2.217,2.238,2.199,2.22,375484,83225837.0
2008-08-08,2.22,2.223,2.1,2.108,569753,124290316.0
2008-08-11,2.09,2.102,1.985,1.99,517405,105463851.0
2008-08-12,1.97,2.038,1.97,2.016,395613,79683910.0
2008-08-13,2.0,2.048,1.961,2.03,415335,83124357.0
2008-08-14,2.02,2.048,2.0,2.026,218671,44364728.0
2008-08-15,2.028,2.056,2.009,2.028,285122,58018688.0
2008-08-18,2.035,2.037,1.915,1.918,372124,73050758.0
2008-08-19,1.9,1.949,1.891,1.936,447355,86268691.0
2008-08-20,1.91,2.1,1.892,2.095,826034,167638644.0
2008-08-21,2.035,2.082,1.983,1.985,957165,192611697.0
2008-08-22,1.97,1.97,1.909,1.935,384651,74532465.0
2008-08-25,1.932,1.96,1.911,1.919,233373,45282001.0
2008-08-26,1.905,1.906,1.836,1.847,232070,43408002.0
2008-08-27,1.847,1.873,1.81,1.845,286356,52803404.0
2008-08-28,1.845,1.87,1.835,1.862,321997,59699411.0
2008-08-29,1.865,1.939,1.865,1.911,315023,60015878.0
2008-09-01,1.898,1.898,1.85,1.857,150244,28109721.0
2008-09-02,1.838,1.87,1.827,1.851,233873,43268289.0
2008-09-03,1.85,1.868,1.825,1.84,303118,55959155.0
2008-09-04,1.848,1.877,1.836,1.859,216661,40091432.0
2008-09-05,1.816,1.842,1.804,1.814,261015,47418736.0
2008-09-08,1.813,1.825,1.737,1.739,226202,39924208.0
2008-09-09,1.751,1.768,1.725,1.752,132826,23220023.0
2008-09-10,1.74,1.8,1.728,1.768,351921,62354164.0
2008-09-11,1.767,1.78,1.729,1.73,138513,24191077.0
2008-09-12,1.711,1.767,1.711,1.747,188000,32912434.0
2008-09-16,1.74,1.744,1.709,1.71,270578,46531107.0
2008-09-17,1.7,1.733,1.674,1.677,446627,76022519.0
2008-09-18,1.645,1.666,1.552,1.629,421592,68107198.0
2008-09-19,1.79,1.792,1.78,1.792,276678,49547104.0
2008-09-22,1.965,1.971,1.812,1.905,1179259,224613882.0
2008-09-23,1.831,1.849,1.77,1.806,511946,92333825.0
2008-09-24,1.761,1.829,1.74,1.821,354815,62998809.0
2008-09-25,1.825,1.93,1.801,1.888,841209,158311320.0
2008-09-26,1.915,1.924,1.861,1.902,515186,97812578.0
2008-10-06,1.831,1.86,1.786,1.787,262464,47992434.0
2008-10-07,1.73,1.819,1.702,1.781,324198,57191393.0
2008-10-08,1.731,1.768,1.714,1.733,365656,63606249.0
2008-10-09,1.765,1.777,1.697,1.699,286696,49615963.0
2008-10-10,1.615,1.65,1.615,1.625,252254,41179495.0
2008-10-13,1.611,1.678,1.552,1.676,350730,56501958.0
2008-10-14,1.77,1.77,1.6,1.631,793652,133543471.0
2008-10-15,1.6,1.615,1.572,1.584,252314,40182837.0
2008-10-16,1.517,1.547,1.509,1.51,285362,43493705.0
2008-10-17,1.525,1.536,1.509,1.524,161968,24689954.0
2008-10-20,1.512,1.575,1.508,1.573,685233,105836804.0
2008-10-21,1.577,1.608,1.553,1.554,363945,57559187.0
2008-10-22,1.526,1.556,1.509,1.512,276793,42256102.0
2008-10-23,1.483,1.51,1.465,1.51,213922,31729611.0
2008-10-24,1.509,1.515,1.452,1.466,233674,34446644.0
2008-10-27,1.445,1.445,1.345,1.346,494355,68571530.0
2008-10-28,1.32,1.399,1.3,1.381,356082,48485003.0
2008-10-29,1.393,1.4,1.325,1.327,237401,32608327.0
2008-10-30,1.333,1.376,1.3,1.351,376931,50870622.0
2008-10-31,1.341,1.36,1.32,1.33,246458,32860214.0
2008-11-03,1.32,1.34,1.306,1.316,214661,28420139.0
2008-11-04,1.301,1.315,1.29,1.297,320132,41560220.0
2008-11-05,1.305,1.36,1.305,1.342,204165,27390925.0
2008-11-06,1.31,1.334,1.301,1.324,231886,30521576.0
2008-11-07,1.301,1.35,1.292,1.333,237011,31542816.0
2008-11-10,1.368,1.465,1.365,1.464,618925,87728919.0
2008-11-11,1.45,1.5,1.435,1.443,486346,71357340.0
2008-11-12,1.423,1.464,1.42,1.464,250764,36233457.0
2008-11-13,1.433,1.56,1.433,1.547,499246,75262743.0
2008-11-14,1.559,1.595,1.527,1.589,627048,98124420.0
2008-11-17,1.575,1.655,1.566,1.635,741451,118893161.0
2008-11-18,1.631,1.639,1.491,1.51,615841,96444643.0
2008-11-19,1.505,1.628,1.501,1.616,536152,83909403.0
2008-11-20,1.59,1.64,1.573,1.598,690546,110856017.0
2008-11-21,1.559,1.629,1.51,1.586,704296,111030640.0
2008-11-24,1.581,1.598,1.526,1.53,560901,87097207.0
2008-11-25,1.555,1.575,1.488,1.516,509418,77746511.0
2008-11-26,1.516,1.558,1.493,1.538,253942,38903032.0
2008-11-27,1.66,1.68,1.566,1.567,676758,109449846.0
2008-11-28,1.541,1.58,1.535,1.54,497142,77272868.0
2008-12-01,1.539,1.569,1.511,1.564,296870,45782835.0
2008-12-02,1.521,1.59,1.52,1.565,384224,60011977.0
2008-12-03,1.577,1.64,1.576,1.639,503632,81162522.0
2008-12-04,1.666,1.729,1.646,1.676,1067943,180417287.0
2008-12-05,1.668,1.692,1.646,1.686,520444,87141770.0
2008-12-08,1.71,1.756,1.692,1.754,861926,148630564.0
2008-12-09,1.76,1.765,1.708,1.709,1237334,214565714.0
2008-12-10,1.698,1.73,1.665,1.73,1030789,175779063.0
2008-12-11,1.72,1.732,1.673,1.675,865785,147975571.0
2008-12-12,1.656,1.672,1.588,1.612,598820,97633045.0
2008-12-15,1.621,1.651,1.602,1.63,486568,79065773.0
2008-12-16,1.611,1.653,1.586,1.647,442647,71465814.0
2008-12-17,1.648,1.676,1.64,1.645,588167,97725875.0
2008-12-18,1.64,1.675,1.625,1.663,708164,117079368.0
2008-12-19,1.66,1.696,1.652,1.674,474725,79717468.0
2008-12-22,1.671,1.68,1.631,1.64,367501,60644545.0
2008-12-23,1.65,1.65,1.551,1.563,386684,61885609.0
2008-12-24,1.535,1.555,1.519,1.53,401084,61726891.0
2008-12-25,1.529,1.544,1.497,1.513,525552,79589518.0
2008-12-26,1.516,1.524,1.5,1.513,210818,31897450.0
2008-12-29,1.5,1.518,1.483,1.507,272641,40820321.0
2008-12-30,1.508,1.527,1.486,1.489,277446,41834329.0
2008-12-31,1.481,1.5,1.465,1.467,335567,49854495.0
2009-01-05,1.492,1.53,1.482,1.525,418010,62918414.0
2009-01-06,1.526,1.584,1.513,1.578,1017307,159480001.0
2009-01-07,1.58,1.595,1.571,1.572,852264,134987278.0
2009-01-08,1.54,1.555,1.531,1.543,337039,52044525.0
2009-01-09,1.548,1.577,1.545,1.574,661444,103458066.0
2009-01-12,1.57,1.599,1.558,1.585,453688,71846813.0
2009-01-13,1.55,1.581,1.55,1.554,635829,99447969.0
2009-01-14,1.55,1.605,1.55,1.604,645327,101862930.0
2009-01-15,1.58,1.616,1.58,1.591,685397,109653649.0
2009-01-16,1.595,1.657,1.595,1.633,1109442,181959360.0
2009-01-19,1.653,1.676,1.627,1.64,1096850,180911614.0
2009-01-20,1.631,1.655,1.621,1.651,605003,99310092.0
2009-01-21,1.635,1.661,1.629,1.634,478983,78590648.0
2009-01-22,1.645,1.66,1.634,1.655,369710,60946554.0
2009-01-23,1.651,1.68,1.649,1.655,236364,39269941.0
2009-02-02,1.669,1.68,1.655,1.676,323229,54005513.0
2009-02-03,1.678,1.722,1.672,1.721,631181,107576202.0
2009-02-04,1.725,1.769,1.725,1.769,830236,145624135.0
2009-02-05,1.768,1.81,1.753,1.769,945439,168978347.0
2009-02-06,1.771,1.844,1.771,1.84,871324,158040272.0
2009-02-09,1.87,1.896,1.853,1.884,1126289,211096192.0
2009-02-10,1.871,1.909,1.858,1.908,1302432,245107942.0
2009-02-11,1.883,1.946,1.87,1.911,1561122,297416772.0
2009-02-12,1.914,1.927,1.84,1.902,1342951,252763341.0
2009-02-13,1.897,1.972,1.886,1.971,2286081,442110715.0
2009-02-16,1.982,2.049,1.969,2.046,1551553,309555288.0
2009-02-17,2.045,2.051,1.968,1.971,2170605,437269920.0
2009-02-18,1.93,1.948,1.867,1.87,2172317,415331336.0
2009-02-19,1.89,1.92,1.867,1.904,2247061,425427275.0
2009-02-20,1.91,1.955,1.88,1.95,1737684,333078018.0
2009-02-23,1.941,2.009,1.913,1.996,2042612,401304322.0
2009-02-24,1.972,2.005,1.901,1.903,2773883,541147832.0
2009-02-25,1.92,1.94,1.854,1.901,2371229,449967745.0
2009-02-26,1.9,1.933,1.79,1.809,2257734,426610309.0
2009-02-27,1.791,1.8,1.724,1.739,2003701,353157105.0
2009-03-02,1.715,1.774,1.715,1.762,945362,165643898.0
2009-03-03,1.732,1.782,1.713,1.765,1731357,304265370.0
2009-03-04,1.769,1.891,1.769,1.886,1303288,239387869.0
2009-03-05,1.905,1.92,1.86,1.89,1893099,358636956.0
2009-03-06,1.865,1.893,1.853,1.869,1877734,352028267.0
2009-03-09,1.878,1.903,1.803,1.808,1493034,277052704.0
2009-03-10,1.788,1.833,1.776,1.831,1385200,249528218.0
2009-03-11,1.868,1.88,1.81,1.811,1749740,323773484.0
2009-03-12,1.8,1.815,1.762,1.809,1118208,200453154.0
2009-03-13,1.815,1.829,1.788,1.792,981272,177718276.0
2009-03-16,1.787,1.816,1.777,1.81,979818,176071837.0
2009-03-17,1.81,1.884,1.804,1.874,1325061,245380953.0
2009-03-18,1.893,1.925,1.88,1.897,1647937,314478464.0
2009-03-19,1.897,1.937,1.883,1.936,1188990,227323732.0
2009-03-20,1.938,1.956,1.913,1.941,1615902,313340326.0
2009-03-23,1.943,1.994,1.941,1.982,1456847,287611025.0
2009-03-24,2.01,2.012,1.956,1.979,2478671,489974904.0
2009-03-25,1.97,1.98,1.924,1.926,1401686,274643049.0
2009-03-26,1.928,1.981,1.902,1.98,1456520,282181221.0
2009-03-27,1.99,2.027,1.978,2.007,1931102,386902756.0
2009-03-30,2.008,2.01,1.982,1.987,1350418,269777019.0
2009-03-31,1.955,1.988,1.928,1.987,1868618,365711266.0
2009-04-01,1.99,2.034,1.99,2.026,1892664,381083428.0
2009-04-02,2.03,2.069,2.03,2.048,1794459,368061875.0
2009-04-03,2.061,2.069,2.023,2.036,1789446,366232063.0
2009-04-07,2.032,2.061,2.023,2.041,1173081,239128962.0
2009-04-08,2.03,2.038,1.96,1.968,2005843,401067937.0
2009-04-09,1.971,1.987,1.946,1.985,1954067,384851046.0
2009-04-10,1.997,2.037,1.982,2.029,1680124,337988922.0
2009-04-13,2.042,2.112,2.042,2.104,1844197,383444193.0
2009-04-14,2.099,2.131,2.09,2.121,1304537,275538568.0
2009-04-15,2.11,2.144,2.092,2.138,2281417,483808078.0
2009-04-16,2.144,2.17,2.115,2.145,2729555,586507568.0
2009-04-17,2.132,2.149,2.096,2.121,3078939,655210201.0
2009-04-20,2.1,2.167,2.1,2.16,1565274,335931955.0
2009-04-21,2.14,2.159,2.104,2.143,2953996,630522766.0
2009-04-22,2.151,2.172,2.061,2.063,2645602,561233522.0
2009-04-23,2.056,2.087,2.035,2.076,2475694,509391071.0
2009-04-24,2.081,2.093,2.052,2.053,1335350,277497174.0
2009-04-27,2.046,2.054,1.98,1.985,1946996,391308323.0
2009-04-28,1.967,1.999,1.967,1.995,683462,135896442.0
2009-04-29,2.0,2.058,1.99,2.049,1356846,275713616.0
2009-04-30,2.056,2.078,2.051,2.06,1303651,268898744.0
2009-05-04,2.067,2.146,2.067,2.145,1387087,294129895.0
2009-05-05,2.154,2.167,2.14,2.159,1843425,397100084.0
2009-05-06,2.152,2.201,2.15,2.191,1925782,420159922.0
2009-05-07,2.203,2.223,2.158,2.192,2634015,576779625.0
2009-05-08,2.173,2.211,2.154,2.198,2100166,458453596.0
2009-05-11,2.208,2.223,2.145,2.148,1399098,307343777.0
2009-05-12,2.132,2.204,2.13,2.202,1749098,377437174.0
2009-05-13,2.205,2.23,2.191,2.218,1704611,377012926.0
2009-05-14,2.2,2.211,2.172,2.203,1650193,362547345.0
2009-05-15,2.203,2.218,2.182,2.2,770077,169433498.0
2009-05-18,2.198,2.222,2.161,2.216,646681,141741614.0
2009-05-19,2.23,2.247,2.223,2.236,791426,176978043.0
2009-05-20,2.239,2.25,2.212,2.214,640911,143044183.0
2009-05-21,2.202,2.22,2.165,2.171,1164577,254692088.0
2009-05-22,2.165,2.183,2.151,2.162,528593,114302255.0
2009-05-25,2.133,2.172,2.104,2.164,1270326,271990808.0
2009-05-26,2.164,2.171,2.131,2.137,481498,103935282.0
2009-05-27,2.146,2.165,2.136,2.159,686134,147731948.0
2009-06-01,2.181,2.224,2.177,2.221,722069,158976044.0
2009-06-02,2.228,2.242,2.219,2.227,593196,132419162.0
2009-06-03,2.22,2.268,2.22,2.266,674186,151298409.0
2009-06-04,2.255,2.295,2.247,2.288,758604,172431895.0
2009-06-05,2.292,2.299,2.26,2.263,1104199,252227866.0
2009-06-08,2.26,2.267,2.228,2.248,1540724,346001000.0
2009-06-09,2.244,2.253,2.205,2.249,1011536,225265013.0
2009-06-10,2.255,2.295,2.25,2.284,1866680,425183036.0
2009-06-11,2.285,2.296,2.255,2.27,1615065,367817723.0
2009-06-12,2.254,2.265,2.194,2.207,2068680,461830060.0
2009-06-15,2.215,2.234,2.195,2.232,927246,205038424.0
2009-06-16,2.228,2.246,2.213,2.233,940043,209791312.0
2009-06-17,2.233,2.274,2.218,2.268,725640,162959624.0
2009-06-18,2.27,2.294,2.269,2.292,829364,189483731.0
2009-06-19,2.292,2.305,2.272,2.298,1406828,322379051.0
2009-06-22,2.317,2.337,2.304,2.31,1129226,262125992.0
2009-06-23,2.288,2.35,2.275,2.322,871141,201330273.0
2009-06-24,2.32,2.377,2.31,2.373,952429,224683801.0
2009-06-25,2.379,2.392,2.361,2.368,1373093,326295334.0
2009-06-26,2.372,2.381,2.359,2.365,761428,180410529.0
2009-06-29,2.36,2.391,2.348,2.39,490426,116624539.0
2009-06-30,2.401,2.406,2.361,2.365,1190970,283464570.0
2009-07-01,2.36,2.411,2.355,2.409,904656,216082780.0
2009-07-02,2.417,2.436,2.401,2.43,502385,121519920.0
2009-07-03,2.42,2.47,2.412,2.457,863119,210899445.0
2009-07-06,2.46,2.553,2.46,2.545,1588464,399748948.0
2009-07-07,2.541,2.578,2.519,2.529,1312303,333954464.0
2009-07-08,2.52,2.568,2.49,2.548,1780949,449446711.0
2009-07-09,2.549,2.605,2.545,2.604,1258786,324777818.0
2009-07-10,2.605,2.617,2.58,2.597,1142736,297112520.0
2009-07-13,2.577,2.597,2.558,2.559,467759,120684752.0
2009-07-14,2.567,2.647,2.567,2.645,928094,243433952.0
2009-07-15,2.66,2.729,2.658,2.712,798901,216114336.0
2009-07-16,2.736,2.746,2.695,2.696,1493685,407034059.0
2009-07-17,2.7,2.724,2.689,2.713,1149408,311405512.0
2009-07-20,2.722,2.8,2.722,2.783,1082065,299810757.0
2009-07-21,2.791,2.797,2.725,2.73,1432402,396193373.0
2009-07-22,2.72,2.818,2.72,2.806,1265912,352516645.0
2009-07-23,2.81,2.827,2.8,2.824,776254,218472381.0
2009-07-24,2.838,2.852,2.773,2.845,1463818,413524405.0
2009-07-27,2.845,2.91,2.845,2.908,1039787,299648041.0
2009-07-28,2.908,2.969,2.898,2.964,1598242,468191488.0
2009-07-29,2.965,2.99,2.7,2.83,2070308,597949400.0
2009-07-30,2.836,2.898,2.79,2.873,3055342,870359406.0
2009-07-31,2.899,2.978,2.888,2.971,1682183,491887951.0
2009-08-03,2.984,3.08,2.982,3.079,1837435,557830769.0
2009-08-04,3.096,3.133,3.052,3.121,2929814,905136274.0
2009-08-05,3.122,3.122,3.014,3.07,3356926,1029885165.0
2009-08-06,3.05,3.05,2.948,2.969,2658132,795317059.0
2009-08-07,2.969,3.019,2.838,2.849,3506882,1022585935.0
2009-08-10,2.89,2.91,2.809,2.877,1994860,569265334.0
2009-08-11,2.895,2.898,2.838,2.887,2186885,628754646.0
2009-08-12,2.878,2.878,2.727,2.736,2413448,676563610.0
2009-08-13,2.736,2.77,2.672,2.752,2496441,679583937.0
2009-08-14,2.742,2.763,2.66,2.665,2077380,562880929.0
2009-08-17,2.645,2.645,2.47,2.48,2819555,718050664.0
2009-08-18,2.469,2.565,2.45,2.552,2610539,656094041.0
2009-08-19,2.553,2.555,2.38,2.395,2316354,574996055.0
2009-08-20,2.4,2.504,2.4,2.503,1921968,472551336.0
2009-08-21,2.5,2.577,2.461,2.566,2908160,737881798.0
2009-08-24,2.58,2.605,2.551,2.587,1811226,466855364.0
2009-08-25,2.575,2.577,2.431,2.512,2893630,722279586.0
2009-08-26,2.47,2.593,2.47,2.58,1298625,332367276.0
2009-08-27,2.551,2.596,2.5,2.55,1972734,504455481.0
2009-08-28,2.545,2.561,2.443,2.47,1814968,450260341.0
2009-08-31,2.415,2.42,2.234,2.25,2851337,658771904.0
2009-09-01,2.25,2.316,2.228,2.259,2012986,457670652.0
2009-09-02,2.248,2.307,2.241,2.289,1193658,272167971.0
2009-09-03,2.291,2.449,2.289,2.435,1607529,381543324.0
2009-09-04,2.432,2.46,2.41,2.447,1569915,382349765.0
2009-09-07,2.46,2.494,2.432,2.449,1451209,358177095.0
2009-09-08,2.434,2.501,2.399,2.5,1680760,413122905.0
2009-09-09,2.52,2.546,2.475,2.538,3161516,794113052.0
2009-09-10,2.53,2.54,2.493,2.501,1961918,494464085.0
2009-09-11,2.5,2.561,2.49,2.545,1701682,431141907.0
2009-09-14,2.56,2.6,2.542,2.587,2271062,582672453.0
2009-09-15,2.598,2.626,2.56,2.599,1884924,488727349.0
2009-09-16,2.59,2.594,2.525,2.557,1490015,381233154.0
2009-09-17,2.562,2.615,2.562,2.613,1567288,407130352.0
2009-09-18,2.621,2.625,2.498,2.522,1868793,480442438.0
2009-09-21,2.482,2.523,2.442,2.519,1114051,276051619.0
2009-09-22,2.529,2.539,2.4,2.438,1551403,387214320.0
2009-09-23,2.431,2.469,2.381,2.386,1239394,300227934.0
2009-09-24,2.377,2.414,2.322,2.39,1253918,297483216.0
2009-09-25,2.38,2.395,2.351,2.375,1059618,251820414.0
2009-09-28,2.377,2.398,2.285,2.295,840736,196820416.0
2009-09-29,2.301,2.315,2.253,2.291,1074076,245615569.0
2009-09-30,2.304,2.345,2.3,2.312,607370,141037762.0
2009-10-09,2.361,2.435,2.361,2.434,816018,196699151.0
2009-10-12,2.433,2.442,2.406,2.419,648447,157493828.0
2009-10-13,2.418,2.475,2.409,2.469,982512,241020475.0
2009-10-14,2.479,2.531,2.473,2.497,2063450,517009758.0
2009-10-15,2.52,2.54,2.497,2.514,1345758,339409040.0
2009-10-16,2.519,2.53,2.467,2.516,1698523,424404622.0
2009-10-19,2.515,2.584,2.5,2.581,2427114,619754862.0
2009-10-20,2.593,2.65,2.58,2.604,1836881,476683331.0
2009-10-21,2.6,2.615,2.584,2.592,1861250,484389848.0
2009-10-22,2.575,2.575,2.538,2.548,1368096,349428284.0
2009-10-23,2.552,2.609,2.551,2.585,1496265,386198231.0
2009-10-26,2.58,2.601,2.57,2.596,1184674,306570852.0
2009-10-27,2.57,2.582,2.521,2.527,1244128,318048155.0
2009-10-28,2.52,2.537,2.478,2.535,1278805,321142492.0
2009-10-29,2.491,2.515,2.472,2.481,1091752,272251450.0
2009-10-30,2.512,2.54,2.5,2.501,1057927,266528975.0
2009-11-02,2.436,2.575,2.436,2.574,1062963,267615208.0
2009-11-03,2.576,2.62,2.568,2.612,1255242,326862943.0
2009-11-04,2.616,2.648,2.602,2.633,1393238,365965163.0
2009-11-05,2.63,2.663,2.627,2.66,980725,259443294.0
2009-11-06,2.676,2.703,2.676,2.689,1773254,477196684.0
2009-11-09,2.689,2.713,2.674,2.707,971008,262030730.0
2009-11-10,2.728,2.735,2.707,2.709,1026929,279494475.0
2009-11-11,2.7,2.711,2.675,2.692,643101,173277288.0
2009-11-12,2.696,2.726,2.689,2.698,545903,147872700.0
2009-11-13,2.689,2.704,2.641,2.703,1012042,270997932.0
2009-11-16,2.714,2.796,2.714,2.788,996240,275446116.0
2009-11-17,2.8,2.808,2.778,2.78,1056639,294815150.0
2009-11-18,2.796,2.804,2.776,2.79,617915,172416713.0
2009-11-19,2.794,2.818,2.776,2.815,1596032,446047433.0
2009-11-20,2.805,2.82,2.783,2.796,1030940,288971058.0
2009-11-23,2.8,2.839,2.8,2.838,769471,216742751.0
2009-11-24,2.846,2.895,2.75,2.76,1826011,517860148.0
2009-11-25,2.755,2.843,2.731,2.839,1929957,537628988.0
2009-11-26,2.85,2.863,2.711,2.719,2190797,609864479.0
2009-11-27,2.699,2.718,2.63,2.639,1948389,520149597.0
2009-11-30,2.66,2.748,2.66,2.744,1206585,326050119.0
2009-12-01,2.733,2.798,2.725,2.797,1641420,453380470.0
2009-12-02,2.814,2.828,2.792,2.815,1056480,296996783.0
2009-12-03,2.81,2.84,2.793,2.834,1117939,314932922.0
2009-12-04,2.824,2.864,2.773,2.861,1238069,350372970.0
2009-12-07,2.86,2.88,2.85,2.877,838928,240279085.0
2009-12-08,2.88,2.883,2.814,2.855,1363826,388150117.0
2009-12-09,2.819,2.845,2.792,2.803,1241565,350144696.0
2009-12-10,2.82,2.844,2.783,2.81,953566,267793267.0
2009-12-11,2.819,2.84,2.797,2.8,755478,213058305.0
2009-12-14,2.79,2.849,2.743,2.832,1160535,324768926.0
2009-12-15,2.824,2.856,2.785,2.83,990728,281246083.0
2009-12-16,2.825,2.854,2.8,2.803,740989,209313260.0
2009-12-17,2.809,2.82,2.73,2.732,872546,240758402.0
2009-12-18,2.715,2.732,2.672,2.685,1039531,280723282.0
2009-12-21,2.674,2.696,2.65,2.687,616089,164704621.0
2009-12-22,2.685,2.697,2.611,2.62,562086,149210066.0
2009-12-23,2.617,2.648,2.605,2.645,721228,189552871.0
2009-12-24,2.645,2.74,2.64,2.725,1062836,287228771.0
2009-12-25,2.72,2.727,2.699,2.715,514277,139590098.0
2009-12-28,2.723,2.776,2.718,2.766,407235,112314147.0
2009-12-29,2.77,2.77,2.728,2.767,712724,196091236.0
2009-12-30,2.768,2.813,2.761,2.806,3267594,914224590.0
2009-12-31,2.809,2.825,2.795,2.818,595538,167584249.0
2010-01-04,2.822,2.832,2.775,2.777,531649,149144730.0
2010-01-05,2.78,2.822,2.755,2.813,681409,190006729.0
2010-01-06,2.813,2.845,2.792,2.808,691825,195424933.0
2010-01-07,2.798,2.812,2.718,2.738,1207753,334114097.0
2010-01-08,2.721,2.744,2.699,2.739,835220,227043928.0
2010-01-11,2.835,2.845,2.721,2.741,1392250,385116152.0
2010-01-12,2.735,2.784,2.7,2.782,880106,240989219.0
2010-01-13,2.721,2.737,2.666,2.674,1285780,347486412.0
2010-01-14,2.687,2.72,2.67,2.71,1150977,309292148.0
2010-01-15,2.714,2.736,2.693,2.718,465174,126133551.0
2010-01-18,2.71,2.73,2.7,2.727,669931,182031235.0
2010-01-19,2.736,2.76,2.73,2.732,774769,212668587.0
2010-01-20,2.733,2.75,2.64,2.65,1059800,285212703.0
2010-01-21,2.653,2.67,2.638,2.655,1124266,298222576.0
2010-01-22,2.625,2.668,2.585,2.654,974392,255746159.0
2010-01-25,2.628,2.654,2.6,2.608,1754984,460442966.0
2010-01-26,2.608,2.62,2.535,2.542,1020966,262357148.0
2010-01-27,2.545,2.554,2.495,2.507,534294,135082977.0
2010-01-28,2.511,2.518,2.483,2.492,1335371,333614421.0
2010-01-29,2.49,2.523,2.478,2.49,626341,157029512.0
2010-02-01,2.486,2.494,2.428,2.449,542713,133059431.0
2010-02-02,2.45,2.493,2.443,2.447,256845,63462789.0
2010-02-03,2.455,2.524,2.418,2.516,667209,165700823.0
2010-02-04,2.495,2.521,2.482,2.504,228872,57252861.0
2010-02-05,2.45,2.465,2.437,2.449,269645,66016066.0
2010-02-08,2.443,2.462,2.436,2.451,153436,37574597.0
2010-02-09,2.449,2.475,2.44,2.464,123962,30496200.0
2010-02-10,2.476,2.495,2.47,2.491,119931,29753342.0
2010-02-11,2.491,2.503,2.48,2.493,246556,61482213.0
2010-02-12,2.496,2.521,2.496,2.519,123516,31046885.0
2010-02-22,2.521,2.532,2.51,2.511,330481,83380745.0
2010-02-23,2.505,2.505,2.465,2.489,130591,32386585.0
2010-02-24,2.474,2.526,2.462,2.522,254477,63725520.0
2010-02-25,2.53,2.556,2.526,2.555,314889,80156987.0
2010-02-26,2.541,2.561,2.532,2.536,258208,65782158.0
2010-03-01,2.537,2.578,2.537,2.571,291181,74595297.0
2010-03-02,2.576,2.587,2.548,2.556,209798,53829127.0
2010-03-03,2.553,2.575,2.546,2.571,305625,78229920.0
2010-03-04,2.566,2.58,2.51,2.513,424502,107970290.0
2010-03-05,2.515,2.534,2.51,2.52,358800,90480124.0
2010-03-08,2.52,2.555,2.519,2.545,295957,75251237.0
2010-03-09,2.537,2.578,2.524,2.558,481779,122889578.0
2010-03-10,2.558,2.577,2.537,2.545,367615,93998394.0
2010-03-11,2.542,2.564,2.527,2.552,233688,59556440.0
2010-03-12,2.55,2.556,2.511,2.513,275054,69604308.0
2010-03-15,2.51,2.513,2.469,2.485,290556,72162186.0
2010-03-16,2.485,2.489,2.467,2.487,145345,36041988.0
2010-03-17,2.494,2.53,2.488,2.53,220332,55363522.0
2010-03-18,2.535,2.537,2.51,2.526,139281,35197169.0
2010-03-19,2.526,2.54,2.506,2.539,240532,60633530.0
2010-03-22,2.539,2.551,2.526,2.544,220425,56049494.0
2010-03-23,2.54,2.554,2.525,2.526,255411,64908450.0
2010-03-24,2.527,2.545,2.522,2.529,167720,42510292.0
2010-03-25,2.523,2.524,2.496,2.502,121949,30529582.0
2010-03-26,2.497,2.56,2.496,2.543,338154,85832953.0
2010-03-29,2.55,2.607,2.55,2.603,546789,141486465.0
2010-03-30,2.602,2.605,2.587,2.604,310348,80616220.0
2010-03-31,2.602,2.602,2.575,2.582,146932,38037566.0
2010-04-01,2.581,2.616,2.581,2.612,264802,68994454.0
2010-04-02,2.615,2.63,2.611,2.625,150364,39422810.0
2010-04-06,2.622,2.655,2.622,2.633,254781,67265646.0
2010-04-07,2.63,2.636,2.603,2.617,233476,61242780.0
2010-04-08,2.614,2.615,2.58,2.583,168448,43752678.0
2010-04-09,2.582,2.605,2.58,2.601,247410,64279262.0
2010-04-12,2.61,2.61,2.564,2.569,155633,40186521.0
2010-04-13,2.569,2.617,2.566,2.612,437463,113515212.0
2010-04-14,2.612,2.619,2.603,2.612,337394,88099452.0
2010-04-15,2.617,2.63,2.599,2.612,353307,92337125.0
2010-04-16,2.61,2.61,2.575,2.577,239282,61964184.0
2010-04-19,2.553,2.558,2.443,2.453,494037,123234636.0
2010-04-20,2.453,2.464,2.428,2.446,475463,115981419.0
2010-04-21,2.447,2.486,2.433,2.486,244675,60139381.0
2010-04-22,2.471,2.471,2.425,2.431,319232,77820941.0
2010-04-23,2.43,2.455,2.412,2.419,296221,71800410.0
2010-04-26,2.42,2.431,2.397,2.397,141313,34112291.0
2010-04-27,2.396,2.396,2.332,2.349,411388,96768294.0
2010-04-28,2.34,2.367,2.32,2.352,524710,123481873.0
2010-04-29,2.357,2.38,2.338,2.338,232073,54744827.0
2010-04-30,2.333,2.379,2.308,2.357,304151,70864497.0
2010-05-04,2.317,2.337,2.309,2.323,287789,66976558.0
2010-05-05,2.316,2.338,2.278,2.337,218584,50486455.0
2010-05-06,2.311,2.325,2.228,2.232,522061,118306571.0
2010-05-07,2.12,2.224,2.12,2.201,351131,77113235.0
2010-05-10,2.201,2.223,2.175,2.213,225722,49717794.0
2010-05-11,2.263,2.265,2.17,2.185,399604,89012806.0
2010-05-12,2.16,2.216,2.151,2.215,103527,22673730.0
2010-05-13,2.209,2.26,2.191,2.259,135617,30260616.0
2010-05-14,2.245,2.25,2.23,2.237,75398,16889618.0
2010-05-17,2.216,2.216,2.135,2.142,165923,36257098.0
2010-05-18,2.154,2.188,2.13,2.185,191120,41368688.0
2010-05-19,2.174,2.2,2.138,2.159,82988,18046637.0
2010-05-20,2.15,2.19,2.145,2.148,67098,14536568.0
2010-05-21,2.116,2.174,2.075,2.171,249014,53137211.0
2010-05-24,2.176,2.25,2.176,2.245,147117,32760141.0
2010-05-25,2.226,2.229,2.183,2.194,112751,24893141.0
2010-05-26,2.196,2.209,2.18,2.184,64923,14223414.0
2010-05-27,2.184,2.229,2.157,2.222,149591,32938451.0
2010-05-28,2.235,2.25,2.203,2.217,87428,19493429.0
2010-05-31,2.2,2.224,2.16,2.162,75153,16488858.0
2010-06-01,2.154,2.189,2.123,2.14,206488,44159533.0
2010-06-02,2.14,2.141,2.11,2.138,111039,23578176.0
2010-06-03,2.131,2.175,2.131,2.137,884891,191041343.0
2010-06-04,2.135,2.137,2.115,2.136,44549,9480648.0
2010-06-07,2.115,2.115,2.077,2.081,106871,22331180.0
2010-06-08,2.078,2.1,2.075,2.086,107641,22492342.0
2010-06-09,2.099,2.152,2.08,2.145,265202,56023138.0
2010-06-10,2.137,2.14,2.12,2.125,47896,10189372.0
2010-06-11,2.137,2.143,2.131,2.139,62671,13395980.0
2010-06-17,2.146,2.15,2.12,2.122,62358,13316900.0
2010-06-18,2.111,2.128,2.094,2.1,50783,10716085.0
2010-06-21,2.1,2.151,2.092,2.147,125312,26700636.0
2010-06-22,2.143,2.151,2.133,2.143,83431,17876496.0
2010-06-23,2.139,2.144,2.111,2.123,36393,7751840.0
2010-06-24,2.13,2.15,2.112,2.131,41057,8748822.0
2010-06-25,2.125,2.144,2.109,2.117,55596,11781490.0
2010-06-28,2.109,2.123,2.104,2.11,38170,8066308.0
2010-06-29,2.115,2.117,2.01,2.021,112208,23025454.0
2010-06-30,2.01,2.013,1.994,1.995,91281,18275377.0
2010-07-01,1.983,2.005,1.968,1.97,48838,9714465.0
2010-07-02,1.979,1.994,1.938,1.979,109657,21549241.0
2010-07-05,1.968,1.999,1.939,1.961,88412,17351384.0
2010-07-06,1.955,2.007,1.954,2.006,647159,128560218.0
2010-07-07,2.008,2.008,1.972,2.006,124881,24938547.0
2010-07-08,2.01,2.023,1.995,2.006,53642,10779051.0
2010-07-09,2.009,2.066,1.991,2.06,89597,18295623.0
2010-07-12,2.064,2.101,2.052,2.086,131180,27310204.0
2010-07-13,2.084,2.084,2.044,2.054,67897,13957888.0
2010-07-14,2.058,2.09,2.058,2.069,137729,28516687.0
2010-07-15,2.059,2.079,2.011,2.012,58807,12010420.0
2010-07-16,2.007,2.025,1.98,2.024,90093,18037215.0
2010-07-19,2.01,2.08,2.002,2.069,307671,63217020.0
2010-07-20,2.065,2.109,2.065,2.107,166428,34876734.0
2010-07-21,2.1,2.125,2.097,2.109,210693,44525365.0
2010-07-22,2.1,2.133,2.09,2.128,121492,25780975.0
2010-07-23,2.128,2.149,2.122,2.139,255858,54596707.0
2010-07-26,2.137,2.148,2.115,2.141,118021,25162448.0
2010-07-27,2.138,2.143,2.124,2.133,60374,12887034.0
2010-07-28,2.13,2.187,2.118,2.184,264900,57360097.0
2010-07-29,2.183,2.212,2.18,2.2,234041,51377249.0
2010-07-30,2.199,2.199,2.166,2.187,182472,39827121.0
2010-08-02,2.188,2.239,2.176,2.225,313163,69108967.0
2010-08-03,2.228,2.23,2.188,2.19,187022,41412812.0
2010-08-04,2.184,2.215,2.152,2.201,296123,64586820.0
2010-08-05,2.198,2.198,2.151,2.164,134748,29239059.0
2010-08-06,2.159,2.201,2.141,2.2,365749,79549024.0
2010-08-09,2.205,2.209,2.185,2.202,200867,44156955.0
2010-08-10,2.202,2.212,2.143,2.144,200940,43990076.0
2010-08-11,2.14,2.161,2.14,2.149,125540,26973248.0
2010-08-12,2.136,2.149,2.121,2.123,72271,15437452.0
2010-08-13,2.123,2.155,2.118,2.149,74026,15793197.0
2010-08-16,2.15,2.202,2.138,2.197,125534,27435775.0
2010-08-17,2.202,2.209,2.188,2.2,82017,18030371.0
2010-08-18,2.199,2.211,2.186,2.191,129742,28487631.0
2010-08-19,2.193,2.215,2.184,2.202,84795,18666793.0
2010-08-20,2.188,2.204,2.165,2.176,341647,74429514.0
2010-08-23,2.158,2.179,2.15,2.155,226786,48842647.0
2010-08-24,2.155,2.185,2.138,2.163,169145,36663091.0
2010-08-25,2.158,2.162,2.108,2.112,87978,18755298.0
2010-08-26,2.113,2.132,2.113,2.115,59453,12613864.0
2010-08-27,2.114,2.127,2.101,2.124,44610,9449840.0
2010-08-30,2.134,2.162,2.134,2.155,127650,27482205.0
2010-08-31,2.15,2.152,2.132,2.137,63950,13694830.0
2010-09-01,2.139,2.174,2.126,2.134,157850,33879299.0
2010-09-02,2.158,2.158,2.141,2.156,156475,33651292.0
2010-09-03,2.151,2.157,2.133,2.144,93450,20012699.0
2010-09-06,2.156,2.199,2.15,2.194,186474,40574808.0
2010-09-07,2.199,2.204,2.181,2.191,90445,19836990.0
2010-09-08,2.181,2.186,2.17,2.183,72624,15803777.0
2010-09-09,2.185,2.185,2.145,2.154,106486,22989160.0
2010-09-10,2.155,2.17,2.127,2.147,65175,13949758.0
2010-09-13,2.146,2.168,2.139,2.164,83457,17984520.0
2010-09-14,2.164,2.175,2.15,2.158,89848,19410659.0
2010-09-15,2.156,2.158,2.131,2.133,38248,8200070.0
2010-09-16,2.129,2.139,2.072,2.082,84976,17836175.0
2010-09-17,2.09,2.097,2.076,2.078,31534,6577532.0
2010-09-20,2.085,2.093,2.071,2.081,44096,9186541.0
2010-09-21,2.089,2.09,2.076,2.082,27057,5627402.0
2010-09-27,2.083,2.1,2.082,2.1,39820,8327653.0
2010-09-28,2.1,2.1,2.076,2.079,16568,3456630.0
2010-09-29,2.08,2.102,2.079,2.084,36055,7539361.0
2010-09-30,2.079,2.13,2.075,2.121,68844,14528864.0
2010-10-08,2.14,2.196,2.131,2.186,109058,23699386.0
2010-10-11,2.19,2.265,2.19,2.25,232395,52065888.0
2010-10-12,2.248,2.28,2.232,2.273,160770,36272716.0
2010-10-13,2.274,2.296,2.26,2.29,121417,27732838.0
2010-10-14,2.303,2.343,2.302,2.322,195080,45283120.0
2010-10-15,2.303,2.416,2.3,2.415,326832,77582561.0
2010-10-18,2.429,2.48,2.4,2.41,874027,213003169.0
2010-10-19,2.41,2.445,2.39,2.445,203879,49264524.0
2010-10-20,2.41,2.475,2.398,2.45,773590,189149952.0
2010-10-21,2.453,2.465,2.408,2.422,512319,124618632.0
2010-10-22,2.4,2.419,2.388,2.396,139217,33435865.0
2010-10-25,2.394,2.452,2.39,2.451,317638,77352365.0
2010-10-26,2.452,2.465,2.419,2.431,145657,35537411.0
2010-10-27,2.419,2.453,2.411,2.417,304951,74419898.0
2010-10-28,2.407,2.428,2.4,2.417,152294,36801065.0
2010-10-29,2.418,2.425,2.375,2.381,344810,82729908.0
2010-11-01,2.382,2.451,2.382,2.449,402700,98075273.0
2010-11-02,2.445,2.472,2.38,2.436,374760,91482502.0
2010-11-03,2.43,2.45,2.416,2.419,501217,121986081.0
2010-11-04,2.419,2.46,2.419,2.453,233684,57125463.0
2010-11-05,2.48,2.496,2.461,2.478,222890,55222120.0
2010-11-08,2.485,2.514,2.475,2.508,100759,25155282.0
2010-11-09,2.509,2.509,2.473,2.484,162463,40409559.0
2010-11-10,2.477,2.478,2.446,2.457,279538,68685083.0
2010-11-11,2.454,2.507,2.451,2.471,318390,79268861.0
2010-11-12,2.469,2.474,2.348,2.353,378421,92055501.0
2010-11-15,2.366,2.37,2.309,2.366,484789,112968891.0
2010-11-16,2.361,2.361,2.265,2.269,122804,28421689.0
2010-11-17,2.258,2.269,2.228,2.232,273763,61632745.0
2010-11-18,2.247,2.263,2.23,2.254,86495,19476776.0
2010-11-19,2.267,2.275,2.203,2.274,91468,20513883.0
2010-11-22,2.257,2.273,2.233,2.247,285053,64266794.0
2010-11-23,2.24,2.24,2.186,2.217,294619,65065562.0
2010-11-24,2.195,2.233,2.195,2.225,104697,23181278.0
2010-11-25,2.229,2.254,2.222,2.25,93094,20855658.0
2010-11-26,2.246,2.259,2.228,2.24,294498,66108037.0
2010-11-29,2.23,2.234,2.211,2.22,23941,5316834.0
2010-11-30,2.22,2.237,2.153,2.194,469225,103017682.0
2010-12-01,2.193,2.209,2.171,2.2,43265,9471796.0
2010-12-02,2.227,2.249,2.213,2.213,270817,60315264.0
2010-12-03,2.214,2.218,2.196,2.209,38957,8599164.0
2010-12-06,2.212,2.225,2.201,2.216,55711,12320683.0
2010-12-07,2.201,2.236,2.18,2.229,56268,12416420.0
2010-12-08,2.235,2.235,2.202,2.205,130993,28919494.0
2010-12-09,2.21,2.21,2.18,2.181,50726,11122084.0
2010-12-10,2.172,2.204,2.168,2.192,120812,26287579.0
2010-12-13,2.191,2.26,2.191,2.258,270576,60321726.0
2010-12-14,2.263,2.273,2.251,2.258,262768,59393495.0
2010-12-15,2.256,2.274,2.248,2.252,301907,68289687.0
2010-12-16,2.25,2.259,2.246,2.25,246445,55573093.0
2010-12-17,2.24,2.251,2.238,2.245,19051,4272357.0
2010-12-20,2.252,2.26,2.177,2.204,71731,15873940.0
2010-12-21,2.216,2.262,2.201,2.253,47061,10541365.0
2010-12-22,2.244,2.263,2.226,2.234,21350,4797559.0
2010-12-23,2.237,2.26,2.227,2.237,36235,8122821.0
2010-12-24,2.228,2.228,2.205,2.214,25846,5735115.0
2010-12-27,2.22,2.253,2.18,2.181,42791,9475843.0
2010-12-28,2.165,2.188,2.15,2.154,82316,17814175.0
2010-12-29,2.159,2.16,2.138,2.151,25619,5497816.0
2010-12-30,2.151,2.164,2.135,2.154,273761,58625591.0
2010-12-31,2.16,2.179,2.146,2.178,132641,28766277.0
2011-01-04,2.182,2.235,2.182,2.22,40138,8866536.0
2011-01-05,2.208,2.224,2.198,2.22,233181,51678470.0
2011-01-06,2.22,2.225,2.205,2.206,14874,3289709.0
2011-01-07,2.201,2.245,2.193,2.222,61409,13676364.0
2011-01-10,2.208,2.229,2.184,2.192,265741,58465151.0
2011-01-11,2.188,2.212,2.183,2.21,43459,9530972.0
2011-01-12,2.215,2.23,2.201,2.22,21744,4820281.0
2011-01-13,2.228,2.236,2.216,2.221,24046,5349810.0
2011-01-14,2.224,2.224,2.193,2.203,26211,5778558.0
2011-01-17,2.202,2.202,2.133,2.14,319026,68452452.0
2011-01-18,2.139,2.14,2.123,2.131,29975,6385533.0
2011-01-19,2.133,2.175,2.124,2.169,30460,6552687.0
2011-01-20,2.165,2.168,2.109,2.11,43029,9145904.0
2011-01-21,2.111,2.163,2.108,2.136,31612,6738349.0
2011-01-24,2.138,2.146,2.118,2.127,22925,4888455.0
2011-01-25,2.127,2.134,2.113,2.12,20177,4281408.0
2011-01-26,2.12,2.134,2.12,2.128,17794,3785281.0
2011-01-27,2.12,2.17,2.11,2.163,33850,7284217.0
2011-01-28,2.16,2.172,2.151,2.169,22607,4890469.0
2011-01-31,2.168,2.187,2.165,2.186,11657,2540780.0
2011-02-01,2.19,2.195,2.182,2.191,20430,4473381.0
2011-02-09,2.183,2.198,2.169,2.17,24390,5316495.0
2011-02-10,2.17,2.2,2.155,2.198,54634,11931952.0
2011-02-11,2.197,2.204,2.185,2.2,20628,4533144.0
2011-02-14,2.2,2.292,2.2,2.283,344710,77946400.0
2011-02-15,2.284,2.305,2.278,2.278,298739,68568440.0
2011-02-16,2.275,2.294,2.268,2.292,65318,14882041.0
2011-02-17,2.293,2.305,2.277,2.288,36046,8259656.0
2011-02-18,2.284,2.288,2.263,2.27,100019,22749015.0
2011-02-21,2.265,2.305,2.259,2.305,67915,15584894.0
2011-02-22,2.304,2.31,2.24,2.243,261424,59863559.0
2011-02-23,2.239,2.246,2.234,2.243,32676,7321179.0
2011-02-24,2.244,2.266,2.236,2.257,28575,6435244.0
2011-02-25,2.261,2.275,2.24,2.264,24850,5605628.0
2011-02-28,2.266,2.288,2.25,2.285,38292,8707215.0
2011-03-01,2.281,2.31,2.28,2.295,116779,26865857.0
2011-03-02,2.286,2.297,2.273,2.281,48419,11046437.0
2011-03-03,2.28,2.313,2.28,2.29,109493,25199494.0
2011-03-04,2.29,2.328,2.287,2.323,268299,61668326.0
2011-03-07,2.324,2.384,2.324,2.383,122336,28938134.0
2011-03-08,2.382,2.388,2.37,2.38,149776,35673766.0
2011-03-09,2.38,2.388,2.368,2.369,195835,46644699.0
2011-03-10,2.367,2.367,2.327,2.33,85527,20014539.0
2011-03-11,2.327,2.336,2.306,2.308,129765,30183651.0
2011-03-14,2.301,2.317,2.296,2.31,28572,6587312.0
2011-03-15,2.312,2.312,2.24,2.27,177872,40074090.0
2011-03-16,2.27,2.309,2.27,2.302,47040,10777307.0
2011-03-17,2.285,2.309,2.271,2.28,73140,16799941.0
2011-03-18,2.287,2.304,2.283,2.286,26922,6178094.0
2011-03-21,2.287,2.296,2.269,2.273,28299,6454858.0
2011-03-22,2.275,2.296,2.264,2.29,221777,50657555.0
2011-03-23,2.288,2.318,2.282,2.315,242218,56013856.0
2011-03-24,2.315,2.322,2.31,2.315,17943,4157544.0
2011-03-25,2.311,2.352,2.311,2.347,329595,77065422.0
2011-03-28,2.351,2.36,2.338,2.339,72216,17014055.0
2011-03-29,2.333,2.367,2.33,2.336,263868,62059333.0
2011-03-30,2.331,2.34,2.318,2.33,448248,104243396.0
2011-03-31,2.33,2.336,2.308,2.311,24490,5680306.0
2011-04-01,2.319,2.347,2.312,2.345,231530,54215839.0
2011-04-06,2.333,2.397,2.326,2.389,329373,78135701.0
2011-04-07,2.387,2.397,2.378,2.387,136068,32464060.0
2011-04-08,2.39,2.403,2.381,2.4,267723,64194961.0
2011-04-11,2.401,2.43,2.397,2.399,301487,72810774.0
2011-04-12,2.395,2.42,2.383,2.401,52959,12713506.0
2011-04-13,2.39,2.418,2.383,2.416,29787,7158822.0
2011-04-14,2.417,2.431,2.413,2.415,72374,17555841.0
2011-04-15,2.407,2.432,2.402,2.423,28536,6898300.0
2011-04-18,2.406,2.44,2.406,2.43,422184,102573281.0
2011-04-19,2.42,2.42,2.373,2.38,465845,111591652.0
2011-04-20,2.382,2.395,2.367,2.375,59587,14180390.0
2011-04-21,2.382,2.405,2.382,2.398,52952,12692558.0
2011-04-22,2.398,2.407,2.379,2.381,24883,5941201.0
2011-04-25,2.38,2.38,2.342,2.342,125870,29622106.0
2011-04-26,2.341,2.348,2.322,2.326,28781,6717953.0
2011-04-27,2.342,2.346,2.312,2.322,27284,6349291.0
2011-04-28,2.323,2.346,2.298,2.304,125390,29123248.0
2011-04-29,2.304,2.322,2.285,2.322,186294,43044971.0
2011-05-03,2.32,2.33,2.304,2.329,36155,8400868.0
2011-05-04,2.326,2.326,2.27,2.274,104598,23993127.0
2011-05-05,2.285,2.285,2.258,2.273,38256,8691406.0
2011-05-06,2.265,2.283,2.253,2.27,91561,20727567.0
2011-05-09,2.276,2.285,2.268,2.275,23815,5423652.0
2011-05-10,2.275,2.288,2.272,2.288,74027,16896345.0
2011-05-11,2.288,2.291,2.275,2.28,18667,4264181.0
2011-05-12,2.275,2.275,2.256,2.258,19933,4508246.0
2011-05-13,2.26,2.275,2.248,2.275,19932,4504700.0
2011-05-16,2.274,2.274,2.248,2.249,20792,4692701.0
2011-05-17,2.24,2.268,2.228,2.261,27104,6097385.0
2011-05-18,2.262,2.278,2.25,2.271,19099,4331975.0
2011-05-19,2.264,2.28,2.257,2.258,175763,39952594.0
2011-05-20,2.251,2.265,2.251,2.252,44378,10027951.0
2011-05-23,2.249,2.253,2.186,2.19,79544,17570593.0
2011-05-24,2.188,2.188,2.173,2.18,31406,6844913.0
2011-05-25,2.182,2.183,2.158,2.16,20781,4507635.0
2011-05-26,2.165,2.179,2.163,2.167,91088,19742814.0
2011-05-27,2.17,2.18,2.158,2.158,23388,5071263.0
2011-05-30,2.158,2.172,2.146,2.161,22510,4862203.0
2011-05-31,2.168,2.187,2.159,2.187,93041,20205985.0
2011-06-01,2.187,2.187,2.175,2.181,15696,3420588.0
2011-06-02,2.169,2.17,2.132,2.149,31629,6806917.0
2011-06-03,2.142,2.167,2.142,2.165,35497,7655363.0
2011-06-07,2.163,2.172,2.155,2.169,181742,39365321.0
2011-06-08,2.169,2.169,2.148,2.167,17668,3814136.0
2011-06-09,2.157,2.165,2.14,2.142,16925,3638484.0
2011-06-10,2.14,2.155,2.13,2.149,48309,10314435.0
2011-06-13,2.144,2.145,2.123,2.143,273909,58399122.0
2011-06-14,2.143,2.167,2.131,2.156,20557,4432334.0
2011-06-15,2.148,2.162,2.148,2.149,21985,4735844.0
2011-06-16,2.139,2.139,2.118,2.125,34857,7415167.0
2011-06-17,2.123,2.132,2.108,2.11,66830,14116637.0
2011-06-20,2.108,2.11,2.096,2.103,19342,4064058.0
2011-06-21,2.101,2.119,2.101,2.116,23397,4934849.0
2011-06-22,2.117,2.123,2.11,2.117,12149,2571523.0
2011-06-23,2.115,2.149,2.105,2.147,25016,5324022.0
2011-06-24,2.145,2.213,2.138,2.204,69233,15116158.0
2011-06-27,2.195,2.215,2.192,2.197,76285,16816977.0
2011-06-28,2.2,2.203,2.181,2.198,18777,4117230.0
2011-06-29,2.198,2.2,2.176,2.178,19620,4298040.0
2011-06-30,2.176,2.207,2.176,2.195,19263,4229410.0
2011-07-01,2.183,2.205,2.182,2.196,19567,4299335.0
2011-07-04,2.205,2.246,2.2,2.239,47710,10638186.0
2011-07-05,2.242,2.244,2.229,2.237,19857,4441436.0
2011-07-06,2.237,2.239,2.213,2.228,17062,3790321.0
2011-07-07,2.235,2.243,2.221,2.228,23543,5256757.0
2011-07-08,2.221,2.232,2.216,2.226,19890,4425380.0
2011-07-11,2.222,2.226,2.212,2.222,28602,6341390.0
2011-07-12,2.218,2.218,2.18,2.182,23554,5166285.0
2011-07-13,2.178,2.211,2.178,2.207,15672,3448370.0
2011-07-14,2.205,2.22,2.203,2.215,15355,3397126.0
2011-07-15,2.201,2.223,2.201,2.22,43248,9584868.0
2011-07-18,2.221,2.226,2.211,2.217,32217,7141165.0
2011-07-19,2.214,2.215,2.197,2.2,16790,3697809.0
2011-07-20,2.205,2.215,2.19,2.193,20684,4545837.0
2011-07-21,2.2,2.2,2.179,2.18,18816,4116347.0
2011-07-22,2.18,2.19,2.176,2.177,11272,2459530.0
2011-07-25,2.18,2.18,2.111,2.12,43095,9190816.0
2011-07-26,2.12,2.126,2.108,2.116,15335,3244020.0
2011-07-27,2.11,2.127,2.102,2.125,38445,8147662.0
2011-07-28,2.115,2.117,2.098,2.112,119098,25089538.0
2011-07-29,2.112,2.134,2.106,2.118,16993,3604369.0
2011-08-01,2.115,2.132,2.108,2.125,12239,2600352.0
2011-08-02,2.12,2.12,2.09,2.11,21749,4562513.0
2011-08-03,2.108,2.113,2.093,2.103,17137,3603312.0
2011-08-04,2.11,2.119,2.102,2.107,9191,1939631.0
2011-08-05,2.06,2.08,2.05,2.061,89310,18415097.0
2011-08-08,2.058,2.058,1.966,1.988,44769,8994077.0
2011-08-09,1.977,2.008,1.925,1.989,65880,13003994.0
2011-08-10,2.003,2.028,2.003,2.007,29783,6008241.0
2011-08-11,1.971,2.032,1.971,2.032,37146,7506818.0
2011-08-12,2.034,2.05,2.033,2.038,19354,3949151.0
2011-08-15,2.029,2.067,2.029,2.066,22729,4664945.0
2011-08-16,2.066,2.075,2.054,2.057,18431,3806706.0
2011-08-17,2.055,2.065,2.05,2.059,38913,8014610.0
2011-08-18,2.057,2.057,2.03,2.034,14506,2966190.0
2011-08-19,2.0,2.016,1.991,2.008,17899,3588330.0
2011-08-22,2.01,2.021,1.989,1.995,17339,3468058.0
2011-08-23,2.0,2.024,1.992,2.024,18070,3636364.0
2011-08-24,2.028,2.037,2.014,2.017,22141,4485412.0
2011-08-25,2.017,2.087,2.017,2.085,76141,15735347.0
2011-08-26,2.08,2.082,2.065,2.079,16648,3455316.0
2011-08-29,2.068,2.068,2.042,2.049,13910,2851435.0
2011-08-30,2.061,2.081,2.045,2.047,36700,7574706.0
2011-08-31,2.048,2.053,2.035,2.047,16854,3444984.0
2011-09-01,2.055,2.063,2.04,2.041,15679,3213671.0
2011-09-02,2.041,2.043,2.016,2.019,39174,7936253.0
2011-09-05,2.015,2.016,1.979,1.98,94037,18679280.0
2011-09-06,1.97,1.98,1.964,1.966,58331,11500024.0
2011-09-07,1.98,2.01,1.973,2.01,23532,4693968.0
2011-09-08,2.018,2.018,2.0,2.0,12864,2580790.0
2011-09-09,2.008,2.03,1.995,2.003,162936,32564515.0
2011-09-13,1.996,1.998,1.977,1.994,33703,6708327.0
2011-09-14,1.999,2.003,1.972,2.0,27160,5406829.0
2011-09-15,2.007,2.012,1.997,1.999,11937,2391275.0
2011-09-16,2.0,2.011,1.995,1.999,10058,2015635.0
2011-09-19,1.99,2.019,1.967,1.968,96711,19072412.0
2011-09-20,1.967,1.984,1.96,1.979,25152,4953283.0
2011-09-21,1.979,2.03,1.971,2.028,32119,6447567.0
2011-09-22,2.018,2.018,1.97,1.971,26091,5208428.0
2011-09-23,1.961,1.985,1.945,1.965,27104,5304916.0
2011-09-26,1.965,1.97,1.93,1.936,28948,5636236.0
2011-09-27,1.948,1.961,1.941,1.951,19516,3808800.0
2011-09-28,1.96,1.968,1.937,1.946,17174,3357525.0
2011-09-29,1.943,1.946,1.92,1.936,24094,4661140.0
2011-09-30,1.932,1.944,1.928,1.937,20897,4042465.0
2011-10-10,1.937,1.945,1.919,1.927,94122,18141487.0
2011-10-11,1.96,1.98,1.904,1.915,31235,6045688.0
2011-10-12,1.91,1.97,1.9,1.968,45114,8777917.0
2011-10-13,1.964,1.978,1.96,1.973,21293,4187518.0
2011-10-14,1.966,1.978,1.956,1.973,26786,5264086.0
2011-10-17,1.977,1.988,1.971,1.974,25029,4952911.0
2011-10-18,1.973,1.973,1.93,1.932,28348,5518644.0
2011-10-19,1.933,1.945,1.931,1.937,11793,2285566.0
2011-10-20,1.935,1.935,1.885,1.892,71378,13581400.0
2011-10-21,1.887,1.908,1.887,1.902,17957,3412917.0
2011-10-24,1.882,1.905,1.86,1.9,99781,18875375.0
2011-10-25,1.901,1.935,1.894,1.934,37812,7246943.0
2011-10-26,1.92,1.959,1.915,1.941,39875,7764991.0
2011-10-27,1.948,1.959,1.94,1.948,28618,5578794.0
2011-10-28,1.958,1.988,1.958,1.976,274583,54163212.0
2011-10-31,1.976,1.976,1.957,1.964,19990,3927041.0
2011-11-01,1.956,1.985,1.953,1.965,49107,9675795.0
2011-11-02,1.955,1.994,1.945,1.991,36193,7133302.0
2011-11-03,2.0,2.016,1.995,1.996,42492,8512547.0
2011-11-04,2.0,2.015,1.996,2.003,55801,11184045.0
2011-11-07,1.998,2.008,1.991,1.992,32120,6422377.0
2011-11-08,1.992,2.011,1.992,1.998,26616,5330390.0
2011-11-09,2.003,2.011,1.99,2.009,20734,4151483.0
2011-11-10,1.996,1.997,1.978,1.978,32477,6451764.0
2011-11-11,1.98,1.987,1.971,1.973,20300,4018868.0
2011-11-14,1.989,2.011,1.987,2.011,44505,8920806.0
2011-11-15,2.006,2.009,2.001,2.003,17240,3454124.0
2011-11-16,2.001,2.011,1.95,1.953,48271,9532095.0
2011-11-17,1.953,1.974,1.952,1.956,17299,3387979.0
2011-11-18,1.935,1.97,1.915,1.92,68255,13175881.0
2011-11-21,1.918,1.927,1.91,1.92,27050,5184680.0
2011-11-22,1.915,1.92,1.903,1.917,31146,5955376.0
2011-11-23,1.911,1.927,1.897,1.902,28753,5480682.0
2011-11-24,1.901,1.91,1.885,1.896,20256,3838868.0
2011-11-25,1.9,1.908,1.88,1.891,182823,34557169.0
2011-11-28,1.891,1.909,1.883,1.895,270761,51338215.0
2011-11-29,1.907,1.922,1.897,1.92,62610,11977995.0
2011-11-30,1.919,1.919,1.85,1.86,115887,21791985.0
2011-12-01,1.91,1.925,1.89,1.896,173885,33215767.0
2011-12-02,1.891,1.894,1.866,1.876,96478,18077389.0
2011-12-05,1.871,1.871,1.858,1.858,113003,21050557.0
2011-12-06,1.86,1.866,1.851,1.865,124122,23077477.0
2011-12-07,1.864,1.872,1.851,1.865,157948,29446714.0
2011-12-08,1.861,1.878,1.847,1.865,144242,26795627.0
2011-12-09,1.863,1.865,1.851,1.858,138034,25605063.0
2011-12-12,1.852,1.858,1.842,1.843,153330,28405306.0
2011-12-13,1.84,1.843,1.817,1.819,185960,33893053.0
2011-12-14,1.813,1.827,1.801,1.808,82117,14892755.0
2011-12-15,1.806,1.806,1.776,1.776,34473,6155269.0
2011-12-16,1.778,1.804,1.759,1.802,44269,7889570.0
2011-12-19,1.798,1.798,1.754,1.79,106035,18737677.0
2011-12-20,1.781,1.805,1.78,1.785,43039,7718291.0
2011-12-21,1.798,1.8,1.762,1.762,21615,3860687.0
2011-12-22,1.759,1.779,1.74,1.765,49323,8662629.0
2011-12-23,1.765,1.787,1.765,1.779,17380,3091101.0
2011-12-26,1.778,1.788,1.767,1.768,33199,5889289.0
2011-12-27,1.773,1.775,1.758,1.762,38691,6821476.0
2011-12-28,1.756,1.76,1.74,1.76,17012,2979729.0
2011-12-29,1.753,1.766,1.753,1.763,14250,2510979.0
2011-12-30,1.763,1.785,1.763,1.776,28588,5077815.0
2012-01-04,1.787,1.793,1.758,1.758,31602,5629253.0
2012-01-05,1.741,1.779,1.741,1.752,79897,14063490.0
2012-01-06,1.745,1.767,1.745,1.765,64205,11307071.0
2012-01-09,1.776,1.815,1.757,1.815,95546,17200260.0
2012-01-10,1.81,1.861,1.802,1.86,90711,16673656.0
2012-01-11,1.875,1.875,1.843,1.847,139513,25841180.0
2012-01-12,1.838,1.863,1.835,1.853,60391,11187263.0
2012-01-13,1.847,1.854,1.821,1.832,21660,3985901.0
2012-01-16,1.839,1.839,1.814,1.815,14406,2632045.0
2012-01-17,1.816,1.886,1.802,1.886,64206,11939949.0
2012-01-18,1.887,1.894,1.857,1.861,46131,8680091.0
2012-01-19,1.858,1.902,1.858,1.893,37392,7066149.0
2012-01-20,1.9,1.92,1.886,1.914,64383,12272510.0
2012-01-30,1.92,1.92,1.88,1.881,169880,32315761.0
2012-01-31,1.885,1.886,1.873,1.884,25096,4717954.0
2012-02-01,1.87,1.887,1.858,1.86,26460,4958205.0
2012-02-02,1.858,1.898,1.858,1.895,28947,5433238.0
2012-02-03,1.895,1.917,1.88,1.908,196223,37321713.0
2012-02-06,1.909,1.919,1.898,1.906,269061,51375006.0
2012-02-07,1.9,1.9,1.863,1.875,32161,6037358.0
2012-02-08,1.873,1.926,1.87,1.917,87585,16716038.0
2012-02-09,1.91,1.923,1.903,1.917,38465,7360192.0
2012-02-10,1.917,1.932,1.904,1.91,55456,10630783.0
2012-02-13,1.907,1.918,1.892,1.903,31946,6091322.0
2012-02-14,1.903,1.904,1.888,1.9,24837,4706579.0
2012-02-15,1.902,1.924,1.888,1.91,110842,21216879.0
2012-02-16,1.912,1.919,1.898,1.91,51429,9816158.0
2012-02-17,1.913,1.92,1.903,1.911,26860,5138658.0
2012-02-20,1.924,1.933,1.909,1.909,83202,16014428.0
2012-02-21,1.909,1.923,1.9,1.922,89742,17165343.0
2012-02-22,1.919,1.942,1.917,1.941,52842,10214739.0
2012-02-23,1.942,1.952,1.938,1.942,53131,10320724.0
2012-02-24,1.945,1.972,1.941,1.971,284195,55588586.0
2012-02-27,1.973,1.999,1.973,1.983,116058,23086966.0
2012-02-28,1.98,1.991,1.975,1.99,67544,13398848.0
2012-02-29,1.99,1.99,1.959,1.961,94261,18600477.0
2012-03-01,1.96,1.976,1.955,1.969,29145,5735841.0
2012-03-02,1.969,1.99,1.969,1.99,28622,5679295.0
2012-03-05,1.991,2.0,1.976,1.98,27831,5535117.0
2012-03-06,1.974,1.978,1.946,1.951,33963,6649571.0
2012-03-07,1.943,1.949,1.934,1.935,18759,3641262.0
2012-03-08,1.939,1.96,1.939,1.952,34704,6775612.0
2012-03-09,1.96,1.969,1.949,1.965,36786,7208728.0
2012-03-12,1.963,1.974,1.945,1.955,72739,14190534.0
2012-03-13,1.957,1.973,1.949,1.972,96669,19016584.0
2012-03-14,1.976,1.986,1.929,1.93,60113,11796365.0
2012-03-15,1.932,1.936,1.906,1.913,58578,11246398.0
2012-03-16,1.913,1.934,1.913,1.93,19589,3772446.0
2012-03-19,1.93,1.939,1.92,1.933,20025,3861427.0
2012-03-20,1.93,1.935,1.914,1.918,18231,3506212.0
2012-03-21,1.913,1.929,1.905,1.913,15633,2997269.0
2012-03-22,1.91,1.922,1.904,1.917,10752,2055836.0
2012-03-23,1.91,1.91,1.895,1.898,24355,4631698.0
2012-03-26,1.898,1.904,1.895,1.902,56196,10657458.0
2012-03-27,1.903,1.91,1.897,1.9,9227,1756515.0
2012-03-28,1.897,1.898,1.855,1.863,323374,61072086.0
2012-03-29,1.861,1.861,1.837,1.84,18648,3443594.0
2012-03-30,1.84,1.858,1.84,1.848,12165,2247055.0
2012-04-05,1.849,1.887,1.842,1.886,29982,5598034.0
2012-04-06,1.876,1.887,1.876,1.88,10799,2032050.0
2012-04-09,1.875,1.88,1.852,1.868,7434,1391039.0
2012-04-10,1.861,1.882,1.851,1.88,20986,3913528.0
2012-04-11,1.876,1.89,1.868,1.878,12733,2393745.0
2012-04-12,1.88,1.919,1.88,1.917,34813,6623801.0
2012-04-13,1.919,1.935,1.914,1.929,23184,4467440.0
2012-04-16,1.924,1.928,1.911,1.923,7179,1378905.0
2012-04-17,1.92,1.924,1.901,1.902,12258,2344048.0
2012-04-18,1.908,1.94,1.903,1.938,24297,4685873.0
2012-04-19,1.939,1.943,1.93,1.94,17627,3418838.0
2012-04-20,1.934,1.965,1.934,1.962,26169,5121712.0
2012-04-23,1.96,1.965,1.95,1.95,17703,3462054.0
2012-04-24,1.943,1.979,1.93,1.955,69026,13527226.0
2012-04-25,1.954,1.966,1.941,1.962,26693,5228421.0
2012-04-26,1.963,1.969,1.953,1.958,21754,4265136.0
2012-04-27,1.958,1.963,1.952,1.958,29366,5746349.0
2012-05-02,1.976,1.997,1.97,1.985,128738,25566412.0
2012-05-03,1.985,1.989,1.978,1.987,16517,3278906.0
2012-05-04,1.989,1.998,1.978,1.997,65025,12954349.0
2012-05-07,1.992,1.998,1.986,1.995,134187,26760899.0
2012-05-08,1.993,1.996,1.979,1.984,17557,3485165.0
2012-05-09,1.979,1.979,1.954,1.955,33721,6621766.0
2012-05-10,1.952,1.962,1.952,1.953,21423,4191814.0
2012-05-11,1.951,1.966,1.94,1.94,43953,8574479.0
2012-05-14,1.953,1.962,1.931,1.931,24343,4726225.0
2012-05-15,1.928,1.929,1.912,1.929,17740,3404785.0
2012-05-16,1.927,1.927,1.896,1.9,17809,3398888.0
2012-05-17,1.898,1.931,1.898,1.926,26853,5133151.0
2012-05-18,1.919,1.919,1.9,1.909,22263,4247488.0
2012-05-21,1.903,1.917,1.901,1.913,23227,4436035.0
2012-05-22,1.92,1.933,1.913,1.931,24670,4747013.0
2012-05-23,1.929,1.934,1.91,1.92,362032,69341856.0
2012-05-24,1.926,1.93,1.911,1.926,11088,2129712.0
2012-05-25,1.919,1.924,1.89,1.899,25400,4832297.0
2012-05-28,1.9,1.922,1.888,1.921,21935,4180846.0
2012-05-29,1.92,1.95,1.912,1.949,30809,5967981.0
2012-05-30,1.948,1.948,1.933,1.935,7619,1476548.0
2012-05-31,1.931,1.938,1.922,1.93,16743,3230357.0
2012-06-01,1.931,1.938,1.924,1.93,8339,1610761.0
2012-06-04,1.915,1.915,1.879,1.886,54096,10258816.0
2012-06-05,1.881,1.895,1.878,1.881,15539,2927618.0
2012-06-06,1.888,1.889,1.86,1.874,31362,5878988.0
2012-06-07,1.887,1.898,1.865,1.87,18399,3451347.0
2012-06-08,1.886,1.886,1.856,1.86,21331,3976623.0
2012-06-11,1.865,1.885,1.859,1.883,14002,2625313.0
2012-06-12,1.876,1.876,1.851,1.859,19111,3553611.0
2012-06-13,1.861,1.884,1.857,1.883,17870,3350979.0
2012-06-14,1.872,1.883,1.868,1.868,20557,3853929.0
2012-06-15,1.877,1.886,1.868,1.881,31023,5831251.0
2012-06-18,1.884,1.899,1.883,1.889,33422,6322198.0
2012-06-19,1.883,1.887,1.878,1.879,12568,2365181.0
2012-06-20,1.88,1.886,1.875,1.879,9428,1772446.0
2012-06-21,1.88,1.88,1.841,1.844,37982,7024537.0
2012-06-25,1.838,1.842,1.818,1.824,24640,4512209.0
2012-06-26,1.822,1.822,1.805,1.818,23789,4313643.0
2012-06-27,1.816,1.824,1.81,1.811,15166,2753118.0
2012-06-28,1.814,1.82,1.801,1.801,17659,3192514.0
2012-06-29,1.802,1.819,1.792,1.818,18092,3271425.0
2012-07-02,1.826,1.826,1.801,1.81,23196,4214436.0
2012-07-03,1.81,1.827,1.809,1.819,19997,3635749.0
2012-07-04,1.819,1.823,1.81,1.817,80902,14693255.0
2012-07-05,1.813,1.813,1.792,1.804,23793,4283097.0
2012-07-06,1.817,1.818,1.79,1.814,29900,5392146.0
2012-07-09,1.805,1.807,1.772,1.779,33140,5947965.0
2012-07-10,1.774,1.779,1.769,1.776,20430,3624017.0
2012-07-11,1.774,1.784,1.77,1.784,27253,4843895.0
2012-07-12,1.785,1.803,1.77,1.798,105011,18828305.0
2012-07-13,1.798,1.806,1.791,1.795,136304,24461808.0
2012-07-16,1.797,1.799,1.772,1.774,19674,3512777.0
2012-07-17,1.774,1.79,1.774,1.787,28943,5153592.0
2012-07-18,1.788,1.797,1.776,1.795,23138,4133615.0
2012-07-19,1.799,1.819,1.793,1.802,236440,42894338.0
2012-07-20,1.808,1.808,1.785,1.787,29139,5227185.0
2012-07-23,1.778,1.778,1.756,1.761,35763,6304360.0
2012-07-24,1.758,1.766,1.75,1.763,32450,5707296.0
2012-07-25,1.76,1.764,1.753,1.759,20340,3579849.0
2012-07-26,1.755,1.758,1.745,1.747,23782,4166880.0
2012-07-27,1.753,1.762,1.75,1.755,23160,4062746.0
2012-07-30,1.766,1.766,1.751,1.752,19189,3371867.0
2012-07-31,1.752,1.759,1.752,1.756,18862,3309966.0
2012-08-01,1.758,1.772,1.756,1.764,46796,8249330.0
2012-08-02,1.764,1.769,1.754,1.757,29761,5243249.0
2012-08-03,1.76,1.768,1.756,1.768,29963,5278592.0
2012-08-06,1.771,1.786,1.768,1.784,42311,7521052.0
2012-08-07,1.778,1.785,1.776,1.782,25615,4560469.0
2012-08-08,1.785,1.793,1.782,1.785,23980,4283705.0
2012-08-09,1.787,1.793,1.773,1.793,22202,3958396.0
2012-08-10,1.792,1.798,1.785,1.789,30973,5554025.0
2012-08-13,1.79,1.79,1.75,1.755,40648,7201525.0
2012-08-14,1.752,1.766,1.742,1.752,37405,6543619.0
2012-08-15,1.75,1.75,1.734,1.735,25766,4481144.0
2012-08-16,1.735,1.739,1.73,1.734,28263,4901526.0
2012-08-17,1.732,1.741,1.724,1.73,32154,5567381.0
2012-08-20,1.725,1.729,1.714,1.722,33605,5777096.0
2012-08-21,1.72,1.735,1.717,1.731,67566,11659778.0
2012-08-22,1.726,1.732,1.715,1.719,32631,5624989.0
2012-08-23,1.715,1.731,1.715,1.724,243447,41893587.0
2012-08-24,1.721,1.722,1.71,1.71,35346,6072327.0
2012-08-27,1.709,1.709,1.68,1.681,44510,7543205.0
2012-08-28,1.682,1.699,1.68,1.693,35113,5929949.0
2012-08-29,1.69,1.698,1.683,1.684,29055,4908213.0
2012-08-30,1.682,1.696,1.678,1.693,30319,5116315.0
2012-08-31,1.693,1.696,1.688,1.691,23631,3996682.0
2012-09-03,1.699,1.7,1.684,1.699,35864,6071113.0
2012-09-04,1.699,1.7,1.676,1.682,41580,7020211.0
2012-09-05,1.682,1.682,1.667,1.673,35180,5889683.0
2012-09-06,1.673,1.682,1.668,1.676,45463,7610257.0
2012-09-07,1.685,1.76,1.685,1.743,109886,19042193.0
2012-09-10,1.753,1.753,1.738,1.746,32745,5714011.0
2012-09-11,1.747,1.747,1.723,1.729,31823,5502465.0
2012-09-12,1.739,1.744,1.722,1.732,29792,5160463.0
2012-09-13,1.73,1.737,1.725,1.726,23636,4089042.0
2012-09-14,1.73,1.748,1.728,1.738,45463,7898230.0
2012-09-17,1.737,1.737,1.707,1.707,30829,5303371.0
2012-09-18,1.704,1.704,1.683,1.683,23615,3999413.0
2012-09-19,1.688,1.696,1.683,1.687,4702,793579.0
2012-09-20,1.686,1.686,1.664,1.665,20115,3367506.0
2012-09-21,1.661,1.673,1.66,1.67,22439,3739000.0
2012-09-24,1.645,1.673,1.645,1.665,49150,8127177.0
2012-09-25,1.663,1.672,1.66,1.667,13620,2270419.0
2012-09-26,1.662,1.67,1.656,1.658,6196,1030305.0
2012-09-27,1.658,1.72,1.653,1.695,98324,16688195.0
2012-09-28,1.692,1.73,1.689,1.727,58768,10099596.0
2012-10-08,1.726,1.739,1.706,1.717,13231,2277512.0
2012-10-09,1.716,1.753,1.716,1.742,82969,14486171.0
2012-10-10,1.742,1.744,1.734,1.741,14974,2607093.0
2012-10-11,1.744,1.744,1.731,1.731,21457,3725329.0
2012-10-12,1.739,1.749,1.728,1.738,24791,4318300.0
2012-10-15,1.73,1.737,1.722,1.727,8770,1515548.0
2012-10-16,1.735,1.739,1.724,1.733,20982,3637294.0
2012-10-17,1.734,1.742,1.723,1.734,15942,2765932.0
2012-10-18,1.738,1.757,1.737,1.751,202173,35334433.0
2012-10-19,1.741,1.755,1.741,1.75,62995,11041395.0
2012-10-22,1.744,1.761,1.74,1.76,18028,3159118.0
2012-10-23,1.761,1.761,1.74,1.74,15561,2719089.0
2012-10-24,1.736,1.745,1.733,1.735,6749,1172329.0
2012-10-25,1.735,1.744,1.728,1.728,23967,4161436.0
2012-10-26,1.73,1.73,1.696,1.7,25009,4278225.0
2012-10-29,1.695,1.703,1.691,1.693,12525,2123612.0
2012-10-30,1.69,1.705,1.688,1.696,15539,2631535.0
2012-10-31,1.699,1.7,1.688,1.698,11040,1871520.0
2012-11-01,1.7,1.734,1.7,1.729,27217,4690515.0
2012-11-02,1.73,1.744,1.726,1.742,16517,2868294.0
2012-11-05,1.739,1.749,1.739,1.743,14983,2612618.0
2012-11-06,1.748,1.748,1.715,1.734,25864,4473641.0
2012-11-07,1.736,1.74,1.722,1.734,12677,2197743.0
2012-11-08,1.728,1.728,1.711,1.714,13410,2304445.0
2012-11-09,1.71,1.713,1.7,1.702,21046,3587577.0
2012-11-12,1.703,1.716,1.702,1.715,23552,4026188.0
2012-11-13,1.715,1.715,1.688,1.689,29493,5004237.0
2012-11-14,1.689,1.7,1.689,1.697,25177,4265137.0
2012-11-15,1.696,1.697,1.682,1.684,17851,3018462.0
2012-11-16,1.683,1.683,1.661,1.662,33812,5638186.0
2012-11-19,1.663,1.677,1.658,1.677,24193,4026266.0
2012-11-20,1.677,1.679,1.66,1.661,21473,3580729.0
2012-11-21,1.667,1.682,1.66,1.681,35750,5965809.0
2012-11-22,1.68,1.68,1.668,1.672,22116,3706036.0
2012-11-23,1.67,1.69,1.67,1.684,33896,5710164.0
2012-11-26,1.684,1.684,1.672,1.68,18406,3092467.0
2012-11-27,1.672,1.675,1.667,1.668,30455,5088810.0
2012-11-28,1.666,1.666,1.655,1.657,26551,4407953.0
2012-11-29,1.66,1.662,1.65,1.651,22772,3771436.0
2012-11-30,1.65,1.656,1.637,1.655,27171,4474177.0
2012-12-03,1.65,1.66,1.642,1.642,23649,3894082.0
2012-12-04,1.645,1.655,1.638,1.653,33039,5424762.0
2012-12-05,1.653,1.715,1.648,1.71,63191,10743157.0
2012-12-06,1.709,1.712,1.702,1.708,33757,5765915.0
2012-12-07,1.705,1.744,1.703,1.743,296710,51636043.0
2012-12-10,1.743,1.76,1.743,1.755,899226,157948768.0
2012-12-11,1.755,1.761,1.746,1.749,18804,3295484.0
2012-12-12,1.749,1.757,1.745,1.751,25183,4408047.0
2012-12-13,1.746,1.75,1.734,1.735,175160,30418896.0
2012-12-14,1.732,1.823,1.732,1.822,128913,23109857.0
2012-12-17,1.816,1.843,1.816,1.836,98366,18078592.0
2012-12-18,1.8,1.82,1.786,1.8,43610,7868927.0
2012-12-19,1.796,1.807,1.79,1.796,21244,3820298.0
2012-12-20,1.794,1.812,1.784,1.808,20487,3677372.0
2012-12-21,1.812,1.819,1.79,1.792,15823,2852856.0
2012-12-24,1.79,1.808,1.79,1.796,16683,3003155.0
2012-12-25,1.787,1.856,1.784,1.848,72259,13298717.0
2012-12-26,1.85,1.856,1.84,1.847,35318,6526460.0
2012-12-27,1.848,1.864,1.838,1.841,34298,6331315.0
2012-12-28,1.838,1.876,1.838,1.874,60198,11216558.0
2012-12-31,1.87,1.9,1.87,1.9,72791,13719869.0
2013-01-04,1.902,1.938,1.897,1.909,32441,6214592.0
2013-01-07,1.895,1.939,1.895,1.927,54636,10520267.0
2013-01-08,1.923,1.93,1.898,1.911,28339,5409812.0
2013-01-09,1.908,1.91,1.893,1.9,18985,3612272.0
2013-01-10,1.899,1.923,1.899,1.907,26624,5085320.0
2013-01-11,1.905,1.912,1.862,1.868,35861,6750104.0
2013-01-14,1.863,1.953,1.862,1.949,92541,17715558.0
2013-01-15,1.949,1.958,1.938,1.951,56890,11082977.0
2013-01-16,1.95,1.952,1.905,1.924,31575,6085349.0
2013-01-17,1.921,1.924,1.899,1.912,25508,4871581.0
2013-01-18,1.911,1.955,1.911,1.944,37069,7177810.0
2013-01-21,1.945,1.963,1.936,1.963,41654,8139970.0
2013-01-22,1.963,1.99,1.946,1.966,53890,10610680.0
2013-01-23,1.961,1.98,1.951,1.979,27531,5403008.0
2013-01-24,1.97,2.033,1.96,1.975,88821,17720226.0
2013-01-25,1.971,1.979,1.962,1.966,14338,2821667.0
2013-01-28,1.96,2.038,1.96,2.038,123675,24865778.0
2013-01-29,2.034,2.086,2.032,2.069,111966,23097642.0
2013-01-30,2.075,2.083,2.057,2.079,33460,6927625.0
2013-01-31,2.083,2.091,2.071,2.088,40334,8404985.0
2013-02-01,2.081,2.153,2.076,2.152,68311,14495137.0
2013-02-04,2.154,2.2,2.152,2.162,114384,24881233.0
2013-02-05,2.15,2.169,2.133,2.16,130135,28043277.0
2013-02-06,2.156,2.175,2.154,2.163,140653,30369920.0
2013-02-07,2.159,2.161,2.091,2.123,81101,17222384.0
2013-02-08,2.123,2.141,2.098,2.118,58239,12334142.0
2013-02-18,2.12,2.13,2.096,2.1,35455,7476772.0
2013-02-19,2.091,2.1,2.068,2.07,1127707,235212629.0
2013-02-20,2.07,2.076,2.035,2.061,59475,12219389.0
2013-02-21,2.06,2.06,1.968,1.981,96872,19373962.0
2013-02-22,1.975,1.989,1.952,1.955,51950,10200858.0
2013-02-25,1.957,1.989,1.957,1.976,25424,5025166.0
2013-02-26,1.974,2.007,1.954,1.954,53940,10709140.0
2013-02-27,1.955,1.995,1.955,1.978,25779,5085921.0
2013-02-28,1.987,2.045,1.98,2.044,76736,15507337.0
2013-03-01,2.045,2.054,2.004,2.037,49655,10063866.0
2013-03-04,2.022,2.022,1.926,1.935,99867,19602324.0
2013-03-05,1.935,2.027,1.935,2.019,91224,18105455.0
2013-03-06,2.026,2.058,2.015,2.048,59125,12049728.0
2013-03-07,2.039,2.055,1.997,2.02,47467,9646255.0
2013-03-08,2.021,2.035,2.006,2.015,26589,5373565.0
2013-03-11,2.015,2.015,1.981,1.994,23365,4664413.0
2013-03-12,1.995,2.01,1.943,1.959,53514,10535411.0
2013-03-13,1.96,1.97,1.935,1.945,45848,8936939.0
2013-03-14,1.938,1.957,1.93,1.946,30975,6019642.0
2013-03-15,1.948,2.004,1.928,1.966,47257,9327036.0
2013-03-18,1.95,1.965,1.932,1.935,35839,6968305.0
2013-03-19,1.933,1.955,1.928,1.951,33021,6404936.0
2013-03-20,1.952,2.029,1.952,2.028,94673,19012689.0
2013-03-21,2.034,2.039,2.018,2.024,40666,8247916.0
2013-03-22,2.028,2.038,2.018,2.031,35399,7185102.0
2013-03-25,2.038,2.053,2.022,2.026,49357,10045496.0
2013-03-26,2.02,2.02,1.969,1.985,66232,13142700.0
2013-03-27,1.984,2.014,1.978,1.992,49494,9875660.0
2013-03-28,1.978,1.978,1.893,1.902,135125,25768565.0
2013-03-29,1.903,1.912,1.892,1.902,38520,7321227.0
2013-04-01,1.902,1.913,1.899,1.902,16645,3171385.0
2013-04-02,1.91,1.92,1.89,1.901,32779,6239689.0
2013-04-03,1.904,1.923,1.9,1.908,41788,7990460.0
2013-04-08,1.879,1.897,1.872,1.894,48135,9069511.0
2013-04-09,1.9,1.919,1.899,1.906,37872,7225312.0
2013-04-10,1.906,1.907,1.885,1.893,34481,6549317.0
2013-04-11,1.908,1.914,1.892,1.892,47630,9081205.0
2013-04-12,1.897,1.899,1.881,1.885,16530,3121461.0
2013-04-15,1.885,1.885,1.865,1.867,37535,7016493.0
2013-04-16,1.863,1.871,1.841,1.87,59467,11044795.0
2013-04-17,1.87,1.87,1.838,1.855,68431,12663634.0
2013-04-18,1.851,1.863,1.827,1.862,206380,38170651.0
2013-04-19,1.859,1.94,1.859,1.928,184501,35009101.0
2013-04-22,1.921,1.939,1.919,1.934,66328,12790667.0
2013-04-23,1.931,1.938,1.851,1.878,88097,16705517.0
2013-04-24,1.877,1.924,1.873,1.91,64812,12264322.0
2013-04-25,1.908,1.911,1.88,1.889,37076,7010563.0
2013-04-26,1.89,1.905,1.88,1.884,30587,5785613.0
2013-05-02,1.876,1.886,1.864,1.886,38472,7207457.0
2013-05-03,1.886,1.947,1.886,1.92,73026,14077910.0
2013-05-06,1.932,1.948,1.925,1.936,47439,9179214.0
2013-05-07,1.935,1.943,1.923,1.932,43830,8469798.0
2013-05-08,1.945,1.958,1.931,1.937,39100,7606483.0
2013-05-09,1.94,1.94,1.918,1.928,39426,7610604.0
2013-05-10,1.926,1.945,1.921,1.94,29517,5717035.0
2013-05-13,1.939,1.944,1.925,1.932,26950,5208311.0
2013-05-14,1.932,1.932,1.911,1.915,13618,2612209.0
2013-05-15,1.915,1.929,1.915,1.928,57981,11149156.0
2013-05-16,1.925,1.956,1.911,1.954,42995,8355525.0
2013-05-17,1.954,1.982,1.948,1.979,60033,11789996.0
2013-05-20,1.979,2.016,1.979,1.997,92005,18396496.0
2013-05-21,1.995,2.0,1.98,1.986,63516,12644411.0
2013-05-22,1.986,1.997,1.951,1.993,35636,7090379.0
2013-05-23,1.98,1.987,1.957,1.961,38888,7660229.0
2013-05-24,1.961,1.975,1.952,1.962,31565,6201988.0
2013-05-27,1.962,1.974,1.955,1.962,10360,2035812.0
2013-05-28,1.964,1.996,1.953,1.994,65340,12895903.0
2013-05-29,1.995,2.008,1.992,1.992,36407,7283892.0
2013-05-30,1.988,1.994,1.981,1.984,46808,9300973.0
2013-05-31,1.983,1.993,1.971,1.971,38190,7565489.0
2013-06-03,1.974,1.987,1.967,1.97,45469,8989477.0
2013-06-04,1.964,1.97,1.954,1.958,26814,5254600.0
2013-06-05,1.96,1.96,1.931,1.94,20100,3910004.0
2013-06-06,1.939,1.939,1.917,1.92,43216,8318827.0
2013-06-07,1.919,1.93,1.892,1.899,28156,5365339.0
2013-06-13,1.896,1.896,1.811,1.834,60200,11044071.0
2013-06-14,1.836,1.847,1.834,1.84,26572,4885459.0
2013-06-17,1.845,1.85,1.826,1.827,20295,3722228.0
2013-06-18,1.831,1.845,1.827,1.838,38980,7158262.0
2013-06-19,1.831,1.831,1.798,1.817,29435,5324970.0
2013-06-20,1.809,1.809,1.758,1.765,38778,6889828.0
2013-06-21,1.762,1.764,1.724,1.761,39884,6973030.0
2013-06-24,1.755,1.755,1.65,1.662,68560,11536135.0
2013-06-25,1.664,1.664,1.524,1.64,87199,13995283.0
2013-06-26,1.648,1.653,1.608,1.619,36266,5897014.0
2013-06-27,1.625,1.656,1.622,1.637,45931,7531930.0
2013-06-28,1.633,1.699,1.623,1.695,62858,10499411.0
2013-07-01,1.69,1.695,1.669,1.694,35659,6011902.0
2013-07-02,1.695,1.695,1.672,1.69,40921,6884852.0
2013-07-03,1.675,1.679,1.653,1.674,41028,6832383.0
2013-07-04,1.67,1.707,1.658,1.688,68886,11558950.0
2013-07-05,1.685,1.698,1.68,1.686,19475,3291172.0
2013-07-08,1.671,1.678,1.655,1.661,32606,5429470.0
2013-07-09,1.661,1.673,1.657,1.67,22518,3748876.0
2013-07-10,1.672,1.705,1.668,1.704,29807,5034643.0
2013-07-11,1.708,1.823,1.708,1.805,100330,17734025.0
2013-07-12,1.799,1.809,1.752,1.758,47920,8525017.0
2013-07-15,1.756,1.793,1.753,1.769,28362,5019787.0
2013-07-16,1.766,1.772,1.745,1.771,33760,5931324.0
2013-07-17,1.765,1.777,1.75,1.75,30960,5454129.0
2013-07-18,1.75,1.75,1.71,1.71,36175,6243882.0
2013-07-19,1.724,1.724,1.678,1.68,46269,7885545.0
2013-07-22,1.673,1.682,1.655,1.682,44385,7411316.0
2013-07-23,1.683,1.735,1.671,1.717,40843,6996627.0
2013-07-24,1.713,1.713,1.675,1.696,68701,11636371.0
2013-07-25,1.702,1.707,1.683,1.687,36372,6151095.0
2013-07-26,1.681,1.691,1.672,1.687,32125,5402662.0
2013-07-29,1.675,1.675,1.639,1.644,55842,9225196.0
2013-07-30,1.65,1.69,1.643,1.663,36857,6135032.0
2013-07-31,1.67,1.7,1.665,1.668,36301,6095274.0
2013-08-01,1.668,1.7,1.665,1.697,38339,6465045.0
2013-08-02,1.697,1.716,1.69,1.692,28286,4816365.0
2013-08-05,1.705,1.709,1.688,1.706,23983,4078278.0
2013-08-06,1.705,1.72,1.692,1.715,37528,6405684.0
2013-08-07,1.715,1.727,1.701,1.704,32446,5566582.0
2013-08-08,1.7,1.714,1.695,1.698,37124,6325495.0
2013-08-09,1.703,1.715,1.684,1.696,22249,3787092.0
2013-08-12,1.696,1.761,1.696,1.76,87254,15196794.0
2013-08-13,1.759,1.779,1.747,1.774,45966,8134482.0
2013-08-14,1.775,1.805,1.766,1.77,45037,8037767.0
2013-08-15,1.77,1.79,1.764,1.764,23256,4132809.0
2013-08-16,1.759,1.85,1.74,1.761,93111,16680709.0
2013-08-19,1.746,1.786,1.746,1.777,46259,8122745.0
2013-08-20,1.771,1.806,1.763,1.774,45506,8126053.0
2013-08-21,1.774,1.779,1.75,1.762,28299,4985453.0
2013-08-22,1.76,1.79,1.756,1.761,33614,5948765.0
2013-08-23,1.763,1.779,1.718,1.743,46879,8190912.0
2013-08-26,1.744,1.777,1.741,1.775,57371,10121009.0
2013-08-27,1.773,1.785,1.764,1.776,27555,4889984.0
2013-08-28,1.77,1.777,1.751,1.767,26971,4761312.0
2013-08-29,1.767,1.777,1.759,1.765,20722,3658636.0
2013-08-30,1.765,1.776,1.752,1.764,21094,3723967.0
2013-09-02,1.77,1.779,1.759,1.768,27717,4900550.0
2013-09-03,1.775,1.798,1.771,1.796,45532,8149833.0
2013-09-04,1.787,1.803,1.787,1.795,32985,5934012.0
2013-09-05,1.795,1.802,1.791,1.793,26145,4693575.0
2013-09-06,1.792,1.815,1.791,1.806,41955,7557784.0
2013-09-09,1.816,1.918,1.816,1.912,147436,27757261.0
2013-09-10,1.916,1.926,1.896,1.924,50750,9701642.0
2013-09-11,1.924,1.955,1.924,1.931,49070,9537647.0
2013-09-12,1.931,1.992,1.915,1.961,63984,12489914.0
2013-09-13,1.96,1.96,1.919,1.929,30784,5954637.0
2013-09-16,1.93,1.943,1.905,1.918,34213,6560551.0
2013-09-17,1.925,1.935,1.888,1.889,38680,7383203.0
2013-09-18,1.889,1.898,1.87,1.889,24175,4548717.0
2013-09-23,1.895,1.907,1.881,1.897,36105,6839258.0
2013-09-24,1.897,1.897,1.845,1.854,49621,9240885.0
2013-09-25,1.857,1.868,1.843,1.85,32607,6051017.0
2013-09-26,1.849,1.849,1.81,1.819,45720,8338007.0
2013-09-27,1.818,1.827,1.809,1.815,30052,5460832.0
2013-09-30,1.817,1.832,1.817,1.83,25277,4618010.0
2013-10-08,1.82,1.85,1.805,1.842,35825,6548402.0
2013-10-09,1.84,1.857,1.833,1.85,34761,6425624.0
2013-10-10,1.851,1.855,1.819,1.821,42183,7769896.0
2013-10-11,1.825,1.857,1.821,1.85,61699,11372317.0
2013-10-14,1.85,1.856,1.841,1.845,40057,7394805.0
2013-10-15,1.849,1.849,1.822,1.83,32299,5944454.0
2013-10-16,1.829,1.829,1.803,1.806,41613,7543980.0
2013-10-17,1.812,1.819,1.802,1.805,29887,5406326.0
2013-10-18,1.81,1.819,1.803,1.809,15532,2810595.0
2013-10-21,1.811,1.831,1.8,1.829,39232,7134016.0
2013-10-22,1.829,1.829,1.809,1.811,32252,5860575.0
2013-10-23,1.817,1.847,1.809,1.814,48210,8804871.0
2013-10-24,1.812,1.812,1.79,1.791,45257,8144993.0
2013-10-25,1.791,1.807,1.775,1.78,38252,6863752.0
2013-10-28,1.799,1.8,1.773,1.78,21345,3803264.0
2013-10-29,1.781,1.833,1.781,1.802,52058,9399169.0
2013-10-30,1.805,1.831,1.803,1.828,46835,8520090.0
2013-10-31,1.834,1.834,1.806,1.809,24716,4479452.0
2013-11-01,1.81,1.833,1.807,1.824,28304,5145456.0
2013-11-04,1.83,1.838,1.818,1.822,12016,2195437.0
2013-11-05,1.816,1.816,1.789,1.811,28189,5082936.0
2013-11-06,1.811,1.811,1.79,1.791,33004,5935881.0
2013-11-07,1.791,1.797,1.785,1.791,26655,4771539.0
2013-11-08,1.79,1.796,1.772,1.777,32303,5767124.0
2013-11-11,1.768,1.777,1.764,1.77,23398,4141678.0
2013-11-12,1.775,1.79,1.768,1.788,12564,2238801.0
2013-11-13,1.784,1.784,1.743,1.745,49920,8765578.0
2013-11-14,1.745,1.753,1.727,1.737,55290,9610933.0
2013-11-15,1.733,1.786,1.733,1.768,647973,115088070.0
2013-11-18,1.773,1.841,1.77,1.841,96678,17385625.0
2013-11-19,1.841,1.841,1.81,1.83,51603,9437493.0
2013-11-20,1.835,1.839,1.814,1.827,535362,97510953.0
2013-11-21,1.821,1.824,1.8,1.822,40135,7259623.0
2013-11-22,1.826,1.828,1.814,1.815,40156,7308360.0
2013-11-25,1.814,1.826,1.803,1.807,30550,5535998.0
2013-11-26,1.805,1.815,1.798,1.8,29820,5379017.0
2013-11-27,1.798,1.829,1.797,1.812,45132,8172777.0
2013-11-28,1.816,1.841,1.815,1.825,81897,14969041.0
2013-11-29,1.827,1.833,1.824,1.824,27618,5048229.0
2013-12-02,1.828,1.86,1.821,1.847,73929,13612562.0
2013-12-03,1.839,1.858,1.835,1.855,61548,11350766.0
2013-12-04,1.84,1.874,1.84,1.863,79897,14890284.0
2013-12-05,1.86,1.864,1.853,1.859,17064,3171571.0
2013-12-06,1.852,1.855,1.839,1.845,18778,3464120.0
2013-12-09,1.843,1.854,1.842,1.845,24296,4490139.0
2013-12-10,1.849,1.853,1.843,1.848,12775,2360394.0
2013-12-11,1.844,1.844,1.81,1.818,30641,5590605.0
2013-12-12,1.815,1.82,1.81,1.81,35194,6390070.0
2013-12-13,1.807,1.808,1.793,1.799,53533,9629148.0
2013-12-16,1.799,1.8,1.779,1.78,43945,7852485.0
2013-12-17,1.779,1.786,1.77,1.774,27233,4834203.0
2013-12-18,1.77,1.777,1.769,1.769,47612,8440856.0
2013-12-19,1.773,1.778,1.75,1.751,41075,7259254.0
2013-12-20,1.751,1.757,1.72,1.724,57434,9978938.0
2013-12-23,1.726,1.73,1.713,1.723,36452,6282189.0
2013-12-24,1.722,1.736,1.713,1.718,37986,6560216.0
2013-12-25,1.718,1.729,1.715,1.728,22991,3956993.0
2013-12-26,1.722,1.729,1.698,1.698,33269,5693537.0
2013-12-27,1.698,1.737,1.698,1.725,74621,12806266.0
2013-12-30,1.726,1.738,1.721,1.725,37021,6413910.0
2013-12-31,1.727,1.745,1.72,1.741,34675,5996042.0
2014-01-02,1.738,1.738,1.727,1.73,19272,3334619.0
2014-01-03,1.723,1.724,1.704,1.707,22631,3876373.0
2014-01-06,1.707,1.707,1.668,1.672,45869,7692147.0
2014-01-07,1.67,1.682,1.656,1.671,44094,7376130.0
2014-01-08,1.671,1.69,1.662,1.672,19835,3317180.0
2014-01-09,1.673,1.678,1.658,1.66,40741,6805531.0
2014-01-10,1.653,1.662,1.649,1.656,14492,2396159.0
2014-01-13,1.656,1.665,1.648,1.653,49376,8158808.0
2014-01-14,1.653,1.664,1.648,1.662,27851,4603828.0
2014-01-15,1.662,1.665,1.651,1.663,33269,5518223.0
2014-01-16,1.663,1.67,1.651,1.664,62643,10403128.0
2014-01-17,1.664,1.664,1.645,1.649,45093,7454396.0
2014-01-20,1.646,1.655,1.63,1.639,40600,6665392.0
2014-01-21,1.609,1.609,1.58,1.581,48823,7761421.0
2014-01-22,1.581,1.615,1.581,1.614,63407,10166188.0
2014-01-23,1.615,1.617,1.606,1.61,102134,16448112.0
2014-01-24,1.608,1.625,1.606,1.62,50435,8166568.0
2014-01-27,1.616,1.617,1.604,1.609,30039,4833389.0
2014-01-28,1.61,1.621,1.604,1.609,43022,6920483.0
2014-01-29,1.612,1.63,1.611,1.622,28668,4638162.0
2014-01-30,1.62,1.622,1.61,1.611,22048,3559543.0
2014-02-07,1.61,1.615,1.597,1.613,34605,5551983.0
2014-02-10,1.619,1.651,1.615,1.648,47515,7762075.0
2014-02-11,1.648,1.669,1.641,1.665,57604,9528994.0
2014-02-12,1.662,1.671,1.66,1.668,92145,15334667.0
2014-02-13,1.667,1.683,1.661,1.668,42736,7142554.0
2014-02-14,1.666,1.682,1.665,1.682,42510,7112928.0
2014-02-17,1.683,1.69,1.675,1.685,31279,5253994.0
2014-02-18,1.686,1.686,1.667,1.669,46906,7855152.0
2014-02-19,1.669,1.697,1.666,1.684,30689,5157366.0
2014-02-20,1.686,1.718,1.686,1.696,98918,16812224.0
2014-02-21,1.688,1.694,1.664,1.677,43068,7226528.0
2014-02-24,1.668,1.668,1.634,1.648,33143,5451392.0
2014-02-25,1.648,1.655,1.605,1.616,40286,6589790.0
2014-02-26,1.613,1.617,1.597,1.615,38481,6193269.0
2014-02-27,1.615,1.645,1.615,1.626,43665,7110124.0
2014-02-28,1.622,1.636,1.607,1.636,27101,4402814.0
2014-03-03,1.633,1.649,1.622,1.641,40791,6677843.0
2014-03-04,1.639,1.639,1.62,1.631,35225,5732382.0
2014-03-05,1.631,1.635,1.623,1.624,28943,4716403.0
2014-03-06,1.621,1.627,1.606,1.624,32046,5172508.0
2014-03-07,1.622,1.632,1.615,1.619,22135,3597001.0
2014-03-10,1.611,1.616,1.568,1.57,54454,8661921.0
2014-03-11,1.57,1.578,1.562,1.569,33367,5235921.0
2014-03-12,1.569,1.588,1.56,1.57,61297,9622378.0
2014-03-13,1.573,1.602,1.573,1.593,35188,5601049.0
2014-03-14,1.586,1.597,1.583,1.59,26738,4252999.0
2014-03-17,1.593,1.605,1.586,1.605,45454,7262970.0
2014-03-18,1.605,1.615,1.593,1.605,25100,4035637.0
2014-03-19,1.602,1.602,1.588,1.597,24434,3895887.0
2014-03-20,1.591,1.61,1.581,1.581,32143,5119733.0
2014-03-21,1.582,1.621,1.567,1.617,67720,10741794.0
2014-03-24,1.618,1.64,1.61,1.63,45533,7391379.0
2014-03-25,1.633,1.648,1.627,1.635,31645,5169153.0
2014-03-26,1.634,1.639,1.624,1.63,28278,4609526.0
2014-03-27,1.63,1.636,1.602,1.622,38833,6299365.0
2014-03-28,1.621,1.627,1.606,1.615,27955,4532898.0
2014-03-31,1.614,1.618,1.603,1.607,24467,3938889.0
2014-04-01,1.61,1.622,1.609,1.619,22246,3588801.0
2014-04-02,1.616,1.634,1.616,1.629,30532,4966278.0
2014-04-03,1.63,1.636,1.612,1.615,24285,3944064.0
2014-04-04,1.611,1.623,1.606,1.621,19394,3130399.0
2014-04-08,1.622,1.662,1.616,1.655,81911,13473994.0
2014-04-09,1.658,1.666,1.655,1.658,47795,7941438.0
2014-04-10,1.665,1.693,1.651,1.682,48027,8016753.0
2014-04-11,1.683,1.69,1.675,1.686,28036,4720407.0
2014-04-14,1.684,1.695,1.67,1.68,23191,3888833.0
2014-04-15,1.679,1.679,1.656,1.659,47899,7977319.0
2014-04-16,1.658,1.664,1.651,1.658,23352,3870916.0
2014-04-17,1.657,1.663,1.65,1.653,29724,4921227.0
2014-04-18,1.65,1.661,1.64,1.653,26862,4431998.0
2014-04-21,1.645,1.655,1.632,1.633,43479,7162715.0
2014-04-22,1.631,1.638,1.621,1.637,53307,8695780.0
2014-04-23,1.635,1.637,1.628,1.634,39368,6425640.0
2014-04-24,1.634,1.64,1.629,1.633,24877,4064235.0
2014-04-25,1.633,1.638,1.621,1.623,29999,4887502.0
2014-04-28,1.622,1.622,1.6,1.601,31379,5042069.0
2014-04-29,1.602,1.614,1.601,1.613,28085,4514241.0
2014-04-30,1.613,1.626,1.609,1.62,27190,4397464.0
2014-05-05,1.617,1.624,1.606,1.62,48803,7856157.0
2014-05-06,1.617,1.629,1.617,1.624,28287,4595125.0
2014-05-07,1.623,1.623,1.612,1.614,6760,1094351.0
2014-05-08,1.61,1.629,1.61,1.614,21495,3475035.0
2014-05-09,1.614,1.617,1.601,1.607,12030,1932929.0
2014-05-12,1.612,1.64,1.61,1.638,36353,5916646.0
2014-05-13,1.638,1.64,1.628,1.635,6351,1038670.0
2014-05-14,1.632,1.637,1.628,1.634,28912,4713366.0
2014-05-15,1.634,1.634,1.618,1.619,22042,3588387.0
2014-05-16,1.618,1.621,1.611,1.618,21752,3521006.0
2014-05-19,1.613,1.613,1.601,1.608,25173,4036514.0
2014-05-20,1.607,1.614,1.603,1.605,21983,3540770.0
2014-05-21,1.605,1.62,1.595,1.62,31249,5023792.0
2014-05-22,1.617,1.631,1.609,1.614,20758,3372977.0
2014-05-23,1.614,1.624,1.61,1.624,20028,3234045.0
2014-05-26,1.626,1.635,1.626,1.633,39642,6470615.0
2014-05-27,1.629,1.637,1.629,1.634,21071,3440127.0
2014-05-28,1.634,1.643,1.629,1.642,20283,3322154.0
2014-05-29,1.64,1.642,1.628,1.63,22355,3658487.0
2014-05-30,1.627,1.634,1.621,1.629,29534,4811106.0
2014-06-03,1.629,1.633,1.623,1.624,35704,5817050.0
2014-06-04,1.623,1.624,1.608,1.612,10105,1630601.0
2014-06-05,1.61,1.624,1.609,1.624,13315,2151260.0
2014-06-06,1.623,1.623,1.611,1.614,11650,1884204.0
2014-06-09,1.61,1.625,1.61,1.615,25034,4047178.0
2014-06-10,1.616,1.634,1.613,1.629,23556,3829321.0
2014-06-11,1.629,1.635,1.623,1.634,36670,5973313.0
2014-06-12,1.629,1.632,1.625,1.627,16410,2669585.0
2014-06-13,1.625,1.652,1.622,1.646,62859,10343370.0
2014-06-16,1.641,1.661,1.64,1.659,38739,6397459.0
2014-06-17,1.656,1.656,1.64,1.648,31516,5202398.0
2014-06-18,1.648,1.648,1.638,1.639,32039,5261471.0
2014-06-19,1.638,1.641,1.613,1.617,34274,5588698.0
2014-06-20,1.62,1.626,1.614,1.624,27237,4414245.0
2014-06-23,1.621,1.632,1.621,1.628,30285,4932293.0
2014-06-24,1.628,1.63,1.623,1.629,13681,2225162.0
2014-06-25,1.629,1.629,1.621,1.624,18967,3079006.0
2014-06-26,1.625,1.632,1.624,1.63,10970,1787554.0
2014-06-27,1.628,1.639,1.625,1.632,38143,6224788.0
2014-06-30,1.632,1.648,1.632,1.644,29608,4868131.0
2014-07-01,1.648,1.65,1.641,1.645,23791,3914714.0
2014-07-02,1.644,1.655,1.642,1.653,22003,3627362.0
2014-07-03,1.649,1.663,1.647,1.656,34598,5723970.0
2014-07-04,1.658,1.661,1.653,1.657,20377,3377538.0
2014-07-07,1.656,1.658,1.648,1.654,26787,4427378.0
2014-07-08,1.65,1.663,1.65,1.66,36797,6088814.0
2014-07-09,1.656,1.662,1.642,1.644,21956,3619473.0
2014-07-10,1.644,1.647,1.64,1.643,24841,4082380.0
2014-07-11,1.643,1.652,1.64,1.65,15742,2595917.0
2014-07-14,1.65,1.672,1.65,1.671,42278,7025977.0
2014-07-15,1.667,1.672,1.664,1.67,36831,6139315.0
2014-07-16,1.668,1.681,1.668,1.669,22855,3826655.0
2014-07-17,1.667,1.67,1.661,1.665,20982,3495232.0
2014-07-18,1.665,1.677,1.662,1.668,24107,4023766.0
2014-07-21,1.668,1.67,1.664,1.666,22484,3747045.0
2014-07-22,1.665,1.698,1.662,1.686,70558,11875334.0
2014-07-23,1.686,1.698,1.682,1.69,62434,10562381.0
2014-07-24,1.689,1.72,1.689,1.716,65643,11207860.0
2014-07-25,1.716,1.734,1.715,1.732,28737,4952187.0
2014-07-28,1.732,1.781,1.732,1.77,83286,14662794.0
2014-07-29,1.775,1.79,1.768,1.78,71750,12758387.0
2014-07-30,1.774,1.784,1.766,1.771,76989,13678879.0
2014-07-31,1.77,1.797,1.768,1.796,51677,9201890.0
2014-08-01,1.789,1.812,1.788,1.788,44092,7932713.0
2014-08-04,1.787,1.812,1.787,1.811,24427,4402089.0
2014-08-05,1.812,1.814,1.802,1.81,30105,5443042.0
2014-08-06,1.808,1.814,1.792,1.808,37560,6771897.0
2014-08-07,1.803,1.81,1.785,1.789,28324,5088435.0
2014-08-08,1.781,1.796,1.781,1.79,19995,3575877.0
2014-08-11,1.79,1.822,1.79,1.821,36017,6529166.0
2014-08-12,1.819,1.823,1.812,1.82,41638,7568458.0
2014-08-13,1.818,1.826,1.804,1.817,49760,9036597.0
2014-08-14,1.816,1.822,1.807,1.809,25511,4627303.0
2014-08-15,1.809,1.822,1.804,1.82,38013,6883659.0
2014-08-18,1.817,1.83,1.814,1.826,57143,10414677.0
2014-08-19,1.826,1.83,1.818,1.827,41938,7655805.0
2014-08-20,1.825,1.828,1.817,1.821,41414,7547824.0
2014-08-21,1.821,1.821,1.795,1.808,37392,6757928.0
2014-08-22,1.804,1.815,1.8,1.815,65015,11770066.0
2014-08-25,1.816,1.816,1.8,1.804,34489,6225736.0
2014-08-26,1.8,1.808,1.786,1.787,39971,7196627.0
2014-08-27,1.788,1.798,1.785,1.788,49284,8819043.0
2014-08-28,1.788,1.791,1.77,1.78,56793,10127023.0
2014-08-29,1.78,1.798,1.777,1.797,34991,6242178.0
2014-09-01,1.802,1.81,1.793,1.804,28266,5093687.0
2014-09-02,1.803,1.829,1.801,1.828,39853,7231385.0
2014-09-03,1.828,1.848,1.828,1.842,49245,9073977.0
2014-09-04,1.843,1.857,1.838,1.856,55333,10218137.0
2014-09-05,1.856,1.885,1.856,1.881,68331,12768197.0
2014-09-09,1.88,1.881,1.87,1.873,67998,12741086.0
2014-09-10,1.872,1.872,1.861,1.864,31048,5785354.0
2014-09-11,1.864,1.888,1.86,1.866,41486,7758414.0
2014-09-12,1.861,1.875,1.856,1.873,40685,7590111.0
2014-09-15,1.873,1.88,1.864,1.875,60522,11332859.0
2014-09-16,1.878,1.887,1.85,1.851,45385,8504222.0
2014-09-17,1.853,1.855,1.84,1.851,30655,5661876.0
2014-09-18,1.851,1.876,1.843,1.856,48308,8977572.0
2014-09-19,1.854,1.88,1.853,1.879,34052,6352124.0
2014-09-22,1.866,1.866,1.842,1.844,34093,6316407.0
2014-09-23,1.844,1.86,1.844,1.855,35112,6509755.0
2014-09-24,1.85,1.885,1.846,1.881,56353,10529370.0
2014-09-25,1.887,1.899,1.875,1.885,40695,7690358.0
2014-09-26,1.87,1.889,1.87,1.882,13405,2521565.0
2014-09-29,1.88,1.897,1.88,1.897,33642,6358780.0
2014-09-30,1.898,1.903,1.895,1.903,22799,4330489.0
2014-10-08,1.9,1.912,1.893,1.91,41746,7946523.0
2014-10-09,1.91,1.916,1.901,1.911,54411,10385597.0
2014-10-10,1.91,1.91,1.892,1.898,31340,5956075.0
2014-10-13,1.89,1.89,1.87,1.884,31364,5882791.0
2014-10-14,1.882,1.908,1.876,1.886,37688,7127999.0
2014-10-15,1.886,1.892,1.872,1.892,38480,7245551.0
2014-10-16,1.889,1.91,1.879,1.888,47949,9103995.0
2014-10-17,1.885,1.894,1.86,1.884,38047,7132941.0
2014-10-20,1.881,1.893,1.88,1.893,51294,9665935.0
2014-10-21,1.893,1.893,1.875,1.878,27968,5277229.0
2014-10-22,1.876,1.882,1.868,1.869,49542,9298499.0
2014-10-23,1.868,1.868,1.842,1.845,39085,7257927.0
2014-10-24,1.845,1.851,1.841,1.844,31802,5870631.0
2014-10-27,1.843,1.843,1.822,1.83,33854,6209488.0
2014-10-28,1.832,1.861,1.832,1.861,33169,6111220.0
2014-10-29,1.862,1.898,1.862,1.891,49205,9233698.0
2014-10-30,1.89,1.926,1.885,1.919,70691,13512776.0
2014-10-31,1.925,1.967,1.921,1.964,87691,17050331.0
2014-11-03,1.965,1.974,1.956,1.965,52381,10288530.0
2014-11-04,1.961,1.97,1.952,1.963,34455,6764347.0
2014-11-05,1.969,1.975,1.95,1.963,38860,7645889.0
2014-11-06,1.962,1.965,1.945,1.964,29074,5680559.0
2014-11-07,1.964,1.993,1.956,1.963,42745,8436988.0
2014-11-10,1.966,2.016,1.966,2.015,72154,14422682.0
2014-11-11,2.031,2.049,1.986,2.02,79193,16076215.0
2014-11-12,2.002,2.04,1.991,2.039,49012,9893573.0
2014-11-13,2.045,2.054,2.025,2.034,63158,12901765.0
2014-11-14,2.033,2.034,2.013,2.027,34609,6993402.0
2014-11-17,2.045,2.063,2.025,2.029,58815,12002599.0
2014-11-18,2.024,2.029,1.998,2.004,49228,9886926.0
2014-11-19,1.998,2.004,1.992,1.996,39036,7804035.0
2014-11-20,1.99,2.0,1.983,1.998,35512,7077224.0
2014-11-21,1.998,2.039,1.988,2.03,49101,9823753.0
2014-11-24,2.044,2.076,2.03,2.062,98347,20204986.0
2014-11-25,2.062,2.099,2.057,2.099,84893,17623596.0
2014-11-26,2.099,2.118,2.098,2.117,70677,14894730.0
2014-11-27,2.118,2.134,2.109,2.124,67888,14395589.0
2014-11-28,2.124,2.179,2.111,2.178,98707,21188511.0
2014-12-01,2.184,2.213,2.182,2.188,77447,17010808.0
2014-12-02,2.186,2.27,2.17,2.256,106946,23675958.0
2014-12-03,2.257,2.3,2.215,2.258,92725,21027862.0
2014-12-04,2.262,2.358,2.248,2.352,133320,30689916.0
2014-12-05,2.359,2.419,2.28,2.367,157738,37131190.0
2014-12-08,2.341,2.45,2.32,2.432,168250,40199293.0
2014-12-09,2.418,2.51,2.33,2.337,168046,40947196.0
2014-12-10,2.34,2.423,2.292,2.421,131479,30923092.0
2014-12-11,2.4,2.459,2.385,2.416,73454,17754342.0
2014-12-12,2.415,2.43,2.388,2.405,58832,14183320.0
2014-12-15,2.404,2.42,2.366,2.412,86726,20706018.0
2014-12-16,2.401,2.46,2.39,2.459,106624,25876120.0
2014-12-17,2.462,2.52,2.439,2.499,131962,32768824.0
2014-12-18,2.498,2.516,2.464,2.495,108583,27100041.0
2014-12-19,2.491,2.59,2.481,2.59,167194,42473862.0
2014-12-22,2.598,2.684,2.59,2.631,185385,48949539.0
2014-12-23,2.62,2.625,2.512,2.531,211275,54299777.0
2014-12-24,2.518,2.535,2.43,2.457,151912,37559007.0
2014-12-25,2.461,2.55,2.459,2.547,88698,22260773.0
2014-12-26,2.556,2.61,2.533,2.603,154577,39955681.0
2014-12-29,2.618,2.645,2.555,2.592,134307,35154205.0
2014-12-30,2.584,2.612,2.541,2.564,130217,33538936.0
2014-12-31,2.57,2.635,2.563,2.625,156970,40821061.0
2015-01-05,2.628,2.766,2.626,2.746,225055,60941046.0
2015-01-06,2.73,2.799,2.695,2.741,266903,73328078.0
2015-01-07,2.73,2.74,2.698,2.731,117133,31808640.0
2015-01-08,2.73,2.734,2.66,2.668,311367,83675129.0
2015-01-09,2.662,2.755,2.63,2.651,135161,36352249.0
2015-01-12,2.657,2.657,2.566,2.597,150427,39064572.0
2015-01-13,2.589,2.609,2.581,2.6,75770,19667178.0
2015-01-14,2.606,2.629,2.586,2.591,65631,17129185.0
2015-01-15,2.591,2.671,2.582,2.667,79598,20931305.0
2015-01-16,2.67,2.715,2.668,2.692,78460,21153078.0
2015-01-19,2.62,2.62,2.431,2.446,221444,55832463.0
2015-01-20,2.43,2.446,2.382,2.426,150521,36389161.0
2015-01-21,2.426,2.543,2.426,2.527,101574,25250744.0
2015-01-22,2.53,2.54,2.505,2.528,79135,19956788.0
2015-01-23,2.531,2.564,2.518,2.525,109395,27780485.0
2015-01-26,2.527,2.558,2.51,2.556,50936,12880859.0
2015-01-27,2.55,2.554,2.493,2.537,61173,15466068.0
2015-01-28,2.531,2.545,2.507,2.519,34158,8617628.0
2015-01-29,2.51,2.51,2.473,2.495,61650,15380519.0
2015-01-30,2.497,2.516,2.468,2.477,74111,18479529.0
2015-02-02,2.468,2.468,2.4,2.406,67981,16415281.0
2015-02-03,2.41,2.445,2.402,2.442,54481,13176120.0
2015-02-04,2.449,2.465,2.422,2.423,49843,12196689.0
2015-02-05,2.47,2.499,2.38,2.386,80810,19688471.0
2015-02-06,2.378,2.378,2.312,2.325,80908,18974794.0
2015-02-09,2.323,2.346,2.3,2.326,79842,18531968.0
2015-02-10,2.318,2.376,2.318,2.373,85418,20085481.0
2015-02-11,2.385,2.388,2.37,2.378,38253,9109987.0
2015-02-12,2.38,2.386,2.359,2.383,36294,8616236.0
2015-02-13,2.387,2.436,2.387,2.41,44424,10715640.0
2015-02-16,2.413,2.421,2.402,2.419,83869,20272269.0
2015-02-17,2.419,2.448,2.419,2.442,104454,25420443.0
2015-02-25,2.448,2.453,2.42,2.429,44440,10859660.0
2015-02-26,2.427,2.505,2.427,2.503,74432,18384004.0
2015-02-27,2.5,2.513,2.49,2.503,66561,16654195.0
2015-03-02,2.511,2.53,2.5,2.527,157394,39465626.0
2015-03-03,2.526,2.526,2.494,2.495,103472,25974884.0
2015-03-04,2.495,2.507,2.481,2.498,56803,14179971.0
2015-03-05,2.495,2.498,2.445,2.468,61602,15204368.0
2015-03-06,2.471,2.483,2.46,2.466,52972,13093996.0
2015-03-09,2.43,2.539,2.43,2.538,82455,20581256.0
2015-03-10,2.535,2.541,2.502,2.524,70318,17777015.0
2015-03-11,2.529,2.559,2.515,2.535,101258,25736889.0
2015-03-12,2.54,2.6,2.54,2.59,136520,35203742.0
2015-03-13,2.6,2.625,2.592,2.606,76589,19988691.0
2015-03-16,2.616,2.657,2.61,2.656,85694,22624263.0
2015-03-17,2.665,2.7,2.663,2.699,117514,31546043.0
2015-03-18,2.706,2.786,2.706,2.785,621412,170223723.0
2015-03-19,2.785,2.8,2.77,2.782,168005,46824340.0
2015-03-20,2.79,2.826,2.782,2.818,98294,27553932.0
2015-03-23,2.828,2.877,2.828,2.876,102345,29236928.0
2015-03-24,2.875,2.912,2.822,2.899,163575,47064613.0
2015-03-25,2.88,2.9,2.864,2.882,72819,20985833.0
2015-03-26,2.868,2.912,2.836,2.865,80266,23093871.0
2015-03-27,2.866,2.896,2.85,2.886,56348,16191501.0
2015-03-30,2.89,2.972,2.89,2.971,86856,25547130.0
2015-03-31,2.981,2.998,2.928,2.935,80287,23822332.0
2015-04-01,2.934,2.998,2.931,2.981,72093,21406346.0
2015-04-02,3.0,3.024,2.97,3.023,99185,29752606.0
2015-04-03,3.02,3.078,3.0,3.075,81934,24985662.0
2015-04-07,3.1,3.199,3.1,3.181,103316,32604550.0
2015-04-08,3.183,3.232,3.152,3.231,123340,39506721.0
2015-04-09,3.231,3.26,3.145,3.221,122049,39036035.0
2015-04-10,3.209,3.294,3.182,3.292,467700,152282446.0
2015-04-13,3.33,3.338,3.286,3.33,98942,32799574.0
2015-04-14,3.302,3.375,3.29,3.346,85027,28365015.0
2015-04-15,3.343,3.375,3.3,3.321,84656,28265902.0
2015-04-16,3.28,3.394,3.246,3.393,113636,37884790.0
2015-04-17,3.42,3.479,3.415,3.455,122800,42294968.0
2015-04-20,3.425,3.474,3.344,3.35,169275,57599641.0
2015-04-21,3.36,3.419,3.335,3.412,101265,34196379.0
2015-04-22,3.422,3.518,3.422,3.517,85040,29615685.0
2015-04-23,3.53,3.555,3.5,3.527,97580,34417304.0
2015-04-24,3.51,3.51,3.42,3.471,100272,34788093.0
2015-04-27,3.475,3.545,3.475,3.542,116201,40886438.0
2015-04-28,3.54,3.55,3.45,3.475,102758,35972283.0
2015-04-29,3.471,3.5,3.434,3.478,55905,19361161.0
2015-04-30,3.488,3.515,3.47,3.477,51746,18085322.0
2015-05-04,3.476,3.53,3.447,3.527,76416,26756586.0
2015-05-05,3.527,3.545,3.35,3.374,107381,36903631.0
2015-05-06,3.369,3.42,3.266,3.299,77873,26197275.0
2015-05-07,3.29,3.29,3.183,3.191,111297,35885856.0
2015-05-08,3.195,3.268,3.186,3.258,80036,25826235.0
2015-05-11,3.271,3.369,3.25,3.369,148982,49224887.0
2015-05-12,3.369,3.416,3.36,3.412,64308,21809135.0
2015-05-13,3.41,3.415,3.375,3.383,70371,23907766.0
2015-05-14,3.374,3.417,3.361,3.398,89521,30389047.0
2015-05-15,3.382,3.384,3.32,3.349,56878,19063137.0
2015-05-18,3.338,3.355,3.3,3.307,72639,24202865.0
2015-05-19,3.3,3.418,3.3,3.413,87553,29627360.0
2015-05-20,3.419,3.503,3.419,3.431,81967,28371822.0
2015-05-21,3.433,3.53,3.433,3.527,88492,30847584.0
2015-05-22,3.561,3.618,3.546,3.616,116330,41742427.0
2015-05-25,3.624,3.743,3.612,3.742,90649,33534068.0
2015-05-26,3.77,3.795,3.684,3.794,114046,42823729.0
2015-05-27,3.864,3.864,3.745,3.794,248928,94528137.0
2015-05-28,3.779,3.822,3.539,3.57,131961,48837735.0
2015-05-29,3.545,3.66,3.391,3.533,119273,41990026.0
2015-06-01,3.514,3.802,3.514,3.785,90254,33094729.0
2015-06-02,3.79,3.845,3.74,3.84,109897,41658881.0
2015-06-03,3.839,3.84,3.757,3.822,129285,49185521.0
2015-06-04,3.81,3.88,3.666,3.874,158974,60410654.0
2015-06-05,3.91,4.039,3.885,3.96,142792,56459493.0
2015-06-08,3.99,4.079,3.954,4.053,319612,128408359.0
2015-06-09,4.054,4.07,3.995,4.067,388574,156787952.0
2015-06-10,4.04,4.09,3.986,4.055,184069,74533933.0
2015-06-11,4.053,4.058,4.01,4.046,130846,52799233.0
2015-06-12,4.049,4.159,4.049,4.154,141438,58275212.0
2015-06-15,4.154,4.208,4.126,4.132,463373,193105506.0
2015-06-16,4.1,4.121,3.936,3.975,345407,139362694.0
2015-06-17,3.952,4.075,3.86,4.069,165879,65943223.0
2015-06-18,4.07,4.097,3.96,3.98,2381704,965855162.0
2015-06-19,3.968,3.968,3.69,3.699,520726,199715455.0
2015-06-23,3.7,3.755,3.503,3.755,1136071,417055802.0
2015-06-24,3.766,3.865,3.75,3.865,2077599,793397679.0
2015-06-25,3.86,3.89,3.695,3.738,3154123,1196753236.0
2015-06-26,3.695,3.695,3.364,3.368,4648611,1649760096.0
2015-06-29,3.48,3.533,3.154,3.339,5932277,2003161293.0
2015-06-30,3.369,3.55,3.178,3.546,3719665,1277069748.0
2015-07-01,3.52,3.56,3.3,3.314,4512503,1566974318.0
2015-07-02,3.314,3.348,3.109,3.161,3310388,1073437687.0
2015-07-03,3.145,3.19,2.93,2.94,1355161,413990907.0
2015-07-06,3.234,3.234,2.906,3.05,504436,153619028.0
2015-07-07,3.048,3.048,2.795,2.942,432091,128612504.0
2015-07-08,2.648,2.9,2.648,2.648,199418,54212998.0
2015-07-09,2.6,2.913,2.6,2.913,171718,48706866.0
2015-07-10,3.03,3.204,3.02,3.204,238584,74518800.0
2015-07-13,3.338,3.395,3.15,3.393,448721,146713195.0
2015-07-14,3.33,3.372,3.18,3.23,990930,325950564.0
2015-07-15,3.199,3.23,3.044,3.055,201219,63325354.0
2015-07-16,3.002,3.17,3.001,3.098,410248,127884727.0
2015-07-17,3.105,3.255,3.105,3.238,1997334,638762344.0
2015-07-20,3.21,3.269,3.18,3.225,2054326,662706272.0
2015-07-21,3.195,3.28,3.17,3.256,1586152,514928220.0
2015-07-22,3.252,3.269,3.197,3.236,1249970,403714010.0
2015-07-23,3.237,3.326,3.222,3.325,926017,305588737.0
2015-07-24,3.31,3.36,3.25,3.259,1676050,555548092.0
2015-07-27,3.215,3.245,2.934,2.956,1422593,449559671.0
2015-07-28,2.918,3.044,2.85,2.97,2144908,632622982.0
2015-07-29,2.978,3.114,2.966,3.094,825476,247316495.0
2015-07-30,3.105,3.136,3.03,3.03,934782,289027997.0
2015-07-31,3.0,3.09,2.986,3.018,180180,54462674.0
2015-08-03,3.006,3.1,2.98,3.099,155401,46904518.0
2015-08-04,3.07,3.179,3.057,3.157,183655,56996382.0
2015-08-05,3.173,3.178,3.09,3.09,205951,64615841.0
2015-08-06,3.069,3.1,3.04,3.06,144482,44391067.0
2015-08-07,3.066,3.138,3.066,3.12,207972,64834657.0
2015-08-10,3.136,3.28,3.136,3.264,114173,36575949.0
2015-08-11,3.256,3.286,3.221,3.248,172479,56062423.0
2015-08-12,3.221,3.248,3.196,3.197,247203,79467713.0
2015-08-13,3.2,3.242,3.145,3.241,306501,98040048.0
2015-08-14,3.268,3.273,3.218,3.238,180627,58558257.0
2015-08-17,3.21,3.266,3.186,3.265,441984,142397949.0
2015-08-18,3.268,3.289,2.953,3.103,666317,212683447.0
2015-08-19,3.022,3.137,2.9,3.12,1168034,354948877.0
2015-08-20,3.085,3.085,3.01,3.013,320951,98142080.0
2015-08-21,2.997,3.005,2.854,2.879,673990,197286510.0
2015-08-24,2.83,2.83,2.591,2.591,124910,33068579.0
2015-08-25,2.41,2.522,2.344,2.354,352755,87079768.0
2015-08-26,2.45,2.5,2.305,2.373,2179177,526980728.0
2015-08-27,2.395,2.53,2.395,2.526,1329799,323983418.0
2015-08-28,2.533,2.653,2.533,2.648,1299521,336986230.0
2015-08-31,2.6,2.66,2.56,2.638,1213666,314698540.0
2015-09-01,2.63,2.64,2.523,2.63,1242515,321555331.0
2015-09-02,2.588,2.675,2.522,2.65,1094737,284585424.0
2015-09-07,2.625,2.71,2.5,2.568,844364,221649977.0
2015-09-08,2.56,2.65,2.503,2.645,146131,37723352.0
2015-09-09,2.65,2.88,2.63,2.7,130831,35123453.0
2015-09-10,2.668,2.688,2.64,2.648,43602,11614307.0
2015-09-11,2.64,2.668,2.598,2.644,14491,3827386.0
2015-09-14,2.65,2.664,2.544,2.545,29102,7530433.0
2015-09-15,2.53,2.532,2.455,2.463,33940,8433599.0
2015-09-16,2.464,2.649,2.46,2.603,34758,8805926.0
2015-09-17,2.514,2.611,2.514,2.526,63408,16426966.0
2015-09-18,2.555,2.57,2.511,2.527,9471,2396719.0
2015-09-21,2.506,2.56,2.501,2.558,10609,2698825.0
2015-09-22,2.559,2.586,2.559,2.576,18904,4865780.0
2015-09-23,2.566,2.566,2.54,2.554,8754,2230858.0
2015-09-24,2.539,2.56,2.5,2.556,6650,1691306.0
2015-09-25,2.55,2.556,2.491,2.517,9958,2505953.0
2015-09-28,2.496,2.518,2.496,2.51,12494,3134277.0
2015-09-29,2.501,2.509,2.475,2.478,6935,1726571.0
2015-09-30,2.485,2.499,2.478,2.491,3820,951275.0
2015-10-08,2.566,2.57,2.531,2.555,29498,7542082.0
2015-10-09,2.552,2.58,2.545,2.578,32384,8314787.0
2015-10-12,2.578,2.68,2.577,2.661,29743,7855107.0
2015-10-13,2.661,2.667,2.65,2.658,12057,3205101.0
2015-10-14,2.667,2.667,2.631,2.64,12671,3357482.0
2015-10-15,2.633,2.7,2.632,2.693,17177,4595383.0
2015-10-16,2.68,2.75,2.68,2.731,28244,7692465.0
2015-10-19,2.734,2.77,2.724,2.738,19645,5393375.0
2015-10-20,2.76,2.762,2.732,2.76,11496,3156357.0
2015-10-21,2.75,2.782,2.67,2.678,17161,4692428.0
2015-10-22,2.683,2.72,2.65,2.718,14212,3824209.0
2015-10-23,2.719,2.77,2.701,2.757,11778,3234153.0
2015-10-26,2.775,2.796,2.77,2.78,18377,5110943.0
2015-10-27,2.776,2.79,2.73,2.788,11993,3307222.0
2015-10-28,2.78,2.79,2.755,2.756,7502,2078494.0
2015-10-29,2.763,2.77,2.741,2.75,6562,1808297.0
2015-10-30,2.75,2.76,2.736,2.75,4444,1222403.0
2015-11-02,2.75,2.756,2.716,2.73,5400,1475993.0
2015-11-03,2.734,2.734,2.694,2.699,9277,2512780.0
2015-11-04,2.7,2.79,2.697,2.786,19523,5383930.0
2015-11-05,2.797,2.888,2.78,2.839,34620,9841117.0
2015-11-06,2.841,2.9,2.84,2.886,26342,7564782.0
2015-11-09,2.901,3.03,2.901,2.945,50466,14846893.0
2015-11-10,2.937,2.954,2.911,2.935,40767,11940151.0
2015-11-11,2.92,2.955,2.9,2.932,14517,4264299.0
2015-11-12,2.932,2.939,2.9,2.9,16085,4679709.0
2015-11-13,2.9,2.9,2.876,2.877,7911,2284291.0
2015-11-16,2.856,2.886,2.846,2.886,7555,2164801.0
2015-11-17,2.896,2.94,2.896,2.902,16141,4713183.0
2015-11-18,2.901,2.901,2.876,2.877,6896,1989393.0
2015-11-19,2.88,2.909,2.872,2.906,6089,1760512.0
2015-11-20,2.906,2.91,2.887,2.898,8365,2426343.0
2015-11-23,2.89,2.923,2.878,2.893,18298,5319849.0
2015-11-24,2.893,2.9,2.857,2.889,8427,2423746.0
2015-11-25,2.88,2.925,2.861,2.918,18587,5393794.0
2015-11-26,2.926,2.947,2.912,2.915,17698,5183003.0
2015-11-27,2.91,2.91,2.781,2.832,13899,3968441.0
2015-11-30,2.8,2.82,2.741,2.799,15940,4425324.0
2015-12-01,2.799,2.799,2.76,2.778,9073,2514607.0
2015-12-02,2.779,2.865,2.762,2.851,13221,3728378.0
2015-12-03,2.852,2.882,2.833,2.88,9429,2701363.0
2015-12-04,2.86,2.878,2.82,2.831,9059,2569846.0
2015-12-07,2.831,2.847,2.803,2.825,3324,939998.0
2015-12-08,2.82,2.82,2.78,2.79,6726,1877220.0
2015-12-09,2.777,2.788,2.768,2.785,5471,1520136.0
2015-12-10,2.785,2.805,2.768,2.771,4183,1167020.0
2015-12-11,2.766,2.779,2.744,2.753,5849,1610122.0
2015-12-14,2.752,2.809,2.716,2.806,8443,2331744.0
2015-12-15,2.805,2.805,2.78,2.788,4487,1254296.0
2015-12-16,2.79,2.805,2.78,2.78,5284,1476522.0
2015-12-17,2.796,2.85,2.796,2.834,16344,4616008.0
2015-12-18,2.834,2.858,2.826,2.835,10176,2890264.0
2015-12-21,2.835,2.92,2.826,2.91,32396,9350020.0
2015-12-22,2.917,2.928,2.902,2.909,12672,3697162.0
2015-12-23,2.915,2.95,2.909,2.927,18158,5326153.0
2015-12-24,2.928,2.928,2.867,2.896,14670,4237919.0
2015-12-25,2.896,2.905,2.89,2.899,6381,1849837.0
2015-12-28,2.9,2.94,2.83,2.836,27075,7801677.0
2015-12-29,2.839,2.87,2.828,2.849,11724,3324353.0
2015-12-30,2.859,2.859,2.84,2.85,4361,1241588.0
2015-12-31,2.865,2.866,2.84,2.853,5810,1658482.0
2016-01-04,2.856,2.861,2.716,2.726,18759,5211335.0
2016-01-05,2.72,2.72,2.61,2.686,32963,8854757.0
2016-01-06,2.71,2.729,2.68,2.729,19749,5319855.0
2016-01-07,2.686,2.718,2.563,2.595,3125,824288.0
2016-01-08,2.6,2.709,2.56,2.631,46185,12100782.0
2016-01-11,2.62,2.62,2.528,2.537,22843,5866017.0
2016-01-12,2.54,2.568,2.462,2.491,20223,5057017.0
2016-01-13,2.502,2.516,2.47,2.47,12363,3083331.0
2016-01-14,2.448,2.5,2.402,2.496,19673,4841339.0
2016-01-15,2.46,2.49,2.398,2.416,24392,5943999.0
2016-01-18,2.41,2.421,2.375,2.406,15214,3656345.0
2016-01-19,2.412,2.478,2.4,2.477,19561,4782421.0
2016-01-20,2.438,2.438,2.367,2.387,21453,5139587.0
2016-01-21,2.375,2.401,2.325,2.337,12372,2918842.0
2016-01-22,2.335,2.355,2.317,2.35,14661,3424707.0
2016-01-25,2.355,2.371,2.349,2.364,6693,1579848.0
2016-01-26,2.364,2.364,2.2,2.23,23712,5431002.0
2016-01-27,2.225,2.238,2.15,2.206,22189,4879543.0
2016-01-28,2.205,2.217,2.166,2.175,8145,1784895.0
2016-01-29,2.177,2.23,2.17,2.22,12378,2734187.0
2016-02-01,2.221,2.227,2.169,2.183,10680,2343392.0
2016-02-02,2.182,2.227,2.182,2.222,8100,1793397.0
2016-02-03,2.208,2.215,2.188,2.211,6106,1345410.0
2016-02-04,2.217,2.239,2.217,2.232,14706,3275060.0
2016-02-05,2.249,2.249,2.222,2.232,9068,2025700.0
2016-02-15,2.2,2.227,2.188,2.213,9218,2029679.0
2016-02-16,2.229,2.269,2.229,2.269,11915,2689238.0
2016-02-17,2.264,2.29,2.26,2.288,8805,2004299.0
2016-02-18,2.3,2.308,2.29,2.292,10932,2514312.0
2016-02-19,2.292,2.299,2.28,2.293,12105,2772532.0
2016-02-22,2.3,2.34,2.3,2.335,14785,3439142.0
2016-02-23,2.338,2.338,2.3,2.314,5356,1239350.0
2016-02-24,2.315,2.333,2.301,2.323,8617,1993868.0
2016-02-25,2.318,2.322,2.189,2.231,16951,3827819.0
2016-02-26,2.234,2.25,2.178,2.225,26234,5795307.0
2016-02-29,2.225,2.225,2.148,2.185,28920,6276187.0
2016-03-01,2.201,2.22,2.182,2.207,14022,3082687.0
2016-03-02,2.218,2.313,2.218,2.312,24589,5605159.0
2016-03-03,2.329,2.329,2.307,2.311,12898,2990041.0
2016-03-04,2.319,2.36,2.29,2.34,25287,5874425.0
2016-03-07,2.359,2.37,2.342,2.352,13097,3087700.0
2016-03-08,2.351,2.352,2.3,2.346,8522,1978613.0
2016-03-09,2.345,2.345,2.3,2.318,6378,1480817.0
2016-03-10,2.328,2.349,2.303,2.306,4430,1028434.0
2016-03-11,2.305,2.315,2.284,2.308,6723,1543173.0
2016-03-14,2.31,2.355,2.309,2.329,23100,5394640.0
2016-03-15,2.33,2.334,2.304,2.329,13020,3017178.0
2016-03-16,2.329,2.362,2.329,2.341,12952,3040258.0
2016-03-17,2.343,2.383,2.341,2.366,10633,2515387.0
2016-03-18,2.38,2.405,2.369,2.4,9886,2363614.0
2016-03-21,2.406,2.432,2.406,2.424,22966,5561068.0
2016-03-22,2.424,2.424,2.41,2.418,9266,2239697.0
2016-03-23,2.416,2.426,2.39,2.409,20885,5037864.0
2016-03-24,2.4,2.404,2.378,2.379,18398,4388634.0
2016-03-25,2.379,2.399,2.375,2.382,5597,1332326.0
2016-03-28,2.383,2.426,2.362,2.383,13907,3327913.0
2016-03-29,2.37,2.378,2.338,2.341,9028,2122642.0
2016-03-30,2.345,2.406,2.345,2.404,12936,3077069.0
2016-03-31,2.412,2.419,2.39,2.404,16797,4035991.0
2016-04-01,2.405,2.408,2.381,2.408,7250,1736124.0
2016-04-05,2.408,2.448,2.399,2.447,25746,6254499.0
2016-04-06,2.43,2.448,2.43,2.438,9078,2213681.0
2016-04-07,2.438,2.449,2.418,2.418,8630,2096659.0
2016-04-08,2.408,2.41,2.398,2.409,7950,1910455.0
2016-04-11,2.408,2.446,2.408,2.436,18512,4505539.0
2016-04-12,2.436,2.436,2.418,2.425,8752,2120609.0
2016-04-13,2.431,2.482,2.4,2.467,29674,7280991.0
2016-04-14,2.471,2.48,2.455,2.47,12452,3071031.0
2016-04-15,2.479,2.479,2.459,2.468,9718,2395905.0
2016-04-18,2.465,2.465,2.435,2.451,6165,1506979.0
2016-04-19,2.453,2.463,2.433,2.446,9704,2373404.0
2016-04-20,2.45,2.601,2.361,2.409,38572,9345116.0
2016-04-21,2.408,2.432,2.383,2.417,22592,5452553.0
2016-04-22,2.416,2.416,2.391,2.416,9551,2296361.0
2016-04-25,2.416,2.416,2.385,2.4,3981,953910.0
2016-04-26,2.409,2.42,2.4,2.412,8265,1989453.0
2016-04-27,2.426,2.426,2.412,2.416,11626,2807790.0
2016-04-28,2.42,2.429,2.39,2.41,7339,1766409.0
2016-04-29,2.411,2.411,2.4,2.406,10730,2580417.0
2016-05-03,2.418,2.435,2.395,2.432,15300,3707678.0
2016-05-04,2.432,2.432,2.411,2.424,6355,1537260.0
2016-05-05,2.423,2.423,2.404,2.415,4225,1019183.0
2016-05-06,2.415,2.418,2.361,2.374,15094,3608805.0
2016-05-09,2.379,2.379,2.291,2.304,26990,6253104.0
2016-05-10,2.302,2.33,2.29,2.295,11440,2629378.0
2016-05-11,2.302,2.308,2.288,2.296,9639,2216418.0
2016-05-12,2.296,2.317,2.274,2.305,8194,1878520.0
2016-05-13,2.297,2.316,2.297,2.306,8201,1890239.0
2016-05-16,2.302,2.316,2.297,2.316,11115,2564132.0
2016-05-17,2.317,2.324,2.309,2.318,8071,1868865.0
2016-05-18,2.317,2.317,2.277,2.3,18399,4211520.0
2016-05-19,2.297,2.308,2.284,2.292,4559,1049459.0
2016-05-20,2.29,2.299,2.287,2.294,4266,977574.0
2016-05-23,2.306,2.32,2.3,2.305,4995,1154355.0
2016-05-24,2.307,2.307,2.29,2.299,4468,1025506.0
2016-05-25,2.307,2.31,2.297,2.297,4732,1089265.0
2016-05-26,2.304,2.304,2.282,2.297,10398,2378873.0
2016-05-27,2.297,2.309,2.216,2.302,3586,823845.0
2016-05-30,2.297,2.32,2.291,2.311,8931,2057496.0
2016-05-31,2.311,2.38,2.311,2.377,20617,4857723.0
2016-06-01,2.383,2.383,2.346,2.371,9972,2361783.0
2016-06-02,2.377,2.377,2.362,2.371,4626,1095576.0
2016-06-03,2.371,2.379,2.365,2.375,4987,1183480.0
2016-06-06,2.381,2.381,2.372,2.376,4630,1100467.0
2016-06-07,2.381,2.382,2.37,2.376,4269,1014145.0
2016-06-08,2.381,2.381,2.362,2.364,11786,2789346.0
2016-06-13,2.364,2.364,2.31,2.312,11161,2613104.0
2016-06-14,2.314,2.326,2.3,2.318,5936,1373204.0
2016-06-15,2.317,2.34,2.31,2.338,8108,1885321.0
2016-06-16,2.338,2.339,2.32,2.321,11287,2631291.0
2016-06-17,2.321,2.345,2.321,2.334,7918,1852791.0
2016-06-20,2.344,2.348,2.33,2.34,6938,1620615.0
2016-06-21,2.341,2.356,2.339,2.34,16381,3846631.0
2016-06-22,2.35,2.379,2.339,2.37,13064,3065828.0
2016-06-23,2.364,2.364,2.347,2.348,7768,1827299.0
2016-06-24,2.35,2.356,2.313,2.327,13896,3244458.0
2016-06-27,2.318,2.35,2.29,2.348,19790,4606729.0
2016-06-28,2.343,2.347,2.329,2.344,12659,2954066.0
2016-06-29,2.35,2.36,2.35,2.358,7543,1778203.0
2016-06-30,2.36,2.378,2.358,2.366,8898,2104766.0
2016-07-01,2.37,2.381,2.366,2.372,9945,2361455.0
2016-07-04,2.375,2.42,2.372,2.411,19071,4571153.0
2016-07-05,2.411,2.428,2.41,2.424,12223,2958334.0
2016-07-06,2.422,2.422,2.408,2.416,8043,1941038.0
2016-07-07,2.417,2.42,2.409,2.418,5356,1293838.0
2016-07-08,2.412,2.418,2.407,2.408,7737,1865538.0
2016-07-11,2.408,2.43,2.408,2.418,14203,3439299.0
2016-07-12,2.425,2.478,2.408,2.476,20044,4916432.0
2016-07-13,2.476,2.507,2.476,2.491,10708,2671119.0
2016-07-14,2.491,2.495,2.478,2.483,7297,1813573.0
2016-07-15,2.482,2.5,2.482,2.49,12873,3208199.0
2016-07-18,2.489,2.503,2.484,2.499,10982,2739981.0
2016-07-19,2.499,2.499,2.476,2.485,14475,3600392.0
2016-07-20,2.485,2.493,2.48,2.486,6233,1550329.0
2016-07-21,2.486,2.508,2.486,2.503,7546,1885407.0
2016-07-22,2.502,2.503,2.479,2.486,9344,2326190.0
2016-07-25,2.493,2.495,2.476,2.491,6038,1503727.0
2016-07-26,2.49,2.52,2.489,2.52,14022,3513424.0
2016-07-27,2.524,2.535,2.47,2.498,22264,5566049.0
2016-07-28,2.49,2.528,2.482,2.516,12975,3254100.0
2016-07-29,2.519,2.535,2.515,2.525,11301,2857710.0
2016-08-01,2.53,2.53,2.492,2.509,18163,4544094.0
2016-08-02,2.518,2.518,2.493,2.511,11114,2782255.0
2016-08-03,2.511,2.514,2.499,2.508,6346,1591262.0
2016-08-04,2.509,2.514,2.5,2.508,7076,1771120.0
2016-08-05,2.508,2.524,2.508,2.52,7767,1954344.0
2016-08-08,2.52,2.532,2.505,2.532,10047,2534728.0
2016-08-09,2.532,2.558,2.532,2.557,12322,3142038.0
2016-08-10,2.557,2.578,2.55,2.554,23468,6021893.0
2016-08-11,2.555,2.581,2.545,2.545,45704,11692984.0
2016-08-12,2.545,2.604,2.545,2.598,39275,10131166.0
2016-08-15,2.603,2.679,2.603,2.657,96324,25499058.0
2016-08-16,2.66,2.675,2.628,2.633,77969,20688436.0
2016-08-17,2.635,2.655,2.628,2.644,20115,5309768.0
2016-08-18,2.644,2.655,2.629,2.631,20506,5419423.0
2016-08-19,2.631,2.645,2.62,2.641,17213,4524984.0
2016-08-22,2.643,2.644,2.62,2.629,9325,2455309.0
2016-08-23,2.629,2.635,2.618,2.626,10231,2687578.0
2016-08-24,2.633,2.638,2.613,2.619,20458,5360894.0
2016-08-25,2.617,2.619,2.59,2.606,13889,3614399.0
2016-08-26,2.608,2.619,2.596,2.603,7748,2021057.0
2016-08-29,2.603,2.609,2.592,2.607,4281,1113652.0
2016-08-30,2.606,2.619,2.6,2.604,13867,3614762.0
2016-08-31,2.605,2.624,2.602,2.617,10752,2806268.0
2016-09-01,2.622,2.622,2.601,2.602,16533,4314856.0
2016-09-02,2.604,2.613,2.591,2.609,7691,2000520.0
2016-09-05,2.609,2.625,2.609,2.622,39740,10402521.0
2016-09-06,2.623,2.632,2.615,2.631,18607,4884064.0
2016-09-07,2.631,2.65,2.631,2.638,19914,5260104.0
2016-09-08,2.638,2.645,2.629,2.637,16933,4456995.0
2016-09-09,2.637,2.645,2.629,2.63,20877,5503245.0
2016-09-12,2.625,2.625,2.559,2.569,43142,11137298.0
2016-09-13,2.574,2.602,2.56,2.568,22869,5875614.0
2016-09-14,2.567,2.567,2.552,2.557,17006,4348861.0
2016-09-19,2.56,2.576,2.56,2.571,14313,3675760.0
2016-09-20,2.572,2.575,2.56,2.573,12986,3335441.0
2016-09-21,2.573,2.582,2.573,2.579,16482,4248143.0
2016-09-22,2.587,2.61,2.586,2.6,15047,3910426.0
2016-09-23,2.606,2.61,2.583,2.591,7439,1930047.0
2016-09-26,2.583,2.586,2.554,2.557,12940,3324029.0
2016-09-27,2.552,2.559,2.539,2.554,19672,5014724.0
2016-09-28,2.563,2.563,2.548,2.551,7124,1818494.0
2016-09-29,2.553,2.567,2.553,2.561,8160,2090628.0
2016-09-30,2.56,2.57,2.558,2.57,10238,2625238.0
2016-10-10,2.57,2.61,2.57,2.6,24070,6234101.0
2016-10-11,2.601,2.607,2.596,2.604,14861,3865606.0
2016-10-12,2.603,2.603,2.593,2.597,8710,2261490.0
2016-10-13,2.597,2.61,2.596,2.609,12039,3134957.0
2016-10-14,2.609,2.61,2.596,2.609,11489,2989620.0
2016-10-17,2.619,2.619,2.59,2.594,18260,4754963.0
2016-10-18,2.594,2.626,2.592,2.625,19396,5061887.0
2016-10-19,2.625,2.64,2.623,2.626,12525,3295526.0
2016-10-20,2.625,2.63,2.62,2.625,17387,4565811.0
2016-10-21,2.628,2.648,2.625,2.643,21400,5638870.0
2016-10-24,2.643,2.686,2.643,2.679,33356,8910686.0
2016-10-25,2.679,2.682,2.67,2.679,17574,4702240.0
2016-10-26,2.676,2.679,2.655,2.658,38271,10193640.0
2016-10-27,2.66,2.661,2.646,2.658,20071,5327524.0
2016-10-28,2.658,2.667,2.645,2.65,18777,4990079.0
2016-10-31,2.657,2.657,2.634,2.644,14491,3827374.0
2016-11-01,2.645,2.658,2.642,2.657,13076,3465537.0
2016-11-02,2.658,2.658,2.634,2.639,62824,16621080.0
2016-11-03,2.635,2.662,2.63,2.656,30451,8061477.0
2016-11-04,2.656,2.669,2.65,2.653,46616,12401516.0
2016-11-07,2.652,2.678,2.65,2.665,65946,17566954.0
2016-11-08,2.676,2.685,2.665,2.677,53010,14186013.0
2016-11-09,2.677,2.677,2.638,2.658,111692,29767092.0
2016-11-10,2.661,2.696,2.661,2.691,25715,6918911.0
2016-11-11,2.695,2.713,2.689,2.708,33088,8939339.0
2016-11-14,2.707,2.728,2.7,2.714,34351,9331061.0
2016-11-15,2.714,2.715,2.7,2.705,13755,3721724.0
2016-11-16,2.706,2.714,2.701,2.711,19666,5322553.0
2016-11-17,2.71,2.718,2.699,2.715,16790,4545628.0
2016-11-18,2.714,2.726,2.705,2.707,14235,3866139.0
2016-11-21,2.709,2.749,2.707,2.732,28154,7675888.0
2016-11-22,2.736,2.761,2.732,2.759,25385,6974265.0
2016-11-23,2.759,2.784,2.755,2.764,32897,9114963.0
2016-11-24,2.765,2.784,2.759,2.77,18632,5161260.0
2016-11-25,2.771,2.801,2.761,2.8,34930,9734237.0
2016-11-28,2.803,2.842,2.803,2.82,53157,15033326.0
2016-11-29,2.824,2.866,2.809,2.832,63530,18047991.0
2016-11-30,2.832,2.832,2.79,2.796,42766,11997408.0
2016-12-01,2.796,2.831,2.796,2.828,57979,16360079.0
2016-12-02,2.822,2.838,2.797,2.808,40116,11285694.0
2016-12-05,2.8,2.8,2.765,2.772,34505,9578740.0
2016-12-06,2.76,2.789,2.76,2.765,20608,5710920.0
2016-12-07,2.767,2.778,2.752,2.777,19899,5501537.0
2016-12-08,2.778,2.789,2.778,2.784,13483,3752896.0
2016-12-09,2.785,2.816,2.775,2.808,37496,10492900.0
2016-12-12,2.805,2.811,2.741,2.759,83382,23051565.0
2016-12-13,2.748,2.753,2.722,2.742,33132,9074559.0
2016-12-14,2.738,2.753,2.727,2.727,34088,9332214.0
2016-12-15,2.727,2.727,2.667,2.675,60021,16144023.0
2016-12-16,2.688,2.688,2.67,2.68,23762,6362763.0
2016-12-19,2.68,2.687,2.672,2.676,16824,4507636.0
2016-12-20,2.679,2.679,2.64,2.655,44811,11878670.0
2016-12-21,2.659,2.684,2.659,2.682,23388,6252455.0
2016-12-22,2.683,2.691,2.676,2.687,20105,5394974.0
2016-12-23,2.688,2.688,2.655,2.659,26201,6982090.0
2016-12-26,2.662,2.67,2.633,2.669,32619,8622012.0
2016-12-27,2.67,2.675,2.665,2.668,15132,4039033.0
2016-12-28,2.668,2.671,2.65,2.656,20904,5559949.0
2016-12-29,2.655,2.663,2.651,2.657,52458,13948719.0
2016-12-30,2.658,2.666,2.654,2.663,49625,13205606.0
2017-01-03,2.666,2.692,2.666,2.687,28854,7749880.0
2017-01-04,2.69,2.711,2.685,2.707,26788,7236641.0
2017-01-05,2.71,2.713,2.701,2.71,21096,5712043.0
2017-01-06,2.713,2.72,2.701,2.709,23733,6431743.0
2017-01-09,2.709,2.721,2.705,2.72,20684,5615277.0
2017-01-10,2.718,2.721,2.706,2.711,24137,6546913.0
2017-01-11,2.711,2.711,2.691,2.694,21484,5801891.0
2017-01-12,2.695,2.699,2.682,2.686,39648,10681488.0
2017-01-13,2.686,2.695,2.677,2.695,33705,9050161.0
2017-01-16,2.695,2.729,2.674,2.722,60002,16151911.0
2017-01-17,2.706,2.72,2.705,2.72,17933,4865490.0
2017-01-18,2.719,2.737,2.716,2.733,27507,7508571.0
2017-01-19,2.733,2.744,2.725,2.725,32097,8779497.0
2017-01-20,2.727,2.746,2.727,2.744,19393,5314239.0
2017-01-23,2.73,2.73,2.649,2.652,43516,11587998.0
2017-01-24,2.654,2.669,2.65,2.666,20258,5388080.0
2017-01-25,2.668,2.675,2.661,2.672,23480,6268663.0
2017-01-26,2.673,2.686,2.673,2.676,76698,20548556.0
2017-02-03,2.684,2.684,2.657,2.658,44489,11851713.0
2017-02-06,2.656,2.669,2.655,2.662,43242,11500421.0
2017-02-07,2.667,2.67,2.655,2.661,30753,8177797.0
2017-02-08,2.662,2.669,2.648,2.668,31501,8369216.0
2017-02-09,2.668,2.683,2.666,2.678,40625,10871263.0
2017-02-10,2.678,2.7,2.678,2.694,59560,16015026.0
2017-02-13,2.698,2.709,2.694,2.704,51957,14044576.0
2017-02-14,2.704,2.706,2.693,2.7,34934,9425942.0
2017-02-15,2.7,2.725,2.7,2.705,178632,48539844.0
2017-02-16,2.704,2.718,2.704,2.717,121959,33069769.0
2017-02-17,2.717,2.72,2.696,2.699,141900,38419639.0
2017-02-20,2.698,2.735,2.698,2.735,52474,14297248.0
2017-02-21,2.736,2.752,2.734,2.741,36953,10134041.0
2017-02-22,2.74,2.757,2.735,2.755,104857,28803638.0
2017-02-23,2.751,2.757,2.7,2.742,74025,20313233.0
2017-02-24,2.742,2.745,2.728,2.739,41984,11483220.0
2017-02-27,2.738,2.738,2.718,2.722,49388,13487510.0
2017-02-28,2.71,2.733,2.71,2.73,63060,17181207.0
2017-03-01,2.734,2.741,2.726,2.731,144116,39405081.0
2017-03-02,2.732,2.736,2.712,2.715,81822,22294964.0
2017-03-03,2.715,2.716,2.701,2.712,53701,14553106.0
2017-03-06,2.71,2.723,2.71,2.721,85821,23338175.0
2017-03-07,2.72,2.72,2.709,2.718,63545,17242137.0
2017-03-08,2.717,2.719,2.71,2.713,50808,13792307.0
2017-03-09,2.712,2.712,2.689,2.694,90065,24263836.0
2017-03-10,2.696,2.698,2.688,2.694,55210,14866557.0
2017-03-13,2.693,2.722,2.686,2.72,46608,12618692.0
2017-03-14,2.721,2.726,2.714,2.724,42453,11559473.0
2017-03-15,2.722,2.73,2.711,2.729,57136,15563093.0
2017-03-16,2.73,2.745,2.73,2.738,129831,35538441.0
2017-03-17,2.74,2.74,2.703,2.709,104197,28397349.0
2017-03-20,2.718,2.735,2.708,2.728,98481,26783146.0
2017-03-21,2.726,2.737,2.718,2.736,58874,16059948.0
2017-03-22,2.73,2.731,2.712,2.715,46380,12612032.0
2017-03-23,2.716,2.734,2.709,2.717,42540,11584266.0
2017-03-24,2.72,2.752,2.718,2.746,61661,16864482.0
2017-03-27,2.747,2.765,2.746,2.751,48711,13418753.0
2017-03-28,2.751,2.752,2.733,2.738,33452,9168879.0
2017-03-29,2.738,2.747,2.729,2.736,28901,7910251.0
2017-03-30,2.731,2.74,2.713,2.73,40915,11144809.0
2017-03-31,2.735,2.753,2.729,2.751,43225,11868504.0
2017-04-05,2.76,2.784,2.76,2.783,63224,17553005.0
2017-04-06,2.784,2.791,2.779,2.787,65420,18205908.0
2017-04-07,2.787,2.793,2.776,2.792,59343,16528160.0
2017-04-10,2.792,2.798,2.784,2.79,51448,14367710.0
2017-04-11,2.789,2.795,2.76,2.792,81709,22681838.0
2017-04-12,2.8,2.8,2.775,2.78,54685,15226870.0
2017-04-13,2.78,2.791,2.775,2.788,28765,8012593.0
2017-04-14,2.788,2.793,2.759,2.764,72459,20062942.0
2017-04-17,2.764,2.764,2.737,2.754,76707,21074111.0
2017-04-18,2.753,2.763,2.74,2.74,78490,21611168.0
2017-04-19,2.736,2.736,2.704,2.722,98359,26734869.0
2017-04-20,2.721,2.734,2.718,2.73,47399,12924412.0
2017-04-21,2.731,2.752,2.728,2.749,54749,14984821.0
2017-04-24,2.748,2.748,2.705,2.726,101933,27705617.0
2017-04-25,2.728,2.737,2.72,2.733,45038,12301124.0
2017-04-26,2.734,2.745,2.73,2.736,54110,14816719.0
2017-04-27,2.737,2.737,2.708,2.734,104257,28346244.0
2017-04-28,2.734,2.734,2.71,2.72,80099,21782307.0
2017-05-02,2.719,2.72,2.701,2.705,88120,23886793.0
2017-05-03,2.704,2.71,2.689,2.692,77698,20964039.0
2017-05-04,2.694,2.699,2.678,2.685,44326,11915081.0
2017-05-05,2.687,2.687,2.66,2.679,83427,22270191.0
2017-05-08,2.678,2.682,2.66,2.679,68691,18329079.0
2017-05-09,2.675,2.689,2.665,2.683,38946,10424923.0
2017-05-10,2.68,2.686,2.662,2.665,62605,16747298.0
2017-05-11,2.666,2.684,2.652,2.678,73031,19470059.0
2017-05-12,2.679,2.706,2.675,2.705,60182,16202786.0
2017-05-15,2.705,2.721,2.705,2.721,59575,16169668.0
2017-05-16,2.719,2.731,2.697,2.73,64594,17536242.0
2017-05-17,2.726,2.739,2.719,2.723,47551,12986910.0
2017-05-18,2.721,2.721,2.697,2.707,47015,12726169.0
2017-05-19,2.707,2.714,2.7,2.712,62634,16958137.0
2017-05-22,2.71,2.725,2.696,2.71,85143,23055390.0
2017-05-23,2.704,2.735,2.704,2.733,79126,21557403.0
2017-05-24,2.732,2.732,2.711,2.73,73901,20109377.0
2017-05-25,2.729,2.788,2.722,2.78,172291,47611499.0
2017-05-26,2.78,2.793,2.77,2.787,83515,23272550.0
2017-05-31,2.791,2.805,2.779,2.8,71170,19882111.0
2017-06-01,2.798,2.808,2.788,2.807,44464,12436675.0
2017-06-02,2.806,2.816,2.8,2.808,38358,10771191.0
2017-06-05,2.806,2.81,2.78,2.784,60341,16833774.0
2017-06-06,2.784,2.792,2.774,2.792,46682,12994162.0
2017-06-07,2.792,2.818,2.792,2.817,40702,11447899.0
2017-06-08,2.819,2.851,2.816,2.848,54777,15517101.0
2017-06-09,2.847,2.866,2.84,2.852,61623,17604182.0
2017-06-12,2.854,2.882,2.841,2.857,59856,17142852.0
2017-06-13,2.865,2.867,2.846,2.865,50809,14519677.0
2017-06-14,2.865,2.865,2.825,2.829,80597,22863860.0
2017-06-15,2.831,2.834,2.808,2.814,53187,14976023.0
2017-06-16,2.814,2.82,2.8,2.804,42596,11967259.0
2017-06-19,2.806,2.826,2.796,2.821,39326,11075744.0
2017-06-20,2.825,2.828,2.81,2.81,53800,15138365.0
2017-06-21,2.822,2.843,2.808,2.842,52338,14767491.0
2017-06-22,2.841,2.877,2.835,2.851,90884,26033232.0
2017-06-23,2.85,2.873,2.835,2.872,48579,13841848.0
2017-06-26,2.87,2.902,2.87,2.896,53652,15515993.0
2017-06-27,2.895,2.901,2.882,2.897,34055,9835146.0
2017-06-28,2.891,2.911,2.886,2.889,31786,9208764.0
2017-06-29,2.889,2.906,2.888,2.903,39917,11553547.0
2017-06-30,2.9,2.915,2.885,2.911,52649,15286751.0
2017-07-03,2.912,2.917,2.895,2.913,49620,14410445.0
2017-07-04,2.903,2.911,2.888,2.899,47952,13889350.0
2017-07-05,2.894,2.919,2.89,2.916,42943,12472980.0
2017-07-06,2.916,2.932,2.91,2.928,51612,15082971.0
2017-07-07,2.93,2.939,2.92,2.939,51516,15084631.0
2017-07-10,2.939,2.95,2.93,2.938,31370,9223117.0
2017-07-11,2.938,2.969,2.935,2.955,54868,16195858.0
2017-07-12,2.954,2.966,2.926,2.938,61226,18053695.0
2017-07-13,2.938,2.964,2.937,2.963,42354,12513119.0
2017-07-14,2.963,2.993,2.963,2.992,41705,12408195.0
2017-07-17,2.993,3.01,2.942,2.975,99650,29749266.0
2017-07-18,2.98,2.985,2.948,2.975,62933,18654883.0
2017-07-19,2.976,3.005,2.973,3.004,64827,19379315.0
2017-07-20,3.001,3.019,2.991,3.019,83769,25169308.0
2017-07-21,3.018,3.027,3.011,3.02,37513,11324509.0
2017-07-24,3.025,3.041,3.01,3.034,48133,14578285.0
2017-07-25,3.035,3.036,3.015,3.02,59835,18090932.0
2017-07-26,3.025,3.048,2.986,3.005,82770,24873774.0
2017-07-27,3.005,3.005,2.986,3.005,37803,11323616.0
2017-07-28,3.003,3.006,2.99,3.003,27414,8221452.0
2017-07-31,3.003,3.01,2.997,3.007,50760,15248712.0
2017-08-01,3.009,3.027,3.007,3.026,60179,18167009.0
2017-08-02,3.028,3.042,2.723,3.02,38590,11613950.0
2017-08-03,3.02,3.028,2.985,2.997,62689,18823484.0
2017-08-04,2.99,3.002,2.984,2.985,91167,27287730.0
2017-08-07,2.99,2.995,2.965,2.994,54281,16192153.0
2017-08-08,2.992,2.994,2.977,2.98,41308,12320286.0
2017-08-09,2.981,2.982,2.97,2.975,31201,9286733.0
2017-08-10,2.974,2.98,2.948,2.967,56124,16629399.0
2017-08-11,2.963,2.963,2.916,2.92,101821,29812224.0
2017-08-14,2.91,2.939,2.91,2.933,39942,11700487.0
2017-08-15,2.933,2.965,2.93,2.95,52523,15510417.0
2017-08-16,2.95,2.95,2.937,2.943,30099,8850750.0
2017-08-17,2.944,2.962,2.943,2.957,25827,7617544.0
2017-08-18,2.95,2.967,2.94,2.961,31320,9256368.0
2017-08-21,2.96,2.973,2.958,2.97,29712,8815492.0
2017-08-22,2.97,2.983,2.967,2.973,40502,12033091.0
2017-08-23,2.972,2.991,2.972,2.984,42438,12656542.0
2017-08-24,2.984,2.995,2.977,2.978,32703,9760586.0
2017-08-25,2.978,3.03,2.977,3.028,82364,24749942.0
2017-08-28,3.028,3.059,3.028,3.037,46856,14252008.0
2017-08-29,3.034,3.045,3.03,3.039,41496,12603200.0
2017-08-30,3.044,3.053,3.028,3.032,30101,9152577.0
2017-08-31,3.034,3.044,3.0,3.015,53858,16226466.0
2017-09-01,3.015,3.032,3.007,3.014,57237,17268827.0
2017-09-04,3.015,3.022,3.005,3.018,58779,17707823.0
2017-09-05,3.019,3.032,3.012,3.026,35080,10603705.0
2017-09-06,3.023,3.025,3.013,3.023,25471,7685947.0
2017-09-07,3.023,3.028,3.012,3.013,40146,12117288.0
2017-09-08,3.013,3.023,3.008,3.015,37807,11397304.0
2017-09-11,3.015,3.033,3.012,3.019,48834,14757015.0
2017-09-12,3.02,3.03,3.017,3.025,34152,10323363.0
2017-09-13,3.025,3.028,3.016,3.024,17853,5394837.0
2017-09-14,3.024,3.027,3.003,3.006,58796,17725277.0
2017-09-15,3.007,3.009,2.993,2.997,36368,10907678.0
2017-09-18,2.999,3.016,2.997,3.01,35807,10777430.0
2017-09-19,3.011,3.025,3.0,3.004,32052,9638481.0
2017-09-20,3.005,3.025,3.0,3.02,40779,12280955.0
2017-09-21,3.02,3.034,3.013,3.029,26259,7946183.0
2017-09-22,3.028,3.035,3.018,3.033,50089,15143620.0
2017-09-25,3.032,3.033,3.021,3.03,38511,11657512.0
2017-09-26,3.025,3.033,3.02,3.026,23763,7191804.0
2017-09-27,3.026,3.034,3.023,3.03,17886,5419499.0
2017-09-28,3.024,3.029,3.021,3.026,21435,6481165.0
2017-09-29,3.026,3.037,3.026,3.036,28413,8617672.0
2017-10-09,3.07,3.088,3.055,3.058,44477,13664519.0
2017-10-10,3.058,3.068,3.032,3.05,52326,15921728.0
2017-10-11,3.052,3.068,3.041,3.062,32287,9874054.0
2017-10-12,3.062,3.072,3.057,3.068,26042,7973476.0
2017-10-13,3.069,3.075,3.062,3.069,49055,15051176.0
2017-10-16,3.069,3.069,3.06,3.065,31570,9673469.0
2017-10-17,3.064,3.065,3.054,3.061,22488,6879146.0
2017-10-18,3.06,3.077,3.059,3.076,30309,9294945.0
2017-10-19,3.076,3.088,3.076,3.083,47733,14708869.0
2017-10-20,3.081,3.095,3.076,3.093,40306,12430877.0
2017-10-23,3.092,3.093,3.086,3.089,24231,7486200.0
2017-10-24,3.087,3.107,3.082,3.106,35497,10988027.0
2017-10-25,3.107,3.111,3.102,3.111,21743,6755110.0
2017-10-26,3.111,3.124,3.099,3.104,47092,14655413.0
2017-10-27,3.116,3.12,3.106,3.119,34737,10808681.0
2017-10-30,3.12,3.125,3.085,3.112,63991,19850642.0
2017-10-31,3.108,3.108,3.088,3.1,48492,15002603.0
2017-11-01,3.1,3.104,3.075,3.075,55823,17225299.0
2017-11-02,3.074,3.078,3.057,3.072,47839,14653462.0
2017-11-03,3.072,3.072,3.043,3.063,61492,18780492.0
2017-11-06,3.062,3.075,3.049,3.075,32424,9924692.0
2017-11-07,3.075,3.105,3.075,3.093,50730,15693598.0
2017-11-08,3.093,3.121,3.091,3.101,41260,12825465.0
2017-11-09,3.104,3.119,3.1,3.117,26960,8377743.0
2017-11-10,3.119,3.138,3.1,3.136,46117,14413076.0
2017-11-13,3.136,3.167,3.136,3.159,39573,12490243.0
2017-11-14,3.158,3.164,3.137,3.143,43506,13704619.0
2017-11-15,3.143,3.143,3.119,3.124,40986,12814208.0
2017-11-16,3.123,3.126,3.113,3.123,35884,11188797.0
2017-11-17,3.123,3.161,3.121,3.158,52666,16533721.0
2017-11-20,3.155,3.185,3.128,3.181,67738,21344608.0
2017-11-21,3.181,3.221,3.172,3.207,66741,21396265.0
2017-11-22,3.21,3.244,3.205,3.221,42874,13846788.0
2017-11-23,3.22,3.232,3.138,3.155,84496,26948132.0
2017-11-24,3.152,3.16,3.122,3.15,100013,31362697.0
2017-11-27,3.15,3.15,3.104,3.121,93006,28993292.0
2017-11-28,3.112,3.123,3.095,3.113,61120,18989105.0
2017-11-29,3.114,3.13,3.091,3.112,38010,11811088.0
2017-11-30,3.111,3.116,3.089,3.093,61370,19041704.0
2017-12-01,3.093,3.098,3.077,3.09,57885,17863050.0
2017-12-04,3.09,3.098,3.076,3.089,53385,16471932.0
2017-12-05,3.089,3.132,3.088,3.124,93235,28980179.0
2017-12-06,3.123,3.123,3.07,3.096,60295,18650924.0
2017-12-07,3.093,3.095,3.061,3.071,63415,19499907.0
2017-12-08,3.068,3.071,3.05,3.067,57952,17729397.0
2017-12-11,3.065,3.097,3.054,3.097,51748,15861893.0
2017-12-12,3.089,3.09,3.053,3.055,63199,19415093.0
2017-12-13,3.055,3.069,3.042,3.068,50419,15385956.0
2017-12-14,3.068,3.074,3.052,3.056,53668,16432939.0
2017-12-15,3.051,3.056,3.031,3.032,65003,19751948.0
2017-12-18,3.036,3.042,3.027,3.036,46135,13998889.0
2017-12-19,3.037,3.061,3.037,3.061,48227,14693470.0
2017-12-20,3.061,3.07,3.053,3.062,48280,14779175.0
2017-12-21,3.065,3.078,3.045,3.069,62039,19002137.0
2017-12-22,3.071,3.078,3.066,3.067,66846,20536459.0
2017-12-25,3.066,3.095,3.065,3.07,84799,26100019.0
2017-12-26,3.07,3.09,3.067,3.089,67750,20845272.0
2017-12-27,3.09,3.098,3.065,3.07,58080,17920053.0
2017-12-28,3.072,3.09,3.064,3.086,52893,16300156.0
2017-12-29,3.087,3.102,3.086,3.102,95535,29565986.0
2018-01-02,3.103,3.15,3.103,3.147,73751,23160895.0
2018-01-03,3.148,3.177,3.14,3.162,57403,18154962.0
2018-01-04,3.161,3.171,3.154,3.163,39810,12587876.0
2018-01-05,3.163,3.203,3.158,3.195,60483,19257666.0
2018-01-08,3.194,3.235,3.193,3.217,77699,24998528.0
2018-01-09,3.219,3.223,3.207,3.216,42076,13524034.0
2018-01-10,3.216,3.235,3.207,3.226,113432,36553788.0
2018-01-11,3.225,3.232,3.204,3.218,76104,24456711.0
2018-01-12,3.217,3.237,3.212,3.226,49504,15983304.0
2018-01-15,3.227,3.249,3.215,3.221,51135,16528417.0
2018-01-16,3.219,3.245,3.215,3.244,49100,15863174.0
2018-01-17,3.25,3.284,3.235,3.254,90937,29647664.0
2018-01-18,3.255,3.284,3.255,3.282,68507,22390921.0
2018-01-19,3.286,3.317,3.285,3.298,80489,26590502.0
2018-01-22,3.296,3.323,3.293,3.319,66770,22124583.0
2018-01-23,3.217,3.26,3.212,3.259,97856,31722233.0
2018-01-24,3.261,3.287,3.249,3.269,60290,19705092.0
2018-01-25,3.268,3.275,3.229,3.255,67916,22092818.0
2018-01-26,3.252,3.3,3.246,3.291,60694,19884785.0
2018-01-29,3.284,3.324,3.24,3.259,100404,32976370.0
2018-01-30,3.258,3.264,3.221,3.228,82591,26788089.0
2018-01-31,3.222,3.232,3.196,3.225,64938,20875656.0
2018-02-01,3.227,3.244,3.197,3.222,69442,22320105.0
2018-02-02,3.212,3.257,3.181,3.253,65078,20930515.0
2018-02-05,3.23,3.306,3.22,3.303,61639,20142055.0
2018-02-06,3.268,3.269,3.2,3.215,153874,49747161.0
2018-02-07,3.25,3.272,3.146,3.152,127183,40722697.0
2018-02-08,3.146,3.148,3.06,3.094,126259,39186810.0
2018-02-09,3.049,3.049,2.908,2.978,207636,61555479.0
2018-02-12,2.983,3.0,2.96,2.984,99254,29600301.0
2018-02-13,2.993,3.054,2.993,3.023,74557,22582188.0
2018-02-14,3.023,3.035,3.0,3.032,76998,23224764.0
2018-02-22,3.07,3.09,3.056,3.09,63126,19412366.0
2018-02-23,3.09,3.112,3.077,3.104,67777,20969443.0
2018-02-26,3.113,3.136,3.086,3.123,75873,23604509.0
2018-02-27,3.13,3.134,3.078,3.084,89720,27752945.0
2018-02-28,3.071,3.071,3.035,3.056,67357,20565994.0
2018-03-01,3.049,3.07,3.027,3.05,64245,19610723.0
2018-03-02,3.041,3.057,3.023,3.048,58988,17926735.0
2018-03-05,3.048,3.07,3.035,3.05,37774,11517139.0
2018-03-06,3.061,3.079,3.039,3.075,53904,16486153.0
2018-03-07,3.076,3.102,3.068,3.071,63244,19522145.0
2018-03-08,3.07,3.088,3.066,3.084,25880,7970677.0
2018-03-09,3.094,3.094,3.077,3.086,53726,16574973.0
2018-03-12,3.095,3.104,3.088,3.092,48549,15024759.0
2018-03-13,3.092,3.101,3.077,3.08,47325,14626694.0
2018-03-14,3.079,3.079,3.062,3.072,30707,9422942.0
2018-03-15,3.07,3.077,3.058,3.066,49994,15323686.0
2018-03-16,3.067,3.075,3.045,3.049,38080,11651193.0
2018-03-19,3.048,3.05,3.024,3.034,49544,15029263.0
2018-03-20,3.034,3.04,3.014,3.04,41606,12589134.0
2018-03-21,3.046,3.057,3.025,3.03,39035,11888636.0
2018-03-22,3.039,3.039,2.996,3.01,62502,18817193.0
2018-03-23,2.968,2.968,2.905,2.943,170866,50106404.0
2018-03-26,2.935,2.935,2.877,2.913,110612,32021237.0
2018-03-27,2.924,2.98,2.902,2.913,77549,22665108.0
2018-03-28,2.902,2.919,2.877,2.877,89689,25911017.0
2018-03-29,2.878,2.934,2.861,2.928,65767,19026975.0
2018-03-30,2.928,2.934,2.913,2.921,47862,13990086.0
2018-04-02,2.921,2.935,2.903,2.905,61747,18014868.0
2018-04-03,2.891,2.892,2.86,2.865,92793,26610603.0
2018-04-04,2.867,2.89,2.865,2.866,59763,17205251.0
2018-04-09,2.864,2.874,2.848,2.864,44276,12673800.0
2018-04-10,2.865,2.917,2.865,2.916,59866,17295512.0
2018-04-11,2.919,2.949,2.916,2.938,56162,16474270.0
2018-04-12,2.938,2.938,2.906,2.908,48114,14040456.0
2018-04-13,2.933,2.933,2.892,2.895,32900,9562035.0
2018-04-16,2.895,2.895,2.833,2.842,99550,28393196.0
2018-04-17,2.85,2.852,2.81,2.818,66697,18890319.0
2018-04-18,2.833,2.845,2.788,2.82,91789,25781650.0
2018-04-19,2.82,2.84,2.815,2.838,47689,13504674.0
2018-04-20,2.836,2.846,2.795,2.803,55746,15663635.0
2018-04-23,2.801,2.816,2.79,2.803,46454,13007792.0
2018-04-24,2.802,2.878,2.802,2.858,75329,21503199.0
2018-04-25,2.85,2.855,2.837,2.841,39520,11236387.0
2018-04-26,2.844,2.848,2.797,2.801,66557,18714101.0
2018-04-27,2.808,2.816,2.773,2.806,86721,24189968.0
2018-05-02,2.812,2.822,2.806,2.818,52436,14756792.0
2018-05-03,2.818,2.841,2.809,2.835,55620,15691747.0
2018-05-04,2.835,2.842,2.83,2.834,31669,8979463.0
2018-05-07,2.834,2.866,2.831,2.865,41755,11914468.0
2018-05-08,2.865,2.894,2.86,2.89,58603,16910072.0
2018-05-09,2.896,2.896,2.879,2.884,41713,12043995.0
2018-05-10,2.887,2.907,2.887,2.905,32171,9325662.0
2018-05-11,2.905,2.913,2.896,2.899,30250,8780567.0
2018-05-14,2.902,2.917,2.9,2.905,34046,9903604.0
2018-05-15,2.911,2.916,2.901,2.915,36584,10642102.0
2018-05-16,2.912,2.916,2.902,2.904,32672,9503430.0
2018-05-17,2.901,2.909,2.894,2.898,28557,8284553.0
2018-05-18,2.898,2.929,2.889,2.928,42043,12231138.0
2018-05-21,2.935,2.949,2.933,2.937,58412,17186506.0
2018-05-22,2.937,2.939,2.916,2.923,29386,8589966.0
2018-05-23,2.92,2.922,2.9,2.9,46409,13506476.0
2018-05-24,2.9,2.901,2.875,2.877,52978,15299019.0
2018-05-25,2.876,2.885,2.865,2.881,48783,14021131.0
2018-05-28,2.878,2.885,2.865,2.876,41874,12043733.0
2018-05-29,2.874,2.882,2.865,2.873,39391,11317604.0
2018-05-30,2.864,2.864,2.828,2.834,76433,21719872.0
2018-05-31,2.842,2.879,2.842,2.875,49477,14154932.0
2018-06-01,2.871,2.883,2.853,2.864,36530,10469334.0
2018-06-04,2.869,2.885,2.869,2.881,34919,10045153.0
2018-06-05,2.884,2.898,2.871,2.895,32221,9285849.0
2018-06-06,2.893,2.893,2.882,2.888,25149,7262654.0
2018-06-07,2.889,2.897,2.878,2.878,39656,11452527.0
2018-06-08,2.877,2.877,2.835,2.844,60820,17317194.0
2018-06-11,2.842,2.843,2.827,2.84,52091,14762497.0
2018-06-12,2.841,2.869,2.833,2.86,36164,10316669.0
2018-06-13,2.859,2.866,2.854,2.857,19893,5691612.0
2018-06-14,2.852,2.865,2.841,2.855,20561,5867713.0
2018-06-15,2.855,2.864,2.845,2.853,41381,11810141.0
2018-06-19,2.849,2.85,2.75,2.786,124372,34857505.0
2018-06-20,2.776,2.785,2.758,2.781,69138,19170451.0
2018-06-21,2.781,2.8,2.758,2.761,61410,17065987.0
2018-06-22,2.758,2.761,2.733,2.756,45693,12553856.0
2018-06-25,2.762,2.776,2.735,2.736,54551,15023768.0
2018-06-26,2.72,2.72,2.673,2.703,123243,33206891.0
2018-06-27,2.703,2.712,2.659,2.671,121937,32724794.0
2018-06-28,2.674,2.675,2.639,2.644,89673,23819439.0
2018-06-29,2.647,2.693,2.646,2.69,99040,26412139.0
2018-07-02,2.691,2.691,2.599,2.615,261361,68621628.0
2018-07-03,2.621,2.624,2.564,2.62,103533,26916632.0
2018-07-04,2.619,2.633,2.61,2.613,53213,13956518.0
2018-07-05,2.614,2.628,2.59,2.599,58401,15206532.0
2018-07-06,2.602,2.63,2.573,2.616,80909,21033781.0
2018-07-09,2.62,2.673,2.619,2.671,96787,25675396.0
2018-07-10,2.671,2.686,2.66,2.681,67835,18125288.0
2018-07-11,2.64,2.652,2.626,2.643,86272,22770851.0
2018-07-12,2.64,2.7,2.64,2.688,85677,22939142.0
2018-07-13,2.694,2.699,2.68,2.685,31986,8604768.0
2018-07-16,2.686,2.694,2.66,2.675,48687,13018962.0
2018-07-17,2.663,2.674,2.646,2.662,55566,14748204.0
2018-07-18,2.662,2.695,2.662,2.676,45784,12272529.0
2018-07-19,2.677,2.69,2.665,2.665,48128,12867530.0
2018-07-20,2.666,2.74,2.658,2.732,73768,19973420.0
2018-07-23,2.726,2.774,2.719,2.769,65930,18117456.0
2018-07-24,2.77,2.802,2.77,2.791,68861,19231389.0
2018-07-25,2.799,2.799,2.781,2.79,39176,10918547.0
2018-07-26,2.79,2.802,2.768,2.773,41029,11406249.0
2018-07-27,2.773,2.78,2.762,2.765,29938,8293728.0
2018-07-30,2.765,2.793,2.756,2.77,50023,13873054.0
2018-07-31,2.769,2.794,2.759,2.787,48667,13509763.0
2018-08-01,2.789,2.798,2.734,2.736,69985,19354477.0
2018-08-02,2.73,2.73,2.653,2.679,112461,30211444.0
2018-08-03,2.682,2.697,2.665,2.666,65740,17628971.0
2018-08-06,2.671,2.689,2.639,2.65,66546,17684680.0
2018-08-07,2.653,2.706,2.642,2.706,76269,20378665.0
2018-08-08,2.704,2.704,2.671,2.671,50765,13636647.0
2018-08-09,2.67,2.723,2.663,2.715,50456,13655272.0
2018-08-10,2.718,2.723,2.688,2.705,41510,11230875.0
2018-08-13,2.69,2.69,2.652,2.684,73131,19503520.0
2018-08-14,2.684,2.689,2.672,2.678,38647,10356345.0
2018-08-15,2.68,2.684,2.631,2.632,94808,25112794.0
2018-08-16,2.623,2.64,2.592,2.622,77768,20365028.0
2018-08-17,2.637,2.642,2.595,2.597,67714,17707034.0
2018-08-20,2.6,2.625,2.595,2.623,58414,15220382.0
2018-08-21,2.625,2.658,2.625,2.649,46513,12304015.0
2018-08-22,2.649,2.654,2.633,2.638,27934,7373724.0
2018-08-23,2.638,2.659,2.625,2.647,38175,10087288.0
2018-08-24,2.646,2.675,2.633,2.657,48208,12798902.0
2018-08-27,2.66,2.711,2.66,2.709,61799,16619848.0
2018-08-28,2.709,2.717,2.703,2.707,45885,12430381.0
2018-08-29,2.705,2.709,2.687,2.704,65725,17716777.0
2018-08-30,2.695,2.709,2.68,2.686,76049,20445317.0
2018-08-31,2.679,2.691,2.662,2.676,46376,12410370.0
2018-09-03,2.678,2.682,2.65,2.672,50632,13495328.0
2018-09-04,2.673,2.702,2.666,2.696,51832,13896248.0
2018-09-05,2.691,2.694,2.653,2.66,58876,15736099.0
2018-09-06,2.648,2.663,2.633,2.635,49983,13234260.0
2018-09-07,2.64,2.667,2.63,2.647,56274,14893074.0
2018-09-10,2.643,2.65,2.63,2.635,94811,24989025.0
2018-09-11,2.634,2.635,2.613,2.624,55420,14538105.0
2018-09-12,2.627,2.634,2.606,2.62,56340,14748205.0
2018-09-13,2.635,2.65,2.623,2.649,54552,14379198.0
2018-09-14,2.65,2.659,2.643,2.652,38816,10289656.0
2018-09-17,2.649,2.649,2.632,2.638,67264,17758647.0
2018-09-18,2.634,2.677,2.63,2.676,47753,12683199.0
2018-09-19,2.676,2.719,2.669,2.711,109886,29720471.0
2018-09-20,2.714,2.717,2.699,2.702,42935,11621853.0
2018-09-21,2.708,2.78,2.702,2.778,90064,24688834.0
2018-09-25,2.755,2.763,2.747,2.755,63660,17531733.0
2018-09-26,2.76,2.809,2.758,2.775,81133,22597562.0
2018-09-27,2.772,2.783,2.768,2.779,38759,10759278.0
2018-09-28,2.779,2.805,2.779,2.801,56369,15754211.0
2018-10-08,2.769,2.769,2.703,2.707,134415,36703308.0
2018-10-09,2.707,2.717,2.696,2.699,75931,20543124.0
2018-10-10,2.703,2.723,2.689,2.709,53516,14478829.0
2018-10-11,2.645,2.675,2.571,2.598,354911,92807351.0
2018-10-12,2.597,2.624,2.561,2.614,179055,46367576.0
2018-10-15,2.623,2.624,2.567,2.575,118229,30625930.0
2018-10-16,2.573,2.59,2.55,2.554,107694,27671913.0
2018-10-17,2.571,2.587,2.542,2.574,106811,27450095.0
2018-10-18,2.565,2.565,2.525,2.53,162032,41153358.0
2018-10-19,2.519,2.589,2.5,2.587,133528,33969148.0
2018-10-22,2.602,2.695,2.602,2.675,202005,53741006.0
2018-10-23,2.676,2.676,2.605,2.612,191620,50573059.0
2018-10-24,2.611,2.656,2.603,2.624,112264,29472972.0
2018-10-25,2.58,2.625,2.554,2.621,122468,31694287.0
2018-10-26,2.63,2.645,2.609,2.625,53336,13989059.0
2018-10-29,2.625,2.631,2.562,2.574,135269,35073596.0
2018-10-30,2.569,2.615,2.561,2.588,85947,22241390.0
2018-10-31,2.598,2.622,2.592,2.616,97013,25276624.0
2018-11-01,2.621,2.64,2.61,2.613,89812,23616970.0
2018-11-02,2.652,2.675,2.633,2.675,134016,35590320.0
2018-11-05,2.661,2.671,2.635,2.66,89883,23845740.0
2018-11-06,2.659,2.66,2.64,2.656,43521,11535803.0
2018-11-07,2.656,2.673,2.638,2.641,69714,18505923.0
2018-11-08,2.651,2.663,2.634,2.643,95584,25320289.0
2018-11-09,2.632,2.633,2.605,2.606,87214,22812429.0
2018-11-12,2.603,2.636,2.6,2.636,55226,14465445.0
2018-11-13,2.619,2.66,2.611,2.65,63744,16815936.0
2018-11-14,2.65,2.656,2.622,2.625,61581,16248563.0
2018-11-15,2.625,2.648,2.625,2.644,50250,13255206.0
2018-11-16,2.65,2.665,2.638,2.65,71736,19017068.0
2018-11-19,2.651,2.675,2.651,2.674,68315,18198578.0
2018-11-20,2.665,2.671,2.625,2.629,96438,25499755.0
2018-11-21,2.618,2.633,2.607,2.629,47236,12384648.0
2018-11-22,2.632,2.636,2.61,2.62,40422,10589531.0
2018-11-23,2.619,2.619,2.57,2.575,154885,40076271.0
2018-11-26,2.575,2.591,2.567,2.578,63145,16281537.0
2018-11-27,2.58,2.587,2.564,2.572,56317,14507982.0
2018-11-28,2.57,2.589,2.558,2.588,46982,12103874.0
2018-11-29,2.598,2.598,2.57,2.571,51922,13414805.0
2018-11-30,2.57,2.588,2.564,2.587,51900,13375615.0
2018-12-03,2.628,2.654,2.622,2.643,121097,31969510.0
2018-12-04,2.644,2.653,2.63,2.649,56342,14898726.0
2018-12-05,2.629,2.652,2.624,2.642,47293,12490120.0
2018-12-06,2.625,2.63,2.605,2.611,71764,18765517.0
2018-12-07,2.611,2.623,2.61,2.621,25621,6705768.0
2018-12-10,2.615,2.62,2.6,2.607,53017,13822835.0
2018-12-11,2.611,2.615,2.604,2.609,29512,7699071.0
2018-12-12,2.615,2.63,2.615,2.625,31812,8346053.0
2018-12-13,2.629,2.663,2.626,2.652,111861,29664008.0
2018-12-14,2.65,2.653,2.634,2.636,100017,26410011.0
2018-12-17,2.633,2.651,2.629,2.65,44677,11796448.0
2018-12-18,2.643,2.65,2.619,2.634,66656,17533955.0
2018-12-19,2.631,2.643,2.617,2.619,51370,13502008.0
2018-12-20,2.616,2.63,2.589,2.604,102763,26771934.0
2018-12-21,2.6,2.602,2.576,2.59,106937,27634290.0
2018-12-24,2.585,2.605,2.579,2.605,53765,13932059.0
2018-12-25,2.594,2.594,2.547,2.58,162942,41816763.0
2018-12-26,2.578,2.589,2.574,2.582,42509,10969119.0
2018-12-27,2.601,2.613,2.569,2.579,62001,16062470.0
2018-12-28,2.578,2.587,2.569,2.583,60627,15628483.0
2019-01-02,2.587,2.59,2.529,2.539,169175,43083614.0
2019-01-03,2.535,2.557,2.529,2.532,84279,21395968.0
2019-01-04,2.52,2.567,2.512,2.566,96931,24688398.0
2019-01-07,2.575,2.594,2.572,2.591,77403,19981101.0
2019-01-08,2.59,2.597,2.579,2.596,73663,19077133.0
2019-01-09,2.596,2.639,2.596,2.608,111849,29370683.0
2019-01-10,2.61,2.617,2.6,2.6,81669,21295085.0
2019-01-11,2.602,2.616,2.599,2.611,51891,13532694.0
2019-01-14,2.612,2.62,2.61,2.613,60620,15844453.0
2019-01-15,2.614,2.635,2.605,2.631,94638,24819125.0
2019-01-16,2.538,2.539,2.531,2.535,72050,18262197.0
2019-01-17,2.536,2.547,2.528,2.528,68747,17432913.0
2019-01-18,2.53,2.562,2.53,2.56,71313,18169653.0
2019-01-21,2.565,2.578,2.562,2.571,104958,26989073.0
2019-01-22,2.57,2.577,2.539,2.546,118727,30319993.0
2019-01-23,2.543,2.555,2.538,2.549,36888,9399612.0
2019-01-24,2.545,2.56,2.538,2.558,80900,20602347.0
2019-01-25,2.558,2.576,2.558,2.566,83921,21544536.0
2019-01-28,2.574,2.595,2.564,2.567,101074,26050846.0
2019-01-29,2.559,2.583,2.542,2.578,115704,29667602.0
2019-01-30,2.574,2.584,2.56,2.569,59426,15284542.0
2019-01-31,2.571,2.594,2.571,2.585,73310,18928787.0
2019-02-01,2.588,2.608,2.58,2.607,117300,30414010.0
2019-02-11,2.607,2.63,2.6,2.622,168775,44193557.0
2019-02-12,2.632,2.65,2.622,2.641,137561,36255722.0
2019-02-13,2.643,2.689,2.64,2.672,188726,50291447.0
2019-02-14,2.673,2.685,2.665,2.677,87704,23445887.0
2019-02-15,2.674,2.674,2.634,2.638,121391,32211539.0
2019-02-18,2.647,2.698,2.647,2.698,103539,27728101.0
2019-02-19,2.7,2.716,2.682,2.694,118842,32076613.0
2019-02-20,2.696,2.702,2.682,2.697,87531,23579118.0
2019-02-21,2.697,2.711,2.675,2.679,113983,30726652.0
2019-02-22,2.68,2.708,2.667,2.707,112490,30194175.0
2019-02-25,2.713,2.827,2.713,2.825,322009,88856620.0
2019-02-26,2.818,2.854,2.8,2.808,227760,64268276.0
2019-02-27,2.8,2.848,2.792,2.806,147095,41486327.0
2019-02-28,2.805,2.827,2.8,2.807,100277,28204196.0
2019-03-01,2.816,2.836,2.799,2.835,117991,33227362.0
2019-03-04,2.84,2.91,2.84,2.869,184693,53018963.0
2019-03-05,2.866,2.885,2.852,2.884,127329,36509479.0
2019-03-06,2.884,2.927,2.867,2.919,189306,54919772.0
2019-03-07,2.916,2.926,2.885,2.91,201913,58707876.0
2019-03-08,2.887,2.887,2.79,2.793,265317,75256681.0
2019-03-11,2.789,2.836,2.785,2.83,129956,36526820.0
2019-03-12,2.85,2.888,2.834,2.858,126461,36204004.0
2019-03-13,2.858,2.864,2.833,2.837,110960,31583424.0
2019-03-14,2.836,2.858,2.791,2.805,123913,34899603.0
2019-03-15,2.804,2.852,2.804,2.832,98086,27740597.0
2019-03-18,2.834,2.91,2.83,2.907,158839,45659415.0
2019-03-19,2.909,2.927,2.891,2.904,110002,31970288.0
2019-03-20,2.893,2.914,2.866,2.902,95723,27653319.0
2019-03-21,2.905,2.932,2.905,2.917,128373,37495253.0
2019-03-22,2.916,2.926,2.88,2.919,95664,27760824.0
2019-03-25,2.871,2.913,2.871,2.876,110106,31841229.0
2019-03-26,2.878,2.892,2.825,2.83,150899,43039273.0
2019-03-27,2.845,2.878,2.841,2.875,97944,28033924.0
2019-03-28,2.875,2.889,2.853,2.862,115546,33199949.0
2019-03-29,2.862,2.926,2.845,2.919,184763,53332956.0
2019-04-01,2.922,3.0,2.922,2.996,199813,59497545.0
2019-04-02,3.007,3.014,2.988,2.994,119090,35741667.0
2019-04-03,2.99,3.03,2.962,3.026,108994,32703705.0
2019-04-04,3.043,3.068,3.03,3.061,115132,35141505.0
2019-04-08,3.07,3.093,3.031,3.076,175678,53863859.0
2019-04-09,3.07,3.08,3.055,3.069,71487,21938531.0
2019-04-10,3.06,3.082,3.037,3.062,74838,22860270.0
2019-04-11,3.062,3.077,3.021,3.035,94708,28870633.0
2019-04-12,3.03,3.031,2.993,3.011,99704,30010571.0
2019-04-15,3.06,3.065,3.001,3.005,122205,37174207.0
2019-04-16,2.999,3.045,2.965,3.045,167143,50138597.0
2019-04-17,3.044,3.059,3.022,3.049,122418,37252116.0
2019-04-18,3.05,3.05,3.022,3.025,68745,20861899.0
2019-04-19,3.025,3.04,3.002,3.032,72924,22040679.0
2019-04-22,3.035,3.038,2.97,2.972,153266,45867857.0
2019-04-23,2.97,2.974,2.941,2.945,143169,42322795.0
2019-04-24,2.945,2.969,2.933,2.966,103777,30686316.0
2019-04-25,2.965,2.965,2.896,2.899,173061,50502739.0
2019-04-26,2.898,2.898,2.861,2.865,171830,49438124.0
2019-04-29,2.865,2.883,2.846,2.847,147583,42265402.0
2019-04-30,2.849,2.877,2.845,2.874,99537,28485509.0
2019-05-06,2.831,2.835,2.71,2.741,374693,103606677.0
2019-05-07,2.746,2.779,2.746,2.771,159092,43976252.0
2019-05-08,2.741,2.773,2.72,2.741,152311,41804381.0
2019-05-09,2.727,2.736,2.698,2.7,181540,49248658.0
2019-05-10,2.715,2.763,2.677,2.76,208186,56921456.0
2019-05-13,2.72,2.739,2.715,2.722,117919,32139557.0
2019-05-14,2.712,2.722,2.699,2.706,113408,30751233.0
2019-05-15,2.719,2.753,2.718,2.747,112772,30849940.0
2019-05-16,2.747,2.763,2.721,2.76,80482,22156407.0
2019-05-17,2.76,2.767,2.701,2.704,137608,37483837.0
2019-05-20,2.704,2.715,2.672,2.691,114116,30662879.0
2019-05-21,2.696,2.733,2.689,2.718,90760,24648934.0
2019-05-22,2.717,2.725,2.703,2.715,52556,14267884.0
2019-05-23,2.709,2.709,2.685,2.687,127714,34408987.0
2019-05-24,2.689,2.7,2.68,2.687,95061,25543600.0
2019-05-27,2.687,2.715,2.671,2.714,108998,29347967.0
2019-05-28,2.714,2.737,2.706,2.715,99536,27103626.0
2019-05-29,2.715,2.727,2.711,2.718,63685,17308899.0
2019-05-30,2.714,2.718,2.699,2.718,65550,17737385.0
2019-05-31,2.717,2.73,2.71,2.713,51862,14103418.0
2019-06-03,2.721,2.729,2.695,2.701,83751,22695758.0
2019-06-04,2.7,2.701,2.688,2.691,69038,18585086.0
2019-06-05,2.711,2.718,2.698,2.702,89168,24119471.0
2019-06-06,2.7,2.7,2.675,2.675,112916,30304556.0
2019-06-10,2.685,2.712,2.681,2.699,58030,15662269.0
2019-06-11,2.703,2.76,2.701,2.759,161386,44160779.0
2019-06-12,2.756,2.756,2.736,2.741,63569,17443779.0
2019-06-13,2.74,2.741,2.715,2.732,86349,23567496.0
2019-06-14,2.726,2.74,2.707,2.708,76942,20937719.0
2019-06-17,2.708,2.726,2.702,2.716,50108,13610065.0
2019-06-18,2.717,2.724,2.712,2.719,61676,16757763.0
2019-06-19,2.757,2.768,2.738,2.738,127440,35039584.0
2019-06-20,2.738,2.796,2.735,2.786,197522,54629865.0
2019-06-21,2.786,2.803,2.781,2.792,102027,28488506.0
2019-06-24,2.792,2.797,2.783,2.794,97405,27183325.0
2019-06-25,2.793,2.795,2.751,2.769,94261,26088819.0
2019-06-26,2.764,2.781,2.76,2.775,52623,14591723.0
2019-06-27,2.777,2.805,2.777,2.797,81257,22725421.0
2019-06-28,2.797,2.799,2.774,2.786,136690,37996781.0
2019-07-01,2.83,2.83,2.813,2.826,114006,32176883.0
2019-07-02,2.825,2.841,2.819,2.839,101015,28588185.0
2019-07-03,2.838,2.845,2.828,2.841,78318,22217373.0
2019-07-04,2.838,2.856,2.83,2.838,83742,23820866.0
2019-07-05,2.839,2.847,2.827,2.843,35233,9995864.0
2019-07-08,2.837,2.843,2.771,2.782,128434,35863774.0
2019-07-09,2.781,2.792,2.775,2.779,52347,14558709.0
2019-07-10,2.779,2.788,2.758,2.763,63890,17695529.0
2019-07-11,2.768,2.784,2.758,2.764,71098,19687326.0
2019-07-12,2.767,2.78,2.76,2.777,37547,10414967.0
2019-07-15,2.776,2.787,2.736,2.778,66031,18220808.0
2019-07-16,2.777,2.785,2.771,2.78,40291,11195543.0
2019-07-17,2.777,2.784,2.768,2.777,32903,9140198.0
2019-07-18,2.771,2.771,2.751,2.751,69343,19122846.0
2019-07-19,2.75,2.779,2.75,2.768,41487,11478627.0
2019-07-22,2.768,2.776,2.742,2.747,62710,17267514.0
2019-07-23,2.75,2.759,2.748,2.758,34542,9511079.0
2019-07-24,2.76,2.788,2.76,2.779,57012,15853472.0
2019-07-25,2.781,2.795,2.78,2.794,52548,14649366.0
2019-07-26,2.793,2.808,2.787,2.805,57049,15958721.0
2019-07-29,2.805,2.812,2.8,2.81,58552,16437983.0
2019-07-30,2.808,2.834,2.808,2.826,45854,12957256.0
2019-07-31,2.822,2.822,2.803,2.808,44392,12470634.0
2019-08-01,2.805,2.805,2.781,2.787,57620,16078977.0
2019-08-02,2.749,2.753,2.741,2.751,154673,42477397.0
2019-08-05,2.747,2.747,2.703,2.706,158457,43107291.0
2019-08-06,2.68,2.682,2.63,2.66,203162,53981178.0
2019-08-07,2.667,2.67,2.652,2.652,75811,20166129.0
2019-08-08,2.661,2.677,2.661,2.673,53372,14252062.0
2019-08-09,2.683,2.685,2.666,2.675,85032,22741168.0
2019-08-12,2.674,2.704,2.67,2.704,57312,15395697.0
2019-08-13,2.694,2.694,2.685,2.688,55683,14969555.0
2019-08-14,2.703,2.719,2.692,2.694,65312,17674500.0
2019-08-15,2.672,2.711,2.657,2.708,62928,16908254.0
2019-08-16,2.712,2.719,2.702,2.709,51458,13946322.0
2019-08-19,2.711,2.754,2.711,2.753,103298,28256522.0
2019-08-20,2.754,2.76,2.744,2.759,75222,20702403.0
2019-08-21,2.757,2.763,2.751,2.758,44965,12398310.0
2019-08-22,2.758,2.76,2.741,2.75,61212,16819855.0
2019-08-23,2.75,2.76,2.741,2.757,88993,24481651.0
2019-08-26,2.73,2.748,2.721,2.744,68159,18642233.0
2019-08-27,2.744,2.789,2.742,2.78,120870,33521612.0
2019-08-28,2.774,2.781,2.761,2.767,58601,16229891.0
2019-08-29,2.77,2.772,2.747,2.754,64332,17719684.0
2019-08-30,2.762,2.773,2.736,2.739,93729,25820809.0
2019-09-02,2.741,2.78,2.741,2.77,71495,19779892.0
2019-09-03,2.771,2.779,2.767,2.779,44075,12214883.0
2019-09-04,2.779,2.818,2.776,2.815,86580,24209026.0
2019-09-05,2.825,2.866,2.824,2.838,124179,35393477.0
2019-09-06,2.84,2.852,2.836,2.85,76289,21704300.0
2019-09-09,2.87,2.877,2.855,2.864,62339,17839173.0
2019-09-10,2.864,2.865,2.847,2.855,49723,14181160.0
2019-09-11,2.859,2.863,2.847,2.849,68220,19462514.0
2019-09-12,2.85,2.872,2.85,2.866,58730,16807249.0
2019-09-16,2.869,2.881,2.867,2.875,66516,19121274.0
2019-09-17,2.873,2.873,2.83,2.84,78586,22380682.0
2019-09-18,2.842,2.848,2.838,2.843,38420,10917302.0
2019-09-19,2.842,2.846,2.834,2.846,29348,8337154.0
2019-09-20,2.847,2.853,2.844,2.847,32127,9150487.0
2019-09-23,2.845,2.846,2.806,2.819,74012,20841669.0
2019-09-24,2.822,2.838,2.816,2.822,47325,13370587.0
2019-09-25,2.822,2.822,2.793,2.795,64895,18174404.0
2019-09-26,2.799,2.809,2.79,2.795,60837,17019123.0
2019-09-27,2.795,2.797,2.776,2.781,76131,21180059.0
2019-09-30,2.779,2.782,2.756,2.763,90066,24952577.0
2019-10-08,2.766,2.78,2.758,2.773,59392,16456234.0
2019-10-09,2.768,2.798,2.761,2.795,55269,15394187.0
2019-10-10,2.796,2.808,2.795,2.807,56826,15915777.0
2019-10-11,2.811,2.842,2.811,2.836,96321,27220660.0
2019-10-14,2.841,2.877,2.841,2.862,111542,31933959.0
2019-10-15,2.861,2.864,2.844,2.849,52614,15001217.0
2019-10-16,2.845,2.868,2.839,2.842,55079,15690843.0
2019-10-17,2.831,2.842,2.821,2.827,46900,13275148.0
2019-10-18,2.83,2.838,2.789,2.798,89462,25126581.0
2019-10-21,2.797,2.808,2.782,2.803,58692,16409816.0
2019-10-22,2.804,2.809,2.792,2.807,60549,16957233.0
2019-10-23,2.807,2.81,2.796,2.802,38952,10921840.0
2019-10-24,2.798,2.813,2.794,2.807,37125,10410815.0
2019-10-25,2.805,2.81,2.787,2.81,53713,15035453.0
2019-10-28,2.809,2.822,2.809,2.82,92734,26110860.0
2019-10-29,2.82,2.82,2.808,2.808,54801,15408423.0
2019-10-30,2.805,2.805,2.772,2.777,112339,31241138.0
2019-10-31,2.777,2.778,2.761,2.765,89964,24917226.0
2019-11-01,2.762,2.791,2.756,2.789,76177,21140051.0
2019-11-04,2.79,2.805,2.785,2.797,76684,21466841.0
2019-11-05,2.801,2.828,2.794,2.811,92694,26049067.0
2019-11-06,2.811,2.811,2.79,2.794,65791,18430861.0
2019-11-07,2.794,2.807,2.793,2.801,49316,13803365.0
2019-11-08,2.82,2.821,2.787,2.791,69678,19519797.0
2019-11-11,2.785,2.785,2.739,2.74,220509,60754919.0
2019-11-12,2.74,2.747,2.73,2.745,100193,27453927.0
2019-11-13,2.742,2.742,2.728,2.732,95632,26134995.0
2019-11-14,2.732,2.734,2.723,2.73,62152,16961019.0
2019-11-15,2.73,2.733,2.715,2.715,101741,27705193.0
2019-11-18,2.717,2.73,2.703,2.729,84033,22819153.0
2019-11-19,2.734,2.751,2.728,2.75,70397,19317838.0
2019-11-20,2.751,2.754,2.736,2.738,153295,42057178.0
2019-11-21,2.735,2.741,2.725,2.736,44733,12231808.0
2019-11-22,2.74,2.756,2.729,2.738,69528,19048943.0
2019-11-25,2.738,2.774,2.737,2.769,125771,34674320.0
2019-11-26,2.778,2.779,2.76,2.763,56168,15538104.0
2019-11-27,2.763,2.767,2.752,2.757,45522,12560721.0
2019-11-28,2.755,2.761,2.747,2.75,60774,16718403.0
2019-11-29,2.747,2.755,2.738,2.744,61256,16811716.0
2019-12-02,2.743,2.763,2.743,2.752,74376,20488274.0
2019-12-03,2.75,2.756,2.739,2.755,52048,14296265.0
2019-12-04,2.745,2.754,2.734,2.741,75209,20616694.0
2019-12-05,2.747,2.757,2.744,2.754,142682,39255705.0
2019-12-06,2.753,2.756,2.741,2.749,84938,23331690.0
2019-12-09,2.748,2.767,2.748,2.765,100900,27829928.0
2019-12-10,2.765,2.772,2.762,2.772,84162,23279552.0
2019-12-11,2.772,2.791,2.772,2.787,209779,58434315.0
2019-12-12,2.787,2.79,2.781,2.786,79177,22050409.0
2019-12-13,2.798,2.821,2.798,2.817,124379,34946634.0
2019-12-16,2.826,2.842,2.825,2.841,139492,39520761.0
2019-12-17,2.841,2.878,2.832,2.86,193265,55181057.0
2019-12-18,2.86,2.871,2.852,2.855,126228,36127960.0
2019-12-19,2.858,2.865,2.854,2.863,138925,39725148.0
2019-12-20,2.865,2.867,2.846,2.848,114310,32658865.0
2019-12-23,2.848,2.851,2.814,2.817,146173,41409669.0
2019-12-24,2.818,2.826,2.806,2.825,141493,39826822.0
2019-12-25,2.825,2.827,2.815,2.825,80474,22709711.0
2019-12-26,2.827,2.854,2.826,2.853,77538,22034425.0
2019-12-27,2.855,2.873,2.855,2.855,129304,37016129.0
2019-12-30,2.853,2.88,2.846,2.879,143705,41197181.0
2019-12-31,2.879,2.9,2.875,2.897,134748,38845525.0
2020-01-02,2.91,2.943,2.91,2.934,214656,62973571.0
2020-01-03,2.934,2.939,2.918,2.927,183588,53770237.0
2020-01-06,2.923,2.945,2.916,2.921,154834,45362862.0
2020-01-07,2.919,2.942,2.919,2.941,110679,32464817.0
2020-01-08,2.939,2.939,2.914,2.921,336325,98451932.0
2020-01-09,2.93,2.946,2.93,2.944,308416,90678072.0
2020-01-10,2.946,2.951,2.923,2.935,271178,79515320.0
2020-01-13,2.936,2.948,2.923,2.946,153772,45113383.0
2020-01-14,2.954,2.966,2.951,2.961,336831,99691694.0
2020-01-15,2.959,2.962,2.935,2.951,278961,82198875.0
2020-01-16,2.951,2.954,2.939,2.947,134183,39505598.0
2020-01-17,2.8,2.816,2.78,2.784,500458,139739876.0
2020-01-20,2.784,2.789,2.77,2.784,178994,49786068.0
2020-01-21,2.784,2.8,2.731,2.733,377722,103736488.0
2020-01-22,2.732,2.742,2.694,2.729,280971,76434952.0
2020-01-23,2.72,2.73,2.649,2.667,522070,140102816.0
2020-02-03,2.456,2.456,2.41,2.418,1120352,273345272.0
2020-02-04,2.418,2.483,2.413,2.482,481791,118270914.0
2020-02-05,2.483,2.533,2.476,2.514,487158,122103113.0
2020-02-06,2.516,2.53,2.49,2.52,400172,100369276.0
2020-02-07,2.513,2.515,2.49,2.514,285103,71327681.0
2020-02-10,2.513,2.558,2.496,2.557,489618,123865009.0
2020-02-11,2.563,2.585,2.553,2.571,232761,59931699.0
2020-02-12,2.571,2.578,2.557,2.578,158418,40669799.0
2020-02-13,2.576,2.581,2.56,2.562,162421,41735460.0
2020-02-14,2.559,2.578,2.558,2.577,137725,35369095.0
2020-02-17,2.577,2.623,2.577,2.622,204545,53193444.0
2020-02-18,2.623,2.635,2.612,2.624,192767,50549235.0
2020-02-19,2.623,2.634,2.615,2.622,167299,43943939.0
2020-02-20,2.622,2.659,2.619,2.658,276213,72937111.0
2020-02-21,2.658,2.692,2.655,2.674,348616,93242672.0
2020-02-24,2.672,2.672,2.638,2.656,295508,78397388.0
2020-02-25,2.625,2.626,2.58,2.622,329863,86201915.0
2020-02-26,2.59,2.661,2.59,2.629,294975,77769726.0
2020-02-27,2.634,2.652,2.625,2.631,154485,40738834.0
2020-02-28,2.6,2.601,2.545,2.558,456321,117307850.0
2020-03-02,2.559,2.644,2.559,2.637,255541,66931760.0
2020-03-03,2.66,2.68,2.628,2.644,279566,74123983.0
2020-03-04,2.637,2.669,2.629,2.668,194485,51504815.0
2020-03-05,2.675,2.696,2.672,2.69,265979,71445259.0
2020-03-06,2.675,2.675,2.655,2.667,156505,41700405.0
2020-03-09,2.621,2.63,2.593,2.596,301881,78723001.0
2020-03-10,2.59,2.639,2.578,2.633,240926,62780319.0
2020-03-11,2.633,2.643,2.616,2.617,281189,73949018.0
2020-03-12,2.597,2.598,2.568,2.576,476573,123026418.0
2020-03-13,2.5,2.552,2.471,2.532,496346,123932274.0
2020-03-16,2.535,2.563,2.466,2.474,702458,175597106.0
2020-03-17,2.475,2.5,2.415,2.451,683882,167649515.0
2020-03-18,2.461,2.482,2.418,2.425,218632,53621865.0
2020-03-19,2.42,2.424,2.346,2.382,687022,163124920.0
2020-03-20,2.392,2.408,2.375,2.407,450741,107946086.0
2020-03-23,2.369,2.369,2.326,2.332,493283,115581757.0
2020-03-24,2.368,2.378,2.341,2.374,170012,40135107.0
2020-03-25,2.412,2.438,2.408,2.431,198265,47980377.0
2020-03-26,2.428,2.43,2.411,2.413,115161,27863057.0
2020-03-27,2.433,2.449,2.423,2.426,133884,32569254.0
2020-03-30,2.408,2.415,2.386,2.404,113490,27207591.0
2020-03-31,2.418,2.424,2.397,2.399,116258,27981640.0
2020-04-01,2.399,2.412,2.383,2.383,155148,37211015.0
2020-04-02,2.38,2.411,2.35,2.409,96691,23115621.0
2020-04-03,2.409,2.414,2.393,2.402,116079,27870440.0
2020-04-07,2.424,2.439,2.422,2.437,292994,71197076.0
2020-04-08,2.434,2.439,2.424,2.438,175400,42638473.0
2020-04-09,2.44,2.448,2.436,2.437,102791,25092263.0
2020-04-10,2.437,2.443,2.415,2.42,120595,29270705.0
2020-04-13,2.42,2.421,2.401,2.41,144830,34854720.0
2020-04-14,2.413,2.435,2.413,2.434,81025,19635709.0
2020-04-15,2.436,2.439,2.421,2.425,105419,25590180.0
2020-04-16,2.421,2.424,2.41,2.417,76197,18407450.0
2020-04-17,2.424,2.435,2.421,2.424,118839,28853016.0
2020-04-20,2.424,2.428,2.416,2.427,78539,19036158.0
2020-04-21,2.426,2.426,2.397,2.411,157343,37874120.0
2020-04-22,2.404,2.413,2.394,2.412,101326,24349178.0
2020-04-23,2.413,2.417,2.403,2.404,79945,19257913.0
2020-04-24,2.403,2.404,2.382,2.386,379802,90883924.0
2020-04-27,2.387,2.401,2.386,2.397,103563,24798664.0
2020-04-28,2.395,2.396,2.346,2.379,173821,41270507.0
2020-04-29,2.378,2.416,2.375,2.411,486443,117150977.0
2020-04-30,2.413,2.452,2.413,2.452,190406,46484089.0
2020-05-06,2.442,2.451,2.422,2.451,130092,31727833.0
2020-05-07,2.451,2.455,2.44,2.452,100758,24666261.0
2020-05-08,2.453,2.472,2.453,2.469,111285,27419100.0
2020-05-11,2.469,2.483,2.457,2.467,210412,51939193.0
2020-05-12,2.467,2.469,2.446,2.456,107201,26317435.0
2020-05-13,2.45,2.461,2.441,2.458,96379,23617878.0
2020-05-14,2.458,2.459,2.434,2.434,778617,190026189.0
2020-05-15,2.436,2.444,2.427,2.429,255053,62064873.0
2020-05-18,2.43,2.436,2.422,2.429,86526,21022955.0
2020-05-19,2.435,2.446,2.431,2.437,69504,16948798.0
2020-05-20,2.437,2.438,2.419,2.421,133205,32309727.0
2020-05-21,2.422,2.427,2.41,2.413,96651,23388835.0
2020-05-22,2.414,2.415,2.371,2.379,272802,65090336.0
2020-05-25,2.379,2.38,2.364,2.378,99890,23696059.0
2020-05-26,2.38,2.391,2.379,2.39,79411,18940283.0
2020-05-27,2.391,2.408,2.389,2.402,260094,62509329.0
2020-05-28,2.402,2.414,2.391,2.406,262774,63106460.0
2020-05-29,2.403,2.403,2.386,2.392,99771,23868146.0
2020-06-01,2.392,2.433,2.392,2.432,217460,52608255.0
2020-06-02,2.432,2.443,2.43,2.438,140631,34259832.0
2020-06-03,2.445,2.465,2.445,2.448,130508,32075021.0
2020-06-04,2.467,2.469,2.45,2.459,168854,41494345.0
2020-06-05,2.459,2.459,2.436,2.444,99750,24373943.0
2020-06-08,2.446,2.46,2.446,2.454,109816,26947076.0
2020-06-09,2.454,2.462,2.454,2.46,93540,22998635.0
2020-06-10,2.46,2.461,2.446,2.45,79055,19367438.0
2020-06-11,2.452,2.453,2.43,2.433,167358,40868325.0
2020-06-12,2.42,2.431,2.401,2.43,79783,19284839.0
2020-06-15,2.43,2.431,2.411,2.414,109703,26533394.0
2020-06-16,2.42,2.444,2.42,2.442,109083,26556886.0
2020-06-17,2.442,2.456,2.441,2.45,89273,21854047.0
2020-06-18,2.45,2.477,2.444,2.471,171064,42231964.0
2020-06-19,2.471,2.473,2.462,2.468,118868,29317250.0
2020-06-22,2.468,2.47,2.453,2.456,135251,33299644.0
2020-06-23,2.456,2.456,2.442,2.447,103423,25303913.0
2020-06-24,2.448,2.455,2.446,2.45,108564,26594894.0
2020-06-29,2.45,2.45,2.429,2.432,194484,47366741.0
2020-06-30,2.436,2.451,2.436,2.449,155705,38082316.0
2020-07-01,2.451,2.49,2.451,2.489,297376,73582846.0
2020-07-02,2.49,2.548,2.48,2.546,308116,77790751.0
2020-07-03,2.55,2.591,2.55,2.583,326708,84128419.0
2020-07-06,2.597,2.773,2.597,2.766,1247452,335636633.0
2020-07-07,2.783,2.853,2.71,2.723,984027,271302252.0
2020-07-08,2.724,2.766,2.695,2.763,471651,128657329.0
2020-07-09,2.76,2.782,2.726,2.775,427655,117747755.0
2020-07-10,2.775,2.775,2.7,2.713,370087,101117270.0
2020-07-13,2.712,2.774,2.705,2.766,387282,106373636.0
2020-07-14,2.768,2.793,2.712,2.75,309400,85222858.0
2020-07-15,2.76,2.766,2.685,2.71,346795,94254557.0
2020-07-16,2.71,2.732,2.636,2.638,585991,157999641.0
2020-07-17,2.639,2.67,2.62,2.64,293949,77658678.0
2020-07-20,2.644,2.744,2.644,2.741,388029,105211891.0
2020-07-21,2.745,2.756,2.725,2.734,235584,64526973.0
2020-07-22,2.734,2.767,2.731,2.735,281823,77405400.0
2020-07-23,2.732,2.732,2.662,2.702,239803,64632557.0
2020-07-24,2.702,2.703,2.608,2.625,302622,80259980.0
2020-07-27,2.625,2.64,2.597,2.612,176522,46116246.0
2020-07-28,2.614,2.643,2.614,2.631,137798,36238028.0
2020-07-29,2.622,2.667,2.613,2.662,188310,49853066.0
2020-07-30,2.674,2.685,2.663,2.664,143000,38197043.0
2020-07-31,2.665,2.7,2.66,2.683,168726,45235326.0
2020-08-03,2.702,2.746,2.702,2.744,389910,106396095.0
2020-08-04,2.758,2.765,2.73,2.745,340651,93639375.0
2020-08-05,2.745,2.745,2.708,2.73,119124,32472526.0
2020-08-06,2.731,2.747,2.714,2.743,220957,60406271.0
2020-08-07,2.743,2.743,2.71,2.738,264911,72247637.0
2020-08-10,2.74,2.777,2.74,2.77,512190,141510518.0
2020-08-11,2.77,2.798,2.75,2.757,387257,107374357.0
2020-08-12,2.757,2.757,2.703,2.737,287924,78540470.0
2020-08-13,2.742,2.768,2.74,2.761,292723,80813546.0
2020-08-14,2.763,2.777,2.73,2.775,194375,53639602.0
2020-08-17,2.78,2.85,2.78,2.837,424250,119849839.0
2020-08-18,2.838,2.848,2.832,2.84,244448,69438217.0
2020-08-19,2.843,2.86,2.825,2.832,258369,73408872.0
2020-08-20,2.832,2.835,2.81,2.817,180925,51066795.0
2020-08-21,2.818,2.829,2.801,2.814,219717,61897373.0
2020-08-24,2.822,2.828,2.812,2.818,185449,52289385.0
2020-08-25,2.829,2.836,2.798,2.805,237208,66759614.0
2020-08-26,2.805,2.807,2.757,2.765,291357,80913934.0
2020-08-27,2.767,2.773,2.745,2.766,146441,40404289.0
2020-08-28,2.766,2.802,2.762,2.799,163098,45376963.0
2020-08-31,2.807,2.817,2.788,2.789,232667,65267813.0
2020-09-01,2.789,2.791,2.766,2.787,148814,41358404.0
2020-09-02,2.79,2.799,2.775,2.787,125800,35072501.0
2020-09-03,2.787,2.804,2.775,2.782,155205,43261289.0
2020-09-04,2.781,2.781,2.737,2.762,235135,64665831.0
2020-09-07,2.765,2.786,2.745,2.749,239040,66094335.0
2020-09-08,2.752,2.766,2.74,2.761,185059,50874352.0
2020-09-09,2.749,2.757,2.725,2.739,224902,61736833.0
2020-09-10,2.743,2.756,2.718,2.721,222142,60782705.0
2020-09-11,2.722,2.723,2.697,2.718,215803,58411098.0
2020-09-14,2.721,2.727,2.71,2.72,181161,49250503.0
2020-09-15,2.722,2.728,2.716,2.728,134076,36514086.0
2020-09-16,2.728,2.746,2.722,2.736,132332,36163205.0
2020-09-17,2.736,2.749,2.725,2.739,151098,41304773.0
2020-09-18,2.74,2.774,2.734,2.773,168079,46349784.0
2020-09-21,2.775,2.778,2.758,2.761,199104,55106746.0
2020-09-22,2.759,2.759,2.723,2.729,228885,62644825.0
2020-09-23,2.73,2.738,2.721,2.728,134611,36709773.0
2020-09-24,2.728,2.729,2.685,2.689,444168,119783094.0
2020-09-25,2.692,2.7,2.668,2.683,289102,77525757.0
2020-09-28,2.684,2.691,2.677,2.685,187493,50310694.0
2020-09-29,2.687,2.699,2.68,2.685,186802,50226038.0
2020-09-30,2.685,2.695,2.666,2.678,413099,110765364.0
2020-10-09,2.695,2.724,2.695,2.715,409242,111125926.0
2020-10-12,2.717,2.761,2.717,2.76,460646,126423400.0
2020-10-13,2.762,2.766,2.741,2.755,349091,95966368.0
2020-10-14,2.756,2.758,2.74,2.743,269768,74019256.0
2020-10-15,2.743,2.745,2.732,2.735,271335,74282779.0
2020-10-16,2.735,2.745,2.731,2.738,237394,64969079.0
2020-10-19,2.741,2.765,2.724,2.727,369303,101239060.0
2020-10-20,2.727,2.727,2.707,2.723,326035,88480760.0
2020-10-21,2.723,2.726,2.707,2.719,237696,64472769.0
2020-10-22,2.719,2.721,2.703,2.707,217423,58869977.0
2020-10-23,2.708,2.716,2.696,2.699,314772,85140349.0
2020-10-26,2.698,2.699,2.677,2.683,456633,122566975.0
2020-10-27,2.681,2.682,2.667,2.675,303026,81001808.0
2020-10-28,2.675,2.682,2.66,2.679,265853,71003267.0
2020-10-29,2.671,2.709,2.662,2.703,255583,68721500.0
2020-10-30,2.703,2.72,2.684,2.687,458528,123949283.0
2020-11-02,2.688,2.703,2.688,2.698,279234,75251305.0
2020-11-03,2.7,2.718,2.7,2.716,240903,65332039.0
2020-11-04,2.719,2.743,2.719,2.741,358064,97888753.0
2020-11-05,2.756,2.79,2.756,2.787,735437,203925070.0
2020-11-06,2.787,2.811,2.782,2.81,459671,128530807.0
2020-11-09,2.825,2.865,2.825,2.861,451950,128957852.0
2020-11-10,2.87,2.878,2.844,2.85,382482,109412684.0
2020-11-11,2.849,2.878,2.841,2.865,294707,84417847.0
2020-11-12,2.865,2.88,2.855,2.878,242209,69508821.0
2020-11-13,2.878,2.878,2.84,2.858,360771,102844184.0
2020-11-16,2.868,2.917,2.868,2.915,383616,111162587.0
2020-11-17,2.916,2.94,2.916,2.926,456829,133807502.0
2020-11-18,2.926,2.943,2.921,2.94,359127,105357250.0
2020-11-19,2.94,2.942,2.911,2.921,431612,125980432.0
2020-11-20,2.921,2.936,2.908,2.936,272965,79757752.0
2020-11-23,2.939,2.995,2.938,2.98,429593,127699260.0
2020-11-24,2.986,2.99,2.961,2.975,441328,131167208.0
2020-11-25,2.977,2.989,2.94,2.943,575851,170650783.0
2020-11-26,2.943,2.944,2.919,2.935,310075,90782480.0
2020-11-27,2.935,2.96,2.922,2.956,328940,96718857.0
2020-11-30,2.958,2.98,2.924,2.929,516823,152637647.0
2020-12-01,2.929,2.94,2.905,2.935,398938,116442244.0
2020-12-02,2.936,2.945,2.921,2.937,219911,64550266.0
2020-12-03,2.935,2.935,2.906,2.912,482511,140638710.0
2020-12-04,2.912,2.913,2.879,2.901,520826,150592675.0
2020-12-07,2.902,2.907,2.857,2.857,753722,216417847.0
2020-12-08,2.858,2.87,2.845,2.85,442919,126420292.0
2020-12-09,2.851,2.853,2.81,2.812,661564,187336248.0
2020-12-10,2.812,2.832,2.811,2.829,422672,119307764.0
2020-12-11,2.83,2.84,2.8,2.822,556886,156835352.0
2020-12-14,2.823,2.826,2.772,2.784,948698,264092476.0
2020-12-15,2.785,2.787,2.751,2.771,1050063,290263523.0
2020-12-16,2.771,2.781,2.763,2.769,848000,235116497.0
2020-12-17,2.769,2.795,2.747,2.795,796289,220160390.0
2020-12-18,2.795,2.829,2.795,2.813,699453,196894103.0
2020-12-21,2.813,2.825,2.796,2.817,543806,153022200.0
2020-12-22,2.815,2.815,2.751,2.758,1394620,387481612.0
2020-12-23,2.76,2.771,2.75,2.761,665696,183850257.0
2020-12-24,2.762,2.771,2.741,2.751,887115,244001282.0
2020-12-25,2.75,2.773,2.737,2.761,438287,120726443.0
2020-12-28,2.761,2.765,2.74,2.748,727238,199890477.0
2020-12-29,2.749,2.756,2.721,2.723,1049827,286844709.0
2020-12-30,2.724,2.739,2.714,2.728,495610,135138473.0
2020-12-31,2.728,2.742,2.721,2.739,765641,209146504.0
2021-01-04,2.739,2.746,2.721,2.746,892045,244058653.0
2021-01-05,2.746,2.746,2.701,2.724,1922536,521180251.0
2021-01-06,2.724,2.73,2.709,2.721,815366,221425261.0
2021-01-07,2.721,2.726,2.7,2.711,1076189,291741604.0
2021-01-08,2.712,2.726,2.699,2.724,743487,201713302.0
2021-01-11,2.725,2.728,2.687,2.691,2324583,628123151.0
2021-01-12,2.692,2.714,2.691,2.712,1676104,452203403.0
2021-01-13,2.713,2.727,2.705,2.719,1280802,347696897.0
2021-01-14,2.719,2.728,2.705,2.717,1368541,371970556.0
2021-01-15,2.717,2.74,2.717,2.735,981523,268201390.0
2021-01-18,2.63,2.63,2.59,2.608,2547963,662468899.0
2021-01-19,2.609,2.626,2.591,2.611,1050082,273791601.0
2021-01-20,2.612,2.62,2.601,2.609,887877,231582660.0
2021-01-21,2.61,2.622,2.603,2.613,1263987,330260802.0
2021-01-22,2.615,2.616,2.583,2.589,1864284,483418012.0
2021-01-25,2.589,2.589,2.552,2.554,1699973,434816368.0
2021-01-26,2.554,2.562,2.541,2.543,885970,225861634.0
2021-01-27,2.543,2.558,2.54,2.542,689798,175708397.0
2021-01-28,2.541,2.541,2.508,2.51,843925,212364201.0
2021-01-29,2.511,2.522,2.48,2.494,889926,222661855.0
2021-02-01,2.495,2.514,2.479,2.511,704108,175456696.0
2021-02-02,2.511,2.519,2.51,2.517,529995,133239426.0
2021-02-03,2.517,2.519,2.492,2.497,592348,148138870.0
2021-02-04,2.496,2.497,2.47,2.48,965772,239479290.0
2021-02-05,2.48,2.505,2.471,2.499,544827,135912033.0
2021-02-08,2.499,2.521,2.493,2.512,609295,152932794.0
2021-02-09,2.512,2.528,2.503,2.528,533076,134176836.0
2021-02-10,2.529,2.549,2.529,2.547,886838,225287628.0
2021-02-18,2.57,2.614,2.57,2.61,1328895,345074493.0
2021-02-19,2.61,2.664,2.61,2.662,2562653,678413720.0
2021-02-22,2.664,2.741,2.664,2.706,3590926,974001080.0
2021-02-23,2.707,2.708,2.669,2.678,1405185,377243394.0
2021-02-24,2.678,2.683,2.63,2.647,1092277,290277016.0
2021-02-25,2.649,2.699,2.649,2.689,1276164,342697828.0
2021-02-26,2.683,2.683,2.631,2.637,1111385,294372947.0
2021-03-01,2.638,2.673,2.638,2.672,670531,178164590.0
2021-03-02,2.682,2.69,2.64,2.657,1080838,287602350.0
2021-03-03,2.658,2.724,2.657,2.722,1920248,519298299.0
2021-03-04,2.722,2.747,2.706,2.718,1916590,521915480.0
2021-03-05,2.7,2.702,2.668,2.69,741365,198911686.0
2021-03-08,2.698,2.724,2.673,2.679,909045,245276984.0
2021-03-09,2.68,2.708,2.63,2.668,1730802,462668973.0
2021-03-10,2.675,2.683,2.65,2.653,813625,216657580.0
2021-03-11,2.653,2.702,2.653,2.7,828497,222134441.0
2021-03-12,2.708,2.735,2.694,2.727,1180488,320777473.0
2021-03-15,2.727,2.762,2.726,2.752,1196983,328923973.0
2021-03-16,2.753,2.76,2.73,2.755,672045,184760888.0
2021-03-17,2.754,2.754,2.724,2.741,574043,157032518.0
2021-03-18,2.742,2.755,2.735,2.741,484440,132942329.0
2021-03-19,2.735,2.745,2.712,2.724,620213,169068635.0
2021-03-22,2.725,2.755,2.725,2.75,746335,204915599.0
2021-03-23,2.75,2.755,2.716,2.729,805479,219659532.0
2021-03-24,2.714,2.723,2.671,2.681,1207575,324573370.0
2021-03-25,2.681,2.702,2.68,2.683,598911,161015722.0
2021-03-26,2.685,2.717,2.685,2.715,575681,155937201.0
2021-03-29,2.728,2.756,2.718,2.751,1209328,331974442.0
2021-03-30,2.751,2.755,2.728,2.75,593144,162653170.0
2021-03-31,2.75,2.75,2.732,2.743,468457,128365046.0
2021-04-01,2.744,2.769,2.737,2.761,831957,228877523.0
2021-04-02,2.761,2.766,2.733,2.738,1018930,279346455.0
2021-04-06,2.74,2.752,2.74,2.745,548540,150624757.0
2021-04-07,2.745,2.767,2.732,2.765,862254,237430449.0
2021-04-08,2.765,2.779,2.759,2.766,714611,197769558.0
2021-04-09,2.767,2.774,2.754,2.77,710502,196649971.0
2021-04-12,2.771,2.786,2.764,2.777,836788,232461120.0
2021-04-13,2.775,2.776,2.744,2.745,1211855,333601945.0
2021-04-14,2.745,2.756,2.738,2.751,712055,195551283.0
2021-04-15,2.752,2.759,2.746,2.755,392059,107935626.0
2021-04-16,2.755,2.799,2.755,2.79,1428831,398129699.0
2021-04-19,2.79,2.809,2.781,2.802,674004,188719748.0
2021-04-20,2.799,2.802,2.791,2.794,615199,172056437.0
2021-04-21,2.79,2.792,2.772,2.785,587338,163354733.0
2021-04-22,2.785,2.811,2.785,2.793,570381,159684490.0
2021-04-23,2.789,2.791,2.776,2.788,830486,231116294.0
2021-04-26,2.792,2.804,2.773,2.78,948353,264308013.0
2021-04-27,2.777,2.778,2.75,2.767,1079650,297974985.0
2021-04-28,2.763,2.771,2.75,2.77,631820,174639837.0
2021-04-29,2.77,2.79,2.76,2.786,656543,182321076.0
2021-04-30,2.78,2.783,2.746,2.757,1714531,472699219.0
2021-05-06,2.758,2.805,2.758,2.798,1690672,472327939.0
2021-05-07,2.808,2.848,2.802,2.829,1229371,347618742.0
2021-05-10,2.841,2.873,2.835,2.87,1029249,293451318.0
2021-05-11,2.867,2.868,2.801,2.843,986274,278998930.0
2021-05-12,2.837,2.859,2.827,2.854,632863,180334809.0
2021-05-13,2.83,2.847,2.807,2.811,1151710,324950162.0
2021-05-14,2.811,2.825,2.807,2.817,643497,181044419.0
2021-05-17,2.817,2.831,2.81,2.812,790675,222677237.0
2021-05-18,2.812,2.828,2.808,2.824,457928,129183886.0
2021-05-19,2.823,2.823,2.795,2.799,1261973,353601427.0
2021-05-20,2.775,2.775,2.737,2.755,2675704,734884212.0
2021-05-21,2.755,2.774,2.754,2.76,657969,181761442.0
2021-05-24,2.76,2.77,2.752,2.758,737215,203398892.0
2021-05-25,2.758,2.792,2.748,2.785,1112785,308439372.0
2021-05-26,2.785,2.813,2.782,2.804,672561,188437574.0
2021-05-27,2.804,2.819,2.797,2.816,804683,226103855.0
2021-05-28,2.822,2.834,2.804,2.812,605787,170741041.0
2021-05-31,2.823,2.824,2.796,2.815,1057481,297320371.0
2021-06-01,2.815,2.838,2.798,2.837,973979,274704340.0
2021-06-02,2.837,2.838,2.823,2.832,698400,197723095.0
2021-06-03,2.832,2.868,2.832,2.846,1110569,316906543.0
2021-06-04,2.847,2.85,2.822,2.84,625149,177160283.0
2021-06-07,2.84,2.85,2.83,2.837,511458,145152460.0
2021-06-08,2.838,2.84,2.82,2.826,663845,187672805.0
2021-06-09,2.826,2.857,2.822,2.842,1044019,297102283.0
2021-06-10,2.842,2.87,2.84,2.853,818745,233895589.0
2021-06-11,2.862,2.87,2.852,2.857,643792,184155299.0
2021-06-15,2.867,2.87,2.832,2.841,952320,270860926.0
2021-06-16,2.841,2.857,2.826,2.832,742761,210574407.0
2021-06-17,2.832,2.842,2.818,2.824,597758,169073259.0
2021-06-18,2.824,2.828,2.818,2.824,552027,155773135.0
2021-06-21,2.823,2.823,2.81,2.812,627119,176478472.0
2021-06-22,2.812,2.841,2.812,2.837,555151,157109787.0
2021-06-23,2.838,2.878,2.837,2.873,1199351,343279359.0
2021-06-24,2.876,2.903,2.865,2.885,1024793,296189722.0
2021-06-25,2.886,2.903,2.878,2.895,706785,204518997.0
2021-06-28,2.895,2.895,2.856,2.859,886581,254155154.0
2021-06-29,2.859,2.859,2.836,2.838,678648,192953482.0
2021-06-30,2.838,2.859,2.834,2.852,461182,131384064.0
2021-07-01,2.855,2.871,2.846,2.853,476538,136352251.0
2021-07-02,2.853,2.856,2.828,2.829,993107,281617536.0
2021-07-05,2.83,2.842,2.82,2.836,843616,238757533.0
2021-07-06,2.836,2.843,2.83,2.843,439562,124675263.0
2021-07-07,2.84,2.85,2.828,2.846,591883,167871898.0
2021-07-08,2.846,2.846,2.8,2.803,1864367,524705160.0
2021-07-09,2.803,2.822,2.777,2.821,676439,189839624.0
2021-07-12,2.821,2.842,2.815,2.826,527063,149107702.0
2021-07-13,2.827,2.851,2.822,2.848,860568,244483695.0
2021-07-14,2.848,2.864,2.846,2.854,806611,230467321.0
2021-07-15,2.854,2.887,2.835,2.885,1281521,368327528.0
2021-07-16,2.885,2.913,2.878,2.897,1676228,486934210.0
2021-07-19,2.9,2.911,2.884,2.889,624875,181034519.0
2021-07-20,2.883,2.883,2.853,2.869,417752,119613041.0
2021-07-21,2.873,2.888,2.858,2.865,494007,141551763.0
2021-07-22,2.865,2.89,2.859,2.89,515361,148472882.0
2021-07-23,2.894,2.913,2.872,2.881,863821,250435465.0
2021-07-26,2.88,2.88,2.808,2.832,1733978,491898553.0
2021-07-27,2.832,2.852,2.767,2.773,1906764,534206855.0
2021-07-28,2.774,2.791,2.714,2.747,1604311,440520823.0
2021-07-29,2.758,2.778,2.745,2.769,1257468,346934774.0
2021-07-30,2.769,2.803,2.756,2.8,598080,166448020.0
2021-08-02,2.799,2.799,2.72,2.777,1334437,366210390.0
2021-08-03,2.765,2.77,2.733,2.738,1199598,329226205.0
2021-08-04,2.739,2.764,2.739,2.762,626151,172452781.0
2021-08-05,2.761,2.776,2.743,2.75,589701,162426206.0
2021-08-06,2.75,2.763,2.735,2.761,641208,176490221.0
2021-08-09,2.761,2.812,2.752,2.801,1332940,372786385.0
2021-08-10,2.801,2.803,2.781,2.8,439750,122818529.0
2021-08-11,2.809,2.861,2.808,2.858,1883647,537017704.0
2021-08-12,2.857,2.896,2.841,2.889,1947294,562271912.0
2021-08-13,2.887,2.891,2.869,2.884,955497,275390650.0
2021-08-16,2.884,2.909,2.881,2.892,1219674,353359122.0
2021-08-17,2.89,2.908,2.852,2.858,1027581,295825653.0
2021-08-18,2.858,2.88,2.857,2.876,644901,185024404.0
2021-08-19,2.869,2.873,2.849,2.866,433726,124168770.0
2021-08-20,2.864,2.883,2.849,2.881,785004,224926439.0
2021-08-23,2.894,2.91,2.889,2.894,927207,268748285.0
2021-08-24,2.903,2.927,2.9,2.918,1817253,529770195.0
2021-08-25,2.918,2.952,2.914,2.952,1147941,337034160.0
2021-08-26,2.951,3.008,2.945,2.993,1803665,539542479.0
2021-08-27,2.991,3.025,2.95,3.022,981590,295215740.0
2021-08-30,3.026,3.05,3.015,3.047,898550,272830536.0
2021-08-31,3.047,3.122,3.035,3.12,925050,285661626.0
2021-09-01,3.133,3.168,3.084,3.115,1460459,455905458.0
2021-09-02,3.114,3.196,3.11,3.194,929194,293427061.0
2021-09-03,3.194,3.196,3.163,3.171,975033,309707761.0
2021-09-06,3.181,3.216,3.174,3.199,825657,263612114.0
2021-09-07,3.205,3.291,3.204,3.28,1158684,377698273.0
2021-09-08,3.281,3.333,3.266,3.316,1037359,342295406.0
2021-09-09,3.318,3.422,3.3,3.417,1418019,478579169.0
2021-09-10,3.418,3.423,3.349,3.354,1969721,666206550.0
2021-09-13,3.354,3.448,3.349,3.426,1513006,515098233.0
2021-09-14,3.426,3.426,3.35,3.356,1354290,457733191.0
2021-09-15,3.355,3.374,3.31,3.333,1407104,469213438.0
2021-09-16,3.358,3.401,3.315,3.32,1067771,359155234.0
2021-09-17,3.315,3.347,3.175,3.231,1716143,557034837.0
2021-09-22,3.215,3.289,3.175,3.289,1332371,430435672.0
2021-09-23,3.331,3.355,3.257,3.28,766798,252965615.0
2021-09-24,3.265,3.267,3.16,3.166,1517003,485141078.0
2021-09-27,3.166,3.184,3.069,3.081,1986238,616851894.0
2021-09-28,3.081,3.164,3.08,3.159,957427,299674452.0
2021-09-29,3.158,3.159,3.057,3.075,980071,302838464.0
2021-09-30,3.074,3.093,3.041,3.09,875978,268920995.0
2021-10-08,3.117,3.133,3.055,3.08,779815,239836659.0
2021-10-11,3.082,3.125,3.071,3.123,879869,273105483.0
2021-10-12,3.123,3.163,3.044,3.083,1065657,328443942.0
2021-10-13,3.083,3.085,3.003,3.043,1043977,316476018.0
2021-10-14,3.029,3.047,3.001,3.026,538462,162938722.0
2021-10-15,3.026,3.056,3.006,3.048,603081,182839100.0
2021-10-18,3.048,3.1,3.034,3.097,679310,208984179.0
2021-10-19,3.097,3.124,3.07,3.109,560944,174311862.0
2021-10-20,3.088,3.088,3.028,3.035,1025622,311805593.0
2021-10-21,3.031,3.101,3.03,3.073,884460,271973356.0
2021-10-22,3.067,3.094,3.006,3.011,1698146,514080264.0
2021-10-25,3.013,3.02,2.98,3.01,804033,241653957.0
2021-10-26,3.01,3.013,2.976,2.984,1146377,342754379.0
2021-10-27,2.98,2.98,2.909,2.913,1305914,382216351.0
2021-10-28,2.9,2.901,2.828,2.836,1716292,487826810.0
2021-10-29,2.836,2.847,2.82,2.84,1158580,328268926.0
2021-11-01,2.838,2.857,2.818,2.849,788030,223832581.0
2021-11-02,2.85,2.857,2.768,2.798,2159141,604623050.0
2021-11-03,2.798,2.845,2.796,2.839,849073,239818596.0
2021-11-04,2.837,2.838,2.811,2.832,716392,202065461.0
2021-11-05,2.824,2.824,2.791,2.793,1052384,294914811.0
2021-11-08,2.793,2.807,2.785,2.79,797037,222808928.0
2021-11-09,2.79,2.793,2.766,2.776,1002447,278235844.0
2021-11-10,2.77,2.771,2.726,2.769,1240317,340086989.0
2021-11-11,2.77,2.82,2.77,2.816,1085394,304356156.0
2021-11-12,2.817,2.819,2.789,2.8,756905,211897829.0
2021-11-15,2.8,2.805,2.786,2.804,489632,136936718.0
2021-11-16,2.804,2.816,2.785,2.787,825319,230849502.0
2021-11-17,2.787,2.792,2.777,2.79,470322,131001754.0
2021-11-18,2.791,2.807,2.786,2.79,469834,131336721.0
2021-11-19,2.787,2.835,2.776,2.826,957278,268921613.0
2021-11-22,2.828,2.84,2.819,2.825,932854,263721796.0
2021-11-23,2.825,2.85,2.82,2.838,704615,200044011.0
2021-11-24,2.842,2.871,2.842,2.87,692753,197919903.0
2021-11-25,2.87,2.88,2.843,2.859,578730,165362116.0
2021-11-26,2.85,2.85,2.822,2.827,554985,157140533.0
2021-11-29,2.808,2.808,2.778,2.792,913890,254651748.0
2021-11-30,2.792,2.818,2.783,2.794,562664,157409313.0
2021-12-01,2.793,2.821,2.783,2.819,555689,156005758.0
2021-12-02,2.818,2.841,2.811,2.834,604607,171058364.0
2021-12-03,2.834,2.88,2.817,2.865,933619,266551655.0
2021-12-06,2.865,2.897,2.85,2.857,1359496,390765863.0
2021-12-07,2.877,2.888,2.855,2.887,672775,193500025.0
2021-12-08,2.887,2.888,2.867,2.887,581214,167325359.0
2021-12-09,2.887,2.906,2.877,2.898,717837,207876355.0
2021-12-10,2.89,2.89,2.87,2.878,858552,247052280.0
2021-12-13,2.878,2.884,2.865,2.869,590914,169731982.0
2021-12-14,2.865,2.865,2.831,2.831,927620,263518251.0
2021-12-15,2.828,2.852,2.821,2.843,498013,141394745.0
2021-12-16,2.846,2.886,2.845,2.885,938992,269980615.0
2021-12-17,2.889,2.898,2.864,2.869,695371,200057127.0
2021-12-20,2.868,2.882,2.839,2.843,679482,193779494.0
2021-12-21,2.842,2.885,2.84,2.882,778788,223883408.0
2021-12-22,2.882,2.885,2.867,2.877,407297,117104222.0
2021-12-23,2.876,2.89,2.869,2.886,547085,157482683.0
2021-12-24,2.886,2.887,2.866,2.875,446678,128333116.0
2021-12-27,2.874,2.898,2.87,2.882,505623,145875503.0
2021-12-28,2.882,2.885,2.854,2.865,673951,192874123.0
2021-12-29,2.864,2.867,2.852,2.855,467483,133611469.0
2021-12-30,2.855,2.858,2.848,2.852,394465,112535835.0
2021-12-31,2.852,2.879,2.851,2.876,558591,160338192.0
2022-01-04,2.892,2.922,2.891,2.918,1242697,361385077.0
2022-01-05,2.917,2.917,2.891,2.909,701525,203801194.0
2022-01-06,2.905,2.921,2.895,2.913,897727,261710120.0
2022-01-07,2.912,2.945,2.908,2.929,727560,213333837.0
2022-01-10,2.929,2.949,2.921,2.948,807304,237005126.0
2022-01-11,2.947,2.98,2.94,2.969,680464,201931038.0
2022-01-12,2.969,2.972,2.938,2.957,774546,228812927.0
2022-01-13,2.957,2.98,2.955,2.956,780524,231662358.0
2022-01-14,2.955,2.955,2.908,2.911,1094534,319212063.0
2022-01-17,2.825,2.849,2.818,2.828,822746,232787466.0
2022-01-18,2.828,2.866,2.822,2.858,527282,149910001.0
2022-01-19,2.858,2.893,2.858,2.875,1067506,307467199.0
2022-01-20,2.872,2.89,2.851,2.861,1183632,339574560.0
2022-01-21,2.861,2.866,2.841,2.858,694438,197990946.0
2022-01-24,2.856,2.857,2.825,2.844,592175,168394805.0
2022-01-25,2.841,2.841,2.764,2.765,1597719,446286086.0
2022-01-26,2.765,2.782,2.749,2.773,1240445,343083038.0
2022-01-27,2.773,2.786,2.754,2.755,919999,254737683.0
2022-01-28,2.756,2.767,2.725,2.747,1455888,399632344.0
2022-02-07,2.753,2.812,2.753,2.806,955122,266826407.0
2022-02-08,2.817,2.877,2.815,2.873,1225629,349111992.0
2022-02-09,2.873,2.898,2.872,2.879,1015882,292975226.0
2022-02-10,2.878,2.922,2.851,2.92,1437874,416937103.0
2022-02-11,2.919,2.955,2.909,2.923,1615328,474829587.0
2022-02-14,2.922,2.922,2.87,2.877,1156701,334343401.0
2022-02-15,2.876,2.877,2.848,2.858,861188,246354429.0
2022-02-16,2.858,2.892,2.858,2.887,759919,218883048.0
2022-02-17,2.886,2.886,2.861,2.873,971021,279415983.0
2022-02-18,2.869,2.928,2.861,2.926,1227240,357450588.0
2022-02-21,2.922,2.953,2.908,2.952,1155463,338433756.0
2022-02-22,2.935,2.944,2.91,2.941,935396,273648182.0
2022-02-23,2.938,2.938,2.891,2.91,831033,241717129.0
2022-02-24,2.906,2.91,2.856,2.885,1158642,333982152.0
2022-02-25,2.884,2.91,2.846,2.865,962049,276612482.0
2022-02-28,2.865,2.877,2.839,2.874,654959,187353801.0
2022-03-01,2.878,2.911,2.874,2.904,663202,191864488.0
2022-03-02,2.906,2.941,2.905,2.937,1400838,409975845.0
2022-03-03,2.939,2.979,2.939,2.972,1681635,499386302.0
2022-03-04,2.968,2.987,2.934,2.962,1115861,330429079.0
2022-03-07,2.975,2.988,2.929,2.942,1255670,370867959.0
2022-03-08,2.936,2.936,2.851,2.859,1341510,386860865.0
2022-03-09,2.86,2.885,2.745,2.802,2626871,740788366.0
2022-03-10,2.819,2.873,2.803,2.848,2074052,590208056.0
2022-03-11,2.842,2.872,2.791,2.868,839218,238318929.0
2022-03-14,2.862,2.897,2.826,2.829,1246834,356651095.0
2022-03-15,2.821,2.821,2.666,2.671,3420791,933454133.0
2022-03-16,2.674,2.738,2.6,2.73,2738197,733318777.0
2022-03-17,2.752,2.792,2.739,2.76,1370513,378095614.0
2022-03-18,2.76,2.836,2.752,2.83,1268437,355787498.0
2022-03-21,2.829,2.86,2.821,2.849,913094,259608329.0
2022-03-22,2.847,2.909,2.835,2.897,1346716,388568960.0
2022-03-23,2.895,2.907,2.862,2.893,1051964,303894053.0
2022-03-24,2.887,2.91,2.878,2.9,1025762,297424648.0
2022-03-25,2.899,2.929,2.889,2.901,1292778,375960119.0
2022-03-28,2.9,2.951,2.87,2.947,2305145,676216232.0
2022-03-29,2.944,2.967,2.926,2.965,1345784,397132437.0
2022-03-30,2.952,2.98,2.94,2.973,1076469,319005873.0
2022-03-31,2.972,3.038,2.972,3.012,2166701,653350577.0
2022-04-01,3.006,3.049,2.992,3.045,1209413,365883001.0
2022-04-06,3.043,3.096,3.031,3.09,1443128,442130261.0
2022-04-07,3.075,3.09,3.035,3.044,2087415,638769619.0
2022-04-08,3.04,3.08,3.01,3.079,1848475,563347897.0
2022-04-11,3.076,3.076,3.012,3.02,2533756,771250765.0
2022-04-12,3.017,3.044,2.985,3.01,1397579,421213103.0
2022-04-13,3.001,3.069,2.997,3.033,840998,255283569.0
2022-04-14,3.038,3.098,3.031,3.089,924358,283970892.0
2022-04-15,3.08,3.12,3.045,3.056,1124177,346550240.0
2022-04-18,3.04,3.044,2.981,2.992,1142622,343546824.0
2022-04-19,2.986,3.039,2.968,3.036,1050532,316634859.0
2022-04-20,3.02,3.026,2.932,2.949,1452606,431732533.0
2022-04-21,2.939,2.96,2.88,2.895,1654880,481824473.0
2022-04-22,2.886,2.931,2.858,2.925,1402015,408026586.0
2022-04-25,2.899,2.899,2.8,2.801,2237596,635732956.0
2022-04-26,2.801,2.828,2.753,2.762,2276881,633145239.0
2022-04-27,2.765,2.799,2.735,2.798,2200676,609292803.0
2022-04-28,2.796,2.849,2.788,2.844,1435094,404972299.0
2022-04-29,2.844,2.886,2.812,2.878,1483256,423207900.0
2022-05-05,2.877,2.886,2.847,2.867,926666,265651154.0
2022-05-06,2.829,2.835,2.783,2.792,1306035,365960912.0
2022-05-09,2.788,2.788,2.761,2.784,1202058,333820255.0
2022-05-10,2.784,2.788,2.726,2.787,1546432,426023741.0
2022-05-11,2.786,2.808,2.778,2.785,1047510,292617341.0
2022-05-12,2.785,2.795,2.75,2.773,1077044,298486460.0
2022-05-13,2.773,2.829,2.773,2.828,1298724,364637155.0
2022-05-16,2.856,2.879,2.829,2.872,1315313,375899888.0
2022-05-17,2.871,2.879,2.836,2.862,642637,183657461.0
2022-05-18,2.861,2.861,2.827,2.834,722576,204993412.0
2022-05-19,2.81,2.837,2.799,2.837,679046,191397309.0
2022-05-20,2.837,2.88,2.836,2.876,1040242,298324700.0
2022-05-23,2.883,2.898,2.872,2.88,659382,190068279.0
2022-05-24,2.88,2.887,2.834,2.836,772512,221018002.0
2022-05-25,2.833,2.867,2.822,2.865,743564,212126326.0
2022-05-26,2.867,2.91,2.859,2.905,1228364,355368972.0
2022-05-27,2.906,2.915,2.895,2.904,1109063,322004062.0
2022-05-30,2.904,2.915,2.878,2.89,706765,204191834.0
2022-05-31,2.888,2.897,2.875,2.894,643490,185680252.0
2022-06-01,2.89,2.905,2.877,2.903,699983,202341214.0
2022-06-02,2.902,2.902,2.869,2.885,689719,198647349.0
2022-06-06,2.883,2.886,2.859,2.884,1529238,439627707.0
2022-06-07,2.884,2.912,2.872,2.899,1060243,306825196.0
2022-06-08,2.904,2.938,2.888,2.937,1171818,341857243.0
2022-06-09,2.935,2.969,2.926,2.944,872806,257068255.0
2022-06-10,2.939,2.972,2.919,2.964,861912,254638465.0
2022-06-13,2.954,2.954,2.901,2.92,721993,210962351.0
2022-06-14,2.905,2.96,2.897,2.958,1571499,459615657.0
2022-06-15,2.955,3.001,2.943,2.961,1321361,393702110.0
2022-06-16,2.96,2.975,2.904,2.914,1069417,312929275.0
2022-06-17,2.9,2.914,2.885,2.907,1074420,311393231.0
2022-06-20,2.902,2.902,2.875,2.885,926790,267177374.0
2022-06-21,2.885,2.905,2.878,2.891,739908,214252619.0
2022-06-22,2.89,2.894,2.85,2.855,892693,256144761.0
2022-06-23,2.853,2.883,2.84,2.879,896028,256530803.0
2022-06-24,2.88,2.892,2.87,2.883,652722,187892209.0
2022-06-27,2.883,2.915,2.88,2.91,920136,267258326.0
2022-06-28,2.91,2.935,2.906,2.935,730164,213481306.0
2022-06-29,2.934,2.97,2.93,2.947,1138714,336337179.0
2022-06-30,2.947,2.972,2.938,2.964,809301,239596096.0
2022-07-01,2.962,2.976,2.936,2.969,1008546,298337923.0
2022-07-04,2.966,2.981,2.957,2.975,612567,181800280.0
2022-07-05,2.98,3.004,2.972,2.989,1224467,366071726.0
2022-07-06,2.974,2.975,2.905,2.923,1080130,316190698.0
2022-07-07,2.922,2.944,2.911,2.936,485136,142204590.0
2022-07-08,2.948,2.955,2.93,2.934,555124,163097998.0
2022-07-11,2.931,2.931,2.896,2.907,708148,205670178.0
2022-07-12,2.907,2.944,2.907,2.93,686498,201131104.0
2022-07-13,2.93,2.936,2.914,2.928,404523,118288747.0
2022-07-14,2.928,2.928,2.89,2.898,894426,259196175.0
2022-07-15,2.898,2.91,2.857,2.858,1011467,291245066.0
2022-07-18,2.859,2.917,2.859,2.917,1167972,339116684.0
2022-07-19,2.917,2.927,2.905,2.921,493102,143799156.0
2022-07-20,2.92,2.935,2.92,2.926,399507,116957199.0
2022-07-21,2.925,2.925,2.88,2.882,881328,254806513.0
2022-07-22,2.88,2.886,2.85,2.865,1243263,356166693.0
2022-07-25,2.867,2.885,2.865,2.874,537071,154249151.0
2022-07-26,2.874,2.921,2.862,2.912,1136167,329550853.0
2022-07-27,2.907,2.922,2.893,2.912,670722,195244569.0
2022-07-28,2.918,2.929,2.91,2.923,839517,245193656.0
2022-07-29,2.925,2.931,2.896,2.901,592592,172407869.0
2022-08-01,2.901,2.914,2.874,2.908,805697,233412233.0
2022-08-02,2.9,2.901,2.827,2.845,1774883,506095433.0
2022-08-03,2.843,2.875,2.812,2.817,1258226,357210142.0
2022-08-04,2.82,2.829,2.796,2.821,1307828,367557703.0
2022-08-05,2.821,2.829,2.8,2.825,1103469,310308328.0
2022-08-08,2.826,2.861,2.821,2.856,871181,248224904.0
2022-08-09,2.856,2.88,2.847,2.877,677843,194631563.0
2022-08-10,2.876,2.88,2.852,2.861,503481,144108965.0
2022-08-11,2.867,2.889,2.863,2.888,731091,210635118.0
2022-08-12,2.888,2.918,2.888,2.915,1107164,322211704.0
2022-08-15,2.913,2.944,2.91,2.929,968423,283963414.0
2022-08-16,2.929,2.946,2.922,2.939,1033862,303620120.0
2022-08-17,2.937,2.95,2.925,2.943,789885,232402956.0
2022-08-18,2.941,2.954,2.916,2.919,671697,196591374.0
2022-08-19,2.922,2.964,2.922,2.944,1319032,389189740.0
2022-08-22,2.945,2.974,2.942,2.97,850620,252134030.0
2022-08-23,2.969,2.993,2.948,2.98,898388,267437970.0
2022-08-24,2.981,2.988,2.934,2.936,815757,241347361.0
2022-08-25,2.943,3.003,2.943,3.001,1885118,563178935.0
2022-08-26,3.0,3.007,2.975,2.98,855335,255627411.0
2022-08-29,2.979,3.007,2.938,3.002,967073,288554415.0
2022-08-30,3.0,3.008,2.959,2.975,546857,162812945.0
2022-08-31,2.974,2.98,2.946,2.957,619834,183514643.0
2022-09-01,2.955,3.019,2.95,2.985,1504435,450895200.0
2022-09-02,2.985,2.991,2.969,2.979,488709,145499574.0
2022-09-05,2.99,3.035,2.979,3.033,1640818,495637940.0
2022-09-06,3.038,3.086,3.032,3.082,1215842,372872185.0
2022-09-07,3.081,3.086,3.057,3.074,721788,221861140.0
2022-09-08,3.072,3.084,3.043,3.065,573584,175933465.0
2022-09-09,3.067,3.112,3.067,3.108,923632,286265047.0
2022-09-13,3.107,3.112,3.077,3.085,589927,182567215.0
2022-09-14,3.069,3.092,3.055,3.059,584715,179516068.0
2022-09-15,3.073,3.106,3.035,3.071,1159229,356165435.0
2022-09-16,3.065,3.068,2.974,2.981,986927,297417656.0
2022-09-19,2.974,2.998,2.954,2.981,841042,250782013.0
2022-09-20,2.991,3.002,2.973,2.978,473975,141484064.0
2022-09-21,2.973,3.014,2.96,3.005,620241,185551315.0
2022-09-22,2.996,3.023,2.99,3.017,562687,169303488.0
2022-09-23,3.014,3.036,2.985,2.993,748479,224904412.0
2022-09-26,2.984,2.997,2.938,2.945,891148,264845105.0
2022-09-27,2.945,2.963,2.906,2.961,568009,166582598.0
2022-09-28,2.961,2.965,2.933,2.94,590470,173862188.0
2022-09-29,2.949,2.973,2.921,2.935,586342,172937701.0
2022-09-30,2.935,2.976,2.932,2.96,503431,148680974.0
2022-10-10,2.961,3.014,2.96,2.965,759051,226563525.0
2022-10-11,2.965,2.971,2.93,2.955,657685,193896407.0
2022-10-12,2.954,2.991,2.926,2.99,541098,159773463.0
2022-10-13,2.986,2.986,2.925,2.944,880156,259010066.0
2022-10-14,2.948,2.987,2.948,2.976,603770,179562588.0
2022-10-17,2.976,2.976,2.925,2.967,525176,154784435.0
2022-10-18,2.965,2.979,2.95,2.962,338602,100393704.0
2022-10-19,2.961,2.98,2.95,2.959,422672,125469677.0
2022-10-20,2.955,2.955,2.925,2.933,654097,191859245.0
2022-10-21,2.933,2.962,2.933,2.946,402983,118821049.0
2022-10-24,2.945,2.953,2.879,2.894,931078,270974434.0
2022-10-25,2.895,2.9,2.846,2.866,817895,234449644.0
2022-10-26,2.865,2.88,2.84,2.849,806502,230598026.0
2022-10-27,2.85,2.877,2.849,2.863,626592,179621077.0
2022-10-28,2.86,2.86,2.803,2.814,1061274,299876415.0
2022-10-31,2.814,2.815,2.738,2.747,1885467,520446726.0
2022-11-01,2.748,2.767,2.725,2.767,1613488,442238474.0
2022-11-02,2.767,2.806,2.751,2.8,831732,231424406.0
2022-11-03,2.789,2.795,2.771,2.781,567083,157847968.0
2022-11-04,2.781,2.844,2.781,2.829,722553,203877597.0
2022-11-07,2.829,2.865,2.823,2.854,607538,173023737.0
2022-11-08,2.854,2.862,2.844,2.854,461409,131609691.0
2022-11-09,2.854,2.88,2.851,2.852,688503,197164153.0
2022-11-10,2.847,2.87,2.816,2.859,716305,204058304.0
2022-11-11,2.898,2.938,2.887,2.921,1194560,347741401.0
2022-11-14,2.95,2.972,2.9,2.91,786238,230653245.0
2022-11-15,2.91,2.923,2.888,2.92,492170,143360828.0
2022-11-16,2.92,2.923,2.907,2.911,361663,105405225.0
2022-11-17,2.91,2.91,2.872,2.89,638277,184171854.0
2022-11-18,2.89,2.891,2.871,2.877,535417,154123180.0
2022-11-21,2.868,2.871,2.839,2.866,460316,131386213.0
2022-11-22,2.866,2.905,2.865,2.885,552430,159345661.0
2022-11-23,2.884,2.916,2.88,2.901,944300,274258846.0
2022-11-24,2.913,2.92,2.897,2.917,491450,143185060.0
2022-11-25,2.916,2.97,2.913,2.966,1328638,392629163.0
2022-11-28,2.946,2.956,2.918,2.948,625337,183818533.0
2022-11-29,2.985,3.036,2.97,3.034,2016040,607437968.0
2022-11-30,3.028,3.063,3.004,3.014,882839,267525107.0
2022-12-01,3.038,3.044,2.99,2.993,688166,207140895.0
2022-12-02,2.993,2.993,2.955,2.972,1036667,307550700.0
2022-12-05,2.983,3.034,2.983,3.025,869015,262062372.0
2022-12-06,3.022,3.023,2.999,3.013,677708,203853657.0
2022-12-07,3.006,3.018,2.985,2.998,466251,139918417.0
2022-12-08,2.997,3.022,2.989,3.013,496940,149492388.0
2022-12-09,3.011,3.025,3.0,3.02,542183,163344675.0
2022-12-12,3.008,3.011,2.957,2.958,821763,244570794.0
2022-12-13,2.958,2.982,2.953,2.972,348464,103509561.0
2022-12-14,2.972,2.974,2.96,2.966,344612,102197956.0
2022-12-15,2.964,2.965,2.923,2.931,739360,216964764.0
2022-12-16,2.926,2.968,2.92,2.953,587142,173326482.0
2022-12-19,2.953,2.964,2.898,2.914,727546,212598731.0
2022-12-20,2.914,2.915,2.865,2.88,802037,231240543.0
2022-12-21,2.882,2.899,2.87,2.883,748950,215714424.0
2022-12-22,2.89,2.906,2.852,2.861,774556,222861041.0
2022-12-23,2.86,2.869,2.843,2.851,671519,191529018.0
2022-12-26,2.851,2.856,2.842,2.844,655261,186517982.0
2022-12-27,2.846,2.877,2.846,2.872,666164,191115142.0
2022-12-28,2.872,2.883,2.854,2.878,445169,127890498.0
2022-12-29,2.876,2.876,2.841,2.849,744645,212229124.0
2022-12-30,2.85,2.865,2.846,2.863,553765,158246823.0
2023-01-03,2.864,2.883,2.854,2.876,485832,139524146.0
2023-01-04,2.876,2.905,2.869,2.897,536863,155397648.0
2023-01-05,2.9,2.908,2.892,2.902,501861,145528108.0
2023-01-06,2.902,2.904,2.892,2.897,512677,148478958.0
2023-01-09,2.901,2.907,2.89,2.899,518674,150340271.0
2023-01-10,2.9,2.904,2.878,2.883,852621,245937423.0
2023-01-11,2.883,2.911,2.881,2.905,649431,188233342.0
2023-01-12,2.905,2.906,2.882,2.892,905973,261787768.0
2023-01-13,2.893,2.91,2.893,2.907,667608,193887486.0
2023-01-16,2.82,2.82,2.77,2.788,1863794,519675045.0
2023-01-17,2.788,2.792,2.776,2.78,1064218,295838452.0
2023-01-18,2.78,2.791,2.78,2.783,752839,209632690.0
2023-01-19,2.784,2.79,2.775,2.789,909720,252977954.0
2023-01-20,2.79,2.818,2.79,2.817,887005,249116778.0
2023-01-30,2.833,2.849,2.8,2.801,1271491,358000624.0
2023-01-31,2.801,2.81,2.796,2.809,605273,169838230.0
2023-02-01,2.809,2.815,2.796,2.813,780937,219003348.0
2023-02-02,2.813,2.823,2.802,2.817,685800,193023853.0
2023-02-03,2.815,2.816,2.786,2.799,1396940,390425628.0
2023-02-06,2.792,2.792,2.777,2.784,862706,240113329.0
2023-02-07,2.784,2.802,2.784,2.795,587569,164218406.0
2023-02-08,2.797,2.802,2.786,2.788,595259,166306998.0
2023-02-09,2.786,2.8,2.781,2.797,566886,158441046.0
2023-02-10,2.798,2.805,2.792,2.8,690442,193255409.0
2023-02-13,2.8,2.806,2.787,2.805,696179,194855539.0
2023-02-14,2.804,2.823,2.804,2.822,965068,271916690.0
2023-02-15,2.822,2.823,2.805,2.809,590318,165941895.0
2023-02-16,2.809,2.827,2.78,2.794,1288829,362060765.0
2023-02-17,2.799,2.814,2.791,2.799,1148809,322096574.0
2023-02-20,2.799,2.844,2.799,2.843,1751809,495237395.0
2023-02-21,2.848,2.886,2.848,2.879,1300055,373481898.0
2023-02-22,2.879,2.889,2.86,2.883,801624,230813153.0
2023-02-23,2.894,2.91,2.882,2.894,962379,278872064.0
2023-02-24,2.893,2.896,2.869,2.886,739356,213207989.0
2023-02-27,2.88,2.907,2.88,2.891,730676,211572943.0
2023-02-28,2.891,2.898,2.877,2.898,519584,150034861.0
2023-03-01,2.899,2.916,2.898,2.915,1127627,328135308.0
2023-03-02,2.915,2.942,2.91,2.929,862288,252651667.0
2023-03-03,2.93,2.948,2.921,2.944,872135,256196215.0
2023-03-06,2.945,2.95,2.927,2.93,913068,268088307.0
2023-03-07,2.929,2.97,2.92,2.923,1116099,329211304.0
2023-03-08,2.92,2.922,2.901,2.921,772186,224811490.0
2023-03-09,2.922,2.939,2.915,2.917,572954,167495220.0
2023-03-10,2.914,2.914,2.87,2.877,973658,281052253.0
2023-03-13,2.873,2.91,2.87,2.91,726238,209998465.0
2023-03-14,2.91,2.923,2.883,2.895,715216,207670627.0
2023-03-15,2.899,2.925,2.886,2.919,881220,256196945.0
2023-03-16,2.91,2.924,2.894,2.898,720164,209392783.0
2023-03-17,2.901,2.93,2.901,2.917,776820,226786099.0
2023-03-20,2.917,2.941,2.902,2.904,953270,278501185.0
2023-03-21,2.906,2.914,2.887,2.896,636578,184341646.0
2023-03-22,2.9,2.921,2.893,2.91,545841,158789472.0
2023-03-23,2.909,2.915,2.896,2.912,420594,122322128.0
2023-03-24,2.915,2.917,2.89,2.894,620309,179647394.0
2023-03-27,2.894,2.894,2.86,2.873,972384,278881016.0
2023-03-28,2.875,2.886,2.866,2.878,455337,130962552.0
2023-03-29,2.88,2.89,2.871,2.876,342303,98502953.0
2023-03-30,2.875,2.888,2.858,2.887,678842,194987414.0
2023-03-31,2.889,2.905,2.884,2.894,551292,159721785.0
2023-04-03,2.894,2.918,2.894,2.915,756135,220176078.0
2023-04-04,2.913,2.935,2.907,2.928,1102917,322909367.0
2023-04-06,2.928,2.928,2.909,2.911,312259,91008860.0
2023-04-07,2.91,2.922,2.905,2.912,370529,107890557.0
2023-04-10,2.912,2.913,2.901,2.909,459228,133549938.0
2023-04-11,2.909,2.932,2.903,2.932,790545,231070532.0
2023-04-12,2.934,2.967,2.934,2.966,1287813,381179772.0
2023-04-13,2.964,2.986,2.961,2.973,1075160,319787901.0
2023-04-14,2.973,2.979,2.954,2.965,623914,184942348.0
2023-04-17,2.962,3.0,2.952,2.999,992643,296290766.0
2023-04-18,2.997,3.019,2.99,3.018,1191345,358379733.0
2023-04-19,3.016,3.025,3.006,3.013,1234940,372704726.0
2023-04-20,3.01,3.021,2.984,3.009,712193,213582218.0
2023-04-21,3.009,3.038,2.991,2.992,676848,203993526.0
2023-04-24,2.993,3.004,2.98,2.987,1750071,523034033.0
2023-04-25,2.988,3.013,2.97,3.009,1128146,338306937.0
2023-04-26,2.999,3.032,2.97,3.015,1221749,367421983.0
2023-04-27,3.014,3.037,2.999,3.023,1210867,365975685.0
2023-04-28,3.016,3.061,3.013,3.059,1601624,487420768.0
2023-05-04,3.052,3.135,3.042,3.13,1102254,342886224.0
2023-05-05,3.138,3.179,3.119,3.158,1037191,326728367.0
2023-05-08,3.155,3.263,3.148,3.249,1940770,626117647.0
2023-05-09,3.249,3.285,3.208,3.211,2060461,669668909.0
2023-05-10,3.2,3.212,3.132,3.143,1722596,544893190.0
2023-05-11,3.145,3.164,3.125,3.136,783375,246173841.0
2023-05-12,3.136,3.163,3.11,3.123,926689,290498741.0
2023-05-15,3.122,3.123,3.046,3.116,1223200,376965463.0
2023-05-16,3.113,3.138,3.091,3.096,794161,247617056.0
2023-05-17,3.096,3.105,3.071,3.083,722698,223115088.0
2023-05-18,3.085,3.129,3.084,3.111,654278,203631845.0
2023-05-19,3.098,3.098,3.064,3.068,2094556,644546232.0
2023-05-22,3.065,3.076,3.045,3.058,697594,213381011.0
2023-05-23,3.056,3.066,3.02,3.02,671807,204377434.0
2023-05-24,3.018,3.018,2.974,2.978,961954,287369302.0
2023-05-25,2.974,2.978,2.932,2.963,910527,268765483.0
2023-05-26,2.96,2.999,2.946,2.991,1057589,314225157.0
2023-05-29,2.999,3.044,2.981,3.022,1536139,463052316.0
2023-05-30,3.016,3.029,2.98,3.021,805466,242262389.0
2023-05-31,3.012,3.018,2.982,2.988,787210,235788344.0
2023-06-01,2.99,3.011,2.971,2.985,645278,192860693.0
2023-06-02,2.987,3.0,2.977,2.984,854959,255216880.0
2023-06-05,2.985,3.005,2.973,3.002,612976,183532760.0
2023-06-06,3.002,3.038,2.982,2.992,812045,244827859.0
2023-06-07,2.991,3.028,2.976,3.023,970895,292681837.0
2023-06-08,3.021,3.068,3.006,3.06,1003716,305208527.0
2023-06-09,3.058,3.059,3.032,3.041,601660,183079655.0
2023-06-12,3.041,3.041,3.006,3.01,762985,230181326.0
2023-06-13,3.004,3.017,2.998,3.003,494480,148532062.0
2023-06-14,3.003,3.025,2.984,2.985,781806,234506339.0
2023-06-15,2.988,2.997,2.98,2.994,587570,175553046.0
2023-06-16,2.994,3.001,2.988,2.989,878893,263149365.0
2023-06-19,2.989,2.99,2.95,2.952,1030814,305355734.0
2023-06-20,2.95,2.951,2.922,2.925,837875,245848047.0
2023-06-21,2.924,2.938,2.905,2.908,959552,280357291.0
2023-06-26,2.9,2.9,2.861,2.862,1856509,533908538.0
2023-06-27,2.862,2.92,2.862,2.915,1146555,331625619.0
2023-06-28,2.911,2.938,2.905,2.935,790247,231038912.0
2023-06-29,2.934,2.943,2.918,2.933,761334,223326056.0
2023-06-30,2.931,2.948,2.929,2.938,716084,210589391.0
2023-07-03,2.94,2.975,2.94,2.973,972362,287933594.0
2023-07-04,2.97,2.97,2.936,2.95,642263,189330282.0
2023-07-05,2.944,2.957,2.933,2.948,1092783,322285370.0
2023-07-06,2.948,2.957,2.934,2.941,556868,163866682.0
2023-07-07,2.936,2.961,2.932,2.959,593350,175070563.0
2023-07-10,2.96,2.972,2.954,2.966,479310,142027990.0
2023-07-11,2.968,2.973,2.95,2.964,401942,119043555.0
2023-07-12,2.966,2.969,2.94,2.946,513875,151754232.0
2023-07-13,2.95,2.981,2.948,2.977,669262,198755934.0
2023-07-14,2.979,3.002,2.978,2.992,732841,219133170.0
2023-07-17,2.983,2.983,2.96,2.975,460003,136395587.0
2023-07-18,2.974,2.981,2.96,2.968,373974,111046330.0
2023-07-19,2.965,2.988,2.965,2.987,473091,140887349.0
2023-07-20,2.987,2.996,2.972,2.978,415692,124019111.0
2023-07-21,2.974,2.984,2.967,2.978,377542,112343994.0
2023-07-24,2.97,2.988,2.961,2.976,574601,170934718.0
2023-07-25,2.993,3.019,2.993,3.018,1076292,324197417.0
2023-07-26,3.019,3.031,3.015,3.025,883122,266949260.0
2023-07-27,3.024,3.058,3.019,3.034,1020283,310293894.0
2023-07-28,3.028,3.093,3.027,3.086,1348148,414367885.0
2023-07-31,3.101,3.134,3.093,3.106,1151875,357919395.0
2023-08-01,3.105,3.125,3.096,3.11,1054226,327903473.0
2023-08-02,3.108,3.108,3.065,3.071,927511,285621180.0
2023-08-03,3.063,3.088,3.051,3.087,701564,215303794.0
2023-08-04,3.097,3.112,3.073,3.076,904780,279491037.0
2023-08-07,3.072,3.072,3.039,3.048,552956,168500139.0
2023-08-08,3.042,3.059,3.033,3.043,558145,169965280.0
2023-08-09,3.043,3.043,3.03,3.033,370086,112315761.0
2023-08-10,3.033,3.065,3.029,3.054,409195,124854924.0
2023-08-11,3.054,3.061,3.011,3.012,500889,151592860.0
2023-08-14,2.997,3.012,2.972,3.006,813552,243440080.0
2023-08-15,3.006,3.036,2.997,3.03,994551,300584131.0
2023-08-16,3.025,3.043,3.006,3.029,748720,226597756.0
2023-08-17,3.013,3.029,3.0,3.028,690161,208002829.0
2023-08-18,3.024,3.058,3.023,3.029,789580,239931265.0
2023-08-21,3.029,3.034,3.0,3.004,866619,261038783.0
2023-08-22,3.005,3.031,2.993,3.022,825060,248446640.0
2023-08-23,3.019,3.058,3.016,3.028,793974,241209477.0
2023-08-24,3.028,3.039,3.007,3.012,724400,218735083.0
2023-08-25,3.01,3.033,3.001,3.015,1068480,322352398.0
2023-08-28,3.15,3.168,3.047,3.057,1726732,531886076.0
2023-08-29,3.049,3.064,3.035,3.057,860036,262486451.0
2023-08-30,3.057,3.057,3.016,3.027,926290,280901440.0
2023-08-31,3.024,3.034,2.988,2.994,1023376,307111445.0
2023-09-01,2.995,3.028,2.995,3.022,667127,201150060.0
2023-09-04,3.032,3.075,3.032,3.068,1059034,324183861.0
2023-09-05,3.068,3.068,3.034,3.044,618360,188196574.0
2023-09-06,3.036,3.049,3.025,3.041,456884,138699883.0
2023-09-07,3.04,3.057,3.031,3.033,725476,220821934.0
2023-09-08,3.025,3.029,3.007,3.014,695400,209658836.0
2023-09-11,3.015,3.039,3.014,3.035,463782,140555589.0
2023-09-12,3.033,3.038,3.026,3.03,312388,94657868.0
2023-09-13,3.033,3.057,3.033,3.045,716524,218130039.0
2023-09-14,3.044,3.086,3.037,3.083,1194308,366654561.0
2023-09-15,3.085,3.11,3.072,3.085,1047897,323953455.0
2023-09-18,3.084,3.087,3.054,3.087,617683,189560174.0
2023-09-19,3.085,3.113,3.082,3.108,735354,228239533.0
2023-09-20,3.106,3.121,3.095,3.116,655175,204077919.0
2023-09-21,3.107,3.123,3.095,3.097,1047294,324973555.0
2023-09-22,3.083,3.112,3.082,3.111,1007621,312511526.0
2023-09-25,3.107,3.125,3.095,3.105,861186,268039907.0
2023-09-26,3.101,3.11,3.088,3.092,446007,137978930.0
2023-09-27,3.091,3.097,3.075,3.081,710823,219143617.0
2023-09-28,3.084,3.09,3.076,3.077,520790,160507715.0
2023-10-09,3.077,3.078,3.042,3.072,662659,202879871.0
2023-10-10,3.072,3.078,3.041,3.043,637081,194512034.0
2023-10-11,3.047,3.051,3.026,3.034,760371,230940816.0
2023-10-12,3.043,3.066,3.041,3.06,620371,189335369.0
2023-10-13,3.046,3.065,3.037,3.056,535202,163522910.0
2023-10-16,3.058,3.076,3.05,3.075,707510,216776420.0
2023-10-17,3.073,3.076,3.059,3.071,393282,120585680.0
2023-10-18,3.068,3.071,3.047,3.048,529825,161883635.0
2023-10-19,3.039,3.043,3.0,3.003,910391,274436031.0
2023-10-20,2.999,2.999,2.97,2.98,1070550,319540226.0
2023-10-23,2.979,2.983,2.935,2.95,805009,238086559.0
2023-10-24,2.968,2.972,2.95,2.971,693513,205279078.0
2023-10-25,2.987,3.003,2.981,2.994,835238,249738015.0
2023-10-26,2.987,3.007,2.975,3.004,524288,156824086.0
2023-10-27,3.004,3.027,2.998,3.015,808122,243815269.0
2023-10-30,3.009,3.01,2.97,2.974,1181718,351932913.0
2023-10-31,2.972,2.983,2.961,2.982,532119,158216602.0
2023-11-01,2.983,2.985,2.964,2.979,552552,164238770.0
2023-11-02,2.979,2.998,2.977,2.988,538307,161037369.0
2023-11-03,2.988,2.996,2.97,2.974,700467,208714193.0
2023-11-06,2.974,2.978,2.948,2.955,1725427,509516531.0
2023-11-07,2.952,2.96,2.94,2.957,586932,173182766.0
2023-11-08,2.953,2.963,2.945,2.956,504998,149216320.0
2023-11-09,2.956,2.983,2.953,2.981,902506,268600330.0
2023-11-10,2.971,2.979,2.957,2.973,507373,150542193.0
2023-11-13,2.977,2.983,2.955,2.978,444820,131909519.0
2023-11-14,2.978,2.981,2.96,2.968,449898,133462722.0
2023-11-15,2.98,2.984,2.97,2.977,436421,129854731.0
2023-11-16,2.977,2.985,2.968,2.979,548953,163561652.0
2023-11-17,2.974,2.977,2.959,2.969,425464,126158077.0
2023-11-20,2.97,2.978,2.962,2.973,469947,139661371.0
2023-11-21,2.976,3.007,2.975,2.989,744516,222860684.0
2023-11-22,2.983,3.0,2.981,2.981,624226,186678900.0
2023-11-23,2.981,3.005,2.978,3.001,789752,236404539.0
2023-11-24,2.998,3.015,2.998,3.009,540474,162595960.0
2023-11-27,3.002,3.006,2.987,3.0,607921,181918979.0
2023-11-28,2.996,2.996,2.978,2.994,478999,143007650.0
2023-11-29,2.994,2.999,2.976,2.981,534770,159578384.0
2023-11-30,2.977,2.991,2.975,2.99,452842,135116873.0
2023-12-01,2.99,3.005,2.987,3.002,608245,182432761.0
2023-12-04,3.002,3.014,2.996,3.008,667699,200666266.0
2023-12-05,3.004,3.004,2.97,2.972,796424,238037773.0
2023-12-06,2.973,2.974,2.941,2.969,681201,201514304.0
2023-12-07,2.966,2.978,2.953,2.97,447964,132906112.0
2023-12-08,2.97,2.982,2.955,2.971,454388,134990555.0
2023-12-11,2.963,3.0,2.921,2.997,1034987,306446892.0
2023-12-12,2.991,3.01,2.98,3.009,796823,238997947.0
2023-12-13,3.003,3.01,2.986,2.987,480402,144041471.0
2023-12-14,2.997,3.006,2.98,2.995,590059,176857125.0
2023-12-15,2.998,3.002,2.972,2.978,656317,195802391.0
2023-12-18,2.972,2.99,2.962,2.975,497289,148067048.0
2023-12-19,2.971,2.974,2.955,2.967,707956,209782264.0
2023-12-20,2.97,2.987,2.961,2.965,664411,197627032.0
2023-12-21,2.959,2.959,2.929,2.945,1107048,325507067.0
2023-12-22,2.946,2.959,2.933,2.941,787360,231843127.0
2023-12-25,2.937,2.94,2.918,2.939,683572,200047872.0
2023-12-26,2.938,2.957,2.919,2.922,816758,239747051.0
2023-12-27,2.92,2.935,2.907,2.934,828123,242209513.0
2023-12-28,2.934,2.938,2.908,2.916,1574403,459288706.0
2023-12-29,2.916,2.935,2.907,2.931,1082140,316097312.0
2024-01-02,2.931,2.983,2.93,2.97,1458170,432515576.0
2024-01-03,2.968,3.014,2.965,3.01,2441793,733444176.0
2024-01-04,3.008,3.04,3.003,3.034,2469680,747167918.0
2024-01-05,3.03,3.087,3.026,3.044,3212402,984456676.0
2024-01-08,3.04,3.042,3.013,3.015,1197284,362024466.0
2024-01-09,3.014,3.042,2.991,3.038,1073091,324000371.0
2024-01-10,3.026,3.045,3.019,3.023,855944,258955427.0
2024-01-11,3.02,3.02,2.991,2.995,1105492,331815755.0
2024-01-12,2.995,3.017,2.99,3.01,1127940,339434882.0
2024-01-15,3.0,3.025,2.99,3.024,534727,161052976.0
2024-01-16,3.022,3.036,3.009,3.034,1066104,322106829.0
2024-01-17,3.032,3.042,2.993,2.997,1028522,310917036.0
2024-01-18,2.993,2.993,2.9,2.972,2914139,857370693.0
2024-01-19,2.967,2.975,2.941,2.95,1330333,393130633.0
2024-01-22,2.95,2.952,2.842,2.881,3060738,885868183.0
2024-01-23,2.779,2.779,2.71,2.768,3024009,829643281.0
2024-01-24,2.773,2.845,2.766,2.836,1620342,452951071.0
2024-01-25,2.836,2.91,2.836,2.908,1825239,526075343.0
2024-01-26,2.905,2.955,2.901,2.949,2013140,590150297.0
2024-01-29,2.953,2.987,2.95,2.964,1811884,537473140.0
2024-01-30,2.95,2.978,2.925,2.93,2223674,655604462.0
2024-01-31,2.924,2.96,2.913,2.934,1390434,408451765.0
2024-02-01,2.923,2.926,2.894,2.904,1030716,299953702.0
2024-02-02,2.902,2.953,2.851,2.912,3107944,907374977.0
2024-02-05,2.896,2.94,2.861,2.918,1934368,561841598.0
2024-02-06,2.91,2.977,2.888,2.96,2209791,649425457.0
2024-02-07,2.959,3.006,2.931,3.004,2112419,629229074.0
2024-02-08,3.003,3.028,2.988,3.005,1574356,473782142.0
2024-02-19,3.007,3.079,2.983,3.075,2098519,638557517.0
2024-02-20,3.063,3.127,3.056,3.119,2077467,645505995.0
2024-02-21,3.111,3.154,3.102,3.112,2176413,681530656.0
2024-02-22,3.107,3.172,3.105,3.17,1750987,551476051.0
2024-02-23,3.168,3.187,3.141,3.152,1769150,558730587.0
2024-02-26,3.151,3.151,3.07,3.083,1951116,606051288.0
2024-02-27,3.071,3.109,3.061,3.1,978146,302095035.0
2024-02-28,3.1,3.125,3.076,3.094,1224267,379135091.0
2024-02-29,3.076,3.114,3.072,3.112,981822,303902063.0
2024-03-01,3.106,3.125,3.098,3.107,1373540,427297985.0
2024-03-04,3.108,3.136,3.093,3.134,1097616,342053833.0
2024-03-05,3.128,3.157,3.119,3.155,1003653,315548619.0
2024-03-06,3.151,3.181,3.148,3.153,850328,269154706.0
2024-03-07,3.153,3.193,3.151,3.172,1254121,397966453.0
2024-03-08,3.173,3.195,3.154,3.189,1344887,427438924.0
2024-03-11,3.187,3.19,3.133,3.157,1417938,446909608.0
2024-03-12,3.151,3.151,3.072,3.086,2029243,627475471.0
2024-03-13,3.077,3.078,3.041,3.068,1588092,486439842.0
2024-03-14,3.059,3.083,3.051,3.077,1012090,310930649.0
2024-03-15,3.07,3.076,3.044,3.071,1078649,329546901.0
2024-03-18,3.068,3.068,3.04,3.054,1580925,481928019.0
2024-03-19,3.054,3.076,3.047,3.052,812608,248644447.0
2024-03-20,3.051,3.067,3.031,3.058,1052492,321309390.0
2024-03-21,3.057,3.07,3.044,3.062,537298,164432373.0
2024-03-22,3.06,3.07,3.041,3.068,1214809,371517272.0
2024-03-25,3.063,3.109,3.047,3.078,1403594,433327000.0
2024-03-26,3.072,3.08,3.043,3.061,1041917,318330434.0
2024-03-27,3.057,3.084,3.052,3.06,1218956,374451098.0
2024-03-28,3.058,3.062,3.03,3.052,1272574,387817807.0
2024-03-29,3.049,3.075,3.04,3.072,1139152,348914884.0
2024-04-01,3.07,3.072,3.057,3.067,720143,220555190.0
2024-04-02,3.067,3.095,3.066,3.088,982495,303191431.0
2024-04-03,3.088,3.127,3.084,3.125,1326082,412547985.0
2024-04-08,3.121,3.161,3.103,3.135,1149649,361079788.0
2024-04-09,3.132,3.148,3.104,3.12,927347,289327266.0
2024-04-10,3.12,3.151,3.115,3.131,1325326,415578633.0
2024-04-11,3.123,3.186,3.118,3.171,1280325,404816747.0
2024-04-12,3.164,3.182,3.152,3.164,862566,273314685.0
2024-04-15,3.165,3.232,3.156,3.23,1426359,457726471.0
2024-04-16,3.229,3.27,3.203,3.244,1909405,618443141.0
2024-04-17,3.226,3.282,3.203,3.277,1720643,558835097.0
2024-04-18,3.276,3.32,3.27,3.286,1716005,565504225.0
2024-04-19,3.274,3.325,3.267,3.308,2142359,707693956.0
2024-04-22,3.306,3.318,3.22,3.221,2262596,735673390.0
2024-04-23,3.207,3.216,3.162,3.173,1701746,541887570.0
2024-04-24,3.173,3.179,3.14,3.174,1505201,475262342.0
2024-04-25,3.166,3.194,3.161,3.193,1004093,319003727.0
2024-04-26,3.187,3.204,3.143,3.164,1485486,469800614.0
2024-04-29,3.15,3.153,3.1,3.13,1893529,591166881.0
2024-04-30,3.124,3.161,3.122,3.143,1126821,354444370.0
2024-05-06,3.148,3.161,3.128,3.16,1324515,417117574.0
2024-05-07,3.156,3.165,3.143,3.16,839155,264589415.0
2024-05-08,3.158,3.192,3.154,3.182,1349129,428965922.0
2024-05-09,3.18,3.198,3.172,3.193,981658,312695364.0
2024-05-10,3.19,3.212,3.182,3.212,1069062,341996408.0
2024-05-13,3.207,3.22,3.173,3.216,1086766,347573335.0
2024-05-14,3.211,3.214,3.184,3.203,1144485,366107123.0
2024-05-15,3.199,3.221,3.186,3.202,919913,294878769.0
2024-05-16,3.201,3.223,3.199,3.209,1155895,371308246.0
2024-05-17,3.209,3.233,3.196,3.23,1069580,343177581.0
2024-05-20,3.228,3.277,3.228,3.269,1084265,352499537.0
2024-05-21,3.261,3.292,3.259,3.285,886762,290865366.0
2024-05-22,3.286,3.317,3.284,3.285,1302015,429529429.0
2024-05-23,3.275,3.28,3.236,3.243,1379718,448857690.0
2024-05-24,3.239,3.277,3.231,3.238,1163947,379070814.0
2024-05-27,3.24,3.295,3.24,3.295,1035116,339238701.0
2024-05-28,3.29,3.303,3.273,3.286,1195927,393670913.0
2024-05-29,3.28,3.316,3.274,3.289,1338303,441131422.0
2024-05-30,3.279,3.307,3.257,3.266,1197834,392687175.0
2024-05-31,3.265,3.288,3.265,3.273,633652,207572224.0
2024-06-03,3.268,3.269,3.226,3.242,1024577,332403966.0
2024-06-04,3.238,3.258,3.223,3.255,847252,274771920.0
2024-06-05,3.253,3.259,3.213,3.217,885432,286385124.0
2024-06-06,3.217,3.25,3.216,3.234,770106,248989697.0
2024-06-07,3.232,3.262,3.232,3.261,775250,251902045.0
2024-06-11,3.259,3.26,3.189,3.205,1182795,380005617.0
2024-06-12,3.199,3.25,3.184,3.246,1001026,322266154.0
2024-06-13,3.24,3.246,3.207,3.218,703739,226662702.0
2024-06-14,3.217,3.232,3.206,3.223,831187,267653356.0
2024-06-17,3.215,3.225,3.173,3.181,1189649,379494049.0
2024-06-18,3.181,3.193,3.158,3.188,762881,242461141.0
2024-06-19,3.187,3.201,3.18,3.188,645720,206053855.0
2024-06-20,3.186,3.202,3.181,3.194,637291,203378892.0
2024-06-21,3.192,3.204,3.182,3.199,740753,236594818.0
2024-06-24,3.191,3.191,3.143,3.157,934495,295363246.0
2024-06-25,3.156,3.182,3.155,3.17,723987,229236035.0
2024-06-26,3.169,3.181,3.152,3.178,675989,214021107.0
2024-06-27,3.178,3.191,3.165,3.178,836661,266049053.0
2024-06-28,3.176,3.209,3.169,3.201,797687,254985981.0
2024-07-01,3.195,3.272,3.192,3.269,1535858,499009361.0
2024-07-02,3.267,3.28,3.245,3.271,817392,266958356.0
2024-07-03,3.271,3.278,3.243,3.249,812253,264655992.0
2024-07-04,3.249,3.263,3.229,3.235,664020,215325823.0
2024-07-05,3.235,3.244,3.2,3.218,1157198,371881325.0
2024-07-08,3.217,3.227,3.2,3.207,822721,264212320.0
2024-07-09,3.206,3.235,3.183,3.233,969997,311501408.0
2024-07-10,3.227,3.228,3.163,3.167,1514260,481635213.0
2024-07-11,3.17,3.179,3.151,3.162,1405205,443982392.0
2024-07-12,3.162,3.18,3.151,3.158,869355,274879380.0
2024-07-15,3.152,3.198,3.138,3.195,1011072,321323695.0
2024-07-16,3.191,3.198,3.168,3.182,790068,251130425.0
2024-07-17,3.18,3.186,3.157,3.169,638204,201954786.0
2024-07-18,3.166,3.174,3.137,3.173,898818,283359889.0
2024-07-19,3.164,3.166,3.132,3.15,1136112,357154250.0
2024-07-22,3.143,3.143,3.091,3.118,1745594,543203072.0
2024-07-23,3.113,3.119,3.093,3.097,739471,229830204.0
2024-07-24,3.094,3.107,3.081,3.099,777901,240726775.0
2024-07-25,3.09,3.093,3.06,3.085,983009,302561240.0
2024-07-26,3.081,3.088,3.051,3.067,805864,247013868.0
2024-07-29,3.06,3.08,3.053,3.079,562129,172570612.0
2024-07-30,3.075,3.076,3.052,3.064,547353,167497865.0
2024-07-31,3.063,3.095,3.059,3.093,998664,307491908.0
2024-08-01,3.093,3.106,3.084,3.096,592196,183314308.0
2024-08-02,3.082,3.1,3.068,3.088,862146,266371163.0
2024-08-05,3.082,3.088,3.043,3.047,1128491,345893055.0
2024-08-06,3.048,3.066,3.013,3.036,1079816,327458332.0
2024-08-07,3.025,3.063,3.023,3.048,756568,230656971.0
2024-08-08,3.048,3.063,3.038,3.059,657904,200808544.0
2024-08-09,3.059,3.065,3.044,3.048,816467,249206238.0
2024-08-12,3.043,3.075,3.035,3.068,721918,221021131.0
2024-08-13,3.064,3.076,3.05,3.069,961066,294386057.0
2024-08-14,3.068,3.075,3.057,3.062,469715,144050369.0
2024-08-15,3.06,3.098,3.053,3.091,869418,268150604.0
2024-08-16,3.091,3.103,3.083,3.096,584371,180875895.0
2024-08-19,3.095,3.128,3.092,3.126,882449,275316304.0
2024-08-20,3.128,3.13,3.076,3.091,866623,268071028.0
2024-08-21,3.085,3.086,3.04,3.058,945657,288945858.0
2024-08-22,3.056,3.074,3.05,3.061,743968,227956651.0
2024-08-23,3.06,3.07,3.045,3.059,662428,202301178.0
2024-08-26,3.056,3.059,3.026,3.043,737557,223879047.0
2024-08-27,3.038,3.054,3.035,3.05,508127,154827183.0
2024-08-28,3.045,3.058,3.028,3.037,503051,152913498.0
2024-08-29,3.035,3.035,2.976,2.981,1228782,367673932.0
2024-08-30,2.979,3.012,2.956,2.99,1151160,343487081.0
2024-09-02,2.984,3.022,2.954,3.005,973419,292124401.0
2024-09-03,3.003,3.013,2.959,2.978,1126224,334918990.0
2024-09-04,2.97,2.984,2.952,2.977,642475,190762708.0
2024-09-05,2.974,2.988,2.966,2.979,518895,154374591.0
2024-09-06,2.98,2.991,2.953,2.955,659429,195875597.0
2024-09-09,2.946,2.948,2.891,2.9,1179836,343230502.0
2024-09-10,2.899,2.912,2.883,2.907,978891,283409499.0
2024-09-11,2.902,2.902,2.83,2.843,1480728,422393854.0
2024-09-12,2.84,2.864,2.83,2.853,1755122,500124280.0
2024-09-13,2.851,2.876,2.842,2.845,1329525,380204794.0
2024-09-18,2.844,2.882,2.842,2.878,989235,282934205.0
2024-09-19,2.879,2.886,2.849,2.873,986011,282940216.0
2024-09-20,2.872,2.879,2.856,2.874,617296,176994157.0
2024-09-23,2.87,2.912,2.865,2.905,902406,261275260.0
2024-09-24,2.932,3.04,2.92,3.039,2491896,746372074.0
2024-09-25,3.086,3.149,3.079,3.085,3477545,1082686965.0
2024-09-26,3.079,3.194,3.074,3.189,2970679,932807748.0
2024-09-27,3.224,3.253,3.138,3.178,2413384,768259732.0
2024-09-30,3.255,3.433,3.232,3.399,5874140,1951601206.0
2024-10-08,3.731,3.731,3.316,3.404,5076378,1766260047.0
2024-10-09,3.37,3.37,3.146,3.148,2699415,869561173.0
2024-10-10,3.148,3.345,3.148,3.27,4032208,1319200654.0
2024-10-11,3.272,3.3,3.195,3.226,2652616,862469389.0
2024-10-14,3.238,3.334,3.238,3.312,2313648,762403772.0
2024-10-15,3.3,3.308,3.229,3.231,1900074,621221100.0
2024-10-16,3.213,3.3,3.209,3.279,1708854,558279644.0
2024-10-17,3.278,3.302,3.228,3.231,1382739,450750236.0
2024-10-18,3.225,3.287,3.181,3.252,2385834,770905583.0
2024-10-21,3.255,3.26,3.211,3.232,2071388,668863440.0
2024-10-22,3.232,3.258,3.218,3.244,1150962,372895639.0
2024-10-23,3.244,3.255,3.232,3.245,1474760,478138345.0
2024-10-24,3.239,3.241,3.216,3.226,1535926,495789573.0
2024-10-25,3.226,3.234,3.214,3.224,1152928,371592637.0
2024-10-28,3.221,3.246,3.214,3.245,1638892,529689427.0
2024-10-29,3.243,3.25,3.192,3.2,1432611,460595983.0
2024-10-30,3.2,3.205,3.146,3.165,1460926,462622651.0
2024-10-31,3.164,3.164,3.117,3.146,1348018,423354446.0
2024-11-01,3.14,3.193,3.136,3.175,1955466,620888484.0
2024-11-04,3.18,3.192,3.143,3.189,909167,288044828.0
2024-11-05,3.188,3.218,3.179,3.218,1376283,440700142.0
2024-11-06,3.218,3.218,3.178,3.19,2021931,645621491.0
2024-11-07,3.181,3.26,3.177,3.259,1832475,590799638.0
2024-11-08,3.266,3.278,3.207,3.226,1711411,553405289.0
2024-11-11,3.22,3.22,3.172,3.193,1794435,571324327.0
2024-11-12,3.19,3.215,3.16,3.173,1862926,594122359.0
2024-11-13,3.17,3.196,3.162,3.193,1387584,441594912.0
2024-11-14,3.188,3.199,3.163,3.167,1336184,425095870.0
2024-11-15,3.16,3.195,3.155,3.17,2264362,719396361.0
2024-11-18,3.187,3.26,3.185,3.218,2720798,879480495.0
2024-11-19,3.218,3.229,3.18,3.209,2329066,745195537.0
2024-11-20,3.205,3.216,3.195,3.215,1108157,355272026.0
2024-11-21,3.21,3.222,3.205,3.218,912842,293282710.0
2024-11-22,3.218,3.231,3.137,3.142,1977811,628523274.0
2024-11-25,3.142,3.173,3.133,3.148,2022688,636641287.0
2024-11-26,3.142,3.17,3.135,3.159,889395,280983607.0
2024-11-27,3.159,3.191,3.125,3.189,2248762,711555586.0
2024-11-28,3.185,3.2,3.179,3.186,927653,295960702.0
2024-11-29,3.185,3.214,3.185,3.201,1239056,396986685.0
2024-12-02,3.209,3.213,3.183,3.209,1214091,388125396.0
2024-12-03,3.202,3.245,3.193,3.241,2434126,785749045.0
2024-12-04,3.238,3.28,3.22,3.266,2629125,856472737.0
2024-12-05,3.264,3.27,3.252,3.259,2497778,814408173.0
2024-12-06,3.259,3.313,3.259,3.302,3287146,1083884518.0
2024-12-09,3.302,3.33,3.288,3.31,2508580,831408474.0
2024-12-10,3.35,3.371,3.3,3.306,4043951,1346996877.0
2024-12-11,3.302,3.325,3.3,3.319,1296547,429677946.0
2024-12-12,3.321,3.328,3.309,3.325,1288900,427887083.0
2024-12-13,3.322,3.322,3.28,3.288,1915784,631300359.0
2024-12-16,3.285,3.338,3.281,3.317,1908725,632894247.0
2024-12-17,3.308,3.336,3.302,3.312,1760411,584300688.0
2024-12-18,3.319,3.35,3.317,3.332,1969120,656843420.0
2024-12-19,3.32,3.321,3.278,3.292,1811738,597160320.0
2024-12-20,3.284,3.298,3.262,3.264,1426202,466696688.0
2024-12-23,3.26,3.302,3.26,3.278,1617728,531636042.0
2024-12-24,3.278,3.316,3.273,3.311,1639458,541523489.0
2024-12-25,3.311,3.334,3.305,3.326,1695288,563198679.0
2024-12-26,3.327,3.329,3.304,3.316,1618611,535843856.0
2024-12-27,3.308,3.317,3.282,3.315,1510245,498771822.0
2024-12-30,3.314,3.365,3.31,3.362,2494389,835007238.0
2024-12-31,3.363,3.388,3.345,3.351,2426270,816818217.0
2025-01-02,3.351,3.368,3.255,3.279,2912808,963523375.0
2025-01-03,3.282,3.29,3.238,3.248,3120309,1017359129.0
2025-01-06,3.243,3.249,3.21,3.248,1596461,515785771.0
2025-01-07,3.247,3.247,3.2,3.234,1643225,528765167.0
2025-01-08,3.225,3.243,3.194,3.228,1288300,414840256.0
2025-01-09,3.222,3.222,3.18,3.184,1913486,610367009.0
2025-01-10,3.185,3.193,3.15,3.151,2116176,669076458.0
2025-01-13,3.14,3.152,3.11,3.124,1367593,427664333.0
2025-01-14,3.125,3.179,3.123,3.174,2019537,637514555.0
2025-01-15,3.174,3.211,3.169,3.183,1436467,457884994.0
2025-01-16,3.188,3.219,3.188,3.213,1342170,430139438.0
2025-01-17,3.21,3.212,3.181,3.196,1330096,425256965.0
2025-01-20,3.196,3.206,3.18,3.185,1611917,514639382.0
2025-01-21,3.053,3.055,3.017,3.027,2176115,659378954.0
2025-01-22,3.027,3.027,2.996,3.003,1299265,390232798.0
2025-01-23,3.019,3.063,3.019,3.052,2079323,633230475.0
2025-01-24,3.045,3.077,3.031,3.067,1768204,540343135.0
2025-01-27,3.067,3.114,3.067,3.105,1405517,435627010.0
2025-02-05,3.106,3.111,3.036,3.043,2340959,715366927.0
2025-02-06,3.041,3.049,3.02,3.041,2522980,764346957.0
2025-02-07,3.041,3.061,3.023,3.054,2777155,845621577.0
2025-02-10,3.05,3.052,3.037,3.047,2187059,665773849.0
2025-02-11,3.047,3.061,3.045,3.06,1797734,549307825.0
2025-02-12,3.061,3.064,3.045,3.062,1813057,553650356.0
2025-02-13,3.06,3.074,3.057,3.065,2088613,640334377.0
2025-02-14,3.064,3.07,3.051,3.068,2255140,689851319.0
2025-02-17,3.068,3.071,3.042,3.055,1938822,591055793.0
2025-02-18,3.053,3.071,3.043,3.053,2491054,761812600.0
2025-02-19,3.048,3.05,3.03,3.035,2235873,678959018.0
2025-02-20,3.03,3.033,3.02,3.022,1967385,594853971.0
2025-02-21,3.023,3.027,2.995,3.0,3522056,1058072446.0
2025-02-24,2.999,3.002,2.981,2.996,2354575,704388238.0
2025-02-25,2.991,3.0,2.972,2.975,2087774,623072744.0
2025-02-26,2.975,3.008,2.975,3.001,2076594,622448532.0
2025-02-27,3.002,3.028,2.996,3.028,1876808,565650501.0
2025-02-28,3.027,3.039,3.007,3.01,1639657,495345853.0
2025-03-03,3.01,3.019,2.996,2.997,2051023,615784707.0
2025-03-04,2.997,3.002,2.983,2.996,974080,291657495.0
2025-03-05,2.996,3.004,2.984,3.004,1132824,339089688.0
2025-03-06,3.004,3.007,2.985,2.998,1722878,515598502.0
2025-03-07,2.996,3.007,2.992,2.997,2246833,673568017.0
2025-03-10,2.995,3.002,2.985,3.001,1368229,409759286.0
2025-03-11,2.993,3.023,2.986,3.022,1884860,566783383.0
2025-03-12,3.022,3.026,3.011,3.018,1020184,307969053.0
2025-03-13,3.014,3.047,3.013,3.046,2057992,625036125.0
2025-03-14,3.043,3.077,3.041,3.068,2416241,740449971.0
2025-03-17,3.069,3.081,3.063,3.077,1363699,419182885.0
2025-03-18,3.077,3.079,3.054,3.065,1349807,413544469.0
2025-03-19,3.061,3.07,3.051,3.066,1007445,308412086.0
2025-03-20,3.066,3.077,3.058,3.061,1911142,585948012.0
2025-03-21,3.058,3.08,3.043,3.055,1745557,534916071.0
2025-03-24,3.054,3.08,3.054,3.078,1462197,448782776.0
2025-03-25,3.073,3.1,3.072,3.1,1690546,522325495.0
2025-03-26,3.096,3.103,3.084,3.101,1713990,530788815.0
2025-03-27,3.1,3.105,3.091,3.099,939027,291081985.0
2025-03-28,3.095,3.099,3.074,3.082,1571929,484495058.0
2025-03-31,3.079,3.095,3.067,3.073,1507175,464119231.0
2025-04-01,3.071,3.098,3.07,3.097,1136417,350848541.0
2025-04-02,3.097,3.116,3.092,3.112,1331272,413946188.0
2025-04-03,3.098,3.12,3.089,3.117,1451695,451452176.0
2025-04-07,3.05,3.053,2.875,2.938,4718645,1400235161.0
2025-04-08,2.939,3.003,2.938,3.003,2981326,888849289.0
2025-04-09,2.983,3.012,2.945,3.007,2688583,801625258.0
2025-04-10,3.02,3.048,3.01,3.038,2917030,885372931.0
2025-04-11,3.03,3.031,3.013,3.023,1207799,365078982.0
2025-04-14,3.023,3.055,3.02,3.051,1231224,374237437.0
2025-04-15,3.051,3.067,3.044,3.066,1189906,363495779.0
2025-04-16,3.063,3.084,3.056,3.082,1474685,452387325.0
2025-04-17,3.078,3.078,3.061,3.075,810585,248877279.0
2025-04-18,3.067,3.08,3.066,3.077,831692,255559322.0
2025-04-21,3.075,3.094,3.065,3.067,978448,301075505.0
2025-04-22,3.064,3.082,3.063,3.077,1259329,387436756.0
2025-04-23,3.077,3.08,3.058,3.061,1060247,324950805.0
2025-04-24,3.06,3.081,3.055,3.074,958976,294733956.0
2025-04-25,3.072,3.079,3.064,3.071,701000,215152749.0
2025-04-28,3.07,3.077,3.06,3.074,1183115,363368046.0
2025-04-29,3.071,3.076,3.057,3.062,799785,245018118.0
2025-04-30,3.062,3.062,3.034,3.038,1172012,356508255.0
2025-05-06,3.04,3.043,3.02,3.03,1164457,352428894.0
2025-05-07,3.043,3.055,3.036,3.049,1687552,513728435.0
2025-05-08,3.049,3.059,3.04,3.053,899098,274413601.0
2025-05-09,3.051,3.074,3.05,3.07,1291853,396206112.0
2025-05-12,3.073,3.084,3.067,3.083,911842,280634398.0
2025-05-13,3.09,3.107,3.083,3.105,1982102,614150598.0
2025-05-14,3.101,3.134,3.095,3.133,1970155,614422151.0
2025-05-15,3.132,3.145,3.123,3.124,1414561,442995926.0
2025-05-16,3.118,3.123,3.09,3.106,867006,268988030.0
2025-05-19,3.106,3.121,3.104,3.117,867163,270282355.0
2025-05-20,3.118,3.127,3.112,3.121,915278,285541297.0
2025-05-21,3.121,3.158,3.12,3.15,1157079,364002123.0
2025-05-22,3.147,3.157,3.137,3.151,725603,228471311.0
2025-05-23,3.152,3.168,3.122,3.123,898870,282705233.0
2025-05-26,3.119,3.128,3.102,3.107,959427,298445311.0
2025-05-27,3.105,3.114,3.087,3.095,758188,235010069.0
2025-05-28,3.095,3.103,3.086,3.1,556996,172392932.0
2025-05-29,3.1,3.11,3.097,3.108,715069,221997031.0
2025-05-30,3.104,3.123,3.104,3.122,804824,250818749.0
2025-06-03,3.118,3.139,3.103,3.134,749225,234014853.0
2025-06-04,3.135,3.142,3.124,3.142,692411,217069614.0
2025-06-05,3.14,3.149,3.116,3.124,789064,246694544.0
2025-06-06,3.124,3.138,3.12,3.124,1110793,347082120.0
2025-06-09,3.124,3.129,3.11,3.128,754241,235332325.0
2025-06-10,3.125,3.148,3.118,3.133,1065857,334252841.0
2025-06-11,3.131,3.144,3.129,3.142,634946,199338142.0
2025-06-12,3.142,3.143,3.133,3.14,512471,160803595.0
2025-06-13,3.139,3.143,3.119,3.125,1250913,391104908.0
2025-06-16,3.121,3.132,3.117,3.131,600817,187725550.0
2025-06-17,3.131,3.138,3.126,3.134,603621,189105441.0
2025-06-18,3.132,3.14,3.122,3.138,698710,219000791.0
2025-06-19,3.137,3.137,3.118,3.124,735191,229796892.0
2025-06-20,3.124,3.145,3.124,3.14,915665,287317349.0
2025-06-23,3.136,3.159,3.118,3.153,1115885,350443162.0
2025-06-24,3.145,3.16,3.139,3.157,1020838,321835872.0
2025-06-25,3.158,3.178,3.147,3.173,1333556,421989600.0
2025-06-26,3.17,3.185,3.165,3.18,982767,312154800.0
2025-06-27,3.179,3.193,3.147,3.154,1278158,404722320.0
2025-06-30,3.148,3.155,3.14,3.152,1366038,429836144.0
2025-07-01,3.152,3.176,3.151,3.175,994951,315150085.0
2025-07-02,3.177,3.2,3.175,3.199,1178854,376313306.0
2025-07-03,3.197,3.207,3.188,3.198,1087846,348047433.0
2025-07-04,3.197,3.233,3.196,3.222,1677077,539974042.0
2025-07-07,3.219,3.235,3.207,3.235,958276,308935440.0
2025-07-08,3.232,3.242,3.218,3.229,717535,231601535.0
2025-07-09,3.228,3.252,3.226,3.245,780209,253102861.0
2025-07-10,3.244,3.277,3.243,3.271,755640,246576780.0
2025-07-11,3.27,3.287,3.25,3.25,1367765,447220525.0
2025-07-14,3.247,3.284,3.246,3.272,1085861,355275711.0
2025-07-15,3.268,3.272,3.226,3.233,1246225,403984389.0
2025-07-16,3.232,3.234,3.205,3.221,1657373,533075010.0
2025-07-17,3.219,3.225,3.204,3.212,1089411,349830234.0
2025-07-18,3.212,3.228,3.211,3.226,806143,259717719.0
2025-07-21,3.226,3.248,3.225,3.247,1005313,325907446.0
2025-07-22,3.247,3.305,3.224,3.3,1953370,640154670.0
2025-07-23,3.314,3.329,3.294,3.297,1544034,511370562.0
2025-07-24,3.294,3.308,3.275,3.307,1324573,436800288.0
2025-07-25,3.304,3.325,3.288,3.293,1168355,386062855.0
2025-07-28,3.282,3.282,3.25,3.26,1424407,464594889.0
2025-07-29,3.251,3.259,3.234,3.251,1179327,382663718.0
2025-07-30,3.25,3.282,3.249,3.262,1353640,442289421.0
2025-07-31,3.251,3.255,3.196,3.211,1990172,638954821.0
2025-08-01,3.21,3.222,3.196,3.208,880379,282201386.0
2025-08-04,3.195,3.224,3.194,3.222,884294,284009313.0
2025-08-05,3.223,3.256,3.218,3.254,870687,282106022.0
2025-08-06,3.255,3.27,3.252,3.267,1147258,374422005.0
2025-08-07,3.267,3.284,3.255,3.279,1470667,481477943.0
2025-08-08,3.275,3.288,3.27,3.278,988075,324005803.0
2025-08-11,3.277,3.283,3.257,3.26,1613798,526366177.0
2025-08-12,3.26,3.292,3.26,3.278,1049482,344012480.0
2025-08-13,3.278,3.282,3.255,3.258,1079083,351994155.0
2025-08-14,3.258,3.265,3.234,3.237,1092527,354894970.0
2025-08-15,3.233,3.233,3.209,3.231,1299361,418361746.0
2025-08-18,3.23,3.236,3.214,3.223,1349691,434845368.0
2025-08-19,3.221,3.223,3.212,3.217,1032323,332002502.0
2025-08-20,3.214,3.241,3.206,3.24,1129755,364871739.0
2025-08-21,3.24,3.258,3.231,3.256,1279082,415674551.0
2025-08-22,3.258,3.258,3.226,3.253,1692019,547820885.0
2025-08-25,3.254,3.274,3.243,3.273,1763786,574875219.0
2025-08-26,3.27,3.273,3.26,3.261,1070616,349638135.0
2025-08-27,3.258,3.259,3.205,3.208,1908969,616117897.0
2025-08-28,3.205,3.214,3.176,3.205,2241811,716433418.0
2025-08-29,3.201,3.227,3.186,3.189,1809807,579134004.0
2025-09-01,3.188,3.198,3.164,3.171,2129620,676408329.0
2025-09-02,3.171,3.187,3.165,3.186,1386062,440228971.0
2025-09-03,3.185,3.188,3.148,3.153,1751306,553425776.0
2025-09-04,3.149,3.175,3.122,3.172,2045584,643178290.0
2025-09-05,3.166,3.167,3.144,3.162,1351636,426184700.0
2025-09-08,3.16,3.171,3.152,3.168,1117115,353563515.0
2025-09-09,3.168,3.174,3.155,3.17,1026773,325048394.0
2025-09-10,3.167,3.172,3.156,3.169,865659,274032957.0
2025-09-11,3.167,3.174,3.15,3.174,1754925,554593269.0
2025-09-12,3.171,3.178,3.154,3.159,1360004,430411442.0
2025-09-15,3.156,3.156,3.135,3.142,1633607,513234756.0
2025-09-16,3.145,3.159,3.131,3.135,1152566,361916019.0
2025-09-17,3.134,3.153,3.125,3.149,1556716,489338053.0
2025-09-18,3.15,3.15,3.082,3.096,3433799,1068605314.0
2025-09-19,3.096,3.114,3.077,3.113,2549076,789274234.0
2025-09-22,3.112,3.113,3.08,3.087,1405483,434515263.0
2025-09-23,3.087,3.107,3.07,3.105,2266503,701061686.0
2025-09-24,3.1,3.122,3.093,3.111,1472298,457454869.0
2025-09-25,3.106,3.108,3.083,3.097,1327719,410443852.0
2025-09-26,3.095,3.104,3.08,3.098,1374953,425490676.0
2025-09-29,3.091,3.105,3.072,3.093,2148054,662483851.0
2025-09-30,3.091,3.092,3.073,3.082,1154267,355382758.0
2025-10-09,3.082,3.103,3.068,3.103,1929474,594695149.0
2025-10-10,3.1,3.141,3.091,3.136,2659473,832048253.0
2025-10-13,3.125,3.145,3.094,3.14,2384906,743812669.0
2025-10-14,3.139,3.205,3.126,3.204,4742432,1507596096.0
2025-10-15,3.203,3.215,3.187,3.207,2384312,763943699.0
2025-10-16,3.201,3.244,3.197,3.239,2420802,781310136.0
2025-10-17,3.239,3.268,3.224,3.229,2439190,792139562.0
2025-10-20,3.229,3.258,3.2,3.256,2526386,816254793.0
2025-10-21,3.243,3.253,3.228,3.248,1603584,519618096.0
2025-10-22,3.241,3.256,3.238,3.253,1177322,382621933.0
2025-10-23,3.248,3.283,3.248,3.278,2259497,739691906.0
2025-10-24,3.265,3.273,3.254,3.259,1955657,637760802.0
2025-10-27,3.253,3.286,3.235,3.272,1816023,592349598.0
2025-10-28,3.268,3.279,3.253,3.267,1229884,401591094.0
2025-10-29,3.265,3.265,3.23,3.249,1712947,555620855.0
2025-10-30,3.245,3.271,3.242,3.248,1148432,373835004.0
2025-10-31,3.247,3.248,3.225,3.24,1144085,370000179.0
2025-11-03,3.24,3.285,3.239,3.283,1916338,626811594.0
2025-11-04,3.283,3.327,3.28,3.313,2230019,737846054.0
2025-11-05,3.306,3.332,3.292,3.322,1289430,427582154.0
2025-11-06,3.315,3.335,3.302,3.326,943283,313556933.0
2025-11-07,3.326,3.35,3.325,3.331,758414,252940407.0
2025-11-10,3.328,3.358,3.317,3.356,950779,318181716.0
2025-11-11,3.354,3.354,3.327,3.347,919180,307055315.0
2025-11-12,3.345,3.375,3.345,3.36,1093402,367505154.0
2025-11-13,3.352,3.368,3.336,3.361,1030800,345429308.0
2025-11-14,3.356,3.381,3.346,3.348,992268,333939431.0
2025-11-17,3.348,3.348,3.311,3.329,1345215,447738535.0
2025-11-18,3.324,3.327,3.273,3.284,1786816,588238947.0
2025-11-19,3.283,3.308,3.282,3.3,1057952,348660939.0
2025-11-20,3.299,3.333,3.295,3.3,1026511,339974086.0
2025-11-21,3.29,3.3,3.25,3.255,2039587,666227783.0
2025-11-24,3.253,3.265,3.227,3.227,1711804,553967594.0
2025-11-25,3.226,3.246,3.22,3.243,1299588,420361710.0
2025-11-26,3.24,3.252,3.223,3.226,1472229,475840020.0
2025-11-27,3.226,3.239,3.208,3.23,1243189,401048374.0
2025-11-28,3.23,3.232,3.215,3.23,899713,290065589.0
2025-12-01,3.23,3.245,3.222,3.245,1145602,370453373.0
2025-12-02,3.244,3.25,3.236,3.249,983408,319016055.0
2025-12-03,3.246,3.264,3.236,3.241,946568,307606155.0
2025-12-04,3.238,3.248,3.224,3.228,850259,274815447.0
2025-12-05,3.227,3.23,3.206,3.226,1072889,345204617.0
2025-12-08,3.225,3.227,3.193,3.21,1959975,628441255.0
2025-12-09,3.203,3.204,3.181,3.184,1437445,458517489.0
2025-12-10,3.186,3.191,3.16,3.171,1508703,478269249.0
2025-12-11,3.171,3.174,3.145,3.155,1835372,579234276.0
2025-12-12,3.155,3.159,3.135,3.142,1801222,565760514.0
2025-12-15,3.143,3.175,3.133,3.168,1476489,467091226.0
2025-12-16,3.167,3.167,3.135,3.14,2185813,686949710.0
2025-12-17,3.136,3.154,3.124,3.143,1579985,495539898.0
2025-12-18,3.143,3.18,3.14,3.175,1622481,513315654.0
2025-12-19,3.175,3.183,3.159,3.174,1276725,404755029.0
2025-12-22,3.174,3.174,3.155,3.159,1504320,475517527.0
2025-12-23,3.158,3.173,3.155,3.16,1218230,385373319.0
2025-12-24,3.16,3.166,3.146,3.165,1271334,401114744.0
2025-12-25,3.165,3.177,3.163,3.174,1127728,357444737.0
2025-12-26,3.17,3.187,3.167,3.187,1214765,386249074.0
2025-12-29,3.187,3.2,3.172,3.185,1552065,494659817.0
2025-12-30,3.179,3.194,3.171,3.188,1374696,437951361.0
2025-12-31,3.188,3.194,3.175,3.183,1058800,337059439.0
2026-01-05,3.183,3.193,3.17,3.18,1607098,510847599.0
2026-01-06,3.18,3.219,3.172,3.218,2122084,677876073.0
2026-01-07,3.218,3.232,3.202,3.232,1453188,467902780.0
2026-01-08,3.23,3.231,3.213,3.221,1090211,351116569.0
2026-01-09,3.221,3.235,3.216,3.234,1217501,392760656.0
2026-01-12,3.233,3.237,3.214,3.231,1424054,459145758.0
2026-01-13,3.228,3.245,3.224,3.229,1411420,456857959.0
2026-01-14,3.228,3.236,3.197,3.199,1944569,625541707.0
2026-01-15,3.199,3.209,3.183,3.188,1533200,490206980.0
2026-01-16,3.189,3.2,3.155,3.163,2546637,808039637.0
2026-01-19,3.163,3.18,3.154,3.179,1692457,536333533.0
2026-01-20,3.18,3.218,3.175,3.217,1943691,621283721.0
2026-01-21,3.078,3.079,3.052,3.057,3018778,923943262.0
2026-01-22,3.059,3.08,3.055,3.077,1558018,478674278.0
2026-01-23,3.081,3.082,3.059,3.069,1611766,494701122.0
2026-01-26,3.069,3.109,3.064,3.106,2118313,654976910.0
2026-01-27,3.106,3.113,3.075,3.081,2602109,804341780.0
2026-01-28,3.082,3.148,3.072,3.132,3298950,1028739544.0
2026-01-29,3.134,3.168,3.12,3.166,2256031,709880740.0
2026-01-30,3.165,3.196,3.124,3.144,2645934,834801090.0
2026-02-02,3.137,3.138,3.042,3.046,4010476,1235729327.0
2026-02-03,3.049,3.064,3.028,3.051,2379582,724610538.0
2026-02-04,3.056,3.153,3.056,3.15,4374666,1363521066.0
2026-02-05,3.132,3.143,3.112,3.136,1492115,466573398.0
2026-02-06,3.11,3.141,3.1,3.126,1513444,472796203.0
2026-02-09,3.126,3.146,3.125,3.144,931810,292349656.0
2026-02-10,3.144,3.16,3.132,3.156,1188537,374162405.0
2026-02-11,3.153,3.192,3.143,3.183,2247075,713970108.0
2026-02-12,3.185,3.198,3.169,3.18,1420123,452049042.0
2026-02-13,3.17,3.175,3.134,3.137,1489833,469202890.0
2026-02-24,3.152,3.196,3.152,3.19,2172995,691885851.0
2026-02-25,3.19,3.237,3.187,3.194,3638032,1167864053.0
2026-02-26,3.197,3.211,3.178,3.195,1207771,385766966.0
2026-02-27,3.193,3.237,3.19,3.232,2063675,665145099.0
2026-03-02,3.275,3.306,3.235,3.303,3251904,1065672481.0
2026-03-03,3.306,3.404,3.296,3.367,3741153,1253251550.0
2026-03-04,3.341,3.341,3.251,3.304,1682921,553439482.0
2026-03-05,3.283,3.312,3.255,3.291,1385305,454326194.0
2026-03-06,3.282,3.29,3.253,3.285,1227179,401360823.0
2026-03-09,3.347,3.373,3.308,3.309,2021999,675842638.0
2026-03-10,3.256,3.283,3.24,3.27,1296122,423148675.0
2026-03-11,3.263,3.317,3.24,3.313,1340465,439613997.0
2026-03-12,3.325,3.392,3.313,3.381,2074272,698295169.0
2026-03-13,3.38,3.408,3.358,3.364,2042364,690999168.0
2026-03-16,3.365,3.381,3.33,3.335,1135786,379859829.0
2026-03-17,3.325,3.349,3.308,3.309,1120498,372500010.0
2026-03-18,3.308,3.319,3.261,3.296,1185168,389647686.0
2026-03-19,3.306,3.329,3.296,3.305,1345936,445624308.0
2026-03-20,3.275,3.329,3.273,3.296,1074156,355018429.0
2026-03-23,3.305,3.306,3.226,3.234,2022804,660155165.0
2026-03-24,3.23,3.27,3.227,3.269,1398703,455037626.0
2026-03-25,3.25,3.257,3.21,3.256,1575615,509345306.0
2026-03-26,3.251,3.288,3.248,3.268,1148295,375558985.0
2026-03-27,3.267,3.283,3.243,3.267,887788,289198915.0
2026-03-30,3.262,3.304,3.262,3.299,1081540,355809927.0
2026-03-31,3.293,3.314,3.248,3.251,1590399,519957179.0
2026-04-01,3.248,3.269,3.236,3.241,1322342,429458774.0
2026-04-02,3.24,3.27,3.238,3.258,1002087,326342217.0
2026-04-03,3.256,3.259,3.204,3.216,1523366,490888645.0
2026-04-07,3.217,3.232,3.196,3.228,1021184,328441978.0
2026-04-08,3.21,3.228,3.186,3.227,1714533,549273612.0
2026-04-09,3.222,3.232,3.202,3.212,792582,254702266.0
2026-04-10,3.211,3.231,3.205,3.218,839606,270381505.0
2026-04-13,3.225,3.233,3.202,3.223,1137072,365930898.0
2026-04-14,3.216,3.224,3.205,3.223,991290,318664154.0
2026-04-15,3.221,3.242,3.206,3.24,1155045,372895343.0
2026-04-16,3.23,3.251,3.23,3.244,942203,305409124.0
2026-04-17,3.24,3.244,3.216,3.218,1068333,344442966.0
2026-04-20,3.219,3.235,3.212,3.225,896280,288666366.0
2026-04-21,3.224,3.273,3.222,3.265,2186009,712181256.0
2026-04-22,3.268,3.281,3.259,3.269,1127009,368498363.0
2026-04-23,3.269,3.294,3.253,3.293,1213083,397569032.0
2026-04-24,3.277,3.292,3.266,3.28,1460046,478523898.0
2026-04-27,3.27,3.293,3.264,3.275,1008522,330541990.0
2026-04-28,3.27,3.326,3.265,3.325,1653365,545846331.0
2026-04-29,3.315,3.36,3.313,3.347,1395719,466652880.0
2026-04-30,3.34,3.357,3.324,3.341,1434351,478767666.0
2026-05-06,3.335,3.342,3.3,3.341,1451800,481710571.0
2026-05-07,3.327,3.327,3.268,3.272,2937811,964538060.0
2026-05-08,3.273,3.292,3.25,3.261,1593841,519812739.0
2026-05-11,3.261,3.276,3.253,3.263,1463540,477609074.0
2026-05-12,3.26,3.284,3.255,3.257,1171480,382461892.0
2026-05-13,3.258,3.271,3.23,3.244,1220950,396171454.0
2026-05-14,3.244,3.246,3.222,3.223,1022441,330506928.0
2026-05-15,3.224,3.244,3.21,3.223,1605664,517776590.0
2026-05-18,3.22,3.234,3.2,3.217,1885325,605137252.0
2026-05-19,3.217,3.228,3.208,3.222,961249,309449822.0
2026-05-20,3.222,3.23,3.208,3.215,1357173,436881640.0
2026-05-21,3.205,3.215,3.167,3.172,2302791,734993648.0
2026-05-22,3.173,3.175,3.138,3.156,1680864,530077819.0
2026-05-25,3.178,3.219,3.178,3.185,1972914,630135947.0
2026-05-26,3.178,3.192,3.163,3.186,1241574,394360503.0
2026-05-27,3.18,3.183,3.143,3.17,1784287,563920657.0
2026-05-28,3.163,3.193,3.157,3.17,1444370,459099902.0
2026-05-29,3.165,3.212,3.162,3.206,2132096,681631366.0
2026-06-01,3.212,3.315,3.206,3.307,3998342,1309404277.0
2026-06-02,3.307,3.365,3.294,3.308,3254401,1082836907.0
2026-06-03,3.29,3.339,3.264,3.324,2180349,718390296.0
2026-06-04,3.318,3.354,3.292,3.327,1691105,562193731.0
2026-06-05,3.314,3.355,3.311,3.321,2234907,745405168.0
2026-06-08,3.309,3.338,3.278,3.304,1744427,576629250.0
2026-06-09,3.28,3.3,3.266,3.291,1183731,388507413.0
2026-06-10,3.274,3.286,3.251,3.261,1227520,400792866.0
2026-06-11,3.268,3.283,3.248,3.26,909544,296504768.0
2026-06-12,3.246,3.309,3.238,3.303,1358116,445662306.0
2026-06-15,3.291,3.295,3.239,3.249,2165524,704890628.0
2026-06-16,3.239,3.239,3.19,3.196,2895238,928062649.0
2026-06-17,3.198,3.198,3.15,3.16,2767881,876401837.0
2026-06-18,3.16,3.161,3.091,3.098,4309489,1341694581.0
2026-06-22,3.099,3.127,3.058,3.125,3540884,1093673375.0
2026-06-23,3.12,3.157,3.1,3.104,2060253,644638369.0
2026-06-24,3.105,3.107,3.047,3.048,3413683,1047024912.0
2026-06-25,3.042,3.049,3.0,3.006,3422199,1031556136.0
2026-06-26,3.006,3.013,2.949,2.954,3676631,1091778293.0
2026-06-29,2.954,2.98,2.896,2.972,3417911,1006876650.0
2026-06-30,2.97,2.97,2.901,2.916,2834849,827868642.0
2026-07-01,2.902,2.977,2.902,2.963,2454405,721980544.0
2026-07-02,2.968,3.024,2.963,2.993,5059780,1515742957.0
2026-07-03,3.0,3.043,3.0,3.024,2386434,721232424.0
2026-07-06,3.018,3.091,3.007,3.089,2555379,779823942.0
2026-07-07,3.09,3.094,3.024,3.044,3853268,1172413572.0
2026-07-08,3.045,3.103,3.031,3.08,2930826,901310724.0
2026-07-09,3.067,3.067,3.03,3.04,2183321,664656813.0
2026-07-10,3.025,3.057,3.008,3.045,1617053,489830016.0
2026-07-13,3.039,3.077,3.027,3.066,2537021,775929777.0
2026-07-14,3.07,3.148,3.065,3.138,4942392,1539920318.0
2026-07-15,3.123,3.19,3.112,3.185,2395742,758046589.0
2026-07-16,3.178,3.207,3.139,3.146,2594155,820198783.0
2026-07-17,3.147,3.175,3.133,3.135,2590332,817540556.0
2026-07-20,3.14,3.248,3.139,3.242,5479238,1762654538.0
2026-07-21,3.238,3.279,3.2,3.205,4729934,1529467789.0
2026-07-22,3.201,3.257,3.181,3.253,3123703,1005971778.0
2026-07-23,3.236,3.287,3.233,3.28,2803347,916799888.0
2026-07-24,3.279,3.296,3.223,3.223,2017756,656989958.0
2026-07-27,3.216,3.242,3.2,3.232,2149714,691522429.0
2026-07-28,3.219,3.235,3.189,3.232,5261742,1688299546.0
2026-07-29,3.23,3.286,3.221,3.273,2864486,936020946.0
2026-07-30,3.274,3.313,3.274,3.312,3719600,1228199059.0
2026-07-31,3.281,3.309,3.248,3.304,2640779,865046292.0
2026-08-03,3.291,3.325,3.281,3.285,1467422,484094161.0
2026-08-04,3.28,3.284,3.222,3.237,2629161,851481257.0
2026-08-05,3.228,3.238,3.205,3.228,2641863,850400046.0
2026-08-06,3.227,3.299,3.225,3.288,3124725,1019292697.0
2026-08-07,3.277,3.293,3.256,3.282,1616926,530327248.0
2026-08-10,3.276,3.332,3.274,3.319,3104282,1030809437.0
2026-08-11,3.331,3.348,3.302,3.309,1687475,560504922.0
2026-08-12,3.301,3.319,3.29,3.303,1180626,389653221.0
2026-08-13,3.29,3.297,3.27,3.273,1162749,381339138.0
2026-08-14,3.269,3.302,3.255,3.296,1349647,443105400.0
