date,open,high,low,close,volume,amount
2016-11-04,1.002,1.007,0.998,1.0,2239923,224852466.0
2016-11-07,0.999,1.003,0.996,0.998,234469,23440743.0
2016-11-08,0.998,1.007,0.998,1.005,511343,51338297.0
2016-11-09,1.004,1.006,0.98,0.998,128733,12875264.0
2016-11-10,1.003,1.013,1.003,1.012,428870,43268676.0
2016-11-11,1.011,1.015,1.008,1.015,138440,14015826.0
2016-11-14,1.011,1.02,1.011,1.016,153771,15637447.0
2016-11-15,1.015,1.024,1.015,1.024,178394,18184134.0
2016-11-16,1.017,1.03,1.017,1.023,125796,12907083.0
2016-11-17,1.019,1.023,1.015,1.02,62557,6368497.0
2016-11-18,1.02,1.024,1.015,1.017,66260,6754495.0
2016-11-21,1.015,1.022,1.015,1.02,86622,8820110.0
2016-11-22,1.019,1.028,1.019,1.028,91309,9342661.0
2016-11-23,1.027,1.029,1.021,1.023,77719,7970302.0
2016-11-24,1.02,1.02,1.012,1.014,50264,5115925.0
2016-11-25,1.013,1.014,0.984,1.013,51735,5216981.0
2016-11-28,1.01,1.018,1.01,1.015,33398,3393261.0
2016-11-29,1.015,1.015,1.008,1.008,40154,4060796.0
2016-11-30,1.007,1.007,1.0,1.003,21189,2125217.0
2016-12-01,1.003,1.005,1.0,1.004,14699,1473036.0
2016-12-02,1.004,1.004,0.996,0.997,27610,2758825.0
2016-12-05,0.989,0.999,0.986,0.991,21767,2151978.0
2016-12-06,0.982,0.991,0.981,0.984,31430,3095223.0
2016-12-07,0.987,0.995,0.983,0.995,15745,1556866.0
2016-12-08,0.994,0.994,0.986,0.986,23638,2345324.0
2016-12-09,0.988,0.99,0.983,0.985,13030,1285443.0
2016-12-12,0.985,0.985,0.92,0.925,41068,3892286.0
2016-12-13,0.929,0.95,0.91,0.929,24822,2293228.0
2016-12-14,0.922,0.94,0.922,0.923,5331,494799.0
2016-12-15,0.923,0.94,0.917,0.935,14241,1328618.0
2016-12-16,0.932,0.948,0.926,0.948,11847,1113291.0
2016-12-19,0.94,0.944,0.933,0.935,11147,1046481.0
2016-12-20,0.933,0.97,0.933,0.943,8337,789310.0
2016-12-21,0.938,0.949,0.937,0.949,8807,831646.0
2016-12-22,0.949,0.952,0.935,0.948,5923,560779.0
2016-12-23,0.953,0.953,0.939,0.94,5887,554180.0
2016-12-26,0.932,0.945,0.926,0.944,8052,751629.0
2016-12-27,0.944,0.945,0.933,0.943,8616,811894.0
2016-12-28,0.94,0.943,0.936,0.939,6321,594131.0
2016-12-29,0.934,0.943,0.934,0.935,1838,172386.0
2016-12-30,0.935,0.944,0.932,0.938,3029,283448.0
2017-01-03,0.938,0.945,0.938,0.944,12068,1137820.0
2017-01-04,0.941,0.96,0.941,0.957,20473,1946626.0
2017-01-05,0.952,0.964,0.952,0.954,16542,1590980.0
2017-01-06,0.954,0.959,0.948,0.955,17297,1650287.0
2017-01-09,0.946,0.96,0.946,0.959,7979,760892.0
2017-01-10,0.96,0.97,0.955,0.955,8180,784523.0
2017-01-11,0.951,0.961,0.941,0.95,4168,395290.0
2017-01-12,0.94,0.948,0.94,0.944,3042,286684.0
2017-01-13,0.944,0.95,0.93,0.935,4922,461906.0
2017-01-16,0.941,0.941,0.9,0.909,11938,1097504.0
2017-01-17,0.909,0.919,0.907,0.915,6367,581616.0
2017-01-18,0.915,0.918,0.905,0.914,5790,526995.0
2017-01-19,0.914,0.914,0.882,0.905,14758,1319669.0
2017-01-20,0.896,0.906,0.892,0.902,41953,3768716.0
2017-01-23,0.905,0.916,0.902,0.912,30977,2827492.0
2017-01-24,0.909,0.915,0.905,0.906,13729,1244830.0
2017-01-25,0.904,0.912,0.904,0.909,12197,1107917.0
2017-01-26,0.911,0.917,0.911,0.917,8564,783697.0
2017-02-03,0.918,0.919,0.91,0.915,2678,244504.0
2017-02-06,0.913,0.925,0.913,0.925,28183,2598405.0
2017-02-07,0.922,0.927,0.92,0.927,2634,243331.0
2017-02-08,0.927,0.933,0.919,0.931,8627,796979.0
2017-02-09,0.931,0.941,0.931,0.94,7244,680215.0
2017-02-10,0.939,0.941,0.937,0.939,9383,880670.0
2017-02-13,0.937,0.949,0.937,0.943,27079,2558283.0
2017-02-14,0.943,0.945,0.94,0.942,5279,497413.0
2017-02-15,0.943,0.943,0.932,0.936,16016,1505025.0
2017-02-16,0.937,0.942,0.935,0.941,7587,712421.0
2017-02-17,0.942,0.942,0.931,0.935,4951,463402.0
2017-02-20,0.936,0.943,0.932,0.943,29414,2761143.0
2017-02-21,0.941,0.953,0.941,0.953,58520,5539069.0
2017-02-22,0.952,0.956,0.949,0.953,35558,3389480.0
2017-02-23,0.955,0.955,0.947,0.955,20297,1934158.0
2017-02-24,0.955,0.96,0.952,0.959,21756,2080033.0
2017-02-27,0.955,0.96,0.951,0.952,30238,2888700.0
2017-02-28,0.952,0.954,0.949,0.953,12735,1210683.0
2017-03-01,0.952,0.959,0.952,0.956,98238,9401571.0
2017-03-02,0.957,0.96,0.95,0.95,16287,1555904.0
2017-03-03,0.95,0.956,0.945,0.956,22344,2129459.0
2017-03-06,0.975,0.977,0.956,0.967,5723,553355.0
2017-03-07,0.967,0.969,0.963,0.968,11998,1159566.0
2017-03-08,0.965,0.968,0.962,0.964,25478,2459238.0
2017-03-09,0.962,0.962,0.955,0.958,6964,668127.0
2017-03-10,0.96,0.962,0.957,0.959,4816,461546.0
2017-03-13,0.941,0.97,0.941,0.97,83822,8023253.0
2017-03-14,0.97,0.97,0.962,0.964,14818,1434080.0
2017-03-15,0.961,0.964,0.96,0.963,11576,1114725.0
2017-03-16,0.964,0.976,0.964,0.975,51359,4987762.0
2017-03-17,0.975,0.98,0.966,0.967,17883,1746035.0
2017-03-20,0.967,0.971,0.965,0.97,9335,903614.0
2017-03-21,0.971,0.973,0.969,0.973,36535,3550935.0
2017-03-22,0.973,0.973,0.963,0.968,9445,914828.0
2017-03-23,0.968,0.971,0.958,0.967,19106,1847372.0
2017-03-24,0.967,0.97,0.964,0.97,12798,1237632.0
2017-03-27,0.969,0.972,0.965,0.968,38449,3724004.0
2017-03-28,0.967,0.97,0.965,0.966,17676,1710443.0
2017-03-29,0.964,0.966,0.957,0.957,16926,1631302.0
2017-03-30,0.956,0.956,0.937,0.939,16159,1525335.0
2017-03-31,0.94,0.96,0.937,0.941,32696,3083408.0
2017-04-05,0.941,0.964,0.941,0.964,21209,2033053.0
2017-04-06,0.962,0.967,0.96,0.965,10995,1060480.0
2017-04-07,0.964,0.967,0.964,0.965,14709,1419675.0
2017-04-10,0.962,0.963,0.954,0.955,9823,939665.0
2017-04-11,0.955,0.963,0.948,0.962,35165,3358710.0
2017-04-12,0.956,0.963,0.956,0.956,34042,3269137.0
2017-04-13,0.954,0.962,0.954,0.959,3041,291881.0
2017-04-14,0.959,0.959,0.947,0.948,16273,1551205.0
2017-04-17,0.944,0.944,0.928,0.931,9341,872252.0
2017-04-18,0.93,0.936,0.924,0.925,9439,876497.0
2017-04-19,0.925,0.925,0.901,0.913,16362,1487164.0
2017-04-20,0.917,0.917,0.903,0.907,13030,1188223.0
2017-04-21,0.91,0.913,0.905,0.907,7734,702046.0
2017-04-24,0.907,0.907,0.881,0.9,10414,925675.0
2017-04-25,0.889,0.901,0.879,0.881,17396,1535388.0
2017-04-26,0.881,0.884,0.879,0.883,6963,614683.0
2017-04-27,0.882,0.888,0.865,0.886,18722,1631079.0
2017-04-28,0.886,0.892,0.885,0.892,7151,635971.0
2017-05-02,0.89,0.892,0.888,0.892,3932,350145.0
2017-05-03,0.892,0.892,0.885,0.891,13687,1217588.0
2017-05-04,0.884,0.895,0.884,0.888,2996,266276.0
2017-05-05,0.884,0.886,0.877,0.877,3845,339057.0
2017-05-08,0.874,0.875,0.86,0.86,7187,622845.0
2017-05-09,0.861,0.865,0.852,0.864,7467,639985.0
2017-05-10,0.865,0.868,0.849,0.849,6199,531903.0
2017-05-11,0.859,0.859,0.82,0.84,13570,1129902.0
2017-05-12,0.841,0.843,0.833,0.84,5257,441052.0
2017-05-15,0.843,0.846,0.841,0.841,1430,120651.0
2017-05-16,0.841,0.861,0.835,0.86,5894,501897.0
2017-05-17,0.861,0.867,0.861,0.862,9256,798825.0
2017-05-18,0.844,0.864,0.844,0.857,6286,539199.0
2017-05-19,0.859,0.859,0.851,0.855,3065,262424.0
2017-05-22,0.853,0.858,0.839,0.841,4957,419715.0
2017-05-23,0.842,0.842,0.813,0.815,26662,2183178.0
2017-05-24,0.813,0.82,0.798,0.819,12217,989546.0
2017-05-25,0.818,0.828,0.81,0.825,4594,376933.0
2017-05-26,0.826,0.845,0.825,0.828,8070,670721.0
2017-05-31,0.829,0.837,0.829,0.83,5801,482436.0
2017-06-01,0.823,0.823,0.801,0.801,5466,442520.0
2017-06-02,0.801,0.815,0.794,0.812,12819,1023963.0
2017-06-05,0.813,0.821,0.813,0.818,16664,1361772.0
2017-06-06,0.817,0.823,0.817,0.821,10518,860753.0
2017-06-07,0.821,0.841,0.821,0.841,27702,2315760.0
2017-06-08,0.841,0.85,0.838,0.839,29629,2497027.0
2017-06-09,0.839,0.841,0.833,0.841,8832,739771.0
2017-06-12,0.841,0.841,0.826,0.827,30483,2537482.0
2017-06-13,0.827,0.841,0.827,0.841,11064,922897.0
2017-06-14,0.84,0.843,0.839,0.84,8729,733865.0
2017-06-15,0.838,0.855,0.838,0.854,32793,2788483.0
2017-06-16,0.852,0.855,0.85,0.854,7980,680444.0
2017-06-19,0.854,0.858,0.851,0.858,10006,855552.0
2017-06-20,0.859,0.864,0.841,0.856,36794,3156309.0
2017-06-21,0.856,0.86,0.852,0.857,5396,461431.0
2017-06-22,0.857,0.857,0.842,0.842,2909,248063.0
2017-06-23,0.84,0.845,0.832,0.845,5474,460310.0
2017-06-26,0.844,0.855,0.841,0.855,5936,503263.0
2017-06-27,0.855,0.858,0.85,0.853,7272,620670.0
2017-06-28,0.853,0.853,0.847,0.849,4771,405787.0
2017-06-29,0.853,0.857,0.85,0.852,4588,391444.0
2017-06-30,0.851,0.855,0.85,0.855,3667,312381.0
2017-07-03,0.855,0.863,0.852,0.863,8790,754815.0
2017-07-04,0.861,0.863,0.858,0.859,6069,521735.0
2017-07-05,0.861,0.867,0.859,0.867,9404,810259.0
2017-07-06,0.866,0.873,0.862,0.871,5563,483460.0
2017-07-07,0.867,0.872,0.867,0.871,1172,102006.0
2017-07-10,0.872,0.872,0.865,0.866,5478,475607.0
2017-07-11,0.868,0.868,0.855,0.855,4329,372410.0
2017-07-12,0.857,0.859,0.841,0.854,9606,814220.0
2017-07-13,0.853,0.857,0.853,0.854,1380,117938.0
2017-07-14,0.854,0.854,0.85,0.852,557,47468.0
2017-07-17,0.847,0.847,0.804,0.805,13065,1065112.0
2017-07-18,0.805,0.815,0.803,0.815,100728,8151923.0
2017-07-19,0.813,0.825,0.812,0.825,6799,556263.0
2017-07-20,0.815,0.835,0.815,0.829,8768,728083.0
2017-07-21,0.828,0.833,0.828,0.829,2657,220422.0
2017-07-24,0.828,0.836,0.828,0.835,3653,304450.0
2017-07-25,0.835,0.835,0.831,0.835,3067,255292.0
2017-07-26,0.833,0.835,0.832,0.834,7446,620599.0
2017-07-27,0.834,0.848,0.832,0.848,10432,875860.0
2017-07-28,0.846,0.85,0.845,0.849,10046,849321.0
2017-07-31,0.846,0.855,0.846,0.855,8553,728357.0
2017-08-01,0.855,0.857,0.852,0.855,20464,1749040.0
2017-08-02,0.855,0.855,0.847,0.849,4010,341331.0
2017-08-03,0.849,0.856,0.847,0.852,12709,1080609.0
2017-08-04,0.851,0.856,0.848,0.848,14034,1195809.0
2017-08-07,0.848,0.856,0.848,0.856,3281,279458.0
2017-08-08,0.856,0.86,0.853,0.859,6702,573684.0
2017-08-09,0.856,0.862,0.856,0.861,9338,801027.0
2017-08-10,0.861,0.862,0.85,0.855,4408,376588.0
2017-08-11,0.853,0.853,0.84,0.841,9133,774908.0
2017-08-14,0.841,0.87,0.841,0.87,78898,6725925.0
2017-08-15,0.862,0.864,0.858,0.864,33722,2906629.0
2017-08-16,0.863,0.87,0.86,0.869,11960,1034260.0
2017-08-17,0.869,0.877,0.869,0.876,4374,381730.0
2017-08-18,0.869,0.875,0.869,0.871,2655,231358.0
2017-08-21,0.869,0.878,0.869,0.878,21842,1908600.0
2017-08-22,0.875,0.876,0.871,0.872,1965,171718.0
2017-08-23,0.872,0.874,0.863,0.867,47621,4133315.0
2017-08-24,0.867,0.868,0.859,0.862,25150,2172387.0
2017-08-25,0.861,0.871,0.861,0.871,8018,692655.0
2017-08-28,0.872,0.883,0.872,0.877,22820,2002120.0
2017-08-29,0.878,0.88,0.875,0.877,29913,2623635.0
2017-08-30,0.876,0.881,0.876,0.881,7338,644918.0
2017-08-31,0.881,0.884,0.881,0.884,12869,1135980.0
2017-09-01,0.884,0.892,0.883,0.892,17446,1546237.0
2017-09-04,0.893,0.899,0.891,0.898,16820,1506733.0
2017-09-05,0.898,0.898,0.891,0.895,5239,468619.0
2017-09-06,0.895,0.903,0.894,0.903,34122,3060840.0
2017-09-07,0.903,0.908,0.899,0.899,9313,840713.0
2017-09-08,0.898,0.904,0.895,0.901,8750,787886.0
2017-09-11,0.901,0.938,0.9,0.912,20919,1894599.0
2017-09-12,0.911,0.915,0.9,0.91,67083,6096633.0
2017-09-13,0.91,0.913,0.905,0.912,4840,439940.0
2017-09-14,0.912,0.916,0.907,0.908,9987,909117.0
2017-09-15,0.908,0.914,0.903,0.907,54564,4953012.0
2017-09-18,0.907,0.915,0.906,0.914,43214,3923592.0
2017-09-19,0.915,0.917,0.908,0.911,3073,280074.0
2017-09-20,0.911,0.918,0.909,0.918,18742,1711162.0
2017-09-21,0.918,0.918,0.907,0.907,1426,130371.0
2017-09-22,0.906,0.907,0.899,0.905,9595,866097.0
2017-09-25,0.905,0.905,0.89,0.891,3681,328606.0
2017-09-26,0.891,0.894,0.888,0.892,10554,940327.0
2017-09-27,0.895,0.901,0.895,0.9,4170,374730.0
2017-09-28,0.9,0.9,0.895,0.895,15736,1414862.0
2017-09-29,0.898,0.905,0.898,0.904,21502,1938689.0
2017-10-09,0.904,0.916,0.904,0.916,20686,1889062.0
2017-10-10,0.917,0.924,0.914,0.924,21417,1970736.0
2017-10-11,0.922,0.922,0.919,0.92,15973,1469892.0
2017-10-12,0.918,0.918,0.911,0.917,3085,282171.0
2017-10-13,0.917,0.921,0.914,0.92,1589,145977.0
2017-10-16,0.92,0.92,0.902,0.902,5597,508899.0
2017-10-17,0.902,0.907,0.898,0.902,4384,395515.0
2017-10-18,0.902,0.905,0.894,0.894,21197,1910292.0
2017-10-19,0.895,0.895,0.882,0.887,6227,551993.0
2017-10-20,0.886,0.896,0.885,0.895,10653,950181.0
2017-10-23,0.896,0.9,0.896,0.9,11865,1065642.0
2017-10-24,0.903,0.903,0.888,0.894,1163,103844.0
2017-10-25,0.893,0.9,0.892,0.899,1950,174621.0
2017-10-26,0.897,0.905,0.897,0.905,6109,550355.0
2017-10-27,0.903,0.904,0.899,0.899,3318,299554.0
2017-10-30,0.899,0.899,0.871,0.877,4715,414823.0
2017-10-31,0.878,0.882,0.876,0.882,2165,190205.0
2017-11-01,0.883,0.886,0.883,0.883,1625,143666.0
2017-11-02,0.883,0.883,0.874,0.875,4316,378116.0
2017-11-03,0.875,0.876,0.864,0.867,10915,946430.0
2017-11-06,0.867,0.874,0.864,0.874,5255,456304.0
2017-11-07,0.872,0.879,0.872,0.879,8087,707632.0
2017-11-08,0.879,0.886,0.878,0.882,6151,543575.0
2017-11-09,0.882,0.886,0.882,0.886,2461,217641.0
2017-11-10,0.886,0.892,0.885,0.89,35961,3191096.0
2017-11-13,0.891,0.892,0.888,0.891,6693,595066.0
2017-11-14,0.889,0.892,0.883,0.884,16102,1426042.0
2017-11-15,0.887,0.887,0.876,0.878,1978,173933.0
2017-11-16,0.875,0.88,0.875,0.876,2594,227660.0
2017-11-17,0.874,0.874,0.819,0.822,49293,4156102.0
2017-11-20,0.844,0.852,0.826,0.849,56507,4750950.0
2017-11-21,0.85,0.852,0.843,0.848,7247,614099.0
2017-11-22,0.846,0.853,0.84,0.848,12964,1100804.0
2017-11-23,0.846,0.846,0.829,0.83,5820,487173.0
2017-11-24,0.834,0.835,0.826,0.832,4274,354987.0
2017-11-27,0.832,0.833,0.822,0.822,7709,639373.0
2017-11-28,0.822,0.837,0.822,0.836,18290,1517212.0
2017-11-29,0.837,0.838,0.829,0.837,16243,1353217.0
2017-11-30,0.835,0.838,0.831,0.834,9920,828799.0
2017-12-01,0.833,0.842,0.832,0.84,7641,640964.0
2017-12-04,0.841,0.841,0.83,0.83,15469,1297650.0
2017-12-05,0.831,0.832,0.806,0.811,32585,2665063.0
2017-12-06,0.818,0.82,0.804,0.819,16674,1351102.0
2017-12-07,0.817,0.823,0.814,0.818,12568,1029584.0
2017-12-08,0.819,0.828,0.818,0.821,43695,3595016.0
2017-12-11,0.825,0.833,0.825,0.832,13071,1083874.0
2017-12-12,0.829,0.833,0.822,0.822,49978,4125041.0
2017-12-13,0.824,0.832,0.822,0.83,41003,3384333.0
2017-12-14,0.83,0.832,0.828,0.832,23674,1964794.0
2017-12-15,0.829,0.832,0.826,0.83,37795,3133444.0
2017-12-18,0.831,0.831,0.822,0.824,15349,1265570.0
2017-12-19,0.825,0.83,0.824,0.829,15649,1295817.0
2017-12-20,0.829,0.829,0.82,0.821,12306,1013717.0
2017-12-21,0.821,0.824,0.812,0.821,10428,851762.0
2017-12-22,0.819,0.825,0.819,0.82,5715,469835.0
2017-12-25,0.821,0.822,0.81,0.81,26805,2183306.0
2017-12-26,0.813,0.82,0.807,0.817,44148,3601356.0
2017-12-27,0.817,0.818,0.812,0.815,14813,1209683.0
2017-12-28,0.816,0.819,0.811,0.814,8013,654373.0
2017-12-29,0.817,0.824,0.815,0.822,7002,573237.0
2018-01-02,0.824,0.831,0.823,0.831,16427,1360312.0
2018-01-03,0.831,0.838,0.831,0.838,34866,2912102.0
2018-01-04,0.839,0.839,0.833,0.838,9157,766195.0
2018-01-05,0.836,0.841,0.836,0.839,40483,3393846.0
2018-01-08,0.839,0.841,0.835,0.84,12683,1062618.0
2018-01-09,0.841,0.842,0.837,0.839,8102,679758.0
2018-01-10,0.84,0.841,0.83,0.835,9668,807544.0
2018-01-11,0.834,0.841,0.831,0.84,14087,1178008.0
2018-01-12,0.841,0.841,0.835,0.836,4021,336695.0
2018-01-15,0.831,0.831,0.811,0.813,35487,2899866.0
2018-01-16,0.816,0.816,0.811,0.815,18730,1523499.0
2018-01-17,0.817,0.817,0.802,0.814,39516,3190629.0
2018-01-18,0.811,0.817,0.811,0.814,17407,1417746.0
2018-01-19,0.814,0.819,0.811,0.811,41705,3397299.0
2018-01-22,0.811,0.827,0.808,0.823,101225,8276790.0
2018-01-23,0.828,0.828,0.821,0.822,16024,1318683.0
2018-01-24,0.823,0.832,0.818,0.832,26347,2172814.0
2018-01-25,0.83,0.836,0.829,0.83,22965,1914356.0
2018-01-26,0.83,0.832,0.828,0.828,14850,1232070.0
2018-01-29,0.83,0.831,0.817,0.819,12458,1023406.0
2018-01-30,0.817,0.819,0.815,0.817,51111,4178869.0
2018-01-31,0.812,0.815,0.797,0.797,42221,3394126.0
2018-02-01,0.801,0.802,0.766,0.766,67532,5272459.0
2018-02-02,0.77,0.77,0.742,0.761,23589,1782998.0
2018-02-05,0.76,0.762,0.75,0.759,13363,1013212.0
2018-02-06,0.75,0.751,0.722,0.723,33327,2462642.0
2018-02-07,0.727,0.742,0.711,0.723,31889,2322756.0
2018-02-08,0.724,0.735,0.723,0.733,21668,1586248.0
2018-02-09,0.725,0.725,0.701,0.71,30056,2144651.0
2018-02-12,0.714,0.732,0.714,0.731,21037,1529967.0
2018-02-13,0.732,0.738,0.731,0.733,15550,1142752.0
2018-02-14,0.733,0.735,0.727,0.735,10748,785277.0
2018-02-22,0.74,0.747,0.737,0.746,12204,908660.0
2018-02-23,0.746,0.749,0.742,0.747,11018,822338.0
2018-02-26,0.75,0.765,0.75,0.765,17357,1313140.0
2018-02-27,0.766,0.772,0.764,0.77,46336,3564938.0
2018-02-28,0.77,0.774,0.761,0.771,11152,859227.0
2018-03-01,0.771,0.782,0.768,0.782,18922,1468803.0
2018-03-02,0.779,0.784,0.771,0.779,16604,1293198.0
2018-03-05,0.779,0.783,0.778,0.783,8031,627890.0
2018-03-06,0.783,0.793,0.783,0.791,32058,2530327.0
2018-03-07,0.791,0.792,0.785,0.785,10520,829831.0
2018-03-08,0.784,0.79,0.784,0.79,7917,624205.0
2018-03-09,0.791,0.806,0.791,0.805,57073,4583810.0
2018-03-12,0.805,0.816,0.805,0.815,28735,2333670.0
2018-03-13,0.817,0.818,0.81,0.811,16192,1317430.0
2018-03-14,0.81,0.812,0.8,0.801,22459,1806973.0
2018-03-15,0.8,0.803,0.791,0.8,16984,1356189.0
2018-03-16,0.801,0.806,0.8,0.801,6801,546121.0
2018-03-19,0.801,0.806,0.796,0.801,7760,620737.0
2018-03-20,0.8,0.801,0.792,0.8,7792,619180.0
2018-03-21,0.802,0.808,0.796,0.796,12456,999881.0
2018-03-22,0.797,0.799,0.79,0.794,8173,649301.0
2018-03-23,0.788,0.788,0.743,0.754,58958,4458787.0
2018-03-26,0.755,0.766,0.734,0.764,31490,2370425.0
2018-03-27,0.766,0.788,0.766,0.787,24275,1896073.0
2018-03-28,0.782,0.785,0.777,0.781,11960,935250.0
2018-03-29,0.782,0.787,0.78,0.787,7412,580734.0
2018-03-30,0.787,0.8,0.787,0.799,15120,1201822.0
2018-04-02,0.799,0.809,0.797,0.803,14758,1186628.0
2018-04-03,0.799,0.799,0.789,0.794,15483,1226110.0
2018-04-04,0.796,0.799,0.787,0.789,6096,483830.0
2018-04-09,0.789,0.793,0.779,0.789,9973,784442.0
2018-04-10,0.79,0.791,0.78,0.79,4419,347281.0
2018-04-11,0.79,0.798,0.79,0.796,8821,701469.0
2018-04-12,0.794,0.797,0.79,0.792,9079,721328.0
2018-04-13,0.79,0.796,0.789,0.79,5667,449464.0
2018-04-16,0.789,0.794,0.784,0.79,6267,493775.0
2018-04-17,0.79,0.792,0.771,0.773,7063,552388.0
2018-04-18,0.773,0.786,0.763,0.784,26348,2047418.0
2018-04-19,0.784,0.792,0.782,0.786,13103,1029611.0
2018-04-20,0.785,0.786,0.77,0.771,15337,1194156.0
2018-04-23,0.772,0.783,0.751,0.762,13351,1014234.0
2018-04-24,0.763,0.779,0.761,0.778,4034,309920.0
2018-04-25,0.778,0.782,0.775,0.78,4649,362306.0
2018-04-26,0.78,0.78,0.766,0.768,3079,238079.0
2018-04-27,0.769,0.772,0.763,0.766,7466,572439.0
2018-05-02,0.767,0.777,0.76,0.765,3196,244361.0
2018-05-03,0.765,0.771,0.754,0.771,2196,166953.0
2018-05-04,0.771,0.773,0.768,0.771,4617,356099.0
2018-05-07,0.772,0.783,0.771,0.783,8484,661030.0
2018-05-08,0.783,0.787,0.782,0.786,6101,478339.0
2018-05-09,0.786,0.787,0.784,0.785,3770,295921.0
2018-05-10,0.787,0.79,0.786,0.79,25613,2020300.0
2018-05-11,0.791,0.791,0.783,0.784,12977,1019898.0
2018-05-14,0.785,0.787,0.777,0.777,12991,1013145.0
2018-05-15,0.78,0.786,0.776,0.785,5884,459140.0
2018-05-16,0.784,0.788,0.78,0.781,7791,610151.0
2018-05-17,0.782,0.784,0.777,0.778,4727,367855.0
2018-05-18,0.777,0.781,0.773,0.781,26493,2058199.0
2018-05-21,0.782,0.791,0.782,0.788,49906,3920914.0
2018-05-22,0.788,0.792,0.786,0.792,12214,962586.0
2018-05-23,0.792,0.792,0.785,0.785,11479,903328.0
2018-05-24,0.782,0.786,0.781,0.782,8139,637086.0
2018-05-25,0.78,0.782,0.772,0.772,6297,488605.0
2018-05-28,0.773,0.774,0.764,0.766,6051,464792.0
2018-05-29,0.765,0.771,0.761,0.761,5775,441864.0
2018-05-30,0.756,0.76,0.737,0.738,11842,882110.0
2018-05-31,0.739,0.748,0.738,0.748,8569,635320.0
2018-06-01,0.748,0.749,0.736,0.74,69294,5167240.0
2018-06-04,0.741,0.744,0.735,0.741,6260,462623.0
2018-06-05,0.742,0.749,0.737,0.748,5674,422475.0
2018-06-06,0.748,0.749,0.744,0.746,5014,374701.0
2018-06-07,0.75,0.75,0.743,0.744,4621,345667.0
2018-06-08,0.742,0.742,0.731,0.735,7248,531721.0
2018-06-11,0.736,0.742,0.728,0.731,6494,474349.0
2018-06-12,0.729,0.736,0.723,0.734,4640,337912.0
2018-06-13,0.732,0.733,0.723,0.724,5171,375599.0
2018-06-14,0.724,0.726,0.718,0.72,9056,652438.0
2018-06-15,0.72,0.721,0.701,0.705,34393,2435146.0
2018-06-19,0.701,0.701,0.645,0.654,76465,5080289.0
2018-06-20,0.654,0.667,0.649,0.664,9347,613181.0
2018-06-21,0.66,0.668,0.648,0.649,14877,976777.0
2018-06-22,0.648,0.66,0.639,0.658,10660,694186.0
2018-06-25,0.659,0.665,0.654,0.655,9016,595521.0
2018-06-26,0.651,0.662,0.643,0.66,18068,1182192.0
2018-06-27,0.661,0.664,0.654,0.655,17310,1142466.0
2018-06-28,0.655,0.659,0.646,0.648,24151,1578956.0
2018-06-29,0.648,0.669,0.648,0.669,17075,1121683.0
2018-07-02,0.669,0.67,0.652,0.658,82626,5469420.0
2018-07-03,0.658,0.667,0.648,0.665,16564,1088265.0
2018-07-04,0.665,0.665,0.652,0.655,14601,960271.0
2018-07-05,0.655,0.655,0.638,0.641,15813,1020007.0
2018-07-06,0.642,0.649,0.626,0.64,28216,1801960.0
2018-07-09,0.64,0.653,0.64,0.652,10514,682332.0
2018-07-10,0.647,0.658,0.647,0.658,4603,301500.0
2018-07-11,0.656,0.656,0.633,0.642,16279,1042189.0
2018-07-12,0.642,0.662,0.642,0.659,30674,2016606.0
2018-07-13,0.661,0.663,0.659,0.663,4044,267164.0
2018-07-16,0.664,0.664,0.659,0.662,6314,417716.0
2018-07-17,0.665,0.665,0.655,0.665,10187,671484.0
2018-07-18,0.666,0.669,0.661,0.662,11853,785847.0
2018-07-19,0.663,0.663,0.651,0.654,11283,740371.0
2018-07-20,0.652,0.661,0.648,0.659,9750,640364.0
2018-07-23,0.659,0.666,0.657,0.666,15312,1012520.0
2018-07-24,0.666,0.678,0.664,0.677,30191,2033759.0
2018-07-25,0.675,0.68,0.674,0.677,15743,1066117.0
2018-07-26,0.676,0.678,0.672,0.674,10761,726017.0
2018-07-27,0.675,0.675,0.668,0.67,6307,422431.0
2018-07-30,0.671,0.671,0.657,0.659,11509,762545.0
2018-07-31,0.66,0.663,0.658,0.661,5001,330047.0
2018-08-01,0.662,0.674,0.65,0.651,9933,654845.0
2018-08-02,0.65,0.65,0.621,0.634,22742,1435268.0
2018-08-03,0.635,0.637,0.628,0.628,13149,830813.0
2018-08-06,0.628,0.628,0.611,0.614,34696,2137025.0
2018-08-07,0.615,0.629,0.61,0.627,22854,1415889.0
2018-08-08,0.628,0.629,0.618,0.618,10487,650836.0
2018-08-09,0.62,0.635,0.616,0.632,35034,2206347.0
2018-08-10,0.63,0.636,0.63,0.636,18931,1200757.0
2018-08-13,0.634,0.639,0.628,0.639,14287,905733.0
2018-08-14,0.637,0.641,0.634,0.639,3782,241210.0
2018-08-15,0.64,0.64,0.624,0.626,13828,870484.0
2018-08-16,0.624,0.626,0.612,0.618,8973,555721.0
2018-08-17,0.619,0.623,0.606,0.607,15755,963072.0
2018-08-20,0.606,0.609,0.596,0.609,11710,705033.0
2018-08-21,0.608,0.618,0.608,0.616,9472,580879.0
2018-08-22,0.614,0.616,0.611,0.611,9321,570542.0
2018-08-23,0.612,0.615,0.609,0.614,6325,387822.0
2018-08-24,0.613,0.614,0.61,0.611,5821,356723.0
2018-08-27,0.615,0.626,0.615,0.626,46248,2865540.0
2018-08-28,0.624,0.626,0.622,0.625,9470,591575.0
2018-08-29,0.624,0.624,0.619,0.622,8266,513209.0
2018-08-30,0.621,0.621,0.61,0.612,5904,362761.0
2018-08-31,0.61,0.61,0.603,0.603,9351,566226.0
2018-09-03,0.604,0.604,0.594,0.603,16050,959691.0
2018-09-04,0.602,0.612,0.602,0.611,9775,592679.0
2018-09-05,0.609,0.611,0.6,0.601,15370,933526.0
2018-09-06,0.602,0.605,0.596,0.598,9040,543361.0
2018-09-07,0.599,0.607,0.596,0.601,14131,849222.0
2018-09-10,0.599,0.601,0.593,0.595,17514,1044906.0
2018-09-11,0.595,0.595,0.584,0.589,25112,1479096.0
2018-09-12,0.586,0.593,0.586,0.589,8074,475777.0
2018-09-13,0.593,0.594,0.584,0.593,12112,713344.0
2018-09-14,0.593,0.593,0.586,0.587,4488,264509.0
2018-09-17,0.588,0.588,0.576,0.578,18202,1055598.0
2018-09-18,0.578,0.587,0.575,0.587,21426,1243742.0
2018-09-19,0.586,0.598,0.585,0.593,30633,1816645.0
2018-09-20,0.594,0.595,0.591,0.592,11391,676298.0
2018-09-21,0.597,0.601,0.591,0.6,43362,2593543.0
2018-09-25,0.598,0.601,0.596,0.599,14421,863302.0
2018-09-26,0.599,0.604,0.598,0.599,15530,930280.0
2018-09-27,0.601,0.601,0.591,0.592,32702,1951569.0
2018-09-28,0.593,0.597,0.59,0.597,11943,708150.0
2018-10-08,0.591,0.591,0.575,0.576,15913,924616.0
2018-10-09,0.577,0.581,0.572,0.576,17464,1005307.0
2018-10-10,0.576,0.578,0.57,0.575,8775,503583.0
2018-10-11,0.57,0.572,0.53,0.533,67098,3642057.0
2018-10-12,0.533,0.586,0.509,0.53,25786,1352965.0
2018-10-15,0.494,0.535,0.494,0.522,17698,929248.0
2018-10-16,0.522,0.526,0.507,0.51,15043,776007.0
2018-10-17,0.515,0.522,0.503,0.515,14188,726416.0
2018-10-18,0.514,0.514,0.499,0.504,32953,1653651.0
2018-10-19,0.495,0.509,0.488,0.508,31270,1560101.0
2018-10-22,0.515,0.538,0.51,0.536,117024,6104013.0
2018-10-23,0.536,0.536,0.521,0.525,96903,5125689.0
2018-10-24,0.52,0.53,0.52,0.524,29937,1570114.0
2018-10-25,0.51,0.52,0.507,0.52,13932,712389.0
2018-10-26,0.521,0.529,0.519,0.521,38734,2019861.0
2018-10-29,0.522,0.522,0.511,0.514,11310,582849.0
2018-10-30,0.515,0.522,0.505,0.52,39542,2040927.0
2018-10-31,0.521,0.53,0.519,0.526,68170,3584662.0
2018-11-01,0.529,0.538,0.525,0.53,58109,3090848.0
2018-11-02,0.548,0.552,0.536,0.547,87070,4708773.0
2018-11-05,0.55,0.557,0.541,0.55,114986,6310415.0
2018-11-06,0.551,0.552,0.542,0.552,36436,1989214.0
2018-11-07,0.552,0.556,0.548,0.55,20272,1121827.0
2018-11-08,0.555,0.555,0.546,0.546,48529,2672615.0
2018-11-09,0.544,0.55,0.543,0.546,31232,1705576.0
2018-11-12,0.546,0.563,0.546,0.562,208563,11616913.0
2018-11-13,0.559,0.579,0.555,0.574,261691,14930876.0
2018-11-14,0.574,0.584,0.558,0.574,345729,19919251.0
2018-11-15,0.575,0.584,0.573,0.583,164915,9522973.0
2018-11-16,0.584,0.593,0.582,0.589,192160,11295523.0
2018-11-19,0.591,0.592,0.583,0.592,127106,7467804.0
2018-11-20,0.588,0.59,0.575,0.576,154664,9024647.0
2018-11-21,0.572,0.583,0.566,0.58,158849,9143754.0
2018-11-22,0.581,0.585,0.578,0.581,143827,8360375.0
2018-11-23,0.578,0.578,0.552,0.554,252982,14248756.0
2018-11-26,0.548,0.56,0.548,0.555,105929,5878074.0
2018-11-27,0.555,0.562,0.555,0.56,56904,3186632.0
2018-11-28,0.554,0.566,0.551,0.566,118364,6623877.0
2018-11-29,0.568,0.572,0.552,0.553,140017,7894836.0
2018-11-30,0.553,0.558,0.544,0.557,62836,3463760.0
2018-12-03,0.571,0.578,0.566,0.574,96568,5531458.0
2018-12-04,0.575,0.581,0.571,0.581,105473,6083057.0
2018-12-05,0.571,0.58,0.567,0.576,97274,5597923.0
2018-12-06,0.573,0.576,0.565,0.567,152289,8713044.0
2018-12-07,0.568,0.569,0.564,0.566,51761,2931939.0
2018-12-10,0.564,0.564,0.557,0.56,62467,3508091.0
2018-12-11,0.563,0.565,0.561,0.565,43392,2443544.0
2018-12-12,0.566,0.568,0.564,0.565,36079,2041740.0
2018-12-13,0.568,0.574,0.563,0.571,44629,2542057.0
2018-12-14,0.564,0.57,0.555,0.556,43959,2469180.0
2018-12-17,0.556,0.556,0.547,0.553,60916,3359486.0
2018-12-18,0.551,0.555,0.545,0.55,92034,5055083.0
2018-12-19,0.552,0.552,0.542,0.543,57029,3120398.0
2018-12-20,0.542,0.546,0.539,0.545,32253,1753112.0
2018-12-21,0.543,0.544,0.536,0.541,33078,1785655.0
2018-12-24,0.541,0.546,0.539,0.545,15670,851610.0
2018-12-25,0.538,0.541,0.527,0.539,45133,2405038.0
2018-12-26,0.537,0.542,0.536,0.538,40979,2206335.0
2018-12-27,0.549,0.549,0.529,0.529,112308,6019005.0
2018-12-28,0.529,0.556,0.526,0.529,47015,2514105.0
2019-01-02,0.53,0.54,0.526,0.528,50175,2652318.0
2019-01-03,0.528,0.531,0.523,0.524,22089,1162861.0
2019-01-04,0.522,0.539,0.517,0.539,65468,3459213.0
2019-01-07,0.54,0.551,0.54,0.55,52277,2856522.0
2019-01-08,0.548,0.55,0.546,0.548,69218,3793863.0
2019-01-09,0.551,0.557,0.547,0.549,51484,2848618.0
2019-01-10,0.548,0.553,0.546,0.547,41770,2302330.0
2019-01-11,0.549,0.553,0.547,0.552,44738,2458795.0
2019-01-14,0.55,0.553,0.547,0.549,45658,2513748.0
2019-01-15,0.549,0.556,0.546,0.555,63937,3525254.0
2019-01-16,0.558,0.559,0.554,0.556,55243,3075153.0
2019-01-17,0.555,0.556,0.549,0.549,22998,1267648.0
2019-01-18,0.549,0.554,0.548,0.554,53049,2922828.0
2019-01-21,0.556,0.559,0.553,0.557,46396,2583185.0
2019-01-22,0.556,0.557,0.549,0.551,53492,2953890.0
2019-01-23,0.55,0.552,0.548,0.551,31387,1725301.0
2019-01-24,0.551,0.557,0.55,0.555,46176,2555174.0
2019-01-25,0.556,0.557,0.551,0.552,70327,3899953.0
2019-01-28,0.553,0.556,0.546,0.547,48145,2653423.0
2019-01-29,0.543,0.544,0.529,0.537,103413,5545986.0
2019-01-30,0.536,0.538,0.529,0.53,71184,3807512.0
2019-01-31,0.528,0.532,0.519,0.522,125369,6623407.0
2019-02-01,0.524,0.537,0.524,0.537,71038,3788412.0
2019-02-11,0.538,0.553,0.535,0.553,127524,6944735.0
2019-02-12,0.553,0.562,0.551,0.56,201065,11204320.0
2019-02-13,0.563,0.572,0.559,0.57,166945,9454154.0
2019-02-14,0.571,0.575,0.565,0.572,153425,8765753.0
2019-02-15,0.57,0.576,0.56,0.57,188524,10800125.0
2019-02-18,0.574,0.593,0.574,0.592,177125,10378777.0
2019-02-19,0.59,0.598,0.586,0.595,256801,15263632.0
2019-02-20,0.594,0.595,0.587,0.594,174325,10318316.0
2019-02-21,0.592,0.606,0.591,0.593,171793,10270890.0
2019-02-22,0.591,0.606,0.589,0.606,144634,8633531.0
2019-02-25,0.619,0.641,0.613,0.641,222528,13941283.0
2019-02-26,0.645,0.655,0.631,0.64,340433,21836081.0
2019-02-27,0.635,0.646,0.628,0.635,196490,12531967.0
2019-02-28,0.635,0.644,0.633,0.638,106554,6801286.0
2019-03-01,0.638,0.645,0.633,0.643,216615,13808971.0
2019-03-04,0.646,0.668,0.646,0.657,297306,19585846.0
2019-03-05,0.655,0.679,0.652,0.679,146861,9791047.0
2019-03-06,0.682,0.7,0.673,0.694,529771,36245221.0
2019-03-07,0.693,0.713,0.689,0.708,456507,31959448.0
2019-03-08,0.699,0.711,0.676,0.683,530538,36649522.0
2019-03-11,0.674,0.708,0.674,0.707,386495,26652645.0
2019-03-12,0.711,0.727,0.708,0.723,443212,31745918.0
2019-03-13,0.719,0.726,0.697,0.703,308625,21960583.0
2019-03-14,0.693,0.703,0.673,0.682,274396,18834160.0
2019-03-15,0.684,0.698,0.684,0.692,259657,17936029.0
2019-03-18,0.692,0.71,0.687,0.709,209551,14640453.0
2019-03-19,0.712,0.715,0.705,0.71,254876,18081347.0
2019-03-20,0.709,0.712,0.694,0.708,245560,17288407.0
2019-03-21,0.707,0.724,0.707,0.719,336795,24122131.0
2019-03-22,0.718,0.722,0.705,0.721,183255,13114496.0
2019-03-25,0.71,0.724,0.705,0.715,147089,10565569.0
2019-03-26,0.716,0.72,0.691,0.694,305791,21572986.0
2019-03-27,0.696,0.701,0.683,0.699,333122,23052760.0
2019-03-28,0.698,0.704,0.688,0.689,258479,17983217.0
2019-03-29,0.689,0.711,0.683,0.71,290306,20231802.0
2019-04-01,0.714,0.739,0.713,0.739,365865,26735217.0
2019-04-02,0.739,0.75,0.736,0.743,303309,22553436.0
2019-04-03,0.742,0.749,0.731,0.749,229284,17030134.0
2019-04-04,0.75,0.756,0.744,0.753,277570,20834749.0
2019-04-08,0.755,0.766,0.735,0.746,315936,23716147.0
2019-04-09,0.741,0.751,0.739,0.749,231735,17297374.0
2019-04-10,0.748,0.755,0.739,0.747,316146,23549916.0
2019-04-11,0.747,0.749,0.73,0.731,260954,19285702.0
2019-04-12,0.732,0.735,0.727,0.733,318875,23319808.0
2019-04-15,0.74,0.746,0.725,0.727,225990,16715703.0
2019-04-16,0.723,0.743,0.717,0.742,258077,18792121.0
2019-04-17,0.74,0.753,0.739,0.749,290141,21640834.0
2019-04-18,0.743,0.752,0.742,0.745,300451,22459199.0
2019-04-19,0.74,0.752,0.736,0.752,298426,22162830.0
2019-04-22,0.748,0.752,0.739,0.742,260254,19442394.0
2019-04-23,0.742,0.742,0.726,0.729,266792,19569827.0
2019-04-24,0.733,0.739,0.722,0.738,244791,17866565.0
2019-04-25,0.735,0.737,0.706,0.708,317832,22873155.0
2019-04-26,0.708,0.71,0.699,0.7,282975,19933061.0
2019-04-29,0.706,0.707,0.673,0.675,329034,22599891.0
2019-04-30,0.675,0.687,0.672,0.682,300149,20439497.0
2019-05-06,0.645,0.68,0.622,0.626,404973,25867893.0
2019-05-07,0.63,0.644,0.626,0.637,312403,19810011.0
2019-05-08,0.625,0.646,0.619,0.636,392524,25107134.0
2019-05-09,0.636,0.638,0.618,0.63,146726,9288555.0
2019-05-10,0.64,0.655,0.624,0.655,349203,22484629.0
2019-05-13,0.645,0.654,0.639,0.648,146237,9485976.0
2019-05-14,0.641,0.652,0.634,0.645,215343,13925929.0
2019-05-15,0.649,0.662,0.649,0.66,163057,10698955.0
2019-05-16,0.66,0.666,0.658,0.664,171216,11334949.0
2019-05-17,0.665,0.666,0.638,0.642,210447,13741274.0
2019-05-20,0.637,0.641,0.626,0.639,246343,15613083.0
2019-05-21,0.64,0.654,0.635,0.651,310058,20135811.0
2019-05-22,0.652,0.655,0.643,0.65,154037,9989491.0
2019-05-23,0.645,0.647,0.632,0.635,149834,9558663.0
2019-05-24,0.63,0.636,0.625,0.627,206278,12955945.0
2019-05-27,0.628,0.647,0.624,0.646,236794,15160331.0
2019-05-28,0.645,0.653,0.64,0.645,278750,18074084.0
2019-05-29,0.645,0.653,0.643,0.647,91199,5908479.0
2019-05-30,0.643,0.645,0.635,0.644,166369,10653710.0
2019-05-31,0.644,0.65,0.641,0.643,89433,5781965.0
2019-06-03,0.646,0.647,0.63,0.635,295184,18758502.0
2019-06-04,0.635,0.635,0.62,0.622,296039,18556835.0
2019-06-05,0.627,0.633,0.622,0.624,61721,3868795.0
2019-06-06,0.627,0.628,0.606,0.608,285952,17556826.0
2019-06-10,0.609,0.618,0.607,0.616,214808,13178284.0
2019-06-11,0.616,0.64,0.615,0.64,363209,22851545.0
2019-06-12,0.642,0.643,0.634,0.635,136390,8709404.0
2019-06-13,0.632,0.642,0.632,0.639,274663,17540127.0
2019-06-14,0.639,0.642,0.624,0.625,187714,11850667.0
2019-06-17,0.627,0.628,0.621,0.624,254453,15895392.0
2019-06-18,0.623,0.627,0.62,0.624,51215,3193747.0
2019-06-19,0.64,0.645,0.632,0.633,285398,18169371.0
2019-06-20,0.632,0.648,0.629,0.644,424863,27181180.0
2019-06-21,0.668,0.668,0.647,0.656,1072574,70238895.0
2019-06-24,0.656,0.658,0.65,0.654,303386,19840143.0
2019-06-25,0.654,0.654,0.64,0.648,373538,24131242.0
2019-06-26,0.644,0.653,0.64,0.648,190957,12377164.0
2019-06-27,0.648,0.657,0.648,0.654,265684,17359738.0
2019-06-28,0.655,0.655,0.641,0.644,196275,12679138.0
2019-07-01,0.656,0.665,0.653,0.665,416664,27537089.0
2019-07-02,0.665,0.667,0.661,0.665,178726,11867730.0
2019-07-03,0.661,0.663,0.656,0.659,225737,14866433.0
2019-07-04,0.659,0.662,0.652,0.656,224794,14767693.0
2019-07-05,0.656,0.66,0.653,0.659,268128,17606201.0
2019-07-08,0.648,0.657,0.633,0.636,250491,16025531.0
2019-07-09,0.635,0.64,0.633,0.639,325629,20730700.0
2019-07-10,0.635,0.641,0.631,0.634,144084,9156519.0
2019-07-11,0.635,0.641,0.63,0.633,177417,11272490.0
2019-07-12,0.632,0.637,0.63,0.635,341333,21658965.0
2019-07-15,0.632,0.643,0.626,0.64,157086,9992015.0
2019-07-16,0.639,0.644,0.637,0.643,124025,7964035.0
2019-07-17,0.641,0.647,0.64,0.644,108434,6991376.0
2019-07-18,0.644,0.644,0.633,0.634,196692,12500461.0
2019-07-19,0.634,0.643,0.634,0.64,786737,50210881.0
2019-07-22,0.64,0.643,0.62,0.625,2882989,180541838.0
2019-07-23,0.626,0.638,0.626,0.638,2094062,132796947.0
2019-07-24,0.64,0.651,0.64,0.645,1129651,73098041.0
2019-07-25,0.645,0.651,0.645,0.65,516383,33392982.0
2019-07-26,0.65,0.651,0.646,0.651,89218,5784716.0
2019-07-29,0.648,0.653,0.647,0.65,87692,5690852.0
2019-07-30,0.647,0.657,0.647,0.653,221634,14482467.0
2019-07-31,0.651,0.652,0.647,0.648,157202,10205816.0
2019-08-01,0.646,0.65,0.643,0.645,198017,12794511.0
2019-08-02,0.635,0.637,0.629,0.636,229075,14503968.0
2019-08-05,0.632,0.64,0.627,0.627,244689,15466214.0
2019-08-06,0.623,0.623,0.598,0.612,307745,18761159.0
2019-08-07,0.614,0.618,0.611,0.611,214882,13200840.0
2019-08-08,0.613,0.621,0.613,0.619,1497793,92654040.0
2019-08-09,0.623,0.626,0.615,0.616,454713,28331628.0
2019-08-12,0.617,0.627,0.614,0.626,488848,30225368.0
2019-08-13,0.622,0.626,0.621,0.624,239883,14962226.0
2019-08-14,0.628,0.633,0.628,0.629,192399,12127102.0
2019-08-15,0.619,0.632,0.613,0.631,235287,14596211.0
2019-08-16,0.629,0.64,0.629,0.636,260620,16576099.0
2019-08-19,0.64,0.657,0.64,0.657,299770,19454242.0
2019-08-20,0.657,0.663,0.654,0.656,207442,13660417.0
2019-08-21,0.656,0.659,0.654,0.657,91403,5997014.0
2019-08-22,0.657,0.66,0.653,0.66,250302,16437342.0
2019-08-23,0.66,0.662,0.656,0.658,111157,7314404.0
2019-08-26,0.646,0.657,0.645,0.655,137249,8937698.0
2019-08-27,0.664,0.67,0.655,0.668,258978,17232567.0
2019-08-28,0.667,0.669,0.661,0.665,148901,9904847.0
2019-08-29,0.668,0.67,0.665,0.666,137802,9202216.0
2019-08-30,0.667,0.67,0.654,0.658,259949,17219725.0
2019-09-02,0.658,0.675,0.655,0.674,239466,15940617.0
2019-09-03,0.673,0.679,0.673,0.679,189487,12812415.0
2019-09-04,0.676,0.686,0.676,0.686,170854,11630615.0
2019-09-05,0.69,0.7,0.683,0.69,256778,17792849.0
2019-09-06,0.692,0.696,0.689,0.694,137309,9515242.0
2019-09-09,0.702,0.715,0.697,0.715,196253,13810670.0
2019-09-10,0.715,0.717,0.707,0.715,203298,14471265.0
2019-09-11,0.719,0.719,0.706,0.707,159951,11381236.0
2019-09-12,0.707,0.713,0.704,0.712,189574,13439138.0
2019-09-16,0.715,0.718,0.708,0.713,154561,11037315.0
2019-09-17,0.712,0.712,0.694,0.699,181967,12764628.0
2019-09-18,0.697,0.7,0.694,0.697,127385,8871218.0
2019-09-19,0.696,0.704,0.693,0.703,175290,12233496.0
2019-09-20,0.705,0.707,0.701,0.704,93872,6610211.0
2019-09-23,0.705,0.705,0.692,0.7,130100,9039032.0
2019-09-24,0.698,0.707,0.697,0.701,222398,15621591.0
2019-09-25,0.7,0.7,0.687,0.688,199923,13812082.0
2019-09-26,0.69,0.69,0.666,0.666,242471,16384980.0
2019-09-27,0.667,0.675,0.666,0.672,260207,17490247.0
2019-09-30,0.674,0.674,0.663,0.663,247845,16575893.0
2019-10-08,0.664,0.671,0.664,0.665,107669,7188923.0
2019-10-09,0.665,0.672,0.66,0.671,142231,9455618.0
2019-10-10,0.671,0.682,0.668,0.681,200588,13537064.0
2019-10-11,0.684,0.685,0.676,0.682,153646,10457156.0
2019-10-14,0.688,0.694,0.686,0.692,158374,10936846.0
2019-10-15,0.69,0.69,0.681,0.683,217386,14861357.0
2019-10-16,0.684,0.686,0.678,0.678,193807,13230111.0
2019-10-17,0.679,0.681,0.676,0.678,147289,10010711.0
2019-10-18,0.68,0.685,0.667,0.67,187446,12643099.0
2019-10-21,0.672,0.675,0.66,0.666,221247,14703485.0
2019-10-22,0.666,0.675,0.666,0.674,298767,20014725.0
2019-10-23,0.675,0.675,0.667,0.669,150368,10094044.0
2019-10-24,0.669,0.67,0.663,0.668,140124,9342157.0
2019-10-25,0.668,0.675,0.663,0.673,244191,16313133.0
2019-10-28,0.68,0.691,0.68,0.691,327141,22432328.0
2019-10-29,0.695,0.695,0.682,0.683,340034,23374784.0
2019-10-30,0.681,0.681,0.674,0.677,316531,21438182.0
2019-10-31,0.677,0.677,0.668,0.669,176345,11870309.0
2019-11-01,0.668,0.676,0.665,0.675,101781,6806328.0
2019-11-04,0.675,0.683,0.675,0.679,231460,15737815.0
2019-11-05,0.679,0.683,0.675,0.682,113711,7737471.0
2019-11-06,0.682,0.682,0.672,0.675,165247,11204582.0
2019-11-07,0.675,0.681,0.673,0.679,137545,9335718.0
2019-11-08,0.684,0.685,0.677,0.679,420354,28704589.0
2019-11-11,0.678,0.678,0.659,0.661,226805,15106755.0
2019-11-12,0.664,0.664,0.653,0.662,190389,12519621.0
2019-11-13,0.667,0.667,0.657,0.66,91871,6058977.0
2019-11-14,0.66,0.666,0.659,0.663,142154,9425864.0
2019-11-15,0.664,0.665,0.656,0.657,280287,18493121.0
2019-11-18,0.655,0.662,0.653,0.661,241523,15919487.0
2019-11-19,0.662,0.676,0.662,0.675,256307,17136886.0
2019-11-20,0.675,0.676,0.669,0.669,245194,16525579.0
2019-11-21,0.669,0.674,0.665,0.67,214798,14384712.0
2019-11-22,0.668,0.677,0.658,0.662,217224,14551184.0
2019-11-25,0.661,0.661,0.652,0.657,209564,13747644.0
2019-11-26,0.656,0.661,0.655,0.657,134214,8820670.0
2019-11-27,0.657,0.66,0.653,0.658,206078,13524155.0
2019-11-28,0.658,0.66,0.655,0.656,178616,11740811.0
2019-11-29,0.656,0.657,0.65,0.655,221225,14448944.0
2019-12-02,0.656,0.66,0.655,0.657,132269,8697916.0
2019-12-03,0.656,0.661,0.651,0.661,147463,9624257.0
2019-12-04,0.66,0.663,0.656,0.662,183915,12148980.0
2019-12-05,0.664,0.671,0.662,0.668,214663,14299094.0
2019-12-06,0.669,0.674,0.668,0.674,148686,9960962.0
2019-12-09,0.675,0.677,0.673,0.674,287536,19399671.0
2019-12-10,0.674,0.68,0.671,0.678,209705,14143712.0
2019-12-11,0.68,0.68,0.676,0.676,254286,17226647.0
2019-12-12,0.677,0.681,0.676,0.676,301495,20436033.0
2019-12-13,0.681,0.687,0.68,0.687,214268,14636048.0
2019-12-16,0.689,0.7,0.687,0.699,296756,20574663.0
2019-12-17,0.701,0.71,0.699,0.707,241022,17005462.0
2019-12-18,0.706,0.713,0.704,0.707,220657,15660519.0
2019-12-19,0.708,0.713,0.707,0.713,234985,16666141.0
2019-12-20,0.711,0.713,0.703,0.703,202415,14344262.0
2019-12-23,0.703,0.703,0.686,0.686,270959,18794216.0
2019-12-24,0.687,0.7,0.687,0.7,346973,24116074.0
2019-12-25,0.697,0.705,0.697,0.705,218485,15359116.0
2019-12-26,0.705,0.711,0.703,0.711,246103,17368197.0
2019-12-27,0.71,0.714,0.703,0.705,225188,15987106.0
2019-12-30,0.705,0.71,0.693,0.71,248477,17497989.0
2019-12-31,0.709,0.715,0.705,0.714,99255,7070822.0
2020-01-02,0.721,0.729,0.716,0.728,314632,22730467.0
2020-01-03,0.73,0.732,0.726,0.731,121263,8850369.0
2020-01-06,0.728,0.744,0.725,0.738,199792,14717455.0
2020-01-07,0.736,0.75,0.736,0.75,150321,11189727.0
2020-01-08,0.745,0.752,0.737,0.741,165642,12348370.0
2020-01-09,0.746,0.752,0.745,0.751,227628,17030897.0
2020-01-10,0.752,0.754,0.746,0.75,199548,14970348.0
2020-01-13,0.75,0.76,0.745,0.76,163503,12293158.0
2020-01-14,0.762,0.763,0.757,0.758,170124,12939916.0
2020-01-15,0.758,0.76,0.744,0.757,166425,12561583.0
2020-01-16,0.759,0.761,0.756,0.758,208252,15798676.0
2020-01-17,0.758,0.761,0.753,0.754,291624,22082874.0
2020-01-20,0.754,0.765,0.753,0.765,173055,13127979.0
2020-01-21,0.765,0.765,0.757,0.757,282967,21525733.0
2020-01-22,0.754,0.764,0.743,0.762,231938,17490708.0
2020-01-23,0.759,0.759,0.726,0.735,349906,26152462.0
2020-02-03,0.668,0.685,0.662,0.662,177875,11969791.0
2020-02-04,0.658,0.695,0.658,0.671,178135,11888241.0
2020-02-05,0.67,0.7,0.67,0.694,286671,19750745.0
2020-02-06,0.695,0.716,0.687,0.713,206936,14552585.0
2020-02-07,0.708,0.722,0.708,0.72,220110,15735465.0
2020-02-10,0.714,0.732,0.714,0.73,196136,14225602.0
2020-02-11,0.73,0.731,0.722,0.728,187191,13620337.0
2020-02-12,0.727,0.745,0.724,0.745,153984,11347255.0
2020-02-13,0.741,0.748,0.738,0.741,198907,14767704.0
2020-02-14,0.74,0.751,0.735,0.744,229431,17076582.0
2020-02-17,0.745,0.773,0.745,0.772,293283,22291889.0
2020-02-18,0.774,0.792,0.772,0.792,300708,23474383.0
2020-02-19,0.792,0.795,0.782,0.786,359575,28375818.0
2020-02-20,0.785,0.799,0.777,0.798,236265,18629657.0
2020-02-21,0.797,0.818,0.796,0.816,308618,24973875.0
2020-02-24,0.813,0.837,0.812,0.832,535015,44285279.0
2020-02-25,0.818,0.838,0.794,0.836,412366,33884235.0
2020-02-26,0.816,0.832,0.806,0.809,264925,21751232.0
2020-02-27,0.812,0.82,0.798,0.809,299416,24114310.0
2020-02-28,0.789,0.791,0.758,0.759,455588,35131755.0
2020-03-02,0.764,0.801,0.761,0.8,380199,29893995.0
2020-03-03,0.815,0.824,0.798,0.806,310236,25193388.0
2020-03-04,0.797,0.812,0.792,0.81,353165,28308249.0
2020-03-05,0.821,0.825,0.814,0.824,272612,22333978.0
2020-03-06,0.815,0.825,0.812,0.819,187552,15330486.0
2020-03-09,0.804,0.808,0.785,0.786,186937,14912855.0
2020-03-10,0.78,0.807,0.764,0.807,191391,15034580.0
2020-03-11,0.809,0.815,0.795,0.796,169555,13690552.0
2020-03-12,0.788,0.8,0.77,0.778,179140,13986682.0
2020-03-13,0.758,0.781,0.739,0.773,210481,16011006.0
2020-03-16,0.776,0.779,0.733,0.735,244226,18403825.0
2020-03-17,0.742,0.746,0.71,0.734,468003,34093812.0
2020-03-18,0.736,0.752,0.722,0.723,391481,29049763.0
2020-03-19,0.717,0.734,0.709,0.73,239671,17309175.0
2020-03-20,0.736,0.74,0.725,0.74,191433,14047684.0
2020-03-23,0.72,0.726,0.702,0.707,188823,13510760.0
2020-03-24,0.718,0.727,0.697,0.718,189944,13534288.0
2020-03-25,0.731,0.736,0.722,0.735,205311,15015473.0
2020-03-26,0.725,0.737,0.725,0.729,104328,7643518.0
2020-03-27,0.736,0.737,0.722,0.725,123338,9009788.0
2020-03-30,0.72,0.721,0.698,0.705,186336,13147388.0
2020-03-31,0.713,0.713,0.704,0.705,187507,13281674.0
2020-04-01,0.705,0.714,0.702,0.703,186315,13225662.0
2020-04-02,0.699,0.721,0.699,0.721,118964,8443475.0
2020-04-03,0.721,0.723,0.712,0.716,82891,5953740.0
2020-04-07,0.728,0.742,0.727,0.742,184464,13569716.0
2020-04-08,0.74,0.747,0.736,0.743,90621,6727156.0
2020-04-09,0.745,0.755,0.745,0.752,172293,12935485.0
2020-04-10,0.754,0.754,0.732,0.74,276610,20429601.0
2020-04-13,0.733,0.733,0.723,0.727,170362,12387153.0
2020-04-14,0.728,0.741,0.728,0.741,221721,16310632.0
2020-04-15,0.741,0.745,0.735,0.735,174389,12933921.0
2020-04-16,0.735,0.745,0.731,0.743,130346,9618514.0
2020-04-17,0.746,0.75,0.742,0.744,125520,9388648.0
2020-04-20,0.745,0.758,0.745,0.758,212737,15974078.0
2020-04-21,0.751,0.755,0.745,0.752,135304,10141202.0
2020-04-22,0.749,0.76,0.744,0.759,138426,10409063.0
2020-04-23,0.76,0.762,0.754,0.755,119439,9055686.0
2020-04-24,0.755,0.755,0.737,0.743,151281,11283872.0
2020-04-27,0.742,0.743,0.734,0.737,113178,8390510.0
2020-04-28,0.737,0.738,0.705,0.727,188477,13614091.0
2020-04-29,0.726,0.732,0.721,0.727,96092,6993307.0
2020-04-30,0.728,0.746,0.728,0.745,154707,11460338.0
2020-05-06,0.737,0.76,0.737,0.759,150882,11295586.0
2020-05-07,0.753,0.764,0.753,0.758,100617,7655421.0
2020-05-08,0.76,0.771,0.76,0.768,111554,8562227.0
2020-05-11,0.769,0.774,0.762,0.766,87160,6703427.0
2020-05-12,0.766,0.768,0.757,0.768,145002,11062000.0
2020-05-13,0.766,0.775,0.763,0.774,89060,6854543.0
2020-05-14,0.774,0.775,0.767,0.768,57579,4440978.0
2020-05-15,0.769,0.776,0.767,0.772,80213,6191401.0
2020-05-18,0.772,0.775,0.765,0.767,90698,7006249.0
2020-05-19,0.77,0.779,0.77,0.779,132511,10262446.0
2020-05-20,0.779,0.779,0.768,0.773,193361,14932527.0
2020-05-21,0.773,0.773,0.758,0.76,153476,11705420.0
2020-05-22,0.76,0.76,0.743,0.746,92917,6996889.0
2020-05-25,0.745,0.748,0.741,0.746,103826,7723501.0
2020-05-26,0.747,0.763,0.746,0.763,136506,10351374.0
2020-05-27,0.763,0.764,0.755,0.758,130352,9904015.0
2020-05-28,0.757,0.76,0.746,0.756,84530,6376553.0
2020-05-29,0.752,0.768,0.75,0.765,95008,7266244.0
2020-06-01,0.766,0.79,0.761,0.79,140196,10964797.0
2020-06-02,0.791,0.794,0.786,0.789,103913,8206349.0
2020-06-03,0.795,0.795,0.788,0.788,136345,10782595.0
2020-06-04,0.789,0.794,0.787,0.793,165339,13073078.0
2020-06-05,0.793,0.794,0.784,0.792,97664,7720799.0
2020-06-08,0.795,0.798,0.79,0.792,126944,10075987.0
2020-06-09,0.792,0.797,0.789,0.797,227484,18026897.0
2020-06-10,0.795,0.796,0.79,0.796,101518,8048188.0
2020-06-11,0.796,0.805,0.79,0.794,242209,19274344.0
2020-06-12,0.784,0.797,0.778,0.795,123153,9733326.0
2020-06-15,0.795,0.805,0.793,0.795,217368,17370196.0
2020-06-16,0.797,0.811,0.797,0.811,166473,13414448.0
2020-06-17,0.81,0.815,0.807,0.814,190845,15485445.0
2020-06-18,0.814,0.814,0.809,0.812,199991,16221702.0
2020-06-19,0.812,0.82,0.811,0.819,245648,20017054.0
2020-06-22,0.821,0.825,0.82,0.823,106236,8737645.0
2020-06-23,0.825,0.825,0.819,0.825,233146,19175793.0
2020-06-24,0.825,0.827,0.819,0.822,122876,10100562.0
2020-06-29,0.823,0.823,0.816,0.821,81681,6693793.0
2020-06-30,0.821,0.835,0.821,0.833,96912,8054669.0
2020-07-01,0.835,0.84,0.828,0.838,134604,11250209.0
2020-07-02,0.838,0.848,0.835,0.848,155209,13111282.0
2020-07-03,0.849,0.859,0.845,0.859,242448,20626376.0
2020-07-06,0.868,0.9,0.863,0.895,275722,24273077.0
2020-07-07,0.905,0.92,0.896,0.906,220382,20017019.0
2020-07-08,0.898,0.926,0.898,0.924,183823,16818766.0
2020-07-09,0.928,0.957,0.925,0.956,388052,36641716.0
2020-07-10,0.949,0.964,0.946,0.953,267227,25537758.0
2020-07-13,0.945,1.0,0.945,0.999,291016,28301009.0
2020-07-14,0.995,0.996,0.961,0.984,329093,32354075.0
2020-07-15,0.973,0.996,0.944,0.951,254710,24490956.0
2020-07-16,0.947,0.959,0.9,0.904,221946,20715981.0
2020-07-17,0.904,0.925,0.895,0.909,238464,21655041.0
2020-07-20,0.915,0.939,0.908,0.939,224231,20711005.0
2020-07-21,0.941,0.95,0.937,0.946,155016,14634958.0
2020-07-22,0.946,0.964,0.942,0.956,160505,15326691.0
2020-07-23,0.946,0.957,0.929,0.955,158472,14981566.0
2020-07-24,0.95,0.959,0.907,0.91,175237,16391893.0
2020-07-27,0.906,0.918,0.901,0.911,134217,12225039.0
2020-07-28,0.915,0.925,0.913,0.921,147196,13536463.0
2020-07-29,0.92,0.951,0.916,0.95,151802,14226451.0
2020-07-30,0.952,0.955,0.943,0.947,130079,12343549.0
2020-07-31,0.947,0.964,0.939,0.963,158026,15080178.0
2020-08-03,0.968,0.996,0.968,0.995,174586,17174426.0
2020-08-04,1.0,1.006,0.983,0.99,331578,32933030.0
2020-08-05,0.988,1.0,0.979,0.998,169598,16853900.0
2020-08-06,1.006,1.006,0.982,1.004,252235,25106958.0
2020-08-07,1.0,1.0,0.97,0.988,312896,30705192.0
2020-08-10,0.983,0.999,0.98,0.993,170200,16873339.0
2020-08-11,0.993,0.995,0.968,0.97,183759,18077642.0
2020-08-12,0.97,0.97,0.931,0.954,152994,14483040.0
2020-08-13,0.954,0.964,0.954,0.958,103830,9961382.0
2020-08-14,0.959,0.972,0.951,0.972,104167,10048276.0
2020-08-17,0.972,0.995,0.971,0.993,192473,18977800.0
2020-08-18,0.996,1.003,0.992,1.003,149023,14885869.0
2020-08-19,1.002,1.002,0.98,0.984,129904,12871995.0
2020-08-20,0.983,0.983,0.965,0.969,110221,10717979.0
2020-08-21,0.972,0.983,0.97,0.978,382689,37441792.0
2020-08-24,0.98,0.993,0.97,0.989,425458,41845022.0
2020-08-25,0.993,0.998,0.986,0.99,135783,13482371.0
2020-08-26,0.989,0.989,0.961,0.964,142322,13847575.0
2020-08-27,0.968,0.978,0.96,0.977,152707,14835752.0
2020-08-28,0.974,0.991,0.971,0.991,183319,17995284.0
2020-08-31,0.996,1.003,0.991,0.991,194381,19382042.0
2020-09-01,0.993,0.997,0.986,0.997,133227,13215295.0
2020-09-02,0.998,1.004,0.99,1.001,168691,16838448.0
2020-09-03,1.001,1.002,0.986,0.99,109722,10924698.0
2020-09-04,0.982,0.99,0.973,0.99,135302,13277150.0
2020-09-07,0.988,0.997,0.968,0.971,132009,13009273.0
2020-09-08,0.97,0.98,0.963,0.98,137694,13382205.0
2020-09-09,0.975,0.975,0.946,0.948,168835,16206486.0
2020-09-10,0.953,0.955,0.912,0.917,146220,13649124.0
2020-09-11,0.912,0.932,0.911,0.931,137642,12683210.0
2020-09-14,0.934,0.949,0.931,0.943,96591,9110671.0
2020-09-15,0.944,0.951,0.941,0.95,129438,12234524.0
2020-09-16,0.95,0.95,0.936,0.942,122557,11544258.0
2020-09-17,0.942,0.954,0.934,0.947,277260,26186792.0
2020-09-18,0.948,0.963,0.946,0.963,144749,13791506.0
2020-09-21,0.963,0.968,0.96,0.963,134476,12957236.0
2020-09-22,0.957,0.962,0.942,0.944,305981,29126833.0
2020-09-23,0.946,0.956,0.94,0.954,272239,25857623.0
2020-09-24,0.949,0.949,0.927,0.929,630298,58968120.0
2020-09-25,0.93,0.947,0.918,0.924,522537,48393736.0
2020-09-28,0.922,0.925,0.911,0.913,202737,18625003.0
2020-09-29,0.912,0.926,0.912,0.922,271182,25002978.0
2020-09-30,0.922,0.926,0.912,0.917,907368,83505442.0
2020-10-09,0.926,0.947,0.926,0.944,1015478,95674013.0
2020-10-12,0.945,0.978,0.945,0.977,608646,58909856.0
2020-10-13,0.978,0.982,0.969,0.981,464789,45268560.0
2020-10-14,0.981,0.981,0.969,0.971,197873,19241623.0
2020-10-15,0.971,0.973,0.963,0.963,91314,8840776.0
2020-10-16,0.964,0.972,0.951,0.961,138643,13282815.0
2020-10-19,0.964,0.967,0.951,0.954,200705,19269301.0
2020-10-20,0.954,0.965,0.945,0.965,234263,22417902.0
2020-10-21,0.965,0.966,0.945,0.951,255749,24369195.0
2020-10-22,0.952,0.952,0.935,0.945,217059,20477698.0
2020-10-23,0.945,0.95,0.923,0.928,241515,22701384.0
2020-10-26,0.928,0.93,0.911,0.927,252211,23237356.0
2020-10-27,0.922,0.934,0.922,0.934,261013,24238448.0
2020-10-28,0.934,0.935,0.917,0.933,287320,26633078.0
2020-10-29,0.916,0.936,0.915,0.934,244166,22719776.0
2020-10-30,0.935,0.936,0.909,0.91,253362,23435334.0
2020-11-02,0.92,0.92,0.903,0.91,259358,23545680.0
2020-11-03,0.911,0.931,0.911,0.93,347141,32060567.0
2020-11-04,0.933,0.934,0.919,0.925,316576,29281569.0
2020-11-05,0.93,0.945,0.93,0.943,297502,27863088.0
2020-11-06,0.941,0.946,0.928,0.935,347331,32509861.0
2020-11-09,0.939,0.962,0.939,0.958,381355,36340699.0
2020-11-10,0.962,0.962,0.943,0.948,317703,30215551.0
2020-11-11,0.949,0.949,0.932,0.932,313113,29432327.0
2020-11-12,0.931,0.94,0.931,0.935,294889,27591484.0
2020-11-13,0.934,0.94,0.928,0.937,311693,29110545.0
2020-11-16,0.938,0.949,0.935,0.949,280868,26513441.0
2020-11-17,0.946,0.947,0.931,0.937,350705,32852697.0
2020-11-18,0.938,0.944,0.934,0.939,289637,27177825.0
2020-11-19,0.934,0.945,0.931,0.944,278575,26189249.0
2020-11-20,0.944,0.953,0.94,0.951,350079,33193925.0
2020-11-23,0.951,0.961,0.946,0.959,391089,37353217.0
2020-11-24,0.959,0.959,0.954,0.955,276334,26421675.0
2020-11-25,0.956,0.958,0.94,0.94,273592,25935658.0
2020-11-26,0.94,0.942,0.928,0.933,352244,32896531.0
2020-11-27,0.934,0.936,0.925,0.936,261968,24367756.0
2020-11-30,0.935,0.939,0.926,0.931,315355,29465486.0
2020-12-01,0.931,0.945,0.926,0.945,303136,28429779.0
2020-12-02,0.945,0.948,0.941,0.946,283077,26733937.0
2020-12-03,0.943,0.948,0.938,0.944,227811,21491921.0
2020-12-04,0.943,0.953,0.94,0.952,324281,30718933.0
2020-12-07,0.954,0.954,0.947,0.949,231037,21976923.0
2020-12-08,0.95,0.951,0.946,0.947,296477,28110694.0
2020-12-09,0.947,0.947,0.929,0.931,207959,19572690.0
2020-12-10,0.931,0.936,0.924,0.931,254013,23569662.0
2020-12-11,0.93,0.933,0.909,0.918,293932,27046907.0
2020-12-14,0.916,0.928,0.91,0.926,337949,31139752.0
2020-12-15,0.925,0.93,0.923,0.929,213249,19754220.0
2020-12-16,0.926,0.929,0.92,0.92,180078,16632561.0
2020-12-17,0.92,0.932,0.912,0.93,270102,24883328.0
2020-12-18,0.929,0.934,0.925,0.928,288850,26859051.0
2020-12-21,0.928,0.945,0.926,0.944,355524,33400828.0
2020-12-22,0.944,0.944,0.925,0.926,555244,52089533.0
2020-12-23,0.94,0.94,0.924,0.932,726410,67569146.0
2020-12-24,0.932,0.932,0.917,0.921,480584,44357943.0
2020-12-25,0.922,0.929,0.913,0.925,1316440,121261208.0
2020-12-28,0.923,0.926,0.915,0.922,288416,26543055.0
2020-12-29,0.921,0.927,0.915,0.917,294570,27099182.0
2020-12-30,0.916,0.922,0.911,0.919,300984,27665511.0
2020-12-31,0.924,0.939,0.921,0.938,918339,85482633.0
2021-01-04,0.94,0.959,0.938,0.956,1121520,106470264.0
2021-01-05,0.954,0.961,0.947,0.958,681448,65130285.0
2021-01-06,0.953,0.96,0.941,0.948,522011,49483597.0
2021-01-07,0.948,0.948,0.924,0.933,615050,57483255.0
2021-01-08,0.932,0.94,0.921,0.928,480410,44772629.0
2021-01-11,0.922,0.929,0.908,0.912,525832,48343135.0
2021-01-12,0.912,0.931,0.906,0.93,528629,48674430.0
2021-01-13,0.93,0.931,0.914,0.919,417380,38404494.0
2021-01-14,0.919,0.928,0.908,0.918,982211,90443539.0
2021-01-15,0.918,0.925,0.908,0.923,662186,60746587.0
2021-01-18,0.92,0.945,0.919,0.943,638562,59621178.0
2021-01-19,0.947,0.948,0.931,0.934,614205,57628859.0
2021-01-20,0.938,0.941,0.93,0.939,556050,52022104.0
2021-01-21,0.936,0.955,0.936,0.95,576805,54667433.0
2021-01-22,0.951,0.951,0.94,0.948,564176,53328928.0
2021-01-25,0.95,0.95,0.937,0.938,454886,42911819.0
2021-01-26,0.935,0.939,0.923,0.925,414508,38498444.0
2021-01-27,0.925,0.926,0.912,0.924,457195,42046071.0
2021-01-28,0.916,0.927,0.906,0.906,730511,66906565.0
2021-01-29,0.912,0.914,0.881,0.893,644754,57831708.0
2021-02-01,0.893,0.9,0.889,0.899,325107,29081660.0
2021-02-02,0.901,0.907,0.892,0.907,496004,44665501.0
2021-02-03,0.907,0.908,0.892,0.893,389257,35020739.0
2021-02-04,0.888,0.89,0.861,0.874,680981,59468763.0
2021-02-05,0.873,0.879,0.857,0.858,593885,51631003.0
2021-02-08,0.86,0.868,0.8,0.862,611637,52471378.0
2021-02-09,0.862,0.89,0.861,0.889,845504,74347853.0
2021-02-10,0.89,0.895,0.883,0.894,739973,65766132.0
2021-02-18,0.908,0.915,0.901,0.913,924546,84093353.0
2021-02-19,0.912,0.93,0.904,0.929,913034,83692314.0
2021-02-22,0.936,0.947,0.925,0.93,2166180,203273556.0
2021-02-23,0.916,0.929,0.912,0.92,1294664,118958562.0
2021-02-24,0.915,0.928,0.904,0.914,1455792,133550681.0
2021-02-25,0.922,0.923,0.905,0.91,888580,80881443.0
2021-02-26,0.899,0.905,0.891,0.896,889542,79887135.0
2021-03-01,0.897,0.921,0.897,0.92,1174464,107524104.0
2021-03-02,0.925,0.926,0.91,0.92,1367848,125636886.0
2021-03-03,0.919,0.931,0.914,0.931,1007412,92853113.0
2021-03-04,0.921,0.928,0.91,0.916,1884747,172949532.0
2021-03-05,0.906,0.92,0.902,0.917,1098252,100003346.0
2021-03-08,0.924,0.925,0.893,0.894,1065007,97082023.0
2021-03-09,0.89,0.895,0.854,0.869,1168479,102076362.0
2021-03-10,0.873,0.878,0.859,0.859,831665,71949499.0
2021-03-11,0.86,0.884,0.857,0.883,969799,84650446.0
2021-03-12,0.885,0.886,0.872,0.885,828329,72722460.0
2021-03-15,0.88,0.885,0.868,0.876,1077756,94554336.0
2021-03-16,0.877,0.886,0.87,0.886,1058271,93005645.0
2021-03-17,0.884,0.891,0.875,0.889,952675,84292860.0
2021-03-18,0.884,0.896,0.884,0.89,1054450,93977498.0
2021-03-19,0.882,0.894,0.879,0.888,1186416,105314272.0
2021-03-22,0.885,0.904,0.885,0.903,1180097,105845486.0
2021-03-23,0.903,0.906,0.888,0.895,1234211,110622481.0
2021-03-24,0.887,0.891,0.875,0.876,1028480,90729533.0
2021-03-25,0.875,0.885,0.869,0.878,1459562,128038040.0
2021-03-26,0.879,0.896,0.879,0.893,1319444,117245381.0
2021-03-29,0.888,0.903,0.888,0.895,956992,85929880.0
2021-03-30,0.894,0.896,0.888,0.894,855318,76338321.0
2021-03-31,0.891,0.895,0.887,0.894,937475,83581165.0
2021-04-01,0.893,0.902,0.892,0.899,931975,83573464.0
2021-04-02,0.903,0.904,0.898,0.9,896822,80844034.0
2021-04-06,0.902,0.912,0.901,0.911,1383768,125604734.0
2021-04-07,0.912,0.912,0.903,0.911,1301331,118074085.0
2021-04-08,0.911,0.912,0.905,0.909,1268177,115266445.0
2021-04-09,0.906,0.91,0.904,0.91,1697681,154107757.0
2021-04-12,0.909,0.91,0.887,0.888,1349099,120991110.0
2021-04-13,0.888,0.892,0.881,0.885,1293980,114635716.0
2021-04-14,0.885,0.898,0.883,0.897,1284988,114414568.0
2021-04-15,0.896,0.896,0.887,0.895,983513,87634968.0
2021-04-16,0.896,0.908,0.894,0.907,1175521,106052891.0
2021-04-19,0.906,0.922,0.903,0.918,1481411,135635543.0
2021-04-20,0.918,0.924,0.87,0.916,1393956,128204965.0
2021-04-21,0.909,0.919,0.908,0.917,1248138,114161212.0
2021-04-22,0.917,0.922,0.917,0.921,1087009,100008173.0
2021-04-23,0.922,0.922,0.913,0.918,1201407,110171936.0
2021-04-26,0.918,0.928,0.912,0.912,1170766,107847118.0
2021-04-27,0.911,0.916,0.901,0.91,1231166,111717351.0
2021-04-28,0.906,0.916,0.905,0.915,1272732,116063845.0
2021-04-29,0.916,0.918,0.911,0.911,1220708,111610010.0
2021-04-30,0.912,0.912,0.903,0.909,1180436,107194926.0
2021-05-06,0.904,0.914,0.904,0.912,1326935,120730618.0
2021-05-07,0.912,0.913,0.901,0.902,1334902,121162758.0
2021-05-10,0.902,0.904,0.897,0.902,1405543,126621734.0
2021-05-11,0.896,0.905,0.888,0.902,1545757,138704896.0
2021-05-12,0.899,0.92,0.898,0.918,1311293,118934026.0
2021-05-13,0.91,0.917,0.907,0.909,1195401,109029951.0
2021-05-14,0.912,0.927,0.909,0.926,1342613,123063662.0
2021-05-17,0.924,0.928,0.917,0.92,1265380,116584825.0
2021-05-18,0.918,0.926,0.916,0.926,1261794,116162552.0
2021-05-19,0.923,0.927,0.921,0.924,1134253,104862568.0
2021-05-20,0.924,0.929,0.92,0.925,1047387,96792479.0
2021-05-21,0.925,0.93,0.923,0.928,1154447,106970259.0
2021-05-24,0.925,0.935,0.924,0.935,1104533,102594748.0
2021-05-25,0.935,0.948,0.934,0.945,954781,89879972.0
2021-05-26,0.945,0.954,0.944,0.95,1158372,110090842.0
2021-05-27,0.949,0.961,0.948,0.961,1396013,133642424.0
2021-05-28,0.962,0.966,0.953,0.956,1482855,142483428.0
2021-05-31,0.958,0.977,0.956,0.977,1366398,132301176.0
2021-06-01,0.977,0.981,0.971,0.98,1280195,125078279.0
2021-06-02,0.979,0.981,0.965,0.967,1590816,154871259.0
2021-06-03,0.966,0.977,0.964,0.967,1285237,124831958.0
2021-06-04,0.963,0.976,0.958,0.973,1193073,115822089.0
2021-06-07,0.975,0.987,0.974,0.987,1372119,134784586.0
2021-06-08,0.987,0.99,0.971,0.98,1427533,140065238.0
2021-06-09,0.975,0.981,0.974,0.979,1310595,128113719.0
2021-06-10,0.98,0.996,0.977,0.994,1991695,196530361.0
2021-06-11,0.994,0.998,0.983,0.987,1700617,168163703.0
2021-06-15,0.981,0.986,0.977,0.98,1803864,177295171.0
2021-06-16,0.978,0.979,0.959,0.962,1539493,148901723.0
2021-06-17,0.959,0.978,0.959,0.977,1338541,129687247.0
2021-06-18,0.973,0.991,0.973,0.987,1571608,154527756.0
2021-06-21,0.987,1.008,0.985,1.007,2331833,233126977.0
2021-06-22,1.01,1.013,1.0,1.006,1702373,171004162.0
2021-06-23,1.008,1.019,1.003,1.018,1359635,137303980.0
2021-06-24,1.017,1.017,1.002,1.004,1769523,178229663.0
2021-06-25,1.005,1.013,1.0,1.009,1423602,143217694.0
2021-06-28,1.011,1.023,1.007,1.017,1660420,169139827.0
2021-06-29,1.016,1.021,1.007,1.009,1386632,140595647.0
2021-06-30,1.008,1.022,0.993,1.022,1502557,152789007.0
2021-07-01,1.022,1.029,1.003,1.005,1191988,120977044.0
2021-07-02,1.0,1.004,0.982,0.995,1936656,193582382.0
2021-07-05,0.991,1.014,0.991,1.014,1559327,156634474.0
2021-07-06,1.013,1.018,0.994,1.009,2150740,216862121.0
2021-07-07,1.002,1.025,0.998,1.025,1603809,162409217.0
2021-07-08,1.025,1.032,1.023,1.028,1673130,171937080.0
2021-07-09,1.027,1.037,1.013,1.032,1723469,176445422.0
2021-07-12,1.035,1.056,1.035,1.052,1679653,176049524.0
2021-07-13,1.055,1.061,1.05,1.06,1880056,198394961.0
2021-07-14,1.062,1.063,1.044,1.046,2288086,240609634.0
2021-07-15,1.041,1.046,1.026,1.043,2128384,220883267.0
2021-07-16,1.043,1.058,1.038,1.044,2033104,213297440.0
2021-07-19,1.039,1.048,1.036,1.043,1839159,191770189.0
2021-07-20,1.032,1.052,1.032,1.051,1634513,170444569.0
2021-07-21,1.052,1.074,1.051,1.07,1853627,197421224.0
2021-07-22,1.072,1.079,1.063,1.075,1426729,152808239.0
2021-07-23,1.076,1.081,1.064,1.069,1618358,173609649.0
2021-07-26,1.067,1.072,1.032,1.055,2144552,226553706.0
2021-07-27,1.056,1.067,1.023,1.025,2460532,258387755.0
2021-07-28,1.024,1.024,0.978,1.005,2138274,214828848.0
2021-07-29,1.013,1.049,1.011,1.044,2082209,215098020.0
2021-07-30,1.044,1.058,1.035,1.055,2034228,212799916.0
2021-08-02,1.052,1.079,1.05,1.078,1774131,188251659.0
2021-08-03,1.071,1.076,1.054,1.057,1894294,202130235.0
2021-08-04,1.054,1.086,1.05,1.084,1675010,179188486.0
2021-08-05,1.08,1.086,1.071,1.08,1714493,185032027.0
2021-08-06,1.081,1.086,1.074,1.086,1671288,180534191.0
2021-08-09,1.084,1.089,1.07,1.087,1976888,213440540.0
2021-08-10,1.086,1.097,1.082,1.096,1931227,210827547.0
2021-08-11,1.096,1.106,1.086,1.105,1730873,190049272.0
2021-08-12,1.105,1.116,1.102,1.113,1948084,216197083.0
2021-08-13,1.112,1.122,1.104,1.112,2225439,247900820.0
2021-08-16,1.11,1.11,1.095,1.098,2098195,231274803.0
2021-08-17,1.094,1.1,1.065,1.067,2200348,238683479.0
2021-08-18,1.068,1.081,1.065,1.078,2493623,267466910.0
2021-08-19,1.073,1.09,1.064,1.087,2112158,227837442.0
2021-08-20,1.083,1.092,1.068,1.091,2282243,246428615.0
2021-08-23,1.092,1.116,1.09,1.113,2799768,309708555.0
2021-08-24,1.12,1.129,1.106,1.124,2284138,255344146.0
2021-08-25,1.122,1.127,1.113,1.127,2199599,246355187.0
2021-08-26,1.124,1.129,1.111,1.113,2122770,237729941.0
2021-08-27,1.109,1.119,1.101,1.116,2618768,291002199.0
2021-08-30,1.115,1.135,1.115,1.121,2749339,309751439.0
2021-08-31,1.119,1.124,1.11,1.124,2591638,289814436.0
2021-09-01,1.125,1.126,1.087,1.103,2332888,258121606.0
2021-09-02,1.101,1.12,1.094,1.12,2009454,223591693.0
2021-09-03,1.123,1.13,1.096,1.108,2574594,286301649.0
2021-09-06,1.108,1.126,1.095,1.124,2071510,230253964.0
2021-09-07,1.123,1.148,1.12,1.145,2397445,272659603.0
2021-09-08,1.144,1.153,1.142,1.152,2008204,230209749.0
2021-09-09,1.148,1.151,1.137,1.146,1647579,188393222.0
2021-09-10,1.146,1.156,1.137,1.154,2556268,293207624.0
2021-09-13,1.15,1.157,1.145,1.155,1468980,169155521.0
2021-09-14,1.155,1.17,1.147,1.15,1872548,216876097.0
2021-09-15,1.145,1.161,1.141,1.16,1659561,191500214.0
2021-09-16,1.165,1.168,1.123,1.124,2971080,339032026.0
2021-09-17,1.121,1.132,1.098,1.126,3000672,335461491.0
2021-09-22,1.114,1.132,1.111,1.131,1666369,187030952.0
2021-09-23,1.135,1.142,1.13,1.134,1718460,195296373.0
2021-09-24,1.134,1.134,1.114,1.118,2097978,235990344.0
2021-09-27,1.115,1.122,1.073,1.082,2302070,252007584.0
2021-09-28,1.081,1.089,1.076,1.084,1601326,173663355.0
2021-09-29,1.075,1.078,1.046,1.049,1644135,174105359.0
2021-09-30,1.051,1.076,1.05,1.074,1659362,176985410.0
2021-10-08,1.083,1.092,1.073,1.08,1319948,142549113.0
2021-10-11,1.075,1.08,1.066,1.073,1476400,158543048.0
2021-10-12,1.068,1.07,1.034,1.046,1565933,164292808.0
2021-10-13,1.041,1.06,1.038,1.058,1319224,138248698.0
2021-10-14,1.05,1.071,1.05,1.067,1441086,153146463.0
2021-10-15,1.064,1.071,1.058,1.068,1036732,110547133.0
2021-10-18,1.062,1.079,1.062,1.078,1307042,139818957.0
2021-10-19,1.077,1.091,1.073,1.09,1324732,143881389.0
2021-10-20,1.086,1.097,1.081,1.094,1596648,174032582.0
2021-10-21,1.091,1.096,1.084,1.086,1326723,144715320.0
2021-10-22,1.086,1.093,1.077,1.079,2002173,217320862.0
2021-10-25,1.081,1.095,1.076,1.095,1303273,141599495.0
2021-10-26,1.096,1.102,1.087,1.093,1221912,133876772.0
2021-10-27,1.088,1.089,1.075,1.081,1372415,148100709.0
2021-10-28,1.078,1.078,1.055,1.057,1323527,140939050.0
2021-10-29,1.056,1.075,1.051,1.075,1130791,120351335.0
2021-11-01,1.07,1.087,1.067,1.083,1069710,115325246.0
2021-11-02,1.081,1.089,1.06,1.072,1248329,134491511.0
2021-11-03,1.068,1.074,1.061,1.073,1092438,116618014.0
2021-11-04,1.074,1.088,1.074,1.087,998343,107984850.0
2021-11-05,1.087,1.088,1.071,1.072,1173928,126847775.0
2021-11-08,1.072,1.079,1.067,1.079,1391797,149598194.0
2021-11-09,1.077,1.096,1.077,1.094,1361472,148049807.0
2021-11-10,1.094,1.096,1.079,1.095,1494123,162472718.0
2021-11-11,1.095,1.108,1.091,1.106,1402948,154338035.0
2021-11-12,1.106,1.121,1.103,1.12,1695359,189057901.0
2021-11-15,1.127,1.128,1.111,1.116,2143611,239322157.0
2021-11-16,1.115,1.119,1.1,1.104,1765195,196276919.0
2021-11-17,1.102,1.125,1.101,1.125,2138549,239000658.0
2021-11-18,1.124,1.13,1.115,1.121,2436716,273492861.0
2021-11-19,1.115,1.136,1.115,1.135,2116569,238733553.0
2021-11-22,1.135,1.16,1.135,1.159,2572718,295724117.0
2021-11-23,1.158,1.159,1.151,1.156,1730406,199861766.0
2021-11-24,1.155,1.159,1.149,1.155,1922848,221807562.0
2021-11-25,1.153,1.156,1.148,1.151,1588706,183054300.0
2021-11-26,1.149,1.158,1.146,1.154,1526751,176034166.0
2021-11-29,1.145,1.165,1.14,1.164,1710742,197955719.0
2021-11-30,1.168,1.176,1.161,1.171,3146955,368257396.0
2021-12-01,1.169,1.172,1.161,1.172,2779407,324726215.0
2021-12-02,1.168,1.169,1.155,1.157,2167359,251653699.0
2021-12-03,1.156,1.168,1.153,1.164,1904470,221109209.0
2021-12-06,1.164,1.165,1.146,1.147,2761308,319757847.0
2021-12-07,1.151,1.161,1.121,1.129,2891978,327139960.0
2021-12-08,1.131,1.151,1.131,1.148,2149617,245857709.0
2021-12-09,1.148,1.155,1.145,1.155,1877284,216136733.0
2021-12-10,1.151,1.175,1.148,1.168,1492084,172393811.0
2021-12-13,1.158,1.163,1.152,1.159,1581483,183158752.0
2021-12-14,1.154,1.163,1.153,1.162,1751684,202935544.0
2021-12-15,1.159,1.165,1.153,1.158,1515359,175862299.0
2021-12-16,1.16,1.164,1.155,1.162,1282433,148764947.0
2021-12-17,1.161,1.162,1.146,1.147,1631877,188212321.0
2021-12-20,1.145,1.151,1.124,1.128,1512043,171622484.0
2021-12-21,1.128,1.142,1.126,1.142,1252461,141973749.0
2021-12-22,1.145,1.153,1.14,1.151,1882650,216342245.0
2021-12-23,1.151,1.156,1.145,1.151,1289255,148475967.0
2021-12-24,1.151,1.153,1.13,1.132,1624183,184882789.0
2021-12-27,1.128,1.139,1.126,1.132,974295,110319050.0
2021-12-28,1.134,1.144,1.13,1.143,1217406,138303392.0
2021-12-29,1.144,1.146,1.139,1.143,1183058,135159796.0
2021-12-30,1.141,1.156,1.14,1.152,1187536,136704339.0
2021-12-31,1.152,1.168,1.152,1.166,1334923,155141807.0
2022-01-04,1.167,1.174,1.155,1.161,1765720,205276426.0
2022-01-05,1.161,1.161,1.126,1.131,2215219,252059246.0
2022-01-06,1.124,1.145,1.121,1.138,2491382,283037413.0
2022-01-07,1.14,1.142,1.114,1.118,2510088,282931158.0
2022-01-10,1.111,1.127,1.108,1.123,1955834,219270726.0
2022-01-11,1.121,1.128,1.109,1.112,1717007,191787821.0
2022-01-12,1.113,1.133,1.113,1.132,1581960,177592266.0
2022-01-13,1.129,1.131,1.111,1.111,1799002,201500571.0
2022-01-14,1.106,1.12,1.101,1.115,1563666,174201652.0
2022-01-17,1.113,1.137,1.113,1.136,1705336,192543441.0
2022-01-18,1.135,1.138,1.125,1.13,1856883,210166468.0
2022-01-19,1.125,1.128,1.108,1.114,1723690,192587907.0
2022-01-20,1.113,1.113,1.089,1.09,1893780,208218697.0
2022-01-21,1.086,1.09,1.072,1.073,1774048,191534631.0
2022-01-24,1.065,1.085,1.065,1.079,1961255,211083717.0
2022-01-25,1.071,1.08,1.036,1.037,2075250,219535012.0
2022-01-26,1.038,1.05,1.029,1.044,2442764,254104575.0
2022-01-27,1.039,1.046,1.011,1.012,1878438,193361042.0
2022-01-28,1.018,1.028,0.996,1.016,1816059,183910498.0
2022-02-07,1.024,1.03,1.02,1.026,1906118,195613527.0
2022-02-08,1.023,1.034,1.008,1.034,2030312,207125021.0
2022-02-09,1.034,1.049,1.025,1.048,1656229,171862278.0
2022-02-10,1.05,1.05,1.036,1.045,1999842,208572745.0
2022-02-11,1.041,1.041,1.02,1.023,2043169,210837442.0
2022-02-14,1.014,1.031,1.01,1.016,1703753,173880987.0
2022-02-15,1.016,1.038,1.015,1.037,1951141,200495485.0
2022-02-16,1.041,1.048,1.037,1.045,1493746,155764978.0
2022-02-17,1.044,1.057,1.036,1.049,1821238,190956291.0
2022-02-18,1.044,1.056,1.038,1.053,1465276,153820038.0
2022-02-21,1.052,1.068,1.052,1.066,1274357,135117360.0
2022-02-22,1.059,1.064,1.049,1.06,2537068,267910836.0
2022-02-23,1.062,1.085,1.06,1.085,1781536,191675554.0
2022-02-24,1.073,1.086,1.042,1.059,2717424,290004673.0
2022-02-25,1.069,1.082,1.064,1.069,1878104,201465525.0
2022-02-28,1.07,1.08,1.058,1.078,1827949,195948442.0
2022-03-01,1.081,1.085,1.071,1.08,1713232,184565278.0
2022-03-02,1.072,1.08,1.067,1.078,1397435,149976035.0
2022-03-03,1.082,1.085,1.064,1.067,1710740,183211958.0
2022-03-04,1.054,1.07,1.05,1.054,1483721,157419263.0
2022-03-07,1.047,1.05,1.023,1.027,1686390,175007346.0
2022-03-08,1.027,1.032,0.993,0.996,2315209,234197428.0
2022-03-09,0.996,1.005,0.948,0.985,2829517,278572049.0
2022-03-10,1.003,1.019,1.001,1.009,2268600,228666486.0
2022-03-11,0.992,1.017,0.985,1.016,2294035,229691772.0
2022-03-14,1.0,1.014,0.986,0.988,2543111,254871190.0
2022-03-15,0.979,0.987,0.939,0.941,2258385,218723655.0
2022-03-16,0.952,0.977,0.92,0.972,3199261,304421944.0
2022-03-17,0.977,1.006,0.977,0.99,3346206,332656887.0
2022-03-18,0.982,1.001,0.982,1.0,1686449,167313096.0
2022-03-21,1.008,1.014,0.999,1.011,1976916,199043630.0
2022-03-22,1.006,1.016,1.001,1.006,1557035,156931803.0
2022-03-23,1.01,1.015,1.003,1.013,1431458,144681825.0
2022-03-24,1.005,1.011,0.995,1.0,1596122,159960103.0
2022-03-25,1.001,1.008,0.989,0.992,1401992,140386594.0
2022-03-28,0.982,0.993,0.973,0.982,1617209,158875433.0
2022-03-29,0.987,0.988,0.974,0.976,1232755,120928233.0
2022-03-30,0.982,1.001,0.979,0.999,3219270,319963967.0
2022-03-31,0.997,0.998,0.983,0.985,1624972,160879817.0
2022-04-01,0.974,0.988,0.971,0.986,1433450,140799141.0
2022-04-06,0.981,0.984,0.974,0.982,1528416,149629994.0
2022-04-07,0.976,0.984,0.962,0.963,1395359,135814361.0
2022-04-08,0.963,0.966,0.942,0.956,1585305,150952739.0
2022-04-11,0.949,0.949,0.915,0.922,1873388,174672127.0
2022-04-12,0.923,0.934,0.909,0.933,1852042,170805077.0
2022-04-13,0.924,0.928,0.913,0.916,2370453,218431750.0
2022-04-14,0.922,0.929,0.915,0.922,2165846,199203574.0
2022-04-15,0.915,0.921,0.904,0.912,2445030,223040514.0
2022-04-18,0.905,0.921,0.896,0.92,1652789,150512019.0
2022-04-19,0.915,0.926,0.915,0.923,1592778,146797569.0
2022-04-20,0.92,0.925,0.902,0.904,1396146,127920164.0
2022-04-21,0.9,0.906,0.867,0.868,1776342,157758398.0
2022-04-22,0.863,0.868,0.851,0.858,2333810,200364789.0
2022-04-25,0.84,0.846,0.788,0.793,2863781,233430032.0
2022-04-26,0.788,0.798,0.764,0.768,4294683,336345484.0
2022-04-27,0.762,0.808,0.751,0.807,3177134,246550690.0
2022-04-28,0.796,0.81,0.789,0.797,2488472,199090545.0
2022-04-29,0.805,0.839,0.798,0.835,2700542,221514322.0
2022-05-05,0.831,0.857,0.823,0.85,2102215,177547499.0
2022-05-06,0.832,0.846,0.828,0.839,1876185,157099382.0
2022-05-09,0.832,0.852,0.83,0.85,1810666,153277591.0
2022-05-10,0.837,0.867,0.835,0.864,2298511,196775636.0
2022-05-11,0.867,0.894,0.864,0.873,1970927,173833252.0
2022-05-12,0.865,0.885,0.865,0.878,1717713,150641907.0
2022-05-13,0.882,0.891,0.872,0.885,2137794,187804340.0
2022-05-16,0.888,0.896,0.88,0.887,1547203,136979306.0
2022-05-17,0.884,0.892,0.874,0.891,1661488,146698107.0
2022-05-18,0.891,0.9,0.885,0.891,2151577,192271406.0
2022-05-19,0.878,0.903,0.875,0.902,1537470,136520160.0
2022-05-20,0.9,0.913,0.897,0.91,2067638,187225708.0
2022-05-23,0.912,0.926,0.911,0.925,1610781,147906635.0
2022-05-24,0.92,0.924,0.884,0.887,2186088,199144513.0
2022-05-25,0.886,0.902,0.883,0.902,2294867,204781265.0
2022-05-26,0.9,0.915,0.887,0.91,2499850,225315969.0
2022-05-27,0.913,0.915,0.897,0.908,2401286,218155906.0
2022-05-30,0.905,0.917,0.898,0.916,1709574,155258905.0
2022-05-31,0.915,0.929,0.906,0.925,2547785,234209777.0
2022-06-01,0.92,0.933,0.918,0.929,1577090,146472445.0
2022-06-02,0.928,0.943,0.923,0.939,2176874,203180535.0
2022-06-06,0.936,0.966,0.936,0.963,1978481,189190602.0
2022-06-07,0.962,0.967,0.954,0.961,1896363,181899421.0
2022-06-08,0.959,0.972,0.944,0.964,2163995,207617021.0
2022-06-09,0.957,0.962,0.941,0.947,2011356,191788714.0
2022-06-10,0.941,0.969,0.939,0.968,1516667,145443984.0
2022-06-13,0.963,0.977,0.953,0.975,1803241,175102935.0
2022-06-14,0.968,0.976,0.941,0.975,2481820,237791965.0
2022-06-15,0.972,0.988,0.97,0.971,2442639,239116274.0
2022-06-16,0.97,0.988,0.97,0.98,1923035,188417788.0
2022-06-17,0.971,0.992,0.967,0.991,2353100,230871429.0
2022-06-20,0.991,1.005,0.989,1.0,2079638,207349752.0
2022-06-21,0.999,1.001,0.981,0.989,2609780,258883926.0
2022-06-22,0.988,0.995,0.976,0.977,2302702,227205628.0
2022-06-23,0.975,1.001,0.971,1.0,2180010,215176397.0
2022-06-24,1.0,1.018,1.0,1.011,2805090,283644880.0
2022-06-27,1.013,1.026,1.013,1.022,2771544,282775170.0
2022-06-28,1.023,1.037,1.018,1.035,4076300,419213882.0
2022-06-29,1.032,1.034,1.008,1.013,2895121,295918623.0
2022-06-30,1.01,1.028,1.01,1.021,2341806,239079949.0
2022-07-01,1.019,1.03,1.016,1.024,2323891,237741297.0
2022-07-04,1.024,1.035,1.014,1.033,2330116,239232748.0
2022-07-05,1.032,1.039,1.016,1.03,2896786,297294046.0
2022-07-06,1.028,1.03,1.008,1.017,3428150,349552068.0
2022-07-07,1.017,1.032,1.01,1.029,3199694,327392224.0
2022-07-08,1.03,1.035,1.022,1.024,3669073,377504790.0
2022-07-11,1.018,1.018,0.998,1.009,4115606,414566188.0
2022-07-12,1.008,1.011,0.99,0.991,3657359,365570681.0
2022-07-13,0.991,1.002,0.985,0.999,3901807,388082520.0
2022-07-14,0.997,1.017,0.995,1.013,3306903,333705326.0
2022-07-15,1.01,1.02,1.001,1.002,3767229,381683884.0
2022-07-18,1.001,1.019,1.001,1.017,5888866,595243540.0
2022-07-19,1.02,1.031,1.015,1.026,6654451,681408149.0
2022-07-20,1.03,1.041,1.027,1.041,8965346,929724150.0
2022-07-21,1.041,1.045,1.034,1.035,11019136,1146752408.0
2022-07-22,1.036,1.042,1.018,1.028,21120995,2177814903.0
2022-07-25,1.026,1.033,1.012,1.014,13788702,1408841558.0
2022-07-26,1.015,1.031,1.01,1.03,17316708,1769540925.0
2022-07-27,1.028,1.04,1.024,1.039,17552357,1815134093.0
2022-07-28,1.041,1.053,1.04,1.047,23067442,2414998979.0
2022-07-29,1.047,1.051,1.04,1.043,26578040,2776871874.0
2022-08-01,1.035,1.051,1.03,1.049,20572828,2140873415.0
2022-08-02,1.039,1.039,1.003,1.02,23986035,2449979897.0
2022-08-03,1.017,1.035,1.008,1.012,18641874,1914230218.0
2022-08-04,1.013,1.019,1.0,1.017,22227521,2245173383.0
2022-08-05,1.014,1.04,1.014,1.04,16269241,1671818465.0
2022-08-08,1.036,1.051,1.034,1.048,13131817,1369460126.0
2022-08-09,1.047,1.055,1.04,1.053,10741536,1126017275.0
2022-08-10,1.046,1.056,1.046,1.053,12494378,1314816874.0
2022-08-11,1.059,1.068,1.054,1.067,17569250,1866189590.0
2022-08-12,1.064,1.07,1.056,1.057,12584968,1338721087.0
2022-08-15,1.053,1.068,1.051,1.064,13542828,1438985486.0
2022-08-16,1.064,1.077,1.062,1.07,13828761,1479456116.0
2022-08-17,1.072,1.074,1.063,1.071,14245458,1523582244.0
2022-08-18,1.067,1.077,1.067,1.076,13161196,1411036031.0
2022-08-19,1.076,1.079,1.057,1.058,12714510,1356319201.0
2022-08-22,1.054,1.067,1.047,1.064,15037480,1592416673.0
2022-08-23,1.061,1.069,1.06,1.069,15346241,1633312779.0
2022-08-24,1.065,1.069,1.027,1.03,19578000,2038235110.0
2022-08-25,1.029,1.032,1.014,1.027,14226686,1453942720.0
2022-08-26,1.025,1.038,1.017,1.021,12612576,1297340074.0
2022-08-29,1.009,1.028,1.003,1.025,13815207,1411143187.0
2022-08-30,1.025,1.027,1.015,1.02,17050916,1740716972.0
2022-08-31,1.015,1.02,0.985,0.988,22256540,2218563992.0
2022-09-01,0.983,0.996,0.978,0.982,19380579,1913593076.0
2022-09-05,2.698,2.733,2.689,2.713,6338251,1717475114.0
2022-09-06,2.725,2.767,2.71,2.766,6743230,1845902273.0
2022-09-07,2.759,2.795,2.754,2.783,5550310,1542329678.0
2022-09-08,2.786,2.792,2.758,2.761,5246127,1453693555.0
2022-09-09,2.76,2.771,2.742,2.769,7221364,1993022896.0
2022-09-13,2.773,2.785,2.751,2.76,5802034,1602544932.0
2022-09-14,2.73,2.74,2.714,2.729,5767298,1573772409.0
2022-09-15,2.731,2.744,2.613,2.644,8840341,2357531522.0
2022-09-16,2.626,2.65,2.586,2.59,7637580,2002734618.0
2022-09-19,2.577,2.6,2.541,2.561,6775496,1737417459.0
2022-09-20,2.569,2.616,2.561,2.59,5193688,1346705350.0
2022-09-21,2.586,2.603,2.551,2.59,6797740,1752778125.0
2022-09-22,2.568,2.624,2.563,2.595,5611800,1460124717.0
2022-09-23,2.597,2.604,2.521,2.547,7554883,1933104442.0
2022-09-26,2.527,2.565,2.51,2.512,7391910,1876452816.0
2022-09-27,2.516,2.563,2.514,2.56,9218457,2336076095.0
2022-09-28,2.55,2.56,2.483,2.485,6053848,1523978398.0
2022-09-29,2.505,2.524,2.475,2.494,7147457,1791369155.0
2022-09-30,2.494,2.499,2.445,2.446,6433496,1588977267.0
2022-10-10,2.44,2.459,2.382,2.395,5750055,1396159269.0
2022-10-11,2.393,2.413,2.376,2.401,5653881,1354456568.0
2022-10-12,2.398,2.473,2.362,2.472,8699466,2079679015.0
2022-10-13,2.456,2.523,2.451,2.499,8511568,2127523682.0
2022-10-14,2.512,2.573,2.51,2.566,5733861,1459856504.0
2022-10-17,2.549,2.592,2.542,2.581,6074511,1561829342.0
2022-10-18,2.59,2.618,2.572,2.598,6410229,1662723150.0
2022-10-19,2.589,2.615,2.579,2.583,5459752,1417291629.0
2022-10-20,2.563,2.614,2.53,2.575,10410664,2666656612.0
2022-10-21,2.57,2.589,2.55,2.57,6012078,1545096516.0
2022-10-24,2.57,2.628,2.527,2.56,8398588,2169000257.0
2022-10-25,2.535,2.564,2.496,2.539,6870438,1740297297.0
2022-10-26,2.539,2.624,2.539,2.6,12270815,3179036838.0
2022-10-27,2.61,2.619,2.579,2.585,8051513,2094327211.0
2022-10-28,2.566,2.58,2.48,2.49,8100327,2051721147.0
2022-10-31,2.471,2.542,2.471,2.516,7206304,1808795917.0
2022-11-01,2.519,2.585,2.507,2.584,8982036,2287150032.0
2022-11-02,2.58,2.621,2.572,2.609,6435972,1672852848.0
2022-11-03,2.594,2.632,2.592,2.622,4897121,1280525358.0
2022-11-04,2.622,2.694,2.619,2.691,7497603,1998600147.0
2022-11-07,2.687,2.703,2.659,2.68,6456919,1732475225.0
2022-11-08,2.673,2.68,2.657,2.679,6227681,1660098307.0
2022-11-09,2.677,2.694,2.659,2.667,5692791,1521126877.0
2022-11-10,2.654,2.663,2.633,2.642,7701095,2037062228.0
2022-11-11,2.708,2.717,2.65,2.652,10131569,2716746028.0
2022-11-14,2.652,2.677,2.622,2.634,9216750,2440465109.0
2022-11-15,2.624,2.697,2.624,2.696,6466110,1727769158.0
2022-11-16,2.696,2.706,2.672,2.676,6236468,1675098840.0
2022-11-17,2.67,2.685,2.648,2.682,6578993,1749532516.0
2022-11-18,2.683,2.698,2.654,2.66,7789657,2088970032.0
2022-11-21,2.642,2.674,2.632,2.671,4967542,1319603141.0
2022-11-22,2.663,2.672,2.617,2.633,10397190,2750271166.0
2022-11-23,2.625,2.637,2.578,2.627,5706180,1487260539.0
2022-11-24,2.628,2.642,2.614,2.63,5344543,1404428676.0
2022-11-25,2.623,2.625,2.599,2.604,3764477,983042464.0
2022-11-28,2.564,2.6,2.555,2.594,5395330,1395653098.0
2022-11-29,2.599,2.646,2.597,2.634,7193491,1889618274.0
2022-11-30,2.634,2.643,2.62,2.631,5776169,1521102129.0
2022-12-01,2.664,2.68,2.651,2.658,5331708,1421647044.0
2022-12-02,2.645,2.689,2.645,2.666,5096919,1362192538.0
2022-12-05,2.68,2.688,2.664,2.679,5303539,1418833450.0
2022-12-06,2.671,2.693,2.659,2.676,6282370,1680162772.0
2022-12-07,2.674,2.691,2.66,2.674,5364379,1436092494.0
2022-12-08,2.674,2.676,2.653,2.662,6345406,1690488400.0
2022-12-09,2.659,2.675,2.645,2.669,5965858,1589009103.0
2022-12-12,2.67,2.674,2.644,2.659,4649133,1236504234.0
2022-12-13,2.655,2.662,2.633,2.639,3783817,999837958.0
2022-12-14,2.629,2.651,2.617,2.624,4871929,1282499745.0
2022-12-15,2.618,2.64,2.616,2.633,4550363,1196575429.0
2022-12-16,2.622,2.63,2.597,2.61,6026668,1571781205.0
2022-12-19,2.612,2.617,2.548,2.558,6455240,1661540355.0
2022-12-20,2.555,2.556,2.525,2.531,6630079,1685280271.0
2022-12-21,2.535,2.539,2.496,2.517,6554398,1649025060.0
2022-12-22,2.523,2.525,2.464,2.478,5198806,1297519115.0
2022-12-23,2.466,2.481,2.444,2.46,6976723,1720585449.0
2022-12-26,2.462,2.511,2.462,2.504,6523566,1627858965.0
2022-12-27,2.516,2.526,2.496,2.524,4363436,1096365759.0
2022-12-28,2.519,2.519,2.5,2.507,5905662,1480593905.0
2022-12-29,2.488,2.525,2.488,2.502,5735949,1440040732.0
2022-12-30,2.513,2.516,2.499,2.507,6107505,1531111990.0
2023-01-03,2.505,2.571,2.501,2.564,8331312,2122389738.0
2023-01-04,2.564,2.572,2.547,2.564,6126669,1569804760.0
2023-01-05,2.569,2.592,2.56,2.591,5357602,1383678642.0
2023-01-06,2.59,2.611,2.586,2.595,4714405,1225331486.0
2023-01-09,2.6,2.624,2.598,2.607,5173508,1351434340.0
2023-01-10,2.604,2.615,2.594,2.611,4731222,1234038145.0
2023-01-11,2.609,2.622,2.587,2.592,6319171,1646976258.0
2023-01-12,2.59,2.612,2.585,2.592,5401686,1402660595.0
2023-01-13,2.593,2.61,2.587,2.608,5001341,1297596428.0
2023-01-16,2.61,2.652,2.61,2.636,11846074,3125566776.0
2023-01-17,2.636,2.649,2.629,2.633,6590668,1738202875.0
2023-01-18,2.639,2.655,2.635,2.641,5735305,1517258113.0
2023-01-19,2.639,2.673,2.631,2.672,7173348,1906635930.0
2023-01-20,2.673,2.7,2.673,2.697,11808848,3175403942.0
2023-01-30,2.726,2.739,2.706,2.708,8532419,2323781579.0
2023-01-31,2.708,2.727,2.7,2.717,7322828,1990026332.0
2023-02-01,2.72,2.762,2.719,2.761,7160094,1964224292.0
2023-02-02,2.764,2.788,2.758,2.765,7916167,2195553921.0
2023-02-03,2.758,2.769,2.724,2.762,7251938,1993929821.0
2023-02-06,2.75,2.765,2.734,2.756,6523828,1792418809.0
2023-02-07,2.761,2.765,2.737,2.764,10142395,2789940396.0
2023-02-08,2.766,2.768,2.741,2.745,6714086,1848719436.0
2023-02-09,2.737,2.803,2.732,2.8,10182072,2831834351.0
2023-02-10,2.797,2.802,2.762,2.786,7780780,2163615464.0
2023-02-13,2.774,2.814,2.774,2.812,7434313,2084127746.0
2023-02-14,2.814,2.821,2.803,2.818,5456512,1533864459.0
2023-02-15,2.819,2.824,2.807,2.817,4757291,1339282756.0
2023-02-16,2.818,2.835,2.744,2.767,8613256,2409548789.0
2023-02-17,2.766,2.775,2.736,2.742,7929048,2183183104.0
2023-02-20,2.74,2.777,2.721,2.774,8785280,2413105515.0
2023-02-21,2.775,2.799,2.765,2.787,5470174,1521501304.0
2023-02-22,2.782,2.801,2.769,2.795,4692244,1308269282.0
2023-02-23,2.794,2.799,2.761,2.782,4626301,1286200984.0
2023-02-24,2.78,2.79,2.752,2.772,5318072,1471456442.0
2023-02-27,2.76,2.772,2.74,2.754,6273385,1729818920.0
2023-02-28,2.754,2.779,2.739,2.776,4707684,1300324063.0
2023-03-01,2.776,2.799,2.764,2.796,4140546,1151899726.0
2023-03-02,2.795,2.804,2.776,2.783,4402342,1226444166.0
2023-03-03,2.783,2.795,2.759,2.779,5291725,1468998415.0
2023-03-06,2.776,2.796,2.763,2.788,4844866,1346490903.0
2023-03-07,2.792,2.792,2.734,2.738,5105719,1408574788.0
2023-03-08,2.721,2.753,2.721,2.746,4470043,1225599291.0
2023-03-09,2.746,2.755,2.731,2.753,4895643,1344341054.0
2023-03-10,2.738,2.743,2.711,2.713,5658251,1542374944.0
2023-03-13,2.707,2.729,2.692,2.726,4903908,1328817924.0
2023-03-14,2.727,2.727,2.671,2.701,4891434,1319708604.0
2023-03-15,2.713,2.734,2.708,2.714,3930104,1069359430.0
2023-03-16,2.708,2.709,2.666,2.673,4580919,1231143653.0
2023-03-17,2.685,2.71,2.679,2.693,5780563,1558065617.0
2023-03-20,2.695,2.705,2.672,2.682,4679060,1256752454.0
2023-03-21,2.681,2.718,2.681,2.716,4796690,1297662715.0
2023-03-22,2.72,2.731,2.716,2.727,4138039,1127552653.0
2023-03-23,2.727,2.739,2.72,2.737,4655454,1270437669.0
2023-03-24,2.738,2.744,2.729,2.739,3736134,1022714363.0
2023-03-27,2.739,2.752,2.724,2.743,3790344,1039194041.0
2023-03-28,2.754,2.754,2.721,2.728,4212527,1151276286.0
2023-03-29,2.735,2.747,2.71,2.718,4824041,1312196676.0
2023-03-30,2.713,2.721,2.698,2.72,4781083,1295710694.0
2023-03-31,2.718,2.744,2.718,2.742,3979778,1088187069.0
2023-04-03,2.745,2.781,2.745,2.779,5558426,1536800983.0
2023-04-04,2.784,2.784,2.759,2.775,4276213,1184524273.0
2023-04-06,2.769,2.788,2.764,2.784,4159097,1155886780.0
2023-04-07,2.784,2.813,2.781,2.808,2958890,828967426.0
2023-04-10,2.814,2.816,2.777,2.783,3614718,1009642103.0
2023-04-11,2.778,2.792,2.773,2.784,3588093,997824433.0
2023-04-12,2.788,2.801,2.784,2.799,3856953,1077845486.0
2023-04-13,2.8,2.801,2.779,2.782,3553957,991546301.0
2023-04-14,2.785,2.802,2.776,2.799,3838311,1071349443.0
2023-04-17,2.799,2.804,2.791,2.801,2937657,821851055.0
2023-04-18,2.79,2.803,2.779,2.79,3558270,992430009.0
2023-04-19,2.788,2.797,2.774,2.778,3377295,941371341.0
2023-04-20,2.774,2.78,2.762,2.778,3629479,1005485288.0
2023-04-21,2.775,2.777,2.707,2.708,4321147,1185618906.0
2023-04-24,2.708,2.714,2.675,2.686,5185965,1395158341.0
2023-04-25,2.682,2.689,2.603,2.638,7640157,2023361560.0
2023-04-26,2.635,2.66,2.628,2.646,5582650,1476582457.0
2023-04-27,2.638,2.667,2.637,2.652,7394135,1961190295.0
2023-04-28,2.652,2.693,2.65,2.692,5702761,1525775596.0
2023-05-04,2.683,2.693,2.672,2.685,4438145,1190646403.0
2023-05-05,2.68,2.684,2.639,2.656,4419532,1172516879.0
2023-05-08,2.651,2.683,2.651,2.672,5389085,1438973802.0
2023-05-09,2.679,2.679,2.64,2.64,4097924,1090978690.0
2023-05-10,2.635,2.659,2.628,2.645,4218297,1114367750.0
2023-05-11,2.647,2.658,2.641,2.643,3685978,976032501.0
2023-05-12,2.637,2.652,2.609,2.61,3952464,1038512822.0
2023-05-15,2.61,2.632,2.584,2.628,3873218,1009423077.0
2023-05-16,2.629,2.63,2.596,2.604,3873097,1010698267.0
2023-05-17,2.604,2.622,2.6,2.617,4467587,1166934813.0
2023-05-18,2.615,2.634,2.615,2.629,4273411,1122292506.0
2023-05-19,2.627,2.65,2.613,2.64,4421555,1164033499.0
2023-05-22,2.636,2.645,2.618,2.635,3959473,1042197106.0
2023-05-23,2.637,2.642,2.608,2.61,3616086,950211051.0
2023-05-24,2.61,2.628,2.593,2.604,4036863,1052981899.0
2023-05-25,2.601,2.621,2.569,2.599,4692849,1216688782.0
2023-05-26,2.591,2.628,2.579,2.622,4752977,1236986000.0
2023-05-29,2.629,2.637,2.604,2.617,3676099,963266431.0
2023-05-30,2.617,2.632,2.588,2.628,4392254,1146999464.0
2023-05-31,2.628,2.635,2.609,2.629,4409326,1156491797.0
2023-06-01,2.626,2.652,2.611,2.635,4345874,1145689624.0
2023-06-02,2.64,2.66,2.639,2.653,4418714,1172145807.0
2023-06-05,2.653,2.661,2.646,2.654,3971506,1054239809.0
2023-06-06,2.653,2.653,2.592,2.598,4794991,1259400153.0
2023-06-07,2.604,2.614,2.592,2.598,3661063,952839865.0
2023-06-08,2.597,2.598,2.566,2.586,3785163,977234021.0
2023-06-09,2.585,2.606,2.577,2.604,3896222,1009331238.0
2023-06-12,2.603,2.626,2.599,2.616,4246455,1111177168.0
2023-06-13,2.618,2.631,2.615,2.627,4335080,1137867038.0
2023-06-14,2.627,2.643,2.624,2.636,3904859,1028299625.0
2023-06-15,2.644,2.658,2.635,2.651,3956823,1046838263.0
2023-06-16,2.648,2.679,2.648,2.674,4241747,1131798065.0
2023-06-19,2.673,2.689,2.671,2.683,5029946,1349301102.0
2023-06-20,2.686,2.695,2.676,2.686,4878172,1309315161.0
2023-06-21,2.686,2.686,2.632,2.633,5546871,1472556447.0
2023-06-26,2.622,2.628,2.576,2.586,8070219,2095360595.0
2023-06-27,2.588,2.618,2.585,2.611,4178830,1087858569.0
2023-06-28,2.611,2.611,2.56,2.607,6959910,1797172142.0
2023-06-29,2.603,2.626,2.597,2.618,6264818,1637455748.0
2023-06-30,2.611,2.662,2.611,2.659,5189201,1372740527.0
2023-07-03,2.66,2.673,2.641,2.653,3979243,1056750852.0
2023-07-04,2.647,2.666,2.647,2.665,4586647,1220187130.0
2023-07-05,2.659,2.672,2.641,2.645,4365407,1159006953.0
2023-07-06,2.638,2.662,2.633,2.636,4782258,1265013908.0
2023-07-07,2.635,2.636,2.606,2.625,4128959,1081843474.0
2023-07-10,2.632,2.639,2.614,2.626,3415252,897058248.0
2023-07-11,2.627,2.648,2.621,2.647,3578223,943102978.0
2023-07-12,2.646,2.648,2.607,2.609,3835418,1007483731.0
2023-07-13,2.616,2.639,2.611,2.634,4747572,1247229977.0
2023-07-14,2.638,2.643,2.63,2.631,3855609,1016834481.0
2023-07-17,2.623,2.625,2.605,2.622,4258532,1113214013.0
2023-07-18,2.621,2.63,2.609,2.62,3198341,837349171.0
2023-07-19,2.617,2.628,2.6,2.614,3084999,805639893.0
2023-07-20,2.615,2.622,2.578,2.581,6729798,1751863854.0
2023-07-21,2.578,2.597,2.569,2.578,6413246,1655811763.0
2023-07-24,2.572,2.593,2.566,2.572,3636666,938034044.0
2023-07-25,2.589,2.619,2.589,2.613,6175507,1610841072.0
2023-07-26,2.608,2.613,2.594,2.601,4228792,1100447945.0
2023-07-27,2.604,2.609,2.576,2.581,3751108,972528964.0
2023-07-28,2.57,2.608,2.565,2.603,6037254,1563857321.0
2023-07-31,2.603,2.64,2.603,2.62,4744875,1245861326.0
2023-08-01,2.621,2.627,2.609,2.616,3735023,977936314.0
2023-08-02,2.616,2.621,2.602,2.611,4311270,1125174622.0
2023-08-03,2.61,2.615,2.597,2.613,5120808,1334919500.0
2023-08-04,2.621,2.643,2.615,2.628,4105511,1079808657.0
2023-08-07,2.625,2.633,2.612,2.616,3769755,987260944.0
2023-08-08,2.611,2.617,2.595,2.605,3816484,994287360.0
2023-08-09,2.598,2.603,2.581,2.585,4377638,1133901403.0
2023-08-10,2.585,2.592,2.571,2.583,3652491,943180417.0
2023-08-11,2.583,2.587,2.535,2.536,4216843,1079333421.0
2023-08-14,2.525,2.545,2.499,2.542,4534113,1141780240.0
2023-08-15,2.539,2.546,2.497,2.523,4628547,1165926768.0
2023-08-16,2.51,2.52,2.489,2.491,3908604,979197593.0
2023-08-17,2.486,2.519,2.465,2.512,4663986,1165399406.0
2023-08-18,2.518,2.521,2.461,2.463,3724776,928020623.0
2023-08-21,2.459,2.478,2.435,2.436,4977448,1223713877.0
2023-08-22,2.445,2.456,2.407,2.451,6140117,1495087777.0
2023-08-23,2.441,2.444,2.401,2.405,5807583,1405768248.0
2023-08-24,2.409,2.435,2.392,2.407,4785892,1153876008.0
2023-08-25,2.398,2.409,2.355,2.368,6318592,1506197170.0
2023-08-28,2.507,2.507,2.375,2.383,9181696,2226546391.0
2023-08-29,2.387,2.469,2.382,2.455,10673646,2595729526.0
2023-08-30,2.455,2.493,2.453,2.467,6123536,1514191251.0
2023-08-31,2.465,2.468,2.447,2.46,4530235,1113181491.0
2023-09-01,2.461,2.474,2.447,2.458,4241653,1042486568.0
2023-09-04,2.462,2.496,2.455,2.495,4903749,1213980670.0
2023-09-05,2.489,2.497,2.474,2.481,5948221,1477045484.0
2023-09-06,2.47,2.497,2.457,2.49,4742586,1175169345.0
2023-09-07,2.489,2.489,2.446,2.448,6122885,1508859197.0
2023-09-08,2.444,2.463,2.439,2.453,4797775,1176981846.0
2023-09-11,2.45,2.497,2.445,2.489,4241470,1050084210.0
2023-09-12,2.481,2.499,2.481,2.487,3098728,771498848.0
2023-09-13,2.483,2.485,2.436,2.455,4167541,1023969772.0
2023-09-14,2.453,2.455,2.43,2.446,3550028,867226330.0
2023-09-15,2.446,2.463,2.432,2.447,4450205,1088016606.0
2023-09-18,2.437,2.46,2.429,2.449,3845096,941162424.0
2023-09-19,2.447,2.451,2.42,2.431,3589780,871597672.0
2023-09-20,2.426,2.433,2.408,2.409,4178861,1011667586.0
2023-09-21,2.4,2.416,2.387,2.391,3819428,915724105.0
2023-09-22,2.388,2.439,2.385,2.439,5186232,1253182364.0
2023-09-25,2.43,2.44,2.42,2.426,4699682,1139966206.0
2023-09-26,2.425,2.429,2.415,2.416,3358028,812728096.0
2023-09-27,2.415,2.442,2.411,2.431,4659021,1133520514.0
2023-09-28,2.431,2.45,2.431,2.449,5011609,1223408923.0
2023-10-09,2.44,2.447,2.422,2.439,4603525,1120715666.0
2023-10-10,2.441,2.451,2.427,2.431,3650414,888459407.0
2023-10-11,2.44,2.46,2.428,2.436,6211826,1515784219.0
2023-10-12,2.448,2.456,2.437,2.454,4844102,1185695781.0
2023-10-13,2.44,2.45,2.44,2.449,3228735,789425521.0
2023-10-16,2.45,2.454,2.414,2.422,4866148,1180172488.0
2023-10-17,2.422,2.425,2.401,2.418,2751098,663099227.0
2023-10-18,2.409,2.412,2.374,2.378,4114997,981596962.0
2023-10-19,2.369,2.385,2.349,2.353,4105787,971621614.0
2023-10-20,2.346,2.357,2.318,2.327,4255398,993855924.0
2023-10-23,2.317,2.319,2.255,2.268,4983422,1138934367.0
2023-10-24,2.27,2.31,2.26,2.297,4171145,953550096.0
2023-10-25,2.316,2.337,2.313,2.323,4218015,981499123.0
2023-10-26,2.316,2.343,2.303,2.339,3870009,896765567.0
2023-10-27,2.332,2.391,2.322,2.383,3089521,729153735.0
2023-10-30,2.37,2.424,2.37,2.414,3111033,746928237.0
2023-10-31,2.407,2.418,2.388,2.401,2521476,605365790.0
2023-11-01,2.407,2.409,2.388,2.398,2409891,577515662.0
2023-11-02,2.397,2.409,2.371,2.372,3202206,763558550.0
2023-11-03,2.379,2.413,2.377,2.402,5105818,1225766499.0
2023-11-06,2.415,2.455,2.414,2.451,4026041,982359167.0
2023-11-07,2.442,2.468,2.441,2.459,4219755,1034757722.0
2023-11-08,2.455,2.479,2.45,2.469,3484172,859269252.0
2023-11-09,2.463,2.479,2.447,2.453,3030057,744819731.0
2023-11-10,2.447,2.453,2.435,2.449,2747060,671616728.0
2023-11-13,2.457,2.475,2.45,2.474,2652413,652525492.0
2023-11-14,2.472,2.493,2.468,2.487,2852381,707826011.0
2023-11-15,2.505,2.508,2.487,2.497,3035364,757391132.0
2023-11-16,2.487,2.492,2.47,2.471,3057778,758401652.0
2023-11-17,2.469,2.499,2.462,2.498,2999021,743357514.0
2023-11-20,2.493,2.519,2.484,2.515,2734174,683958857.0
2023-11-21,2.518,2.523,2.495,2.497,2393896,601226300.0
2023-11-22,2.493,2.506,2.466,2.47,2230827,555126581.0
2023-11-23,2.47,2.496,2.455,2.494,3086936,764423111.0
2023-11-24,2.493,2.493,2.452,2.459,3319319,819384905.0
2023-11-27,2.461,2.466,2.442,2.46,2410330,591132258.0
2023-11-28,2.455,2.474,2.437,2.469,2341341,575783232.0
2023-11-29,2.471,2.474,2.453,2.462,2238928,551981606.0
2023-11-30,2.46,2.461,2.424,2.446,2738405,668357955.0
2023-12-01,2.446,2.474,2.434,2.469,3084494,756785754.0
2023-12-04,2.468,2.475,2.456,2.458,2114072,520800040.0
2023-12-05,2.45,2.452,2.411,2.414,2557139,621954844.0
2023-12-06,2.412,2.442,2.402,2.424,2366311,572671769.0
2023-12-07,2.417,2.434,2.404,2.422,3315406,802192777.0
2023-12-08,2.422,2.44,2.415,2.417,3929045,952890389.0
2023-12-11,2.405,2.452,2.391,2.442,5185315,1255749177.0
2023-12-12,2.44,2.45,2.435,2.448,3672445,896996526.0
2023-12-13,2.449,2.449,2.422,2.425,2731288,665493647.0
2023-12-14,2.437,2.448,2.412,2.417,3497929,849822930.0
2023-12-15,2.422,2.428,2.388,2.4,3576725,859776567.0
2023-12-18,2.391,2.397,2.354,2.362,2192727,520786475.0
2023-12-19,2.363,2.373,2.345,2.364,2484185,585698507.0
2023-12-20,2.363,2.367,2.321,2.322,2337495,546562169.0
2023-12-21,2.309,2.343,2.29,2.334,2994420,693809148.0
2023-12-22,2.332,2.344,2.303,2.314,2984808,692924368.0
2023-12-25,2.309,2.32,2.294,2.31,2871125,661805075.0
2023-12-26,2.306,2.308,2.271,2.28,3178739,725864226.0
2023-12-27,2.28,2.299,2.269,2.293,3695511,844663155.0
2023-12-28,2.285,2.347,2.278,2.34,4967557,1152416615.0
2023-12-29,2.338,2.375,2.325,2.374,3659420,864174973.0
2024-01-02,2.371,2.376,2.354,2.354,4024697,951096966.0
2024-01-03,2.349,2.36,2.327,2.343,3848503,900556340.0
2024-01-04,2.339,2.343,2.315,2.329,3713291,863260044.0
2024-01-05,2.323,2.333,2.278,2.292,3170954,731336763.0
2024-01-08,2.285,2.285,2.23,2.233,2975931,670287089.0
2024-01-09,2.238,2.259,2.216,2.233,2996766,670611554.0
2024-01-10,2.224,2.249,2.197,2.218,2250083,499762981.0
2024-01-11,2.215,2.272,2.215,2.262,3490645,784357922.0
2024-01-12,2.251,2.275,2.243,2.243,2965608,669928414.0
2024-01-15,2.233,2.259,2.22,2.236,2200515,492632590.0
2024-01-16,2.234,2.24,2.199,2.23,2847257,632680886.0
2024-01-17,2.221,2.226,2.167,2.168,2129943,469089779.0
2024-01-18,2.168,2.182,2.098,2.162,4395183,937374833.0
2024-01-19,2.15,2.169,2.133,2.135,4561341,981018686.0
2024-01-22,2.135,2.135,2.001,2.018,3186689,658552129.0
2024-01-23,2.008,2.054,1.98,2.044,3332669,675726599.0
2024-01-24,2.048,2.078,1.991,2.076,3385648,690226233.0
2024-01-25,2.07,2.148,2.05,2.147,3613915,763758690.0
2024-01-26,2.142,2.155,2.112,2.12,3213052,685456122.0
2024-01-29,2.119,2.135,2.061,2.062,2971174,620810733.0
2024-01-30,2.05,2.072,2.001,2.005,2689563,547857945.0
2024-01-31,2.001,2.009,1.923,1.931,3777085,739380648.0
2024-02-01,1.92,1.959,1.886,1.914,5483662,1055247346.0
2024-02-02,1.913,1.935,1.783,1.849,6058867,1129187484.0
2024-02-05,1.82,1.823,1.681,1.737,49377633,8700396123.0
2024-02-06,1.701,1.876,1.68,1.855,30463419,5398219113.0
2024-02-07,1.839,1.955,1.839,1.938,20384000,3915804858.0
2024-02-08,1.96,2.043,1.949,2.017,14718472,2962793571.0
2024-02-19,2.027,2.05,1.986,2.02,18948572,3821177177.0
2024-02-20,2.002,2.035,1.987,2.025,5775770,1159892193.0
2024-02-21,2.012,2.096,2.001,2.035,9102136,1872046201.0
2024-02-22,2.033,2.073,2.032,2.07,4912828,1009652007.0
2024-02-23,2.071,2.106,2.053,2.105,5789010,1202547588.0
2024-02-26,2.102,2.144,2.087,2.109,5693160,1202587767.0
2024-02-27,2.1,2.176,2.094,2.173,5747718,1229019882.0
2024-02-28,2.173,2.202,2.066,2.068,11701569,2495932242.0
2024-02-29,2.057,2.152,2.053,2.151,6323872,1339087543.0
2024-03-01,2.148,2.178,2.137,2.175,6397726,1379505277.0
2024-03-04,2.174,2.186,2.139,2.179,5839041,1263579869.0
2024-03-05,2.166,2.176,2.145,2.163,19703073,4265349234.0
2024-03-06,2.156,2.186,2.133,2.161,5295808,1145319846.0
2024-03-07,2.162,2.185,2.128,2.129,5171245,1113134896.0
2024-03-08,2.134,2.167,2.121,2.157,3722463,799293094.0
2024-03-11,2.15,2.201,2.147,2.2,5732705,1245798281.0
2024-03-12,2.2,2.223,2.185,2.21,4308202,950150223.0
2024-03-13,2.208,2.238,2.199,2.217,3736997,828631481.0
2024-03-14,2.214,2.228,2.183,2.204,3539056,781966401.0
2024-03-15,2.196,2.239,2.192,2.238,5199976,1152389210.0
2024-03-18,2.24,2.276,2.231,2.275,5156826,1162277587.0
2024-03-19,2.266,2.274,2.25,2.253,4547237,1028152848.0
2024-03-20,2.252,2.279,2.25,2.273,3557120,804891516.0
2024-03-21,2.278,2.289,2.258,2.272,3047587,693462739.0
2024-03-22,2.27,2.274,2.229,2.246,4638141,1042343701.0
2024-03-25,2.243,2.254,2.195,2.196,5086326,1132476441.0
2024-03-26,2.194,2.208,2.165,2.186,4872958,1066226591.0
2024-03-27,2.18,2.186,2.113,2.115,5169290,1110565857.0
2024-03-28,2.111,2.185,2.111,2.164,5980010,1292168990.0
2024-03-29,2.158,2.189,2.146,2.187,5380543,1167120176.0
2024-04-01,2.192,2.237,2.192,2.233,6076510,1349320913.0
2024-04-02,2.23,2.233,2.204,2.221,5517541,1224007532.0
2024-04-03,2.221,2.221,2.191,2.214,5221133,1150475682.0
2024-04-08,2.203,2.205,2.167,2.168,3274859,716710997.0
2024-04-09,2.168,2.199,2.162,2.196,2349480,512559164.0
2024-04-10,2.192,2.192,2.139,2.157,2466599,533830787.0
2024-04-11,2.144,2.188,2.14,2.162,3198142,693322490.0
2024-04-12,2.156,2.176,2.14,2.144,2649391,571133240.0
2024-04-15,2.138,2.155,2.093,2.125,3258943,692288483.0
2024-04-16,2.117,2.123,2.033,2.034,6948136,1436381766.0
2024-04-17,2.051,2.127,2.049,2.126,5824024,1222645409.0
2024-04-18,2.115,2.149,2.099,2.123,6208903,1321298884.0
2024-04-19,2.111,2.135,2.097,2.113,4814520,1017316017.0
2024-04-22,2.105,2.133,2.08,2.109,2440870,515223380.0
2024-04-23,2.105,2.118,2.084,2.095,2814310,590376801.0
2024-04-24,2.093,2.135,2.089,2.134,4414331,935067291.0
2024-04-25,2.132,2.155,2.12,2.133,3903094,834951278.0
2024-04-26,2.134,2.181,2.129,2.177,8162320,1767085398.0
2024-04-29,2.185,2.234,2.18,2.23,9467197,2100012448.0
2024-04-30,2.226,2.232,2.201,2.207,4637974,1026873766.0
2024-05-06,2.237,2.269,2.236,2.248,7759707,1743482702.0
2024-05-07,2.246,2.262,2.243,2.257,4513486,1016770386.0
2024-05-08,2.25,2.25,2.219,2.221,5336885,1189859320.0
2024-05-09,2.218,2.268,2.218,2.26,3818825,860885090.0
2024-05-10,2.267,2.271,2.228,2.24,7534177,1685968934.0
2024-05-13,2.227,2.234,2.199,2.219,4717901,1045165451.0
2024-05-14,2.22,2.245,2.217,2.229,3942747,879171054.0
2024-05-15,2.227,2.233,2.205,2.209,2245902,498244689.0
2024-05-16,2.213,2.23,2.2,2.204,3275784,726582151.0
2024-05-17,2.205,2.242,2.2,2.24,4795495,1067336662.0
2024-05-20,2.24,2.258,2.232,2.248,5249128,1179527501.0
2024-05-21,2.244,2.245,2.216,2.225,6430071,1432371088.0
2024-05-22,2.222,2.233,2.213,2.228,2103647,468128441.0
2024-05-23,2.221,2.221,2.172,2.18,3188842,699331089.0
2024-05-24,2.169,2.19,2.154,2.154,2496852,541469252.0
2024-05-27,2.159,2.181,2.129,2.179,2729333,586492211.0
2024-05-28,2.169,2.178,2.15,2.154,2502269,541897325.0
2024-05-29,2.15,2.171,2.144,2.153,2246476,485112172.0
2024-05-30,2.143,2.166,2.137,2.152,2679855,576987102.0
2024-05-31,2.155,2.172,2.154,2.158,2995238,647440920.0
2024-06-03,2.154,2.158,2.113,2.129,3168990,676396984.0
2024-06-04,2.12,2.148,2.111,2.143,3059063,651490180.0
2024-06-05,2.137,2.15,2.116,2.117,2497357,532837837.0
2024-06-06,2.121,2.13,2.064,2.073,4392620,917648348.0
2024-06-07,2.09,2.097,2.059,2.081,4642476,965799755.0
2024-06-11,2.07,2.106,2.053,2.1,3365182,701082490.0
2024-06-12,2.091,2.113,2.089,2.106,3286368,692116431.0
2024-06-13,2.111,2.111,2.088,2.093,2130997,446962165.0
2024-06-14,2.086,2.105,2.079,2.099,3993800,835239668.0
2024-06-17,2.089,2.11,2.086,2.096,3477312,730634636.0
2024-06-18,2.096,2.12,2.094,2.115,5997631,1266486757.0
2024-06-19,2.117,2.122,2.086,2.087,5789749,1213020443.0
2024-06-20,2.083,2.092,2.043,2.049,4637103,956435934.0
2024-06-21,2.042,2.06,2.033,2.046,3407907,697378909.0
2024-06-24,2.034,2.035,1.978,1.98,3587795,718454854.0
2024-06-25,1.98,1.989,1.949,1.964,3854625,759518395.0
2024-06-26,1.96,2.024,1.95,2.022,4983791,993141498.0
2024-06-27,2.011,2.016,1.97,1.973,5411516,1076063619.0
2024-06-28,1.967,2.016,1.966,1.983,7240613,1447707051.0
2024-07-01,1.979,2.011,1.959,2.001,6439820,1276369634.0
2024-07-02,1.998,2.008,1.979,1.987,4129806,822437424.0
2024-07-03,1.983,1.989,1.968,1.971,2787296,551514095.0
2024-07-04,1.975,1.98,1.921,1.932,7279207,1412888219.0
2024-07-05,1.928,1.96,1.912,1.951,5645607,1091526136.0
2024-07-08,1.942,1.945,1.896,1.905,4097540,786374573.0
2024-07-09,1.9,1.952,1.885,1.946,10851499,2080017301.0
2024-07-10,1.94,1.959,1.935,1.937,4657979,906375667.0
2024-07-11,1.961,1.988,1.955,1.986,6271973,1238243804.0
2024-07-12,1.984,1.988,1.969,1.978,3544970,701226903.0
2024-07-15,1.972,1.975,1.952,1.957,10678029,2097856425.0
2024-07-16,1.952,1.966,1.94,1.962,6102245,1191689772.0
2024-07-17,1.958,1.963,1.943,1.949,16556248,3234163466.0
2024-07-18,1.935,1.959,1.914,1.954,14598055,2824521056.0
2024-07-19,1.938,1.973,1.937,1.955,9201601,1802573330.0
2024-07-22,1.954,1.967,1.945,1.958,5565293,1090468429.0
2024-07-23,1.958,1.96,1.904,1.904,3420621,659392469.0
2024-07-24,1.902,1.911,1.877,1.878,5209922,986263929.0
2024-07-25,1.869,1.902,1.865,1.88,4823972,908348775.0
2024-07-26,1.879,1.915,1.878,1.91,3284995,625502859.0
2024-07-29,1.91,1.913,1.895,1.901,1909866,363204368.0
2024-07-30,1.895,1.918,1.881,1.909,3005945,571111275.0
2024-07-31,1.907,1.995,1.903,1.993,14631132,2878227401.0
2024-08-01,1.99,2.007,1.968,1.98,7923880,1575826251.0
2024-08-02,1.964,1.993,1.948,1.953,4509518,888552344.0
2024-08-05,1.938,1.974,1.898,1.901,10774062,2077977409.0
2024-08-06,1.921,1.938,1.905,1.927,6371209,1222795154.0
2024-08-07,1.921,1.938,1.913,1.925,6018690,1159042994.0
2024-08-08,1.918,1.942,1.898,1.927,4142349,796364345.0
2024-08-09,1.936,1.948,1.908,1.908,3970033,763831206.0
2024-08-12,1.904,1.911,1.892,1.901,2846007,541164199.0
2024-08-13,1.899,1.911,1.885,1.906,4201222,797714699.0
2024-08-14,1.905,1.907,1.886,1.887,2755027,522115493.0
2024-08-15,1.88,1.929,1.879,1.904,8645092,1650136261.0
2024-08-16,1.904,1.911,1.889,1.889,4298066,815225487.0
2024-08-19,1.888,1.917,1.885,1.893,3380325,642704831.0
2024-08-20,1.894,1.897,1.852,1.86,7526410,1403249568.0
2024-08-21,1.853,1.867,1.848,1.85,2828268,524495753.0
2024-08-22,1.85,1.856,1.824,1.827,4234944,776747581.0
2024-08-23,1.825,1.834,1.815,1.828,4773327,871403802.0
2024-08-26,1.827,1.844,1.821,1.835,4636382,850796221.0
2024-08-27,1.83,1.83,1.809,1.815,9098309,1653888479.0
2024-08-28,1.812,1.834,1.806,1.817,7342588,1336387663.0
2024-08-29,1.81,1.855,1.808,1.847,8497532,1562323530.0
2024-08-30,1.843,1.91,1.843,1.882,16068835,3035694860.0
2024-09-02,1.877,1.885,1.839,1.842,8556059,1591408300.0
2024-09-03,1.838,1.871,1.838,1.858,7891624,1464018477.0
2024-09-04,1.844,1.87,1.84,1.851,4725017,875597218.0
2024-09-05,1.852,1.878,1.852,1.866,4408152,821290430.0
2024-09-06,1.869,1.871,1.83,1.835,6809007,1257254828.0
2024-09-09,1.825,1.841,1.812,1.82,4083670,745097345.0
2024-09-10,1.82,1.834,1.788,1.826,5183600,938019914.0
2024-09-11,1.816,1.831,1.811,1.825,8607008,1569170184.0
2024-09-12,1.828,1.849,1.816,1.819,6178761,1131386008.0
2024-09-13,1.819,1.822,1.795,1.797,6580048,1188466623.0
2024-09-18,1.795,1.799,1.765,1.789,5205862,928118693.0
2024-09-19,1.793,1.843,1.781,1.824,11194599,2032423193.0
2024-09-20,1.819,1.823,1.799,1.814,15370800,2785055266.0
2024-09-23,1.811,1.837,1.804,1.816,4521826,823315819.0
2024-09-24,1.833,1.894,1.814,1.892,20902280,3892250426.0
2024-09-25,1.911,1.953,1.903,1.905,13585958,2616895709.0
2024-09-26,1.897,1.998,1.897,1.994,27401386,5362037241.0
2024-09-27,2.025,2.18,2.007,2.172,14159668,2924884104.0
2024-09-30,2.27,2.389,2.161,2.389,58432656,13308018547.0
2024-10-08,2.628,2.628,2.39,2.529,37497256,9463152101.0
2024-10-09,2.43,2.48,2.303,2.324,23715581,5693473537.0
2024-10-10,2.336,2.395,2.273,2.295,21691317,5059557303.0
2024-10-11,2.281,2.284,2.17,2.203,25026797,5551958747.0
2024-10-14,2.21,2.286,2.17,2.283,21085544,4702568534.0
2024-10-15,2.265,2.318,2.231,2.236,25153400,5715334758.0
2024-10-16,2.201,2.279,2.201,2.244,10538649,2364676465.0
2024-10-17,2.26,2.286,2.233,2.235,15527264,3505287352.0
2024-10-18,2.231,2.413,2.228,2.337,34565225,8077833460.0
2024-10-21,2.348,2.418,2.338,2.379,17466540,4157949757.0
2024-10-22,2.373,2.413,2.361,2.392,16085160,3834257460.0
2024-10-23,2.396,2.44,2.378,2.398,9240243,2225819085.0
2024-10-24,2.383,2.394,2.361,2.382,8342146,1983642994.0
2024-10-25,2.383,2.449,2.383,2.437,13996390,3391460637.0
2024-10-28,2.431,2.471,2.42,2.47,9716479,2380862500.0
2024-10-29,2.48,2.483,2.428,2.433,19088793,4681000439.0
2024-10-30,2.42,2.455,2.411,2.447,10071256,2450508281.0
2024-10-31,2.45,2.509,2.435,2.483,10248289,2538497445.0
2024-11-01,2.47,2.485,2.404,2.411,13378782,3260280576.0
2024-11-04,2.4,2.469,2.399,2.466,7315794,1783324223.0
2024-11-05,2.464,2.559,2.456,2.549,20339349,5133513391.0
2024-11-06,2.55,2.589,2.535,2.557,11164942,2860190628.0
2024-11-07,2.531,2.608,2.531,2.605,8553537,2196870967.0
2024-11-08,2.62,2.649,2.595,2.607,10877442,2849866193.0
2024-11-11,2.595,2.671,2.595,2.668,17378845,4593534021.0
2024-11-12,2.67,2.687,2.612,2.641,9997543,2654182206.0
2024-11-13,2.624,2.643,2.583,2.626,9527488,2488898150.0
2024-11-14,2.621,2.625,2.545,2.549,15669183,4041334943.0
2024-11-15,2.543,2.571,2.488,2.489,9606397,2433464180.0
2024-11-18,2.495,2.505,2.407,2.43,11718113,2869224849.0
2024-11-19,2.424,2.494,2.416,2.491,9772732,2395231777.0
2024-11-20,2.481,2.541,2.475,2.537,14150981,3544503226.0
2024-11-21,2.533,2.553,2.516,2.543,4584069,1163944469.0
2024-11-22,2.538,2.548,2.445,2.447,6131744,1533755703.0
2024-11-25,2.461,2.466,2.409,2.458,4134487,1007004691.0
2024-11-26,2.451,2.477,2.425,2.426,5137346,1256359326.0
2024-11-27,2.423,2.49,2.379,2.486,12000802,2931115414.0
2024-11-28,2.484,2.505,2.466,2.472,8308942,2065887411.0
2024-11-29,2.469,2.539,2.453,2.513,15632945,3923756090.0
2024-12-02,2.514,2.573,2.511,2.564,10515096,2685604948.0
2024-12-03,2.565,2.579,2.533,2.557,13765727,3518298188.0
2024-12-04,2.553,2.557,2.506,2.523,10225550,2594327039.0
2024-12-05,2.515,2.561,2.512,2.552,7072183,1800396955.0
2024-12-06,2.551,2.595,2.526,2.58,19695967,5051954275.0
2024-12-09,2.577,2.589,2.538,2.557,8439358,2160328000.0
2024-12-10,2.645,2.649,2.577,2.584,19545004,5108613203.0
2024-12-11,2.579,2.62,2.575,2.617,8682717,2266269720.0
2024-12-12,2.617,2.639,2.593,2.637,7566059,1979570080.0
2024-12-13,2.62,2.622,2.58,2.585,15281581,3972178856.0
2024-12-16,2.585,2.587,2.542,2.552,6062445,1553098336.0
2024-12-17,2.543,2.55,2.493,2.497,9148330,2295569468.0
2024-12-18,2.5,2.535,2.488,2.517,6384272,1604284914.0
2024-12-19,2.493,2.53,2.48,2.524,5925097,1482563073.0
2024-12-20,2.516,2.568,2.515,2.549,6062495,1542048304.0
2024-12-23,2.543,2.547,2.475,2.477,10280652,2570796872.0
2024-12-24,2.48,2.505,2.467,2.504,6134644,1526971891.0
2024-12-25,2.504,2.504,2.454,2.479,11742413,2902962731.0
2024-12-26,2.475,2.512,2.474,2.503,9261007,2316026775.0
2024-12-27,2.503,2.542,2.489,2.507,6801497,1713426125.0
2024-12-30,2.502,2.517,2.48,2.5,6902789,1724937278.0
2024-12-31,2.499,2.508,2.418,2.42,10874955,2663752479.0
2025-01-02,2.416,2.431,2.332,2.355,11900493,2837372716.0
2025-01-03,2.358,2.365,2.28,2.29,16731342,3871617675.0
2025-01-06,2.285,2.31,2.26,2.277,12852560,2935608754.0
2025-01-07,2.276,2.311,2.265,2.31,13347177,3066049098.0
2025-01-08,2.302,2.32,2.232,2.299,16069241,3650021469.0
2025-01-09,2.284,2.321,2.282,2.304,9143052,2110431510.0
2025-01-10,2.302,2.324,2.253,2.255,5157845,1181117309.0
2025-01-13,2.237,2.277,2.22,2.26,7402206,1665811726.0
2025-01-14,2.263,2.365,2.258,2.364,16733196,3903408971.0
2025-01-15,2.32,2.327,2.3,2.309,11601033,2681035426.0
2025-01-16,2.318,2.365,2.299,2.319,10315379,2406666743.0
2025-01-17,2.31,2.356,2.302,2.336,7155962,1666580594.0
2025-01-20,2.348,2.373,2.342,2.349,6438543,1517322910.0
2025-01-21,2.36,2.369,2.331,2.364,8011720,1882878859.0
2025-01-22,2.354,2.359,2.329,2.345,7058445,1653018806.0
2025-01-23,2.361,2.399,2.332,2.333,11878635,2812039475.0
2025-01-24,2.329,2.382,2.329,2.38,12567369,2971559462.0
2025-01-27,2.384,2.393,2.334,2.336,9875215,2327792624.0
2025-02-05,2.354,2.376,2.339,2.352,8616721,2030344388.0
2025-02-06,2.347,2.421,2.339,2.415,8014234,1919108471.0
2025-02-07,2.416,2.484,2.414,2.455,13329891,3269545580.0
2025-02-10,2.455,2.489,2.45,2.483,12072043,2986830264.0
2025-02-11,2.48,2.488,2.453,2.478,6835438,1688494032.0
2025-02-12,2.473,2.518,2.47,2.515,6192336,1546127389.0
2025-02-13,2.512,2.514,2.483,2.491,6042251,1509425359.0
2025-02-14,2.486,2.506,2.474,2.5,6233219,1553526220.0
2025-02-17,2.508,2.523,2.49,2.511,14794974,3713677557.0
2025-02-18,2.505,2.514,2.446,2.461,8990675,2222227366.0
2025-02-19,2.453,2.518,2.453,2.516,6728712,1678234395.0
2025-02-20,2.511,2.54,2.508,2.533,7040083,1775401888.0
2025-02-21,2.537,2.591,2.525,2.581,5646132,1449439488.0
2025-02-24,2.58,2.6,2.562,2.585,7270531,1876596491.0
2025-02-25,2.553,2.599,2.546,2.574,4492029,1155697957.0
2025-02-26,2.576,2.615,2.567,2.614,3903093,1011950024.0
2025-02-27,2.608,2.619,2.56,2.6,4973689,1287085995.0
2025-02-28,2.586,2.589,2.503,2.511,12701099,3210926319.0
2025-03-03,2.514,2.552,2.496,2.508,6501573,1641596599.0
2025-03-04,2.492,2.545,2.49,2.541,5598095,1415328410.0
2025-03-05,2.54,2.559,2.524,2.558,5658353,1437705131.0
2025-03-06,2.572,2.625,2.57,2.614,5586091,1453929563.0
2025-03-07,2.608,2.63,2.588,2.603,5974757,1558891754.0
2025-03-10,2.603,2.613,2.583,2.606,6620389,1720820456.0
2025-03-11,2.58,2.625,2.577,2.624,3888834,1010749849.0
2025-03-12,2.627,2.656,2.622,2.628,5935552,1564226030.0
2025-03-13,2.622,2.627,2.561,2.588,6802312,1758789745.0
2025-03-14,2.584,2.633,2.568,2.631,7766553,2031758993.0
2025-03-17,2.63,2.643,2.621,2.634,7295971,1920208640.0
2025-03-18,2.639,2.66,2.63,2.645,3130634,828010961.0
2025-03-19,2.635,2.64,2.614,2.627,4216305,1106883058.0
2025-03-20,2.621,2.639,2.609,2.616,4287961,1125641155.0
2025-03-21,2.608,2.613,2.555,2.562,5860703,1511471581.0
2025-03-24,2.559,2.563,2.499,2.542,7494674,1895590335.0
2025-03-25,2.536,2.551,2.516,2.525,6107610,1546429822.0
2025-03-26,2.519,2.55,2.519,2.533,4915932,1248222513.0
2025-03-27,2.529,2.56,2.5,2.533,4736483,1198280536.0
2025-03-28,2.53,2.544,2.503,2.507,5095947,1283137676.0
2025-03-31,2.497,2.506,2.459,2.492,7664354,1902765224.0
2025-04-01,2.493,2.521,2.493,2.503,6734848,1688481273.0
2025-04-02,2.497,2.53,2.496,2.511,2972338,747681648.0
2025-04-03,2.492,2.522,2.464,2.482,5387728,1342286593.0
2025-04-07,2.357,2.396,2.234,2.234,14443036,3291645455.0
2025-04-08,2.199,2.257,2.171,2.219,62425127,13730219845.0
2025-04-09,2.177,2.276,2.093,2.258,15750496,3457013402.0
2025-04-10,2.295,2.357,2.294,2.313,10595783,2462237466.0
2025-04-11,2.297,2.372,2.295,2.343,5901326,1379142307.0
2025-04-14,2.366,2.393,2.362,2.374,6348653,1507512484.0
2025-04-15,2.372,2.38,2.349,2.365,5688299,1342889715.0
2025-04-16,2.353,2.36,2.306,2.335,10451123,2434844378.0
2025-04-17,2.323,2.361,2.32,2.336,6353111,1491768308.0
2025-04-18,2.33,2.345,2.317,2.332,7408841,1726552677.0
2025-04-21,2.328,2.382,2.318,2.38,6723381,1589759370.0
2025-04-22,2.377,2.391,2.368,2.38,4213600,1002448523.0
2025-04-23,2.392,2.409,2.382,2.394,6642926,1592236129.0
2025-04-24,2.39,2.394,2.357,2.371,5323615,1263958643.0
2025-04-25,2.371,2.396,2.361,2.376,5745957,1368374886.0
2025-04-28,2.375,2.378,2.345,2.351,6132509,1444605261.0
2025-04-29,2.345,2.372,2.337,2.363,4602556,1086336694.0
2025-04-30,2.363,2.39,2.362,2.381,6087565,1450181016.0
2025-05-06,2.395,2.442,2.395,2.442,6117000,1484039710.0
2025-05-07,2.467,2.495,2.428,2.444,8668199,2126154726.0
2025-05-08,2.439,2.471,2.437,2.466,5808381,1428603989.0
2025-05-09,2.465,2.465,2.424,2.437,4176485,1018846787.0
2025-05-12,2.452,2.472,2.445,2.471,5189412,1276471323.0
2025-05-13,2.488,2.488,2.456,2.462,5913708,1460617548.0
2025-05-14,2.462,2.485,2.445,2.468,5165883,1271995658.0
2025-05-15,2.462,2.463,2.424,2.428,4192963,1021692150.0
2025-05-16,2.423,2.444,2.422,2.432,4261753,1036770441.0
2025-05-19,2.423,2.445,2.407,2.443,3503346,850165120.0
2025-05-20,2.439,2.467,2.432,2.463,3012478,738617982.0
2025-05-21,2.458,2.461,2.447,2.457,2313610,567872616.0
2025-05-22,2.45,2.465,2.43,2.433,3594519,877758928.0
2025-05-23,2.428,2.447,2.401,2.402,4113502,996762095.0
2025-05-26,2.401,2.423,2.398,2.416,3513484,847638148.0
2025-05-27,2.408,2.418,2.393,2.409,4387996,1054889029.0
2025-05-28,2.408,2.419,2.396,2.403,3538410,850734786.0
2025-05-29,2.407,2.447,2.404,2.446,7397217,1799211604.0
2025-05-30,2.437,2.438,2.415,2.423,8078257,1957977512.0
2025-06-03,2.414,2.445,2.412,2.436,3790971,922983494.0
2025-06-04,2.437,2.461,2.434,2.458,2893139,709692001.0
2025-06-05,2.459,2.483,2.448,2.478,3463808,853375847.0
2025-06-06,2.479,2.479,2.465,2.473,2563635,633493553.0
2025-06-09,2.477,2.505,2.474,2.498,3864896,964800604.0
2025-06-10,2.5,2.5,2.454,2.476,3944410,976888666.0
2025-06-11,2.476,2.503,2.475,2.487,4036620,1005172128.0
2025-06-12,2.477,2.496,2.47,2.491,1940887,482595223.0
2025-06-13,2.484,2.488,2.453,2.459,3550524,875443207.0
2025-06-16,2.451,2.478,2.45,2.473,2966595,733030656.0
2025-06-17,2.474,2.481,2.462,2.47,3257801,804508405.0
2025-06-18,2.469,2.473,2.448,2.467,2484049,611461073.0
2025-06-19,2.462,2.473,2.428,2.437,4074918,996642317.0
2025-06-20,2.434,2.443,2.416,2.417,5589962,1356143053.0
2025-06-23,2.405,2.449,2.405,2.448,5001208,1218381179.0
2025-06-24,2.449,2.496,2.448,2.494,5207289,1293160774.0
2025-06-25,2.496,2.535,2.495,2.531,5732399,1443542821.0
2025-06-26,2.528,2.542,2.519,2.52,6457280,1632240900.0
2025-06-27,2.527,2.549,2.522,2.529,4649191,1178506791.0
2025-06-30,2.533,2.564,2.533,2.562,5757628,1470207152.0
2025-07-01,2.562,2.57,2.541,2.569,3883808,993151556.0
2025-07-02,2.563,2.564,2.536,2.546,3844243,978550360.0
2025-07-03,2.545,2.56,2.536,2.557,3519043,897083089.0
2025-07-04,2.55,2.573,2.537,2.547,3335741,851113098.0
2025-07-07,2.543,2.554,2.542,2.55,1624965,414157613.0
2025-07-08,2.549,2.587,2.544,2.586,4083411,1052121837.0
2025-07-09,2.588,2.595,2.573,2.578,4434211,1145274637.0
2025-07-10,2.577,2.596,2.569,2.583,3711829,958508578.0
2025-07-11,2.585,2.622,2.576,2.609,6811639,1774114729.0
2025-07-14,2.611,2.612,2.598,2.607,4741596,1235881872.0
2025-07-15,2.605,2.614,2.573,2.598,4021893,1042538899.0
2025-07-16,2.599,2.621,2.595,2.609,3545032,924795858.0
2025-07-17,2.605,2.641,2.602,2.64,2966366,779912216.0
2025-07-18,2.641,2.653,2.632,2.646,2920691,772012784.0
2025-07-21,2.646,2.669,2.646,2.668,6383651,1700335606.0
2025-07-22,2.67,2.685,2.661,2.684,3011105,804987759.0
2025-07-23,2.685,2.697,2.665,2.674,3870389,1037425441.0
2025-07-24,2.672,2.712,2.668,2.71,5117805,1380421807.0
2025-07-25,2.712,2.712,2.693,2.708,4134425,1117894811.0
2025-07-28,2.709,2.723,2.693,2.716,6368247,1725893866.0
2025-07-29,2.712,2.741,2.693,2.739,3629430,985352231.0
2025-07-30,2.736,2.736,2.693,2.714,4828015,1311967412.0
2025-07-31,2.706,2.726,2.68,2.695,3922444,1061977193.0
2025-08-01,2.691,2.711,2.677,2.693,3759888,1012789196.0
2025-08-04,2.682,2.727,2.676,2.726,3898977,1055042536.0
2025-08-05,2.726,2.743,2.722,2.742,3367306,919724149.0
2025-08-06,2.741,2.776,2.735,2.771,5454593,1507563977.0
2025-08-07,2.774,2.781,2.751,2.772,5084602,1407145914.0
2025-08-08,2.769,2.773,2.751,2.763,2675093,738651457.0
2025-08-11,2.765,2.814,2.764,2.803,8174219,2288333864.0
2025-08-12,2.804,2.814,2.788,2.813,3929987,1101429805.0
2025-08-13,2.816,2.861,2.816,2.854,6043962,1716167434.0
2025-08-14,2.857,2.86,2.812,2.823,6189467,1755421751.0
2025-08-15,2.81,2.883,2.808,2.881,7056194,2016757400.0
2025-08-18,2.886,2.941,2.883,2.923,8914773,2602947187.0
2025-08-19,2.92,2.945,2.906,2.925,5201864,1522119437.0
2025-08-20,2.913,2.96,2.894,2.958,8077271,2366208144.0
2025-08-21,2.963,2.971,2.916,2.931,8520156,2502943431.0
2025-08-22,2.927,2.984,2.927,2.982,7095157,2100501004.0
2025-08-25,2.995,3.039,2.992,3.021,6981360,2103633284.0
2025-08-26,3.011,3.046,3.002,3.021,3500818,1058591719.0
2025-08-27,3.02,3.057,2.962,2.968,5484478,1651099835.0
2025-08-28,2.951,3.01,2.916,3.009,9167117,2726772864.0
2025-08-29,3.002,3.026,2.978,3.006,5340852,1602241276.0
2025-09-01,3.015,3.044,2.997,3.038,3899438,1177584128.0
2025-09-02,3.028,3.03,2.931,2.959,6842851,2027568639.0
2025-09-03,2.961,2.972,2.899,2.914,6291994,1848128927.0
2025-09-04,2.911,2.934,2.806,2.846,13369104,3834456899.0
2025-09-05,2.845,2.934,2.839,2.929,7687233,2221064701.0
2025-09-08,2.928,2.962,2.915,2.953,11496582,3375375712.0
2025-09-09,2.944,2.955,2.906,2.919,3516488,1032124134.0
2025-09-10,2.915,2.951,2.902,2.921,4901063,1434574666.0
2025-09-11,2.91,3.0,2.887,2.999,6125193,1816753782.0
2025-09-12,3.0,3.022,2.987,3.0,4721036,1418023572.0
2025-09-15,3.001,3.013,2.99,2.997,3658822,1097967806.0
2025-09-16,2.997,3.033,2.973,3.029,3322431,999678718.0
2025-09-17,3.021,3.061,3.014,3.056,4038775,1229537886.0
2025-09-18,3.059,3.099,2.984,3.017,6784084,2065290107.0
2025-09-19,3.014,3.038,2.99,3.006,3138352,947421819.0
2025-09-22,3.007,3.033,2.996,3.031,2481714,748026695.0
2025-09-23,3.029,3.031,2.94,2.995,4299791,1281869499.0
2025-09-24,2.976,3.049,2.966,3.047,4076013,1231461852.0
2025-09-25,3.046,3.059,3.03,3.036,3750931,1141320425.0
2025-09-26,3.026,3.043,2.993,2.995,2934122,884004107.0
2025-09-29,2.992,3.044,2.984,3.032,5993423,1812375200.0
2025-09-30,3.043,3.075,3.038,3.063,3908299,1196572701.0
2025-10-09,3.074,3.104,3.067,3.089,4197474,1296549892.0
2025-10-10,3.08,3.08,3.039,3.048,5107071,1560995430.0
2025-10-13,2.95,3.051,2.936,3.039,5423413,1631955981.0
2025-10-14,3.053,3.076,2.97,2.985,5059742,1531959611.0
2025-10-15,2.978,3.03,2.961,3.026,4311605,1293056114.0
2025-10-16,3.012,3.022,2.986,2.995,3965898,1191589748.0
2025-10-17,2.99,3.004,2.905,2.909,5420437,1593350754.0
2025-10-20,2.924,2.956,2.911,2.927,3775552,1107010497.0
2025-10-21,2.935,2.976,2.927,2.968,6038970,1788428492.0
2025-10-22,2.953,2.973,2.941,2.958,3255757,962524400.0
2025-10-23,2.949,2.964,2.909,2.96,4191302,1229183167.0
2025-10-24,2.97,3.01,2.969,3.008,4239473,1266926095.0
2025-10-27,3.028,3.042,3.007,3.03,5077658,1537540694.0
2025-10-28,3.026,3.052,3.011,3.025,3020402,915679731.0
2025-10-29,3.031,3.067,3.019,3.066,3534658,1076427278.0
2025-10-30,3.061,3.064,3.024,3.035,4386358,1334865164.0
2025-10-31,3.032,3.072,3.028,3.037,5306608,1619049117.0
2025-11-03,3.035,3.054,2.998,3.049,4898346,1482343354.0
2025-11-04,3.04,3.043,2.989,3.008,3424814,1032912033.0
2025-11-05,2.978,3.032,2.974,3.023,3547432,1067369854.0
2025-11-06,3.023,3.06,3.018,3.057,2218367,674503686.0
2025-11-07,3.047,3.069,3.029,3.055,1877563,572784717.0
2025-11-10,3.069,3.074,3.04,3.059,2077794,634558562.0
2025-11-11,3.068,3.079,3.045,3.052,2469450,755785172.0
2025-11-12,3.045,3.052,3.005,3.034,2601545,787013464.0
2025-11-13,3.026,3.08,3.022,3.076,3321699,1016817833.0
2025-11-14,3.053,3.072,3.034,3.035,3351870,1023067739.0
2025-11-17,3.035,3.054,3.027,3.042,2651587,806258368.0
2025-11-18,3.035,3.042,3.001,3.018,4025082,1215499091.0
2025-11-19,3.012,3.028,2.974,2.992,4355182,1304903116.0
2025-11-20,3.008,3.014,2.97,2.973,4134139,1233129891.0
2025-11-21,2.944,2.954,2.862,2.862,9746233,2827531118.0
2025-11-24,2.87,2.909,2.859,2.895,5810025,1677040184.0
2025-11-25,2.907,2.958,2.907,2.933,8173549,2402312634.0
2025-11-26,2.935,2.957,2.921,2.933,3844660,1131627605.0
2025-11-27,2.933,2.967,2.932,2.936,2558849,754209829.0
2025-11-28,2.935,2.97,2.928,2.967,1826992,539547379.0
2025-12-01,2.976,2.993,2.969,2.987,2962288,883188854.0
2025-12-02,2.986,2.986,2.952,2.962,2149075,636159948.0
2025-12-03,2.964,2.968,2.926,2.935,2417443,710780851.0
2025-12-04,2.936,2.946,2.91,2.938,2552587,747805814.0
2025-12-05,2.934,2.98,2.912,2.978,5094740,1508665508.0
2025-12-08,2.985,3.014,2.981,3.004,4043642,1212798136.0
2025-12-09,3.001,3.012,2.984,2.987,2380182,713248653.0
2025-12-10,2.982,3.005,2.966,2.999,3787372,1129835751.0
2025-12-11,3.004,3.009,2.964,2.968,4622932,1379094795.0
2025-12-12,2.969,2.998,2.958,2.988,5350587,1592378750.0
2025-12-15,2.978,2.991,2.961,2.967,2689199,799367753.0
2025-12-16,2.963,2.963,2.898,2.916,3378049,985234127.0
2025-12-17,2.909,2.965,2.899,2.955,4520324,1325051502.0
2025-12-18,2.935,2.977,2.934,2.949,2917181,863284585.0
2025-12-19,2.96,2.985,2.95,2.974,3384447,1005756484.0
2025-12-22,2.986,3.014,2.985,3.001,2720159,816590554.0
2025-12-23,2.999,3.016,2.986,2.998,2134442,639972505.0
2025-12-24,2.993,3.049,2.993,3.045,3183410,966004332.0
2025-12-25,3.044,3.081,3.039,3.071,3694471,1133242322.0
2025-12-26,3.069,3.103,3.063,3.082,7637317,2358590830.0
2025-12-29,3.082,3.097,3.066,3.077,4279847,1319562847.0
2025-12-30,3.068,3.098,3.062,3.08,2961751,913465496.0
2025-12-31,3.087,3.09,3.061,3.079,4086187,1257709786.0
2026-01-05,3.09,3.152,3.088,3.15,3941756,1232361749.0
2026-01-06,3.157,3.2,3.148,3.195,5114932,1622343719.0
2026-01-07,3.195,3.218,3.187,3.203,5601079,1793959250.0
2026-01-08,3.196,3.244,3.196,3.231,3382575,1090632989.0
2026-01-09,3.226,3.31,3.226,3.305,8691458,2854686754.0
2026-01-12,3.323,3.414,3.311,3.406,10505042,3546463630.0
2026-01-13,3.408,3.411,3.318,3.337,9595879,3213527947.0
2026-01-14,3.319,3.42,3.302,3.345,17469369,5889750236.0
2026-01-15,3.318,3.35,3.3,3.345,9707516,3230169280.0
2026-01-16,3.367,3.371,3.31,3.336,19071445,6355260291.0
2026-01-19,3.276,3.327,3.271,3.304,21489688,7097946228.0
2026-01-20,3.308,3.32,3.242,3.277,15791204,5171017769.0
2026-01-21,3.258,3.323,3.254,3.305,55315289,18225690670.0
2026-01-22,3.315,3.33,3.3,3.33,19684846,6522283738.0
2026-01-23,3.343,3.411,3.33,3.402,34122752,11508716134.0
2026-01-26,3.406,3.424,3.319,3.344,27246605,9142661824.0
2026-01-27,3.331,3.37,3.272,3.357,16583569,5530076295.0
2026-01-28,3.355,3.374,3.332,3.366,22661383,7595431321.0
2026-01-29,3.357,3.394,3.323,3.34,14961023,5017027384.0
2026-01-30,3.321,3.34,3.229,3.311,8134446,2677913192.0
2026-02-02,3.274,3.297,3.171,3.175,15018112,4836900740.0
2026-02-03,3.215,3.293,3.204,3.284,8925549,2906752965.0
2026-02-04,3.28,3.293,3.239,3.289,9890246,3227698198.0
2026-02-05,3.259,3.265,3.21,3.232,7108639,2297231271.0
2026-02-06,3.19,3.268,3.177,3.221,12217401,3953130736.0
2026-02-09,3.262,3.304,3.261,3.302,9443624,3107409368.0
2026-02-10,3.3,3.312,3.281,3.301,4345780,1434599946.0
2026-02-11,3.295,3.328,3.295,3.303,3946264,1306685076.0
2026-02-12,3.301,3.344,3.291,3.336,6362104,2117612112.0
2026-02-13,3.32,3.332,3.281,3.285,10793248,3563349151.0
2026-02-24,3.321,3.351,3.298,3.322,5719002,1902759248.0
2026-02-25,3.328,3.382,3.327,3.371,13526611,4554023804.0
2026-02-26,3.378,3.4,3.358,3.396,11200890,3784913296.0
2026-02-27,3.383,3.432,3.366,3.431,6010958,2050800828.0
2026-03-02,3.396,3.42,3.357,3.393,10312423,3495460337.0
2026-03-03,3.396,3.405,3.255,3.268,10847751,3582470992.0
2026-03-04,3.235,3.299,3.226,3.238,8067757,2624182763.0
2026-03-05,3.285,3.295,3.248,3.266,7789341,2551815050.0
2026-03-06,3.245,3.313,3.245,3.3,4540586,1495044035.0
2026-03-09,3.25,3.298,3.197,3.287,7007415,2270579174.0
2026-03-10,3.31,3.346,3.309,3.344,6273684,2087054026.0
2026-03-11,3.346,3.36,3.335,3.346,4145813,1387909318.0
2026-03-12,3.332,3.356,3.302,3.338,3986499,1327090956.0
2026-03-13,3.32,3.345,3.282,3.291,3318061,1099532333.0
2026-03-16,3.284,3.294,3.235,3.285,3843596,1257058118.0
2026-03-17,3.285,3.292,3.21,3.212,5304662,1717548878.0
2026-03-18,3.216,3.243,3.191,3.24,9884335,3186405583.0
2026-03-19,3.195,3.209,3.152,3.17,5663677,1800851516.0
2026-03-20,3.175,3.202,3.114,3.117,7906510,2497769362.0
2026-03-23,3.07,3.093,2.944,2.967,10155031,3064690365.0
2026-03-24,3.002,3.046,2.949,3.044,11529652,3459685012.0
2026-03-25,3.062,3.117,3.062,3.101,11326936,3507116571.0
2026-03-26,3.086,3.111,3.049,3.057,4344641,1337000942.0
2026-03-27,3.016,3.119,3.016,3.106,4743006,1460200991.0
2026-03-30,3.069,3.115,3.048,3.109,5720759,1762958408.0
2026-03-31,3.105,3.12,3.05,3.051,5110449,1573716480.0
2026-04-01,3.101,3.121,3.081,3.107,5827220,1806421889.0
2026-04-02,3.09,3.111,3.032,3.055,5371187,1647033000.0
2026-04-03,3.066,3.069,3.012,3.02,3657702,1109787432.0
2026-04-07,3.026,3.062,3.025,3.045,6097545,1857820791.0
2026-04-08,3.12,3.191,3.1,3.189,11816200,3716993673.0
2026-04-09,3.156,3.186,3.152,3.171,8767362,2781005235.0
2026-04-10,3.186,3.231,3.186,3.201,5455250,1751475935.0
2026-04-13,3.185,3.219,3.174,3.213,5291688,1697156888.0
2026-04-14,3.24,3.265,3.225,3.263,4642736,1504789075.0
2026-04-15,3.283,3.284,3.24,3.246,4874965,1588571620.0
2026-04-16,3.253,3.305,3.247,3.298,6375998,2093383461.0
2026-04-17,3.29,3.343,3.288,3.33,6384134,2115703225.0
2026-04-20,3.329,3.359,3.324,3.345,7715448,2580739023.0
2026-04-21,3.337,3.348,3.31,3.344,5984205,1994360867.0
2026-04-22,3.327,3.402,3.327,3.401,7269038,2455334014.0
2026-04-23,3.401,3.406,3.329,3.355,8972800,3010058947.0
2026-04-24,3.329,3.355,3.309,3.326,11291952,3759355932.0
2026-04-27,3.323,3.353,3.309,3.339,11843603,3953673572.0
2026-04-28,3.326,3.335,3.282,3.297,10473004,3460949756.0
2026-04-29,3.284,3.351,3.274,3.346,16925825,5637358802.0
2026-04-30,3.336,3.368,3.335,3.362,17847549,5976880487.0
2026-05-06,3.383,3.455,3.383,3.433,13643136,4683871959.0
2026-05-07,3.448,3.497,3.437,3.493,6443625,2235023697.0
2026-05-08,3.472,3.516,3.466,3.506,8588784,3003352745.0
2026-05-11,3.525,3.569,3.513,3.555,10080201,3574858602.0
2026-05-12,3.555,3.558,3.514,3.54,5263474,1861816115.0
2026-05-13,3.51,3.603,3.51,3.598,4866506,1735216481.0
2026-05-14,3.61,3.613,3.525,3.529,6280729,2238207387.0
2026-05-15,3.526,3.554,3.461,3.488,10989460,3851089697.0
2026-05-18,3.473,3.527,3.461,3.503,6770396,2369757998.0
2026-05-19,3.5,3.545,3.454,3.542,6463303,2262618059.0
2026-05-20,3.517,3.546,3.492,3.545,6676468,2346425503.0
2026-05-21,3.555,3.583,3.422,3.432,10142679,3543117593.0
2026-05-22,3.446,3.531,3.431,3.495,10245746,3561142225.0
2026-05-25,3.511,3.543,3.484,3.539,8761878,3082372006.0
2026-05-26,3.515,3.522,3.445,3.499,5126266,1784394000.0
2026-05-27,3.491,3.519,3.414,3.437,7122995,2468815425.0
2026-05-28,3.437,3.485,3.404,3.472,6958363,2394450663.0
2026-05-29,3.479,3.488,3.363,3.383,13518917,4591159130.0
2026-06-01,3.368,3.42,3.355,3.359,11707167,3957072408.0
2026-06-02,3.358,3.394,3.307,3.368,12491283,4187143941.0
2026-06-03,3.37,3.436,3.359,3.389,13132783,4469758898.0
2026-06-04,3.35,3.4,3.35,3.385,7576995,2563956253.0
2026-06-05,3.366,3.423,3.34,3.358,7480480,2524879105.0
2026-06-08,3.29,3.324,3.216,3.258,12993022,4255609800.0
2026-06-09,3.283,3.348,3.259,3.341,15298071,5043848542.0
2026-06-10,3.3,3.332,3.265,3.303,6314231,2083885472.0
2026-06-11,3.279,3.313,3.258,3.286,5232782,1715659503.0
2026-06-12,3.322,3.367,3.299,3.309,6537981,2177669039.0
2026-06-15,3.344,3.44,3.342,3.439,9110165,3096700796.0
2026-06-16,3.449,3.508,3.43,3.491,8231813,2852078190.0
2026-06-17,3.475,3.52,3.468,3.519,4059303,1419535675.0
2026-06-18,3.501,3.553,3.5,3.544,4106092,1451729505.0
2026-06-22,3.555,3.595,3.482,3.58,5802124,2045199985.0
2026-06-23,3.562,3.579,3.485,3.51,5804598,2050210533.0
2026-06-24,3.507,3.556,3.472,3.551,8828682,3109888511.0
2026-06-25,3.549,3.584,3.528,3.569,4177397,1486707305.0
2026-06-26,3.55,3.56,3.461,3.484,5405177,1892122016.0
2026-06-29,3.474,3.511,3.404,3.475,11048784,3813713695.0
2026-06-30,3.467,3.581,3.458,3.577,7436022,2618370336.0
2026-07-01,3.555,3.615,3.555,3.585,4472382,1606030673.0
2026-07-02,3.563,3.583,3.48,3.491,8668077,3054881403.0
2026-07-03,3.477,3.534,3.466,3.488,6574088,2301916878.0
2026-07-06,3.499,3.523,3.417,3.435,10980206,3785665420.0
2026-07-07,3.411,3.438,3.347,3.368,12000566,4053036441.0
2026-07-08,3.368,3.376,3.289,3.29,16378832,5428911563.0
2026-07-09,3.3,3.362,3.233,3.354,18112638,5975203735.0
2026-07-10,3.359,3.41,3.312,3.312,12201063,4127840183.0
2026-07-13,3.3,3.312,3.145,3.158,22877471,7324695009.0
2026-07-14,3.161,3.207,3.101,3.206,19902981,6282743521.0
2026-07-15,3.206,3.226,3.15,3.169,11506484,3669496340.0
2026-07-16,3.134,3.176,3.075,3.092,18094079,5645460842.0
2026-07-17,3.081,3.087,2.889,2.908,32776763,9752991503.0
2026-07-20,2.944,2.98,2.748,2.818,30663811,8737944400.0
2026-07-21,2.824,2.939,2.72,2.933,30658188,8763987973.0
2026-07-22,2.909,2.953,2.879,2.891,27984783,8180947603.0
2026-07-23,2.892,2.937,2.879,2.914,9407917,2738518123.0
2026-07-24,2.886,2.904,2.828,2.832,12512862,3575677638.0
2026-07-27,2.83,2.931,2.825,2.93,16877937,4883075466.0
2026-07-28,2.891,2.909,2.834,2.848,18456821,5302644950.0
2026-07-29,2.849,2.894,2.796,2.878,28349901,8083231833.0
2026-07-30,2.86,2.891,2.768,2.798,19512179,5508013987.0
2026-07-31,2.877,2.934,2.86,2.864,30520112,8843934744.0
2026-08-03,2.85,2.89,2.849,2.867,12090694,3472108739.0
2026-08-04,2.885,2.965,2.88,2.943,17442313,5108637266.0
2026-08-05,2.93,3.048,2.928,3.035,16549081,4994865861.0
2026-08-06,3.0,3.063,2.999,3.049,22972331,6983390547.0
2026-08-07,3.048,3.113,3.016,3.111,22052440,6785066048.0
2026-08-10,3.118,3.132,3.089,3.129,14818637,4612481051.0
2026-08-11,3.123,3.155,3.095,3.12,10772518,3367951533.0
2026-08-12,3.112,3.162,3.112,3.156,10263450,3229910337.0
2026-08-13,3.169,3.19,3.125,3.128,9293039,2942882056.0
2026-08-14,3.14,3.153,3.11,3.145,9223932,2893140700.0
